file,schema,window_start_utc,window_end_utc,content,steps,records,bytes,sha256
GLBX.MDP3-bbo-1s-8377386241a51651.dbn.zst,bbo-1s,2015-01-21T18:30:00Z,2015-01-21T21:00:00Z,"control afternoon, 1:30-4:00 p.m.",8,24929,492725,0032b857fa9a762893078be9b408170aa34a5cf322b109cb518427103e935214
GLBX.MDP3-bbo-1s-d6cf713bc258424a.dbn.zst,bbo-1s,2015-01-21T20:11:00Z,2015-01-21T20:57:00Z,control day for an unscheduled arrival,8,7519,147532,80f0d8785527172958fd84a2da6e9ce9f1d48468804cdd96b75f3ec2c5f024ba
GLBX.MDP3-bbo-1s-ef1f02dc7de179b3.dbn.zst,bbo-1s,2015-01-28T18:30:00Z,2015-01-28T21:00:00Z,"FOMC afternoon, 1:30-4:00 p.m.",8,26204,578799,05d2be88bb452923303b640477a92896ce873d5ba8c9ca192d47379bc279ea8d
GLBX.MDP3-bbo-1s-818eeffb86468b2b.dbn.zst,bbo-1s,2015-02-04T18:30:00Z,2015-02-04T21:00:00Z,"control afternoon, 1:30-4:00 p.m.",8,25447,520157,7aa7f9345404e2deaa09df8b2e66f45c7a6cc3c3fd537b6f4241fc8e3dc3c1cf
GLBX.MDP3-bbo-1s-3961f9cdb3570294.dbn.zst,bbo-1s,2015-02-04T20:11:00Z,2015-02-04T20:57:00Z,unscheduled arrival,8,7764,168331,94266dbe767802cd9b63f58701d2dc07518e3620880789563b99dd10618caba1
GLBX.MDP3-bbo-1s-9f544e4ab3bc92d6.dbn.zst,bbo-1s,2015-02-06T17:05:00Z,2015-02-06T17:51:00Z,control day for an unscheduled arrival,8,7814,153174,1bcc18cd51cc417b0c93e491a4d8451ab62e4994c7cd5954d40f5f09baf6950c
GLBX.MDP3-bbo-1s-7bac18e1067a744f.dbn.zst,bbo-1s,2015-02-11T20:11:00Z,2015-02-11T20:57:00Z,control day for an unscheduled arrival,8,7682,158762,38acca7789c451b7d91507679396f6811213be396fe6c7a0a22c1a2147582fba
GLBX.MDP3-bbo-1s-5373d441bd830592.dbn.zst,bbo-1s,2015-02-13T17:05:00Z,2015-02-13T17:51:00Z,control day for an unscheduled arrival,8,7188,130237,691997c1abb4ed5700fa874064b75e4a79f80cd863f28d6138571997a7525956
GLBX.MDP3-bbo-1s-12f7616cc91b6fa7.dbn.zst,bbo-1s,2015-02-18T20:11:00Z,2015-02-18T20:57:00Z,control day for an unscheduled arrival,8,7669,147438,40782d37cbcb97e8fe534881dc49fda050c8413cac1794315b9eff95efffb9fe
GLBX.MDP3-bbo-1s-da1414e42346d27f.dbn.zst,bbo-1s,2015-02-20T17:05:00Z,2015-02-20T17:51:00Z,unscheduled arrival,8,7759,156620,2165c559d2d580fcc0107bc4a17cd0ceea7158b4cd336b2457990964b0559383
GLBX.MDP3-bbo-1s-e7202e3610d3347e.dbn.zst,bbo-1s,2015-02-27T17:05:00Z,2015-02-27T17:51:00Z,control day for an unscheduled arrival,8,6258,109294,efa30f2f7036c9538d04fd46ce33f1a9eb554e53967bac6867ffa6c051b105bc
GLBX.MDP3-bbo-1s-7f13655c03ca2623.dbn.zst,bbo-1s,2015-03-06T17:05:00Z,2015-03-06T17:51:00Z,control day for an unscheduled arrival,8,7739,157191,2395218ce83008cb0ae2ba43e043554358ea932750d802d40c353a9fd4a52de3
GLBX.MDP3-bbo-1s-37799c27ac578a21.dbn.zst,bbo-1s,2015-03-18T17:30:00Z,2015-03-18T20:00:00Z,"FOMC afternoon, 1:30-4:00 p.m.",8,26407,585883,0f9d425e7078a3932239da19bb52cc7d6010e522cc0146a320cb5e4b9f98ab5a
GLBX.MDP3-bbo-1s-81d3644844611c5b.dbn.zst,bbo-1s,2015-03-25T17:30:00Z,2015-03-25T20:00:00Z,"control afternoon, 1:30-4:00 p.m.",8,24354,493150,ceb542cf863aa54f190485374b5492a315af3d834c6183cd45b473275322fa29
GLBX.MDP3-bbo-1s-dc480a43d97583b4.dbn.zst,bbo-1s,2015-03-30T18:21:00Z,2015-03-30T19:07:00Z,control day for an unscheduled arrival,8,7105,130264,1049edecc3e2cdc5d7b3a35fdc0a137fa6b9577d91bde2e331536c76c7ea27b8
GLBX.MDP3-bbo-1s-8d5a4c2f0029c576.dbn.zst,bbo-1s,2015-04-06T18:21:00Z,2015-04-06T19:07:00Z,control day for an unscheduled arrival,8,6378,109902,c13a46905017ad3bb41082efa5f37736c62c8ba20227fa1db231896cfa7ddaf7
GLBX.MDP3-bbo-1s-babc21c639109c69.dbn.zst,bbo-1s,2015-04-13T18:21:00Z,2015-04-13T19:07:00Z,unscheduled arrival,8,7317,140969,d84d039ab8d73f516d37cecf5faf19674d66b99fcc5048c43b0e2d9ce2edef4b
GLBX.MDP3-bbo-1s-efa92ba155f63314.dbn.zst,bbo-1s,2015-04-20T18:21:00Z,2015-04-20T19:07:00Z,control day for an unscheduled arrival,8,7056,127729,70f18e6c0e9d5566364eb819b252fb963468e0a49d50702097e5dfcdd02c7e29
GLBX.MDP3-bbo-1s-0a028818e716ab2e.dbn.zst,bbo-1s,2015-04-22T17:30:00Z,2015-04-22T20:00:00Z,"control afternoon, 1:30-4:00 p.m.",8,23088,428995,89ad83797dad88e1fd8d4c1855d863cdf8b6aeba6ef891e93a5b5af774c05141
GLBX.MDP3-bbo-1s-a2790e111c197541.dbn.zst,bbo-1s,2015-04-27T18:21:00Z,2015-04-27T19:07:00Z,control day for an unscheduled arrival,8,7623,147269,0acbaf08edefd999a5231a7dfd8f606649e743b525f4fdfd0d8288a51ff4cecd
GLBX.MDP3-bbo-1s-c6e237f11097905b.dbn.zst,bbo-1s,2015-04-29T17:30:00Z,2015-04-29T20:00:00Z,"FOMC afternoon, 1:30-4:00 p.m.",8,25350,527352,2db9095a4143a9704ab0d716045204ab5b47c4dff6e2f2b2dd8d5ce165e024e3
GLBX.MDP3-bbo-1s-9fb2eac6b4c62659.dbn.zst,bbo-1s,2015-05-06T17:30:00Z,2015-05-06T20:00:00Z,"control afternoon, 1:30-4:00 p.m.",8,25124,510864,f385197a72156a2064d6cdd5d0f237afa62aa1afa52232d03a2d4faea0d9ea66
GLBX.MDP3-bbo-1s-35760825187dfcc0.dbn.zst,bbo-1s,2015-06-01T17:21:00Z,2015-06-01T18:07:00Z,control day for an unscheduled arrival,8,7095,129147,80e7baaab52476d1d45b5626933fd03dd534b39bf7fd95dcb194f9f4659f39df
GLBX.MDP3-bbo-1s-200aaf45d874a12f.dbn.zst,bbo-1s,2015-06-08T17:21:00Z,2015-06-08T18:07:00Z,control day for an unscheduled arrival,8,7149,138636,0f5d3fd195ec32423399ac4bae513fd4ddf5cddfa85ea136f3ee4422b2afdb7a
GLBX.MDP3-bbo-1s-47b419b3e2d9a3fb.dbn.zst,bbo-1s,2015-06-15T17:21:00Z,2015-06-15T18:07:00Z,unscheduled arrival,8,7274,138560,52c7d7821f433a0154341e0a94ca0d93595190714711fe5cffc235347d626d7b
GLBX.MDP3-bbo-1s-24fd852438e3214e.dbn.zst,bbo-1s,2015-06-17T17:30:00Z,2015-06-17T20:00:00Z,"FOMC afternoon, 1:30-4:00 p.m.",8,25848,540482,c480c98b9dfefca1f62f6831227d33ee27a70d898354be11c8e29091e11858c3
GLBX.MDP3-bbo-1s-73e0429af8a71801.dbn.zst,bbo-1s,2015-06-22T17:21:00Z,2015-06-22T18:07:00Z,control day for an unscheduled arrival,8,7118,126761,509e8bc568688d78c772e592a751e2306b9175534f69fa387c38ef12d9cbbceb
GLBX.MDP3-bbo-1s-c56da11773f0f536.dbn.zst,bbo-1s,2015-06-24T17:30:00Z,2015-06-24T20:00:00Z,"control afternoon, 1:30-4:00 p.m.",8,24438,461320,fe589c7e668c46e85ed9db622e2be66a2fb839802252fcbeca9b7c2faaf278cc
GLBX.MDP3-bbo-1s-00c015ce1d92ae49.dbn.zst,bbo-1s,2015-06-29T17:21:00Z,2015-06-29T18:07:00Z,control day for an unscheduled arrival,8,7461,141043,710626af502b6d2250e0e8e58b887bfd5db62d39a4fdfa36c04c0e55b3906db2
GLBX.MDP3-bbo-1s-c6dc7d73846820b0.dbn.zst,bbo-1s,2015-07-22T17:30:00Z,2015-07-22T20:00:00Z,"control afternoon, 1:30-4:00 p.m.",8,23472,433332,40cf50bd57d83c97efdaac6cb43f98d674d64caff3d0eabf2b67f7a8b9408c8a
GLBX.MDP3-bbo-1s-65adb6be36e2d52e.dbn.zst,bbo-1s,2015-07-27T11:39:00Z,2015-07-27T12:25:00Z,control day for an unscheduled arrival,8,6399,111368,bb71331b139636150c54958a5fe24ccbceed1c191d00423c3fa896f6708a880a
GLBX.MDP3-bbo-1s-a0f8110f89781dc9.dbn.zst,bbo-1s,2015-07-29T17:30:00Z,2015-07-29T20:00:00Z,"FOMC afternoon, 1:30-4:00 p.m.",8,24904,500167,57d5d49f8eee03a801fcd7c99f969f184596f842a120c3bedc6ed78d81b55809
GLBX.MDP3-bbo-1s-3c951abba6197cd0.dbn.zst,bbo-1s,2015-08-03T11:39:00Z,2015-08-03T12:25:00Z,control day for an unscheduled arrival,8,5137,85600,80ac0410099b6dd36cccd1a97ae2b4fa033b8237223f36e37d30e6adc1731cc3
GLBX.MDP3-bbo-1s-96de82c7a3073cde.dbn.zst,bbo-1s,2015-08-05T17:30:00Z,2015-08-05T20:00:00Z,"control afternoon, 1:30-4:00 p.m.",8,23664,454258,1455a83abd5c8ddc43ebc9d34fca751643b85b316c721e0e84ab9677f84e844b
GLBX.MDP3-bbo-1s-b820b8e3b3b63694.dbn.zst,bbo-1s,2015-08-10T11:39:00Z,2015-08-10T12:25:00Z,unscheduled arrival,8,5585,97500,49fe567635979a8c6f2a4be36c66381f02649cc506b3224350912205ae1a4602
GLBX.MDP3-bbo-1s-3613472e6a91c722.dbn.zst,bbo-1s,2015-08-17T11:39:00Z,2015-08-17T12:25:00Z,control day for an unscheduled arrival,8,5350,90409,756021ebd7746ca3de7e10c1365741c24c6e3bd40cfbfe98de3298c252cab181
GLBX.MDP3-bbo-1s-22f5aba466cbc21d.dbn.zst,bbo-1s,2015-08-24T11:39:00Z,2015-08-24T12:25:00Z,control day for an unscheduled arrival,8,7669,161263,3e6162f2c09659dbdeb80c91eea172ef865a67f4c7064b69485f3de2d1dffcfc
GLBX.MDP3-bbo-1s-090ca5e3adaa3598.dbn.zst,bbo-1s,2015-09-10T17:30:00Z,2015-09-10T20:00:00Z,"control afternoon, 1:30-4:00 p.m.",8,24951,507861,39a17f9e6d682bebb4c8468aa2412e6a075bccdc6c1215cd27c9e2cb60f5e017
GLBX.MDP3-bbo-1s-e1b558fe658853d3.dbn.zst,bbo-1s,2015-09-17T17:30:00Z,2015-09-17T20:00:00Z,"FOMC afternoon, 1:30-4:00 p.m.",8,26599,612431,740e08cadd7c30d3b750d1f9db86f8eba24e2038b14596245127c48a19a5f35d
GLBX.MDP3-bbo-1s-46f570050ac4c07e.dbn.zst,bbo-1s,2015-09-24T17:30:00Z,2015-09-24T20:00:00Z,"control afternoon, 1:30-4:00 p.m.",8,25485,539941,fb708894dbb53f734d5525c320bc21a3192a68f62033d27459ee90c046f25927
GLBX.MDP3-bbo-1s-a719f3254868260b.dbn.zst,bbo-1s,2015-10-13T15:24:00Z,2015-10-13T16:10:00Z,control day for an unscheduled arrival,8,7636,148728,1865d3988ceeeb8ee0625f29943c1110bb3ef6e72daa8accf894a6a215a06660
GLBX.MDP3-bbo-1s-c91e9d7a4ec088e2.dbn.zst,bbo-1s,2015-10-20T15:24:00Z,2015-10-20T16:10:00Z,control day for an unscheduled arrival,8,7861,160792,c7391cd430be540b4e412e1eac069b25a9b224eae8fc1e085f761c9b0d45fc8b
GLBX.MDP3-bbo-1s-484e13f83ea5fcab.dbn.zst,bbo-1s,2015-10-21T17:30:00Z,2015-10-21T20:00:00Z,"control afternoon, 1:30-4:00 p.m.",8,24819,506385,1a04889bc50af5dfcca961cbe9f173d44eb3899dca0c30123b7fd52b946f612e
GLBX.MDP3-bbo-1s-c82c922bc9c327c5.dbn.zst,bbo-1s,2015-10-27T15:24:00Z,2015-10-27T16:10:00Z,unscheduled arrival,8,7963,161225,d5add7dcc0e6b9b095f512e220e9d520213ce07f078d4992bbe6d27e59fbcf46
GLBX.MDP3-bbo-1s-11f361eb3be1e779.dbn.zst,bbo-1s,2015-10-28T17:30:00Z,2015-10-28T20:00:00Z,"FOMC afternoon, 1:30-4:00 p.m.",8,26156,574368,0153ac08577e37153d3dc07cb51a72ced0196584264d43d5b4cd1213581925bc
GLBX.MDP3-bbo-1s-ee9281b580b2d747.dbn.zst,bbo-1s,2015-11-03T15:24:00Z,2015-11-03T16:10:00Z,control day for an unscheduled arrival,8,7932,160232,091b15bb52d76567b18ad25c514a36eedf7f66e23c237066a9e0994e4bf3aeec
GLBX.MDP3-bbo-1s-d0d866f980386b49.dbn.zst,bbo-1s,2015-11-04T18:30:00Z,2015-11-04T21:00:00Z,"control afternoon, 1:30-4:00 p.m.",8,24346,477649,85e37b325185563d16aa3af5b544e8d4abb9c1d2e47b3355cb6a8e512b4858e4
GLBX.MDP3-bbo-1s-3a63732c72039f03.dbn.zst,bbo-1s,2015-11-10T15:24:00Z,2015-11-10T16:10:00Z,control day for an unscheduled arrival,8,8014,165075,473437c74fc92520a75f20fc363e92953dee3a901a690cb7c42fc4f46f9768ca
GLBX.MDP3-bbo-1s-833596712a484f37.dbn.zst,bbo-1s,2015-12-09T18:30:00Z,2015-12-09T21:00:00Z,"control afternoon, 1:30-4:00 p.m.",8,25624,545994,798b8fadb56e7f09996e303158b949f2d7aa13e13cab4a0f0608b0671fa169be
GLBX.MDP3-bbo-1s-4063fd926040a06e.dbn.zst,bbo-1s,2015-12-16T18:30:00Z,2015-12-16T21:00:00Z,"FOMC afternoon, 1:30-4:00 p.m.",8,26072,577315,503dbd85f129c1e98fc26936a697bb6d7b6800650e7538f2fcc91e181d5f2a0d
GLBX.MDP3-bbo-1s-9e1576c7aa3dc671.dbn.zst,bbo-1s,2015-12-23T18:30:00Z,2015-12-23T21:00:00Z,"control afternoon, 1:30-4:00 p.m.",8,22452,429503,b5c2dc61e85b30190afc607a26ae485cc9ec292bd01126149703924e33f12ae8
GLBX.MDP3-bbo-1s-4e0d9ae953eb94e4.dbn.zst,bbo-1s,2016-01-20T18:30:00Z,2016-01-20T21:00:00Z,"control afternoon, 1:30-4:00 p.m.",8,26728,612049,0690815694c5bfb3d15124df0409f43ce5b0dd632147909cc0507748e5a5ab2d
GLBX.MDP3-bbo-1s-21a50df0723e370d.dbn.zst,bbo-1s,2016-01-27T18:30:00Z,2016-01-27T21:00:00Z,"FOMC afternoon, 1:30-4:00 p.m.",8,26309,582733,27c3e2140159d7062a10bd93acf3d3f0427a65bb6d553f154410d993a5cba935
GLBX.MDP3-bbo-1s-07562040641a225e.dbn.zst,bbo-1s,2016-01-28T19:08:00Z,2016-01-28T19:54:00Z,control day for an unscheduled arrival,8,8013,165952,767156e7de9eba848b6684612a35d5e5f5807ab5fdc983c8a36258536e840951
GLBX.MDP3-bbo-1s-ba91895c3dde245e.dbn.zst,bbo-1s,2016-02-03T18:30:00Z,2016-02-03T21:00:00Z,"control afternoon, 1:30-4:00 p.m.",8,26465,577297,8b78b707fe324afb9b32e7369bb870e18aa735e9f1424e0e1cdd290e53e28994
GLBX.MDP3-bbo-1s-4e59b1109b29c075.dbn.zst,bbo-1s,2016-02-04T19:08:00Z,2016-02-04T19:54:00Z,control day for an unscheduled arrival,8,8059,169261,490a3e883aa7826378e363806afb8168633d011e236088e610181f2a1c7b646e
GLBX.MDP3-bbo-1s-ce06992d1bf472d4.dbn.zst,bbo-1s,2016-02-11T19:08:00Z,2016-02-11T19:54:00Z,unscheduled arrival,8,8159,184026,7724602ee95d6b61fb2b6e7681e8efdf3f5bd32fb0dc2b2b4476e306f7e5922c
GLBX.MDP3-bbo-1s-097b793e225d0f63.dbn.zst,bbo-1s,2016-02-18T19:08:00Z,2016-02-18T19:54:00Z,control day for an unscheduled arrival,8,7797,155416,ec12ed0b2c89a63d88d5323af28f93dad27b06ceb36c58d8af7bae369f86ba1a
GLBX.MDP3-bbo-1s-4ff22c9d5922ee76.dbn.zst,bbo-1s,2016-02-25T19:08:00Z,2016-02-25T19:54:00Z,control day for an unscheduled arrival,8,7695,151336,edf10d760fc3272d47c608a9c11020fc33cb44de9dcc4f7b91da04f609d2a5a5
GLBX.MDP3-bbo-1s-00f4ab4cc4472394.dbn.zst,bbo-1s,2016-03-09T18:30:00Z,2016-03-09T21:00:00Z,"control afternoon, 1:30-4:00 p.m.",8,25321,489870,9f8fe255d906b0eb7c7471e9c25f80a9454b5ef0f1def4b477a1b5003ad8a7dd
GLBX.MDP3-bbo-1s-fd9c0c4f5dff6190.dbn.zst,bbo-1s,2016-03-15T15:50:00Z,2016-03-15T16:36:00Z,control day for an unscheduled arrival,8,7913,154271,8a61930569fb236a5cdb53cf52d38f3b293105832784a6c614bc1019dfc39d2c
GLBX.MDP3-bbo-1s-dcc90448fc1c2aa7.dbn.zst,bbo-1s,2016-03-16T17:30:00Z,2016-03-16T20:00:00Z,"FOMC afternoon, 1:30-4:00 p.m.",8,26369,572343,83fe5af9cff9a64d6b4409ebf1dbe2399fbafc528a4980fb9c11255a74ede356
GLBX.MDP3-bbo-1s-dfaf22bdd7869da2.dbn.zst,bbo-1s,2016-03-22T15:50:00Z,2016-03-22T16:36:00Z,control day for an unscheduled arrival,8,7650,149218,ff8fd5221a880b0605f41b40a1e2a90f91e293eb6b3a6fb1b16a7bd40fc728fd
GLBX.MDP3-bbo-1s-1955b0580873399a.dbn.zst,bbo-1s,2016-03-23T17:30:00Z,2016-03-23T20:00:00Z,"control afternoon, 1:30-4:00 p.m.",8,24703,484534,7681c1208d280a7281dfc9d4edd151fd0ca57537bf1c3ecd6e9b097d9c87bba5
GLBX.MDP3-bbo-1s-99e8da6cbf62f207.dbn.zst,bbo-1s,2016-03-29T15:50:00Z,2016-03-29T16:36:00Z,unscheduled arrival,8,7921,161809,d51165f6afaad07a62e3fddc1a62853cf6ba57ab64556d375965f1ca5111aa38
GLBX.MDP3-bbo-1s-10ac3cf552dc9a73.dbn.zst,bbo-1s,2016-04-05T15:50:00Z,2016-04-05T16:36:00Z,control day for an unscheduled arrival,8,7600,149591,d99f654b844ae4310dcecb44dca5e4a499f822628e3c847d829de5ae4728a9cf
GLBX.MDP3-bbo-1s-e07fe3411726ffbe.dbn.zst,bbo-1s,2016-04-12T15:50:00Z,2016-04-12T16:36:00Z,control day for an unscheduled arrival,8,7518,144426,fa84d322f3b9a3d83b4aed9ea5097d7ed481bf114e17fe814c6e60b7a813bff2
GLBX.MDP3-bbo-1s-48cf948b68821f01.dbn.zst,bbo-1s,2016-04-20T17:30:00Z,2016-04-20T20:00:00Z,"control afternoon, 1:30-4:00 p.m.",8,24892,482024,aef64364c85179beb38b02936f18ca003b4a9dfae7dd3adfcb9c6ad5851786a1
GLBX.MDP3-bbo-1s-ddca82fc04d47663.dbn.zst,bbo-1s,2016-04-27T17:30:00Z,2016-04-27T20:00:00Z,"FOMC afternoon, 1:30-4:00 p.m.",8,25451,537850,91d868abf4696d1959723dfd437735b0c427aacaffb9cb25939516b70247b5f1
GLBX.MDP3-bbo-1s-cb8866739f99951d.dbn.zst,bbo-1s,2016-05-04T17:30:00Z,2016-05-04T20:00:00Z,"control afternoon, 1:30-4:00 p.m.",8,23533,462573,ad4b4f7da584ab4935603453b1075e9437e8bad776f5afcd7c7a4311a7ac4c09
GLBX.MDP3-bbo-1s-f180a72477a24d2a.dbn.zst,bbo-1s,2016-06-08T17:30:00Z,2016-06-08T20:00:00Z,"control afternoon, 1:30-4:00 p.m.",8,22927,419083,c0a3d1c6fe683b361e80d9e68bbc05f0880eca0cefa75f825bee945e66621e77
GLBX.MDP3-bbo-1s-aa8543d62879ea5b.dbn.zst,bbo-1s,2016-06-15T17:30:00Z,2016-06-15T20:00:00Z,"FOMC afternoon, 1:30-4:00 p.m.",8,25203,519316,5788336e9ff4c8d3e6b99c0fc0df3603bbf6e6bf75445209e4e51019ea87f328
GLBX.MDP3-bbo-1s-31d93eac8a8a4b52.dbn.zst,bbo-1s,2016-06-22T17:30:00Z,2016-06-22T20:00:00Z,"control afternoon, 1:30-4:00 p.m.",8,23923,465058,26d325b64e735cc9b36d54a6b9ee5f4f0c41d4bb3605ebd393debf68823bb7ec
GLBX.MDP3-bbo-1s-6efbfc1db0faac66.dbn.zst,bbo-1s,2016-07-12T14:24:00Z,2016-07-12T15:10:00Z,control day for an unscheduled arrival,8,7980,165857,e86a7ac9ebea86334ceb40738a5ece117220d0791359f888f41a9f51ac06b419
GLBX.MDP3-bbo-1s-3debfc4563c097aa.dbn.zst,bbo-1s,2016-07-19T14:24:00Z,2016-07-19T15:10:00Z,control day for an unscheduled arrival,8,7814,151818,cf81b8338eff7f53b843bc5bc0a569e6cbc65f8d7cf6289b221bfc28564d618d
GLBX.MDP3-bbo-1s-844ec64ee8ff8abf.dbn.zst,bbo-1s,2016-07-20T17:30:00Z,2016-07-20T20:00:00Z,"control afternoon, 1:30-4:00 p.m.",8,23347,419518,e04d07b2412805f2b5475c76d1ae0c65076e2390a65c2dbcb582ac9b1ae4da4c
GLBX.MDP3-bbo-1s-f1ca50591b8cf211.dbn.zst,bbo-1s,2016-07-26T14:24:00Z,2016-07-26T15:10:00Z,unscheduled arrival,8,8010,168844,096e6407b05008c68907e23fa39ab3eb298c270c7f3f9e5f316c62d59703d0da
GLBX.MDP3-bbo-1s-a7df8176e0fbf276.dbn.zst,bbo-1s,2016-07-27T17:30:00Z,2016-07-27T20:00:00Z,"FOMC afternoon, 1:30-4:00 p.m.",8,25552,513741,dc23e9153fa42c2570ae5663a57eab563e7ec8b1f8ca8cd2a4ec6ff1860b9606
GLBX.MDP3-bbo-1s-ee64b17c2668edaf.dbn.zst,bbo-1s,2016-08-02T14:24:00Z,2016-08-02T15:10:00Z,control day for an unscheduled arrival,8,8175,180361,6a4bf5b5dfa80bb351eb2141d584ec08778416c9f7c6dbf8274764cd0b04b6bd
GLBX.MDP3-bbo-1s-fa11dbebbd82f4ac.dbn.zst,bbo-1s,2016-08-03T17:30:00Z,2016-08-03T20:00:00Z,"control afternoon, 1:30-4:00 p.m.",8,23637,427001,eed6b45d681b7b10af5496178516f667f8bc590c52cefa21d9b0be8195d1768f
GLBX.MDP3-bbo-1s-01f7a4ef931ce569.dbn.zst,bbo-1s,2016-08-09T14:24:00Z,2016-08-09T15:10:00Z,control day for an unscheduled arrival,8,7890,159567,8f6b28cde410d3f9a4633bd560c800820d3f1c8ac1ee73fc78910ed843536a73
GLBX.MDP3-bbo-1s-515a35189926a5a7.dbn.zst,bbo-1s,2016-09-14T17:30:00Z,2016-09-14T20:00:00Z,"control afternoon, 1:30-4:00 p.m.",8,24678,517031,882fccb4d897a9c14a5d5acba7027e1d3a92e99b5bd1ffc3be22ff81be2dea00
GLBX.MDP3-bbo-1s-46ab3bf71d0d2c3f.dbn.zst,bbo-1s,2016-09-20T15:09:00Z,2016-09-20T15:55:00Z,control day for an unscheduled arrival,8,7751,150532,1b4986d1683ef5b80d079857befaf7dec158e74a301cefd9ca669018a9d9122a
GLBX.MDP3-bbo-1s-f1cdb12d76c1d5d4.dbn.zst,bbo-1s,2016-09-21T17:30:00Z,2016-09-21T20:00:00Z,"FOMC afternoon, 1:30-4:00 p.m.",8,25857,558001,eeb2f52e79728a2bbf909b5e5bd9716505bb9b9a656154a94770541bc10b7af8
GLBX.MDP3-bbo-1s-c91319b79dd52e3e.dbn.zst,bbo-1s,2016-09-27T15:09:00Z,2016-09-27T15:55:00Z,control day for an unscheduled arrival,8,7825,156742,0aa5eda6f226bd809d93ec52cd782ffbcd99f71be2fae5f247becb817b7752a5
GLBX.MDP3-bbo-1s-f28d3d69ebeea528.dbn.zst,bbo-1s,2016-09-28T17:30:00Z,2016-09-28T20:00:00Z,"control afternoon, 1:30-4:00 p.m.",8,25186,506561,3c00b5147b6d9032f1e9ea61a40721aad8637eac34547b45e603aafb68c68fa2
GLBX.MDP3-bbo-1s-a5c54d0eb4624598.dbn.zst,bbo-1s,2016-10-04T15:09:00Z,2016-10-04T15:55:00Z,unscheduled arrival,8,8177,184792,4baafa61eaabf96788ac044f72f62d9a2ddcf4c267799feec41012428d3b6e92
GLBX.MDP3-bbo-1s-2d08086121bb5852.dbn.zst,bbo-1s,2016-10-11T15:09:00Z,2016-10-11T15:55:00Z,control day for an unscheduled arrival,8,8010,168753,b2252d8edc005e6ee45ef2b0f5fc03d7f066d346504f04bd492a7aa5ac4cb337
GLBX.MDP3-bbo-1s-e4c8eaef9fe3b6bc.dbn.zst,bbo-1s,2016-10-18T15:09:00Z,2016-10-18T15:55:00Z,control day for an unscheduled arrival,8,7900,154880,24336d952480112d5f79b813f7ecb9c35f17c2ff17b6d6aa26e06ab38ea3be33
GLBX.MDP3-bbo-1s-200ab0487cddd128.dbn.zst,bbo-1s,2016-10-18T17:54:00Z,2016-10-18T18:40:00Z,control day for an unscheduled arrival,8,6983,122698,e46896c4367d843889fa654752ad7a6f235a5e2bd14b42337979e7b3ef7ee236
GLBX.MDP3-bbo-1s-f2bb324fd217f5e7.dbn.zst,bbo-1s,2016-10-25T17:54:00Z,2016-10-25T18:40:00Z,control day for an unscheduled arrival,8,7112,127870,a357095a19d54f33c4a3859b38e81f095fdfd56650f9850739edcd1585c7036e
GLBX.MDP3-bbo-1s-668e366aaa7ccfbb.dbn.zst,bbo-1s,2016-10-26T17:30:00Z,2016-10-26T20:00:00Z,"control afternoon, 1:30-4:00 p.m.",8,23681,457848,a91b54dd28f92050045f0a68b855a95197e8811c4e43d229f06f936d9ad73007
GLBX.MDP3-bbo-1s-7887d279462a5534.dbn.zst,bbo-1s,2016-11-01T17:54:00Z,2016-11-01T18:40:00Z,unscheduled arrival,8,8038,179920,a6b3da572fc31002ab15e0e2514c0360d3bd06f82ca9f5119a1d716174a3896a
GLBX.MDP3-bbo-1s-e066341993cef0ec.dbn.zst,bbo-1s,2016-11-02T17:30:00Z,2016-11-02T20:00:00Z,"FOMC afternoon, 1:30-4:00 p.m.",8,25473,529771,d90637cb3c4c90770cc3fd1f2f08189b7a7741354ea0ed75d14352b76259d578
GLBX.MDP3-bbo-1s-d0d8ccf03a770764.dbn.zst,bbo-1s,2016-11-08T17:54:00Z,2016-11-08T18:40:00Z,control day for an unscheduled arrival,8,7816,160602,2c193c9e3e779d35c2a375c0aff4ed33c66518bcf9bdacc9c0ac2fd90acd7755
GLBX.MDP3-bbo-1s-47cdf3821b2b76b2.dbn.zst,bbo-1s,2016-11-09T18:30:00Z,2016-11-09T21:00:00Z,"control afternoon, 1:30-4:00 p.m.",8,25876,554388,0b4c460b753b5cafefe7bd8f480b4f114a9a7f0b8dd8ae1cec97b893c9fac055
GLBX.MDP3-bbo-1s-df4dd41219e23410.dbn.zst,bbo-1s,2016-11-15T17:54:00Z,2016-11-15T18:40:00Z,control day for an unscheduled arrival,8,7456,138079,c0f16e95acc79dbaef58e50e3fe1c7ea5f7753ec14dee386e121008d37601f82
GLBX.MDP3-bbo-1s-85fbfca4806c652a.dbn.zst,bbo-1s,2016-12-07T18:30:00Z,2016-12-07T21:00:00Z,"control afternoon, 1:30-4:00 p.m.",8,24350,501154,d284ea10719cde6c8566590fa1e1089a03ed18ca1183f99a0f4234245c432fdb
GLBX.MDP3-bbo-1s-5dedfd73cb3a3da2.dbn.zst,bbo-1s,2016-12-14T18:30:00Z,2016-12-14T21:00:00Z,"FOMC afternoon, 1:30-4:00 p.m.",8,26275,597899,dc673798964ec004e970c28eedad21bd2780738099073ee75c1bd89e95056177
GLBX.MDP3-bbo-1s-83c5162c42f97811.dbn.zst,bbo-1s,2016-12-21T18:30:00Z,2016-12-21T21:00:00Z,"control afternoon, 1:30-4:00 p.m.",8,21621,364216,47d753902a106f00bd0b8da10c40c4e72230bd5d567eaf036a8f8855d15774f5
GLBX.MDP3-bbo-1s-072c9ee6984b6ad2.dbn.zst,bbo-1s,2017-01-05T18:38:00Z,2017-01-05T19:24:00Z,control day for an unscheduled arrival,8,7270,129384,be782df09d061fe37c272bd765694c2fa0cd3b57a6720627f7a531c194c1cc74
GLBX.MDP3-bbo-1s-c89cf6ede67ae50b.dbn.zst,bbo-1s,2017-01-06T16:35:00Z,2017-01-06T17:21:00Z,control day for an unscheduled arrival,8,7697,151192,cef9f7d1b9b8dc8f0c2132502a0dfc13e77cb9b3bd11d47451488325ae06c2e1
GLBX.MDP3-bbo-1s-9d9f6602bc591ee3.dbn.zst,bbo-1s,2017-01-12T18:38:00Z,2017-01-12T19:24:00Z,control day for an unscheduled arrival,8,7588,142736,5e90743bf94506d18c27b4674e6e7c05d8f004bb1bb4488b8024c6002ad81c70
GLBX.MDP3-bbo-1s-5c80825af028f26b.dbn.zst,bbo-1s,2017-01-13T16:35:00Z,2017-01-13T17:21:00Z,control day for an unscheduled arrival,8,7606,143501,d06799dad7fceee633b259dd89c21a309cb47344ca3ffb260f94fd318f453546
GLBX.MDP3-bbo-1s-096b3bdc406ae61e.dbn.zst,bbo-1s,2017-01-19T18:38:00Z,2017-01-19T19:24:00Z,unscheduled arrival,8,7544,146683,0078b59a5cd1f0e944eea95300e80d73fab10243a33c62b6af53c7ce77017fd6
GLBX.MDP3-bbo-1s-2ede3d0b34cd4f22.dbn.zst,bbo-1s,2017-01-20T16:35:00Z,2017-01-20T17:21:00Z,unscheduled arrival,8,7867,161766,5dd5dc26df24b5ada1fa8347cf6d040ebc6ce8b99e9d8cbea587185d56f6eaf3
GLBX.MDP3-bbo-1s-ca845f5d2b694fb1.dbn.zst,bbo-1s,2017-01-25T18:30:00Z,2017-01-25T21:00:00Z,"control afternoon, 1:30-4:00 p.m.",8,24738,461469,fc36d01a55d5e1e34488900f7e63320add80c9cf0096e8d6252877856605cd8d
GLBX.MDP3-bbo-1s-2de5558e520875ce.dbn.zst,bbo-1s,2017-01-26T18:38:00Z,2017-01-26T19:24:00Z,control day for an unscheduled arrival,8,7515,134219,1fa5df2c17920f5c4cec11496e301fe507ecc196d38b110964dfb8614d0215dd
GLBX.MDP3-bbo-1s-b5ece7c32c8d3aa8.dbn.zst,bbo-1s,2017-01-27T16:35:00Z,2017-01-27T17:21:00Z,control day for an unscheduled arrival,8,7328,130607,3b5404c51839a765e2e4123243c4abca4c2312409b2a15c18326d0f0e972dbce
GLBX.MDP3-bbo-1s-6cbb1ff847d90ae6.dbn.zst,bbo-1s,2017-02-01T18:30:00Z,2017-02-01T21:00:00Z,"FOMC afternoon, 1:30-4:00 p.m.",8,25458,520777,68eab129a9021fc9615feb85b7151a3a4b5fbd6eb4a97b3fff99514776a1687f
GLBX.MDP3-bbo-1s-1f748595d679378d.dbn.zst,bbo-1s,2017-02-02T18:38:00Z,2017-02-02T19:24:00Z,control day for an unscheduled arrival,8,7408,140071,77eb89f8a0960896fdd66c4174d1982c4cd621b7d85a8927ce8a78a9c8764148
GLBX.MDP3-bbo-1s-7d6879a87fefc9a7.dbn.zst,bbo-1s,2017-02-03T16:35:00Z,2017-02-03T17:21:00Z,control day for an unscheduled arrival,8,7563,144328,65aac942c1d1a44ec582783654935d8fdf91491b17ab11037ee9975765d69441
GLBX.MDP3-bbo-1s-d9df9946ba084d74.dbn.zst,bbo-1s,2017-02-08T15:08:00Z,2017-02-08T15:54:00Z,control day for an unscheduled arrival,8,8128,173784,a9fc57ce8e948e281bdf60ac5e488769a7640da8d0f37fe525f2fb3e5c518e31
GLBX.MDP3-bbo-1s-832deb4f109d7e5f.dbn.zst,bbo-1s,2017-02-08T18:30:00Z,2017-02-08T21:00:00Z,"control afternoon, 1:30-4:00 p.m.",8,24059,432294,26c826341b767fd0764ff1029a11e90fdcf1313d61a9451c0e5a99078fb42312
GLBX.MDP3-bbo-1s-b938f21f207330e4.dbn.zst,bbo-1s,2017-02-15T15:08:00Z,2017-02-15T15:54:00Z,control day for an unscheduled arrival,8,8045,164749,ff8afbed8b1da0d8faa788085b7498f2c3cc420928b9a36279b5d2ab414068ad
GLBX.MDP3-bbo-1s-fb6b5395640f9d86.dbn.zst,bbo-1s,2017-02-22T15:08:00Z,2017-02-22T15:54:00Z,unscheduled arrival,8,8065,168361,b1ffa48aaae5ffe4f89d46c32c2e35d266a6853dd16f2e9951838e789515aa43
GLBX.MDP3-bbo-1s-eb6e934211dd5854.dbn.zst,bbo-1s,2017-03-01T15:08:00Z,2017-03-01T15:54:00Z,control day for an unscheduled arrival,8,7462,147086,baca2ca684635263bef13bdf0bce988bb3911f463cc528eb6e333d29aa6ac89c
GLBX.MDP3-bbo-1s-c334f24c00a183e2.dbn.zst,bbo-1s,2017-03-08T15:08:00Z,2017-03-08T15:54:00Z,control day for an unscheduled arrival,8,7991,162318,3812a688ed706f03c2733796fc5a207b30d4af3f415091f45b2bdada46719994
GLBX.MDP3-bbo-1s-6c626a25f155a241.dbn.zst,bbo-1s,2017-03-08T18:30:00Z,2017-03-08T21:00:00Z,"control afternoon, 1:30-4:00 p.m.",8,24723,473393,e5be6adc233df88571342254b326b98cc0c3d640d59a36d3771b004532097c25
GLBX.MDP3-bbo-1s-f6618ef0b8c3e3ba.dbn.zst,bbo-1s,2017-03-15T17:30:00Z,2017-03-15T20:00:00Z,"FOMC afternoon, 1:30-4:00 p.m.",8,26241,553595,5df708f5918f1ae784d89f30dcdf8c12ab24e9f1b79be3c436a45f1b5ca173d1
GLBX.MDP3-bbo-1s-5e2ec13d17ca8af4.dbn.zst,bbo-1s,2017-03-17T15:41:00Z,2017-03-17T16:27:00Z,control day for an unscheduled arrival,8,7614,142146,479849f643099a6ed06da5995e84b8261bd6e370fc62d1ce82107989a62671c3
GLBX.MDP3-bbo-1s-3fbcfa1e798801a9.dbn.zst,bbo-1s,2017-03-22T17:30:00Z,2017-03-22T20:00:00Z,"control afternoon, 1:30-4:00 p.m.",8,24893,490219,ae9ad94f7e7107a41dd258c3fea1f76bfc591bf4a59749e9c17f63be1cb9fdc7
GLBX.MDP3-bbo-1s-f4f8dca935461e81.dbn.zst,bbo-1s,2017-03-24T15:41:00Z,2017-03-24T16:27:00Z,unscheduled arrival,8,7759,150065,5874ff85b3b55c20201e279f292c2d693bd459bb1f6e10230e99a6b79675c6d7
GLBX.MDP3-bbo-1s-1e487cc5fb87235d.dbn.zst,bbo-1s,2017-03-31T15:41:00Z,2017-03-31T16:27:00Z,control day for an unscheduled arrival,8,7652,138299,f877ce25bd4a7aa61fc4f3a9126def078b7aceb8db250ce28b8d49474f6c0367
GLBX.MDP3-bbo-1s-dc51170de7264598.dbn.zst,bbo-1s,2017-04-07T15:41:00Z,2017-04-07T16:27:00Z,control day for an unscheduled arrival,8,7698,144805,c889ecc4532089394a5ef63a14369564e46d2cb0ebfe507e3b2422df4e6e81d1
GLBX.MDP3-bbo-1s-5476d07cb8824fab.dbn.zst,bbo-1s,2017-04-17T16:21:00Z,2017-04-17T17:07:00Z,control day for an unscheduled arrival,8,6809,116097,dd9ddef3a21ca36dfbd772ef784a6e5c3513d90240fceef3b0d1a7ec427d1af4
GLBX.MDP3-bbo-1s-acc1262c1428c7f3.dbn.zst,bbo-1s,2017-04-24T16:21:00Z,2017-04-24T17:07:00Z,control day for an unscheduled arrival,8,7156,125692,788d98680cf8e91d32cf5bcdfc0e8d5ebb941c8f4402905385db707c9bf3ffc1
GLBX.MDP3-bbo-1s-2f1e45f3c8f3eab6.dbn.zst,bbo-1s,2017-04-26T17:30:00Z,2017-04-26T20:00:00Z,"control afternoon, 1:30-4:00 p.m.",8,25399,508757,f84931ec2ebed3a821ba8ed6d18b51919bb93a68cb03f28191e83c77cd84121f
GLBX.MDP3-bbo-1s-38b6589551efdbf6.dbn.zst,bbo-1s,2017-05-01T16:21:00Z,2017-05-01T17:07:00Z,unscheduled arrival,8,7542,139743,afa34ce1f57b396100016784df9dcbf329493bdcccf9d85d46723f3f4b7d7ddc
GLBX.MDP3-bbo-1s-797668e92261d8e5.dbn.zst,bbo-1s,2017-05-03T17:30:00Z,2017-05-03T20:00:00Z,"FOMC afternoon, 1:30-4:00 p.m.",8,25057,480401,13a46ac24ada6a28aa2ce5d1a771e1aa2ba21c3572fe42d6e6befa0c85492154
GLBX.MDP3-bbo-1s-9c941dbdeebedacc.dbn.zst,bbo-1s,2017-05-08T16:21:00Z,2017-05-08T17:07:00Z,control day for an unscheduled arrival,8,7488,133992,b496b37a3c0979c6738deab50b289835dad2d173aa76cb769ca29368c874cc27
GLBX.MDP3-bbo-1s-7c78cb3de500dac1.dbn.zst,bbo-1s,2017-05-15T16:21:00Z,2017-05-15T17:07:00Z,control day for an unscheduled arrival,8,6877,118603,48acf05872d798b6511d41ffef6a33910b61bcb52648bec41d8b3afc60709a32
GLBX.MDP3-bbo-1s-440cc116b93d436c.dbn.zst,bbo-1s,2017-05-17T17:30:00Z,2017-05-17T20:00:00Z,"control afternoon, 1:30-4:00 p.m.",8,26025,564826,753db29abf085cadab874e1abc1470fcffb0cf6b3ae70832bc947272292fddf8
GLBX.MDP3-bbo-1s-36c2caf1a43496e1.dbn.zst,bbo-1s,2017-06-07T17:30:00Z,2017-06-07T20:00:00Z,"control afternoon, 1:30-4:00 p.m.",8,23774,599598,1560623f4c3890058842a1a3c648e310e2f937fea585e510672afdd3a68f1116
GLBX.MDP3-bbo-1s-bc02c40c49bff799.dbn.zst,bbo-1s,2017-06-14T17:30:00Z,2017-06-14T20:00:00Z,"FOMC afternoon, 1:30-4:00 p.m.",8,26255,720851,1f2ad28b37771f860e7c4a3f2f9f63edd9ce5549c154a85b6dac5d2a96cef2a1
GLBX.MDP3-bbo-1s-ad2fceff4a525a48.dbn.zst,bbo-1s,2017-06-21T17:30:00Z,2017-06-21T20:00:00Z,"control afternoon, 1:30-4:00 p.m.",8,23935,615367,4ec5489d9c666e81042ba79ee4ba918693ac2e4071b933570f10e10cbd68817c
GLBX.MDP3-bbo-1s-f78903c1161adb2c.dbn.zst,bbo-1s,2017-07-19T17:30:00Z,2017-07-19T20:00:00Z,"control afternoon, 1:30-4:00 p.m.",8,22601,555785,a0c0b9aeb6c5f7df8c05b6bdd71e83af110143cf4f6ebd6034f5693bd81ab66a
GLBX.MDP3-bbo-1s-6635106a327f774a.dbn.zst,bbo-1s,2017-07-26T17:30:00Z,2017-07-26T20:00:00Z,"FOMC afternoon, 1:30-4:00 p.m.",8,25525,655096,08347b1885467e88d8697afad2ccd5abaccdeb3e6a0a14d8798191a9c2b938b2
GLBX.MDP3-bbo-1s-b2599a37114f9763.dbn.zst,bbo-1s,2017-08-02T17:30:00Z,2017-08-02T20:00:00Z,"control afternoon, 1:30-4:00 p.m.",8,23844,609918,d01468c28a183f6853797d7b87e2aca3aa5c7e3a6cc6880deb47d6f1e33023ba
GLBX.MDP3-bbo-1s-164e02ce9230ec15.dbn.zst,bbo-1s,2017-09-15T14:06:00Z,2017-09-15T14:52:00Z,control day for an unscheduled arrival,8,7955,213015,6b5f3364963fa71c4783fe83d4f7bbb1f57d845b46a7cfc635cc15f11d2c3f89
GLBX.MDP3-bbo-1s-28c5457dc283232a.dbn.zst,bbo-1s,2017-09-20T17:30:00Z,2017-09-20T20:00:00Z,"FOMC afternoon, 1:30-4:00 p.m.",8,25857,705109,e37e17cb2edc4dedb50909ad206a1792269ca08cdb079fcb9a2d41de425a2732
GLBX.MDP3-bbo-1s-5888ba0127f45c3e.dbn.zst,bbo-1s,2017-09-22T14:06:00Z,2017-09-22T14:52:00Z,control day for an unscheduled arrival,8,7701,200321,bf6a7631eb98a511bad4783fa1d3664cef98fc24315aee37a92ae84c1be9f3df
GLBX.MDP3-bbo-1s-5aec401580b7a967.dbn.zst,bbo-1s,2017-09-27T17:30:00Z,2017-09-27T20:00:00Z,"control afternoon, 1:30-4:00 p.m.",8,25595,663461,251695fdb7d1c5affee54fb07b29bf44cdd5afe976ecd578325f5c93ea81a0e5
GLBX.MDP3-bbo-1s-e76e87807fc6916a.dbn.zst,bbo-1s,2017-09-29T14:06:00Z,2017-09-29T14:52:00Z,unscheduled arrival,8,8079,217630,4efed8fd4782d61b40a3b6a428121d37051ffe20c6d6bd36e7859e68e357356d
GLBX.MDP3-bbo-1s-ed9346de922c95b3.dbn.zst,bbo-1s,2017-10-06T14:06:00Z,2017-10-06T14:52:00Z,control day for an unscheduled arrival,8,8106,217469,6796160eafa563d3235da2b694c93dd0c710e609ef838b9faa995e2a1d1d1e53
GLBX.MDP3-bbo-1s-08d214a3ff018d3e.dbn.zst,bbo-1s,2017-10-13T14:06:00Z,2017-10-13T14:52:00Z,control day for an unscheduled arrival,8,8031,209772,f2d310adc01a4905dcd6847632bbc296f30239db0e105a700475c3d4553ba634
GLBX.MDP3-bbo-1s-61df8e6030427848.dbn.zst,bbo-1s,2017-10-25T17:30:00Z,2017-10-25T20:00:00Z,"control afternoon, 1:30-4:00 p.m.",8,24321,637754,a8970c8122296a3d34830c5816e3e28a256dc9cb7d3a89273b0bf95253a2c52d
GLBX.MDP3-bbo-1s-a1583628ffd3a3d5.dbn.zst,bbo-1s,2017-11-01T17:30:00Z,2017-11-01T20:00:00Z,"FOMC afternoon, 1:30-4:00 p.m.",8,24766,635627,741c07ce99a59fbce56e6fb06b684f407a3387b4ca2b1c4d826916058df80aa4
GLBX.MDP3-bbo-1s-af5e04c20f519731.dbn.zst,bbo-1s,2017-11-08T18:30:00Z,2017-11-08T21:00:00Z,"control afternoon, 1:30-4:00 p.m.",8,23497,569953,c55ecfe77fe0df199e7e1f63a835a7bc09bc3281d269d009104086c20447097d
GLBX.MDP3-bbo-1s-240d8c6621d9dad5.dbn.zst,bbo-1s,2017-11-17T15:38:00Z,2017-11-17T16:24:00Z,control day for an unscheduled arrival,8,7975,205894,b5c4ef9a7414063814b532deb89c241497d536b681de9d868e746c8f55d15dd8
GLBX.MDP3-bbo-1s-9e0d27cbbc7111e6.dbn.zst,bbo-1s,2017-12-01T15:38:00Z,2017-12-01T16:24:00Z,unscheduled arrival,8,7810,219806,86037c510d599653317437a1f5d18e944c7c26ef6e6ba5f286c70b50dd4aff59
GLBX.MDP3-bbo-1s-62cc04fe0049f5cc.dbn.zst,bbo-1s,2017-12-06T18:30:00Z,2017-12-06T21:00:00Z,"control afternoon, 1:30-4:00 p.m.",8,24314,618384,44a1fd25aebc59e6769a1b19aeb617d485f90260f13304fbfc9ab8b0cbdd3b37
GLBX.MDP3-bbo-1s-9bf8f43d3de74709.dbn.zst,bbo-1s,2017-12-13T18:30:00Z,2017-12-13T21:00:00Z,"FOMC afternoon, 1:30-4:00 p.m.",8,25374,658062,980ba984ea98c8b0ddaa1234b2b5a9fac0a9530ec25a51d3a8cb37c023150481
GLBX.MDP3-bbo-1s-b019b30ee3ccb811.dbn.zst,bbo-1s,2017-12-15T15:38:00Z,2017-12-15T16:24:00Z,control day for an unscheduled arrival,8,7858,203465,50a8689d7255f4f26460105665c29977697c44553ff473fd5df7108b78cb41d9
GLBX.MDP3-bbo-1s-745e1890fd05c89c.dbn.zst,bbo-1s,2017-12-20T18:30:00Z,2017-12-20T21:00:00Z,"control afternoon, 1:30-4:00 p.m.",8,23149,566545,f60c4dd40d14efac9b987e72df41d2712f7f25e1cce08e8c6dcea92022b03a6c
GLBX.MDP3-bbo-1s-0adb692d99cc128a.dbn.zst,bbo-1s,2018-01-24T18:30:00Z,2018-01-24T21:00:00Z,"control afternoon, 1:30-4:00 p.m.",8,24587,649267,a41732b216903b8787162749deb00b3c03d0e2053b1775dd78628ae53566bce2
GLBX.MDP3-bbo-1s-6fc57b87b39b0d2d.dbn.zst,bbo-1s,2018-01-31T18:30:00Z,2018-01-31T21:00:00Z,"FOMC afternoon, 1:30-4:00 p.m.",8,26091,716170,9b8c9cfd3953a5b45f2c1a4e3e25646175e54cdb05c7e35fa922e1884430d3e4
GLBX.MDP3-bbo-1s-a14df467f9587013.dbn.zst,bbo-1s,2018-02-02T17:22:00Z,2018-02-02T18:08:00Z,control day for an unscheduled arrival,8,7916,208887,bc5dca5d554d87d35e63d103dc5f1a8f2c371c79208be1333fea09fc1ad1bc49
GLBX.MDP3-bbo-1s-55e36c61d7616675.dbn.zst,bbo-1s,2018-02-07T18:30:00Z,2018-02-07T21:00:00Z,"control afternoon, 1:30-4:00 p.m.",8,25980,717952,76bb23861c5ded2def028ee9c54880fd81f3b6a5a09158713abc43682409d9a6
GLBX.MDP3-bbo-1s-af2049622cffd5c5.dbn.zst,bbo-1s,2018-02-09T17:22:00Z,2018-02-09T18:08:00Z,control day for an unscheduled arrival,8,8264,248582,9c95f9c4ea8a07a573552abefab12591c911accc84cb1dde9fc67115cf250627
GLBX.MDP3-bbo-1s-906dbf054104edb3.dbn.zst,bbo-1s,2018-02-16T17:22:00Z,2018-02-16T18:08:00Z,unscheduled arrival,8,7773,210502,598d69c00ebbd79d3e3d73553de0173f1b60a4ec2e251af7640ca4421db4220f
GLBX.MDP3-bbo-1s-94c681f79b54ad54.dbn.zst,bbo-1s,2018-02-23T17:22:00Z,2018-02-23T18:08:00Z,control day for an unscheduled arrival,8,7870,205559,c5f08de2909a938de97c15e4f1d35f23c7dc9743a22f91a9fd1ce29fe7106a1f
GLBX.MDP3-bbo-1s-44f8c5715075ff4b.dbn.zst,bbo-1s,2018-03-02T17:22:00Z,2018-03-02T18:08:00Z,control day for an unscheduled arrival,8,7969,217580,6ae7da811b22896c31777b5d19979dadf8dfae8bc0da845ac957940f3695692d
GLBX.MDP3-bbo-1s-03ef70edfaa32f8d.dbn.zst,bbo-1s,2018-03-14T17:30:00Z,2018-03-14T20:00:00Z,"control afternoon, 1:30-4:00 p.m.",8,25196,679981,3d4eeb1af592ed126e9cbbbc88ba981ff6fb842693ef19fb16cad7f9a64d321d
GLBX.MDP3-bbo-1s-a984357d6ba2043f.dbn.zst,bbo-1s,2018-03-21T17:30:00Z,2018-03-21T20:00:00Z,"FOMC afternoon, 1:30-4:00 p.m.",8,26358,742155,431332b2e52ff462aa66d9de9b2250ef6c05e42c14b155c78fb04e7bfb22fa5b
GLBX.MDP3-bbo-1s-00e5af4943439c4b.dbn.zst,bbo-1s,2018-03-28T17:30:00Z,2018-03-28T20:00:00Z,"control afternoon, 1:30-4:00 p.m.",8,26509,748161,fa9e3a0de8ca45eb617029610a15aeaa686c0cd425a032426294faa29425f824
GLBX.MDP3-bbo-1s-0a1764efcef0c8e0.dbn.zst,bbo-1s,2018-04-25T17:30:00Z,2018-04-25T20:00:00Z,"control afternoon, 1:30-4:00 p.m.",8,24979,666745,6ada12484b0997dc8902b15203e66a17893041fe45c0d27b48534b2aa81f9634
GLBX.MDP3-bbo-1s-c39d02a7087e39f1.dbn.zst,bbo-1s,2018-05-02T17:30:00Z,2018-05-02T20:00:00Z,"FOMC afternoon, 1:30-4:00 p.m.",8,25127,672068,610887f8ccb23bb39248baf35b50263893ff3dfd73a422ba5c2715f79bbeac63
GLBX.MDP3-bbo-1s-599e066ca1810850.dbn.zst,bbo-1s,2018-05-09T17:30:00Z,2018-05-09T20:00:00Z,"control afternoon, 1:30-4:00 p.m.",8,23885,615296,d5289a8da73e7dade936c1d6f48c85987a2eff94ccdfc2c55619b1dcc460e47b
GLBX.MDP3-bbo-1s-5969bc0590933102.dbn.zst,bbo-1s,2018-06-06T17:30:00Z,2018-06-06T20:00:00Z,"control afternoon, 1:30-4:00 p.m.",8,23848,594599,379f14c4f478c1c8705c455a34e61b918dd094d1f862516fc94d17e91048937f
GLBX.MDP3-bbo-1s-5e1df07e99dd636e.dbn.zst,bbo-1s,2018-06-13T17:30:00Z,2018-06-13T20:00:00Z,"FOMC afternoon, 1:30-4:00 p.m.",8,25705,685768,8f4881c54035e5fd3d01d8192d6a575e43a453d4cb16e12509a9f4bcccf485f3
GLBX.MDP3-bbo-1s-e26588334baa5ac9.dbn.zst,bbo-1s,2018-06-20T17:30:00Z,2018-06-20T20:00:00Z,"control afternoon, 1:30-4:00 p.m.",8,24330,605737,6db559862228caf0368f98376b41f1372101c2588d125194c343da1d68eb2006
GLBX.MDP3-bbo-1s-db874632f2d71991.dbn.zst,bbo-1s,2018-07-11T19:06:00Z,2018-07-11T19:52:00Z,control day for an unscheduled arrival,8,7279,183278,78b1f5fddb789db1af263f3061aef9ddf2e686520b6a89d70177d09777444ba9
GLBX.MDP3-bbo-1s-7df14a6800f4f793.dbn.zst,bbo-1s,2018-07-17T12:54:00Z,2018-07-17T13:40:00Z,control day for an unscheduled arrival,8,7443,184515,eaf3295c2ae8479e10bf11361adca50b6b28468928e974ce547154b2b2e16843
GLBX.MDP3-bbo-1s-2002475572b5dfa3.dbn.zst,bbo-1s,2018-07-18T19:06:00Z,2018-07-18T19:52:00Z,control day for an unscheduled arrival,8,7326,175324,b517ceb6c98ad030d88735722571b8d4428464d39a9f7b389070c67e098bbec7
GLBX.MDP3-bbo-1s-361783bad4cc30fe.dbn.zst,bbo-1s,2018-07-24T12:54:00Z,2018-07-24T13:40:00Z,control day for an unscheduled arrival,8,7490,185411,458a71d554d68115b0d80ddfacf62b1acc58fb90ae47ed06ba08c57f9d464b91
GLBX.MDP3-bbo-1s-479d69ce8519eff5.dbn.zst,bbo-1s,2018-07-25T17:30:00Z,2018-07-25T20:00:00Z,"control afternoon, 1:30-4:00 p.m.",8,24782,635881,0cfb4760c3fbf7a79caeaa8a5c663d7caa7e2751df92b458a02ec9bbff13de0c
GLBX.MDP3-bbo-1s-007faaeda1a0d1b5.dbn.zst,bbo-1s,2018-07-25T19:06:00Z,2018-07-25T19:52:00Z,unscheduled arrival,8,7607,202220,064a222e9e306940850a9444580d2da72acad7f836c631a2bc9d3ad88ccfb003
GLBX.MDP3-bbo-1s-2b71241489c16843.dbn.zst,bbo-1s,2018-07-31T12:54:00Z,2018-07-31T13:40:00Z,unscheduled arrival,8,7575,194244,07fc3f9c4ff5951780bde229219d9fcc65ccfded2fff3e11254b64d56591ee01
GLBX.MDP3-bbo-1s-043be31d2079deca.dbn.zst,bbo-1s,2018-08-01T17:30:00Z,2018-08-01T20:00:00Z,"FOMC afternoon, 1:30-4:00 p.m.",8,24465,618682,17d8b4b9db8ce53a7eda9d7c405740dfd74925ec9df8ab391a1755d2282db512
GLBX.MDP3-bbo-1s-d768e4ddae6bb1d2.dbn.zst,bbo-1s,2018-08-03T11:37:00Z,2018-08-03T12:23:00Z,control day for an unscheduled arrival,8,7198,171608,67aba3cf473d902ee424b895b14690fb461da3be59aee8e12c372a7ce474394c
GLBX.MDP3-bbo-1s-28da61545c45b21c.dbn.zst,bbo-1s,2018-08-07T12:54:00Z,2018-08-07T13:40:00Z,control day for an unscheduled arrival,8,6846,161395,52fc08d2439d5e366595a08dc1fffd971d5c102f214df0eef742624207f9a744
GLBX.MDP3-bbo-1s-0493947c02762f75.dbn.zst,bbo-1s,2018-08-08T17:30:00Z,2018-08-08T20:00:00Z,"control afternoon, 1:30-4:00 p.m.",8,23120,553540,6eb57f665260c82277cfd7018460d7042a3b188f915e1f96a399a49fc62ed86b
GLBX.MDP3-bbo-1s-24ffe0178cce95c8.dbn.zst,bbo-1s,2018-08-08T19:06:00Z,2018-08-08T19:52:00Z,control day for an unscheduled arrival,8,7127,173052,c1a992bebf47235db049bcc9112db96515f78b00e1f5d2335a8c7bab3f6ef199
GLBX.MDP3-bbo-1s-9958faf1d7f95644.dbn.zst,bbo-1s,2018-08-10T11:37:00Z,2018-08-10T12:23:00Z,control day for an unscheduled arrival,8,6758,159179,37656b6a73e3f5ba78322e66ec4e83e525a9e5ddccc574a1f6724340451be17d
GLBX.MDP3-bbo-1s-c0e4f6f1b36f9bc4.dbn.zst,bbo-1s,2018-08-14T12:54:00Z,2018-08-14T13:40:00Z,control day for an unscheduled arrival,8,7317,180057,0d97fe914c5dfd9f611b75a5e148df27f1c376e866067cdb4678a6570e4be211
GLBX.MDP3-bbo-1s-959ea64be67503c6.dbn.zst,bbo-1s,2018-08-17T11:37:00Z,2018-08-17T12:23:00Z,unscheduled arrival,8,6426,151632,4942649789006389e14d368327a213fab04313e78cfe55837456a94b86fa127c
GLBX.MDP3-bbo-1s-b3fb8afc8b0ed08a.dbn.zst,bbo-1s,2018-08-24T11:37:00Z,2018-08-24T12:23:00Z,control day for an unscheduled arrival,8,5266,117460,8cbeff7c39381d882228e8f2f0ad8d44e4d876065dc59663894e90418624ed83
GLBX.MDP3-bbo-1s-7d7b744e8200c395.dbn.zst,bbo-1s,2018-08-24T15:38:00Z,2018-08-24T16:24:00Z,control day for an unscheduled arrival,8,7230,183769,69a370cccadee5a9abd527c3df40942faa8474a546f8ca2563437bf75820edea
GLBX.MDP3-bbo-1s-692aa1171079f36b.dbn.zst,bbo-1s,2018-08-31T11:37:00Z,2018-08-31T12:23:00Z,control day for an unscheduled arrival,8,5299,119269,80506e9992d83fb27c90e365c06c64823ef0677edfc10d99652b74c26f1bf8bc
GLBX.MDP3-bbo-1s-40b00ec7825515c1.dbn.zst,bbo-1s,2018-08-31T15:38:00Z,2018-08-31T16:24:00Z,control day for an unscheduled arrival,8,6892,179310,62eafab5299b5d7b5ec21ab4a5dc6cfb130515b5e1aacad887d2786758bf9b52
GLBX.MDP3-bbo-1s-9711fa25c9940a21.dbn.zst,bbo-1s,2018-09-07T15:38:00Z,2018-09-07T16:24:00Z,unscheduled arrival,8,7848,212660,03627a31a39a8ee53a3fd2e21b76934d6146af485764794bd564dc5e71d46597
GLBX.MDP3-bbo-1s-047d2b19b8be580f.dbn.zst,bbo-1s,2018-09-19T17:30:00Z,2018-09-19T20:00:00Z,"control afternoon, 1:30-4:00 p.m.",8,23043,567442,6d5bbd9832f27febf6a527b0db7d154d525d2af401aada8627aa76109bc14190
GLBX.MDP3-bbo-1s-d7961625a943f3e8.dbn.zst,bbo-1s,2018-09-21T15:38:00Z,2018-09-21T16:24:00Z,control day for an unscheduled arrival,8,7416,187374,f8f2bf76e3c3d97121f7dae7c27abd7de23afcbb93dd1183dec74c80be4421f8
GLBX.MDP3-bbo-1s-dbbea48b662f0e9e.dbn.zst,bbo-1s,2018-09-26T17:30:00Z,2018-09-26T20:00:00Z,"FOMC afternoon, 1:30-4:00 p.m.",8,25798,699496,402d4abbe7587734f55ade1c3281aa1f766692033169eee0d3f8ead4454c1c4a
GLBX.MDP3-bbo-1s-073b0612cfe925f6.dbn.zst,bbo-1s,2018-10-03T17:30:00Z,2018-10-03T20:00:00Z,"control afternoon, 1:30-4:00 p.m.",8,25634,678101,b3d6904f73a62189ddec448ee635b2b8b8e07ccdc5a949c835b02e869613bb25
GLBX.MDP3-bbo-1s-780c7c7aca64fa8e.dbn.zst,bbo-1s,2018-11-01T17:30:00Z,2018-11-01T20:00:00Z,"control afternoon, 1:30-4:00 p.m.",8,24973,654912,1e86edcf61737fa96838dae9e62df52b2c6a20674875f33052d68411b2ba1bd1
GLBX.MDP3-bbo-1s-7c5059fcc366a46b.dbn.zst,bbo-1s,2018-11-08T18:30:00Z,2018-11-08T21:00:00Z,"FOMC afternoon, 1:30-4:00 p.m.",8,25695,693373,9d5dfe31b7fe858978c88869df88a182c795a3fdd0db174e3de71238bde0df29
GLBX.MDP3-bbo-1s-b3eb59ab478255b5.dbn.zst,bbo-1s,2018-11-15T18:30:00Z,2018-11-15T21:00:00Z,"control afternoon, 1:30-4:00 p.m.",8,26395,729368,312cfe2808134e72c300f90e900f42886565b5fde1801650f9150985c148bea6
GLBX.MDP3-bbo-1s-e5816ce381c3a3e5.dbn.zst,bbo-1s,2018-11-16T12:51:00Z,2018-11-16T13:37:00Z,control day for an unscheduled arrival,8,7486,189000,28170a1ad24315943de487f1a48f9ded5768411f094c8c5e4fa1f5503fdbb202
GLBX.MDP3-bbo-1s-7770f1744577ae42.dbn.zst,bbo-1s,2018-11-30T12:51:00Z,2018-11-30T13:37:00Z,unscheduled arrival,8,6175,147871,9065b4af554443a2aa662fe211c4695c4e88524c27fdd7799171e237b79e9f44
GLBX.MDP3-bbo-1s-e5710246cdb06803.dbn.zst,bbo-1s,2018-12-07T12:51:00Z,2018-12-07T13:37:00Z,control day for an unscheduled arrival,8,7542,193247,4b66d1e772c62756e88e6b2f9e3734aee4f1dd9a203e1c6fad907476db1f30a3
GLBX.MDP3-bbo-1s-ce2f48936ed5f141.dbn.zst,bbo-1s,2018-12-19T18:30:00Z,2018-12-19T21:00:00Z,"FOMC afternoon, 1:30-4:00 p.m.",8,26747,790662,26bea08930c7f47296c360932ac3107037702c2aef1176d22d4865f63f903e5e
GLBX.MDP3-bbo-1s-eb005c4bcd3ee767.dbn.zst,bbo-1s,2019-01-03T19:08:00Z,2019-01-03T19:54:00Z,control day for an unscheduled arrival,8,8001,217527,0945ef2b4f6039a1766b5ba8bcaf0ee9a16df73fef6727b499fcac0748fe8785
GLBX.MDP3-bbo-1s-1256c517696f9959.dbn.zst,bbo-1s,2019-01-09T16:38:00Z,2019-01-09T17:24:00Z,control day for an unscheduled arrival,8,8037,215252,8b38f7094495919f8e1c6192fe68bdf80f53ba2f3cbae40421658423b56012cc
GLBX.MDP3-bbo-1s-dd881b99b706591b.dbn.zst,bbo-1s,2019-01-10T19:08:00Z,2019-01-10T19:54:00Z,control day for an unscheduled arrival,8,7750,209158,4bbcaaaba92702acd5ddc58a07dcd5c2b5c92aefd81c77a9304e70ab7bcbcca4
GLBX.MDP3-bbo-1s-ae8bf558423673b6.dbn.zst,bbo-1s,2019-01-16T16:38:00Z,2019-01-16T17:24:00Z,control day for an unscheduled arrival,8,7716,207883,7796c1914bd02c7fc72bf711b75435d07f4ce62df633e45a9e53b19776960a15
GLBX.MDP3-bbo-1s-9ef37afa37b667bc.dbn.zst,bbo-1s,2019-01-17T19:08:00Z,2019-01-17T19:54:00Z,unscheduled arrival,8,7709,208528,f2fbe61210935e20b514ae101c92c3ff233d47507c22875a27c99e0efc419e8f
GLBX.MDP3-bbo-1s-3e93f717f2b5ec8a.dbn.zst,bbo-1s,2019-01-23T16:38:00Z,2019-01-23T17:24:00Z,unscheduled arrival,8,8120,227956,7186283040a1b3fee0e058939a67ea5a161dd5a9fbd432634dd1289f7a776c81
GLBX.MDP3-bbo-1s-e7635e8311b3c916.dbn.zst,bbo-1s,2019-01-23T18:30:00Z,2019-01-23T21:00:00Z,"control afternoon, 1:30-4:00 p.m.",8,25092,667624,b2c33512d2d7af85c33a7ab6d0101060f4829c0d0087e2eb719988518ea2a3bc
GLBX.MDP3-bbo-1s-af126a5795d4980a.dbn.zst,bbo-1s,2019-01-24T19:08:00Z,2019-01-24T19:54:00Z,control day for an unscheduled arrival,8,7447,192382,48acb77bdd5b99d38799587f3a1604ce30598dd319a86752e241e80c95a1194e
GLBX.MDP3-bbo-1s-6d27679a150ed67a.dbn.zst,bbo-1s,2019-01-30T16:38:00Z,2019-01-30T17:24:00Z,control day for an unscheduled arrival,8,7717,204505,e6f4a6ed70f6173d17d5b66b6a5ba071aa7cecac1f4d01af214f4659c2ef5d39
GLBX.MDP3-bbo-1s-8e8bfb9dc2a1e18d.dbn.zst,bbo-1s,2019-01-30T18:30:00Z,2019-01-30T21:00:00Z,"FOMC afternoon, 1:30-4:00 p.m.",8,26095,718354,1fed4c94702d90f17f35f70831fc37bdac78716a8224b4213a58f24e7db8dd2a
GLBX.MDP3-bbo-1s-cc6481ecf8882a9b.dbn.zst,bbo-1s,2019-01-31T19:08:00Z,2019-01-31T19:54:00Z,control day for an unscheduled arrival,8,7850,205071,9e4ab8ec54d7dce7ff740252c5bea0b8245f9290444689d2dbde072ef5e8fe2b
GLBX.MDP3-bbo-1s-fa396cdc203d67bc.dbn.zst,bbo-1s,2019-02-06T16:38:00Z,2019-02-06T17:24:00Z,control day for an unscheduled arrival,8,7696,201776,333aa51c5cf420b62e8756dc30caa7c4e69aa338480d341e0c35460bd699ec9c
GLBX.MDP3-bbo-1s-1a895e460c4dbe6a.dbn.zst,bbo-1s,2019-02-06T18:30:00Z,2019-02-06T21:00:00Z,"control afternoon, 1:30-4:00 p.m.",8,23557,599431,47375c42683b7dbc5661c5e73bcc3afaab15c51a986a8c94263efcc213383b5c
GLBX.MDP3-bbo-1s-102888aa0ea675fc.dbn.zst,bbo-1s,2019-03-05T16:19:00Z,2019-03-05T17:05:00Z,control day for an unscheduled arrival,8,7688,201995,660a17d388245a0bb767c0838d6fedfb1978562a0f7e894768d418870da7d7ae
GLBX.MDP3-bbo-1s-591985a809712366.dbn.zst,bbo-1s,2019-03-12T16:19:00Z,2019-03-12T17:05:00Z,control day for an unscheduled arrival,8,7589,193153,f96932a5f90481b1b640f93740f8b7aea63eae0e56136f030e92ef4e35eb5131
GLBX.MDP3-bbo-1s-2581f6316d64c232.dbn.zst,bbo-1s,2019-03-13T17:30:00Z,2019-03-13T20:00:00Z,"control afternoon, 1:30-4:00 p.m.",8,24663,660451,c5631fd18c8e94b757d8e752d7581e23bcbe671fcbeeb71feb6eb2b0ae009a57
GLBX.MDP3-bbo-1s-93204fde7c98d7fc.dbn.zst,bbo-1s,2019-03-19T16:19:00Z,2019-03-19T17:05:00Z,unscheduled arrival,8,7906,211575,e3afa97cd10afc5629258f75d3b482cd5572c375a35ffe8cb6ae683de2515f53
GLBX.MDP3-bbo-1s-6871326bb40c1341.dbn.zst,bbo-1s,2019-03-20T17:30:00Z,2019-03-20T20:00:00Z,"FOMC afternoon, 1:30-4:00 p.m.",8,26208,732247,fc6ebe4a7c0a1db7525f5631d8bd6a0d184cac588f5800fc6abee02a28168d04
GLBX.MDP3-bbo-1s-28a29f90150cc63a.dbn.zst,bbo-1s,2019-03-27T17:30:00Z,2019-03-27T20:00:00Z,"control afternoon, 1:30-4:00 p.m.",8,25565,686867,e2aaefcff50ab546878e303a963c710cc8eb35e857c0b4eb974e7797c30f43ed
GLBX.MDP3-bbo-1s-f816bb35a051f3f1.dbn.zst,bbo-1s,2019-03-28T15:10:00Z,2019-03-28T15:56:00Z,control day for an unscheduled arrival,8,8049,223755,99eea385fdb94778dd4ca6713980c1fe465e3b99ec37fe6aa76669a415d93a0f
GLBX.MDP3-bbo-1s-64a71901da6875a7.dbn.zst,bbo-1s,2019-04-02T16:19:00Z,2019-04-02T17:05:00Z,control day for an unscheduled arrival,8,7415,186577,1fac00ca8e72444920679297fdc2f703d273dda0cd2576ecb8343d8740efa960
GLBX.MDP3-bbo-1s-750eb142578833f3.dbn.zst,bbo-1s,2019-04-04T15:10:00Z,2019-04-04T15:56:00Z,control day for an unscheduled arrival,8,7801,209248,1b19548abc5da4a182d9e8e265c3ea8960a3f6941a8516c45b81d26406f11ef1
GLBX.MDP3-bbo-1s-4c2b47b55e89568f.dbn.zst,bbo-1s,2019-04-11T15:10:00Z,2019-04-11T15:56:00Z,unscheduled arrival,8,7810,203499,2c29d774ad9c4b8c0370a1d6847800a180d45a48b49251d69f1fdf4927211389
GLBX.MDP3-bbo-1s-ffdcd3ccfdb7b648.dbn.zst,bbo-1s,2019-04-18T15:10:00Z,2019-04-18T15:56:00Z,control day for an unscheduled arrival,8,7794,206604,ed980b9c8acdc42c672a658cb6988258040984767b9ad2e93c862840b1b46910
GLBX.MDP3-bbo-1s-21a0093535516d1e.dbn.zst,bbo-1s,2019-04-24T17:30:00Z,2019-04-24T20:00:00Z,"control afternoon, 1:30-4:00 p.m.",8,23522,578321,2b359ad83536c2fac3925fd8c7814cc17fb11eaea388e7b716ebe6354dc71cda
GLBX.MDP3-bbo-1s-0d3df857ccb91daa.dbn.zst,bbo-1s,2019-04-25T15:10:00Z,2019-04-25T15:56:00Z,control day for an unscheduled arrival,8,7804,210059,e43c8672b8b109ce41631d635b733ba5ee93a134b19885f4433eebb13fa9f51e
GLBX.MDP3-bbo-1s-cf7e7625e2fb8dde.dbn.zst,bbo-1s,2019-04-29T11:37:00Z,2019-04-29T12:23:00Z,control day for an unscheduled arrival,8,5460,124167,5b263447469dd1771c310a39d0091bfc85223b35de5f0b557d2ce3ecd97ee262
GLBX.MDP3-bbo-1s-de7484352b43e681.dbn.zst,bbo-1s,2019-04-29T17:08:00Z,2019-04-29T17:54:00Z,control day for an unscheduled arrival,8,7062,165112,ea6ee89c3d702a1ec974972b8ee725058beceb80fced2b3c3a65fecb88df815a
GLBX.MDP3-bbo-1s-943f5cd1716e9f15.dbn.zst,bbo-1s,2019-05-01T17:30:00Z,2019-05-01T20:00:00Z,"FOMC afternoon, 1:30-4:00 p.m.",8,26102,725465,4115515ace2059a540a5562458d25409e137a77ae08bc1a163a4cae6801ab9c1
GLBX.MDP3-bbo-1s-756c46e73c678b0f.dbn.zst,bbo-1s,2019-05-06T11:37:00Z,2019-05-06T12:23:00Z,control day for an unscheduled arrival,8,7056,173413,b0d30240e34b9a34e37ec646fb9e29b448d3d262713d10565b1169e62aa78970
GLBX.MDP3-bbo-1s-d7c213371f2825c6.dbn.zst,bbo-1s,2019-05-06T17:08:00Z,2019-05-06T17:54:00Z,control day for an unscheduled arrival,8,7099,182928,3a95fb1993469d46088b55d7888b5bc38bc6ac48833918136c62b6a0ec9e9224
GLBX.MDP3-bbo-1s-de964d89b0dda5b6.dbn.zst,bbo-1s,2019-05-08T17:30:00Z,2019-05-08T20:00:00Z,"control afternoon, 1:30-4:00 p.m.",8,24415,630065,8a59ae0559a1205dc7c004bf3b2037714793e8b74396196ef57ac838ff6ea10f
GLBX.MDP3-bbo-1s-27d3421dee5b4c5f.dbn.zst,bbo-1s,2019-05-13T11:37:00Z,2019-05-13T12:23:00Z,unscheduled arrival,8,7395,195495,0e6674bd29eed594d419e6368e8001cf46eb23d33d9b52552407b53d9b4c8d0c
GLBX.MDP3-bbo-1s-994115d7663101b9.dbn.zst,bbo-1s,2019-05-13T17:08:00Z,2019-05-13T17:54:00Z,unscheduled arrival,8,7960,217438,8694d77653fe2d433c1277cd444317cf88f970789346a1c0c873c709b2be2dd0
GLBX.MDP3-bbo-1s-7e921c499f33945f.dbn.zst,bbo-1s,2019-05-16T18:36:00Z,2019-05-16T19:22:00Z,control day for an unscheduled arrival,8,7669,201217,8391f25ba3d40148e4124bb0e857cf1d995ced14f274f00ec1a4b6cf24354afa
GLBX.MDP3-bbo-1s-a15feca6114dbf5e.dbn.zst,bbo-1s,2019-05-20T11:37:00Z,2019-05-20T12:23:00Z,control day for an unscheduled arrival,8,6961,176728,db24c72bcfc1e65bd8661f46f88aed129d09412150ac61f3d4e57861590b13f6
GLBX.MDP3-bbo-1s-34016700dfc7e149.dbn.zst,bbo-1s,2019-05-20T16:55:00Z,2019-05-20T17:41:00Z,control day for an unscheduled arrival,8,7604,200055,58e66a3f8177524d1acde2e7818b252d0535de6c2f8907fba01dacf74c951798
GLBX.MDP3-bbo-1s-b5cdd203993237c3.dbn.zst,bbo-1s,2019-05-20T17:08:00Z,2019-05-20T17:54:00Z,control day for an unscheduled arrival,8,7537,195527,9331f5e9a5d182b797200116344cf07037f0b9eb9f39452636a13a9c57241b38
GLBX.MDP3-bbo-1s-7597e592ec404599.dbn.zst,bbo-1s,2019-05-21T13:25:00Z,2019-05-21T14:11:00Z,control day for an unscheduled arrival,8,8108,228144,d2839057e63507dcd5b435b7a448a39885c6463cb480c66369b2c43c454e4233
GLBX.MDP3-bbo-1s-1b35164efca61894.dbn.zst,bbo-1s,2019-05-23T18:36:00Z,2019-05-23T19:22:00Z,control day for an unscheduled arrival,8,7819,209012,b12f9feafabb8893769205407be9eaba9edf2539352c67527a48a99b6343f001
GLBX.MDP3-bbo-1s-116572b6e2864e6a.dbn.zst,bbo-1s,2019-05-28T13:25:00Z,2019-05-28T14:11:00Z,control day for an unscheduled arrival,8,7993,221594,4601a5993b28953b1f21e83f956eed75431eef7282caec5bc1375feff12bc308
GLBX.MDP3-bbo-1s-8764729a3c640e76.dbn.zst,bbo-1s,2019-05-30T18:36:00Z,2019-05-30T19:22:00Z,unscheduled arrival,8,7635,208821,60aa003203f0da8c1d85229ff9558c7fcd0b69f940ab377a01c25428e6c81b5c
GLBX.MDP3-bbo-1s-75ebbd80e7c8ae09.dbn.zst,bbo-1s,2019-06-03T16:55:00Z,2019-06-03T17:41:00Z,unscheduled arrival,8,8104,231217,e90e1807e8604182790d8a82bdae68681229b74043b4bdf6925a9ad2cee42859
GLBX.MDP3-bbo-1s-09bfcf38aaf01f25.dbn.zst,bbo-1s,2019-06-04T13:25:00Z,2019-06-04T14:11:00Z,unscheduled arrival,8,8227,237229,1bc18e062bc8de72452a5073b418ff1c60fd7267f61737e9098ce5b635199f5b
GLBX.MDP3-bbo-1s-a50233344cee1dec.dbn.zst,bbo-1s,2019-06-04T14:53:00Z,2019-06-04T15:39:00Z,control day for an unscheduled arrival,8,8133,228748,3a2e7bcd2353cfff68cc55676144e56936a42de0cf32f52839ea7d4f9256dfb7
GLBX.MDP3-bbo-1s-3be28897925526c8.dbn.zst,bbo-1s,2019-06-10T16:55:00Z,2019-06-10T17:41:00Z,control day for an unscheduled arrival,8,7385,191269,e3d5fb7c02fc61b92d0e6ae0d5e62507b670ad67bf35ad3aa9738a8363e931b5
GLBX.MDP3-bbo-1s-5b14f188b3a43620.dbn.zst,bbo-1s,2019-06-11T13:25:00Z,2019-06-11T14:11:00Z,control day for an unscheduled arrival,8,8108,229298,63259a5d0199b6af25e9e91e7e8db12e449419764623af4ea6d3836898d44c10
GLBX.MDP3-bbo-1s-4dfa2aba18b6b8c2.dbn.zst,bbo-1s,2019-06-11T14:53:00Z,2019-06-11T15:39:00Z,control day for an unscheduled arrival,8,8020,219097,20ad55c32344d00e8d0b448f1d6565710aceda008cd85a12b6502554807186a6
GLBX.MDP3-bbo-1s-b5c758090a9c894e.dbn.zst,bbo-1s,2019-06-11T16:06:00Z,2019-06-11T16:52:00Z,control day for an unscheduled arrival,8,7875,208824,6d1df908eda34b54f80f880a3a7974abcf7132883707b845b353a8fcceeee6ef
GLBX.MDP3-bbo-1s-d5f60da36037c87b.dbn.zst,bbo-1s,2019-06-13T18:36:00Z,2019-06-13T19:22:00Z,control day for an unscheduled arrival,8,7754,198480,377d46a7f0ef503e6133925df2f519469b6353b8a92aef74c0dec05fd466caf3
GLBX.MDP3-bbo-1s-2ce5643a2489dbd3.dbn.zst,bbo-1s,2019-06-17T16:55:00Z,2019-06-17T17:41:00Z,control day for an unscheduled arrival,8,6976,161150,05e0f6e191328294af5c417d5e0ccf1609c114dea2269c3647189c0d0f6391c2
GLBX.MDP3-bbo-1s-b1edba193ba91055.dbn.zst,bbo-1s,2019-06-18T13:25:00Z,2019-06-18T14:11:00Z,control day for an unscheduled arrival,8,8124,235493,250177878938b15c505b5e2022320220a1df70a9137867b10408f2e00c4aaf29
GLBX.MDP3-bbo-1s-974ba5c6a0c0ca98.dbn.zst,bbo-1s,2019-06-18T14:53:00Z,2019-06-18T15:39:00Z,unscheduled arrival,8,8153,218101,163409c7a733a373af2dd4a8a60156c5b79f773b9e66f82c04a8d204c5b92297
GLBX.MDP3-bbo-1s-eca22719ae1606d2.dbn.zst,bbo-1s,2019-06-18T16:06:00Z,2019-06-18T16:52:00Z,control day for an unscheduled arrival,8,7729,189858,6cada9bbd1df37474b8e3fccfaedfdc977c407d05eebf7fbc1103a9df49a910d
GLBX.MDP3-bbo-1s-1ea40694f0519255.dbn.zst,bbo-1s,2019-06-19T17:30:00Z,2019-06-19T20:00:00Z,"FOMC afternoon, 1:30-4:00 p.m.",8,26334,730807,1d358a1097ad80796357ae1b02dc84ca3601c9a96a254bfba3320596ef617739
GLBX.MDP3-bbo-1s-bd034243ab986944.dbn.zst,bbo-1s,2019-06-25T14:53:00Z,2019-06-25T15:39:00Z,control day for an unscheduled arrival,8,8040,217663,15f1c2adc4b6210565299f8bc3398458e59a71e4009da7134ebd4e11e19dbdc4
GLBX.MDP3-bbo-1s-29759295a2b6f059.dbn.zst,bbo-1s,2019-06-25T16:06:00Z,2019-06-25T16:52:00Z,unscheduled arrival,8,7908,209951,e735db7cd6a34846fc2672764627a6bc6266c80d4dd5e45ae4e1baf01b4e6d68
GLBX.MDP3-bbo-1s-f61170a8122d6821.dbn.zst,bbo-1s,2019-06-26T17:30:00Z,2019-06-26T20:00:00Z,"control afternoon, 1:30-4:00 p.m.",8,25199,652648,99b269d3e05aeef44845abed374c64ce7b2d83a0c446ac6f6d177d33e6237147
GLBX.MDP3-bbo-1s-a77500440b90fd2d.dbn.zst,bbo-1s,2019-07-02T14:53:00Z,2019-07-02T15:39:00Z,control day for an unscheduled arrival,8,8038,214419,c59f02ee5f237f8c1a0ca90db56fd4fad02e34a35fe1c2002c7f33b727c0606a
GLBX.MDP3-bbo-1s-d95556573d992a69.dbn.zst,bbo-1s,2019-07-02T16:06:00Z,2019-07-02T16:52:00Z,control day for an unscheduled arrival,8,7859,207041,5bd2948972b09557c4597367bdcc0ffae1b4c666e24479fdd59748f9ae4b03a2
GLBX.MDP3-bbo-1s-6f160056a96bc946.dbn.zst,bbo-1s,2019-07-09T16:06:00Z,2019-07-09T16:52:00Z,control day for an unscheduled arrival,8,7513,186577,dcb7a81c4161f521fb2d21b55c941d8f0871be2c993a9650754b4131a3e3185b
GLBX.MDP3-bbo-1s-40658882301eadba.dbn.zst,bbo-1s,2019-07-18T16:56:00Z,2019-07-18T17:42:00Z,control day for an unscheduled arrival,8,7511,188789,84856fafc063419a1136a2edf59b44e168de7fcf47cef175d03245637d26d9ea
GLBX.MDP3-bbo-1s-0e218b195400e3aa.dbn.zst,bbo-1s,2019-07-24T17:30:00Z,2019-07-24T20:00:00Z,"control afternoon, 1:30-4:00 p.m.",8,24332,619554,6b3d35237c3ecb8d1b4d0bc343ec84e32515b6944e01bacd3916966e896b3f3a
GLBX.MDP3-bbo-1s-06e9eba8617e5d9f.dbn.zst,bbo-1s,2019-07-25T16:56:00Z,2019-07-25T17:42:00Z,control day for an unscheduled arrival,8,7879,206537,86b494a51ae125d1c74aee5ee690b9ca4dd8394fdc71f8f72c45ba40df6117bf
GLBX.MDP3-bbo-1s-b6c9af796c6c2e20.dbn.zst,bbo-1s,2019-07-31T17:30:00Z,2019-07-31T20:00:00Z,"FOMC afternoon, 1:30-4:00 p.m.",8,26486,764532,bbbac9134b9b22ef2b3b9a41d3c83d0a7ea911edef39c6d1c3a4c17d9d0470d0
GLBX.MDP3-bbo-1s-0e802cf50894b074.dbn.zst,bbo-1s,2019-08-01T16:56:00Z,2019-08-01T17:42:00Z,unscheduled arrival,8,7968,218998,f052d5ac35028590f9ddb18841236a9c80ea65b8e73edb34e58db2e88a62cdf3
GLBX.MDP3-bbo-1s-18267f2912c0acbb.dbn.zst,bbo-1s,2019-08-07T17:30:00Z,2019-08-07T20:00:00Z,"control afternoon, 1:30-4:00 p.m.",8,26588,745201,d7714eb7929ebb1c1d89304ea86882b4e31a0809c7e93df3cadc5862c26b030c
GLBX.MDP3-bbo-1s-ef782a9e8c190d93.dbn.zst,bbo-1s,2019-08-08T16:56:00Z,2019-08-08T17:42:00Z,control day for an unscheduled arrival,8,8050,215735,afb4cec4675a695ae5c763b8d87eb7571cf0fb520f39ed5dd22702da4dddfd2f
GLBX.MDP3-bbo-1s-361eb78a16f92bc4.dbn.zst,bbo-1s,2019-08-08T17:22:00Z,2019-08-08T18:08:00Z,control day for an unscheduled arrival,8,8002,211561,f139558795128351e2ccef0775c4373f3aa509c47b0668d1e8c28b05fb0d8314
GLBX.MDP3-bbo-1s-11e875643ab25e6e.dbn.zst,bbo-1s,2019-08-15T17:22:00Z,2019-08-15T18:08:00Z,unscheduled arrival,8,8161,230826,f270f14042d3abb3e1b5ac75af49ebeb345f9ca967ee7b3ed5b9113edb1f3076
GLBX.MDP3-bbo-1s-d896d50a60628aae.dbn.zst,bbo-1s,2019-08-22T17:22:00Z,2019-08-22T18:08:00Z,control day for an unscheduled arrival,8,7698,194177,dbf2674b6c522d786fc0d4cf23befc34dff32bc6400398b41f8feab4b163bc27
GLBX.MDP3-bbo-1s-1ba22d0b817c0ef6.dbn.zst,bbo-1s,2019-08-29T17:22:00Z,2019-08-29T18:08:00Z,control day for an unscheduled arrival,8,7185,177326,b07ece8366460ad779c353072d2537107758f2fbe755d16690a2de6d1d76e2d6
GLBX.MDP3-bbo-1s-145ef6317e2bf30c.dbn.zst,bbo-1s,2019-09-10T15:53:00Z,2019-09-10T16:39:00Z,control day for an unscheduled arrival,8,8033,217933,ccce887f3efb2fb945478141a427f53b019cc741c7537dd4a7da1f54e9eadfb7
GLBX.MDP3-bbo-1s-d113cde763985347.dbn.zst,bbo-1s,2019-09-11T17:30:00Z,2019-09-11T20:00:00Z,"control afternoon, 1:30-4:00 p.m.",8,24847,624335,24d12e62cb68a9177a5c602e391704be3111850c0327f4ee75ca633279763c3d
GLBX.MDP3-bbo-1s-81cb80e6354dc0d2.dbn.zst,bbo-1s,2019-09-17T15:53:00Z,2019-09-17T16:39:00Z,control day for an unscheduled arrival,8,7743,191478,046db2826ffde598bfa359081ab59c8d3cd0fba7ab0264cae15127e15d1a717f
GLBX.MDP3-bbo-1s-812f4ceb4f94c40b.dbn.zst,bbo-1s,2019-09-18T17:30:00Z,2019-09-18T20:00:00Z,"FOMC afternoon, 1:30-4:00 p.m.",8,26186,730093,e513e72588ad27327da50397c19273302bfbefed3db0a74369b672c7abdcc158
GLBX.MDP3-bbo-1s-4124ced0cd5469c3.dbn.zst,bbo-1s,2019-09-19T16:54:00Z,2019-09-19T17:40:00Z,control day for an unscheduled arrival,8,8008,211238,e0d695fce5249c1cab20c0e185ab6f6ae363d0d62ce967e79d1f7849a44d0eae
GLBX.MDP3-bbo-1s-480985d7b277de52.dbn.zst,bbo-1s,2019-09-20T14:30:00Z,2019-09-20T15:16:00Z,control day for an unscheduled Federal Reserve announcement,8,8088,214460,834cb36a3121dd3215fe1831ee473a3edfdbde9565a87f54605ee8ae982e8b4d
GLBX.MDP3-bbo-1s-6fc44749f1de07a0.dbn.zst,bbo-1s,2019-09-20T15:06:00Z,2019-09-20T15:52:00Z,control day for an unscheduled arrival,8,8000,212202,8b8ecc4921c6b4e190dc651aa96396555335958a031d947fa2d887e9df7d4d19
GLBX.MDP3-bbo-1s-3e1a7710c7ed0715.dbn.zst,bbo-1s,2019-09-24T15:53:00Z,2019-09-24T16:39:00Z,unscheduled arrival,8,8052,222734,d64bab4b7ebeb698c3130f6902d2a35bae6974146afaf7646310c76d3d5305ad
GLBX.MDP3-bbo-1s-da7bdf98307aa7ff.dbn.zst,bbo-1s,2019-09-25T17:30:00Z,2019-09-25T20:00:00Z,"control afternoon, 1:30-4:00 p.m.",8,25283,648803,be9cb703d938d5dbad1facd81daacb023552b349e00e6d924c2f6408484b8dc9
GLBX.MDP3-bbo-1s-89d01ed98f15117c.dbn.zst,bbo-1s,2019-09-26T16:54:00Z,2019-09-26T17:40:00Z,control day for an unscheduled arrival,8,7802,201591,27c17b5a9fccf0a22d24462c4febe83dc84c529d5b253b91302a0128711227bf
GLBX.MDP3-bbo-1s-58dd4ba8f0cf69ef.dbn.zst,bbo-1s,2019-09-26T17:37:00Z,2019-09-26T18:23:00Z,control day for an unscheduled arrival,8,7867,206671,e2cac2281a01089fe09017ceee4c2416bf74b507f6c642010e26e1e4506f81a9
GLBX.MDP3-bbo-1s-b301806f14881405.dbn.zst,bbo-1s,2019-09-27T15:06:00Z,2019-09-27T15:52:00Z,unscheduled arrival,8,8010,220457,18f776ec7dde1723b3accfae3c541d1f32fd0874241fa6de0bf040d15601b610
GLBX.MDP3-bbo-1s-2dcdda77d2dd7786.dbn.zst,bbo-1s,2019-09-27T16:56:00Z,2019-09-27T17:42:00Z,control day for an unscheduled arrival,8,7966,217949,3657105f7f232f25701b6ad17c5fbed5eb4f1ec6e9f858f3ec86e9e49adcba4c
GLBX.MDP3-bbo-1s-527a389f7b39a04b.dbn.zst,bbo-1s,2019-10-01T15:53:00Z,2019-10-01T16:39:00Z,control day for an unscheduled arrival,8,8176,226535,8572c2101cf4f172550b395a04178b386f1b22e0c2a30364366168b73d3b8bf5
GLBX.MDP3-bbo-1s-90fa9c3e3f5f53f0.dbn.zst,bbo-1s,2019-10-03T16:54:00Z,2019-10-03T17:40:00Z,unscheduled arrival,8,7893,207012,c6b56271952e4ea20c299380d45732e4e10e0ed09c40e1cda1ad29efa1f238ee
GLBX.MDP3-bbo-1s-f0bae014687f8a07.dbn.zst,bbo-1s,2019-10-04T14:30:00Z,2019-10-04T15:16:00Z,unscheduled Federal Reserve announcement,8,8167,227468,789f915eee0c34f5e5fa767a99bcd6ee5cec47130f855c3680e167766da3cfc1
GLBX.MDP3-bbo-1s-4a94ee5ba1324993.dbn.zst,bbo-1s,2019-10-04T15:06:00Z,2019-10-04T15:52:00Z,control day for an unscheduled arrival,8,8003,216152,1166453466454e8b385b28932987fa50500a4f415f628b72a73740a2b54c47fb
GLBX.MDP3-bbo-1s-c86d041d6529aa08.dbn.zst,bbo-1s,2019-10-04T16:56:00Z,2019-10-04T17:42:00Z,control day for an unscheduled arrival,8,7520,183498,eaf96acde29db4d032105e96b017208d4b11d705d5420b94daff8246ea11c75c
GLBX.MDP3-bbo-1s-177d5d2528a67cdf.dbn.zst,bbo-1s,2019-10-08T15:53:00Z,2019-10-08T16:39:00Z,control day for an unscheduled arrival,8,7809,203517,86b47bc12596e84fde6e3a50090af89485556d5dfd4c06ac240470da8bc7e31c
GLBX.MDP3-bbo-1s-b9b7393f69259ec3.dbn.zst,bbo-1s,2019-10-10T17:37:00Z,2019-10-10T18:23:00Z,unscheduled arrival,8,7936,209808,75a564194237031d56e4773108e261ea9d6060cc83eb415e611797aaac48e504
GLBX.MDP3-bbo-1s-d343fa89efa470b3.dbn.zst,bbo-1s,2019-10-11T14:30:00Z,2019-10-11T15:16:00Z,control day for an unscheduled Federal Reserve announcement,8,8241,224657,1f0e5aaf85b7a5507e30a47f4983f785c945e1cd4bd0b9fdbc7d50150156aeee
GLBX.MDP3-bbo-1s-c8fa1bad86e9ae25.dbn.zst,bbo-1s,2019-10-11T15:06:00Z,2019-10-11T15:52:00Z,control day for an unscheduled arrival,8,8174,222743,637002fa52caaaa06db23be8fecf7cd50986a48ac7e9aa717c88c3490d2e0e25
GLBX.MDP3-bbo-1s-4a3215686296184f.dbn.zst,bbo-1s,2019-10-11T16:56:00Z,2019-10-11T17:42:00Z,unscheduled arrival,8,7854,205727,c9789fda31bf37a93acdc29d2b0894fd0879c60db29c9d11b4ae233cbd4db9a6
GLBX.MDP3-bbo-1s-e8eb18ed54883910.dbn.zst,bbo-1s,2019-10-15T12:52:00Z,2019-10-15T13:38:00Z,control day for an unscheduled arrival,8,7315,182718,63bc2f078a9641fb69eb2842d0174357eb6190084f5097d5f7670cebfd376a43
GLBX.MDP3-bbo-1s-7af088e72d96e806.dbn.zst,bbo-1s,2019-10-17T16:54:00Z,2019-10-17T17:40:00Z,control day for an unscheduled arrival,8,7411,180676,acefe05ecb9b3d88209285f6928bf84fe5bf447394a05dc9b3adcd2369b3632a
GLBX.MDP3-bbo-1s-8f2d78725100260d.dbn.zst,bbo-1s,2019-10-17T17:37:00Z,2019-10-17T18:23:00Z,control day for an unscheduled arrival,8,7591,186521,315730b1c96b264c8784afa8dcd9b9d5c21704c0e3e958308457e910de6ea94c
GLBX.MDP3-bbo-1s-08fcbc46a82b5e90.dbn.zst,bbo-1s,2019-10-18T14:30:00Z,2019-10-18T15:16:00Z,control day for an unscheduled Federal Reserve announcement,8,8082,218542,29cb44a20c31a1798aeea5afa5dea93f06898e928685dbf073c876f61801f949
GLBX.MDP3-bbo-1s-8be949353c6eee10.dbn.zst,bbo-1s,2019-10-18T16:56:00Z,2019-10-18T17:42:00Z,control day for an unscheduled arrival,8,7651,197567,db23180f2a109e21bf72c8570b3220e56f87c7d52b487ddf1e63a79815f04d1b
GLBX.MDP3-bbo-1s-5d687d27db54b5fc.dbn.zst,bbo-1s,2019-10-22T12:52:00Z,2019-10-22T13:38:00Z,control day for an unscheduled arrival,8,7344,178857,83e90f62d0cf909bd2a5865ea9fa9d2ca74b2e72e232b33676d3ac7522358b88
GLBX.MDP3-bbo-1s-7f5c7eaa67ff3167.dbn.zst,bbo-1s,2019-10-23T17:30:00Z,2019-10-23T20:00:00Z,"control afternoon, 1:30-4:00 p.m.",8,24163,600989,50c66621e7465a101ede06de317aafe0f1300251cfc094424db3fd767e5d97fa
GLBX.MDP3-bbo-1s-d657f555c422f81c.dbn.zst,bbo-1s,2019-10-24T17:37:00Z,2019-10-24T18:23:00Z,control day for an unscheduled arrival,8,7415,179521,62b6f63b20572f67d0f9560711899f38a59e4d433f23781b697189b65bae536b
GLBX.MDP3-bbo-1s-6b83f0fd03970144.dbn.zst,bbo-1s,2019-10-25T16:56:00Z,2019-10-25T17:42:00Z,control day for an unscheduled arrival,8,7636,186177,4f8f1c1e2ebd41b7d6108c4cf0cb1d79efe60a78766f63aeff4e2ff52f296f76
GLBX.MDP3-bbo-1s-ae3ea46ac261a9af.dbn.zst,bbo-1s,2019-10-29T12:52:00Z,2019-10-29T13:38:00Z,unscheduled arrival,8,7033,172331,97c8223a0c78a3807323d0f747d22e10601420f68b290b37c7999429b2f85afb
GLBX.MDP3-bbo-1s-5d39929d104edf4d.dbn.zst,bbo-1s,2019-10-30T17:30:00Z,2019-10-30T20:00:00Z,"FOMC afternoon, 1:30-4:00 p.m.",8,26007,696331,05236036338abe0658164a1b48e11662b73733b341ae522fe0f49d35692f1c40
GLBX.MDP3-bbo-1s-be66a4025c0c10f0.dbn.zst,bbo-1s,2019-11-05T12:52:00Z,2019-11-05T13:38:00Z,control day for an unscheduled arrival,8,6420,149855,c810d5174bc0488e7104453310d8847447827c97f2482246a5db706488271282
GLBX.MDP3-bbo-1s-3fbd6ad8d751e2fa.dbn.zst,bbo-1s,2019-11-05T16:08:00Z,2019-11-05T16:54:00Z,control day for an unscheduled arrival,8,8061,210326,44da3a9114ecae597dbfd3165b48bbec644f7ad15187922dd55b2cf57340c985
GLBX.MDP3-bbo-1s-130c0d8c60f74091.dbn.zst,bbo-1s,2019-11-06T17:25:00Z,2019-11-06T18:11:00Z,control day for an unscheduled arrival,8,7787,196776,6180cf44930805facda01759dc566367834056f9b3df75072116acf49f1fb9cb
GLBX.MDP3-bbo-1s-3bf60a692263e6dd.dbn.zst,bbo-1s,2019-11-06T18:30:00Z,2019-11-06T21:00:00Z,"control afternoon, 1:30-4:00 p.m.",8,24210,587846,ce85e7fa6e8af06da699942229abedf2468c920c5b7bb61fff4f2cf6375eb65d
GLBX.MDP3-bbo-1s-5a0eddab3886543c.dbn.zst,bbo-1s,2019-11-07T12:37:00Z,2019-11-07T13:23:00Z,control day for an unscheduled arrival,8,6711,158309,dd360b92036a66d073cffe347ef090dd94ab5d7e09d559d6932eeeaa7c24635f
GLBX.MDP3-bbo-1s-7cd86d696262a59a.dbn.zst,bbo-1s,2019-11-12T12:52:00Z,2019-11-12T13:38:00Z,control day for an unscheduled arrival,8,6149,140590,b6c69ad9e93d29beb9e428b02b02b132c67077b013a2f5049b5d03e130cedfc0
GLBX.MDP3-bbo-1s-f8e2018e7ff8ee0d.dbn.zst,bbo-1s,2019-11-12T16:08:00Z,2019-11-12T16:54:00Z,control day for an unscheduled arrival,8,7932,200566,4a1be92631433b0583cdb1e29f602949ff6939e9082621dac42a576c7f29ebbb
GLBX.MDP3-bbo-1s-032c61664e356ded.dbn.zst,bbo-1s,2019-11-13T17:25:00Z,2019-11-13T18:11:00Z,control day for an unscheduled arrival,8,7604,187609,1230c3f747b0030e9151a76f000df2b386413220c0fcca06fc3da8230424628f
GLBX.MDP3-bbo-1s-a63594937bede9e9.dbn.zst,bbo-1s,2019-11-14T12:37:00Z,2019-11-14T13:23:00Z,control day for an unscheduled arrival,8,6332,142862,99a0a639f0278bf7e6f4e8b93644f60d9a53a7bc8ef0e59660245c7420f691bf
GLBX.MDP3-bbo-1s-fd4b20240f673fe1.dbn.zst,bbo-1s,2019-11-19T16:08:00Z,2019-11-19T16:54:00Z,unscheduled arrival,8,8055,215388,1616049fe7299a06652702385c3fd426c5f5fb8c16a635db27c09f16e99e1456
GLBX.MDP3-bbo-1s-70fa490ae2d7a2aa.dbn.zst,bbo-1s,2019-11-20T17:25:00Z,2019-11-20T18:11:00Z,unscheduled arrival,8,7717,206148,92e7cbec6947882e2b423f38a5fda7e07c78bcde56d3b4a70c86aa8e4bf2ea71
GLBX.MDP3-bbo-1s-33fcf61e07358cb2.dbn.zst,bbo-1s,2019-11-21T12:37:00Z,2019-11-21T13:23:00Z,unscheduled arrival,8,7035,173679,e5a3a88014cfb8f42fb34383ea207f3be91807d66d6c011248061dad423d289b
GLBX.MDP3-bbo-1s-13b00bedb066d3f4.dbn.zst,bbo-1s,2019-11-26T16:08:00Z,2019-11-26T16:54:00Z,control day for an unscheduled arrival,8,7676,194653,d51adb4bf9f5e53b3865cced0a9cadc01e07453a2c0ddbd1f20c002da7e95e46
GLBX.MDP3-bbo-1s-03caee22c94202dc.dbn.zst,bbo-1s,2019-11-27T17:25:00Z,2019-11-27T18:11:00Z,control day for an unscheduled arrival,8,6748,160753,2bb13edffdea096ab0787dba62d5bb368135ee3b8d90678dc6cabc5fd4342bad
GLBX.MDP3-bbo-1s-47702197a4c8802c.dbn.zst,bbo-1s,2019-12-03T16:08:00Z,2019-12-03T16:54:00Z,control day for an unscheduled arrival,8,8149,222794,49b1c46a99d2c70735f69f4cd338150124c3d9e4f417d9c0c1b583acdf740762
GLBX.MDP3-bbo-1s-6959c1d9517ff6a6.dbn.zst,bbo-1s,2019-12-04T17:25:00Z,2019-12-04T18:11:00Z,control day for an unscheduled arrival,8,7787,189442,71c9c8162b20ef1f8fa1758611bfff9c67a1cf4dcc7731647118beae83ca9ce2
GLBX.MDP3-bbo-1s-fb7e4585384bcb3e.dbn.zst,bbo-1s,2019-12-04T18:30:00Z,2019-12-04T21:00:00Z,"control afternoon, 1:30-4:00 p.m.",8,24409,599649,2d226fe09d0d20cd1a665fd2c8aa4cff4f66ce72edb57b83e207ce9da6714597
GLBX.MDP3-bbo-1s-b74dae6a6bb9c8c3.dbn.zst,bbo-1s,2019-12-05T12:37:00Z,2019-12-05T13:23:00Z,control day for an unscheduled arrival,8,6560,155188,1559836f5d3457381620218be218ca9928ac4cd140c4f3c60ed6e3f53c4af4d3
GLBX.MDP3-bbo-1s-9591cd1a975cd275.dbn.zst,bbo-1s,2019-12-11T18:30:00Z,2019-12-11T21:00:00Z,"FOMC afternoon, 1:30-4:00 p.m.",8,25177,652545,a9da9fb77eedaa95c5917d8e91b8fc2936c721a1638ad2d11f3414f4f4a167a7
GLBX.MDP3-bbo-1s-1a8508a8b47fe9a6.dbn.zst,bbo-1s,2019-12-18T18:30:00Z,2019-12-18T21:00:00Z,"control afternoon, 1:30-4:00 p.m.",8,23710,564919,cc78ae2ea2c0d5ffc086639dcf8dcfad5af2ea951f824cb6a4b74f64ac65a1e4
GLBX.MDP3-bbo-1s-be1330678db830ee.dbn.zst,bbo-1s,2019-12-20T18:09:00Z,2019-12-20T18:55:00Z,control day for an unscheduled arrival,8,7032,164098,e88fdcfcd82f2f3161b5ab6de4a30947ff3b0103b73ed70d2eccc4513741c46d
GLBX.MDP3-bbo-1s-7c31d1ff9a8e0177.dbn.zst,bbo-1s,2019-12-27T18:09:00Z,2019-12-27T18:55:00Z,control day for an unscheduled arrival,8,6972,168590,42b5c9d113a810c1e655b8fa120467db6afbbe300b69ab4d0d8c201829471872
GLBX.MDP3-bbo-1s-26d479a7470e0c98.dbn.zst,bbo-1s,2019-12-31T18:06:00Z,2019-12-31T18:52:00Z,control day for an unscheduled arrival,8,7160,166461,4495019b04e803f3523c8f2800d82da74dac6db9d3225f8d622ceea09b3e0ccf
GLBX.MDP3-bbo-1s-8e961a875746fc44.dbn.zst,bbo-1s,2020-01-03T18:09:00Z,2020-01-03T18:55:00Z,unscheduled arrival,8,7551,197799,2113438ee713c912aee9f0e352b8f93470592ed6f987d9df550d5af6e8fe94bf
GLBX.MDP3-bbo-1s-bd1b2741a78e68c3.dbn.zst,bbo-1s,2020-01-07T18:06:00Z,2020-01-07T18:52:00Z,control day for an unscheduled arrival,8,7216,172611,1a61e847429a96c91a0a0d6c1dc0ea04ae64598bba0eb09382572220329f38d4
GLBX.MDP3-bbo-1s-2067f47b53b5d3af.dbn.zst,bbo-1s,2020-01-10T18:09:00Z,2020-01-10T18:55:00Z,control day for an unscheduled arrival,8,7194,178360,3975125f14817bd7a919417e85ed97b36cf8871d395181fa86e07db11b386fdf
GLBX.MDP3-bbo-1s-f74333d6fba4a6e8.dbn.zst,bbo-1s,2020-01-14T18:06:00Z,2020-01-14T18:52:00Z,unscheduled arrival,8,7681,201857,a794a0b7e7f6f7bf216e3a5d31d03bff85ceefee61b3d1d1ce6ef22aa3890246
GLBX.MDP3-bbo-1s-bb6bb55f229af3bb.dbn.zst,bbo-1s,2020-01-17T18:09:00Z,2020-01-17T18:55:00Z,control day for an unscheduled arrival,8,7243,175587,e2d1bcedaf30fa6d003020d59605c1331f79c386d8beedce5e4fdd67831b8901
GLBX.MDP3-bbo-1s-91435c3f91ed5645.dbn.zst,bbo-1s,2020-01-21T18:06:00Z,2020-01-21T18:52:00Z,control day for an unscheduled arrival,8,7688,202234,13538eb56ec3bcc4f655e8dc53ed327b63ae6e512058b520b31b632e29424b23
GLBX.MDP3-bbo-1s-3531692eda8d4ee3.dbn.zst,bbo-1s,2020-01-22T18:30:00Z,2020-01-22T21:00:00Z,"control afternoon, 1:30-4:00 p.m.",8,24932,638381,d281304c44e934cb219f67b83bd6ce2eb9bd3379744982f8938cd8737d76f41e
GLBX.MDP3-bbo-1s-f85dcb7cf0e00969.dbn.zst,bbo-1s,2020-01-28T18:06:00Z,2020-01-28T18:52:00Z,control day for an unscheduled arrival,8,7628,196113,322275dd46732a1588a74574f62fd2207d8ad47b188a0055dd2fa6cce7180810
GLBX.MDP3-bbo-1s-92c09e713d74326c.dbn.zst,bbo-1s,2020-01-29T18:30:00Z,2020-01-29T21:00:00Z,"FOMC afternoon, 1:30-4:00 p.m.",8,25980,694165,92d56d72bc6099ad229f5e2e2e49602e4b834cdeb28b6bedd84b9d3bfd9cc997
GLBX.MDP3-bbo-1s-a81cecbca941c710.dbn.zst,bbo-1s,2020-02-05T18:30:00Z,2020-02-05T21:00:00Z,"control afternoon, 1:30-4:00 p.m.",8,25870,678074,86e627a9b4213473a57382d9b56bb048081476d4395ec3ebd65fcbb513392c7c
GLBX.MDP3-bbo-1s-b00fb910021e8c3a.dbn.zst,bbo-1s,2020-02-18T14:30:00Z,2020-02-18T15:16:00Z,control day for an unscheduled Federal Reserve announcement,8,8214,235402,dfbd0715e30126c4f22dd7b302111dd073f1c191c9cf3cd3e1d0718e60d9dec0
GLBX.MDP3-bbo-1s-26a01919599a4581.dbn.zst,bbo-1s,2020-02-25T14:30:00Z,2020-02-25T15:16:00Z,control day for an unscheduled Federal Reserve announcement,8,8276,247748,9e0e5c82aaf559c4777a0b847084c3f9f672808911235f5f254ec47196e65768
GLBX.MDP3-bbo-1s-117c2db7f4ac0849.dbn.zst,bbo-1s,2020-03-03T14:30:00Z,2020-03-03T15:16:00Z,unscheduled Federal Reserve announcement,8,8277,259648,bdd4856b54f428bc26637c1a854a844d7d9efb73a9389e187a2276f8ac702ff7
GLBX.MDP3-bbo-1s-714b7a3cdf5f661b.dbn.zst,bbo-1s,2020-03-05T12:30:00Z,2020-03-05T13:16:00Z,control day for an unscheduled Federal Reserve announcement,8,7749,202643,6a21cfd2f374767eab7975c7582f32684d3198859b332617b9fc02c8c90fa918
GLBX.MDP3-bbo-1s-5985f9c46d40434e.dbn.zst,bbo-1s,2020-03-10T14:30:00Z,2020-03-10T15:16:00Z,control day for an unscheduled Federal Reserve announcement,8,8275,248034,fd2663ea5179a8a22c19a35b3643544c84a801c4ebf3305037342eb715d6e73c
GLBX.MDP3-bbo-1s-c6e82ae63be9d12d.dbn.zst,bbo-1s,2020-03-12T12:30:00Z,2020-03-12T13:16:00Z,control day for an unscheduled Federal Reserve announcement,8,5169,120990,84f1b39ae4e217f5287e5453486dd9584bb4b4849f9841e5a176e38750ed2162
GLBX.MDP3-bbo-1s-d24556a8b34bb84b.dbn.zst,bbo-1s,2020-03-19T12:30:00Z,2020-03-19T13:16:00Z,unscheduled Federal Reserve announcement,8,7991,222651,8c64432a0f2e52eb79634db39491fc4a7f82acef5e8cdd6701d6553259f744d5
GLBX.MDP3-bbo-1s-8005325b73993de8.dbn.zst,bbo-1s,2020-03-23T11:30:00Z,2020-03-23T12:16:00Z,unscheduled Federal Reserve announcement,8,7777,220435,a2320909b5d3592fa8c5b9fd8d0a8a045c51faf182921d8e4291261676a61364
GLBX.MDP3-bbo-1s-1ac84c08f9d050a6.dbn.zst,bbo-1s,2020-03-24T12:00:00Z,2020-03-24T12:46:00Z,control day for an unscheduled Federal Reserve announcement,8,7725,207249,e6aee0afdc30326d24bd95aece33407b0d87c3c6cb079727fa479406a4d06f92
GLBX.MDP3-bbo-1s-545b20c8f4bbc369.dbn.zst,bbo-1s,2020-03-26T12:30:00Z,2020-03-26T13:16:00Z,control day for an unscheduled Federal Reserve announcement,8,8125,231398,54578b7c360fbc3bdd5c939ac1044045c2ff4936c2b388910496742240705903
GLBX.MDP3-bbo-1s-1ea97fbbf2397b0f.dbn.zst,bbo-1s,2020-03-30T11:30:00Z,2020-03-30T12:16:00Z,control day for an unscheduled Federal Reserve announcement,8,7131,181993,73f3fad8f059612662501b010a7f4e87bac7713f334312438acd71e6416af66c
GLBX.MDP3-bbo-1s-d54ecfeba681d637.dbn.zst,bbo-1s,2020-03-31T12:00:00Z,2020-03-31T12:46:00Z,unscheduled Federal Reserve announcement,8,7892,214337,a78d51385d5b09b8d05636ac57c13ff29ea6017505a28a6529925ec4fb6e446a
GLBX.MDP3-bbo-1s-d8e464a5cd537f47.dbn.zst,bbo-1s,2020-04-02T12:30:00Z,2020-04-02T13:16:00Z,control day for an unscheduled Federal Reserve announcement,8,8131,232566,cc2f4f53660356a1be0260d5415d1f6948461f80f91f3746bbf34066ba62af8c
GLBX.MDP3-bbo-1s-ceaeb09908b40a64.dbn.zst,bbo-1s,2020-04-06T11:30:00Z,2020-04-06T12:16:00Z,control day for an unscheduled Federal Reserve announcement,8,6591,163363,f056eb30ba0b6979a796888120220094dd7aa6d232cc9954c2d30879f35434a5
GLBX.MDP3-bbo-1s-d2bb2db4fc8ba218.dbn.zst,bbo-1s,2020-04-07T12:00:00Z,2020-04-07T12:46:00Z,control day for an unscheduled Federal Reserve announcement,8,7664,197925,29212cdfae2208e158281f9fc4b1578f6b643d9df03327694566df5303d2beb1
GLBX.MDP3-bbo-1s-8efd8fef8953cc4e.dbn.zst,bbo-1s,2020-04-14T12:00:00Z,2020-04-14T12:46:00Z,control day for an unscheduled Federal Reserve announcement,8,7574,194541,0c510a169ab8611b82a91177b882e3cf5125c4cf6243ba0779a2a53b62a7149d
GLBX.MDP3-bbo-1s-673e0c83926e8354.dbn.zst,bbo-1s,2020-04-22T17:30:00Z,2020-04-22T20:00:00Z,"control afternoon, 1:30-4:00 p.m.",8,24696,656642,e308a60fbe2bf515ab28400f787e39c214f96eb2c40918be28ec86a2e7c6f7c7
GLBX.MDP3-bbo-1s-140a58557e9ef4ab.dbn.zst,bbo-1s,2020-04-29T17:30:00Z,2020-04-29T20:00:00Z,"FOMC afternoon, 1:30-4:00 p.m.",8,25897,700094,1e4c05dbd45ed62b3ef910fecaebeea9ab213897c2c848d0cfd653ab78e9e2f0
GLBX.MDP3-bbo-1s-fdb3cdf08183469a.dbn.zst,bbo-1s,2020-05-06T17:30:00Z,2020-05-06T20:00:00Z,"control afternoon, 1:30-4:00 p.m.",8,25489,682540,4f2eaa71349f8da8c3c1fc382f704bacbfb9001738d839ff6fb2da236a7ddbe5
GLBX.MDP3-bbo-1s-d506f2833423fc95.dbn.zst,bbo-1s,2020-06-01T17:04:00Z,2020-06-01T17:50:00Z,control day for an unscheduled arrival,8,7293,185619,91a4aeae0d390af30bb3e02e567ff09b49fbd57a2c9a4faf95e6ffa492f19d9e
GLBX.MDP3-bbo-1s-c2236322068fe786.dbn.zst,bbo-1s,2020-06-03T17:30:00Z,2020-06-03T20:00:00Z,"control afternoon, 1:30-4:00 p.m.",8,24744,659303,327296277ef5c3badac4f1413753ea3bc1e433ad881f8aaa6932077aed1b9ed2
GLBX.MDP3-bbo-1s-acd06f9fc5ac22fa.dbn.zst,bbo-1s,2020-06-08T17:04:00Z,2020-06-08T17:50:00Z,unscheduled arrival,8,7585,197281,dc6e27214bc829c55eae47a38d824bb5bc043c2ef604f3ac330e27ff74e539e8
GLBX.MDP3-bbo-1s-14352c6e7afee441.dbn.zst,bbo-1s,2020-06-10T17:30:00Z,2020-06-10T20:00:00Z,"FOMC afternoon, 1:30-4:00 p.m.",8,26490,752339,4909b8ab95aaa8040950be08668abcd4fd4f964f0a9a63cae32a20f39a758455
GLBX.MDP3-bbo-1s-63febbcc0f03c062.dbn.zst,bbo-1s,2020-06-17T17:30:00Z,2020-06-17T20:00:00Z,"control afternoon, 1:30-4:00 p.m.",8,24939,662922,5cafa87a0867e56c9004574eef5073ec8e497dcede1f13577d9f6840b0b63a6e
GLBX.MDP3-bbo-1s-19af8599113eab9b.dbn.zst,bbo-1s,2020-06-22T17:04:00Z,2020-06-22T17:50:00Z,control day for an unscheduled arrival,8,7459,192100,c2356c8837a74df921a28d46ebcc9677544afa4bc124e85734f05541cdb72201
GLBX.MDP3-bbo-1s-c08f8f28ef7bef8f.dbn.zst,bbo-1s,2020-07-22T17:30:00Z,2020-07-22T20:00:00Z,"control afternoon, 1:30-4:00 p.m.",8,24492,651848,c968ddeccae3ee89eae23a8fffe08a573379a7cd36cd3941c1633e5f00fbfd07
GLBX.MDP3-bbo-1s-1c684dbcdbfbf0e4.dbn.zst,bbo-1s,2020-07-29T17:30:00Z,2020-07-29T20:00:00Z,"FOMC afternoon, 1:30-4:00 p.m.",8,25081,669824,91985bcdbf2f40315b10e971d12e772372d84f625272098bd9c3d08defc15955
GLBX.MDP3-bbo-1s-b0014a0ef5c6b4ee.dbn.zst,bbo-1s,2020-08-05T17:30:00Z,2020-08-05T20:00:00Z,"control afternoon, 1:30-4:00 p.m.",8,24010,611741,b59da748039c1fbbc3b1eded2febabaa0202de54f7013d04924f16edccd02fc9
GLBX.MDP3-bbo-1s-1a49fe6ffd2db64a.dbn.zst,bbo-1s,2020-08-13T12:40:00Z,2020-08-13T13:26:00Z,control day for an unscheduled Federal Reserve announcement,8,7652,191220,5861e90694b55e895962ac278167ca8b1ba9aebc8a1219ec302a570066b67be0
GLBX.MDP3-bbo-1s-efd1b0933d8e5207.dbn.zst,bbo-1s,2020-08-20T12:40:00Z,2020-08-20T13:26:00Z,control day for an unscheduled Federal Reserve announcement,8,7482,187287,8a1d4442f388da039edfc6a6b4aa4c21c11e53e684f41328a0e95d42102a1f68
GLBX.MDP3-bbo-1s-0fa688737ad0ee38.dbn.zst,bbo-1s,2020-08-27T12:40:00Z,2020-08-27T13:26:00Z,unscheduled Federal Reserve announcement,8,7850,209406,7852f0cb5fa3c567152572296a7cf91494e302f69502a0a1f7111d1cf938d738
GLBX.MDP3-bbo-1s-660c984c4ba1cdb0.dbn.zst,bbo-1s,2020-09-03T12:40:00Z,2020-09-03T13:26:00Z,control day for an unscheduled Federal Reserve announcement,8,7749,205066,1486494f905abd11368fc9f73a4d0571685b1ba3225a5f176887908da059d560
GLBX.MDP3-bbo-1s-c1b8f51445778b38.dbn.zst,bbo-1s,2020-09-09T17:30:00Z,2020-09-09T20:00:00Z,"control afternoon, 1:30-4:00 p.m.",8,24922,687267,1612c4f24d744d4a9daf84b4c819a592bf8516b52aa1f9b6acdc496d580558d3
GLBX.MDP3-bbo-1s-bdf0ef9b7a804251.dbn.zst,bbo-1s,2020-09-10T12:40:00Z,2020-09-10T13:26:00Z,control day for an unscheduled Federal Reserve announcement,8,7853,208065,8c52ca3e39594933b63b16d0d80e4310eb770a8efdd1177b9230891bbd1cb27d
GLBX.MDP3-bbo-1s-a604662be85ef3dc.dbn.zst,bbo-1s,2020-09-16T17:30:00Z,2020-09-16T20:00:00Z,"FOMC afternoon, 1:30-4:00 p.m.",8,25894,728939,5f6fd9d3b5ab55cc9043e7807780d30cc75e828194ea9c5f4db8a57c08ca7c82
GLBX.MDP3-bbo-1s-1b68c24e6143b5aa.dbn.zst,bbo-1s,2020-09-22T18:19:00Z,2020-09-22T19:05:00Z,control day for an unscheduled arrival,8,7457,204278,fbf8d6fc9b77e38bb955b5604da4d8906d89a59d2ddfe8b21b56ab673b119ef5
GLBX.MDP3-bbo-1s-4ae358862b40b4a0.dbn.zst,bbo-1s,2020-09-23T17:30:00Z,2020-09-23T20:00:00Z,"control afternoon, 1:30-4:00 p.m.",8,25536,715246,59e53fd93ee1068244e739d359236b67a65ca46084d2e71557b7a7fde5a0f88d
GLBX.MDP3-bbo-1s-2eadb89dbe10bb2f.dbn.zst,bbo-1s,2020-09-23T17:53:00Z,2020-09-23T18:39:00Z,control day for an unscheduled arrival,8,7836,217512,95ff3b420bf882a9f3666b87450182c75311e1156ebed148b585a505b69b7f2d
GLBX.MDP3-bbo-1s-0398ab98ac7dec0b.dbn.zst,bbo-1s,2020-09-29T18:19:00Z,2020-09-29T19:05:00Z,control day for an unscheduled arrival,8,7605,200049,cafcfc216e53d7f3e3fd728bb1c0379a0edef4edc4213e87bf2d4c9f679dbeaa
GLBX.MDP3-bbo-1s-289cb7ef96bd7516.dbn.zst,bbo-1s,2020-09-30T17:53:00Z,2020-09-30T18:39:00Z,unscheduled arrival,8,7844,218107,a10cb0af6722143e24c9b23fa69d62ac3060a34d8eb39df1e44878021bd94f10
GLBX.MDP3-bbo-1s-1e48e1307c364905.dbn.zst,bbo-1s,2020-10-06T18:19:00Z,2020-10-06T19:05:00Z,unscheduled arrival,8,7802,226149,0e112c80ba89e9da05f2476defa170463adbd25acee71b219510a1861f93f103
GLBX.MDP3-bbo-1s-8d24269c9878b084.dbn.zst,bbo-1s,2020-10-13T18:19:00Z,2020-10-13T19:05:00Z,control day for an unscheduled arrival,8,7684,213983,d5c32daabce149f1d8652c51fbcec55240325261c69a585cba33381b6fa8c593
GLBX.MDP3-bbo-1s-27d5ecdd1d533611.dbn.zst,bbo-1s,2020-10-14T17:53:00Z,2020-10-14T18:39:00Z,control day for an unscheduled arrival,8,7345,199250,0bfe01a780f4af034dfd0bdca4fcf87510f86d0f9033c1ea20c94d0c166cdf62
GLBX.MDP3-bbo-1s-949117d184b0c4c1.dbn.zst,bbo-1s,2020-10-20T18:19:00Z,2020-10-20T19:05:00Z,control day for an unscheduled arrival,8,7786,210374,414cd489258860f5e222c2640d2c0919987f41ace33d413f27888f2b8d0c1030
GLBX.MDP3-bbo-1s-3b603acd57a72d46.dbn.zst,bbo-1s,2020-10-29T17:30:00Z,2020-10-29T20:00:00Z,"control afternoon, 1:30-4:00 p.m.",8,25773,708863,12c8e8540b287750b412e3adbfa5c4d6e60bb7d7b090b6d69c655c3bb68180ca
GLBX.MDP3-bbo-1s-6204a0327f830645.dbn.zst,bbo-1s,2020-11-05T18:30:00Z,2020-11-05T21:00:00Z,"FOMC afternoon, 1:30-4:00 p.m.",8,24954,679450,19b376573d56f950c6d8a9af432701c0169e48ffccf8a6b9e2d9a039d76e2b8f
GLBX.MDP3-bbo-1s-68fa67c180ee90db.dbn.zst,bbo-1s,2020-11-19T18:30:00Z,2020-11-19T21:00:00Z,"control afternoon, 1:30-4:00 p.m.",8,24590,651936,d9de4a5feb5b260010bc7a5c2afc0be4cfa45a4d396765d1eb001792a5a719c7
GLBX.MDP3-bbo-1s-715eeef97325a520.dbn.zst,bbo-1s,2020-11-19T20:10:00Z,2020-11-19T20:56:00Z,control day for an unscheduled arrival,8,7572,204429,0cdd57f0616211290b34b080e5ebd4470abac96f4e488fb2be5f58d09972ea1d
GLBX.MDP3-bbo-1s-f3aa65b0fc0a0117.dbn.zst,bbo-1s,2020-12-03T20:10:00Z,2020-12-03T20:56:00Z,unscheduled arrival,8,7659,213453,e36476ae1273106df570778b3249695d63ba2475094b0128b7c4e9dcb307dbc8
GLBX.MDP3-bbo-1s-20941fee3d2c2da6.dbn.zst,bbo-1s,2020-12-09T18:30:00Z,2020-12-09T21:00:00Z,"control afternoon, 1:30-4:00 p.m.",8,25266,711928,361d319192db2db0c1f3cd166b838219668031363f7d0acaff302b1b1d2b6416
GLBX.MDP3-bbo-1s-7dd646dbd5565fdb.dbn.zst,bbo-1s,2020-12-10T20:10:00Z,2020-12-10T20:56:00Z,control day for an unscheduled arrival,8,7316,198541,a4dacef8c472defe7d0beaff319b7232ba6542e7ed03bdb8dedd2bd739cad5be
GLBX.MDP3-bbo-1s-c08015769c144e68.dbn.zst,bbo-1s,2020-12-16T18:30:00Z,2020-12-16T21:00:00Z,"FOMC afternoon, 1:30-4:00 p.m.",8,25659,698021,9933531fc9cee957bc3190ce95facd9e2e9d08c63b43201122c2e0d4b82db4a2
GLBX.MDP3-bbo-1s-8f660d5489772a1b.dbn.zst,bbo-1s,2020-12-17T20:10:00Z,2020-12-17T20:56:00Z,control day for an unscheduled arrival,8,7350,200553,9f23311999ebedc590098624e0fad44913f28a1b138e2a18edb7f6c1caff5025
GLBX.MDP3-bbo-1s-fb59c3e375f300ab.dbn.zst,bbo-1s,2020-12-23T18:30:00Z,2020-12-23T21:00:00Z,"control afternoon, 1:30-4:00 p.m.",8,23816,612555,2fdb6923f4712567380cb27f5d5311e77fbc56caf6a4f418ed693de43336d5cb
GLBX.MDP3-bbo-1s-06393d83aec358dc.dbn.zst,bbo-1s,2021-01-12T18:56:00Z,2021-01-12T19:42:00Z,control day for an unscheduled arrival,8,7981,215108,0219c20d3faf4f3dfb38c9bada1e9bd9225b6b182e2afb181fe43e6425e34d9f
GLBX.MDP3-bbo-1s-3a7278fb4ae4d16e.dbn.zst,bbo-1s,2021-01-19T18:56:00Z,2021-01-19T19:42:00Z,control day for an unscheduled arrival,8,7498,191938,321acd8e334603bc725612a2d2188b5501a2f8890524d65ffe5200b045775c9e
GLBX.MDP3-bbo-1s-8b2c94884a52cbf2.dbn.zst,bbo-1s,2021-01-20T18:30:00Z,2021-01-20T21:00:00Z,"control afternoon, 1:30-4:00 p.m.",8,25445,669626,beeafbcf631db6bf68d50b2bb616cb25c57c250699e73a72a0e385b2f9f663e1
GLBX.MDP3-bbo-1s-1d36379f2587e5a5.dbn.zst,bbo-1s,2021-01-26T18:56:00Z,2021-01-26T19:42:00Z,unscheduled arrival,8,7491,193421,f43b7d3facbdc334cf87ed87feaadd6185e9c2ffcbdc4c11661153541ce9b512
GLBX.MDP3-bbo-1s-8b330667270e4bb8.dbn.zst,bbo-1s,2021-01-27T18:30:00Z,2021-01-27T21:00:00Z,"FOMC afternoon, 1:30-4:00 p.m.",8,26098,737035,9da4783c52a62f10b52ac892d50b8dfb1e8e256fd21ec7b01af3739f160c8806
GLBX.MDP3-bbo-1s-03456bb9ecdd873e.dbn.zst,bbo-1s,2021-02-02T18:56:00Z,2021-02-02T19:42:00Z,control day for an unscheduled arrival,8,7473,195422,69b5434995716166a384f462ff6437f9db7bcf758412255abb5b4c7892989213
GLBX.MDP3-bbo-1s-d2e9a1beb98d8a5e.dbn.zst,bbo-1s,2021-02-03T18:30:00Z,2021-02-03T21:00:00Z,"control afternoon, 1:30-4:00 p.m.",8,24845,658829,b674b5a6606bd974a23df0621acbcd3c6a734fb8aa1ff108813bbccdb918015a
GLBX.MDP3-bbo-1s-2dc288636f170daf.dbn.zst,bbo-1s,2021-02-09T18:56:00Z,2021-02-09T19:42:00Z,control day for an unscheduled arrival,8,7563,189670,ba5d39e69fa2ff2899179480d6199d78fa8959a7d0f22f42d0146ab0fe277166
GLBX.MDP3-bbo-1s-3760077762c6d7ad.dbn.zst,bbo-1s,2021-03-17T17:30:00Z,2021-03-17T20:00:00Z,"FOMC afternoon, 1:30-4:00 p.m.",8,26513,772066,d32e0961d75b2cc794eb68009e38f2f965aa97030eae6cd604b386d8ffc99496
GLBX.MDP3-bbo-1s-b097583c12af3534.dbn.zst,bbo-1s,2021-03-24T17:30:00Z,2021-03-24T20:00:00Z,"control afternoon, 1:30-4:00 p.m.",8,25677,717303,c7df5b674838fbf18b68d9e5cb903c3167072a3cf9b7b430c3eafce6afdff74b
GLBX.MDP3-bbo-1s-bc8ceeb898485e4e.dbn.zst,bbo-1s,2021-04-21T17:30:00Z,2021-04-21T20:00:00Z,"control afternoon, 1:30-4:00 p.m.",8,24366,643868,f40a0ffda2068ebb58d8b0b39e81c1ae101ca0c1874ace2e521a88010a197301
GLBX.MDP3-bbo-1s-7dc1402f6068e59b.dbn.zst,bbo-1s,2021-04-28T17:30:00Z,2021-04-28T20:00:00Z,"FOMC afternoon, 1:30-4:00 p.m.",8,25540,701784,9416e6f178cd199789631fce47f644c5a587e36e6451ad0e8856d0a3f575381e
GLBX.MDP3-bbo-1s-6ca9331a408ac26b.dbn.zst,bbo-1s,2021-05-05T17:30:00Z,2021-05-05T20:00:00Z,"control afternoon, 1:30-4:00 p.m.",8,24573,669287,2fbe3297a537801820fe079bb73b6dcc49185d02ef5439ba76dc5446eadc007a
GLBX.MDP3-bbo-1s-26d484ec89637f76.dbn.zst,bbo-1s,2021-05-07T18:08:00Z,2021-05-07T18:54:00Z,control day for an unscheduled arrival,8,7441,202041,6cfa101f3bd25b4c9bdca753f64c93b411258e0e111f13a7cd430980def4501a
GLBX.MDP3-bbo-1s-22356fa943b4087a.dbn.zst,bbo-1s,2021-05-13T14:20:00Z,2021-05-13T15:06:00Z,control day for an unscheduled arrival,8,8125,233699,a37b14385e8b1e5715b951ce70e7df7aab4bfadbf1ac3eaffbf51dc1090bcde4
GLBX.MDP3-bbo-1s-37c5cb3853ad96b5.dbn.zst,bbo-1s,2021-05-13T17:23:00Z,2021-05-13T18:09:00Z,control day for an unscheduled arrival,8,7743,218917,440b2429f49b1fe599a54e8a3a0bad5a24613192fc7bbd5e757f96ecbe4855d2
GLBX.MDP3-bbo-1s-e374a27b60bc4c74.dbn.zst,bbo-1s,2021-05-14T18:08:00Z,2021-05-14T18:54:00Z,control day for an unscheduled arrival,8,7399,194966,be29db023ae926cb6419f726048efd8f93e445a5520ba020be5bda44cc22730a
GLBX.MDP3-bbo-1s-18f2c18a0c8e3c34.dbn.zst,bbo-1s,2021-05-20T14:20:00Z,2021-05-20T15:06:00Z,control day for an unscheduled arrival,8,8019,221754,800652ed0242a336ba50cc4929d2c7bd5af75cbd18a9124d26192fb194782c37
GLBX.MDP3-bbo-1s-0567a0f6bfcd569f.dbn.zst,bbo-1s,2021-05-20T17:23:00Z,2021-05-20T18:09:00Z,unscheduled arrival,8,7456,198277,e10609a11d7135930ffdeda748cbfe92a41c82a45318ed6cbcf01847d19d36e7
GLBX.MDP3-bbo-1s-ed20af7f61800e0e.dbn.zst,bbo-1s,2021-05-21T18:08:00Z,2021-05-21T18:54:00Z,unscheduled arrival,8,7219,192584,dfbf92f1046d855369ccc5263719c966003de373422ab5221050328ee57dcc8e
GLBX.MDP3-bbo-1s-dbd1dc107f803fbf.dbn.zst,bbo-1s,2021-05-27T14:20:00Z,2021-05-27T15:06:00Z,unscheduled arrival,8,7560,208148,c02fe60a0c624f812a64ae93948075840284329946a990a94935076fedc1f0a5
GLBX.MDP3-bbo-1s-0227be91169f4cf6.dbn.zst,bbo-1s,2021-05-27T17:23:00Z,2021-05-27T18:09:00Z,control day for an unscheduled arrival,8,6884,182723,64a217ad1b75e600d9035cd183d1b21d7bd6ad6db800c9a245612999f03ea4b5
GLBX.MDP3-bbo-1s-54920a4857c35cd6.dbn.zst,bbo-1s,2021-05-28T18:08:00Z,2021-05-28T18:54:00Z,control day for an unscheduled arrival,8,6456,165135,3434924db0652154609e835265bc850cc0410899bce893050d51d609d109acd1
GLBX.MDP3-bbo-1s-3061c5148e469345.dbn.zst,bbo-1s,2021-06-03T14:20:00Z,2021-06-03T15:06:00Z,control day for an unscheduled arrival,8,7972,226730,719d09972dd898a22c691df43705019a3a664e8cb05eb652e9a3aec48fbb71f2
GLBX.MDP3-bbo-1s-876c9bbcb4d8c662.dbn.zst,bbo-1s,2021-06-03T17:23:00Z,2021-06-03T18:09:00Z,control day for an unscheduled arrival,8,7592,199705,8cc943fa5a2455356eb2355f940e7695bf3886c3103124fdb893f35395cd5edc
GLBX.MDP3-bbo-1s-c57bbddb95d511e9.dbn.zst,bbo-1s,2021-06-04T18:08:00Z,2021-06-04T18:54:00Z,control day for an unscheduled arrival,8,7256,183763,ff160b40ceb91aacc31a9777c79b48e7afc90a72ba6f651e481186081a67c089
GLBX.MDP3-bbo-1s-2401f27a2b34cd10.dbn.zst,bbo-1s,2021-06-09T17:30:00Z,2021-06-09T20:00:00Z,"control afternoon, 1:30-4:00 p.m.",8,24123,624757,5433e07b735e7d5d6eeb58a4275a03854db129a2b05d74504d1dde1b04020aae
GLBX.MDP3-bbo-1s-33ea3f5939f4c1bd.dbn.zst,bbo-1s,2021-06-10T14:20:00Z,2021-06-10T15:06:00Z,control day for an unscheduled arrival,8,7980,227666,29c1f584f2a0a4b02512cc91eefc286361530e1e310cd75abfbac64aad72858a
GLBX.MDP3-bbo-1s-a868a00e2c318e3f.dbn.zst,bbo-1s,2021-06-16T17:30:00Z,2021-06-16T20:00:00Z,"FOMC afternoon, 1:30-4:00 p.m.",8,26251,766728,9e544f3b25b225c14a98d5d40cca29a74178406ec5487eb67acac593b60dcb94
GLBX.MDP3-bbo-1s-f4ecc279d042e676.dbn.zst,bbo-1s,2021-06-23T17:30:00Z,2021-06-23T20:00:00Z,"control afternoon, 1:30-4:00 p.m.",8,24047,613031,07f7d49601f0230c65e3676e3d057761f92bd6c0638b89aa2b6f631a298ab99f
GLBX.MDP3-bbo-1s-87137907224a05ca.dbn.zst,bbo-1s,2021-07-21T17:30:00Z,2021-07-21T20:00:00Z,"control afternoon, 1:30-4:00 p.m.",8,25322,651725,05143cf2faaf098bed4c92f407a1d3e2b90ea5141dc78a6fde8ba2868181d1a8
GLBX.MDP3-bbo-1s-10a38ef2246aa8e1.dbn.zst,bbo-1s,2021-07-28T17:30:00Z,2021-07-28T20:00:00Z,"FOMC afternoon, 1:30-4:00 p.m.",8,26265,736832,f9ac34d25b5ce914d6ad5f3609e5c9943c5370ccc963c27554109804dba80435
GLBX.MDP3-bbo-1s-079a7ac2c5b2ceff.dbn.zst,bbo-1s,2021-08-04T17:30:00Z,2021-08-04T20:00:00Z,"control afternoon, 1:30-4:00 p.m.",8,24453,645865,dbff0029b731710f8b15c05d57daed379d988629c004465b8e329b217a3528b1
GLBX.MDP3-bbo-1s-794d75915ec78949.dbn.zst,bbo-1s,2021-08-26T16:50:00Z,2021-08-26T17:36:00Z,control day for an unscheduled arrival,8,7782,210024,01c14e4272a53ea7d6888786747a1ba2de68e8fb70d4dfe54d257c045617e7c5
GLBX.MDP3-bbo-1s-6e1d2a04c27261e1.dbn.zst,bbo-1s,2021-09-02T16:50:00Z,2021-09-02T17:36:00Z,control day for an unscheduled arrival,8,7376,194767,d67aadcbb42b7e94c78cbabf3cb57a0b564c0eaf44f411b8c085f395ab9548c6
GLBX.MDP3-bbo-1s-fddb60e80b71558a.dbn.zst,bbo-1s,2021-09-09T16:50:00Z,2021-09-09T17:36:00Z,unscheduled arrival,8,8075,225281,dba51da4c6747e2135431c63fd4c7f25c689888678b48594c73006e244f50cc1
GLBX.MDP3-bbo-1s-0832b7a139e47a78.dbn.zst,bbo-1s,2021-09-15T17:30:00Z,2021-09-15T20:00:00Z,"control afternoon, 1:30-4:00 p.m.",8,24182,656177,b0aa4954a8579d25e5eee54045eac2bf42c8fdd3d027936df4e490391c381acc
GLBX.MDP3-bbo-1s-778abd01ecc0018d.dbn.zst,bbo-1s,2021-09-16T16:50:00Z,2021-09-16T17:36:00Z,control day for an unscheduled arrival,8,7375,193706,83cef2a9b8dfc87ecb446101a0e2062db968a4db27cc854725b98ccd87f58a06
GLBX.MDP3-bbo-1s-8e4440745fad0eb7.dbn.zst,bbo-1s,2021-09-22T17:30:00Z,2021-09-22T20:00:00Z,"FOMC afternoon, 1:30-4:00 p.m.",8,26156,755948,4fb6f53acc85b1159e2296264956d7600c18cd60b534744892f14e033e7073a5
GLBX.MDP3-bbo-1s-4f09645ddedb6b05.dbn.zst,bbo-1s,2021-09-23T16:50:00Z,2021-09-23T17:36:00Z,control day for an unscheduled arrival,8,7665,202772,f4ceb0896ece5bc72dcfb264e1fa21ce89a3258f9856c0282c955b617eda3a8d
GLBX.MDP3-bbo-1s-555f952236140f16.dbn.zst,bbo-1s,2021-09-29T17:30:00Z,2021-09-29T20:00:00Z,"control afternoon, 1:30-4:00 p.m.",8,25786,714128,89d5d0a2e8f9f43f2d566f8fdf7a76b1ac7ba902ebfeab0d1a4fe7f03895f425
GLBX.MDP3-bbo-1s-c0a28ee3d43dd6a0.dbn.zst,bbo-1s,2021-10-12T15:04:00Z,2021-10-12T15:50:00Z,control day for an unscheduled arrival,8,8111,225357,83462f9ae624a438f83e88b664c1fc967b23671f4cc7c47a4decd142f8920fcd
GLBX.MDP3-bbo-1s-0372feae8a5decf7.dbn.zst,bbo-1s,2021-10-14T15:19:00Z,2021-10-14T16:05:00Z,control day for an unscheduled arrival,8,8020,217221,a238f9862a58381f4376398f50b3268eef821f0e861386e1e613dd2a46a8dbe4
GLBX.MDP3-bbo-1s-66a1f99fd38d4eac.dbn.zst,bbo-1s,2021-10-19T15:04:00Z,2021-10-19T15:50:00Z,control day for an unscheduled arrival,8,8014,216100,18eb43d43c5ed778a04d35cf98741e87a4ef605ed25171f5b9c2cde8f1556bc6
GLBX.MDP3-bbo-1s-5bb82afa59b0ead7.dbn.zst,bbo-1s,2021-10-21T15:19:00Z,2021-10-21T16:05:00Z,control day for an unscheduled arrival,8,7831,216828,953c13a85641b758c12740b18003e86e300e27526151afe0456291e672a2ddb8
GLBX.MDP3-bbo-1s-f1307c37dfabd93f.dbn.zst,bbo-1s,2021-10-26T15:04:00Z,2021-10-26T15:50:00Z,unscheduled arrival,8,7800,219123,602612f15764be34b72a4b3d35b155b904b2193f943fd9ad7de06ca65dc22cec
GLBX.MDP3-bbo-1s-2714940b109b67fa.dbn.zst,bbo-1s,2021-10-27T17:30:00Z,2021-10-27T20:00:00Z,"control afternoon, 1:30-4:00 p.m.",8,25521,696925,35dcd91ae963c553edfd1c824bf923295a294cd6fb6d06427e21e37c9444522d
GLBX.MDP3-bbo-1s-1c876207c85e0578.dbn.zst,bbo-1s,2021-10-28T15:19:00Z,2021-10-28T16:05:00Z,unscheduled arrival,8,8112,225773,05c1c83b9803904cd68a4a19356e22fdec9b50aa01abd35e4def13422dc5de2a
GLBX.MDP3-bbo-1s-818dddf21a681123.dbn.zst,bbo-1s,2021-11-02T15:04:00Z,2021-11-02T15:50:00Z,control day for an unscheduled arrival,8,8108,225250,282947deef391e74f2662ccbfd439bc81b20da318b751b5cd2d38de5107b7576
GLBX.MDP3-bbo-1s-a0551983dc5110c7.dbn.zst,bbo-1s,2021-11-03T17:30:00Z,2021-11-03T20:00:00Z,"FOMC afternoon, 1:30-4:00 p.m.",8,26298,741961,9b94f8098ee3534d06f8f006d46419985eca8bff7cd4ab3146cd4683482b0158
GLBX.MDP3-bbo-1s-9ca99256c099ec57.dbn.zst,bbo-1s,2021-11-04T15:19:00Z,2021-11-04T16:05:00Z,control day for an unscheduled arrival,8,8095,230800,072242423a1af2daddde32076968e2f5e1878c17f9f4b88b3a2c7bc87230313b
GLBX.MDP3-bbo-1s-ed63f4b14710576b.dbn.zst,bbo-1s,2021-11-05T17:08:00Z,2021-11-05T17:54:00Z,control day for an unscheduled arrival,8,7794,222063,3c5a01d3c7332c070170eac0c5c54a77450c9a6ebc99bfb8f58a2ba09e95e13e
GLBX.MDP3-bbo-1s-69df99c9dd26fcbb.dbn.zst,bbo-1s,2021-11-11T15:19:00Z,2021-11-11T16:05:00Z,control day for an unscheduled arrival,8,7509,209312,993d359669beb6c78731e7dc02da0d8e1e692bb818c4bf9be66b9daf73563e14
GLBX.MDP3-bbo-1s-9f0a6ffbc1f346cc.dbn.zst,bbo-1s,2021-11-12T17:08:00Z,2021-11-12T17:54:00Z,control day for an unscheduled arrival,8,7718,204969,a23dc0b56cd36a46c33425eedd2dc0c9bedae27d8cf1db5e66a7333154f54a8e
GLBX.MDP3-bbo-1s-3e70f25c722abe82.dbn.zst,bbo-1s,2021-11-16T15:05:00Z,2021-11-16T15:51:00Z,control day for an unscheduled arrival,8,8109,228646,ffaba43907d26429dd263a7f8d679cde5785895d778c196b3b46cc3158b93473
GLBX.MDP3-bbo-1s-d136172a485d8512.dbn.zst,bbo-1s,2021-11-17T18:30:00Z,2021-11-17T21:00:00Z,"control afternoon, 1:30-4:00 p.m.",8,24645,663296,e3debdc5cb51f4e93eefecc584c818223f3cf181894405d78bed1513898ebf9a
GLBX.MDP3-bbo-1s-0efb64c40eb8d615.dbn.zst,bbo-1s,2021-11-19T17:08:00Z,2021-11-19T17:54:00Z,unscheduled arrival,8,7817,215248,3607f61d285091ba75ff47252431e674611816f02880707b4b6aefd817ff3591
GLBX.MDP3-bbo-1s-a15dc00ba21f8a4f.dbn.zst,bbo-1s,2021-11-23T15:05:00Z,2021-11-23T15:51:00Z,control day for an unscheduled arrival,8,8196,240717,dc7a5d173a30873cf9eeddb1b0e6869384186c006a169816409ebc1e4471ab82
GLBX.MDP3-bbo-1s-8f98b4962996b113.dbn.zst,bbo-1s,2021-11-26T17:08:00Z,2021-11-26T17:54:00Z,control day for an unscheduled arrival,8,7908,226086,c321f66d134b45558b9e6690413809cdf8faec8515cb3a3000bdc2b2fed3b321
GLBX.MDP3-bbo-1s-93a1832e6f073a44.dbn.zst,bbo-1s,2021-11-30T15:05:00Z,2021-11-30T15:51:00Z,unscheduled arrival,8,7875,226529,5b6cdf3239f391ed51af11740570d4298d7ea09516ecd8c00f71cef9577f3e8b
GLBX.MDP3-bbo-1s-bec93c2976a90388.dbn.zst,bbo-1s,2021-12-03T17:08:00Z,2021-12-03T17:54:00Z,control day for an unscheduled arrival,8,8061,234962,7443022f5754d5a24fdaa2c95692a4a4f6f695f17e3bd2215d6ed2e652a2d6e6
GLBX.MDP3-bbo-1s-67ee5c9bd18ca7c0.dbn.zst,bbo-1s,2021-12-07T15:05:00Z,2021-12-07T15:51:00Z,control day for an unscheduled arrival,8,8103,232482,47a7020f52381b3de40e36b890ffbe6506639a892cb5565bd9df53de75c6e8c4
GLBX.MDP3-bbo-1s-c73441da8676b58f.dbn.zst,bbo-1s,2021-12-08T18:30:00Z,2021-12-08T21:00:00Z,"control afternoon, 1:30-4:00 p.m.",8,25221,680685,bbe1ebf3543f64513faa62de480a41a6d9bbf73532fa35f7c3357f196984efcb
GLBX.MDP3-bbo-1s-8a8f154915ccfd90.dbn.zst,bbo-1s,2021-12-14T15:05:00Z,2021-12-14T15:51:00Z,control day for an unscheduled arrival,8,8142,239473,4dec35d6a6889c9c5446c8f58d746fdddfb831385d79397aa441c7d2f99a1694
GLBX.MDP3-bbo-1s-239b1c065ebfba32.dbn.zst,bbo-1s,2021-12-15T18:30:00Z,2021-12-15T21:00:00Z,"FOMC afternoon, 1:30-4:00 p.m.",8,26428,784800,5bde68f20ea4fd3fe851ad29b3718ea975f2bbb1c79fd221b78d5e2b460d4221
GLBX.MDP3-bbo-1s-6b50a3f224ab279d.dbn.zst,bbo-1s,2021-12-22T18:30:00Z,2021-12-22T21:00:00Z,"control afternoon, 1:30-4:00 p.m.",8,24118,653328,e46a89686627b2de5bdf8759235ca6cde31a91851a9caf51d1806535f16db0bb
GLBX.MDP3-bbo-1s-ff733e036a82170f.dbn.zst,bbo-1s,2022-01-19T18:30:00Z,2022-01-19T21:00:00Z,"control afternoon, 1:30-4:00 p.m.",8,25681,725651,e58477967c337c0c2a615465195a15ce508b615f205b46bb48c9e84b99b5bce2
GLBX.MDP3-bbo-1s-bfba7c6eae9cd37c.dbn.zst,bbo-1s,2022-01-26T18:30:00Z,2022-01-26T21:00:00Z,"FOMC afternoon, 1:30-4:00 p.m.",8,26707,829291,868d199d7d5ed6a331766e2332e0230f76af394d85e62845014729ecc4ddbf26
GLBX.MDP3-bbo-1s-d29356bd7a82e35e.dbn.zst,bbo-1s,2022-01-28T18:07:00Z,2022-01-28T18:53:00Z,control day for an unscheduled arrival,8,7790,220698,c96a5953009cec01c27bfd0408b9f1fbcd36746d57e5f08a1530c4d18befa7dc
GLBX.MDP3-bbo-1s-8ab991dc946510fa.dbn.zst,bbo-1s,2022-02-02T18:30:00Z,2022-02-02T21:00:00Z,"control afternoon, 1:30-4:00 p.m.",8,25419,709756,0c0aab674f9d26b5b8b7045fafed4ebf2f10e8269d39b18746e85b3a9690d77d
GLBX.MDP3-bbo-1s-f1425e48e741ebe4.dbn.zst,bbo-1s,2022-02-04T18:07:00Z,2022-02-04T18:53:00Z,control day for an unscheduled arrival,8,7861,217933,a241f7e505893ff48bf9c4aab0d6b7958138fd12fbdf8918dd704b7fd05cff0e
GLBX.MDP3-bbo-1s-7111cfbb6aeede1b.dbn.zst,bbo-1s,2022-02-11T12:39:00Z,2022-02-11T13:25:00Z,control day for an unscheduled arrival,8,7878,205385,253d2e20677717f4c443f4caaa3bcad2401deefceed3fbb70b38811e350d9d51
GLBX.MDP3-bbo-1s-b8c5dcc658d71ee6.dbn.zst,bbo-1s,2022-02-11T18:07:00Z,2022-02-11T18:53:00Z,unscheduled arrival,8,8132,244763,9d5f014337e0053b425ee8c9b87646f477c7fda7aa7983169d80d0cc7bca128e
GLBX.MDP3-bbo-1s-0f675b11c30e7b0b.dbn.zst,bbo-1s,2022-02-18T12:39:00Z,2022-02-18T13:25:00Z,unscheduled arrival,8,7330,186949,6922bf40de4ccdaa07206272b7e95e35e3600d087e543b086edcdc5226ce8fc3
GLBX.MDP3-bbo-1s-50d748a73579b2de.dbn.zst,bbo-1s,2022-02-18T18:07:00Z,2022-02-18T18:53:00Z,control day for an unscheduled arrival,8,7879,219841,d0076bd601ce58ca3d743053b042e1c2b430e3977a9fc4e5d1aceb58b52fc5e9
GLBX.MDP3-bbo-1s-8c0ffb00901a1d5c.dbn.zst,bbo-1s,2022-02-23T13:38:00Z,2022-02-23T14:24:00Z,control day for an unscheduled arrival,8,7831,200984,ef16b99085fa8cce964e2006a0b1a659dccbb220f48f44c2a0f8ae68956d3261
GLBX.MDP3-bbo-1s-639f17034476103f.dbn.zst,bbo-1s,2022-02-25T12:39:00Z,2022-02-25T13:25:00Z,control day for an unscheduled arrival,8,7710,212788,b9763d17e8130e0eb3eb2eef7696e6bf81ce3fb3fd1b4ae7c8cc376f1f180eae
GLBX.MDP3-bbo-1s-bb7fc559b2f7fd34.dbn.zst,bbo-1s,2022-02-25T18:07:00Z,2022-02-25T18:53:00Z,control day for an unscheduled arrival,8,7100,202604,1a1013300f37b09db366b8c91120d4923d26196f07fcc526b7c57286b9df4dbb
GLBX.MDP3-bbo-1s-7df68004b4d9e368.dbn.zst,bbo-1s,2022-03-02T13:38:00Z,2022-03-02T14:24:00Z,control day for an unscheduled arrival,8,8127,218876,0a402833beebd966739fadfbe9c7ecce6a5fb20650ed192e059336e8b0287edd
GLBX.MDP3-bbo-1s-af3b55b34bc62cc7.dbn.zst,bbo-1s,2022-03-04T12:39:00Z,2022-03-04T13:25:00Z,control day for an unscheduled arrival,8,7803,201737,bae845cf78dd8069c1c4a3458aa8ffedde488bdb15e58d93d3b3922153ceb9a6
GLBX.MDP3-bbo-1s-3b27f47fbbca2499.dbn.zst,bbo-1s,2022-03-09T13:38:00Z,2022-03-09T14:24:00Z,unscheduled arrival,8,8117,224310,43a05e691513844ce15546bd755ee1ea8d86c0dcb87d005914b0718ef784f19b
GLBX.MDP3-bbo-1s-6ac773d45e719bb9.dbn.zst,bbo-1s,2022-03-09T18:30:00Z,2022-03-09T21:00:00Z,"control afternoon, 1:30-4:00 p.m.",8,26282,735553,83bf85f04c231f90166ea3c0d2bde5e275f6df86efe4be22d6cf679c810f2746
GLBX.MDP3-bbo-1s-f9b0720e4f471b26.dbn.zst,bbo-1s,2022-03-16T13:38:00Z,2022-03-16T14:24:00Z,control day for an unscheduled arrival,8,8186,240970,35e5f6dd58908c86f41f30e1de1d9dd5115c44603f826dcd4519b937687e2e1b
GLBX.MDP3-bbo-1s-5b265488543585b1.dbn.zst,bbo-1s,2022-03-16T17:30:00Z,2022-03-16T20:00:00Z,"FOMC afternoon, 1:30-4:00 p.m.",8,26786,798976,ca625e8d69e6e90a1adc78ecaec9248a4fce064abf0561a7f87d0d45231bfca7
GLBX.MDP3-bbo-1s-86cc1348d5b1f1f0.dbn.zst,bbo-1s,2022-03-23T13:38:00Z,2022-03-23T14:24:00Z,control day for an unscheduled arrival,8,8157,238484,3319027607d184ba7e1712b1e976edd5bcc20b252ca185460386fe730660aa7a
GLBX.MDP3-bbo-1s-32dafdc01dab1631.dbn.zst,bbo-1s,2022-03-23T17:30:00Z,2022-03-23T20:00:00Z,"control afternoon, 1:30-4:00 p.m.",8,25810,723017,fddb6547f6f40e0ac06c48cafa890da830f0d0d78e2564c042cb23dd6851729f
GLBX.MDP3-bbo-1s-9523077cde9929fa.dbn.zst,bbo-1s,2022-04-27T17:30:00Z,2022-04-27T20:00:00Z,"control afternoon, 1:30-4:00 p.m.",8,26171,747869,a3bdb3e64d482551b6bd1b5bfcf8f9a756af9dd09aac17db0eb864b44e342082
GLBX.MDP3-bbo-1s-f51258e9180f28cd.dbn.zst,bbo-1s,2022-05-04T17:30:00Z,2022-05-04T20:00:00Z,"FOMC afternoon, 1:30-4:00 p.m.",8,26498,797715,c2e1c5cdbcfa12ab131e84867f94e89751cee576aadd7e90bee37bf6e5e601ca
GLBX.MDP3-bbo-1s-5f651a2febe18e3d.dbn.zst,bbo-1s,2022-05-18T17:30:00Z,2022-05-18T20:00:00Z,"control afternoon, 1:30-4:00 p.m.",8,26040,744653,c8e6306843245f882db7206b64d937b0ad6dd37fd1afaa6d7fdd02a5f2b5cc65
GLBX.MDP3-bbo-1s-2a8776cf53fca0e9.dbn.zst,bbo-1s,2022-06-08T17:30:00Z,2022-06-08T20:00:00Z,"control afternoon, 1:30-4:00 p.m.",8,25299,711396,662a8411a7a664029422fa04c6cc23098953b0305b1246ac81d37cc5092ad02b
GLBX.MDP3-bbo-1s-47cfab667cbb9bcb.dbn.zst,bbo-1s,2022-06-15T17:30:00Z,2022-06-15T20:00:00Z,"FOMC afternoon, 1:30-4:00 p.m.",8,26654,804050,0d2896b31731c495af37bd66b4d196c963c1a1d9b712cd776ec44f7a2ab375e4
GLBX.MDP3-bbo-1s-8a976b190079c375.dbn.zst,bbo-1s,2022-06-22T17:30:00Z,2022-06-22T20:00:00Z,"control afternoon, 1:30-4:00 p.m.",8,25663,712870,83b2a75a193c3e3bde98b9ad3f049f9bc696396ed8fe3464532b2bf84beb7d39
GLBX.MDP3-bbo-1s-b68e40bdd9a25372.dbn.zst,bbo-1s,2022-07-20T17:30:00Z,2022-07-20T20:00:00Z,"control afternoon, 1:30-4:00 p.m.",8,25550,709946,85952d5ac605de1228433cb52a3da3b91a992c63f54a1273c1a56f0354ced179
GLBX.MDP3-bbo-1s-2326c81ea04ad96b.dbn.zst,bbo-1s,2022-07-27T17:30:00Z,2022-07-27T20:00:00Z,"FOMC afternoon, 1:30-4:00 p.m.",8,26369,760731,f8b529f33b2db748f9cd08841b33eeb710d570f927cb7cfe5e792c10710eb287
GLBX.MDP3-bbo-1s-3607bc4b4b728d2b.dbn.zst,bbo-1s,2022-08-03T17:30:00Z,2022-08-03T20:00:00Z,"control afternoon, 1:30-4:00 p.m.",8,26052,722787,3f98cc5ec4db1f1290a00d6e36c0a2e38ecaba70d55a0a81550511b153c8ca2a
GLBX.MDP3-bbo-1s-37841102b3120fda.dbn.zst,bbo-1s,2022-09-14T17:30:00Z,2022-09-14T20:00:00Z,"control afternoon, 1:30-4:00 p.m.",8,25420,723817,56d004a498f3b63043bd83c8e8f23d5a8fff97527727719bf5a0414f38b6c28d
GLBX.MDP3-bbo-1s-6545372e1948a23c.dbn.zst,bbo-1s,2022-09-21T17:30:00Z,2022-09-21T20:00:00Z,"FOMC afternoon, 1:30-4:00 p.m.",8,26517,801994,24a9b7050c6abbf7aa1def5852a50fb811abd1221987ae4ab64df6bc33776b28
GLBX.MDP3-bbo-1s-ca22f47d32245b8c.dbn.zst,bbo-1s,2022-09-28T17:30:00Z,2022-09-28T20:00:00Z,"control afternoon, 1:30-4:00 p.m.",8,26172,743751,54e4a52b6fa57697aedb0b7a0ead82ad58227e3caea856abcaf2c5f15ec74fa8
GLBX.MDP3-bbo-1s-0c434b25a0fda262.dbn.zst,bbo-1s,2022-09-29T14:50:00Z,2022-09-29T15:36:00Z,control day for an unscheduled arrival,8,8237,242890,8bccd2737ecf7207e3db2c417d282a3714991c3802a57f35fa607a06b0476734
GLBX.MDP3-bbo-1s-0ac01102b7e5a561.dbn.zst,bbo-1s,2022-10-06T14:50:00Z,2022-10-06T15:36:00Z,control day for an unscheduled arrival,8,8163,235556,a0b52dc1de403a0d37dff9bf5a329f2663c70170442fc9ae67605abb7db587d1
GLBX.MDP3-bbo-1s-18264ef1b3a1f578.dbn.zst,bbo-1s,2022-10-13T14:50:00Z,2022-10-13T15:36:00Z,unscheduled arrival,8,8250,253003,e7d9dd73d228bde6643869694d24d8fb2cceb43acf51b8423bce0b90077b99fd
GLBX.MDP3-bbo-1s-141a3569ad8da71e.dbn.zst,bbo-1s,2022-10-20T14:50:00Z,2022-10-20T15:36:00Z,control day for an unscheduled arrival,8,8073,229898,b1fbac607e8789ca8af698f07a3f1cd47cda34f8db5f62084e6792e1401fe3bc
GLBX.MDP3-bbo-1s-629f2aa386be5004.dbn.zst,bbo-1s,2022-10-26T17:30:00Z,2022-10-26T20:00:00Z,"control afternoon, 1:30-4:00 p.m.",8,25642,714717,55a4fd9ccbf3cd7efe3f0593abae2c41c54b1906fb7f16f53eb96c8e90d363b1
GLBX.MDP3-bbo-1s-e3d00fb83320951e.dbn.zst,bbo-1s,2022-10-27T14:50:00Z,2022-10-27T15:36:00Z,control day for an unscheduled arrival,8,8245,245463,4c8c5ad033b6da578f257c39387bbeae2d72d18ae73308e0eb36735d22c9c39f
GLBX.MDP3-bbo-1s-40d47b6f2b78e310.dbn.zst,bbo-1s,2022-11-02T17:30:00Z,2022-11-02T20:00:00Z,"FOMC afternoon, 1:30-4:00 p.m.",8,26540,794301,ea6f35a5038440a20d901c2b5ae94a3dab153331a660579f975cb08d6828c522
GLBX.MDP3-bbo-1s-a52af935fdc9a9d4.dbn.zst,bbo-1s,2022-11-03T16:25:00Z,2022-11-03T17:11:00Z,control day for an unscheduled arrival,8,7907,220501,0f7c90bb8e1c21d2af41f92ed5066b6fc498a439f591ad35584dad8a2e0056a9
GLBX.MDP3-bbo-1s-f68fcf1071a430f4.dbn.zst,bbo-1s,2022-11-09T16:24:00Z,2022-11-09T17:10:00Z,control day for an unscheduled arrival,8,7983,223281,2dc366f3d9b6c3e411e559c949483396102c47db6e63200af15587ad2dac144a
GLBX.MDP3-bbo-1s-0a96fd912fe0548b.dbn.zst,bbo-1s,2022-11-09T18:30:00Z,2022-11-09T21:00:00Z,"control afternoon, 1:30-4:00 p.m.",8,25528,710734,bb998035ca3881aa25d283de7f5968e42cd7d63418f07b4bf407e42fdfe07d25
GLBX.MDP3-bbo-1s-2a82c7ed28c97216.dbn.zst,bbo-1s,2022-11-10T16:25:00Z,2022-11-10T17:11:00Z,control day for an unscheduled arrival,8,8139,230028,54f8b3c4402cf017c056d3e7f1d9917f719c973b40a15d99d42384c262ff9e92
GLBX.MDP3-bbo-1s-e70692fd49d695a2.dbn.zst,bbo-1s,2022-11-16T16:24:00Z,2022-11-16T17:10:00Z,control day for an unscheduled arrival,8,7881,217181,46ba9e4107f1822bf568b718f2b62165fbc6227fbfe1dd759b8bcb9d4996bcf5
GLBX.MDP3-bbo-1s-5b90c760ff64be05.dbn.zst,bbo-1s,2022-11-17T16:25:00Z,2022-11-17T17:11:00Z,unscheduled arrival,8,7938,222351,156ba085626cba3eae316078ecfe30a9817bfaa9bb4318459fa816873a7a2ea6
GLBX.MDP3-bbo-1s-dd7d374adf889e92.dbn.zst,bbo-1s,2022-11-23T16:24:00Z,2022-11-23T17:10:00Z,unscheduled arrival,8,7897,219028,e70e0d6323570a9a0f064b99a6b945f254515c72ad6857607d6e8df5c790bd08
GLBX.MDP3-bbo-1s-ca236f8d4f70edea.dbn.zst,bbo-1s,2022-11-30T16:24:00Z,2022-11-30T17:10:00Z,control day for an unscheduled arrival,8,7935,220144,bed1d581ea2b098c2e05ef73fed5f72e72585633c19cf5fbfab9bc0dc1df555f
GLBX.MDP3-bbo-1s-265cc6cde330141b.dbn.zst,bbo-1s,2022-12-01T16:25:00Z,2022-12-01T17:11:00Z,control day for an unscheduled arrival,8,8099,229308,9125cbf4b4619f40e4c6519852c50e21e3aae5eb75f876f93eaca08cd53d2c8e
GLBX.MDP3-bbo-1s-a50b74dd5665e58f.dbn.zst,bbo-1s,2022-12-07T16:24:00Z,2022-12-07T17:10:00Z,control day for an unscheduled arrival,8,7909,221220,2316008957a87e67bcc987e829e7ca9b0a3fdfea74431ebcd3b0fcfdb35e6e54
GLBX.MDP3-bbo-1s-1b006eb6f2e73184.dbn.zst,bbo-1s,2022-12-07T18:30:00Z,2022-12-07T21:00:00Z,"control afternoon, 1:30-4:00 p.m.",8,25484,706642,540b8f7162ae41244d565a93f398526634119878fc2361c97ac5c95294ca6847
GLBX.MDP3-bbo-1s-9de137521c9d3323.dbn.zst,bbo-1s,2022-12-14T18:30:00Z,2022-12-14T21:00:00Z,"FOMC afternoon, 1:30-4:00 p.m.",8,26614,788152,7aafeaf3a65d731f890962a40adb6ffa7fc0c9e2978298268d62d934e6781d69
GLBX.MDP3-bbo-1s-2a403ac5af367bf0.dbn.zst,bbo-1s,2022-12-21T18:30:00Z,2022-12-21T21:00:00Z,"control afternoon, 1:30-4:00 p.m.",8,24605,683199,f34c94d11c51224fcbe8dd409fd07173de5332ba4c443bc0f102736a53ac8baa
GLBX.MDP3-bbo-1s-c4335e3b137ff847.dbn.zst,bbo-1s,2023-01-06T17:49:00Z,2023-01-06T18:35:00Z,control day for an unscheduled arrival,8,7839,214489,88eb8cde8802e68b7c9a834d385dcb63b8635faa5ae8a92cfe49d2f835f12425
GLBX.MDP3-bbo-1s-90cdd79bbf31b449.dbn.zst,bbo-1s,2023-01-13T17:49:00Z,2023-01-13T18:35:00Z,control day for an unscheduled arrival,8,7917,215145,5753d88c39dd50600c9fec3eec2f4f967e0bc3f69dd2b6404292b535fd3cc206
GLBX.MDP3-bbo-1s-e98131d8bdb1f68c.dbn.zst,bbo-1s,2023-01-20T17:49:00Z,2023-01-20T18:35:00Z,unscheduled arrival,8,7857,215356,bc814fd160778f67a7362c56a5a8d5fa5f5a85433c3f5971ddfceb2a5815db3d
GLBX.MDP3-bbo-1s-2eb358661b366c84.dbn.zst,bbo-1s,2023-01-24T17:11:00Z,2023-01-24T17:57:00Z,control day for an unscheduled arrival,8,7849,212544,58e5acaadffa1859ad9e32541724b3e539904ef8920e3dac4780b8d9f201aa5c
GLBX.MDP3-bbo-1s-d30b9e7782ffbcbb.dbn.zst,bbo-1s,2023-01-25T18:30:00Z,2023-01-25T21:00:00Z,"control afternoon, 1:30-4:00 p.m.",8,25163,697309,26ef0fd6ee38f823f614da996764d04658776e56a57a1e09f74e9970255291b8
GLBX.MDP3-bbo-1s-486811f575d797ad.dbn.zst,bbo-1s,2023-01-27T17:49:00Z,2023-01-27T18:35:00Z,control day for an unscheduled arrival,8,7423,201912,5a7238d1f922d720e7d903df2f315cbab5f22298171475e77f72cf6810954e31
GLBX.MDP3-bbo-1s-a27c47c7f15ec4c8.dbn.zst,bbo-1s,2023-01-31T17:11:00Z,2023-01-31T17:57:00Z,control day for an unscheduled arrival,8,7745,210709,12a680962df06d2da46ee567624673709af3bf43fd6c794947a8cec6fd7d49ed
GLBX.MDP3-bbo-1s-b0fc3bb5f643c4b9.dbn.zst,bbo-1s,2023-02-01T18:30:00Z,2023-02-01T21:00:00Z,"FOMC afternoon, 1:30-4:00 p.m.",8,26549,786109,6a03ffc9add1812e4929a96443d5114e02b9803132fdeea128487cb3a571c8a0
GLBX.MDP3-bbo-1s-d9107c0e5b223d22.dbn.zst,bbo-1s,2023-02-03T17:49:00Z,2023-02-03T18:35:00Z,control day for an unscheduled arrival,8,7830,222778,f662700c232c6339c49a342d4236bed61a2c82b1fac05b793157138b0f4e222b
GLBX.MDP3-bbo-1s-b61577bdd5f3cccd.dbn.zst,bbo-1s,2023-02-07T17:11:00Z,2023-02-07T17:57:00Z,unscheduled arrival,8,8088,233119,abdb2eced0d688e7386b1d7f7f8b44de72893e089f548e778877376c1f49526a
GLBX.MDP3-bbo-1s-dc1179b11014ea37.dbn.zst,bbo-1s,2023-02-08T18:30:00Z,2023-02-08T21:00:00Z,"control afternoon, 1:30-4:00 p.m.",8,25552,711139,45b3cc5f96d6b5a101da9b8c26a377ba1e3d7b8f961787f2b56de1794451ee70
GLBX.MDP3-bbo-1s-d433f0f51415effd.dbn.zst,bbo-1s,2023-02-14T17:11:00Z,2023-02-14T17:57:00Z,control day for an unscheduled arrival,8,7814,218471,4f21416d8c4d37ff3840119fda898ba5e6f308c4393927a34f308458cb17eb90
GLBX.MDP3-bbo-1s-864b326be8f9b24f.dbn.zst,bbo-1s,2023-02-21T17:11:00Z,2023-02-21T17:57:00Z,control day for an unscheduled arrival,8,7838,214782,4fa25fbef4b5bbb343cfb14391106277eb7011e1bfb93a64cdb6b7d5f23f04a2
GLBX.MDP3-bbo-1s-9f4f7ab4c73829bd.dbn.zst,bbo-1s,2023-03-15T17:30:00Z,2023-03-15T20:00:00Z,"control afternoon, 1:30-4:00 p.m.",8,26825,794421,7553e6a7989f4afed579f4c816ce069060da170f933552e0a1673009fa0aae01
GLBX.MDP3-bbo-1s-65692712f9dae43e.dbn.zst,bbo-1s,2023-03-22T17:30:00Z,2023-03-22T20:00:00Z,"FOMC afternoon, 1:30-4:00 p.m.",8,26768,805901,a99fa451c712f4230e47e417af9fb134c83b9000e16d76cd896283ec77cac58b
GLBX.MDP3-bbo-1s-66bae0cb4d115989.dbn.zst,bbo-1s,2023-03-29T17:30:00Z,2023-03-29T20:00:00Z,"control afternoon, 1:30-4:00 p.m.",8,25110,691951,9d6c0052aec8e5eefeb648f60050b74818ac9d66e5771b239dfde726622a93a3
GLBX.MDP3-bbo-1s-110620895c7faf34.dbn.zst,bbo-1s,2023-04-24T17:37:00Z,2023-04-24T18:23:00Z,control day for an unscheduled arrival,8,6971,189073,2e6d233356457c27cf49bc1b8442687b116c08094b0fa952853f375baa443b68
GLBX.MDP3-bbo-1s-8e81f230434c68fa.dbn.zst,bbo-1s,2023-04-26T17:30:00Z,2023-04-26T20:00:00Z,"control afternoon, 1:30-4:00 p.m.",8,25766,720738,4928e3c4cff1a02b9853efea83bcd2e3a96b06961047a904d6d70f7692958bda
GLBX.MDP3-bbo-1s-df00a66aecda962e.dbn.zst,bbo-1s,2023-05-01T17:37:00Z,2023-05-01T18:23:00Z,control day for an unscheduled arrival,8,7594,204409,f01cef18bce1d1b1999654f70a3e868b3e51a28f1af65771d7584cc9445ac342
GLBX.MDP3-bbo-1s-c1a364e9d07a3a4a.dbn.zst,bbo-1s,2023-05-03T17:30:00Z,2023-05-03T20:00:00Z,"FOMC afternoon, 1:30-4:00 p.m.",8,26530,776117,ab794fed8942ccec3cec3e9d74fbb422314386cec03f819c1ec61b9bde9deeb9
GLBX.MDP3-bbo-1s-4c24148a63a911ef.dbn.zst,bbo-1s,2023-05-08T17:37:00Z,2023-05-08T18:23:00Z,unscheduled arrival,8,7583,209275,36165615f36a2afb15eb6add4927f9a7126599aaac0697cfb11070da50bc750b
GLBX.MDP3-bbo-1s-a010de600f515db0.dbn.zst,bbo-1s,2023-05-15T17:37:00Z,2023-05-15T18:23:00Z,control day for an unscheduled arrival,8,7385,199170,b0aea0d2d72dfe31c5c85d95a9d2ae156421056dc5eab1a4d92a65c69d57b913
GLBX.MDP3-bbo-1s-60c587bedb0249b4.dbn.zst,bbo-1s,2023-05-17T17:30:00Z,2023-05-17T20:00:00Z,"control afternoon, 1:30-4:00 p.m.",8,25525,703005,9e2b877cfc326137b53ac9351716cda641886217c072ef5d1f252f1ba6007c62
GLBX.MDP3-bbo-1s-78e49edda7057de9.dbn.zst,bbo-1s,2023-05-22T17:37:00Z,2023-05-22T18:23:00Z,control day for an unscheduled arrival,8,7519,198232,b15f694113739c6a660cd915eb9c995ea5ebe94da24220ae47263a1ef6c30fa1
GLBX.MDP3-bbo-1s-c20cb697ae15c8ed.dbn.zst,bbo-1s,2023-06-07T17:30:00Z,2023-06-07T20:00:00Z,"control afternoon, 1:30-4:00 p.m.",8,25607,713525,0883996ad05423f0a37f56882e0b1fdedc64f03bee8b4edbafbb12f8531ba6f9
GLBX.MDP3-bbo-1s-3cb4d87332f91a07.dbn.zst,bbo-1s,2023-06-14T17:30:00Z,2023-06-14T20:00:00Z,"FOMC afternoon, 1:30-4:00 p.m.",8,26512,782488,708d41780ca4cd0d954b14b2eb3385eed9d465966aaa469e674c45adf01967fe
GLBX.MDP3-bbo-1s-4bd3f47077808211.dbn.zst,bbo-1s,2023-06-21T17:30:00Z,2023-06-21T20:00:00Z,"control afternoon, 1:30-4:00 p.m.",8,25832,712417,7c0c0655015421473d0dcd5546aa2f7939ea4aed6052fc1f469e3db474592a31
GLBX.MDP3-bbo-1s-ca3c2f39945732ee.dbn.zst,bbo-1s,2023-06-28T15:10:00Z,2023-06-28T15:56:00Z,control day for an unscheduled arrival,8,8093,229954,bc93abaaf64846fdbf15196ce8f0e7688b9f4283088c963dc3fb88af6cf8d5ee
GLBX.MDP3-bbo-1s-74d1b23047d0d0f8.dbn.zst,bbo-1s,2023-07-05T14:24:00Z,2023-07-05T15:10:00Z,control day for an unscheduled arrival,8,8040,222211,e2b522046ce36a495b34d138cc2e7c561e7cb6ed1cd2901c5d6a04c043a50da2
GLBX.MDP3-bbo-1s-4f502a2158a4dd80.dbn.zst,bbo-1s,2023-07-05T15:10:00Z,2023-07-05T15:56:00Z,control day for an unscheduled arrival,8,7960,218949,75af37971e198dbd4259f4f9c5815fa1546a35a482b55db06360939afcd41c5f
GLBX.MDP3-bbo-1s-2a3fe3de55297845.dbn.zst,bbo-1s,2023-07-12T14:24:00Z,2023-07-12T15:10:00Z,control day for an unscheduled arrival,8,8192,233255,c4414e9ecbc347dc0f6ff602e22510809eca1c355bf82251389975faea29f6c3
GLBX.MDP3-bbo-1s-2be0cfe7bbd9a679.dbn.zst,bbo-1s,2023-07-12T15:10:00Z,2023-07-12T15:56:00Z,unscheduled arrival,8,8214,237865,9fd128af5f73b98250394e2dece9e4fb97a9f473e8a98bd526345737802e63ff
GLBX.MDP3-bbo-1s-7f1c3dd0040fcef2.dbn.zst,bbo-1s,2023-07-19T14:24:00Z,2023-07-19T15:10:00Z,unscheduled arrival,8,8126,230436,a939efe86584241240dbf18e3c3b3c6c189f0904e63016c3c624b1b5a4ee0ccb
GLBX.MDP3-bbo-1s-2287ddf5a5b1ae7f.dbn.zst,bbo-1s,2023-07-19T15:10:00Z,2023-07-19T15:56:00Z,control day for an unscheduled arrival,8,8050,222071,e9f0cb548485a4ad74b6fa601c665a868a7ecc470041a9dca7e1700cad2b92f7
GLBX.MDP3-bbo-1s-5d0570df67ad44c3.dbn.zst,bbo-1s,2023-07-19T17:30:00Z,2023-07-19T20:00:00Z,"control afternoon, 1:30-4:00 p.m.",8,25893,708432,8165d3636665a2d305a6377e06a2cc27600a1744e9083efc4712469e5239bbb5
GLBX.MDP3-bbo-1s-b812d806877ec5cf.dbn.zst,bbo-1s,2023-07-26T14:24:00Z,2023-07-26T15:10:00Z,control day for an unscheduled arrival,8,8013,222036,b9a8730a051da58f8a66040987c2673261af0817b39c93e8506406bae16e5e4b
GLBX.MDP3-bbo-1s-b7ba326662ff5146.dbn.zst,bbo-1s,2023-07-26T15:10:00Z,2023-07-26T15:56:00Z,control day for an unscheduled arrival,8,7699,207716,3433cf5248d2fe3762d0a632f298c3ce5ae52dd95b7a811a309b3c8f067502eb
GLBX.MDP3-bbo-1s-996ea9dbe74386fe.dbn.zst,bbo-1s,2023-07-26T17:30:00Z,2023-07-26T20:00:00Z,"FOMC afternoon, 1:30-4:00 p.m.",8,26042,740278,f1a41e35bb3ea8b280770359d3f6158b9c37ef1730a7869e8d2e714877b5b8a3
GLBX.MDP3-bbo-1s-071950dc658e1fee.dbn.zst,bbo-1s,2023-08-02T14:24:00Z,2023-08-02T15:10:00Z,control day for an unscheduled arrival,8,8225,239132,ce9142779a626f1043ae7186002cd76f63a8b0f581d1311a15870afa864f2a5e
GLBX.MDP3-bbo-1s-a4da5c8cab94f825.dbn.zst,bbo-1s,2023-08-02T17:30:00Z,2023-08-02T20:00:00Z,"control afternoon, 1:30-4:00 p.m.",8,25183,691466,eb7e8e199f42279da792aea9a6bb1a57813eebef398ab737c5333a1f5a4aadda
GLBX.MDP3-bbo-1s-79bbdd7f93988ec2.dbn.zst,bbo-1s,2023-09-20T17:30:00Z,2023-09-20T20:00:00Z,"FOMC afternoon, 1:30-4:00 p.m.",8,26541,766621,77f3bf49a4a5084f14fc2015a81b0405ffd93743ced9944cbc8999c58ea2ceba
GLBX.MDP3-bbo-1s-f855e1129cd33b1c.dbn.zst,bbo-1s,2023-09-27T17:30:00Z,2023-09-27T20:00:00Z,"control afternoon, 1:30-4:00 p.m.",8,26215,747090,ade715ece78d848200a8708de7093d07220224e0208a3145cb53b283e4101958
GLBX.MDP3-bbo-1s-b768b98ab4739158.dbn.zst,bbo-1s,2023-10-25T17:30:00Z,2023-10-25T20:00:00Z,"control afternoon, 1:30-4:00 p.m.",8,25462,710677,5d8681be283dab649592f58d4dcb1d56025f8cbacf5f250bae6889b73c38a96a
GLBX.MDP3-bbo-1s-7b215d705bd39b3f.dbn.zst,bbo-1s,2023-11-01T17:30:00Z,2023-11-01T20:00:00Z,"FOMC afternoon, 1:30-4:00 p.m.",8,26517,770255,6869f86321fdefc0bfef48455ddb9cb91bbbba22e1f5640113ea85dc4ef85417
GLBX.MDP3-bbo-1s-73c5fb3d0f4f1611.dbn.zst,bbo-1s,2023-11-08T18:30:00Z,2023-11-08T21:00:00Z,"control afternoon, 1:30-4:00 p.m.",8,25522,679142,c42d1d4b57e07ed4a9127f161229d8ff316737c18c2910f3bfdc5afd7773d7fe
GLBX.MDP3-bbo-1s-b8b2a60c59e3d344.dbn.zst,bbo-1s,2023-12-06T18:30:00Z,2023-12-06T21:00:00Z,"control afternoon, 1:30-4:00 p.m.",8,25021,671363,ae236bff1f141904dc68b28f17b173ff791328a0a76067ffdda0e632086b8a25
GLBX.MDP3-bbo-1s-895e12f1e5e4b4b3.dbn.zst,bbo-1s,2023-12-08T18:35:00Z,2023-12-08T19:21:00Z,control day for an unscheduled arrival,8,7539,196100,5e1db9d7de113ad2689f53cb919fb4c2696da6900befcdb8e64660314f450972
GLBX.MDP3-bbo-1s-1e49b0e4f5083b95.dbn.zst,bbo-1s,2023-12-13T18:30:00Z,2023-12-13T21:00:00Z,"FOMC afternoon, 1:30-4:00 p.m.",8,26528,777646,3b45f3fcf2fd82b7637fa40704435a59b7be3665b8f8990eb82c552f8fdf11e8
GLBX.MDP3-bbo-1s-633b4de399c01e9f.dbn.zst,bbo-1s,2023-12-15T18:35:00Z,2023-12-15T19:21:00Z,control day for an unscheduled arrival,8,7726,213892,c7c398ee189c27f4b067e076302acf15973017d504c99d8ed5dcbc67b491d8c1
GLBX.MDP3-bbo-1s-827fa940d4885176.dbn.zst,bbo-1s,2023-12-20T18:30:00Z,2023-12-20T21:00:00Z,"control afternoon, 1:30-4:00 p.m.",8,25886,735134,40648594863c49d59ec10bcf50e6f9552acb3e5b453e4602fd03d9dedd8f9eff
GLBX.MDP3-bbo-1s-b2b806a0f7a10b7d.dbn.zst,bbo-1s,2023-12-22T18:35:00Z,2023-12-22T19:21:00Z,unscheduled arrival,8,6873,187010,810d20f0a3547f6fcbbce332a755d95fc0ef4172c1c74fd413eb3db1b17872bb
GLBX.MDP3-bbo-1s-30044182b7247c59.dbn.zst,bbo-1s,2023-12-29T18:35:00Z,2023-12-29T19:21:00Z,control day for an unscheduled arrival,8,7578,202765,932faab72f9a985b45592f38bba421467a30ae94c6c4fbfcba76f13acc25fcb6
GLBX.MDP3-bbo-1s-107ac88e50f2278a.dbn.zst,bbo-1s,2024-01-05T18:35:00Z,2024-01-05T19:21:00Z,control day for an unscheduled arrival,8,7898,217125,2670dc5d3787cb51dc7eed8121378e280d7e73b7fc835e98a369d1911d27aeee
GLBX.MDP3-bbo-1s-5cfef09bbc40c41b.dbn.zst,bbo-1s,2024-01-24T18:30:00Z,2024-01-24T21:00:00Z,"control afternoon, 1:30-4:00 p.m.",8,25695,720130,1577943146d8c3fb531e62498314432894994886b7bb64447689a69c4b337f77
GLBX.MDP3-bbo-1s-3dfab92213216837.dbn.zst,bbo-1s,2024-01-31T18:30:00Z,2024-01-31T21:00:00Z,"FOMC afternoon, 1:30-4:00 p.m.",8,26753,793838,fed1c433a313d950d6faf9af89c55edba751e36876dcf3ebf03c18d189cd2441
GLBX.MDP3-bbo-1s-3e4d261a844a5713.dbn.zst,bbo-1s,2024-02-07T18:30:00Z,2024-02-07T21:00:00Z,"control afternoon, 1:30-4:00 p.m.",8,25193,671050,9f13663500cbccb166004670d7b20752c5abf94b5c7d7eace5c60a1f575e601c
GLBX.MDP3-bbo-1s-9f4b9cc88a17b382.dbn.zst,bbo-1s,2024-02-21T16:25:00Z,2024-02-21T17:11:00Z,control day for an unscheduled arrival,8,7982,219992,39bfcf13886f0607abc8ab421e2a84e3405d25f8e643982b87dbcdb3b4f61fe7
GLBX.MDP3-bbo-1s-a9e79feaad3aa7f7.dbn.zst,bbo-1s,2024-02-28T16:25:00Z,2024-02-28T17:11:00Z,control day for an unscheduled arrival,8,7102,187806,9a65743e2f4d3b5713cd6faaa2ed2085a43be59130a3a9890b929c4c84c2a211
GLBX.MDP3-bbo-1s-2471002320a3d197.dbn.zst,bbo-1s,2024-03-06T16:25:00Z,2024-03-06T17:11:00Z,unscheduled arrival,8,7976,226203,7f309747a590a3c2ad17cb3d78d77e81cac794f3ba2d81e4bb4e665f3dff19be
GLBX.MDP3-bbo-1s-8ff2f36dcaf55dca.dbn.zst,bbo-1s,2024-03-13T16:25:00Z,2024-03-13T17:11:00Z,control day for an unscheduled arrival,8,8040,218706,2b14cd3626cb540737da9846a19d357e2e619853ca14bfc6a3d1c7b1ea548abf
GLBX.MDP3-bbo-1s-3c5ef26f1fbfbc21.dbn.zst,bbo-1s,2024-03-13T17:30:00Z,2024-03-13T20:00:00Z,"control afternoon, 1:30-4:00 p.m.",8,24918,678973,412b2b9a9884fe194fbe0ee82763825b16ea53e74427aa070ea7207c097225cd
GLBX.MDP3-bbo-1s-e6f905400d820d69.dbn.zst,bbo-1s,2024-03-20T16:25:00Z,2024-03-20T17:11:00Z,control day for an unscheduled arrival,8,7707,200246,b2c3fbff152572c335ac3cb497af2749bd8743f93531c189dbb4479eed247562
GLBX.MDP3-bbo-1s-b9dbec4114ad6205.dbn.zst,bbo-1s,2024-03-20T17:30:00Z,2024-03-20T20:00:00Z,"FOMC afternoon, 1:30-4:00 p.m.",8,26432,771701,9d88467a8439448a474e32639825469c5e28e0c0a5a4c939ae1fe1fc4de08888
GLBX.MDP3-bbo-1s-45d7c843eef7d8c6.dbn.zst,bbo-1s,2024-03-27T17:30:00Z,2024-03-27T20:00:00Z,"control afternoon, 1:30-4:00 p.m.",8,24790,671335,1acae1305c21ad5324272443e813a1d89dbcd1e1d3f4174a0c1ced4215b244fe
GLBX.MDP3-bbo-1s-8af5133ded240927.dbn.zst,bbo-1s,2024-04-24T17:30:00Z,2024-04-24T20:00:00Z,"control afternoon, 1:30-4:00 p.m.",8,24944,688258,853a2a36b17f62de267e174c6b52f17ed94157a45f66d6bced07fca231011d9a
GLBX.MDP3-bbo-1s-96cb63c9734afb6a.dbn.zst,bbo-1s,2024-05-01T17:30:00Z,2024-05-01T20:00:00Z,"FOMC afternoon, 1:30-4:00 p.m.",8,26305,789670,f3114f114f377cc2de78b3e6fee03c48c9244877af3138aa1f4dc26621659f39
GLBX.MDP3-bbo-1s-0562264e2e05cf54.dbn.zst,bbo-1s,2024-05-08T17:30:00Z,2024-05-08T20:00:00Z,"control afternoon, 1:30-4:00 p.m.",8,24405,649099,a0435c0e3329088ff93b99507355e22afe7b60e4be04578790744b4234a1aeb1
GLBX.MDP3-bbo-1s-45578fc939b07fb7.dbn.zst,bbo-1s,2024-06-05T17:30:00Z,2024-06-05T20:00:00Z,"control afternoon, 1:30-4:00 p.m.",8,24366,655894,fd9ff94603128d4b3e33ecec7a0382601986e97478893700c45a0a5f4326226c
GLBX.MDP3-bbo-1s-603ad7cd1d87ffe3.dbn.zst,bbo-1s,2024-06-12T17:30:00Z,2024-06-12T20:00:00Z,"FOMC afternoon, 1:30-4:00 p.m.",8,26338,769340,829e03eae2dfdf8f06ab4dd10a316d17d60f88b2f73464150db87623dfc15b73
GLBX.MDP3-bbo-1s-a73dd80b87c01efc.dbn.zst,bbo-1s,2024-06-26T17:30:00Z,2024-06-26T20:00:00Z,"control afternoon, 1:30-4:00 p.m.",8,24550,665704,9d03181f2693cba37f4d754410d15026277fe2c77c46c955f5a2a650d884ed8d
GLBX.MDP3-bbo-1s-89661a327d23362b.dbn.zst,bbo-1s,2024-07-01T16:11:00Z,2024-07-01T16:57:00Z,control day for an unscheduled arrival,8,7683,209483,293ba4379935195ce0c631e02cefb438f77b03c9e03d4589c4d13584bc218426
GLBX.MDP3-bbo-1s-ef7ebb43c0dbf191.dbn.zst,bbo-1s,2024-07-08T16:11:00Z,2024-07-08T16:57:00Z,control day for an unscheduled arrival,8,7089,189751,1b8a442bcb7efb7dd513ab8a50ffeb84ea9c0119460f81da4283c3a72e257ffe
GLBX.MDP3-bbo-1s-3ccf5e79b055edd0.dbn.zst,bbo-1s,2024-07-15T16:11:00Z,2024-07-15T16:57:00Z,unscheduled arrival,8,7875,224501,54d0e9de00cf1f8ae51804a2950bcc62712a5a2b04e73f90a9d8db4969e27cdb
GLBX.MDP3-bbo-1s-c9feb9893cb12533.dbn.zst,bbo-1s,2024-07-16T16:25:00Z,2024-07-16T17:11:00Z,control day for an unscheduled arrival,8,7548,211115,a24eb8d898435882503ef6b03ee40ce78de9fb2599d595b0a41f7fdf723a6f9a
GLBX.MDP3-bbo-1s-e689e7ea00fb1978.dbn.zst,bbo-1s,2024-07-22T16:11:00Z,2024-07-22T16:57:00Z,control day for an unscheduled arrival,8,7858,219728,ee57ae79d0ce3552c28b279fd3cc1260c32c8a89e0e8910b17b89870c2a6924e
GLBX.MDP3-bbo-1s-3a766f7d367afd45.dbn.zst,bbo-1s,2024-07-23T16:25:00Z,2024-07-23T17:11:00Z,control day for an unscheduled arrival,8,7697,216251,f9a4806ad3d86a007970379a9413f04a514ec80bd711c540981cc41c956af40d
GLBX.MDP3-bbo-1s-422c3fb837fe96a1.dbn.zst,bbo-1s,2024-07-24T17:30:00Z,2024-07-24T20:00:00Z,"control afternoon, 1:30-4:00 p.m.",8,25890,736428,c1849eea2e84d5906a91216226b17ac0c50c73bf0022ca0ad3d509c74261e63f
GLBX.MDP3-bbo-1s-d60ecf39214338e2.dbn.zst,bbo-1s,2024-07-29T14:52:00Z,2024-07-29T15:38:00Z,control day for an unscheduled arrival,8,7911,231346,7799b8e3119227d69fd37b7ea1991b08509cbaf8411fef91bd2f3d59ab15d612
GLBX.MDP3-bbo-1s-ad4d8762a6964a92.dbn.zst,bbo-1s,2024-07-29T16:11:00Z,2024-07-29T16:57:00Z,control day for an unscheduled arrival,8,7460,210711,4cec8ae21167bc2172f3669836af6e2ccd7ffa8aa650d8f3826e7f8b56bcc7d7
GLBX.MDP3-bbo-1s-710ceed729bd2dc8.dbn.zst,bbo-1s,2024-07-30T16:25:00Z,2024-07-30T17:11:00Z,unscheduled arrival,8,7903,232761,70223d40cc064713be5c718bf4142ff43110b4f62659213efb99def31a4f6592
GLBX.MDP3-bbo-1s-28651ced29f2d8d7.dbn.zst,bbo-1s,2024-07-31T17:30:00Z,2024-07-31T20:00:00Z,"FOMC afternoon, 1:30-4:00 p.m.",8,26641,799263,bc68141ee7500f638e835b9864f50eefff29c848aaa1ca350c5d362a0bbf5b84
GLBX.MDP3-bbo-1s-07ea8992fbaae89c.dbn.zst,bbo-1s,2024-08-05T14:52:00Z,2024-08-05T15:38:00Z,control day for an unscheduled arrival,8,8275,261831,6d469718173dd525550519de0dcfae420dd27fd285ab696b11bcc2db5e0a22a0
GLBX.MDP3-bbo-1s-992cf916ab11f049.dbn.zst,bbo-1s,2024-08-06T16:25:00Z,2024-08-06T17:11:00Z,control day for an unscheduled arrival,8,8041,230645,3470e919a207cf07ab2b7503dc08b01bcd2400a170d6598cd3836015e9f9b7e5
GLBX.MDP3-bbo-1s-4e5773118a1e9e06.dbn.zst,bbo-1s,2024-08-07T17:30:00Z,2024-08-07T20:00:00Z,"control afternoon, 1:30-4:00 p.m.",8,26462,789595,206a4ffa2c70b7b9d77610d6c0de88f2407642e052aaf058e2bf2c81ba9745c8
GLBX.MDP3-bbo-1s-0049f5a15a8e6577.dbn.zst,bbo-1s,2024-08-12T14:52:00Z,2024-08-12T15:38:00Z,unscheduled arrival,8,8002,231894,d796d12c5cadebb89d7275c26ecc408868d32c888d8092d9590c377b19caec2e
GLBX.MDP3-bbo-1s-118204e34f70e617.dbn.zst,bbo-1s,2024-08-13T16:25:00Z,2024-08-13T17:11:00Z,control day for an unscheduled arrival,8,7622,209658,88704ccae2060c35bc656331c86b27a77ce4488032ea75c24d517dd4dbe68e5d
GLBX.MDP3-bbo-1s-aacb022af9d5c61a.dbn.zst,bbo-1s,2024-08-26T14:52:00Z,2024-08-26T15:38:00Z,control day for an unscheduled arrival,8,7875,224024,c2fad4927f75c41813129f53b5b98c7fdab5303ffd2c079bde78d9f15793f8eb
GLBX.MDP3-bbo-1s-531109b002f163c5.dbn.zst,bbo-1s,2024-08-29T18:21:00Z,2024-08-29T19:07:00Z,control day for an unscheduled arrival,8,6660,195843,32ceb3eeaaa8517c7a8b27370c6a63fd50640b77c84470dcf136208289cfd1b7
GLBX.MDP3-bbo-1s-c28b1a1d7d41f72b.dbn.zst,bbo-1s,2024-09-05T18:21:00Z,2024-09-05T19:07:00Z,control day for an unscheduled arrival,8,7852,217387,e2cc8bd3b4da4fd039b6fc27d8496f68338238fe70ff57b49c5243deddc4f915
GLBX.MDP3-bbo-1s-294cdf0e08f44ad8.dbn.zst,bbo-1s,2024-09-11T17:30:00Z,2024-09-11T20:00:00Z,"control afternoon, 1:30-4:00 p.m.",8,25531,726711,73783cc5f514ec3d0551b55ba598b9c906389c40adbe5add9a57699f67581309
GLBX.MDP3-bbo-1s-888a3e97dadc9986.dbn.zst,bbo-1s,2024-09-12T18:21:00Z,2024-09-12T19:07:00Z,unscheduled arrival,8,7941,226175,c3d16aeb30adfe2bc2b7e2ed21d77fce7c9ba173c94057fff19125d52d2a3e20
GLBX.MDP3-bbo-1s-6ba721084b1f41e8.dbn.zst,bbo-1s,2024-09-18T17:30:00Z,2024-09-18T20:00:00Z,"FOMC afternoon, 1:30-4:00 p.m.",8,26713,817978,e6e6bfba924b8a65802a53665a006bec2bb2f9c96502bc859e24a5ad7f2ec8b4
GLBX.MDP3-bbo-1s-dcd71c81f191b489.dbn.zst,bbo-1s,2024-09-19T18:21:00Z,2024-09-19T19:07:00Z,control day for an unscheduled arrival,8,7829,216085,00b728ddd0c66be7ab1639f9912b3eaebd4afd0ddaf411f1d6c7cc866bf283ef
GLBX.MDP3-bbo-1s-356ca19313e2b910.dbn.zst,bbo-1s,2024-09-25T17:30:00Z,2024-09-25T20:00:00Z,"control afternoon, 1:30-4:00 p.m.",8,25199,676742,0ed76d793978ae11f9b417a2624f77d0038835d65e9449481bc4f757dd0e9c4c
GLBX.MDP3-bbo-1s-0d191eb747d249cc.dbn.zst,bbo-1s,2024-09-26T18:21:00Z,2024-09-26T19:07:00Z,control day for an unscheduled arrival,8,7854,211696,65b8afd2b575028ee599c959abbd15aa5f3a0d36cac245ec25da04ce87873d12
GLBX.MDP3-bbo-1s-7f2920eb0c6b1f8c.dbn.zst,bbo-1s,2024-10-31T17:30:00Z,2024-10-31T20:00:00Z,"control afternoon, 1:30-4:00 p.m.",8,26081,735773,6b62a811c0db8b48fcf558e51271635d51727484fb9d3f6c5b2ec98572f4e601
GLBX.MDP3-bbo-1s-a4b6d2cd392872ec.dbn.zst,bbo-1s,2024-11-07T18:30:00Z,2024-11-07T21:00:00Z,"FOMC afternoon, 1:30-4:00 p.m.",8,26262,742948,c1f4fb587af5a389c5a5e362b811a58af52524269eed43dcfe0158b559c2dfcb
GLBX.MDP3-bbo-1s-8010b347e154b5c6.dbn.zst,bbo-1s,2024-11-20T18:30:00Z,2024-11-20T21:00:00Z,"control afternoon, 1:30-4:00 p.m.",8,24851,687419,a28669f5362460a019e246705b5af757a962a0919176252a3db17f2209e8fca1
GLBX.MDP3-bbo-1s-bf832af4f9ea600b.dbn.zst,bbo-1s,2024-11-21T18:30:00Z,2024-11-21T21:00:00Z,"control afternoon, 1:30-4:00 p.m.",8,25410,701685,78ac9677f1c5861742dbe3be54c9a760981294c7b9827e5b226cc00c80042680
GLBX.MDP3-bbo-1s-8380fb141bd1a796.dbn.zst,bbo-1s,2024-11-27T18:30:00Z,2024-11-27T21:00:00Z,"control afternoon, 1:30-4:00 p.m.",8,22912,612579,dd610bf85218d6651bfedcd89be350864f2f63aa0934790d300d79924e764f96
GLBX.MDP3-bbo-1s-b639ca804b6355b1.dbn.zst,bbo-1s,2024-12-18T18:30:00Z,2024-12-18T21:00:00Z,"FOMC afternoon, 1:30-4:00 p.m.",8,26432,795737,3c516135c5e0b4a457bfbd7b8008e992b04871f679461b3ef50f6f48205769b1
GLBX.MDP3-bbo-1s-7a269d9111f8e3df.dbn.zst,bbo-1s,2025-01-16T20:09:00Z,2025-01-16T20:55:00Z,control day for an unscheduled arrival,8,7774,218207,152c220446b891325e8745826be55f079e3a7e612f92190926c24a42cc553cae
GLBX.MDP3-bbo-1s-40697148fce64512.dbn.zst,bbo-1s,2025-01-17T17:49:00Z,2025-01-17T18:35:00Z,control day for an unscheduled arrival,8,7608,207812,aa2f8e0f52a06c7995fa70b45837b77d6bdc33938800a185abc4a590a5d07b97
GLBX.MDP3-bbo-1s-227b6cc605d3e10c.dbn.zst,bbo-1s,2025-01-21T18:50:00Z,2025-01-21T19:36:00Z,control day for an unscheduled arrival,8,7421,201301,ddbfb8e38cbcd9cbf773e2e21d3d1a7bd9191f0d083f6ee3bd0dbcf7b9e0402d
GLBX.MDP3-bbo-1s-e12411e8cfdf19a6.dbn.zst,bbo-1s,2025-01-22T18:30:00Z,2025-01-22T21:00:00Z,"control afternoon, 1:30-4:00 p.m.",8,24789,672816,265299c67e32be5e9c54c28947a36de725001c750fbc0ac8af88beefcab869c1
GLBX.MDP3-bbo-1s-bce2353dbb9a3ee5.dbn.zst,bbo-1s,2025-01-23T15:09:00Z,2025-01-23T15:55:00Z,control day for an unscheduled arrival,8,7930,220025,c845d4954d3e586e06788226bf79d37d4b50d0c9db953438fd355cf664766819
GLBX.MDP3-bbo-1s-5f31e2a86ec93d46.dbn.zst,bbo-1s,2025-01-23T20:09:00Z,2025-01-23T20:55:00Z,control day for an unscheduled arrival,8,7457,204784,df09b2a2ee5eb0291461966bebe991ce952c7d8203d139204bb69eb32e4203a8
GLBX.MDP3-bbo-1s-b9572b75e46bf7e4.dbn.zst,bbo-1s,2025-01-24T15:23:00Z,2025-01-24T16:09:00Z,control day for an unscheduled arrival,8,8185,232251,a01bbe7e6285b715c44b732d10f06a2469db1b9d0c85fc9a4f0949b3fd47408f
GLBX.MDP3-bbo-1s-10b0624d09e6123a.dbn.zst,bbo-1s,2025-01-24T17:49:00Z,2025-01-24T18:35:00Z,control day for an unscheduled arrival,8,7600,208717,279c4cef6764c86a5bdb672295fb4e7465a4a5daf3e05f577ab354eeffca38b9
GLBX.MDP3-bbo-1s-b7e36964af7b6943.dbn.zst,bbo-1s,2025-01-28T18:50:00Z,2025-01-28T19:36:00Z,control day for an unscheduled arrival,8,7753,211157,6e6a8b7ab4d566d0cf88eefb3c809868e8ef73b06556930a5d100771add4208e
GLBX.MDP3-bbo-1s-b5a3cb08c628b7bc.dbn.zst,bbo-1s,2025-01-29T18:30:00Z,2025-01-29T21:00:00Z,"FOMC afternoon, 1:30-4:00 p.m.",8,26134,769937,3d55f7cdc89597d3fd86cd1dcee8987e2a66d9d407a78ad0acab83a55e505c21
GLBX.MDP3-bbo-1s-96f4196a70bf2d2a.dbn.zst,bbo-1s,2025-01-30T15:09:00Z,2025-01-30T15:55:00Z,control day for an unscheduled arrival,8,8055,234952,e8151e7e006e4d90a8c73db2e299e270eca0aaad804ca5b977e9c9a9bd705034
GLBX.MDP3-bbo-1s-e2f34649bff2bca3.dbn.zst,bbo-1s,2025-01-30T20:09:00Z,2025-01-30T20:55:00Z,unscheduled arrival,8,7846,226235,7d0b186a57d1334e2eba9c29ee890528b85089d6f4f50ee009c0734871455301
GLBX.MDP3-bbo-1s-40f282c91943378e.dbn.zst,bbo-1s,2025-01-31T15:23:00Z,2025-01-31T16:09:00Z,control day for an unscheduled arrival,8,8152,228728,b4336548731e62195cabefb3ba50cccfe60584b965863f7fa5d76cdacbeda8e5
GLBX.MDP3-bbo-1s-13540332a50ab4ab.dbn.zst,bbo-1s,2025-01-31T17:49:00Z,2025-01-31T18:35:00Z,unscheduled arrival,8,7997,225028,5a09ca7714d191bb7788e844d6150eb24f783a5fb58ac8919694d3f12c5854e6
GLBX.MDP3-bbo-1s-53a317977a218b91.dbn.zst,bbo-1s,2025-02-04T18:50:00Z,2025-02-04T19:36:00Z,unscheduled arrival,8,7716,207737,632ff2bf1317bee16f5cbb229352c08996de6681c64c806214b12bad169b02bc
GLBX.MDP3-bbo-1s-be074f254eab7717.dbn.zst,bbo-1s,2025-02-05T18:30:00Z,2025-02-05T21:00:00Z,"control afternoon, 1:30-4:00 p.m.",8,25646,693885,0064949d5c39f8b35bd132b8a495475d3fbb5d954aea0a05ab6120b654900e03
GLBX.MDP3-bbo-1s-c1cfd6c4cea1068d.dbn.zst,bbo-1s,2025-02-06T15:09:00Z,2025-02-06T15:55:00Z,unscheduled arrival,8,8090,233187,e92c6302f89b047008a900176f8656d8dd2c46de773e572b595628d913d0666e
GLBX.MDP3-bbo-1s-ce5928a588451a48.dbn.zst,bbo-1s,2025-02-06T20:09:00Z,2025-02-06T20:55:00Z,control day for an unscheduled arrival,8,7528,205770,8a21d5f033f8ef4e018e4e625477ddb8fb515aa5effd2eed0973c1d012fefbcf
GLBX.MDP3-bbo-1s-c9e97dd1e67d980d.dbn.zst,bbo-1s,2025-02-07T15:23:00Z,2025-02-07T16:09:00Z,unscheduled arrival,8,8204,245615,a7a0f42fda0fdf7dcabed6e341e2fd6b17d1f5c52362785b194fafadd1039ec5
GLBX.MDP3-bbo-1s-6bf1425d2c6e2061.dbn.zst,bbo-1s,2025-02-07T17:49:00Z,2025-02-07T18:35:00Z,control day for an unscheduled arrival,8,7563,209031,2e173e34302a483838d86231872235bda4eed82929dac2749c30d8456dc76399
GLBX.MDP3-bbo-1s-76df0c856242692d.dbn.zst,bbo-1s,2025-02-11T18:50:00Z,2025-02-11T19:36:00Z,control day for an unscheduled arrival,8,7438,195904,7b39acc98f72cf1953e1833fde0fde59ff872e49f3794df7a8e8ce1327da4c29
GLBX.MDP3-bbo-1s-8eace44c73b3851c.dbn.zst,bbo-1s,2025-02-13T15:09:00Z,2025-02-13T15:55:00Z,control day for an unscheduled arrival,8,8233,240983,2a40ae6624caf9321d9300240ce9a47f8626149cdd0d8a1857945bf5b78b94d8
GLBX.MDP3-bbo-1s-fc95cce5bdde2c90.dbn.zst,bbo-1s,2025-02-13T20:09:00Z,2025-02-13T20:55:00Z,control day for an unscheduled arrival,8,7644,207374,b73a0e3c161bec01ac26ac5d43dc91fb592ad640c65c81e5a8d053fec76b9311
GLBX.MDP3-bbo-1s-14a62915b68c59ab.dbn.zst,bbo-1s,2025-02-14T15:23:00Z,2025-02-14T16:09:00Z,control day for an unscheduled arrival,8,8111,227023,ba0c62898746037f185e55faa89fb103cb8fcfa4f27727adf853fa15d6ce4a26
GLBX.MDP3-bbo-1s-397e0a69417d9dee.dbn.zst,bbo-1s,2025-02-14T17:49:00Z,2025-02-14T18:35:00Z,control day for an unscheduled arrival,8,7684,205800,eee9d90d00cce459c1fd5f995c453efd6d1fa9f3571d09b8de852778ff4a4014
GLBX.MDP3-bbo-1s-bcbe7df12980907e.dbn.zst,bbo-1s,2025-02-18T18:50:00Z,2025-02-18T19:36:00Z,control day for an unscheduled arrival,8,7395,203653,7d0bfe359b9623f390742800c9867b5ea0c57832502f84095cfac9e86ab0554e
GLBX.MDP3-bbo-1s-30462f7778041728.dbn.zst,bbo-1s,2025-02-20T15:09:00Z,2025-02-20T15:55:00Z,control day for an unscheduled arrival,8,8041,232741,a7cf4336a6cb52eeaf72b6e016f21c956ddab3f1f201b5a5df3acffd1d6df24d
GLBX.MDP3-bbo-1s-3d88d40e59fb6893.dbn.zst,bbo-1s,2025-02-21T15:23:00Z,2025-02-21T16:09:00Z,control day for an unscheduled arrival,8,8144,238226,d4c8829dcb144708227931937c1f22565bdbcc0e84aafb13cff26216340d38db
GLBX.MDP3-bbo-1s-517c29b04d20b993.dbn.zst,bbo-1s,2025-02-26T18:30:00Z,2025-02-26T21:00:00Z,"control afternoon, 1:30-4:00 p.m.",8,24305,691722,b226d4fd63f364b6e25cf8322337d65cce3a34a80effd13e7701ddb1a9e9d672
GLBX.MDP3-bbo-1s-409e25eae698ee7a.dbn.zst,bbo-1s,2025-03-19T17:30:00Z,2025-03-19T20:00:00Z,"FOMC afternoon, 1:30-4:00 p.m.",8,26573,773945,953e0717f16e9a043cd2e08df91bc689c7e56cdc40b91fe0b0f92b377d08164c
GLBX.MDP3-bbo-1s-20aa047cd351db19.dbn.zst,bbo-1s,2025-03-26T16:49:00Z,2025-03-26T17:35:00Z,control day for an unscheduled arrival,8,8142,234318,ac2d9cd8310b5f82e17c747b6352eafd134a6ad19ff2b665bf335c1a252376e0
GLBX.MDP3-bbo-1s-dd52bb46fc65b725.dbn.zst,bbo-1s,2025-03-26T17:30:00Z,2025-03-26T20:00:00Z,"control afternoon, 1:30-4:00 p.m.",8,26129,740869,7125d02b045d8b182af00e5fb473a442d02deb5d89d06eb9f5211944dfd5e937
GLBX.MDP3-bbo-1s-9f619b3c9464e9ba.dbn.zst,bbo-1s,2025-04-02T16:49:00Z,2025-04-02T17:35:00Z,control day for an unscheduled arrival,8,8174,242798,3b177162e0a0e60b1c9633d1ba78129f68b43fa5efa4db4fe61d24e9eebde50b
GLBX.MDP3-bbo-1s-f1c13e876061911b.dbn.zst,bbo-1s,2025-04-09T16:49:00Z,2025-04-09T17:35:00Z,unscheduled arrival,8,8252,276834,60f32f254ab8593e512e87e7fc6ad024b64f96de0c098a648692ddfb40442ed0
GLBX.MDP3-bbo-1s-7a3414107d5cf9f7.dbn.zst,bbo-1s,2025-04-23T16:49:00Z,2025-04-23T17:35:00Z,control day for an unscheduled arrival,8,8166,233688,f3792fcabd21d891778608d6c4412b27e0caa87cfbcbe115ca64bbdfaae8b398
GLBX.MDP3-bbo-1s-0e4ffc7d24e0ef88.dbn.zst,bbo-1s,2025-04-23T17:37:00Z,2025-04-23T18:23:00Z,control day for an unscheduled arrival,8,8174,234724,540ab83833dffa7f034267fb4f75fb11aef6e2d7ae7f4b4e94f34ad91fc6cf3d
GLBX.MDP3-bbo-1s-434bbf304e7b8539.dbn.zst,bbo-1s,2025-04-30T17:30:00Z,2025-04-30T20:00:00Z,"control afternoon, 1:30-4:00 p.m.",8,26667,776679,62758601120b8799dcbc0c190ec945f170176d23a907004cc57cf502c2dbabfc
GLBX.MDP3-bbo-1s-d47f118443c489e8.dbn.zst,bbo-1s,2025-04-30T17:37:00Z,2025-04-30T18:23:00Z,unscheduled arrival,8,8158,236169,e33ba66d4b66d78180140e656d1771db5510b327d884e12cdb5073d9240e92df
GLBX.MDP3-bbo-1s-7f7177c7f055433a.dbn.zst,bbo-1s,2025-05-07T17:30:00Z,2025-05-07T20:00:00Z,"FOMC afternoon, 1:30-4:00 p.m.",8,26545,787704,21c4c679278df71a528bc737ea30401f158d9202a9ee58b61fcd4a719e6b30d5
GLBX.MDP3-bbo-1s-4d30cfc5801d994d.dbn.zst,bbo-1s,2025-05-14T17:30:00Z,2025-05-14T20:00:00Z,"control afternoon, 1:30-4:00 p.m.",8,25737,711321,e9ac6d1c0e3b81fbe408903faeadf4ca68526988bbe943b76519955b282919fb
GLBX.MDP3-bbo-1s-935178e0f8f4f3f4.dbn.zst,bbo-1s,2025-05-14T17:37:00Z,2025-05-14T18:23:00Z,control day for an unscheduled arrival,8,7876,214892,a734dc7796d344fc0c044607a69e208e6058b1b61d16eaf3d40a3d0aa0b3f80f
GLBX.MDP3-bbo-1s-b3c2737471eda8cc.dbn.zst,bbo-1s,2025-05-16T11:39:00Z,2025-05-16T12:25:00Z,control day for an unscheduled arrival,8,6995,168983,0ca281c566aa4fe281fb3c5ae31c25f810907d5d42e8c5dff3824cc8fdc51fb2
GLBX.MDP3-bbo-1s-9e59e5746eedf545.dbn.zst,bbo-1s,2025-05-21T17:30:00Z,2025-05-21T20:00:00Z,"control afternoon, 1:30-4:00 p.m.",8,26506,778765,231fc19da3543645596505495d79686ad709528dd3b153b3f7d98a0f2d3afbdf
GLBX.MDP3-bbo-1s-d2aa22657d528abb.dbn.zst,bbo-1s,2025-05-23T11:39:00Z,2025-05-23T12:25:00Z,control day for an unscheduled arrival,8,8241,250297,20badb5bb65e0f8b44b93a12708df9fe786774095348503549cf09b87bf3a465
GLBX.MDP3-bbo-1s-2fb26e8bc3bf3b9a.dbn.zst,bbo-1s,2025-05-30T11:39:00Z,2025-05-30T12:25:00Z,unscheduled arrival,8,7468,197105,bd5b4e6ed7303df7e6824577fc63298c9c40e0e55f842c70f98c2a8371adfd94
GLBX.MDP3-bbo-1s-7d37d821d023b4af.dbn.zst,bbo-1s,2025-06-13T11:39:00Z,2025-06-13T12:25:00Z,control day for an unscheduled arrival,8,7695,184961,3409f613cf632b73300afc74ad62dd3e4818056a4905598fdab21f2345a6ab12
GLBX.MDP3-bbo-1s-275082e2ced1eecb.dbn.zst,bbo-1s,2025-06-18T17:30:00Z,2025-06-18T20:00:00Z,"FOMC afternoon, 1:30-4:00 p.m.",8,26309,759404,f2b22527565c5cda81971c926b782a25c844489c8e63828961a222c1bebece17
GLBX.MDP3-bbo-1s-b5d17c2bb8640d1c.dbn.zst,bbo-1s,2025-06-25T17:30:00Z,2025-06-25T20:00:00Z,"control afternoon, 1:30-4:00 p.m.",8,25514,683222,57796c1a6423cce5d273790e53c1ee7c4d6b338c4921233b8f7081ab11b40515
GLBX.MDP3-bbo-1s-444d0ee4ec36c5c6.dbn.zst,bbo-1s,2025-07-09T15:24:00Z,2025-07-09T16:10:00Z,control day for an unscheduled arrival,8,8024,221204,7c160e26c23f6e0d0fa5d0986518f8a08e80e8c95aed3facc3e87a1e76e858d6
GLBX.MDP3-bbo-1s-5aa23bab8bbc6d44.dbn.zst,bbo-1s,2025-07-16T15:24:00Z,2025-07-16T16:10:00Z,control day for an unscheduled arrival,8,8276,256674,84b1dfef9b675d8ae874cb3e18ed3723b07aa037b0cefa3a312ea0901fb77fa9
GLBX.MDP3-bbo-1s-06c821c8838aaa90.dbn.zst,bbo-1s,2025-07-23T15:24:00Z,2025-07-23T16:10:00Z,unscheduled arrival,8,8001,222742,0ca4a4dd8dbd4fa57bfa92d3df2824ba421fd31265f2edff077fd65a2c7cb040
GLBX.MDP3-bbo-1s-3178525ab95c55f3.dbn.zst,bbo-1s,2025-07-23T17:30:00Z,2025-07-23T20:00:00Z,"control afternoon, 1:30-4:00 p.m.",8,25533,675804,74e435ce222efee7fda35201d7b193b5e187ccf360e7b1cbdc6923976fcd4d12
GLBX.MDP3-bbo-1s-d38b8a7a3340bfca.dbn.zst,bbo-1s,2025-07-30T15:06:00Z,2025-07-30T15:52:00Z,control day for an unscheduled arrival,8,8024,216018,edd0082eb682c7bf5372cc2b5cf54679a8cd7d102ef3f6bdf532fe93060bdab3
GLBX.MDP3-bbo-1s-1e1cc1eed644e7db.dbn.zst,bbo-1s,2025-07-30T15:24:00Z,2025-07-30T16:10:00Z,control day for an unscheduled arrival,8,7944,209756,47d38318222d07bccd41bfd23b6ad44f3f18bf4c203575aa64b5cf9259b47398
GLBX.MDP3-bbo-1s-8f1f967391101fb0.dbn.zst,bbo-1s,2025-07-30T17:30:00Z,2025-07-30T20:00:00Z,"FOMC afternoon, 1:30-4:00 p.m.",8,26479,755345,47020f81d68d0dfce2a791aeb40c24202bf3c85c697ecce1b737392d0c20cb49
GLBX.MDP3-bbo-1s-4548a286d3b3e195.dbn.zst,bbo-1s,2025-08-06T15:06:00Z,2025-08-06T15:52:00Z,unscheduled arrival,8,8090,233640,e88b553291041f0e940ad7ad6c2c0b24b229d1376bd5a0ab8f92db2a209e88fa
GLBX.MDP3-bbo-1s-faf7494fde8c0d05.dbn.zst,bbo-1s,2025-08-06T17:30:00Z,2025-08-06T20:00:00Z,"control afternoon, 1:30-4:00 p.m.",8,25826,685004,484d6cfe6197a203b3d663e1b6a5cc0d5b212fc1be515e8eb5b8a89557835b8a
GLBX.MDP3-bbo-1s-07740f8965fd7cf1.dbn.zst,bbo-1s,2025-08-13T15:06:00Z,2025-08-13T15:52:00Z,control day for an unscheduled arrival,8,7912,221130,53a80eb4daf3d0bac3d51bf2b6e49a81c9d168de421e54e6755c6b849ebd43a8
GLBX.MDP3-bbo-1s-7e44f16091a40bf7.dbn.zst,bbo-1s,2025-08-20T15:06:00Z,2025-08-20T15:52:00Z,control day for an unscheduled arrival,8,8028,231602,a1a671f8dcb4ceb81c38c268a58a2de36e9b03dac60820e1e83eff2b0bbe73fd
GLBX.MDP3-bbo-1s-4567421737747cd2.dbn.zst,bbo-1s,2025-09-10T17:30:00Z,2025-09-10T20:00:00Z,"control afternoon, 1:30-4:00 p.m.",8,25199,697537,d30c18ee677c01f37cedf416280a3b6f8b1bc35452a927e2b6b6448b56751522
GLBX.MDP3-bbo-1s-3981fc52fceaf0c0.dbn.zst,bbo-1s,2025-09-17T17:30:00Z,2025-09-17T20:00:00Z,"FOMC afternoon, 1:30-4:00 p.m.",8,26553,787919,c888d03dabfc88b4995b3a6ae8bc44245ef6c1a2f92e67537f0dffdccb826efd
GLBX.MDP3-bbo-1s-27eaae20cd35728a.dbn.zst,bbo-1s,2025-09-24T17:30:00Z,2025-09-24T20:00:00Z,"control afternoon, 1:30-4:00 p.m.",8,25240,691501,c4af9f26b719611a2aee74378764fb1b658f0f254d46c48e2df6e7ea43675e31
GLBX.MDP3-bbo-1s-13cf23c945123da7.dbn.zst,bbo-1s,2025-09-30T19:07:00Z,2025-09-30T19:53:00Z,control day for an unscheduled arrival,8,7895,222793,338550285c7ab27850bffbfe6c16a1e8eabf4206e90f8f239723da3c26d034c3
GLBX.MDP3-bbo-1s-9c587e860f7ce557.dbn.zst,bbo-1s,2025-10-07T19:07:00Z,2025-10-07T19:53:00Z,control day for an unscheduled arrival,8,7380,199081,d42a5e613d04d19b3e7ae3a24ee1d2caf5d34ee12ee0d2367c3ec84c0783c863
GLBX.MDP3-bbo-1s-ea6687a42f9edcf1.dbn.zst,bbo-1s,2025-10-14T19:07:00Z,2025-10-14T19:53:00Z,unscheduled arrival,8,7813,223915,c59d5ed4d393d7bd888e6d2b13f80c1e912ea6ed627141809d99787f134295d3
GLBX.MDP3-bbo-1s-7be4480f1de84164.dbn.zst,bbo-1s,2025-10-21T19:07:00Z,2025-10-21T19:53:00Z,control day for an unscheduled arrival,8,7242,191838,98fd18560f1bfcc64a15150e0e7fc09fc83de05025d011b8413730ba28f72fd7
GLBX.MDP3-bbo-1s-780dd0dc6a2f8671.dbn.zst,bbo-1s,2025-10-22T17:30:00Z,2025-10-22T20:00:00Z,"control afternoon, 1:30-4:00 p.m.",8,25414,726965,8d2d4ce82feebb61da608edd73703a793d47456f6d44c7b457db4832a9375633
GLBX.MDP3-bbo-1s-6a27a55059e1d0c9.dbn.zst,bbo-1s,2025-10-28T19:07:00Z,2025-10-28T19:53:00Z,control day for an unscheduled arrival,8,7583,206837,30558f9df461b3b7f3fdd8ea92b2a765d02ddbc8386fdaeb759307ef7ab5eca8
GLBX.MDP3-bbo-1s-7d8405349b6b2f93.dbn.zst,bbo-1s,2025-10-29T17:30:00Z,2025-10-29T20:00:00Z,"FOMC afternoon, 1:30-4:00 p.m.",8,26588,783304,53b557fce7735c0c84d9d2ca7e6b00705058b53b34920412bed0bed47d8070c3
GLBX.MDP3-bbo-1s-d523f525c7e80b2c.dbn.zst,bbo-1s,2025-11-05T18:30:00Z,2025-11-05T21:00:00Z,"control afternoon, 1:30-4:00 p.m.",8,25307,687056,3e0749367bdbfe6abf81bd098faf98675f9979899b0d99aa36b6ff3a4b65f7c0
GLBX.MDP3-bbo-1s-bfbc114781178cda.dbn.zst,bbo-1s,2025-12-03T18:30:00Z,2025-12-03T21:00:00Z,"control afternoon, 1:30-4:00 p.m.",8,25298,665217,69b8be6faa923e43d147f91e48d4924074ba4a907fa613dd0e951e0c603ada72
GLBX.MDP3-bbo-1s-c3dae29f86a070e4.dbn.zst,bbo-1s,2025-12-10T18:30:00Z,2025-12-10T21:00:00Z,"FOMC afternoon, 1:30-4:00 p.m.",8,26608,789895,d6b348db41c08df1e342fb59a72cc831f7129dbde0d461f9bc05bb4138983847
GLBX.MDP3-bbo-1s-5a7a2288f0de6ef3.dbn.zst,bbo-1s,2025-12-17T18:30:00Z,2025-12-17T21:00:00Z,"control afternoon, 1:30-4:00 p.m.",8,25045,687545,ca9b8d7b20c341d660b8655b029c9ecd0d91b0e979ed8dbe1f4c990e3ca9e581
GLBX.MDP3-bbo-1s-fc97f47b384b11f7.dbn.zst,bbo-1s,2026-01-21T18:30:00Z,2026-01-21T21:00:00Z,"control afternoon, 1:30-4:00 p.m.",8,25969,755174,45100060fa798f250f7a3ff88dae20210d9e35ca81ecd567dc3a38af0fdba924
GLBX.MDP3-bbo-1s-dcfcbc4e321f5bed.dbn.zst,bbo-1s,2026-01-26T17:51:00Z,2026-01-26T18:37:00Z,control day for an unscheduled arrival,8,7832,210215,188d0f5da02776502aabe8c6da79700c39a5873b04c1989bdb18e4d30fa423b8
GLBX.MDP3-bbo-1s-109407d129ba3264.dbn.zst,bbo-1s,2026-01-28T18:30:00Z,2026-01-28T21:00:00Z,"FOMC afternoon, 1:30-4:00 p.m.",8,25751,721239,211faf72a5fc5bf2185bd2d0ee4f08551288489ec27734eac040c2b9103b69a4
GLBX.MDP3-bbo-1s-64ccb54609e44cef.dbn.zst,bbo-1s,2026-02-02T17:51:00Z,2026-02-02T18:37:00Z,control day for an unscheduled arrival,8,7580,203589,3875cfc498430376e432fb6745a9e1bd49f04f7503a16524032e886ddf19360e
GLBX.MDP3-bbo-1s-b613276d23e6c37e.dbn.zst,bbo-1s,2026-02-04T18:30:00Z,2026-02-04T21:00:00Z,"control afternoon, 1:30-4:00 p.m.",8,25490,736631,28b07fb84d4eba3c7d513430212ef8d3620cdf5cea56b21572d1e1ce29cf7503
GLBX.MDP3-bbo-1s-712d0923160de68a.dbn.zst,bbo-1s,2026-02-09T17:51:00Z,2026-02-09T18:37:00Z,unscheduled arrival,8,7656,211234,78576d2907bf7e601f1a7b6b382216dc91164694823474b740a0559926b59486
GLBX.MDP3-bbo-1s-f661ca587d9c23e8.dbn.zst,bbo-1s,2026-02-17T19:07:00Z,2026-02-17T19:53:00Z,control day for an unscheduled arrival,8,7732,215012,d762ef39f99582d02a99610aa8c7cd4a3981f6155f6e4023c9836e16008aa15d
GLBX.MDP3-bbo-1s-aa9e248de96ad715.dbn.zst,bbo-1s,2026-02-23T17:51:00Z,2026-02-23T18:37:00Z,control day for an unscheduled arrival,8,7731,216234,82b00b92585593aa6c9bef2bb3527b3fd5b2a5244cd9966de503248153d36d71
GLBX.MDP3-bbo-1s-a05cc34141339269.dbn.zst,bbo-1s,2026-02-23T18:49:00Z,2026-02-23T19:35:00Z,control day for an unscheduled arrival,8,7686,211840,726e28f0607f4dd3a6c9c3b7c85fe5653122c9d6872003598b0e6064f2549bf6
GLBX.MDP3-bbo-1s-65eede9a23365a6d.dbn.zst,bbo-1s,2026-02-24T19:07:00Z,2026-02-24T19:53:00Z,control day for an unscheduled arrival,8,7365,200223,7b7d64ebeeca2090b9c6f56f4429a3e15e9fc0b25ecaad0a3d8faf2570da8570
GLBX.MDP3-bbo-1s-2d1f845d6092f8a5.dbn.zst,bbo-1s,2026-02-26T15:09:00Z,2026-02-26T15:55:00Z,control day for an unscheduled arrival,8,7674,228345,e68dd7f1e8f6e00644f96943aa184e1ed2c874fc9d1da4c11a9f00eac97c0be4
GLBX.MDP3-bbo-1s-94707a9e3e4d6cbf.dbn.zst,bbo-1s,2026-03-02T18:49:00Z,2026-03-02T19:35:00Z,control day for an unscheduled arrival,8,7924,222146,1bc73061c703dcfb70423dbb8cad4d877b9a6174b17ffbc667d76f59f742f51c
GLBX.MDP3-bbo-1s-c023157c3174314c.dbn.zst,bbo-1s,2026-03-03T19:07:00Z,2026-03-03T19:53:00Z,unscheduled arrival,8,8069,234468,b15cce25cea565472c1abe081c29a021a4ae71d5cf5db8a7875f6f41a2287df7
GLBX.MDP3-bbo-1s-ae477014eb1d357b.dbn.zst,bbo-1s,2026-03-05T15:09:00Z,2026-03-05T15:55:00Z,control day for an unscheduled arrival,8,8237,247419,a6f8fc5b9c049f9a516606fbfd8e643273d660e79c0a91983c572eb9dc501e3b
GLBX.MDP3-bbo-1s-c0bda2e037750d76.dbn.zst,bbo-1s,2026-03-09T18:49:00Z,2026-03-09T19:35:00Z,unscheduled arrival,8,8196,243105,cbab0e85581859ece49cf5e0afad336a62fa492c6810f160929d5212537c23b4
GLBX.MDP3-bbo-1s-a98a98416cab4c5d.dbn.zst,bbo-1s,2026-03-10T19:07:00Z,2026-03-10T19:53:00Z,control day for an unscheduled arrival,8,8071,232818,d9cc128edc7fabcd59b7d4dba77c53c56dfb78769196a1b0b1c5dce62952eb2f
GLBX.MDP3-bbo-1s-5d502e34043714ae.dbn.zst,bbo-1s,2026-03-11T18:25:00Z,2026-03-11T19:11:00Z,control day for an unscheduled arrival,8,8096,226509,ad88e981de5e9e9f6d0f74027b8c01d37b30e396850d06b2ccda2a655bff1b67
GLBX.MDP3-bbo-1s-3861d2f347d94fac.dbn.zst,bbo-1s,2026-03-12T15:09:00Z,2026-03-12T15:55:00Z,unscheduled arrival,8,8245,247888,8d7d7f5787c96a49df40d6ff3d0b059f61d6df8ac88f3f259075674d6c7f4cc6
GLBX.MDP3-bbo-1s-d0935ac528816fbf.dbn.zst,bbo-1s,2026-03-13T14:53:00Z,2026-03-13T15:39:00Z,control day for an unscheduled arrival,8,8229,246202,732d027c81f21c9e680091645f8e8bc4c9bb41fb54b2859b092b8a6b4e21bde4
GLBX.MDP3-bbo-1s-8b689b10027d0648.dbn.zst,bbo-1s,2026-03-18T17:30:00Z,2026-03-18T20:00:00Z,"FOMC afternoon, 1:30-4:00 p.m.",8,26389,758860,9d838e759ba68de6ff60e33439a3502cd0a875834f4ad811ae3b2b716d3cf13a
GLBX.MDP3-bbo-1s-b33c8c0ecdc7ac77.dbn.zst,bbo-1s,2026-03-19T15:09:00Z,2026-03-19T15:55:00Z,control day for an unscheduled arrival,8,8216,242198,49bbfcd57f09afd406af11612e130dbc815afcc38bf61c3deb96ee753ee90322
GLBX.MDP3-bbo-1s-39f61407701acf58.dbn.zst,bbo-1s,2026-03-20T14:53:00Z,2026-03-20T15:39:00Z,control day for an unscheduled arrival,8,8264,250852,4327486eb420a8b5dc10452886673e8b41cf286a689b4559832b3dfae6888d25
GLBX.MDP3-bbo-1s-74408805b48d8011.dbn.zst,bbo-1s,2026-03-23T18:49:00Z,2026-03-23T19:35:00Z,control day for an unscheduled arrival,8,8057,226205,6803126c9b156e2155c9db1ea2b0e2790a89c6e65592eb514957261da7c485fd
GLBX.MDP3-bbo-1s-782b15b838a22479.dbn.zst,bbo-1s,2026-03-24T16:09:00Z,2026-03-24T16:55:00Z,control day for an unscheduled arrival,8,8186,236792,67df7fe448b223f74617075731c9eb93106611b20689560680779f616e576d9b
GLBX.MDP3-bbo-1s-49580f09092566da.dbn.zst,bbo-1s,2026-03-25T17:30:00Z,2026-03-25T20:00:00Z,"control afternoon, 1:30-4:00 p.m.",8,25959,726219,537f75cbe17c453dabadb1da7bab734353c2c789c40b9cdb949cda9f647e2a31
GLBX.MDP3-bbo-1s-6a7370f13d704004.dbn.zst,bbo-1s,2026-03-25T18:25:00Z,2026-03-25T19:11:00Z,unscheduled arrival,8,7911,221267,da7aead7f1fc8e92569219e0505d0e9b43f236eaa77e2a9927560975075880fb
GLBX.MDP3-bbo-1s-46281511400cdceb.dbn.zst,bbo-1s,2026-03-26T15:09:00Z,2026-03-26T15:55:00Z,control day for an unscheduled arrival,8,8131,231549,a2e846e0c53a889b577ad04f7dc8ea8fe6b6d13e1d04211af44c88a3b95433d2
GLBX.MDP3-bbo-1s-f233245344782958.dbn.zst,bbo-1s,2026-03-27T14:53:00Z,2026-03-27T15:39:00Z,unscheduled arrival,8,8214,243993,c3eb38d5a785e57baea4d435d00053fd406458d4ea6f15e843b41467f7dea40f
GLBX.MDP3-bbo-1s-ad0c1e9969fa448a.dbn.zst,bbo-1s,2026-03-30T15:36:00Z,2026-03-30T16:22:00Z,control day for an unscheduled arrival,8,8203,235260,ff761852dce85dd3a5a6912542f57f904bbba5755984ac5542657f91cef15da8
GLBX.MDP3-bbo-1s-c4fc7509c48bc723.dbn.zst,bbo-1s,2026-03-31T16:09:00Z,2026-03-31T16:55:00Z,unscheduled arrival,8,8095,245124,88ff4b11ca4ef802fed68576c020d9600c8cfff8f1687b44580d9db1eb071cb4
GLBX.MDP3-bbo-1s-b44fc05a686e4d6f.dbn.zst,bbo-1s,2026-04-01T18:25:00Z,2026-04-01T19:11:00Z,control day for an unscheduled arrival,8,7914,226887,78db2659b1d2959c0ad2903604bb0beacf8352b082968f8c7f6928571f52d9da
GLBX.MDP3-bbo-1s-1f58a73263b8c857.dbn.zst,bbo-1s,2026-04-02T15:07:00Z,2026-04-02T15:53:00Z,control day for an unscheduled arrival,8,8198,243149,d1daf5c6b265cf65d10e12e9e5ef0cf501e29448cecbf6e10506a4a436a6dcbc
GLBX.MDP3-bbo-1s-88e974364bdbe415.dbn.zst,bbo-1s,2026-04-06T15:36:00Z,2026-04-06T16:22:00Z,control day for an unscheduled arrival,8,7780,212523,b752bc665059db1e0882bff29e313cd69b5054155f942f343cfc65d666d39d32
GLBX.MDP3-bbo-1s-f5eebc76ab412311.dbn.zst,bbo-1s,2026-04-07T18:24:00Z,2026-04-07T19:10:00Z,control day for an unscheduled arrival,8,7912,226466,f7bc803971736ea12af8b597d94fde5ad9864c3653eff7e1564e37214ad1fe3a
GLBX.MDP3-bbo-1s-2c307a414c564ee3.dbn.zst,bbo-1s,2026-04-13T15:36:00Z,2026-04-13T16:22:00Z,unscheduled arrival,8,8048,226403,26ccf46e252d9e31eff9b0b541563c4a55098fee67320ec1ab93d788426fcbb3
GLBX.MDP3-bbo-1s-40a07d9271c82c59.dbn.zst,bbo-1s,2026-04-14T16:09:00Z,2026-04-14T16:55:00Z,control day for an unscheduled arrival,8,7798,210875,609e33efc60d83d7d4eff6817dd23ba58a521c23047c7aa3ca87b60cd160935c
GLBX.MDP3-bbo-1s-179a9440f1cd1534.dbn.zst,bbo-1s,2026-04-14T18:24:00Z,2026-04-14T19:10:00Z,control day for an unscheduled arrival,8,8002,222728,894dd4395cce4f2807586c104f6fcf9c0c29180d5c98b46db815179fe005a9e4
GLBX.MDP3-bbo-1s-e422030b2ee09bd9.dbn.zst,bbo-1s,2026-04-16T15:07:00Z,2026-04-16T15:53:00Z,unscheduled arrival,8,8155,235600,322b44dd0ba9fe61d379370e30bee4ab38b6c12c2146230e93acbaf7207b6b99
GLBX.MDP3-bbo-1s-ad5166758822f81a.dbn.zst,bbo-1s,2026-04-20T15:36:00Z,2026-04-20T16:22:00Z,control day for an unscheduled arrival,8,7934,221279,c4d66d8156a9f4c9da66bc82b9d29de98bf590076ef7a8ee17fc59761d62a0b9
GLBX.MDP3-bbo-1s-014961a38c1f64e6.dbn.zst,bbo-1s,2026-04-20T15:37:00Z,2026-04-20T16:23:00Z,control day for an unscheduled arrival,8,7927,220759,e00a5c1fcbbaa66a3d6b08c6c3b2b3ea35d679e1edb55b6adf20d1a91d3a1b11
GLBX.MDP3-bbo-1s-cb43a3853102d50e.dbn.zst,bbo-1s,2026-04-21T18:24:00Z,2026-04-21T19:10:00Z,unscheduled arrival,8,8048,221617,93e891f6eb1721206d7cb67a14dbe1203376f898c6d479f8e4e76b82e3abaa75
GLBX.MDP3-bbo-1s-3082c882f57f0bbc.dbn.zst,bbo-1s,2026-04-22T17:30:00Z,2026-04-22T20:00:00Z,"control afternoon, 1:30-4:00 p.m.",8,24824,668737,3b1d61f8cacad4d0b9bbe91940df55d9072d5f0c58de906f4bec7656d1417e81
GLBX.MDP3-bbo-1s-126219498fcd4771.dbn.zst,bbo-1s,2026-04-23T15:07:00Z,2026-04-23T15:53:00Z,control day for an unscheduled arrival,8,8048,226704,de212b1717773e0e3d95aa3da1fb5de0f181468d32bf13114f5654b8090bd799
GLBX.MDP3-bbo-1s-281a8d3ed6fa48ce.dbn.zst,bbo-1s,2026-04-27T15:36:00Z,2026-04-27T16:22:00Z,control day for an unscheduled arrival,8,8075,223864,76852b2ad383d25bc4066eb01423030dd3c23be82704e326a5d0fa7b1cf92b46
GLBX.MDP3-bbo-1s-da465d9e37c92b42.dbn.zst,bbo-1s,2026-04-27T15:37:00Z,2026-04-27T16:23:00Z,control day for an unscheduled arrival,8,8075,223744,4267856ab10a98e0ff55de7eaee5f47c2eca794d145f511f4edeb73a8bfe0201
GLBX.MDP3-bbo-1s-370ec7d85e36437b.dbn.zst,bbo-1s,2026-04-28T18:24:00Z,2026-04-28T19:10:00Z,control day for an unscheduled arrival,8,7871,213917,8562e6546a308515fafc20ee4a950f1c8a9f7d57e7ac52d259e8b182783d14f4
GLBX.MDP3-bbo-1s-03ef64978cea4f42.dbn.zst,bbo-1s,2026-04-29T17:30:00Z,2026-04-29T20:00:00Z,"FOMC afternoon, 1:30-4:00 p.m.",8,26468,756366,d136fa06075ec6a626e55776673a2eb2cd9e6f849c5c7b236f85dbf3c228f470
GLBX.MDP3-bbo-1s-c69665433e6810d2.dbn.zst,bbo-1s,2026-04-30T15:07:00Z,2026-04-30T15:53:00Z,control day for an unscheduled arrival,8,8178,238078,708764a4b192e4dd306443dacad2f0aed10fc89fc15dd48c5205aeaae4f6932d
GLBX.MDP3-bbo-1s-6a917ff169c0603d.dbn.zst,bbo-1s,2026-05-04T15:37:00Z,2026-05-04T16:23:00Z,unscheduled arrival,8,8254,250131,fb27608acb74238e539a416770625cf972b78dba42cdb85da05eca62b2b6f22a
GLBX.MDP3-bbo-1s-9248e2814154d7fc.dbn.zst,bbo-1s,2026-05-05T18:24:00Z,2026-05-05T19:10:00Z,control day for an unscheduled arrival,8,7656,201391,0d2562d3c1d2cac3901bb2c6ae7fabba313dd49c5969a09e908de321e14df5d5
GLBX.MDP3-bbo-1s-9a1a454254495f20.dbn.zst,bbo-1s,2026-05-06T17:30:00Z,2026-05-06T20:00:00Z,"control afternoon, 1:30-4:00 p.m.",8,25309,693674,ceecd96c9d26a3c30130e48daa326d07b22f80d99d6db0892840fbdc7e81411a
GLBX.MDP3-bbo-1s-7940b6e9091a6fe8.dbn.zst,bbo-1s,2026-05-11T15:37:00Z,2026-05-11T16:23:00Z,control day for an unscheduled arrival,8,7789,213942,d375a6f090e7ac833372110aeeed8538963fe7272a0cb7ae6e48db8de51a30c9
GLBX.MDP3-bbo-1s-e7b83e792a7afa82.dbn.zst,bbo-1s,2026-05-18T12:41:00Z,2026-05-18T13:27:00Z,control day for an unscheduled arrival,8,8195,234212,9c5fc9921f380a43c44450bd50926505a4300b7ce846ad76ec7f56685e54f2b1
GLBX.MDP3-bbo-1s-a7f2c4fadac64aac.dbn.zst,bbo-1s,2026-05-18T15:37:00Z,2026-05-18T16:23:00Z,control day for an unscheduled arrival,8,8114,234864,edbde712c2d75b52436be63746a170df840a8faa4f1059723be1a46c7e29dd50
GLBX.MDP3-bbo-1s-aa2ad06056c4c1e1.dbn.zst,bbo-1s,2026-05-26T16:08:00Z,2026-05-26T16:54:00Z,control day for an unscheduled arrival,8,7869,220444,98cf0e4429395cd30b601bd9ce30b6272214b2224505c68ac5ee3e0bd11fd1c0
GLBX.MDP3-bbo-1s-c9b4d1fa2fd0974f.dbn.zst,bbo-1s,2026-05-28T11:52:00Z,2026-05-28T12:38:00Z,control day for an unscheduled arrival,8,7047,172294,6e1f0ccc1c608e53348c09bf79c4ada55f7794a7a7150875d10d85b5e45b27eb
GLBX.MDP3-bbo-1s-ed8a0a7db2540e43.dbn.zst,bbo-1s,2026-05-29T14:22:00Z,2026-05-29T15:08:00Z,control day for an unscheduled arrival,8,8178,247114,a5b526a2d6f6297acfdcbd0ee088560946039bb58de66166865e17330549c6e5
GLBX.MDP3-bbo-1s-8d94461e46d376db.dbn.zst,bbo-1s,2026-06-01T12:41:00Z,2026-06-01T13:27:00Z,unscheduled arrival,8,8125,221695,7a8e0eb0e48845614863a5fd28f9dd3326e40759252b6ad0c048a30dc8e52728
GLBX.MDP3-bbo-1s-d291fd0fdfa33da2.dbn.zst,bbo-1s,2026-06-02T16:08:00Z,2026-06-02T16:54:00Z,control day for an unscheduled arrival,8,8018,221566,df105a0e7503fd493a2711f45c5b4e8757403be75dbe7489eac32500a773a7aa
GLBX.MDP3-bbo-1s-9a8cfd2c1a39cf93.dbn.zst,bbo-1s,2026-06-04T11:52:00Z,2026-06-04T12:38:00Z,control day for an unscheduled arrival,8,8131,218640,c66fde99195c5a04182bf0760ff0fc9d00ce8a8ee49a1b5e0e735518dcf11e8e
GLBX.MDP3-bbo-1s-f7de982a9990e880.dbn.zst,bbo-1s,2026-06-05T14:22:00Z,2026-06-05T15:08:00Z,control day for an unscheduled arrival,8,8242,248008,ae3cc64485e9d992504a900f2e3890687a63a3580fe5283bdc5ad9af7eaf95d4
GLBX.MDP3-bbo-1s-39d388e295860396.dbn.zst,bbo-1s,2026-06-08T12:41:00Z,2026-06-08T13:27:00Z,control day for an unscheduled arrival,8,8160,222521,e2276c17e74317d37a0f6faf6a792c14c2da9656799bcbc15b476c311f4498b0
GLBX.MDP3-bbo-1s-1619cbecaa8c47cc.dbn.zst,bbo-1s,2026-06-09T16:08:00Z,2026-06-09T16:54:00Z,unscheduled arrival,8,8239,259299,2ace8e7b40e219a2b969277177d88ca8f3cf0521ebdb2581a129a9dd87c09cbe
GLBX.MDP3-bbo-1s-eb2f89186126aa1a.dbn.zst,bbo-1s,2026-06-11T11:52:00Z,2026-06-11T12:38:00Z,unscheduled arrival,8,7993,216417,f29fade51f770d554c8152f909f593eddff08471428dbed5993bc67292ca857e
GLBX.MDP3-bbo-1s-9eb98ca8fd2831b1.dbn.zst,bbo-1s,2026-06-12T14:22:00Z,2026-06-12T15:08:00Z,unscheduled arrival,8,8189,250433,eb14f4b9809d51fdefd8b428a98c83dc40959136fd90f02435cdfbc3f020982e
GLBX.MDP3-bbo-1s-099628c26ff4a996.dbn.zst,bbo-1s,2026-06-17T17:30:00Z,2026-06-17T20:00:00Z,"FOMC afternoon, 1:30-4:00 p.m.",8,26635,822257,959156dd6827fe890d7a763dfffbb8482a4ba8257b65cf922c3ffb3c6e23046d
GLBX.MDP3-bbo-1s-523043f371780cb6.dbn.zst,bbo-1s,2026-06-18T11:52:00Z,2026-06-18T12:38:00Z,control day for an unscheduled arrival,8,8134,211243,cbeec95b0af7eaab79d3fb7756d722d605e2c7196b5af5c87508da48de871f2e
GLBX.MDP3-bbo-1s-718f443e179575e7.dbn.zst,bbo-1s,2026-06-23T16:08:00Z,2026-06-23T16:54:00Z,control day for an unscheduled arrival,8,7864,220633,96833f7764661e323c3bdccb35c1ccfebe8d7bbcd32b3922b5f7fa7340b9289c
GLBX.MDP3-bbo-1s-2ee6b44e6702591d.dbn.zst,bbo-1s,2026-06-24T17:30:00Z,2026-06-24T20:00:00Z,"control afternoon, 1:30-4:00 p.m.",8,26349,766334,e3b3a1453a1cb3731d78a542500bc7b473e6fdaec4d30e043cb7d492c4a52526
GLBX.MDP3-bbo-1s-1eb58d44f2b3d65c.dbn.zst,bbo-1s,2026-06-26T14:22:00Z,2026-06-26T15:08:00Z,control day for an unscheduled arrival,8,8194,242748,2c27b1a78d2d1dfcace742e3b8115917188beadfa0802fe6abcddc605053e543
GLBX.MDP3-bbo-1s-18aa5278ebfc8de3.dbn.zst,bbo-1s,2026-07-13T15:55:00Z,2026-07-13T16:41:00Z,control day for an unscheduled arrival,8,8041,228715,83fe4eed6496a8354ddc21042b440d77cce1057dec917f07f1837aa505b20c52
GLBX.MDP3-bbo-1s-2035bfa2053a8df1.dbn.zst,bbo-1s,2026-07-20T15:55:00Z,2026-07-20T16:41:00Z,control day for an unscheduled arrival,8,8038,225489,c56befe4dfd757c29bf3cf1dcd94ef30782dfef31231e4e4aa6cfe2d23d6919a
GLBX.MDP3-bbo-1s-d5d8fd25a44564ed.dbn.zst,bbo-1s,2026-07-22T17:30:00Z,2026-07-22T20:00:00Z,"control afternoon, 1:30-4:00 p.m.",8,25116,673528,e2af3a9d99645b038d72579e22ac1b86295d714caf88cb5f270346459364e227
GLBX.MDP3-bbo-1s-96f322650947c23e.dbn.zst,bbo-1s,2026-07-27T15:55:00Z,2026-07-27T16:41:00Z,unscheduled arrival,8,8096,238630,2a558fa8f4261e38530d6844ea74dc691756cb79a7d6e681b01d7fe9177868dd
GLBX.MDP3-bbo-1s-ff28b44825868f56.dbn.zst,bbo-1s,2026-07-29T17:30:00Z,2026-07-29T20:00:00Z,"FOMC afternoon, 1:30-4:00 p.m.",8,26799,820461,1a12ae2fdd3441bcb57df3eb719d1c4855a8685d8b892dc350751d028ae731d8
GLBX.MDP3-bbo-1s-249bd5a993a061c8.dbn.zst,bbo-1s,2026-08-03T15:55:00Z,2026-08-03T16:41:00Z,control day for an unscheduled arrival,8,8004,221336,79ad0372898593e2ca33e5dd20ca10378f5e307724dc36b0a7aeb4d33a5aa22d
GLBX.MDP3-bbo-1s-d2d07799ee9ca7b0.dbn.zst,bbo-1s,2026-08-05T17:30:00Z,2026-08-05T20:00:00Z,"control afternoon, 1:30-4:00 p.m.",8,25679,701163,5cafb74f024f223fc37f791f3a9fb138ad45fa1ab255b91e8d71f162c9decf0d
GLBX.MDP3-bbo-1s-8b0a416b1db33cc4.dbn.zst,bbo-1s,2026-09-08T17:22:00Z,2026-09-08T18:08:00Z,control day for an unscheduled arrival,8,7655,156075,fc0894cc98365049bbdfb1b344d2eb27f75107755a7e8864a19b4c1e61642f6f
GLBX.MDP3-bbo-1s-8f733df41b022c63.dbn.zst,bbo-1s,2026-09-09T17:30:00Z,2026-09-09T20:00:00Z,"control afternoon, 1:30-4:00 p.m.",8,25638,535570,a497f734fd1e1f49774e9b7fee25aab329517944275e0d538e619e1e82c659b0
GLBX.MDP3-bbo-1s-3478d547aea7520a.dbn.zst,bbo-1s,2026-09-14T11:34:00Z,2026-09-14T12:20:00Z,control day for an unscheduled arrival,8,7972,148677,f6521924043bb876eff9c3eaca37a8876887188e0ac222c84bcd8be656ac36eb
GLBX.MDP3-bbo-1s-ff3b8a5484a7d9cb.dbn.zst,bbo-1s,2026-09-16T17:30:00Z,2026-09-16T20:00:00Z,"FOMC afternoon, 1:30-4:00 p.m.",8,26747,653447,b2b41124bbbc825a8424172e4241bcaafe4413a912e13dea1b4d914a821f7241
GLBX.MDP3-bbo-1s-a9f3170161824a7a.dbn.zst,bbo-1s,2026-09-21T11:34:00Z,2026-09-21T12:20:00Z,control day for an unscheduled arrival,8,7805,141304,55bab07c27b65652d8775933358558e6ff2fe66f9abe592762c3d341b5306ed0
GLBX.MDP3-bbo-1s-bed8a95240f37115.dbn.zst,bbo-1s,2026-09-22T17:22:00Z,2026-09-22T18:08:00Z,unscheduled arrival,8,8017,170741,60c4da04cc0977e1dc590b08ae2a21c68599b1adddd9c7de6f3dd6aa6b163074
GLBX.MDP3-bbo-1s-26620eea73a7baa5.dbn.zst,bbo-1s,2026-09-23T17:30:00Z,2026-09-23T20:00:00Z,"control afternoon, 1:30-4:00 p.m.",8,26496,590525,f3d3c7cb1c05c17a4cedaeee0337161015f44c6ba14fda2699024272be565ef7
GLBX.MDP3-bbo-1s-7848f73bf91804b6.dbn.zst,bbo-1s,2026-09-28T11:34:00Z,2026-09-28T12:20:00Z,unscheduled arrival,8,7957,155509,7f5fe940055cc9f5e514cbf04c3231e5b8ee0ec55698ea3707d7ccecf8d60889
GLBX.MDP3-bbo-1s-3c60c8c5b82bfa2a.dbn.zst,bbo-1s,2026-09-29T17:22:00Z,2026-09-29T18:08:00Z,control day for an unscheduled arrival,8,8107,182638,5de320e8e01953bce7cebc5662fd26e6b377fd91680053364217cd33892aaf15
GLBX.MDP3-mbp-1-ea0ed518760f2c2d.dbn.zst,mbp-1,2015-01-09T13:25:00Z,2015-01-09T13:36:00Z,8:30 a.m. release,"1, 5, 8",195642,2190450,3aa5343d64096478dd498295fa12cad6d8afe653d42bc540607f7aabb5f543d7
GLBX.MDP3-mbp-1-793727546d825904.dbn.zst,mbp-1,2015-01-15T13:25:00Z,2015-01-15T13:36:00Z,8:30 a.m. release,"1, 5, 8",68974,825860,a5715b5b5de390a5e50a4470f3b3592e5437df88157d3ba6fcdd19bb634c2e4b
GLBX.MDP3-mbp-1-2a2b60e8c37e6117.dbn.zst,mbp-1,2015-01-16T13:25:00Z,2015-01-16T13:36:00Z,8:30 a.m. release,"1, 5, 8",88365,1006150,381cb3558ac77983d22f5a735b8f17d1cc6dc5d03e07695d4e5c68914c59196a
GLBX.MDP3-mbp-1-79eb2c926336261e.dbn.zst,mbp-1,2015-01-21T18:55:00Z,2015-01-21T19:06:00Z,2:00 p.m. control afternoon,1,83274,990310,af330bc0a72ed8117b30f437c8e4aeed14163e818765b9bbeac2303cce7d75b3
GLBX.MDP3-mbp-1-4bd24d4c0811914f.dbn.zst,mbp-1,2015-01-23T13:25:00Z,2015-01-23T13:36:00Z,8:30 a.m. control morning,"1, 5",49038,571486,fd96849d3f8dc4417fd02268838cbc0ecdc7693ca64f51d0f205e3b593b3ee0a
GLBX.MDP3-mbp-1-9675c690fc6deb6e.dbn.zst,mbp-1,2015-01-28T18:55:00Z,2015-01-28T19:15:00Z,FOMC statement and press conference,"1, 5",401033,4820732,cc0dd0bc7b7ebe066b3c693feb74ff9e53808f393bcc78ce1c708f20279d9f57
GLBX.MDP3-mbp-1-45434ac09d3cafdb.dbn.zst,mbp-1,2015-02-04T18:55:00Z,2015-02-04T19:06:00Z,2:00 p.m. control afternoon,1,91451,1120917,860cc64b970665351c3f6c4e37084816a9a49a821a8d14314cf4270ba111f45c
GLBX.MDP3-mbp-1-b534182303eec074.dbn.zst,mbp-1,2015-02-06T13:25:00Z,2015-02-06T13:36:00Z,8:30 a.m. release,"1, 5, 8",173913,1986302,db03249c3043f97381b8276a7a78087ef95644bb226c8f41ff3cc78c75f9814d
GLBX.MDP3-mbp-1-15cdcc04537548e9.dbn.zst,mbp-1,2015-02-18T13:25:00Z,2015-02-18T13:36:00Z,8:30 a.m. release,"1, 5, 8",38468,428140,545924bd937209341d8dc095bd79de9da0a313b9f82d4a35319ece13a0b740d3
GLBX.MDP3-mbp-1-784ed6390bda2f01.dbn.zst,mbp-1,2015-02-26T13:25:00Z,2015-02-26T13:36:00Z,8:30 a.m. release,"1, 5, 8",45931,534056,d027565fae787e921c1c6d0d6be660d30de340514863d5bb52cf228bf446ffc7
GLBX.MDP3-mbp-1-3f8acbb16f467555.dbn.zst,mbp-1,2015-03-06T13:25:00Z,2015-03-06T13:36:00Z,8:30 a.m. release,"1, 5, 8",191233,2053709,5db0d17fd637a9a6d443b92b7879e37957b83e2ba38cee0f65dd1c7bf5c9b4e8
GLBX.MDP3-mbp-1-1c215070eb2eaa19.dbn.zst,mbp-1,2015-03-13T12:25:00Z,2015-03-13T12:36:00Z,8:30 a.m. release,"1, 5, 8",56712,629609,4ff33b08ac3e558d9aeaa6bea9b6ef2c03ac4c16573ce30f1b26df6bd7d8ecd4
GLBX.MDP3-mbp-1-56a00e2131e297d0.dbn.zst,mbp-1,2015-03-18T17:55:00Z,2015-03-18T18:40:00Z,FOMC statement and press conference,"1, 5",1007547,12199996,9c93d009ea42d2c4f615ab93732b1d0b7a1741302724edd61cd616752f87199e
GLBX.MDP3-mbp-1-f0b3d3bfd1e64c78.dbn.zst,mbp-1,2015-03-24T12:25:00Z,2015-03-24T12:36:00Z,8:30 a.m. release,"1, 5, 8",60457,697024,12faa31b0f8742b79a52e07453120ed7624fb7af80243a99f5b377ba95c5565f
GLBX.MDP3-mbp-1-14b945827998c8b3.dbn.zst,mbp-1,2015-03-25T17:55:00Z,2015-03-25T18:06:00Z,2:00 p.m. control afternoon,1,59728,737035,37cb4acb42de61e7210a13c48d7d951447dbc5c4c4e71c543e03e68f2a1b5800
GLBX.MDP3-mbp-1-00dbadfdfbe473f3.dbn.zst,mbp-1,2015-03-31T12:25:00Z,2015-03-31T12:36:00Z,8:30 a.m. control morning,"1, 5",22772,284081,a4d5ced232c83925afb37e4c81dd8e99265429fd49794b88309f8b0aa40353f6
GLBX.MDP3-mbp-1-d96cff9feb576826.dbn.zst,mbp-1,2015-04-03T12:25:00Z,2015-04-03T12:36:00Z,8:30 a.m. release,"1, 5, 8",82001,929558,60fb61aaa607ba3213e655eb51a99351135762d40f59661fe53544f2bb7d3f87
GLBX.MDP3-mbp-1-61133ff2c1d31d76.dbn.zst,mbp-1,2015-04-14T12:25:00Z,2015-04-14T12:36:00Z,8:30 a.m. release,"1, 5, 8",108237,1185848,09d1dd703905db790e31a541fe038c969f7c9b89310f2a65f6cae1e2e83f3911
GLBX.MDP3-mbp-1-866100e74cdd7544.dbn.zst,mbp-1,2015-04-17T12:25:00Z,2015-04-17T12:36:00Z,8:30 a.m. release,"1, 5, 8",84407,945278,34623fb2d475cc0ea83cce49d3f42245f6d861bf7afdf9068e1e559429e9dd83
GLBX.MDP3-mbp-1-30088c364be13035.dbn.zst,mbp-1,2015-04-22T17:55:00Z,2015-04-22T18:06:00Z,2:00 p.m. control afternoon,1,39827,478011,9c56acf5fa54d0f5fa6168a3b0df994150bdcbf9840125e2dccca123014886cd
GLBX.MDP3-mbp-1-9fac3f9a910217a3.dbn.zst,mbp-1,2015-04-24T12:25:00Z,2015-04-24T12:36:00Z,8:30 a.m. control morning,"1, 5",55729,629655,23be261f658fc38bd5e6c925a067995f98659fbbdd3d841a2dcc5123550c390a
GLBX.MDP3-mbp-1-f43990c85f5492ad.dbn.zst,mbp-1,2015-04-29T17:55:00Z,2015-04-29T18:15:00Z,FOMC statement and press conference,"1, 5",341689,4197260,d96bc7a60376e556b5ab1c5288dd0c52a9b9a81ffa8c473a26130cb46a99679f
GLBX.MDP3-mbp-1-1767ad93ae9e3256.dbn.zst,mbp-1,2015-05-06T17:55:00Z,2015-05-06T18:06:00Z,2:00 p.m. control afternoon,1,68551,838754,4d9c300371dd6e6bd19dcef68ba711fe19f3763d74c580d98c000205d320c429
GLBX.MDP3-mbp-1-e0e12707d12dd5cc.dbn.zst,mbp-1,2015-05-08T12:25:00Z,2015-05-08T12:36:00Z,8:30 a.m. release,"1, 5, 8",227944,2553199,1f17c11412fe92035c9f1d87bb4bf8721bbf21302dd93d8ce9d2b244e24b13da
GLBX.MDP3-mbp-1-5cddb6e96b60661e.dbn.zst,mbp-1,2015-05-14T12:25:00Z,2015-05-14T12:36:00Z,8:30 a.m. release,"1, 5, 8",54564,621917,614fd8bc971cf9885aae9ee01f6f5b7fc692a84f4a1241bbfaecc0b176b4c2d4
GLBX.MDP3-mbp-1-bd19ed66b2047146.dbn.zst,mbp-1,2015-05-22T12:25:00Z,2015-05-22T12:36:00Z,8:30 a.m. release,"1, 5, 8",107905,1217214,101b72c2d3b09509f9fd8432bb9162d157473adbc253039ae0c0053dac5b3e3c
GLBX.MDP3-mbp-1-745af001368131b4.dbn.zst,mbp-1,2015-05-29T12:25:00Z,2015-05-29T12:36:00Z,8:30 a.m. control morning,"1, 5",33423,443647,4ec8eefd5d57808b2c99dccd83ed23de67b05c4c939424d30a0d2633c5872a05
GLBX.MDP3-mbp-1-e395a4dac984512a.dbn.zst,mbp-1,2015-06-05T12:25:00Z,2015-06-05T12:36:00Z,8:30 a.m. release,"1, 5, 8",239869,2661086,3b9b65853dc0f35fab1162afbd979299d6988a3f1018b1ff0871e2aaa39d500b
GLBX.MDP3-mbp-1-d627fcb55c2b5afd.dbn.zst,mbp-1,2015-06-12T12:25:00Z,2015-06-12T12:36:00Z,8:30 a.m. release,"1, 5, 8",59040,682072,316e6390f3790a2408278006b7397f80738ae9e6917f774fdcffb5684a7a540d
GLBX.MDP3-mbp-1-3e962221eca5f97f.dbn.zst,mbp-1,2015-06-17T17:55:00Z,2015-06-17T18:40:00Z,FOMC statement and press conference,"1, 5",762404,9251563,c24aa8dfcec7d36ea69f85b57716abce1ec19a23a16161e8382db3980366b7ab
GLBX.MDP3-mbp-1-92b440028a22f0b0.dbn.zst,mbp-1,2015-06-18T12:25:00Z,2015-06-18T12:36:00Z,8:30 a.m. release,"1, 5, 8",95395,1054316,8f4495b1e5ab6fd0b9b03e0ffa08d8b66b1cafabb2191ea7db45278cf34e0692
GLBX.MDP3-mbp-1-15c2fd648b6d94ab.dbn.zst,mbp-1,2015-06-24T17:55:00Z,2015-06-24T18:06:00Z,2:00 p.m. control afternoon,1,51900,625664,20ce1571a0fddb1b732763937836c8d18e21bae1e9d06975db3b48e451b1b47d
GLBX.MDP3-mbp-1-38f9aa108e35161c.dbn.zst,mbp-1,2015-07-02T12:25:00Z,2015-07-02T12:36:00Z,8:30 a.m. release,"1, 5, 8",143569,1602501,4c8503e660c4ac634ef6b206083cc6c409173466853287b0ccab113ac88af3fe
GLBX.MDP3-mbp-1-2f3b87af84e5fabf.dbn.zst,mbp-1,2015-07-15T12:25:00Z,2015-07-15T12:36:00Z,8:30 a.m. release,"1, 5, 8",62028,686637,f910956ba4cc97bfb398bfd154d99ddbdb938aba04167f2cde6e2f83926d6b87
GLBX.MDP3-mbp-1-e5a37f329b5431dd.dbn.zst,mbp-1,2015-07-17T12:25:00Z,2015-07-17T12:36:00Z,8:30 a.m. release,"1, 5, 8",63434,685441,7314f8f2cc6fffd37a942101cf519bb2521c4107a9a8f6c44fb2c3cfeec56102
GLBX.MDP3-mbp-1-56aa28bd89f6011d.dbn.zst,mbp-1,2015-07-22T17:55:00Z,2015-07-22T18:06:00Z,2:00 p.m. control afternoon,1,41902,506673,a874e5f7cb0747ac77facea7c60b6d726edb364549811984e33dd0bb04f87c5c
GLBX.MDP3-mbp-1-10abacd80805edee.dbn.zst,mbp-1,2015-07-24T12:25:00Z,2015-07-24T12:36:00Z,8:30 a.m. control morning,"1, 5",35636,402117,d578dc929d3e9d22068085d673cb856bd6a08cbd30d1a2d673278d1f49e7e4b9
GLBX.MDP3-mbp-1-31712769b5cd6469.dbn.zst,mbp-1,2015-07-29T17:55:00Z,2015-07-29T18:15:00Z,FOMC statement and press conference,"1, 5",293401,3402636,5cba037abe61dad65ea2e9f344500dd3b5edbf438ea8af4171c04e8a4f58e78b
GLBX.MDP3-mbp-1-c3bfed6d5bb0811b.dbn.zst,mbp-1,2015-08-05T17:55:00Z,2015-08-05T18:06:00Z,2:00 p.m. control afternoon,1,64476,819851,f7dc714036e17f23774822bab6301f13908f4cff0e9a780f05c9a9c0c2d1a662
GLBX.MDP3-mbp-1-b4e74288f9d5ea45.dbn.zst,mbp-1,2015-08-07T12:25:00Z,2015-08-07T12:36:00Z,8:30 a.m. release,"1, 5, 8",134374,1512065,4259dced0874aabfd6ff64373c53a18746810660e799036d96eeba9f393f63a3
GLBX.MDP3-mbp-1-969cb087721e956b.dbn.zst,mbp-1,2015-08-14T12:25:00Z,2015-08-14T12:36:00Z,8:30 a.m. release,"1, 5, 8",41827,487268,b063ebd5ce1d11c0489a35c19569481b870f6593ac423bcd15930b005ee3d8a8
GLBX.MDP3-mbp-1-9d82e281b2c9f4d8.dbn.zst,mbp-1,2015-08-19T12:25:00Z,2015-08-19T12:36:00Z,8:30 a.m. release,"1, 5, 8",68494,775352,39b8d1f5b87f0da31c201a22cf444e38ba022f3cafe0b91979c0ea575480757a
GLBX.MDP3-mbp-1-ec86cc1fe9cca8ab.dbn.zst,mbp-1,2015-08-26T12:25:00Z,2015-08-26T12:36:00Z,8:30 a.m. control morning,"1, 5",108156,1293008,377f7e021530b62eeab0359f069e7e9f44301a75099d0e10e2402b78f5f91663
GLBX.MDP3-mbp-1-3bea41dfbcca905c.dbn.zst,mbp-1,2015-09-04T12:25:00Z,2015-09-04T12:36:00Z,8:30 a.m. release,"1, 5, 8",188061,2210793,fec5caec1f43d42363539c01fd0efeea04aa672da39a549e83876c8471cd1330
GLBX.MDP3-mbp-1-f9c2ed418207f894.dbn.zst,mbp-1,2015-09-10T17:55:00Z,2015-09-10T18:06:00Z,2:00 p.m. control afternoon,1,83169,1044178,63198e6d4f495deb0475155cce4608504625055ab7f03d25a15499409951dbb9
GLBX.MDP3-mbp-1-f5c7bb3e3e0c480f.dbn.zst,mbp-1,2015-09-11T12:25:00Z,2015-09-11T12:36:00Z,8:30 a.m. release,"1, 5, 8",43430,515304,5628dee48466d1ef007d587fc0f23c18e9f1d7ca421d85b635c37f77f730d710
GLBX.MDP3-mbp-1-f481ca83a4351596.dbn.zst,mbp-1,2015-09-16T12:25:00Z,2015-09-16T12:36:00Z,8:30 a.m. release,"1, 5, 8",52727,597896,4481f10d295ad6fc735e16c46ecd4f4221423fd9b2a1114447b2380c601cdaaf
GLBX.MDP3-mbp-1-083eb903c3b687f0.dbn.zst,mbp-1,2015-09-17T17:55:00Z,2015-09-17T18:40:00Z,FOMC statement and press conference,"1, 5",1221412,14447763,13b123fb87410d22a0633c97287d63f6ea598c3f33713c4a6b0ec17b2baa665c
GLBX.MDP3-mbp-1-085a49f22c9dec10.dbn.zst,mbp-1,2015-09-23T12:25:00Z,2015-09-23T12:36:00Z,8:30 a.m. control morning,"1, 5",30914,370559,2e5faecc48ba326ea040e07fae104b030718bf4ee824e2f5e158a33fc158ccd0
GLBX.MDP3-mbp-1-5694d52addee893d.dbn.zst,mbp-1,2015-09-24T17:55:00Z,2015-09-24T18:06:00Z,2:00 p.m. control afternoon,1,80230,983114,a63467355a5efa8338d3e26d466944c9ba6f5b18bcd2a1457b5a1d2d8772b95a
GLBX.MDP3-mbp-1-12617edbf083052e.dbn.zst,mbp-1,2015-10-02T12:25:00Z,2015-10-02T12:36:00Z,8:30 a.m. release,"1, 5, 8",284147,3179405,d595186e67c7624c9f8a9b1959131318d4dab0672cd92aa5bf7f78b93fbf9730
GLBX.MDP3-mbp-1-3cce383c4a3c1016.dbn.zst,mbp-1,2015-10-14T12:25:00Z,2015-10-14T12:36:00Z,8:30 a.m. release,"1, 5, 8",112942,1271400,4c917a83242cd9bf94fa166b05467361560445c650379d96181486a68ffd29ec
GLBX.MDP3-mbp-1-cbd006edf02a4ce4.dbn.zst,mbp-1,2015-10-15T12:25:00Z,2015-10-15T12:36:00Z,8:30 a.m. release,"1, 5, 8",69337,770795,b5df0dc1c724d3d5bf9f45ed6d45c8eeb368c4595dc9236d6f66d549a2419044
GLBX.MDP3-mbp-1-3782279b9b55da18.dbn.zst,mbp-1,2015-10-21T17:55:00Z,2015-10-21T18:06:00Z,2:00 p.m. control afternoon,1,110266,1313947,b10b45c1b3144787c3da8173f651f688c034ad99b928885d40de3075f7cd3cca
GLBX.MDP3-mbp-1-a5dab4781774b8dd.dbn.zst,mbp-1,2015-10-28T17:55:00Z,2015-10-28T18:15:00Z,FOMC statement and press conference,"1, 5",530898,6012953,c340b06487d0d9ae76bc94d8deeeddc037127597dfd06d2aaf69b1eaf646d585
GLBX.MDP3-mbp-1-d09eaf3038ed407d.dbn.zst,mbp-1,2015-11-04T18:55:00Z,2015-11-04T19:06:00Z,2:00 p.m. control afternoon,1,72385,861344,548750ca51a39c9b291624c1fbc0cd4cb36543310571a1cf1f1e93148ec244ea
GLBX.MDP3-mbp-1-3ee13b2a2ac83b34.dbn.zst,mbp-1,2015-11-06T13:25:00Z,2015-11-06T13:36:00Z,8:30 a.m. release,"1, 5, 8",277810,3107700,927ec203122bb3866953e8ab635d47db97cbfe45cdb67135c50dfc93b29390d6
GLBX.MDP3-mbp-1-4e15474829b9da8d.dbn.zst,mbp-1,2015-11-13T13:25:00Z,2015-11-13T13:36:00Z,8:30 a.m. release,"1, 5, 8",75364,847921,a5beff7704db2c58dd4328c569079af0af104bf3828c57e3eefe7b71d433934e
GLBX.MDP3-mbp-1-b02468c9b900e652.dbn.zst,mbp-1,2015-11-17T13:25:00Z,2015-11-17T13:36:00Z,8:30 a.m. release,"1, 5, 8",52704,604511,650e8dc3892bfec09419fe436a7c771a7348426dacd17cf5811a94801f339f65
GLBX.MDP3-mbp-1-3f4e4f7fc4105ebb.dbn.zst,mbp-1,2015-11-24T13:25:00Z,2015-11-24T13:36:00Z,8:30 a.m. control morning,"1, 5",53950,903623,37783f8579fe2af5f86ea9898d62fe6f029bc2c0f57020a67c00ecf95fea5af4
GLBX.MDP3-mbp-1-2963c2389463652d.dbn.zst,mbp-1,2015-12-04T13:25:00Z,2015-12-04T13:36:00Z,8:30 a.m. release,"1, 5, 8",134932,2332910,1ae9d62332967fe7fd7df36c859fadf7dfecf3efb2980373e0b083561a319573
GLBX.MDP3-mbp-1-26a55c06d67e1441.dbn.zst,mbp-1,2015-12-09T18:55:00Z,2015-12-09T19:06:00Z,2:00 p.m. control afternoon,1,130125,2366690,74b5a4fdaf8a227cc9b9ee0dd4f5904437dc6a9191576db6a74cfb04e1d90fd3
GLBX.MDP3-mbp-1-d38e6a31e3f7cb2c.dbn.zst,mbp-1,2015-12-11T13:25:00Z,2015-12-11T13:36:00Z,8:30 a.m. release,"1, 5, 8",53248,904789,66174663e3206acdb5aaad49b6f834e3e185d598fc8413901afda73eb55d6bcf
GLBX.MDP3-mbp-1-0d5bdd84ea3e7dd7.dbn.zst,mbp-1,2015-12-15T13:25:00Z,2015-12-15T13:36:00Z,8:30 a.m. release,"1, 5, 8",52428,913570,7d1bc459dee0762c1c663ec44ad8e0d240b9995478d7c71b8a976542f723001c
GLBX.MDP3-mbp-1-1801c9cbf4c9c9af.dbn.zst,mbp-1,2015-12-16T18:55:00Z,2015-12-16T19:40:00Z,FOMC statement and press conference,"1, 5",851565,15384555,7998424eefd2398dc149ff0b5bdc9fa046c9da4c2b3f1d11e2c5b421dd750238
GLBX.MDP3-mbp-1-a2db74848e0eb21d.dbn.zst,mbp-1,2015-12-22T13:25:00Z,2015-12-22T13:36:00Z,8:30 a.m. control morning,"1, 5",32893,574616,5a847ba0f81387d18079d6845304f94a2336f5720892cc927ff58a3e1d79f5e1
GLBX.MDP3-mbp-1-7681e06d1291f723.dbn.zst,mbp-1,2015-12-23T18:55:00Z,2015-12-23T19:06:00Z,2:00 p.m. control afternoon,1,48382,849818,e0b221326fb8c4b2a37b2f3b7f6708d94ff79fc67bf1b2520f12458674d47e4a
GLBX.MDP3-mbp-1-ef90f952992dd07c.dbn.zst,mbp-1,2016-01-08T13:25:00Z,2016-01-08T13:36:00Z,8:30 a.m. release,"1, 5, 8",148891,2611968,987eaa4a3600be9e436ae1f9c14e32cea6196d9fdb5f88b4cf976276f5f1fe01
GLBX.MDP3-mbp-1-71f7054ea7ee2b7d.dbn.zst,mbp-1,2016-01-15T13:25:00Z,2016-01-15T13:36:00Z,8:30 a.m. release,"1, 5, 8",117120,2043355,433500696f14060b90e337a8a8cbac67361309652a8906573fc50254fc4df039
GLBX.MDP3-mbp-1-b6fe4796f8e2ce0b.dbn.zst,mbp-1,2016-01-20T13:25:00Z,2016-01-20T13:36:00Z,8:30 a.m. release,"1, 5, 8",69755,1194606,1d274740db8a6279e4a4f6282045b6a2038018a313cc22c990227e5bfbf85710
GLBX.MDP3-mbp-1-801d6866cf856038.dbn.zst,mbp-1,2016-01-20T18:55:00Z,2016-01-20T19:06:00Z,2:00 p.m. control afternoon,1,234337,4234870,c8c8e6c7401af6f48a1287f83e55f9f0460289f453dfab84dd662c20d09f5c00
GLBX.MDP3-mbp-1-f20c62dfdd95e881.dbn.zst,mbp-1,2016-01-27T13:25:00Z,2016-01-27T13:36:00Z,8:30 a.m. control morning,"1, 5",44883,790067,8b9dc5cdf914f9474d472c4a354811a45c66e138a72cd52fca627874bf83d2bb
GLBX.MDP3-mbp-1-27da1b95309fbdd4.dbn.zst,mbp-1,2016-01-27T18:55:00Z,2016-01-27T19:15:00Z,FOMC statement and press conference,"1, 5",467397,8505623,57ad14c90909e67c4dfd2c91f8e670f72b9e5386a3093ecbddbe5a81ff1412a8
GLBX.MDP3-mbp-1-1c9ba5e5a5bf5ca2.dbn.zst,mbp-1,2016-02-03T18:55:00Z,2016-02-03T19:06:00Z,2:00 p.m. control afternoon,1,133104,2393516,958977143a47295120ab775210ffde41d1101860de8e2e916dde5a5152391d87
GLBX.MDP3-mbp-1-55b29ef4c50326ee.dbn.zst,mbp-1,2016-02-05T13:25:00Z,2016-02-05T13:36:00Z,8:30 a.m. release,"1, 5, 8",213509,3737313,d26ed163d80af485fa52e868059bc0d83c21498be97a28e6c47578876e510e01
GLBX.MDP3-mbp-1-7dfc62364e20e3e4.dbn.zst,mbp-1,2016-02-17T13:25:00Z,2016-02-17T13:36:00Z,8:30 a.m. release,"1, 5, 8",46956,809746,9ac23d1fd34b1a8488b7db0ebb1eea078c6970f0b3b5b5805f19dce0affb6628
GLBX.MDP3-mbp-1-a9d58c714c921ab7.dbn.zst,mbp-1,2016-02-19T13:25:00Z,2016-02-19T13:36:00Z,8:30 a.m. release,"1, 5, 8",77036,1317117,c519691eb0920aa53c1eb5d4616bc2b6917e070ed655bf0c84a11fdccf1f7442
GLBX.MDP3-mbp-1-8239366ee3fa3e1f.dbn.zst,mbp-1,2016-02-26T13:25:00Z,2016-02-26T13:36:00Z,8:30 a.m. control morning,"1, 5",68040,1193734,c04504a1162d2e112aeaa01ef31f66847341618e8976678d37c092e860dbced3
GLBX.MDP3-mbp-1-d2c1d5b7a1b3ed18.dbn.zst,mbp-1,2016-03-04T13:25:00Z,2016-03-04T13:36:00Z,8:30 a.m. release,"1, 5, 8",163095,2817134,59665b69de6996618dd2dd11e6554d1fbc9e347cfdcae666b811bef44b7efe92
GLBX.MDP3-mbp-1-7bc1d0af0d17ce0f.dbn.zst,mbp-1,2016-03-09T18:55:00Z,2016-03-09T19:06:00Z,2:00 p.m. control afternoon,1,84852,1508215,4ebeea3589222e4e05a21d00a3bb2cac5f426302bae6f2bd26c89200decdcd6f
GLBX.MDP3-mbp-1-a26ed797b0e17fa6.dbn.zst,mbp-1,2016-03-15T12:25:00Z,2016-03-15T12:36:00Z,8:30 a.m. release,"1, 5, 8",58033,998446,743bd46eb638a68e77709f07f7a4fa06c111fc537b746c00a4e6cee1541e60d6
GLBX.MDP3-mbp-1-b9911114cbdcad8e.dbn.zst,mbp-1,2016-03-16T12:25:00Z,2016-03-16T12:36:00Z,8:30 a.m. release,"1, 5, 8",60509,1005575,8bf01b7c4208c842aef5c2b1c5f519b1ed37d9999ce25df1ccce17fe85ca7257
GLBX.MDP3-mbp-1-964dcfe6e995d0cc.dbn.zst,mbp-1,2016-03-16T17:55:00Z,2016-03-16T18:40:00Z,FOMC statement and press conference,"1, 5",1230954,21783604,b0b712cbdbba545d5989a9990bfc845cb25c60bdaba257a3483180a2964af5da
GLBX.MDP3-mbp-1-824bb4a578a5e51d.dbn.zst,mbp-1,2016-03-23T12:25:00Z,2016-03-23T12:36:00Z,8:30 a.m. control morning,"1, 5",39153,675884,a2bbd58ecdd167d9242ca7a2e9d226c8b767e1304dffce551819f00cb1e01961
GLBX.MDP3-mbp-1-212992271fc0e97d.dbn.zst,mbp-1,2016-03-23T17:55:00Z,2016-03-23T18:06:00Z,2:00 p.m. control afternoon,1,62490,1081051,b44887a8c3d075f3b3ac700be84c590bd56e42f8ab49a374a37bf459a47f32bf
GLBX.MDP3-mbp-1-189d5f5574d029ce.dbn.zst,mbp-1,2016-04-01T12:25:00Z,2016-04-01T12:36:00Z,8:30 a.m. release,"1, 5, 8",125662,2126229,e82f5e937d7c61c0589733ea6a32584dced337b9da6735cfabd2a9254267af64
GLBX.MDP3-mbp-1-16cbdfbaafc35102.dbn.zst,mbp-1,2016-04-13T12:25:00Z,2016-04-13T12:36:00Z,8:30 a.m. release,"1, 5, 8",73595,1242108,b710c8732863915c91ba2a4b7c6ad3bdfcc7103f4f1200e03e2b39cf8ab4ba23
GLBX.MDP3-mbp-1-c3e168c3c7609801.dbn.zst,mbp-1,2016-04-14T12:25:00Z,2016-04-14T12:36:00Z,8:30 a.m. release,"1, 5, 8",59412,1006545,fb4a2eb0fb860be97a5aa9af7cbc93428c58d767ae6b57d037ccc80f078b3475
GLBX.MDP3-mbp-1-01cfff1148601f41.dbn.zst,mbp-1,2016-04-20T17:55:00Z,2016-04-20T18:06:00Z,2:00 p.m. control afternoon,1,61956,1100568,941ddc9243b4d5e73b59381faba7e36651e21fdea84dfca41987bb843b2c9874
GLBX.MDP3-mbp-1-15d7e3627821d315.dbn.zst,mbp-1,2016-04-27T17:55:00Z,2016-04-27T18:15:00Z,FOMC statement and press conference,"1, 5",395205,7157008,b13e4f16f9766bfa2ca5981abec1dab7add6a09f499e082064ed35bde8d966e5
GLBX.MDP3-mbp-1-39a68ffc91f08f77.dbn.zst,mbp-1,2016-05-04T17:55:00Z,2016-05-04T18:06:00Z,2:00 p.m. control afternoon,1,68412,1192184,e1a906b206d9020283184aa96de048e7debfef05e1a687450404b4200f44be0d
GLBX.MDP3-mbp-1-8b06c5e4202ab4ad.dbn.zst,mbp-1,2016-05-06T12:25:00Z,2016-05-06T12:36:00Z,8:30 a.m. release,"1, 5, 8",139392,2393906,fabde597f9076e4332f9cab38ba4ba30dcd4e439301ca83f9f55fdad47d912c9
GLBX.MDP3-mbp-1-519f076f5ede8a7b.dbn.zst,mbp-1,2016-05-13T12:25:00Z,2016-05-13T12:36:00Z,8:30 a.m. release,"1, 5, 8",103744,1792215,3d8c723e69a1106576b10ba7e4b2039bf20863a723a9f1922ca527d03d718c6e
GLBX.MDP3-mbp-1-f4f812e4ae333d32.dbn.zst,mbp-1,2016-05-17T12:25:00Z,2016-05-17T12:36:00Z,8:30 a.m. release,"1, 5, 8",58039,1000145,534a9cf714538ef04311256f8d2f38d676b7557d538c93ccdbc79a5777743d50
GLBX.MDP3-mbp-1-6427743d904feb42.dbn.zst,mbp-1,2016-05-24T12:25:00Z,2016-05-24T12:36:00Z,8:30 a.m. control morning,"1, 5",33941,581788,53dfb4163d082b21f047fa1121c9be0713eeae6dd6f98a80090f5c4ee05c364c
GLBX.MDP3-mbp-1-0bc338e40c52f7ca.dbn.zst,mbp-1,2016-06-03T12:25:00Z,2016-06-03T12:36:00Z,8:30 a.m. release,"1, 5, 8",178909,3104988,c665e4ad40ffbe45b26635c44bf6b0245b425a347fe5a3f2cd17a66053444189
GLBX.MDP3-mbp-1-a243e3e9769debbe.dbn.zst,mbp-1,2016-06-08T17:55:00Z,2016-06-08T18:06:00Z,2:00 p.m. control afternoon,1,32173,576677,c6aec8b44fe2a8ecc7ccdcdbad283ac5c634052ea3f9ee3a17924a17601ca74e
GLBX.MDP3-mbp-1-63ad4a4326651719.dbn.zst,mbp-1,2016-06-15T12:25:00Z,2016-06-15T12:36:00Z,8:30 a.m. release,"1, 5, 8",38593,654816,5ba2ac8aab6a807d697ea2c42271796899daf96c0d8a122773e837dc1f6fa4c3
GLBX.MDP3-mbp-1-6d626e54e5c79657.dbn.zst,mbp-1,2016-06-15T17:55:00Z,2016-06-15T18:40:00Z,FOMC statement and press conference,"1, 5",796381,14159232,8a59c36728b1a8c7c1685f61beb3c22cbe114c60f04273472c44dc14b93a407a
GLBX.MDP3-mbp-1-acf8489da6798bdf.dbn.zst,mbp-1,2016-06-16T12:25:00Z,2016-06-16T12:36:00Z,8:30 a.m. release,"1, 5, 8",43861,749057,66a8291307966e16038e04a5d2abd3b3744a056d01d9fb801e73a9d3b036567b
GLBX.MDP3-mbp-1-5b93b72d65bda9b8.dbn.zst,mbp-1,2016-06-22T17:55:00Z,2016-06-22T18:06:00Z,2:00 p.m. control afternoon,1,54876,992234,39fa16ea1afad57154674df225c38e331ea798a7a61a7b9d015e291df4c4e58e
GLBX.MDP3-mbp-1-7a54ef3e7c1f7f1c.dbn.zst,mbp-1,2016-07-08T12:25:00Z,2016-07-08T12:36:00Z,8:30 a.m. release,"1, 5, 8",152633,2641850,19a3fd381b62329657fc2f82ee1771cc94145f6a108210bc86465b5eca3a96a6
GLBX.MDP3-mbp-1-b1e1299b1133ac03.dbn.zst,mbp-1,2016-07-14T12:25:00Z,2016-07-14T12:36:00Z,8:30 a.m. release,"1, 5, 8",34712,587952,92b0cc804d86319539e895dfd2eeeda8d3a8924b93f97f71efc6aef81c872cb3
GLBX.MDP3-mbp-1-4d33d30340c5a18b.dbn.zst,mbp-1,2016-07-15T12:25:00Z,2016-07-15T12:36:00Z,8:30 a.m. release,"1, 5, 8",71934,1233670,2e5d763f4d7fc10538b8bdc21f62e55a36c042402aded3475f35dfd5dd20fe47
GLBX.MDP3-mbp-1-555dd49216a41a5a.dbn.zst,mbp-1,2016-07-20T17:55:00Z,2016-07-20T18:06:00Z,2:00 p.m. control afternoon,1,34173,610097,12526f0b7318a227838131d9bbfe9a4d647d6c1165ebaeae4143417f5e667b7c
GLBX.MDP3-mbp-1-99e20d706f47e574.dbn.zst,mbp-1,2016-07-22T12:25:00Z,2016-07-22T12:36:00Z,8:30 a.m. control morning,"1, 5",18453,331668,1baebe54cb86c846220d61dc3779e2392d0d4c0a4d24c072c60bc6f6cc9674ae
GLBX.MDP3-mbp-1-718fadeacf969486.dbn.zst,mbp-1,2016-07-27T17:55:00Z,2016-07-27T18:15:00Z,FOMC statement and press conference,"1, 5",382338,6841442,2a53400988c92e2eee6a458cb5d96c23b1a4df79782a007cdc62d4ccb35ad715
GLBX.MDP3-mbp-1-fa8b5e4226fd643c.dbn.zst,mbp-1,2016-08-03T17:55:00Z,2016-08-03T18:06:00Z,2:00 p.m. control afternoon,1,39456,713637,aba78e5780b107a850f35b90313d188e07746ccd8aade09186f432b38cf4d334
GLBX.MDP3-mbp-1-797e267198c9ae95.dbn.zst,mbp-1,2016-08-05T12:25:00Z,2016-08-05T12:36:00Z,8:30 a.m. release,"1, 5, 8",155532,2666565,0ab81f833a025e34bb350c42f447cef88abada20fd72a6543eff21f38a7e27a8
GLBX.MDP3-mbp-1-539e98c40e5b0dae.dbn.zst,mbp-1,2016-08-12T12:25:00Z,2016-08-12T12:36:00Z,8:30 a.m. release,"1, 5, 8",85678,1395776,0b1674c6ee49e22da2ba88d7becc65c9cb9bd9965ac4cb97f6672e6163045c7c
GLBX.MDP3-mbp-1-e3fbf768bf8bab8f.dbn.zst,mbp-1,2016-08-16T12:25:00Z,2016-08-16T12:36:00Z,8:30 a.m. release,"1, 5, 8",55298,922938,630cf69ee7c5aa66fd516ab1bcced54357fa0d573ded46cad5571b078eeefeb6
GLBX.MDP3-mbp-1-507968800971480f.dbn.zst,mbp-1,2016-08-23T12:25:00Z,2016-08-23T12:36:00Z,8:30 a.m. control morning,"1, 5",34571,568520,de9aac12e3ebfa1a777d3fbc5d026db2b9c4dd584dd0e68da9cfbc659c2f5237
GLBX.MDP3-mbp-1-2176a04210f19bcc.dbn.zst,mbp-1,2016-09-02T12:25:00Z,2016-09-02T12:36:00Z,8:30 a.m. release,"1, 5, 8",167834,2877178,9ad60be4e445c4dddd652e612b3eecddad7f306266947ee3f83c276c73ae93db
GLBX.MDP3-mbp-1-17cfe1cad9082249.dbn.zst,mbp-1,2016-09-14T17:55:00Z,2016-09-14T18:06:00Z,2:00 p.m. control afternoon,1,92410,1680777,76d439cd569f5c620b9735fcaecec92dcf8fa35892263f897f6e32fbc11bc7f0
GLBX.MDP3-mbp-1-7f7e48f7e20acf04.dbn.zst,mbp-1,2016-09-15T12:25:00Z,2016-09-15T12:36:00Z,8:30 a.m. release,"1, 5, 8",93222,1590031,124a0f598f49cee3a1fa19ea450b4d6d3bfb19946c9e1b9db3a0674281b5fee5
GLBX.MDP3-mbp-1-3f75f2116149c418.dbn.zst,mbp-1,2016-09-16T12:25:00Z,2016-09-16T12:36:00Z,8:30 a.m. release,"1, 5, 8",86638,1473804,c0a30d95e53f77f6bdeaa04faa1e8aa32eb498482b43be482b6259a5f4c243ef
GLBX.MDP3-mbp-1-57704224aac0ce77.dbn.zst,mbp-1,2016-09-21T17:55:00Z,2016-09-21T18:40:00Z,FOMC statement and press conference,"1, 5",1025891,18536895,871029690098e23c548cc0c60a36b76f7f8b01865782acf4bbffa5b9f74f1bdb
GLBX.MDP3-mbp-1-81ad7d7648d5c60e.dbn.zst,mbp-1,2016-09-23T12:25:00Z,2016-09-23T12:36:00Z,8:30 a.m. control morning,"1, 5",20446,353034,3703d5ebe64caa60e798d4866abdea29733998c8e17dc34114fe5be1b48cc055
GLBX.MDP3-mbp-1-e02d74c5c3eaa1c2.dbn.zst,mbp-1,2016-09-28T17:55:00Z,2016-09-28T18:06:00Z,2:00 p.m. control afternoon,1,55320,994048,77d3d9534eb548eed2da5a98a578894951ba76876f40ce589ad670ea3a54339b
GLBX.MDP3-mbp-1-bc2cdabc22faaced.dbn.zst,mbp-1,2016-10-07T12:25:00Z,2016-10-07T12:36:00Z,8:30 a.m. release,"1, 5, 8",170398,2929842,dd4c96d4c19f80678054b5055c5c4878aff0faa8cc8bd3ff0977b841fa58933e
GLBX.MDP3-mbp-1-3b64374a96b55b77.dbn.zst,mbp-1,2016-10-14T12:25:00Z,2016-10-14T12:36:00Z,8:30 a.m. release,"1, 5, 8",67799,1130608,fa276d180b6b5b528df9dfa67b4f785cd8cd9701241ac44ddf4439e0c64b1752
GLBX.MDP3-mbp-1-95c2da5d1d9f1f36.dbn.zst,mbp-1,2016-10-18T12:25:00Z,2016-10-18T12:36:00Z,8:30 a.m. release,"1, 5, 8",60344,1021717,2351b574e2bb36e5071c71417dda562f59859df5b005eea05b348ce3794c2a93
GLBX.MDP3-mbp-1-620e7010a25de8c1.dbn.zst,mbp-1,2016-10-25T12:25:00Z,2016-10-25T12:36:00Z,8:30 a.m. control morning,"1, 5",30583,517389,f68bd3a0b644c28740234d8c2f05d220fd36868831498fab587111b289e5142d
GLBX.MDP3-mbp-1-2637490f2e74e186.dbn.zst,mbp-1,2016-10-26T17:55:00Z,2016-10-26T18:06:00Z,2:00 p.m. control afternoon,1,115322,2064935,b137672725eff150c14d81ae78ac4bb753c3d604ccff194957308d5963d989fa
GLBX.MDP3-mbp-1-5a7655d302d41de0.dbn.zst,mbp-1,2016-11-02T17:55:00Z,2016-11-02T18:15:00Z,FOMC statement and press conference,"1, 5",348720,6328789,3ff29d734a737c5a0e1303ef4ab07b33c1bc5889faae1056aa68ae41d5d6efa0
GLBX.MDP3-mbp-1-b70f8c34577f5e02.dbn.zst,mbp-1,2016-11-04T12:25:00Z,2016-11-04T12:36:00Z,8:30 a.m. release,"1, 5, 8",83577,1441177,b7e7b256628eb0d3bd58921ccd2dce305c14e62e03a8caf000fe8df9208da1cc
GLBX.MDP3-mbp-1-fe950d836f2df04a.dbn.zst,mbp-1,2016-11-09T18:55:00Z,2016-11-09T19:06:00Z,2:00 p.m. control afternoon,1,84049,1511399,7be2d4518492cf3d5eccb8a0a2c28085e1aaf87a141db1e7432602330ab8c68b
GLBX.MDP3-mbp-1-f7bcdca668bb67dc.dbn.zst,mbp-1,2016-11-16T13:25:00Z,2016-11-16T13:36:00Z,8:30 a.m. release,"1, 5, 8",68595,1136600,d6e407f07fa9a8f11a808957604e2d172aacaa1ae5fb6206e6a58fd3bb6ca47f
GLBX.MDP3-mbp-1-6f5d6c0f7979f159.dbn.zst,mbp-1,2016-11-17T13:25:00Z,2016-11-17T13:36:00Z,8:30 a.m. release,"1, 5, 8",64796,1063568,c37967ce1ee1b9903f4f4e541701c1205ea57aeddd37cfdafe7212c056bb5ac4
GLBX.MDP3-mbp-1-097d2b7a6e852a83.dbn.zst,mbp-1,2016-12-02T13:25:00Z,2016-12-02T13:36:00Z,8:30 a.m. release,"1, 5, 8",109589,1868846,fb5a6bc4cf867edf214a6ce5fff2806b4d7bf84b49abd907a6dfed448b5b1d66
GLBX.MDP3-mbp-1-53d5093e989de89c.dbn.zst,mbp-1,2016-12-07T18:55:00Z,2016-12-07T19:06:00Z,2:00 p.m. control afternoon,1,156666,2732714,c10e4929ec3a53204803f4e0ea044e8a8b6ffbddcab88d352a4e69f35cb595a9
GLBX.MDP3-mbp-1-caa70a83c497474c.dbn.zst,mbp-1,2016-12-14T13:25:00Z,2016-12-14T13:36:00Z,8:30 a.m. release,"1, 5, 8",56367,935979,9ade6eb197588c7927a987fbc3b28945cb3d4a79bec7f75959d8be256874f742
GLBX.MDP3-mbp-1-6b541e5ade44a194.dbn.zst,mbp-1,2016-12-14T18:55:00Z,2016-12-14T19:40:00Z,FOMC statement and press conference,"1, 5",1118108,20071603,7129268820fcfe09cd705cca3d673e75395d94d4cdae198fa79a4525dfa777b3
GLBX.MDP3-mbp-1-3ce6079d3084bebd.dbn.zst,mbp-1,2016-12-15T13:25:00Z,2016-12-15T13:36:00Z,8:30 a.m. release,"1, 5, 8",61732,1022614,92568230b582ea3d2c69652c9d50293feb1859fc3162d45989100a20b59e3bc5
GLBX.MDP3-mbp-1-7e709a159d0f0e1d.dbn.zst,mbp-1,2016-12-21T18:55:00Z,2016-12-21T19:06:00Z,2:00 p.m. control afternoon,1,23462,414104,fa5f511d2f97323ed92a615ceb00006f0d4430bcd00a49b2f1dcf8f8bd6c769c
GLBX.MDP3-mbp-1-438a5f3c83ba0520.dbn.zst,mbp-1,2017-01-06T13:25:00Z,2017-01-06T13:36:00Z,8:30 a.m. release,"1, 5, 8",106409,1744304,91c3ad3d76d344276848ad6bb0ab7285a51acc07672d7044b64e7bc304afac08
GLBX.MDP3-mbp-1-9286b72ff1e9ea34.dbn.zst,mbp-1,2017-01-13T13:25:00Z,2017-01-13T13:36:00Z,8:30 a.m. release,"1, 5, 8",89866,1476073,f33787231bf300598b14f3582fb7d2746fb021d2fa3a7d2d38c399f686b0d1dd
GLBX.MDP3-mbp-1-ec093fab34b1bbfe.dbn.zst,mbp-1,2017-01-18T13:25:00Z,2017-01-18T13:36:00Z,8:30 a.m. release,"1, 5, 8",44233,739746,a2eadac9f03b9ba55d2804810b3e52153799c76c8af1b6b9424e7643474f430b
GLBX.MDP3-mbp-1-0bc453b918900dd5.dbn.zst,mbp-1,2017-01-25T13:25:00Z,2017-01-25T13:36:00Z,8:30 a.m. control morning,"1, 5",30501,507765,66df80f54ce074595f3d2b37353316e01921a503d9eb11e16d45b09d633a9582
GLBX.MDP3-mbp-1-bd57b97e485a9d2b.dbn.zst,mbp-1,2017-01-25T18:55:00Z,2017-01-25T19:06:00Z,2:00 p.m. control afternoon,1,46695,824944,190c854e7505cb5cb2ab5ecf0948c7f58b64acd8eda040be50d5904d0419c328
GLBX.MDP3-mbp-1-14c760ff91e422ea.dbn.zst,mbp-1,2017-02-01T18:55:00Z,2017-02-01T19:15:00Z,FOMC statement and press conference,"1, 5",307173,5503929,3b0071c9695defe674193920b2691a1ae4f4febcbeffe57eb814e454f4612547
GLBX.MDP3-mbp-1-b91b30c752bde5fb.dbn.zst,mbp-1,2017-02-03T13:25:00Z,2017-02-03T13:36:00Z,8:30 a.m. release,"1, 5, 8",140333,2400526,c36518783fcf1a7a28675162f83f77747fb29cfa95f416b244351c04cfe4e9fe
GLBX.MDP3-mbp-1-78a35376606661bc.dbn.zst,mbp-1,2017-02-08T18:55:00Z,2017-02-08T19:06:00Z,2:00 p.m. control afternoon,1,49041,861384,49c69f64b8057fbdecc069d3fe91096d0de0427ce7b1be98bbd310d61c80a166
GLBX.MDP3-mbp-1-79fd8a65741cc4ed.dbn.zst,mbp-1,2017-02-14T13:25:00Z,2017-02-14T13:36:00Z,8:30 a.m. release,"1, 5, 8",30086,517419,d9e779176aa809edc41f2c1ec7a15afdee92fb5e0dea36d6b1bc5643469857d7
GLBX.MDP3-mbp-1-17a7a03647d58337.dbn.zst,mbp-1,2017-02-15T13:25:00Z,2017-02-15T13:36:00Z,8:30 a.m. release,"1, 5, 8",72485,1186179,5368344c76f87eb14faae6cbf99f4db9280997f9555f8d43354a454764ef109e
GLBX.MDP3-mbp-1-189b4438c47ce4d5.dbn.zst,mbp-1,2017-02-22T13:25:00Z,2017-02-22T13:36:00Z,8:30 a.m. control morning,"1, 5",29924,492171,39bdcf4ba30ff228467d20e4e5f9529db137337a5745c519f1eb54d500f2dc34
GLBX.MDP3-mbp-1-07d62d4a8ec1b275.dbn.zst,mbp-1,2017-03-08T18:55:00Z,2017-03-08T19:06:00Z,2:00 p.m. control afternoon,1,71655,1292424,2835024c9a107fd1f747a73dfbbf376f9de6816a979fa0b085c8df7c29f65fc6
GLBX.MDP3-mbp-1-af44f35e40683c2c.dbn.zst,mbp-1,2017-03-10T13:25:00Z,2017-03-10T13:36:00Z,8:30 a.m. release,"1, 5, 8",82937,1383702,d60302cd2b822a19d96cd0ed0ee201c35c0fe942fcdb8a1e11f0c0826556c3dc
GLBX.MDP3-mbp-1-cd5346d0d5619730.dbn.zst,mbp-1,2017-03-14T12:25:00Z,2017-03-14T12:36:00Z,8:30 a.m. release,"1, 5, 8",40360,686761,f3d8278d285f240d387db5051780cd2531ba3a5d5e746aea011572b967506177
GLBX.MDP3-mbp-1-cad21c8b9e6a0468.dbn.zst,mbp-1,2017-03-15T12:25:00Z,2017-03-15T12:36:00Z,8:30 a.m. release,"1, 5, 8",38360,638553,2d3953b1c0629bdb1f7b5f43b9573ce71953d4143128568cc604e67ac6d5731b
GLBX.MDP3-mbp-1-22b4574f846611ae.dbn.zst,mbp-1,2017-03-15T17:55:00Z,2017-03-15T18:40:00Z,FOMC statement and press conference,"1, 5",874203,15605068,5d68a563ab68bcfc50ef38f37dacc2ce63d61cd93e9a0351299c72782ee1b0c8
GLBX.MDP3-mbp-1-c6be2bb503160cfe.dbn.zst,mbp-1,2017-03-22T12:25:00Z,2017-03-22T12:36:00Z,8:30 a.m. control morning,"1, 5",27373,473062,3a1a698efa219a6d55b68697a78d28999d68aa768165ecb428e0bed9d81dc942
GLBX.MDP3-mbp-1-9934783fbe0aa99d.dbn.zst,mbp-1,2017-03-22T17:55:00Z,2017-03-22T18:06:00Z,2:00 p.m. control afternoon,1,99874,1798948,6d69691b70fe9d57931cd4dd9fbbec855ba07711338dde7bffaa3ead7ba1c8ab
GLBX.MDP3-mbp-1-7edecd8e561a80bc.dbn.zst,mbp-1,2017-04-07T12:25:00Z,2017-04-07T12:36:00Z,8:30 a.m. release,"1, 5, 8",142492,2417664,9d8fc0cd7a78a3ab27c7583203885937ca138b0769e85081de14f89e83175cc9
GLBX.MDP3-mbp-1-aa86002fa559ea23.dbn.zst,mbp-1,2017-04-13T12:25:00Z,2017-04-13T12:36:00Z,8:30 a.m. release,"1, 5, 8",36775,626797,d32a965222914f0e14e17e300c82539570b91086e31711e604ec3d04035f6f90
GLBX.MDP3-mbp-1-1217ac36b1663745.dbn.zst,mbp-1,2017-04-14T12:25:00Z,2017-04-14T12:36:00Z,8:30 a.m. release,"1, 5, 8",0,148,aead0ae25f8913cb84e161430620caac9b0a1fce0971871aa741fec04c43738b
GLBX.MDP3-mbp-1-6c381b521603faee.dbn.zst,mbp-1,2017-04-21T12:25:00Z,2017-04-21T12:36:00Z,8:30 a.m. control morning,"1, 5",25539,435490,044f730aae3ae8c8be6218db215465ef1416c925a0ba9f3c3920272d62f1c730
GLBX.MDP3-mbp-1-84559110fc0e4842.dbn.zst,mbp-1,2017-04-26T17:55:00Z,2017-04-26T18:06:00Z,2:00 p.m. control afternoon,1,230606,4161080,be334448a71b1b4521cbe1e9861c7243486c07cc9ba7fb98d456ab2c0356981e
GLBX.MDP3-mbp-1-a3de7699bb1722d6.dbn.zst,mbp-1,2017-05-03T17:55:00Z,2017-05-03T18:15:00Z,FOMC statement and press conference,"1, 5",195913,3494434,bde198262f21b66889dc33db845d644303a1be9d955d75d2ed36e6a7713654cb
GLBX.MDP3-mbp-1-fdb41f3950b574a9.dbn.zst,mbp-1,2017-05-05T12:25:00Z,2017-05-05T12:36:00Z,8:30 a.m. release,"1, 5, 8",96315,1633221,ba34f7d2fb294a2e98cc9809880463cfdda40d49a971922654ad3c53eed7c9f1
GLBX.MDP3-mbp-1-0dfbe4dc240b8f36.dbn.zst,mbp-1,2017-05-11T12:25:00Z,2017-05-11T12:36:00Z,8:30 a.m. release,"1, 5, 8",43509,739766,c59d52e8b1f245dc5519f37099b073b79ce8216c02f10906f64216e05102b806
GLBX.MDP3-mbp-1-fbd149ccb0010391.dbn.zst,mbp-1,2017-05-12T12:25:00Z,2017-05-12T12:36:00Z,8:30 a.m. release,"1, 5, 8",62782,1069925,0ac5e188851661d9561052f78f848a285eebc0c0a8844b9c4bd1887d56b99dcd
GLBX.MDP3-mbp-1-d3f401e45c704938.dbn.zst,mbp-1,2017-05-17T17:55:00Z,2017-05-17T18:06:00Z,2:00 p.m. control afternoon,1,116678,2087081,723b19938be7283b61f3746229d674e273d9f07788aa8292c909bb3f7b64f8d0
GLBX.MDP3-mbp-1-4f6f182e9f2d7ad3.dbn.zst,mbp-1,2017-05-19T12:25:00Z,2017-05-19T12:36:00Z,8:30 a.m. control morning,"1, 5",38869,685305,f988e38a388e9a2099aa97a9f9d69c9a898e4608fe7c25e37a0f5095fadd5ae1
GLBX.MDP3-mbp-1-94d17920fd536e46.dbn.zst,mbp-1,2017-06-02T12:25:00Z,2017-06-02T12:36:00Z,8:30 a.m. release,"1, 5, 8",114407,2566778,579b275df0d5ec832782b0cdbc72a7a8e08df5a59ce5bf18c23959cb129166c8
GLBX.MDP3-mbp-1-c5b7456c9c419d7d.dbn.zst,mbp-1,2017-06-07T17:55:00Z,2017-06-07T18:06:00Z,2:00 p.m. control afternoon,1,102278,2305321,86abc0beef24cbd27d32f6b53086454a2cce0d6cff0a46793cac82f5163d0d50
GLBX.MDP3-mbp-1-f4db8ece0f15ba23.dbn.zst,mbp-1,2017-06-13T12:25:00Z,2017-06-13T12:36:00Z,8:30 a.m. release,"1, 5, 8",29019,663268,4f77174aacf1a0a6bbb66e746313f53166b395464f6a0a96abc867100b2dc201
GLBX.MDP3-mbp-1-1d8a363085529169.dbn.zst,mbp-1,2017-06-14T12:25:00Z,2017-06-14T12:36:00Z,8:30 a.m. release,"1, 5, 8",78836,1762500,61a71b83599b7701817707bece21ec39d458ed10c7f7e0205ca8600057f48743
GLBX.MDP3-mbp-1-79c7fc0db9afd44c.dbn.zst,mbp-1,2017-06-14T17:55:00Z,2017-06-14T18:40:00Z,FOMC statement and press conference,"1, 5",712342,16234484,ff69f2c09ae1c76905139a493d62f8473275a31bd8fe016a3b5394d81c98b351
GLBX.MDP3-mbp-1-20401b338b1bf2e6.dbn.zst,mbp-1,2017-06-21T12:25:00Z,2017-06-21T12:36:00Z,8:30 a.m. control morning,"1, 5",40949,912062,cfb743f5c7c139ef3e0cd766417c5272f851a8c6945a4a05c5e96cd6770822bf
GLBX.MDP3-mbp-1-42e4b44e4a1b7d42.dbn.zst,mbp-1,2017-06-21T17:55:00Z,2017-06-21T18:06:00Z,2:00 p.m. control afternoon,1,72857,1666271,c083775ec15a856fccd0379f1752932282c01d6d226c0bed43eef3c465aef504
GLBX.MDP3-mbp-1-c1da9d40dd5ffdf6.dbn.zst,mbp-1,2017-07-07T12:25:00Z,2017-07-07T12:36:00Z,8:30 a.m. release,"1, 5, 8",109324,2421154,572ea543d137efb7f37f1a960b78a185ee45c530c3929b9cafd31e25d80b75e1
GLBX.MDP3-mbp-1-310450f8c9e1cc89.dbn.zst,mbp-1,2017-07-13T12:25:00Z,2017-07-13T12:36:00Z,8:30 a.m. release,"1, 5, 8",28375,638700,1245d2a52f19d13e6a4ce90ae86892b1fa954278bdecf95ba274fc7795f02cdb
GLBX.MDP3-mbp-1-64ffcbd15dda5e47.dbn.zst,mbp-1,2017-07-14T12:25:00Z,2017-07-14T12:36:00Z,8:30 a.m. release,"1, 5, 8",95126,2090463,8eda4caef1630550cb59ee3de8723ebb58d3ed3df561aadaf6b62016582bc145
GLBX.MDP3-mbp-1-2216108b79437145.dbn.zst,mbp-1,2017-07-19T17:55:00Z,2017-07-19T18:06:00Z,2:00 p.m. control afternoon,1,44336,1000017,f14289a0a269d7c6b4d1efc552df1b3860567e5b68d387e7592bbcb5b37c0e83
GLBX.MDP3-mbp-1-88929282779dbf5e.dbn.zst,mbp-1,2017-07-21T12:25:00Z,2017-07-21T12:36:00Z,8:30 a.m. control morning,"1, 5",19191,436006,bd89fd2c91cf4132379aa7c8c9e5cc6d18fa64a2d9901e534a6f0bce152b724c
GLBX.MDP3-mbp-1-ac9335d242f0991c.dbn.zst,mbp-1,2017-07-26T17:55:00Z,2017-07-26T18:15:00Z,FOMC statement and press conference,"1, 5",204676,4617932,77fc727e66847f1afeaee34b55e224a302ebba8593db25cc31bde68c84fee810
GLBX.MDP3-mbp-1-68942727a41154c6.dbn.zst,mbp-1,2017-08-02T17:55:00Z,2017-08-02T18:06:00Z,2:00 p.m. control afternoon,1,57808,1297862,673898c7503e9eab49b666b7f8fc15f141ccff3e672b70d9cc4b6377523963db
GLBX.MDP3-mbp-1-ff61d5397cdd00ea.dbn.zst,mbp-1,2017-08-04T12:25:00Z,2017-08-04T12:36:00Z,8:30 a.m. release,"1, 5, 8",79854,1769673,78d8a45d5a47457f13db3f0c2b50f1dd1557d244b0e8bc4fd16a07b1dec18984
GLBX.MDP3-mbp-1-35cf2fe47d8b6fb1.dbn.zst,mbp-1,2017-08-10T12:25:00Z,2017-08-10T12:36:00Z,8:30 a.m. release,"1, 5, 8",37135,838406,9ba8a11c58988b9f966700e82dd43adf30441f4b1e6be40ced4216895cef2bd7
GLBX.MDP3-mbp-1-0ad234a5ea8dadf8.dbn.zst,mbp-1,2017-08-11T12:25:00Z,2017-08-11T12:36:00Z,8:30 a.m. release,"1, 5, 8",89179,1985042,d4442a2f0ea7ad6fc1eea4ac0552875ecdb85297859fde10b52cf7cdd6bc51cc
GLBX.MDP3-mbp-1-62f8b51eee12ae63.dbn.zst,mbp-1,2017-08-18T12:25:00Z,2017-08-18T12:36:00Z,8:30 a.m. control morning,"1, 5",29981,673224,d5ef953cb076288e6799d4482d4594772f1c9fb3e1af25bdb271453767abab56
GLBX.MDP3-mbp-1-be3fef0e109fe23a.dbn.zst,mbp-1,2017-09-01T12:25:00Z,2017-09-01T12:36:00Z,8:30 a.m. release,"1, 5, 8",93931,2092999,f82e7a912f2e2ef333523553773165b769981f86a3c4f7d830c742d770d2cbb4
GLBX.MDP3-mbp-1-9008bc96d6997e08.dbn.zst,mbp-1,2017-09-13T12:25:00Z,2017-09-13T12:36:00Z,8:30 a.m. release,"1, 5, 8",29337,666927,1e7b39f1d1784a995e41a638f8dc317c4532d0070af1a8b43e5fcf829392b692
GLBX.MDP3-mbp-1-c8c164660e76526e.dbn.zst,mbp-1,2017-09-14T12:25:00Z,2017-09-14T12:36:00Z,8:30 a.m. release,"1, 5, 8",109444,2437819,f3ed3111f3ef8b28073f2ece378a7702f57a29364346d2be74a04ab64d3b8c07
GLBX.MDP3-mbp-1-c7538132b11600ba.dbn.zst,mbp-1,2017-09-20T17:55:00Z,2017-09-20T18:40:00Z,FOMC statement and press conference,"1, 5",855925,19324078,15a9218b30b8b3c8d714b7c3497aad483ea3a66d38470e9941195791a5cc6c04
GLBX.MDP3-mbp-1-22688fa177232648.dbn.zst,mbp-1,2017-09-27T17:55:00Z,2017-09-27T18:06:00Z,2:00 p.m. control afternoon,1,75715,1710749,5cf0a81727be2866ce5ca44c60ae5933727b0d8934c65e1a397f9d3d086e7088
GLBX.MDP3-mbp-1-c433f3ad964d123f.dbn.zst,mbp-1,2017-10-06T12:25:00Z,2017-10-06T12:36:00Z,8:30 a.m. release,"1, 5, 8",84093,1875383,97e9d87b6e78138dfcf523c7da5caa68d872da9a40f07141d9ad7f6f1e6922f9
GLBX.MDP3-mbp-1-588e41159e4b92cd.dbn.zst,mbp-1,2017-10-12T12:25:00Z,2017-10-12T12:36:00Z,8:30 a.m. release,"1, 5, 8",31117,702694,41d8ec9bb6fd3f703dee09d02b0dc655dfc08035079ce2af3e5df1d9c509fa4d
GLBX.MDP3-mbp-1-beaea283ccf73fb5.dbn.zst,mbp-1,2017-10-13T12:25:00Z,2017-10-13T12:36:00Z,8:30 a.m. release,"1, 5, 8",97101,2144309,37eafd3ef4692e68de474a7367ed5720b5a115069f942adf6696685c6ed70a62
GLBX.MDP3-mbp-1-b6e489decaceea36.dbn.zst,mbp-1,2017-10-20T12:25:00Z,2017-10-20T12:36:00Z,8:30 a.m. control morning,"1, 5",25546,581301,1eed5314b50bb5fa4e952eb19e7fd15c6cbee366773e4a25c2f2cc7151cf0264
GLBX.MDP3-mbp-1-17f11cabbd14579d.dbn.zst,mbp-1,2017-10-25T17:55:00Z,2017-10-25T18:06:00Z,2:00 p.m. control afternoon,1,77815,1748212,9be025b6a96316e7f311484cf0954282f6edb46e7975e1cb3c4e3d9e8b45fa7c
GLBX.MDP3-mbp-1-e27da423589f07c1.dbn.zst,mbp-1,2017-11-01T17:55:00Z,2017-11-01T18:15:00Z,FOMC statement and press conference,"1, 5",218326,4942395,eb09721372be8629880d86e0f5c38295dce903494f321f6d7af7ce208a435c7c
GLBX.MDP3-mbp-1-a7acaba2c8a57ecc.dbn.zst,mbp-1,2017-11-03T12:25:00Z,2017-11-03T12:36:00Z,8:30 a.m. release,"1, 5, 8",95855,2129400,84c19f18a9c267f4ec415ee8f5e82cbd518c8d84a82f9e3903eb20dd505e83ec
GLBX.MDP3-mbp-1-b35496041b8069ee.dbn.zst,mbp-1,2017-11-08T13:25:00Z,2017-11-08T13:36:00Z,8:30 a.m. control morning,"1, 5",20037,456367,3c7ff8bba5d8ca430f2cdc3dad30134a634cd8a4681a5b5e7f525840276b4b2a
GLBX.MDP3-mbp-1-86e9cfde137a7688.dbn.zst,mbp-1,2017-11-08T18:55:00Z,2017-11-08T19:06:00Z,2:00 p.m. control afternoon,1,41412,935572,7229605e33a9aa6caeed55b03cca31c8e9750dfff8cf613d1dc7032d453e2765
GLBX.MDP3-mbp-1-87dd89579631dc7b.dbn.zst,mbp-1,2017-11-14T13:25:00Z,2017-11-14T13:36:00Z,8:30 a.m. release,"1, 5, 8",36580,831191,ce16d3dd82f547db4c3ed58fe9c90153b39c77cab3c28fe1b9751d003297d3f7
GLBX.MDP3-mbp-1-a01f73b099437493.dbn.zst,mbp-1,2017-11-15T13:25:00Z,2017-11-15T13:36:00Z,8:30 a.m. release,"1, 5, 8",74440,1657929,d0176fe32c15e177178696d2e6407fa60277ea2b57f784624f101370ff64d67f
GLBX.MDP3-mbp-1-8b70e036e135e626.dbn.zst,mbp-1,2017-12-06T18:55:00Z,2017-12-06T19:06:00Z,2:00 p.m. control afternoon,1,65867,1492937,acd92ac7ab2d5da542d939127032908e94dcb6e859e19b4f6ab6c31febeda82b
GLBX.MDP3-mbp-1-788e835861358a01.dbn.zst,mbp-1,2017-12-08T13:25:00Z,2017-12-08T13:36:00Z,8:30 a.m. release,"1, 5, 8",66817,1495403,5d5e6808eac15b4e936aadf3d7a2f26ee950a7eb7d46abb53d0f477135e82d88
GLBX.MDP3-mbp-1-76868648cc8f92ad.dbn.zst,mbp-1,2017-12-12T13:25:00Z,2017-12-12T13:36:00Z,8:30 a.m. release,"1, 5, 8",23767,541326,fbcde79aa46649c1e9ee6559a97cd90ce37e8f0418d7d41a168a1baea47249e9
GLBX.MDP3-mbp-1-ef8fbcf64bb9c35e.dbn.zst,mbp-1,2017-12-13T13:25:00Z,2017-12-13T13:36:00Z,8:30 a.m. release,"1, 5, 8",89613,1968853,e3b61773e868bb74a583c93156a0b9eb46f68d52afddfc1ad1b375e5ced62720
GLBX.MDP3-mbp-1-028921085fd09a8e.dbn.zst,mbp-1,2017-12-13T18:55:00Z,2017-12-13T19:40:00Z,FOMC statement and press conference,"1, 5",431975,9723442,9186420695304197652dc9bf1891f15088fa1c31441f7015a326ceee2d25f835
GLBX.MDP3-mbp-1-b3fd42d14026c8e6.dbn.zst,mbp-1,2017-12-20T13:25:00Z,2017-12-20T13:36:00Z,8:30 a.m. control morning,"1, 5",33076,734085,0fbe98ea1c779c527f4e7d2a0f3cd0ffeaf536fd13525de8495d425337df31aa
GLBX.MDP3-mbp-1-e2cba9c2d2c17a69.dbn.zst,mbp-1,2017-12-20T18:55:00Z,2017-12-20T19:06:00Z,2:00 p.m. control afternoon,1,34870,793271,cb7ab87b750b005b98dbc277ecfeec0f35e65e294b2d3dc8194f8f75f7801b80
GLBX.MDP3-mbp-1-f7f6dd2da57f0e45.dbn.zst,mbp-1,2018-01-05T13:25:00Z,2018-01-05T13:36:00Z,8:30 a.m. release,"1, 5, 8",88365,1951323,1e35eaf4d4c6c0a4647334238747a6bfee6c90f4ab83a83ae5387974dcdac9e3
GLBX.MDP3-mbp-1-ffbad864078b9929.dbn.zst,mbp-1,2018-01-11T13:25:00Z,2018-01-11T13:36:00Z,8:30 a.m. release,"1, 5, 8",37927,857085,647e198848e57fab8c6c8ea878689b93862cce115444f9bdd6ca03f6ddc5027d
GLBX.MDP3-mbp-1-7b5f5a4e132e8171.dbn.zst,mbp-1,2018-01-12T13:25:00Z,2018-01-12T13:36:00Z,8:30 a.m. release,"1, 5, 8",116217,2567835,9e9a573da2504c3197bfbccc1af240796da8a85f84cc73dd7ce5336cc23f7ec3
GLBX.MDP3-mbp-1-b474007232aaee72.dbn.zst,mbp-1,2018-01-19T13:25:00Z,2018-01-19T13:36:00Z,8:30 a.m. control morning,"1, 5",40324,895850,f6833446ea6162ba9a39f5f4db182b27491b5d320ff772234d6a25f35e914905
GLBX.MDP3-mbp-1-8214b3a121b67e44.dbn.zst,mbp-1,2018-01-24T18:55:00Z,2018-01-24T19:06:00Z,2:00 p.m. control afternoon,1,109937,2432635,913d79564e8ebacad6d6238af0674227b5cad0041991986df4a3245caa3658e3
GLBX.MDP3-mbp-1-1f54b03f0ebb9ee8.dbn.zst,mbp-1,2018-01-31T18:55:00Z,2018-01-31T19:15:00Z,FOMC statement and press conference,"1, 5",243152,5460131,f051652d91d284434969d4960b160be36af577037f800a652738e28143d5a5f3
GLBX.MDP3-mbp-1-21258b796064711e.dbn.zst,mbp-1,2018-02-02T13:25:00Z,2018-02-02T13:36:00Z,8:30 a.m. release,"1, 5, 8",147890,3244693,94521709824c53ecd0ff3679267d466da043fdd79870d9681c5778a5e99ee652
GLBX.MDP3-mbp-1-dce2c8e8e1255886.dbn.zst,mbp-1,2018-02-07T18:55:00Z,2018-02-07T19:06:00Z,2:00 p.m. control afternoon,1,101148,2260124,0c11301944994d8e1ca1e21dec635d915d023011fb912ce2c84f0d7bb77324ec
GLBX.MDP3-mbp-1-50119f2daaa0f651.dbn.zst,mbp-1,2018-02-14T13:25:00Z,2018-02-14T13:36:00Z,8:30 a.m. release,"1, 5, 8",263369,5786627,19123b9f87df738739f41c88a7fd9e05767b1b781095883e02965533326ae012
GLBX.MDP3-mbp-1-80aff09c9db04169.dbn.zst,mbp-1,2018-02-15T13:25:00Z,2018-02-15T13:36:00Z,8:30 a.m. release,"1, 5, 8",69933,1562789,788404ddb500ea6e075694942d2ff5c7bac183e457f2388cc6834745bfd8165c
GLBX.MDP3-mbp-1-902571233b1bea06.dbn.zst,mbp-1,2018-02-21T13:25:00Z,2018-02-21T13:36:00Z,8:30 a.m. control morning,"1, 5",22159,514510,d0df43274824d3c2120cd9379df64c71efe1f2d5bd761a04ca31fb971f503e6a
GLBX.MDP3-mbp-1-4c369ff2a74183e9.dbn.zst,mbp-1,2018-03-09T13:25:00Z,2018-03-09T13:36:00Z,8:30 a.m. release,"1, 5, 8",163227,3635578,06f12991c9bb6f314bc0c3636648929d6d36a705c154f8c37654881bfae77a61
GLBX.MDP3-mbp-1-0151a622267b8a59.dbn.zst,mbp-1,2018-03-13T12:25:00Z,2018-03-13T12:36:00Z,8:30 a.m. release,"1, 5, 8",106186,2390190,d84328a0f7959d775f6b4a7fa8e1b76e69222817c405ec0dccd43ddb44ca246d
GLBX.MDP3-mbp-1-11194860696a91ef.dbn.zst,mbp-1,2018-03-14T12:25:00Z,2018-03-14T12:36:00Z,8:30 a.m. release,"1, 5, 8",51082,1148784,81b05d0549c849a6230ba508956c6355e5b1f038924c73a849dd7ab3ec27d60b
GLBX.MDP3-mbp-1-bfd48c7b8be31353.dbn.zst,mbp-1,2018-03-14T17:55:00Z,2018-03-14T18:06:00Z,2:00 p.m. control afternoon,1,108955,2458297,fad402f3e6fde3d1e40546d460b492082eac7312643e186cd83d1cf545812787
GLBX.MDP3-mbp-1-d51e06ecf46dc0de.dbn.zst,mbp-1,2018-03-20T12:25:00Z,2018-03-20T12:36:00Z,8:30 a.m. control morning,"1, 5",41093,924979,5367fa9726321a45cac8493d171a7f4557fd63745f7422e092cfcbd78eea833d
GLBX.MDP3-mbp-1-dedc0b175fc43c00.dbn.zst,mbp-1,2018-03-21T17:55:00Z,2018-03-21T18:40:00Z,FOMC statement and press conference,"1, 5",1257538,27821054,37fd6327b45376e99a58a2eab9cc8aca608796cfab808e648b14e41906b366df
GLBX.MDP3-mbp-1-eab14019203332b3.dbn.zst,mbp-1,2018-03-28T17:55:00Z,2018-03-28T18:06:00Z,2:00 p.m. control afternoon,1,246796,5630867,028de910d59fc916335fadcf21f48390d3e24a5dd1e1adb29091a5f46bc67085
GLBX.MDP3-mbp-1-71301123f99b05ce.dbn.zst,mbp-1,2018-04-06T12:25:00Z,2018-04-06T12:36:00Z,8:30 a.m. release,"1, 5, 8",149846,3366848,54dc82d6801e340b56debe1d1de0a20a8927ef37946e5cc91aaed61c05b7094a
GLBX.MDP3-mbp-1-126074816027ac84.dbn.zst,mbp-1,2018-04-10T12:25:00Z,2018-04-10T12:36:00Z,8:30 a.m. release,"1, 5, 8",43562,994388,4b03b326bb0cf2700b7c327677b55dc249c4a80f4f33da8072241d4522974324
GLBX.MDP3-mbp-1-bef0aca720e41de2.dbn.zst,mbp-1,2018-04-11T12:25:00Z,2018-04-11T12:36:00Z,8:30 a.m. release,"1, 5, 8",50300,1142508,eefa9feab6bde34fc209c35dbf626ef9441266afa26eb61dbb40e9af9f71e30c
GLBX.MDP3-mbp-1-c507f1d4db65c599.dbn.zst,mbp-1,2018-04-18T12:25:00Z,2018-04-18T12:36:00Z,8:30 a.m. control morning,"1, 5",27856,638303,2c2cb0cbd957c7da3e59e06a5bd4363693a02c4eb5a2d4c6e9820a39102dea5a
GLBX.MDP3-mbp-1-9fe149f11d057a18.dbn.zst,mbp-1,2018-04-25T17:55:00Z,2018-04-25T18:06:00Z,2:00 p.m. control afternoon,1,89095,2035999,15035325c08487746e3980571eb5c6691ded59d832d39936c8b8aaa44427e4fd
GLBX.MDP3-mbp-1-93dc05712521a718.dbn.zst,mbp-1,2018-05-02T17:55:00Z,2018-05-02T18:15:00Z,FOMC statement and press conference,"1, 5",249359,5520348,58ed40b9542eed211dbe1558e963dd5e8a14b85235d7cb1e3fb88a2293f119e0
GLBX.MDP3-mbp-1-a8bb0b00fce72964.dbn.zst,mbp-1,2018-05-04T12:25:00Z,2018-05-04T12:36:00Z,8:30 a.m. release,"1, 5, 8",117899,2654110,84f2b096fc9959933438ecaaf07c17da705e8b5c6f2f96c24b58adc18ab111cc
GLBX.MDP3-mbp-1-7a653d32e15630d0.dbn.zst,mbp-1,2018-05-09T12:25:00Z,2018-05-09T12:36:00Z,8:30 a.m. release,"1, 5, 8",39281,878566,36e89226b6bab8ef977781d9fac701e1c2b054349d81f71e9ace3590113f8707
GLBX.MDP3-mbp-1-c188bbf8931bd099.dbn.zst,mbp-1,2018-05-09T17:55:00Z,2018-05-09T18:06:00Z,2:00 p.m. control afternoon,1,65020,1480249,731184d74fc4feabad3662fac04871bce062e253bdc7d83efa06c9c29f4a4fd7
GLBX.MDP3-mbp-1-f931142df934be02.dbn.zst,mbp-1,2018-05-10T12:25:00Z,2018-05-10T12:36:00Z,8:30 a.m. release,"1, 5, 8",78989,1754938,cd988041054732b3c66f82fb1991842411387533a6a490ed61e5795b3453ee9f
GLBX.MDP3-mbp-1-f7c0040112b40bdb.dbn.zst,mbp-1,2018-06-01T12:25:00Z,2018-06-01T12:36:00Z,8:30 a.m. release,"1, 5, 8",51196,1163345,7c3ff6f5c66af73ff66ed66503ffebf6f408578b8329daba1a618e3cc8612fdb
GLBX.MDP3-mbp-1-2731da25a90f53b7.dbn.zst,mbp-1,2018-06-06T17:55:00Z,2018-06-06T18:06:00Z,2:00 p.m. control afternoon,1,41992,934306,e7376d5db9c4239cb9f77816d6ecfce3ef8a31ebaf972c733f9a447bf6bacdf8
GLBX.MDP3-mbp-1-f4ed23f509da6390.dbn.zst,mbp-1,2018-06-12T12:25:00Z,2018-06-12T12:36:00Z,8:30 a.m. release,"1, 5, 8",39700,893355,e9dbdc44db466c49404317f442aa8513259dbbad154f2f10a5bf886c5415c263
GLBX.MDP3-mbp-1-144f2ce0e4d5fc5e.dbn.zst,mbp-1,2018-06-13T12:25:00Z,2018-06-13T12:36:00Z,8:30 a.m. release,"1, 5, 8",40563,894324,e3dadeb4af48cd50c34f8517f92f658cf381cbe835426e284622aefc6ab3fc1a
GLBX.MDP3-mbp-1-4db5c7d5b5f85449.dbn.zst,mbp-1,2018-06-13T17:55:00Z,2018-06-13T18:40:00Z,FOMC statement and press conference,"1, 5",802857,17708096,23ce6152429a9dffc5e1c75f500d32f0ae0687bdd990c699213a974804e75c6c
GLBX.MDP3-mbp-1-f88a868ca9080528.dbn.zst,mbp-1,2018-06-19T12:25:00Z,2018-06-19T12:36:00Z,8:30 a.m. control morning,"1, 5",59208,1325082,884d031a8ed4042cfcd7197ddb877a2e4e5225d3d803167ba5133142afed6fbc
GLBX.MDP3-mbp-1-574ac03f4a1fcd7d.dbn.zst,mbp-1,2018-06-20T17:55:00Z,2018-06-20T18:06:00Z,2:00 p.m. control afternoon,1,58071,1302684,0ef67e8385a89329809d86a4ef9c3765831f469168d67e29cee6efd0bbcd77da
GLBX.MDP3-mbp-1-36e079b8eb26ad77.dbn.zst,mbp-1,2018-07-06T12:25:00Z,2018-07-06T12:36:00Z,8:30 a.m. release,"1, 5, 8",120752,2691469,0469b3974a5edc73d237890439c5c0a7b60ef29077051f893d96292689a5864b
GLBX.MDP3-mbp-1-845dcae0ed2a6ad4.dbn.zst,mbp-1,2018-07-11T12:25:00Z,2018-07-11T12:36:00Z,8:30 a.m. release,"1, 5, 8",58899,1308443,0ee31989ee89af0a4821c5834d0f8352b910001876d62aa38c8d1fee4423d132
GLBX.MDP3-mbp-1-06fa5be156353eca.dbn.zst,mbp-1,2018-07-12T12:25:00Z,2018-07-12T12:36:00Z,8:30 a.m. release,"1, 5, 8",50772,1135412,0a8c40f93408318bd0139e4d46637d2cbfbd96c3491b950500316cc5a4be6327
GLBX.MDP3-mbp-1-6c46fbe194e048dd.dbn.zst,mbp-1,2018-07-25T17:55:00Z,2018-07-25T18:06:00Z,2:00 p.m. control afternoon,1,78621,1732258,cf878a6c731bc5944e6c6bd82d00fd631fec658d9d8f1025f8bfbe7d09f07008
GLBX.MDP3-mbp-1-9fcbf838b1e74cd6.dbn.zst,mbp-1,2018-08-01T17:55:00Z,2018-08-01T18:15:00Z,FOMC statement and press conference,"1, 5",267711,6032167,e136e80e4a0bb96dc9c180df712b069f45562a8d8420e1bc0861dece43b62ceb
GLBX.MDP3-mbp-1-e1ec6a8fa5b23f29.dbn.zst,mbp-1,2018-08-03T12:25:00Z,2018-08-03T12:36:00Z,8:30 a.m. release,"1, 5, 8",82328,1849241,55bfcb71734fae45f89260a9bb77e03ee930bcdd2bf39e361d59ef24518dcdc9
GLBX.MDP3-mbp-1-8277bf31820d0b4f.dbn.zst,mbp-1,2018-08-08T17:55:00Z,2018-08-08T18:06:00Z,2:00 p.m. control afternoon,1,47505,1064889,6ae77825c65105de680a3b6f0b1b5beb4f06529d39f9fd2637f45f7374736472
GLBX.MDP3-mbp-1-9769a2ce3565d2b2.dbn.zst,mbp-1,2018-08-09T12:25:00Z,2018-08-09T12:36:00Z,8:30 a.m. release,"1, 5, 8",30751,685721,551c32415094b64f9313025fe721ab4e4ea16d772333785c60511d5f8cab20b2
GLBX.MDP3-mbp-1-8a5b0c1285d31228.dbn.zst,mbp-1,2018-08-10T12:25:00Z,2018-08-10T12:36:00Z,8:30 a.m. release,"1, 5, 8",60221,1332547,c35cdbc27cc704f2eba2c857bec0b78eb60481ad58d7f317c96ce73ddc926d35
GLBX.MDP3-mbp-1-b52ccfda95f3ea2e.dbn.zst,mbp-1,2018-08-17T12:25:00Z,2018-08-17T12:36:00Z,8:30 a.m. control morning,"1, 5",39713,897765,d4cc0b2be71f5bc32743e181979b5342467a4c0f174644d809d1e91e9cd413c5
GLBX.MDP3-mbp-1-0601d46f309c7053.dbn.zst,mbp-1,2018-09-07T12:25:00Z,2018-09-07T12:36:00Z,8:30 a.m. release,"1, 5, 8",134804,2980900,e1ca95cc559be626512d7806a1c7b841820eeb0fbca224421087119f1bf5e998
GLBX.MDP3-mbp-1-2a8d1051bdb16130.dbn.zst,mbp-1,2018-09-12T12:25:00Z,2018-09-12T12:36:00Z,8:30 a.m. release,"1, 5, 8",38365,859927,98d6dbda8265237717cb5660ca71b8c516b0cf5aaae11769afc51a3227af8fbc
GLBX.MDP3-mbp-1-d18cbe1e8afab1b1.dbn.zst,mbp-1,2018-09-13T12:25:00Z,2018-09-13T12:36:00Z,8:30 a.m. release,"1, 5, 8",85311,1848039,15b0ae5988cd60e8126403fd3784cecc0789eb81b607ebdd70ea15e9158081d7
GLBX.MDP3-mbp-1-101941c0c0c3a353.dbn.zst,mbp-1,2018-09-19T17:55:00Z,2018-09-19T18:06:00Z,2:00 p.m. control afternoon,1,38892,861106,83b535c8cc208a9f21b75b8ae32746eac0ff70529fc74429592f3ed1413ca768
GLBX.MDP3-mbp-1-7f21ea794f2b50be.dbn.zst,mbp-1,2018-09-26T17:55:00Z,2018-09-26T18:40:00Z,FOMC statement and press conference,"1, 5",678416,14866002,92a4040b189b731ae81b78de4e2f4aed4a3e189b9e1baf543abdb8277dc6b5e2
GLBX.MDP3-mbp-1-eae7a5daa7855eb4.dbn.zst,mbp-1,2018-10-03T17:55:00Z,2018-10-03T18:06:00Z,2:00 p.m. control afternoon,1,79810,1759572,fd67b7b0d34fee9a15730225bf6e0020e99df4c81a765ab1383f933499cfd5f1
GLBX.MDP3-mbp-1-bd1af1220d920b1b.dbn.zst,mbp-1,2018-10-05T12:25:00Z,2018-10-05T12:36:00Z,8:30 a.m. release,"1, 5, 8",170175,3728531,c6c5198e2ca90aea92199fa4f8debd6850c585286a2c3fdea939942a11036bef
GLBX.MDP3-mbp-1-2785bfc7ad42250a.dbn.zst,mbp-1,2018-10-10T12:25:00Z,2018-10-10T12:36:00Z,8:30 a.m. release,"1, 5, 8",80080,1763552,d15e89b31b9d0894ccc5207c53b4b1677bda10bbd41aa392b719312f3ce020fe
GLBX.MDP3-mbp-1-5b27639c995be42f.dbn.zst,mbp-1,2018-10-11T12:25:00Z,2018-10-11T12:36:00Z,8:30 a.m. release,"1, 5, 8",196093,4289373,46b53fa99ac2582adc6112b3982fda88cc5646e7cf233c77c3cc3e409cde9a7a
GLBX.MDP3-mbp-1-4067843ec4b998c2.dbn.zst,mbp-1,2018-11-01T17:55:00Z,2018-11-01T18:06:00Z,2:00 p.m. control afternoon,1,140088,3098088,89a32e412993167fbdb1b758b79eff909c59b1da837cbfc2a7b6cc8bb30413ae
GLBX.MDP3-mbp-1-81b90817b8276e65.dbn.zst,mbp-1,2018-11-02T12:25:00Z,2018-11-02T12:36:00Z,8:30 a.m. release,"1, 5, 8",102216,2284720,dfffd0f36019085b58c802f1f78fc9a6560793f6dde17b7564b2c72e5e56b2e8
GLBX.MDP3-mbp-1-e8a2bff30e3156d8.dbn.zst,mbp-1,2018-11-07T13:25:00Z,2018-11-07T13:36:00Z,8:30 a.m. control morning,"1, 5",45077,1014752,5a9142cc87782a0b9eff617976cff71b5329cf302430dd7d6861ff5100a12b02
GLBX.MDP3-mbp-1-64f7ecb38dfcbb93.dbn.zst,mbp-1,2018-11-08T18:55:00Z,2018-11-08T19:15:00Z,FOMC statement and press conference,"1, 5",324218,7160087,8fa308203dd5308060954ac286980c56822f056a8f912612093c0fa8e69ca9ae
GLBX.MDP3-mbp-1-6a267560820869e9.dbn.zst,mbp-1,2018-11-09T13:25:00Z,2018-11-09T13:36:00Z,8:30 a.m. release,"1, 5, 8",62326,1390712,7bc0bad9300f7b91a315cbbaf7e33074fc3996c2f5f89fbbf791869bf608eb4c
GLBX.MDP3-mbp-1-344fded15d2a5c02.dbn.zst,mbp-1,2018-11-14T13:25:00Z,2018-11-14T13:36:00Z,8:30 a.m. release,"1, 5, 8",88355,1983903,e63cc68b780aa86926a64799812ed417bac3b23372a550e648ae6d6182687d3e
GLBX.MDP3-mbp-1-5759ba20a2364e92.dbn.zst,mbp-1,2018-11-15T18:55:00Z,2018-11-15T19:06:00Z,2:00 p.m. control afternoon,1,260557,5749821,cbe0379258fdc3818b3fe0dd5fc0f7a0a5abe0ab336d2cda859311675f43069a
GLBX.MDP3-mbp-1-5b035fa82915b3ce.dbn.zst,mbp-1,2018-12-07T13:25:00Z,2018-12-07T13:36:00Z,8:30 a.m. release,"1, 5, 8",97271,2160966,7931717dc8ca527ddef13b6d58032434e39b12db29b02317a792af614023bbda
GLBX.MDP3-mbp-1-4acc79b1d83513f1.dbn.zst,mbp-1,2018-12-11T13:25:00Z,2018-12-11T13:36:00Z,8:30 a.m. release,"1, 5, 8",84618,1885324,85f8e1bf8935e4f82069f27c0c4530ff187415169947a597a44d8f1407100c99
GLBX.MDP3-mbp-1-738a3f9d66bea99a.dbn.zst,mbp-1,2018-12-12T13:25:00Z,2018-12-12T13:36:00Z,8:30 a.m. release,"1, 5, 8",47307,1059176,16156c172e200f04a2e2ec299783c81c8f3c988792d7b7fd4d8ec9b131d62312
GLBX.MDP3-mbp-1-659d26bd8b711f13.dbn.zst,mbp-1,2018-12-19T13:25:00Z,2018-12-19T13:36:00Z,8:30 a.m. control morning,"1, 5",37275,833696,d977d58267c5bfe909e09b1e1519f993838b0aafb542814493b7999cb4efd6c5
GLBX.MDP3-mbp-1-17f4302f22114679.dbn.zst,mbp-1,2018-12-19T18:55:00Z,2018-12-19T19:40:00Z,FOMC statement and press conference,"1, 5",1849375,40094072,b8f6b79951bb89e318e1636c3e3dc914662197ee4e7670140ca2e618338db2b3
GLBX.MDP3-mbp-1-2483e0371d4ab4d3.dbn.zst,mbp-1,2019-01-04T13:25:00Z,2019-01-04T13:36:00Z,8:30 a.m. release,"1, 5, 8",173837,3811544,9942054a186850b74cae987a9a36a9c6774376166f4b2481a95eb72980c527dd
GLBX.MDP3-mbp-1-0f4fdee8948f6f4a.dbn.zst,mbp-1,2019-01-11T13:25:00Z,2019-01-11T13:36:00Z,8:30 a.m. release,"1, 5, 8",55362,1231617,e6374a85c44e88cb4c8debd51f4319cf11790c2210af9cf4979983da9668aace
GLBX.MDP3-mbp-1-fd59bdbc722b763c.dbn.zst,mbp-1,2019-01-15T13:25:00Z,2019-01-15T13:36:00Z,8:30 a.m. release,"1, 5, 8",51026,1142058,0baa72fdd71267821ce163b7b4f6ae17289ed0b354e5580b8e7cbb003514ea37
GLBX.MDP3-mbp-1-6b4afd71b5a7c74d.dbn.zst,mbp-1,2019-01-18T13:25:00Z,2019-01-18T13:36:00Z,8:30 a.m. control morning,"1, 5",35263,790037,9d3ca68bd31efe4207522f7bf805f51dc678a110d40a8d07e05a225bd5c71b2a
GLBX.MDP3-mbp-1-8c682eb27ba2fbd4.dbn.zst,mbp-1,2019-01-23T18:55:00Z,2019-01-23T19:06:00Z,2:00 p.m. control afternoon,1,173517,3803934,e4d02c191885b70f67ba6f0f54270b7d614c09c9e07bb1ba3b2486a7acccf894
GLBX.MDP3-mbp-1-71c75a81c25d7313.dbn.zst,mbp-1,2019-01-30T18:55:00Z,2019-01-30T19:40:00Z,FOMC statement and press conference,"1, 5",1279366,27780913,a4c94f8841b8a02632d24eb1ee6b93b2c4689f9961e3aad91effda183adc687f
GLBX.MDP3-mbp-1-2c098093193a7ee0.dbn.zst,mbp-1,2019-02-01T13:25:00Z,2019-02-01T13:36:00Z,8:30 a.m. release,"1, 5, 8",102029,2259751,b443b48cf7dd617b1da140882a5cb077c90aed0cf9213f0da78da3565853eb3f
GLBX.MDP3-mbp-1-087f0c665ee3ae97.dbn.zst,mbp-1,2019-02-06T18:55:00Z,2019-02-06T19:06:00Z,2:00 p.m. control afternoon,1,95253,2067770,510807306a8820f169a2d43d430f16a2fd8ffeec8d292181becf8a9fa8f6375d
GLBX.MDP3-mbp-1-f8ea354df4a52ad8.dbn.zst,mbp-1,2019-02-13T13:25:00Z,2019-02-13T13:36:00Z,8:30 a.m. release,"1, 5, 8",58815,1320895,4fd3874d47e9ef53c054758478825a5e7562aac0a027db51e86b977951ff9368
GLBX.MDP3-mbp-1-30ecf316641b58a2.dbn.zst,mbp-1,2019-02-14T13:25:00Z,2019-02-14T13:36:00Z,8:30 a.m. release,"1, 5, 8",88243,1955194,7177fb376e96fe0fb4fb27e577ec3594ff7aa02fa8bfc69eb7f6e3c17e8e594f
GLBX.MDP3-mbp-1-997a2b2ccb6c6073.dbn.zst,mbp-1,2019-02-20T13:25:00Z,2019-02-20T13:36:00Z,8:30 a.m. control morning,"1, 5",40469,906463,dc17662b48841981795c14934e7cbd8cf22b9ee8b67540b0abd4ea31e714fe16
GLBX.MDP3-mbp-1-4c0c46e4711a251e.dbn.zst,mbp-1,2019-03-08T13:25:00Z,2019-03-08T13:36:00Z,8:30 a.m. release,"1, 5, 8",135895,2985239,3fe58412a7d4e788f379fe63c762ccf4f115b6cf2b7e26835fdfebc6a6c1f653
GLBX.MDP3-mbp-1-01cf00a894c8d4d2.dbn.zst,mbp-1,2019-03-12T12:25:00Z,2019-03-12T12:36:00Z,8:30 a.m. release,"1, 5, 8",71888,1595409,c43ba51b53b91d8218e0076b4ba39c6bbdaad7baac733823454e03052354fbe2
GLBX.MDP3-mbp-1-5d2edb09caf25a39.dbn.zst,mbp-1,2019-03-13T12:25:00Z,2019-03-13T12:36:00Z,8:30 a.m. release,"1, 5, 8",41408,912182,e236806c72fde888310a4102e1e8d847a2e8e7ea08e559c0c8eb3eac5f1acd4c
GLBX.MDP3-mbp-1-5c862ac2eab1b657.dbn.zst,mbp-1,2019-03-13T17:55:00Z,2019-03-13T18:06:00Z,2:00 p.m. control afternoon,1,91391,2007739,b31b6f15a8538f1eb239474d4a2183a5ace55d32cd8cf48331cec36d10bb6f08
GLBX.MDP3-mbp-1-507c59b0b12f8a09.dbn.zst,mbp-1,2019-03-19T12:25:00Z,2019-03-19T12:36:00Z,8:30 a.m. control morning,"1, 5",54920,1208509,b1b9894a69ff987004dbddfa7692698452fac6a1fc7c76b34931f4f3f1fb329a
GLBX.MDP3-mbp-1-f920875185354ff2.dbn.zst,mbp-1,2019-03-20T17:55:00Z,2019-03-20T18:40:00Z,FOMC statement and press conference,"1, 5",1258448,27761055,d4b77593b500e2f13ebf04ce5c23793c83e9dfde3d156d3b8bf254c5987a9075
GLBX.MDP3-mbp-1-b2f98b7053e93288.dbn.zst,mbp-1,2019-03-27T17:55:00Z,2019-03-27T18:06:00Z,2:00 p.m. control afternoon,1,170234,3775897,884b3cb013daa2752406623e3847abc9bc5690a139e42c3a3afaddb61cf48bbe
GLBX.MDP3-mbp-1-5a560f7005ba3065.dbn.zst,mbp-1,2019-04-05T12:25:00Z,2019-04-05T12:36:00Z,8:30 a.m. release,"1, 5, 8",122233,2695798,180ed0f52569d057671828fa8de70d986f1b6feac9ced77ca3f0719547b83365
GLBX.MDP3-mbp-1-0e9608dd53c941de.dbn.zst,mbp-1,2019-04-10T12:25:00Z,2019-04-10T12:36:00Z,8:30 a.m. release,"1, 5, 8",100080,2208749,99f49baff0761d6cdd56242357f8c3c64ac343078cbb9c3c08440bc8b8f32408
GLBX.MDP3-mbp-1-9f53aacc02856359.dbn.zst,mbp-1,2019-04-11T12:25:00Z,2019-04-11T12:36:00Z,8:30 a.m. release,"1, 5, 8",56929,1269339,50c56f341688a9910f7e3e4463880178542094247f91a6914e416fd936ce6e51
GLBX.MDP3-mbp-1-554133e1bf8b9eb3.dbn.zst,mbp-1,2019-04-17T12:25:00Z,2019-04-17T12:36:00Z,8:30 a.m. control morning,"1, 5",40013,882542,eb04b60a522748171080fc1a08b51e09d429a32732b6c8f86e515eb2e9541e92
GLBX.MDP3-mbp-1-f415a782a57efa8b.dbn.zst,mbp-1,2019-04-24T17:55:00Z,2019-04-24T18:06:00Z,2:00 p.m. control afternoon,1,61108,1355620,5214fa570b2b8212809d0c471c1c366af93b54eed4a6a9b97af6eed0dbe33573
GLBX.MDP3-mbp-1-24ab8286157f0e93.dbn.zst,mbp-1,2019-05-01T17:55:00Z,2019-05-01T18:40:00Z,FOMC statement and press conference,"1, 5",789224,17331730,ada6318d9c002628fdee4c34c06c6a06a980c4a6dd782769914bf4cd9dc4cea4
GLBX.MDP3-mbp-1-2c50f3946ff20a3e.dbn.zst,mbp-1,2019-05-03T12:25:00Z,2019-05-03T12:36:00Z,8:30 a.m. release,"1, 5, 8",146078,3241128,5d64e7909f8e66fe0088c7816d7fa2dfa8996bec383eae19c7bae6ff563a8bf0
GLBX.MDP3-mbp-1-5309d2d37f63da6b.dbn.zst,mbp-1,2019-05-08T17:55:00Z,2019-05-08T18:06:00Z,2:00 p.m. control afternoon,1,72937,1640788,858d1c0d3aa6795a22c2d958ac9a00ab56ced699bd0f06c2092bad041fca1626
GLBX.MDP3-mbp-1-ad2a47de6f42a3bd.dbn.zst,mbp-1,2019-05-09T12:25:00Z,2019-05-09T12:36:00Z,8:30 a.m. release,"1, 5, 8",55091,1236522,6e5e2f1afc3cdbc6647d7c128ce0de707c96dcb840373c1a71b1e36ce0b87597
GLBX.MDP3-mbp-1-92377128feedace2.dbn.zst,mbp-1,2019-05-10T12:25:00Z,2019-05-10T12:36:00Z,8:30 a.m. release,"1, 5, 8",102989,2296016,3f8297c9b6a6adba0054ecb6976db3dc226f436782bbb372c6e12e4d53b2e737
GLBX.MDP3-mbp-1-ffdd15f26288cce5.dbn.zst,mbp-1,2019-05-17T12:25:00Z,2019-05-17T12:36:00Z,8:30 a.m. control morning,"1, 5",77602,1741199,dda70ddd868e491476f7787c1b22774372a256d8ee668cae6487d9f165ccaa17
GLBX.MDP3-mbp-1-c0d9fef2a6efa2ea.dbn.zst,mbp-1,2019-06-07T12:25:00Z,2019-06-07T12:36:00Z,8:30 a.m. release,"1, 5, 8",166814,3658234,b89a4b18b8470e30d4b3d795ceefac3414fc0e2c77e2bc21d8a1ee183f474eb3
GLBX.MDP3-mbp-1-568d84d95567877c.dbn.zst,mbp-1,2019-06-11T12:25:00Z,2019-06-11T12:36:00Z,8:30 a.m. release,"1, 5, 8",61497,1359323,df3cd8ad23dde2c6316e360608fe9e55e5d0a5d27fb989cff0f88ea6ab454a51
GLBX.MDP3-mbp-1-f05e8c1f33006c13.dbn.zst,mbp-1,2019-06-12T12:25:00Z,2019-06-12T12:36:00Z,8:30 a.m. release,"1, 5, 8",92536,2027380,5617ca1cf22fbba8d70a9cd84d86c7601afb5b02404853de4c7407effce29fd8
GLBX.MDP3-mbp-1-f511828ddae16e12.dbn.zst,mbp-1,2019-06-19T12:25:00Z,2019-06-19T12:36:00Z,8:30 a.m. control morning,"1, 5",72174,1572372,0d26f01f8d4bc13a7ebb50dc3b6aab6e5cbef0fd6eb29f64a28716356aea9887
GLBX.MDP3-mbp-1-bbda281e2b83188f.dbn.zst,mbp-1,2019-06-19T17:55:00Z,2019-06-19T18:40:00Z,FOMC statement and press conference,"1, 5",1464572,32288279,dc4e65e607cbcbf68f8433686d17e45fba16297cac54c04b8de873886fea97ee
GLBX.MDP3-mbp-1-143adde3e85bf5ce.dbn.zst,mbp-1,2019-06-26T17:55:00Z,2019-06-26T18:06:00Z,2:00 p.m. control afternoon,1,67352,1500552,544bc1e3c1b0126ce73dfd87ffa0515061ddf4d00eda8899b97ecb69fdbb696d
GLBX.MDP3-mbp-1-de1cead226702092.dbn.zst,mbp-1,2019-07-05T12:25:00Z,2019-07-05T12:36:00Z,8:30 a.m. release,"1, 5, 8",158471,3434023,cb69bc28c363ff05841372cab489127fedd8229fd51ec074ec17799d0e806887
GLBX.MDP3-mbp-1-6ac537e39d530937.dbn.zst,mbp-1,2019-07-11T12:25:00Z,2019-07-11T12:36:00Z,8:30 a.m. release,"1, 5, 8",154306,3345614,e916fdf4677b3c0320643adea585a1a2d6b2311706581c55dfaee9696d29980a
GLBX.MDP3-mbp-1-dc20334b4d8a5353.dbn.zst,mbp-1,2019-07-12T12:25:00Z,2019-07-12T12:36:00Z,8:30 a.m. release,"1, 5, 8",62083,1365503,a0858181660846ef8392be2b1757016c2b86e48de1f3a7689a671aefca47e272
GLBX.MDP3-mbp-1-b90f3c48301ab04a.dbn.zst,mbp-1,2019-07-24T17:55:00Z,2019-07-24T18:06:00Z,2:00 p.m. control afternoon,1,79437,1756938,70fc42130cb6db0be0e647f6aeeb401ff7ab680d8f088c5ca1067db3d12e83ef
GLBX.MDP3-mbp-1-50eb525aa5bab155.dbn.zst,mbp-1,2019-07-31T17:55:00Z,2019-07-31T18:40:00Z,FOMC statement and press conference,"1, 5",1333200,29469251,e6275cf766600060b849231ed5f415815d9fd6e343994916d5d62b14776a6929
GLBX.MDP3-mbp-1-e521fcd0404bc658.dbn.zst,mbp-1,2019-08-02T12:25:00Z,2019-08-02T12:36:00Z,8:30 a.m. release,"1, 5, 8",143399,3146469,6b60f91644428c03afaa5c25aae0355a032e2c1c8ed1b84583d800d5c31240ca
GLBX.MDP3-mbp-1-85f9919595fa555b.dbn.zst,mbp-1,2019-08-07T17:55:00Z,2019-08-07T18:06:00Z,2:00 p.m. control afternoon,1,155636,3502875,1aeef375e6e843ef821a32546f0db12273a85b94054d7003c425ad79e845b17a
GLBX.MDP3-mbp-1-cf721d29845544aa.dbn.zst,mbp-1,2019-08-09T12:25:00Z,2019-08-09T12:36:00Z,8:30 a.m. release,"1, 5, 8",57491,1265137,0bc12c04b5bbfe7695c40fad429e03cdff7d8c61bd2f5d5778a1437d3f870e3f
GLBX.MDP3-mbp-1-4d923b3665159cee.dbn.zst,mbp-1,2019-08-13T12:25:00Z,2019-08-13T12:36:00Z,8:30 a.m. release,"1, 5, 8",92737,2054684,1916f53687b78f3b68e471e2904150758a2e4f974350c23ee12057809d70ceb3
GLBX.MDP3-mbp-1-82eed6a13a38adca.dbn.zst,mbp-1,2019-08-20T12:25:00Z,2019-08-20T12:36:00Z,8:30 a.m. control morning,"1, 5",52637,1178954,9b90891e6b91b816c9c11a8f1090127ba7baf021f96e66e517a962b2ca668650
GLBX.MDP3-mbp-1-741bc3a324d395f0.dbn.zst,mbp-1,2019-09-06T12:25:00Z,2019-09-06T12:36:00Z,8:30 a.m. release,"1, 5, 8",123596,2739296,53c153e15644887d9d753ff3d2d45ddbcccca78394fbb31d1d6f2b68e4554f87
GLBX.MDP3-mbp-1-5221435e2eea4e48.dbn.zst,mbp-1,2019-09-11T12:25:00Z,2019-09-11T12:36:00Z,8:30 a.m. release,"1, 5, 8",40050,892260,5e21edd463b575bc9b36e08f69a55f92d98b1b87343de8ce71ec411aa97d3fd4
GLBX.MDP3-mbp-1-a360971cbbf63657.dbn.zst,mbp-1,2019-09-11T17:55:00Z,2019-09-11T18:06:00Z,2:00 p.m. control afternoon,1,62378,1385689,c9458778db52e8805d8d9ec0fbd19eb378a940613d53db02cb1fd9c723fbaf52
GLBX.MDP3-mbp-1-e023cb1e4cef4514.dbn.zst,mbp-1,2019-09-12T12:25:00Z,2019-09-12T12:36:00Z,8:30 a.m. release,"1, 5, 8",85353,1877007,9a5148aa01bdb30f72af56633210a85e800b5445ad290924542d5d294d7c8274
GLBX.MDP3-mbp-1-1d1ab64cd1476d3e.dbn.zst,mbp-1,2019-09-18T17:55:00Z,2019-09-18T18:40:00Z,FOMC statement and press conference,"1, 5",1201194,26574338,e15a11355e944b774295b48a45d49bff7685912ef4c5dd98d663a5f3f174ce87
GLBX.MDP3-mbp-1-834a9c46aae84703.dbn.zst,mbp-1,2019-09-25T17:55:00Z,2019-09-25T18:06:00Z,2:00 p.m. control afternoon,1,118533,2637554,2f52f3d013d505bb474b01f7db3849881f883815790ca5cf17a8bb89cff40050
GLBX.MDP3-mbp-1-4fb1a0aedcae76bf.dbn.zst,mbp-1,2019-10-04T12:25:00Z,2019-10-04T12:36:00Z,8:30 a.m. release,"1, 5, 8",213968,4676351,504e8fc5e72b4d58ce15a57824d9004eb88a124fd850a80cbcd51d22f14249f0
GLBX.MDP3-mbp-1-c2900b212f65ce2c.dbn.zst,mbp-1,2019-10-08T12:25:00Z,2019-10-08T12:36:00Z,8:30 a.m. release,"1, 5, 8",70763,1565689,2d19d82a626842e8a6410d8ccded93bb774df516442d98ee672dc436a87063ba
GLBX.MDP3-mbp-1-ad7c377c8cb62ab1.dbn.zst,mbp-1,2019-10-10T12:25:00Z,2019-10-10T12:36:00Z,8:30 a.m. release,"1, 5, 8",45130,1012147,1e6e93a15019334cc1c8dcd2b195ced76abadad5112df053654c06f1eac3ed35
GLBX.MDP3-mbp-1-4397af5bb893a8ea.dbn.zst,mbp-1,2019-10-23T17:55:00Z,2019-10-23T18:06:00Z,2:00 p.m. control afternoon,1,68830,1526412,9cc45cde9f0ec2241b843b22283dfe0dc2ac903b72b7f4578da64b7403251f98
GLBX.MDP3-mbp-1-afce636936709b28.dbn.zst,mbp-1,2019-10-30T17:55:00Z,2019-10-30T18:40:00Z,FOMC statement and press conference,"1, 5",633650,13847758,ddccbad4adc4777ce454b35b6e31a0ff6edf16e13a2096157eb9a6100050dd3b
GLBX.MDP3-mbp-1-1479aaaf24c55167.dbn.zst,mbp-1,2019-11-01T12:25:00Z,2019-11-01T12:36:00Z,8:30 a.m. release,"1, 5, 8",146294,3219297,9cb2bcd8a74da94962b4745526029c90c0fb2355cc23891056a92511cc367620
GLBX.MDP3-mbp-1-f27b28f58b77879d.dbn.zst,mbp-1,2019-11-06T18:55:00Z,2019-11-06T19:06:00Z,2:00 p.m. control afternoon,1,75131,1668038,356b98c2199f954daec02a068787e6335e7e48b18dca4d13cd3f002af1b100c7
GLBX.MDP3-mbp-1-4cbb8ceec9a9efc0.dbn.zst,mbp-1,2019-11-13T13:25:00Z,2019-11-13T13:36:00Z,8:30 a.m. release,"1, 5, 8",52862,1174106,73c809baca70a6bf16d685c0979bced35ee1f435b44d015f83687c952cbeea3f
GLBX.MDP3-mbp-1-bb0b20e5444f5129.dbn.zst,mbp-1,2019-11-14T13:25:00Z,2019-11-14T13:36:00Z,8:30 a.m. release,"1, 5, 8",42460,951293,084c56f6a17e0abc342dcca3844edc99043df93e9a223112b00538ddc8f4ebdd
GLBX.MDP3-mbp-1-83aa972314969018.dbn.zst,mbp-1,2019-11-20T13:25:00Z,2019-11-20T13:36:00Z,8:30 a.m. control morning,"1, 5",37956,849214,de09882b63aa131452d3e67d27149ec674ddb1f0798650e773aabcb46a587675
GLBX.MDP3-mbp-1-4f8d5918738ca2c1.dbn.zst,mbp-1,2019-12-04T18:55:00Z,2019-12-04T19:06:00Z,2:00 p.m. control afternoon,1,70584,1552330,0c97199317e64e8cacc73eb2c11d8be1c75a1c8ffad666196090748616243463
GLBX.MDP3-mbp-1-ebab0d99b03a2694.dbn.zst,mbp-1,2019-12-06T13:25:00Z,2019-12-06T13:36:00Z,8:30 a.m. release,"1, 5, 8",189072,4126862,37f15cc56239dd3c11744ca36fff6d649c4070676d41c78ca64a3d84bd0690ce
GLBX.MDP3-mbp-1-33383976c2d32f09.dbn.zst,mbp-1,2019-12-11T13:25:00Z,2019-12-11T13:36:00Z,8:30 a.m. release,"1, 5, 8",51214,1105401,97fd5fe058afc73ef8d28501f924820468507c513369fc95d4703f74c0a0e865
GLBX.MDP3-mbp-1-f8e0b2f848b84e86.dbn.zst,mbp-1,2019-12-11T18:55:00Z,2019-12-11T19:40:00Z,FOMC statement and press conference,"1, 5",388913,8508811,94508c34b71e9d03dec1e9a0002f58bdb35553d5f02ae00560a02d23b14272e0
GLBX.MDP3-mbp-1-0ac15f60578ed977.dbn.zst,mbp-1,2019-12-12T13:25:00Z,2019-12-12T13:36:00Z,8:30 a.m. release,"1, 5, 8",101078,2268463,836f5cfe06bdbb416caa5cea544f1bc4c6604d2181c9a6e911b44c7bafa294a4
GLBX.MDP3-mbp-1-4ef36e5441842868.dbn.zst,mbp-1,2019-12-18T13:25:00Z,2019-12-18T13:36:00Z,8:30 a.m. control morning,"1, 5",31159,691775,14f8b6dcfcaafa743201783bf6a8b2269bb5582673d78e15e059727ddc4e3f6f
GLBX.MDP3-mbp-1-b31e5516efac73e0.dbn.zst,mbp-1,2019-12-18T18:55:00Z,2019-12-18T19:06:00Z,2:00 p.m. control afternoon,1,55584,1203896,b18de2c0d9c1e1908c75941da3ae5b279e8466fb1757818007e2e17775b0b518
GLBX.MDP3-mbp-1-cb6b6ad2901ac2b3.dbn.zst,mbp-1,2020-01-10T13:25:00Z,2020-01-10T13:36:00Z,8:30 a.m. release,"1, 5, 8",129353,2840766,65cf643f8411826715ff4633f13b9d22d3249808af166d993eb34663ca416f97
GLBX.MDP3-mbp-1-453aac543d43ecef.dbn.zst,mbp-1,2020-01-14T13:25:00Z,2020-01-14T13:36:00Z,8:30 a.m. release,"1, 5, 8",66154,1463298,0dc3eeb7af5a27de91f9c63045520913eb27f446059cf877900e353895868972
GLBX.MDP3-mbp-1-8ac086a263ea0db6.dbn.zst,mbp-1,2020-01-15T13:25:00Z,2020-01-15T13:36:00Z,8:30 a.m. release,"1, 5, 8",50743,1122113,569c331f1b69ad7bdd9df439cfda1b3f4ba7ebe38528e2d61d9e24e6df44f260
GLBX.MDP3-mbp-1-33750d4164f342ea.dbn.zst,mbp-1,2020-01-21T13:25:00Z,2020-01-21T13:36:00Z,8:30 a.m. control morning,"1, 5",55247,1213872,a18f2341b2c5f0b58db48669234971e3b8586eb027e3b4f035b964d5a6bde7cf
GLBX.MDP3-mbp-1-4464ea12098c9d40.dbn.zst,mbp-1,2020-01-22T18:55:00Z,2020-01-22T19:06:00Z,2:00 p.m. control afternoon,1,100305,2184065,2fcb56356d6677c513fafc75c39f211cd06e5f12904c43fa452102e2d5bc6861
GLBX.MDP3-mbp-1-19de65393312ab67.dbn.zst,mbp-1,2020-01-29T18:55:00Z,2020-01-29T19:40:00Z,FOMC statement and press conference,"1, 5",493854,10815561,3cc7c3a38fb51b8e76228c3079b357b4bda24ae67db3690f99c623bc630dba05
GLBX.MDP3-mbp-1-fb87d55e9ce88660.dbn.zst,mbp-1,2020-02-05T18:55:00Z,2020-02-05T19:06:00Z,2:00 p.m. control afternoon,1,115506,2565685,ef94ce55aa32e15a902b1786270ceff1ff42fde6270f94eee595854b8ca932b0
GLBX.MDP3-mbp-1-15f67dcc0d99fabe.dbn.zst,mbp-1,2020-02-07T13:25:00Z,2020-02-07T13:36:00Z,8:30 a.m. release,"1, 5, 8",161381,3539363,1f8a17b2b88baada92c25fca72da7934d1e5c92aaf22e0bdd1d3baaa5d07b8c9
GLBX.MDP3-mbp-1-9f1441e697e3ba73.dbn.zst,mbp-1,2020-02-13T13:25:00Z,2020-02-13T13:36:00Z,8:30 a.m. release,"1, 5, 8",71244,1568912,e5eb1c1f9e1766bf9be20bfbe63d80d46c707453c61b3f3572349c0c5032bd54
GLBX.MDP3-mbp-1-f2c5adc7b4b20523.dbn.zst,mbp-1,2020-02-19T13:25:00Z,2020-02-19T13:36:00Z,8:30 a.m. release,"1, 5, 8",48867,1082396,57789d143422b99e572f6f11f5bb328ad8bdaa7a40f571e7b7eebaf9b34a67d6
GLBX.MDP3-mbp-1-eb62a3603a89aac4.dbn.zst,mbp-1,2020-03-06T13:25:00Z,2020-03-06T13:36:00Z,8:30 a.m. release,"1, 5, 8",126223,2870856,0e86918a4587928bcff00856bc94e0748bebafbef9dc8ef969cb99e6334bc2d4
GLBX.MDP3-mbp-1-b0bbcbe5022c8270.dbn.zst,mbp-1,2020-03-11T12:25:00Z,2020-03-11T12:36:00Z,8:30 a.m. release,"1, 5, 8",69392,1585902,d6236695d7172edd17e545302fbb1167bb8d784c9d191c1de76fb301c78b38cc
GLBX.MDP3-mbp-1-0c5486e354c90591.dbn.zst,mbp-1,2020-03-12T12:25:00Z,2020-03-12T12:36:00Z,8:30 a.m. release,"1, 5, 8",30430,659465,c5f9f1e1e2c89b35cc20883b591614b6a900631f1fdc92b3e3de236a4de184be
GLBX.MDP3-mbp-1-4520fb6d1aa7b9ee.dbn.zst,mbp-1,2020-03-18T12:25:00Z,2020-03-18T12:36:00Z,8:30 a.m. control morning,"1, 5",16614,362225,5ccad6b0300ddb366ec29e85752769e2b58b58c9b6926cac0dfe2912681073d3
GLBX.MDP3-mbp-1-2e0b0968fc6d4aae.dbn.zst,mbp-1,2020-04-03T12:25:00Z,2020-04-03T12:36:00Z,8:30 a.m. release,"1, 5, 8",135635,3077175,a79647d6b08810455bf52cfbf19b0281c5259b131e2b2304bef2fba1a44bfe00
GLBX.MDP3-mbp-1-453d256270bbf0c7.dbn.zst,mbp-1,2020-04-09T12:25:00Z,2020-04-09T12:36:00Z,8:30 a.m. release,"1, 5, 8",161627,3599453,9867bb00aa7554909d3d1bbeab8166b29a5962f2677db5b9fce6b71fba853df7
GLBX.MDP3-mbp-1-e342c68bf92bb6dd.dbn.zst,mbp-1,2020-04-10T12:25:00Z,2020-04-10T12:36:00Z,8:30 a.m. release,"1, 5, 8",0,148,09fee201635cd613939768c51ed2355375ad44e15e8cb92f002b5c7e4aaecb39
GLBX.MDP3-mbp-1-c334db75f360fce4.dbn.zst,mbp-1,2020-04-17T12:25:00Z,2020-04-17T12:36:00Z,8:30 a.m. control morning,"1, 5",42383,962171,097672ba48c9f7c1a53c4d598c95112848b12f046753cba0c4406063be956aae
GLBX.MDP3-mbp-1-b95ddd1c7450a4e0.dbn.zst,mbp-1,2020-04-22T17:55:00Z,2020-04-22T18:06:00Z,2:00 p.m. control afternoon,1,98316,2253370,0ae9287d6e5968fd0bac733e9e040b1cd6c10301a5fc4315261dd1c7c63f3730
GLBX.MDP3-mbp-1-7a16be1f2597aa05.dbn.zst,mbp-1,2020-04-29T17:55:00Z,2020-04-29T18:40:00Z,FOMC statement and press conference,"1, 5",574344,12955310,334264b8566508beed762811291abcc3c6ee6b847e5d741ee4f23ac85553f098
GLBX.MDP3-mbp-1-9bc01c21a3c5d401.dbn.zst,mbp-1,2020-05-06T17:55:00Z,2020-05-06T18:06:00Z,2:00 p.m. control afternoon,1,135524,3084124,28330fe11c81d7e7e2597310a5bfbd2a35e441b2a0d7635076dfe43cdc4d8847
GLBX.MDP3-mbp-1-16071ff78f50e5f9.dbn.zst,mbp-1,2020-05-08T12:25:00Z,2020-05-08T12:36:00Z,8:30 a.m. release,"1, 5, 8",114826,2566239,65a3c281f4ccff0a6b18e4725b36b82fed0beeea14feeb825b5d47356dfc096e
GLBX.MDP3-mbp-1-1dec11dc4f54590a.dbn.zst,mbp-1,2020-05-12T12:25:00Z,2020-05-12T12:36:00Z,8:30 a.m. release,"1, 5, 8",45387,1029822,6d99ee6cce7697d960f191ea7a06f5b92c9b22c8d8dd55d73f856ae61e68752c
GLBX.MDP3-mbp-1-5746eb24d70a81ef.dbn.zst,mbp-1,2020-05-13T12:25:00Z,2020-05-13T12:36:00Z,8:30 a.m. release,"1, 5, 8",57843,1317867,c31bba8b2e16a5e22ee0791a26849a002efdee090176a86c0411d892efbcefb8
GLBX.MDP3-mbp-1-eb52c171b295ddeb.dbn.zst,mbp-1,2020-05-19T12:25:00Z,2020-05-19T12:36:00Z,8:30 a.m. control morning,"1, 5",59307,1336253,227feecf402c2c59e5fbb4a044bd6498d0ac9e2441b16ed8d5ebf668790f9ce1
GLBX.MDP3-mbp-1-a0013a0a8696f2f9.dbn.zst,mbp-1,2020-06-03T17:55:00Z,2020-06-03T18:06:00Z,2:00 p.m. control afternoon,1,110755,2483061,2d201397e5f66453007f7d0ad3a778810a9a8b62306ff23d2f022d98c64d205d
GLBX.MDP3-mbp-1-7c7e7901acb0e731.dbn.zst,mbp-1,2020-06-05T12:25:00Z,2020-06-05T12:36:00Z,8:30 a.m. release,"1, 5, 8",225630,4908886,69807b74a4d593cbe7994a76aff932cf015384f50b14340267837c85f1839275
GLBX.MDP3-mbp-1-ad37bcc670007450.dbn.zst,mbp-1,2020-06-10T12:25:00Z,2020-06-10T12:36:00Z,8:30 a.m. release,"1, 5, 8",51449,1152341,81b3f80e7da6aaaf5f095b09f89385004b7b5c6ee27c56b384d33e9fb89a3d95
GLBX.MDP3-mbp-1-7a898b395b25c635.dbn.zst,mbp-1,2020-06-10T17:55:00Z,2020-06-10T18:40:00Z,FOMC statement and press conference,"1, 5",1097831,24519762,ee07670f81fa49092089bc3749bb66b5d3e103cbf9f14d439b3a649ba5221191
GLBX.MDP3-mbp-1-472a15c6cbbb7405.dbn.zst,mbp-1,2020-06-11T12:25:00Z,2020-06-11T12:36:00Z,8:30 a.m. release,"1, 5, 8",100133,2236916,b13655631b609c978f45e2342cb0684ca1a5d60c84ad750b05125a4d83bda6f6
GLBX.MDP3-mbp-1-a8ca146a990b89c4.dbn.zst,mbp-1,2020-06-17T12:25:00Z,2020-06-17T12:36:00Z,8:30 a.m. control morning,"1, 5",48907,1086262,dd9ab7a99f743868d5ac3f0ac2279721e06eee8ef4cbed9542a000d67fa5ccb9
GLBX.MDP3-mbp-1-e04af915a23bf8b3.dbn.zst,mbp-1,2020-06-17T17:55:00Z,2020-06-17T18:06:00Z,2:00 p.m. control afternoon,1,109586,2464305,bfe87cd76287b081c5751777faa217a21f894a0381123e5bfdb281aaa1364fba
GLBX.MDP3-mbp-1-677662ed699be772.dbn.zst,mbp-1,2020-07-02T12:25:00Z,2020-07-02T12:36:00Z,8:30 a.m. release,"1, 5, 8",146997,3243353,f42438e4304bcbf443dee327055ca9f49003d6dc6ef074644c226783f4c9d1f5
GLBX.MDP3-mbp-1-710b586395c2023c.dbn.zst,mbp-1,2020-07-10T12:25:00Z,2020-07-10T12:36:00Z,8:30 a.m. release,"1, 5, 8",61619,1359524,ebb11fb0580061bb3e573a4461e6c8f4c34154037ec2c7fa31af8bf316fabd75
GLBX.MDP3-mbp-1-c2ff93f153673b1f.dbn.zst,mbp-1,2020-07-14T12:25:00Z,2020-07-14T12:36:00Z,8:30 a.m. release,"1, 5, 8",77869,1725695,cd4c9fa497c631c1b46c415f4ce8e1a47ab0dc609c65440ea21a4d6772777e71
GLBX.MDP3-mbp-1-54661170f188d2e9.dbn.zst,mbp-1,2020-07-21T12:25:00Z,2020-07-21T12:36:00Z,8:30 a.m. control morning,"1, 5",38442,852023,267c72963874d849a0d282704da5fd9c2b92946bd73c58d5d82ea8543794e546
GLBX.MDP3-mbp-1-2262891d27cd4625.dbn.zst,mbp-1,2020-07-22T17:55:00Z,2020-07-22T18:06:00Z,2:00 p.m. control afternoon,1,155279,3481540,abab6e77256d4df517d819c31ef17b231fb2d8d420fbe6f760b0bdb857fcd946
GLBX.MDP3-mbp-1-a7f3f95425d64ab3.dbn.zst,mbp-1,2020-07-29T17:55:00Z,2020-07-29T18:40:00Z,FOMC statement and press conference,"1, 5",558161,12573883,88e4448d8af9792de99871beaf5d10404f54d6a9af047e3f444c05c4f215d6bf
GLBX.MDP3-mbp-1-6c4c3c0c0920c6b4.dbn.zst,mbp-1,2020-08-05T17:55:00Z,2020-08-05T18:06:00Z,2:00 p.m. control afternoon,1,63424,1429737,558de41cc6a362701fd31f0aca0b39b637dd6d690f4a5ed35d137da77889b8e4
GLBX.MDP3-mbp-1-19777599e0b45dc2.dbn.zst,mbp-1,2020-08-07T12:25:00Z,2020-08-07T12:36:00Z,8:30 a.m. release,"1, 5, 8",129709,2821445,0e494f0855cb701ff17b74bce4eef6415ffaba77000a7efd557e5e41555759a7
GLBX.MDP3-mbp-1-45d0787f81a6898a.dbn.zst,mbp-1,2020-08-11T12:25:00Z,2020-08-11T12:36:00Z,8:30 a.m. release,"1, 5, 8",63656,1415485,4dc3d75368eab60dd665243a768d564ef5681346725ce2134ad73fb76ac2b489
GLBX.MDP3-mbp-1-d7f8566680fe1a8a.dbn.zst,mbp-1,2020-08-12T12:25:00Z,2020-08-12T12:36:00Z,8:30 a.m. release,"1, 5, 8",76261,1692003,897d43ca8fe99f05d6c56f5b2f6453116004c4f093d6917fe1e7a1c2079ef997
GLBX.MDP3-mbp-1-91f013c612a38d59.dbn.zst,mbp-1,2020-08-19T12:25:00Z,2020-08-19T12:36:00Z,8:30 a.m. control morning,"1, 5",40708,903064,5bb62f048c715a103bf8e6b2ce5fe0fc73127ad0f5205e83130e98135e01131d
GLBX.MDP3-mbp-1-9b9538a45407790e.dbn.zst,mbp-1,2020-09-04T12:25:00Z,2020-09-04T12:36:00Z,8:30 a.m. release,"1, 5, 8",182683,4066131,20005e63e65f2b88db9392181f5f87c80b0c33054fee2528730c0a879590fbcb
GLBX.MDP3-mbp-1-bea28266841fb79c.dbn.zst,mbp-1,2020-09-09T17:55:00Z,2020-09-09T18:06:00Z,2:00 p.m. control afternoon,1,216007,4926105,dc47f91144048226c8c48dff65256100349f056a1615fa404657643e974dc23a
GLBX.MDP3-mbp-1-0b57ef484954b66e.dbn.zst,mbp-1,2020-09-10T12:25:00Z,2020-09-10T12:36:00Z,8:30 a.m. release,"1, 5, 8",89182,1979294,e1427211819bc7adef6635ff5a1826b792160adcaee6ac46673077be3d89fa91
GLBX.MDP3-mbp-1-fdc3194b262ddc35.dbn.zst,mbp-1,2020-09-11T12:25:00Z,2020-09-11T12:36:00Z,8:30 a.m. release,"1, 5, 8",64130,1393886,bfa1307e10558f667ebbbf0f0b4d2dd893d4c0c2aa3ca69a8df5f1570ded577a
GLBX.MDP3-mbp-1-7201fb1a21d1372c.dbn.zst,mbp-1,2020-09-16T17:55:00Z,2020-09-16T18:40:00Z,FOMC statement and press conference,"1, 5",777730,17458735,4d2778efd18ea628bab4ddc5492b85623ba80e3d40862358f0ae5e2f853c7920
GLBX.MDP3-mbp-1-d165a12aebe1d54a.dbn.zst,mbp-1,2020-09-18T12:25:00Z,2020-09-18T12:36:00Z,8:30 a.m. control morning,"1, 5",30442,683579,d843a604db0d29b50178c8cbdec8f2ec41e254da9ee96472a327f05c4036d239
GLBX.MDP3-mbp-1-406a3a8bee611ecd.dbn.zst,mbp-1,2020-09-23T17:55:00Z,2020-09-23T18:06:00Z,2:00 p.m. control afternoon,1,204204,4627164,302d29b05116dd7f41f05f347a5ae81859c629998818380e50385ff3192025a2
GLBX.MDP3-mbp-1-dd2bd06b1c2e42bd.dbn.zst,mbp-1,2020-10-02T12:25:00Z,2020-10-02T12:36:00Z,8:30 a.m. release,"1, 5, 8",89971,2012764,d4e20346a174722130df08ed05fee8d786b1e6ec56d7f186db37bb00dbe7ef04
GLBX.MDP3-mbp-1-24086b13447c086f.dbn.zst,mbp-1,2020-10-13T12:25:00Z,2020-10-13T12:36:00Z,8:30 a.m. release,"1, 5, 8",60051,1338215,3aa95f505395953bdc19d8f4d8a150c6d6b0310e6c2c7cab810963aca9e7dd69
GLBX.MDP3-mbp-1-28eaaecbc55469a7.dbn.zst,mbp-1,2020-10-14T12:25:00Z,2020-10-14T12:36:00Z,8:30 a.m. release,"1, 5, 8",49064,1094348,e54944451ee44b7787f8f75a93fcba40fcd1c8f132243f4904b4fc113443e92a
GLBX.MDP3-mbp-1-0e02574df698f4a4.dbn.zst,mbp-1,2020-10-20T12:25:00Z,2020-10-20T12:36:00Z,8:30 a.m. control morning,"1, 5",77791,1733623,0e60c1a51eb00b80e51ac93a16931ad8c321c572825340aeb00b58558fbd3e4f
GLBX.MDP3-mbp-1-51e03abff6690af8.dbn.zst,mbp-1,2020-10-29T17:55:00Z,2020-10-29T18:06:00Z,2:00 p.m. control afternoon,1,211718,4726609,ab9c6d7ac678be08387a96f187e4353cb15917068f9b3640066c4695af1049e2
GLBX.MDP3-mbp-1-d84514e775658036.dbn.zst,mbp-1,2020-11-05T18:55:00Z,2020-11-05T19:40:00Z,FOMC statement and press conference,"1, 5",474605,10687055,33438e4358f61aa6e6cd10b948c19b7e4770e6f55e44917c83c013e6dbcadd33
GLBX.MDP3-mbp-1-b8a21ab67a013afd.dbn.zst,mbp-1,2020-11-06T13:25:00Z,2020-11-06T13:36:00Z,8:30 a.m. release,"1, 5, 8",129317,2823928,781422e4b13ac7811e96d7f1420d5cdd36fca85119498ca09c817df8b1d6ffcd
GLBX.MDP3-mbp-1-506a54de2aab8b4c.dbn.zst,mbp-1,2020-11-12T13:25:00Z,2020-11-12T13:36:00Z,8:30 a.m. release,"1, 5, 8",70726,1535021,954f36ce92e948fc121a6c723821175a6de481b2ec6381900859a6ef4b54742f
GLBX.MDP3-mbp-1-106b56f5e645c555.dbn.zst,mbp-1,2020-11-13T13:25:00Z,2020-11-13T13:36:00Z,8:30 a.m. release,"1, 5, 8",37830,839780,ddb46202a9417f272c576f3f0c95e43cc2bcb8384adfb3e788df4ab0001b43d2
GLBX.MDP3-mbp-1-b8841ac025b3e92e.dbn.zst,mbp-1,2020-11-19T18:55:00Z,2020-11-19T19:06:00Z,2:00 p.m. control afternoon,1,76129,1695142,99380d813070cb9f95667cfbcd7a9cf5e7f41fb432407ad18265197245a81638
GLBX.MDP3-mbp-1-097931af46006361.dbn.zst,mbp-1,2020-12-04T13:25:00Z,2020-12-04T13:36:00Z,8:30 a.m. release,"1, 5, 8",111266,2415699,b0c7196d563cea2de36c2fb04fe3db6c55eabab6345cbef127eae3cf49dffac3
GLBX.MDP3-mbp-1-b7eb7639ef520324.dbn.zst,mbp-1,2020-12-09T18:55:00Z,2020-12-09T19:06:00Z,2:00 p.m. control afternoon,1,417811,9296119,530031a66d91e76dac542e232c7fa282112d77a948005a22db7af87310c32cce
GLBX.MDP3-mbp-1-32f802ebc325a047.dbn.zst,mbp-1,2020-12-10T13:25:00Z,2020-12-10T13:36:00Z,8:30 a.m. release,"1, 5, 8",73637,1607255,378586582ce469a2f106d7a68d8a3ec73d9e80c4512fa327fc71cda2a5edcd0f
GLBX.MDP3-mbp-1-d1ffd41c053bc65c.dbn.zst,mbp-1,2020-12-11T13:25:00Z,2020-12-11T13:36:00Z,8:30 a.m. release,"1, 5, 8",44636,970136,fa38b7b142fd63deb9cf6221dc0f9eb93374a591c0f127b98ab89fdd776de29a
GLBX.MDP3-mbp-1-60a50e72df297a45.dbn.zst,mbp-1,2020-12-16T18:55:00Z,2020-12-16T19:40:00Z,FOMC statement and press conference,"1, 5",936604,20599658,45ee19bfd95a2cb249b9fd3a66806c83aeef98ed865812eaca50c908a55716e1
GLBX.MDP3-mbp-1-8b38bf2e3da82c5f.dbn.zst,mbp-1,2020-12-23T18:55:00Z,2020-12-23T19:06:00Z,2:00 p.m. control afternoon,1,88856,1975610,e9e8e25eae8938413b36be6e79c1aa408fbbd299c1147a0d4a1f4d1e376a498b
GLBX.MDP3-mbp-1-a45030dd1712aede.dbn.zst,mbp-1,2021-01-08T13:25:00Z,2021-01-08T13:36:00Z,8:30 a.m. release,"1, 5, 8",120594,2622565,b14fb847fc040c8cf06caff4379c5ec1ca221a4fcb6eb53ddaef8d5ace1c772d
GLBX.MDP3-mbp-1-472080da1efed74e.dbn.zst,mbp-1,2021-01-13T13:25:00Z,2021-01-13T13:36:00Z,8:30 a.m. release,"1, 5, 8",58701,1298431,27f66de364d712f9b80830b6925bba75759096af94ae5925a60d00cf04f88f88
GLBX.MDP3-mbp-1-bb132c5ddec8ec24.dbn.zst,mbp-1,2021-01-15T13:25:00Z,2021-01-15T13:36:00Z,8:30 a.m. release,"1, 5, 8",76567,1670504,3453df4b03196ac444bc5711e7c6159fdd8481cc56383c5373f65e68534f4f01
GLBX.MDP3-mbp-1-5bff5a49689721d7.dbn.zst,mbp-1,2021-01-20T13:25:00Z,2021-01-20T13:36:00Z,8:30 a.m. control morning,"1, 5",43226,959269,3865ae3b0c741c3a60de1745ccec0ae9b1880fad9980d8590aae388b6fcc1b5d
GLBX.MDP3-mbp-1-6e15fe1d464b48e6.dbn.zst,mbp-1,2021-01-20T18:55:00Z,2021-01-20T19:06:00Z,2:00 p.m. control afternoon,1,89892,2019710,0e2bed8e0de0911f6062c1659bcb555658bdf4717f4b350e4791b2ade943edef
GLBX.MDP3-mbp-1-a49e6ac1f24c66fe.dbn.zst,mbp-1,2021-01-27T18:55:00Z,2021-01-27T19:40:00Z,FOMC statement and press conference,"1, 5",1209582,27304022,c28cce48724f3024274996a78e7f0ab474ba095c26767d0dfa4e9ec4e6d3806e
GLBX.MDP3-mbp-1-c3153012e549f647.dbn.zst,mbp-1,2021-02-03T13:25:00Z,2021-02-03T13:36:00Z,8:30 a.m. control morning,"1, 5",64083,1403046,85580ab30c64385ee4b600532e073893a36f97d0337c0f4c8558e99a5fc7269a
GLBX.MDP3-mbp-1-ede0bbe28a642e75.dbn.zst,mbp-1,2021-02-03T18:55:00Z,2021-02-03T19:06:00Z,2:00 p.m. control afternoon,1,122779,2756115,6f9d3482407dd8bc2f506d9bede1b201e2d3e7fb7eb46f2f93fd6ba0d0c2b350
GLBX.MDP3-mbp-1-ae90839fcdcb3feb.dbn.zst,mbp-1,2021-02-05T13:25:00Z,2021-02-05T13:36:00Z,8:30 a.m. release,"1, 5, 8",116675,2561096,fc994212a38787eec86a542b6a5ef4c8fd2bb163f0fd9a2c31cd7a5ca17481bc
GLBX.MDP3-mbp-1-b6c3795251efd42e.dbn.zst,mbp-1,2021-02-10T13:25:00Z,2021-02-10T13:36:00Z,8:30 a.m. release,"1, 5, 8",146567,3212826,7f57b66e33ed2e98883faa925f7c0e4bd051b679c3832401259c9e91ccc7a086
GLBX.MDP3-mbp-1-48f388af0e45338f.dbn.zst,mbp-1,2021-02-17T13:25:00Z,2021-02-17T13:36:00Z,8:30 a.m. release,"1, 5, 8",163582,3565017,155ac8b45610effeb7c7c82e6aa8a43576cac84d1e7e54c2d5f5959b876f4810
GLBX.MDP3-mbp-1-4e278ce95c22a78b.dbn.zst,mbp-1,2021-03-05T13:25:00Z,2021-03-05T13:36:00Z,8:30 a.m. release,"1, 5, 8",327332,7266155,729df52fe666234e509171135f0328b1c5d38f4c7a3b24488a5f80a5deeb9c9f
GLBX.MDP3-mbp-1-c27c42f2cdd98af9.dbn.zst,mbp-1,2021-03-10T13:25:00Z,2021-03-10T13:36:00Z,8:30 a.m. release,"1, 5, 8",215472,4825564,2264116c99068bb2ac15be3e900aed0125e56155308f08105a34fd58c41b5f80
GLBX.MDP3-mbp-1-4220abd94ab66ecb.dbn.zst,mbp-1,2021-03-12T13:25:00Z,2021-03-12T13:36:00Z,8:30 a.m. release,"1, 5, 8",46039,1027476,b19ec033c56e331b050a1e1107683ed299565e4df6ba3c6fd82f83e03cde9dde
GLBX.MDP3-mbp-1-779391a1689133ae.dbn.zst,mbp-1,2021-03-17T12:25:00Z,2021-03-17T12:36:00Z,8:30 a.m. control morning,"1, 5",106999,2398195,136be78740e2e29e51c6e59aea09321da46c5bd345ce7eb55de2211f668267f9
GLBX.MDP3-mbp-1-e1153ef7faa472ef.dbn.zst,mbp-1,2021-03-17T17:55:00Z,2021-03-17T18:40:00Z,FOMC statement and press conference,"1, 5",2173964,49145918,07932c8380c93f3cc0acda59de34e8578e46b386de4f4883c9d7838155aebbd6
GLBX.MDP3-mbp-1-53056ad6021afaa5.dbn.zst,mbp-1,2021-03-24T17:55:00Z,2021-03-24T18:06:00Z,2:00 p.m. control afternoon,1,318688,7155362,de5e4bf88ccfbfbe0c6a561332e7005c76e8b3f800cb1a9ee2ded34b85588464
GLBX.MDP3-mbp-1-6d0beef824496d69.dbn.zst,mbp-1,2021-04-02T12:25:00Z,2021-04-02T12:36:00Z,8:30 a.m. release,"1, 5, 8",69540,1568639,5358d140b5572c893fb4c4977910684395dd8c64f26aff953bcbc4d52f2cf057
GLBX.MDP3-mbp-1-5a00474700633276.dbn.zst,mbp-1,2021-04-09T12:25:00Z,2021-04-09T12:36:00Z,8:30 a.m. release,"1, 5, 8",67598,1533127,abf8bdbb866fb4fe989d09472909348036c3cc58da9c55f97b9a0d33822498c6
GLBX.MDP3-mbp-1-67c5fb86c6acecef.dbn.zst,mbp-1,2021-04-13T12:25:00Z,2021-04-13T12:36:00Z,8:30 a.m. release,"1, 5, 8",151922,3422394,0cf808ac7531cf0c1601449ae2284ea796707d67f0d0dd76f9aac0ac6269b84b
GLBX.MDP3-mbp-1-9a15ec609140aaaf.dbn.zst,mbp-1,2021-04-20T12:25:00Z,2021-04-20T12:36:00Z,8:30 a.m. control morning,"1, 5",75592,1689280,3e97208cb4ebdccfa41c8126c4748afe8fabadeebaf9f927c003e81e082572d9
GLBX.MDP3-mbp-1-74ddebe6e29e9c7c.dbn.zst,mbp-1,2021-04-21T17:55:00Z,2021-04-21T18:06:00Z,2:00 p.m. control afternoon,1,143568,3167899,3bb222521b5502652e982f74ae5a2d28b0a2de01f1e73caaf960a7a9f674135f
GLBX.MDP3-mbp-1-3c17495746d4bf0e.dbn.zst,mbp-1,2021-04-28T17:55:00Z,2021-04-28T18:40:00Z,FOMC statement and press conference,"1, 5",1128290,25387085,96bd09130781d5182f6719f89784b574daecfbb89b38dd29c64f975891ed97c4
GLBX.MDP3-mbp-1-0afaa2801422be68.dbn.zst,mbp-1,2021-05-05T17:55:00Z,2021-05-05T18:06:00Z,2:00 p.m. control afternoon,1,151930,3414849,4551e9f09421c02d237f5258e5fbdb8a490cee9410b279b0539b167725da6a62
GLBX.MDP3-mbp-1-b90089f995a4c3db.dbn.zst,mbp-1,2021-05-07T12:25:00Z,2021-05-07T12:36:00Z,8:30 a.m. release,"1, 5, 8",365125,8076423,7a62bca8fc17091dc8b89566330acc832c0c78768cbf5e969f5d14c5c9f678a1
GLBX.MDP3-mbp-1-f976a91ace5e625e.dbn.zst,mbp-1,2021-05-12T12:25:00Z,2021-05-12T12:36:00Z,8:30 a.m. release,"1, 5, 8",322465,7095213,c38ccc59cc884baf82750b1a4e727df007367b703940ab2ef4b4acfc705f88e4
GLBX.MDP3-mbp-1-15c1e0660c047c4f.dbn.zst,mbp-1,2021-05-13T12:25:00Z,2021-05-13T12:36:00Z,8:30 a.m. release,"1, 5, 8",140868,3182328,f7b17c63dfd4912dda057fd7d6c756213b39d5b7c929376de60d761d8be9a749
GLBX.MDP3-mbp-1-d423f3eca143c17b.dbn.zst,mbp-1,2021-05-19T12:25:00Z,2021-05-19T12:36:00Z,8:30 a.m. control morning,"1, 5",70193,1601515,87281476203ce0286e1cf1f9d9bbc91d725596802f63f72980b991c7bcad17bb
GLBX.MDP3-mbp-1-251ad0c139534d66.dbn.zst,mbp-1,2021-06-04T12:25:00Z,2021-06-04T12:36:00Z,8:30 a.m. release,"1, 5, 8",213680,4801680,e6820a513ff90ee1e2ab5e4e45e018c066e081cb5ea609d9cfdb3a8bd0ca52bb
GLBX.MDP3-mbp-1-ee1ec9bed81ec84b.dbn.zst,mbp-1,2021-06-09T17:55:00Z,2021-06-09T18:06:00Z,2:00 p.m. control afternoon,1,98508,2209884,4c1a3c8e4fe50361ab7a89a5952f53ddc6c848ea996bc968327c121a8134c027
GLBX.MDP3-mbp-1-b5193bbc8bb75504.dbn.zst,mbp-1,2021-06-10T12:25:00Z,2021-06-10T12:36:00Z,8:30 a.m. release,"1, 5, 8",278262,6187073,0c34a5c37f898097bfa0606cfc8afcf7ef10fb22e600055d69a9e81e6ac954fa
GLBX.MDP3-mbp-1-68573d2c05034868.dbn.zst,mbp-1,2021-06-15T12:25:00Z,2021-06-15T12:36:00Z,8:30 a.m. release,"1, 5, 8",107923,2410589,0e52016b8afd50f5dde2fb596ad843deaf43f8470ea6f8f0fe3d620c1fa1ca59
GLBX.MDP3-mbp-1-66a6e5fca3035cda.dbn.zst,mbp-1,2021-06-16T17:55:00Z,2021-06-16T18:40:00Z,FOMC statement and press conference,"1, 5",2527353,57009625,32f61211a1ecbde7b65688ce31df8cfc9b7c37f3eefd076506ec0bf0dcba6273
GLBX.MDP3-mbp-1-2c6542099ef8b441.dbn.zst,mbp-1,2021-06-23T17:55:00Z,2021-06-23T18:06:00Z,2:00 p.m. control afternoon,1,87676,1959505,7733c1b2e65fe846206f97c43f6f8757b017bc732d2e8d6b718bf6f9c891d5a1
GLBX.MDP3-mbp-1-7ac6cd1a12d601b9.dbn.zst,mbp-1,2021-07-02T12:25:00Z,2021-07-02T12:36:00Z,8:30 a.m. release,"1, 5, 8",207179,4646518,5ab5b2ae4a1c3e239decd97f973f89572fde1d928bd2093e8c1dae9a40e18b91
GLBX.MDP3-mbp-1-55218e9be1547269.dbn.zst,mbp-1,2021-07-13T12:25:00Z,2021-07-13T12:36:00Z,8:30 a.m. release,"1, 5, 8",267903,5829129,43e655059a2e05e9200868215285d2f436e917d06cfc4a56529629b5a64a673b
GLBX.MDP3-mbp-1-305ac3dcce9b02e0.dbn.zst,mbp-1,2021-07-14T12:25:00Z,2021-07-14T12:36:00Z,8:30 a.m. release,"1, 5, 8",139842,3083326,f358caa6578170152fc1fe092d340ffe6b908b11939652fd8814b1f00269f9ea
GLBX.MDP3-mbp-1-ce4f763d859abccf.dbn.zst,mbp-1,2021-07-20T12:25:00Z,2021-07-20T12:36:00Z,8:30 a.m. control morning,"1, 5",117402,2574776,17e49973cd9039f5a9891b230197395c8fcb6d23ae07e8d5b8efc92b64dec7b5
GLBX.MDP3-mbp-1-e8f6284fd87bf739.dbn.zst,mbp-1,2021-07-21T17:55:00Z,2021-07-21T18:06:00Z,2:00 p.m. control afternoon,1,102344,2288624,f8a6eaca904f36545eb9bd7718fed8547e87b7cf789017afde6adb561ca0783a
GLBX.MDP3-mbp-1-380267cbb888b323.dbn.zst,mbp-1,2021-07-28T17:55:00Z,2021-07-28T18:40:00Z,FOMC statement and press conference,"1, 5",1254531,28191901,b047a0e91f00c9229c53e7732311849b0628353647f86e4937214cb26426d237
GLBX.MDP3-mbp-1-844cd04fd40bbd76.dbn.zst,mbp-1,2021-08-04T17:55:00Z,2021-08-04T18:06:00Z,2:00 p.m. control afternoon,1,120142,2683890,5ee7b0eacf066487056aa21fd71f7ed3996ad63f593e17fa425fa270b79a1b97
GLBX.MDP3-mbp-1-907a5a44c88fb482.dbn.zst,mbp-1,2021-08-06T12:25:00Z,2021-08-06T12:36:00Z,8:30 a.m. release,"1, 5, 8",189229,4189144,bb5b71580d8301301bcfb9117e43d9f2a293fa5d64dbad8b4dcf3cffb2505117
GLBX.MDP3-mbp-1-2d02360cf5d5c12c.dbn.zst,mbp-1,2021-08-11T12:25:00Z,2021-08-11T12:36:00Z,8:30 a.m. release,"1, 5, 8",207745,4543964,7f17c66370e179bba01e6ca88e1045cc3678985be1b131c74153bed4e5cfe021
GLBX.MDP3-mbp-1-1c20dddb2adc74d7.dbn.zst,mbp-1,2021-08-12T12:25:00Z,2021-08-12T12:36:00Z,8:30 a.m. release,"1, 5, 8",83558,1838560,9e03d11ee041a822859d36d3acffff524072a16606d89d00560025a89c244e77
GLBX.MDP3-mbp-1-90470382637cc12f.dbn.zst,mbp-1,2021-08-18T12:25:00Z,2021-08-18T12:36:00Z,8:30 a.m. control morning,"1, 5",55691,1224666,29c110ae351ece5a429edf04ad373bc98c6bd245328fc54976d66586d82e8bca
GLBX.MDP3-mbp-1-762a907c7db2ded8.dbn.zst,mbp-1,2021-09-03T12:25:00Z,2021-09-03T12:36:00Z,8:30 a.m. release,"1, 5, 8",219698,4834089,b2fedd22ef2f776f139de063ff70b3234c373f4326fabf5284b28fb7e7d87c65
GLBX.MDP3-mbp-1-5e168c5b3121381d.dbn.zst,mbp-1,2021-09-10T12:25:00Z,2021-09-10T12:36:00Z,8:30 a.m. release,"1, 5, 8",53555,1182889,115532a6918c91898d59dc7f4ab5f61ad4677dae10951375db000d747731279f
GLBX.MDP3-mbp-1-9aa3e0f28495d50f.dbn.zst,mbp-1,2021-09-14T12:25:00Z,2021-09-14T12:36:00Z,8:30 a.m. release,"1, 5, 8",220611,4809518,50d6c30359d4c54342442ec072c8a6044fb1d78df0a723d6c1934c6e3eb3a91c
GLBX.MDP3-mbp-1-330770e81af1191a.dbn.zst,mbp-1,2021-09-15T17:55:00Z,2021-09-15T18:06:00Z,2:00 p.m. control afternoon,1,157559,3503201,701188ad8f819211b636188d8c5b7b4530b54e99735e4828a82383073e9da1af
GLBX.MDP3-mbp-1-ca30edda6e9d3760.dbn.zst,mbp-1,2021-09-21T12:25:00Z,2021-09-21T12:36:00Z,8:30 a.m. control morning,"1, 5",81482,1837995,a3ff9138f4cf4a81cc4a6eee981ec9c51033cb05b3dd177ec50855500d7dc6a6
GLBX.MDP3-mbp-1-21a30644402a92be.dbn.zst,mbp-1,2021-09-22T17:55:00Z,2021-09-22T18:40:00Z,FOMC statement and press conference,"1, 5",1740585,38884506,f9f29ca9ac8c0086c80acd90b95a8d2d43966bc8efdc661c209725b86c70e46b
GLBX.MDP3-mbp-1-0369402df9f55aad.dbn.zst,mbp-1,2021-09-29T17:55:00Z,2021-09-29T18:06:00Z,2:00 p.m. control afternoon,1,186018,4210426,84fdace6cd4a8a839e8bf6ddacec61a1778e8a8a9e977dcaf727748af71ef190
GLBX.MDP3-mbp-1-10c7e3e0b387ca0b.dbn.zst,mbp-1,2021-10-08T12:25:00Z,2021-10-08T12:36:00Z,8:30 a.m. release,"1, 5, 8",243689,5460778,b5dc4093d20ea64e72e791be67342970c8282818ed44e5ce22f28f06500d5a67
GLBX.MDP3-mbp-1-6d712636412b5d22.dbn.zst,mbp-1,2021-10-13T12:25:00Z,2021-10-13T12:36:00Z,8:30 a.m. release,"1, 5, 8",192596,4305325,f41cc96f4eba8662cdc51b9f18c2973b13a006d380ad8264a80b97e5fdd34891
GLBX.MDP3-mbp-1-5c9a4ae7080ec5e9.dbn.zst,mbp-1,2021-10-14T12:25:00Z,2021-10-14T12:36:00Z,8:30 a.m. release,"1, 5, 8",113752,2528532,e4108799438067f2f6a86baa170699c6458264ebdfb12911cd37f2e44bb30408
GLBX.MDP3-mbp-1-2d049a6cc2bf58b4.dbn.zst,mbp-1,2021-10-20T12:25:00Z,2021-10-20T12:36:00Z,8:30 a.m. control morning,"1, 5",63762,1400185,5def918e19a95272ba60c26b3663f811e480a09a7b705e76ac8e0ebb52788d71
GLBX.MDP3-mbp-1-2431f2a4b916a49b.dbn.zst,mbp-1,2021-10-27T17:55:00Z,2021-10-27T18:06:00Z,2:00 p.m. control afternoon,1,140255,3147345,393ac0e8240c1a0214988dea254a2a53c593ac6e330bdece7983bb9bff6e69a0
GLBX.MDP3-mbp-1-9b41a4dec34a0746.dbn.zst,mbp-1,2021-11-03T17:55:00Z,2021-11-03T18:40:00Z,FOMC statement and press conference,"1, 5",1509144,33403854,751b35bf840dfdefc542e913f2e85b0e27eb1a222a80a55713e9ac5c91997c72
GLBX.MDP3-mbp-1-e9464ec89b99201a.dbn.zst,mbp-1,2021-11-05T12:25:00Z,2021-11-05T12:36:00Z,8:30 a.m. release,"1, 5, 8",142741,3189683,9274faee082d647712ef96cf373727010baba1a97839a43694d25c18195825b3
GLBX.MDP3-mbp-1-5b2f1ea24f1eff91.dbn.zst,mbp-1,2021-11-09T13:25:00Z,2021-11-09T13:36:00Z,8:30 a.m. release,"1, 5, 8",78025,1719701,79b230ded77421cca0c6374a8d344b54d40d3c539a90a1a31e41a91d56f51c0c
GLBX.MDP3-mbp-1-da9ea1c5e7b8b8d6.dbn.zst,mbp-1,2021-11-10T13:25:00Z,2021-11-10T13:36:00Z,8:30 a.m. release,"1, 5, 8",197869,4425747,a2c065b39337149ff6f0661387ee04559a2d82b87639835962b66f9dba0ab197
GLBX.MDP3-mbp-1-201d50c2cfbe153d.dbn.zst,mbp-1,2021-11-17T13:25:00Z,2021-11-17T13:36:00Z,8:30 a.m. control morning,"1, 5",47140,1042925,dd384efac25292a715e86300fb11d4fc57e58b725d2fab2224f81b365b34d85e
GLBX.MDP3-mbp-1-7ba3dd15f86fabcb.dbn.zst,mbp-1,2021-11-17T18:55:00Z,2021-11-17T19:06:00Z,2:00 p.m. control afternoon,1,155600,3500702,ea0305de039535bf8ad18c9e200df2a2a6c6f3af4d15826c3205788189ede441
GLBX.MDP3-mbp-1-c9a9d8b8cb6adfba.dbn.zst,mbp-1,2021-12-03T13:25:00Z,2021-12-03T13:36:00Z,8:30 a.m. release,"1, 5, 8",209444,4719393,7d5237e5d047350de981f81a1b559590236639701e96cda558999d7aa56c8540
GLBX.MDP3-mbp-1-4102c6ebebedde4b.dbn.zst,mbp-1,2021-12-08T18:55:00Z,2021-12-08T19:06:00Z,2:00 p.m. control afternoon,1,127207,2846350,34d834e317b3eedf03ba7fc96b0ddae9c4e7fd92bb52a58a757a3c5d9b3e0d06
GLBX.MDP3-mbp-1-d702b5db7ae4e86d.dbn.zst,mbp-1,2021-12-10T13:25:00Z,2021-12-10T13:36:00Z,8:30 a.m. release,"1, 5, 8",171747,3796308,cfa6dd77748ca1cffb00c515d800a8503554721e93551718be53027ff4c42949
GLBX.MDP3-mbp-1-a687a26d31f6175e.dbn.zst,mbp-1,2021-12-14T13:25:00Z,2021-12-14T13:36:00Z,8:30 a.m. release,"1, 5, 8",146926,3331045,a97e7b5e4163576f782e0c3c3e0c79ba47d8f422c875d1e92982f2471038763d
GLBX.MDP3-mbp-1-1763c0a710786e24.dbn.zst,mbp-1,2021-12-15T18:55:00Z,2021-12-15T19:40:00Z,FOMC statement and press conference,"1, 5",2355089,52799687,555f6974dd5d8f153d8d01e5fd2a29e8e242d05b475e77951ae85f8c8a420a7d
GLBX.MDP3-mbp-1-ecd6b0591cfadc23.dbn.zst,mbp-1,2021-12-17T13:25:00Z,2021-12-17T13:36:00Z,8:30 a.m. control morning,"1, 5",102341,2279408,8e4ab3b54dbdbe35c92d6bb799d124712c2fe1c0e06df2736fe90fbf3393413d
GLBX.MDP3-mbp-1-221f60f40351a632.dbn.zst,mbp-1,2021-12-22T18:55:00Z,2021-12-22T19:06:00Z,2:00 p.m. control afternoon,1,194622,4470768,07bcb418c503ce12fbe4c08d2e7f79d12399316def9cc0ddc7369d21af785d07
GLBX.MDP3-mbp-1-e01f66d78c0938a6.dbn.zst,mbp-1,2022-01-07T13:25:00Z,2022-01-07T13:36:00Z,8:30 a.m. release,"1, 5, 8",238364,5287076,833cf009afb9987a88c3304789b419e12fd2ce517799860a3cf54e49b070c0c7
GLBX.MDP3-mbp-1-a531d8dfa7fda26a.dbn.zst,mbp-1,2022-01-12T13:25:00Z,2022-01-12T13:36:00Z,8:30 a.m. release,"1, 5, 8",238884,5352062,3c849d4a2d28e352445a7b724d561c56a19dac6d9c9c89a6af0289dfbbae50d7
GLBX.MDP3-mbp-1-0695f319012018fc.dbn.zst,mbp-1,2022-01-13T13:25:00Z,2022-01-13T13:36:00Z,8:30 a.m. release,"1, 5, 8",109491,2470450,f34a84f10e7b906ec3e79909ecc96de086833d127905ce8b1d1e52d576ab947c
GLBX.MDP3-mbp-1-aa7d0fccc4a7c250.dbn.zst,mbp-1,2022-01-19T13:25:00Z,2022-01-19T13:36:00Z,8:30 a.m. control morning,"1, 5",100983,2232443,d39d3631b960b122b0a460ce56cf8fda72f00cf4396e8bc208f066c019ac7e3a
GLBX.MDP3-mbp-1-9d671a5833b46eff.dbn.zst,mbp-1,2022-01-19T18:55:00Z,2022-01-19T19:06:00Z,2:00 p.m. control afternoon,1,364760,8246711,fc804f0aaa9e7d635945cf89caa8d806af9ce6f31ef87f9fb6a6564455061c3a
GLBX.MDP3-mbp-1-5795c919a75a9c20.dbn.zst,mbp-1,2022-01-26T18:55:00Z,2022-01-26T19:40:00Z,FOMC statement and press conference,"1, 5",2538422,56647304,9456470bb41f74c7ec74cc7b1ff3ed7d2a99a69870f8c04acc0e78cccf012c1c
GLBX.MDP3-mbp-1-1204d218ab472f79.dbn.zst,mbp-1,2022-02-02T18:55:00Z,2022-02-02T19:06:00Z,2:00 p.m. control afternoon,1,154030,3532267,7efd14d5152a4d564f5f477434e08b22edc63d636f6a1145ac50247c8230c8d8
GLBX.MDP3-mbp-1-8428d17142d2ca06.dbn.zst,mbp-1,2022-02-04T13:25:00Z,2022-02-04T13:36:00Z,8:30 a.m. release,"1, 5, 8",285207,6390626,a4b20aae8a7f38b52b43df9e0b15941f8d2172bce89764c11ee8397d277c1990
GLBX.MDP3-mbp-1-d69975b1261ea2ed.dbn.zst,mbp-1,2022-02-10T13:25:00Z,2022-02-10T13:36:00Z,8:30 a.m. release,"1, 5, 8",361232,8010921,469a58af1433a9a0d02988603e392d9c13b29bec99309fcfceb9a3efea11e6bc
GLBX.MDP3-mbp-1-b6bda8799d3b8ee9.dbn.zst,mbp-1,2022-02-15T13:25:00Z,2022-02-15T13:36:00Z,8:30 a.m. release,"1, 5, 8",141257,3213364,9990bc87a771a392e3469f88207eb5721fb882d21d84a4b8193b57f937264eff
GLBX.MDP3-mbp-1-a65bc7c5efc0b1b5.dbn.zst,mbp-1,2022-03-04T13:25:00Z,2022-03-04T13:36:00Z,8:30 a.m. release,"1, 5, 8",166042,3768730,a2df5ff917dcf5e913de0fdd48eedd64a4c810ebac534e44e390ca23169e86e8
GLBX.MDP3-mbp-1-ccfafe45407bdf47.dbn.zst,mbp-1,2022-03-09T18:55:00Z,2022-03-09T19:06:00Z,2:00 p.m. control afternoon,1,190269,4402755,7edd48225eb2d991427ccb7a5230e3ca347cde0ccdb166e5c295e603c32803b7
GLBX.MDP3-mbp-1-38d375ecc40b0fb7.dbn.zst,mbp-1,2022-03-10T13:25:00Z,2022-03-10T13:36:00Z,8:30 a.m. release,"1, 5, 8",169425,3837040,875e3d3b4dc53d8dcc281996c8e71870417009c16a402e3d1be469c8448a1beb
GLBX.MDP3-mbp-1-c402acfae698a164.dbn.zst,mbp-1,2022-03-15T12:25:00Z,2022-03-15T12:36:00Z,8:30 a.m. release,"1, 5, 8",105947,2332624,26b7508eae7a1423dfe0750e383745f8ad838da01e16704ce17057fffa935551
GLBX.MDP3-mbp-1-15208a75a98e1a33.dbn.zst,mbp-1,2022-03-16T17:55:00Z,2022-03-16T18:40:00Z,FOMC statement and press conference,"1, 5",2134448,48705621,0cc207ccd688a0323110e28827cfb4593942cf2b7625ca2ef2154a5d71ffcd7d
GLBX.MDP3-mbp-1-5362401e45a5ca09.dbn.zst,mbp-1,2022-03-23T17:55:00Z,2022-03-23T18:06:00Z,2:00 p.m. control afternoon,1,221094,5016275,8dfdda8f58a3f2381c8f35f4a64e54a2546dd381651158d8cbbcde1125473c66
GLBX.MDP3-mbp-1-f7ecbf86f1a77772.dbn.zst,mbp-1,2022-04-01T12:25:00Z,2022-04-01T12:36:00Z,8:30 a.m. release,"1, 5, 8",112480,2541804,26a7939813a88713c8266d6af52b52f1720fc7607c58b6cb3c1d16ca25debd0d
GLBX.MDP3-mbp-1-64ca660cf5817ec2.dbn.zst,mbp-1,2022-04-12T12:25:00Z,2022-04-12T12:36:00Z,8:30 a.m. release,"1, 5, 8",332508,7303257,0a02f1d418684736ebc7d0b4ef380b601b7592ed9516f80100fd3a94d1033ee5
GLBX.MDP3-mbp-1-ae3a713e8ce7e15b.dbn.zst,mbp-1,2022-04-13T12:25:00Z,2022-04-13T12:36:00Z,8:30 a.m. release,"1, 5, 8",150510,3418707,87506c0961ab13641e7f5858900e6109bffde8de6d5f78b9d29d9b8d6a66ead2
GLBX.MDP3-mbp-1-d258eb9d86b6cd17.dbn.zst,mbp-1,2022-04-19T12:25:00Z,2022-04-19T12:36:00Z,8:30 a.m. control morning,"1, 5",80244,1802131,a7777900134116a1832e3df178b5a07229c6b3c6824edfa19503660d406f0b00
GLBX.MDP3-mbp-1-25cefd129d28177a.dbn.zst,mbp-1,2022-04-27T17:55:00Z,2022-04-27T18:06:00Z,2:00 p.m. control afternoon,1,267892,6234768,9d0410e61afe9505198ddd49ae8264952f6901227fe7da0bcebeaf0e815022db
GLBX.MDP3-mbp-1-fe7c8ef19c18fa15.dbn.zst,mbp-1,2022-05-04T17:55:00Z,2022-05-04T18:40:00Z,FOMC statement and press conference,"1, 5",3897311,88774343,18f0ec7b9f294ebac0ce92ae0beaa14199484a71d0b2de7d858a6d6046276e90
GLBX.MDP3-mbp-1-2abce49e6bc329d9.dbn.zst,mbp-1,2022-05-06T12:25:00Z,2022-05-06T12:36:00Z,8:30 a.m. release,"1, 5, 8",210478,4773792,5e1225b28737f4c59c939f5b52d85c693b0d951f6dbc21db614a41b8452127c5
GLBX.MDP3-mbp-1-e594f2d9206db1cd.dbn.zst,mbp-1,2022-05-11T12:25:00Z,2022-05-11T12:36:00Z,8:30 a.m. release,"1, 5, 8",390226,8595845,15ca8acf8e5bfeb7047e60c740405e0af40f670fd2c63f1dceb42c6fc5deec54
GLBX.MDP3-mbp-1-8457bc790e9f6496.dbn.zst,mbp-1,2022-05-12T12:25:00Z,2022-05-12T12:36:00Z,8:30 a.m. release,"1, 5, 8",150350,3355981,82b11f9927ab3b1224d7e696d47adb2b638dd7fe20a379bb47e6421a80e26a36
GLBX.MDP3-mbp-1-da6f18c628f28498.dbn.zst,mbp-1,2022-05-18T12:25:00Z,2022-05-18T12:36:00Z,8:30 a.m. control morning,"1, 5",78879,1750592,38d277794f46c4c955b7188a57bfa3302288a90f83c5d3c45d08858da442ade0
GLBX.MDP3-mbp-1-8fbf9c03ce034374.dbn.zst,mbp-1,2022-05-18T17:55:00Z,2022-05-18T18:06:00Z,2:00 p.m. control afternoon,1,322497,7228964,bfd77e06ede461eb6fe9d1c94ac30058466c2b6eaf60afb9a2f909b03a3bb356
GLBX.MDP3-mbp-1-591c7b42fe05043e.dbn.zst,mbp-1,2022-06-03T12:25:00Z,2022-06-03T12:36:00Z,8:30 a.m. release,"1, 5, 8",230168,5204898,97b4a134e3a54e50485df400faafd3863bfed7562c0b9938573ed0b9e2be1878
GLBX.MDP3-mbp-1-b024ca8be20dc08f.dbn.zst,mbp-1,2022-06-08T17:55:00Z,2022-06-08T18:06:00Z,2:00 p.m. control afternoon,1,241877,5435224,c8a47f12f60e6de1e629084adf9988ca4273ceb9cd8aaf15f6324f9636a1cc7f
GLBX.MDP3-mbp-1-a10f7ab0bf73fea5.dbn.zst,mbp-1,2022-06-10T12:25:00Z,2022-06-10T12:36:00Z,8:30 a.m. release,"1, 5, 8",369753,8058043,985b4e7b883f601c0662d787154262d02ae2dccf1d04f8ea93743057ea42026d
GLBX.MDP3-mbp-1-9c8361d599db0fad.dbn.zst,mbp-1,2022-06-14T12:25:00Z,2022-06-14T12:36:00Z,8:30 a.m. release,"1, 5, 8",126642,2884193,49bec2f554dfd7cb89b3f36d2f270bc98c9ca1484e20b0a7834718b85e82daa0
GLBX.MDP3-mbp-1-9323234f2e663c5f.dbn.zst,mbp-1,2022-06-15T17:55:00Z,2022-06-15T18:40:00Z,FOMC statement and press conference,"1, 5",2930327,66821549,e86312928a553f08ebbf058c0f1b838d9d3ccbd6316f456cae00a761a58ba96f
GLBX.MDP3-mbp-1-0745d7d63975ba4d.dbn.zst,mbp-1,2022-06-17T12:25:00Z,2022-06-17T12:36:00Z,8:30 a.m. control morning,"1, 5",81455,1817437,377f093b67a2669d3752b6cd81a9947e4a2c7b942f1bf9fe8ff9551ee7f48faa
GLBX.MDP3-mbp-1-4b50c4d9eb18915d.dbn.zst,mbp-1,2022-06-22T17:55:00Z,2022-06-22T18:06:00Z,2:00 p.m. control afternoon,1,197863,4438896,e2cefffd1cfac503b671b4cff26abb7ea186ab6fb15b05571f9cf5004464803d
GLBX.MDP3-mbp-1-ee8cca354460d5fb.dbn.zst,mbp-1,2022-07-08T12:25:00Z,2022-07-08T12:36:00Z,8:30 a.m. release,"1, 5, 8",263453,5929676,cd4cbbb92e488d39a8788831223f42050087e35aac16af185bc10b09cba76e0a
GLBX.MDP3-mbp-1-5a40426804a15832.dbn.zst,mbp-1,2022-07-13T12:25:00Z,2022-07-13T12:36:00Z,8:30 a.m. release,"1, 5, 8",512044,11234909,44cadc1d37a148f49ebf0a621d3f434e56586d1e907b3c6b25de3f1159ccb1d2
GLBX.MDP3-mbp-1-b488a28a8a85d6e2.dbn.zst,mbp-1,2022-07-14T12:25:00Z,2022-07-14T12:36:00Z,8:30 a.m. release,"1, 5, 8",173587,3916949,0a5f8c4b77d0ff49b18327314065c4b310e100f49aa78152c6f9ca255cf73666
GLBX.MDP3-mbp-1-64fa2f574d5586bc.dbn.zst,mbp-1,2022-07-20T12:25:00Z,2022-07-20T12:36:00Z,8:30 a.m. control morning,"1, 5",133145,2991953,0f9052d6a405daf02736f68efa84ef76abe44c5e3afc75dfebb53c4e3f06aca1
GLBX.MDP3-mbp-1-67a5e974249b3a27.dbn.zst,mbp-1,2022-07-20T17:55:00Z,2022-07-20T18:06:00Z,2:00 p.m. control afternoon,1,346002,7731716,4731404490cb301b83d03ec0b0e4cdf6c2cc14e769982f411194d0708520cf47
GLBX.MDP3-mbp-1-ef808ce94e2fb2fe.dbn.zst,mbp-1,2022-07-27T17:55:00Z,2022-07-27T18:40:00Z,FOMC statement and press conference,"1, 5",1833752,41235385,3bf02c155dff48637951567428f93cb663b2ad773554cb5bd1bc2f30badd3917
GLBX.MDP3-mbp-1-0612cc088fdace7f.dbn.zst,mbp-1,2022-08-03T17:55:00Z,2022-08-03T18:06:00Z,2:00 p.m. control afternoon,1,186437,4154505,92257ed44a73eb3eccc11a9ed3cf51307fc6affe12a2251ff059addc5d14c822
GLBX.MDP3-mbp-1-037be22bb19b1d48.dbn.zst,mbp-1,2022-08-05T12:25:00Z,2022-08-05T12:36:00Z,8:30 a.m. release,"1, 5, 8",333565,7518763,db41e119df512430a4e5c6e9d638224d63a798f0a5c6ec43b0d1afa11a58dd94
GLBX.MDP3-mbp-1-a963515a1626ba6d.dbn.zst,mbp-1,2022-08-10T12:25:00Z,2022-08-10T12:36:00Z,8:30 a.m. release,"1, 5, 8",449715,9891623,e83c02a2087059c6bfbb676405653d7093a44d9e0e176e2c4aedf5bd16878d1d
GLBX.MDP3-mbp-1-8375f1cb6e934815.dbn.zst,mbp-1,2022-08-11T12:25:00Z,2022-08-11T12:36:00Z,8:30 a.m. release,"1, 5, 8",164302,3690940,48e2799cc365cec15f7c15d3225e9b4d6a7b77f4089e3641a164311312e87003
GLBX.MDP3-mbp-1-f21bafaa99aab2cf.dbn.zst,mbp-1,2022-08-17T12:25:00Z,2022-08-17T12:36:00Z,8:30 a.m. control morning,"1, 5",142913,3209929,0d500f4c793655fac263aa4b4f5dc8c0ee3d6b1059c3d2961766727c5bcae122
GLBX.MDP3-mbp-1-a3f667b3512ae244.dbn.zst,mbp-1,2022-09-02T12:25:00Z,2022-09-02T12:36:00Z,8:30 a.m. release,"1, 5, 8",331348,7408337,f2070d226dc7704d6a92cd9c9c11187889a473ca1f1c29af1eff668688e1708c
GLBX.MDP3-mbp-1-937f4f3c061e51ef.dbn.zst,mbp-1,2022-09-13T12:25:00Z,2022-09-13T12:36:00Z,8:30 a.m. release,"1, 5, 8",344164,7828797,74abfde7c96c9f37e60f7aa7127e9bc34c01ffb54a5f6266a6c5df19e6b563ec
GLBX.MDP3-mbp-1-d13a192f424a42a0.dbn.zst,mbp-1,2022-09-14T12:25:00Z,2022-09-14T12:36:00Z,8:30 a.m. release,"1, 5, 8",185324,4208056,77ee84b2b2791ba2a3056ce63a9aef789ecfddb4dae4af2d4e7d70d309d94de2
GLBX.MDP3-mbp-1-0be0ceef53c35c60.dbn.zst,mbp-1,2022-09-14T17:55:00Z,2022-09-14T18:06:00Z,2:00 p.m. control afternoon,1,462624,10411144,c34505c15a3ff28559a731d26b932944c0c599d1a350d02233c35d6c86a48bd3
GLBX.MDP3-mbp-1-22c47288972ba917.dbn.zst,mbp-1,2022-09-20T12:25:00Z,2022-09-20T12:36:00Z,8:30 a.m. control morning,"1, 5",119239,2663200,9e6af4f1dfeab90e182f187adcbf8cee786acc02b556ac47b5a22bac3ce64adb
GLBX.MDP3-mbp-1-5a34e479019519a5.dbn.zst,mbp-1,2022-09-21T17:55:00Z,2022-09-21T18:40:00Z,FOMC statement and press conference,"1, 5",3971211,89193117,942f015fc78c6acb197d8617dd1b9789715a43f8c3901fceba8870ecc770df43
GLBX.MDP3-mbp-1-623ee68b84f61468.dbn.zst,mbp-1,2022-09-28T17:55:00Z,2022-09-28T18:06:00Z,2:00 p.m. control afternoon,1,267737,5997880,bb5928a128e7957ba797077b5be41b075a391597455a47ec8c9fdfa68f389e88
GLBX.MDP3-mbp-1-b99b08ed937d7afa.dbn.zst,mbp-1,2022-10-07T12:25:00Z,2022-10-07T12:36:00Z,8:30 a.m. release,"1, 5, 8",370488,8265942,01f40f948965d2c35e249a26709eccf78d09dcc411253f5b2c86f45e3786f0bc
GLBX.MDP3-mbp-1-25074302455be9da.dbn.zst,mbp-1,2022-10-12T12:25:00Z,2022-10-12T12:36:00Z,8:30 a.m. release,"1, 5, 8",301974,6840602,0e222649a0b0e10447074768a6b5dc736ad8c53e3aed3f71685058928b73c874
GLBX.MDP3-mbp-1-63d4a0ccb751e363.dbn.zst,mbp-1,2022-10-13T12:25:00Z,2022-10-13T12:36:00Z,8:30 a.m. release,"1, 5, 8",567184,12480494,34d02ad0f677abbe2af10d1996f184129f9ee7b0dcbbe1eea743022351e2ea6f
GLBX.MDP3-mbp-1-610518205430b0b9.dbn.zst,mbp-1,2022-10-26T17:55:00Z,2022-10-26T18:06:00Z,2:00 p.m. control afternoon,1,226972,5077062,fa979206311f6f7d7e9c3fb5e3f0a7a199b5c3477b03a7c30f82044fdd31c49b
GLBX.MDP3-mbp-1-956cc16cd049c06b.dbn.zst,mbp-1,2022-11-02T17:55:00Z,2022-11-02T18:40:00Z,FOMC statement and press conference,"1, 5",3368554,74896895,01d810d04e7dc1a457db002c5fd911d2ebcc2669de2c0bc9a51f3c27edd65b46
GLBX.MDP3-mbp-1-e37ca5c527280412.dbn.zst,mbp-1,2022-11-04T12:25:00Z,2022-11-04T12:36:00Z,8:30 a.m. release,"1, 5, 8",319436,7092638,5053197ecec9fda62595c678e27b08eaebd59b3dfe8ddb13552a4c344cae080a
GLBX.MDP3-mbp-1-ce2695464e63f0b3.dbn.zst,mbp-1,2022-11-09T18:55:00Z,2022-11-09T19:06:00Z,2:00 p.m. control afternoon,1,246210,5497963,8f2e8882438d2c0611743c3fc4f06340ce017efd2fce7800f2fa70244f2bb029
GLBX.MDP3-mbp-1-65a2884e32191e40.dbn.zst,mbp-1,2022-11-10T13:25:00Z,2022-11-10T13:36:00Z,8:30 a.m. release,"1, 5, 8",478919,10522400,abad6ace728677a563f7805cd8467c0900d101a2d1ed6b98093b5eb4f4021dc9
GLBX.MDP3-mbp-1-5f43de7df36770d1.dbn.zst,mbp-1,2022-11-15T13:25:00Z,2022-11-15T13:36:00Z,8:30 a.m. release,"1, 5, 8",371783,8425449,745ccd12cb0c52d4ada16282d34aa9f38c1a15dfd3a964ddb6afa8a2b2b7f146
GLBX.MDP3-mbp-1-5f5fc94465e34e65.dbn.zst,mbp-1,2022-12-02T13:25:00Z,2022-12-02T13:36:00Z,8:30 a.m. release,"1, 5, 8",499027,11024693,9b5e64eceaf4b605e56a13d3e4d10878b902f491d0966aee13108df814906a58
GLBX.MDP3-mbp-1-ba3f1e54a8370f0b.dbn.zst,mbp-1,2022-12-07T18:55:00Z,2022-12-07T19:06:00Z,2:00 p.m. control afternoon,1,247400,5520853,39485dd085f722f9d8deb983b53330dd53b9e1304c8b021d03a1a43e51c64105
GLBX.MDP3-mbp-1-ede6b7fa54a08fa3.dbn.zst,mbp-1,2022-12-09T13:25:00Z,2022-12-09T13:36:00Z,8:30 a.m. release,"1, 5, 8",255265,5688388,d5e02fb1ee9b1a3edd6ea264aca514aa7850b4ee6a4314cb94e2ac6d587b12e5
GLBX.MDP3-mbp-1-84625e96e13fd646.dbn.zst,mbp-1,2022-12-13T13:25:00Z,2022-12-13T13:36:00Z,8:30 a.m. release,"1, 5, 8",322119,7216140,2b1258aa5811f2ddda7f3401850b2d1ded11836ed46345b58c049dd39d23ab53
GLBX.MDP3-mbp-1-92d7943fd887e57b.dbn.zst,mbp-1,2022-12-14T18:55:00Z,2022-12-14T19:40:00Z,FOMC statement and press conference,"1, 5",2599384,58988834,28a2c2109382f70efce54686322db4850f046b9bd521e4fe6ee0f51771a2012f
GLBX.MDP3-mbp-1-86a5ec84fe93a782.dbn.zst,mbp-1,2022-12-20T13:25:00Z,2022-12-20T13:36:00Z,8:30 a.m. control morning,"1, 5",72572,1682025,cf7349315a5a01a67ea92675630a8dcbb42417343ba4aa1b0798db427a73824b
GLBX.MDP3-mbp-1-db1b1b042ceed74d.dbn.zst,mbp-1,2022-12-21T18:55:00Z,2022-12-21T19:06:00Z,2:00 p.m. control afternoon,1,204207,4524721,49fa9b5f4be28adc3da8c6f3563e2245d6d5be322714a98a46a1482d2d61e615
GLBX.MDP3-mbp-1-4635d946dd3e3a28.dbn.zst,mbp-1,2023-01-06T13:25:00Z,2023-01-06T13:36:00Z,8:30 a.m. release,"1, 5, 8",331691,7430032,39eab888e859a0715ac990ea40432c0b719598b753d3beee197033c8fe44b5c9
GLBX.MDP3-mbp-1-2432ed52a628b81d.dbn.zst,mbp-1,2023-01-12T13:25:00Z,2023-01-12T13:36:00Z,8:30 a.m. release,"1, 5, 8",509819,11359718,6709f263898f6862e2851d479f6acb957a09be8c628e1b170c0a66cc54be88c2
GLBX.MDP3-mbp-1-32e6c51a40dc9a5e.dbn.zst,mbp-1,2023-01-18T13:25:00Z,2023-01-18T13:36:00Z,8:30 a.m. release,"1, 5, 8",258586,5762935,a5043dcf2516acc0631aa364a02065bc696b2da1dcbe2922eefc4a7c4e9efab9
GLBX.MDP3-mbp-1-1c1f490705506048.dbn.zst,mbp-1,2023-01-25T18:55:00Z,2023-01-25T19:06:00Z,2:00 p.m. control afternoon,1,211580,4703597,5838dadff24a2cc0290f18777f4e67a7e1fe4273325ec83ca4f0ff6889c69637
GLBX.MDP3-mbp-1-6cdbbae7299b9bb5.dbn.zst,mbp-1,2023-02-01T18:55:00Z,2023-02-01T19:40:00Z,FOMC statement and press conference,"1, 5",2451312,55053114,cd4c6d2192a8c4b6ee531cbf500b31716c8afa384a01230b1770da4b64db8cf3
GLBX.MDP3-mbp-1-eff26971d129bc49.dbn.zst,mbp-1,2023-02-03T13:25:00Z,2023-02-03T13:36:00Z,8:30 a.m. release,"1, 5, 8",411979,9215242,c9d1d5d6edce2a2d5c5e65c3387d2d35cae9a5ddb3ebcdfb846bd23253fefc8c
GLBX.MDP3-mbp-1-30ba870834981975.dbn.zst,mbp-1,2023-02-08T18:55:00Z,2023-02-08T19:06:00Z,2:00 p.m. control afternoon,1,261880,5880695,1b106c6ed8cb45f7cc9e27058611ef38f7f93d941995e05f5407eb5a1e003f02
GLBX.MDP3-mbp-1-9acba543eaa5c30e.dbn.zst,mbp-1,2023-02-14T13:25:00Z,2023-02-14T13:36:00Z,8:30 a.m. release,"1, 5, 8",641767,14267146,12b32b3fa22027d98b8937309d0befc2a09de03760e83e0fcbba5c2dbe75cfe5
GLBX.MDP3-mbp-1-eeca3c6ce4857940.dbn.zst,mbp-1,2023-02-16T13:25:00Z,2023-02-16T13:36:00Z,8:30 a.m. release,"1, 5, 8",231568,5218674,29b0570cd0388da7964aea715876a3e51cddd7343dac6bb0d75cff5d9964bf9a
GLBX.MDP3-mbp-1-39ff123dc58273c8.dbn.zst,mbp-1,2023-02-21T13:25:00Z,2023-02-21T13:36:00Z,8:30 a.m. control morning,"1, 5",106817,2407668,e7c57f8bb8893080381315cb716c555ed8dc53ae763343c0d7880e5ea6bc885c
GLBX.MDP3-mbp-1-1f74fddb76808515.dbn.zst,mbp-1,2023-03-10T13:25:00Z,2023-03-10T13:36:00Z,8:30 a.m. release,"1, 5, 8",448628,9827194,eb6b5d9fdc0dd477f458d93f2d8f5984efbe1c5ea5ee600cab5d8c3f96049f78
GLBX.MDP3-mbp-1-0d4e9599a9219d67.dbn.zst,mbp-1,2023-03-14T12:25:00Z,2023-03-14T12:36:00Z,8:30 a.m. release,"1, 5, 8",325681,7255497,41e581383c95dc2a302797d8390ac388326d16598aa4ed8b274dcc2026f30933
GLBX.MDP3-mbp-1-6dea35da5c6a2575.dbn.zst,mbp-1,2023-03-15T12:25:00Z,2023-03-15T12:36:00Z,8:30 a.m. release,"1, 5, 8",253933,5687001,2f763374a5b2c45e23ef1f73b6f81b0fec84e0074e5138402d7a1c06384e8ceb
GLBX.MDP3-mbp-1-4874c34d601140f1.dbn.zst,mbp-1,2023-03-15T17:55:00Z,2023-03-15T18:06:00Z,2:00 p.m. control afternoon,1,275798,6200284,31cecdba617992e2f4c5b44f964f142efcda3857975baae6e2a58eec88fb2002
GLBX.MDP3-mbp-1-a4ff2eced5afcf87.dbn.zst,mbp-1,2023-03-21T12:25:00Z,2023-03-21T12:36:00Z,8:30 a.m. control morning,"1, 5",69334,1550115,470d05c3b5e0b1b8dab24081697706ab05e6cb448f2957cf8e4ca7fc7188891d
GLBX.MDP3-mbp-1-6386e0baf0471484.dbn.zst,mbp-1,2023-03-22T17:55:00Z,2023-03-22T18:40:00Z,FOMC statement and press conference,"1, 5",2750857,62164085,4c91dda5ba0324ca135c58bfd8e9f1251c784ab8521065cf130ce187c817555d
GLBX.MDP3-mbp-1-000b7a85d8f20703.dbn.zst,mbp-1,2023-03-29T17:55:00Z,2023-03-29T18:06:00Z,2:00 p.m. control afternoon,1,227214,5031741,147338c595702223272ba14be75755c3b1954b32952285fe2faf912aee2217c7
GLBX.MDP3-mbp-1-fb3b94bf082209c8.dbn.zst,mbp-1,2023-04-07T12:25:00Z,2023-04-07T12:36:00Z,8:30 a.m. release,"1, 5, 8",138621,3104804,9f42cca13e27f354ac1285de4a527b257d16938c6578493191d8368cd0cbb02d
GLBX.MDP3-mbp-1-8b776bf41ca2cb35.dbn.zst,mbp-1,2023-04-12T12:25:00Z,2023-04-12T12:36:00Z,8:30 a.m. release,"1, 5, 8",411353,9072883,e05b841159853a1bf3fd35f6ee780971ef2363ffa37cf1c3dc6a87ac3c8fa93a
GLBX.MDP3-mbp-1-46c087569e2b4b71.dbn.zst,mbp-1,2023-04-13T12:25:00Z,2023-04-13T12:36:00Z,8:30 a.m. release,"1, 5, 8",196910,4354589,3e49561bb8138f9c56b06bb1aa45c6199c1e7c1a926e6ea271afdd0be2d40bef
GLBX.MDP3-mbp-1-d3b4f7c296aceb65.dbn.zst,mbp-1,2023-04-19T12:25:00Z,2023-04-19T12:36:00Z,8:30 a.m. control morning,"1, 5",63262,1419736,986a8acd22a27eb151d505d0866723002706b020a85e5c9acf23bf6c56113392
GLBX.MDP3-mbp-1-776f05446b0e9d5f.dbn.zst,mbp-1,2023-04-26T17:55:00Z,2023-04-26T18:06:00Z,2:00 p.m. control afternoon,1,324866,7126021,7fefc332917fa378daf4eb5b57dceaff32966ebe999dc4f6991fc7079a0d686f
GLBX.MDP3-mbp-1-556b86d248f96c42.dbn.zst,mbp-1,2023-05-03T17:55:00Z,2023-05-03T18:40:00Z,FOMC statement and press conference,"1, 5",2132345,47797972,65f192c3750de07e3e93a4063a352cc491fdbd337ad37c401bc2c54b77771901
GLBX.MDP3-mbp-1-7da3cce8a21974b6.dbn.zst,mbp-1,2023-05-05T12:25:00Z,2023-05-05T12:36:00Z,8:30 a.m. release,"1, 5, 8",259188,5697874,18e42d464e1e865128ee54440603a5cae0b536daf055c5aef819eae7ca0be7c7
GLBX.MDP3-mbp-1-3fafaec57c6708b9.dbn.zst,mbp-1,2023-05-10T12:25:00Z,2023-05-10T12:36:00Z,8:30 a.m. release,"1, 5, 8",300916,6635358,b1d2d38f49b47fc27f0007debed06c8604d77be36ab58c826843c11157330db3
GLBX.MDP3-mbp-1-be48c294bdf0fa71.dbn.zst,mbp-1,2023-05-11T12:25:00Z,2023-05-11T12:36:00Z,8:30 a.m. release,"1, 5, 8",184073,4100834,cf2c866117a57e5c05f4405ed34b6658690a86db4a8daf8778a283aa02d485bd
GLBX.MDP3-mbp-1-01115eb5ac607c9c.dbn.zst,mbp-1,2023-05-17T12:25:00Z,2023-05-17T12:36:00Z,8:30 a.m. control morning,"1, 5",52424,1177837,3d302a9e43d89555fe0e0eaa3459e1736a304391ee3891cabbf6a39ef2d5fb4f
GLBX.MDP3-mbp-1-7ec09fb88ac417b4.dbn.zst,mbp-1,2023-05-17T17:55:00Z,2023-05-17T18:06:00Z,2:00 p.m. control afternoon,1,175468,3886444,198d3a6a6faaff85afee0fe5ea377838f7de5269010a97642607f02dce2a0a7d
GLBX.MDP3-mbp-1-a2ac86eeec92c08f.dbn.zst,mbp-1,2023-06-02T12:25:00Z,2023-06-02T12:36:00Z,8:30 a.m. release,"1, 5, 8",249017,5499263,7e70dcb317f77a4bc11701c99004621c6a9ecea0a0a4855398630080c62f2765
GLBX.MDP3-mbp-1-7244e0e223dc9310.dbn.zst,mbp-1,2023-06-07T17:55:00Z,2023-06-07T18:06:00Z,2:00 p.m. control afternoon,1,201806,4376834,ff2c7f2ca5af3a9d48c171a17127785a29bb66feba8455db711f3d98950a70cd
GLBX.MDP3-mbp-1-d6bb79a83bb9ac7a.dbn.zst,mbp-1,2023-06-13T12:25:00Z,2023-06-13T12:36:00Z,8:30 a.m. release,"1, 5, 8",258603,5855508,7dc85f9f57b7d47a01b6833cfdcd63b0573c847e9b2ceec04baba1b6b678d103
GLBX.MDP3-mbp-1-f13a5fc6189ed458.dbn.zst,mbp-1,2023-06-14T12:25:00Z,2023-06-14T12:36:00Z,8:30 a.m. release,"1, 5, 8",110323,2458368,06aa900d2e257179ea1d6aaca521fe28adc81a152219fb0bf33a2738da48ee40
GLBX.MDP3-mbp-1-08a643ad911831c6.dbn.zst,mbp-1,2023-06-14T17:55:00Z,2023-06-14T18:40:00Z,FOMC statement and press conference,"1, 5",2302430,50405457,45e6ff596faed4878d5e865a8d2e096d563d616a4abe0336d24311e9bd185612
GLBX.MDP3-mbp-1-b7457deb20da4a77.dbn.zst,mbp-1,2023-06-20T12:25:00Z,2023-06-20T12:36:00Z,8:30 a.m. control morning,"1, 5",83921,1868888,5f8403b5a21c92472e06debb83d34f1b6f4ff293c23bf89e5bc6c54313676874
GLBX.MDP3-mbp-1-0fbb1a1df748a161.dbn.zst,mbp-1,2023-06-21T17:55:00Z,2023-06-21T18:06:00Z,2:00 p.m. control afternoon,1,176683,3914719,201527e13379ecbc037765a71143a31040f991f2baec5e525e8ae2b19a34b7d3
GLBX.MDP3-mbp-1-ddeb430d6a6373aa.dbn.zst,mbp-1,2023-07-07T12:25:00Z,2023-07-07T12:36:00Z,8:30 a.m. release,"1, 5, 8",262379,5752014,7b22f27678f0cb4159bd5d2da12c3cc31e89640a5cad2e07e7a00a07baf14544
GLBX.MDP3-mbp-1-982e768c8bd6fc56.dbn.zst,mbp-1,2023-07-12T12:25:00Z,2023-07-12T12:36:00Z,8:30 a.m. release,"1, 5, 8",319385,7071022,df69ae64318aa10c824825488a421a5a911b74c3aff9550960cd69db32dfcb36
GLBX.MDP3-mbp-1-06ef8b18208f447d.dbn.zst,mbp-1,2023-07-13T12:25:00Z,2023-07-13T12:36:00Z,8:30 a.m. release,"1, 5, 8",187537,4179190,d8be4f5636b96e449f435a5e9806a7cbad970a42b6d25854dde3600416f013c1
GLBX.MDP3-mbp-1-948cb0aa7a78c939.dbn.zst,mbp-1,2023-07-19T12:25:00Z,2023-07-19T12:36:00Z,8:30 a.m. control morning,"1, 5",71087,1563948,90c0e3d1c170eda09e8f7fd9364f92e5b0e9dc5103e4824378211ae1c15bfa00
GLBX.MDP3-mbp-1-771b5b50fa49e088.dbn.zst,mbp-1,2023-07-19T17:55:00Z,2023-07-19T18:06:00Z,2:00 p.m. control afternoon,1,174642,3832489,302bef6c96c19cbef7288a8a055ab795f709d15603f305e8d07499d7d54996af
GLBX.MDP3-mbp-1-e0bb0b0683097c2e.dbn.zst,mbp-1,2023-07-26T17:55:00Z,2023-07-26T18:40:00Z,FOMC statement and press conference,"1, 5",1593579,35385131,b314a4349dcaea6fb80c6ce192c1a9e6257f42d5a9e135d8dbed3780c7f09796
GLBX.MDP3-mbp-1-b8ef52b6c34ab22d.dbn.zst,mbp-1,2023-08-02T17:55:00Z,2023-08-02T18:06:00Z,2:00 p.m. control afternoon,1,238912,5226126,e5a55a0763889491ad90924cdc58df5874a68d9b491db4327e6c0af970d27b95
GLBX.MDP3-mbp-1-4b88f370a43fce9b.dbn.zst,mbp-1,2023-08-04T12:25:00Z,2023-08-04T12:36:00Z,8:30 a.m. release,"1, 5, 8",271202,6072738,931ba52022c40dfe93f1833cc89fa99c7641bf39594a97f522f1726ae0a7c9be
GLBX.MDP3-mbp-1-bcb276e05361f135.dbn.zst,mbp-1,2023-08-10T12:25:00Z,2023-08-10T12:36:00Z,8:30 a.m. release,"1, 5, 8",374459,8351352,595880d419e78789a37b285c4cd468e0a8250dd7cd5f7aed934196cf0037db8b
GLBX.MDP3-mbp-1-d0bf321a1b1585f2.dbn.zst,mbp-1,2023-08-11T12:25:00Z,2023-08-11T12:36:00Z,8:30 a.m. release,"1, 5, 8",233306,5287697,a338baf236135c7aeab56c3619f9d489cbb8a43b2bb23b2ddaad7617666a9b69
GLBX.MDP3-mbp-1-2c702829f4000fa1.dbn.zst,mbp-1,2023-09-01T12:25:00Z,2023-09-01T12:36:00Z,8:30 a.m. release,"1, 5, 8",297183,6657812,bbc6ed131fa07311f8294b4544eae7d5e6bebb16a73187f67b15eb3e77614aee
GLBX.MDP3-mbp-1-9141ab4e4e484eb0.dbn.zst,mbp-1,2023-09-13T12:25:00Z,2023-09-13T12:36:00Z,8:30 a.m. release,"1, 5, 8",452442,10175443,32da0f94080fe8b325df1f02627f8fe417eda192248d2037a4f5d80836ff613c
GLBX.MDP3-mbp-1-79af6cf5ddbb208e.dbn.zst,mbp-1,2023-09-14T12:25:00Z,2023-09-14T12:36:00Z,8:30 a.m. release,"1, 5, 8",316275,7166132,5fa8ada38cbddbc833dc9c07841344bde97d2999ab545a4e8a0b22ea4809de0c
GLBX.MDP3-mbp-1-6fe4595d6ea5498c.dbn.zst,mbp-1,2023-09-20T12:25:00Z,2023-09-20T12:36:00Z,8:30 a.m. control morning,"1, 5",48065,1074428,9b50b361991f840bcbc61c8724aff51246878043b581b15993a6513e2c9ccfc2
GLBX.MDP3-mbp-1-f970ed293c1c0221.dbn.zst,mbp-1,2023-09-20T17:55:00Z,2023-09-20T18:40:00Z,FOMC statement and press conference,"1, 5",2243100,49458126,dbfbe14734cd7757704950b7bf08e9cb405ccc2500eb091572533ec76403ae48
GLBX.MDP3-mbp-1-cdaacf12732b8a0a.dbn.zst,mbp-1,2023-09-27T17:55:00Z,2023-09-27T18:06:00Z,2:00 p.m. control afternoon,1,248865,5508775,6a3fcade4bbe0661f7272a79d0ee67171688d0ff3041d3515202df2d3baba045
GLBX.MDP3-mbp-1-f9e54048f1bffd96.dbn.zst,mbp-1,2023-10-06T12:25:00Z,2023-10-06T12:36:00Z,8:30 a.m. release,"1, 5, 8",540448,12075222,39d3bc3a49dd107770dc7cc84edfcc6c1c6d314e6c24f8e602fdbe8f695514f2
GLBX.MDP3-mbp-1-0481a2d9e59b4230.dbn.zst,mbp-1,2023-10-11T12:25:00Z,2023-10-11T12:36:00Z,8:30 a.m. release,"1, 5, 8",224671,5071789,91b738aa097b6f07e7b2ad8457e6eddac7a25050be1df1156aed437659a1bc6b
GLBX.MDP3-mbp-1-48d81ee3f11a5db9.dbn.zst,mbp-1,2023-10-12T12:25:00Z,2023-10-12T12:36:00Z,8:30 a.m. release,"1, 5, 8",310501,6973408,341ea932ec489e7476b97503e3e8f042e51a1df4a7fd37281c470a8856f93159
GLBX.MDP3-mbp-1-e33110a8b428df5d.dbn.zst,mbp-1,2023-10-25T17:55:00Z,2023-10-25T18:06:00Z,2:00 p.m. control afternoon,1,345055,7601670,d1a342e3e3626a0d977b7ea9a4193fcdfee3769836ad1d335434567d7b53508e
GLBX.MDP3-mbp-1-ac832eebe2d0dab7.dbn.zst,mbp-1,2023-11-01T17:55:00Z,2023-11-01T18:40:00Z,FOMC statement and press conference,"1, 5",2360743,52460540,5a2f989dcb720ff9a4f939c52e7d363cdb9bc8c4525795373ff8b70bf648fd42
GLBX.MDP3-mbp-1-889966491a33b95f.dbn.zst,mbp-1,2023-11-03T12:25:00Z,2023-11-03T12:36:00Z,8:30 a.m. release,"1, 5, 8",335652,7381751,c41f948210a7a6fc82cde6cec64d10e138c24a79def23acc68be3a01698b5fde
GLBX.MDP3-mbp-1-aa81ef56639dd967.dbn.zst,mbp-1,2023-11-08T18:55:00Z,2023-11-08T19:06:00Z,2:00 p.m. control afternoon,1,180046,3863742,8bd19c7b7b11435b162a56a6a25bf5e27c88e5120f0e8ce9c868f342d7074979
GLBX.MDP3-mbp-1-c276bdaf34d11d9c.dbn.zst,mbp-1,2023-11-14T13:25:00Z,2023-11-14T13:36:00Z,8:30 a.m. release,"1, 5, 8",542971,12014048,8816b5955823344a93d2e6fbc204ff1ef63792cfeb8d320216b1778dafd94a48
GLBX.MDP3-mbp-1-971d11afb740fed3.dbn.zst,mbp-1,2023-11-15T13:25:00Z,2023-11-15T13:36:00Z,8:30 a.m. release,"1, 5, 8",308283,6903550,81c4551855411d1ab1e146be363dd2f47eb69e5cca1bf67c201001676806994a
GLBX.MDP3-mbp-1-d0833edc8b66bef7.dbn.zst,mbp-1,2023-11-21T13:25:00Z,2023-11-21T13:36:00Z,8:30 a.m. control morning,"1, 5",115257,2603204,594f9f33dc1eb10b0f6289a57fa057fb17910502a92bc097c077b9dfd3f07a77
GLBX.MDP3-mbp-1-d2a55a9d34569a19.dbn.zst,mbp-1,2023-12-06T18:55:00Z,2023-12-06T19:06:00Z,2:00 p.m. control afternoon,1,159570,3453971,7166ea53461b1604519971f457eeda317f33f3b55633634fa4d28c0f9edca295
GLBX.MDP3-mbp-1-e389bcd0daa96f88.dbn.zst,mbp-1,2023-12-08T13:25:00Z,2023-12-08T13:36:00Z,8:30 a.m. release,"1, 5, 8",387767,8605491,ea51ff045441d1eb40f3ae47da2aa01e690e56786600f0860a21a13430107b4e
GLBX.MDP3-mbp-1-3347b62ce3f6305e.dbn.zst,mbp-1,2023-12-12T13:25:00Z,2023-12-12T13:36:00Z,8:30 a.m. release,"1, 5, 8",307089,6884975,436aef1d436a0622e206ebf7b8f3c8542b9240d377960825423bc854689ff3e4
GLBX.MDP3-mbp-1-346f85b323622017.dbn.zst,mbp-1,2023-12-13T13:25:00Z,2023-12-13T13:36:00Z,8:30 a.m. release,"1, 5, 8",165513,3661394,eec7b047f90cca95fe3d3e1fbbd59db219997e00db1ff8c2803b4bf66eb42cce
GLBX.MDP3-mbp-1-3a8fe5280dd9a34c.dbn.zst,mbp-1,2023-12-13T18:55:00Z,2023-12-13T19:40:00Z,FOMC statement and press conference,"1, 5",2205321,47675872,9ae8edf2a48db7fd0c9d29159bf5ea3d08eee7167f672e0d7df92606bdb2992b
GLBX.MDP3-mbp-1-a2aadcdded6aa1ad.dbn.zst,mbp-1,2023-12-19T13:25:00Z,2023-12-19T13:36:00Z,8:30 a.m. control morning,"1, 5",86747,1970800,55fae284853d21d65b0885f27e9f070a13c653f40894a9d74012b268f2616dfc
GLBX.MDP3-mbp-1-6e3854bf70309b91.dbn.zst,mbp-1,2023-12-20T18:55:00Z,2023-12-20T19:06:00Z,2:00 p.m. control afternoon,1,151611,3322764,9700f43f0b9dded709289a764e7b891ba43c73fdc96498dbf639d08187346c6b
GLBX.MDP3-mbp-1-b9492bb59ba96851.dbn.zst,mbp-1,2024-01-05T13:25:00Z,2024-01-05T13:36:00Z,8:30 a.m. release,"1, 5, 8",380769,8407793,541b8ac958ed58d313916544eee480bbe0dfc78666f5480ff5aebd1b8fa0d8af
GLBX.MDP3-mbp-1-c6acca46a3e75b56.dbn.zst,mbp-1,2024-01-10T13:25:00Z,2024-01-10T13:36:00Z,8:30 a.m. control morning,"1, 5",72852,1621719,f62fb095fe0bf9a6ccaeebb4e8d2e6ca8f3a88b066c5ba5e081070c2cfd0905a
GLBX.MDP3-mbp-1-f7a32208a77920c9.dbn.zst,mbp-1,2024-01-11T13:25:00Z,2024-01-11T13:36:00Z,8:30 a.m. release,"1, 5, 8",428403,9484104,79bfd3c16069ccd0d1e32e3fcd10b931368859e1d6f980306e37eb4e04391470
GLBX.MDP3-mbp-1-b3824e2727f7a60b.dbn.zst,mbp-1,2024-01-12T13:25:00Z,2024-01-12T13:36:00Z,8:30 a.m. release,"1, 5, 8",244805,5500594,cb83eed2256f3ef920b2abdbb7bed8834305caaf164e766f2460799ba4a22125
GLBX.MDP3-mbp-1-dde21bcda1886cbb.dbn.zst,mbp-1,2024-01-17T13:25:00Z,2024-01-17T13:36:00Z,8:30 a.m. release,"1, 5, 8",274267,6123796,a49437667ff042a25a7c82b519c4390548fd37dc39de68491e98d749e6c44eee
GLBX.MDP3-mbp-1-02e9682d7abdcf1c.dbn.zst,mbp-1,2024-01-24T18:55:00Z,2024-01-24T19:10:00Z,2:00 p.m. control afternoon,1,214713,4826448,0f4552cd6cb84e5af115a05447301ff31e3f2dec7e38fe1c5656b6efb91fdabd
GLBX.MDP3-mbp-1-84d51bf081e86a1f.dbn.zst,mbp-1,2024-01-31T18:55:00Z,2024-01-31T19:40:00Z,FOMC statement and press conference,"1, 5",2448068,55049669,aef4275dda8a6712fffad3abbaea53b1f458f0efcadb7466bddd5547fbdbbe71
GLBX.MDP3-mbp-1-83fa06317252318d.dbn.zst,mbp-1,2024-02-02T13:25:00Z,2024-02-02T13:36:00Z,8:30 a.m. release,"1, 5, 8",394193,8657733,81ac83fc5c5017d0e0f0f53697dcf7e156a5fc8410212eae2caedc253a052452
GLBX.MDP3-mbp-1-fd791140334d2c3c.dbn.zst,mbp-1,2024-02-07T18:55:00Z,2024-02-07T19:10:00Z,2:00 p.m. control afternoon,1,203783,4480410,0feab2ce35e74bf01ff9a7c00f4cf47dd023b777a679baff8121ac8ba3fffc4c
GLBX.MDP3-mbp-1-38f70650f0b83584.dbn.zst,mbp-1,2024-02-13T13:25:00Z,2024-02-13T13:36:00Z,8:30 a.m. release,"1, 5, 8",519652,11463673,1d193a19bdc195644ddfdecf711dee6c17401ca7851010182782f4fde5510006
GLBX.MDP3-mbp-1-d57d703f58ba26fd.dbn.zst,mbp-1,2024-02-14T13:25:00Z,2024-02-14T13:36:00Z,8:30 a.m. control morning,"1, 5",118657,2646096,bae552acb7864165990dfaa2a2677ec9f5ecf0bc61b8f5ee909c8ac5e1a8a87e
GLBX.MDP3-mbp-1-f2da87f3a19cce2f.dbn.zst,mbp-1,2024-02-15T13:25:00Z,2024-02-15T13:36:00Z,8:30 a.m. release,"1, 5, 8",287882,6373755,bb23625297fc2eab218091c0ea5fc4353d984db62a9f57e24675886e684f9e89
GLBX.MDP3-mbp-1-8e217405c0edf3fd.dbn.zst,mbp-1,2024-02-16T13:25:00Z,2024-02-16T13:36:00Z,8:30 a.m. release,"1, 5, 8",310929,6870438,fefae5f6d4a6213b629a65075da688903a30be123a1bf88f08d0f150e3d0b5b6
GLBX.MDP3-mbp-1-9e7cba4ccd7479c8.dbn.zst,mbp-1,2024-03-08T13:25:00Z,2024-03-08T13:36:00Z,8:30 a.m. release,"1, 5, 8",406017,8947024,57e2c82f00e2949b75e1b3f18596d9fd9899244961815b872d4e826e7c9441de
GLBX.MDP3-mbp-1-d6fe6babae39a86c.dbn.zst,mbp-1,2024-03-12T12:25:00Z,2024-03-12T12:36:00Z,8:30 a.m. release,"1, 5, 8",396599,8825923,07175abf35404ce7ce8f0d42d9b06dcb43267d8537c55ecae18cad60ace921e7
GLBX.MDP3-mbp-1-0b2c7d50f7570824.dbn.zst,mbp-1,2024-03-13T12:25:00Z,2024-03-13T12:36:00Z,8:30 a.m. control morning,"1, 5",84416,1881469,8b06fba93eccd674d17150aa326aa86f40ab41a9a641f2d1bd2b346268e424cb
GLBX.MDP3-mbp-1-15da538db6703659.dbn.zst,mbp-1,2024-03-13T17:55:00Z,2024-03-13T18:10:00Z,2:00 p.m. control afternoon,1,245789,5403699,d794809658476a1728a384112f257e813eb58abfada0d05a535a7eb0cbdc7fa3
GLBX.MDP3-mbp-1-696ab51fe95dd9b0.dbn.zst,mbp-1,2024-03-14T12:25:00Z,2024-03-14T12:36:00Z,8:30 a.m. release,"1, 5, 8",311749,6939054,705d8af4fb597d744c62ab0f1246ac0575b162495b162c760971e8c80e7c6b67
GLBX.MDP3-mbp-1-0c15a3eda3d97a5b.dbn.zst,mbp-1,2024-03-20T17:55:00Z,2024-03-20T18:40:00Z,FOMC statement and press conference,"1, 5",2737855,60625473,70625b74a51edb11301462542f4a2f3b8afdd88132ccb5414c03b16310c4a471
GLBX.MDP3-mbp-1-497a530e1c6f0e4b.dbn.zst,mbp-1,2024-03-27T17:55:00Z,2024-03-27T18:10:00Z,2:00 p.m. control afternoon,1,178796,3937853,01b742159d69e5bc1916be54cacaff7d4f4d93d426737faeefce7d4d929bc090
GLBX.MDP3-mbp-1-791255e910e183bc.dbn.zst,mbp-1,2024-04-05T12:25:00Z,2024-04-05T12:36:00Z,8:30 a.m. release,"1, 5, 8",401300,8848440,6c1d3c98deb2f0243ca708019de7e90b51cb165409c52f2efce975569dd345a9
GLBX.MDP3-mbp-1-9e0579cea35c1806.dbn.zst,mbp-1,2024-04-10T12:25:00Z,2024-04-10T12:36:00Z,8:30 a.m. release,"1, 5, 8",659826,14528526,f6e2a71070e79260273e8cf92d35369576f54dec96a55225948d76d6acdc6e0a
GLBX.MDP3-mbp-1-6cdb081de99adca3.dbn.zst,mbp-1,2024-04-11T12:25:00Z,2024-04-11T12:36:00Z,8:30 a.m. release,"1, 5, 8",462594,10278625,3deff8f9b85871778d838402a2c7d3e1ea8d566b6245d37086aa86fb4867367d
GLBX.MDP3-mbp-1-17984bcd5ade7204.dbn.zst,mbp-1,2024-04-15T12:25:00Z,2024-04-15T12:36:00Z,8:30 a.m. release,"1, 5, 8",281780,6200152,989282441cfeee4cc95db82e06b8f0d0de387488b02f67154560e947d8e1c4a1
GLBX.MDP3-mbp-1-ea4e57ece69ee3c6.dbn.zst,mbp-1,2024-04-17T12:25:00Z,2024-04-17T12:36:00Z,8:30 a.m. control morning,"1, 5",128446,2836185,cb247a5217b2a7c1af89fd9256eaec796cade5b291d137447a608ca6b226bfa0
GLBX.MDP3-mbp-1-7520d398cad3a794.dbn.zst,mbp-1,2024-04-24T17:55:00Z,2024-04-24T18:10:00Z,2:00 p.m. control afternoon,1,364422,7999012,37bbe10bf77f38f7b3d9880906df6c523190b11dc05ec9cd4fb1889d830b4f78
GLBX.MDP3-mbp-1-2443ececb8abe98a.dbn.zst,mbp-1,2024-05-01T17:55:00Z,2024-05-01T18:40:00Z,FOMC statement and press conference,"1, 5",2880636,64337549,c736d63cfe2e63bb45581c590027b9569d6fc8112ee7363b5ea60be022af509d
GLBX.MDP3-mbp-1-da6c44db5607fa6b.dbn.zst,mbp-1,2024-05-03T12:25:00Z,2024-05-03T12:36:00Z,8:30 a.m. release,"1, 5, 8",450834,9994108,56e8d35aceafec33b99156e73d9eb4480ec16b4387a29827cba3c40dac16a019
GLBX.MDP3-mbp-1-6a1124e2b13e970d.dbn.zst,mbp-1,2024-05-08T12:25:00Z,2024-05-08T12:36:00Z,8:30 a.m. control morning,"1, 5",80082,1794145,bd5030d5ce91ff5ece2b39ca221df3006c7701514a42adfde959dbaba423eb47
GLBX.MDP3-mbp-1-a9de4bf4d35e67b3.dbn.zst,mbp-1,2024-05-08T17:55:00Z,2024-05-08T18:10:00Z,2:00 p.m. control afternoon,1,169537,3774239,d9651e7e57c1f750353a930fbdf714a84d8f4205c5702a47b9e9c0b2fed06f8a
GLBX.MDP3-mbp-1-3aebbee35cd7060f.dbn.zst,mbp-1,2024-05-14T12:25:00Z,2024-05-14T12:36:00Z,8:30 a.m. release,"1, 5, 8",417075,9216803,87de6794cd22d8ecffcc24d70130bf75f687a03939f6feb9ea94dc11ed45f8be
GLBX.MDP3-mbp-1-50bdfc7d30bf7921.dbn.zst,mbp-1,2024-05-15T12:25:00Z,2024-05-15T12:36:00Z,8:30 a.m. release,"1, 5, 8",403151,8882969,1b76f4427d1979c3f45903694e9187e3833d0bb20458204df9d2f21ef8cecdc2
GLBX.MDP3-mbp-1-2b65c1e9bb177f6b.dbn.zst,mbp-1,2024-06-05T17:55:00Z,2024-06-05T18:10:00Z,2:00 p.m. control afternoon,1,190914,4270551,7338c8fddb4578e91756f88a8130998514cbe8281cde8225d93de7594f93d2d1
GLBX.MDP3-mbp-1-d12a100b864e69e0.dbn.zst,mbp-1,2024-06-07T12:25:00Z,2024-06-07T12:36:00Z,8:30 a.m. release,"1, 5, 8",462628,10302525,2c1eb05f02de1ac1abc2ead699ce6704dc41f101da7886dd907df4ac43e6fe46
GLBX.MDP3-mbp-1-46d76d0ac7c35a51.dbn.zst,mbp-1,2024-06-11T12:25:00Z,2024-06-11T12:36:00Z,8:30 a.m. control morning,"1, 5",75177,1658346,5f14f0c8519474dca08acee3aa9e447937125ed6825075be5c0b40515b73e405
GLBX.MDP3-mbp-1-6cb63a4dcbdc27ce.dbn.zst,mbp-1,2024-06-12T12:25:00Z,2024-06-12T12:36:00Z,8:30 a.m. release,"1, 5, 8",426775,9378108,b738e62d4517737bd5f40539d9811fecac7a67e1edaa903dcff6a2287cb65d29
GLBX.MDP3-mbp-1-c836eaf61d489309.dbn.zst,mbp-1,2024-06-12T17:55:00Z,2024-06-12T18:40:00Z,FOMC statement and press conference,"1, 5",2193476,49112692,6711ad7e8960b1bf6c0b5cef431af7356e0523998439195b6b119ab1cfba105f
GLBX.MDP3-mbp-1-6d585e52bad8281d.dbn.zst,mbp-1,2024-06-13T12:25:00Z,2024-06-13T12:36:00Z,8:30 a.m. release,"1, 5, 8",266381,5822636,86c81155154e0956e821f02398328a2290e1db56e09907cc98391f551499f018
GLBX.MDP3-mbp-1-0fa2e0d0e7f08900.dbn.zst,mbp-1,2024-06-18T12:25:00Z,2024-06-18T12:36:00Z,8:30 a.m. release,"1, 5, 8",188194,4182660,e51a87f74cef394e4fdfc3c6304102e2a0896d21ebe2d3598d2950a83952f494
GLBX.MDP3-mbp-1-9cead60b727938a5.dbn.zst,mbp-1,2024-06-26T17:55:00Z,2024-06-26T18:10:00Z,2:00 p.m. control afternoon,1,286749,6407620,703eabe5b1bb4d0dfc363fe4fb6c033f924902e2ec36c03d028b82ffadb5388e
GLBX.MDP3-mbp-1-d2581804fe168014.dbn.zst,mbp-1,2024-07-05T12:25:00Z,2024-07-05T12:36:00Z,8:30 a.m. release,"1, 5, 8",347638,7615967,fd8527f859d8f6145a9bd217cbe08916c0d6a1857a9d96ab1f2f6b94422bbef3
GLBX.MDP3-mbp-1-7a2bd7e40f824772.dbn.zst,mbp-1,2024-07-10T12:25:00Z,2024-07-10T12:36:00Z,8:30 a.m. control morning,"1, 5",63743,1379783,a8a5baeff1512f3c1c610036b6577cb78ba47b585256b03af9c6c5fdefdb2c49
GLBX.MDP3-mbp-1-419c4883853f0852.dbn.zst,mbp-1,2024-07-11T12:25:00Z,2024-07-11T12:36:00Z,8:30 a.m. release,"1, 5, 8",420848,9199638,227b19dee5050b6e4857416b90a2992e1f9cf4ee7226f4ca76cc38f1a649dd03
GLBX.MDP3-mbp-1-bcef33c1f72a8ae7.dbn.zst,mbp-1,2024-07-12T12:25:00Z,2024-07-12T12:36:00Z,8:30 a.m. release,"1, 5, 8",347676,7600865,16e82b64d1dfafa37bf03656f3e0274ac5e0599a956136fa4fe379eb1fb9afa3
GLBX.MDP3-mbp-1-c9c959fed6bf319b.dbn.zst,mbp-1,2024-07-16T12:25:00Z,2024-07-16T12:36:00Z,8:30 a.m. release,"1, 5, 8",236234,5051089,0a813d042abe52c1ee81fc193725915d328a8104c88ddf62f4cfa64e4eb6e233
GLBX.MDP3-mbp-1-26ed6b2958ab73e7.dbn.zst,mbp-1,2024-07-24T17:55:00Z,2024-07-24T18:10:00Z,2:00 p.m. control afternoon,1,419592,9169099,5eca901156f7d5356124ee18c90919b5a6eae0ce6d8cc5480a13b60214150603
GLBX.MDP3-mbp-1-f4fd5c02211e2110.dbn.zst,mbp-1,2024-07-31T17:55:00Z,2024-07-31T18:40:00Z,FOMC statement and press conference,"1, 5",1775784,39625159,cd4c400e746ef6c7fdc19dd7f4c8a7feebc4222b669e174e68a6492331584c26
GLBX.MDP3-mbp-1-a679a1c7c4eb1980.dbn.zst,mbp-1,2024-08-02T12:25:00Z,2024-08-02T12:36:00Z,8:30 a.m. release,"1, 5, 8",492944,10577825,f1a4b59d69ff658a6b7dd5f0f0026e97ef2fe70740750d76352c24a4c979efcd
GLBX.MDP3-mbp-1-0b268dd566396627.dbn.zst,mbp-1,2024-08-07T12:25:00Z,2024-08-07T12:36:00Z,8:30 a.m. control morning,"1, 5",95100,2103546,780ad6efb1c8f75111fafba74c44c8f9ee7e34b1a534c1069cd7eac7e6cd59d8
GLBX.MDP3-mbp-1-375b4d8ceee6e19c.dbn.zst,mbp-1,2024-08-07T17:55:00Z,2024-08-07T18:10:00Z,2:00 p.m. control afternoon,1,598067,13667418,533e5ad88c5486c27800df92cc13d07b5c8285b010ab9a7c1b7b6ecf0523569d
GLBX.MDP3-mbp-1-0d1e66e305cd7767.dbn.zst,mbp-1,2024-08-13T12:25:00Z,2024-08-13T12:36:00Z,8:30 a.m. release,"1, 5, 8",214164,4612947,f2185325bd42c28922387352295c1acd5ae8ef42b8c1c45c6c27cf9e9e5f5132
GLBX.MDP3-mbp-1-b4425073f94acea4.dbn.zst,mbp-1,2024-08-14T12:25:00Z,2024-08-14T12:36:00Z,8:30 a.m. release,"1, 5, 8",373428,8114700,55259c1b32e8493af164d95d50f77e38ff04f4ddd35e321818bef06c4cd8ec2e
GLBX.MDP3-mbp-1-ee20f16852c306cb.dbn.zst,mbp-1,2024-08-15T12:25:00Z,2024-08-15T12:36:00Z,8:30 a.m. release,"1, 5, 8",291480,6221492,d2711b900952ddb51b1d5d10fa100d027ba9dee173300d1a90f943ff060791bb
GLBX.MDP3-mbp-1-b0d26d7e90314ef5.dbn.zst,mbp-1,2024-09-06T12:25:00Z,2024-09-06T12:36:00Z,8:30 a.m. release,"1, 5, 8",552257,12100035,31070d35b6e8b7314188a4683f54961fdbca0534eaa3081d3bccc33b8009b380
GLBX.MDP3-mbp-1-e167bcb051328a05.dbn.zst,mbp-1,2024-09-11T12:25:00Z,2024-09-11T12:36:00Z,8:30 a.m. release,"1, 5, 8",385291,8469781,272eb2bcca9666f952e0a69e7e50895cc42afae2318c74810cc3483fd24086b5
GLBX.MDP3-mbp-1-20ac93e2f11f9ea4.dbn.zst,mbp-1,2024-09-11T17:55:00Z,2024-09-11T18:06:00Z,2:00 p.m. control afternoon,1,366959,8283842,0a19b3aed3e4c4f843a9a4d9eaf42b9565091947046ea446b51f4a258fbf08ba
GLBX.MDP3-mbp-1-e7f5b0c2f1412532.dbn.zst,mbp-1,2024-09-12T12:25:00Z,2024-09-12T12:36:00Z,8:30 a.m. release,"1, 5, 8",211763,4615905,d01b77930f836c466803a4a534b052828c383a990995ee172dd3d5b63a3bfe58
GLBX.MDP3-mbp-1-25cd051d7c6f6e4b.dbn.zst,mbp-1,2024-09-17T12:25:00Z,2024-09-17T12:36:00Z,8:30 a.m. release,"1, 5, 8",218455,4768197,85d110a8e78c3222fd9d054bf1d6b8ad58fedbba88442a71286917575130cf32
GLBX.MDP3-mbp-1-d1d2e04e81989ae6.dbn.zst,mbp-1,2024-09-18T17:55:00Z,2024-09-18T18:40:00Z,FOMC statement and press conference,"1, 5",2757773,61461491,25f2daeaa9e3a67dadc4f0a1aa7bf5912216ca54b580c900b409746e81bf78b7
GLBX.MDP3-mbp-1-8584db139b5e18b3.dbn.zst,mbp-1,2024-09-24T12:25:00Z,2024-09-24T12:36:00Z,8:30 a.m. control morning,"1, 5",62457,1401524,bf8e54b7f03476866bd70a65c3530675d2272617d2c4f77a649fb47359834f0e
GLBX.MDP3-mbp-1-fb26b2f79e55b40a.dbn.zst,mbp-1,2024-09-25T17:55:00Z,2024-09-25T18:06:00Z,2:00 p.m. control afternoon,1,263078,5868833,902e09af4e2c912e2bfea2bf94ad46248dbb2309ffbb17e358aeb61a2adc6794
GLBX.MDP3-mbp-1-6d7639a28fc2be07.dbn.zst,mbp-1,2024-10-04T12:25:00Z,2024-10-04T12:36:00Z,8:30 a.m. release,"1, 5, 8",393071,8515671,fee64688526ab3b166ece5ad2fcc556cd12a23b81aff8ed589166859dd773310
GLBX.MDP3-mbp-1-d0537e0449727d84.dbn.zst,mbp-1,2024-10-10T12:25:00Z,2024-10-10T12:36:00Z,8:30 a.m. release,"1, 5, 8",389801,8451606,6d4e389d1f6aa9b0bcd2b523ceaf862ba17d2b65d3bcff97b1a35837c5cc2eea
GLBX.MDP3-mbp-1-f7d2b634bc7298eb.dbn.zst,mbp-1,2024-10-11T12:25:00Z,2024-10-11T12:36:00Z,8:30 a.m. release,"1, 5, 8",148873,3206454,56704e7212714d3c906caa2eab49587d48958ecd1e68cf25c2d474177a770142
GLBX.MDP3-mbp-1-6cc48f468694d371.dbn.zst,mbp-1,2024-10-17T12:25:00Z,2024-10-17T12:36:00Z,8:30 a.m. release,"1, 5, 8",214098,4521998,64a7d30a9c898889810e9c526c10e40a21c7b6c2482bfcd9c034e759be2d953a
GLBX.MDP3-mbp-1-d0341ae61ab8b7b7.dbn.zst,mbp-1,2024-10-23T12:25:00Z,2024-10-23T12:36:00Z,8:30 a.m. control morning,"1, 5",75395,1632057,b9ca3235181edf9ccc51a09d7b45660e2afa1d2f69d02f9786fd67b10c50f252
GLBX.MDP3-mbp-1-bc23faf9d87a4c30.dbn.zst,mbp-1,2024-10-31T17:55:00Z,2024-10-31T18:10:00Z,2:00 p.m. control afternoon,1,334579,7419743,28abe3c518105dbf7fb95be40f6d895298836a366ba561dc38313701963ea01e
GLBX.MDP3-mbp-1-6e1216ae67de9891.dbn.zst,mbp-1,2024-11-01T12:25:00Z,2024-11-01T12:36:00Z,8:30 a.m. release,"1, 5, 8",317232,6859749,a6003e88449fd169e1a0e578324ddd498014fb6fac63aeca2676102c2bf8a6f9
GLBX.MDP3-mbp-1-05e38c44f1eaac62.dbn.zst,mbp-1,2024-11-07T18:55:00Z,2024-11-07T19:40:00Z,FOMC statement and press conference,"1, 5",815610,18258433,e8a9add44d4838fd7fed0124df4054861f3a08edad354eb5835517f888b44ab5
GLBX.MDP3-mbp-1-24b9d5d53dcde837.dbn.zst,mbp-1,2024-11-13T13:25:00Z,2024-11-13T13:36:00Z,8:30 a.m. release,"1, 5, 8",288624,6217131,526b34236567fe0ba434e0b760f906c5093c7c4a5f58fcee6feaac42a4b35c82
GLBX.MDP3-mbp-1-c53ba8da99be6d18.dbn.zst,mbp-1,2024-11-14T13:25:00Z,2024-11-14T13:36:00Z,8:30 a.m. release,"1, 5, 8",166437,3618257,3cb277b22b8bbedfd529c785cef3692d174604b407a926f463a550dc0565091f
GLBX.MDP3-mbp-1-85b0c3cb6f2ed224.dbn.zst,mbp-1,2024-11-15T13:25:00Z,2024-11-15T13:36:00Z,8:30 a.m. release,"1, 5, 8",212540,4574810,3dac847c1199e62febe17f753e73951e5eb6356af117335ef2a86cd0f2e715c0
GLBX.MDP3-mbp-1-77db9b7960af5e88.dbn.zst,mbp-1,2024-11-20T13:25:00Z,2024-11-20T13:36:00Z,8:30 a.m. control morning,"1, 5",77777,1732488,d3d67128b8936e9ad7028003a48caebbf350940ae35885bb827705fd7634fbfc
GLBX.MDP3-mbp-1-ebaa48e944be06b3.dbn.zst,mbp-1,2024-11-20T18:55:00Z,2024-11-20T19:10:00Z,2:00 p.m. control afternoon,1,263734,5875662,e9314e5385797f48ef795e9dd2a89e59eb72fee9d793670ff1d3e17b1d3f1793
GLBX.MDP3-mbp-1-96059c313b1d35c9.dbn.zst,mbp-1,2024-11-21T18:55:00Z,2024-11-21T19:10:00Z,2:00 p.m. control afternoon,1,340957,7659123,0670a064af00ad393a68fcf3a6fdf244a42df36845ec35b9cdc529cb45e0871a
GLBX.MDP3-mbp-1-3660af6e15355c89.dbn.zst,mbp-1,2024-11-27T18:55:00Z,2024-11-27T19:10:00Z,2:00 p.m. control afternoon,1,218756,4857690,acc983adfac71a86e5568c7bb38487def6fed228501d34560e30b79f1fe67390
GLBX.MDP3-mbp-1-66b5a2651f7e32ab.dbn.zst,mbp-1,2024-12-03T13:25:00Z,2024-12-03T13:36:00Z,8:30 a.m. control morning,"1, 5",46696,1030327,9190ccb33a70ef60f2e912a5af9433436a5be95a5896081aed8ae27ee830d22f
GLBX.MDP3-mbp-1-8d98ea19da3470ce.dbn.zst,mbp-1,2024-12-06T13:25:00Z,2024-12-06T13:36:00Z,8:30 a.m. release,"1, 5, 8",239284,5152558,42e7266f3b72a019c284a50755c3664b0b977d32815aff6f6c66f2dad02019e5
GLBX.MDP3-mbp-1-de5a3f350dcf5237.dbn.zst,mbp-1,2024-12-11T13:25:00Z,2024-12-11T13:36:00Z,8:30 a.m. release,"1, 5, 8",230414,5020191,0b681b921c1eb657146e1a400b44036baa21384c3ed6f234c42b0dee3c63110f
GLBX.MDP3-mbp-1-bd8c1a0069d5e116.dbn.zst,mbp-1,2024-12-12T13:25:00Z,2024-12-12T13:36:00Z,8:30 a.m. release,"1, 5, 8",167191,3655776,740aecc7489595dede980ac1dc0484c83a5b4b85c27f49a13874d1fcd085d302
GLBX.MDP3-mbp-1-776737e5bbd3b932.dbn.zst,mbp-1,2024-12-17T13:25:00Z,2024-12-17T13:36:00Z,8:30 a.m. release,"1, 5, 8",118336,2549613,5c1d8381aed3d1729fb201c329e1e7f988099fe0f7fbc95935087433e83ab643
GLBX.MDP3-mbp-1-057289b682d382fe.dbn.zst,mbp-1,2024-12-18T18:55:00Z,2024-12-18T19:40:00Z,FOMC statement and press conference,"1, 5",2257615,49586443,20e54d53b6c0a758e83a36c7a973f05e89bed3f21208810154d3729e44d2f746
GLBX.MDP3-mbp-1-4aa33d5d8bb2446e.dbn.zst,mbp-1,2025-01-08T13:25:00Z,2025-01-08T13:36:00Z,8:30 a.m. control morning,"1, 5",220023,4912007,c1ee5373e5c0d3bf016bde68ae34ab2c6fece85d2d19546bee0cf772ed8a7692
GLBX.MDP3-mbp-1-9dfbf915359ec525.dbn.zst,mbp-1,2025-01-10T13:25:00Z,2025-01-10T13:36:00Z,8:30 a.m. release,"1, 5, 8",458659,10058798,15d4f0ebe373a259609ffb9b5b1fd02c577de29f9a521a70c68b065adc4c58df
GLBX.MDP3-mbp-1-ac04ee20dc090414.dbn.zst,mbp-1,2025-01-14T13:25:00Z,2025-01-14T13:36:00Z,8:30 a.m. release,"1, 5, 8",329260,7239133,164b3a3f9dfba8474266b6b9cec6fe638265339b50a8ca823d109153f8ad5b1a
GLBX.MDP3-mbp-1-12350b928a5019db.dbn.zst,mbp-1,2025-01-15T13:25:00Z,2025-01-15T13:36:00Z,8:30 a.m. release,"1, 5, 8",415987,9078205,985db683c160dacf96f74522b46468f532acf64b761af6c2d0439579b415b685
GLBX.MDP3-mbp-1-be9be61c38134177.dbn.zst,mbp-1,2025-01-16T13:25:00Z,2025-01-16T13:36:00Z,8:30 a.m. release,"1, 5, 8",177520,3893207,6438f3f0affcd64dbd5436495de1fc77ba1b0d7f49df1ff7b7c6f32b5b18ab15
GLBX.MDP3-mbp-1-184f885039481929.dbn.zst,mbp-1,2025-01-22T18:55:00Z,2025-01-22T19:10:00Z,2:00 p.m. control afternoon,1,324985,7276780,a9ba14c0eec26eb8b8faa6b122bdd358bd9164cd0ec3e4ab1cd77b6bb25f96a0
GLBX.MDP3-mbp-1-d80105adbde34f82.dbn.zst,mbp-1,2025-01-29T18:55:00Z,2025-01-29T19:40:00Z,FOMC statement and press conference,"1, 5",1797044,40703336,180ddc4df4b5d2c39b4fc6c22e6f6aef274e0cbb941b3552e60b9a9dd246d68e
GLBX.MDP3-mbp-1-ff0dbb1e86e31a8e.dbn.zst,mbp-1,2025-02-05T18:55:00Z,2025-02-05T19:10:00Z,2:00 p.m. control afternoon,1,244369,5442920,c5511341088688713300491c31fbe2cdad6dbc1d2046e64fafd3462b79d4f5b4
GLBX.MDP3-mbp-1-1feb820979cc4431.dbn.zst,mbp-1,2025-02-07T13:25:00Z,2025-02-07T13:36:00Z,8:30 a.m. release,"1, 5, 8",329477,7217900,c14988944190acdd8ecd407b1bc4799a639e7aee1ddd94fff58f6c107804d0ff
GLBX.MDP3-mbp-1-eea241be40bcdd87.dbn.zst,mbp-1,2025-02-11T13:25:00Z,2025-02-11T13:36:00Z,8:30 a.m. control morning,"1, 5",77505,1747903,e068a1878914259d9fd86d60dba6f8e7f47530adc93130a7d1b35f9e4c170129
GLBX.MDP3-mbp-1-e02de2f53ebb5e17.dbn.zst,mbp-1,2025-02-12T13:25:00Z,2025-02-12T13:36:00Z,8:30 a.m. release,"1, 5, 8",462921,10133857,4c127cc4f082f4881e38de778360ded7b66adfaa8371afbccc19de4c72746a54
GLBX.MDP3-mbp-1-9850813733163d89.dbn.zst,mbp-1,2025-02-13T13:25:00Z,2025-02-13T13:36:00Z,8:30 a.m. release,"1, 5, 8",316116,6960488,774b3908c5c1504199793d86fdcaa551e11e3ba8ee166dcae56ce28f97481f09
GLBX.MDP3-mbp-1-27f07df416773db2.dbn.zst,mbp-1,2025-02-14T13:25:00Z,2025-02-14T13:36:00Z,8:30 a.m. release,"1, 5, 8",164332,3553716,291593ee217da5d4086625b2009ad42141273894c82513e3054760056ae93c31
GLBX.MDP3-mbp-1-6da00b7b2d72faa5.dbn.zst,mbp-1,2025-02-26T18:55:00Z,2025-02-26T19:10:00Z,2:00 p.m. control afternoon,1,706452,15940429,65ea75e93817bcd4def7c78776e21f2b24e89ee8a7f841c0b413f350896bc1fd
GLBX.MDP3-mbp-1-7e7b0b1ab7bab1c6.dbn.zst,mbp-1,2025-03-04T13:25:00Z,2025-03-04T13:36:00Z,8:30 a.m. control morning,"1, 5",198936,4504157,b6fd4c423e15370585cfa15e87724c19c45277fed79c7e9b49810f936f15c3a8
GLBX.MDP3-mbp-1-1da5f0c27912a680.dbn.zst,mbp-1,2025-03-07T13:25:00Z,2025-03-07T13:36:00Z,8:30 a.m. release,"1, 5, 8",435753,9458339,eada7f6ddfa478b3da17920962bbfa937e560bbd0f31d4dccc5001e95134e15a
GLBX.MDP3-mbp-1-457e44277d5b7e67.dbn.zst,mbp-1,2025-03-12T12:25:00Z,2025-03-12T12:36:00Z,8:30 a.m. release,"1, 5, 8",444830,9741228,574481e736f5f53e8d705ffd5c4b12fbffc2ae771e46f810f024b7241a80d39b
GLBX.MDP3-mbp-1-f07cb536bd88bf4c.dbn.zst,mbp-1,2025-03-13T12:25:00Z,2025-03-13T12:36:00Z,8:30 a.m. release,"1, 5, 8",266909,5967958,0e5abcac7dbb8d7b53f8079c3b3867bc2a1f4823b8617a1738e041df03d04024
GLBX.MDP3-mbp-1-791e14370a9c19fd.dbn.zst,mbp-1,2025-03-17T12:25:00Z,2025-03-17T12:36:00Z,8:30 a.m. release,"1, 5, 8",240000,5269020,89c572563db3feadf442edfa452c9c1b92a64d440a10e9a93b1542e181336d08
GLBX.MDP3-mbp-1-cb4c41ea4b388332.dbn.zst,mbp-1,2025-03-19T17:55:00Z,2025-03-19T18:40:00Z,FOMC statement and press conference,"1, 5",1844903,42313803,e1a43b180bdeedc4f9e0d06a0e872d5e4e0879850365c4f6a463458db3c83908
GLBX.MDP3-mbp-1-cb41fbde9dcad583.dbn.zst,mbp-1,2025-03-26T17:55:00Z,2025-03-26T18:10:00Z,2:00 p.m. control afternoon,1,393200,8913827,8a6495b4552c9aeb4b33351b89aa2d98e5facefae63724b5a18a2b2973e1a337
GLBX.MDP3-mbp-1-027bcd8b4ba180bb.dbn.zst,mbp-1,2025-04-04T12:25:00Z,2025-04-04T12:36:00Z,8:30 a.m. release,"1, 5, 8",371119,8107331,dd2cb3c8a7b466412fe9b2ecfe549090d3a8ee2f25b2952f53e58425e812e958
GLBX.MDP3-mbp-1-649d68c6339e8639.dbn.zst,mbp-1,2025-04-08T12:25:00Z,2025-04-08T12:36:00Z,8:30 a.m. control morning,"1, 5",259793,5977517,9dceb8cebe0866065936adc090be29bafbfe2c1e8d315deea84053acd4c59010
GLBX.MDP3-mbp-1-bb8ab53e92abf1da.dbn.zst,mbp-1,2025-04-10T12:25:00Z,2025-04-10T12:36:00Z,8:30 a.m. release,"1, 5, 8",370073,8289569,a989dbdc346fc5b9bbe26c023e20dbc9ea7c22065ee3f5df76e479b3f2fddd4a
GLBX.MDP3-mbp-1-770606d23598a12c.dbn.zst,mbp-1,2025-04-11T12:25:00Z,2025-04-11T12:36:00Z,8:30 a.m. release,"1, 5, 8",227679,4958400,688de311c899e68a9a404b796537a251137036469bd29822a88d8832bac8c230
GLBX.MDP3-mbp-1-2e27f03e0d97fc2d.dbn.zst,mbp-1,2025-04-16T12:25:00Z,2025-04-16T12:36:00Z,8:30 a.m. release,"1, 5, 8",122756,2773055,1777ecc7cf76eb19a941d3a3ed8342d96b0c8a256e605b701fe70cb16c0fa3e7
GLBX.MDP3-mbp-1-b2ff0ece679bc3c2.dbn.zst,mbp-1,2025-04-30T17:55:00Z,2025-04-30T18:10:00Z,2:00 p.m. control afternoon,1,689971,15844378,2cd90cfc0647126a87c9ebeee59facd2c072379fc12a8980be1a6d6f17f90ad8
GLBX.MDP3-mbp-1-da71d1aeb85c12bf.dbn.zst,mbp-1,2025-05-02T12:25:00Z,2025-05-02T12:36:00Z,8:30 a.m. release,"1, 5, 8",281947,6306470,a09bc25dfd7ca2e8a092033d5eaf99658aafa1b23fc3b9c36be6beb1f8058761
GLBX.MDP3-mbp-1-400d7d8f69b25d1f.dbn.zst,mbp-1,2025-05-05T12:25:00Z,2025-05-05T12:36:00Z,8:30 a.m. control morning,"1, 5",71965,1593018,e2bfd30839bcb25e76c8c895d09e4e4a781c7683a4d3650ef2e244ee42f16085
GLBX.MDP3-mbp-1-52ea1190f80de87e.dbn.zst,mbp-1,2025-05-07T17:55:00Z,2025-05-07T18:40:00Z,FOMC statement and press conference,"1, 5",2160703,50205651,f03ba41365f7cc2ff9c7218180686f0ee46fcb7de24dcba59a0850386c32715b
GLBX.MDP3-mbp-1-f533b23d176e0566.dbn.zst,mbp-1,2025-05-13T12:25:00Z,2025-05-13T12:36:00Z,8:30 a.m. release,"1, 5, 8",240493,5413193,0a7c864758f9898dedc4776531a2aa8fb1fb45163d6392ef3b35ea7364fd32ac
GLBX.MDP3-mbp-1-b678e96129569850.dbn.zst,mbp-1,2025-05-14T17:55:00Z,2025-05-14T18:10:00Z,2:00 p.m. control afternoon,1,245258,5600527,0cde1fe2424d68f9bc2780e0996306cc226677524e76804072f5a45f4de48102
GLBX.MDP3-mbp-1-32dfa1cc101d4d3c.dbn.zst,mbp-1,2025-05-15T12:25:00Z,2025-05-15T12:36:00Z,8:30 a.m. release,"1, 5, 8",188031,4164390,00172332ae2e031dba2da6a253a61af6d687a70447f354bc5db2a56296a802f8
GLBX.MDP3-mbp-1-db4240a2f9921a32.dbn.zst,mbp-1,2025-05-21T17:55:00Z,2025-05-21T18:10:00Z,2:00 p.m. control afternoon,1,887008,20524945,603f16ff1fb14654691a605b781637d88d059d89cc6b84d4bc0d73f3fdf45b13
GLBX.MDP3-mbp-1-792414e537b8833e.dbn.zst,mbp-1,2025-06-06T12:25:00Z,2025-06-06T12:36:00Z,8:30 a.m. release,"1, 5, 8",285529,6338724,ed7417f3819471ce0761b6c5f1c399860abf94b0106f0ff6a2cb7e374d74e90b
GLBX.MDP3-mbp-1-bdedd1e8e8e4dcce.dbn.zst,mbp-1,2025-06-10T12:25:00Z,2025-06-10T12:36:00Z,8:30 a.m. control morning,"1, 5",56277,1270334,859182c90fb4eb4bce252641db05a18b0fc26ccafe0ca432c09dc92596d1d6fb
GLBX.MDP3-mbp-1-762c9fe264aa43e0.dbn.zst,mbp-1,2025-06-11T12:25:00Z,2025-06-11T12:36:00Z,8:30 a.m. release,"1, 5, 8",295328,6548442,3a25bf2fd56045eb05809a6d320039de055ba723cc30297108f7a1d9b095aea3
GLBX.MDP3-mbp-1-b6b76660985e74f1.dbn.zst,mbp-1,2025-06-12T12:25:00Z,2025-06-12T12:36:00Z,8:30 a.m. release,"1, 5, 8",173386,3800813,55f94e0419d2fc5a6cc5cdb355096e33f88b4e26193ef44f4b109205d8479ad0
GLBX.MDP3-mbp-1-a19bfd5eb69bbfe8.dbn.zst,mbp-1,2025-06-17T12:25:00Z,2025-06-17T12:36:00Z,8:30 a.m. release,"1, 5, 8",141249,3108123,1cf65be9c22e0be492a82118ab17c3eb78374e212fdcbbb2fca48111b9b78e05
GLBX.MDP3-mbp-1-8991611fc300d197.dbn.zst,mbp-1,2025-06-18T17:55:00Z,2025-06-18T18:40:00Z,FOMC statement and press conference,"1, 5",1489803,33813699,fb6c5d523c0404c9b467daf64c29e2b5fd6510b9d3e19e8f5301facb0e4ad677
GLBX.MDP3-mbp-1-c53a3c974fb6d6e3.dbn.zst,mbp-1,2025-06-25T17:55:00Z,2025-06-25T18:10:00Z,2:00 p.m. control afternoon,1,263360,5918772,dcba7d30b8c4a314cdac4225de2ffe285e5c6cb3846b4520627a9a75290d7c10
GLBX.MDP3-mbp-1-1a8c7b6d9daace64.dbn.zst,mbp-1,2025-07-03T12:25:00Z,2025-07-03T12:36:00Z,8:30 a.m. release,"1, 5, 8",313218,6832135,dd96794757430e1bc974521a8645cac08ce11e0b078dbc26aca6bcf559232216
GLBX.MDP3-mbp-1-18570086d07eab03.dbn.zst,mbp-1,2025-07-08T12:25:00Z,2025-07-08T12:36:00Z,8:30 a.m. control morning,"1, 5",48890,1116690,46c19ed31196b8b83db70d8e39a420e4ea5598d52a0c602630b10951ecb25f85
GLBX.MDP3-mbp-1-6b59c860d48ef2df.dbn.zst,mbp-1,2025-07-15T12:25:00Z,2025-07-15T12:36:00Z,8:30 a.m. release,"1, 5, 8",226881,4915793,23455d6df36286b9fa5651de40de0c321bec6d0f13428b5d11fadb91185814cc
GLBX.MDP3-mbp-1-2369421fba069db0.dbn.zst,mbp-1,2025-07-16T12:25:00Z,2025-07-16T12:36:00Z,8:30 a.m. release,"1, 5, 8",183610,3996985,c9d598e4a953f18c690da2acf89c6d1222af5c76290e5d4121944791f9f5c72d
GLBX.MDP3-mbp-1-7c8667e65db54e96.dbn.zst,mbp-1,2025-07-17T12:25:00Z,2025-07-17T12:36:00Z,8:30 a.m. release,"1, 5, 8",143625,3106231,e4be98ca0a5f198b454dfab4529958653819a2a9e91fa5aec9b9cf8eaca5128e
GLBX.MDP3-mbp-1-9b74dbb1f221f931.dbn.zst,mbp-1,2025-07-23T17:55:00Z,2025-07-23T18:10:00Z,2:00 p.m. control afternoon,1,271362,5914245,0d2bbd5002da088c92895a0a0d66a2d35cfd52e95b2e8ca56cc24054b0a4f75e
GLBX.MDP3-mbp-1-fd84443898bd4f17.dbn.zst,mbp-1,2025-07-30T17:55:00Z,2025-07-30T18:40:00Z,FOMC statement and press conference,"1, 5",1262563,27543047,c118f268dc4b6b3c8326d47b4939554e0fc41ebc8227546df681f41b555e8b4b
GLBX.MDP3-mbp-1-69741baa28c0d3d4.dbn.zst,mbp-1,2025-08-01T12:25:00Z,2025-08-01T12:36:00Z,8:30 a.m. release,"1, 5, 8",387697,8390625,91457b7b3a16d08a15432926625fc7cba8c4bc848b00db36da545c6805cb90b4
GLBX.MDP3-mbp-1-f6add108dda6881d.dbn.zst,mbp-1,2025-08-06T12:25:00Z,2025-08-06T12:36:00Z,8:30 a.m. control morning,"1, 5",72458,1621008,ac33c4b6c6ce3ac29942b9b6114d307963d35fe38c204b169be35f076b485b57
GLBX.MDP3-mbp-1-2975a2d3f7f48fe8.dbn.zst,mbp-1,2025-08-06T17:55:00Z,2025-08-06T18:10:00Z,2:00 p.m. control afternoon,1,219930,4842210,3ed8a54c3d9205476130d99948c0b3fe92bd25fa5fca83fa7a5142d9a7e5dbe1
GLBX.MDP3-mbp-1-fd989620aae8d6b0.dbn.zst,mbp-1,2025-08-12T12:25:00Z,2025-08-12T12:36:00Z,8:30 a.m. release,"1, 5, 8",367204,8034892,d90c5f664750b65c9293e743135ab5d8a2e4a722b5cb5f22dc18a44439ded55f
GLBX.MDP3-mbp-1-93629e59f5676cdb.dbn.zst,mbp-1,2025-08-14T12:25:00Z,2025-08-14T12:36:00Z,8:30 a.m. release,"1, 5, 8",369977,8266053,acf76edcac721e8e476696573bc3dda73d5e5575b3d672b5056447ac85d943e3
GLBX.MDP3-mbp-1-edeffc19a97adfad.dbn.zst,mbp-1,2025-08-15T12:25:00Z,2025-08-15T12:36:00Z,8:30 a.m. release,"1, 5, 8",135466,2983386,6b5608917a81979c07946f714b91613b69af3e3d5074204c5499a04285653000
GLBX.MDP3-mbp-1-662ecc6a337495ad.dbn.zst,mbp-1,2025-09-05T12:25:00Z,2025-09-05T12:36:00Z,8:30 a.m. release,"1, 5, 8",414691,9247961,2f926e3ecd379c36d0b7bb809ad0ad0052c335d2a0ddd7f15612e036a2115064
GLBX.MDP3-mbp-1-f3a933b530c256ce.dbn.zst,mbp-1,2025-09-10T12:25:00Z,2025-09-10T12:36:00Z,8:30 a.m. release,"1, 5, 8",310670,6785076,796828b61d4c73b038be04288605a975cfdf72b949529b366d4a99090fc7e4b0
GLBX.MDP3-mbp-1-b1117d595477e295.dbn.zst,mbp-1,2025-09-10T17:55:00Z,2025-09-10T18:06:00Z,2:00 p.m. control afternoon,1,217778,4772260,d41725d9c6d77dd6e508ef6e3dba062c569c4cda6beeb7d8f532e48513f713d6
GLBX.MDP3-mbp-1-76383e5c4f8ea678.dbn.zst,mbp-1,2025-09-11T12:25:00Z,2025-09-11T12:36:00Z,8:30 a.m. release,"1, 5, 8",412127,9037159,546fc65030356ea029246c303164f6209fda66b857b1275eba46617e9e7e6b96
GLBX.MDP3-mbp-1-e8ad8242cae235ff.dbn.zst,mbp-1,2025-09-17T17:55:00Z,2025-09-17T18:40:00Z,FOMC statement and press conference,"1, 5",3415420,77916634,0f20694fce90aee930b8e3d5569e4d7eec18015b6b69a662ed8883003fbca47f
GLBX.MDP3-mbp-1-c2ccd6d770b399ef.dbn.zst,mbp-1,2025-09-24T17:55:00Z,2025-09-24T18:06:00Z,2:00 p.m. control afternoon,1,218304,4765495,c69c9739d50832b9400a017cd10eb398a6b3964ee50b8c0a46069916d4ae4ce1
GLBX.MDP3-mbp-1-b431d2e018603e12.dbn.zst,mbp-1,2025-10-22T17:55:00Z,2025-10-22T18:06:00Z,2:00 p.m. control afternoon,1,496038,11268542,e18b167a48f2e9a804513a17f4bc31cd7d601aa20df0f20165b8dd61f2b749ff
GLBX.MDP3-mbp-1-fed4633be7589b21.dbn.zst,mbp-1,2025-10-24T12:25:00Z,2025-10-24T12:36:00Z,8:30 a.m. release,"1, 5, 8",398891,8791590,48f3208457d127eb83fa5ecf0e888116c086f25336b0fcdc942af72647b668b6
GLBX.MDP3-mbp-1-50d534f427a22e76.dbn.zst,mbp-1,2025-10-29T17:55:00Z,2025-10-29T18:40:00Z,FOMC statement and press conference,"1, 5",2411944,54083499,8d48e16ea606c6678959e403b56f3b4afa9975192af13eecda5f5df77cb4cdd3
GLBX.MDP3-mbp-1-a2933f63780211a2.dbn.zst,mbp-1,2025-10-31T12:25:00Z,2025-10-31T12:36:00Z,8:30 a.m. control morning,"1, 5",89097,2004720,6c2af36dc49a39c5882201d3748f4903e3f5463cf052b869f222eaba62d31b2a
GLBX.MDP3-mbp-1-fdbaee933d3af9b8.dbn.zst,mbp-1,2025-11-05T18:55:00Z,2025-11-05T19:06:00Z,2:00 p.m. control afternoon,1,249467,5508564,ed874183ecf44273332dfc384e60f3d1268258e485ea333d12121c949c1355ee
GLBX.MDP3-mbp-1-b0317e33f82bc394.dbn.zst,mbp-1,2025-11-20T13:25:00Z,2025-11-20T13:36:00Z,8:30 a.m. release,"1, 5, 8",358742,7939592,cefcc79c0e7819731cb1eef19d8c1c81d87a0dbe5c9e96a3e8f59f250a9c3f9b
GLBX.MDP3-mbp-1-613c7f1b0a0b4d04.dbn.zst,mbp-1,2025-11-25T13:25:00Z,2025-11-25T13:36:00Z,8:30 a.m. release,"1, 5, 8",139037,3242426,a6deece658b63b738ac65b8bdb20024368a8675a17fa14ba12134c31e256b356
GLBX.MDP3-mbp-1-5d9ec83b46da6167.dbn.zst,mbp-1,2025-12-03T18:55:00Z,2025-12-03T19:06:00Z,2:00 p.m. control afternoon,1,238276,5222297,b3e06dc1a7c061571b57efec7e36f85420733cc7b29f4f222e003758cb6d35e4
GLBX.MDP3-mbp-1-b55f3826fcb29c54.dbn.zst,mbp-1,2025-12-10T18:55:00Z,2025-12-10T19:40:00Z,FOMC statement and press conference,"1, 5",2976374,67070815,72d15e613ed003c3c9d1510b4afa0fb361a1614f8c26bc86c19d0c4d3b4ee5e5
GLBX.MDP3-mbp-1-addca3a53cfb2340.dbn.zst,mbp-1,2025-12-16T13:25:00Z,2025-12-16T13:36:00Z,8:30 a.m. release,"1, 5, 8",241582,5234837,ee8fecede07a25cd406d5a2c5d3fb2cbfc4d393961a80a1f7fde6b7918711cb5
GLBX.MDP3-mbp-1-ef456f991434d8e3.dbn.zst,mbp-1,2025-12-17T18:55:00Z,2025-12-17T19:06:00Z,2:00 p.m. control afternoon,1,377775,8703291,f00e4ea89d4f55504b3e1e927983e7fa69f539b266c7da0210ea2455cb59b4d9
GLBX.MDP3-mbp-1-58e36adcde0bd1dd.dbn.zst,mbp-1,2025-12-18T13:25:00Z,2025-12-18T13:36:00Z,8:30 a.m. release,"1, 5, 8",359811,8093303,4766b57c29354402c1636327522186f42d1ff7d59baa186302246724cc567f6c
GLBX.MDP3-mbp-1-a4bf9ed0e7a80ea5.dbn.zst,mbp-1,2026-01-09T13:25:00Z,2026-01-09T13:36:00Z,8:30 a.m. release,"1, 5, 8",325191,7087617,cbef4134d907156d8c88ba8a8a4609617d53b0a0045cfe9dc7298a081344b951
GLBX.MDP3-mbp-1-e38c1e7a2a4441bb.dbn.zst,mbp-1,2026-01-13T13:25:00Z,2026-01-13T13:36:00Z,8:30 a.m. release,"1, 5, 8",345984,7681677,c24898ab183ee41f727ea28159c60539fafb853b38e448fc9b766adc51a495cf
GLBX.MDP3-mbp-1-39fac535a20c3722.dbn.zst,mbp-1,2026-01-14T13:25:00Z,2026-01-14T13:36:00Z,8:30 a.m. release,"1, 5, 8",134551,3064786,0768f708f62f005d15de216b1f35a4d934a5fcabcaaa713c2af8b5abd7e5c4fa
GLBX.MDP3-mbp-1-8b5c361eea8a09b8.dbn.zst,mbp-1,2026-01-20T13:25:00Z,2026-01-20T13:36:00Z,8:30 a.m. control morning,"1, 5",374631,8269605,00a809733ea366b925778181aad67c8b15dcaf61781e5f9556e718e7a9dc8186
GLBX.MDP3-mbp-1-eb6127b9987ce78d.dbn.zst,mbp-1,2026-01-21T18:55:00Z,2026-01-21T19:06:00Z,2:00 p.m. control afternoon,1,502089,11236582,819482017644e215ca5ee6c020e6b11b941e301d83d93eb60cd2046f648bc690
GLBX.MDP3-mbp-1-4d69cf00c3813949.dbn.zst,mbp-1,2026-01-28T18:55:00Z,2026-01-28T19:40:00Z,FOMC statement and press conference,"1, 5",1661250,37767050,28db2d59948a773fc7d07ab15803c6a534c896aba564e1ae838026a24ebf1461
GLBX.MDP3-mbp-1-8493eab270ecef23.dbn.zst,mbp-1,2026-01-30T13:25:00Z,2026-01-30T13:36:00Z,8:30 a.m. release,"1, 5, 8",227496,5155829,6b69c67b185755191e6e9fad7b0b55de1002158697d25d0400395d5fe17b17b9
GLBX.MDP3-mbp-1-9236c3d3f0923d88.dbn.zst,mbp-1,2026-02-04T18:55:00Z,2026-02-04T19:06:00Z,2:00 p.m. control afternoon,1,756574,17289062,6bf81f084401813969a7501741104ed1063a1716f079f3f4dd64ec8d35ce2834
GLBX.MDP3-mbp-1-99bf607060de6e9b.dbn.zst,mbp-1,2026-02-11T13:25:00Z,2026-02-11T13:36:00Z,8:30 a.m. release,"1, 5, 8",409360,8861762,0e0b6b1945909720baefe6c2c698fcbb5bcfd7b3324e5eae7bd9ae8ba99e82bb
GLBX.MDP3-mbp-1-545af3464b97a25a.dbn.zst,mbp-1,2026-02-13T13:25:00Z,2026-02-13T13:36:00Z,8:30 a.m. release,"1, 5, 8",464658,10363309,3e3fc8474b2979d29b56721dc0d19d80d9553006ce65efeca8b38e63f4678c78
GLBX.MDP3-mbp-1-78c92cd6d51b9746.dbn.zst,mbp-1,2026-02-20T13:25:00Z,2026-02-20T13:36:00Z,8:30 a.m. control morning,"1, 5",245837,5608060,c69d64ed37041cae6529d81a9a2227236076b92384faff405834b96782db921c
GLBX.MDP3-mbp-1-158364caca64f5f7.dbn.zst,mbp-1,2026-02-27T13:25:00Z,2026-02-27T13:36:00Z,8:30 a.m. release,"1, 5, 8",252608,5734613,935bf21aa6e956f43f69149988a96248e2a3213b82436f9c17b70b036af9f1c5
GLBX.MDP3-mbp-1-592ecdc9f28099ac.dbn.zst,mbp-1,2026-03-04T13:25:00Z,2026-03-04T13:36:00Z,8:30 a.m. control morning,"1, 5",186379,4206429,4c2a69f1f5c75075ebbc0459c157c03051a142799b846e5e4edc1b6fb502dd9f
GLBX.MDP3-mbp-1-d5b86d8598843019.dbn.zst,mbp-1,2026-03-06T13:25:00Z,2026-03-06T13:36:00Z,8:30 a.m. release,"1, 5, 8",450363,10049859,4ec2c63c2924be9dbb51d2cb6e32a6fbe5cae019aa2eb80aa99718c73af1a825
GLBX.MDP3-mbp-1-89df7556b5f39794.dbn.zst,mbp-1,2026-03-11T12:25:00Z,2026-03-11T12:36:00Z,8:30 a.m. release,"1, 5, 8",175772,3858223,e5ca7947117806c61b3daef19edcfa372377728ffeb11b15f033134606555bc8
GLBX.MDP3-mbp-1-9e4523d4084fa012.dbn.zst,mbp-1,2026-03-18T12:25:00Z,2026-03-18T12:36:00Z,8:30 a.m. release,"1, 5, 8",265894,6024400,99ff84cee9b9e81134f601270cada3f2a4da4ae5f2a4f247941eab6973f088b5
GLBX.MDP3-mbp-1-873976d282d555d4.dbn.zst,mbp-1,2026-03-18T17:55:00Z,2026-03-18T18:40:00Z,FOMC statement and press conference,"1, 5",1845877,42398628,38de3c15c4f9abe5d9b153d1bbfcdf3ef2e8a74054b14adbc7dba69cde0faf59
GLBX.MDP3-mbp-1-e7ba31e8a5044c25.dbn.zst,mbp-1,2026-03-25T17:55:00Z,2026-03-25T18:06:00Z,2:00 p.m. control afternoon,1,352876,8083616,c4860858abc51cf88a74a1a982586f8ddd9247a61e0a7c9c5d349ccc58948617
GLBX.MDP3-mbp-1-6d4df3274ed77644.dbn.zst,mbp-1,2026-04-03T12:25:00Z,2026-04-03T12:36:00Z,8:30 a.m. release,"1, 5, 8",133837,2934056,eab3ed6ad2cc2ad164c7e0a371f8e39583f7058a8c6970f1d90f5836d4e61198
GLBX.MDP3-mbp-1-753aebbd318039f2.dbn.zst,mbp-1,2026-04-10T12:25:00Z,2026-04-10T12:36:00Z,8:30 a.m. release,"1, 5, 8",179484,3977785,79bdc2cbeff515c3bc32fa02568fcac953170feb8b254fd483408a4447cf7642
GLBX.MDP3-mbp-1-47d97645ea72fa26.dbn.zst,mbp-1,2026-04-14T12:25:00Z,2026-04-14T12:36:00Z,8:30 a.m. release,"1, 5, 8",147850,3341793,bdfd4615b866e7cbbc727757e5c36e174ac352a68757bcd9f5e82a190278b1db
GLBX.MDP3-mbp-1-9d2f967fae979331.dbn.zst,mbp-1,2026-04-17T12:25:00Z,2026-04-17T12:36:00Z,8:30 a.m. control morning,"1, 5",240749,5487025,49914a3570fc5899bf1493134d4616111683eebdc5b5d0b7234c63c272728199
GLBX.MDP3-mbp-1-875269a97ec29b7b.dbn.zst,mbp-1,2026-04-22T17:55:00Z,2026-04-22T18:06:00Z,2:00 p.m. control afternoon,1,186682,4225841,0c190a0dcdf7fd9044707a02f92e70b739051bda52778622ae3e46aa40d15d5e
GLBX.MDP3-mbp-1-7d942d1566578420.dbn.zst,mbp-1,2026-04-29T17:55:00Z,2026-04-29T18:40:00Z,FOMC statement and press conference,"1, 5",1530813,34806229,96a89483d96b451e9e583a6fa0eec30a6970ea919d6ec10ca724179a1e685b64
GLBX.MDP3-mbp-1-61f0677df9a70a60.dbn.zst,mbp-1,2026-05-06T17:55:00Z,2026-05-06T18:06:00Z,2:00 p.m. control afternoon,1,190451,4240248,f43b60762e793c12afc683351b26f1d0c84f52caf1c6a3cf17bf243fcb4f75d0
GLBX.MDP3-mbp-1-b38168e20c330bc9.dbn.zst,mbp-1,2026-05-08T12:25:00Z,2026-05-08T12:36:00Z,8:30 a.m. release,"1, 5, 8",210250,4662907,207662c185ffaf72a93d9a5a94ad24d20a40941d4130ba414c0d30d5a7e920ea
GLBX.MDP3-mbp-1-97b20c83e958f12c.dbn.zst,mbp-1,2026-05-12T12:25:00Z,2026-05-12T12:36:00Z,8:30 a.m. release,"1, 5, 8",260002,5867273,e59d8e67b2fe46005df8e626b2ea20f5726d72fc448b2e66d734c16478d6c4ae
GLBX.MDP3-mbp-1-3f7c60554a135c8d.dbn.zst,mbp-1,2026-05-13T12:25:00Z,2026-05-13T12:36:00Z,8:30 a.m. release,"1, 5, 8",256351,5833332,bdd3c3eed786b077f40279e76237c822da5dc348a7746764f33c07e714586e50
GLBX.MDP3-mbp-1-6e8ace90cdc4be82.dbn.zst,mbp-1,2026-05-19T12:25:00Z,2026-05-19T12:36:00Z,8:30 a.m. control morning,"1, 5",120920,2822922,0c5395405d02dc6ab605054c475b6616ad4847fbd1839b5a5b59f2d24047ff1f
GLBX.MDP3-mbp-1-eab5b70f7399407e.dbn.zst,mbp-1,2026-06-05T12:25:00Z,2026-06-05T12:36:00Z,8:30 a.m. release,"1, 5, 8",353369,7988273,f131c322c286ebe8bb379fa9869f6483dafe9eedecbc282ae8f502d0a6c4e336
GLBX.MDP3-mbp-1-a8fe74039106c8a7.dbn.zst,mbp-1,2026-06-10T12:25:00Z,2026-06-10T12:36:00Z,8:30 a.m. release,"1, 5, 8",607872,13824981,2bdda2a61c1695d08b91e85ed7504f7ed271aa415839a5b3626791aff9205208
GLBX.MDP3-mbp-1-69ed7a8df6c1999e.dbn.zst,mbp-1,2026-06-11T12:25:00Z,2026-06-11T12:36:00Z,8:30 a.m. release,"1, 5, 8",441908,10248696,bdfe1dd3909d13d7f8129886474f65cdfec49155ba7dbf05d767be96a530be63
GLBX.MDP3-mbp-1-3fbb424db37fc8b5.dbn.zst,mbp-1,2026-06-17T12:25:00Z,2026-06-17T12:36:00Z,8:30 a.m. control morning,"1, 5",118157,2759761,ca6f3b5305b6e1e54d04db42fc9fdd312d033751589ed19b317bd0ac6b38a94d
GLBX.MDP3-mbp-1-222384e6798430fa.dbn.zst,mbp-1,2026-06-17T17:55:00Z,2026-06-17T18:40:00Z,FOMC statement and press conference,"1, 5",4359394,100132226,834504c61c85d3097d3095146bafcf135b500c6dea468421c6fb0c78d0475fbb
GLBX.MDP3-mbp-1-30790247a5b10ad7.dbn.zst,mbp-1,2026-06-24T17:55:00Z,2026-06-24T18:06:00Z,2:00 p.m. control afternoon,1,577195,13590699,a192e28fbb2d4e83521cd336ab2441d40741f7d8490d71cbe1fb035d900fa7dc
GLBX.MDP3-mbp-1-d99e9ad698dff22e.dbn.zst,mbp-1,2026-07-02T12:25:00Z,2026-07-02T12:36:00Z,8:30 a.m. release,"1, 5, 8",460742,10480668,512f6a4a5a50ba0566d229d2d7af8dff8e3182132a617ad833f40446ad2cd96d
GLBX.MDP3-mbp-1-d62414671bf281df.dbn.zst,mbp-1,2026-07-14T12:25:00Z,2026-07-14T12:36:00Z,8:30 a.m. release,"1, 5, 8",545737,12331544,263882935f18be00305951dad3534227d1180f97b46f5853ca5e6a46b5d86da6
GLBX.MDP3-mbp-1-a5f6fc2a3a64d887.dbn.zst,mbp-1,2026-07-15T12:25:00Z,2026-07-15T12:36:00Z,8:30 a.m. release,"1, 5, 8",223937,5048665,bb6dd81de50a7953a6e5ab0041f25ba65777359bd3f4fc918af17fdc081023fb
GLBX.MDP3-mbp-1-836cee75bd89d8ec.dbn.zst,mbp-1,2026-07-21T12:25:00Z,2026-07-21T12:36:00Z,8:30 a.m. control morning,"1, 5",90678,2096927,0034d4dd1dfabad350796a6606e322845c7eccafbf4185dd356657b8200ebc81
GLBX.MDP3-mbp-1-a6b4b81f0ab462ae.dbn.zst,mbp-1,2026-07-22T17:55:00Z,2026-07-22T18:06:00Z,2:00 p.m. control afternoon,1,280246,6362241,89a4cf17a203c883c014a60986a27cbbc38cc496efd83430d9c31c5756af5674
GLBX.MDP3-mbp-1-deffd57bc251585d.dbn.zst,mbp-1,2026-07-29T17:55:00Z,2026-07-29T18:40:00Z,FOMC statement and press conference,"1, 5",3340841,76863587,05378fe6e2ccf515c7fd87986a27b5e7d85cd010b8b20c5d93306d036f6fc286
GLBX.MDP3-mbp-1-a7d5e30893db534a.dbn.zst,mbp-1,2026-08-05T17:55:00Z,2026-08-05T18:06:00Z,2:00 p.m. control afternoon,1,257214,5867986,73b62f2b86f97fc94d93c3049587d0909734be2bda58046338c5c8d49400d2fc
GLBX.MDP3-mbp-1-4950a0754b4e7d6f.dbn.zst,mbp-1,2026-08-07T12:25:00Z,2026-08-07T12:36:00Z,8:30 a.m. release,"1, 5, 8",390478,8737826,5286782f9fbedfc157ca9272248732ccfb9875f2670c7b6fa055681af5848373
GLBX.MDP3-mbp-1-471e2f4cdf85fedc.dbn.zst,mbp-1,2026-08-12T12:25:00Z,2026-08-12T12:36:00Z,8:30 a.m. release,"1, 5, 8",436102,9764208,c233c014f7693ca8166940054831d055585570b6f1177f0ad472179989d55d5e
GLBX.MDP3-mbp-1-af61afd092c1535a.dbn.zst,mbp-1,2026-08-13T12:25:00Z,2026-08-13T12:36:00Z,8:30 a.m. release,"1, 5, 8",199291,4477334,575831b020744cf907e0c9b5772def9ee91d357271835697e568d86705c85ebb
GLBX.MDP3-mbp-1-b21ca9533cf03cc1.dbn.zst,mbp-1,2026-08-19T12:25:00Z,2026-08-19T12:36:00Z,8:30 a.m. control morning,"1, 5",400875,8864200,14e7c65671d452ab0501948593af3af9cf7086edf0681a18ab8c52ad54bd3fd6
GLBX.MDP3-mbp-1-f75cfdcf4ccb10df.dbn.zst,mbp-1,2026-09-04T12:25:00Z,2026-09-04T12:36:00Z,8:30 a.m. release,"1, 5, 8",513966,11634477,cb1aa6de3cc2deec7f317e70755fbe6cf1abb33a6c7ef852590f1dc1225a8bf3
GLBX.MDP3-mbp-1-1911db37f0e753cb.dbn.zst,mbp-1,2026-09-09T17:55:00Z,2026-09-09T18:06:00Z,2:00 p.m. control afternoon,1,221310,4916786,ed8b7f94bc54ceda987b596e4d153cc0a6bf1d64382779f2470110f06a7cdbd7
GLBX.MDP3-mbp-1-9e4f04a4546ef9f3.dbn.zst,mbp-1,2026-09-10T12:25:00Z,2026-09-10T12:36:00Z,8:30 a.m. release,"1, 5, 8",407748,9356460,2a80b9d1e7ff24708035cce7d3c2b6875ba877801fb896135114c65271f71272
GLBX.MDP3-mbp-1-19798ab8407d4298.dbn.zst,mbp-1,2026-09-11T12:25:00Z,2026-09-11T12:36:00Z,8:30 a.m. release,"1, 5, 8",647241,14747779,0d54791a28cbce35d2cf1cfcfdddc7c7a74196701256fb70515393c43e8df263
GLBX.MDP3-mbp-1-fb9ebcd065201e6d.dbn.zst,mbp-1,2026-09-16T17:55:00Z,2026-09-16T18:40:00Z,FOMC statement and press conference,"1, 5",3358186,76101935,b5dc04a3083efa58aee2eff11a896ee8cf3aaed656ce8892313fcea5a5ead680
GLBX.MDP3-mbp-1-58787e17e96b95ee.dbn.zst,mbp-1,2026-09-18T12:25:00Z,2026-09-18T12:36:00Z,8:30 a.m. control morning,"1, 5",116665,2686817,c19eb887f1bae955287dd7fed9a3ae353831a285455d0ecdc606b2270282c149
GLBX.MDP3-mbp-1-ff8a0304e5e8150d.dbn.zst,mbp-1,2026-09-23T17:55:00Z,2026-09-23T18:06:00Z,2:00 p.m. control afternoon,1,338924,7539915,03a217b1fed53f038d54e5e9d67e5898b1eacbb3f87e064a172c83aedfca3fc9
GLBX.MDP3-ohlcv-1m-9bab1b0081310dd5.dbn.zst,ohlcv-1m,2015-01-01T00:00:00Z,2016-01-01T00:00:00Z,one-minute bars,"5, 8",994340,12412511,7076362795fea767f88072c53db096eb4968d8c0a41a8dae565f0bba3795f459
GLBX.MDP3-ohlcv-1m-e63d8feef0f0ad11.dbn.zst,ohlcv-1m,2016-01-01T00:00:00Z,2017-01-01T00:00:00Z,one-minute bars,"5, 8",1006566,12460083,b6b43781af7c8687577798c8ae1c8113be0eb7a794b0a7473585c22d64e81de9
GLBX.MDP3-ohlcv-1m-783ce05d003c378c.dbn.zst,ohlcv-1m,2017-01-01T00:00:00Z,2018-01-01T00:00:00Z,one-minute bars,"5, 8",1001200,11937892,dc9fdb6f73af1bdaaf74fc3caba5137cfda24e8c980d2a0546b1dbec9aaa97df
GLBX.MDP3-ohlcv-1m-da3e83d4525223b8.dbn.zst,ohlcv-1m,2018-01-01T00:00:00Z,2019-01-01T00:00:00Z,one-minute bars,"5, 8",1012776,13417163,58895432277a29aba2b11b3a68ec7c2c4f23455d479865e2bb528f2e1fc535cb
GLBX.MDP3-ohlcv-1m-63c945609b6c2435.dbn.zst,ohlcv-1m,2019-01-01T00:00:00Z,2020-01-01T00:00:00Z,one-minute bars,"5, 8",1023644,13357575,57bb5f7467489715bf4429751c0bfc7afcb0d5f667826d4d0c7a38f78980672b
GLBX.MDP3-ohlcv-1m-0697bf5afddc3321.dbn.zst,ohlcv-1m,2020-01-01T00:00:00Z,2021-01-01T00:00:00Z,one-minute bars,"5, 8",1030351,15134422,f12f1ed216a5d5dceec626470cdfddb0c8c91d18819d0ef8bd2f06cf7013f648
GLBX.MDP3-ohlcv-1m-17fcdedcc2b950bc.dbn.zst,ohlcv-1m,2021-01-01T00:00:00Z,2022-01-01T00:00:00Z,one-minute bars,"5, 8",1043903,14739461,2bdbcf151033d20bbbc781a06517d508500863744d143348c7ac9415925ea343
GLBX.MDP3-ohlcv-1m-11851b06a32d7a6a.dbn.zst,ohlcv-1m,2022-01-01T00:00:00Z,2023-01-01T00:00:00Z,one-minute bars,"5, 8",1051617,16329620,f1b76ba57689cf6102fcf0cd81fd87df6d832300c3aaeff7a2079a04016bcda4
GLBX.MDP3-ohlcv-1m-31d6da83caaa87bc.dbn.zst,ohlcv-1m,2023-01-01T00:00:00Z,2023-07-01T00:00:00Z,one-minute bars,"5, 8",520647,7508998,2b73ae2dcabffca22c31ffd8d754a74783a66111fc7722c5bdc52bcfa0897fd5
GLBX.MDP3-ohlcv-1m-71a2a6e595393d54.dbn.zst,ohlcv-1m,2023-07-01T00:00:00Z,2024-01-01T00:00:00Z,one-minute bars,"5, 8",521576,7387118,8900545f47a66ff10afdc9d8a667307f12fe59d83c294d0c6564a99d377bb396
GLBX.MDP3-ohlcv-1m-807a136dbbd191a7.dbn.zst,ohlcv-1m,2024-01-01T00:00:00Z,2025-01-01T00:00:00Z,one-minute bars,"5, 8",1043355,15191808,b60f085944ccd08c96eeb49db9986ec676872dc82ac637e643581a047ce65575
GLBX.MDP3-ohlcv-1m-4d3d21e936f7a074.dbn.zst,ohlcv-1m,2025-01-01T00:00:00Z,2025-07-01T00:00:00Z,one-minute bars,"5, 8",511391,8107530,eef6737f062cc1e3f391cf95592bc671a23c1c8b7c67fb6fbc7628ff172630e7
GLBX.MDP3-ohlcv-1m-d2e897c2324ed5aa.dbn.zst,ohlcv-1m,2025-07-01T00:00:00Z,2026-01-01T00:00:00Z,one-minute bars,"5, 8",518261,7713408,33cab71802d6cfec27b6bfa1e327f014976c4efd3986c4592d419633d29e7a46
GLBX.MDP3-ohlcv-1m-a973f78764334712.dbn.zst,ohlcv-1m,2026-01-01T00:00:00Z,2026-04-01T00:00:00Z,one-minute bars,"5, 8",253919,4055278,2daff746a83de2956fd088785de55bbdbb7c2e92765735eb3e715f9388c70f77
GLBX.MDP3-ohlcv-1m-949e975167c996e1.dbn.zst,ohlcv-1m,2026-04-01T00:00:00Z,2026-07-01T00:00:00Z,one-minute bars,"5, 8",258074,4168934,19b52c413d60b5740baea1143928ee3f68cc58aaf7d52fe66432d84f7f87834e
GLBX.MDP3-ohlcv-1m-05608ec5bb9c2875.dbn.zst,ohlcv-1m,2026-07-01T00:00:00Z,2026-10-01T00:00:00Z,one-minute bars,"5, 8",262564,4170194,86dd221a2bcbd7f51bbe98f33879fa21a354c5a297ba9fa6922159c4be7096e0
GLBX.MDP3-trades-d3bee64d7300fc3f.dbn.zst,trades,2015-01-28T18:30:00Z,2015-01-28T21:00:00Z,"FOMC afternoon, 1:30-4:00 p.m. (trade-volume columns of the panel; optional)",8,448105,2715931,198ce63348cd794a3ed2ca57f34630bc16385e81ab8316ff9b0588e2abba3101
GLBX.MDP3-trades-ae5d17967e1e7598.dbn.zst,trades,2015-03-18T17:30:00Z,2015-03-18T20:00:00Z,"FOMC afternoon, 1:30-4:00 p.m. (trade-volume columns of the panel; optional)",8,501666,3078058,6297887bc1898081ef6d530485f20873c54549742ea49b18952b51aa53fa1752
GLBX.MDP3-trades-3a3e5eba8ad96646.dbn.zst,trades,2015-04-29T17:30:00Z,2015-04-29T20:00:00Z,"FOMC afternoon, 1:30-4:00 p.m. (trade-volume columns of the panel; optional)",8,287372,1743983,65e7858094bce0b320cc29fa8aa4d0d59cd11a1d36583a0ec9e7b9aebbfc694d
GLBX.MDP3-trades-15802d7f16fc81a8.dbn.zst,trades,2015-06-17T17:30:00Z,2015-06-17T20:00:00Z,"FOMC afternoon, 1:30-4:00 p.m. (trade-volume columns of the panel; optional)",8,335773,1995645,3325a0db57a355890ee9aa88d13aa41999ad4dd798d31518041fb4f3f7a0b41d
GLBX.MDP3-trades-a4f6d06f915ece9b.dbn.zst,trades,2015-07-29T17:30:00Z,2015-07-29T20:00:00Z,"FOMC afternoon, 1:30-4:00 p.m. (trade-volume columns of the panel; optional)",8,249375,1395743,f58178c6925b64b79e3d22a9d949636dea9fcb08942af11c44ea8c4b2058df7f
GLBX.MDP3-trades-e3fbac788b07c480.dbn.zst,trades,2015-09-17T17:30:00Z,2015-09-17T20:00:00Z,"FOMC afternoon, 1:30-4:00 p.m. (trade-volume columns of the panel; optional)",8,728816,4371148,9d0ff2876bafc36c2ccfd2b37c3dba94c3096f689619f8341c111c5f04d15d46
GLBX.MDP3-trades-46273b1a32668957.dbn.zst,trades,2015-10-28T17:30:00Z,2015-10-28T20:00:00Z,"FOMC afternoon, 1:30-4:00 p.m. (trade-volume columns of the panel; optional)",8,548325,2990689,2f6d0ea9d2bf132df2145dbc3a42f11959a9dbfaaa53f64db33f001f4884774f
GLBX.MDP3-trades-9396f45cad15c6ed.dbn.zst,trades,2015-12-16T18:30:00Z,2015-12-16T21:00:00Z,"FOMC afternoon, 1:30-4:00 p.m. (trade-volume columns of the panel; optional)",8,213461,2991918,05aef1c924e63cbe7efbe3b3b2e7b37c1259910ace3d89945a93e068a2189e74
GLBX.MDP3-trades-a9c3430970a6ab17.dbn.zst,trades,2016-01-27T18:30:00Z,2016-01-27T21:00:00Z,"FOMC afternoon, 1:30-4:00 p.m. (trade-volume columns of the panel; optional)",8,242917,3418193,01d34400c687a8e3c16e89a5de160d08a890f28e69cbbe4dd4b4b6cb9b096709
GLBX.MDP3-trades-445b6166ed1983f2.dbn.zst,trades,2016-03-16T17:30:00Z,2016-03-16T20:00:00Z,"FOMC afternoon, 1:30-4:00 p.m. (trade-volume columns of the panel; optional)",8,197165,2740496,50a498cc7a16b3cc8f0ee5982b5f9f60068574ba270054d75c423677f4d2406b
GLBX.MDP3-trades-6f1abebb2cd582f1.dbn.zst,trades,2016-04-27T17:30:00Z,2016-04-27T20:00:00Z,"FOMC afternoon, 1:30-4:00 p.m. (trade-volume columns of the panel; optional)",8,118198,1681789,cd902facc58bdc6283c634c74d61ff0c75b4c534c5fc58d9416f3c5321e7adc4
GLBX.MDP3-trades-ac47539dacfe6ba3.dbn.zst,trades,2016-06-15T17:30:00Z,2016-06-15T20:00:00Z,"FOMC afternoon, 1:30-4:00 p.m. (trade-volume columns of the panel; optional)",8,130925,1819032,e202951c4a8348bce139e847b3fb88d314a448fc4c2b67d56d92f9a468477cab
GLBX.MDP3-trades-4ff42aa401a15cf2.dbn.zst,trades,2016-07-27T17:30:00Z,2016-07-27T20:00:00Z,"FOMC afternoon, 1:30-4:00 p.m. (trade-volume columns of the panel; optional)",8,102111,1435373,202f75d24830c6629510297957d2e1562e31c1cdd4183f8ffdeaf1b8ff28433b
GLBX.MDP3-trades-7baad077bb336eee.dbn.zst,trades,2016-09-21T17:30:00Z,2016-09-21T20:00:00Z,"FOMC afternoon, 1:30-4:00 p.m. (trade-volume columns of the panel; optional)",8,177757,2496834,45ff206355209fb121102221e1a0d6c9d10896768bcb6417b485647119452b7e
GLBX.MDP3-trades-7f0b9d73b1490cd3.dbn.zst,trades,2016-11-02T17:30:00Z,2016-11-02T20:00:00Z,"FOMC afternoon, 1:30-4:00 p.m. (trade-volume columns of the panel; optional)",8,123783,1739154,5a9bf804118894267323a12340ad761574e2e9b69d8ddc8890db28f69c6dd3d3
GLBX.MDP3-trades-c18e6e36784e0536.dbn.zst,trades,2016-12-14T18:30:00Z,2016-12-14T21:00:00Z,"FOMC afternoon, 1:30-4:00 p.m. (trade-volume columns of the panel; optional)",8,241407,3349926,5f592d36ecd03eb68e909d219a6925077dc7d634c8b1db52ded65f9ab7978f5f
GLBX.MDP3-trades-cc7361236539e2cf.dbn.zst,trades,2017-02-01T18:30:00Z,2017-02-01T21:00:00Z,"FOMC afternoon, 1:30-4:00 p.m. (trade-volume columns of the panel; optional)",8,93816,1295699,03f0412e043d9e1328a461f2d459d4d5bc3b7df5d183bbe4330d3df2364c5eff
GLBX.MDP3-trades-84aebb1a53dc1640.dbn.zst,trades,2017-03-15T17:30:00Z,2017-03-15T20:00:00Z,"FOMC afternoon, 1:30-4:00 p.m. (trade-volume columns of the panel; optional)",8,145525,1975281,e45e90456c800929a2065fccedd40b910122112fd046f7b055a5b0d82596add3
GLBX.MDP3-trades-443afa5eb85b6184.dbn.zst,trades,2017-05-03T17:30:00Z,2017-05-03T20:00:00Z,"FOMC afternoon, 1:30-4:00 p.m. (trade-volume columns of the panel; optional)",8,67098,910371,602c108aa2d008531fa6d370b1effdca3ed3b458440c284516c7eea675b1ec69
GLBX.MDP3-trades-9421a3d20dc82859.dbn.zst,trades,2017-06-14T17:30:00Z,2017-06-14T20:00:00Z,"FOMC afternoon, 1:30-4:00 p.m. (trade-volume columns of the panel; optional)",8,170398,3262369,a3f099d43b3c805628905eb7207691c20d91ced4d08fb43049a59aeed99859df
GLBX.MDP3-trades-400f82f027400e6d.dbn.zst,trades,2017-07-26T17:30:00Z,2017-07-26T20:00:00Z,"FOMC afternoon, 1:30-4:00 p.m. (trade-volume columns of the panel; optional)",8,68202,1301809,cd7ca2f674daa947ebdb9189984816b2d0c66e1dd2629628f7ca4252fc2b4007
GLBX.MDP3-trades-c82316cec22bfbc1.dbn.zst,trades,2017-09-20T17:30:00Z,2017-09-20T20:00:00Z,"FOMC afternoon, 1:30-4:00 p.m. (trade-volume columns of the panel; optional)",8,138588,2628153,ef0a000656b6f13fcd173bc5ed8b6a44e964a37572bf4b745a5b2f5bda781b09
GLBX.MDP3-trades-8d77fff6a15c3aff.dbn.zst,trades,2017-11-01T17:30:00Z,2017-11-01T20:00:00Z,"FOMC afternoon, 1:30-4:00 p.m. (trade-volume columns of the panel; optional)",8,62673,1211883,af060737d0054ddd746fd657bd83a84fe1eddec9c04dcd3d1b2dbe4fa99f53c4
GLBX.MDP3-trades-3556a78e8c92224f.dbn.zst,trades,2017-12-13T18:30:00Z,2017-12-13T21:00:00Z,"FOMC afternoon, 1:30-4:00 p.m. (trade-volume columns of the panel; optional)",8,83453,1573238,64a1270100bf62ff75f6f88654cf85effb26d5f6e67ec29bc1b4ec50ceb7549c
GLBX.MDP3-trades-2fe68c0da299daf5.dbn.zst,trades,2018-01-31T18:30:00Z,2018-01-31T21:00:00Z,"FOMC afternoon, 1:30-4:00 p.m. (trade-volume columns of the panel; optional)",8,168092,3180533,7416ad48cd9a040987c478a96b766a25ecce7ab2c5d3f796918b7b7a84c39da7
GLBX.MDP3-trades-98f365a59d836043.dbn.zst,trades,2018-03-21T17:30:00Z,2018-03-21T20:00:00Z,"FOMC afternoon, 1:30-4:00 p.m. (trade-volume columns of the panel; optional)",8,293283,5462305,884a0de7e28c0fd447963704fca97a035f189ead32711da5f38979b631865dfc
GLBX.MDP3-trades-eedb0d5805b86cb3.dbn.zst,trades,2018-05-02T17:30:00Z,2018-05-02T20:00:00Z,"FOMC afternoon, 1:30-4:00 p.m. (trade-volume columns of the panel; optional)",8,152455,2898502,070841b366d3063f13a2d1a96c93318b7ee5b5be8ed305f905a430ddbfb6c13e
GLBX.MDP3-trades-e5f6cc0bfa8af6d6.dbn.zst,trades,2018-06-13T17:30:00Z,2018-06-13T20:00:00Z,"FOMC afternoon, 1:30-4:00 p.m. (trade-volume columns of the panel; optional)",8,168558,3130929,f53366e19c7c60edd988ea6dd56f8c899fb4d8442b907cf3ef824dd59aa15d90
GLBX.MDP3-trades-00da2ddb903535ec.dbn.zst,trades,2018-08-01T17:30:00Z,2018-08-01T20:00:00Z,"FOMC afternoon, 1:30-4:00 p.m. (trade-volume columns of the panel; optional)",8,90611,1745875,05ee70a6ae1b7fee9b943d71c0fbf0b3dc1993390e041c27eb622bba5dd060b7
GLBX.MDP3-trades-266e1f3841bc2526.dbn.zst,trades,2018-09-26T17:30:00Z,2018-09-26T20:00:00Z,"FOMC afternoon, 1:30-4:00 p.m. (trade-volume columns of the panel; optional)",8,169227,3145818,9d3f984e05703cdeb0813bff45d6239a8028392e5b434168138892f3475b77a6
GLBX.MDP3-trades-3f9b0d39a99f2648.dbn.zst,trades,2018-11-08T18:30:00Z,2018-11-08T21:00:00Z,"FOMC afternoon, 1:30-4:00 p.m. (trade-volume columns of the panel; optional)",8,167624,3161967,3a1177c6050d34135fd5e9c93e7c36e8364a742fcc13b72e086f0ae4ed64c0df
GLBX.MDP3-trades-38b13e0850b9669b.dbn.zst,trades,2018-12-19T18:30:00Z,2018-12-19T21:00:00Z,"FOMC afternoon, 1:30-4:00 p.m. (trade-volume columns of the panel; optional)",8,624435,11627157,f4a3d8c6d6e7950315357db5c4cdd1a17b5bbd23e60219a9ebb41a727297ca5f
GLBX.MDP3-trades-dd9e53b8632be2de.dbn.zst,trades,2019-01-30T18:30:00Z,2019-01-30T21:00:00Z,"FOMC afternoon, 1:30-4:00 p.m. (trade-volume columns of the panel; optional)",8,223626,4183395,a5cd9ac74d068663a333e0b49b2385073f4a039832d473b1f2257c99b9ec37c1
GLBX.MDP3-trades-c448c941cda51f52.dbn.zst,trades,2019-03-20T17:30:00Z,2019-03-20T20:00:00Z,"FOMC afternoon, 1:30-4:00 p.m. (trade-volume columns of the panel; optional)",8,216869,4125450,7466409d2629fbc8036f62d0e3cc6885b7b990b17471ce53a71d073ff34ffd84
GLBX.MDP3-trades-4f7277cfd5be3bbd.dbn.zst,trades,2019-05-01T17:30:00Z,2019-05-01T20:00:00Z,"FOMC afternoon, 1:30-4:00 p.m. (trade-volume columns of the panel; optional)",8,204094,3845937,e14760882b911403439923ca85061840fe1d3987b0b2075ae226db887382d0c6
GLBX.MDP3-trades-b7c6651b6ee5ef5c.dbn.zst,trades,2019-06-19T17:30:00Z,2019-06-19T20:00:00Z,"FOMC afternoon, 1:30-4:00 p.m. (trade-volume columns of the panel; optional)",8,246013,4698207,a636c34e8da9ac253c09d898c5ebad7fc3a5e1dbb40ad59c698bbdb6864e2fb9
GLBX.MDP3-trades-7f1afae234290a09.dbn.zst,trades,2019-07-31T17:30:00Z,2019-07-31T20:00:00Z,"FOMC afternoon, 1:30-4:00 p.m. (trade-volume columns of the panel; optional)",8,420281,7947869,b3c6446b78126376118e91fda1be3e6aa4247b804ce9bad1346f3bccfc5914b2
GLBX.MDP3-trades-ee0ebdf25abcea5b.dbn.zst,trades,2019-09-18T17:30:00Z,2019-09-18T20:00:00Z,"FOMC afternoon, 1:30-4:00 p.m. (trade-volume columns of the panel; optional)",8,260616,4973210,8a23b58cc806f06d20d7013a98f9976d121532afcead3042c6812806dc463f35
GLBX.MDP3-trades-9c137ef52da7bfcf.dbn.zst,trades,2019-10-30T17:30:00Z,2019-10-30T20:00:00Z,"FOMC afternoon, 1:30-4:00 p.m. (trade-volume columns of the panel; optional)",8,165433,3140264,37ff0ada8da1e0f9426231863a7ae038a9f107ad0433f162be0e572ac5356f12
GLBX.MDP3-trades-0524da2a553d779c.dbn.zst,trades,2019-12-11T18:30:00Z,2019-12-11T21:00:00Z,"FOMC afternoon, 1:30-4:00 p.m. (trade-volume columns of the panel; optional)",8,109493,2036128,c2492aa6b5891572b7bcc21254018092c1738ef966739408a93a1221854127cf
GLBX.MDP3-trades-c694fd7d53b98fe2.dbn.zst,trades,2020-01-29T18:30:00Z,2020-01-29T21:00:00Z,"FOMC afternoon, 1:30-4:00 p.m. (trade-volume columns of the panel; optional)",8,162625,3077878,c1933ec1113ae84bfd129f8c520ad76903c07e88dbda6e8d7454edce80dfa540
GLBX.MDP3-trades-f4fb1a0515685293.dbn.zst,trades,2020-04-29T17:30:00Z,2020-04-29T20:00:00Z,"FOMC afternoon, 1:30-4:00 p.m. (trade-volume columns of the panel; optional)",8,182510,3525290,f441c3370f9559d319b02223bf1f3b676c96d1e5654f955cf023d39b80e75b2c
GLBX.MDP3-trades-5084e619e67b917d.dbn.zst,trades,2020-06-10T17:30:00Z,2020-06-10T20:00:00Z,"FOMC afternoon, 1:30-4:00 p.m. (trade-volume columns of the panel; optional)",8,327418,6345066,af2e3d7275fe7d9159c63eac8128f11d1169a23a04da5ca50d21bd8af840fe0c
GLBX.MDP3-trades-7352c3b8802540ce.dbn.zst,trades,2020-07-29T17:30:00Z,2020-07-29T20:00:00Z,"FOMC afternoon, 1:30-4:00 p.m. (trade-volume columns of the panel; optional)",8,167045,3198361,b57af1760c64f64b181dc370ac6b21e5047962102b203b4ae0d1f7c032640e2a
GLBX.MDP3-trades-32156ab7833405a6.dbn.zst,trades,2020-09-16T17:30:00Z,2020-09-16T20:00:00Z,"FOMC afternoon, 1:30-4:00 p.m. (trade-volume columns of the panel; optional)",8,294928,5751963,5a9978485300a35be33aa128e3cccd2c4213884689803506d7ce1aac77733fd2
GLBX.MDP3-trades-0bdbb0264832690f.dbn.zst,trades,2020-11-05T18:30:00Z,2020-11-05T21:00:00Z,"FOMC afternoon, 1:30-4:00 p.m. (trade-volume columns of the panel; optional)",8,198566,3905546,3d88e8ab9252bcb0b9b4645e37b06c0b9ca40a7b45b434a57210aefe6ad2175d
GLBX.MDP3-trades-15b03032b87db638.dbn.zst,trades,2020-12-16T18:30:00Z,2020-12-16T21:00:00Z,"FOMC afternoon, 1:30-4:00 p.m. (trade-volume columns of the panel; optional)",8,177217,3441967,60e15f441933944f6e73f10887680482f235787654ca3bf1e260d52315036b18
GLBX.MDP3-trades-8da024ecbf86bd88.dbn.zst,trades,2021-01-27T18:30:00Z,2021-01-27T21:00:00Z,"FOMC afternoon, 1:30-4:00 p.m. (trade-volume columns of the panel; optional)",8,368261,7132160,a2ee30a2c4e583bef01e798374d190febd6d1c17549082f8471d9e6d94a20fe6
GLBX.MDP3-trades-c193eff9e7c6d8d6.dbn.zst,trades,2021-03-17T17:30:00Z,2021-03-17T20:00:00Z,"FOMC afternoon, 1:30-4:00 p.m. (trade-volume columns of the panel; optional)",8,360822,6950784,076f71a25251c713ad1e3be7a8866ec46ba11b3f26dae3ad6b16835a9a1bfa83
GLBX.MDP3-trades-7400e657367c12b1.dbn.zst,trades,2021-04-28T17:30:00Z,2021-04-28T20:00:00Z,"FOMC afternoon, 1:30-4:00 p.m. (trade-volume columns of the panel; optional)",8,220380,4263981,16ba890055802f4e178f87cceea47c888985873a0480e5cc820b367647ee4f87
GLBX.MDP3-trades-5fbd3d60b57d86b7.dbn.zst,trades,2021-06-16T17:30:00Z,2021-06-16T20:00:00Z,"FOMC afternoon, 1:30-4:00 p.m. (trade-volume columns of the panel; optional)",8,407849,7902080,60f235db34bdd9cfb011e008858e053f4539776a828126745fed21371551a8ac
GLBX.MDP3-trades-627778a4d44c1a0b.dbn.zst,trades,2021-07-28T17:30:00Z,2021-07-28T20:00:00Z,"FOMC afternoon, 1:30-4:00 p.m. (trade-volume columns of the panel; optional)",8,194172,3791360,86a6464888d54a060ecac56520ccf58a9a4120948333016f9f78e45d5f2995f9
GLBX.MDP3-trades-59b3ddb2183d5a26.dbn.zst,trades,2021-09-22T17:30:00Z,2021-09-22T20:00:00Z,"FOMC afternoon, 1:30-4:00 p.m. (trade-volume columns of the panel; optional)",8,337071,6445712,b0d0834d051ec3067febeba77fe7e2ec6b8899f0e0060cbf5229d6cbfade9810
GLBX.MDP3-trades-bdffe45e645559a6.dbn.zst,trades,2021-11-03T17:30:00Z,2021-11-03T20:00:00Z,"FOMC afternoon, 1:30-4:00 p.m. (trade-volume columns of the panel; optional)",8,265847,5026437,ebbb69a52bb4826405c7c5005a4b387dc111db46b4af7d83404ad98f1dc50f1d
GLBX.MDP3-trades-ea09fe66794fb014.dbn.zst,trades,2021-12-15T18:30:00Z,2021-12-15T21:00:00Z,"FOMC afternoon, 1:30-4:00 p.m. (trade-volume columns of the panel; optional)",8,525609,10041950,6e1ee2ec82aa4c2b4ef7c87ff9d0f6e86fd9d29fa766cd92168f3fa17e4de8fa
GLBX.MDP3-trades-668cd9480af8f79e.dbn.zst,trades,2022-01-26T18:30:00Z,2022-01-26T21:00:00Z,"FOMC afternoon, 1:30-4:00 p.m. (trade-volume columns of the panel; optional)",8,723794,13692556,e095afd64cd019f2141b96574b241b4306b2d07e3ef43ff80cf8bba3abb8e635
GLBX.MDP3-trades-ebe4c7e6a6d3f2fa.dbn.zst,trades,2022-03-16T17:30:00Z,2022-03-16T20:00:00Z,"FOMC afternoon, 1:30-4:00 p.m. (trade-volume columns of the panel; optional)",8,440901,8419013,4c67528153b0867ed5cace7498c1c1e4e87441f28db0c40edeaf4a0268b80aeb
GLBX.MDP3-trades-7db2804252fca2df.dbn.zst,trades,2022-05-04T17:30:00Z,2022-05-04T20:00:00Z,"FOMC afternoon, 1:30-4:00 p.m. (trade-volume columns of the panel; optional)",8,616088,11817474,e255fa3ea3bba46103e23b839aa9d11b5c025cc6a993bd785d98bf5a86d32987
GLBX.MDP3-trades-be4bf1fdc0c74914.dbn.zst,trades,2022-06-15T17:30:00Z,2022-06-15T20:00:00Z,"FOMC afternoon, 1:30-4:00 p.m. (trade-volume columns of the panel; optional)",8,628301,12167352,204b691071e81b94f1a76bb9635a355bf3e01648ee7cb598556e78b7e624d917
GLBX.MDP3-trades-88682e0a76a18cec.dbn.zst,trades,2022-07-27T17:30:00Z,2022-07-27T20:00:00Z,"FOMC afternoon, 1:30-4:00 p.m. (trade-volume columns of the panel; optional)",8,434369,8236516,fe6d8c8b9ded9a4f9222b0f29a8846855b70d57b94beac9b5e828a38a5d77f33
GLBX.MDP3-trades-84162b0be13a0cc0.dbn.zst,trades,2022-09-21T17:30:00Z,2022-09-21T20:00:00Z,"FOMC afternoon, 1:30-4:00 p.m. (trade-volume columns of the panel; optional)",8,794798,15246239,57304c5232ead24a5c41843150cef3d48165978dca0f7dbe161a57ba4ec79f34
GLBX.MDP3-trades-eed86406181be3a8.dbn.zst,trades,2022-11-02T17:30:00Z,2022-11-02T20:00:00Z,"FOMC afternoon, 1:30-4:00 p.m. (trade-volume columns of the panel; optional)",8,777677,14693473,4e70ad88fca7bcaed4503cc3c20d46f0ca418eb1668a188d84d636dffc322024
GLBX.MDP3-trades-121c6d8abdfa66b4.dbn.zst,trades,2022-12-14T18:30:00Z,2022-12-14T21:00:00Z,"FOMC afternoon, 1:30-4:00 p.m. (trade-volume columns of the panel; optional)",8,617680,11981686,007cab9d73215fb21177412566774285b1d66d13284b3016c574b0c9c5210254
GLBX.MDP3-trades-142f690f242c57b0.dbn.zst,trades,2023-02-01T18:30:00Z,2023-02-01T21:00:00Z,"FOMC afternoon, 1:30-4:00 p.m. (trade-volume columns of the panel; optional)",8,571021,10828522,27d450bfb54b963765380fd0959e95e20ced93037dabd09b48e40b5f914f9ecf
GLBX.MDP3-trades-5f378cb89f4a9967.dbn.zst,trades,2023-03-22T17:30:00Z,2023-03-22T20:00:00Z,"FOMC afternoon, 1:30-4:00 p.m. (trade-volume columns of the panel; optional)",8,632515,12158464,7b7af6562ca74c5cd73b41f9659ee749d1800c7ecdaad97617825f480c9269a2
GLBX.MDP3-trades-20f857c4f1c5cb91.dbn.zst,trades,2023-05-03T17:30:00Z,2023-05-03T20:00:00Z,"FOMC afternoon, 1:30-4:00 p.m. (trade-volume columns of the panel; optional)",8,509479,9852341,3fc66dc6309fe9d3f75abb6ae5ef97b7d93871a16124770c91c677b8c74e9fba
GLBX.MDP3-trades-fd1b1eed6bf432fe.dbn.zst,trades,2023-06-14T17:30:00Z,2023-06-14T20:00:00Z,"FOMC afternoon, 1:30-4:00 p.m. (trade-volume columns of the panel; optional)",8,527491,9830524,a4dd30967cb6d65d7fc344df30a5c8aa26af52d1bacca28d69b7cf43dbc8717a
GLBX.MDP3-trades-d5a0cd639e5b81ca.dbn.zst,trades,2023-07-26T17:30:00Z,2023-07-26T20:00:00Z,"FOMC afternoon, 1:30-4:00 p.m. (trade-volume columns of the panel; optional)",8,373681,7097105,58be041917b0a0a6b2b6b75a483af1e6047f9d32ad6f1fc4ac8411dad37ea8dc
GLBX.MDP3-trades-197890a96b59902a.dbn.zst,trades,2023-09-20T17:30:00Z,2023-09-20T20:00:00Z,"FOMC afternoon, 1:30-4:00 p.m. (trade-volume columns of the panel; optional)",8,412378,7624120,5c12f4b09aac70df0ea68a38d7fbb74e95287f86ad050a9c81b91a95f580b85a
GLBX.MDP3-trades-d8b5aa7617865b2a.dbn.zst,trades,2023-11-01T17:30:00Z,2023-11-01T20:00:00Z,"FOMC afternoon, 1:30-4:00 p.m. (trade-volume columns of the panel; optional)",8,430687,8084801,8cfe8fece88f4dd654f8aad7afc039f2459094aef7b59c744a9e424d0af17e52
GLBX.MDP3-trades-39e4eeedcce5f8e6.dbn.zst,trades,2023-12-13T18:30:00Z,2023-12-13T21:00:00Z,"FOMC afternoon, 1:30-4:00 p.m. (trade-volume columns of the panel; optional)",8,446087,8278542,fb31a97c084ee5c3d1b08de60039dcd874f6976ab37d1b6436a4cff8ace0132d
GLBX.MDP3-trades-1cb8718c638dba93.dbn.zst,trades,2024-01-31T18:30:00Z,2024-01-31T21:00:00Z,"FOMC afternoon, 1:30-4:00 p.m. (trade-volume columns of the panel; optional)",8,540503,10297856,7a30916bd814f3901a2b18b674e9b3704cfdb5916d06e9f97afa806be738063d
GLBX.MDP3-trades-38a9b36827f57153.dbn.zst,trades,2024-03-20T17:30:00Z,2024-03-20T20:00:00Z,"FOMC afternoon, 1:30-4:00 p.m. (trade-volume columns of the panel; optional)",8,466094,8758468,c5b45b8fd01448d30c7faa0fa76e3d2c60d3db10b588ad2bad2efba0ffc21ef1
GLBX.MDP3-trades-532b143ed5a04bc3.dbn.zst,trades,2024-05-01T17:30:00Z,2024-05-01T20:00:00Z,"FOMC afternoon, 1:30-4:00 p.m. (trade-volume columns of the panel; optional)",8,622801,11894660,01125a54a246fc41b0f0d1bf99dc737be920e34f71628a7a9cf52dc8c755f0c4
GLBX.MDP3-trades-5813ae52cb98a0a1.dbn.zst,trades,2024-06-12T17:30:00Z,2024-06-12T20:00:00Z,"FOMC afternoon, 1:30-4:00 p.m. (trade-volume columns of the panel; optional)",8,427985,8088395,256f880cbe790df78d9eadb5121455166ca8e23acdc66c43794258ff8ec77686
GLBX.MDP3-trades-f7e785c29eb9c7b5.dbn.zst,trades,2024-07-31T17:30:00Z,2024-07-31T20:00:00Z,"FOMC afternoon, 1:30-4:00 p.m. (trade-volume columns of the panel; optional)",8,436170,8221350,6033bfecd4ef2761f61c44b6e07f9aa5cd8f6eec1279e211cdcbed2468fdb0bc
GLBX.MDP3-trades-45c109fdc2e55a54.dbn.zst,trades,2024-09-18T17:30:00Z,2024-09-18T20:00:00Z,"FOMC afternoon, 1:30-4:00 p.m. (trade-volume columns of the panel; optional)",8,647040,12190868,96da605fb21c2597678bef638445d3543b691e7d9d0d530d942958c5d35db9e4
GLBX.MDP3-trades-89adad4383a17e8e.dbn.zst,trades,2024-11-07T18:30:00Z,2024-11-07T21:00:00Z,"FOMC afternoon, 1:30-4:00 p.m. (trade-volume columns of the panel; optional)",8,245592,4596942,827b61261958ced8235c1a77a153d844a16b6cc591921f13052315db42b3b573
GLBX.MDP3-trades-ed07977a7efe0c1c.dbn.zst,trades,2024-12-18T18:30:00Z,2024-12-18T21:00:00Z,"FOMC afternoon, 1:30-4:00 p.m. (trade-volume columns of the panel; optional)",8,493753,8605450,c5a7b25f36a6ea4baa0ae077fa68ad3312d5803075d24e3d0ccd8cb976a4b9d8
GLBX.MDP3-trades-497693e35e07bf87.dbn.zst,trades,2025-01-29T18:30:00Z,2025-01-29T21:00:00Z,"FOMC afternoon, 1:30-4:00 p.m. (trade-volume columns of the panel; optional)",8,404975,7702925,bd6887d3827712f5e68f06e0a42fa7f783cdb55a6eb4971f77b8ae36305cd9f1
GLBX.MDP3-trades-d0358cc3d877e1bd.dbn.zst,trades,2025-03-19T17:30:00Z,2025-03-19T20:00:00Z,"FOMC afternoon, 1:30-4:00 p.m. (trade-volume columns of the panel; optional)",8,320241,5828112,24170f9e4cb6ba091c40cce229a5d8ad5cc9677b008c20a052e825a1e8ddc013
GLBX.MDP3-trades-9560510406ab1432.dbn.zst,trades,2025-05-07T17:30:00Z,2025-05-07T20:00:00Z,"FOMC afternoon, 1:30-4:00 p.m. (trade-volume columns of the panel; optional)",8,416103,8081239,eaee175368912f726f9d502a91e808a803476dfce669366583c2a54b70241567
GLBX.MDP3-trades-8e870371a454afd8.dbn.zst,trades,2025-06-18T17:30:00Z,2025-06-18T20:00:00Z,"FOMC afternoon, 1:30-4:00 p.m. (trade-volume columns of the panel; optional)",8,321231,6168331,e69cf4d4ce18c362e15e7d8c45b4ae36dd6200218b6575584433782c10dd4bb3
GLBX.MDP3-trades-b032a2593f33fb02.dbn.zst,trades,2025-07-30T17:30:00Z,2025-07-30T20:00:00Z,"FOMC afternoon, 1:30-4:00 p.m. (trade-volume columns of the panel; optional)",8,391678,7351627,583328d96cb9d3fe9a7276a0da23ac3eee2efe4af6305e8c9e410e56dc77782b
GLBX.MDP3-trades-0f5d6d6c6ad183d9.dbn.zst,trades,2025-09-17T17:30:00Z,2025-09-17T20:00:00Z,"FOMC afternoon, 1:30-4:00 p.m. (trade-volume columns of the panel; optional)",8,405148,7420692,f0d382256ce0906a17e26da8f3fc37d65e55552d07eba5c1f53e5e7fbc8373c0
GLBX.MDP3-trades-84d8a9a18339465f.dbn.zst,trades,2025-10-29T17:30:00Z,2025-10-29T20:00:00Z,"FOMC afternoon, 1:30-4:00 p.m. (trade-volume columns of the panel; optional)",8,456406,8546843,2bf461b15875f70680dcdf867063e5ce84ffdd4352393d70d2b05be4475e0492
GLBX.MDP3-trades-dd7bb5fea047d21e.dbn.zst,trades,2025-12-10T18:30:00Z,2025-12-10T21:00:00Z,"FOMC afternoon, 1:30-4:00 p.m. (trade-volume columns of the panel; optional)",8,415012,7950948,e2d5ec7888987e8097e8b3b18e3d5398869e591965ed626e21f798621b3c969d
GLBX.MDP3-trades-b5617cb6ca1b9a94.dbn.zst,trades,2026-01-28T18:30:00Z,2026-01-28T21:00:00Z,"FOMC afternoon, 1:30-4:00 p.m. (trade-volume columns of the panel; optional)",8,228297,4421688,c038e81c6bdfaaacb31afeb7d160fd6091d7a70d0f1d65d2a08e9443dc0fdeb9
GLBX.MDP3-trades-6d463f39b08fb5e0.dbn.zst,trades,2026-03-18T17:30:00Z,2026-03-18T20:00:00Z,"FOMC afternoon, 1:30-4:00 p.m. (trade-volume columns of the panel; optional)",8,263314,5107629,7b4e9c353ebc0d7a795c14844a116513c2d0cadf6432b1406219f1032353342a
GLBX.MDP3-trades-cd597a9711494f0c.dbn.zst,trades,2026-04-29T17:30:00Z,2026-04-29T20:00:00Z,"FOMC afternoon, 1:30-4:00 p.m. (trade-volume columns of the panel; optional)",8,222867,4311569,b9504c31a8958eab6b1321b36f6a47e2f0e5f69a4bd88dcc056045c9fdbab037
GLBX.MDP3-trades-e8d8e6b5a15cf552.dbn.zst,trades,2026-06-17T17:30:00Z,2026-06-17T20:00:00Z,"FOMC afternoon, 1:30-4:00 p.m. (trade-volume columns of the panel; optional)",8,535398,10328049,001a02d351b8f6c622c31b4cb59314a460899728ff0dc4852c995cc39b3200e0
GLBX.MDP3-trades-6e69a692268717d6.dbn.zst,trades,2026-07-29T17:30:00Z,2026-07-29T20:00:00Z,"FOMC afternoon, 1:30-4:00 p.m. (trade-volume columns of the panel; optional)",8,543819,10658407,b2d2aee1ec945555c8e62027c0d88dd45d29e119d92074c3d1cf88177c8e0255
GLBX.MDP3-trades-b28878ca07f71ced.dbn.zst,trades,2026-09-16T17:30:00Z,2026-09-16T20:00:00Z,"FOMC afternoon, 1:30-4:00 p.m. (trade-volume columns of the panel; optional)",8,470761,9239277,1197b371a71033dbbb253f475b70274a549e94e7a3b8bef0bb217dbf1f57c16f
