event,instrument,event_time_utc,pre_quote_ts,first_post_quote_ts,first_trade_ts,first_post_quote_delay_ms,first_trade_delay_ms,first_quote_revision_price,first_quote_revision_bp,intervening_trade,sequencing_ambiguous,valid_mechanically,quality_flags,pretrade_quote_count,last_pretrade_quote_revision_bp,baseline_touch_depth_mean,pre60_touch_depth_mean,pre60_to_baseline_depth_ratio,median_capture_latency_us,p99_capture_latency_us,meeting,subevent,representation_class,sep_release,policy_change_bps,dataset_condition,eligible_primary_q1
fomc_20150128_statement,ES.v.0,2015-01-28 19:00:00+00:00,2015-01-28 18:59:59.902000+00:00,2015-01-28 19:00:00.013000+00:00,2015-01-28 19:00:00.180000+00:00,13.0,180.0,0.0,0.0,False,False,True,,1,0.0,245.30600169061708,79.80333333333333,0.3253215689112338,0.0,0.0,fomc_20150128,statement,narrative_text,False,0,available,True
fomc_20150128_statement,NQ.v.0,2015-01-28 19:00:00+00:00,2015-01-28 18:59:59.902000+00:00,2015-01-28 19:00:00.036000+00:00,2015-01-28 19:00:00.036000+00:00,36.0,36.0,-0.125,-0.29786283418660026,True,False,False,trade_before_first_post_event_quote,0,,12.337509788566955,9.39047619047619,0.7611322180411358,0.0,0.0,fomc_20150128,statement,narrative_text,False,0,available,False
fomc_20150128_statement,ZN.v.0,2015-01-28 19:00:00+00:00,2015-01-28 18:59:58.108000+00:00,2015-01-28 19:00:00.245000+00:00,2015-01-28 19:00:00.245000+00:00,245.0,245.0,0.0,0.0,True,False,False,trade_before_first_post_event_quote,0,,276.50390770375884,76.67235494880546,0.27729212069925174,0.0,0.0,fomc_20150128,statement,narrative_text,False,0,available,False
fomc_20150318_statement,ES.v.0,2015-03-18 18:00:00+00:00,2015-03-18 17:59:59.979000+00:00,2015-03-18 18:00:00.007000+00:00,2015-03-18 18:00:00.285000+00:00,7.0,285.0,0.0,0.0,False,False,True,,3,0.0,210.806190851735,63.17547425474255,0.29968509937725385,0.0,0.0,fomc_20150318,statement,narrative_text,True,0,available,True
fomc_20150318_press_conference,ES.v.0,2015-03-18 18:30:00+00:00,2015-03-18 18:29:59.966000+00:00,2015-03-18 18:30:00.010000+00:00,2015-03-18 18:30:00.031000+00:00,10.0,31.0,0.0,0.0,False,False,True,,3,0.0,314.5503733731598,322.6355331841909,1.025703863340958,0.0,0.0,fomc_20150318,press_conference,extemporaneous_speech,True,0,available,True
fomc_20150318_statement,NQ.v.0,2015-03-18 18:00:00+00:00,2015-03-18 17:59:59.784000+00:00,2015-03-18 18:00:00.007000+00:00,2015-03-18 18:00:00.007000+00:00,7.0,7.0,0.125,0.2873521932360447,True,False,False,trade_before_first_post_event_quote,0,,15.253831417624522,11.203957382039574,0.7345011935227199,0.0,0.0,fomc_20150318,statement,narrative_text,True,0,available,False
fomc_20150318_press_conference,NQ.v.0,2015-03-18 18:30:00+00:00,2015-03-18 18:29:59.959000+00:00,2015-03-18 18:30:00.034000+00:00,2015-03-18 18:30:00.054000+00:00,34.0,54.0,0.0,0.0,False,False,True,,2,0.0,28.532659317337735,28.142786316311355,0.9863359038254988,0.0,0.0,fomc_20150318,press_conference,extemporaneous_speech,True,0,available,True
fomc_20150318_statement,ZN.v.0,2015-03-18 18:00:00+00:00,2015-03-18 17:59:59.251000+00:00,2015-03-18 18:00:00.008000+00:00,2015-03-18 18:00:00.008000+00:00,8.0,8.0,0.0,0.0,True,False,False,trade_before_first_post_event_quote,0,,175.58026649746193,80.24420677361854,0.45702292389890237,0.0,0.0,fomc_20150318,statement,narrative_text,True,0,available,False
fomc_20150318_press_conference,ZN.v.0,2015-03-18 18:30:00+00:00,2015-03-18 18:29:59.852000+00:00,2015-03-18 18:30:00.246000+00:00,2015-03-18 18:30:01.385000+00:00,246.0,1385.0,0.0,0.0,False,False,True,,4,0.0,608.9457287848886,502.6082703423744,0.8253744900145639,0.0,0.0,fomc_20150318,press_conference,extemporaneous_speech,True,0,available,True
fomc_20150429_statement,ES.v.0,2015-04-29 18:00:00+00:00,2015-04-29 17:59:59.602000+00:00,2015-04-29 18:00:00.023000+00:00,2015-04-29 18:00:00.023000+00:00,23.0,23.0,0.0,0.0,True,False,False,trade_before_first_post_event_quote,0,,277.486808939674,165.92237442922374,0.5979468900278264,0.0,0.0,fomc_20150429,statement,narrative_text,False,0,available,False
fomc_20150429_statement,NQ.v.0,2015-04-29 18:00:00+00:00,2015-04-29 17:59:59.746000+00:00,2015-04-29 18:00:00.024000+00:00,2015-04-29 18:00:00.251000+00:00,24.0,251.0,0.0,0.0,False,False,True,,9,0.278733990233444,14.499146029035012,13.080260303687636,0.902140048627277,0.0,0.0,fomc_20150429,statement,narrative_text,False,0,available,True
fomc_20150429_statement,ZN.v.0,2015-04-29 18:00:00+00:00,2015-04-29 17:59:59.257000+00:00,2015-04-29 18:00:00.041000+00:00,2015-04-29 18:00:00.042000+00:00,41.0,42.0,0.0,0.0,False,False,True,,1,0.0,355.35005405405406,98.66762589928058,0.277663179655157,0.0,0.0,fomc_20150429,statement,narrative_text,False,0,available,True
fomc_20150617_statement,ES.v.0,2015-06-17 18:00:00+00:00,2015-06-17 17:59:59.810000+00:00,2015-06-17 18:00:00.001000+00:00,2015-06-17 18:00:00.183000+00:00,1.0,183.0,0.0,0.0,False,False,True,,2,0.0,248.22119409561577,134.0627027027027,0.5400936982482697,0.0,0.0,fomc_20150617,statement,narrative_text,True,0,available,True
fomc_20150617_press_conference,ES.v.0,2015-06-17 18:30:00+00:00,2015-06-17 18:29:59.994000+00:00,2015-06-17 18:30:00+00:00,2015-06-17 18:30:00.046000+00:00,0.0,46.0,0.0,0.0,False,False,True,,20,0.0,292.4443903302931,343.25577671013497,1.1737471740266734,0.0,0.0,fomc_20150617,press_conference,extemporaneous_speech,True,0,available,True
fomc_20150617_statement,NQ.v.0,2015-06-17 18:00:00+00:00,2015-06-17 17:59:59.638000+00:00,2015-06-17 18:00:00.293000+00:00,2015-06-17 18:00:00.293000+00:00,293.0,293.0,-0.125,-0.2813612256285457,True,False,False,trade_before_first_post_event_quote,0,,15.99487471526196,17.126614987080103,1.0707564324175833,0.0,0.0,fomc_20150617,statement,narrative_text,True,0,available,False
fomc_20150617_press_conference,NQ.v.0,2015-06-17 18:30:00+00:00,2015-06-17 18:29:59.992000+00:00,2015-06-17 18:30:00.002000+00:00,2015-06-17 18:30:00.015000+00:00,2.0,15.0,-0.125,-0.28098964555015404,False,False,True,,16,-0.5619871868402614,15.715172090845236,16.023799582463464,1.0196388235416154,0.0,0.0,fomc_20150617,press_conference,extemporaneous_speech,True,0,available,True
fomc_20150617_statement,ZN.v.0,2015-06-17 18:00:00+00:00,2015-06-17 17:59:59.988000+00:00,2015-06-17 18:00:00.020000+00:00,2015-06-17 18:00:00.638000+00:00,20.0,638.0,0.0,0.0,False,False,True,,38,-0.6232276964405152,292.7543284978942,139.37235367372352,0.47607273439417663,0.0,0.0,fomc_20150617,statement,narrative_text,True,0,available,True
fomc_20150617_press_conference,ZN.v.0,2015-06-17 18:30:00+00:00,2015-06-17 18:29:59.963000+00:00,2015-06-17 18:30:00.062000+00:00,2015-06-17 18:30:00.062000+00:00,62.0,62.0,0.0,0.0,True,False,False,trade_before_first_post_event_quote,0,,672.6789475202677,883.4451178451178,1.3133235715222078,0.0,0.0,fomc_20150617,press_conference,extemporaneous_speech,True,0,available,False
fomc_20150729_statement,ES.v.0,2015-07-29 18:00:00+00:00,2015-07-29 17:59:59.539000+00:00,2015-07-29 18:00:00.040000+00:00,2015-07-29 18:00:00.046000+00:00,40.0,46.0,0.0,0.0,False,False,True,,3,0.0,338.71961560203505,132.48090277777777,0.39112261786878877,0.0,0.0,fomc_20150729,statement,narrative_text,False,0,available,True
fomc_20150729_statement,NQ.v.0,2015-07-29 18:00:00+00:00,2015-07-29 17:59:58.465000+00:00,2015-07-29 18:00:01.311000+00:00,2015-07-29 18:00:02.156000+00:00,1311.0,2156.0,0.25,0.5486366380912395,False,False,True,,2,0.5486366380912395,14.194214876033058,17.651851851851852,1.243594802954337,0.0,0.0,fomc_20150729,statement,narrative_text,False,0,available,True
fomc_20150729_statement,ZN.v.0,2015-07-29 18:00:00+00:00,2015-07-29 17:59:59.233000+00:00,2015-07-29 18:00:00.088000+00:00,2015-07-29 18:00:01.372000+00:00,88.0,1372.0,0.0,0.0,False,False,True,,7,0.0,526.6646634615385,151.1583850931677,0.28701068360969806,0.0,0.0,fomc_20150729,statement,narrative_text,False,0,available,True
fomc_20150917_statement,ES.v.0,2015-09-17 18:00:00+00:00,2015-09-17 17:59:59.859000+00:00,2015-09-17 18:00:00.002000+00:00,2015-09-17 18:00:00.002000+00:00,2.0,2.0,0.0,0.0,False,False,True,,0,,79.44977477477478,37.276,0.4691769121519913,0.0,0.0,fomc_20150917,statement,narrative_text,True,0,available,True
fomc_20150917_press_conference,ES.v.0,2015-09-17 18:30:00+00:00,2015-09-17 18:29:59.998000+00:00,2015-09-17 18:30:00.003000+00:00,2015-09-17 18:30:00.058000+00:00,3.0,58.0,0.0,0.0,False,False,True,,23,0.0,145.73377489186873,137.90536655486343,0.9462828136935737,0.0,0.0,fomc_20150917,press_conference,extemporaneous_speech,True,0,available,True
fomc_20150917_statement,NQ.v.0,2015-09-17 18:00:00+00:00,2015-09-17 17:59:59.245000+00:00,2015-09-17 18:00:00.003000+00:00,2015-09-17 18:00:00.281000+00:00,3.0,281.0,0.0,0.0,False,False,True,,8,0.0,8.421721548238013,7.43646408839779,0.8830099696128807,0.0,0.0,fomc_20150917,statement,narrative_text,True,0,available,True
fomc_20150917_press_conference,NQ.v.0,2015-09-17 18:30:00+00:00,2015-09-17 18:29:59.996000+00:00,2015-09-17 18:30:00.058000+00:00,2015-09-17 18:30:00.138000+00:00,58.0,138.0,-0.125,-0.2848556494189171,False,False,True,,23,0.28484753537594903,9.187213114754098,9.3175692232296,1.014188863025955,0.0,0.0,fomc_20150917,press_conference,extemporaneous_speech,True,0,available,True
fomc_20150917_statement,ZN.v.0,2015-09-17 18:00:00+00:00,2015-09-17 17:59:59.866000+00:00,2015-09-17 18:00:00.003000+00:00,2015-09-17 18:00:00.003000+00:00,3.0,3.0,0.0,0.0,True,False,False,trade_before_first_post_event_quote,0,,171.965483555845,48.66996699669967,0.28302172034944634,0.0,0.0,fomc_20150917,statement,narrative_text,True,0,available,False
fomc_20150917_press_conference,ZN.v.0,2015-09-17 18:30:00+00:00,2015-09-17 18:29:59.956000+00:00,2015-09-17 18:30:00.003000+00:00,2015-09-17 18:30:00.403000+00:00,3.0,403.0,0.0,0.0,False,False,True,,13,0.0,758.6747177221404,686.6314205079963,0.9050405983865545,0.0,0.0,fomc_20150917,press_conference,extemporaneous_speech,True,0,available,True
fomc_20151028_statement,ES.v.0,2015-10-28 18:00:00+00:00,2015-10-28 17:59:59.992000+00:00,2015-10-28 18:00:00.029000+00:00,2015-10-28 18:00:00.258000+00:00,29.0,258.0,0.0,0.0,False,False,True,,9,0.0,328.34449395289624,210.1021505376344,0.6398832762756037,0.0,0.0,fomc_20151028,statement,narrative_text,False,0,available,True
fomc_20151028_statement,NQ.v.0,2015-10-28 18:00:00+00:00,2015-10-28 17:59:59.792000+00:00,2015-10-28 18:00:00.281000+00:00,2015-10-28 18:00:00.281000+00:00,281.0,281.0,0.0,0.0,True,False,False,trade_before_first_post_event_quote,0,,10.000501253132832,10.62704918032787,1.0626516522858052,0.0,0.0,fomc_20151028,statement,narrative_text,False,0,available,False
fomc_20151028_statement,ZN.v.0,2015-10-28 18:00:00+00:00,2015-10-28 17:59:59.658000+00:00,2015-10-28 18:00:00.010000+00:00,2015-10-28 18:00:00.011000+00:00,10.0,11.0,0.0,0.0,False,False,True,,1,0.0,594.4446465696466,164.6689189189189,0.2770130404389568,0.0,0.0,fomc_20151028,statement,narrative_text,False,0,available,True
fomc_20151216_statement,ES.v.0,2015-12-16 19:00:00+00:00,2015-12-16 18:59:59.710281933+00:00,2015-12-16 19:00:00.017520699+00:00,2015-12-16 19:00:00.092982721+00:00,17.52,92.982,0.0,0.0,False,False,True,,2,0.0,78.04396237281628,71.31696085955487,0.9138049721114043,0.0,0.0,fomc_20151216,statement,narrative_text,True,25,available,True
fomc_20151216_press_conference,ES.v.0,2015-12-16 19:30:00+00:00,2015-12-16 19:29:59.999791628+00:00,2015-12-16 19:30:00.000080353+00:00,2015-12-16 19:30:00.004021915+00:00,0.08,4.021,0.0,0.0,False,False,True,,12,0.0,77.08736182496655,79.78287416232315,1.0349669812734932,0.0,0.0,fomc_20151216,press_conference,extemporaneous_speech,True,25,available,True
fomc_20151216_statement,NQ.v.0,2015-12-16 19:00:00+00:00,2015-12-16 18:59:59.975879020+00:00,2015-12-16 19:00:00.075775648+00:00,2015-12-16 19:00:00.113162134+00:00,75.77499999999999,113.16199999999999,0.0,0.0,False,False,True,,3,0.0,7.491991643454039,7.50506512301013,1.0017449938785654,0.0,0.0,fomc_20151216,statement,narrative_text,True,25,available,True
fomc_20151216_press_conference,NQ.v.0,2015-12-16 19:30:00+00:00,2015-12-16 19:29:59.931605686+00:00,2015-12-16 19:30:00.000075375+00:00,2015-12-16 19:30:00.223236771+00:00,0.075,223.236,0.0,0.0,False,False,True,,15,-0.5423140542018379,6.801723080696591,6.562334217506631,0.9648046737054984,0.0,0.0,fomc_20151216,press_conference,extemporaneous_speech,True,25,available,True
fomc_20151216_statement,ZN.v.0,2015-12-16 19:00:00+00:00,2015-12-16 18:59:56.165067913+00:00,2015-12-16 19:00:00.025340618+00:00,2015-12-16 19:00:00.025275967+00:00,25.34,25.275,0.0,0.0,True,False,False,trade_before_first_post_event_quote,0,,113.54772581678411,46.891373801916934,0.41296620839046044,0.0,0.0,fomc_20151216,statement,narrative_text,True,25,available,False
fomc_20151216_press_conference,ZN.v.0,2015-12-16 19:30:00+00:00,2015-12-16 19:29:59.943016315+00:00,2015-12-16 19:30:00.109721860+00:00,2015-12-16 19:30:00.109694382+00:00,109.721,109.694,0.0,0.0,True,False,False,trade_before_first_post_event_quote,0,,554.1057655225608,542.7490476190476,0.9795044220613677,0.0,0.0,fomc_20151216,press_conference,extemporaneous_speech,True,25,available,False
fomc_20160127_statement,ES.v.0,2016-01-27 19:00:00+00:00,2016-01-27 18:59:59.947760530+00:00,2016-01-27 19:00:00.020685247+00:00,2016-01-27 19:00:00.093549948+00:00,20.685,93.54899999999999,0.0,0.0,False,False,True,,1,0.0,138.8357879234168,64.61809447558046,0.4654282259789129,0.0,0.0,fomc_20160127,statement,narrative_text,False,0,available,True
fomc_20160127_statement,NQ.v.0,2016-01-27 19:00:00+00:00,2016-01-27 18:59:59.981282717+00:00,2016-01-27 19:00:00.413421361+00:00,2016-01-27 19:00:00.413406898+00:00,413.421,413.406,0.125,0.29786283418719783,True,False,False,trade_before_first_post_event_quote,0,,9.285,9.465478841870825,1.0194376781767178,0.0,0.0,fomc_20160127,statement,narrative_text,False,0,available,False
fomc_20160127_statement,ZN.v.0,2016-01-27 19:00:00+00:00,2016-01-27 18:59:59.172555739+00:00,2016-01-27 19:00:00.022933023+00:00,2016-01-27 19:00:00.253022391+00:00,22.933,253.02200000000002,0.0,0.0,False,False,True,,1,0.0,584.213698630137,216.32685297691373,0.3702871971063953,0.0,0.0,fomc_20160127,statement,narrative_text,False,0,available,True
fomc_20160316_statement,ES.v.0,2016-03-16 18:00:00+00:00,2016-03-16 17:59:59.905928993+00:00,2016-03-16 18:00:00.135323069+00:00,2016-03-16 18:00:00.209045759+00:00,135.323,209.04500000000002,0.0,0.0,False,False,True,,2,0.0,134.07377919320595,99.46914789422135,0.7418985911546666,0.0,0.0,fomc_20160316,statement,narrative_text,True,0,available,True
fomc_20160316_press_conference,ES.v.0,2016-03-16 18:30:00+00:00,2016-03-16 18:29:59.887583124+00:00,2016-03-16 18:30:00.009597305+00:00,2016-03-16 18:30:00.160956199+00:00,9.597,160.956,0.0,0.0,False,False,True,,7,0.0,207.87442513700327,191.42467706013363,0.9208668980514166,0.0,0.0,fomc_20160316,press_conference,extemporaneous_speech,True,0,available,True
fomc_20160316_statement,NQ.v.0,2016-03-16 18:00:00+00:00,2016-03-16 17:59:59.636268875+00:00,2016-03-16 18:00:00.016033936+00:00,2016-03-16 18:00:00.239194924+00:00,16.032999999999998,239.194,0.0,0.0,False,False,True,,4,-0.2867918035104348,14.60496894409938,9.374291115311909,0.6418562854321754,0.0,0.0,fomc_20160316,statement,narrative_text,True,0,available,True
fomc_20160316_press_conference,NQ.v.0,2016-03-16 18:30:00+00:00,2016-03-16 18:29:59.949340912+00:00,2016-03-16 18:30:00.109636332+00:00,2016-03-16 18:30:00.162601594+00:00,109.636,162.601,0.0,0.0,False,False,True,,10,-0.28509928584516153,13.89349087836434,12.766468056934789,0.9188812350116695,0.0,0.0,fomc_20160316,press_conference,extemporaneous_speech,True,0,available,True
fomc_20160316_statement,ZN.v.0,2016-03-16 18:00:00+00:00,2016-03-16 17:59:59.684787206+00:00,2016-03-16 18:00:00.277305248+00:00,2016-03-16 18:00:00.249629537+00:00,277.305,249.629,0.21875,17.060691440145703,True,False,False,trade_before_first_post_event_quote,0,,961.3716701902748,197.24489795918367,0.2051702833308422,0.0,0.0,fomc_20160316,statement,narrative_text,True,0,available,False
fomc_20160316_press_conference,ZN.v.0,2016-03-16 18:30:00+00:00,2016-03-16 18:29:59.673458389+00:00,2016-03-16 18:30:00.185422755+00:00,2016-03-16 18:30:00.215158892+00:00,185.422,215.158,0.0,0.0,False,False,True,,1,0.0,829.2275568754698,830.1473097684137,1.0011091682678872,0.0,0.0,fomc_20160316,press_conference,extemporaneous_speech,True,0,available,True
fomc_20160427_statement,ES.v.0,2016-04-27 18:00:00+00:00,2016-04-27 17:59:59.701895471+00:00,2016-04-27 18:00:00.050278583+00:00,2016-04-27 18:00:00.191714885+00:00,50.278000000000006,191.714,0.0,0.0,False,False,True,,3,0.0,211.44426655993595,128.49451219512196,0.6076992026582047,0.0,0.0,fomc_20160427,statement,narrative_text,False,0,available,True
fomc_20160427_statement,NQ.v.0,2016-04-27 18:00:00+00:00,2016-04-27 17:59:59.764991507+00:00,2016-04-27 18:00:00.095500240+00:00,2016-04-27 18:00:00.743311882+00:00,95.5,743.311,0.0,0.0,False,False,True,,7,0.285099285845249,13.302679978980557,9.667768595041322,0.7267534519598513,0.0,0.0,fomc_20160427,statement,narrative_text,False,0,available,True
fomc_20160427_statement,ZN.v.0,2016-04-27 18:00:00+00:00,2016-04-27 17:59:59.081172761+00:00,2016-04-27 18:00:00.030124036+00:00,2016-04-27 18:00:00.332585061+00:00,30.124000000000002,332.58500000000004,0.0,0.0,False,False,True,,2,0.0,1611.8522652659226,1184.558886509636,0.7349053706942603,0.0,0.0,fomc_20160427,statement,narrative_text,False,0,available,True
fomc_20160615_statement,ES.v.0,2016-06-15 18:00:00+00:00,2016-06-15 17:59:59.738691980+00:00,2016-06-15 18:00:00.032412290+00:00,2016-06-15 18:00:00.032394004+00:00,32.412000000000006,32.394,0.0,0.0,True,False,False,trade_before_first_post_event_quote,0,,205.69422998780982,165.98505976095618,0.806950490399235,0.0,0.0,fomc_20160615,statement,narrative_text,True,0,available,False
fomc_20160615_press_conference,ES.v.0,2016-06-15 18:30:00+00:00,2016-06-15 18:29:59.911390636+00:00,2016-06-15 18:30:00.004331059+00:00,2016-06-15 18:30:00.021611861+00:00,4.3309999999999995,21.610999999999997,0.0,0.0,False,False,True,,1,0.0,201.29857399612166,203.92705306621806,1.0130576139607776,0.0,0.0,fomc_20160615,press_conference,extemporaneous_speech,True,0,available,True
fomc_20160615_statement,NQ.v.0,2016-06-15 18:00:00+00:00,2016-06-15 17:59:59.997186104+00:00,2016-06-15 18:00:00.015738056+00:00,2016-06-15 18:00:00.039749227+00:00,15.737999999999998,39.749,0.0,0.0,False,False,True,,1,0.0,13.556557377049181,10.792607802874743,0.7961171485281568,0.0,0.0,fomc_20160615,statement,narrative_text,True,0,available,True
fomc_20160615_press_conference,NQ.v.0,2016-06-15 18:30:00+00:00,2016-06-15 18:29:59.958914179+00:00,2016-06-15 18:30:00.021969950+00:00,2016-06-15 18:30:00.021944791+00:00,21.968999999999998,21.944000000000003,0.0,0.0,True,False,False,trade_before_first_post_event_quote,0,,11.915075546293174,12.184504792332268,1.0226124664499432,0.0,0.0,fomc_20160615,press_conference,extemporaneous_speech,True,0,available,False
fomc_20160615_statement,ZN.v.0,2016-06-15 18:00:00+00:00,2016-06-15 17:59:59.997402849+00:00,2016-06-15 18:00:00.052666868+00:00,2016-06-15 18:00:00.073630995+00:00,52.666,73.63,0.0,0.0,False,False,True,,1,0.0,782.805021698698,286.030487804878,0.36539173852537093,0.0,0.0,fomc_20160615,statement,narrative_text,True,0,available,True
fomc_20160615_press_conference,ZN.v.0,2016-06-15 18:30:00+00:00,2016-06-15 18:29:59.872702619+00:00,2016-06-15 18:30:00.030201364+00:00,2016-06-15 18:30:00.790520155+00:00,30.200999999999997,790.52,0.0,0.0,False,False,True,,73,0.0,979.6875251833346,1020.4091240875913,1.0415659053090793,0.0,0.0,fomc_20160615,press_conference,extemporaneous_speech,True,0,available,True
fomc_20160727_statement,ES.v.0,2016-07-27 18:00:00+00:00,2016-07-27 17:59:59.986250443+00:00,2016-07-27 18:00:00.015169270+00:00,2016-07-27 18:00:00.142285871+00:00,15.169,142.285,0.0,0.0,False,False,True,,3,0.0,310.91288343558284,67.12193308550187,0.21588662503723063,0.0,0.0,fomc_20160727,statement,narrative_text,False,0,available,True
fomc_20160727_statement,NQ.v.0,2016-07-27 18:00:00+00:00,2016-07-27 17:59:59.438636517+00:00,2016-07-27 18:00:00.049589916+00:00,2016-07-27 18:00:00.173665495+00:00,49.589,173.66500000000002,0.0,0.0,False,False,True,,4,0.0,13.36085626911315,10.56060606060606,0.7904138662893527,0.0,0.0,fomc_20160727,statement,narrative_text,False,0,available,True
fomc_20160727_statement,ZN.v.0,2016-07-27 18:00:00+00:00,2016-07-27 17:59:59.265072826+00:00,2016-07-27 18:00:00.345060575+00:00,2016-07-27 18:00:00.338805882+00:00,345.06,338.805,0.0,0.0,True,False,False,trade_before_first_post_event_quote,0,,792.219795221843,185.2092050209205,0.2337851264737167,0.0,0.0,fomc_20160727,statement,narrative_text,False,0,available,False
fomc_20160921_statement,ES.v.0,2016-09-21 18:00:00+00:00,2016-09-21 17:59:59.855685791+00:00,2016-09-21 18:00:00.006020117+00:00,2016-09-21 18:00:00.102930430+00:00,6.0200000000000005,102.92999999999999,0.0,0.0,False,False,True,,5,0.0,124.57397107897664,47.47089947089947,0.3810659567142173,0.0,0.0,fomc_20160921,statement,narrative_text,True,0,available,True
fomc_20160921_press_conference,ES.v.0,2016-09-21 18:30:00+00:00,2016-09-21 18:29:59.990086440+00:00,2016-09-21 18:30:00.006879818+00:00,2016-09-21 18:30:00.035323101+00:00,6.879,35.323,0.0,0.0,False,False,True,,2,0.0,225.1216715148803,227.57408337518834,1.0108937173565093,0.0,0.0,fomc_20160921,press_conference,extemporaneous_speech,True,0,available,True
fomc_20160921_statement,NQ.v.0,2016-09-21 18:00:00+00:00,2016-09-21 17:59:59.993379457+00:00,2016-09-21 18:00:00.215909610+00:00,2016-09-21 18:00:00.215896994+00:00,215.909,215.89600000000002,-0.25,-0.5203455095360027,True,False,False,trade_before_first_post_event_quote,0,,9.777009821753365,7.8822197055492635,0.8061994259238354,0.0,0.0,fomc_20160921,statement,narrative_text,True,0,available,False
fomc_20160921_press_conference,NQ.v.0,2016-09-21 18:30:00+00:00,2016-09-21 18:29:59.997945243+00:00,2016-09-21 18:30:00.026512832+00:00,2016-09-21 18:30:00.026504344+00:00,26.512,26.504,0.0,0.0,True,False,False,trade_before_first_post_event_quote,0,,14.145606824350523,12.455698260445455,0.8805347423486969,0.0,0.0,fomc_20160921,press_conference,extemporaneous_speech,True,0,available,False
fomc_20160921_statement,ZN.v.0,2016-09-21 18:00:00+00:00,2016-09-21 17:59:59.838189185+00:00,2016-09-21 18:00:00.015493327+00:00,2016-09-21 18:00:00.018864843+00:00,15.493,18.863999999999997,0.0,0.0,False,False,True,,3,0.0,303.2161799261497,46.28809523809524,0.15265707538881668,0.0,0.0,fomc_20160921,statement,narrative_text,True,0,available,True
fomc_20160921_press_conference,ZN.v.0,2016-09-21 18:30:00+00:00,2016-09-21 18:29:59.992468007+00:00,2016-09-21 18:30:00.029362173+00:00,2016-09-21 18:30:00.461147519+00:00,29.362,461.147,0.0,0.0,False,False,True,,8,0.0,770.2438911777241,634.9873697505526,0.8243978005195723,0.0,0.0,fomc_20160921,press_conference,extemporaneous_speech,True,0,available,True
fomc_20161102_statement,ES.v.0,2016-11-02 18:00:00+00:00,2016-11-02 17:59:59.776486559+00:00,2016-11-02 18:00:00.155074102+00:00,2016-11-02 18:00:00.231934302+00:00,155.07399999999998,231.934,0.0,0.0,False,False,True,,1,0.0,358.7035749751738,92.13484358144552,0.2568551026786456,0.0,0.0,fomc_20161102,statement,narrative_text,False,0,available,True
fomc_20161102_statement,NQ.v.0,2016-11-02 18:00:00+00:00,2016-11-02 17:59:59.867248022+00:00,2016-11-02 18:00:00.328808434+00:00,2016-11-02 18:00:00.647288398+00:00,328.808,647.288,-0.125,-0.26430204439209953,False,False,True,,5,-0.26430204439209953,10.411470186618116,11.509708737864077,1.1054835226496187,0.0,0.0,fomc_20161102,statement,narrative_text,False,0,available,True
fomc_20161102_statement,ZN.v.0,2016-11-02 18:00:00+00:00,2016-11-02 17:59:59.997600936+00:00,2016-11-02 18:00:00.035455316+00:00,2016-11-02 18:00:00.035439842+00:00,35.455,35.439,0.0,0.0,True,False,False,trade_before_first_post_event_quote,0,,644.23632757155,797.847619047619,1.2384393504400895,0.0,0.0,fomc_20161102,statement,narrative_text,False,0,available,False
fomc_20161214_statement,ES.v.0,2016-12-14 19:00:00+00:00,2016-12-14 18:59:59.852066875+00:00,2016-12-14 19:00:00.017871199+00:00,2016-12-14 19:00:00.045582297+00:00,17.871000000000002,45.582,0.0,0.0,False,False,True,,1,0.0,222.79613793103448,41.0203081232493,0.18411588506057025,0.0,0.0,fomc_20161214,statement,narrative_text,True,25,available,True
fomc_20161214_press_conference,ES.v.0,2016-12-14 19:30:00+00:00,2016-12-14 19:29:59.944510231+00:00,2016-12-14 19:30:00.005237393+00:00,2016-12-14 19:30:00.011756977+00:00,5.237,11.756,0.0,0.0,False,False,True,,3,0.0,176.60736987153842,192.81219357899732,1.0917562144730768,0.0,0.0,fomc_20161214,press_conference,extemporaneous_speech,True,25,available,True
fomc_20161214_statement,NQ.v.0,2016-12-14 19:00:00+00:00,2016-12-14 18:59:59.933552812+00:00,2016-12-14 19:00:00.085253271+00:00,2016-12-14 19:00:00.085245462+00:00,85.253,85.245,0.0,0.0,True,False,False,trade_before_first_post_event_quote,0,,10.207174231332358,8.16917728852839,0.80033681246,0.0,0.0,fomc_20161214,statement,narrative_text,True,25,available,False
fomc_20161214_press_conference,NQ.v.0,2016-12-14 19:30:00+00:00,2016-12-14 19:29:59.916465746+00:00,2016-12-14 19:30:00.015750804+00:00,2016-12-14 19:30:00.187205785+00:00,15.75,187.205,0.0,0.0,False,False,True,,11,0.0,10.19105769373268,11.102891895246369,1.0894739514696745,0.0,0.0,fomc_20161214,press_conference,extemporaneous_speech,True,25,available,True
fomc_20161214_statement,ZN.v.0,2016-12-14 19:00:00+00:00,2016-12-14 18:59:59.737318464+00:00,2016-12-14 19:00:00.248673104+00:00,2016-12-14 19:00:00.235819372+00:00,248.673,235.819,-0.078125,-6.28851737488681,True,False,False,trade_before_first_post_event_quote,0,,230.4620709547159,61.38551650692226,0.266358434828888,0.0,0.0,fomc_20161214,statement,narrative_text,True,25,available,False
fomc_20161214_press_conference,ZN.v.0,2016-12-14 19:30:00+00:00,2016-12-14 19:29:59.992647864+00:00,2016-12-14 19:30:00.016923482+00:00,2016-12-14 19:30:00.016914105+00:00,16.923000000000002,16.913999999999998,0.0,0.0,True,False,False,trade_before_first_post_event_quote,0,,1134.7996266962618,1184.7959718026184,1.0440574211783191,0.0,0.0,fomc_20161214,press_conference,extemporaneous_speech,True,25,available,False
fomc_20170201_statement,ES.v.0,2017-02-01 19:00:00+00:00,2017-02-01 18:59:59.772733392+00:00,2017-02-01 19:00:00.027546972+00:00,2017-02-01 19:00:00.208896877+00:00,27.546,208.896,0.0,0.0,False,False,True,,2,0.0,203.22161764705882,87.01208053691275,0.4281635071325398,0.0,0.0,fomc_20170201,statement,narrative_text,False,0,available,True
fomc_20170201_statement,NQ.v.0,2017-02-01 19:00:00+00:00,2017-02-01 18:59:59.555362448+00:00,2017-02-01 19:00:00.021005776+00:00,2017-02-01 19:00:00.051983611+00:00,21.005,51.983000000000004,-0.125,-0.24347783744141197,False,False,True,,4,-0.24347783744141197,18.74973903966597,10.775898520084567,0.5747225866604136,0.0,0.0,fomc_20170201,statement,narrative_text,False,0,available,True
fomc_20170201_statement,ZN.v.0,2017-02-01 19:00:00+00:00,2017-02-01 18:59:59.751177586+00:00,2017-02-01 19:00:00.034506816+00:00,2017-02-01 19:00:00.282296811+00:00,34.506,282.296,0.0,0.0,False,False,True,,1,0.0,686.8700737350623,173.01538461538462,0.2518895366551079,0.0,0.0,fomc_20170201,statement,narrative_text,False,0,available,True
fomc_20170315_statement,ES.v.0,2017-03-15 18:00:00+00:00,2017-03-15 17:59:59.943473390+00:00,2017-03-15 18:00:00.028568940+00:00,2017-03-15 18:00:00.260648324+00:00,28.568,260.64799999999997,0.0,0.0,False,False,True,,8,0.0,237.12837649679756,137.05164737310776,0.5779639256922027,0.0,0.0,fomc_20170315,statement,narrative_text,True,25,available,True
fomc_20170315_press_conference,ES.v.0,2017-03-15 18:30:00+00:00,2017-03-15 18:29:59.914057267+00:00,2017-03-15 18:30:00.012960037+00:00,2017-03-15 18:30:00.012948057+00:00,12.959999999999999,12.947999999999999,0.0,0.0,True,False,False,trade_before_first_post_event_quote,0,,365.57267417674757,312.0609583215197,0.8536222216944039,0.0,0.0,fomc_20170315,press_conference,extemporaneous_speech,True,25,available,False
fomc_20170315_statement,NQ.v.0,2017-03-15 18:00:00+00:00,2017-03-15 17:59:58.986754676+00:00,2017-03-15 18:00:00.024452870+00:00,2017-03-15 18:00:00.185621881+00:00,24.452,185.621,0.0,0.0,False,False,True,,8,0.4633276190419515,18.106344410876133,20.39090909090909,1.126174816306966,0.0,0.0,fomc_20170315,statement,narrative_text,True,25,available,True
fomc_20170315_press_conference,NQ.v.0,2017-03-15 18:30:00+00:00,2017-03-15 18:29:59.971000957+00:00,2017-03-15 18:30:00.013219917+00:00,2017-03-15 18:30:00.015831582+00:00,13.219,15.831000000000001,0.0,0.0,False,False,True,,3,0.0,22.494363804817787,22.33874139626352,0.9930817154952861,0.0,0.0,fomc_20170315,press_conference,extemporaneous_speech,True,25,available,True
fomc_20170315_statement,ZN.v.0,2017-03-15 18:00:00+00:00,2017-03-15 17:59:59.774389261+00:00,2017-03-15 18:00:00.257909023+00:00,2017-03-15 18:00:00.257892727+00:00,257.909,257.892,0.0,0.0,True,False,False,trade_before_first_post_event_quote,0,,951.7606239913932,180.10191082802547,0.18923026051732744,0.0,0.0,fomc_20170315,statement,narrative_text,True,25,available,False
fomc_20170315_press_conference,ZN.v.0,2017-03-15 18:30:00+00:00,2017-03-15 18:29:59.936081686+00:00,2017-03-15 18:30:00.054523977+00:00,2017-03-15 18:30:00.077614748+00:00,54.523,77.614,0.0,0.0,False,False,True,,11,0.0,1488.3411520103077,1622.8227894931558,1.0903567285640146,0.0,0.0,fomc_20170315,press_conference,extemporaneous_speech,True,25,available,True
fomc_20170503_statement,ES.v.0,2017-05-03 18:00:00+00:00,2017-05-03 17:59:59.517284716+00:00,2017-05-03 18:00:00.055177508+00:00,2017-05-03 18:00:00.055168425+00:00,55.177,55.168,0.125,0.5250584128700428,True,False,False,trade_before_first_post_event_quote,0,,240.64017467248908,176.1300992282249,0.7319230858601965,0.0,0.0,fomc_20170503,statement,narrative_text,False,0,available,False
fomc_20170503_statement,NQ.v.0,2017-05-03 18:00:00+00:00,2017-05-03 17:59:59.971990697+00:00,2017-05-03 18:00:00.055328983+00:00,2017-05-03 18:00:00.066622212+00:00,55.328,66.622,0.0,0.0,False,False,True,,2,0.0,15.453774385072094,17.352409638554217,1.122858999113909,0.0,0.0,fomc_20170503,statement,narrative_text,False,0,available,True
fomc_20170503_statement,ZN.v.0,2017-05-03 18:00:00+00:00,2017-05-03 17:59:59.883105739+00:00,2017-05-03 18:00:00.025417459+00:00,2017-05-03 18:00:00.025017833+00:00,25.416999999999998,25.017,0.0,0.0,True,False,False,trade_before_first_post_event_quote,0,,957.0421813799337,149.6772151898734,0.15639563030968792,0.0,0.0,fomc_20170503,statement,narrative_text,False,0,available,False
fomc_20170614_statement,ES.v.0,2017-06-14 18:00:00+00:00,2017-06-14 17:59:59.987397813+00:00,2017-06-14 18:00:00.002837211+00:00,2017-06-14 18:00:00.054428481+00:00,2.837,54.428,0.0,0.0,False,False,True,,3,0.0,127.23266961651917,80.2540415704388,0.6307659959688456,141.09199999999998,1930.9862799999987,fomc_20170614,statement,narrative_text,True,25,available,True
fomc_20170614_press_conference,ES.v.0,2017-06-14 18:30:00+00:00,2017-06-14 18:29:59.997877129+00:00,2017-06-14 18:30:00.008725033+00:00,2017-06-14 18:30:00.174756319+00:00,8.725,174.756,0.0,0.0,False,False,True,,12,0.0,232.9972788360082,353.25,1.5161121269945386,141.09199999999998,1930.9862799999987,fomc_20170614,press_conference,extemporaneous_speech,True,25,available,True
fomc_20170614_statement,NQ.v.0,2017-06-14 18:00:00+00:00,2017-06-14 17:59:59.988349415+00:00,2017-06-14 18:00:00.065804013+00:00,2017-06-14 18:00:00.605719425+00:00,65.804,605.719,0.0,0.0,False,False,True,,5,-0.8675095973690654,13.374013357619916,6.412337662337662,0.47946248376402273,147.063,1302.5659999999998,fomc_20170614,statement,narrative_text,True,25,available,True
fomc_20170614_press_conference,NQ.v.0,2017-06-14 18:30:00+00:00,2017-06-14 18:29:59.997867777+00:00,2017-06-14 18:30:00.055996857+00:00,2017-06-14 18:30:00.230321453+00:00,55.995999999999995,230.321,0.0,0.0,False,False,True,,24,-0.21696915784231618,15.78371130725106,16.13113384840259,1.0220114607007493,147.063,1302.5659999999998,fomc_20170614,press_conference,extemporaneous_speech,True,25,available,True
fomc_20170614_statement,ZN.v.0,2017-06-14 18:00:00+00:00,2017-06-14 17:59:59.995542109+00:00,2017-06-14 18:00:00.000243933+00:00,2017-06-14 18:00:00.000243933+00:00,0.243,0.243,0.0078125,0.6144959598824613,True,False,False,trade_before_first_post_event_quote,0,,876.5939984611439,263.6277777777778,0.30074102519590024,573.731,24504.49049999999,fomc_20170614,statement,narrative_text,True,25,available,False
fomc_20170614_press_conference,ZN.v.0,2017-06-14 18:30:00+00:00,2017-06-14 18:29:59.879539647+00:00,2017-06-14 18:30:00.001934833+00:00,2017-06-14 18:30:00.001934833+00:00,1.934,1.934,0.0,0.0,True,False,False,trade_before_first_post_event_quote,0,,1843.391069696842,1382.357761732852,0.7498993482485461,573.731,24504.49049999999,fomc_20170614,press_conference,extemporaneous_speech,True,25,available,False
fomc_20170726_statement,ES.v.0,2017-07-26 18:00:00+00:00,2017-07-26 17:59:59.991594077+00:00,2017-07-26 18:00:00.018528417+00:00,2017-07-26 18:00:00.520308175+00:00,18.528,520.308,0.0,0.0,False,False,True,,18,0.0,411.1008109104313,305.54787234042556,0.7432431759590883,381.58799999999997,7796.219119999995,fomc_20170726,statement,narrative_text,False,0,available,True
fomc_20170726_statement,NQ.v.0,2017-07-26 18:00:00+00:00,2017-07-26 17:59:59.357108667+00:00,2017-07-26 18:00:00.206723281+00:00,2017-07-26 18:00:00.206723281+00:00,206.72299999999998,206.72299999999998,0.0,0.0,True,False,False,trade_before_first_post_event_quote,0,,10.669803250641573,9.160857908847184,0.8585779600290515,350.49,6459.733000000001,fomc_20170726,statement,narrative_text,False,0,available,False
fomc_20170726_statement,ZN.v.0,2017-07-26 18:00:00+00:00,2017-07-26 17:59:59.260884441+00:00,2017-07-26 18:00:00.042870217+00:00,2017-07-26 18:00:00.520308599+00:00,42.87,520.308,0.0,0.0,False,False,True,,1,0.0,765.655107187894,235.30068728522338,0.3073194249946796,3360.181,16508.733260000023,fomc_20170726,statement,narrative_text,False,0,available,True
fomc_20170920_statement,ES.v.0,2017-09-20 18:00:00+00:00,2017-09-20 17:59:59.601599015+00:00,2017-09-20 18:00:00.037901633+00:00,2017-09-20 18:00:00.037901633+00:00,37.900999999999996,37.900999999999996,0.125,0.4992137384656126,True,False,False,trade_before_first_post_event_quote,0,,339.2119133574007,206.5681818181818,0.6089649970534416,500.76099999999997,9237.879439999999,fomc_20170920,statement,narrative_text,True,0,available,False
fomc_20170920_press_conference,ES.v.0,2017-09-20 18:30:00+00:00,2017-09-20 18:29:59.960069255+00:00,2017-09-20 18:30:00.001364999+00:00,2017-09-20 18:30:00.037801489+00:00,1.3639999999999999,37.801,0.0,0.0,False,False,True,,13,0.0,516.9892114628208,427.217703768624,0.8263570966206658,500.76099999999997,9237.879439999999,fomc_20170920,press_conference,extemporaneous_speech,True,0,available,True
fomc_20170920_statement,NQ.v.0,2017-09-20 18:00:00+00:00,2017-09-20 17:59:59.903979265+00:00,2017-09-20 18:00:00.008838483+00:00,2017-09-20 18:00:00.339376689+00:00,8.838000000000001,339.37600000000003,0.0,0.0,False,False,True,,3,-0.2092203404088332,19.63145939806928,14.951807228915662,0.7616248453941303,1018.2769999999999,12567.2682,fomc_20170920,statement,narrative_text,True,0,available,True
fomc_20170920_press_conference,NQ.v.0,2017-09-20 18:30:00+00:00,2017-09-20 18:29:59.940247759+00:00,2017-09-20 18:30:00.014906369+00:00,2017-09-20 18:30:00.015098541+00:00,14.906,15.098,0.0,0.0,False,False,True,,2,0.0,17.4447261848298,15.225977468522201,0.8728126373094318,1018.2769999999999,12567.2682,fomc_20170920,press_conference,extemporaneous_speech,True,0,available,True
fomc_20170920_statement,ZN.v.0,2017-09-20 18:00:00+00:00,2017-09-20 17:59:59.593981997+00:00,2017-09-20 18:00:00.162277109+00:00,2017-09-20 18:00:00.373377479+00:00,162.27700000000002,373.377,0.0,0.0,False,False,True,,2,0.0,1164.1861584011842,389.31898238747556,0.3344129970778388,3118.7790000000005,24754.410249999957,fomc_20170920,statement,narrative_text,True,0,available,True
fomc_20170920_press_conference,ZN.v.0,2017-09-20 18:30:00+00:00,2017-09-20 18:29:59.938488901+00:00,2017-09-20 18:30:00.031894147+00:00,2017-09-20 18:30:00.689742201+00:00,31.894,689.742,0.0,0.0,False,False,True,,9,0.0,2825.883244094488,3264.3010752688174,1.1551436465361873,3118.7790000000005,24754.410249999957,fomc_20170920,press_conference,extemporaneous_speech,True,0,available,True
fomc_20171101_statement,ES.v.0,2017-11-01 18:00:00+00:00,2017-11-01 17:59:59.989714161+00:00,2017-11-01 18:00:00.000636115+00:00,2017-11-01 18:00:00.277495563+00:00,0.636,277.495,0.0,0.0,False,False,True,,8,0.0,335.922966162707,119.95823483057525,0.3571004275202563,149.785,1806.3518000000079,fomc_20171101,statement,narrative_text,False,0,available,True
fomc_20171101_statement,NQ.v.0,2017-11-01 18:00:00+00:00,2017-11-01 17:59:59.975756497+00:00,2017-11-01 18:00:00.000300631+00:00,2017-11-01 18:00:00.000300631+00:00,0.3,0.3,0.375,0.6011722861378668,True,False,False,trade_before_first_post_event_quote,0,,14.629991126885537,7.484136310223267,0.5115612337228058,144.414,1505.5709999999885,fomc_20171101,statement,narrative_text,False,0,available,False
fomc_20171101_statement,ZN.v.0,2017-11-01 18:00:00+00:00,2017-11-01 17:59:59.969800993+00:00,2017-11-01 18:00:00.069093935+00:00,2017-11-01 18:00:08.237511769+00:00,69.093,8237.511,0.0,0.0,False,False,True,,21,0.0,1439.2251512532412,526.9567219152855,0.36613918361308845,466.6105,16647.284649999998,fomc_20171101,statement,narrative_text,False,0,available,True
fomc_20171213_statement,ES.v.0,2017-12-13 19:00:00+00:00,2017-12-13 18:59:59.988396883+00:00,2017-12-13 19:00:00.013899729+00:00,2017-12-13 19:00:00.626989805+00:00,13.899,626.989,0.0,0.0,False,False,True,,6,0.0,173.47440273037543,75.56168831168831,0.4355783165838647,149.257,2715.827500000001,fomc_20171213,statement,narrative_text,True,25,available,True
fomc_20171213_press_conference,ES.v.0,2017-12-13 19:30:00+00:00,2017-12-13 19:29:59.901989981+00:00,2017-12-13 19:30:00.000166931+00:00,2017-12-13 19:30:01.053647697+00:00,0.166,1053.647,0.0,0.0,False,False,True,,22,0.0,300.7010160812865,335.84272169548245,1.1168659357130217,149.257,2715.827500000001,fomc_20171213,press_conference,extemporaneous_speech,True,25,available,True
fomc_20171213_statement,NQ.v.0,2017-12-13 19:00:00+00:00,2017-12-13 18:59:59.888009823+00:00,2017-12-13 19:00:00.031966961+00:00,2017-12-13 19:00:00.031966961+00:00,31.966,31.966,0.0,0.0,True,False,False,trade_before_first_post_event_quote,0,,12.524545454545455,8.568181818181818,0.6841111998257966,163.74099999999999,5468.278559999959,fomc_20171213,statement,narrative_text,True,25,available,False
fomc_20171213_press_conference,NQ.v.0,2017-12-13 19:30:00+00:00,2017-12-13 19:29:59.979809553+00:00,2017-12-13 19:30:00.003473163+00:00,2017-12-13 19:30:00.332581609+00:00,3.473,332.581,0.0,0.0,False,False,True,,9,0.0,20.492154274820354,23.08359981726816,1.1264603763808294,163.74099999999999,5468.278559999959,fomc_20171213,press_conference,extemporaneous_speech,True,25,available,True
fomc_20171213_statement,ZN.v.0,2017-12-13 19:00:00+00:00,2017-12-13 18:59:59.011894255+00:00,2017-12-13 19:00:00.865787127+00:00,2017-12-13 19:00:00.865787127+00:00,865.7869999999999,865.7869999999999,0.0,0.0,True,False,False,trade_before_first_post_event_quote,0,,2141.597417840376,681.2793893129771,0.31811739388441695,539.8430000000001,21525.573030000003,fomc_20171213,statement,narrative_text,True,25,available,False
fomc_20171213_press_conference,ZN.v.0,2017-12-13 19:30:00+00:00,2017-12-13 19:29:59.704371243+00:00,2017-12-13 19:30:00.387771123+00:00,2017-12-13 19:30:02.102482997+00:00,387.77099999999996,2102.482,0.0,0.0,False,False,True,,108,0.0,2164.360955419505,1946.6214177978884,0.8993977704705852,539.8430000000001,21525.573030000003,fomc_20171213,press_conference,extemporaneous_speech,True,25,available,True
fomc_20180131_statement,ES.v.0,2018-01-31 19:00:00+00:00,2018-01-31 18:59:59.592949681+00:00,2018-01-31 19:00:00.006090031+00:00,2018-01-31 19:00:00.055823699+00:00,6.09,55.823,0.0,0.0,False,False,True,,4,0.0,362.27353407290013,125.04741379310344,0.3451740246858337,151.216,2156.4739999999997,fomc_20180131,statement,narrative_text,False,0,available,True
fomc_20180131_statement,NQ.v.0,2018-01-31 19:00:00+00:00,2018-01-31 18:59:57.665146395+00:00,2018-01-31 19:00:00.708577417+00:00,2018-01-31 19:00:00.708577417+00:00,708.577,708.577,0.0,0.0,True,False,False,trade_before_first_post_event_quote,0,,10.588863463005339,5.760416666666667,0.5440070775104452,155.39600000000002,4770.580649999993,fomc_20180131,statement,narrative_text,False,0,available,False
fomc_20180131_statement,ZN.v.0,2018-01-31 19:00:00+00:00,2018-01-31 18:59:59.674811095+00:00,2018-01-31 19:00:00.070155047+00:00,2018-01-31 19:00:00.820739255+00:00,70.155,820.739,0.0,0.0,False,False,True,,11,0.0,1988.938876822836,1001.1186147186147,0.503343077248215,396.303,27946.213,fomc_20180131,statement,narrative_text,False,0,available,True
fomc_20180321_statement,ES.v.0,2018-03-21 18:00:00+00:00,2018-03-21 17:59:59.973067999+00:00,2018-03-21 18:00:00.201624811+00:00,2018-03-21 18:00:00.201624811+00:00,201.624,201.624,0.0,0.0,True,False,False,trade_before_first_post_event_quote,0,,118.8971441838867,73.8090395480226,0.6207805919532374,153.712,1729.4556400000008,fomc_20180321,statement,narrative_text,True,25,available,False
fomc_20180321_press_conference,ES.v.0,2018-03-21 18:30:00+00:00,2018-03-21 18:29:59.646095097+00:00,2018-03-21 18:30:00.111741819+00:00,2018-03-21 18:30:00.121117317+00:00,111.741,121.117,0.0,0.0,False,False,True,,1,0.0,106.76332709280557,92.89911308203992,0.8701406710685029,153.712,1729.4556400000008,fomc_20180321,press_conference,extemporaneous_speech,True,25,available,True
fomc_20180321_statement,NQ.v.0,2018-03-21 18:00:00+00:00,2018-03-21 17:59:59.779451207+00:00,2018-03-21 18:00:00.273151069+00:00,2018-03-21 18:00:03.023609809+00:00,273.15099999999995,3023.609,0.0,0.0,False,False,True,,5,0.18072234722718572,15.335436893203884,7.621928166351607,0.49701408700846156,167.429,3717.5583700000398,fomc_20180321,statement,narrative_text,True,25,available,True
fomc_20180321_press_conference,NQ.v.0,2018-03-21 18:30:00+00:00,2018-03-21 18:29:59.920554839+00:00,2018-03-21 18:30:00.011179253+00:00,2018-03-21 18:30:00.059743055+00:00,11.179,59.742999999999995,0.0,0.0,False,False,True,,10,-0.18095126078297938,8.939819471650166,8.741963260619977,0.9778679858516576,167.429,3717.5583700000398,fomc_20180321,press_conference,extemporaneous_speech,True,25,available,True
fomc_20180321_statement,ZN.v.0,2018-03-21 18:00:00+00:00,2018-03-21 17:59:59.840619453+00:00,2018-03-21 18:00:00.015685893+00:00,2018-03-21 18:00:00.121517121+00:00,15.685,121.517,0.0,0.0,False,False,True,,7,-0.6509780948168485,1061.8260016811432,308.3434782608696,0.29038983578541366,541.494,23574.76829999994,fomc_20180321,statement,narrative_text,True,25,available,True
fomc_20180321_press_conference,ZN.v.0,2018-03-21 18:30:00+00:00,2018-03-21 18:29:59.693594753+00:00,2018-03-21 18:30:00.027683341+00:00,2018-03-21 18:30:00.104199267+00:00,27.683,104.199,0.0,0.0,False,False,True,,14,0.0,1891.7908259462502,1971.4995134609146,1.042133985650763,541.494,23574.76829999994,fomc_20180321,press_conference,extemporaneous_speech,True,25,available,True
fomc_20180502_statement,ES.v.0,2018-05-02 18:00:00+00:00,2018-05-02 17:59:59.754447899+00:00,2018-05-02 18:00:00.028194003+00:00,2018-05-02 18:00:00.665989913+00:00,28.194,665.989,0.0,0.0,False,False,True,,11,0.0,220.66177523264136,81.32602739726028,0.3685551215724568,145.076,1642.0535599999996,fomc_20180502,statement,narrative_text,False,0,available,True
fomc_20180502_statement,NQ.v.0,2018-05-02 18:00:00+00:00,2018-05-02 17:59:59.496730343+00:00,2018-05-02 18:00:00.319668389+00:00,2018-05-02 18:00:00.319668389+00:00,319.668,319.668,0.0,0.0,True,False,False,trade_before_first_post_event_quote,0,,8.03630705394191,9.68937875751503,1.2057004159344893,176.58499999999998,4350.84971,fomc_20180502,statement,narrative_text,False,0,available,False
fomc_20180502_statement,ZN.v.0,2018-05-02 18:00:00+00:00,2018-05-02 17:59:59.432880097+00:00,2018-05-02 18:00:00.540279091+00:00,2018-05-02 18:00:00.540279091+00:00,540.279,540.279,0.0,0.0,True,False,False,trade_before_first_post_event_quote,0,,3466.705016106765,1558.318407960199,0.4495099527418825,204.95,13408.021689999949,fomc_20180502,statement,narrative_text,False,0,available,False
fomc_20180613_statement,ES.v.0,2018-06-13 18:00:00+00:00,2018-06-13 17:59:59.923147485+00:00,2018-06-13 18:00:00.016406185+00:00,2018-06-13 18:00:00.141264073+00:00,16.406,141.264,0.0,0.0,False,False,True,,4,0.0,171.14388961892246,122.33931777378815,0.7148331035726428,1000159.48,1002594.92162,fomc_20180613,statement,narrative_text,True,25,available,True
fomc_20180613_press_conference,ES.v.0,2018-06-13 18:30:00+00:00,2018-06-13 18:29:59.888208665+00:00,2018-06-13 18:30:00.000238359+00:00,2018-06-13 18:30:00.307571069+00:00,0.23800000000000002,307.57099999999997,0.0,0.0,False,False,True,,30,0.0,182.94591290819324,170.76329172445676,0.933408617934799,1000159.48,1002594.92162,fomc_20180613,press_conference,extemporaneous_speech,True,25,available,True
fomc_20180613_statement,NQ.v.0,2018-06-13 18:00:00+00:00,2018-06-13 17:59:59.238627247+00:00,2018-06-13 18:00:00.194840379+00:00,2018-06-13 18:00:00.194840379+00:00,194.84,194.84,0.0,0.0,True,False,False,trade_before_first_post_event_quote,0,,10.71031746031746,5.0,0.4668395702111893,1000186.679,1006120.3609,fomc_20180613,statement,narrative_text,True,25,available,False
fomc_20180613_press_conference,NQ.v.0,2018-06-13 18:30:00+00:00,2018-06-13 18:29:59.900363579+00:00,2018-06-13 18:30:00.008976155+00:00,2018-06-13 18:30:00.009297341+00:00,8.975999999999999,9.297,0.0,0.0,False,False,True,,1,0.0,9.264680212260858,6.885794655414909,0.7432306887724266,1000186.679,1006120.3609,fomc_20180613,press_conference,extemporaneous_speech,True,25,available,True
fomc_20180613_statement,ZN.v.0,2018-06-13 18:00:00+00:00,2018-06-13 17:59:59.766593471+00:00,2018-06-13 18:00:00.173257977+00:00,2018-06-13 18:00:00.328146159+00:00,173.257,328.146,0.0,0.0,False,False,True,,1,0.0,1198.984962406015,411.02921646746347,0.34281432157634995,1000293.551,1011586.2926,fomc_20180613,statement,narrative_text,True,25,available,True
fomc_20180613_press_conference,ZN.v.0,2018-06-13 18:30:00+00:00,2018-06-13 18:29:59.628389717+00:00,2018-06-13 18:30:00.064835883+00:00,2018-06-13 18:30:11.395389937+00:00,64.83500000000001,11395.389,0.0,0.0,False,False,True,,239,0.0,2560.300475905503,2546.527685492802,0.9946206351393854,1000293.551,1011586.2926,fomc_20180613,press_conference,extemporaneous_speech,True,25,available,True
fomc_20180801_statement,ES.v.0,2018-08-01 18:00:00+00:00,2018-08-01 17:59:59.995939157+00:00,2018-08-01 18:00:00.005256497+00:00,2018-08-01 18:00:00.005256497+00:00,5.256,5.256,0.0,0.0,True,False,False,trade_before_first_post_event_quote,0,,113.51894661582459,58.828151498021484,0.5182231975523002,1000153.7845000001,1001439.37024,fomc_20180801,statement,narrative_text,False,0,available,False
fomc_20180801_statement,NQ.v.0,2018-08-01 18:00:00+00:00,2018-08-01 17:59:59.899626323+00:00,2018-08-01 18:00:00.005781263+00:00,2018-08-01 18:00:00.005781263+00:00,5.781,5.781,0.5,0.6882430877311633,True,False,False,trade_before_first_post_event_quote,0,,7.425115520521881,5.41313269493844,0.729030097912601,1000155.409,1002952.1130000001,fomc_20180801,statement,narrative_text,False,0,available,False
fomc_20180801_statement,ZN.v.0,2018-08-01 18:00:00+00:00,2018-08-01 17:59:59.872381329+00:00,2018-08-01 18:00:00.003269247+00:00,2018-08-01 18:00:00.003269247+00:00,3.269,3.269,0.0,0.0,True,False,False,trade_before_first_post_event_quote,0,,2552.555151829743,1450.904047976012,0.5684124188015931,1000187.9395000001,1006430.57065,fomc_20180801,statement,narrative_text,False,0,available,False
fomc_20180926_statement,ES.v.0,2018-09-26 18:00:00+00:00,2018-09-26 17:59:59.983663439+00:00,2018-09-26 18:00:00.002970823+00:00,2018-09-26 18:00:00.002970823+00:00,2.97,2.97,0.0,0.0,True,False,False,trade_before_first_post_event_quote,0,,252.85308326229043,74.43423137876387,0.29437739266778684,154.83,1832.0475200000008,fomc_20180926,statement,narrative_text,True,25,available,False
fomc_20180926_press_conference,ES.v.0,2018-09-26 18:30:00+00:00,2018-09-26 18:29:59.537251309+00:00,2018-09-26 18:30:00.010365643+00:00,2018-09-26 18:30:00.010365643+00:00,10.364999999999998,10.364999999999998,0.0,0.0,True,False,False,trade_before_first_post_event_quote,0,,365.9865907143217,326.68654230512993,0.8926188843900342,154.83,1832.0475200000008,fomc_20180926,press_conference,extemporaneous_speech,True,25,available,False
fomc_20180926_statement,NQ.v.0,2018-09-26 18:00:00+00:00,2018-09-26 17:59:59.875188903+00:00,2018-09-26 18:00:00.637527347+00:00,2018-09-26 18:00:00.637527347+00:00,637.5269999999999,637.5269999999999,0.5,0.6552543208185083,True,False,False,trade_before_first_post_event_quote,0,,9.195361635220126,5.906148867313916,0.6422965296647117,148.55599999999998,2584.9352699999963,fomc_20180926,statement,narrative_text,True,25,available,False
fomc_20180926_press_conference,NQ.v.0,2018-09-26 18:30:00+00:00,2018-09-26 18:29:59.537824177+00:00,2018-09-26 18:30:00.035125069+00:00,2018-09-26 18:30:00.282313303+00:00,35.125,282.313,0.0,0.0,False,False,True,,13,0.1632026895830357,17.336253435414214,13.006797385620915,0.7502657615197782,148.55599999999998,2584.9352699999963,fomc_20180926,press_conference,extemporaneous_speech,True,25,available,True
fomc_20180926_statement,ZN.v.0,2018-09-26 18:00:00+00:00,2018-09-26 17:59:59.769080371+00:00,2018-09-26 18:00:00.003453873+00:00,2018-09-26 18:00:01.031101525+00:00,3.453,1031.101,0.0,0.0,False,False,True,,11,0.0,3253.0440222428174,1709.9066232356136,0.5256327954814196,318.30699999999996,10597.356579999972,fomc_20180926,statement,narrative_text,True,25,available,True
fomc_20180926_press_conference,ZN.v.0,2018-09-26 18:30:00+00:00,2018-09-26 18:29:59.058674835+00:00,2018-09-26 18:30:00.081250169+00:00,2018-09-26 18:30:02.577219009+00:00,81.25,2577.219,0.0,0.0,False,False,True,,7,0.0,4294.948186169106,4060.5011106175034,0.9454132936209603,318.30699999999996,10597.356579999972,fomc_20180926,press_conference,extemporaneous_speech,True,25,available,True
fomc_20181108_statement,ES.v.0,2018-11-08 19:00:00+00:00,2018-11-08 18:59:59.781425565+00:00,2018-11-08 19:00:00.005858831+00:00,2018-11-08 19:00:00.007588745+00:00,5.8580000000000005,7.588,0.0,0.0,False,False,True,,5,0.0,137.22884250474382,120.94918699186992,0.8813685576899686,147.946,1234.039619999996,fomc_20181108,statement,narrative_text,False,0,available,True
fomc_20181108_statement,NQ.v.0,2018-11-08 19:00:00+00:00,2018-11-08 18:59:58.785273225+00:00,2018-11-08 19:00:00.217123077+00:00,2018-11-08 19:00:00.455741025+00:00,217.12300000000002,455.741,-0.125,-0.1743815992583612,False,False,True,,1,-0.1743815992583612,6.297846889952153,8.440928270042194,1.340287945632531,133.40300000000002,1787.787,fomc_20181108,statement,narrative_text,False,0,available,True
fomc_20181108_statement,ZN.v.0,2018-11-08 19:00:00+00:00,2018-11-08 18:59:59.766083509+00:00,2018-11-08 19:00:00.000704325+00:00,2018-11-08 19:00:00.012070209+00:00,0.704,12.07,0.0,0.0,False,False,True,,4,0.0,2258.808338273069,437.6927621861152,0.1937715364202814,241.65550000000002,5555.674969999992,fomc_20181108,statement,narrative_text,False,0,available,True
fomc_20181219_statement,ES.v.0,2018-12-19 19:00:00+00:00,2018-12-19 18:59:59.988982155+00:00,2018-12-19 19:00:00.045122161+00:00,2018-12-19 19:00:00.045478671+00:00,45.122,45.477999999999994,0.0,0.0,False,False,True,,4,-0.483336958454976,46.67337070777856,56.57464101869412,1.2121396025349724,207.969,2031.2000800000083,fomc_20181219,statement,narrative_text,True,25,available,True
fomc_20181219_press_conference,ES.v.0,2018-12-19 19:30:00+00:00,2018-12-19 19:29:59.999667935+00:00,2018-12-19 19:30:00.001112707+00:00,2018-12-19 19:30:00.033823147+00:00,1.1119999999999999,33.823,0.0,0.0,False,False,True,,1,0.0,38.348222089708294,35.527623472376526,0.9264477343764851,207.969,2031.2000800000083,fomc_20181219,press_conference,extemporaneous_speech,True,25,available,True
fomc_20181219_statement,NQ.v.0,2018-12-19 19:00:00+00:00,2018-12-19 18:59:59.989425429+00:00,2018-12-19 19:00:00.020418473+00:00,2018-12-19 19:00:00.020418473+00:00,20.418,20.418,0.0,0.0,True,False,False,trade_before_first_post_event_quote,0,,5.193219910189109,5.880484114977307,1.1323387448776787,153.965,3071.0395000000003,fomc_20181219,statement,narrative_text,True,25,available,False
fomc_20181219_press_conference,NQ.v.0,2018-12-19 19:30:00+00:00,2018-12-19 19:29:59.999679037+00:00,2018-12-19 19:30:00.034145005+00:00,2018-12-19 19:30:00.054175697+00:00,34.145,54.175000000000004,0.125,0.19177845753176653,False,False,True,,39,-0.7671506112200004,4.81635764172014,4.987866168868466,1.0356095912941947,153.965,3071.0395000000003,fomc_20181219,press_conference,extemporaneous_speech,True,25,available,True
fomc_20181219_statement,ZN.v.0,2018-12-19 19:00:00+00:00,2018-12-19 18:59:59.760747351+00:00,2018-12-19 19:00:00.000021927+00:00,2018-12-19 19:00:00.000021927+00:00,0.020999999999999998,0.020999999999999998,0.0,0.0,True,False,False,trade_before_first_post_event_quote,0,,910.9305832147937,183.89783001808317,0.20187908212400066,337.07050000000004,8630.02332,fomc_20181219,statement,narrative_text,True,25,available,False
fomc_20181219_press_conference,ZN.v.0,2018-12-19 19:30:00+00:00,2018-12-19 19:29:59.975734503+00:00,2018-12-19 19:30:00.002816565+00:00,2018-12-19 19:30:00.002816565+00:00,2.816,2.816,0.0,0.0,True,False,False,trade_before_first_post_event_quote,0,,1078.1364062114862,1131.1706377014716,1.0491906508160176,337.07050000000004,8630.02332,fomc_20181219,press_conference,extemporaneous_speech,True,25,available,False
fomc_20190130_statement,ES.v.0,2019-01-30 19:00:00+00:00,2019-01-30 18:59:59.981512309+00:00,2019-01-30 19:00:00.006934725+00:00,2019-01-30 19:00:00.007571601+00:00,6.934,7.571,0.0,0.0,False,False,True,,2,0.0,102.05971037492561,44.30769230769231,0.43413499945202644,152.675,1628.554719999998,fomc_20190130,statement,narrative_text,False,0,available,True
fomc_20190130_press_conference,ES.v.0,2019-01-30 19:30:00+00:00,2019-01-30 19:29:59.928559907+00:00,2019-01-30 19:30:00.012863531+00:00,2019-01-30 19:30:00.014331483+00:00,12.863,14.331,0.0,0.0,False,False,True,,4,0.0,144.80087454721257,171.92829359039405,1.1873429226723111,152.675,1628.554719999998,fomc_20190130,press_conference,extemporaneous_speech,False,0,available,True
fomc_20190130_statement,NQ.v.0,2019-01-30 19:00:00+00:00,2019-01-30 18:59:59.576262631+00:00,2019-01-30 19:00:00.824292741+00:00,2019-01-30 19:00:00.824292741+00:00,824.292,824.292,0.0,0.0,True,False,False,trade_before_first_post_event_quote,0,,6.626685515441496,8.962466487935657,1.3524810355118448,138.27100000000002,2130.8951599999896,fomc_20190130,statement,narrative_text,False,0,available,False
fomc_20190130_press_conference,NQ.v.0,2019-01-30 19:30:00+00:00,2019-01-30 19:29:59.995251387+00:00,2019-01-30 19:30:00.003250971+00:00,2019-01-30 19:30:00.201209993+00:00,3.25,201.209,0.0,0.0,False,False,True,,26,0.18380156783335325,11.35364453977572,11.986520534139581,1.0557421004459562,138.27100000000002,2130.8951599999896,fomc_20190130,press_conference,extemporaneous_speech,False,0,available,True
fomc_20190130_statement,ZN.v.0,2019-01-30 19:00:00+00:00,2019-01-30 18:59:59.652927547+00:00,2019-01-30 19:00:00.065044723+00:00,2019-01-30 19:00:00.065044723+00:00,65.04400000000001,65.04400000000001,0.0,0.0,True,False,False,trade_before_first_post_event_quote,0,,1902.8344422700586,513.0388821385176,0.26961824462587947,261.963,9266.158149999957,fomc_20190130,statement,narrative_text,False,0,available,False
fomc_20190130_press_conference,ZN.v.0,2019-01-30 19:30:00+00:00,2019-01-30 19:29:59.921248243+00:00,2019-01-30 19:30:00.021284499+00:00,2019-01-30 19:30:00.494166293+00:00,21.284000000000002,494.166,0.0,0.0,False,False,True,,11,0.0,2792.8993829648693,3087.98431372549,1.1056554104886394,261.963,9266.158149999957,fomc_20190130,press_conference,extemporaneous_speech,False,0,available,True
fomc_20190320_statement,ES.v.0,2019-03-20 18:00:00+00:00,2019-03-20 17:59:59.760018125+00:00,2019-03-20 18:00:00.020119913+00:00,2019-03-20 18:00:00.020414441+00:00,20.119,20.414,0.0,0.0,False,False,True,,3,0.0,155.04862815079187,54.60131195335277,0.35215604681294244,155.38,1211.0516399999972,fomc_20190320,statement,narrative_text,True,0,available,True
fomc_20190320_press_conference,ES.v.0,2019-03-20 18:30:00+00:00,2019-03-20 18:29:59.993789173+00:00,2019-03-20 18:30:00.018728241+00:00,2019-03-20 18:30:00.018728241+00:00,18.728,18.728,0.0,0.0,True,False,False,trade_before_first_post_event_quote,0,,148.87825024500134,172.66229408175718,1.159754993073976,155.38,1211.0516399999972,fomc_20190320,press_conference,extemporaneous_speech,True,0,available,False
fomc_20190320_statement,NQ.v.0,2019-03-20 18:00:00+00:00,2019-03-20 17:59:59.931168169+00:00,2019-03-20 18:00:00.022560045+00:00,2019-03-20 18:00:00.160549871+00:00,22.56,160.549,0.0,0.0,False,False,True,,3,0.0,11.456726013847675,6.1232179226069245,0.5344648999378905,161.357,2258.399119999999,fomc_20190320,statement,narrative_text,True,0,available,True
fomc_20190320_press_conference,NQ.v.0,2019-03-20 18:30:00+00:00,2019-03-20 18:29:59.992335775+00:00,2019-03-20 18:30:00.019007475+00:00,2019-03-20 18:30:00.019637391+00:00,19.006999999999998,19.637,0.125,0.16778382732062377,False,False,True,,3,0.16778382732062377,13.319459326615876,12.688877498718606,0.9526571002294968,161.357,2258.399119999999,fomc_20190320,press_conference,extemporaneous_speech,True,0,available,True
fomc_20190320_statement,ZN.v.0,2019-03-20 18:00:00+00:00,2019-03-20 17:59:58.996061839+00:00,2019-03-20 18:00:00.002144761+00:00,2019-03-20 18:00:00.002144761+00:00,2.144,2.144,0.0,0.0,True,False,False,trade_before_first_post_event_quote,0,,1412.0600500417015,337.6379781420765,0.239110212155712,244.357,11332.886959999996,fomc_20190320,statement,narrative_text,True,0,available,False
fomc_20190320_press_conference,ZN.v.0,2019-03-20 18:30:00+00:00,2019-03-20 18:29:59.989445605+00:00,2019-03-20 18:30:00.001351581+00:00,2019-03-20 18:30:01.026896947+00:00,1.351,1026.896,0.0,0.0,False,False,True,,41,0.0,4162.173971434662,3721.8710801393727,0.8942132418497823,244.357,11332.886959999996,fomc_20190320,press_conference,extemporaneous_speech,True,0,available,True
fomc_20190501_statement,ES.v.0,2019-05-01 18:00:00+00:00,2019-05-01 17:59:59.622993141+00:00,2019-05-01 18:00:00.028688595+00:00,2019-05-01 18:00:00.201277257+00:00,28.688000000000002,201.27700000000002,0.0,0.0,False,False,True,,5,0.0,173.49726277372264,66.76998904709748,0.3848475069844748,158.65200000000002,1209.3753599999984,fomc_20190501,statement,narrative_text,False,0,available,True
fomc_20190501_press_conference,ES.v.0,2019-05-01 18:30:00+00:00,2019-05-01 18:29:59.857390091+00:00,2019-05-01 18:30:00.037945457+00:00,2019-05-01 18:30:00.312470265+00:00,37.945,312.47,0.0,0.0,False,False,True,,12,0.0,189.33327828695676,203.54144144144144,1.0750431370704443,158.65200000000002,1209.3753599999984,fomc_20190501,press_conference,extemporaneous_speech,False,0,available,True
fomc_20190501_statement,NQ.v.0,2019-05-01 18:00:00+00:00,2019-05-01 17:59:59.841698013+00:00,2019-05-01 18:00:00.008468107+00:00,2019-05-01 18:00:00.008468107+00:00,8.468,8.468,-0.25,-0.31864892856966887,True,False,False,trade_before_first_post_event_quote,0,,8.242898312062577,6.777358490566038,0.8222057623406706,154.3495,2080.10318,fomc_20190501,statement,narrative_text,False,0,available,False
fomc_20190501_press_conference,NQ.v.0,2019-05-01 18:30:00+00:00,2019-05-01 18:29:59.980108299+00:00,2019-05-01 18:30:00.037769511+00:00,2019-05-01 18:30:00.257231123+00:00,37.769,257.231,0.125,0.15906722976788978,False,False,True,,16,0.0,11.140804946054066,8.941012216404886,0.8025463384108238,154.3495,2080.10318,fomc_20190501,press_conference,extemporaneous_speech,False,0,available,True
fomc_20190501_statement,ZN.v.0,2019-05-01 18:00:00+00:00,2019-05-01 17:59:59.896567799+00:00,2019-05-01 18:00:00.001222097+00:00,2019-05-01 18:00:00.001222097+00:00,1.222,1.222,0.0,0.0,True,False,False,trade_before_first_post_event_quote,0,,1899.0233396987057,305.06451612903226,0.1606428471687099,363.21599999999995,9387.236920000043,fomc_20190501,statement,narrative_text,False,0,available,False
fomc_20190501_press_conference,ZN.v.0,2019-05-01 18:30:00+00:00,2019-05-01 18:29:59.093686119+00:00,2019-05-01 18:30:00.000094391+00:00,2019-05-01 18:30:00.001899689+00:00,0.094,1.899,0.0,0.0,False,False,True,,3,0.0,2551.9073391369,2061.2748663101606,0.8077389153978137,363.21599999999995,9387.236920000043,fomc_20190501,press_conference,extemporaneous_speech,False,0,available,True
fomc_20190619_statement,ES.v.0,2019-06-19 18:00:00+00:00,2019-06-19 17:59:59.961436227+00:00,2019-06-19 18:00:00.064715133+00:00,2019-06-19 18:00:00.064715133+00:00,64.71499999999999,64.71499999999999,0.0,0.0,True,False,False,trade_before_first_post_event_quote,0,,96.84534304331162,71.4591127739177,0.7378683427447763,170.47500000000002,1913.097859999997,fomc_20190619,statement,narrative_text,True,0,available,False
fomc_20190619_press_conference,ES.v.0,2019-06-19 18:30:00+00:00,2019-06-19 18:29:59.996075169+00:00,2019-06-19 18:30:00.135518215+00:00,2019-06-19 18:30:00.324745453+00:00,135.518,324.745,0.0,0.0,False,False,True,,28,0.0,105.63239865088288,167.95420591101006,1.589987617966548,170.47500000000002,1913.097859999997,fomc_20190619,press_conference,extemporaneous_speech,True,0,available,True
fomc_20190619_statement,NQ.v.0,2019-06-19 18:00:00+00:00,2019-06-19 17:59:59.961325779+00:00,2019-06-19 18:00:00.151283033+00:00,2019-06-19 18:00:00.151283033+00:00,151.283,151.283,-0.125,-0.1633359739357046,True,False,False,trade_before_first_post_event_quote,0,,7.308902983321588,3.9151670951156814,0.5356709623933745,202.8615,5029.670199999999,fomc_20190619,statement,narrative_text,True,0,available,False
fomc_20190619_press_conference,NQ.v.0,2019-06-19 18:30:00+00:00,2019-06-19 18:29:59.995868943+00:00,2019-06-19 18:30:00.088974565+00:00,2019-06-19 18:30:00.219757453+00:00,88.974,219.757,0.0,0.0,False,False,True,,1,0.0,10.248630003616235,7.739477726574501,0.7551719326235431,202.8615,5029.670199999999,fomc_20190619,press_conference,extemporaneous_speech,True,0,available,True
fomc_20190619_statement,ZN.v.0,2019-06-19 18:00:00+00:00,2019-06-19 17:59:59.849138357+00:00,2019-06-19 18:00:00.019170091+00:00,2019-06-19 18:00:00.186180159+00:00,19.169999999999998,186.18,0.0,0.0,False,False,True,,11,-0.6137416763208047,562.4082866741321,186.65375854214122,0.33188301624419564,414.313,8410.255440000064,fomc_20190619,statement,narrative_text,True,0,available,True
fomc_20190619_press_conference,ZN.v.0,2019-06-19 18:30:00+00:00,2019-06-19 18:29:59.915643201+00:00,2019-06-19 18:30:00.000279851+00:00,2019-06-19 18:30:00.010416239+00:00,0.279,10.416,0.0,0.0,False,False,True,,18,0.0,1152.0159249983947,1251.9530099610222,1.086749742598191,414.313,8410.255440000064,fomc_20190619,press_conference,extemporaneous_speech,True,0,available,True
fomc_20190731_statement,ES.v.0,2019-07-31 18:00:00+00:00,2019-07-31 17:59:59.927521273+00:00,2019-07-31 18:00:00.007236383+00:00,2019-07-31 18:00:00.007236383+00:00,7.236000000000001,7.236000000000001,0.0,0.0,True,False,False,trade_before_first_post_event_quote,0,,127.05293209876544,56.2540675844806,0.44276087655144497,139.5555,1144.2415199999996,fomc_20190731,statement,narrative_text,False,-25,available,False
fomc_20190731_press_conference,ES.v.0,2019-07-31 18:30:00+00:00,2019-07-31 18:29:59.961075299+00:00,2019-07-31 18:30:00.005124583+00:00,2019-07-31 18:30:00.025260143+00:00,5.124,25.26,0.0,0.0,False,False,True,,3,0.0,119.01639758374519,98.11498039215687,0.8243820379718587,139.5555,1144.2415199999996,fomc_20190731,press_conference,extemporaneous_speech,False,-25,available,True
fomc_20190731_statement,NQ.v.0,2019-07-31 18:00:00+00:00,2019-07-31 17:59:59.926291243+00:00,2019-07-31 18:00:00.097611099+00:00,2019-07-31 18:00:00.105968825+00:00,97.611,105.968,-0.125,-0.15676069696103523,False,False,True,,8,-0.4702894632516663,9.828997062526227,6.27889591719379,0.6388134900490042,198.319,4406.00055,fomc_20190731,statement,narrative_text,False,-25,available,True
fomc_20190731_press_conference,NQ.v.0,2019-07-31 18:30:00+00:00,2019-07-31 18:29:59.783625677+00:00,2019-07-31 18:30:00.025640935+00:00,2019-07-31 18:30:00.025640935+00:00,25.64,25.64,0.0,0.0,True,False,False,trade_before_first_post_event_quote,0,,8.246009732360097,6.797632202052092,0.8243541328087344,198.319,4406.00055,fomc_20190731,press_conference,extemporaneous_speech,False,-25,available,False
fomc_20190731_statement,ZN.v.0,2019-07-31 18:00:00+00:00,2019-07-31 17:59:59.478169263+00:00,2019-07-31 18:00:00.002861835+00:00,2019-07-31 18:00:00.002861835+00:00,2.8609999999999998,2.8609999999999998,0.0078125,0.6123886220097625,True,False,False,trade_before_first_post_event_quote,0,,1899.808216168717,168.43300970873787,0.08865790150566429,389.51750000000004,7493.414309999991,fomc_20190731,statement,narrative_text,False,-25,available,False
fomc_20190731_press_conference,ZN.v.0,2019-07-31 18:30:00+00:00,2019-07-31 18:29:59.874681667+00:00,2019-07-31 18:30:00.000882231+00:00,2019-07-31 18:30:00.383410617+00:00,0.882,383.40999999999997,0.0,0.0,False,False,True,,4,0.0,1365.6799495219143,1283.792118226601,0.9400387833738205,389.51750000000004,7493.414309999991,fomc_20190731,press_conference,extemporaneous_speech,False,-25,available,True
fomc_20190918_statement,ES.v.0,2019-09-18 18:00:00+00:00,2019-09-18 17:59:59.469058237+00:00,2019-09-18 18:00:00.001286313+00:00,2019-09-18 18:00:00.001434967+00:00,1.286,1.434,0.0,0.0,False,False,True,,1,0.0,100.90839002267573,46.445033112582784,0.4602692908106634,162.77249999999998,1501.1900499999997,fomc_20190918,statement,narrative_text,True,-25,available,True
fomc_20190918_press_conference,ES.v.0,2019-09-18 18:30:00+00:00,2019-09-18 18:29:59.997291089+00:00,2019-09-18 18:30:00.001071863+00:00,2019-09-18 18:30:00.001071863+00:00,1.071,1.071,0.0,0.0,True,False,False,trade_before_first_post_event_quote,0,,79.65122636494799,86.11726585403487,1.081179409083554,162.77249999999998,1501.1900499999997,fomc_20190918,press_conference,extemporaneous_speech,True,-25,available,False
fomc_20190918_statement,NQ.v.0,2019-09-18 18:00:00+00:00,2019-09-18 17:59:59.471647299+00:00,2019-09-18 18:00:00.003431373+00:00,2019-09-18 18:00:00.144103363+00:00,3.431,144.103,0.0,0.0,False,False,True,,5,0.0,6.651006711409396,5.236559139784946,0.7873333116326509,219.741,5882.049950000002,fomc_20190918,statement,narrative_text,True,-25,available,True
fomc_20190918_press_conference,NQ.v.0,2019-09-18 18:30:00+00:00,2019-09-18 18:29:59.997313917+00:00,2019-09-18 18:30:00.002177321+00:00,2019-09-18 18:30:00.008542523+00:00,2.177,8.542,-0.125,-0.1596130978546098,False,False,True,,10,-0.1596130978546098,6.04966584453815,6.0265444778006,0.9961780753959454,219.741,5882.049950000002,fomc_20190918,press_conference,extemporaneous_speech,True,-25,available,True
fomc_20190918_statement,ZN.v.0,2019-09-18 18:00:00+00:00,2019-09-18 17:59:59.982451379+00:00,2019-09-18 18:00:00.001094557+00:00,2019-09-18 18:00:00.013827615+00:00,1.0939999999999999,13.827,0.0,0.0,False,False,True,,10,-0.6018476725358775,1616.8625,282.82828282828285,0.17492414032008466,386.6775,6433.518550000026,fomc_20190918,statement,narrative_text,True,-25,available,True
fomc_20190918_press_conference,ZN.v.0,2019-09-18 18:30:00+00:00,2019-09-18 18:29:59.319088861+00:00,2019-09-18 18:30:00.002159119+00:00,2019-09-18 18:30:00.178617269+00:00,2.159,178.617,0.0,0.0,False,False,True,,11,0.0,839.3929257200606,958.0946107784431,1.1414137305917322,386.6775,6433.518550000026,fomc_20190918,press_conference,extemporaneous_speech,True,-25,available,True
fomc_20191030_statement,ES.v.0,2019-10-30 18:00:00+00:00,2019-10-30 17:59:59.998906293+00:00,2019-10-30 18:00:00.002227597+00:00,2019-10-30 18:00:00.002227597+00:00,2.227,2.227,0.0,0.0,True,False,False,trade_before_first_post_event_quote,0,,86.78778337531486,34.0815871600535,0.39270028377919564,142.40300000000002,1071.137,fomc_20191030,statement,narrative_text,False,-25,available,False
fomc_20191030_press_conference,ES.v.0,2019-10-30 18:30:00+00:00,2019-10-30 18:29:59.996347613+00:00,2019-10-30 18:30:00.011961081+00:00,2019-10-30 18:30:00.240465269+00:00,11.960999999999999,240.465,0.0,0.0,False,False,True,,12,0.0,183.9553996194101,133.68859869412356,0.7267446292455412,142.40300000000002,1071.137,fomc_20191030,press_conference,extemporaneous_speech,False,-25,available,True
fomc_20191030_statement,NQ.v.0,2019-10-30 18:00:00+00:00,2019-10-30 17:59:59.998908587+00:00,2019-10-30 18:00:00.052239991+00:00,2019-10-30 18:00:00.052239991+00:00,52.239,52.239,-0.125,-0.15548109738835342,True,False,False,trade_before_first_post_event_quote,0,,7.55090584332738,6.0701058201058204,0.8038910755945765,202.59,4090.725239999999,fomc_20191030,statement,narrative_text,False,-25,available,False
fomc_20191030_press_conference,NQ.v.0,2019-10-30 18:30:00+00:00,2019-10-30 18:29:59.996505111+00:00,2019-10-30 18:30:00.041068077+00:00,2019-10-30 18:30:00.041068077+00:00,41.068,41.068,-0.125,-0.15517709586418627,True,False,False,trade_before_first_post_event_quote,0,,13.424151503419797,9.667398463227222,0.7201496840053137,202.59,4090.725239999999,fomc_20191030,press_conference,extemporaneous_speech,False,-25,available,False
fomc_20191030_statement,ZN.v.0,2019-10-30 18:00:00+00:00,2019-10-30 17:59:59.996750579+00:00,2019-10-30 18:00:00.045751311+00:00,2019-10-30 18:00:00.118363223+00:00,45.751,118.363,0.0,0.0,False,False,True,,13,0.6031908799375256,2216.119975452593,545.8715596330276,0.24631859541879972,285.18399999999997,5375.83225,fomc_20191030,statement,narrative_text,False,-25,available,True
fomc_20191030_press_conference,ZN.v.0,2019-10-30 18:30:00+00:00,2019-10-30 18:29:58.620248541+00:00,2019-10-30 18:30:00.001534395+00:00,2019-10-30 18:30:01.551300227+00:00,1.534,1551.3,0.0,0.0,False,False,True,,10,0.0,1224.8349019946463,1658.2618110236222,1.353865576759071,285.18399999999997,5375.83225,fomc_20191030,press_conference,extemporaneous_speech,False,-25,available,True
fomc_20191211_statement,ES.v.0,2019-12-11 19:00:00+00:00,2019-12-11 18:59:59.528603107+00:00,2019-12-11 19:00:00.008750663+00:00,2019-12-11 19:00:00.163971499+00:00,8.75,163.971,0.0,0.0,False,False,True,,1,0.0,215.6138590760616,145.14109165808446,0.673152886739453,131.745,1172.3561,fomc_20191211,statement,narrative_text,True,0,available,True
fomc_20191211_press_conference,ES.v.0,2019-12-11 19:30:00+00:00,2019-12-11 19:29:59.830639951+00:00,2019-12-11 19:30:00.004799851+00:00,2019-12-11 19:30:00.304206237+00:00,4.799,304.20599999999996,0.0,0.0,False,False,True,,18,0.0,294.56693101900345,219.6855992844365,0.7457917917821668,131.745,1172.3561,fomc_20191211,press_conference,extemporaneous_speech,True,0,available,True
fomc_20191211_statement,NQ.v.0,2019-12-11 19:00:00+00:00,2019-12-11 18:59:59.924086637+00:00,2019-12-11 19:00:00.179848141+00:00,2019-12-11 19:00:00.423669457+00:00,179.848,423.66900000000004,-0.125,-0.1491101849743055,False,False,True,,3,-0.1491101849743055,9.634115138592751,7.496111975116641,0.7780799655474735,157.08700000000002,3472.3831599999985,fomc_20191211,statement,narrative_text,True,0,available,True
fomc_20191211_press_conference,NQ.v.0,2019-12-11 19:30:00+00:00,2019-12-11 19:29:59.840128995+00:00,2019-12-11 19:30:00.261547417+00:00,2019-12-11 19:30:00.347847999+00:00,261.54699999999997,347.84700000000004,0.0,0.0,False,False,True,,12,0.0,15.167831839722234,12.878588516746412,0.849072474750106,157.08700000000002,3472.3831599999985,fomc_20191211,press_conference,extemporaneous_speech,True,0,available,True
fomc_20191211_statement,ZN.v.0,2019-12-11 19:00:00+00:00,2019-12-11 18:59:59.950329497+00:00,2019-12-11 19:00:00.007513269+00:00,2019-12-11 19:00:00.240188525+00:00,7.513,240.18800000000002,0.0,0.0,False,False,True,,3,0.0,2509.64094488189,353.9581081081081,0.1410393422333832,296.7985,5649.96935,fomc_20191211,statement,narrative_text,True,0,available,True
fomc_20191211_press_conference,ZN.v.0,2019-12-11 19:30:00+00:00,2019-12-11 19:29:59.295859359+00:00,2019-12-11 19:30:00.001316867+00:00,2019-12-11 19:30:10.923163683+00:00,1.3159999999999998,10923.163,0.0,0.0,False,False,True,,132,0.0,1704.9703070856733,1306.3421602787457,0.7661964286707681,296.7985,5649.96935,fomc_20191211,press_conference,extemporaneous_speech,True,0,available,True
fomc_20200129_statement,ES.v.0,2020-01-29 19:00:00+00:00,2020-01-29 18:59:59.970070713+00:00,2020-01-29 19:00:00.006182573+00:00,2020-01-29 19:00:00.041760251+00:00,6.182,41.76,0.0,0.0,False,False,True,,6,0.0,149.7985877605918,109.57381150959132,0.7314742625258408,141.845,918.8774799999994,fomc_20200129,statement,narrative_text,False,0,available,True
fomc_20200129_press_conference,ES.v.0,2020-01-29 19:30:00+00:00,2020-01-29 19:29:59.971937783+00:00,2020-01-29 19:30:00.002881833+00:00,2020-01-29 19:30:00.333426953+00:00,2.881,333.426,0.0,0.0,False,False,True,,8,0.0,209.02728433440657,170.97534921939194,0.8179570899742529,141.845,918.8774799999994,fomc_20200129,press_conference,extemporaneous_speech,False,0,available,True
fomc_20200129_statement,NQ.v.0,2020-01-29 19:00:00+00:00,2020-01-29 18:59:59.968032985+00:00,2020-01-29 19:00:00.477042295+00:00,2020-01-29 19:00:00.493751087+00:00,477.04200000000003,493.751,0.0,0.0,False,False,True,,1,0.0,9.586381745744296,7.820652173913044,0.815808548140166,205.362,4004.847259999998,fomc_20200129,statement,narrative_text,False,0,available,True
fomc_20200129_press_conference,NQ.v.0,2020-01-29 19:30:00+00:00,2020-01-29 19:29:59.599846043+00:00,2020-01-29 19:30:00.002883099+00:00,2020-01-29 19:30:00.199020065+00:00,2.883,199.02,0.0,0.0,False,False,True,,3,0.0,12.372933792981526,12.865731462925853,1.0398286839798547,205.362,4004.847259999998,fomc_20200129,press_conference,extemporaneous_speech,False,0,available,True
fomc_20200129_statement,ZN.v.0,2020-01-29 19:00:00+00:00,2020-01-29 18:59:59.798830741+00:00,2020-01-29 19:00:00.001443699+00:00,2020-01-29 19:00:00.001612247+00:00,1.443,1.6119999999999999,0.0,0.0,False,False,True,,1,0.0,2575.030778515389,670.5364806866953,0.2603994042639316,181.33350000000002,5899.80594,fomc_20200129,statement,narrative_text,False,0,available,True
fomc_20200129_press_conference,ZN.v.0,2020-01-29 19:30:00+00:00,2020-01-29 19:29:59.288804151+00:00,2020-01-29 19:30:00.038052983+00:00,2020-01-29 19:30:00.038344697+00:00,38.052,38.344,0.0,0.0,False,False,True,,3,0.0,2750.779107014447,3092.9804325437694,1.1244016012251634,181.33350000000002,5899.80594,fomc_20200129,press_conference,extemporaneous_speech,False,0,available,True
fomc_20200429_statement,ES.v.0,2020-04-29 18:00:00+00:00,2020-04-29 17:59:59.973405301+00:00,2020-04-29 18:00:00.003018477+00:00,2020-04-29 18:00:00.003018477+00:00,3.018,3.018,0.0,0.0,True,False,False,trade_before_first_post_event_quote,0,,51.53142329020333,26.199167244968773,0.5084114812320644,129.791,954.2230199999981,fomc_20200429,statement,narrative_text,False,0,available,False
fomc_20200429_press_conference,ES.v.0,2020-04-29 18:30:00+00:00,2020-04-29 18:29:59.905152149+00:00,2020-04-29 18:30:00.000368677+00:00,2020-04-29 18:30:00.304365575+00:00,0.368,304.365,0.0,0.0,False,False,True,,17,0.0,70.22729207142196,78.1746567092267,1.1131663261303337,129.791,954.2230199999981,fomc_20200429,press_conference,extemporaneous_speech,False,0,available,True
fomc_20200429_statement,NQ.v.0,2020-04-29 18:00:00+00:00,2020-04-29 17:59:59.830293491+00:00,2020-04-29 18:00:00.338710547+00:00,2020-04-29 18:00:00.338710547+00:00,338.71000000000004,338.71000000000004,0.375,0.418529705206663,True,False,False,trade_before_first_post_event_quote,0,,5.585972258571054,6.21932299012694,1.1133823625035157,201.789,3063.1730000000002,fomc_20200429,statement,narrative_text,False,0,available,False
fomc_20200429_press_conference,NQ.v.0,2020-04-29 18:30:00+00:00,2020-04-29 18:29:59.908134595+00:00,2020-04-29 18:30:00.001292207+00:00,2020-04-29 18:30:00.001292207+00:00,1.292,1.292,0.0,0.0,True,False,False,trade_before_first_post_event_quote,0,,4.776496771133569,4.629406307977736,0.9692053674055086,201.789,3063.1730000000002,fomc_20200429,press_conference,extemporaneous_speech,False,0,available,False
fomc_20200429_statement,ZN.v.0,2020-04-29 18:00:00+00:00,2020-04-29 17:59:59.937472015+00:00,2020-04-29 18:00:00.010286547+00:00,2020-04-29 18:00:00.141281531+00:00,10.286,141.28099999999998,0.0,0.0,False,False,True,,3,-0.5618766682197078,659.6692518248175,155.55555555555554,0.23580840720595697,238.4585,3596.855990000007,fomc_20200429,statement,narrative_text,False,0,available,True
fomc_20200429_press_conference,ZN.v.0,2020-04-29 18:30:00+00:00,2020-04-29 18:29:59.421123005+00:00,2020-04-29 18:30:00.256634057+00:00,2020-04-29 18:30:04.221947179+00:00,256.63399999999996,4221.947,0.0,0.0,False,False,True,,143,0.0,1568.5878774222622,1221.062153846154,0.7784467618433885,238.4585,3596.855990000007,fomc_20200429,press_conference,extemporaneous_speech,False,0,available,True
fomc_20200610_statement,ES.v.0,2020-06-10 18:00:00+00:00,2020-06-10 17:59:59.916331909+00:00,2020-06-10 18:00:00.004597045+00:00,2020-06-10 18:00:00.004687317+00:00,4.597,4.687,-0.125,-0.39102977696727753,False,False,True,,2,-0.39102977696727753,64.84738617200675,29.472626472626473,0.4544921270141985,150.154,1281.761,fomc_20200610,statement,narrative_text,True,0,available,True
fomc_20200610_press_conference,ES.v.0,2020-06-10 18:30:00+00:00,2020-06-10 18:29:59.885223619+00:00,2020-06-10 18:30:00.000268989+00:00,2020-06-10 18:30:00.000588805+00:00,0.268,0.588,0.0,0.0,False,False,True,,8,0.0,79.92787357787869,72.26115397517611,0.9040795249578057,150.154,1281.761,fomc_20200610,press_conference,extemporaneous_speech,True,0,available,True
fomc_20200610_statement,NQ.v.0,2020-06-10 18:00:00+00:00,2020-06-10 17:59:59.988890671+00:00,2020-06-10 18:00:00.003504061+00:00,2020-06-10 18:00:00.003504061+00:00,3.504,3.504,-4.375,-4.351853647459674,True,False,False,trade_before_first_post_event_quote,0,,5.492083597213426,4.878895814781834,0.8883506101868676,176.2615,3187.8959100000006,fomc_20200610,statement,narrative_text,True,0,available,False
fomc_20200610_press_conference,NQ.v.0,2020-06-10 18:30:00+00:00,2020-06-10 18:29:59.999892727+00:00,2020-06-10 18:30:00.000288927+00:00,2020-06-10 18:30:00.003225357+00:00,0.28800000000000003,3.225,-0.125,-0.12325061163231453,False,False,True,,15,-0.12325061163231453,6.35680991359709,6.374541531823085,1.0027893894055362,176.2615,3187.8959100000006,fomc_20200610,press_conference,extemporaneous_speech,True,0,available,True
fomc_20200610_statement,ZN.v.0,2020-06-10 18:00:00+00:00,2020-06-10 17:59:59.996018581+00:00,2020-06-10 18:00:00.000017345+00:00,2020-06-10 18:00:00.000017345+00:00,0.017,0.017,0.03125,2.2618037981644825,True,False,False,trade_before_first_post_event_quote,0,,1110.759987113402,228.67763157894737,0.20587492728579962,270.69049999999993,6402.76075,fomc_20200610,statement,narrative_text,True,0,available,False
fomc_20200610_press_conference,ZN.v.0,2020-06-10 18:30:00+00:00,2020-06-10 18:29:59.995929881+00:00,2020-06-10 18:30:00.000292011+00:00,2020-06-10 18:30:00.054955817+00:00,0.292,54.955,0.0,0.0,False,False,True,,37,0.0,1203.0281439258995,1382.3167958656331,1.1490311368399515,270.69049999999993,6402.76075,fomc_20200610,press_conference,extemporaneous_speech,True,0,available,True
fomc_20200729_statement,ES.v.0,2020-07-29 18:00:00+00:00,2020-07-29 17:59:59.207942083+00:00,2020-07-29 18:00:00.011384345+00:00,2020-07-29 18:00:00.011384345+00:00,11.384,11.384,0.0,0.0,True,False,False,trade_before_first_post_event_quote,0,,201.1326244277064,80.98989898989899,0.402669130482158,110.025,1184.616,fomc_20200729,statement,narrative_text,False,0,available,False
fomc_20200729_press_conference,ES.v.0,2020-07-29 18:30:00+00:00,2020-07-29 18:29:59.943323947+00:00,2020-07-29 18:30:00.009658553+00:00,2020-07-29 18:30:00.214209833+00:00,9.658,214.209,0.0,0.0,False,False,True,,47,0.0,113.91510488419848,125.03242969343806,1.0975930700370333,110.025,1184.616,fomc_20200729,press_conference,extemporaneous_speech,False,0,available,True
fomc_20200729_statement,NQ.v.0,2020-07-29 18:00:00+00:00,2020-07-29 17:59:59.197644777+00:00,2020-07-29 18:00:00.115169115+00:00,2020-07-29 18:00:00.115169115+00:00,115.169,115.169,-0.375,-0.35325079043591534,True,False,False,trade_before_first_post_event_quote,0,,4.554347826086956,5.274456521739131,1.1581145584725538,142.732,2703.8789000000015,fomc_20200729,statement,narrative_text,False,0,available,False
fomc_20200729_press_conference,NQ.v.0,2020-07-29 18:30:00+00:00,2020-07-29 18:29:59.927099771+00:00,2020-07-29 18:30:00.046434633+00:00,2020-07-29 18:30:00.168145649+00:00,46.434000000000005,168.14499999999998,0.0,0.0,False,False,True,,7,0.11752745735361858,5.589715635504679,5.3393843725335435,0.9552157427506536,142.732,2703.8789000000015,fomc_20200729,press_conference,extemporaneous_speech,False,0,available,True
fomc_20200729_statement,ZN.v.0,2020-07-29 18:00:00+00:00,2020-07-29 17:59:58.904667765+00:00,2020-07-29 18:00:00.165627673+00:00,2020-07-29 18:00:01.337837435+00:00,165.627,1337.837,0.0,0.0,False,False,True,,6,0.0,2282.9671361502346,370.24719101123594,0.1621780643043261,215.688,5311.734699999996,fomc_20200729,statement,narrative_text,False,0,available,True
fomc_20200729_press_conference,ZN.v.0,2020-07-29 18:30:00+00:00,2020-07-29 18:29:58.578923083+00:00,2020-07-29 18:30:00.025888159+00:00,2020-07-29 18:30:04.341242597+00:00,25.888,4341.242,0.0,0.0,False,False,True,,56,0.0,2639.273935885065,2284.2048192771085,0.8654671226884654,215.688,5311.734699999996,fomc_20200729,press_conference,extemporaneous_speech,False,0,available,True
fomc_20200916_statement,ES.v.0,2020-09-16 18:00:00+00:00,2020-09-16 17:59:59.932306595+00:00,2020-09-16 18:00:00.002489791+00:00,2020-09-16 18:00:00.136418193+00:00,2.489,136.418,0.0,0.0,False,False,True,,4,0.0,57.73181979425328,32.53419493807216,0.5635400902659692,109.779,1434.9734000000026,fomc_20200916,statement,narrative_text,True,0,available,True
fomc_20200916_press_conference,ES.v.0,2020-09-16 18:30:00+00:00,2020-09-16 18:29:59.995987349+00:00,2020-09-16 18:30:00.000643179+00:00,2020-09-16 18:30:00.000643179+00:00,0.643,0.643,0.0,0.0,True,False,False,trade_before_first_post_event_quote,0,,85.72536558585237,84.99345088161209,0.9914620987704359,109.779,1434.9734000000026,fomc_20200916,press_conference,extemporaneous_speech,True,0,available,False
fomc_20200916_statement,NQ.v.0,2020-09-16 18:00:00+00:00,2020-09-16 17:59:59.955911801+00:00,2020-09-16 18:00:00.005986899+00:00,2020-09-16 18:00:00.005986899+00:00,5.986,5.986,0.125,0.11008184585350327,True,False,False,trade_before_first_post_event_quote,0,,4.651282051282052,4.086748633879782,0.8786284273501184,183.0615,3365.73447,fomc_20200916,statement,narrative_text,True,0,available,False
fomc_20200916_press_conference,NQ.v.0,2020-09-16 18:30:00+00:00,2020-09-16 18:29:59.949593343+00:00,2020-09-16 18:30:00.001808167+00:00,2020-09-16 18:30:00.001808337+00:00,1.8079999999999998,1.8079999999999998,0.125,0.10961486816190356,False,False,True,,1,0.10961486816190356,3.952425890973687,4.4092644438788495,1.1155843437693451,183.0615,3365.73447,fomc_20200916,press_conference,extemporaneous_speech,True,0,available,True
fomc_20200916_statement,ZN.v.0,2020-09-16 18:00:00+00:00,2020-09-16 17:59:59.835151709+00:00,2020-09-16 18:00:00.036183261+00:00,2020-09-16 18:00:00.163252465+00:00,36.183,163.252,0.0,0.0,False,False,True,,1,0.0,1892.673796791444,374.39648173207036,0.19781352833582108,228.07999999999998,5189.639999999999,fomc_20200916,statement,narrative_text,True,0,available,True
fomc_20200916_press_conference,ZN.v.0,2020-09-16 18:30:00+00:00,2020-09-16 18:29:59.008379065+00:00,2020-09-16 18:30:00.024022155+00:00,2020-09-16 18:30:00.101053961+00:00,24.022000000000002,101.053,0.0,0.0,False,False,True,,11,0.0,2564.4078615631447,2325.771904062653,0.9069430564937395,228.07999999999998,5189.639999999999,fomc_20200916,press_conference,extemporaneous_speech,True,0,available,True
fomc_20201105_statement,ES.v.0,2020-11-05 19:00:00+00:00,2020-11-05 18:59:59.979961195+00:00,2020-11-05 19:00:00.007287681+00:00,2020-11-05 19:00:00.043896601+00:00,7.287,43.896,0.0,0.0,False,False,True,,1,0.0,35.24672897196262,26.43274404304381,0.749934669514156,113.768,1274.4900400000001,fomc_20201105,statement,narrative_text,False,0,available,True
fomc_20201105_press_conference,ES.v.0,2020-11-05 19:30:00+00:00,2020-11-05 19:29:59.649674765+00:00,2020-11-05 19:30:00.004326857+00:00,2020-11-05 19:30:00.009664133+00:00,4.326,9.664000000000001,0.0,0.0,False,False,True,,2,0.0,59.46142208774584,61.570980743394536,1.0354777699822866,113.768,1274.4900400000001,fomc_20201105,press_conference,extemporaneous_speech,False,0,available,True
fomc_20201105_statement,NQ.v.0,2020-11-05 19:00:00+00:00,2020-11-05 18:59:59.551589049+00:00,2020-11-05 19:00:00.465838321+00:00,2020-11-05 19:00:00.794568471+00:00,465.83799999999997,794.5680000000001,0.0,0.0,False,False,True,,9,-0.20730974149169015,4.220069740410693,4.882936507936508,1.1570748372185207,161.049,2987.0545200000065,fomc_20201105,statement,narrative_text,False,0,available,True
fomc_20201105_press_conference,NQ.v.0,2020-11-05 19:30:00+00:00,2020-11-05 19:29:59.872226707+00:00,2020-11-05 19:30:00.009712391+00:00,2020-11-05 19:30:00.009712391+00:00,9.712,9.712,0.125,0.10348271062793479,True,False,False,trade_before_first_post_event_quote,0,,4.583128158610859,7.343441001977587,1.6022770360851912,161.049,2987.0545200000065,fomc_20201105,press_conference,extemporaneous_speech,False,0,available,False
fomc_20201105_statement,ZN.v.0,2020-11-05 19:00:00+00:00,2020-11-05 18:59:58.172468505+00:00,2020-11-05 19:00:00.031920947+00:00,2020-11-05 19:00:00.051239401+00:00,31.919999999999998,51.239,0.0,0.0,False,False,True,,3,0.0,1225.3719602063375,358.68947906026557,0.2927188565665128,201.03300000000002,4566.828740000001,fomc_20201105,statement,narrative_text,False,0,available,True
fomc_20201105_press_conference,ZN.v.0,2020-11-05 19:30:00+00:00,2020-11-05 19:29:59.496516361+00:00,2020-11-05 19:30:00.049181275+00:00,2020-11-05 19:30:02.274590931+00:00,49.181000000000004,2274.5899999999997,0.0,0.0,False,False,True,,82,0.0,2159.4862168748095,1986.6351132686084,0.9199573017621062,201.03300000000002,4566.828740000001,fomc_20201105,press_conference,extemporaneous_speech,False,0,available,True
fomc_20201216_statement,ES.v.0,2020-12-16 19:00:00+00:00,2020-12-16 18:59:59.899531313+00:00,2020-12-16 19:00:00.000157893+00:00,2020-12-16 19:00:00.000157893+00:00,0.157,0.157,1.625,4.401781099396885,True,False,False,trade_before_first_post_event_quote,0,,144.31382773271534,118.34267241379311,0.8200369588489913,105.317,1307.5685999999973,fomc_20201216,statement,narrative_text,True,0,available,False
fomc_20201216_press_conference,ES.v.0,2020-12-16 19:30:00+00:00,2020-12-16 19:29:59.867266803+00:00,2020-12-16 19:30:00.004156679+00:00,2020-12-16 19:30:00.283501357+00:00,4.156,283.501,0.0,0.0,False,False,True,,26,0.0,159.62848215890395,153.86664574835268,0.9639047096569171,105.317,1307.5685999999973,fomc_20201216,press_conference,extemporaneous_speech,True,0,available,True
fomc_20201216_statement,NQ.v.0,2020-12-16 19:00:00+00:00,2020-12-16 18:59:59.628503979+00:00,2020-12-16 19:00:00.000162623+00:00,2020-12-16 19:00:00.000162623+00:00,0.162,0.162,8.25,6.521868252279926,True,False,False,trade_before_first_post_event_quote,0,,5.398524993171264,6.486624203821656,1.2015549084290167,151.422,2976.417270000002,fomc_20201216,statement,narrative_text,True,0,available,False
fomc_20201216_press_conference,NQ.v.0,2020-12-16 19:30:00+00:00,2020-12-16 19:29:59.279538379+00:00,2020-12-16 19:30:00.232385435+00:00,2020-12-16 19:30:00.232385435+00:00,232.38500000000002,232.38500000000002,0.0,0.0,True,False,False,trade_before_first_post_event_quote,0,,6.249349093338863,6.444695259593679,1.0312586420341014,151.422,2976.417270000002,fomc_20201216,press_conference,extemporaneous_speech,True,0,available,False
fomc_20201216_statement,ZN.v.0,2020-12-16 19:00:00+00:00,2020-12-16 18:59:59.446610517+00:00,2020-12-16 19:00:00.000146791+00:00,2020-12-16 19:00:00.000146791+00:00,0.146,0.146,0.015625,1.1328877320368425,True,False,False,trade_before_first_post_event_quote,0,,2927.2407886875126,563.7046109510086,0.192571999245664,247.183,4763.935360000001,fomc_20201216,statement,narrative_text,True,0,available,False
fomc_20201216_press_conference,ZN.v.0,2020-12-16 19:30:00+00:00,2020-12-16 19:29:58.778668039+00:00,2020-12-16 19:30:00.000316955+00:00,2020-12-16 19:30:02.255513943+00:00,0.316,2255.513,0.0,0.0,False,False,True,,53,0.0,3635.269403925806,2669.5693261037954,0.734352541580789,247.183,4763.935360000001,fomc_20201216,press_conference,extemporaneous_speech,True,0,available,True
fomc_20210127_statement,ES.v.0,2021-01-27 19:00:00+00:00,2021-01-27 18:59:59.687343807+00:00,2021-01-27 19:00:00.005286291+00:00,2021-01-27 19:00:00.013495431+00:00,5.286,13.495,0.0,0.0,False,False,True,,6,-0.3308902602751992,29.779321663019694,21.74124273895441,0.7300785083346252,110.581,967.2341999999974,fomc_20210127,statement,narrative_text,False,0,available,True
fomc_20210127_press_conference,ES.v.0,2021-01-27 19:30:00+00:00,2021-01-27 19:29:59.832123451+00:00,2021-01-27 19:30:00.002462707+00:00,2021-01-27 19:30:00.012450441+00:00,2.462,12.45,0.0,0.0,False,False,True,,50,-0.3321431537300081,57.67302524146719,52.336332333666554,0.9074663955036726,110.581,967.2341999999974,fomc_20210127,press_conference,extemporaneous_speech,False,0,available,True
fomc_20210127_statement,NQ.v.0,2021-01-27 19:00:00+00:00,2021-01-27 18:59:59.918052263+00:00,2021-01-27 19:00:00.027332485+00:00,2021-01-27 19:00:00.065023065+00:00,27.331999999999997,65.023,-0.125,-0.09419965617212904,False,False,True,,5,-0.37680394894956687,3.863395927003438,4.403499608252807,1.1398002408902184,134.863,2795.533919999999,fomc_20210127,statement,narrative_text,False,0,available,True
fomc_20210127_press_conference,NQ.v.0,2021-01-27 19:30:00+00:00,2021-01-27 19:29:59.913055129+00:00,2021-01-27 19:30:00.000291169+00:00,2021-01-27 19:30:00.003498435+00:00,0.29100000000000004,3.4979999999999998,0.0,0.0,False,False,True,,3,0.0,4.288830357497386,4.0345170595842035,0.940703344102055,134.863,2795.533919999999,fomc_20210127,press_conference,extemporaneous_speech,False,0,available,True
fomc_20210127_statement,ZN.v.0,2021-01-27 19:00:00+00:00,2021-01-27 18:59:59.801090359+00:00,2021-01-27 19:00:00.005804479+00:00,2021-01-27 19:00:00.010272883+00:00,5.804,10.272,0.0,0.0,False,False,True,,1,0.0,2478.475295251868,609.4529505582137,0.24589833585421308,186.948,6821.692399999995,fomc_20210127,statement,narrative_text,False,0,available,True
fomc_20210127_press_conference,ZN.v.0,2021-01-27 19:30:00+00:00,2021-01-27 19:29:59.008802711+00:00,2021-01-27 19:30:00.064995937+00:00,2021-01-27 19:30:09.717982403+00:00,64.99499999999999,9717.982,0.0,0.0,False,False,True,,75,0.0,4573.203974783631,3429.7480106100797,0.7499661133685491,186.948,6821.692399999995,fomc_20210127,press_conference,extemporaneous_speech,False,0,available,True
fomc_20210317_statement,ES.v.0,2021-03-17 18:00:00+00:00,2021-03-17 17:59:59.754124351+00:00,2021-03-17 18:00:00.000005833+00:00,2021-03-17 18:00:00.000005833+00:00,0.005,0.005,1.75,4.450236889619106,True,False,False,trade_before_first_post_event_quote,0,,58.24098083427283,21.46672144617913,0.3685844767495175,108.095,1255.5245199999945,fomc_20210317,statement,narrative_text,True,0,available,False
fomc_20210317_press_conference,ES.v.0,2021-03-17 18:30:00+00:00,2021-03-17 18:29:59.905413031+00:00,2021-03-17 18:30:00.014304795+00:00,2021-03-17 18:30:00.101033219+00:00,14.304,101.033,0.0,0.0,False,False,True,,13,0.0,64.80391249230705,68.23574300484123,1.0529571499705603,108.095,1255.5245199999945,fomc_20210317,press_conference,extemporaneous_speech,True,0,available,True
fomc_20210317_statement,NQ.v.0,2021-03-17 18:00:00+00:00,2021-03-17 17:59:59.740782515+00:00,2021-03-17 18:00:00.000006057+00:00,2021-03-17 18:00:00.000006057+00:00,0.006,0.006,8.0,6.154793239378371,True,False,False,trade_before_first_post_event_quote,0,,5.320680444256994,4.994200096665056,0.938639361823668,144.425,2785.2599999999998,fomc_20210317,statement,narrative_text,True,0,available,False
fomc_20210317_press_conference,NQ.v.0,2021-03-17 18:30:00+00:00,2021-03-17 18:29:59.937756017+00:00,2021-03-17 18:30:00.000390657+00:00,2021-03-17 18:30:00.002953961+00:00,0.39,2.953,0.125,0.09556072645257875,False,False,True,,2,0.09556072645257875,4.42945090579274,5.330993768448672,1.2035337746890735,144.425,2785.2599999999998,fomc_20210317,press_conference,extemporaneous_speech,True,0,available,True
fomc_20210317_statement,ZN.v.0,2021-03-17 18:00:00+00:00,2021-03-17 17:59:59.765100263+00:00,2021-03-17 18:00:00.000005775+00:00,2021-03-17 18:00:00.000005775+00:00,0.005,0.005,0.125,9.48429235290881,True,False,False,trade_before_first_post_event_quote,0,,1931.6302454473475,751.2227829848595,0.38890609875022086,314.467,5763.3097800000005,fomc_20210317,statement,narrative_text,True,0,available,False
fomc_20210317_press_conference,ZN.v.0,2021-03-17 18:30:00+00:00,2021-03-17 18:29:59.917828441+00:00,2021-03-17 18:30:00.000191227+00:00,2021-03-17 18:30:00.677220657+00:00,0.191,677.22,0.0,0.0,False,False,True,,23,0.0,2302.075280943077,1871.0803940647045,0.812779846755572,314.467,5763.3097800000005,fomc_20210317,press_conference,extemporaneous_speech,True,0,available,True
fomc_20210428_statement,ES.v.0,2021-04-28 18:00:00+00:00,2021-04-28 17:59:59.970269881+00:00,2021-04-28 18:00:00.014066897+00:00,2021-04-28 18:00:00.014066897+00:00,14.066,14.066,0.0,0.0,True,False,False,trade_before_first_post_event_quote,0,,88.57148182665424,59.7742193755004,0.6748698129775702,106.868,1179.26968,fomc_20210428,statement,narrative_text,False,0,available,False
fomc_20210428_press_conference,ES.v.0,2021-04-28 18:30:00+00:00,2021-04-28 18:29:59.945837989+00:00,2021-04-28 18:30:00.060318239+00:00,2021-04-28 18:30:00.060318239+00:00,60.318,60.318,0.0,0.0,True,False,False,trade_before_first_post_event_quote,0,,128.27406364096322,123.82669138090824,0.9653291387688232,106.868,1179.26968,fomc_20210428,press_conference,extemporaneous_speech,False,0,available,False
fomc_20210428_statement,NQ.v.0,2021-04-28 18:00:00+00:00,2021-04-28 17:59:59.574585065+00:00,2021-04-28 18:00:00.015103965+00:00,2021-04-28 18:00:00.181610205+00:00,15.103,181.60999999999999,0.0,0.0,False,False,True,,5,-0.17978659331913424,5.593723732137854,4.215717722534082,0.7536514001063984,132.6365,1990.5269100000053,fomc_20210428,statement,narrative_text,False,0,available,True
fomc_20210428_press_conference,NQ.v.0,2021-04-28 18:30:00+00:00,2021-04-28 18:29:59.777945273+00:00,2021-04-28 18:30:00.000941605+00:00,2021-04-28 18:30:00.062198237+00:00,0.941,62.198,0.0,0.0,False,False,True,,4,0.0,5.954257289018611,5.503329633740289,0.9242680264909001,132.6365,1990.5269100000053,fomc_20210428,press_conference,extemporaneous_speech,False,0,available,True
fomc_20210428_statement,ZN.v.0,2021-04-28 18:00:00+00:00,2021-04-28 17:59:59.771464183+00:00,2021-04-28 18:00:00.021548935+00:00,2021-04-28 18:00:03.231839977+00:00,21.548000000000002,3231.839,0.0,0.0,False,False,True,,24,0.0,1518.4465790360634,429.142005958292,0.28261910025884407,354.608,7125.318060000001,fomc_20210428,statement,narrative_text,False,0,available,True
fomc_20210428_press_conference,ZN.v.0,2021-04-28 18:30:00+00:00,2021-04-28 18:29:59.009075209+00:00,2021-04-28 18:30:00.001083321+00:00,2021-04-28 18:30:22.189004153+00:00,1.083,22189.004,0.0,0.0,False,False,True,,204,0.0,2585.8747806247807,2000.2080152671756,0.7735130990309977,354.608,7125.318060000001,fomc_20210428,press_conference,extemporaneous_speech,False,0,available,True
fomc_20210616_statement,ES.v.0,2021-06-16 18:00:00+00:00,2021-06-16 17:59:59.985895113+00:00,2021-06-16 18:00:00.000005715+00:00,2021-06-16 18:00:00.000005715+00:00,0.005,0.005,-5.625,-13.326030667445965,True,False,False,trade_before_first_post_event_quote,0,,65.51165833928147,17.711458333333333,0.27035582341095094,106.618,1559.328,fomc_20210616,statement,narrative_text,True,0,available,False
fomc_20210616_press_conference,ES.v.0,2021-06-16 18:30:00+00:00,2021-06-16 18:29:59.991374291+00:00,2021-06-16 18:30:00.003620281+00:00,2021-06-16 18:30:00.003723689+00:00,3.62,3.7230000000000003,0.0,0.0,False,False,True,,3,0.0,98.67195569153321,68.68875502008032,0.6961324982228393,106.618,1559.328,fomc_20210616,press_conference,extemporaneous_speech,True,0,available,True
fomc_20210616_statement,NQ.v.0,2021-06-16 18:00:00+00:00,2021-06-16 17:59:59.986880303+00:00,2021-06-16 18:00:00.000005669+00:00,2021-06-16 18:00:00.000005669+00:00,0.005,0.005,-17.25,-12.315382396313394,True,False,False,trade_before_first_post_event_quote,0,,4.884290879871434,4.883984867591425,0.9999373476544425,149.364,3769.898600000013,fomc_20210616,statement,narrative_text,True,0,available,False
fomc_20210616_press_conference,NQ.v.0,2021-06-16 18:30:00+00:00,2021-06-16 18:29:59.936603815+00:00,2021-06-16 18:30:00.003781453+00:00,2021-06-16 18:30:00.003901735+00:00,3.781,3.901,0.0,0.0,False,False,True,,2,0.0,5.138842766387525,5.207556777675935,1.0133714951813388,149.364,3769.898600000013,fomc_20210616,press_conference,extemporaneous_speech,True,0,available,True
fomc_20210616_statement,ZN.v.0,2021-06-16 18:00:00+00:00,2021-06-16 17:59:58.184772611+00:00,2021-06-16 18:00:00.000005715+00:00,2021-06-16 18:00:00.000005715+00:00,0.005,0.005,-0.140625,-10.61070601792385,True,False,False,trade_before_first_post_event_quote,0,,1934.3835508105972,474.6484375,0.24537452114969655,367.21,8828.947240000029,fomc_20210616,statement,narrative_text,True,0,available,False
fomc_20210616_press_conference,ZN.v.0,2021-06-16 18:30:00+00:00,2021-06-16 18:29:59.968687847+00:00,2021-06-16 18:30:00.000045545+00:00,2021-06-16 18:30:00.124251135+00:00,0.045000000000000005,124.251,0.0,0.0,False,False,True,,23,0.0,2516.0900757059308,2578.7958536907436,1.0249219130071168,367.21,8828.947240000029,fomc_20210616,press_conference,extemporaneous_speech,True,0,available,True
fomc_20210728_statement,ES.v.0,2021-07-28 18:00:00+00:00,2021-07-28 17:59:59.741034717+00:00,2021-07-28 18:00:00.012567693+00:00,2021-07-28 18:00:00.012567693+00:00,12.567,12.567,0.0,0.0,True,False,False,trade_before_first_post_event_quote,0,,91.87351367419738,48.949095022624434,0.5327878848327073,90.87100000000001,852.2994000000003,fomc_20210728,statement,narrative_text,False,0,available,False
fomc_20210728_press_conference,ES.v.0,2021-07-28 18:30:00+00:00,2021-07-28 18:29:59.933129929+00:00,2021-07-28 18:30:00.019011471+00:00,2021-07-28 18:30:00.060387219+00:00,19.011,60.387,-0.125,-0.2844019737688084,False,False,True,,5,-0.2844019737688084,103.3016926750875,94.63371040723982,0.9160906075846125,90.87100000000001,852.2994000000003,fomc_20210728,press_conference,extemporaneous_speech,False,0,available,True
fomc_20210728_statement,NQ.v.0,2021-07-28 18:00:00+00:00,2021-07-28 17:59:59.933585725+00:00,2021-07-28 18:00:00.004283639+00:00,2021-07-28 18:00:00.004283639+00:00,4.283,4.283,0.125,0.0834846492607166,True,False,False,trade_before_first_post_event_quote,0,,5.15193468228612,4.678985107556536,0.9081996174455153,104.00500000000001,1450.49874,fomc_20210728,statement,narrative_text,False,0,available,False
fomc_20210728_press_conference,NQ.v.0,2021-07-28 18:30:00+00:00,2021-07-28 18:29:59.942420779+00:00,2021-07-28 18:30:00.011773525+00:00,2021-07-28 18:30:00.191948465+00:00,11.773,191.948,0.0,0.0,False,False,True,,85,-0.08333229167965728,6.169890501523682,5.5166763622261,0.894128730625565,104.00500000000001,1450.49874,fomc_20210728,press_conference,extemporaneous_speech,False,0,available,True
fomc_20210728_statement,ZN.v.0,2021-07-28 18:00:00+00:00,2021-07-28 17:59:59.710956677+00:00,2021-07-28 18:00:00.000670113+00:00,2021-07-28 18:00:00.000670113+00:00,0.67,0.67,0.0,0.0,True,False,False,trade_before_first_post_event_quote,0,,1771.6051535658512,216.18305744888022,0.12202665871328683,314.71999999999997,5997.874939999998,fomc_20210728,statement,narrative_text,False,0,available,False
fomc_20210728_press_conference,ZN.v.0,2021-07-28 18:30:00+00:00,2021-07-28 18:29:59.972837321+00:00,2021-07-28 18:30:00.000072159+00:00,2021-07-28 18:30:01.574884527+00:00,0.07200000000000001,1574.884,0.0,0.0,False,False,True,,195,0.0,2042.5592197229635,1821.9737728585178,0.8920053603663133,314.71999999999997,5997.874939999998,fomc_20210728,press_conference,extemporaneous_speech,False,0,available,True
fomc_20210922_statement,ES.v.0,2021-09-22 18:00:00+00:00,2021-09-22 17:59:59.851522529+00:00,2021-09-22 18:00:00.000005255+00:00,2021-09-22 18:00:00.000005255+00:00,0.005,0.005,-4.375,-9.97989846308211,True,False,False,trade_before_first_post_event_quote,0,,45.138755481311335,39.39876828329484,0.8728368308605007,96.752,932.8768000000017,fomc_20210922,statement,narrative_text,True,0,available,False
fomc_20210922_press_conference,ES.v.0,2021-09-22 18:30:00+00:00,2021-09-22 18:29:59.936684421+00:00,2021-09-22 18:30:00.002521523+00:00,2021-09-22 18:30:00.009904573+00:00,2.521,9.904,0.0,0.0,False,False,True,,4,0.0,73.56066447345876,50.38523690773067,0.6849480937724542,96.752,932.8768000000017,fomc_20210922,press_conference,extemporaneous_speech,True,0,available,True
fomc_20210922_statement,NQ.v.0,2021-09-22 18:00:00+00:00,2021-09-22 17:59:59.948015321+00:00,2021-09-22 18:00:00.000005325+00:00,2021-09-22 18:00:00.000005325+00:00,0.005,0.005,-21.75,-14.379692405412905,True,False,False,locked_crossed_or_invalid_quote_near_event|trade_before_first_post_event_quote,0,,5.535650396115512,5.347607052896725,0.9660304878807482,110.88,2058.5221500000234,fomc_20210922,statement,narrative_text,True,0,available,False
fomc_20210922_press_conference,NQ.v.0,2021-09-22 18:30:00+00:00,2021-09-22 18:29:59.936505061+00:00,2021-09-22 18:30:00.009529339+00:00,2021-09-22 18:30:00.009746721+00:00,9.529,9.745999999999999,0.0,0.0,False,False,True,,2,0.0,6.307727939473481,5.888159577188645,0.9334834402639347,110.88,2058.5221500000234,fomc_20210922,press_conference,extemporaneous_speech,True,0,available,True
fomc_20210922_statement,ZN.v.0,2021-09-22 18:00:00+00:00,2021-09-22 17:59:59.644783011+00:00,2021-09-22 18:00:00.000005281+00:00,2021-09-22 18:00:00.000005281+00:00,0.005,0.005,-0.21875,-16.425181143320987,True,False,False,trade_before_first_post_event_quote,0,,2528.5347693351423,375.67706919945726,0.14857500626666822,219.5355,4565.625300000001,fomc_20210922,statement,narrative_text,True,0,available,False
fomc_20210922_press_conference,ZN.v.0,2021-09-22 18:30:00+00:00,2021-09-22 18:29:59.863467069+00:00,2021-09-22 18:30:00.000083957+00:00,2021-09-22 18:30:03.702345143+00:00,0.083,3702.3450000000003,0.0,0.0,False,False,True,,78,0.0,3334.652835285521,2516.6936090225563,0.754709330576258,219.5355,4565.625300000001,fomc_20210922,press_conference,extemporaneous_speech,True,0,available,True
fomc_20211103_statement,ES.v.0,2021-11-03 18:00:00+00:00,2021-11-03 17:59:59.756116267+00:00,2021-11-03 18:00:00.007080055+00:00,2021-11-03 18:00:00.007080055+00:00,7.08,7.08,0.0,0.0,True,False,False,trade_before_first_post_event_quote,0,,82.66705314009661,37.53125,0.45400493394140284,99.018,796.7420000000001,fomc_20211103,statement,narrative_text,False,0,available,False
fomc_20211103_press_conference,ES.v.0,2021-11-03 18:30:00+00:00,2021-11-03 18:29:59.921227111+00:00,2021-11-03 18:30:00.002476021+00:00,2021-11-03 18:30:00.060370801+00:00,2.476,60.37,0.0,0.0,False,False,True,,1,0.0,108.65357285635066,93.9336643075948,0.8645243947180932,99.018,796.7420000000001,fomc_20211103,press_conference,extemporaneous_speech,False,0,available,True
fomc_20211103_statement,NQ.v.0,2021-11-03 18:00:00+00:00,2021-11-03 17:59:59.610698435+00:00,2021-11-03 18:00:00.060563705+00:00,2021-11-03 18:00:00.060563705+00:00,60.562999999999995,60.562999999999995,-0.875,-0.5479516394911771,True,False,False,trade_before_first_post_event_quote,0,,5.384303323451396,4.333333333333333,0.8048085468104014,124.77000000000001,2205.8919400000004,fomc_20211103,statement,narrative_text,False,0,available,False
fomc_20211103_press_conference,NQ.v.0,2021-11-03 18:30:00+00:00,2021-11-03 18:29:59.921864555+00:00,2021-11-03 18:30:00.013095929+00:00,2021-11-03 18:30:00.060973237+00:00,13.095,60.973,0.0,0.0,False,False,True,,8,-0.23418015480368667,6.5443637150237315,5.517739646497226,0.8431285128346839,124.77000000000001,2205.8919400000004,fomc_20211103,press_conference,extemporaneous_speech,False,0,available,True
fomc_20211103_statement,ZN.v.0,2021-11-03 18:00:00+00:00,2021-11-03 17:59:59.537769229+00:00,2021-11-03 18:00:00.166518987+00:00,2021-11-03 18:00:00.485549239+00:00,166.518,485.54900000000004,0.0,0.0,False,False,True,,2,0.0,1412.3122644244709,214.11371237458195,0.15160507896731681,229.85500000000002,3752.572400000005,fomc_20211103,statement,narrative_text,False,0,available,True
fomc_20211103_press_conference,ZN.v.0,2021-11-03 18:30:00+00:00,2021-11-03 18:29:59.910251065+00:00,2021-11-03 18:30:00.000063377+00:00,2021-11-03 18:30:01.838482155+00:00,0.063,1838.482,0.0,0.0,False,False,True,,29,0.0,2263.1215261579473,1807.3549227296405,0.7986115203446225,229.85500000000002,3752.572400000005,fomc_20211103,press_conference,extemporaneous_speech,False,0,available,True
fomc_20211215_statement,ES.v.0,2021-12-15 19:00:00+00:00,2021-12-15 18:59:59.838807707+00:00,2021-12-15 19:00:00.024774815+00:00,2021-12-15 19:00:00.043987781+00:00,24.774,43.986999999999995,0.0,0.0,False,False,True,,4,0.0,35.20002596053998,23.9253986332574,0.6796983235205085,101.358,1109.5592900000026,fomc_20211215,statement,narrative_text,True,0,available,True
fomc_20211215_press_conference,ES.v.0,2021-12-15 19:30:00+00:00,2021-12-15 19:29:59.987453117+00:00,2021-12-15 19:30:00.002493813+00:00,2021-12-15 19:30:00.017916987+00:00,2.493,17.916,0.0,0.0,False,False,True,,3,0.0,47.62987942964044,41.64437417037558,0.8743329747851506,101.358,1109.5592900000026,fomc_20211215,press_conference,extemporaneous_speech,True,0,available,True
fomc_20211215_statement,NQ.v.0,2021-12-15 19:00:00+00:00,2021-12-15 18:59:59.995985605+00:00,2021-12-15 19:00:00.000442583+00:00,2021-12-15 19:00:00.000442583+00:00,0.442,0.442,0.375,0.23669666140475795,True,False,False,trade_before_first_post_event_quote,0,,4.75827177982394,6.052525252525252,1.2720007457727016,142.32150000000001,2730.3779500000005,fomc_20211215,statement,narrative_text,True,0,available,False
fomc_20211215_press_conference,NQ.v.0,2021-12-15 19:30:00+00:00,2021-12-15 19:29:59.997945223+00:00,2021-12-15 19:30:00.002810447+00:00,2021-12-15 19:30:00.017683003+00:00,2.81,17.683,0.0,0.0,False,False,True,,1,0.0,4.913889488240717,4.260206475832942,0.8669723822702801,142.32150000000001,2730.3779500000005,fomc_20211215,press_conference,extemporaneous_speech,True,0,available,True
fomc_20211215_statement,ZN.v.0,2021-12-15 19:00:00+00:00,2021-12-15 18:59:59.691027789+00:00,2021-12-15 19:00:00.000005309+00:00,2021-12-15 19:00:00.000005309+00:00,0.005,0.005,0.0,0.0,True,False,False,trade_before_first_post_event_quote,0,,1483.562681009516,159.85466377440346,0.10775052906131852,280.85,4195.639320000001,fomc_20211215,statement,narrative_text,True,0,available,False
fomc_20211215_press_conference,ZN.v.0,2021-12-15 19:30:00+00:00,2021-12-15 19:29:59.961724609+00:00,2021-12-15 19:30:00.000080237+00:00,2021-12-15 19:30:00.106560823+00:00,0.08,106.56,0.0,0.0,False,False,True,,17,0.0,1356.1147099553777,1040.9465954606142,0.7675947969732339,280.85,4195.639320000001,fomc_20211215,press_conference,extemporaneous_speech,True,0,available,True
fomc_20220126_statement,ES.v.0,2022-01-26 19:00:00+00:00,2022-01-26 18:59:59.925476987+00:00,2022-01-26 19:00:00.014087923+00:00,2022-01-26 19:00:00.014087923+00:00,14.087,14.087,0.0,0.0,True,False,False,trade_before_first_post_event_quote,0,,24.19949793266391,16.380125086865878,0.6768787159322166,99.185,903.3633500000008,fomc_20220126,statement,narrative_text,False,0,available,False
fomc_20220126_press_conference,ES.v.0,2022-01-26 19:30:00+00:00,2022-01-26 19:29:59.999304609+00:00,2022-01-26 19:30:00.009199497+00:00,2022-01-26 19:30:00.009199497+00:00,9.199,9.199,0.0,0.0,True,False,False,trade_before_first_post_event_quote,0,,20.29699771926187,15.54499127070259,0.7658763865332842,99.185,903.3633500000008,fomc_20220126,press_conference,extemporaneous_speech,False,0,available,False
fomc_20220126_statement,NQ.v.0,2022-01-26 19:00:00+00:00,2022-01-26 18:59:59.898638961+00:00,2022-01-26 19:00:00.008742787+00:00,2022-01-26 19:00:00.008742787+00:00,8.741999999999999,8.741999999999999,0.0,0.0,True,False,False,trade_before_first_post_event_quote,0,,4.905710035473167,6.031859248692344,1.2295588620354643,146.685,2846.1100999999944,fomc_20220126,statement,narrative_text,False,0,available,False
fomc_20220126_press_conference,NQ.v.0,2022-01-26 19:30:00+00:00,2022-01-26 19:29:59.999178801+00:00,2022-01-26 19:30:00.001232429+00:00,2022-01-26 19:30:00.011307771+00:00,1.232,11.306999999999999,0.0,0.0,False,False,True,,5,0.08615601993739445,4.1112799259888835,3.559846289530049,0.8658730015017894,146.685,2846.1100999999944,fomc_20220126,press_conference,extemporaneous_speech,False,0,available,True
fomc_20220126_statement,ZN.v.0,2022-01-26 19:00:00+00:00,2022-01-26 18:59:59.230094129+00:00,2022-01-26 19:00:00.039307903+00:00,2022-01-26 19:00:00.039706507+00:00,39.307,39.705999999999996,0.0,0.0,False,False,True,,1,0.0,980.1821897810219,301.0659340659341,0.30715303461409954,241.301,4568.884429999998,fomc_20220126,statement,narrative_text,False,0,available,True
fomc_20220126_press_conference,ZN.v.0,2022-01-26 19:30:00+00:00,2022-01-26 19:29:59.917269989+00:00,2022-01-26 19:30:00.000062695+00:00,2022-01-26 19:30:00.004330319+00:00,0.062,4.33,0.0,0.0,False,False,True,,3,0.0,1635.0766761441805,1586.4067614125754,0.9702338639883372,241.301,4568.884429999998,fomc_20220126,press_conference,extemporaneous_speech,False,0,available,True
fomc_20220316_statement,ES.v.0,2022-03-16 18:00:00+00:00,2022-03-16 17:59:59.754226763+00:00,2022-03-16 18:00:00.000007793+00:00,2022-03-16 18:00:00.000007793+00:00,0.007,0.007,-7.5,-17.42565496708599,True,False,False,trade_before_first_post_event_quote,0,,26.445292089037515,13.564732142857142,0.5129356142933355,99.003,1286.10792,fomc_20220316,statement,narrative_text,True,25,available,False
fomc_20220316_press_conference,ES.v.0,2022-03-16 18:30:00+00:00,2022-03-16 18:29:59.984065729+00:00,2022-03-16 18:30:00.000818523+00:00,2022-03-16 18:30:00.009648681+00:00,0.8180000000000001,9.648,0.0,0.0,False,False,True,,12,-0.5870956380476321,22.243048865460935,20.782769350447296,0.9343489499193087,99.003,1286.10792,fomc_20220316,press_conference,extemporaneous_speech,True,25,available,True
fomc_20220316_statement,NQ.v.0,2022-03-16 18:00:00+00:00,2022-03-16 17:59:59.881201351+00:00,2022-03-16 18:00:00.000007825+00:00,2022-03-16 18:00:00.000007825+00:00,0.007,0.007,-35.75,-26.04144426381618,True,False,False,trade_before_first_post_event_quote,0,,4.772855565100012,5.352674524025385,1.121482611618318,113.82000000000001,3175.1830399999994,fomc_20220316,statement,narrative_text,True,25,available,False
fomc_20220316_press_conference,NQ.v.0,2022-03-16 18:30:00+00:00,2022-03-16 18:29:59.984159611+00:00,2022-03-16 18:30:00.001907027+00:00,2022-03-16 18:30:00.003078157+00:00,1.907,3.078,-0.125,-0.09238515370690117,False,False,True,,4,-0.09238515370690117,3.5765353775053446,3.574639807897545,0.9994699983621799,113.82000000000001,3175.1830399999994,fomc_20220316,press_conference,extemporaneous_speech,True,25,available,True
fomc_20220316_statement,ZN.v.0,2022-03-16 18:00:00+00:00,2022-03-16 17:59:59.350352157+00:00,2022-03-16 18:00:00.000007925+00:00,2022-03-16 18:00:00.000007925+00:00,0.007,0.007,-0.21875,-17.606745414874425,True,False,False,trade_before_first_post_event_quote,0,,346.96109706282823,74.3594548551959,0.21431640459025522,299.468,4422.841,fomc_20220316,statement,narrative_text,True,25,available,False
fomc_20220316_press_conference,ZN.v.0,2022-03-16 18:30:00+00:00,2022-03-16 18:29:59.627630791+00:00,2022-03-16 18:30:00.001290853+00:00,2022-03-16 18:30:00.001290853+00:00,1.2899999999999998,1.2899999999999998,0.0,0.0,True,False,False,trade_before_first_post_event_quote,0,,703.5341371295758,579.8473457289141,0.8241921964081165,299.468,4422.841,fomc_20220316,press_conference,extemporaneous_speech,True,25,available,False
fomc_20220504_statement,ES.v.0,2022-05-04 18:00:00+00:00,2022-05-04 17:59:59.985544619+00:00,2022-05-04 18:00:00.026834781+00:00,2022-05-04 18:00:00.026866843+00:00,26.834,26.866,0.0,0.0,False,False,True,,1,0.0,26.57431210130439,16.26125625347415,0.6119163571002079,95.111,928.86088,fomc_20220504,statement,narrative_text,False,50,available,True
fomc_20220504_press_conference,ES.v.0,2022-05-04 18:30:00+00:00,2022-05-04 18:29:59.966668093+00:00,2022-05-04 18:30:00.001875207+00:00,2022-05-04 18:30:00.019333951+00:00,1.875,19.333,0.0,0.0,False,False,True,,22,-0.29801373845522655,24.01405347749761,16.764311105663154,0.6981041797617451,95.111,928.86088,fomc_20220504,press_conference,extemporaneous_speech,False,50,available,True
fomc_20220504_statement,NQ.v.0,2022-05-04 18:00:00+00:00,2022-05-04 17:59:59.985959019+00:00,2022-05-04 18:00:00.000004971+00:00,2022-05-04 18:00:00.000004971+00:00,0.004,0.004,0.0,0.0,True,False,False,trade_before_first_post_event_quote,0,,4.010244389460433,4.168483995779106,1.0394588436391938,107.606,1930.4389999999999,fomc_20220504,statement,narrative_text,False,50,available,False
fomc_20220504_press_conference,NQ.v.0,2022-05-04 18:30:00+00:00,2022-05-04 18:29:59.904073413+00:00,2022-05-04 18:30:00.001445827+00:00,2022-05-04 18:30:00.011476871+00:00,1.445,11.476,0.0,0.0,False,False,True,,12,-0.09520862590174292,3.8203668826017068,3.5601927520712393,0.9318981295447504,107.606,1930.4389999999999,fomc_20220504,press_conference,extemporaneous_speech,False,50,available,True
fomc_20220504_statement,ZN.v.0,2022-05-04 18:00:00+00:00,2022-05-04 17:59:59.110769321+00:00,2022-05-04 18:00:00.060200611+00:00,2022-05-04 18:00:00.151639405+00:00,60.199999999999996,151.639,0.0,0.0,False,False,True,,1,0.0,366.08030451866404,112.63025210084034,0.3076654239810327,306.99600000000004,4461.62992,fomc_20220504,statement,narrative_text,False,50,available,True
fomc_20220504_press_conference,ZN.v.0,2022-05-04 18:30:00+00:00,2022-05-04 18:29:59.591276619+00:00,2022-05-04 18:30:00.001568059+00:00,2022-05-04 18:30:00.001568059+00:00,1.568,1.568,0.0,0.0,True,False,False,trade_before_first_post_event_quote,0,,527.2765579593155,513.6798084008843,0.9742132485254915,306.99600000000004,4461.62992,fomc_20220504,press_conference,extemporaneous_speech,False,50,available,False
fomc_20220615_statement,ES.v.0,2022-06-15 18:00:00+00:00,2022-06-15 17:59:59.956929081+00:00,2022-06-15 18:00:00.043862537+00:00,2022-06-15 18:00:00.134396623+00:00,43.861999999999995,134.396,0.0,0.0,False,False,True,,5,0.0,20.81789011852531,12.71794221996959,0.6109140814732333,99.32000000000001,1279.2223999999967,fomc_20220615,statement,narrative_text,True,75,available,True
fomc_20220615_press_conference,ES.v.0,2022-06-15 18:30:00+00:00,2022-06-15 18:29:59.992157801+00:00,2022-06-15 18:30:00.001524943+00:00,2022-06-15 18:30:00.002016269+00:00,1.524,2.016,0.125,0.3332833408627998,False,False,True,,4,0.3332833408627998,16.685267544711188,15.34911816008786,0.9199204099638874,99.32000000000001,1279.2223999999967,fomc_20220615,press_conference,extemporaneous_speech,True,75,available,True
fomc_20220615_statement,NQ.v.0,2022-06-15 18:00:00+00:00,2022-06-15 17:59:59.965630911+00:00,2022-06-15 18:00:00.043972893+00:00,2022-06-15 18:00:00.091262577+00:00,43.971999999999994,91.262,0.0,0.0,False,False,True,,8,-0.2160737243627097,4.16235310101216,7.317719422758458,1.7580727163630128,126.53600000000002,3287.482120000003,fomc_20220615,statement,narrative_text,True,75,available,True
fomc_20220615_press_conference,NQ.v.0,2022-06-15 18:30:00+00:00,2022-06-15 18:29:59.992255829+00:00,2022-06-15 18:30:00.001240389+00:00,2022-06-15 18:30:00.017271855+00:00,1.24,17.271,0.0,0.0,False,False,True,,20,0.8721817632332376,3.5667846457207193,3.394016162134428,0.951561840495873,126.53600000000002,3287.482120000003,fomc_20220615,press_conference,extemporaneous_speech,True,75,available,True
fomc_20220615_statement,ZN.v.0,2022-06-15 18:00:00+00:00,2022-06-15 17:59:59.804766299+00:00,2022-06-15 18:00:00.998027023+00:00,2022-06-15 18:00:01.400325551+00:00,998.027,1400.325,0.0,0.0,False,False,True,,3,0.6783110058566358,253.81311787072244,61.215102974828376,0.24118179347218677,301.28900000000004,4213.500479999997,fomc_20220615,statement,narrative_text,True,75,available,True
fomc_20220615_press_conference,ZN.v.0,2022-06-15 18:30:00+00:00,2022-06-15 18:29:59.904181911+00:00,2022-06-15 18:30:00.067104353+00:00,2022-06-15 18:30:01.011383223+00:00,67.104,1011.3829999999999,0.0,0.0,False,False,True,,41,0.0,331.8832424073199,199.04828918322295,0.5997539608792034,301.28900000000004,4213.500479999997,fomc_20220615,press_conference,extemporaneous_speech,True,75,available,True
fomc_20220727_statement,ES.v.0,2022-07-27 18:00:00+00:00,2022-07-27 17:59:59.966288079+00:00,2022-07-27 18:00:00.000292867+00:00,2022-07-27 18:00:00.000292867+00:00,0.292,0.292,0.0,0.0,True,False,False,trade_before_first_post_event_quote,0,,24.87966060210492,16.693195625759415,0.6709575300374919,96.879,840.5766199999994,fomc_20220727,statement,narrative_text,False,75,available,False
fomc_20220727_press_conference,ES.v.0,2022-07-27 18:30:00+00:00,2022-07-27 18:29:59.970950029+00:00,2022-07-27 18:30:00.001193187+00:00,2022-07-27 18:30:00.002939931+00:00,1.193,2.939,0.0,0.0,False,False,True,,18,0.0,36.790493474605675,33.897391966495334,0.9213627968837309,96.879,840.5766199999994,fomc_20220727,press_conference,extemporaneous_speech,False,75,available,True
fomc_20220727_statement,NQ.v.0,2022-07-27 18:00:00+00:00,2022-07-27 17:59:59.964326507+00:00,2022-07-27 18:00:00.001151781+00:00,2022-07-27 18:00:00.001603687+00:00,1.1509999999999998,1.603,0.0,0.0,False,False,True,,3,0.0,4.080003965500149,4.349056603773585,1.0659442099930543,122.304,2920.916949999998,fomc_20220727,statement,narrative_text,False,75,available,True
fomc_20220727_press_conference,NQ.v.0,2022-07-27 18:30:00+00:00,2022-07-27 18:29:59.970331821+00:00,2022-07-27 18:30:00.001330075+00:00,2022-07-27 18:30:00.003354979+00:00,1.33,3.354,0.0,0.0,False,False,True,,15,0.501778805972985,4.409899069717324,4.069977103606182,0.9229184249486846,122.304,2920.916949999998,fomc_20220727,press_conference,extemporaneous_speech,False,75,available,True
fomc_20220727_statement,ZN.v.0,2022-07-27 18:00:00+00:00,2022-07-27 17:59:59.532227361+00:00,2022-07-27 18:00:00.007811347+00:00,2022-07-27 18:00:00.848094301+00:00,7.811,848.094,0.0,0.0,False,False,True,,2,0.0,350.5292560232989,330.68617021276594,0.9433910708747973,257.507,6694.6902000001355,fomc_20220727,statement,narrative_text,False,75,available,True
fomc_20220727_press_conference,ZN.v.0,2022-07-27 18:30:00+00:00,2022-07-27 18:29:59.470922253+00:00,2022-07-27 18:30:00.001128131+00:00,2022-07-27 18:30:00.332465775+00:00,1.1280000000000001,332.46500000000003,0.0,0.0,False,False,True,,47,0.0,401.4384768400114,385.6906957250629,0.9607716200028713,257.507,6694.6902000001355,fomc_20220727,press_conference,extemporaneous_speech,False,75,available,True
fomc_20220921_statement,ES.v.0,2022-09-21 18:00:00+00:00,2022-09-21 17:59:59.989947767+00:00,2022-09-21 18:00:00.000502813+00:00,2022-09-21 18:00:00.000502813+00:00,0.502,0.502,0.125,0.3203639334559019,True,False,False,trade_before_first_post_event_quote,0,,28.83789796701189,21.777016341591988,0.7551526940868938,96.503,912.4870200000056,fomc_20220921,statement,narrative_text,True,75,available,False
fomc_20220921_press_conference,ES.v.0,2022-09-21 18:30:00+00:00,2022-09-21 18:29:59.994643505+00:00,2022-09-21 18:30:00.001684155+00:00,2022-09-21 18:30:00.020190615+00:00,1.684,20.19,0.0,0.0,False,False,True,,11,0.0,23.74564663284023,21.131537242472266,0.8899120571114433,96.503,912.4870200000056,fomc_20220921,press_conference,extemporaneous_speech,True,75,available,True
fomc_20220921_statement,NQ.v.0,2022-09-21 18:00:00+00:00,2022-09-21 17:59:59.998831483+00:00,2022-09-21 18:00:00.001236023+00:00,2022-09-21 18:00:00.074263421+00:00,1.236,74.26299999999999,-0.125,-0.10390312073122925,False,False,True,,7,0.0,5.827163645647179,6.226058240768538,1.0684543320521518,146.024,3417.454830000006,fomc_20220921,statement,narrative_text,True,75,available,True
fomc_20220921_press_conference,NQ.v.0,2022-09-21 18:30:00+00:00,2022-09-21 18:29:59.994347865+00:00,2022-09-21 18:30:00.001408701+00:00,2022-09-21 18:30:00.019852989+00:00,1.408,19.852,0.0,0.0,False,False,True,,13,-0.31651746387789187,3.8474479558565338,4.0875213539390565,1.062398088508796,146.024,3417.454830000006,fomc_20220921,press_conference,extemporaneous_speech,True,75,available,True
fomc_20220921_statement,ZN.v.0,2022-09-21 18:00:00+00:00,2022-09-21 17:59:59.680576489+00:00,2022-09-21 18:00:00.027837523+00:00,2022-09-21 18:00:00.140480945+00:00,27.837,140.48,0.0,0.0,False,False,True,,3,0.6864124655194043,715.5579299691041,84.90855457227138,0.11866062972139449,274.929,5239.182,fomc_20220921,statement,narrative_text,True,75,available,True
fomc_20220921_press_conference,ZN.v.0,2022-09-21 18:30:00+00:00,2022-09-21 18:29:59.991905381+00:00,2022-09-21 18:30:00.048285715+00:00,2022-09-21 18:30:02.346654375+00:00,48.285000000000004,2346.654,0.0,0.0,False,False,True,,158,0.0,714.5746592164038,540.9840437656713,0.757071408548002,274.929,5239.182,fomc_20220921,press_conference,extemporaneous_speech,True,75,available,True
fomc_20221102_statement,ES.v.0,2022-11-02 18:00:00+00:00,2022-11-02 17:59:59.973316173+00:00,2022-11-02 18:00:00.010498997+00:00,2022-11-02 18:00:00.010498997+00:00,10.498000000000001,10.498000000000001,0.0,0.0,True,False,False,trade_before_first_post_event_quote,0,,35.44649763644177,26.35344057193923,0.7434709302519591,99.652,846.4045600000005,fomc_20221102,statement,narrative_text,False,75,available,False
fomc_20221102_press_conference,ES.v.0,2022-11-02 18:30:00+00:00,2022-11-02 18:29:59.984361813+00:00,2022-11-02 18:30:00.001111459+00:00,2022-11-02 18:30:00.004721047+00:00,1.111,4.721,0.0,0.0,False,False,True,,2,0.32063100183907445,30.66603129628437,36.07723703244472,1.17645601688328,99.652,846.4045600000005,fomc_20221102,press_conference,extemporaneous_speech,False,75,available,True
fomc_20221102_statement,NQ.v.0,2022-11-02 18:00:00+00:00,2022-11-02 17:59:59.809105591+00:00,2022-11-02 18:00:00.010746393+00:00,2022-11-02 18:00:00.068007779+00:00,10.746,68.007,0.125,0.11110555583513687,False,False,True,,6,0.2222098772373148,5.3052570990023025,4.670273711012094,0.8803105342228142,138.74800000000002,3022.151059999974,fomc_20221102,statement,narrative_text,False,75,available,True
fomc_20221102_press_conference,NQ.v.0,2022-11-02 18:30:00+00:00,2022-11-02 18:29:59.998143665+00:00,2022-11-02 18:30:00.000976489+00:00,2022-11-02 18:30:00.005304405+00:00,0.976,5.303999999999999,0.0,0.0,False,False,True,,6,0.0,4.030596638957861,4.389549303001796,1.0890569551352438,138.74800000000002,3022.151059999974,fomc_20221102,press_conference,extemporaneous_speech,False,75,available,True
fomc_20221102_statement,ZN.v.0,2022-11-02 18:00:00+00:00,2022-11-02 17:59:59.798211929+00:00,2022-11-02 18:00:00.208433297+00:00,2022-11-02 18:00:00.208433297+00:00,208.43300000000002,208.43300000000002,0.0,0.0,True,False,False,trade_before_first_post_event_quote,0,,545.860365398956,220.4108280254777,0.40378609988359354,259.639,4591.7176799999925,fomc_20221102,statement,narrative_text,False,75,available,False
fomc_20221102_press_conference,ZN.v.0,2022-11-02 18:30:00+00:00,2022-11-02 18:29:59.596678287+00:00,2022-11-02 18:30:00.001572209+00:00,2022-11-02 18:30:01.910641529+00:00,1.572,1910.641,0.0,0.0,False,False,True,,110,0.0,606.260817520837,451.0351937433345,0.7439623025412369,259.639,4591.7176799999925,fomc_20221102,press_conference,extemporaneous_speech,False,75,available,True
fomc_20221214_statement,ES.v.0,2022-12-14 19:00:00+00:00,2022-12-14 18:59:59.947388601+00:00,2022-12-14 19:00:00.021329899+00:00,2022-12-14 19:00:00.021329899+00:00,21.329,21.329,0.375,0.918062887952725,True,False,False,trade_before_first_post_event_quote,0,,26.732952548330402,13.80431654676259,0.516378298349418,105.075,1194.2210400000065,fomc_20221214,statement,narrative_text,True,50,available,False
fomc_20221214_press_conference,ES.v.0,2022-12-14 19:30:00+00:00,2022-12-14 19:29:59.910656253+00:00,2022-12-14 19:30:00.001642539+00:00,2022-12-14 19:30:00.001928953+00:00,1.642,1.928,0.0,0.0,False,False,True,,1,0.0,21.351658923326788,18.594083494608793,0.8708495935318014,105.075,1194.2210400000065,fomc_20221214,press_conference,extemporaneous_speech,True,50,available,True
fomc_20221214_statement,NQ.v.0,2022-12-14 19:00:00+00:00,2022-12-14 18:59:59.979209729+00:00,2022-12-14 19:00:00.000823135+00:00,2022-12-14 19:00:00.043765981+00:00,0.823,43.765,0.0,0.0,False,False,True,,1,0.0,4.374244833068363,4.231704228918714,0.9674136657664719,190.811,3864.758,fomc_20221214,statement,narrative_text,True,50,available,True
fomc_20221214_press_conference,NQ.v.0,2022-12-14 19:30:00+00:00,2022-12-14 19:29:59.935910087+00:00,2022-12-14 19:30:00.001412967+00:00,2022-12-14 19:30:00.013291465+00:00,1.4120000000000001,13.291,0.0,0.0,False,False,True,,11,-0.42093299805259293,3.766466681123453,3.7019597862051414,0.9828733663723608,190.811,3864.758,fomc_20221214,press_conference,extemporaneous_speech,True,50,available,True
fomc_20221214_statement,ZN.v.0,2022-12-14 19:00:00+00:00,2022-12-14 18:59:58.781249269+00:00,2022-12-14 19:00:00.012355179+00:00,2022-12-14 19:00:00.039682103+00:00,12.355,39.682,0.0,0.0,False,False,True,,2,0.0,409.7333806482139,71.37243401759531,0.17419238311675117,270.152,5365.540259999999,fomc_20221214,statement,narrative_text,True,50,available,True
fomc_20221214_press_conference,ZN.v.0,2022-12-14 19:30:00+00:00,2022-12-14 19:29:59.567406507+00:00,2022-12-14 19:30:00.001214439+00:00,2022-12-14 19:30:00.025485111+00:00,1.214,25.485,0.0,0.0,False,False,True,,36,0.0,465.5028844020413,397.8957286432161,0.8547653343852648,270.152,5365.540259999999,fomc_20221214,press_conference,extemporaneous_speech,True,50,available,True
fomc_20230201_statement,ES.v.0,2023-02-01 19:00:00+00:00,2023-02-01 18:59:59.951374235+00:00,2023-02-01 19:00:00.027379473+00:00,2023-02-01 19:00:00.109588635+00:00,27.379,109.58800000000001,0.0,0.0,False,False,True,,4,0.0,44.09409480095331,15.900909526089038,0.36061312966890213,100.06200000000001,5137.611499999991,fomc_20230201,statement,narrative_text,False,25,available,True
fomc_20230201_press_conference,ES.v.0,2023-02-01 19:30:00+00:00,2023-02-01 19:29:59.996279631+00:00,2023-02-01 19:30:00.000362385+00:00,2023-02-01 19:30:00.000362385+00:00,0.36200000000000004,0.36200000000000004,0.0,0.0,True,False,False,trade_before_first_post_event_quote,0,,37.66613570290792,33.223598895807925,0.8820548823446993,100.06200000000001,5137.611499999991,fomc_20230201,press_conference,extemporaneous_speech,False,25,available,False
fomc_20230201_statement,NQ.v.0,2023-02-01 19:00:00+00:00,2023-02-01 18:59:59.986208629+00:00,2023-02-01 19:00:00.012704697+00:00,2023-02-01 19:00:00.012704697+00:00,12.704,12.704,-0.875,-0.7209916728589211,True,False,False,trade_before_first_post_event_quote,0,,4.630842988413903,4.769047619047619,1.029844378438115,142.8,6278.7874,fomc_20230201,statement,narrative_text,False,25,available,False
fomc_20230201_press_conference,NQ.v.0,2023-02-01 19:30:00+00:00,2023-02-01 19:29:59.922687317+00:00,2023-02-01 19:30:00.000362453+00:00,2023-02-01 19:30:00.000362453+00:00,0.36200000000000004,0.36200000000000004,0.125,0.1028875387756982,True,False,False,trade_before_first_post_event_quote,0,,4.227068116714823,4.236935248802832,1.0023342732635399,142.8,6278.7874,fomc_20230201,press_conference,extemporaneous_speech,False,25,available,False
fomc_20230201_statement,ZN.v.0,2023-02-01 19:00:00+00:00,2023-02-01 18:59:59.836271025+00:00,2023-02-01 19:00:00.042743891+00:00,2023-02-01 19:00:00.895443175+00:00,42.743,895.443,0.0,0.0,False,False,True,,2,0.0,918.95403752899,209.2981072555205,0.22775688305185537,273.73400000000004,6692.625099999991,fomc_20230201,statement,narrative_text,False,25,available,True
fomc_20230201_press_conference,ZN.v.0,2023-02-01 19:30:00+00:00,2023-02-01 19:29:59.667293029+00:00,2023-02-01 19:30:00.000747275+00:00,2023-02-01 19:30:00.589654727+00:00,0.747,589.654,0.0,0.0,False,False,True,,16,0.0,1214.1632029068994,839.8550561797753,0.6917151287150104,273.73400000000004,6692.625099999991,fomc_20230201,press_conference,extemporaneous_speech,False,25,available,True
fomc_20230322_statement,ES.v.0,2023-03-22 18:00:00+00:00,2023-03-22 17:59:59.921393783+00:00,2023-03-22 18:00:00.000129847+00:00,2023-03-22 18:00:00.000129847+00:00,0.129,0.129,0.0,0.0,True,False,False,trade_before_first_post_event_quote,0,,42.06175729204177,15.75467880627213,0.3745606417935603,100.81,26231.604599999973,fomc_20230322,statement,narrative_text,True,25,available,False
fomc_20230322_press_conference,ES.v.0,2023-03-22 18:30:00+00:00,2023-03-22 18:29:59.995729195+00:00,2023-03-22 18:30:00.002223137+00:00,2023-03-22 18:30:00.158629401+00:00,2.2230000000000003,158.629,0.0,0.0,False,False,True,,9,0.0,31.43628114741402,24.528478352248843,0.780260178906899,100.81,26231.604599999973,fomc_20230322,press_conference,extemporaneous_speech,True,25,available,True
fomc_20230322_statement,NQ.v.0,2023-03-22 18:00:00+00:00,2023-03-22 17:59:59.808549577+00:00,2023-03-22 18:00:00.149603011+00:00,2023-03-22 18:00:00.182289657+00:00,149.603,182.28900000000002,0.125,0.09672255618376814,False,False,True,,7,0.29016486202290476,5.056318967312096,6.153968253968254,1.2170846605509267,142.488,27970.825700000027,fomc_20230322,statement,narrative_text,True,25,available,True
fomc_20230322_press_conference,NQ.v.0,2023-03-22 18:30:00+00:00,2023-03-22 18:29:59.995623417+00:00,2023-03-22 18:30:00.000609211+00:00,2023-03-22 18:30:00.080423095+00:00,0.609,80.42299999999999,0.125,0.09625426526871235,False,False,True,,17,0.09625426526871235,4.928720593663189,4.411535246586793,0.8950670184588397,142.488,27970.825700000027,fomc_20230322,press_conference,extemporaneous_speech,True,25,available,True
fomc_20230322_statement,ZN.v.0,2023-03-22 18:00:00+00:00,2023-03-22 17:59:59.866997297+00:00,2023-03-22 18:00:00.001226679+00:00,2023-03-22 18:00:00.120320807+00:00,1.2260000000000002,120.32,0.0,0.0,False,False,True,,5,-0.6822445849478677,174.4779602420052,116.44099378881988,0.6673679221565485,275.682,17187.2096,fomc_20230322,statement,narrative_text,True,25,available,True
fomc_20230322_press_conference,ZN.v.0,2023-03-22 18:30:00+00:00,2023-03-22 18:29:58.456736569+00:00,2023-03-22 18:30:00.007568611+00:00,2023-03-22 18:30:00.177748231+00:00,7.5680000000000005,177.748,0.0,0.0,False,False,True,,113,0.0,379.39783530788355,275.1189354033823,0.7251462971055743,275.682,17187.2096,fomc_20230322,press_conference,extemporaneous_speech,True,25,available,True
fomc_20230503_statement,ES.v.0,2023-05-03 18:00:00+00:00,2023-05-03 17:59:59.930097917+00:00,2023-05-03 18:00:00.000221381+00:00,2023-05-03 18:00:00.000221381+00:00,0.221,0.221,0.0,0.0,True,False,False,trade_before_first_post_event_quote,0,,46.12339667458432,14.972054380664652,0.32460866848765285,103.089,126166.14320999994,fomc_20230503,statement,narrative_text,False,25,available,False
fomc_20230503_press_conference,ES.v.0,2023-05-03 18:30:00+00:00,2023-05-03 18:29:59.999969813+00:00,2023-05-03 18:30:00.000425863+00:00,2023-05-03 18:30:00.041514455+00:00,0.425,41.514,0.0,0.0,False,False,True,,8,0.0,62.86221493402486,45.96501021102791,0.7312025237938099,103.089,126166.14320999994,fomc_20230503,press_conference,extemporaneous_speech,False,25,available,True
fomc_20230503_statement,NQ.v.0,2023-05-03 18:00:00+00:00,2023-05-03 17:59:59.840987715+00:00,2023-05-03 18:00:00.000657113+00:00,2023-05-03 18:00:00.000657113+00:00,0.657,0.657,0.125,0.09453627593324695,True,False,False,trade_before_first_post_event_quote,0,,6.718153759820426,3.947400425661295,0.5875722061125924,161.85649999999998,133499.67030000009,fomc_20230503,statement,narrative_text,False,25,available,False
fomc_20230503_press_conference,NQ.v.0,2023-05-03 18:30:00+00:00,2023-05-03 18:29:59.927613497+00:00,2023-05-03 18:30:00.000028239+00:00,2023-05-03 18:30:00.041523475+00:00,0.028,41.522999999999996,0.125,0.09423516385122231,False,False,True,,5,0.09423516385122231,6.238142713567839,4.399897418362113,0.7053216991641473,161.85649999999998,133499.67030000009,fomc_20230503,press_conference,extemporaneous_speech,False,25,available,True
fomc_20230503_statement,ZN.v.0,2023-05-03 18:00:00+00:00,2023-05-03 17:59:58.575634511+00:00,2023-05-03 18:00:00.001341337+00:00,2023-05-03 18:00:00.080234701+00:00,1.341,80.234,0.0,0.0,False,False,True,,2,0.6732873256211082,611.4824367894112,99.72406181015452,0.1630857336373482,298.34000000000003,126327.49479999996,fomc_20230503,statement,narrative_text,False,25,available,True
fomc_20230503_press_conference,ZN.v.0,2023-05-03 18:30:00+00:00,2023-05-03 18:29:59.573779033+00:00,2023-05-03 18:30:00.001893705+00:00,2023-05-03 18:30:00.051491665+00:00,1.893,51.491,0.0,0.0,False,False,True,,5,0.0,808.4077697534598,489.0764609503004,0.6049873334337869,298.34000000000003,126327.49479999996,fomc_20230503,press_conference,extemporaneous_speech,False,25,available,True
fomc_20230614_statement,ES.v.0,2023-06-14 18:00:00+00:00,2023-06-14 17:59:59.982550039+00:00,2023-06-14 18:00:00.000217693+00:00,2023-06-14 18:00:00.000217693+00:00,0.217,0.217,0.0,0.0,True,False,False,trade_before_first_post_event_quote,0,,72.37242079152102,28.11530398322851,0.3884809113159088,143.761,64057.7790999999,fomc_20230614,statement,narrative_text,True,0,available,False
fomc_20230614_press_conference,ES.v.0,2023-06-14 18:30:00+00:00,2023-06-14 18:29:59.959777305+00:00,2023-06-14 18:30:00.000452107+00:00,2023-06-14 18:30:00.017094523+00:00,0.45199999999999996,17.094,0.0,0.0,False,False,True,,18,0.0,58.01053856629937,40.24466463414634,0.6937474746618896,143.761,64057.7790999999,fomc_20230614,press_conference,extemporaneous_speech,True,0,available,True
fomc_20230614_statement,NQ.v.0,2023-06-14 18:00:00+00:00,2023-06-14 17:59:59.747476735+00:00,2023-06-14 18:00:00.033196477+00:00,2023-06-14 18:00:00.180793135+00:00,33.196000000000005,180.793,0.125,0.08258968207122176,False,False,True,,8,0.24776699992515688,4.71323011963406,5.907161803713528,1.2533149567864015,232.20700000000002,67707.58011999997,fomc_20230614,statement,narrative_text,True,0,available,True
fomc_20230614_press_conference,NQ.v.0,2023-06-14 18:30:00+00:00,2023-06-14 18:29:59.959827503+00:00,2023-06-14 18:30:00.000452807+00:00,2023-06-14 18:30:00.075085417+00:00,0.45199999999999996,75.085,0.0,0.0,False,False,True,,27,0.0831148106442076,5.206711853198875,4.295369458128079,0.8249677683794062,232.20700000000002,67707.58011999997,fomc_20230614,press_conference,extemporaneous_speech,True,0,available,True
fomc_20230614_statement,ZN.v.0,2023-06-14 18:00:00+00:00,2023-06-14 17:59:59.545537135+00:00,2023-06-14 18:00:00.002004485+00:00,2023-06-14 18:00:00.120383101+00:00,2.004,120.38300000000001,0.0,0.0,False,False,True,,3,-0.6909178846846544,794.8035912624954,343.32522123893807,0.43196234266328315,504.977,71535.73500000002,fomc_20230614,statement,narrative_text,True,0,available,True
fomc_20230614_press_conference,ZN.v.0,2023-06-14 18:30:00+00:00,2023-06-14 18:29:59.917854071+00:00,2023-06-14 18:30:00.001241023+00:00,2023-06-14 18:30:00.193867425+00:00,1.2409999999999999,193.86700000000002,0.0,0.0,False,False,True,,20,0.0,1334.3539916530835,849.3931914893617,0.6365576127494315,504.977,71535.73500000002,fomc_20230614,press_conference,extemporaneous_speech,True,0,available,True
fomc_20230726_statement,ES.v.0,2023-07-26 18:00:00+00:00,2023-07-26 17:59:59.964031133+00:00,2023-07-26 18:00:00.000220231+00:00,2023-07-26 18:00:00.000220231+00:00,0.22,0.22,0.0,0.0,True,False,False,trade_before_first_post_event_quote,0,,69.42825960419091,36.00416956219597,0.5185809030422914,100.54400000000001,1076.1344400000007,fomc_20230726,statement,narrative_text,False,25,available,False
fomc_20230726_press_conference,ES.v.0,2023-07-26 18:30:00+00:00,2023-07-26 18:29:59.908905345+00:00,2023-07-26 18:30:00.000818977+00:00,2023-07-26 18:30:00.021198251+00:00,0.8180000000000001,21.198,0.0,0.0,False,False,True,,21,0.0,66.98812580935449,41.5330810546875,0.6200066139018277,100.54400000000001,1076.1344400000007,fomc_20230726,press_conference,extemporaneous_speech,False,25,available,True
fomc_20230726_statement,NQ.v.0,2023-07-26 18:00:00+00:00,2023-07-26 17:59:59.551634515+00:00,2023-07-26 18:00:00.135232007+00:00,2023-07-26 18:00:00.213689941+00:00,135.232,213.689,-0.125,-0.0803480678303566,False,False,True,,3,-0.0803480678303566,4.722843862971252,5.003511852502195,1.0594277510911334,124.19500000000001,2077.122940000016,fomc_20230726,statement,narrative_text,False,25,available,True
fomc_20230726_press_conference,NQ.v.0,2023-07-26 18:30:00+00:00,2023-07-26 18:29:59.908794479+00:00,2023-07-26 18:30:00.004136289+00:00,2023-07-26 18:30:00.018664465+00:00,4.136,18.664,0.0,0.0,False,False,True,,3,0.0,7.195914982147375,5.331502582178867,0.7409068333083422,124.19500000000001,2077.122940000016,fomc_20230726,press_conference,extemporaneous_speech,False,25,available,True
fomc_20230726_statement,ZN.v.0,2023-07-26 18:00:00+00:00,2023-07-26 17:59:58.069990217+00:00,2023-07-26 18:00:00.102616781+00:00,2023-07-26 18:00:00.102616781+00:00,102.616,102.616,0.0,0.0,True,False,False,trade_before_first_post_event_quote,0,,753.2569456733321,75.40466101694915,0.10010483335078357,302.639,4522.751680000001,fomc_20230726,statement,narrative_text,False,25,available,False
fomc_20230726_press_conference,ZN.v.0,2023-07-26 18:30:00+00:00,2023-07-26 18:29:59.916157655+00:00,2023-07-26 18:30:00.060076401+00:00,2023-07-26 18:30:00.220323987+00:00,60.076,220.32299999999998,0.0,0.0,False,False,True,,11,0.0,1091.4583747691433,858.3663663663664,0.7864398553430141,302.639,4522.751680000001,fomc_20230726,press_conference,extemporaneous_speech,False,25,available,True
fomc_20230920_statement,ES.v.0,2023-09-20 18:00:00+00:00,2023-09-20 17:59:59.812613059+00:00,2023-09-20 18:00:00.040922525+00:00,2023-09-20 18:00:00.483751687+00:00,40.922,483.751,0.0,0.0,False,False,True,,7,0.0,119.42677864658751,50.3603744149766,0.4216841062422443,98.212,1127.64,fomc_20230920,statement,narrative_text,True,0,available,True
fomc_20230920_press_conference,ES.v.0,2023-09-20 18:30:00+00:00,2023-09-20 18:29:59.992646689+00:00,2023-09-20 18:30:00.000525873+00:00,2023-09-20 18:30:00.004582885+00:00,0.525,4.582,0.0,0.0,False,False,True,,7,0.0,69.8785345411446,63.34679535232384,0.9065272442859421,98.212,1127.64,fomc_20230920,press_conference,extemporaneous_speech,True,0,available,True
fomc_20230920_statement,NQ.v.0,2023-09-20 18:00:00+00:00,2023-09-20 17:59:59.720321289+00:00,2023-09-20 18:00:00.005437707+00:00,2023-09-20 18:00:00.005437707+00:00,5.437,5.437,-0.625,-0.40663465102162427,True,False,False,trade_before_first_post_event_quote,0,,6.370692070608014,6.597222222222222,1.0355581699921321,137.794,2848.3261300000095,fomc_20230920,statement,narrative_text,True,0,available,False
fomc_20230920_press_conference,NQ.v.0,2023-09-20 18:30:00+00:00,2023-09-20 18:29:59.992545033+00:00,2023-09-20 18:30:00.000853359+00:00,2023-09-20 18:30:00.053195343+00:00,0.853,53.195,0.125,0.08152517293471619,False,False,True,,21,0.08152517293471619,5.886906416639288,4.700638537623639,0.7984904472640038,137.794,2848.3261300000095,fomc_20230920,press_conference,extemporaneous_speech,True,0,available,True
fomc_20230920_statement,ZN.v.0,2023-09-20 18:00:00+00:00,2023-09-20 17:59:59.764977071+00:00,2023-09-20 18:00:00.032916409+00:00,2023-09-20 18:00:00.080492487+00:00,32.916000000000004,80.49199999999999,0.0,0.0,False,False,True,,6,0.7136485284028107,1173.7364078696849,93.73239436619718,0.07985812976213302,301.863,5455.884859999999,fomc_20230920,statement,narrative_text,True,0,available,True
fomc_20230920_press_conference,ZN.v.0,2023-09-20 18:30:00+00:00,2023-09-20 18:29:59.986578105+00:00,2023-09-20 18:30:00.001351067+00:00,2023-09-20 18:30:01.019889465+00:00,1.351,1019.889,0.0,0.0,False,False,True,,77,0.0,1990.0232903330275,1542.393625342198,0.7750631024444345,301.863,5455.884859999999,fomc_20230920,press_conference,extemporaneous_speech,True,0,available,True
fomc_20231101_statement,ES.v.0,2023-11-01 18:00:00+00:00,2023-11-01 17:59:59.739407745+00:00,2023-11-01 18:00:00.000112579+00:00,2023-11-01 18:00:00.000112579+00:00,0.112,0.112,0.0,0.0,True,False,False,trade_before_first_post_event_quote,0,,76.84205566830965,44.35101679929266,0.5771711390795524,94.97099999999999,778.884,fomc_20231101,statement,narrative_text,False,0,available,False
fomc_20231101_press_conference,ES.v.0,2023-11-01 18:30:00+00:00,2023-11-01 18:29:59.956403249+00:00,2023-11-01 18:30:00.000910699+00:00,2023-11-01 18:30:00.010702403+00:00,0.91,10.702,0.0,0.0,False,False,True,,20,0.0,56.68574823004558,44.32586623690572,0.7819578575027318,94.97099999999999,778.884,fomc_20231101,press_conference,extemporaneous_speech,False,0,available,True
fomc_20231101_statement,NQ.v.0,2023-11-01 18:00:00+00:00,2023-11-01 17:59:59.921967469+00:00,2023-11-01 18:00:00.111594699+00:00,2023-11-01 18:00:00.114093047+00:00,111.594,114.093,0.125,0.08559115672244282,False,False,True,,6,0.2567712724448466,6.2792415661167205,10.04771573604061,1.6001479844729771,133.303,2846.685430000003,fomc_20231101,statement,narrative_text,False,0,available,True
fomc_20231101_press_conference,NQ.v.0,2023-11-01 18:30:00+00:00,2023-11-01 18:29:59.982535337+00:00,2023-11-01 18:30:00.000535345+00:00,2023-11-01 18:30:00.010974827+00:00,0.535,10.974,0.0,0.0,False,False,True,,19,0.17107615455336156,5.765643629940384,4.664350084007943,0.8089903544829689,133.303,2846.685430000003,fomc_20231101,press_conference,extemporaneous_speech,False,0,available,True
fomc_20231101_statement,ZN.v.0,2023-11-01 18:00:00+00:00,2023-11-01 17:59:59.680329315+00:00,2023-11-01 18:00:00.034780189+00:00,2023-11-01 18:00:00.080683393+00:00,34.78,80.683,0.0,0.0,False,False,True,,10,0.0,819.2054819386459,168.55844155844156,0.20575843945715402,275.17549999999994,4648.131629999955,fomc_20231101,statement,narrative_text,False,0,available,True
fomc_20231101_press_conference,ZN.v.0,2023-11-01 18:30:00+00:00,2023-11-01 18:29:59.893866373+00:00,2023-11-01 18:30:00.049264759+00:00,2023-11-01 18:30:00.251439769+00:00,49.264,251.43900000000002,0.0,0.0,False,False,True,,46,0.0,1678.9296041177806,1317.3637100040503,0.7846449945090338,275.17549999999994,4648.131629999955,fomc_20231101,press_conference,extemporaneous_speech,False,0,available,True
fomc_20231213_statement,ES.v.0,2023-12-13 19:00:00+00:00,2023-12-13 18:59:59.976756303+00:00,2023-12-13 19:00:00.007430031+00:00,2023-12-13 19:00:00.008742639+00:00,7.43,8.741999999999999,0.0,0.0,False,False,True,,5,-0.26600343146045163,125.35343511450381,33.002101944298474,0.2632724178172922,104.202,1509.5303200000012,fomc_20231213,statement,narrative_text,True,0,available,True
fomc_20231213_press_conference,ES.v.0,2023-12-13 19:30:00+00:00,2023-12-13 19:29:59.999098407+00:00,2023-12-13 19:30:00.001401797+00:00,2023-12-13 19:30:00.120597167+00:00,1.4009999999999998,120.597,0.0,0.0,False,False,True,,24,0.0,160.62942653581763,126.14345581536593,0.7853072661455222,104.202,1509.5303200000012,fomc_20231213,press_conference,extemporaneous_speech,True,0,available,True
fomc_20231213_statement,NQ.v.0,2023-12-13 19:00:00+00:00,2023-12-13 18:59:59.928164313+00:00,2023-12-13 19:00:00.026220159+00:00,2023-12-13 19:00:00.026341979+00:00,26.22,26.341,0.625,0.37669181716923267,False,False,True,,1,0.37669181716923267,6.984483278095812,4.887843704775688,0.6998146477212651,187.493,4185.884000000008,fomc_20231213,statement,narrative_text,True,0,available,True
fomc_20231213_press_conference,NQ.v.0,2023-12-13 19:30:00+00:00,2023-12-13 19:29:59.999393167+00:00,2023-12-13 19:30:00.000857831+00:00,2023-12-13 19:30:00.016283971+00:00,0.857,16.282999999999998,0.0,0.0,False,False,True,,11,0.07486066558679166,6.693973028259717,5.812487785811999,0.8683165828833816,187.493,4185.884000000008,fomc_20231213,press_conference,extemporaneous_speech,True,0,available,True
fomc_20231213_statement,ZN.v.0,2023-12-13 19:00:00+00:00,2023-12-13 18:59:59.871522737+00:00,2023-12-13 19:00:00.009238631+00:00,2023-12-13 19:00:01.003833551+00:00,9.238,1003.833,0.0,0.0,False,False,True,,4,0.0,1349.0221175238844,224.34604904632153,0.16630272115783118,439.174,7937.7431700000025,fomc_20231213,statement,narrative_text,True,0,available,True
fomc_20231213_press_conference,ZN.v.0,2023-12-13 19:30:00+00:00,2023-12-13 19:29:59.396539909+00:00,2023-12-13 19:30:00.000854067+00:00,2023-12-13 19:30:01.936572525+00:00,0.8540000000000001,1936.572,0.0,0.0,False,False,True,,226,0.0,2201.102005258326,1856.1334668001334,0.8432746244226396,439.174,7937.7431700000025,fomc_20231213,press_conference,extemporaneous_speech,True,0,available,True
fomc_20240131_statement,ES.v.0,2024-01-31 19:00:00+00:00,2024-01-31 18:59:59.571362737+00:00,2024-01-31 19:00:00.005045481+00:00,2024-01-31 19:00:00.005045481+00:00,5.045,5.045,0.0,0.0,True,False,False,trade_before_first_post_event_quote,0,,67.4524225902685,31.39002732240437,0.46536545489372944,96.66499999999999,1088.2191199999993,fomc_20240131,statement,narrative_text,False,0,available,False
fomc_20240131_press_conference,ES.v.0,2024-01-31 19:30:00+00:00,2024-01-31 19:29:59.953680697+00:00,2024-01-31 19:30:00.000518349+00:00,2024-01-31 19:30:00.000657291+00:00,0.518,0.657,0.0,0.0,False,False,True,,2,0.0,45.01992860185392,43.00604467805519,0.9552668343477604,96.66499999999999,1088.2191199999993,fomc_20240131,press_conference,extemporaneous_speech,False,0,available,True
fomc_20240131_statement,NQ.v.0,2024-01-31 19:00:00+00:00,2024-01-31 18:59:59.629318007+00:00,2024-01-31 19:00:00.004874833+00:00,2024-01-31 19:00:00.004874833+00:00,4.874,4.874,0.0,0.0,True,False,False,trade_before_first_post_event_quote,0,,4.793823497087592,4.878350515463918,1.0176324844725049,137.586,2644.2477800000024,fomc_20240131,statement,narrative_text,False,0,available,False
fomc_20240131_press_conference,NQ.v.0,2024-01-31 19:30:00+00:00,2024-01-31 19:29:59.970249379+00:00,2024-01-31 19:30:00.000527851+00:00,2024-01-31 19:30:00.005480899+00:00,0.527,5.4799999999999995,0.0,0.0,False,False,True,,19,0.21636513781441233,5.453633424033888,4.502258035951474,0.8255520101718332,137.586,2644.2477800000024,fomc_20240131,press_conference,extemporaneous_speech,False,0,available,True
fomc_20240131_statement,ZN.v.0,2024-01-31 19:00:00+00:00,2024-01-31 18:59:59.020191985+00:00,2024-01-31 19:00:00.004734303+00:00,2024-01-31 19:00:00.004734303+00:00,4.734,4.734,0.0,0.0,True,False,False,trade_before_first_post_event_quote,0,,1101.8443778110945,238.51046025104603,0.21646474316533418,329.34099999999995,4819.711880000003,fomc_20240131,statement,narrative_text,False,0,available,False
fomc_20240131_press_conference,ZN.v.0,2024-01-31 19:30:00+00:00,2024-01-31 19:29:59.633810295+00:00,2024-01-31 19:30:00.006161967+00:00,2024-01-31 19:30:00.073849793+00:00,6.161,73.849,0.0,0.0,False,False,True,,13,0.0,1746.9169809790324,1471.6195560550716,0.8424095547061002,329.34099999999995,4819.711880000003,fomc_20240131,press_conference,extemporaneous_speech,False,0,available,True
fomc_20240320_statement,ES.v.0,2024-03-20 18:00:00+00:00,2024-03-20 17:59:59.807363999+00:00,2024-03-20 18:00:00.012825433+00:00,2024-03-20 18:00:00.012825433+00:00,12.825,12.825,0.0,0.0,True,False,False,trade_before_first_post_event_quote,0,,59.78969897818282,20.255167498218103,0.33877353196926424,98.275,918.9570199999969,fomc_20240320,statement,narrative_text,True,0,available,False
fomc_20240320_press_conference,ES.v.0,2024-03-20 18:30:00+00:00,2024-03-20 18:29:59.988323629+00:00,2024-03-20 18:30:00.000468585+00:00,2024-03-20 18:30:00.000582917+00:00,0.46799999999999997,0.5820000000000001,0.125,0.2376736503229863,False,False,True,,1,0.2376736503229863,39.17970129263987,35.412006508521024,0.9038355408588419,98.275,918.9570199999969,fomc_20240320,press_conference,extemporaneous_speech,True,0,available,True
fomc_20240320_statement,NQ.v.0,2024-03-20 18:00:00+00:00,2024-03-20 17:59:59.874306813+00:00,2024-03-20 18:00:00.044775139+00:00,2024-03-20 18:00:00.044775139+00:00,44.775000000000006,44.775000000000006,0.0,0.0,True,False,False,trade_before_first_post_event_quote,0,,5.629724457449402,4.911262798634812,0.8723806708046071,150.36100000000002,2880.737,fomc_20240320,statement,narrative_text,True,0,available,False
fomc_20240320_press_conference,NQ.v.0,2024-03-20 18:30:00+00:00,2024-03-20 18:29:59.990913403+00:00,2024-03-20 18:30:00.000478541+00:00,2024-03-20 18:30:00.018811515+00:00,0.47800000000000004,18.811,0.0,0.0,False,False,True,,4,0.06803947650537792,5.313205290558604,4.290068678138745,0.8074351438597828,150.36100000000002,2880.737,fomc_20240320,press_conference,extemporaneous_speech,True,0,available,True
fomc_20240320_statement,ZN.v.0,2024-03-20 18:00:00+00:00,2024-03-20 17:59:56.796629217+00:00,2024-03-20 18:00:00.100294439+00:00,2024-03-20 18:00:00.224926245+00:00,100.294,224.926,0.0078125,0.7085916743441566,False,False,True,,3,0.7085916743441566,4564.228311932352,1495.5374149659865,0.32766490034167955,390.861,5863.545019999999,fomc_20240320,statement,narrative_text,True,0,available,True
fomc_20240320_press_conference,ZN.v.0,2024-03-20 18:30:00+00:00,2024-03-20 18:29:59.821030149+00:00,2024-03-20 18:30:00.001292137+00:00,2024-03-20 18:30:00.727060457+00:00,1.292,727.0600000000001,0.0,0.0,False,False,True,,32,0.0,2735.138823217482,1943.9304207119742,0.7107245907267079,390.861,5863.545019999999,fomc_20240320,press_conference,extemporaneous_speech,True,0,available,True
fomc_20240501_statement,ES.v.0,2024-05-01 18:00:00+00:00,2024-05-01 17:59:59.508223519+00:00,2024-05-01 18:00:00.001516813+00:00,2024-05-01 18:00:00.014277409+00:00,1.516,14.277,0.0,0.0,False,False,True,,2,0.0,58.00052921253175,25.0,0.4310305498833006,105.054,887.3377599999998,fomc_20240501,statement,narrative_text,False,0,available,True
fomc_20240501_press_conference,ES.v.0,2024-05-01 18:30:00+00:00,2024-05-01 18:29:59.999279789+00:00,2024-05-01 18:30:00.001325401+00:00,2024-05-01 18:30:00.132585015+00:00,1.325,132.585,0.0,0.0,False,False,True,,73,0.0,47.1858644060147,54.98520354514045,1.16528973745221,105.054,887.3377599999998,fomc_20240501,press_conference,extemporaneous_speech,False,0,available,True
fomc_20240501_statement,NQ.v.0,2024-05-01 18:00:00+00:00,2024-05-01 17:59:59.706960885+00:00,2024-05-01 18:00:00.012636661+00:00,2024-05-01 18:00:00.016331705+00:00,12.636,16.331,0.0,0.0,False,False,True,,12,0.644014068351682,5.257760442060784,5.0881410256410255,0.967739226941029,156.516,2980.1401500000047,fomc_20240501,statement,narrative_text,False,0,available,True
fomc_20240501_press_conference,NQ.v.0,2024-05-01 18:30:00+00:00,2024-05-01 18:29:59.989162935+00:00,2024-05-01 18:30:00.002133765+00:00,2024-05-01 18:30:00.017577347+00:00,2.133,17.576999999999998,0.0,0.0,False,False,True,,8,-0.14238016929286046,5.51031114993396,4.894084200338737,0.8881683932489713,156.516,2980.1401500000047,fomc_20240501,press_conference,extemporaneous_speech,False,0,available,True
fomc_20240501_statement,ZN.v.0,2024-05-01 18:00:00+00:00,2024-05-01 17:59:59.981860225+00:00,2024-05-01 18:00:00.026588937+00:00,2024-05-01 18:00:00.061464161+00:00,26.588,61.464,-0.015625,-1.4515894930413833,False,False,True,,3,-1.4515894930413833,1302.5629805931892,112.925,0.08669446443854391,447.71299999999997,6485.293040000002,fomc_20240501,statement,narrative_text,False,0,available,True
fomc_20240501_press_conference,ZN.v.0,2024-05-01 18:30:00+00:00,2024-05-01 18:29:59.356835011+00:00,2024-05-01 18:30:00.001327893+00:00,2024-05-01 18:30:00.786018599+00:00,1.327,786.018,0.0,0.0,False,False,True,,3,0.0,2319.9073358190176,1629.7297297297298,0.7024977698750936,447.71299999999997,6485.293040000002,fomc_20240501,press_conference,extemporaneous_speech,False,0,available,True
fomc_20240612_statement,ES.v.0,2024-06-12 18:00:00+00:00,2024-06-12 17:59:59.860320533+00:00,2024-06-12 18:00:00.003320115+00:00,2024-06-12 18:00:00.016127253+00:00,3.32,16.127,0.0,0.0,False,False,True,,1,0.0,65.58483965014577,47.01790101790102,0.7169019741256091,98.643,916.967,fomc_20240612,statement,narrative_text,True,0,available,True
fomc_20240612_press_conference,ES.v.0,2024-06-12 18:30:00+00:00,2024-06-12 18:29:59.957905191+00:00,2024-06-12 18:30:00.000608733+00:00,2024-06-12 18:30:00.034708911+00:00,0.608,34.708000000000006,0.0,0.0,False,False,True,,8,0.0,47.73888775638972,45.1103266497223,0.944938786171959,98.643,916.967,fomc_20240612,press_conference,extemporaneous_speech,True,0,available,True
fomc_20240612_statement,NQ.v.0,2024-06-12 18:00:00+00:00,2024-06-12 17:59:59.625842107+00:00,2024-06-12 18:00:00.023567425+00:00,2024-06-12 18:00:00.235309165+00:00,23.567,235.309,0.0,0.0,False,False,True,,2,0.0,5.812848189415042,5.969072164948454,1.026875633156546,158.14,3818.883,fomc_20240612,statement,narrative_text,True,0,available,True
fomc_20240612_press_conference,NQ.v.0,2024-06-12 18:30:00+00:00,2024-06-12 18:29:59.981920709+00:00,2024-06-12 18:30:00.001417359+00:00,2024-06-12 18:30:00.004278125+00:00,1.417,4.278,0.0,0.0,False,False,True,,5,0.0,5.174302264349658,5.389109554416119,1.041514252374945,158.14,3818.883,fomc_20240612,press_conference,extemporaneous_speech,True,0,available,True
fomc_20240612_statement,ZN.v.0,2024-06-12 18:00:00+00:00,2024-06-12 17:59:59.530281849+00:00,2024-06-12 18:00:00.009941613+00:00,2024-06-12 18:00:00.598276829+00:00,9.941,598.2760000000001,0.0,0.0,False,False,True,,13,0.0,2782.2057172026543,267.07216494845363,0.09599296101547053,373.7635,6301.764209999995,fomc_20240612,statement,narrative_text,True,0,available,True
fomc_20240612_press_conference,ZN.v.0,2024-06-12 18:30:00+00:00,2024-06-12 18:29:59.027453043+00:00,2024-06-12 18:30:00.054301831+00:00,2024-06-12 18:30:00.068421343+00:00,54.301,68.42099999999999,0.0,0.0,False,False,True,,65,0.0,3381.9891992375933,2066.398637690561,0.6110009571161233,373.7635,6301.764209999995,fomc_20240612,press_conference,extemporaneous_speech,True,0,available,True
fomc_20240731_statement,ES.v.0,2024-07-31 18:00:00+00:00,2024-07-31 17:59:59.592808691+00:00,2024-07-31 18:00:00.013737095+00:00,2024-07-31 18:00:00.013737095+00:00,13.736999999999998,13.736999999999998,0.0,0.0,True,False,False,trade_before_first_post_event_quote,0,,46.481195633634655,19.91454442558008,0.4284430328029158,96.352,670.6891999999974,fomc_20240731,statement,narrative_text,False,0,available,False
fomc_20240731_press_conference,ES.v.0,2024-07-31 18:30:00+00:00,2024-07-31 18:29:59.961874443+00:00,2024-07-31 18:30:00.010469159+00:00,2024-07-31 18:30:00.159977063+00:00,10.469,159.977,0.125,0.2246963790283876,False,False,True,,78,0.2246963790283876,40.712588108466704,33.988586956521736,0.8348422081634592,96.352,670.6891999999974,fomc_20240731,press_conference,extemporaneous_speech,False,0,available,True
fomc_20240731_statement,NQ.v.0,2024-07-31 18:00:00+00:00,2024-07-31 17:59:59.748098301+00:00,2024-07-31 18:00:00.015585337+00:00,2024-07-31 18:00:00.015585337+00:00,15.584999999999999,15.584999999999999,0.25,0.1286719765329246,True,False,False,trade_before_first_post_event_quote,0,,4.057823129251701,4.284198771635958,1.0557874592296492,127.115,3019.6077999999998,fomc_20240731,statement,narrative_text,False,0,available,False
fomc_20240731_press_conference,NQ.v.0,2024-07-31 18:30:00+00:00,2024-07-31 18:29:59.990295119+00:00,2024-07-31 18:30:00.000613271+00:00,2024-07-31 18:30:00.010172307+00:00,0.6130000000000001,10.172,0.0,0.0,False,False,True,,4,0.06419535931753541,4.923728557470512,5.3762773722627735,1.0919118122597626,127.115,3019.6077999999998,fomc_20240731,press_conference,extemporaneous_speech,False,0,available,True
fomc_20240731_statement,ZN.v.0,2024-07-31 18:00:00+00:00,2024-07-31 17:59:59.497649253+00:00,2024-07-31 18:00:00.017718631+00:00,2024-07-31 18:00:00.022227205+00:00,17.718,22.227,0.0,0.0,False,False,True,,3,0.0,2149.4892053973012,502.01630434782606,0.2335514424018872,388.478,7967.554839999973,fomc_20240731,statement,narrative_text,False,0,available,True
fomc_20240731_press_conference,ZN.v.0,2024-07-31 18:30:00+00:00,2024-07-31 18:29:59.226054373+00:00,2024-07-31 18:30:00.062957873+00:00,2024-07-31 18:30:01.237456093+00:00,62.957,1237.456,0.0,0.0,False,False,True,,5,0.0,3391.7412980013473,2598.0807339449543,0.7660020342577207,388.478,7967.554839999973,fomc_20240731,press_conference,extemporaneous_speech,False,0,available,True
fomc_20240918_statement,ES.v.0,2024-09-18 18:00:00+00:00,2024-09-18 17:59:59.936173421+00:00,2024-09-18 18:00:00.016237239+00:00,2024-09-18 18:00:00.016237239+00:00,16.237000000000002,16.237000000000002,0.0,0.0,True,False,False,trade_before_first_post_event_quote,0,,31.227819488173086,11.922131147540984,0.38177917456120347,140.243,1550.7619800000043,fomc_20240918,statement,narrative_text,True,-50,degraded,False
fomc_20240918_press_conference,ES.v.0,2024-09-18 18:30:00+00:00,2024-09-18 18:29:59.968858659+00:00,2024-09-18 18:30:00.002302227+00:00,2024-09-18 18:30:00.002425199+00:00,2.3019999999999996,2.4250000000000003,0.125,0.21824292620989463,False,False,True,,2,0.21824292620989463,20.041448367999163,18.245819397993312,0.910404231419073,140.243,1550.7619800000043,fomc_20240918,press_conference,extemporaneous_speech,True,-50,degraded,False
fomc_20240918_statement,NQ.v.0,2024-09-18 18:00:00+00:00,2024-09-18 17:59:59.889400161+00:00,2024-09-18 18:00:00.096868637+00:00,2024-09-18 18:00:00.096868637+00:00,96.868,96.868,0.0,0.0,True,False,False,trade_before_first_post_event_quote,0,,4.254439120631342,4.161963190184049,0.9782636611254247,185.5085,5221.54424,fomc_20240918,statement,narrative_text,True,-50,degraded,False
fomc_20240918_press_conference,NQ.v.0,2024-09-18 18:30:00+00:00,2024-09-18 18:29:59.999830917+00:00,2024-09-18 18:30:00.000256581+00:00,2024-09-18 18:30:00.013199999+00:00,0.256,13.199,0.125,0.0630952643851533,False,False,True,,18,0.0,3.823808235485093,3.5573477981585895,0.9303154287775888,185.5085,5221.54424,fomc_20240918,press_conference,extemporaneous_speech,True,-50,degraded,False
fomc_20240918_statement,ZN.v.0,2024-09-18 18:00:00+00:00,2024-09-18 17:59:59.421766637+00:00,2024-09-18 18:00:00.006652561+00:00,2024-09-18 18:00:00.006652561+00:00,6.652,6.652,0.0078125,0.6792324675740805,True,False,False,trade_before_first_post_event_quote,0,,2168.172271508149,153.8776371308017,0.07097113045531508,472.115,6939.926850000006,fomc_20240918,statement,narrative_text,True,-50,degraded,False
fomc_20240918_press_conference,ZN.v.0,2024-09-18 18:30:00+00:00,2024-09-18 18:29:59.910086323+00:00,2024-09-18 18:30:00.002089047+00:00,2024-09-18 18:30:00.005457377+00:00,2.089,5.457,0.0,0.0,False,False,True,,1,0.0,1478.8431562533117,1403.676084538376,0.949171708036048,472.115,6939.926850000006,fomc_20240918,press_conference,extemporaneous_speech,True,-50,degraded,False
fomc_20241107_statement,ES.v.0,2024-11-07 19:00:00+00:00,2024-11-07 18:59:59.599444551+00:00,2024-11-07 19:00:00.019140691+00:00,2024-11-07 19:00:00.019140691+00:00,19.14,19.14,-0.125,-0.2085353519625708,True,False,False,trade_before_first_post_event_quote,0,,63.92060012331301,21.76912568306011,0.3405651017209476,106.25500000000001,1183.765,fomc_20241107,statement,narrative_text,False,-25,available,False
fomc_20241107_press_conference,ES.v.0,2024-11-07 19:30:00+00:00,2024-11-07 19:29:59.996524709+00:00,2024-11-07 19:30:00.003075939+00:00,2024-11-07 19:30:00.003182745+00:00,3.075,3.182,0.0,0.0,False,False,True,,2,0.0,49.22914150039572,45.98478135234059,0.9340967555156523,106.25500000000001,1183.765,fomc_20241107,press_conference,extemporaneous_speech,False,-25,available,True
fomc_20241107_statement,NQ.v.0,2024-11-07 19:00:00+00:00,2024-11-07 18:59:59.597804141+00:00,2024-11-07 19:00:00.263555845+00:00,2024-11-07 19:00:00.315368027+00:00,263.555,315.368,0.625,0.29506097437074086,False,False,True,,1,0.29506097437074086,5.543100339031955,4.049049662783569,0.7304666008428584,129.138,3192.0840400000175,fomc_20241107,statement,narrative_text,False,-25,available,True
fomc_20241107_press_conference,NQ.v.0,2024-11-07 19:30:00+00:00,2024-11-07 19:29:59.990731661+00:00,2024-11-07 19:30:00.000874155+00:00,2024-11-07 19:30:00.447542825+00:00,0.874,447.542,0.0,0.0,False,False,True,,51,0.17701255904469107,5.3913741034352585,4.8863361547763,0.9063248183172524,129.138,3192.0840400000175,fomc_20241107,press_conference,extemporaneous_speech,False,-25,available,True
fomc_20241107_statement,ZN.v.0,2024-11-07 19:00:00+00:00,2024-11-07 18:59:59.986853837+00:00,2024-11-07 19:00:00.009535745+00:00,2024-11-07 19:00:01.000246667+00:00,9.535,1000.246,0.0,0.0,False,False,True,,10,0.0,1647.5494718689372,209.0968992248062,0.12691388197746326,498.102,6473.955139999997,fomc_20241107,statement,narrative_text,False,-25,available,True
fomc_20241107_press_conference,ZN.v.0,2024-11-07 19:30:00+00:00,2024-11-07 19:29:59.163610837+00:00,2024-11-07 19:30:00.023151163+00:00,2024-11-07 19:30:00.793229537+00:00,23.151,793.2289999999999,0.0,0.0,False,False,True,,30,0.0,2100.896280755293,1905.501324854266,0.9069944776946435,498.102,6473.955139999997,fomc_20241107,press_conference,extemporaneous_speech,False,-25,available,True
fomc_20241218_statement,ES.v.0,2024-12-18 19:00:00+00:00,2024-12-18 18:59:59.969943103+00:00,2024-12-18 19:00:00.001187281+00:00,2024-12-18 19:00:00.004709557+00:00,1.1869999999999998,4.709,0.0,0.0,False,False,True,,1,0.0,101.56726488592098,27.464570416297608,0.2704076992438996,101.69,1253.211,fomc_20241218,statement,narrative_text,True,-25,available,True
fomc_20241218_press_conference,ES.v.0,2024-12-18 19:30:00+00:00,2024-12-18 19:29:59.988503885+00:00,2024-12-18 19:30:00.000908187+00:00,2024-12-18 19:30:00.005412231+00:00,0.9079999999999999,5.412,0.0,0.0,False,False,True,,18,0.0,64.54956730967434,62.46733774674284,0.9677421607964918,101.69,1253.211,fomc_20241218,press_conference,extemporaneous_speech,True,-25,available,True
fomc_20241218_statement,NQ.v.0,2024-12-18 19:00:00+00:00,2024-12-18 18:59:59.505924149+00:00,2024-12-18 19:00:00.093921245+00:00,2024-12-18 19:00:00.896438041+00:00,93.921,896.438,-0.125,-0.056824477712063344,False,False,True,,6,0.056824154811771485,3.180189673340358,3.5516528925619837,1.1168053661502064,155.8125,5393.575550000015,fomc_20241218,statement,narrative_text,True,-25,available,True
fomc_20241218_press_conference,NQ.v.0,2024-12-18 19:30:00+00:00,2024-12-18 19:29:59.994488121+00:00,2024-12-18 19:30:00.001057027+00:00,2024-12-18 19:30:00.205786277+00:00,1.057,205.786,0.125,0.05736889057107869,False,False,True,,121,-0.8605728551950818,3.399955893915278,3.3043252707347124,0.9718729812490478,155.8125,5393.575550000015,fomc_20241218,press_conference,extemporaneous_speech,True,-25,available,True
fomc_20241218_statement,ZN.v.0,2024-12-18 19:00:00+00:00,2024-12-18 18:59:59.005680011+00:00,2024-12-18 19:00:00.278776313+00:00,2024-12-18 19:00:00.278776313+00:00,278.776,278.776,0.0,0.0,True,False,False,trade_before_first_post_event_quote,0,,1421.0659935088352,182.85799828913602,0.1286766407221039,795.902,9490.276879999996,fomc_20241218,statement,narrative_text,True,-25,available,False
fomc_20241218_press_conference,ZN.v.0,2024-12-18 19:30:00+00:00,2024-12-18 19:29:59.883963521+00:00,2024-12-18 19:30:00.001589805+00:00,2024-12-18 19:30:00.310159613+00:00,1.589,310.159,0.0,0.0,False,False,True,,33,0.0,2184.3178599527932,1948.3424511545293,0.8919683746012296,795.902,9490.276879999996,fomc_20241218,press_conference,extemporaneous_speech,True,-25,available,True
fomc_20250129_statement,ES.v.0,2025-01-29 19:00:00+00:00,2025-01-29 18:59:59.898017449+00:00,2025-01-29 19:00:00.004115965+00:00,2025-01-29 19:00:00.004115965+00:00,4.114999999999999,4.114999999999999,0.0,0.0,True,False,False,trade_before_first_post_event_quote,0,,33.47838559039359,24.675544794188863,0.7370589817589457,100.714,984.01344,fomc_20250129,statement,narrative_text,False,0,available,False
fomc_20250129_press_conference,ES.v.0,2025-01-29 19:30:00+00:00,2025-01-29 19:29:59.952125323+00:00,2025-01-29 19:30:00.001087207+00:00,2025-01-29 19:30:00.033578351+00:00,1.087,33.577999999999996,0.0,0.0,False,False,True,,16,0.0,31.841958300742647,31.88488674340884,1.0013481721903137,100.714,984.01344,fomc_20250129,press_conference,extemporaneous_speech,False,0,available,True
fomc_20250129_statement,NQ.v.0,2025-01-29 19:00:00+00:00,2025-01-29 18:59:59.586943697+00:00,2025-01-29 19:00:00.029933775+00:00,2025-01-29 19:00:00.127771175+00:00,29.933,127.771,0.0,0.0,False,False,True,,12,0.0,4.95553484291902,6.58075407990996,1.327960409624245,127.3635,4102.407419999999,fomc_20250129,statement,narrative_text,False,0,available,True
fomc_20250129_press_conference,NQ.v.0,2025-01-29 19:30:00+00:00,2025-01-29 19:29:59.982439725+00:00,2025-01-29 19:30:00.012379695+00:00,2025-01-29 19:30:00.033564609+00:00,12.379,33.564,0.0,0.0,False,False,True,,4,-0.11682311228572563,3.9517918422310063,3.720431049588225,0.9414542056162135,127.3635,4102.407419999999,fomc_20250129,press_conference,extemporaneous_speech,False,0,available,True
fomc_20250129_statement,ZN.v.0,2025-01-29 19:00:00+00:00,2025-01-29 18:59:58.715508791+00:00,2025-01-29 19:00:00.032833955+00:00,2025-01-29 19:00:00.825616907+00:00,32.833,825.616,0.0,0.0,False,False,True,,2,0.0,2641.5539682539684,243.0767857142857,0.09202037461114458,453.733,7894.248340000002,fomc_20250129,statement,narrative_text,False,0,available,True
fomc_20250129_press_conference,ZN.v.0,2025-01-29 19:30:00+00:00,2025-01-29 19:29:59.449677121+00:00,2025-01-29 19:30:00.001309897+00:00,2025-01-29 19:30:01.871225763+00:00,1.309,1871.225,0.0,0.0,False,False,True,,76,0.0,3656.5746545454545,3625.1135940409686,0.9913960294874941,453.733,7894.248340000002,fomc_20250129,press_conference,extemporaneous_speech,False,0,available,True
fomc_20250319_statement,ES.v.0,2025-03-19 18:00:00+00:00,2025-03-19 17:59:59.999425167+00:00,2025-03-19 18:00:00.000905383+00:00,2025-03-19 18:00:00.007755641+00:00,0.905,7.755,0.0,0.0,False,False,True,,4,-0.21960887659907719,20.566415388614505,15.517023959646911,0.7544836407533168,100.999,1187.7659500000018,fomc_20250319,statement,narrative_text,True,0,available,True
fomc_20250319_press_conference,ES.v.0,2025-03-19 18:30:00+00:00,2025-03-19 18:29:59.942082195+00:00,2025-03-19 18:30:00.011124021+00:00,2025-03-19 18:30:00.059089395+00:00,11.124,59.089000000000006,0.0,0.0,False,False,True,,19,0.4381544933451436,21.38090024582206,17.18208452354794,0.8036183849136759,100.999,1187.7659500000018,fomc_20250319,press_conference,extemporaneous_speech,True,0,available,True
fomc_20250319_statement,NQ.v.0,2025-03-19 18:00:00+00:00,2025-03-19 17:59:59.995775975+00:00,2025-03-19 18:00:00.076389573+00:00,2025-03-19 18:00:00.099306289+00:00,76.389,99.30600000000001,-0.125,-0.06374888041037026,False,False,True,,4,1.0199268211348824,2.955579520361526,2.6139240506329116,0.8844032219823937,166.25799999999998,4426.0545,fomc_20250319,statement,narrative_text,True,0,available,True
fomc_20250319_press_conference,NQ.v.0,2025-03-19 18:30:00+00:00,2025-03-19 18:29:59.979982541+00:00,2025-03-19 18:30:00.011224805+00:00,2025-03-19 18:30:00.019693665+00:00,11.224,19.692999999999998,0.0,0.0,False,False,True,,17,0.44488085144870626,3.573558433226641,3.400617720867383,0.9516054611696649,166.25799999999998,4426.0545,fomc_20250319,press_conference,extemporaneous_speech,True,0,available,True
fomc_20250319_statement,ZN.v.0,2025-03-19 18:00:00+00:00,2025-03-19 17:59:59.499516019+00:00,2025-03-19 18:00:00.001559337+00:00,2025-03-19 18:00:00.010181397+00:00,1.5590000000000002,10.181000000000001,0.0,0.0,False,False,True,,1,0.0,1683.4195488721805,169.37313432835822,0.10061255047313132,405.60699999999997,9012.834599999911,fomc_20250319,statement,narrative_text,True,0,available,True
fomc_20250319_press_conference,ZN.v.0,2025-03-19 18:30:00+00:00,2025-03-19 18:29:59.841588751+00:00,2025-03-19 18:30:00.005333811+00:00,2025-03-19 18:30:09.634890105+00:00,5.333,9634.890000000001,0.0,0.0,False,False,True,,430,0.0,2865.9633847891564,2601.5595996360325,0.9077434880862668,405.60699999999997,9012.834599999911,fomc_20250319,press_conference,extemporaneous_speech,True,0,available,True
fomc_20250507_statement,ES.v.0,2025-05-07 18:00:00+00:00,2025-05-07 17:59:59.946925063+00:00,2025-05-07 18:00:00.009876463+00:00,2025-05-07 18:00:00.009123935+00:00,9.876,9.123,0.0,0.0,True,False,False,trade_before_first_post_event_quote,0,,14.054341903205033,16.41602564102564,1.1680394396326756,94.329,642.6766199999987,fomc_20250507,statement,narrative_text,False,0,available,False
fomc_20250507_press_conference,ES.v.0,2025-05-07 18:30:00+00:00,2025-05-07 18:29:59.988838811+00:00,2025-05-07 18:30:00.000054821+00:00,2025-05-07 18:30:00.000054821+00:00,0.054,0.054,0.0,0.0,True,False,False,trade_before_first_post_event_quote,0,,21.385675940215336,23.175229357798166,1.0836800025674012,94.329,642.6766199999987,fomc_20250507,press_conference,extemporaneous_speech,False,0,available,False
fomc_20250507_statement,NQ.v.0,2025-05-07 18:00:00+00:00,2025-05-07 17:59:59.823156401+00:00,2025-05-07 18:00:00.010723087+00:00,2025-05-07 18:00:00.047112537+00:00,10.723,47.112,0.0,0.0,False,False,True,,1,0.0,3.01161995898838,3.4771428571428573,1.1545755787562415,119.59649999999999,3425.253830000002,fomc_20250507,statement,narrative_text,False,0,available,True
fomc_20250507_press_conference,NQ.v.0,2025-05-07 18:30:00+00:00,2025-05-07 18:29:59.995323865+00:00,2025-05-07 18:30:00.000970923+00:00,2025-05-07 18:30:00.000970923+00:00,0.9700000000000001,0.9700000000000001,-0.125,-0.06322131569875772,True,False,False,trade_before_first_post_event_quote,0,,3.7775163828152043,3.576402559055118,0.9467603040254174,119.59649999999999,3425.253830000002,fomc_20250507,press_conference,extemporaneous_speech,False,0,available,False
fomc_20250507_statement,ZN.v.0,2025-05-07 18:00:00+00:00,2025-05-07 17:59:59.793590003+00:00,2025-05-07 18:00:00.000255675+00:00,2025-05-07 18:00:00.002673055+00:00,0.255,2.673,0.0,0.0,False,False,True,,2,0.0,1413.7501381978993,402.1025641025641,0.28442265237556213,269.9035,11243.235199999957,fomc_20250507,statement,narrative_text,False,0,available,True
fomc_20250507_press_conference,ZN.v.0,2025-05-07 18:30:00+00:00,2025-05-07 18:29:59.974660093+00:00,2025-05-07 18:30:00.001557801+00:00,2025-05-07 18:30:03.524432669+00:00,1.557,3524.432,0.0,0.0,False,False,True,,113,0.0,2626.601285823254,2394.510376633359,0.9116383173789734,269.9035,11243.235199999957,fomc_20250507,press_conference,extemporaneous_speech,False,0,available,True
fomc_20250618_statement,ES.v.0,2025-06-18 18:00:00+00:00,2025-06-18 17:59:59.876770015+00:00,2025-06-18 18:00:00.010263063+00:00,2025-06-18 18:00:00.010389835+00:00,10.263,10.389000000000001,0.0,0.0,False,False,True,,1,0.0,33.05035093072932,21.577883472057074,0.6528791030776784,97.294,972.0475200000009,fomc_20250618,statement,narrative_text,True,0,available,True
fomc_20250618_press_conference,ES.v.0,2025-06-18 18:30:00+00:00,2025-06-18 18:29:59.945628497+00:00,2025-06-18 18:30:00.000052695+00:00,2025-06-18 18:30:00.000052695+00:00,0.052,0.052,0.0,0.0,True,False,False,trade_before_first_post_event_quote,0,,22.80740571528027,18.189154947421766,0.7975109126609513,97.294,972.0475200000009,fomc_20250618,press_conference,extemporaneous_speech,True,0,available,False
fomc_20250618_statement,NQ.v.0,2025-06-18 18:00:00+00:00,2025-06-18 17:59:59.609063385+00:00,2025-06-18 18:00:00.009068755+00:00,2025-06-18 18:00:00.010618337+00:00,9.068,10.618,0.0,0.0,False,False,True,,1,0.0,4.463014608233732,2.9361619307123394,0.6578875913369114,174.209,3928.7751399999593,fomc_20250618,statement,narrative_text,True,0,available,True
fomc_20250618_press_conference,NQ.v.0,2025-06-18 18:30:00+00:00,2025-06-18 18:29:59.939018601+00:00,2025-06-18 18:30:00.000972561+00:00,2025-06-18 18:30:00.000972741+00:00,0.972,0.972,0.125,0.05678736821824804,False,False,True,,1,0.05678736821824804,4.699802816486896,4.033703329969727,0.8582707588964172,174.209,3928.7751399999593,fomc_20250618,press_conference,extemporaneous_speech,True,0,available,True
fomc_20250618_statement,ZN.v.0,2025-06-18 18:00:00+00:00,2025-06-18 17:59:59.730359381+00:00,2025-06-18 18:00:00.013818965+00:00,2025-06-18 18:00:00.013818965+00:00,13.818,13.818,0.0,0.0,True,False,False,trade_before_first_post_event_quote,0,,1282.500576867609,202.72946859903382,0.15807358862495183,315.622,6376.424520000002,fomc_20250618,statement,narrative_text,True,0,available,False
fomc_20250618_press_conference,ZN.v.0,2025-06-18 18:30:00+00:00,2025-06-18 18:29:59.837343841+00:00,2025-06-18 18:30:00.045375901+00:00,2025-06-18 18:30:00.269214489+00:00,45.375,269.214,0.0,0.0,False,False,True,,21,0.0,2201.0455002943468,1818.9833810888251,0.8264178913364452,315.622,6376.424520000002,fomc_20250618,press_conference,extemporaneous_speech,True,0,available,True
fomc_20250730_statement,ES.v.0,2025-07-30 18:00:00+00:00,2025-07-30 17:59:59.971774321+00:00,2025-07-30 18:00:00.006364149+00:00,2025-07-30 18:00:00.196558245+00:00,6.364,196.55800000000002,0.0,0.0,False,False,True,,6,-0.5841860829062908,69.07222548443923,34.92559074912016,0.5056387065013316,98.13900000000001,777.7607199999994,fomc_20250730,statement,narrative_text,False,0,available,True
fomc_20250730_press_conference,ES.v.0,2025-07-30 18:30:00+00:00,2025-07-30 18:29:59.959799961+00:00,2025-07-30 18:30:00.000875491+00:00,2025-07-30 18:30:00.294080067+00:00,0.875,294.08,0.0,0.0,False,False,True,,42,0.0,56.110239219868966,59.125073630473196,1.0537305570698166,98.13900000000001,777.7607199999994,fomc_20250730,press_conference,extemporaneous_speech,False,0,available,True
fomc_20250730_statement,NQ.v.0,2025-07-30 18:00:00+00:00,2025-07-30 17:59:59.801395787+00:00,2025-07-30 18:00:00.007641777+00:00,2025-07-30 18:00:00.045563419+00:00,7.641,45.563,0.0,0.0,False,False,True,,2,-0.6371455879828678,6.125698324022347,3.6939970717423134,0.6030328097053115,113.039,2838.661359999992,fomc_20250730,statement,narrative_text,False,0,available,True
fomc_20250730_press_conference,NQ.v.0,2025-07-30 18:30:00+00:00,2025-07-30 18:29:59.238658021+00:00,2025-07-30 18:30:00.009990935+00:00,2025-07-30 18:30:00.010153877+00:00,9.99,10.153,0.125,0.05306714851649954,False,False,True,,3,0.05306714851649954,6.636554269417883,6.28086243083381,0.9464041392348516,113.039,2838.661359999992,fomc_20250730,press_conference,extemporaneous_speech,False,0,available,True
fomc_20250730_statement,ZN.v.0,2025-07-30 18:00:00+00:00,2025-07-30 17:59:59.732672865+00:00,2025-07-30 18:00:00.007029345+00:00,2025-07-30 18:00:00.007029345+00:00,7.029,7.029,0.0,0.0,True,False,False,trade_before_first_post_event_quote,0,,1907.8559953264203,388.12092457420925,0.20343302928783397,640.232,7593.3511800000015,fomc_20250730,statement,narrative_text,False,0,available,False
fomc_20250730_press_conference,ZN.v.0,2025-07-30 18:30:00+00:00,2025-07-30 18:29:59.507763915+00:00,2025-07-30 18:30:00.001943919+00:00,2025-07-30 18:30:01.081652561+00:00,1.943,1081.652,0.0,0.0,False,False,True,,83,0.0,3273.5185359816114,2707.6619718309857,0.8271411760981688,640.232,7593.3511800000015,fomc_20250730,press_conference,extemporaneous_speech,False,0,available,True
fomc_20250917_statement,ES.v.0,2025-09-17 18:00:00+00:00,2025-09-17 17:59:59.863374527+00:00,2025-09-17 18:00:00.006870825+00:00,2025-09-17 18:00:00.152201969+00:00,6.87,152.201,0.0,0.0,False,False,True,,4,-0.1875416108006609,70.65135579293344,14.003776873910518,0.19820959862331725,96.702,1021.89725,fomc_20250917,statement,narrative_text,True,-25,available,True
fomc_20250917_press_conference,ES.v.0,2025-09-17 18:30:00+00:00,2025-09-17 18:29:59.982477771+00:00,2025-09-17 18:30:00.004136163+00:00,2025-09-17 18:30:00.015948289+00:00,4.136,15.948,0.0,0.0,False,False,True,,4,0.0,22.31481494844245,24.326054313784375,1.0901302282805758,96.702,1021.89725,fomc_20250917,press_conference,extemporaneous_speech,True,-25,available,True
fomc_20250917_statement,NQ.v.0,2025-09-17 18:00:00+00:00,2025-09-17 17:59:59.689926423+00:00,2025-09-17 18:00:00.208938007+00:00,2025-09-17 18:00:00.208938007+00:00,208.93800000000002,208.93800000000002,0.5,0.2064857163588798,True,False,False,trade_before_first_post_event_quote,0,,3.6119170176259554,2.645379777455249,0.7324032541572639,147.8065,3995.36858,fomc_20250917,statement,narrative_text,True,-25,available,False
fomc_20250917_press_conference,NQ.v.0,2025-09-17 18:30:00+00:00,2025-09-17 18:29:59.982669905+00:00,2025-09-17 18:30:00.011044075+00:00,2025-09-17 18:30:00.014455597+00:00,11.044,14.455,0.0,0.0,False,False,True,,4,0.05165009129262972,3.071889712394537,3.037841313810843,0.9889161389986383,147.8065,3995.36858,fomc_20250917,press_conference,extemporaneous_speech,True,-25,available,True
fomc_20250917_statement,ZN.v.0,2025-09-17 18:00:00+00:00,2025-09-17 17:59:59.742931883+00:00,2025-09-17 18:00:00.003653549+00:00,2025-09-17 18:00:00.004977713+00:00,3.653,4.976999999999999,0.0,0.0,False,False,True,,4,0.0,2394.8007125890736,442.23668639053255,0.18466533940205004,508.6575,10469.608850000026,fomc_20250917,statement,narrative_text,True,-25,available,True
fomc_20250917_press_conference,ZN.v.0,2025-09-17 18:30:00+00:00,2025-09-17 18:29:59.378589871+00:00,2025-09-17 18:30:00.001277039+00:00,2025-09-17 18:30:00.016963211+00:00,1.277,16.962999999999997,0.0,0.0,False,False,True,,2,0.0,3380.2679095826893,3179.9983922829583,0.9407533595985133,508.6575,10469.608850000026,fomc_20250917,press_conference,extemporaneous_speech,True,-25,available,True
fomc_20251029_statement,ES.v.0,2025-10-29 18:00:00+00:00,2025-10-29 17:59:59.902058203+00:00,2025-10-29 18:00:00.002266385+00:00,2025-10-29 18:00:00.195716815+00:00,2.2659999999999996,195.716,0.0,0.0,False,False,True,,11,-0.1802370116751107,57.14432481301882,31.2646420824295,0.5471171841601089,97.041,737.87012,fomc_20251029,statement,narrative_text,False,-25,available,True
fomc_20251029_press_conference,ES.v.0,2025-10-29 18:30:00+00:00,2025-10-29 18:29:59.995747419+00:00,2025-10-29 18:30:00.001505687+00:00,2025-10-29 18:30:00.006013629+00:00,1.5050000000000001,6.013,0.0,0.0,False,False,True,,9,0.0,36.63894252873563,34.087449446396604,0.9303611702128708,97.041,737.87012,fomc_20251029,press_conference,extemporaneous_speech,False,-25,available,True
fomc_20251029_statement,NQ.v.0,2025-10-29 18:00:00+00:00,2025-10-29 17:59:59.984226271+00:00,2025-10-29 18:00:00.008271325+00:00,2025-10-29 18:00:00.008271325+00:00,8.271,8.271,0.5,0.1904580516207297,True,False,False,trade_before_first_post_event_quote,0,,5.514189013277792,3.6516371443907674,0.662225603003066,109.95899999999999,3444.79076,fomc_20251029,statement,narrative_text,False,-25,available,False
fomc_20251029_press_conference,NQ.v.0,2025-10-29 18:30:00+00:00,2025-10-29 18:29:59.995351569+00:00,2025-10-29 18:30:00.002075989+00:00,2025-10-29 18:30:00.185159723+00:00,2.075,185.159,0.0,0.0,False,False,True,,40,-0.04762278941009346,4.644464021245085,3.9344323716747844,0.8471230164939558,109.95899999999999,3444.79076,fomc_20251029,press_conference,extemporaneous_speech,False,-25,available,True
fomc_20251029_statement,ZN.v.0,2025-10-29 18:00:00+00:00,2025-10-29 17:59:59.612665489+00:00,2025-10-29 18:00:00.001393137+00:00,2025-10-29 18:00:00.005117961+00:00,1.393,5.117,0.0,0.0,False,False,True,,1,0.0,3504.3747506980453,655.8631801373481,0.18715554893400171,622.807,11086.421169999941,fomc_20251029,statement,narrative_text,False,-25,available,True
fomc_20251029_press_conference,ZN.v.0,2025-10-29 18:30:00+00:00,2025-10-29 18:29:59.975083623+00:00,2025-10-29 18:30:00.001395789+00:00,2025-10-29 18:30:00.352230419+00:00,1.395,352.22999999999996,0.0,0.0,False,False,True,,48,0.0,3748.8200444334734,3853.761634506243,1.0279932322247889,622.807,11086.421169999941,fomc_20251029,press_conference,extemporaneous_speech,False,-25,available,True
fomc_20251210_statement,ES.v.0,2025-12-10 19:00:00+00:00,2025-12-10 18:59:59.808848897+00:00,2025-12-10 19:00:00.000299753+00:00,2025-12-10 19:00:00.008797817+00:00,0.299,8.796999999999999,0.0,0.0,False,False,True,,2,0.0,57.899587178241866,28.370561652679147,0.4899959228610967,92.38600000000001,777.9341800000002,fomc_20251210,statement,narrative_text,True,-25,available,True
fomc_20251210_press_conference,ES.v.0,2025-12-10 19:30:00+00:00,2025-12-10 19:29:59.997678919+00:00,2025-12-10 19:30:00.000926687+00:00,2025-12-10 19:30:00.000926687+00:00,0.9259999999999999,0.9259999999999999,0.0,0.0,True,False,False,trade_before_first_post_event_quote,0,,40.671149427234184,31.67549953168904,0.778819875458905,92.38600000000001,777.9341800000002,fomc_20251210,press_conference,extemporaneous_speech,True,-25,available,False
fomc_20251210_statement,NQ.v.0,2025-12-10 19:00:00+00:00,2025-12-10 18:59:59.964245351+00:00,2025-12-10 19:00:00.021043757+00:00,2025-12-10 19:00:00.021043757+00:00,21.043,21.043,-0.25,-0.09759715797165427,True,False,False,trade_before_first_post_event_quote,0,,4.851404494382022,3.0941176470588236,0.637777709659511,141.101,3924.4668999999953,fomc_20251210,statement,narrative_text,True,-25,available,False
fomc_20251210_press_conference,NQ.v.0,2025-12-10 19:30:00+00:00,2025-12-10 19:29:59.994731599+00:00,2025-12-10 19:30:00.001108995+00:00,2025-12-10 19:30:00.005086287+00:00,1.108,5.086,0.0,0.0,False,False,True,,8,0.04869888747292513,4.623042880467475,4.57771010042536,0.9901941683834153,141.101,3924.4668999999953,fomc_20251210,press_conference,extemporaneous_speech,True,-25,available,True
fomc_20251210_statement,ZN.v.0,2025-12-10 19:00:00+00:00,2025-12-10 18:59:59.596011445+00:00,2025-12-10 19:00:00.010019827+00:00,2025-12-10 19:00:00.010019827+00:00,10.019,10.019,0.0,0.0,True,False,False,trade_before_first_post_event_quote,0,,2672.6318359375,674.7443729903537,0.2524643925577083,825.512,14787.297099999996,fomc_20251210,statement,narrative_text,True,-25,available,False
fomc_20251210_press_conference,ZN.v.0,2025-12-10 19:30:00+00:00,2025-12-10 19:29:59.865201117+00:00,2025-12-10 19:30:00.001258191+00:00,2025-12-10 19:30:02.376911115+00:00,1.258,2376.9109999999996,0.0,0.0,False,False,True,,30,0.0,3568.9474784910653,2975.835362883585,0.833813156628955,825.512,14787.297099999996,fomc_20251210,press_conference,extemporaneous_speech,True,-25,available,True
