release_date,release_time_et,scheduled_time_utc,release_name,release_family,reference_period,authoritative_source_url,calendar_retrieved_utc
2015-01-09,08:30,2015-01-09T13:30:00Z,Employment Situation for December 2014,employment_situation,December 2014,https://www.bls.gov/schedule/2015/home.htm,2026-10-05T06:10:18Z
2015-01-13,10:00,2015-01-13T15:00:00Z,Job Openings and Labor Turnover Survey for November 2014,jolts,November 2014,https://www.bls.gov/schedule/2015/home.htm,2026-10-05T06:10:18Z
2015-01-14,08:30,2015-01-14T13:30:00Z,U.S. Import and Export Price Indexes for December 2014,import_export_prices,December 2014,https://www.bls.gov/schedule/2015/home.htm,2026-10-05T06:10:18Z
2015-01-15,08:30,2015-01-15T13:30:00Z,Producer Price Index for December 2014,ppi,December 2014,https://www.bls.gov/schedule/2015/home.htm,2026-10-05T06:10:18Z
2015-01-16,08:30,2015-01-16T13:30:00Z,Consumer Price Index for December 2014,cpi,December 2014,https://www.bls.gov/schedule/2015/home.htm,2026-10-05T06:10:18Z
2015-01-16,08:30,2015-01-16T13:30:00Z,Real Earnings for December 2014,real_earnings,December 2014,https://www.bls.gov/schedule/2015/home.htm,2026-10-05T06:10:18Z
2015-01-21,10:00,2015-01-21T15:00:00Z,Usual Weekly Earnings of Wage and Salary Workers for Fourth Quarter 2014,other_bls,Fourth Quarter 2014,https://www.bls.gov/schedule/2015/home.htm,2026-10-05T06:10:18Z
2015-01-23,10:00,2015-01-23T15:00:00Z,Union Membership for Annual 2014,other_bls,Annual 2014,https://www.bls.gov/schedule/2015/home.htm,2026-10-05T06:10:18Z
2015-01-27,10:00,2015-01-27T15:00:00Z,Regional and State Employment and Unemployment (Monthly) for December 2014,other_bls,December 2014,https://www.bls.gov/schedule/2015/home.htm,2026-10-05T06:10:18Z
2015-01-28,10:00,2015-01-28T15:00:00Z,Quarterly Data Series on Business Employment Dynamics for Second Quarter 2014,other_bls,Second Quarter 2014,https://www.bls.gov/schedule/2015/home.htm,2026-10-05T06:10:18Z
2015-01-30,08:30,2015-01-30T13:30:00Z,Employment Cost Index for Fourth Quarter 2014,employment_cost_index,Fourth Quarter 2014,https://www.bls.gov/schedule/2015/home.htm,2026-10-05T06:10:18Z
2015-02-04,10:00,2015-02-04T15:00:00Z,Metropolitan Area Employment and Unemployment (Monthly) for December 2014,other_bls,December 2014,https://www.bls.gov/schedule/2015/home.htm,2026-10-05T06:10:18Z
2015-02-05,08:30,2015-02-05T13:30:00Z,Productivity and Costs (P) for Fourth Quarter 2014,productivity_costs,Fourth Quarter 2014,https://www.bls.gov/schedule/2015/home.htm,2026-10-05T06:10:18Z
2015-02-06,08:30,2015-02-06T13:30:00Z,Employment Situation for January 2015,employment_situation,January 2015,https://www.bls.gov/schedule/2015/home.htm,2026-10-05T06:10:18Z
2015-02-10,10:00,2015-02-10T15:00:00Z,Job Openings and Labor Turnover Survey for December 2014,jolts,December 2014,https://www.bls.gov/schedule/2015/home.htm,2026-10-05T06:10:18Z
2015-02-11,10:00,2015-02-11T15:00:00Z,Major Work Stoppages (Annual) for 2014,other_bls,2014,https://www.bls.gov/schedule/2015/home.htm,2026-10-05T06:10:18Z
2015-02-13,08:30,2015-02-13T13:30:00Z,U.S. Import and Export Price Indexes for January 2015,import_export_prices,January 2015,https://www.bls.gov/schedule/2015/home.htm,2026-10-05T06:10:18Z
2015-02-18,08:30,2015-02-18T13:30:00Z,Producer Price Index for January 2015,ppi,January 2015,https://www.bls.gov/schedule/2015/home.htm,2026-10-05T06:10:18Z
2015-02-25,10:00,2015-02-25T15:00:00Z,Volunteering in the United States for Annual 2014,other_bls,Annual 2014,https://www.bls.gov/schedule/2015/home.htm,2026-10-05T06:10:18Z
2015-02-26,08:30,2015-02-26T13:30:00Z,Consumer Price Index for January 2015,cpi,January 2015,https://www.bls.gov/schedule/2015/home.htm,2026-10-05T06:10:18Z
2015-02-26,08:30,2015-02-26T13:30:00Z,Real Earnings for January 2015,real_earnings,January 2015,https://www.bls.gov/schedule/2015/home.htm,2026-10-05T06:10:18Z
2015-03-04,10:00,2015-03-04T15:00:00Z,Regional and State Unemployment for Annual 2014,other_bls,Annual 2014,https://www.bls.gov/schedule/2015/home.htm,2026-10-05T06:10:18Z
2015-03-05,08:30,2015-03-05T13:30:00Z,Productivity and Costs (R) for Fourth Quarter 2014,productivity_costs,Fourth Quarter 2014,https://www.bls.gov/schedule/2015/home.htm,2026-10-05T06:10:18Z
2015-03-06,08:30,2015-03-06T13:30:00Z,Employment Situation for February 2015,employment_situation,February 2015,https://www.bls.gov/schedule/2015/home.htm,2026-10-05T06:10:18Z
2015-03-10,10:00,2015-03-10T14:00:00Z,Job Openings and Labor Turnover Survey for January 2015,jolts,January 2015,https://www.bls.gov/schedule/2015/home.htm,2026-10-05T06:10:18Z
2015-03-11,10:00,2015-03-11T14:00:00Z,Employer Costs for Employee Compensation for December 2014,other_bls,Employee Compensation for December 2014,https://www.bls.gov/schedule/2015/home.htm,2026-10-05T06:10:18Z
2015-03-12,08:30,2015-03-12T12:30:00Z,U.S. Import and Export Price Indexes for February 2015,import_export_prices,February 2015,https://www.bls.gov/schedule/2015/home.htm,2026-10-05T06:10:18Z
2015-03-13,08:30,2015-03-13T12:30:00Z,Producer Price Index for February 2015,ppi,February 2015,https://www.bls.gov/schedule/2015/home.htm,2026-10-05T06:10:18Z
2015-03-17,10:00,2015-03-17T14:00:00Z,Regional and State Employment and Unemployment (Monthly) for January 2015,other_bls,January 2015,https://www.bls.gov/schedule/2015/home.htm,2026-10-05T06:10:18Z
2015-03-18,10:00,2015-03-18T14:00:00Z,Employment Situation of Veterans for Annual 2014,employment_situation,Annual 2014,https://www.bls.gov/schedule/2015/home.htm,2026-10-05T06:10:18Z
2015-03-19,10:00,2015-03-19T14:00:00Z,County Employment and Wages for Third Quarter 2014,other_bls,Third Quarter 2014,https://www.bls.gov/schedule/2015/home.htm,2026-10-05T06:10:18Z
2015-03-20,10:00,2015-03-20T14:00:00Z,Metropolitan Area Employment and Unemployment (Monthly) for January 2015,other_bls,January 2015,https://www.bls.gov/schedule/2015/home.htm,2026-10-05T06:10:18Z
2015-03-24,08:30,2015-03-24T12:30:00Z,Consumer Price Index for February 2015,cpi,February 2015,https://www.bls.gov/schedule/2015/home.htm,2026-10-05T06:10:18Z
2015-03-24,08:30,2015-03-24T12:30:00Z,Real Earnings for February 2015,real_earnings,February 2015,https://www.bls.gov/schedule/2015/home.htm,2026-10-05T06:10:18Z
2015-03-25,10:00,2015-03-25T14:00:00Z,Occupational Employment and Wages for May 2014,other_bls,May 2014,https://www.bls.gov/schedule/2015/home.htm,2026-10-05T06:10:18Z
2015-03-26,10:00,2015-03-26T14:00:00Z,Multifactor Productivity Trends for Annual 2013,other_bls,Annual 2013,https://www.bls.gov/schedule/2015/home.htm,2026-10-05T06:10:18Z
2015-03-27,10:00,2015-03-27T14:00:00Z,Regional and State Employment and Unemployment (Monthly) for February 2015,other_bls,February 2015,https://www.bls.gov/schedule/2015/home.htm,2026-10-05T06:10:18Z
2015-03-31,10:00,2015-03-31T14:00:00Z,"Number of Jobs, Labor Market Experience, and Earnings Growth: Results from a National Longitudinal Survey for",other_bls,,https://www.bls.gov/schedule/2015/home.htm,2026-10-05T06:10:18Z
2015-04-02,10:00,2015-04-02T14:00:00Z,Consumer Expenditures Midyear Update for Midyear 2013-2014,other_bls,Midyear 2013-2014,https://www.bls.gov/schedule/2015/home.htm,2026-10-05T06:10:18Z
2015-04-03,08:30,2015-04-03T12:30:00Z,Employment Situation for March 2015,employment_situation,March 2015,https://www.bls.gov/schedule/2015/home.htm,2026-10-05T06:10:18Z
2015-04-07,10:00,2015-04-07T14:00:00Z,Job Openings and Labor Turnover Survey for February 2015,jolts,February 2015,https://www.bls.gov/schedule/2015/home.htm,2026-10-05T06:10:18Z
2015-04-08,10:00,2015-04-08T14:00:00Z,Metropolitan Area Employment and Unemployment (Monthly) for February 2015,other_bls,February 2015,https://www.bls.gov/schedule/2015/home.htm,2026-10-05T06:10:18Z
2015-04-10,08:30,2015-04-10T12:30:00Z,U.S. Import and Export Price Indexes for March 2015,import_export_prices,March 2015,https://www.bls.gov/schedule/2015/home.htm,2026-10-05T06:10:18Z
2015-04-14,08:30,2015-04-14T12:30:00Z,Producer Price Index for March 2015,ppi,March 2015,https://www.bls.gov/schedule/2015/home.htm,2026-10-05T06:10:18Z
2015-04-16,10:00,2015-04-16T14:00:00Z,College Enrollment and Work Activity of High School Graduates for Annual 2014,other_bls,Annual 2014,https://www.bls.gov/schedule/2015/home.htm,2026-10-05T06:10:18Z
2015-04-17,08:30,2015-04-17T12:30:00Z,Consumer Price Index for March 2015,cpi,March 2015,https://www.bls.gov/schedule/2015/home.htm,2026-10-05T06:10:18Z
2015-04-17,08:30,2015-04-17T12:30:00Z,Real Earnings for March 2015,real_earnings,March 2015,https://www.bls.gov/schedule/2015/home.htm,2026-10-05T06:10:18Z
2015-04-21,10:00,2015-04-21T14:00:00Z,Regional and State Employment and Unemployment (Monthly) for March 2015,other_bls,March 2015,https://www.bls.gov/schedule/2015/home.htm,2026-10-05T06:10:18Z
2015-04-21,10:00,2015-04-21T14:00:00Z,Usual Weekly Earnings of Wage and Salary Workers for First Quarter 2015,other_bls,First Quarter 2015,https://www.bls.gov/schedule/2015/home.htm,2026-10-05T06:10:18Z
2015-04-23,10:00,2015-04-23T14:00:00Z,Employment Characteristics of Families for Annual 2014,other_bls,Annual 2014,https://www.bls.gov/schedule/2015/home.htm,2026-10-05T06:10:18Z
2015-04-28,10:00,2015-04-28T14:00:00Z,Productivity and Costs by Industry: Manufacturing and Mining Industries for Annual 2014,productivity_costs,Annual 2014,https://www.bls.gov/schedule/2015/home.htm,2026-10-05T06:10:18Z
2015-04-29,10:00,2015-04-29T14:00:00Z,Metropolitan Area Employment and Unemployment (Monthly) for March 2015,other_bls,March 2015,https://www.bls.gov/schedule/2015/home.htm,2026-10-05T06:10:18Z
2015-04-29,10:00,2015-04-29T14:00:00Z,Quarterly Data Series on Business Employment Dynamics for Third Quarter 2014,other_bls,Third Quarter 2014,https://www.bls.gov/schedule/2015/home.htm,2026-10-05T06:10:18Z
2015-04-30,08:30,2015-04-30T12:30:00Z,Employment Cost Index for First Quarter 2015,employment_cost_index,First Quarter 2015,https://www.bls.gov/schedule/2015/home.htm,2026-10-05T06:10:18Z
2015-05-06,08:30,2015-05-06T12:30:00Z,Productivity and Costs (P) for First Quarter 2015,productivity_costs,First Quarter 2015,https://www.bls.gov/schedule/2015/home.htm,2026-10-05T06:10:18Z
2015-05-08,08:30,2015-05-08T12:30:00Z,Employment Situation for April 2015,employment_situation,April 2015,https://www.bls.gov/schedule/2015/home.htm,2026-10-05T06:10:18Z
2015-05-12,10:00,2015-05-12T14:00:00Z,Job Openings and Labor Turnover Survey for March 2015,jolts,March 2015,https://www.bls.gov/schedule/2015/home.htm,2026-10-05T06:10:18Z
2015-05-13,08:30,2015-05-13T12:30:00Z,U.S. Import and Export Price Indexes for April 2015,import_export_prices,April 2015,https://www.bls.gov/schedule/2015/home.htm,2026-10-05T06:10:18Z
2015-05-14,08:30,2015-05-14T12:30:00Z,Producer Price Index for April 2015,ppi,April 2015,https://www.bls.gov/schedule/2015/home.htm,2026-10-05T06:10:18Z
2015-05-21,10:00,2015-05-21T14:00:00Z,Labor Force Characteristics of Foreign-born Workers for Annual 2014,other_bls,Annual 2014,https://www.bls.gov/schedule/2015/home.htm,2026-10-05T06:10:18Z
2015-05-22,08:30,2015-05-22T12:30:00Z,Consumer Price Index for April 2015,cpi,April 2015,https://www.bls.gov/schedule/2015/home.htm,2026-10-05T06:10:18Z
2015-05-22,08:30,2015-05-22T12:30:00Z,Real Earnings for April 2015,real_earnings,April 2015,https://www.bls.gov/schedule/2015/home.htm,2026-10-05T06:10:18Z
2015-05-27,10:00,2015-05-27T14:00:00Z,Regional and State Employment and Unemployment (Monthly) for April 2015,other_bls,April 2015,https://www.bls.gov/schedule/2015/home.htm,2026-10-05T06:10:18Z
2015-06-03,10:00,2015-06-03T14:00:00Z,Metropolitan Area Employment and Unemployment (Monthly) for April 2015,other_bls,April 2015,https://www.bls.gov/schedule/2015/home.htm,2026-10-05T06:10:18Z
2015-06-04,08:30,2015-06-04T12:30:00Z,Productivity and Costs (R) for First Quarter 2015,productivity_costs,First Quarter 2015,https://www.bls.gov/schedule/2015/home.htm,2026-10-05T06:10:18Z
2015-06-05,08:30,2015-06-05T12:30:00Z,Employment Situation for May 2015,employment_situation,May 2015,https://www.bls.gov/schedule/2015/home.htm,2026-10-05T06:10:18Z
2015-06-09,10:00,2015-06-09T14:00:00Z,Job Openings and Labor Turnover Survey for April 2015,jolts,April 2015,https://www.bls.gov/schedule/2015/home.htm,2026-10-05T06:10:18Z
2015-06-10,10:00,2015-06-10T14:00:00Z,Employer Costs for Employee Compensation for March 2015,other_bls,Employee Compensation for March 2015,https://www.bls.gov/schedule/2015/home.htm,2026-10-05T06:10:18Z
2015-06-10,10:00,2015-06-10T14:00:00Z,Productivity and Costs by Industry: Selected Service-Providing Industries for Annual 2014,productivity_costs,Annual 2014,https://www.bls.gov/schedule/2015/home.htm,2026-10-05T06:10:18Z
2015-06-11,08:30,2015-06-11T12:30:00Z,U.S. Import and Export Price Indexes for May 2015,import_export_prices,May 2015,https://www.bls.gov/schedule/2015/home.htm,2026-10-05T06:10:18Z
2015-06-12,08:30,2015-06-12T12:30:00Z,Producer Price Index for May 2015,ppi,May 2015,https://www.bls.gov/schedule/2015/home.htm,2026-10-05T06:10:18Z
2015-06-16,10:00,2015-06-16T14:00:00Z,Persons with a Disability: Labor Force Characteristics for Annual 2014,other_bls,Annual 2014,https://www.bls.gov/schedule/2015/home.htm,2026-10-05T06:10:18Z
2015-06-17,10:00,2015-06-17T14:00:00Z,County Employment and Wages for Fourth Quarter 2014,other_bls,Fourth Quarter 2014,https://www.bls.gov/schedule/2015/home.htm,2026-10-05T06:10:18Z
2015-06-18,08:30,2015-06-18T12:30:00Z,Consumer Price Index for May 2015,cpi,May 2015,https://www.bls.gov/schedule/2015/home.htm,2026-10-05T06:10:18Z
2015-06-18,08:30,2015-06-18T12:30:00Z,Real Earnings for May 2015,real_earnings,May 2015,https://www.bls.gov/schedule/2015/home.htm,2026-10-05T06:10:18Z
2015-06-19,10:00,2015-06-19T14:00:00Z,Regional and State Employment and Unemployment (Monthly) for May 2015,other_bls,May 2015,https://www.bls.gov/schedule/2015/home.htm,2026-10-05T06:10:18Z
2015-06-23,10:00,2015-06-23T14:00:00Z,Multifactor Productivity Trends for Annual 2014,other_bls,Annual 2014,https://www.bls.gov/schedule/2015/home.htm,2026-10-05T06:10:18Z
2015-06-24,10:00,2015-06-24T14:00:00Z,American Time Use Survey for Annual 2014,other_bls,Annual 2014,https://www.bls.gov/schedule/2015/home.htm,2026-10-05T06:10:18Z
2015-07-01,10:00,2015-07-01T14:00:00Z,Metropolitan Area Employment and Unemployment (Monthly) for May 2015,other_bls,May 2015,https://www.bls.gov/schedule/2015/home.htm,2026-10-05T06:10:18Z
2015-07-02,08:30,2015-07-02T12:30:00Z,Employment Situation for June 2015,employment_situation,June 2015,https://www.bls.gov/schedule/2015/home.htm,2026-10-05T06:10:18Z
2015-07-07,10:00,2015-07-07T14:00:00Z,Job Openings and Labor Turnover Survey for May 2015,jolts,May 2015,https://www.bls.gov/schedule/2015/home.htm,2026-10-05T06:10:18Z
2015-07-14,08:30,2015-07-14T12:30:00Z,U.S. Import and Export Price Indexes for June 2015,import_export_prices,June 2015,https://www.bls.gov/schedule/2015/home.htm,2026-10-05T06:10:18Z
2015-07-15,08:30,2015-07-15T12:30:00Z,Producer Price Index for June 2015,ppi,June 2015,https://www.bls.gov/schedule/2015/home.htm,2026-10-05T06:10:18Z
2015-07-17,08:30,2015-07-17T12:30:00Z,Consumer Price Index for June 2015,cpi,June 2015,https://www.bls.gov/schedule/2015/home.htm,2026-10-05T06:10:18Z
2015-07-17,08:30,2015-07-17T12:30:00Z,Real Earnings for June 2015,real_earnings,June 2015,https://www.bls.gov/schedule/2015/home.htm,2026-10-05T06:10:18Z
2015-07-21,10:00,2015-07-21T14:00:00Z,Regional and State Employment and Unemployment (Monthly) for June 2015,other_bls,June 2015,https://www.bls.gov/schedule/2015/home.htm,2026-10-05T06:10:18Z
2015-07-21,10:00,2015-07-21T14:00:00Z,Usual Weekly Earnings of Wage and Salary Workers for Second Quarter 2015,other_bls,Second Quarter 2015,https://www.bls.gov/schedule/2015/home.htm,2026-10-05T06:10:18Z
2015-07-24,10:00,2015-07-24T14:00:00Z,Employee Benefits in the United States for March 2015,other_bls,March 2015,https://www.bls.gov/schedule/2015/home.htm,2026-10-05T06:10:18Z
2015-07-28,10:00,2015-07-28T14:00:00Z,Multifactor Productivity Trends in Manufacturing for Annual 2013,other_bls,Annual 2013,https://www.bls.gov/schedule/2015/home.htm,2026-10-05T06:10:18Z
2015-07-29,10:00,2015-07-29T14:00:00Z,Metropolitan Area Employment and Unemployment (Monthly) for June 2015,other_bls,June 2015,https://www.bls.gov/schedule/2015/home.htm,2026-10-05T06:10:18Z
2015-07-29,10:00,2015-07-29T14:00:00Z,Quarterly Data Series on Business Employment Dynamics for Fourth Quarter 2014,other_bls,Fourth Quarter 2014,https://www.bls.gov/schedule/2015/home.htm,2026-10-05T06:10:18Z
2015-07-31,08:30,2015-07-31T12:30:00Z,Employment Cost Index for Second Quarter 2015,employment_cost_index,Second Quarter 2015,https://www.bls.gov/schedule/2015/home.htm,2026-10-05T06:10:18Z
2015-08-06,10:00,2015-08-06T14:00:00Z,"Productivity and Costs by Industry: Wholesale Trade, Retail Trade, and Food Services and Drinking Places, 2014 for Annual 2014",productivity_costs,Annual 2014,https://www.bls.gov/schedule/2015/home.htm,2026-10-05T06:10:18Z
2015-08-07,08:30,2015-08-07T12:30:00Z,Employment Situation for July 2015,employment_situation,July 2015,https://www.bls.gov/schedule/2015/home.htm,2026-10-05T06:10:18Z
2015-08-11,08:30,2015-08-11T12:30:00Z,Productivity and Costs (P) for Second Quarter 2015,productivity_costs,Second Quarter 2015,https://www.bls.gov/schedule/2015/home.htm,2026-10-05T06:10:18Z
2015-08-12,10:00,2015-08-12T14:00:00Z,Job Openings and Labor Turnover Survey for June 2015,jolts,June 2015,https://www.bls.gov/schedule/2015/home.htm,2026-10-05T06:10:18Z
2015-08-13,08:30,2015-08-13T12:30:00Z,U.S. Import and Export Price Indexes for July 2015,import_export_prices,July 2015,https://www.bls.gov/schedule/2015/home.htm,2026-10-05T06:10:18Z
2015-08-14,08:30,2015-08-14T12:30:00Z,Producer Price Index for July 2015,ppi,July 2015,https://www.bls.gov/schedule/2015/home.htm,2026-10-05T06:10:18Z
2015-08-18,10:00,2015-08-18T14:00:00Z,Summer Youth Labor Force for 2015,other_bls,2015,https://www.bls.gov/schedule/2015/home.htm,2026-10-05T06:10:18Z
2015-08-19,08:30,2015-08-19T12:30:00Z,Consumer Price Index for July 2015,cpi,July 2015,https://www.bls.gov/schedule/2015/home.htm,2026-10-05T06:10:18Z
2015-08-19,08:30,2015-08-19T12:30:00Z,Real Earnings for July 2015,real_earnings,July 2015,https://www.bls.gov/schedule/2015/home.htm,2026-10-05T06:10:18Z
2015-08-21,10:00,2015-08-21T14:00:00Z,Regional and State Employment and Unemployment (Monthly) for July 2015,other_bls,July 2015,https://www.bls.gov/schedule/2015/home.htm,2026-10-05T06:10:18Z
2015-09-01,10:00,2015-09-01T14:00:00Z,Metropolitan Area Employment and Unemployment (Monthly) for July 2015,other_bls,July 2015,https://www.bls.gov/schedule/2015/home.htm,2026-10-05T06:10:18Z
2015-09-02,08:30,2015-09-02T12:30:00Z,Productivity and Costs (R) for Second Quarter 2015,productivity_costs,Second Quarter 2015,https://www.bls.gov/schedule/2015/home.htm,2026-10-05T06:10:18Z
2015-09-03,10:00,2015-09-03T14:00:00Z,Consumer Expenditures for Annual 2014,other_bls,Annual 2014,https://www.bls.gov/schedule/2015/home.htm,2026-10-05T06:10:18Z
2015-09-04,08:30,2015-09-04T12:30:00Z,Employment Situation for August 2015,employment_situation,August 2015,https://www.bls.gov/schedule/2015/home.htm,2026-10-05T06:10:18Z
2015-09-09,10:00,2015-09-09T14:00:00Z,Employer Costs for Employee Compensation for June 2015,other_bls,Employee Compensation for June 2015,https://www.bls.gov/schedule/2015/home.htm,2026-10-05T06:10:18Z
2015-09-09,10:00,2015-09-09T14:00:00Z,Job Openings and Labor Turnover Survey for July 2015,jolts,July 2015,https://www.bls.gov/schedule/2015/home.htm,2026-10-05T06:10:18Z
2015-09-10,08:30,2015-09-10T12:30:00Z,U.S. Import and Export Price Indexes for August 2015,import_export_prices,August 2015,https://www.bls.gov/schedule/2015/home.htm,2026-10-05T06:10:18Z
2015-09-11,08:30,2015-09-11T12:30:00Z,Producer Price Index for August 2015,ppi,August 2015,https://www.bls.gov/schedule/2015/home.htm,2026-10-05T06:10:18Z
2015-09-16,08:30,2015-09-16T12:30:00Z,Consumer Price Index for August 2015,cpi,August 2015,https://www.bls.gov/schedule/2015/home.htm,2026-10-05T06:10:18Z
2015-09-16,08:30,2015-09-16T12:30:00Z,Real Earnings for August 2015,real_earnings,August 2015,https://www.bls.gov/schedule/2015/home.htm,2026-10-05T06:10:18Z
2015-09-17,10:00,2015-09-17T14:00:00Z,Census of Fatal Occupational Injuries for Annual 2014,other_bls,Annual 2014,https://www.bls.gov/schedule/2015/home.htm,2026-10-05T06:10:18Z
2015-09-17,10:00,2015-09-17T14:00:00Z,County Employment and Wages for First Quarter 2015,other_bls,First Quarter 2015,https://www.bls.gov/schedule/2015/home.htm,2026-10-05T06:10:18Z
2015-09-18,10:00,2015-09-18T14:00:00Z,Regional and State Employment and Unemployment (Monthly) for August 2015,other_bls,August 2015,https://www.bls.gov/schedule/2015/home.htm,2026-10-05T06:10:18Z
2015-09-23,10:00,2015-09-23T14:00:00Z,Unpaid Eldercare in the United States - Data from the American Time Use Survey for 2013-2014,other_bls,2013-2014,https://www.bls.gov/schedule/2015/home.htm,2026-10-05T06:10:18Z
2015-09-29,10:00,2015-09-29T14:00:00Z,Multifactor Productivity Trends for Detailed Industries for Annual 2013,other_bls,Detailed Industries for Annual 2013,https://www.bls.gov/schedule/2015/home.htm,2026-10-05T06:10:18Z
2015-09-30,10:00,2015-09-30T14:00:00Z,Metropolitan Area Employment and Unemployment (Monthly) for August 2015,other_bls,August 2015,https://www.bls.gov/schedule/2015/home.htm,2026-10-05T06:10:18Z
2015-10-02,08:30,2015-10-02T12:30:00Z,Employment Situation for September 2015,employment_situation,September 2015,https://www.bls.gov/schedule/2015/home.htm,2026-10-05T06:10:18Z
2015-10-09,08:30,2015-10-09T12:30:00Z,U.S. Import and Export Price Indexes for September 2015,import_export_prices,September 2015,https://www.bls.gov/schedule/2015/home.htm,2026-10-05T06:10:18Z
2015-10-14,08:30,2015-10-14T12:30:00Z,Producer Price Index for September 2015,ppi,September 2015,https://www.bls.gov/schedule/2015/home.htm,2026-10-05T06:10:18Z
2015-10-15,08:30,2015-10-15T12:30:00Z,Consumer Price Index for September 2015,cpi,September 2015,https://www.bls.gov/schedule/2015/home.htm,2026-10-05T06:10:18Z
2015-10-15,08:30,2015-10-15T12:30:00Z,Real Earnings for September 2015,real_earnings,September 2015,https://www.bls.gov/schedule/2015/home.htm,2026-10-05T06:10:18Z
2015-10-16,10:00,2015-10-16T14:00:00Z,Job Openings and Labor Turnover Survey for August 2015,jolts,August 2015,https://www.bls.gov/schedule/2015/home.htm,2026-10-05T06:10:18Z
2015-10-20,10:00,2015-10-20T14:00:00Z,Regional and State Employment and Unemployment (Monthly) for September 2015,other_bls,September 2015,https://www.bls.gov/schedule/2015/home.htm,2026-10-05T06:10:18Z
2015-10-20,10:00,2015-10-20T14:00:00Z,Usual Weekly Earnings of Wage and Salary Workers for Third Quarter 2015,other_bls,Third Quarter 2015,https://www.bls.gov/schedule/2015/home.htm,2026-10-05T06:10:18Z
2015-10-28,10:00,2015-10-28T14:00:00Z,Metropolitan Area Employment and Unemployment (Monthly) for September 2015,other_bls,September 2015,https://www.bls.gov/schedule/2015/home.htm,2026-10-05T06:10:18Z
2015-10-29,10:00,2015-10-29T14:00:00Z,Occupational Injuries and Illnesses for Annual 2014,other_bls,Annual 2014,https://www.bls.gov/schedule/2015/home.htm,2026-10-05T06:10:18Z
2015-10-30,08:30,2015-10-30T12:30:00Z,Employment Cost Index for Third Quarter 2015,employment_cost_index,Third Quarter 2015,https://www.bls.gov/schedule/2015/home.htm,2026-10-05T06:10:18Z
2015-11-05,08:30,2015-11-05T13:30:00Z,Productivity and Costs (P) for Third Quarter 2015,productivity_costs,Third Quarter 2015,https://www.bls.gov/schedule/2015/home.htm,2026-10-05T06:10:18Z
2015-11-06,08:30,2015-11-06T13:30:00Z,Employment Situation for October 2015,employment_situation,October 2015,https://www.bls.gov/schedule/2015/home.htm,2026-10-05T06:10:18Z
2015-11-10,08:30,2015-11-10T13:30:00Z,U.S. Import and Export Price Indexes for October 2015,import_export_prices,October 2015,https://www.bls.gov/schedule/2015/home.htm,2026-10-05T06:10:18Z
2015-11-12,10:00,2015-11-12T15:00:00Z,Job Openings and Labor Turnover Survey for September 2015,jolts,September 2015,https://www.bls.gov/schedule/2015/home.htm,2026-10-05T06:10:18Z
2015-11-13,08:30,2015-11-13T13:30:00Z,Producer Price Index for October 2015,ppi,October 2015,https://www.bls.gov/schedule/2015/home.htm,2026-10-05T06:10:18Z
2015-11-17,08:30,2015-11-17T13:30:00Z,Consumer Price Index for October 2015,cpi,October 2015,https://www.bls.gov/schedule/2015/home.htm,2026-10-05T06:10:18Z
2015-11-17,08:30,2015-11-17T13:30:00Z,Real Earnings for October 2015,real_earnings,October 2015,https://www.bls.gov/schedule/2015/home.htm,2026-10-05T06:10:18Z
2015-11-18,10:00,2015-11-18T15:00:00Z,Quarterly Data Series on Business Employment Dynamics for First Quarter 2015,other_bls,First Quarter 2015,https://www.bls.gov/schedule/2015/home.htm,2026-10-05T06:10:18Z
2015-11-19,10:00,2015-11-19T15:00:00Z,Nonfatal Occupational Injuries and Illnesses Requiring Days Away From Work for Annual 2014,other_bls,Annual 2014,https://www.bls.gov/schedule/2015/home.htm,2026-10-05T06:10:18Z
2015-11-20,10:00,2015-11-20T15:00:00Z,Regional and State Employment and Unemployment (Monthly) for October 2015,other_bls,October 2015,https://www.bls.gov/schedule/2015/home.htm,2026-10-05T06:10:18Z
2015-12-02,08:30,2015-12-02T13:30:00Z,Productivity and Costs (R) for Third Quarter 2015,productivity_costs,Third Quarter 2015,https://www.bls.gov/schedule/2015/home.htm,2026-10-05T06:10:18Z
2015-12-04,08:30,2015-12-04T13:30:00Z,Employment Situation for November 2015,employment_situation,November 2015,https://www.bls.gov/schedule/2015/home.htm,2026-10-05T06:10:18Z
2015-12-07,10:00,2015-12-07T15:00:00Z,Metropolitan Area Employment and Unemployment (Monthly) for October 2015,other_bls,October 2015,https://www.bls.gov/schedule/2015/home.htm,2026-10-05T06:10:18Z
2015-12-08,10:00,2015-12-08T15:00:00Z,Employment Projections: 2014-2024 for Annual,other_bls,Annual,https://www.bls.gov/schedule/2015/home.htm,2026-10-05T06:10:18Z
2015-12-08,10:00,2015-12-08T15:00:00Z,Job Openings and Labor Turnover Survey for October 2015,jolts,October 2015,https://www.bls.gov/schedule/2015/home.htm,2026-10-05T06:10:18Z
2015-12-09,10:00,2015-12-09T15:00:00Z,Employer Costs for Employee Compensation for September 2015,other_bls,Employee Compensation for September 2015,https://www.bls.gov/schedule/2015/home.htm,2026-10-05T06:10:18Z
2015-12-09,10:00,2015-12-09T15:00:00Z,Work Experience of the Population for Annual 2014,other_bls,Annual 2014,https://www.bls.gov/schedule/2015/home.htm,2026-10-05T06:10:18Z
2015-12-10,08:30,2015-12-10T13:30:00Z,U.S. Import and Export Price Indexes for November 2015,import_export_prices,November 2015,https://www.bls.gov/schedule/2015/home.htm,2026-10-05T06:10:18Z
2015-12-11,08:30,2015-12-11T13:30:00Z,Producer Price Index for November 2015,ppi,November 2015,https://www.bls.gov/schedule/2015/home.htm,2026-10-05T06:10:18Z
2015-12-15,08:30,2015-12-15T13:30:00Z,Consumer Price Index for November 2015,cpi,November 2015,https://www.bls.gov/schedule/2015/home.htm,2026-10-05T06:10:18Z
2015-12-15,08:30,2015-12-15T13:30:00Z,Real Earnings for November 2015,real_earnings,November 2015,https://www.bls.gov/schedule/2015/home.htm,2026-10-05T06:10:18Z
2015-12-17,10:00,2015-12-17T15:00:00Z,County Employment and Wages for Second Quarter 2015,other_bls,Second Quarter 2015,https://www.bls.gov/schedule/2015/home.htm,2026-10-05T06:10:18Z
2015-12-17,10:00,2015-12-17T15:00:00Z,Occupational Outlook Handbook for Biennial 2016-2017,other_bls,Biennial 2016-2017,https://www.bls.gov/schedule/2015/home.htm,2026-10-05T06:10:18Z
2015-12-18,10:00,2015-12-18T15:00:00Z,Regional and State Employment and Unemployment (Monthly) for November 2015,other_bls,November 2015,https://www.bls.gov/schedule/2015/home.htm,2026-10-05T06:10:18Z
2015-12-30,10:00,2015-12-30T15:00:00Z,Metropolitan Area Employment and Unemployment (Monthly) for November 2015,other_bls,November 2015,https://www.bls.gov/schedule/2015/home.htm,2026-10-05T06:10:18Z
2016-01-08,08:30,2016-01-08T13:30:00Z,Employment Situation for December 2015,employment_situation,December 2015,https://www.bls.gov/schedule/2016/home.htm,2026-10-05T06:10:18Z
2016-01-12,10:00,2016-01-12T15:00:00Z,Job Openings and Labor Turnover Survey for November 2015,jolts,November 2015,https://www.bls.gov/schedule/2016/home.htm,2026-10-05T06:10:18Z
2016-01-14,08:30,2016-01-14T13:30:00Z,U.S. Import and Export Price Indexes for December 2015,import_export_prices,December 2015,https://www.bls.gov/schedule/2016/home.htm,2026-10-05T06:10:18Z
2016-01-15,08:30,2016-01-15T13:30:00Z,Producer Price Index for December 2015,ppi,December 2015,https://www.bls.gov/schedule/2016/home.htm,2026-10-05T06:10:18Z
2016-01-20,08:30,2016-01-20T13:30:00Z,Consumer Price Index for December 2015,cpi,December 2015,https://www.bls.gov/schedule/2016/home.htm,2026-10-05T06:10:18Z
2016-01-20,08:30,2016-01-20T13:30:00Z,Real Earnings for December 2015,real_earnings,December 2015,https://www.bls.gov/schedule/2016/home.htm,2026-10-05T06:10:18Z
2016-01-22,10:00,2016-01-22T15:00:00Z,Usual Weekly Earnings of Wage and Salary Workers for Fourth Quarter 2015,other_bls,Fourth Quarter 2015,https://www.bls.gov/schedule/2016/home.htm,2026-10-05T06:10:18Z
2016-01-26,10:00,2016-01-26T15:00:00Z,Regional and State Employment and Unemployment (Monthly) for December 2015,other_bls,December 2015,https://www.bls.gov/schedule/2016/home.htm,2026-10-05T06:10:18Z
2016-01-27,10:00,2016-01-27T15:00:00Z,Quarterly Data Series on Business Employment Dynamics for Second Quarter 2015,other_bls,Second Quarter 2015,https://www.bls.gov/schedule/2016/home.htm,2026-10-05T06:10:18Z
2016-01-28,10:00,2016-01-28T15:00:00Z,Union Membership (Annual) for Annual 2015,other_bls,Annual 2015,https://www.bls.gov/schedule/2016/home.htm,2026-10-05T06:10:18Z
2016-01-29,08:30,2016-01-29T13:30:00Z,Employment Cost Index for Fourth Quarter 2015,employment_cost_index,Fourth Quarter 2015,https://www.bls.gov/schedule/2016/home.htm,2026-10-05T06:10:18Z
2016-02-03,10:00,2016-02-03T15:00:00Z,Metropolitan Area Employment and Unemployment (Monthly) for December 2015,other_bls,December 2015,https://www.bls.gov/schedule/2016/home.htm,2026-10-05T06:10:18Z
2016-02-04,08:30,2016-02-04T13:30:00Z,Productivity and Costs (P) for Fourth Quarter 2015,productivity_costs,Fourth Quarter 2015,https://www.bls.gov/schedule/2016/home.htm,2026-10-05T06:10:18Z
2016-02-05,08:30,2016-02-05T13:30:00Z,Employment Situation for January 2016,employment_situation,January 2016,https://www.bls.gov/schedule/2016/home.htm,2026-10-05T06:10:18Z
2016-02-09,10:00,2016-02-09T15:00:00Z,Job Openings and Labor Turnover Survey for December 2015,jolts,December 2015,https://www.bls.gov/schedule/2016/home.htm,2026-10-05T06:10:18Z
2016-02-10,10:00,2016-02-10T15:00:00Z,Major Work Stoppages (Annual) for Annual 2015,other_bls,Annual 2015,https://www.bls.gov/schedule/2016/home.htm,2026-10-05T06:10:18Z
2016-02-12,08:30,2016-02-12T13:30:00Z,U.S. Import and Export Price Indexes for January 2016,import_export_prices,January 2016,https://www.bls.gov/schedule/2016/home.htm,2026-10-05T06:10:18Z
2016-02-17,08:30,2016-02-17T13:30:00Z,Producer Price Index for January 2016,ppi,January 2016,https://www.bls.gov/schedule/2016/home.htm,2026-10-05T06:10:18Z
2016-02-19,08:30,2016-02-19T13:30:00Z,Consumer Price Index for January 2016,cpi,January 2016,https://www.bls.gov/schedule/2016/home.htm,2026-10-05T06:10:18Z
2016-02-19,08:30,2016-02-19T13:30:00Z,Real Earnings for January 2016,real_earnings,January 2016,https://www.bls.gov/schedule/2016/home.htm,2026-10-05T06:10:18Z
2016-02-25,10:00,2016-02-25T15:00:00Z,Volunteering in the United States for Annual 2015,other_bls,Annual 2015,https://www.bls.gov/schedule/2016/home.htm,2026-10-05T06:10:18Z
2016-02-26,10:00,2016-02-26T15:00:00Z,Regional and State Unemployment (Annual) for Annual 2015,other_bls,Annual 2015,https://www.bls.gov/schedule/2016/home.htm,2026-10-05T06:10:18Z
2016-03-03,08:30,2016-03-03T13:30:00Z,Productivity and Costs (R) for Fourth Quarter 2015,productivity_costs,Fourth Quarter 2015,https://www.bls.gov/schedule/2016/home.htm,2026-10-05T06:10:18Z
2016-03-04,08:30,2016-03-04T13:30:00Z,Employment Situation for February 2016,employment_situation,February 2016,https://www.bls.gov/schedule/2016/home.htm,2026-10-05T06:10:18Z
2016-03-09,10:00,2016-03-09T15:00:00Z,County Employment and Wages for Third Quarter 2015,other_bls,Third Quarter 2015,https://www.bls.gov/schedule/2016/home.htm,2026-10-05T06:10:18Z
2016-03-10,10:00,2016-03-10T15:00:00Z,Employer Costs for Employee Compensation for December 2015,other_bls,Employee Compensation for December 2015,https://www.bls.gov/schedule/2016/home.htm,2026-10-05T06:10:18Z
2016-03-11,08:30,2016-03-11T13:30:00Z,U.S. Import and Export Price Indexes for February 2016,import_export_prices,February 2016,https://www.bls.gov/schedule/2016/home.htm,2026-10-05T06:10:18Z
2016-03-14,10:00,2016-03-14T14:00:00Z,Regional and State Employment and Unemployment (Monthly) for January 2016,other_bls,January 2016,https://www.bls.gov/schedule/2016/home.htm,2026-10-05T06:10:18Z
2016-03-15,08:30,2016-03-15T12:30:00Z,Producer Price Index for February 2016,ppi,February 2016,https://www.bls.gov/schedule/2016/home.htm,2026-10-05T06:10:18Z
2016-03-16,08:30,2016-03-16T12:30:00Z,Consumer Price Index for February 2016,cpi,February 2016,https://www.bls.gov/schedule/2016/home.htm,2026-10-05T06:10:18Z
2016-03-16,08:30,2016-03-16T12:30:00Z,Real Earnings for February 2016,real_earnings,February 2016,https://www.bls.gov/schedule/2016/home.htm,2026-10-05T06:10:18Z
2016-03-17,10:00,2016-03-17T14:00:00Z,Job Openings and Labor Turnover Survey for January 2016,jolts,January 2016,https://www.bls.gov/schedule/2016/home.htm,2026-10-05T06:10:18Z
2016-03-18,10:00,2016-03-18T14:00:00Z,Metropolitan Area Employment and Unemployment (Monthly) for January 2016,other_bls,January 2016,https://www.bls.gov/schedule/2016/home.htm,2026-10-05T06:10:18Z
2016-03-22,10:00,2016-03-22T14:00:00Z,Employment Situation of Veterans for Annual 2015,employment_situation,Annual 2015,https://www.bls.gov/schedule/2016/home.htm,2026-10-05T06:10:18Z
2016-03-24,10:00,2016-03-24T14:00:00Z,Multifactor Productivity Trends for Annual 2014,other_bls,Annual 2014,https://www.bls.gov/schedule/2016/home.htm,2026-10-05T06:10:18Z
2016-03-25,10:00,2016-03-25T14:00:00Z,Regional and State Employment and Unemployment (Monthly) for February 2016,other_bls,February 2016,https://www.bls.gov/schedule/2016/home.htm,2026-10-05T06:10:18Z
2016-03-30,10:00,2016-03-30T14:00:00Z,Occupational Employment and Wages for May 2015,other_bls,May 2015,https://www.bls.gov/schedule/2016/home.htm,2026-10-05T06:10:18Z
2016-04-01,08:30,2016-04-01T12:30:00Z,Employment Situation for March 2016,employment_situation,March 2016,https://www.bls.gov/schedule/2016/home.htm,2026-10-05T06:10:18Z
2016-04-05,10:00,2016-04-05T14:00:00Z,Job Openings and Labor Turnover Survey for February 2016,jolts,February 2016,https://www.bls.gov/schedule/2016/home.htm,2026-10-05T06:10:18Z
2016-04-06,10:00,2016-04-06T14:00:00Z,Metropolitan Area Employment and Unemployment (Monthly) for February 2016,other_bls,February 2016,https://www.bls.gov/schedule/2016/home.htm,2026-10-05T06:10:18Z
2016-04-07,10:00,2016-04-07T14:00:00Z,Productivity and Costs by Industry: Manufacturing Industries for Annual 2015,productivity_costs,Annual 2015,https://www.bls.gov/schedule/2016/home.htm,2026-10-05T06:10:18Z
2016-04-08,10:00,2016-04-08T14:00:00Z,Employment Experience of Youths: Results from a Longitudinal Survey for,other_bls,,https://www.bls.gov/schedule/2016/home.htm,2026-10-05T06:10:18Z
2016-04-12,08:30,2016-04-12T12:30:00Z,U.S. Import and Export Price Indexes for March 2016,import_export_prices,March 2016,https://www.bls.gov/schedule/2016/home.htm,2026-10-05T06:10:18Z
2016-04-13,08:30,2016-04-13T12:30:00Z,Producer Price Index for March 2016,ppi,March 2016,https://www.bls.gov/schedule/2016/home.htm,2026-10-05T06:10:18Z
2016-04-14,08:30,2016-04-14T12:30:00Z,Consumer Price Index for March 2016,cpi,March 2016,https://www.bls.gov/schedule/2016/home.htm,2026-10-05T06:10:18Z
2016-04-14,08:30,2016-04-14T12:30:00Z,Real Earnings for March 2016,real_earnings,March 2016,https://www.bls.gov/schedule/2016/home.htm,2026-10-05T06:10:18Z
2016-04-15,10:00,2016-04-15T14:00:00Z,Consumer Expenditures Survey Midyear Update for Midyear 2014-2015,other_bls,Midyear 2014-2015,https://www.bls.gov/schedule/2016/home.htm,2026-10-05T06:10:18Z
2016-04-15,10:00,2016-04-15T14:00:00Z,Regional and State Employment and Unemployment (Monthly) for March 2016,other_bls,March 2016,https://www.bls.gov/schedule/2016/home.htm,2026-10-05T06:10:18Z
2016-04-19,10:00,2016-04-19T14:00:00Z,Usual Weekly Earnings of Wage and Salary Workers for First Quarter 2016,other_bls,First Quarter 2016,https://www.bls.gov/schedule/2016/home.htm,2026-10-05T06:10:18Z
2016-04-22,10:00,2016-04-22T14:00:00Z,Employment Characteristics of Families for Annual 2015,other_bls,Annual 2015,https://www.bls.gov/schedule/2016/home.htm,2026-10-05T06:10:18Z
2016-04-27,10:00,2016-04-27T14:00:00Z,Metropolitan Area Employment and Unemployment (Monthly) for March 2016,other_bls,March 2016,https://www.bls.gov/schedule/2016/home.htm,2026-10-05T06:10:18Z
2016-04-27,10:00,2016-04-27T14:00:00Z,Quarterly Data Series on Business Employment Dynamics for Third Quarter 2015,other_bls,Third Quarter 2015,https://www.bls.gov/schedule/2016/home.htm,2026-10-05T06:10:18Z
2016-04-28,10:00,2016-04-28T14:00:00Z,College Enrollment and Work Activity of High School Graduates for Annual 2015,other_bls,Annual 2015,https://www.bls.gov/schedule/2016/home.htm,2026-10-05T06:10:18Z
2016-04-29,08:30,2016-04-29T12:30:00Z,Employment Cost Index for First Quarter 2016,employment_cost_index,First Quarter 2016,https://www.bls.gov/schedule/2016/home.htm,2026-10-05T06:10:18Z
2016-05-04,08:30,2016-05-04T12:30:00Z,Productivity and Costs (P) for First Quarter 2016,productivity_costs,First Quarter 2016,https://www.bls.gov/schedule/2016/home.htm,2026-10-05T06:10:18Z
2016-05-05,10:00,2016-05-05T14:00:00Z,Multifactor Productivity Trends for Annual 2015,other_bls,Annual 2015,https://www.bls.gov/schedule/2016/home.htm,2026-10-05T06:10:18Z
2016-05-06,08:30,2016-05-06T12:30:00Z,Employment Situation for April 2016,employment_situation,April 2016,https://www.bls.gov/schedule/2016/home.htm,2026-10-05T06:10:18Z
2016-05-10,10:00,2016-05-10T14:00:00Z,Job Openings and Labor Turnover Survey for March 2016,jolts,March 2016,https://www.bls.gov/schedule/2016/home.htm,2026-10-05T06:10:18Z
2016-05-12,08:30,2016-05-12T12:30:00Z,U.S. Import and Export Price Indexes for April 2016,import_export_prices,April 2016,https://www.bls.gov/schedule/2016/home.htm,2026-10-05T06:10:18Z
2016-05-13,08:30,2016-05-13T12:30:00Z,Producer Price Index for April 2016,ppi,April 2016,https://www.bls.gov/schedule/2016/home.htm,2026-10-05T06:10:18Z
2016-05-17,08:30,2016-05-17T12:30:00Z,Consumer Price Index for April 2016,cpi,April 2016,https://www.bls.gov/schedule/2016/home.htm,2026-10-05T06:10:18Z
2016-05-17,08:30,2016-05-17T12:30:00Z,Real Earnings for April 2016,real_earnings,April 2016,https://www.bls.gov/schedule/2016/home.htm,2026-10-05T06:10:18Z
2016-05-18,10:00,2016-05-18T14:00:00Z,Productivity and Costs by Industry: Selected Service-Providing Industries for Annual 2015,productivity_costs,Annual 2015,https://www.bls.gov/schedule/2016/home.htm,2026-10-05T06:10:18Z
2016-05-19,10:00,2016-05-19T14:00:00Z,Labor Force Characteristics of Foreign-born Workers for Annual 2015,other_bls,Annual 2015,https://www.bls.gov/schedule/2016/home.htm,2026-10-05T06:10:18Z
2016-05-20,10:00,2016-05-20T14:00:00Z,Regional and State Employment and Unemployment (Monthly) for April 2016,other_bls,April 2016,https://www.bls.gov/schedule/2016/home.htm,2026-10-05T06:10:18Z
2016-06-01,10:00,2016-06-01T14:00:00Z,Metropolitan Area Employment and Unemployment (Monthly) for April 2016,other_bls,April 2016,https://www.bls.gov/schedule/2016/home.htm,2026-10-05T06:10:18Z
2016-06-03,08:30,2016-06-03T12:30:00Z,Employment Situation for May 2016,employment_situation,May 2016,https://www.bls.gov/schedule/2016/home.htm,2026-10-05T06:10:18Z
2016-06-07,08:30,2016-06-07T12:30:00Z,Productivity and Costs (R) for First Quarter 2016,productivity_costs,First Quarter 2016,https://www.bls.gov/schedule/2016/home.htm,2026-10-05T06:10:18Z
2016-06-08,10:00,2016-06-08T14:00:00Z,County Employment and Wages for Fourth Quarter 2015,other_bls,Fourth Quarter 2015,https://www.bls.gov/schedule/2016/home.htm,2026-10-05T06:10:18Z
2016-06-08,10:00,2016-06-08T14:00:00Z,Job Openings and Labor Turnover Survey for April 2016,jolts,April 2016,https://www.bls.gov/schedule/2016/home.htm,2026-10-05T06:10:18Z
2016-06-09,10:00,2016-06-09T14:00:00Z,Employer Costs for Employee Compensation for March 2016,other_bls,Employee Compensation for March 2016,https://www.bls.gov/schedule/2016/home.htm,2026-10-05T06:10:18Z
2016-06-14,08:30,2016-06-14T12:30:00Z,U.S. Import and Export Price Indexes for May 2016,import_export_prices,May 2016,https://www.bls.gov/schedule/2016/home.htm,2026-10-05T06:10:18Z
2016-06-15,08:30,2016-06-15T12:30:00Z,Producer Price Index for May 2016,ppi,May 2016,https://www.bls.gov/schedule/2016/home.htm,2026-10-05T06:10:18Z
2016-06-16,08:30,2016-06-16T12:30:00Z,Consumer Price Index for May 2016,cpi,May 2016,https://www.bls.gov/schedule/2016/home.htm,2026-10-05T06:10:18Z
2016-06-16,08:30,2016-06-16T12:30:00Z,Real Earnings for May 2016,real_earnings,May 2016,https://www.bls.gov/schedule/2016/home.htm,2026-10-05T06:10:18Z
2016-06-17,10:00,2016-06-17T14:00:00Z,Regional and State Employment and Unemployment (Monthly) for May 2016,other_bls,May 2016,https://www.bls.gov/schedule/2016/home.htm,2026-10-05T06:10:18Z
2016-06-21,10:00,2016-06-21T14:00:00Z,Persons with a Disability: Labor Force Characteristics for Annual 2015,other_bls,Annual 2015,https://www.bls.gov/schedule/2016/home.htm,2026-10-05T06:10:18Z
2016-06-22,10:00,2016-06-22T14:00:00Z,Multifactor Productivity Trends in Manufacturing for Annual 2014,other_bls,Annual 2014,https://www.bls.gov/schedule/2016/home.htm,2026-10-05T06:10:18Z
2016-06-24,10:00,2016-06-24T14:00:00Z,American Time Use Survey for Annual 2015,other_bls,Annual 2015,https://www.bls.gov/schedule/2016/home.htm,2026-10-05T06:10:18Z
2016-06-29,10:00,2016-06-29T14:00:00Z,Metropolitan Area Employment and Unemployment (Monthly) for May 2016,other_bls,May 2016,https://www.bls.gov/schedule/2016/home.htm,2026-10-05T06:10:18Z
2016-07-08,08:30,2016-07-08T12:30:00Z,Employment Situation for June 2016,employment_situation,June 2016,https://www.bls.gov/schedule/2016/home.htm,2026-10-05T06:10:18Z
2016-07-12,10:00,2016-07-12T14:00:00Z,Job Openings and Labor Turnover Survey for May 2016,jolts,May 2016,https://www.bls.gov/schedule/2016/home.htm,2026-10-05T06:10:18Z
2016-07-13,08:30,2016-07-13T12:30:00Z,U.S. Import and Export Price Indexes for June 2016,import_export_prices,June 2016,https://www.bls.gov/schedule/2016/home.htm,2026-10-05T06:10:18Z
2016-07-14,08:30,2016-07-14T12:30:00Z,Producer Price Index for June 2016,ppi,June 2016,https://www.bls.gov/schedule/2016/home.htm,2026-10-05T06:10:18Z
2016-07-15,08:30,2016-07-15T12:30:00Z,Consumer Price Index for June 2016,cpi,June 2016,https://www.bls.gov/schedule/2016/home.htm,2026-10-05T06:10:18Z
2016-07-15,08:30,2016-07-15T12:30:00Z,Real Earnings for June 2016,real_earnings,June 2016,https://www.bls.gov/schedule/2016/home.htm,2026-10-05T06:10:18Z
2016-07-19,10:00,2016-07-19T14:00:00Z,Usual Weekly Earnings of Wage and Salary Workers for Second Quarter 2016,other_bls,Second Quarter 2016,https://www.bls.gov/schedule/2016/home.htm,2026-10-05T06:10:18Z
2016-07-22,10:00,2016-07-22T14:00:00Z,Employee Benefits in the United States for March 2016,other_bls,March 2016,https://www.bls.gov/schedule/2016/home.htm,2026-10-05T06:10:18Z
2016-07-22,10:00,2016-07-22T14:00:00Z,Regional and State Employment and Unemployment (Monthly) for June 2016,other_bls,June 2016,https://www.bls.gov/schedule/2016/home.htm,2026-10-05T06:10:18Z
2016-07-27,10:00,2016-07-27T14:00:00Z,Quarterly Data Series on Business Employment Dynamics for Fourth Quarter 2015,other_bls,Fourth Quarter 2015,https://www.bls.gov/schedule/2016/home.htm,2026-10-05T06:10:18Z
2016-07-29,08:30,2016-07-29T12:30:00Z,Employment Cost Index for Second Quarter 2016,employment_cost_index,Second Quarter 2016,https://www.bls.gov/schedule/2016/home.htm,2026-10-05T06:10:18Z
2016-08-03,10:00,2016-08-03T14:00:00Z,Metropolitan Area Employment and Unemployment (Monthly) for June 2016,other_bls,June 2016,https://www.bls.gov/schedule/2016/home.htm,2026-10-05T06:10:18Z
2016-08-05,08:30,2016-08-05T12:30:00Z,Employment Situation for July 2016,employment_situation,July 2016,https://www.bls.gov/schedule/2016/home.htm,2026-10-05T06:10:18Z
2016-08-09,08:30,2016-08-09T12:30:00Z,Productivity and Costs (P) for Second Quarter 2016,productivity_costs,Second Quarter 2016,https://www.bls.gov/schedule/2016/home.htm,2026-10-05T06:10:18Z
2016-08-10,10:00,2016-08-10T14:00:00Z,Job Openings and Labor Turnover Survey for June 2016,jolts,June 2016,https://www.bls.gov/schedule/2016/home.htm,2026-10-05T06:10:18Z
2016-08-10,10:00,2016-08-10T14:00:00Z,"Productivity and Costs by Industry: Wholesale Trade, Retail Trade, and Food Services and Drinking Places, 2015 for",productivity_costs,,https://www.bls.gov/schedule/2016/home.htm,2026-10-05T06:10:18Z
2016-08-11,08:30,2016-08-11T12:30:00Z,U.S. Import and Export Price Indexes for July 2016,import_export_prices,July 2016,https://www.bls.gov/schedule/2016/home.htm,2026-10-05T06:10:18Z
2016-08-12,08:30,2016-08-12T12:30:00Z,Producer Price Index for July 2016,ppi,July 2016,https://www.bls.gov/schedule/2016/home.htm,2026-10-05T06:10:18Z
2016-08-16,08:30,2016-08-16T12:30:00Z,Consumer Price Index for July 2016,cpi,July 2016,https://www.bls.gov/schedule/2016/home.htm,2026-10-05T06:10:18Z
2016-08-16,08:30,2016-08-16T12:30:00Z,Real Earnings for July 2016,real_earnings,July 2016,https://www.bls.gov/schedule/2016/home.htm,2026-10-05T06:10:18Z
2016-08-17,10:00,2016-08-17T14:00:00Z,Summer Youth Labor Force for 2016,other_bls,2016,https://www.bls.gov/schedule/2016/home.htm,2026-10-05T06:10:18Z
2016-08-19,10:00,2016-08-19T14:00:00Z,Regional and State Employment and Unemployment (Monthly) for July 2016,other_bls,July 2016,https://www.bls.gov/schedule/2016/home.htm,2026-10-05T06:10:18Z
2016-08-25,10:00,2016-08-25T14:00:00Z,Worker Displacement for 2013-2015,other_bls,2013-2015,https://www.bls.gov/schedule/2016/home.htm,2026-10-05T06:10:18Z
2016-08-30,10:00,2016-08-30T14:00:00Z,Consumer Expenditures (Annual) for 2015,other_bls,2015,https://www.bls.gov/schedule/2016/home.htm,2026-10-05T06:10:18Z
2016-08-31,10:00,2016-08-31T14:00:00Z,Metropolitan Area Employment and Unemployment (Monthly) for July 2016,other_bls,July 2016,https://www.bls.gov/schedule/2016/home.htm,2026-10-05T06:10:18Z
2016-09-01,08:30,2016-09-01T12:30:00Z,Productivity and Costs (R) for Second Quarter 2016,productivity_costs,Second Quarter 2016,https://www.bls.gov/schedule/2016/home.htm,2026-10-05T06:10:18Z
2016-09-02,08:30,2016-09-02T12:30:00Z,Employment Situation for August 2016,employment_situation,August 2016,https://www.bls.gov/schedule/2016/home.htm,2026-10-05T06:10:18Z
2016-09-07,10:00,2016-09-07T14:00:00Z,County Employment and Wages for First Quarter 2016,other_bls,First Quarter 2016,https://www.bls.gov/schedule/2016/home.htm,2026-10-05T06:10:18Z
2016-09-07,10:00,2016-09-07T14:00:00Z,Job Openings and Labor Turnover Survey for July 2016,jolts,July 2016,https://www.bls.gov/schedule/2016/home.htm,2026-10-05T06:10:18Z
2016-09-08,10:00,2016-09-08T14:00:00Z,Employer Costs for Employee Compensation for June 2016,other_bls,Employee Compensation for June 2016,https://www.bls.gov/schedule/2016/home.htm,2026-10-05T06:10:18Z
2016-09-14,08:30,2016-09-14T12:30:00Z,U.S. Import and Export Price Indexes for August 2016,import_export_prices,August 2016,https://www.bls.gov/schedule/2016/home.htm,2026-10-05T06:10:18Z
2016-09-15,08:30,2016-09-15T12:30:00Z,Producer Price Index for August 2016,ppi,August 2016,https://www.bls.gov/schedule/2016/home.htm,2026-10-05T06:10:18Z
2016-09-16,08:30,2016-09-16T12:30:00Z,Consumer Price Index for August 2016,cpi,August 2016,https://www.bls.gov/schedule/2016/home.htm,2026-10-05T06:10:18Z
2016-09-16,08:30,2016-09-16T12:30:00Z,Real Earnings for August 2016,real_earnings,August 2016,https://www.bls.gov/schedule/2016/home.htm,2026-10-05T06:10:18Z
2016-09-20,10:00,2016-09-20T14:00:00Z,Multifactor Productivity Trends for Detailed Industries for Annual 2014,other_bls,Detailed Industries for Annual 2014,https://www.bls.gov/schedule/2016/home.htm,2026-10-05T06:10:18Z
2016-09-20,10:00,2016-09-20T14:00:00Z,Regional and State Employment and Unemployment (Monthly) for August 2016,other_bls,August 2016,https://www.bls.gov/schedule/2016/home.htm,2026-10-05T06:10:18Z
2016-09-22,10:00,2016-09-22T14:00:00Z,Employee Tenure for Annual 2016,other_bls,Annual 2016,https://www.bls.gov/schedule/2016/home.htm,2026-10-05T06:10:18Z
2016-09-28,10:00,2016-09-28T14:00:00Z,Metropolitan Area Employment and Unemployment (Monthly) for August 2016,other_bls,August 2016,https://www.bls.gov/schedule/2016/home.htm,2026-10-05T06:10:18Z
2016-10-07,08:30,2016-10-07T12:30:00Z,Employment Situation for September 2016,employment_situation,September 2016,https://www.bls.gov/schedule/2016/home.htm,2026-10-05T06:10:18Z
2016-10-12,10:00,2016-10-12T14:00:00Z,Job Openings and Labor Turnover Survey for August 2016,jolts,August 2016,https://www.bls.gov/schedule/2016/home.htm,2026-10-05T06:10:18Z
2016-10-13,08:30,2016-10-13T12:30:00Z,U.S. Import and Export Price Indexes for September 2016,import_export_prices,September 2016,https://www.bls.gov/schedule/2016/home.htm,2026-10-05T06:10:18Z
2016-10-14,08:30,2016-10-14T12:30:00Z,Producer Price Index for September 2016,ppi,September 2016,https://www.bls.gov/schedule/2016/home.htm,2026-10-05T06:10:18Z
2016-10-18,08:30,2016-10-18T12:30:00Z,Consumer Price Index for September 2016,cpi,September 2016,https://www.bls.gov/schedule/2016/home.htm,2026-10-05T06:10:18Z
2016-10-18,08:30,2016-10-18T12:30:00Z,Real Earnings for September 2016,real_earnings,September 2016,https://www.bls.gov/schedule/2016/home.htm,2026-10-05T06:10:18Z
2016-10-20,10:00,2016-10-20T14:00:00Z,Usual Weekly Earnings of Wage and Salary Workers for Third Quarter 2016,other_bls,Third Quarter 2016,https://www.bls.gov/schedule/2016/home.htm,2026-10-05T06:10:18Z
2016-10-21,10:00,2016-10-21T14:00:00Z,Regional and State Employment and Unemployment (Monthly) for September 2016,other_bls,September 2016,https://www.bls.gov/schedule/2016/home.htm,2026-10-05T06:10:18Z
2016-10-27,10:00,2016-10-27T14:00:00Z,Occupational Injuries and Illnesses (Annual) for Annual 2015,other_bls,Annual 2015,https://www.bls.gov/schedule/2016/home.htm,2026-10-05T06:10:18Z
2016-10-28,08:30,2016-10-28T12:30:00Z,Employment Cost Index for Third Quarter 2016,employment_cost_index,Third Quarter 2016,https://www.bls.gov/schedule/2016/home.htm,2026-10-05T06:10:18Z
2016-11-02,10:00,2016-11-02T14:00:00Z,Metropolitan Area Employment and Unemployment (Monthly) for September 2016,other_bls,September 2016,https://www.bls.gov/schedule/2016/home.htm,2026-10-05T06:10:18Z
2016-11-03,08:30,2016-11-03T12:30:00Z,Productivity and Costs (P) for Third Quarter 2016,productivity_costs,Third Quarter 2016,https://www.bls.gov/schedule/2016/home.htm,2026-10-05T06:10:18Z
2016-11-04,08:30,2016-11-04T12:30:00Z,Employment Situation for October 2016,employment_situation,October 2016,https://www.bls.gov/schedule/2016/home.htm,2026-10-05T06:10:18Z
2016-11-08,10:00,2016-11-08T15:00:00Z,Job Openings and Labor Turnover Survey for September 2016,jolts,September 2016,https://www.bls.gov/schedule/2016/home.htm,2026-10-05T06:10:18Z
2016-11-09,10:00,2016-11-09T15:00:00Z,Quarterly Data Series on Business Employment Dynamics for First Quarter 2016,other_bls,First Quarter 2016,https://www.bls.gov/schedule/2016/home.htm,2026-10-05T06:10:18Z
2016-11-10,10:00,2016-11-10T15:00:00Z,Nonfatal Occupational Injuries and Illnesses Requiring Days Away From Work for Annual 2015,other_bls,Annual 2015,https://www.bls.gov/schedule/2016/home.htm,2026-10-05T06:10:18Z
2016-11-15,08:30,2016-11-15T13:30:00Z,U.S. Import and Export Price Indexes for October 2016,import_export_prices,October 2016,https://www.bls.gov/schedule/2016/home.htm,2026-10-05T06:10:18Z
2016-11-16,08:30,2016-11-16T13:30:00Z,Producer Price Index for October 2016,ppi,October 2016,https://www.bls.gov/schedule/2016/home.htm,2026-10-05T06:10:18Z
2016-11-17,08:30,2016-11-17T13:30:00Z,Consumer Price Index for October 2016,cpi,October 2016,https://www.bls.gov/schedule/2016/home.htm,2026-10-05T06:10:18Z
2016-11-17,08:30,2016-11-17T13:30:00Z,Real Earnings for October 2016,real_earnings,October 2016,https://www.bls.gov/schedule/2016/home.htm,2026-10-05T06:10:18Z
2016-11-18,10:00,2016-11-18T15:00:00Z,Regional and State Employment and Unemployment (Monthly) for October 2016,other_bls,October 2016,https://www.bls.gov/schedule/2016/home.htm,2026-10-05T06:10:18Z
2016-11-30,10:00,2016-11-30T15:00:00Z,Metropolitan Area Employment and Unemployment (Monthly) for October 2016,other_bls,October 2016,https://www.bls.gov/schedule/2016/home.htm,2026-10-05T06:10:18Z
2016-12-01,10:00,2016-12-01T15:00:00Z,Occupational Requirements in the United States for Annual 2016,other_bls,Annual 2016,https://www.bls.gov/schedule/2016/home.htm,2026-10-05T06:10:18Z
2016-12-02,08:30,2016-12-02T13:30:00Z,Employment Situation for November 2016,employment_situation,November 2016,https://www.bls.gov/schedule/2016/home.htm,2026-10-05T06:10:18Z
2016-12-06,08:30,2016-12-06T13:30:00Z,Productivity and Costs (R) for Third Quarter 2016,productivity_costs,Third Quarter 2016,https://www.bls.gov/schedule/2016/home.htm,2026-10-05T06:10:18Z
2016-12-07,10:00,2016-12-07T15:00:00Z,County Employment and Wages for Second Quarter 2016,other_bls,Second Quarter 2016,https://www.bls.gov/schedule/2016/home.htm,2026-10-05T06:10:18Z
2016-12-07,10:00,2016-12-07T15:00:00Z,Job Openings and Labor Turnover Survey for October 2016,jolts,October 2016,https://www.bls.gov/schedule/2016/home.htm,2026-10-05T06:10:18Z
2016-12-08,10:00,2016-12-08T15:00:00Z,Employer Costs for Employee Compensation for September 2016,other_bls,Employee Compensation for September 2016,https://www.bls.gov/schedule/2016/home.htm,2026-10-05T06:10:18Z
2016-12-09,10:00,2016-12-09T15:00:00Z,Work Experience of the Population (Annual) for Annual 2015,other_bls,Annual 2015,https://www.bls.gov/schedule/2016/home.htm,2026-10-05T06:10:18Z
2016-12-13,08:30,2016-12-13T13:30:00Z,U.S. Import and Export Price Indexes for November 2016,import_export_prices,November 2016,https://www.bls.gov/schedule/2016/home.htm,2026-10-05T06:10:18Z
2016-12-14,08:30,2016-12-14T13:30:00Z,Producer Price Index for November 2016,ppi,November 2016,https://www.bls.gov/schedule/2016/home.htm,2026-10-05T06:10:18Z
2016-12-15,08:30,2016-12-15T13:30:00Z,Consumer Price Index for November 2016,cpi,November 2016,https://www.bls.gov/schedule/2016/home.htm,2026-10-05T06:10:18Z
2016-12-15,08:30,2016-12-15T13:30:00Z,Real Earnings for November 2016,real_earnings,November 2016,https://www.bls.gov/schedule/2016/home.htm,2026-10-05T06:10:18Z
2016-12-16,10:00,2016-12-16T15:00:00Z,Census of Fatal Occupational Injuries for Annual 2015,other_bls,Annual 2015,https://www.bls.gov/schedule/2016/home.htm,2026-10-05T06:10:18Z
2016-12-16,10:00,2016-12-16T15:00:00Z,Regional and State Employment and Unemployment (Monthly) for November 2016,other_bls,November 2016,https://www.bls.gov/schedule/2016/home.htm,2026-10-05T06:10:18Z
2016-12-29,10:00,2016-12-29T15:00:00Z,Metropolitan Area Employment and Unemployment (Monthly) for November 2016,other_bls,November 2016,https://www.bls.gov/schedule/2016/home.htm,2026-10-05T06:10:18Z
2017-01-06,08:30,2017-01-06T13:30:00Z,Employment Situation for December 2016,employment_situation,December 2016,https://www.bls.gov/schedule/2017/home.htm,2026-10-05T06:10:18Z
2017-01-10,10:00,2017-01-10T15:00:00Z,Job Openings and Labor Turnover Survey for November 2016,jolts,November 2016,https://www.bls.gov/schedule/2017/home.htm,2026-10-05T06:10:18Z
2017-01-12,08:30,2017-01-12T13:30:00Z,U.S. Import and Export Price Indexes for December 2016,import_export_prices,December 2016,https://www.bls.gov/schedule/2017/home.htm,2026-10-05T06:10:18Z
2017-01-13,08:30,2017-01-13T13:30:00Z,Producer Price Index for December 2016,ppi,December 2016,https://www.bls.gov/schedule/2017/home.htm,2026-10-05T06:10:18Z
2017-01-18,08:30,2017-01-18T13:30:00Z,Consumer Price Index for December 2016,cpi,December 2016,https://www.bls.gov/schedule/2017/home.htm,2026-10-05T06:10:18Z
2017-01-18,08:30,2017-01-18T13:30:00Z,Real Earnings for December 2016,real_earnings,December 2016,https://www.bls.gov/schedule/2017/home.htm,2026-10-05T06:10:18Z
2017-01-24,10:00,2017-01-24T15:00:00Z,State Employment and Unemployment (Monthly) for December 2016,other_bls,December 2016,https://www.bls.gov/schedule/2017/home.htm,2026-10-05T06:10:18Z
2017-01-24,10:00,2017-01-24T15:00:00Z,Usual Weekly Earnings of Wage and Salary Workers for Fourth Quarter 2016,other_bls,Fourth Quarter 2016,https://www.bls.gov/schedule/2017/home.htm,2026-10-05T06:10:18Z
2017-01-25,10:00,2017-01-25T15:00:00Z,Quarterly Data Series on Business Employment Dynamics for Second Quarter 2016,other_bls,Second Quarter 2016,https://www.bls.gov/schedule/2017/home.htm,2026-10-05T06:10:18Z
2017-01-26,10:00,2017-01-26T15:00:00Z,Union Membership (Annual) for 2016,other_bls,2016,https://www.bls.gov/schedule/2017/home.htm,2026-10-05T06:10:18Z
2017-01-31,08:30,2017-01-31T13:30:00Z,Employment Cost Index for Fourth Quarter 2016,employment_cost_index,Fourth Quarter 2016,https://www.bls.gov/schedule/2017/home.htm,2026-10-05T06:10:18Z
2017-02-01,10:00,2017-02-01T15:00:00Z,Metropolitan Area Employment and Unemployment (Monthly) for December 2016,other_bls,December 2016,https://www.bls.gov/schedule/2017/home.htm,2026-10-05T06:10:18Z
2017-02-02,08:30,2017-02-02T13:30:00Z,Productivity and Costs (P) for Fourth Quarter 2016,productivity_costs,Fourth Quarter 2016,https://www.bls.gov/schedule/2017/home.htm,2026-10-05T06:10:18Z
2017-02-03,08:30,2017-02-03T13:30:00Z,Employment Situation for January 2017,employment_situation,January 2017,https://www.bls.gov/schedule/2017/home.htm,2026-10-05T06:10:18Z
2017-02-07,10:00,2017-02-07T15:00:00Z,Job Openings and Labor Turnover Survey for December 2016,jolts,December 2016,https://www.bls.gov/schedule/2017/home.htm,2026-10-05T06:10:18Z
2017-02-09,10:00,2017-02-09T15:00:00Z,Major Work Stoppages (Annual) for 2016,other_bls,2016,https://www.bls.gov/schedule/2017/home.htm,2026-10-05T06:10:18Z
2017-02-10,08:30,2017-02-10T13:30:00Z,U.S. Import and Export Price Indexes for January 2017,import_export_prices,January 2017,https://www.bls.gov/schedule/2017/home.htm,2026-10-05T06:10:18Z
2017-02-14,08:30,2017-02-14T13:30:00Z,Producer Price Index for January 2017,ppi,January 2017,https://www.bls.gov/schedule/2017/home.htm,2026-10-05T06:10:18Z
2017-02-15,08:30,2017-02-15T13:30:00Z,Consumer Price Index for January 2017,cpi,January 2017,https://www.bls.gov/schedule/2017/home.htm,2026-10-05T06:10:18Z
2017-02-15,08:30,2017-02-15T13:30:00Z,Real Earnings for January 2017,real_earnings,January 2017,https://www.bls.gov/schedule/2017/home.htm,2026-10-05T06:10:18Z
2017-02-28,10:00,2017-02-28T15:00:00Z,Regional and State Unemployment (Annual) for 2016,other_bls,2016,https://www.bls.gov/schedule/2017/home.htm,2026-10-05T06:10:18Z
2017-03-07,10:00,2017-03-07T15:00:00Z,County Employment and Wages for Third Quarter 2016,other_bls,Third Quarter 2016,https://www.bls.gov/schedule/2017/home.htm,2026-10-05T06:10:18Z
2017-03-08,08:30,2017-03-08T13:30:00Z,Productivity and Costs (R) for Fourth Quarter 2016,productivity_costs,Fourth Quarter 2016,https://www.bls.gov/schedule/2017/home.htm,2026-10-05T06:10:18Z
2017-03-09,08:30,2017-03-09T13:30:00Z,U.S. Import and Export Price Indexes for February 2017,import_export_prices,February 2017,https://www.bls.gov/schedule/2017/home.htm,2026-10-05T06:10:18Z
2017-03-10,08:30,2017-03-10T13:30:00Z,Employment Situation for February 2017,employment_situation,February 2017,https://www.bls.gov/schedule/2017/home.htm,2026-10-05T06:10:18Z
2017-03-13,10:00,2017-03-13T14:00:00Z,State Employment and Unemployment (Monthly) for January 2017,other_bls,January 2017,https://www.bls.gov/schedule/2017/home.htm,2026-10-05T06:10:18Z
2017-03-14,08:30,2017-03-14T12:30:00Z,Producer Price Index for February 2017,ppi,February 2017,https://www.bls.gov/schedule/2017/home.htm,2026-10-05T06:10:18Z
2017-03-15,08:30,2017-03-15T12:30:00Z,Consumer Price Index for February 2017,cpi,February 2017,https://www.bls.gov/schedule/2017/home.htm,2026-10-05T06:10:18Z
2017-03-15,08:30,2017-03-15T12:30:00Z,Real Earnings for February 2017,real_earnings,February 2017,https://www.bls.gov/schedule/2017/home.htm,2026-10-05T06:10:18Z
2017-03-16,10:00,2017-03-16T14:00:00Z,Job Openings and Labor Turnover Survey for January 2017,jolts,January 2017,https://www.bls.gov/schedule/2017/home.htm,2026-10-05T06:10:18Z
2017-03-17,10:00,2017-03-17T14:00:00Z,Employer Costs for Employee Compensation for December 2016,other_bls,Employee Compensation for December 2016,https://www.bls.gov/schedule/2017/home.htm,2026-10-05T06:10:18Z
2017-03-17,10:00,2017-03-17T14:00:00Z,Metropolitan Area Employment and Unemployment (Monthly) for January 2017,other_bls,January 2017,https://www.bls.gov/schedule/2017/home.htm,2026-10-05T06:10:18Z
2017-03-22,10:00,2017-03-22T14:00:00Z,Employment Situation of Veterans for Annual 2016,employment_situation,Annual 2016,https://www.bls.gov/schedule/2017/home.htm,2026-10-05T06:10:18Z
2017-03-24,10:00,2017-03-24T14:00:00Z,State Employment and Unemployment (Monthly) for February 2017,other_bls,February 2017,https://www.bls.gov/schedule/2017/home.htm,2026-10-05T06:10:18Z
2017-03-30,10:00,2017-03-30T14:00:00Z,Multifactor Productivity Trends for Annual 2016,other_bls,Annual 2016,https://www.bls.gov/schedule/2017/home.htm,2026-10-05T06:10:18Z
2017-03-31,10:00,2017-03-31T14:00:00Z,Occupational Employment and Wages for May 2016,other_bls,May 2016,https://www.bls.gov/schedule/2017/home.htm,2026-10-05T06:10:18Z
2017-04-05,10:00,2017-04-05T14:00:00Z,Metropolitan Area Employment and Unemployment (Monthly) for February 2017,other_bls,February 2017,https://www.bls.gov/schedule/2017/home.htm,2026-10-05T06:10:18Z
2017-04-07,08:30,2017-04-07T12:30:00Z,Employment Situation for March 2017,employment_situation,March 2017,https://www.bls.gov/schedule/2017/home.htm,2026-10-05T06:10:18Z
2017-04-11,10:00,2017-04-11T14:00:00Z,Job Openings and Labor Turnover Survey for February 2017,jolts,February 2017,https://www.bls.gov/schedule/2017/home.htm,2026-10-05T06:10:18Z
2017-04-12,08:30,2017-04-12T12:30:00Z,U.S. Import and Export Price Indexes for March 2017,import_export_prices,March 2017,https://www.bls.gov/schedule/2017/home.htm,2026-10-05T06:10:18Z
2017-04-13,08:30,2017-04-13T12:30:00Z,Producer Price Index for March 2017,ppi,March 2017,https://www.bls.gov/schedule/2017/home.htm,2026-10-05T06:10:18Z
2017-04-14,08:30,2017-04-14T12:30:00Z,Consumer Price Index for March 2017,cpi,March 2017,https://www.bls.gov/schedule/2017/home.htm,2026-10-05T06:10:18Z
2017-04-14,08:30,2017-04-14T12:30:00Z,Real Earnings for March 2017,real_earnings,March 2017,https://www.bls.gov/schedule/2017/home.htm,2026-10-05T06:10:18Z
2017-04-18,10:00,2017-04-18T14:00:00Z,Usual Weekly Earnings of Wage and Salary Workers for First Quarter 2017,other_bls,First Quarter 2017,https://www.bls.gov/schedule/2017/home.htm,2026-10-05T06:10:18Z
2017-04-19,10:00,2017-04-19T14:00:00Z,Consumer Expenditures Survey Midyear Update for Midyear 2015-2016,other_bls,Midyear 2015-2016,https://www.bls.gov/schedule/2017/home.htm,2026-10-05T06:10:18Z
2017-04-20,10:00,2017-04-20T14:00:00Z,Employment Characteristics of Families for Annual 2016,other_bls,Annual 2016,https://www.bls.gov/schedule/2017/home.htm,2026-10-05T06:10:18Z
2017-04-21,10:00,2017-04-21T14:00:00Z,State Employment and Unemployment (Monthly) for March 2017,other_bls,March 2017,https://www.bls.gov/schedule/2017/home.htm,2026-10-05T06:10:18Z
2017-04-26,10:00,2017-04-26T14:00:00Z,Quarterly Data Series on Business Employment Dynamics for Third Quarter 2016,other_bls,Third Quarter 2016,https://www.bls.gov/schedule/2017/home.htm,2026-10-05T06:10:18Z
2017-04-27,10:00,2017-04-27T14:00:00Z,College Enrollment and Work Activity of High School Graduates for Annual 2016,other_bls,Annual 2016,https://www.bls.gov/schedule/2017/home.htm,2026-10-05T06:10:18Z
2017-04-28,08:30,2017-04-28T12:30:00Z,Employment Cost Index for First Quarter 2017,employment_cost_index,First Quarter 2017,https://www.bls.gov/schedule/2017/home.htm,2026-10-05T06:10:18Z
2017-05-03,10:00,2017-05-03T14:00:00Z,Metropolitan Area Employment and Unemployment (Monthly) for March 2017,other_bls,March 2017,https://www.bls.gov/schedule/2017/home.htm,2026-10-05T06:10:18Z
2017-05-04,08:30,2017-05-04T12:30:00Z,Productivity and Costs (P) for First Quarter 2017,productivity_costs,First Quarter 2017,https://www.bls.gov/schedule/2017/home.htm,2026-10-05T06:10:18Z
2017-05-05,08:30,2017-05-05T12:30:00Z,Employment Situation for April 2017,employment_situation,April 2017,https://www.bls.gov/schedule/2017/home.htm,2026-10-05T06:10:18Z
2017-05-09,10:00,2017-05-09T14:00:00Z,Job Openings and Labor Turnover Survey for March 2017,jolts,March 2017,https://www.bls.gov/schedule/2017/home.htm,2026-10-05T06:10:18Z
2017-05-09,10:00,2017-05-09T14:00:00Z,Productivity and Costs by Industry: Manufacturing and Mining Industries for Annual 2016,productivity_costs,Annual 2016,https://www.bls.gov/schedule/2017/home.htm,2026-10-05T06:10:18Z
2017-05-10,08:30,2017-05-10T12:30:00Z,U.S. Import and Export Price Indexes for April 2017,import_export_prices,April 2017,https://www.bls.gov/schedule/2017/home.htm,2026-10-05T06:10:18Z
2017-05-11,08:30,2017-05-11T12:30:00Z,Producer Price Index for April 2017,ppi,April 2017,https://www.bls.gov/schedule/2017/home.htm,2026-10-05T06:10:18Z
2017-05-12,08:30,2017-05-12T12:30:00Z,Consumer Price Index for April 2017,cpi,April 2017,https://www.bls.gov/schedule/2017/home.htm,2026-10-05T06:10:18Z
2017-05-12,08:30,2017-05-12T12:30:00Z,Real Earnings for April 2017,real_earnings,April 2017,https://www.bls.gov/schedule/2017/home.htm,2026-10-05T06:10:18Z
2017-05-18,10:00,2017-05-18T14:00:00Z,Labor Force Characteristics of Foreign-born Workers for Annual 2016,other_bls,Annual 2016,https://www.bls.gov/schedule/2017/home.htm,2026-10-05T06:10:18Z
2017-05-18,10:00,2017-05-18T14:00:00Z,Productivity and Costs by Industry: Selected Service-Providing Industries for Annual 2016,productivity_costs,Annual 2016,https://www.bls.gov/schedule/2017/home.htm,2026-10-05T06:10:18Z
2017-05-19,10:00,2017-05-19T14:00:00Z,State Employment and Unemployment (Monthly) for April 2017,other_bls,April 2017,https://www.bls.gov/schedule/2017/home.htm,2026-10-05T06:10:18Z
2017-05-31,10:00,2017-05-31T14:00:00Z,Metropolitan Area Employment and Unemployment (Monthly) for April 2017,other_bls,April 2017,https://www.bls.gov/schedule/2017/home.htm,2026-10-05T06:10:18Z
2017-06-02,08:30,2017-06-02T12:30:00Z,Employment Situation for May 2017,employment_situation,May 2017,https://www.bls.gov/schedule/2017/home.htm,2026-10-05T06:10:18Z
2017-06-05,08:30,2017-06-05T12:30:00Z,Productivity and Costs (R) for First Quarter 2017,productivity_costs,First Quarter 2017,https://www.bls.gov/schedule/2017/home.htm,2026-10-05T06:10:18Z
2017-06-06,10:00,2017-06-06T14:00:00Z,Job Openings and Labor Turnover Survey for April 2017,jolts,April 2017,https://www.bls.gov/schedule/2017/home.htm,2026-10-05T06:10:18Z
2017-06-07,10:00,2017-06-07T14:00:00Z,County Employment and Wages for Fourth Quarter 2016,other_bls,Fourth Quarter 2016,https://www.bls.gov/schedule/2017/home.htm,2026-10-05T06:10:18Z
2017-06-09,10:00,2017-06-09T14:00:00Z,Employer Costs for Employee Compensation for March 2017,other_bls,Employee Compensation for March 2017,https://www.bls.gov/schedule/2017/home.htm,2026-10-05T06:10:18Z
2017-06-13,08:30,2017-06-13T12:30:00Z,Producer Price Index for May 2017,ppi,May 2017,https://www.bls.gov/schedule/2017/home.htm,2026-10-05T06:10:18Z
2017-06-14,08:30,2017-06-14T12:30:00Z,Consumer Price Index for May 2017,cpi,May 2017,https://www.bls.gov/schedule/2017/home.htm,2026-10-05T06:10:18Z
2017-06-14,08:30,2017-06-14T12:30:00Z,Real Earnings for May 2017,real_earnings,May 2017,https://www.bls.gov/schedule/2017/home.htm,2026-10-05T06:10:18Z
2017-06-15,08:30,2017-06-15T12:30:00Z,U.S. Import and Export Price Indexes for May 2017,import_export_prices,May 2017,https://www.bls.gov/schedule/2017/home.htm,2026-10-05T06:10:18Z
2017-06-16,10:00,2017-06-16T14:00:00Z,State Employment and Unemployment (Monthly) for May 2017,other_bls,May 2017,https://www.bls.gov/schedule/2017/home.htm,2026-10-05T06:10:18Z
2017-06-21,10:00,2017-06-21T14:00:00Z,Persons with a Disability: Labor Force Characteristics for Annual 2016,other_bls,Annual 2016,https://www.bls.gov/schedule/2017/home.htm,2026-10-05T06:10:18Z
2017-06-27,10:00,2017-06-27T14:00:00Z,American Time Use Survey for Annual 2016,other_bls,Annual 2016,https://www.bls.gov/schedule/2017/home.htm,2026-10-05T06:10:18Z
2017-06-28,10:00,2017-06-28T14:00:00Z,Metropolitan Area Employment and Unemployment (Monthly) for May 2017,other_bls,May 2017,https://www.bls.gov/schedule/2017/home.htm,2026-10-05T06:10:18Z
2017-07-07,08:30,2017-07-07T12:30:00Z,Employment Situation for June 2017,employment_situation,June 2017,https://www.bls.gov/schedule/2017/home.htm,2026-10-05T06:10:18Z
2017-07-11,10:00,2017-07-11T14:00:00Z,Job Openings and Labor Turnover Survey for May 2017,jolts,May 2017,https://www.bls.gov/schedule/2017/home.htm,2026-10-05T06:10:18Z
2017-07-12,10:00,2017-07-12T14:00:00Z,Multifactor Productivity Trends in Manufacturing for Annual 2015,other_bls,Annual 2015,https://www.bls.gov/schedule/2017/home.htm,2026-10-05T06:10:18Z
2017-07-13,08:30,2017-07-13T12:30:00Z,Producer Price Index for June 2017,ppi,June 2017,https://www.bls.gov/schedule/2017/home.htm,2026-10-05T06:10:18Z
2017-07-14,08:30,2017-07-14T12:30:00Z,Consumer Price Index for June 2017,cpi,June 2017,https://www.bls.gov/schedule/2017/home.htm,2026-10-05T06:10:18Z
2017-07-14,08:30,2017-07-14T12:30:00Z,Real Earnings for June 2017,real_earnings,June 2017,https://www.bls.gov/schedule/2017/home.htm,2026-10-05T06:10:18Z
2017-07-18,08:30,2017-07-18T12:30:00Z,U.S. Import and Export Price Indexes for June 2017,import_export_prices,June 2017,https://www.bls.gov/schedule/2017/home.htm,2026-10-05T06:10:18Z
2017-07-19,10:00,2017-07-19T14:00:00Z,Usual Weekly Earnings of Wage and Salary Workers for Second Quarter 2017,other_bls,Second Quarter 2017,https://www.bls.gov/schedule/2017/home.htm,2026-10-05T06:10:18Z
2017-07-20,10:00,2017-07-20T14:00:00Z,Multifactor Productivity Trends for Detailed Industries for Annual 2015,other_bls,Detailed Industries for Annual 2015,https://www.bls.gov/schedule/2017/home.htm,2026-10-05T06:10:18Z
2017-07-21,10:00,2017-07-21T14:00:00Z,Employee Benefits in the United States for March 2017,other_bls,March 2017,https://www.bls.gov/schedule/2017/home.htm,2026-10-05T06:10:18Z
2017-07-21,10:00,2017-07-21T14:00:00Z,State Employment and Unemployment (Monthly) for June 2017,other_bls,June 2017,https://www.bls.gov/schedule/2017/home.htm,2026-10-05T06:10:18Z
2017-07-26,10:00,2017-07-26T14:00:00Z,Quarterly Data Series on Business Employment Dynamics for Fourth Quarter 2016,other_bls,Fourth Quarter 2016,https://www.bls.gov/schedule/2017/home.htm,2026-10-05T06:10:18Z
2017-07-28,08:30,2017-07-28T12:30:00Z,Employment Cost Index for Second Quarter 2017,employment_cost_index,Second Quarter 2017,https://www.bls.gov/schedule/2017/home.htm,2026-10-05T06:10:18Z
2017-08-02,10:00,2017-08-02T14:00:00Z,Metropolitan Area Employment and Unemployment (Monthly) for June 2017,other_bls,June 2017,https://www.bls.gov/schedule/2017/home.htm,2026-10-05T06:10:18Z
2017-08-03,10:00,2017-08-03T14:00:00Z,"Productivity and Costs by Industry: Wholesale Trade, Retail Trade, and Food Services and Drinking Places for Annual 2016",productivity_costs,Annual 2016,https://www.bls.gov/schedule/2017/home.htm,2026-10-05T06:10:18Z
2017-08-04,08:30,2017-08-04T12:30:00Z,Employment Situation for July 2017,employment_situation,July 2017,https://www.bls.gov/schedule/2017/home.htm,2026-10-05T06:10:18Z
2017-08-08,10:00,2017-08-08T14:00:00Z,Job Openings and Labor Turnover Survey for June 2017,jolts,June 2017,https://www.bls.gov/schedule/2017/home.htm,2026-10-05T06:10:18Z
2017-08-09,08:30,2017-08-09T12:30:00Z,Productivity and Costs (P) for Second Quarter 2017,productivity_costs,Second Quarter 2017,https://www.bls.gov/schedule/2017/home.htm,2026-10-05T06:10:18Z
2017-08-10,08:30,2017-08-10T12:30:00Z,Producer Price Index for July 2017,ppi,July 2017,https://www.bls.gov/schedule/2017/home.htm,2026-10-05T06:10:18Z
2017-08-11,08:30,2017-08-11T12:30:00Z,Consumer Price Index for July 2017,cpi,July 2017,https://www.bls.gov/schedule/2017/home.htm,2026-10-05T06:10:18Z
2017-08-11,08:30,2017-08-11T12:30:00Z,Real Earnings for July 2017,real_earnings,July 2017,https://www.bls.gov/schedule/2017/home.htm,2026-10-05T06:10:18Z
2017-08-15,08:30,2017-08-15T12:30:00Z,U.S. Import and Export Price Indexes for July 2017,import_export_prices,July 2017,https://www.bls.gov/schedule/2017/home.htm,2026-10-05T06:10:18Z
2017-08-16,10:00,2017-08-16T14:00:00Z,Summer Youth Labor Force for Annual 2017,other_bls,Annual 2017,https://www.bls.gov/schedule/2017/home.htm,2026-10-05T06:10:18Z
2017-08-18,10:00,2017-08-18T14:00:00Z,State Employment and Unemployment (Monthly) for July 2017,other_bls,July 2017,https://www.bls.gov/schedule/2017/home.htm,2026-10-05T06:10:18Z
2017-08-24,10:00,2017-08-24T14:00:00Z,"Number of Jobs, Labor Market Experience, and Earnings Growth: Results from a National Longitudinal Survey for",other_bls,,https://www.bls.gov/schedule/2017/home.htm,2026-10-05T06:10:18Z
2017-08-29,10:00,2017-08-29T14:00:00Z,Consumer Expenditures (Annual) for 2016,other_bls,2016,https://www.bls.gov/schedule/2017/home.htm,2026-10-05T06:10:18Z
2017-08-30,10:00,2017-08-30T14:00:00Z,Metropolitan Area Employment and Unemployment (Monthly) for July 2017,other_bls,July 2017,https://www.bls.gov/schedule/2017/home.htm,2026-10-05T06:10:18Z
2017-09-01,08:30,2017-09-01T12:30:00Z,Employment Situation for August 2017,employment_situation,August 2017,https://www.bls.gov/schedule/2017/home.htm,2026-10-05T06:10:18Z
2017-09-06,10:00,2017-09-06T14:00:00Z,County Employment and Wages for First Quarter 2017,other_bls,First Quarter 2017,https://www.bls.gov/schedule/2017/home.htm,2026-10-05T06:10:18Z
2017-09-07,08:30,2017-09-07T12:30:00Z,Productivity and Costs (R) for Second Quarter 2017,productivity_costs,Second Quarter 2017,https://www.bls.gov/schedule/2017/home.htm,2026-10-05T06:10:18Z
2017-09-08,10:00,2017-09-08T14:00:00Z,Employer Costs for Employee Compensation for June 2017,other_bls,Employee Compensation for June 2017,https://www.bls.gov/schedule/2017/home.htm,2026-10-05T06:10:18Z
2017-09-12,10:00,2017-09-12T14:00:00Z,Job Openings and Labor Turnover Survey for July 2017,jolts,July 2017,https://www.bls.gov/schedule/2017/home.htm,2026-10-05T06:10:18Z
2017-09-13,08:30,2017-09-13T12:30:00Z,Producer Price Index for August 2017,ppi,August 2017,https://www.bls.gov/schedule/2017/home.htm,2026-10-05T06:10:18Z
2017-09-14,08:30,2017-09-14T12:30:00Z,Consumer Price Index for August 2017,cpi,August 2017,https://www.bls.gov/schedule/2017/home.htm,2026-10-05T06:10:18Z
2017-09-14,08:30,2017-09-14T12:30:00Z,Real Earnings for August 2017,real_earnings,August 2017,https://www.bls.gov/schedule/2017/home.htm,2026-10-05T06:10:18Z
2017-09-15,10:00,2017-09-15T14:00:00Z,State Employment and Unemployment (Monthly) for August 2017,other_bls,August 2017,https://www.bls.gov/schedule/2017/home.htm,2026-10-05T06:10:18Z
2017-09-19,08:30,2017-09-19T12:30:00Z,U.S. Import and Export Price Indexes for August 2017,import_export_prices,August 2017,https://www.bls.gov/schedule/2017/home.htm,2026-10-05T06:10:18Z
2017-09-20,10:00,2017-09-20T14:00:00Z,Unpaid Eldercare in the United States for 2015-2016,other_bls,2015-2016,https://www.bls.gov/schedule/2017/home.htm,2026-10-05T06:10:18Z
2017-09-27,10:00,2017-09-27T14:00:00Z,Metropolitan Area Employment and Unemployment (Monthly) for August 2017,other_bls,August 2017,https://www.bls.gov/schedule/2017/home.htm,2026-10-05T06:10:18Z
2017-10-06,08:30,2017-10-06T12:30:00Z,Employment Situation for September 2017,employment_situation,September 2017,https://www.bls.gov/schedule/2017/home.htm,2026-10-05T06:10:18Z
2017-10-11,10:00,2017-10-11T14:00:00Z,Job Openings and Labor Turnover Survey for August 2017,jolts,August 2017,https://www.bls.gov/schedule/2017/home.htm,2026-10-05T06:10:18Z
2017-10-12,08:30,2017-10-12T12:30:00Z,Producer Price Index for September 2017,ppi,September 2017,https://www.bls.gov/schedule/2017/home.htm,2026-10-05T06:10:18Z
2017-10-13,08:30,2017-10-13T12:30:00Z,Consumer Price Index for September 2017,cpi,September 2017,https://www.bls.gov/schedule/2017/home.htm,2026-10-05T06:10:18Z
2017-10-13,08:30,2017-10-13T12:30:00Z,Real Earnings for September 2017,real_earnings,September 2017,https://www.bls.gov/schedule/2017/home.htm,2026-10-05T06:10:18Z
2017-10-17,08:30,2017-10-17T12:30:00Z,U.S. Import and Export Price Indexes for September 2017,import_export_prices,September 2017,https://www.bls.gov/schedule/2017/home.htm,2026-10-05T06:10:18Z
2017-10-18,10:00,2017-10-18T14:00:00Z,Usual Weekly Earnings of Wage and Salary Workers for Third Quarter 2017,other_bls,Third Quarter 2017,https://www.bls.gov/schedule/2017/home.htm,2026-10-05T06:10:18Z
2017-10-20,10:00,2017-10-20T14:00:00Z,State Employment and Unemployment (Monthly) for September 2017,other_bls,September 2017,https://www.bls.gov/schedule/2017/home.htm,2026-10-05T06:10:18Z
2017-10-24,10:00,2017-10-24T14:00:00Z,Employment Projections and Occupational Outlook Handbook for,other_bls,,https://www.bls.gov/schedule/2017/home.htm,2026-10-05T06:10:18Z
2017-10-31,08:30,2017-10-31T12:30:00Z,Employment Cost Index for Third Quarter 2017,employment_cost_index,Third Quarter 2017,https://www.bls.gov/schedule/2017/home.htm,2026-10-05T06:10:18Z
2017-11-01,10:00,2017-11-01T14:00:00Z,Metropolitan Area Employment and Unemployment (Monthly) for September 2017,other_bls,September 2017,https://www.bls.gov/schedule/2017/home.htm,2026-10-05T06:10:18Z
2017-11-02,08:30,2017-11-02T12:30:00Z,Productivity and Costs (P) for Third Quarter 2017,productivity_costs,Third Quarter 2017,https://www.bls.gov/schedule/2017/home.htm,2026-10-05T06:10:18Z
2017-11-03,08:30,2017-11-03T12:30:00Z,Employment Situation for October 2017,employment_situation,October 2017,https://www.bls.gov/schedule/2017/home.htm,2026-10-05T06:10:18Z
2017-11-07,10:00,2017-11-07T15:00:00Z,Job Openings and Labor Turnover Survey for September 2017,jolts,September 2017,https://www.bls.gov/schedule/2017/home.htm,2026-10-05T06:10:18Z
2017-11-08,10:00,2017-11-08T15:00:00Z,Quarterly Data Series on Business Employment Dynamics for First Quarter 2017,other_bls,First Quarter 2017,https://www.bls.gov/schedule/2017/home.htm,2026-10-05T06:10:18Z
2017-11-09,10:00,2017-11-09T15:00:00Z,Employer-Reported Workplace Injuries and Illnesses (Annual) for 2016,other_bls,2016,https://www.bls.gov/schedule/2017/home.htm,2026-10-05T06:10:18Z
2017-11-14,08:30,2017-11-14T13:30:00Z,Producer Price Index for October 2017,ppi,October 2017,https://www.bls.gov/schedule/2017/home.htm,2026-10-05T06:10:18Z
2017-11-15,08:30,2017-11-15T13:30:00Z,Consumer Price Index for October 2017,cpi,October 2017,https://www.bls.gov/schedule/2017/home.htm,2026-10-05T06:10:18Z
2017-11-15,08:30,2017-11-15T13:30:00Z,Real Earnings for October 2017,real_earnings,October 2017,https://www.bls.gov/schedule/2017/home.htm,2026-10-05T06:10:18Z
2017-11-16,08:30,2017-11-16T13:30:00Z,U.S. Import and Export Price Indexes for October 2017,import_export_prices,October 2017,https://www.bls.gov/schedule/2017/home.htm,2026-10-05T06:10:18Z
2017-11-17,10:00,2017-11-17T15:00:00Z,State Employment and Unemployment (Monthly) for October 2017,other_bls,October 2017,https://www.bls.gov/schedule/2017/home.htm,2026-10-05T06:10:18Z
2017-11-29,10:00,2017-11-29T15:00:00Z,Occupational Requirements in the United States for Annual 2017,other_bls,Annual 2017,https://www.bls.gov/schedule/2017/home.htm,2026-10-05T06:10:18Z
2017-11-30,10:00,2017-11-30T15:00:00Z,Metropolitan Area Employment and Unemployment (Monthly) for October 2017,other_bls,October 2017,https://www.bls.gov/schedule/2017/home.htm,2026-10-05T06:10:18Z
2017-12-05,10:00,2017-12-05T15:00:00Z,County Employment and Wages for Second Quarter 2017,other_bls,Second Quarter 2017,https://www.bls.gov/schedule/2017/home.htm,2026-10-05T06:10:18Z
2017-12-05,10:00,2017-12-05T15:00:00Z,Work Experience of the Population (Annual) for 2016,other_bls,2016,https://www.bls.gov/schedule/2017/home.htm,2026-10-05T06:10:18Z
2017-12-06,08:30,2017-12-06T13:30:00Z,Productivity and Costs (R) for Third Quarter 2017,productivity_costs,Third Quarter 2017,https://www.bls.gov/schedule/2017/home.htm,2026-10-05T06:10:18Z
2017-12-08,08:30,2017-12-08T13:30:00Z,Employment Situation for November 2017,employment_situation,November 2017,https://www.bls.gov/schedule/2017/home.htm,2026-10-05T06:10:18Z
2017-12-11,10:00,2017-12-11T15:00:00Z,Job Openings and Labor Turnover Survey for October 2017,jolts,October 2017,https://www.bls.gov/schedule/2017/home.htm,2026-10-05T06:10:18Z
2017-12-12,08:30,2017-12-12T13:30:00Z,Producer Price Index for November 2017,ppi,November 2017,https://www.bls.gov/schedule/2017/home.htm,2026-10-05T06:10:18Z
2017-12-13,08:30,2017-12-13T13:30:00Z,Consumer Price Index for November 2017,cpi,November 2017,https://www.bls.gov/schedule/2017/home.htm,2026-10-05T06:10:18Z
2017-12-13,08:30,2017-12-13T13:30:00Z,Real Earnings for November 2017,real_earnings,November 2017,https://www.bls.gov/schedule/2017/home.htm,2026-10-05T06:10:18Z
2017-12-14,08:30,2017-12-14T13:30:00Z,U.S. Import and Export Price Indexes for November 2017,import_export_prices,November 2017,https://www.bls.gov/schedule/2017/home.htm,2026-10-05T06:10:18Z
2017-12-15,10:00,2017-12-15T15:00:00Z,Employer Costs for Employee Compensation for September 2017,other_bls,Employee Compensation for September 2017,https://www.bls.gov/schedule/2017/home.htm,2026-10-05T06:10:18Z
2017-12-19,10:00,2017-12-19T15:00:00Z,Census of Fatal Occupational Injuries for Annual 2016,other_bls,Annual 2016,https://www.bls.gov/schedule/2017/home.htm,2026-10-05T06:10:18Z
2017-12-22,10:00,2017-12-22T15:00:00Z,State Employment and Unemployment (Monthly) for November 2017,other_bls,November 2017,https://www.bls.gov/schedule/2017/home.htm,2026-10-05T06:10:18Z
2018-01-04,10:00,2018-01-04T15:00:00Z,Metropolitan Area Employment and Unemployment (Monthly) for November 2017,other_bls,November 2017,https://www.bls.gov/schedule/2018/home.htm,2026-10-05T06:10:18Z
2018-01-05,08:30,2018-01-05T13:30:00Z,Employment Situation for December 2017,employment_situation,December 2017,https://www.bls.gov/schedule/2018/home.htm,2026-10-05T06:10:18Z
2018-01-09,10:00,2018-01-09T15:00:00Z,Job Openings and Labor Turnover Survey for November 2017,jolts,November 2017,https://www.bls.gov/schedule/2018/home.htm,2026-10-05T06:10:18Z
2018-01-10,08:30,2018-01-10T13:30:00Z,U.S. Import and Export Price Indexes for December 2017,import_export_prices,December 2017,https://www.bls.gov/schedule/2018/home.htm,2026-10-05T06:10:18Z
2018-01-11,08:30,2018-01-11T13:30:00Z,Producer Price Index for December 2017,ppi,December 2017,https://www.bls.gov/schedule/2018/home.htm,2026-10-05T06:10:18Z
2018-01-12,08:30,2018-01-12T13:30:00Z,Consumer Price Index for December 2017,cpi,December 2017,https://www.bls.gov/schedule/2018/home.htm,2026-10-05T06:10:18Z
2018-01-12,08:30,2018-01-12T13:30:00Z,Real Earnings for December 2017,real_earnings,December 2017,https://www.bls.gov/schedule/2018/home.htm,2026-10-05T06:10:18Z
2018-01-17,10:00,2018-01-17T15:00:00Z,Usual Weekly Earnings of Wage and Salary Workers for Fourth Quarter 2017,other_bls,Fourth Quarter 2017,https://www.bls.gov/schedule/2018/home.htm,2026-10-05T06:10:18Z
2018-01-19,10:00,2018-01-19T15:00:00Z,Union Membership (Annual) for 2017,other_bls,2017,https://www.bls.gov/schedule/2018/home.htm,2026-10-05T06:10:18Z
2018-01-23,10:00,2018-01-23T15:00:00Z,State Employment and Unemployment (Monthly) for December 2017,other_bls,December 2017,https://www.bls.gov/schedule/2018/home.htm,2026-10-05T06:10:18Z
2018-01-26,10:00,2018-01-26T15:00:00Z,Quarterly Data Series on Business Employment Dynamics for Second Quarter 2017,other_bls,Second Quarter 2017,https://www.bls.gov/schedule/2018/home.htm,2026-10-05T06:10:18Z
2018-01-31,08:30,2018-01-31T13:30:00Z,Employment Cost Index for Fourth Quarter 2017,employment_cost_index,Fourth Quarter 2017,https://www.bls.gov/schedule/2018/home.htm,2026-10-05T06:10:18Z
2018-02-01,08:30,2018-02-01T13:30:00Z,Productivity and Costs (P) for Fourth Quarter 2017,productivity_costs,Fourth Quarter 2017,https://www.bls.gov/schedule/2018/home.htm,2026-10-05T06:10:18Z
2018-02-02,08:30,2018-02-02T13:30:00Z,Employment Situation for January 2018,employment_situation,January 2018,https://www.bls.gov/schedule/2018/home.htm,2026-10-05T06:10:18Z
2018-02-06,10:00,2018-02-06T15:00:00Z,Job Openings and Labor Turnover Survey for December 2017,jolts,December 2017,https://www.bls.gov/schedule/2018/home.htm,2026-10-05T06:10:18Z
2018-02-06,10:00,2018-02-06T15:00:00Z,Metropolitan Area Employment and Unemployment (Monthly) for December 2017,other_bls,December 2017,https://www.bls.gov/schedule/2018/home.htm,2026-10-05T06:10:18Z
2018-02-09,10:00,2018-02-09T15:00:00Z,Major Work Stoppages (Annual) for 2017,other_bls,2017,https://www.bls.gov/schedule/2018/home.htm,2026-10-05T06:10:18Z
2018-02-14,08:30,2018-02-14T13:30:00Z,Consumer Price Index for January 2018,cpi,January 2018,https://www.bls.gov/schedule/2018/home.htm,2026-10-05T06:10:18Z
2018-02-14,08:30,2018-02-14T13:30:00Z,Real Earnings for January 2018,real_earnings,January 2018,https://www.bls.gov/schedule/2018/home.htm,2026-10-05T06:10:18Z
2018-02-15,08:30,2018-02-15T13:30:00Z,Producer Price Index for January 2018,ppi,January 2018,https://www.bls.gov/schedule/2018/home.htm,2026-10-05T06:10:18Z
2018-02-16,08:30,2018-02-16T13:30:00Z,U.S. Import and Export Price Indexes for January 2018,import_export_prices,January 2018,https://www.bls.gov/schedule/2018/home.htm,2026-10-05T06:10:18Z
2018-02-27,10:00,2018-02-27T15:00:00Z,State Unemployment (Annual) for 2017,other_bls,2017,https://www.bls.gov/schedule/2018/home.htm,2026-10-05T06:10:18Z
2018-03-07,08:30,2018-03-07T13:30:00Z,Productivity and Costs (R) for Fourth Quarter 2017,productivity_costs,Fourth Quarter 2017,https://www.bls.gov/schedule/2018/home.htm,2026-10-05T06:10:18Z
2018-03-08,10:00,2018-03-08T15:00:00Z,County Employment and Wages for Third Quarter 2017,other_bls,Third Quarter 2017,https://www.bls.gov/schedule/2018/home.htm,2026-10-05T06:10:18Z
2018-03-09,08:30,2018-03-09T13:30:00Z,Employment Situation for February 2018,employment_situation,February 2018,https://www.bls.gov/schedule/2018/home.htm,2026-10-05T06:10:18Z
2018-03-12,10:00,2018-03-12T14:00:00Z,State Employment and Unemployment (Monthly) for January 2018,other_bls,January 2018,https://www.bls.gov/schedule/2018/home.htm,2026-10-05T06:10:18Z
2018-03-13,08:30,2018-03-13T12:30:00Z,Consumer Price Index for February 2018,cpi,February 2018,https://www.bls.gov/schedule/2018/home.htm,2026-10-05T06:10:18Z
2018-03-13,08:30,2018-03-13T12:30:00Z,Real Earnings for February 2018,real_earnings,February 2018,https://www.bls.gov/schedule/2018/home.htm,2026-10-05T06:10:18Z
2018-03-14,08:30,2018-03-14T12:30:00Z,Producer Price Index for February 2018,ppi,February 2018,https://www.bls.gov/schedule/2018/home.htm,2026-10-05T06:10:18Z
2018-03-15,08:30,2018-03-15T12:30:00Z,U.S. Import and Export Price Indexes for February 2018,import_export_prices,February 2018,https://www.bls.gov/schedule/2018/home.htm,2026-10-05T06:10:18Z
2018-03-16,10:00,2018-03-16T14:00:00Z,Job Openings and Labor Turnover Survey for January 2018,jolts,January 2018,https://www.bls.gov/schedule/2018/home.htm,2026-10-05T06:10:18Z
2018-03-16,10:00,2018-03-16T14:00:00Z,Metropolitan Area Employment and Unemployment (Monthly) for January 2018,other_bls,January 2018,https://www.bls.gov/schedule/2018/home.htm,2026-10-05T06:10:18Z
2018-03-20,10:00,2018-03-20T14:00:00Z,Employer Costs for Employee Compensation for December 2017,other_bls,Employee Compensation for December 2017,https://www.bls.gov/schedule/2018/home.htm,2026-10-05T06:10:18Z
2018-03-21,10:00,2018-03-21T14:00:00Z,Multifactor Productivity Trends for Annual 2017,other_bls,Annual 2017,https://www.bls.gov/schedule/2018/home.htm,2026-10-05T06:10:18Z
2018-03-22,10:00,2018-03-22T14:00:00Z,Employment Situation of Veterans for Annual 2017,employment_situation,Annual 2017,https://www.bls.gov/schedule/2018/home.htm,2026-10-05T06:10:18Z
2018-03-23,10:00,2018-03-23T14:00:00Z,State Employment and Unemployment (Monthly) for February 2018,other_bls,February 2018,https://www.bls.gov/schedule/2018/home.htm,2026-10-05T06:10:18Z
2018-03-30,10:00,2018-03-30T14:00:00Z,Occupational Employment and Wages for May 2017,other_bls,May 2017,https://www.bls.gov/schedule/2018/home.htm,2026-10-05T06:10:18Z
2018-04-04,10:00,2018-04-04T14:00:00Z,Metropolitan Area Employment and Unemployment (Monthly) for February 2018,other_bls,February 2018,https://www.bls.gov/schedule/2018/home.htm,2026-10-05T06:10:18Z
2018-04-06,08:30,2018-04-06T12:30:00Z,Employment Situation for March 2018,employment_situation,March 2018,https://www.bls.gov/schedule/2018/home.htm,2026-10-05T06:10:18Z
2018-04-10,08:30,2018-04-10T12:30:00Z,Producer Price Index for March 2018,ppi,March 2018,https://www.bls.gov/schedule/2018/home.htm,2026-10-05T06:10:18Z
2018-04-11,08:30,2018-04-11T12:30:00Z,Consumer Price Index for March 2018,cpi,March 2018,https://www.bls.gov/schedule/2018/home.htm,2026-10-05T06:10:18Z
2018-04-11,08:30,2018-04-11T12:30:00Z,Real Earnings for March 2018,real_earnings,March 2018,https://www.bls.gov/schedule/2018/home.htm,2026-10-05T06:10:18Z
2018-04-12,08:30,2018-04-12T12:30:00Z,U.S. Import and Export Price Indexes for March 2018,import_export_prices,March 2018,https://www.bls.gov/schedule/2018/home.htm,2026-10-05T06:10:18Z
2018-04-13,10:00,2018-04-13T14:00:00Z,Job Openings and Labor Turnover Survey for February 2018,jolts,February 2018,https://www.bls.gov/schedule/2018/home.htm,2026-10-05T06:10:18Z
2018-04-13,10:00,2018-04-13T14:00:00Z,Usual Weekly Earnings of Wage and Salary Workers for First Quarter 2018,other_bls,First Quarter 2018,https://www.bls.gov/schedule/2018/home.htm,2026-10-05T06:10:18Z
2018-04-17,10:00,2018-04-17T14:00:00Z,Employment Experience of Youths: Results from a Longitudinal Survey for,other_bls,,https://www.bls.gov/schedule/2018/home.htm,2026-10-05T06:10:18Z
2018-04-19,10:00,2018-04-19T14:00:00Z,Employment Characteristics of Families for Annual 2017,other_bls,Annual 2017,https://www.bls.gov/schedule/2018/home.htm,2026-10-05T06:10:18Z
2018-04-19,10:00,2018-04-19T14:00:00Z,Productivity and Costs by Industry: Manufacturing and Mining Industries for Annual 2017,productivity_costs,Annual 2017,https://www.bls.gov/schedule/2018/home.htm,2026-10-05T06:10:18Z
2018-04-20,10:00,2018-04-20T14:00:00Z,State Employment and Unemployment (Monthly) for March 2018,other_bls,March 2018,https://www.bls.gov/schedule/2018/home.htm,2026-10-05T06:10:18Z
2018-04-25,10:00,2018-04-25T14:00:00Z,Quarterly Data Series on Business Employment Dynamics for Third Quarter 2017,other_bls,Third Quarter 2017,https://www.bls.gov/schedule/2018/home.htm,2026-10-05T06:10:18Z
2018-04-26,10:00,2018-04-26T14:00:00Z,College Enrollment and Work Activity of High School Graduates for Annual 2017,other_bls,Annual 2017,https://www.bls.gov/schedule/2018/home.htm,2026-10-05T06:10:18Z
2018-04-26,10:00,2018-04-26T14:00:00Z,Consumer Expenditures Survey Midyear Update for Midyear 2016-2017,other_bls,Midyear 2016-2017,https://www.bls.gov/schedule/2018/home.htm,2026-10-05T06:10:18Z
2018-04-27,08:30,2018-04-27T12:30:00Z,Employment Cost Index for First Quarter 2018,employment_cost_index,First Quarter 2018,https://www.bls.gov/schedule/2018/home.htm,2026-10-05T06:10:18Z
2018-05-02,10:00,2018-05-02T14:00:00Z,Metropolitan Area Employment and Unemployment (Monthly) for March 2018,other_bls,March 2018,https://www.bls.gov/schedule/2018/home.htm,2026-10-05T06:10:18Z
2018-05-03,08:30,2018-05-03T12:30:00Z,Productivity and Costs (P) for First Quarter 2018,productivity_costs,First Quarter 2018,https://www.bls.gov/schedule/2018/home.htm,2026-10-05T06:10:18Z
2018-05-04,08:30,2018-05-04T12:30:00Z,Employment Situation for April 2018,employment_situation,April 2018,https://www.bls.gov/schedule/2018/home.htm,2026-10-05T06:10:18Z
2018-05-08,10:00,2018-05-08T14:00:00Z,Job Openings and Labor Turnover Survey for March 2018,jolts,March 2018,https://www.bls.gov/schedule/2018/home.htm,2026-10-05T06:10:18Z
2018-05-09,08:30,2018-05-09T12:30:00Z,Producer Price Index for April 2018,ppi,April 2018,https://www.bls.gov/schedule/2018/home.htm,2026-10-05T06:10:18Z
2018-05-10,08:30,2018-05-10T12:30:00Z,Consumer Price Index for April 2018,cpi,April 2018,https://www.bls.gov/schedule/2018/home.htm,2026-10-05T06:10:18Z
2018-05-10,08:30,2018-05-10T12:30:00Z,Real Earnings for April 2018,real_earnings,April 2018,https://www.bls.gov/schedule/2018/home.htm,2026-10-05T06:10:18Z
2018-05-11,08:30,2018-05-11T12:30:00Z,U.S. Import and Export Price Indexes for April 2018,import_export_prices,April 2018,https://www.bls.gov/schedule/2018/home.htm,2026-10-05T06:10:18Z
2018-05-16,10:00,2018-05-16T14:00:00Z,Multifactor Productivity Trends in Manufacturing for Annual 2016,other_bls,Annual 2016,https://www.bls.gov/schedule/2018/home.htm,2026-10-05T06:10:18Z
2018-05-17,10:00,2018-05-17T14:00:00Z,Labor Force Characteristics of Foreign-born Workers for Annual 2017,other_bls,Annual 2017,https://www.bls.gov/schedule/2018/home.htm,2026-10-05T06:10:18Z
2018-05-17,10:00,2018-05-17T14:00:00Z,Productivity and Costs by Industry: Selected Service-Providing Industries for Annual 2017,productivity_costs,Annual 2017,https://www.bls.gov/schedule/2018/home.htm,2026-10-05T06:10:18Z
2018-05-18,10:00,2018-05-18T14:00:00Z,State Employment and Unemployment (Monthly) for April 2018,other_bls,April 2018,https://www.bls.gov/schedule/2018/home.htm,2026-10-05T06:10:18Z
2018-05-23,10:00,2018-05-23T14:00:00Z,County Employment and Wages for Fourth Quarter 2017,other_bls,Fourth Quarter 2017,https://www.bls.gov/schedule/2018/home.htm,2026-10-05T06:10:18Z
2018-05-30,10:00,2018-05-30T14:00:00Z,Metropolitan Area Employment and Unemployment (Monthly) for April 2018,other_bls,April 2018,https://www.bls.gov/schedule/2018/home.htm,2026-10-05T06:10:18Z
2018-06-01,08:30,2018-06-01T12:30:00Z,Employment Situation for May 2018,employment_situation,May 2018,https://www.bls.gov/schedule/2018/home.htm,2026-10-05T06:10:18Z
2018-06-05,10:00,2018-06-05T14:00:00Z,Job Openings and Labor Turnover Survey for April 2018,jolts,April 2018,https://www.bls.gov/schedule/2018/home.htm,2026-10-05T06:10:18Z
2018-06-06,08:30,2018-06-06T12:30:00Z,Productivity and Costs (R) for First Quarter 2018,productivity_costs,First Quarter 2018,https://www.bls.gov/schedule/2018/home.htm,2026-10-05T06:10:18Z
2018-06-07,10:00,2018-06-07T14:00:00Z,Contingent and Alternative Employment Arrangements for May 2017,other_bls,May 2017,https://www.bls.gov/schedule/2018/home.htm,2026-10-05T06:10:18Z
2018-06-07,10:00,2018-06-07T14:00:00Z,County Employment and Wages Full Data Update for Fourth Quarter 2017,other_bls,Fourth Quarter 2017,https://www.bls.gov/schedule/2018/home.htm,2026-10-05T06:10:18Z
2018-06-08,10:00,2018-06-08T14:00:00Z,Employer Costs for Employee Compensation for March 2018,other_bls,Employee Compensation for March 2018,https://www.bls.gov/schedule/2018/home.htm,2026-10-05T06:10:18Z
2018-06-12,08:30,2018-06-12T12:30:00Z,Consumer Price Index for May 2018,cpi,May 2018,https://www.bls.gov/schedule/2018/home.htm,2026-10-05T06:10:18Z
2018-06-12,08:30,2018-06-12T12:30:00Z,Real Earnings for May 2018,real_earnings,May 2018,https://www.bls.gov/schedule/2018/home.htm,2026-10-05T06:10:18Z
2018-06-13,08:30,2018-06-13T12:30:00Z,Producer Price Index for May 2018,ppi,May 2018,https://www.bls.gov/schedule/2018/home.htm,2026-10-05T06:10:18Z
2018-06-14,08:30,2018-06-14T12:30:00Z,U.S. Import and Export Price Indexes for May 2018,import_export_prices,May 2018,https://www.bls.gov/schedule/2018/home.htm,2026-10-05T06:10:18Z
2018-06-15,10:00,2018-06-15T14:00:00Z,State Employment and Unemployment (Monthly) for May 2018,other_bls,May 2018,https://www.bls.gov/schedule/2018/home.htm,2026-10-05T06:10:18Z
2018-06-21,10:00,2018-06-21T14:00:00Z,Persons with a Disability: Labor Force Characteristics for Annual 2017,other_bls,Annual 2017,https://www.bls.gov/schedule/2018/home.htm,2026-10-05T06:10:18Z
2018-06-27,10:00,2018-06-27T14:00:00Z,Metropolitan Area Employment and Unemployment (Monthly) for May 2018,other_bls,May 2018,https://www.bls.gov/schedule/2018/home.htm,2026-10-05T06:10:18Z
2018-06-28,10:00,2018-06-28T14:00:00Z,American Time Use Survey for Annual 2017,other_bls,Annual 2017,https://www.bls.gov/schedule/2018/home.htm,2026-10-05T06:10:18Z
2018-06-28,10:00,2018-06-28T14:00:00Z,Multifactor Productivity Trends for Detailed Industries for Annual 2016,other_bls,Detailed Industries for Annual 2016,https://www.bls.gov/schedule/2018/home.htm,2026-10-05T06:10:18Z
2018-07-06,08:30,2018-07-06T12:30:00Z,Employment Situation for June 2018,employment_situation,June 2018,https://www.bls.gov/schedule/2018/home.htm,2026-10-05T06:10:18Z
2018-07-10,10:00,2018-07-10T14:00:00Z,Job Openings and Labor Turnover Survey for May 2018,jolts,May 2018,https://www.bls.gov/schedule/2018/home.htm,2026-10-05T06:10:18Z
2018-07-11,08:30,2018-07-11T12:30:00Z,Producer Price Index for June 2018,ppi,June 2018,https://www.bls.gov/schedule/2018/home.htm,2026-10-05T06:10:18Z
2018-07-12,08:30,2018-07-12T12:30:00Z,Consumer Price Index for June 2018,cpi,June 2018,https://www.bls.gov/schedule/2018/home.htm,2026-10-05T06:10:18Z
2018-07-12,08:30,2018-07-12T12:30:00Z,Real Earnings for June 2018,real_earnings,June 2018,https://www.bls.gov/schedule/2018/home.htm,2026-10-05T06:10:18Z
2018-07-13,08:30,2018-07-13T12:30:00Z,U.S. Import and Export Price Indexes for June 2018,import_export_prices,June 2018,https://www.bls.gov/schedule/2018/home.htm,2026-10-05T06:10:18Z
2018-07-17,10:00,2018-07-17T14:00:00Z,Usual Weekly Earnings of Wage and Salary Workers for Second Quarter 2018,other_bls,Second Quarter 2018,https://www.bls.gov/schedule/2018/home.htm,2026-10-05T06:10:18Z
2018-07-19,10:00,2018-07-19T14:00:00Z,"Productivity and Costs by Industry: Wholesale Trade, Retail Trade, and Food Services and Drinking Places for Annual 2017",productivity_costs,Annual 2017,https://www.bls.gov/schedule/2018/home.htm,2026-10-05T06:10:18Z
2018-07-20,10:00,2018-07-20T14:00:00Z,Employee Benefits in the United States for March 2018,other_bls,March 2018,https://www.bls.gov/schedule/2018/home.htm,2026-10-05T06:10:18Z
2018-07-20,10:00,2018-07-20T14:00:00Z,State Employment and Unemployment (Monthly) for June 2018,other_bls,June 2018,https://www.bls.gov/schedule/2018/home.htm,2026-10-05T06:10:18Z
2018-07-25,10:00,2018-07-25T14:00:00Z,Quarterly Data Series on Business Employment Dynamics for Fourth Quarter 2017,other_bls,Fourth Quarter 2017,https://www.bls.gov/schedule/2018/home.htm,2026-10-05T06:10:18Z
2018-07-31,08:30,2018-07-31T12:30:00Z,Employment Cost Index for Second Quarter 2018,employment_cost_index,Second Quarter 2018,https://www.bls.gov/schedule/2018/home.htm,2026-10-05T06:10:18Z
2018-08-01,10:00,2018-08-01T14:00:00Z,Metropolitan Area Employment and Unemployment (Monthly) for June 2018,other_bls,June 2018,https://www.bls.gov/schedule/2018/home.htm,2026-10-05T06:10:18Z
2018-08-03,08:30,2018-08-03T12:30:00Z,Employment Situation for July 2018,employment_situation,July 2018,https://www.bls.gov/schedule/2018/home.htm,2026-10-05T06:10:18Z
2018-08-07,10:00,2018-08-07T14:00:00Z,Job Openings and Labor Turnover Survey for June 2018,jolts,June 2018,https://www.bls.gov/schedule/2018/home.htm,2026-10-05T06:10:18Z
2018-08-09,08:30,2018-08-09T12:30:00Z,Producer Price Index for July 2018,ppi,July 2018,https://www.bls.gov/schedule/2018/home.htm,2026-10-05T06:10:18Z
2018-08-10,08:30,2018-08-10T12:30:00Z,Consumer Price Index for July 2018,cpi,July 2018,https://www.bls.gov/schedule/2018/home.htm,2026-10-05T06:10:18Z
2018-08-10,08:30,2018-08-10T12:30:00Z,Real Earnings for July 2018,real_earnings,July 2018,https://www.bls.gov/schedule/2018/home.htm,2026-10-05T06:10:18Z
2018-08-14,08:30,2018-08-14T12:30:00Z,U.S. Import and Export Price Indexes for July 2018,import_export_prices,July 2018,https://www.bls.gov/schedule/2018/home.htm,2026-10-05T06:10:18Z
2018-08-15,08:30,2018-08-15T12:30:00Z,Productivity and Costs (P) for Second Quarter 2018,productivity_costs,Second Quarter 2018,https://www.bls.gov/schedule/2018/home.htm,2026-10-05T06:10:18Z
2018-08-16,10:00,2018-08-16T14:00:00Z,Summer Youth Labor Force for Annual 2018,other_bls,Annual 2018,https://www.bls.gov/schedule/2018/home.htm,2026-10-05T06:10:18Z
2018-08-17,10:00,2018-08-17T14:00:00Z,State Employment and Unemployment (Monthly) for July 2018,other_bls,July 2018,https://www.bls.gov/schedule/2018/home.htm,2026-10-05T06:10:18Z
2018-08-22,10:00,2018-08-22T14:00:00Z,County Employment and Wages for First Quarter 2018,other_bls,First Quarter 2018,https://www.bls.gov/schedule/2018/home.htm,2026-10-05T06:10:18Z
2018-08-28,10:00,2018-08-28T14:00:00Z,Worker Displacement for 2015-2017,other_bls,2015-2017,https://www.bls.gov/schedule/2018/home.htm,2026-10-05T06:10:18Z
2018-08-29,10:00,2018-08-29T14:00:00Z,Metropolitan Area Employment and Unemployment (Monthly) for July 2018,other_bls,July 2018,https://www.bls.gov/schedule/2018/home.htm,2026-10-05T06:10:18Z
2018-09-05,10:00,2018-09-05T14:00:00Z,County Employment and Wages Full Data Update for First Quarter 2018,other_bls,First Quarter 2018,https://www.bls.gov/schedule/2018/home.htm,2026-10-05T06:10:18Z
2018-09-06,08:30,2018-09-06T12:30:00Z,Productivity and Costs (R) for Second Quarter 2018,productivity_costs,Second Quarter 2018,https://www.bls.gov/schedule/2018/home.htm,2026-10-05T06:10:18Z
2018-09-07,08:30,2018-09-07T12:30:00Z,Employment Situation for August 2018,employment_situation,August 2018,https://www.bls.gov/schedule/2018/home.htm,2026-10-05T06:10:18Z
2018-09-11,10:00,2018-09-11T14:00:00Z,Consumer Expenditures (Annual) for Annual 2017,other_bls,Annual 2017,https://www.bls.gov/schedule/2018/home.htm,2026-10-05T06:10:18Z
2018-09-11,10:00,2018-09-11T14:00:00Z,Job Openings and Labor Turnover Survey for July 2018,jolts,July 2018,https://www.bls.gov/schedule/2018/home.htm,2026-10-05T06:10:18Z
2018-09-12,08:30,2018-09-12T12:30:00Z,Producer Price Index for August 2018,ppi,August 2018,https://www.bls.gov/schedule/2018/home.htm,2026-10-05T06:10:18Z
2018-09-13,08:30,2018-09-13T12:30:00Z,Consumer Price Index for August 2018,cpi,August 2018,https://www.bls.gov/schedule/2018/home.htm,2026-10-05T06:10:18Z
2018-09-13,08:30,2018-09-13T12:30:00Z,Real Earnings for August 2018,real_earnings,August 2018,https://www.bls.gov/schedule/2018/home.htm,2026-10-05T06:10:18Z
2018-09-14,08:30,2018-09-14T12:30:00Z,U.S. Import and Export Price Indexes for August 2018,import_export_prices,August 2018,https://www.bls.gov/schedule/2018/home.htm,2026-10-05T06:10:18Z
2018-09-18,10:00,2018-09-18T14:00:00Z,Employer Costs for Employee Compensation for June 2018,other_bls,Employee Compensation for June 2018,https://www.bls.gov/schedule/2018/home.htm,2026-10-05T06:10:18Z
2018-09-20,10:00,2018-09-20T14:00:00Z,Employee Tenure for Annual 2018,other_bls,Annual 2018,https://www.bls.gov/schedule/2018/home.htm,2026-10-05T06:10:18Z
2018-09-21,10:00,2018-09-21T14:00:00Z,State Employment and Unemployment (Monthly) for August 2018,other_bls,August 2018,https://www.bls.gov/schedule/2018/home.htm,2026-10-05T06:10:18Z
2018-10-03,10:00,2018-10-03T14:00:00Z,Metropolitan Area Employment and Unemployment (Monthly) for August 2018,other_bls,August 2018,https://www.bls.gov/schedule/2018/home.htm,2026-10-05T06:10:18Z
2018-10-05,08:30,2018-10-05T12:30:00Z,Employment Situation for September 2018,employment_situation,September 2018,https://www.bls.gov/schedule/2018/home.htm,2026-10-05T06:10:18Z
2018-10-10,08:30,2018-10-10T12:30:00Z,Producer Price Index for September 2018,ppi,September 2018,https://www.bls.gov/schedule/2018/home.htm,2026-10-05T06:10:18Z
2018-10-11,08:30,2018-10-11T12:30:00Z,Consumer Price Index for September 2018,cpi,September 2018,https://www.bls.gov/schedule/2018/home.htm,2026-10-05T06:10:18Z
2018-10-11,08:30,2018-10-11T12:30:00Z,Real Earnings for September 2018,real_earnings,September 2018,https://www.bls.gov/schedule/2018/home.htm,2026-10-05T06:10:18Z
2018-10-12,08:30,2018-10-12T12:30:00Z,U.S. Import and Export Price Indexes for September 2018,import_export_prices,September 2018,https://www.bls.gov/schedule/2018/home.htm,2026-10-05T06:10:18Z
2018-10-16,10:00,2018-10-16T14:00:00Z,Job Openings and Labor Turnover Survey for August 2018,jolts,August 2018,https://www.bls.gov/schedule/2018/home.htm,2026-10-05T06:10:18Z
2018-10-16,10:00,2018-10-16T14:00:00Z,Usual Weekly Earnings of Wage and Salary Workers for Third Quarter 2018,other_bls,Third Quarter 2018,https://www.bls.gov/schedule/2018/home.htm,2026-10-05T06:10:18Z
2018-10-19,10:00,2018-10-19T14:00:00Z,State Employment and Unemployment (Monthly) for September 2018,other_bls,September 2018,https://www.bls.gov/schedule/2018/home.htm,2026-10-05T06:10:18Z
2018-10-31,08:30,2018-10-31T12:30:00Z,Employment Cost Index for Third Quarter 2018,employment_cost_index,Third Quarter 2018,https://www.bls.gov/schedule/2018/home.htm,2026-10-05T06:10:18Z
2018-11-01,08:30,2018-11-01T12:30:00Z,Productivity and Costs (P) for Third Quarter 2018,productivity_costs,Third Quarter 2018,https://www.bls.gov/schedule/2018/home.htm,2026-10-05T06:10:18Z
2018-11-02,08:30,2018-11-02T12:30:00Z,Employment Situation for October 2018,employment_situation,October 2018,https://www.bls.gov/schedule/2018/home.htm,2026-10-05T06:10:18Z
2018-11-06,10:00,2018-11-06T15:00:00Z,Job Openings and Labor Turnover Survey for September 2018,jolts,September 2018,https://www.bls.gov/schedule/2018/home.htm,2026-10-05T06:10:18Z
2018-11-06,10:00,2018-11-06T15:00:00Z,Metropolitan Area Employment and Unemployment (Monthly) for September 2018,other_bls,September 2018,https://www.bls.gov/schedule/2018/home.htm,2026-10-05T06:10:18Z
2018-11-07,10:00,2018-11-07T15:00:00Z,Quarterly Data Series on Business Employment Dynamics for First Quarter 2018,other_bls,First Quarter 2018,https://www.bls.gov/schedule/2018/home.htm,2026-10-05T06:10:18Z
2018-11-08,10:00,2018-11-08T15:00:00Z,Employer-Reported Workplace Injuries and Illnesses (Annual) for Annual 2017,other_bls,Annual 2017,https://www.bls.gov/schedule/2018/home.htm,2026-10-05T06:10:18Z
2018-11-09,08:30,2018-11-09T13:30:00Z,Producer Price Index for October 2018,ppi,October 2018,https://www.bls.gov/schedule/2018/home.htm,2026-10-05T06:10:18Z
2018-11-14,08:30,2018-11-14T13:30:00Z,Consumer Price Index for October 2018,cpi,October 2018,https://www.bls.gov/schedule/2018/home.htm,2026-10-05T06:10:18Z
2018-11-14,08:30,2018-11-14T13:30:00Z,Real Earnings for October 2018,real_earnings,October 2018,https://www.bls.gov/schedule/2018/home.htm,2026-10-05T06:10:18Z
2018-11-15,08:30,2018-11-15T13:30:00Z,U.S. Import and Export Price Indexes for October 2018,import_export_prices,October 2018,https://www.bls.gov/schedule/2018/home.htm,2026-10-05T06:10:18Z
2018-11-16,10:00,2018-11-16T15:00:00Z,State Employment and Unemployment (Monthly) for October 2018,other_bls,October 2018,https://www.bls.gov/schedule/2018/home.htm,2026-10-05T06:10:18Z
2018-11-21,10:00,2018-11-21T15:00:00Z,County Employment and Wages for Second Quarter 2018,other_bls,Second Quarter 2018,https://www.bls.gov/schedule/2018/home.htm,2026-10-05T06:10:18Z
2018-11-29,10:00,2018-11-29T15:00:00Z,Metropolitan Area Employment and Unemployment (Monthly) for October 2018,other_bls,October 2018,https://www.bls.gov/schedule/2018/home.htm,2026-10-05T06:10:18Z
2018-12-06,08:30,2018-12-06T13:30:00Z,Productivity and Costs (R) for Third Quarter 2018,productivity_costs,Third Quarter 2018,https://www.bls.gov/schedule/2018/home.htm,2026-10-05T06:10:18Z
2018-12-07,08:30,2018-12-07T13:30:00Z,Employment Situation for November 2018,employment_situation,November 2018,https://www.bls.gov/schedule/2018/home.htm,2026-10-05T06:10:18Z
2018-12-10,10:00,2018-12-10T15:00:00Z,County Employment and Wages Full Data Update for Second Quarter 2018,other_bls,Second Quarter 2018,https://www.bls.gov/schedule/2018/home.htm,2026-10-05T06:10:18Z
2018-12-10,10:00,2018-12-10T15:00:00Z,Job Openings and Labor Turnover Survey for October 2018,jolts,October 2018,https://www.bls.gov/schedule/2018/home.htm,2026-10-05T06:10:18Z
2018-12-11,08:30,2018-12-11T13:30:00Z,Producer Price Index for November 2018,ppi,November 2018,https://www.bls.gov/schedule/2018/home.htm,2026-10-05T06:10:18Z
2018-12-12,08:30,2018-12-12T13:30:00Z,Consumer Price Index for November 2018,cpi,November 2018,https://www.bls.gov/schedule/2018/home.htm,2026-10-05T06:10:18Z
2018-12-12,08:30,2018-12-12T13:30:00Z,Real Earnings for November 2018,real_earnings,November 2018,https://www.bls.gov/schedule/2018/home.htm,2026-10-05T06:10:18Z
2018-12-13,08:30,2018-12-13T13:30:00Z,U.S. Import and Export Price Indexes for November 2018,import_export_prices,November 2018,https://www.bls.gov/schedule/2018/home.htm,2026-10-05T06:10:18Z
2018-12-14,10:00,2018-12-14T15:00:00Z,Employer Costs for Employee Compensation for September 2018,other_bls,Employee Compensation for September 2018,https://www.bls.gov/schedule/2018/home.htm,2026-10-05T06:10:18Z
2018-12-14,10:00,2018-12-14T15:00:00Z,Work Experience of the Population (Annual) for 2017,other_bls,2017,https://www.bls.gov/schedule/2018/home.htm,2026-10-05T06:10:18Z
2018-12-18,10:00,2018-12-18T15:00:00Z,Census of Fatal Occupational Injuries for Annual 2017,other_bls,Annual 2017,https://www.bls.gov/schedule/2018/home.htm,2026-10-05T06:10:18Z
2018-12-21,10:00,2018-12-21T15:00:00Z,State Employment and Unemployment (Monthly) for November 2018,other_bls,November 2018,https://www.bls.gov/schedule/2018/home.htm,2026-10-05T06:10:18Z
2019-01-03,10:00,2019-01-03T15:00:00Z,Metropolitan Area Employment and Unemployment (Monthly) for November 2018,other_bls,November 2018,https://www.bls.gov/schedule/2019/home.htm,2026-10-05T06:10:18Z
2019-01-04,08:30,2019-01-04T13:30:00Z,Employment Situation for December 2018,employment_situation,December 2018,https://www.bls.gov/schedule/2019/home.htm,2026-10-05T06:10:18Z
2019-01-08,10:00,2019-01-08T15:00:00Z,Job Openings and Labor Turnover Survey for November 2018,jolts,November 2018,https://www.bls.gov/schedule/2019/home.htm,2026-10-05T06:10:18Z
2019-01-11,08:30,2019-01-11T13:30:00Z,Consumer Price Index for December 2018,cpi,December 2018,https://www.bls.gov/schedule/2019/home.htm,2026-10-05T06:10:18Z
2019-01-11,08:30,2019-01-11T13:30:00Z,Real Earnings for December 2018,real_earnings,December 2018,https://www.bls.gov/schedule/2019/home.htm,2026-10-05T06:10:18Z
2019-01-15,08:30,2019-01-15T13:30:00Z,Producer Price Index for December 2018,ppi,December 2018,https://www.bls.gov/schedule/2019/home.htm,2026-10-05T06:10:18Z
2019-01-16,08:30,2019-01-16T13:30:00Z,U.S. Import and Export Price Indexes for December 2018,import_export_prices,December 2018,https://www.bls.gov/schedule/2019/home.htm,2026-10-05T06:10:18Z
2019-01-17,10:00,2019-01-17T15:00:00Z,Usual Weekly Earnings of Wage and Salary Workers for Fourth Quarter 2018,other_bls,Fourth Quarter 2018,https://www.bls.gov/schedule/2019/home.htm,2026-10-05T06:10:18Z
2019-01-18,10:00,2019-01-18T15:00:00Z,State Employment and Unemployment (Monthly) for December 2018,other_bls,December 2018,https://www.bls.gov/schedule/2019/home.htm,2026-10-05T06:10:18Z
2019-01-18,10:00,2019-01-18T15:00:00Z,Union Membership (Annual) for 2018,other_bls,2018,https://www.bls.gov/schedule/2019/home.htm,2026-10-05T06:10:18Z
2019-01-30,10:00,2019-01-30T15:00:00Z,Metropolitan Area Employment and Unemployment (Monthly) for December 2018,other_bls,December 2018,https://www.bls.gov/schedule/2019/home.htm,2026-10-05T06:10:18Z
2019-01-30,10:00,2019-01-30T15:00:00Z,Quarterly Data Series on Business Employment Dynamics for Second Quarter 2018,other_bls,Second Quarter 2018,https://www.bls.gov/schedule/2019/home.htm,2026-10-05T06:10:18Z
2019-01-31,08:30,2019-01-31T13:30:00Z,Employment Cost Index for Fourth Quarter 2018,employment_cost_index,Fourth Quarter 2018,https://www.bls.gov/schedule/2019/home.htm,2026-10-05T06:10:18Z
2019-02-01,08:30,2019-02-01T13:30:00Z,Employment Situation for January 2019,employment_situation,January 2019,https://www.bls.gov/schedule/2019/home.htm,2026-10-05T06:10:18Z
2019-02-06,08:30,2019-02-06T13:30:00Z,Productivity and Costs (P) for Fourth Quarter 2018,productivity_costs,Fourth Quarter 2018,https://www.bls.gov/schedule/2019/home.htm,2026-10-05T06:10:18Z
2019-02-08,10:00,2019-02-08T15:00:00Z,Major Work Stoppages (Annual) for Annual 2018,other_bls,Annual 2018,https://www.bls.gov/schedule/2019/home.htm,2026-10-05T06:10:18Z
2019-02-12,10:00,2019-02-12T15:00:00Z,Job Openings and Labor Turnover Survey for December 2018,jolts,December 2018,https://www.bls.gov/schedule/2019/home.htm,2026-10-05T06:10:18Z
2019-02-13,08:30,2019-02-13T13:30:00Z,Consumer Price Index for January 2019,cpi,January 2019,https://www.bls.gov/schedule/2019/home.htm,2026-10-05T06:10:18Z
2019-02-13,08:30,2019-02-13T13:30:00Z,Real Earnings for January 2019,real_earnings,January 2019,https://www.bls.gov/schedule/2019/home.htm,2026-10-05T06:10:18Z
2019-02-14,08:30,2019-02-14T13:30:00Z,Producer Price Index for January 2019,ppi,January 2019,https://www.bls.gov/schedule/2019/home.htm,2026-10-05T06:10:18Z
2019-02-15,08:30,2019-02-15T13:30:00Z,U.S. Import and Export Price Indexes for January 2019,import_export_prices,January 2019,https://www.bls.gov/schedule/2019/home.htm,2026-10-05T06:10:18Z
2019-02-20,10:00,2019-02-20T15:00:00Z,County Employment and Wages for Third Quarter 2018,other_bls,Third Quarter 2018,https://www.bls.gov/schedule/2019/home.htm,2026-10-05T06:10:18Z
2019-02-21,10:00,2019-02-21T15:00:00Z,Occupational Requirements in the United States for Annual 2018,other_bls,Annual 2018,https://www.bls.gov/schedule/2019/home.htm,2026-10-05T06:10:18Z
2019-02-26,10:00,2019-02-26T15:00:00Z,Persons with a Disability: Labor Force Characteristics for Annual 2018,other_bls,Annual 2018,https://www.bls.gov/schedule/2019/home.htm,2026-10-05T06:10:18Z
2019-02-28,10:00,2019-02-28T15:00:00Z,State Unemployment (Annual) for 2018,other_bls,2018,https://www.bls.gov/schedule/2019/home.htm,2026-10-05T06:10:18Z
2019-03-07,08:30,2019-03-07T13:30:00Z,Productivity and Costs (R) for Fourth Quarter 2018,productivity_costs,Fourth Quarter 2018,https://www.bls.gov/schedule/2019/home.htm,2026-10-05T06:10:18Z
2019-03-08,08:30,2019-03-08T13:30:00Z,Employment Situation for February 2019,employment_situation,February 2019,https://www.bls.gov/schedule/2019/home.htm,2026-10-05T06:10:18Z
2019-03-11,10:00,2019-03-11T14:00:00Z,State Employment and Unemployment (Monthly) for January 2019,other_bls,January 2019,https://www.bls.gov/schedule/2019/home.htm,2026-10-05T06:10:18Z
2019-03-12,08:30,2019-03-12T12:30:00Z,Consumer Price Index for February 2019,cpi,February 2019,https://www.bls.gov/schedule/2019/home.htm,2026-10-05T06:10:18Z
2019-03-12,08:30,2019-03-12T12:30:00Z,Real Earnings for February 2019,real_earnings,February 2019,https://www.bls.gov/schedule/2019/home.htm,2026-10-05T06:10:18Z
2019-03-13,08:30,2019-03-13T12:30:00Z,Producer Price Index for February 2019,ppi,February 2019,https://www.bls.gov/schedule/2019/home.htm,2026-10-05T06:10:18Z
2019-03-14,08:30,2019-03-14T12:30:00Z,U.S. Import and Export Price Indexes for February 2019,import_export_prices,February 2019,https://www.bls.gov/schedule/2019/home.htm,2026-10-05T06:10:18Z
2019-03-15,10:00,2019-03-15T14:00:00Z,Job Openings and Labor Turnover Survey for January 2019,jolts,January 2019,https://www.bls.gov/schedule/2019/home.htm,2026-10-05T06:10:18Z
2019-03-15,10:00,2019-03-15T14:00:00Z,Metropolitan Area Employment and Unemployment (Monthly) for January 2019,other_bls,January 2019,https://www.bls.gov/schedule/2019/home.htm,2026-10-05T06:10:18Z
2019-03-19,10:00,2019-03-19T14:00:00Z,Employer Costs for Employee Compensation for December 2018,other_bls,Employee Compensation for December 2018,https://www.bls.gov/schedule/2019/home.htm,2026-10-05T06:10:18Z
2019-03-20,10:00,2019-03-20T14:00:00Z,Multifactor Productivity Trends for Annual 2018,other_bls,Annual 2018,https://www.bls.gov/schedule/2019/home.htm,2026-10-05T06:10:18Z
2019-03-21,10:00,2019-03-21T14:00:00Z,Employment Situation of Veterans for Annual 2018,employment_situation,Annual 2018,https://www.bls.gov/schedule/2019/home.htm,2026-10-05T06:10:18Z
2019-03-22,10:00,2019-03-22T14:00:00Z,State Employment and Unemployment (Monthly) for February 2019,other_bls,February 2019,https://www.bls.gov/schedule/2019/home.htm,2026-10-05T06:10:18Z
2019-03-29,10:00,2019-03-29T14:00:00Z,Occupational Employment and Wages for May 2018,other_bls,May 2018,https://www.bls.gov/schedule/2019/home.htm,2026-10-05T06:10:18Z
2019-04-03,10:00,2019-04-03T14:00:00Z,Metropolitan Area Employment and Unemployment (Monthly) for February 2019,other_bls,February 2019,https://www.bls.gov/schedule/2019/home.htm,2026-10-05T06:10:18Z
2019-04-05,08:30,2019-04-05T12:30:00Z,Employment Situation for March 2019,employment_situation,March 2019,https://www.bls.gov/schedule/2019/home.htm,2026-10-05T06:10:18Z
2019-04-09,10:00,2019-04-09T14:00:00Z,Job Openings and Labor Turnover Survey for February 2019,jolts,February 2019,https://www.bls.gov/schedule/2019/home.htm,2026-10-05T06:10:18Z
2019-04-10,08:30,2019-04-10T12:30:00Z,Consumer Price Index for March 2019,cpi,March 2019,https://www.bls.gov/schedule/2019/home.htm,2026-10-05T06:10:18Z
2019-04-10,08:30,2019-04-10T12:30:00Z,Real Earnings for March 2019,real_earnings,March 2019,https://www.bls.gov/schedule/2019/home.htm,2026-10-05T06:10:18Z
2019-04-11,08:30,2019-04-11T12:30:00Z,Producer Price Index for March 2019,ppi,March 2019,https://www.bls.gov/schedule/2019/home.htm,2026-10-05T06:10:18Z
2019-04-12,08:30,2019-04-12T12:30:00Z,U.S. Import and Export Price Indexes for March 2019,import_export_prices,March 2019,https://www.bls.gov/schedule/2019/home.htm,2026-10-05T06:10:18Z
2019-04-16,10:00,2019-04-16T14:00:00Z,Usual Weekly Earnings of Wage and Salary Workers for First Quarter 2019,other_bls,First Quarter 2019,https://www.bls.gov/schedule/2019/home.htm,2026-10-05T06:10:18Z
2019-04-18,10:00,2019-04-18T14:00:00Z,Employment Characteristics of Families for Annual 2018,other_bls,Annual 2018,https://www.bls.gov/schedule/2019/home.htm,2026-10-05T06:10:18Z
2019-04-19,10:00,2019-04-19T14:00:00Z,State Employment and Unemployment (Monthly) for March 2019,other_bls,March 2019,https://www.bls.gov/schedule/2019/home.htm,2026-10-05T06:10:18Z
2019-04-23,10:00,2019-04-23T14:00:00Z,Multifactor Productivity Trends in Manufacturing for Annual 2017,other_bls,Annual 2017,https://www.bls.gov/schedule/2019/home.htm,2026-10-05T06:10:18Z
2019-04-23,10:00,2019-04-23T14:00:00Z,Productivity and Costs by Industry: Manufacturing and Mining Industries for Annual 2018,productivity_costs,Annual 2018,https://www.bls.gov/schedule/2019/home.htm,2026-10-05T06:10:18Z
2019-04-24,10:00,2019-04-24T14:00:00Z,Quarterly Data Series on Business Employment Dynamics for Third Quarter 2018,other_bls,Third Quarter 2018,https://www.bls.gov/schedule/2019/home.htm,2026-10-05T06:10:18Z
2019-04-25,10:00,2019-04-25T14:00:00Z,College Enrollment and Work Activity of High School Graduates for Annual 2018,other_bls,Annual 2018,https://www.bls.gov/schedule/2019/home.htm,2026-10-05T06:10:18Z
2019-04-26,10:00,2019-04-26T14:00:00Z,Consumer Expenditures Survey Midyear Update for Midyear 2017-2018,other_bls,Midyear 2017-2018,https://www.bls.gov/schedule/2019/home.htm,2026-10-05T06:10:18Z
2019-04-30,08:30,2019-04-30T12:30:00Z,Employment Cost Index for First Quarter 2019,employment_cost_index,First Quarter 2019,https://www.bls.gov/schedule/2019/home.htm,2026-10-05T06:10:18Z
2019-05-01,10:00,2019-05-01T14:00:00Z,Metropolitan Area Employment and Unemployment (Monthly) for March 2019,other_bls,March 2019,https://www.bls.gov/schedule/2019/home.htm,2026-10-05T06:10:18Z
2019-05-02,08:30,2019-05-02T12:30:00Z,Productivity and Costs (P) for First Quarter 2019,productivity_costs,First Quarter 2019,https://www.bls.gov/schedule/2019/home.htm,2026-10-05T06:10:18Z
2019-05-03,08:30,2019-05-03T12:30:00Z,Employment Situation for April 2019,employment_situation,April 2019,https://www.bls.gov/schedule/2019/home.htm,2026-10-05T06:10:18Z
2019-05-07,10:00,2019-05-07T14:00:00Z,Job Openings and Labor Turnover Survey for March 2019,jolts,March 2019,https://www.bls.gov/schedule/2019/home.htm,2026-10-05T06:10:18Z
2019-05-09,08:30,2019-05-09T12:30:00Z,Producer Price Index for April 2019,ppi,April 2019,https://www.bls.gov/schedule/2019/home.htm,2026-10-05T06:10:18Z
2019-05-10,08:30,2019-05-10T12:30:00Z,Consumer Price Index for April 2019,cpi,April 2019,https://www.bls.gov/schedule/2019/home.htm,2026-10-05T06:10:18Z
2019-05-10,08:30,2019-05-10T12:30:00Z,Real Earnings for April 2019,real_earnings,April 2019,https://www.bls.gov/schedule/2019/home.htm,2026-10-05T06:10:18Z
2019-05-14,08:30,2019-05-14T12:30:00Z,U.S. Import and Export Price Indexes for April 2019,import_export_prices,April 2019,https://www.bls.gov/schedule/2019/home.htm,2026-10-05T06:10:18Z
2019-05-16,10:00,2019-05-16T14:00:00Z,Labor Force Characteristics of Foreign-born Workers for Annual 2018,other_bls,Annual 2018,https://www.bls.gov/schedule/2019/home.htm,2026-10-05T06:10:18Z
2019-05-17,10:00,2019-05-17T14:00:00Z,State Employment and Unemployment (Monthly) for April 2019,other_bls,April 2019,https://www.bls.gov/schedule/2019/home.htm,2026-10-05T06:10:18Z
2019-05-22,10:00,2019-05-22T14:00:00Z,County Employment and Wages for Fourth Quarter 2018,other_bls,Fourth Quarter 2018,https://www.bls.gov/schedule/2019/home.htm,2026-10-05T06:10:18Z
2019-05-23,10:00,2019-05-23T14:00:00Z,Productivity and Costs by Industry: Selected Service-Providing Industries for Annual 2018,productivity_costs,Annual 2018,https://www.bls.gov/schedule/2019/home.htm,2026-10-05T06:10:18Z
2019-05-29,10:00,2019-05-29T14:00:00Z,Metropolitan Area Employment and Unemployment (Monthly) for April 2019,other_bls,April 2019,https://www.bls.gov/schedule/2019/home.htm,2026-10-05T06:10:18Z
2019-06-06,08:30,2019-06-06T12:30:00Z,Productivity and Costs (R) for First Quarter 2019,productivity_costs,First Quarter 2019,https://www.bls.gov/schedule/2019/home.htm,2026-10-05T06:10:18Z
2019-06-07,08:30,2019-06-07T12:30:00Z,Employment Situation for May 2019,employment_situation,May 2019,https://www.bls.gov/schedule/2019/home.htm,2026-10-05T06:10:18Z
2019-06-10,10:00,2019-06-10T14:00:00Z,Job Openings and Labor Turnover Survey for April 2019,jolts,April 2019,https://www.bls.gov/schedule/2019/home.htm,2026-10-05T06:10:18Z
2019-06-11,08:30,2019-06-11T12:30:00Z,Producer Price Index for May 2019,ppi,May 2019,https://www.bls.gov/schedule/2019/home.htm,2026-10-05T06:10:18Z
2019-06-12,08:30,2019-06-12T12:30:00Z,Consumer Price Index for May 2019,cpi,May 2019,https://www.bls.gov/schedule/2019/home.htm,2026-10-05T06:10:18Z
2019-06-12,08:30,2019-06-12T12:30:00Z,Real Earnings for May 2019,real_earnings,May 2019,https://www.bls.gov/schedule/2019/home.htm,2026-10-05T06:10:18Z
2019-06-13,08:30,2019-06-13T12:30:00Z,U.S. Import and Export Price Indexes for May 2019,import_export_prices,May 2019,https://www.bls.gov/schedule/2019/home.htm,2026-10-05T06:10:18Z
2019-06-18,10:00,2019-06-18T14:00:00Z,Employer Costs for Employee Compensation for March 2019,other_bls,Employee Compensation for March 2019,https://www.bls.gov/schedule/2019/home.htm,2026-10-05T06:10:18Z
2019-06-19,10:00,2019-06-19T14:00:00Z,American Time Use Survey for Annual 2018,other_bls,Annual 2018,https://www.bls.gov/schedule/2019/home.htm,2026-10-05T06:10:18Z
2019-06-21,10:00,2019-06-21T14:00:00Z,State Employment and Unemployment (Monthly) for May 2019,other_bls,May 2019,https://www.bls.gov/schedule/2019/home.htm,2026-10-05T06:10:18Z
2019-07-03,10:00,2019-07-03T14:00:00Z,Metropolitan Area Employment and Unemployment (Monthly) for May 2019,other_bls,May 2019,https://www.bls.gov/schedule/2019/home.htm,2026-10-05T06:10:18Z
2019-07-05,08:30,2019-07-05T12:30:00Z,Employment Situation for June 2019,employment_situation,June 2019,https://www.bls.gov/schedule/2019/home.htm,2026-10-05T06:10:18Z
2019-07-09,10:00,2019-07-09T14:00:00Z,Job Openings and Labor Turnover Survey for May 2019,jolts,May 2019,https://www.bls.gov/schedule/2019/home.htm,2026-10-05T06:10:18Z
2019-07-11,08:30,2019-07-11T12:30:00Z,Consumer Price Index for June 2019,cpi,June 2019,https://www.bls.gov/schedule/2019/home.htm,2026-10-05T06:10:18Z
2019-07-11,08:30,2019-07-11T12:30:00Z,Real Earnings for June 2019,real_earnings,June 2019,https://www.bls.gov/schedule/2019/home.htm,2026-10-05T06:10:18Z
2019-07-12,08:30,2019-07-12T12:30:00Z,Producer Price Index for June 2019,ppi,June 2019,https://www.bls.gov/schedule/2019/home.htm,2026-10-05T06:10:18Z
2019-07-16,08:30,2019-07-16T12:30:00Z,U.S. Import and Export Price Indexes for June 2019,import_export_prices,June 2019,https://www.bls.gov/schedule/2019/home.htm,2026-10-05T06:10:18Z
2019-07-17,10:00,2019-07-17T14:00:00Z,Usual Weekly Earnings of Wage and Salary Workers for Second Quarter 2019,other_bls,Second Quarter 2019,https://www.bls.gov/schedule/2019/home.htm,2026-10-05T06:10:18Z
2019-07-19,10:00,2019-07-19T14:00:00Z,State Employment and Unemployment (Monthly) for June 2019,other_bls,June 2019,https://www.bls.gov/schedule/2019/home.htm,2026-10-05T06:10:18Z
2019-07-24,10:00,2019-07-24T14:00:00Z,Quarterly Data Series on Business Employment Dynamics for Fourth Quarter 2018,other_bls,Fourth Quarter 2018,https://www.bls.gov/schedule/2019/home.htm,2026-10-05T06:10:18Z
2019-07-25,10:00,2019-07-25T14:00:00Z,"Productivity and Costs by Industry: Wholesale Trade, Retail Trade, and Food Services and Drinking Places for Annual 2018",productivity_costs,Annual 2018,https://www.bls.gov/schedule/2019/home.htm,2026-10-05T06:10:18Z
2019-07-31,08:30,2019-07-31T12:30:00Z,Employment Cost Index for Second Quarter 2019,employment_cost_index,Second Quarter 2019,https://www.bls.gov/schedule/2019/home.htm,2026-10-05T06:10:18Z
2019-08-01,10:00,2019-08-01T14:00:00Z,Metropolitan Area Employment and Unemployment (Monthly) for June 2019,other_bls,June 2019,https://www.bls.gov/schedule/2019/home.htm,2026-10-05T06:10:18Z
2019-08-02,08:30,2019-08-02T12:30:00Z,Employment Situation for July 2019,employment_situation,July 2019,https://www.bls.gov/schedule/2019/home.htm,2026-10-05T06:10:18Z
2019-08-06,10:00,2019-08-06T14:00:00Z,Job Openings and Labor Turnover Survey for June 2019,jolts,June 2019,https://www.bls.gov/schedule/2019/home.htm,2026-10-05T06:10:18Z
2019-08-09,08:30,2019-08-09T12:30:00Z,Producer Price Index for July 2019,ppi,July 2019,https://www.bls.gov/schedule/2019/home.htm,2026-10-05T06:10:18Z
2019-08-13,08:30,2019-08-13T12:30:00Z,Consumer Price Index for July 2019,cpi,July 2019,https://www.bls.gov/schedule/2019/home.htm,2026-10-05T06:10:18Z
2019-08-13,08:30,2019-08-13T12:30:00Z,Real Earnings for July 2019,real_earnings,July 2019,https://www.bls.gov/schedule/2019/home.htm,2026-10-05T06:10:18Z
2019-08-14,08:30,2019-08-14T12:30:00Z,U.S. Import and Export Price Indexes for July 2019,import_export_prices,July 2019,https://www.bls.gov/schedule/2019/home.htm,2026-10-05T06:10:18Z
2019-08-15,08:30,2019-08-15T12:30:00Z,Productivity and Costs (P) for Second Quarter 2019,productivity_costs,Second Quarter 2019,https://www.bls.gov/schedule/2019/home.htm,2026-10-05T06:10:18Z
2019-08-16,10:00,2019-08-16T14:00:00Z,State Employment and Unemployment (Monthly) for July 2019,other_bls,July 2019,https://www.bls.gov/schedule/2019/home.htm,2026-10-05T06:10:18Z
2019-08-16,10:00,2019-08-16T14:00:00Z,Summer Youth Labor Force for Annual 2019,other_bls,Annual 2019,https://www.bls.gov/schedule/2019/home.htm,2026-10-05T06:10:18Z
2019-08-21,10:00,2019-08-21T14:00:00Z,County Employment and Wages for First Quarter 2019,other_bls,First Quarter 2019,https://www.bls.gov/schedule/2019/home.htm,2026-10-05T06:10:18Z
2019-08-22,10:00,2019-08-22T14:00:00Z,"Number of Jobs, Labor Market Experience, and Earnings Growth: Results from a National Longitudinal Survey for Biennial",other_bls,Biennial,https://www.bls.gov/schedule/2019/home.htm,2026-10-05T06:10:18Z
2019-08-28,10:00,2019-08-28T14:00:00Z,Metropolitan Area Employment and Unemployment (Monthly) for July 2019,other_bls,July 2019,https://www.bls.gov/schedule/2019/home.htm,2026-10-05T06:10:18Z
2019-08-29,10:00,2019-08-29T14:00:00Z,Access to and Use of Leave for 2017-2018,other_bls,2017-2018,https://www.bls.gov/schedule/2019/home.htm,2026-10-05T06:10:18Z
2019-09-04,10:00,2019-09-04T14:00:00Z,Employment Projections and Occupational Outlook Handbook for 2018-2028,other_bls,2018-2028,https://www.bls.gov/schedule/2019/home.htm,2026-10-05T06:10:18Z
2019-09-05,08:30,2019-09-05T12:30:00Z,Productivity and Costs (R) for Second Quarter 2019,productivity_costs,Second Quarter 2019,https://www.bls.gov/schedule/2019/home.htm,2026-10-05T06:10:18Z
2019-09-06,08:30,2019-09-06T12:30:00Z,Employment Situation for August 2019,employment_situation,August 2019,https://www.bls.gov/schedule/2019/home.htm,2026-10-05T06:10:18Z
2019-09-10,10:00,2019-09-10T14:00:00Z,Consumer Expenditures (Annual) for 2018,other_bls,2018,https://www.bls.gov/schedule/2019/home.htm,2026-10-05T06:10:18Z
2019-09-10,10:00,2019-09-10T14:00:00Z,Job Openings and Labor Turnover Survey for July 2019,jolts,July 2019,https://www.bls.gov/schedule/2019/home.htm,2026-10-05T06:10:18Z
2019-09-11,08:30,2019-09-11T12:30:00Z,Producer Price Index for August 2019,ppi,August 2019,https://www.bls.gov/schedule/2019/home.htm,2026-10-05T06:10:18Z
2019-09-12,08:30,2019-09-12T12:30:00Z,Consumer Price Index for August 2019,cpi,August 2019,https://www.bls.gov/schedule/2019/home.htm,2026-10-05T06:10:18Z
2019-09-12,08:30,2019-09-12T12:30:00Z,Real Earnings for August 2019,real_earnings,August 2019,https://www.bls.gov/schedule/2019/home.htm,2026-10-05T06:10:18Z
2019-09-13,08:30,2019-09-13T12:30:00Z,U.S. Import and Export Price Indexes for August 2019,import_export_prices,August 2019,https://www.bls.gov/schedule/2019/home.htm,2026-10-05T06:10:18Z
2019-09-17,10:00,2019-09-17T14:00:00Z,Employer Costs for Employee Compensation for June 2019,other_bls,Employee Compensation for June 2019,https://www.bls.gov/schedule/2019/home.htm,2026-10-05T06:10:18Z
2019-09-19,10:00,2019-09-19T14:00:00Z,Employee Benefits in the United States for March 2019,other_bls,March 2019,https://www.bls.gov/schedule/2019/home.htm,2026-10-05T06:10:18Z
2019-09-20,10:00,2019-09-20T14:00:00Z,State Employment and Unemployment (Monthly) for August 2019,other_bls,August 2019,https://www.bls.gov/schedule/2019/home.htm,2026-10-05T06:10:18Z
2019-09-24,10:00,2019-09-24T14:00:00Z,Job Flexibilities and Work Schedules for 2017-2018,other_bls,2017-2018,https://www.bls.gov/schedule/2019/home.htm,2026-10-05T06:10:18Z
2019-09-25,10:00,2019-09-25T14:00:00Z,Characteristics of Unemployment Insurance Applicants and Benefit Recipients for Annual 2018,other_bls,Annual 2018,https://www.bls.gov/schedule/2019/home.htm,2026-10-05T06:10:18Z
2019-10-02,10:00,2019-10-02T14:00:00Z,Metropolitan Area Employment and Unemployment (Monthly) for August 2019,other_bls,August 2019,https://www.bls.gov/schedule/2019/home.htm,2026-10-05T06:10:18Z
2019-10-04,08:30,2019-10-04T12:30:00Z,Employment Situation for September 2019,employment_situation,September 2019,https://www.bls.gov/schedule/2019/home.htm,2026-10-05T06:10:18Z
2019-10-08,08:30,2019-10-08T12:30:00Z,Producer Price Index for September 2019,ppi,September 2019,https://www.bls.gov/schedule/2019/home.htm,2026-10-05T06:10:18Z
2019-10-09,10:00,2019-10-09T14:00:00Z,Job Openings and Labor Turnover Survey for August 2019,jolts,August 2019,https://www.bls.gov/schedule/2019/home.htm,2026-10-05T06:10:18Z
2019-10-10,08:30,2019-10-10T12:30:00Z,Consumer Price Index for September 2019,cpi,September 2019,https://www.bls.gov/schedule/2019/home.htm,2026-10-05T06:10:18Z
2019-10-10,08:30,2019-10-10T12:30:00Z,Real Earnings for September 2019,real_earnings,September 2019,https://www.bls.gov/schedule/2019/home.htm,2026-10-05T06:10:18Z
2019-10-11,08:30,2019-10-11T12:30:00Z,U.S. Import and Export Price Indexes for September 2019,import_export_prices,September 2019,https://www.bls.gov/schedule/2019/home.htm,2026-10-05T06:10:18Z
2019-10-16,10:00,2019-10-16T14:00:00Z,Usual Weekly Earnings of Wage and Salary Workers for Third Quarter 2019,other_bls,Third Quarter 2019,https://www.bls.gov/schedule/2019/home.htm,2026-10-05T06:10:18Z
2019-10-18,10:00,2019-10-18T14:00:00Z,State Employment and Unemployment (Monthly) for September 2019,other_bls,September 2019,https://www.bls.gov/schedule/2019/home.htm,2026-10-05T06:10:18Z
2019-10-30,10:00,2019-10-30T14:00:00Z,Metropolitan Area Employment and Unemployment (Monthly) for September 2019,other_bls,September 2019,https://www.bls.gov/schedule/2019/home.htm,2026-10-05T06:10:18Z
2019-10-30,10:00,2019-10-30T14:00:00Z,Quarterly Data Series on Business Employment Dynamics for First Quarter 2019,other_bls,First Quarter 2019,https://www.bls.gov/schedule/2019/home.htm,2026-10-05T06:10:18Z
2019-10-31,08:30,2019-10-31T12:30:00Z,Employment Cost Index for Third Quarter 2019,employment_cost_index,Third Quarter 2019,https://www.bls.gov/schedule/2019/home.htm,2026-10-05T06:10:18Z
2019-11-01,08:30,2019-11-01T12:30:00Z,Employment Situation for October 2019,employment_situation,October 2019,https://www.bls.gov/schedule/2019/home.htm,2026-10-05T06:10:18Z
2019-11-05,10:00,2019-11-05T15:00:00Z,Job Openings and Labor Turnover Survey for September 2019,jolts,September 2019,https://www.bls.gov/schedule/2019/home.htm,2026-10-05T06:10:18Z
2019-11-06,08:30,2019-11-06T13:30:00Z,Productivity and Costs (P) for Third Quarter 2019,productivity_costs,Third Quarter 2019,https://www.bls.gov/schedule/2019/home.htm,2026-10-05T06:10:18Z
2019-11-07,10:00,2019-11-07T15:00:00Z,Employer-Reported Workplace Injuries and Illnesses (Annual) for 2018,other_bls,2018,https://www.bls.gov/schedule/2019/home.htm,2026-10-05T06:10:18Z
2019-11-13,08:30,2019-11-13T13:30:00Z,Consumer Price Index for October 2019,cpi,October 2019,https://www.bls.gov/schedule/2019/home.htm,2026-10-05T06:10:18Z
2019-11-13,08:30,2019-11-13T13:30:00Z,Real Earnings for October 2019,real_earnings,October 2019,https://www.bls.gov/schedule/2019/home.htm,2026-10-05T06:10:18Z
2019-11-14,08:30,2019-11-14T13:30:00Z,Producer Price Index for October 2019,ppi,October 2019,https://www.bls.gov/schedule/2019/home.htm,2026-10-05T06:10:18Z
2019-11-15,08:30,2019-11-15T13:30:00Z,U.S. Import and Export Price Indexes for October 2019,import_export_prices,October 2019,https://www.bls.gov/schedule/2019/home.htm,2026-10-05T06:10:18Z
2019-11-19,10:00,2019-11-19T15:00:00Z,State Employment and Unemployment (Monthly) for October 2019,other_bls,October 2019,https://www.bls.gov/schedule/2019/home.htm,2026-10-05T06:10:18Z
2019-11-20,10:00,2019-11-20T15:00:00Z,County Employment and Wages for Second Quarter 2019,other_bls,Second Quarter 2019,https://www.bls.gov/schedule/2019/home.htm,2026-10-05T06:10:18Z
2019-11-22,10:00,2019-11-22T15:00:00Z,Unpaid Eldercare in the United States for 2017-2018,other_bls,2017-2018,https://www.bls.gov/schedule/2019/home.htm,2026-10-05T06:10:18Z
2019-11-27,10:00,2019-11-27T15:00:00Z,Metropolitan Area Employment and Unemployment (Monthly) for October 2019,other_bls,October 2019,https://www.bls.gov/schedule/2019/home.htm,2026-10-05T06:10:18Z
2019-12-03,10:00,2019-12-03T15:00:00Z,Work Experience of the Population (Annual) for 2018,other_bls,2018,https://www.bls.gov/schedule/2019/home.htm,2026-10-05T06:10:18Z
2019-12-06,08:30,2019-12-06T13:30:00Z,Employment Situation for November 2019,employment_situation,November 2019,https://www.bls.gov/schedule/2019/home.htm,2026-10-05T06:10:18Z
2019-12-10,08:30,2019-12-10T13:30:00Z,Productivity and Costs (R) for Third Quarter 2019,productivity_costs,Third Quarter 2019,https://www.bls.gov/schedule/2019/home.htm,2026-10-05T06:10:18Z
2019-12-11,08:30,2019-12-11T13:30:00Z,Consumer Price Index for November 2019,cpi,November 2019,https://www.bls.gov/schedule/2019/home.htm,2026-10-05T06:10:18Z
2019-12-11,08:30,2019-12-11T13:30:00Z,Real Earnings for November 2019,real_earnings,November 2019,https://www.bls.gov/schedule/2019/home.htm,2026-10-05T06:10:18Z
2019-12-12,08:30,2019-12-12T13:30:00Z,Producer Price Index for November 2019,ppi,November 2019,https://www.bls.gov/schedule/2019/home.htm,2026-10-05T06:10:18Z
2019-12-13,08:30,2019-12-13T13:30:00Z,U.S. Import and Export Price Indexes for November 2019,import_export_prices,November 2019,https://www.bls.gov/schedule/2019/home.htm,2026-10-05T06:10:18Z
2019-12-17,10:00,2019-12-17T15:00:00Z,Census of Fatal Occupational Injuries for Annual 2018,other_bls,Annual 2018,https://www.bls.gov/schedule/2019/home.htm,2026-10-05T06:10:18Z
2019-12-17,10:00,2019-12-17T15:00:00Z,Job Openings and Labor Turnover Survey for October 2019,jolts,October 2019,https://www.bls.gov/schedule/2019/home.htm,2026-10-05T06:10:18Z
2019-12-18,10:00,2019-12-18T15:00:00Z,Employer Costs for Employee Compensation for September 2019,other_bls,Employee Compensation for September 2019,https://www.bls.gov/schedule/2019/home.htm,2026-10-05T06:10:18Z
2019-12-20,10:00,2019-12-20T15:00:00Z,State Employment and Unemployment (Monthly) for November 2019,other_bls,November 2019,https://www.bls.gov/schedule/2019/home.htm,2026-10-05T06:10:18Z
2020-01-03,10:00,2020-01-03T15:00:00Z,Metropolitan Area Employment and Unemployment (Monthly) for November 2019,other_bls,November 2019,https://www.bls.gov/schedule/2020/home.htm,2026-10-05T06:10:18Z
2020-01-10,08:30,2020-01-10T13:30:00Z,Employment Situation for December 2019,employment_situation,December 2019,https://www.bls.gov/schedule/2020/home.htm,2026-10-05T06:10:18Z
2020-01-14,08:30,2020-01-14T13:30:00Z,Consumer Price Index for December 2019,cpi,December 2019,https://www.bls.gov/schedule/2020/home.htm,2026-10-05T06:10:18Z
2020-01-14,08:30,2020-01-14T13:30:00Z,Real Earnings for December 2019,real_earnings,December 2019,https://www.bls.gov/schedule/2020/home.htm,2026-10-05T06:10:18Z
2020-01-15,08:30,2020-01-15T13:30:00Z,Producer Price Index for December 2019,ppi,December 2019,https://www.bls.gov/schedule/2020/home.htm,2026-10-05T06:10:18Z
2020-01-16,08:30,2020-01-16T13:30:00Z,U.S. Import and Export Price Indexes for December 2019,import_export_prices,December 2019,https://www.bls.gov/schedule/2020/home.htm,2026-10-05T06:10:18Z
2020-01-17,10:00,2020-01-17T15:00:00Z,Job Openings and Labor Turnover Survey for November 2019,jolts,November 2019,https://www.bls.gov/schedule/2020/home.htm,2026-10-05T06:10:18Z
2020-01-17,10:00,2020-01-17T15:00:00Z,Usual Weekly Earnings of Wage and Salary Workers for Fourth Quarter 2019,other_bls,Fourth Quarter 2019,https://www.bls.gov/schedule/2020/home.htm,2026-10-05T06:10:18Z
2020-01-22,10:00,2020-01-22T15:00:00Z,Union Membership (Annual) for 2019,other_bls,2019,https://www.bls.gov/schedule/2020/home.htm,2026-10-05T06:10:18Z
2020-01-24,10:00,2020-01-24T15:00:00Z,State Employment and Unemployment (Monthly) for December 2019,other_bls,December 2019,https://www.bls.gov/schedule/2020/home.htm,2026-10-05T06:10:18Z
2020-01-28,10:00,2020-01-28T15:00:00Z,Multifactor Productivity Trends in Manufacturing for Annual 2018,other_bls,Annual 2018,https://www.bls.gov/schedule/2020/home.htm,2026-10-05T06:10:18Z
2020-01-29,10:00,2020-01-29T15:00:00Z,Quarterly Data Series on Business Employment Dynamics for Second Quarter 2019,other_bls,Second Quarter 2019,https://www.bls.gov/schedule/2020/home.htm,2026-10-05T06:10:18Z
2020-01-31,08:30,2020-01-31T13:30:00Z,Employment Cost Index for Fourth Quarter 2019,employment_cost_index,Fourth Quarter 2019,https://www.bls.gov/schedule/2020/home.htm,2026-10-05T06:10:18Z
2020-02-05,10:00,2020-02-05T15:00:00Z,Metropolitan Area Employment and Unemployment (Monthly) for December 2019,other_bls,December 2019,https://www.bls.gov/schedule/2020/home.htm,2026-10-05T06:10:18Z
2020-02-06,08:30,2020-02-06T13:30:00Z,Productivity and Costs (P) for Fourth Quarter 2019,productivity_costs,Fourth Quarter 2019,https://www.bls.gov/schedule/2020/home.htm,2026-10-05T06:10:18Z
2020-02-07,08:30,2020-02-07T13:30:00Z,Employment Situation for January 2020,employment_situation,January 2020,https://www.bls.gov/schedule/2020/home.htm,2026-10-05T06:10:18Z
2020-02-11,10:00,2020-02-11T15:00:00Z,Job Openings and Labor Turnover Survey for December 2019,jolts,December 2019,https://www.bls.gov/schedule/2020/home.htm,2026-10-05T06:10:18Z
2020-02-11,10:00,2020-02-11T15:00:00Z,Major Work Stoppages (Annual) for 2019,other_bls,2019,https://www.bls.gov/schedule/2020/home.htm,2026-10-05T06:10:18Z
2020-02-13,08:30,2020-02-13T13:30:00Z,Consumer Price Index for January 2020,cpi,January 2020,https://www.bls.gov/schedule/2020/home.htm,2026-10-05T06:10:18Z
2020-02-13,08:30,2020-02-13T13:30:00Z,Real Earnings for January 2020,real_earnings,January 2020,https://www.bls.gov/schedule/2020/home.htm,2026-10-05T06:10:18Z
2020-02-14,08:30,2020-02-14T13:30:00Z,U.S. Import and Export Price Indexes for January 2020,import_export_prices,January 2020,https://www.bls.gov/schedule/2020/home.htm,2026-10-05T06:10:18Z
2020-02-19,08:30,2020-02-19T13:30:00Z,Producer Price Index for January 2020,ppi,January 2020,https://www.bls.gov/schedule/2020/home.htm,2026-10-05T06:10:18Z
2020-02-20,10:00,2020-02-20T15:00:00Z,County Employment and Wages for Third Quarter 2019,other_bls,Third Quarter 2019,https://www.bls.gov/schedule/2020/home.htm,2026-10-05T06:10:18Z
2020-02-26,10:00,2020-02-26T15:00:00Z,Persons with a Disability: Labor Force Characteristics for Annual 2019,other_bls,Annual 2019,https://www.bls.gov/schedule/2020/home.htm,2026-10-05T06:10:18Z
2020-03-04,10:00,2020-03-04T15:00:00Z,State Unemployment (Annual) for Annual 2019,other_bls,Annual 2019,https://www.bls.gov/schedule/2020/home.htm,2026-10-05T06:10:18Z
2020-03-05,08:30,2020-03-05T13:30:00Z,Productivity and Costs (R) for Fourth Quarter 2019,productivity_costs,Fourth Quarter 2019,https://www.bls.gov/schedule/2020/home.htm,2026-10-05T06:10:18Z
2020-03-06,08:30,2020-03-06T13:30:00Z,Employment Situation for February 2020,employment_situation,February 2020,https://www.bls.gov/schedule/2020/home.htm,2026-10-05T06:10:18Z
2020-03-11,08:30,2020-03-11T12:30:00Z,Consumer Price Index for February 2020,cpi,February 2020,https://www.bls.gov/schedule/2020/home.htm,2026-10-05T06:10:18Z
2020-03-11,08:30,2020-03-11T12:30:00Z,Real Earnings for February 2020,real_earnings,February 2020,https://www.bls.gov/schedule/2020/home.htm,2026-10-05T06:10:18Z
2020-03-12,08:30,2020-03-12T12:30:00Z,Producer Price Index for February 2020,ppi,February 2020,https://www.bls.gov/schedule/2020/home.htm,2026-10-05T06:10:18Z
2020-03-13,08:30,2020-03-13T12:30:00Z,U.S. Import and Export Price Indexes for February 2020,import_export_prices,February 2020,https://www.bls.gov/schedule/2020/home.htm,2026-10-05T06:10:18Z
2020-03-16,10:00,2020-03-16T14:00:00Z,State Employment and Unemployment (Monthly) for January 2020,other_bls,January 2020,https://www.bls.gov/schedule/2020/home.htm,2026-10-05T06:10:18Z
2020-03-17,10:00,2020-03-17T14:00:00Z,Job Openings and Labor Turnover Survey for January 2020,jolts,January 2020,https://www.bls.gov/schedule/2020/home.htm,2026-10-05T06:10:18Z
2020-03-19,10:00,2020-03-19T14:00:00Z,Employer Costs for Employee Compensation for December 2019,other_bls,Employee Compensation for December 2019,https://www.bls.gov/schedule/2020/home.htm,2026-10-05T06:10:18Z
2020-03-19,10:00,2020-03-19T14:00:00Z,Employment Situation of Veterans for Annual 2019,employment_situation,Annual 2019,https://www.bls.gov/schedule/2020/home.htm,2026-10-05T06:10:18Z
2020-03-20,10:00,2020-03-20T14:00:00Z,Metropolitan Area Employment and Unemployment (Monthly) for January 2020,other_bls,January 2020,https://www.bls.gov/schedule/2020/home.htm,2026-10-05T06:10:18Z
2020-03-24,10:00,2020-03-24T14:00:00Z,Multifactor Productivity Trends for Annual 2019,other_bls,Annual 2019,https://www.bls.gov/schedule/2020/home.htm,2026-10-05T06:10:18Z
2020-03-27,10:00,2020-03-27T14:00:00Z,State Employment and Unemployment (Monthly) for February 2020,other_bls,February 2020,https://www.bls.gov/schedule/2020/home.htm,2026-10-05T06:10:18Z
2020-03-31,10:00,2020-03-31T14:00:00Z,Occupational Employment and Wages for May 2019,other_bls,May 2019,https://www.bls.gov/schedule/2020/home.htm,2026-10-05T06:10:18Z
2020-04-03,08:30,2020-04-03T12:30:00Z,Employment Situation for March 2020,employment_situation,March 2020,https://www.bls.gov/schedule/2020/home.htm,2026-10-05T06:10:18Z
2020-04-07,10:00,2020-04-07T14:00:00Z,Job Openings and Labor Turnover Survey for February 2020,jolts,February 2020,https://www.bls.gov/schedule/2020/home.htm,2026-10-05T06:10:18Z
2020-04-08,10:00,2020-04-08T14:00:00Z,Metropolitan Area Employment and Unemployment (Monthly) for February 2020,other_bls,February 2020,https://www.bls.gov/schedule/2020/home.htm,2026-10-05T06:10:18Z
2020-04-09,08:30,2020-04-09T12:30:00Z,Producer Price Index for March 2020,ppi,March 2020,https://www.bls.gov/schedule/2020/home.htm,2026-10-05T06:10:18Z
2020-04-10,08:30,2020-04-10T12:30:00Z,Consumer Price Index for March 2020,cpi,March 2020,https://www.bls.gov/schedule/2020/home.htm,2026-10-05T06:10:18Z
2020-04-10,08:30,2020-04-10T12:30:00Z,Real Earnings for March 2020,real_earnings,March 2020,https://www.bls.gov/schedule/2020/home.htm,2026-10-05T06:10:18Z
2020-04-14,08:30,2020-04-14T12:30:00Z,U.S. Import and Export Price Indexes for March 2020,import_export_prices,March 2020,https://www.bls.gov/schedule/2020/home.htm,2026-10-05T06:10:18Z
2020-04-15,10:00,2020-04-15T14:00:00Z,Usual Weekly Earnings of Wage and Salary Workers for First Quarter 2020,other_bls,First Quarter 2020,https://www.bls.gov/schedule/2020/home.htm,2026-10-05T06:10:18Z
2020-04-17,10:00,2020-04-17T14:00:00Z,State Employment and Unemployment (Monthly) for March 2020,other_bls,March 2020,https://www.bls.gov/schedule/2020/home.htm,2026-10-05T06:10:18Z
2020-04-21,10:00,2020-04-21T14:00:00Z,Employment Characteristics of Families for Annual 2019,other_bls,Annual 2019,https://www.bls.gov/schedule/2020/home.htm,2026-10-05T06:10:18Z
2020-04-28,10:00,2020-04-28T14:00:00Z,College Enrollment and Work Activity of High School Graduates for Annual 2019,other_bls,Annual 2019,https://www.bls.gov/schedule/2020/home.htm,2026-10-05T06:10:18Z
2020-04-28,10:00,2020-04-28T14:00:00Z,Consumer Expenditures Survey Midyear Update for Midyear 2018-2019,other_bls,Midyear 2018-2019,https://www.bls.gov/schedule/2020/home.htm,2026-10-05T06:10:18Z
2020-04-29,10:00,2020-04-29T14:00:00Z,Metropolitan Area Employment and Unemployment (Monthly) for March 2020,other_bls,March 2020,https://www.bls.gov/schedule/2020/home.htm,2026-10-05T06:10:18Z
2020-04-29,10:00,2020-04-29T14:00:00Z,Quarterly Data Series on Business Employment Dynamics for Third Quarter 2019,other_bls,Third Quarter 2019,https://www.bls.gov/schedule/2020/home.htm,2026-10-05T06:10:18Z
2020-04-30,08:30,2020-04-30T12:30:00Z,Employment Cost Index for First Quarter 2020,employment_cost_index,First Quarter 2020,https://www.bls.gov/schedule/2020/home.htm,2026-10-05T06:10:18Z
2020-05-01,10:00,2020-05-01T14:00:00Z,Persons with a Disability: Barriers to Employment and Other Labor-Related Issues for July 2019,other_bls,July 2019,https://www.bls.gov/schedule/2020/home.htm,2026-10-05T06:10:18Z
2020-05-05,10:00,2020-05-05T14:00:00Z,Employment Experience of Youths: Results from a Longitudinal Survey for Biennial,other_bls,Biennial,https://www.bls.gov/schedule/2020/home.htm,2026-10-05T06:10:18Z
2020-05-07,08:30,2020-05-07T12:30:00Z,Productivity and Costs (P) for First Quarter 2020,productivity_costs,First Quarter 2020,https://www.bls.gov/schedule/2020/home.htm,2026-10-05T06:10:18Z
2020-05-08,08:30,2020-05-08T12:30:00Z,Employment Situation for April 2020,employment_situation,April 2020,https://www.bls.gov/schedule/2020/home.htm,2026-10-05T06:10:18Z
2020-05-12,08:30,2020-05-12T12:30:00Z,Consumer Price Index for April 2020,cpi,April 2020,https://www.bls.gov/schedule/2020/home.htm,2026-10-05T06:10:18Z
2020-05-12,08:30,2020-05-12T12:30:00Z,Real Earnings for April 2020,real_earnings,April 2020,https://www.bls.gov/schedule/2020/home.htm,2026-10-05T06:10:18Z
2020-05-13,08:30,2020-05-13T12:30:00Z,Producer Price Index for April 2020,ppi,April 2020,https://www.bls.gov/schedule/2020/home.htm,2026-10-05T06:10:18Z
2020-05-14,08:30,2020-05-14T12:30:00Z,U.S. Import and Export Price Indexes for April 2020,import_export_prices,April 2020,https://www.bls.gov/schedule/2020/home.htm,2026-10-05T06:10:18Z
2020-05-15,10:00,2020-05-15T14:00:00Z,Job Openings and Labor Turnover Survey for March 2020,jolts,March 2020,https://www.bls.gov/schedule/2020/home.htm,2026-10-05T06:10:18Z
2020-05-15,10:00,2020-05-15T14:00:00Z,Labor Force Characteristics of Foreign-born Workers for Annual 2019,other_bls,Annual 2019,https://www.bls.gov/schedule/2020/home.htm,2026-10-05T06:10:18Z
2020-05-20,10:00,2020-05-20T14:00:00Z,County Employment and Wages for Fourth Quarter 2019,other_bls,Fourth Quarter 2019,https://www.bls.gov/schedule/2020/home.htm,2026-10-05T06:10:18Z
2020-05-22,10:00,2020-05-22T14:00:00Z,State Employment and Unemployment (Monthly) for April 2020,other_bls,April 2020,https://www.bls.gov/schedule/2020/home.htm,2026-10-05T06:10:18Z
2020-05-28,10:00,2020-05-28T14:00:00Z,Occupational Requirements in the United States for Annual 2019,other_bls,Annual 2019,https://www.bls.gov/schedule/2020/home.htm,2026-10-05T06:10:18Z
2020-05-28,10:00,2020-05-28T14:00:00Z,Productivity and Costs by Industry: Selected Service-Providing Industries for Annual 2019,productivity_costs,Annual 2019,https://www.bls.gov/schedule/2020/home.htm,2026-10-05T06:10:18Z
2020-06-03,10:00,2020-06-03T14:00:00Z,Metropolitan Area Employment and Unemployment (Monthly) for April 2020,other_bls,April 2020,https://www.bls.gov/schedule/2020/home.htm,2026-10-05T06:10:18Z
2020-06-04,08:30,2020-06-04T12:30:00Z,Productivity and Costs (R) for First Quarter 2020,productivity_costs,First Quarter 2020,https://www.bls.gov/schedule/2020/home.htm,2026-10-05T06:10:18Z
2020-06-05,08:30,2020-06-05T12:30:00Z,Employment Situation for May 2020,employment_situation,May 2020,https://www.bls.gov/schedule/2020/home.htm,2026-10-05T06:10:18Z
2020-06-09,10:00,2020-06-09T14:00:00Z,Job Openings and Labor Turnover Survey for April 2020,jolts,April 2020,https://www.bls.gov/schedule/2020/home.htm,2026-10-05T06:10:18Z
2020-06-10,08:30,2020-06-10T12:30:00Z,Consumer Price Index for May 2020,cpi,May 2020,https://www.bls.gov/schedule/2020/home.htm,2026-10-05T06:10:18Z
2020-06-10,08:30,2020-06-10T12:30:00Z,Real Earnings for May 2020,real_earnings,May 2020,https://www.bls.gov/schedule/2020/home.htm,2026-10-05T06:10:18Z
2020-06-11,08:30,2020-06-11T12:30:00Z,Producer Price Index for May 2020,ppi,May 2020,https://www.bls.gov/schedule/2020/home.htm,2026-10-05T06:10:18Z
2020-06-12,08:30,2020-06-12T12:30:00Z,U.S. Import and Export Price Indexes for May 2020,import_export_prices,May 2020,https://www.bls.gov/schedule/2020/home.htm,2026-10-05T06:10:18Z
2020-06-18,10:00,2020-06-18T14:00:00Z,Employer Costs for Employee Compensation for March 2020,other_bls,Employee Compensation for March 2020,https://www.bls.gov/schedule/2020/home.htm,2026-10-05T06:10:18Z
2020-06-19,10:00,2020-06-19T14:00:00Z,State Employment and Unemployment (Monthly) for May 2020,other_bls,May 2020,https://www.bls.gov/schedule/2020/home.htm,2026-10-05T06:10:18Z
2020-06-25,10:00,2020-06-25T14:00:00Z,American Time Use Survey for Annual 2019,other_bls,Annual 2019,https://www.bls.gov/schedule/2020/home.htm,2026-10-05T06:10:18Z
2020-06-25,10:00,2020-06-25T14:00:00Z,Productivity and Costs by Industry: Manufacturing and Mining Industries for Annual 2019,productivity_costs,Annual 2019,https://www.bls.gov/schedule/2020/home.htm,2026-10-05T06:10:18Z
2020-07-01,10:00,2020-07-01T14:00:00Z,Metropolitan Area Employment and Unemployment (Monthly) for May 2020,other_bls,May 2020,https://www.bls.gov/schedule/2020/home.htm,2026-10-05T06:10:18Z
2020-07-02,08:30,2020-07-02T12:30:00Z,Employment Situation for June 2020,employment_situation,June 2020,https://www.bls.gov/schedule/2020/home.htm,2026-10-05T06:10:18Z
2020-07-07,10:00,2020-07-07T14:00:00Z,Job Openings and Labor Turnover Survey for May 2020,jolts,May 2020,https://www.bls.gov/schedule/2020/home.htm,2026-10-05T06:10:18Z
2020-07-10,08:30,2020-07-10T12:30:00Z,Producer Price Index for June 2020,ppi,June 2020,https://www.bls.gov/schedule/2020/home.htm,2026-10-05T06:10:18Z
2020-07-14,08:30,2020-07-14T12:30:00Z,Consumer Price Index for June 2020,cpi,June 2020,https://www.bls.gov/schedule/2020/home.htm,2026-10-05T06:10:18Z
2020-07-14,08:30,2020-07-14T12:30:00Z,Real Earnings for June 2020,real_earnings,June 2020,https://www.bls.gov/schedule/2020/home.htm,2026-10-05T06:10:18Z
2020-07-15,08:30,2020-07-15T12:30:00Z,U.S. Import and Export Price Indexes for June 2020,import_export_prices,June 2020,https://www.bls.gov/schedule/2020/home.htm,2026-10-05T06:10:18Z
2020-07-17,10:00,2020-07-17T14:00:00Z,State Employment and Unemployment (Monthly) for June 2020,other_bls,June 2020,https://www.bls.gov/schedule/2020/home.htm,2026-10-05T06:10:18Z
2020-07-17,10:00,2020-07-17T14:00:00Z,Usual Weekly Earnings of Wage and Salary Workers for Second Quarter 2020,other_bls,Second Quarter 2020,https://www.bls.gov/schedule/2020/home.htm,2026-10-05T06:10:18Z
2020-07-29,10:00,2020-07-29T14:00:00Z,Metropolitan Area Employment and Unemployment (Monthly) for June 2020,other_bls,June 2020,https://www.bls.gov/schedule/2020/home.htm,2026-10-05T06:10:18Z
2020-07-29,10:00,2020-07-29T14:00:00Z,Quarterly Data Series on Business Employment Dynamics for Fourth Quarter 2019,other_bls,Fourth Quarter 2019,https://www.bls.gov/schedule/2020/home.htm,2026-10-05T06:10:18Z
2020-07-30,10:00,2020-07-30T14:00:00Z,"Productivity and Costs by Industry: Wholesale Trade, Retail Trade, and Food Services and Drinking Places for Annual 2019",productivity_costs,Annual 2019,https://www.bls.gov/schedule/2020/home.htm,2026-10-05T06:10:18Z
2020-07-31,08:30,2020-07-31T12:30:00Z,Employment Cost Index for Second Quarter 2020,employment_cost_index,Second Quarter 2020,https://www.bls.gov/schedule/2020/home.htm,2026-10-05T06:10:18Z
2020-08-07,08:30,2020-08-07T12:30:00Z,Employment Situation for July 2020,employment_situation,July 2020,https://www.bls.gov/schedule/2020/home.htm,2026-10-05T06:10:18Z
2020-08-10,10:00,2020-08-10T14:00:00Z,Job Openings and Labor Turnover Survey for June 2020,jolts,June 2020,https://www.bls.gov/schedule/2020/home.htm,2026-10-05T06:10:18Z
2020-08-11,08:30,2020-08-11T12:30:00Z,Producer Price Index for July 2020,ppi,July 2020,https://www.bls.gov/schedule/2020/home.htm,2026-10-05T06:10:18Z
2020-08-12,08:30,2020-08-12T12:30:00Z,Consumer Price Index for July 2020,cpi,July 2020,https://www.bls.gov/schedule/2020/home.htm,2026-10-05T06:10:18Z
2020-08-12,08:30,2020-08-12T12:30:00Z,Real Earnings for July 2020,real_earnings,July 2020,https://www.bls.gov/schedule/2020/home.htm,2026-10-05T06:10:18Z
2020-08-13,08:30,2020-08-13T12:30:00Z,U.S. Import and Export Price Indexes for July 2020,import_export_prices,July 2020,https://www.bls.gov/schedule/2020/home.htm,2026-10-05T06:10:18Z
2020-08-14,08:30,2020-08-14T12:30:00Z,Productivity and Costs (P) for Second Quarter 2020,productivity_costs,Second Quarter 2020,https://www.bls.gov/schedule/2020/home.htm,2026-10-05T06:10:18Z
2020-08-18,10:00,2020-08-18T14:00:00Z,Summer Youth Labor Force for Annual 2020,other_bls,Annual 2020,https://www.bls.gov/schedule/2020/home.htm,2026-10-05T06:10:18Z
2020-08-19,10:00,2020-08-19T14:00:00Z,County Employment and Wages for First Quarter 2020,other_bls,First Quarter 2020,https://www.bls.gov/schedule/2020/home.htm,2026-10-05T06:10:18Z
2020-08-21,10:00,2020-08-21T14:00:00Z,State Employment and Unemployment (Monthly) for July 2020,other_bls,July 2020,https://www.bls.gov/schedule/2020/home.htm,2026-10-05T06:10:18Z
2020-08-27,10:00,2020-08-27T14:00:00Z,Multifactor Productivity Trends for Detailed Industries for Annual 2018,other_bls,Detailed Industries for Annual 2018,https://www.bls.gov/schedule/2020/home.htm,2026-10-05T06:10:18Z
2020-08-27,10:00,2020-08-27T14:00:00Z,Worker Displacement for Biennial 2017-2019,other_bls,Biennial 2017-2019,https://www.bls.gov/schedule/2020/home.htm,2026-10-05T06:10:18Z
2020-09-01,10:00,2020-09-01T14:00:00Z,Employment Projections and Occupational Outlook Handbook for Annual 2019-2029,other_bls,Annual 2019-2029,https://www.bls.gov/schedule/2020/home.htm,2026-10-05T06:10:18Z
2020-09-02,10:00,2020-09-02T14:00:00Z,Metropolitan Area Employment and Unemployment (Monthly) for July 2020,other_bls,July 2020,https://www.bls.gov/schedule/2020/home.htm,2026-10-05T06:10:18Z
2020-09-03,08:30,2020-09-03T12:30:00Z,Productivity and Costs (R) for Second Quarter 2020,productivity_costs,Second Quarter 2020,https://www.bls.gov/schedule/2020/home.htm,2026-10-05T06:10:18Z
2020-09-04,08:30,2020-09-04T12:30:00Z,Employment Situation for August 2020,employment_situation,August 2020,https://www.bls.gov/schedule/2020/home.htm,2026-10-05T06:10:18Z
2020-09-09,10:00,2020-09-09T14:00:00Z,Consumer Expenditures (Annual) for 2019,other_bls,2019,https://www.bls.gov/schedule/2020/home.htm,2026-10-05T06:10:18Z
2020-09-09,10:00,2020-09-09T14:00:00Z,Job Openings and Labor Turnover Survey for July 2020,jolts,July 2020,https://www.bls.gov/schedule/2020/home.htm,2026-10-05T06:10:18Z
2020-09-10,08:30,2020-09-10T12:30:00Z,Producer Price Index for August 2020,ppi,August 2020,https://www.bls.gov/schedule/2020/home.htm,2026-10-05T06:10:18Z
2020-09-11,08:30,2020-09-11T12:30:00Z,Consumer Price Index for August 2020,cpi,August 2020,https://www.bls.gov/schedule/2020/home.htm,2026-10-05T06:10:18Z
2020-09-11,08:30,2020-09-11T12:30:00Z,Real Earnings for August 2020,real_earnings,August 2020,https://www.bls.gov/schedule/2020/home.htm,2026-10-05T06:10:18Z
2020-09-15,08:30,2020-09-15T12:30:00Z,U.S. Import and Export Price Indexes for August 2020,import_export_prices,August 2020,https://www.bls.gov/schedule/2020/home.htm,2026-10-05T06:10:18Z
2020-09-17,10:00,2020-09-17T14:00:00Z,Employer Costs for Employee Compensation for June 2020,other_bls,Employee Compensation for June 2020,https://www.bls.gov/schedule/2020/home.htm,2026-10-05T06:10:18Z
2020-09-18,10:00,2020-09-18T14:00:00Z,State Employment and Unemployment (Monthly) for August 2020,other_bls,August 2020,https://www.bls.gov/schedule/2020/home.htm,2026-10-05T06:10:18Z
2020-09-22,10:00,2020-09-22T14:00:00Z,Employee Tenure for Biennial 2020,other_bls,Biennial 2020,https://www.bls.gov/schedule/2020/home.htm,2026-10-05T06:10:18Z
2020-09-24,10:00,2020-09-24T14:00:00Z,Employee Benefits in the United States for March 2020,other_bls,March 2020,https://www.bls.gov/schedule/2020/home.htm,2026-10-05T06:10:18Z
2020-09-30,10:00,2020-09-30T14:00:00Z,Metropolitan Area Employment and Unemployment (Monthly) for August 2020,other_bls,August 2020,https://www.bls.gov/schedule/2020/home.htm,2026-10-05T06:10:18Z
2020-10-02,08:30,2020-10-02T12:30:00Z,Employment Situation for September 2020,employment_situation,September 2020,https://www.bls.gov/schedule/2020/home.htm,2026-10-05T06:10:18Z
2020-10-06,10:00,2020-10-06T14:00:00Z,Job Openings and Labor Turnover Survey for August 2020,jolts,August 2020,https://www.bls.gov/schedule/2020/home.htm,2026-10-05T06:10:18Z
2020-10-13,08:30,2020-10-13T12:30:00Z,Consumer Price Index for September 2020,cpi,September 2020,https://www.bls.gov/schedule/2020/home.htm,2026-10-05T06:10:18Z
2020-10-13,08:30,2020-10-13T12:30:00Z,Real Earnings for September 2020,real_earnings,September 2020,https://www.bls.gov/schedule/2020/home.htm,2026-10-05T06:10:18Z
2020-10-14,08:30,2020-10-14T12:30:00Z,Producer Price Index for September 2020,ppi,September 2020,https://www.bls.gov/schedule/2020/home.htm,2026-10-05T06:10:18Z
2020-10-15,08:30,2020-10-15T12:30:00Z,U.S. Import and Export Price Indexes for September 2020,import_export_prices,September 2020,https://www.bls.gov/schedule/2020/home.htm,2026-10-05T06:10:18Z
2020-10-16,10:00,2020-10-16T14:00:00Z,Usual Weekly Earnings of Wage and Salary Workers for Third Quarter 2020,other_bls,Third Quarter 2020,https://www.bls.gov/schedule/2020/home.htm,2026-10-05T06:10:18Z
2020-10-20,10:00,2020-10-20T14:00:00Z,State Employment and Unemployment (Monthly) for September 2020,other_bls,September 2020,https://www.bls.gov/schedule/2020/home.htm,2026-10-05T06:10:18Z
2020-10-28,10:00,2020-10-28T14:00:00Z,Metropolitan Area Employment and Unemployment (Monthly) for September 2020,other_bls,September 2020,https://www.bls.gov/schedule/2020/home.htm,2026-10-05T06:10:18Z
2020-10-28,10:00,2020-10-28T14:00:00Z,Quarterly Data Series on Business Employment Dynamics for First Quarter 2020,other_bls,First Quarter 2020,https://www.bls.gov/schedule/2020/home.htm,2026-10-05T06:10:18Z
2020-10-30,08:30,2020-10-30T12:30:00Z,Employment Cost Index for Third Quarter 2020,employment_cost_index,Third Quarter 2020,https://www.bls.gov/schedule/2020/home.htm,2026-10-05T06:10:18Z
2020-11-04,10:00,2020-11-04T15:00:00Z,Employer-Reported Workplace Injuries and Illnesses (Annual) for Annual 2019,other_bls,Annual 2019,https://www.bls.gov/schedule/2020/home.htm,2026-10-05T06:10:18Z
2020-11-05,08:30,2020-11-05T13:30:00Z,Productivity and Costs (P) for Third Quarter 2020,productivity_costs,Third Quarter 2020,https://www.bls.gov/schedule/2020/home.htm,2026-10-05T06:10:18Z
2020-11-06,08:30,2020-11-06T13:30:00Z,Employment Situation for October 2020,employment_situation,October 2020,https://www.bls.gov/schedule/2020/home.htm,2026-10-05T06:10:18Z
2020-11-10,10:00,2020-11-10T15:00:00Z,Job Openings and Labor Turnover Survey for September 2020,jolts,September 2020,https://www.bls.gov/schedule/2020/home.htm,2026-10-05T06:10:18Z
2020-11-12,08:30,2020-11-12T13:30:00Z,Consumer Price Index for October 2020,cpi,October 2020,https://www.bls.gov/schedule/2020/home.htm,2026-10-05T06:10:18Z
2020-11-12,08:30,2020-11-12T13:30:00Z,Real Earnings for October 2020,real_earnings,October 2020,https://www.bls.gov/schedule/2020/home.htm,2026-10-05T06:10:18Z
2020-11-13,08:30,2020-11-13T13:30:00Z,Producer Price Index for October 2020,ppi,October 2020,https://www.bls.gov/schedule/2020/home.htm,2026-10-05T06:10:18Z
2020-11-17,08:30,2020-11-17T13:30:00Z,U.S. Import and Export Price Indexes for October 2020,import_export_prices,October 2020,https://www.bls.gov/schedule/2020/home.htm,2026-10-05T06:10:18Z
2020-11-18,10:00,2020-11-18T15:00:00Z,County Employment and Wages for Second Quarter 2020,other_bls,Second Quarter 2020,https://www.bls.gov/schedule/2020/home.htm,2026-10-05T06:10:18Z
2020-11-19,10:00,2020-11-19T15:00:00Z,Multifactor Productivity Trends in Manufacturing for Annual 2019,other_bls,Annual 2019,https://www.bls.gov/schedule/2020/home.htm,2026-10-05T06:10:18Z
2020-11-20,10:00,2020-11-20T15:00:00Z,State Employment and Unemployment (Monthly) for October 2020,other_bls,October 2020,https://www.bls.gov/schedule/2020/home.htm,2026-10-05T06:10:18Z
2020-12-03,10:00,2020-12-03T15:00:00Z,Metropolitan Area Employment and Unemployment (Monthly) for October 2020,other_bls,October 2020,https://www.bls.gov/schedule/2020/home.htm,2026-10-05T06:10:18Z
2020-12-04,08:30,2020-12-04T13:30:00Z,Employment Situation for November 2020,employment_situation,November 2020,https://www.bls.gov/schedule/2020/home.htm,2026-10-05T06:10:18Z
2020-12-08,08:30,2020-12-08T13:30:00Z,Productivity and Costs (R) for Third Quarter 2020,productivity_costs,Third Quarter 2020,https://www.bls.gov/schedule/2020/home.htm,2026-10-05T06:10:18Z
2020-12-09,10:00,2020-12-09T15:00:00Z,Job Openings and Labor Turnover Survey for October 2020,jolts,October 2020,https://www.bls.gov/schedule/2020/home.htm,2026-10-05T06:10:18Z
2020-12-09,10:00,2020-12-09T15:00:00Z,Work Experience of the Population (Annual) for 2019,other_bls,2019,https://www.bls.gov/schedule/2020/home.htm,2026-10-05T06:10:18Z
2020-12-10,08:30,2020-12-10T13:30:00Z,Consumer Price Index for November 2020,cpi,November 2020,https://www.bls.gov/schedule/2020/home.htm,2026-10-05T06:10:18Z
2020-12-10,08:30,2020-12-10T13:30:00Z,Real Earnings for November 2020,real_earnings,November 2020,https://www.bls.gov/schedule/2020/home.htm,2026-10-05T06:10:18Z
2020-12-11,08:30,2020-12-11T13:30:00Z,Producer Price Index for November 2020,ppi,November 2020,https://www.bls.gov/schedule/2020/home.htm,2026-10-05T06:10:18Z
2020-12-15,08:30,2020-12-15T13:30:00Z,U.S. Import and Export Price Indexes for November 2020,import_export_prices,November 2020,https://www.bls.gov/schedule/2020/home.htm,2026-10-05T06:10:18Z
2020-12-16,10:00,2020-12-16T15:00:00Z,Census of Fatal Occupational Injuries for Annual 2019,other_bls,Annual 2019,https://www.bls.gov/schedule/2020/home.htm,2026-10-05T06:10:18Z
2020-12-17,10:00,2020-12-17T15:00:00Z,Employer Costs for Employee Compensation for September 2020,other_bls,Employee Compensation for September 2020,https://www.bls.gov/schedule/2020/home.htm,2026-10-05T06:10:18Z
2020-12-18,10:00,2020-12-18T15:00:00Z,State Employment and Unemployment (Monthly) for November 2020,other_bls,November 2020,https://www.bls.gov/schedule/2020/home.htm,2026-10-05T06:10:18Z
2020-12-22,10:00,2020-12-22T15:00:00Z,Occupational Requirements in the United States for Annual 2020,other_bls,Annual 2020,https://www.bls.gov/schedule/2020/home.htm,2026-10-05T06:10:18Z
2021-01-05,10:00,2021-01-05T15:00:00Z,Metropolitan Area Employment and Unemployment (Monthly) for November 2020,other_bls,November 2020,https://www.bls.gov/schedule/2021/home.htm,2026-10-05T06:10:18Z
2021-01-08,08:30,2021-01-08T13:30:00Z,Employment Situation for December 2020,employment_situation,December 2020,https://www.bls.gov/schedule/2021/home.htm,2026-10-05T06:10:18Z
2021-01-12,10:00,2021-01-12T15:00:00Z,Job Openings and Labor Turnover Survey for November 2020,jolts,November 2020,https://www.bls.gov/schedule/2021/home.htm,2026-10-05T06:10:18Z
2021-01-13,08:30,2021-01-13T13:30:00Z,Consumer Price Index for December 2020,cpi,December 2020,https://www.bls.gov/schedule/2021/home.htm,2026-10-05T06:10:18Z
2021-01-13,08:30,2021-01-13T13:30:00Z,Real Earnings for December 2020,real_earnings,December 2020,https://www.bls.gov/schedule/2021/home.htm,2026-10-05T06:10:18Z
2021-01-14,08:30,2021-01-14T13:30:00Z,U.S. Import and Export Price Indexes for December 2020,import_export_prices,December 2020,https://www.bls.gov/schedule/2021/home.htm,2026-10-05T06:10:18Z
2021-01-15,08:30,2021-01-15T13:30:00Z,Producer Price Index for December 2020,ppi,December 2020,https://www.bls.gov/schedule/2021/home.htm,2026-10-05T06:10:18Z
2021-01-21,10:00,2021-01-21T15:00:00Z,Usual Weekly Earnings of Wage and Salary Workers for Fourth Quarter 2020,other_bls,Fourth Quarter 2020,https://www.bls.gov/schedule/2021/home.htm,2026-10-05T06:10:18Z
2021-01-22,10:00,2021-01-22T15:00:00Z,Union Membership (Annual) for 2020,other_bls,2020,https://www.bls.gov/schedule/2021/home.htm,2026-10-05T06:10:18Z
2021-01-26,10:00,2021-01-26T15:00:00Z,State Employment and Unemployment (Monthly) for December 2020,other_bls,December 2020,https://www.bls.gov/schedule/2021/home.htm,2026-10-05T06:10:18Z
2021-01-27,10:00,2021-01-27T15:00:00Z,Quarterly Data Series on Business Employment Dynamics for Second Quarter 2020,other_bls,Second Quarter 2020,https://www.bls.gov/schedule/2021/home.htm,2026-10-05T06:10:18Z
2021-01-29,08:30,2021-01-29T13:30:00Z,Employment Cost Index for Fourth Quarter 2020,employment_cost_index,Fourth Quarter 2020,https://www.bls.gov/schedule/2021/home.htm,2026-10-05T06:10:18Z
2021-02-03,10:00,2021-02-03T15:00:00Z,Metropolitan Area Employment and Unemployment (Monthly) for December 2020,other_bls,December 2020,https://www.bls.gov/schedule/2021/home.htm,2026-10-05T06:10:18Z
2021-02-04,08:30,2021-02-04T13:30:00Z,Productivity and Costs (P) for Fourth Quarter 2020,productivity_costs,Fourth Quarter 2020,https://www.bls.gov/schedule/2021/home.htm,2026-10-05T06:10:18Z
2021-02-05,08:30,2021-02-05T13:30:00Z,Employment Situation for January 2021,employment_situation,January 2021,https://www.bls.gov/schedule/2021/home.htm,2026-10-05T06:10:18Z
2021-02-09,10:00,2021-02-09T15:00:00Z,Job Openings and Labor Turnover Survey for December 2020,jolts,December 2020,https://www.bls.gov/schedule/2021/home.htm,2026-10-05T06:10:18Z
2021-02-10,08:30,2021-02-10T13:30:00Z,Consumer Price Index for January 2021,cpi,January 2021,https://www.bls.gov/schedule/2021/home.htm,2026-10-05T06:10:18Z
2021-02-10,08:30,2021-02-10T13:30:00Z,Real Earnings for January 2021,real_earnings,January 2021,https://www.bls.gov/schedule/2021/home.htm,2026-10-05T06:10:18Z
2021-02-17,08:30,2021-02-17T13:30:00Z,Producer Price Index for January 2021,ppi,January 2021,https://www.bls.gov/schedule/2021/home.htm,2026-10-05T06:10:18Z
2021-02-18,08:30,2021-02-18T13:30:00Z,U.S. Import and Export Price Indexes for January 2021,import_export_prices,January 2021,https://www.bls.gov/schedule/2021/home.htm,2026-10-05T06:10:18Z
2021-02-19,10:00,2021-02-19T15:00:00Z,Major Work Stoppages (Annual) for 2020,other_bls,2020,https://www.bls.gov/schedule/2021/home.htm,2026-10-05T06:10:18Z
2021-02-24,10:00,2021-02-24T15:00:00Z,County Employment and Wages for Third Quarter 2020,other_bls,Third Quarter 2020,https://www.bls.gov/schedule/2021/home.htm,2026-10-05T06:10:18Z
2021-02-24,10:00,2021-02-24T15:00:00Z,Persons with a Disability: Labor Force Characteristics for Annual 2020,other_bls,Annual 2020,https://www.bls.gov/schedule/2021/home.htm,2026-10-05T06:10:18Z
2021-03-03,10:00,2021-03-03T15:00:00Z,State Unemployment (Annual) for Annual 2020,other_bls,Annual 2020,https://www.bls.gov/schedule/2021/home.htm,2026-10-05T06:10:18Z
2021-03-04,08:30,2021-03-04T13:30:00Z,Productivity and Costs (R) for Fourth Quarter 2020,productivity_costs,Fourth Quarter 2020,https://www.bls.gov/schedule/2021/home.htm,2026-10-05T06:10:18Z
2021-03-05,08:30,2021-03-05T13:30:00Z,Employment Situation for February 2021,employment_situation,February 2021,https://www.bls.gov/schedule/2021/home.htm,2026-10-05T06:10:18Z
2021-03-10,08:30,2021-03-10T13:30:00Z,Consumer Price Index for February 2021,cpi,February 2021,https://www.bls.gov/schedule/2021/home.htm,2026-10-05T06:10:18Z
2021-03-10,08:30,2021-03-10T13:30:00Z,Real Earnings for February 2021,real_earnings,February 2021,https://www.bls.gov/schedule/2021/home.htm,2026-10-05T06:10:18Z
2021-03-11,10:00,2021-03-11T15:00:00Z,Job Openings and Labor Turnover Survey for January 2021,jolts,January 2021,https://www.bls.gov/schedule/2021/home.htm,2026-10-05T06:10:18Z
2021-03-12,08:30,2021-03-12T13:30:00Z,Producer Price Index for February 2021,ppi,February 2021,https://www.bls.gov/schedule/2021/home.htm,2026-10-05T06:10:18Z
2021-03-15,10:00,2021-03-15T14:00:00Z,State Employment and Unemployment (Monthly) for January 2021,other_bls,January 2021,https://www.bls.gov/schedule/2021/home.htm,2026-10-05T06:10:18Z
2021-03-16,08:30,2021-03-16T12:30:00Z,U.S. Import and Export Price Indexes for February 2021,import_export_prices,February 2021,https://www.bls.gov/schedule/2021/home.htm,2026-10-05T06:10:18Z
2021-03-18,10:00,2021-03-18T14:00:00Z,Employer Costs for Employee Compensation for December 2020,other_bls,Employee Compensation for December 2020,https://www.bls.gov/schedule/2021/home.htm,2026-10-05T06:10:18Z
2021-03-18,10:00,2021-03-18T14:00:00Z,Employment Situation of Veterans for Annual 2020,employment_situation,Annual 2020,https://www.bls.gov/schedule/2021/home.htm,2026-10-05T06:10:18Z
2021-03-19,10:00,2021-03-19T14:00:00Z,Metropolitan Area Employment and Unemployment (Monthly) for January 2021,other_bls,January 2021,https://www.bls.gov/schedule/2021/home.htm,2026-10-05T06:10:18Z
2021-03-23,10:00,2021-03-23T14:00:00Z,Multifactor Productivity Trends for Annual 2020,other_bls,Annual 2020,https://www.bls.gov/schedule/2021/home.htm,2026-10-05T06:10:18Z
2021-03-26,10:00,2021-03-26T14:00:00Z,State Employment and Unemployment (Monthly) for February 2021,other_bls,February 2021,https://www.bls.gov/schedule/2021/home.htm,2026-10-05T06:10:18Z
2021-03-31,10:00,2021-03-31T14:00:00Z,Occupational Employment and Wages for May 2020,other_bls,May 2020,https://www.bls.gov/schedule/2021/home.htm,2026-10-05T06:10:18Z
2021-04-02,08:30,2021-04-02T12:30:00Z,Employment Situation for March 2021,employment_situation,March 2021,https://www.bls.gov/schedule/2021/home.htm,2026-10-05T06:10:18Z
2021-04-06,10:00,2021-04-06T14:00:00Z,Job Openings and Labor Turnover Survey for February 2021,jolts,February 2021,https://www.bls.gov/schedule/2021/home.htm,2026-10-05T06:10:18Z
2021-04-07,10:00,2021-04-07T14:00:00Z,Metropolitan Area Employment and Unemployment (Monthly) for February 2021,other_bls,February 2021,https://www.bls.gov/schedule/2021/home.htm,2026-10-05T06:10:18Z
2021-04-09,08:30,2021-04-09T12:30:00Z,Producer Price Index for March 2021,ppi,March 2021,https://www.bls.gov/schedule/2021/home.htm,2026-10-05T06:10:18Z
2021-04-13,08:30,2021-04-13T12:30:00Z,Consumer Price Index for March 2021,cpi,March 2021,https://www.bls.gov/schedule/2021/home.htm,2026-10-05T06:10:18Z
2021-04-13,08:30,2021-04-13T12:30:00Z,Real Earnings for March 2021,real_earnings,March 2021,https://www.bls.gov/schedule/2021/home.htm,2026-10-05T06:10:18Z
2021-04-14,08:30,2021-04-14T12:30:00Z,U.S. Import and Export Price Indexes for March 2021,import_export_prices,March 2021,https://www.bls.gov/schedule/2021/home.htm,2026-10-05T06:10:18Z
2021-04-16,10:00,2021-04-16T14:00:00Z,State Employment and Unemployment (Monthly) for March 2021,other_bls,March 2021,https://www.bls.gov/schedule/2021/home.htm,2026-10-05T06:10:18Z
2021-04-16,10:00,2021-04-16T14:00:00Z,Usual Weekly Earnings of Wage and Salary Workers for First Quarter 2021,other_bls,First Quarter 2021,https://www.bls.gov/schedule/2021/home.htm,2026-10-05T06:10:18Z
2021-04-21,10:00,2021-04-21T14:00:00Z,Employment Characteristics of Families for Annual 2020,other_bls,Annual 2020,https://www.bls.gov/schedule/2021/home.htm,2026-10-05T06:10:18Z
2021-04-27,10:00,2021-04-27T14:00:00Z,College Enrollment and Work Activity of High School Graduates for Annual 2020,other_bls,Annual 2020,https://www.bls.gov/schedule/2021/home.htm,2026-10-05T06:10:18Z
2021-04-28,10:00,2021-04-28T14:00:00Z,Metropolitan Area Employment and Unemployment (Monthly) for March 2021,other_bls,March 2021,https://www.bls.gov/schedule/2021/home.htm,2026-10-05T06:10:18Z
2021-04-28,10:00,2021-04-28T14:00:00Z,Quarterly Data Series on Business Employment Dynamics for Third Quarter 2020,other_bls,Third Quarter 2020,https://www.bls.gov/schedule/2021/home.htm,2026-10-05T06:10:18Z
2021-04-29,10:00,2021-04-29T14:00:00Z,Consumer Expenditures Survey Midyear Update for Midyear 2019-2020,other_bls,Midyear 2019-2020,https://www.bls.gov/schedule/2021/home.htm,2026-10-05T06:10:18Z
2021-04-29,10:00,2021-04-29T14:00:00Z,Productivity and Costs by Industry: Manufacturing and Mining Industries for Annual 2020,productivity_costs,Annual 2020,https://www.bls.gov/schedule/2021/home.htm,2026-10-05T06:10:18Z
2021-04-30,08:30,2021-04-30T12:30:00Z,Employment Cost Index for First Quarter 2021,employment_cost_index,First Quarter 2021,https://www.bls.gov/schedule/2021/home.htm,2026-10-05T06:10:18Z
2021-05-06,08:30,2021-05-06T12:30:00Z,Productivity and Costs (P) for First Quarter 2021,productivity_costs,First Quarter 2021,https://www.bls.gov/schedule/2021/home.htm,2026-10-05T06:10:18Z
2021-05-07,08:30,2021-05-07T12:30:00Z,Employment Situation for April 2021,employment_situation,April 2021,https://www.bls.gov/schedule/2021/home.htm,2026-10-05T06:10:18Z
2021-05-11,10:00,2021-05-11T14:00:00Z,Job Openings and Labor Turnover Survey for March 2021,jolts,March 2021,https://www.bls.gov/schedule/2021/home.htm,2026-10-05T06:10:18Z
2021-05-12,08:30,2021-05-12T12:30:00Z,Consumer Price Index for April 2021,cpi,April 2021,https://www.bls.gov/schedule/2021/home.htm,2026-10-05T06:10:18Z
2021-05-12,08:30,2021-05-12T12:30:00Z,Real Earnings for April 2021,real_earnings,April 2021,https://www.bls.gov/schedule/2021/home.htm,2026-10-05T06:10:18Z
2021-05-13,08:30,2021-05-13T12:30:00Z,Producer Price Index for April 2021,ppi,April 2021,https://www.bls.gov/schedule/2021/home.htm,2026-10-05T06:10:18Z
2021-05-14,08:30,2021-05-14T12:30:00Z,U.S. Import and Export Price Indexes for April 2021,import_export_prices,April 2021,https://www.bls.gov/schedule/2021/home.htm,2026-10-05T06:10:18Z
2021-05-18,10:00,2021-05-18T14:00:00Z,Labor Force Characteristics of Foreign-born Workers for Annual 2020,other_bls,Annual 2020,https://www.bls.gov/schedule/2021/home.htm,2026-10-05T06:10:18Z
2021-05-19,10:00,2021-05-19T14:00:00Z,County Employment and Wages for Fourth Quarter 2020,other_bls,Fourth Quarter 2020,https://www.bls.gov/schedule/2021/home.htm,2026-10-05T06:10:18Z
2021-05-21,10:00,2021-05-21T14:00:00Z,State Employment and Unemployment (Monthly) for April 2021,other_bls,April 2021,https://www.bls.gov/schedule/2021/home.htm,2026-10-05T06:10:18Z
2021-05-27,10:00,2021-05-27T14:00:00Z,Productivity by State for Annual 2020,other_bls,Annual 2020,https://www.bls.gov/schedule/2021/home.htm,2026-10-05T06:10:18Z
2021-06-02,10:00,2021-06-02T14:00:00Z,Metropolitan Area Employment and Unemployment (Monthly) for April 2021,other_bls,April 2021,https://www.bls.gov/schedule/2021/home.htm,2026-10-05T06:10:18Z
2021-06-03,08:30,2021-06-03T12:30:00Z,Productivity and Costs (R) for First Quarter 2021,productivity_costs,First Quarter 2021,https://www.bls.gov/schedule/2021/home.htm,2026-10-05T06:10:18Z
2021-06-04,08:30,2021-06-04T12:30:00Z,Employment Situation for May 2021,employment_situation,May 2021,https://www.bls.gov/schedule/2021/home.htm,2026-10-05T06:10:18Z
2021-06-08,10:00,2021-06-08T14:00:00Z,Job Openings and Labor Turnover Survey for April 2021,jolts,April 2021,https://www.bls.gov/schedule/2021/home.htm,2026-10-05T06:10:18Z
2021-06-10,08:30,2021-06-10T12:30:00Z,Consumer Price Index for May 2021,cpi,May 2021,https://www.bls.gov/schedule/2021/home.htm,2026-10-05T06:10:18Z
2021-06-10,08:30,2021-06-10T12:30:00Z,Real Earnings for May 2021,real_earnings,May 2021,https://www.bls.gov/schedule/2021/home.htm,2026-10-05T06:10:18Z
2021-06-11,10:00,2021-06-11T14:00:00Z,Productivity and Costs by Industry: Selected Service-Providing Industries for Annual 2020,productivity_costs,Annual 2020,https://www.bls.gov/schedule/2021/home.htm,2026-10-05T06:10:18Z
2021-06-15,08:30,2021-06-15T12:30:00Z,Producer Price Index for May 2021,ppi,May 2021,https://www.bls.gov/schedule/2021/home.htm,2026-10-05T06:10:18Z
2021-06-16,08:30,2021-06-16T12:30:00Z,U.S. Import and Export Price Indexes for May 2021,import_export_prices,May 2021,https://www.bls.gov/schedule/2021/home.htm,2026-10-05T06:10:18Z
2021-06-17,10:00,2021-06-17T14:00:00Z,Employer Costs for Employee Compensation for March 2021,other_bls,Employee Compensation for March 2021,https://www.bls.gov/schedule/2021/home.htm,2026-10-05T06:10:18Z
2021-06-23,10:00,2021-06-23T14:00:00Z,State Employment and Unemployment (Monthly) for May 2021,other_bls,May 2021,https://www.bls.gov/schedule/2021/home.htm,2026-10-05T06:10:18Z
2021-06-30,10:00,2021-06-30T14:00:00Z,Metropolitan Area Employment and Unemployment (Monthly) for May 2021,other_bls,May 2021,https://www.bls.gov/schedule/2021/home.htm,2026-10-05T06:10:18Z
2021-07-02,08:30,2021-07-02T12:30:00Z,Employment Situation for June 2021,employment_situation,June 2021,https://www.bls.gov/schedule/2021/home.htm,2026-10-05T06:10:18Z
2021-07-07,10:00,2021-07-07T14:00:00Z,Job Openings and Labor Turnover Survey for May 2021,jolts,May 2021,https://www.bls.gov/schedule/2021/home.htm,2026-10-05T06:10:18Z
2021-07-13,08:30,2021-07-13T12:30:00Z,Consumer Price Index for June 2021,cpi,June 2021,https://www.bls.gov/schedule/2021/home.htm,2026-10-05T06:10:18Z
2021-07-13,08:30,2021-07-13T12:30:00Z,Real Earnings for June 2021,real_earnings,June 2021,https://www.bls.gov/schedule/2021/home.htm,2026-10-05T06:10:18Z
2021-07-14,08:30,2021-07-14T12:30:00Z,Producer Price Index for June 2021,ppi,June 2021,https://www.bls.gov/schedule/2021/home.htm,2026-10-05T06:10:18Z
2021-07-15,08:30,2021-07-15T12:30:00Z,U.S. Import and Export Price Indexes for June 2021,import_export_prices,June 2021,https://www.bls.gov/schedule/2021/home.htm,2026-10-05T06:10:18Z
2021-07-16,10:00,2021-07-16T14:00:00Z,State Employment and Unemployment (Monthly) for June 2021,other_bls,June 2021,https://www.bls.gov/schedule/2021/home.htm,2026-10-05T06:10:18Z
2021-07-16,10:00,2021-07-16T14:00:00Z,Usual Weekly Earnings of Wage and Salary Workers for Second Quarter 2021,other_bls,Second Quarter 2021,https://www.bls.gov/schedule/2021/home.htm,2026-10-05T06:10:18Z
2021-07-22,10:00,2021-07-22T14:00:00Z,American Time Use Survey for Annual 2020,other_bls,Annual 2020,https://www.bls.gov/schedule/2021/home.htm,2026-10-05T06:10:18Z
2021-07-28,10:00,2021-07-28T14:00:00Z,Metropolitan Area Employment and Unemployment (Monthly) for June 2021,other_bls,June 2021,https://www.bls.gov/schedule/2021/home.htm,2026-10-05T06:10:18Z
2021-07-28,10:00,2021-07-28T14:00:00Z,Quarterly Data Series on Business Employment Dynamics for Fourth Quarter 2020,other_bls,Fourth Quarter 2020,https://www.bls.gov/schedule/2021/home.htm,2026-10-05T06:10:18Z
2021-07-29,10:00,2021-07-29T14:00:00Z,Productivity and Costs by Industry: Wholesale Trade and Retail Trade for Annual 2020,productivity_costs,Annual 2020,https://www.bls.gov/schedule/2021/home.htm,2026-10-05T06:10:18Z
2021-07-30,08:30,2021-07-30T12:30:00Z,Employment Cost Index for Second Quarter 2021,employment_cost_index,Second Quarter 2021,https://www.bls.gov/schedule/2021/home.htm,2026-10-05T06:10:18Z
2021-08-06,08:30,2021-08-06T12:30:00Z,Employment Situation for July 2021,employment_situation,July 2021,https://www.bls.gov/schedule/2021/home.htm,2026-10-05T06:10:18Z
2021-08-09,10:00,2021-08-09T14:00:00Z,Job Openings and Labor Turnover Survey for June 2021,jolts,June 2021,https://www.bls.gov/schedule/2021/home.htm,2026-10-05T06:10:18Z
2021-08-10,08:30,2021-08-10T12:30:00Z,Productivity and Costs (P) for Second Quarter 2021,productivity_costs,Second Quarter 2021,https://www.bls.gov/schedule/2021/home.htm,2026-10-05T06:10:18Z
2021-08-11,08:30,2021-08-11T12:30:00Z,Consumer Price Index for July 2021,cpi,July 2021,https://www.bls.gov/schedule/2021/home.htm,2026-10-05T06:10:18Z
2021-08-11,08:30,2021-08-11T12:30:00Z,Real Earnings for July 2021,real_earnings,July 2021,https://www.bls.gov/schedule/2021/home.htm,2026-10-05T06:10:18Z
2021-08-12,08:30,2021-08-12T12:30:00Z,Producer Price Index for July 2021,ppi,July 2021,https://www.bls.gov/schedule/2021/home.htm,2026-10-05T06:10:18Z
2021-08-13,08:30,2021-08-13T12:30:00Z,U.S. Import and Export Price Indexes for July 2021,import_export_prices,July 2021,https://www.bls.gov/schedule/2021/home.htm,2026-10-05T06:10:18Z
2021-08-18,10:00,2021-08-18T14:00:00Z,County Employment and Wages for First Quarter 2021,other_bls,First Quarter 2021,https://www.bls.gov/schedule/2021/home.htm,2026-10-05T06:10:18Z
2021-08-18,10:00,2021-08-18T14:00:00Z,Summer Youth Labor Force for Annual 2021,other_bls,Annual 2021,https://www.bls.gov/schedule/2021/home.htm,2026-10-05T06:10:18Z
2021-08-20,10:00,2021-08-20T14:00:00Z,State Employment and Unemployment (Monthly) for July 2021,other_bls,July 2021,https://www.bls.gov/schedule/2021/home.htm,2026-10-05T06:10:18Z
2021-08-26,10:00,2021-08-26T14:00:00Z,Multifactor Productivity Trends for Detailed Industries for Annual 2019,other_bls,Detailed Industries for Annual 2019,https://www.bls.gov/schedule/2021/home.htm,2026-10-05T06:10:18Z
2021-08-31,10:00,2021-08-31T14:00:00Z,"Number of Jobs, Labor Market Experience, and Earnings Growth: Results from a National Longitudinal Survey for Biennial",other_bls,Biennial,https://www.bls.gov/schedule/2021/home.htm,2026-10-05T06:10:18Z
2021-09-01,10:00,2021-09-01T14:00:00Z,Metropolitan Area Employment and Unemployment (Monthly) for July 2021,other_bls,July 2021,https://www.bls.gov/schedule/2021/home.htm,2026-10-05T06:10:18Z
2021-09-02,08:30,2021-09-02T12:30:00Z,Productivity and Costs (R) for Second Quarter 2021,productivity_costs,Second Quarter 2021,https://www.bls.gov/schedule/2021/home.htm,2026-10-05T06:10:18Z
2021-09-03,08:30,2021-09-03T12:30:00Z,Employment Situation for August 2021,employment_situation,August 2021,https://www.bls.gov/schedule/2021/home.htm,2026-10-05T06:10:18Z
2021-09-08,10:00,2021-09-08T14:00:00Z,Employment Projections and Occupational Outlook Handbook for Annual 2020-2030,other_bls,Annual 2020-2030,https://www.bls.gov/schedule/2021/home.htm,2026-10-05T06:10:18Z
2021-09-08,10:00,2021-09-08T14:00:00Z,Job Openings and Labor Turnover Survey for July 2021,jolts,July 2021,https://www.bls.gov/schedule/2021/home.htm,2026-10-05T06:10:18Z
2021-09-09,10:00,2021-09-09T14:00:00Z,Consumer Expenditures (Annual) for 2020,other_bls,2020,https://www.bls.gov/schedule/2021/home.htm,2026-10-05T06:10:18Z
2021-09-10,08:30,2021-09-10T12:30:00Z,Producer Price Index for August 2021,ppi,August 2021,https://www.bls.gov/schedule/2021/home.htm,2026-10-05T06:10:18Z
2021-09-14,08:30,2021-09-14T12:30:00Z,Consumer Price Index for August 2021,cpi,August 2021,https://www.bls.gov/schedule/2021/home.htm,2026-10-05T06:10:18Z
2021-09-14,08:30,2021-09-14T12:30:00Z,Real Earnings for August 2021,real_earnings,August 2021,https://www.bls.gov/schedule/2021/home.htm,2026-10-05T06:10:18Z
2021-09-15,08:30,2021-09-15T12:30:00Z,U.S. Import and Export Price Indexes for August 2021,import_export_prices,August 2021,https://www.bls.gov/schedule/2021/home.htm,2026-10-05T06:10:18Z
2021-09-16,10:00,2021-09-16T14:00:00Z,Employer Costs for Employee Compensation for June 2021,other_bls,Employee Compensation for June 2021,https://www.bls.gov/schedule/2021/home.htm,2026-10-05T06:10:18Z
2021-09-17,10:00,2021-09-17T14:00:00Z,State Employment and Unemployment (Monthly) for August 2021,other_bls,August 2021,https://www.bls.gov/schedule/2021/home.htm,2026-10-05T06:10:18Z
2021-09-23,10:00,2021-09-23T14:00:00Z,Employee Benefits in the United States for March 2021,other_bls,March 2021,https://www.bls.gov/schedule/2021/home.htm,2026-10-05T06:10:18Z
2021-09-29,10:00,2021-09-29T14:00:00Z,Metropolitan Area Employment and Unemployment (Monthly) for August 2021,other_bls,August 2021,https://www.bls.gov/schedule/2021/home.htm,2026-10-05T06:10:18Z
2021-10-08,08:30,2021-10-08T12:30:00Z,Employment Situation for September 2021,employment_situation,September 2021,https://www.bls.gov/schedule/2021/home.htm,2026-10-05T06:10:18Z
2021-10-12,10:00,2021-10-12T14:00:00Z,Job Openings and Labor Turnover Survey for August 2021,jolts,August 2021,https://www.bls.gov/schedule/2021/home.htm,2026-10-05T06:10:18Z
2021-10-13,08:30,2021-10-13T12:30:00Z,Consumer Price Index for September 2021,cpi,September 2021,https://www.bls.gov/schedule/2021/home.htm,2026-10-05T06:10:18Z
2021-10-13,08:30,2021-10-13T12:30:00Z,Real Earnings for September 2021,real_earnings,September 2021,https://www.bls.gov/schedule/2021/home.htm,2026-10-05T06:10:18Z
2021-10-14,08:30,2021-10-14T12:30:00Z,Producer Price Index for September 2021,ppi,September 2021,https://www.bls.gov/schedule/2021/home.htm,2026-10-05T06:10:18Z
2021-10-15,08:30,2021-10-15T12:30:00Z,U.S. Import and Export Price Indexes for September 2021,import_export_prices,September 2021,https://www.bls.gov/schedule/2021/home.htm,2026-10-05T06:10:18Z
2021-10-19,10:00,2021-10-19T14:00:00Z,Usual Weekly Earnings of Wage and Salary Workers for Third Quarter 2021,other_bls,Third Quarter 2021,https://www.bls.gov/schedule/2021/home.htm,2026-10-05T06:10:18Z
2021-10-22,10:00,2021-10-22T14:00:00Z,State Employment and Unemployment (Monthly) for September 2021,other_bls,September 2021,https://www.bls.gov/schedule/2021/home.htm,2026-10-05T06:10:18Z
2021-10-22,10:00,2021-10-22T14:00:00Z,State Job Openings and Labor Turnover for August 2021,other_bls,August 2021,https://www.bls.gov/schedule/2021/home.htm,2026-10-05T06:10:18Z
2021-10-27,10:00,2021-10-27T14:00:00Z,Quarterly Data Series on Business Employment Dynamics for First Quarter 2021,other_bls,First Quarter 2021,https://www.bls.gov/schedule/2021/home.htm,2026-10-05T06:10:18Z
2021-10-29,08:30,2021-10-29T12:30:00Z,Employment Cost Index for Third Quarter 2021,employment_cost_index,Third Quarter 2021,https://www.bls.gov/schedule/2021/home.htm,2026-10-05T06:10:18Z
2021-11-03,10:00,2021-11-03T14:00:00Z,Employer-Reported Workplace Injuries and Illnesses (Annual) for Annual 2020,other_bls,Annual 2020,https://www.bls.gov/schedule/2021/home.htm,2026-10-05T06:10:18Z
2021-11-03,10:00,2021-11-03T14:00:00Z,Metropolitan Area Employment and Unemployment (Monthly) for September 2021,other_bls,September 2021,https://www.bls.gov/schedule/2021/home.htm,2026-10-05T06:10:18Z
2021-11-04,08:30,2021-11-04T12:30:00Z,Productivity and Costs (P) for Third Quarter 2021,productivity_costs,Third Quarter 2021,https://www.bls.gov/schedule/2021/home.htm,2026-10-05T06:10:18Z
2021-11-05,08:30,2021-11-05T12:30:00Z,Employment Situation for October 2021,employment_situation,October 2021,https://www.bls.gov/schedule/2021/home.htm,2026-10-05T06:10:18Z
2021-11-09,08:30,2021-11-09T13:30:00Z,Producer Price Index for October 2021,ppi,October 2021,https://www.bls.gov/schedule/2021/home.htm,2026-10-05T06:10:18Z
2021-11-10,08:30,2021-11-10T13:30:00Z,Consumer Price Index for October 2021,cpi,October 2021,https://www.bls.gov/schedule/2021/home.htm,2026-10-05T06:10:18Z
2021-11-10,08:30,2021-11-10T13:30:00Z,Real Earnings for October 2021,real_earnings,October 2021,https://www.bls.gov/schedule/2021/home.htm,2026-10-05T06:10:18Z
2021-11-12,10:00,2021-11-12T15:00:00Z,Job Openings and Labor Turnover Survey for September 2021,jolts,September 2021,https://www.bls.gov/schedule/2021/home.htm,2026-10-05T06:10:18Z
2021-11-16,08:30,2021-11-16T13:30:00Z,U.S. Import and Export Price Indexes for October 2021,import_export_prices,October 2021,https://www.bls.gov/schedule/2021/home.htm,2026-10-05T06:10:18Z
2021-11-18,10:00,2021-11-18T15:00:00Z,Occupational Requirements in the United States for Annual 2021,other_bls,Annual 2021,https://www.bls.gov/schedule/2021/home.htm,2026-10-05T06:10:18Z
2021-11-18,10:00,2021-11-18T15:00:00Z,Total Factor Productivity in Major Industries for Annual 2020,other_bls,Annual 2020,https://www.bls.gov/schedule/2021/home.htm,2026-10-05T06:10:18Z
2021-11-19,10:00,2021-11-19T15:00:00Z,State Employment and Unemployment (Monthly) for October 2021,other_bls,October 2021,https://www.bls.gov/schedule/2021/home.htm,2026-10-05T06:10:18Z
2021-11-19,10:00,2021-11-19T15:00:00Z,State Job Openings and Labor Turnover for September 2021,other_bls,September 2021,https://www.bls.gov/schedule/2021/home.htm,2026-10-05T06:10:18Z
2021-11-23,10:00,2021-11-23T15:00:00Z,County Employment and Wages for Second Quarter 2021,other_bls,Second Quarter 2021,https://www.bls.gov/schedule/2021/home.htm,2026-10-05T06:10:18Z
2021-12-02,10:00,2021-12-02T15:00:00Z,Metropolitan Area Employment and Unemployment (Monthly) for October 2021,other_bls,October 2021,https://www.bls.gov/schedule/2021/home.htm,2026-10-05T06:10:18Z
2021-12-03,08:30,2021-12-03T13:30:00Z,Employment Situation for November 2021,employment_situation,November 2021,https://www.bls.gov/schedule/2021/home.htm,2026-10-05T06:10:18Z
2021-12-07,08:30,2021-12-07T13:30:00Z,Productivity and Costs (R) for Third Quarter 2021,productivity_costs,Third Quarter 2021,https://www.bls.gov/schedule/2021/home.htm,2026-10-05T06:10:18Z
2021-12-08,10:00,2021-12-08T15:00:00Z,Job Openings and Labor Turnover Survey for October 2021,jolts,October 2021,https://www.bls.gov/schedule/2021/home.htm,2026-10-05T06:10:18Z
2021-12-09,10:00,2021-12-09T15:00:00Z,Work Experience of the Population (Annual) for 2020,other_bls,2020,https://www.bls.gov/schedule/2021/home.htm,2026-10-05T06:10:18Z
2021-12-10,08:30,2021-12-10T13:30:00Z,Consumer Price Index for November 2021,cpi,November 2021,https://www.bls.gov/schedule/2021/home.htm,2026-10-05T06:10:18Z
2021-12-10,08:30,2021-12-10T13:30:00Z,Real Earnings for November 2021,real_earnings,November 2021,https://www.bls.gov/schedule/2021/home.htm,2026-10-05T06:10:18Z
2021-12-14,08:30,2021-12-14T13:30:00Z,Producer Price Index for November 2021,ppi,November 2021,https://www.bls.gov/schedule/2021/home.htm,2026-10-05T06:10:18Z
2021-12-15,08:30,2021-12-15T13:30:00Z,U.S. Import and Export Price Indexes for November 2021,import_export_prices,November 2021,https://www.bls.gov/schedule/2021/home.htm,2026-10-05T06:10:18Z
2021-12-16,10:00,2021-12-16T15:00:00Z,Census of Fatal Occupational Injuries for Annual 2020,other_bls,Annual 2020,https://www.bls.gov/schedule/2021/home.htm,2026-10-05T06:10:18Z
2021-12-16,10:00,2021-12-16T15:00:00Z,Employer Costs for Employee Compensation for September 2021,other_bls,Employee Compensation for September 2021,https://www.bls.gov/schedule/2021/home.htm,2026-10-05T06:10:18Z
2021-12-17,10:00,2021-12-17T15:00:00Z,State Employment and Unemployment (Monthly) for November 2021,other_bls,November 2021,https://www.bls.gov/schedule/2021/home.htm,2026-10-05T06:10:18Z
2021-12-17,10:00,2021-12-17T15:00:00Z,State Job Openings and Labor Turnover for October 2021,other_bls,October 2021,https://www.bls.gov/schedule/2021/home.htm,2026-10-05T06:10:18Z
2021-12-30,10:00,2021-12-30T15:00:00Z,Metropolitan Area Employment and Unemployment (Monthly) for November 2021,other_bls,November 2021,https://www.bls.gov/schedule/2021/home.htm,2026-10-05T06:10:18Z
2022-01-04,10:00,2022-01-04T15:00:00Z,Job Openings and Labor Turnover Survey for November 2021,jolts,November 2021,https://www.bls.gov/schedule/2022/home.htm,2026-10-05T06:10:18Z
2022-01-07,08:30,2022-01-07T13:30:00Z,Employment Situation for December 2021,employment_situation,December 2021,https://www.bls.gov/schedule/2022/home.htm,2026-10-05T06:10:18Z
2022-01-12,08:30,2022-01-12T13:30:00Z,Consumer Price Index for December 2021,cpi,December 2021,https://www.bls.gov/schedule/2022/home.htm,2026-10-05T06:10:18Z
2022-01-12,08:30,2022-01-12T13:30:00Z,Real Earnings for December 2021,real_earnings,December 2021,https://www.bls.gov/schedule/2022/home.htm,2026-10-05T06:10:18Z
2022-01-13,08:30,2022-01-13T13:30:00Z,Producer Price Index for December 2021,ppi,December 2021,https://www.bls.gov/schedule/2022/home.htm,2026-10-05T06:10:18Z
2022-01-14,08:30,2022-01-14T13:30:00Z,U.S. Import and Export Price Indexes for December 2021,import_export_prices,December 2021,https://www.bls.gov/schedule/2022/home.htm,2026-10-05T06:10:18Z
2022-01-19,10:00,2022-01-19T15:00:00Z,Usual Weekly Earnings of Wage and Salary Workers for Fourth Quarter 2021,other_bls,Fourth Quarter 2021,https://www.bls.gov/schedule/2022/home.htm,2026-10-05T06:10:18Z
2022-01-20,10:00,2022-01-20T15:00:00Z,Union Membership (Annual) for Annual 2021,other_bls,Annual 2021,https://www.bls.gov/schedule/2022/home.htm,2026-10-05T06:10:18Z
2022-01-21,10:00,2022-01-21T15:00:00Z,State Job Openings and Labor Turnover for November 2021,other_bls,November 2021,https://www.bls.gov/schedule/2022/home.htm,2026-10-05T06:10:18Z
2022-01-25,10:00,2022-01-25T15:00:00Z,State Employment and Unemployment (Monthly) for December 2021,other_bls,December 2021,https://www.bls.gov/schedule/2022/home.htm,2026-10-05T06:10:18Z
2022-01-26,10:00,2022-01-26T15:00:00Z,Quarterly Data Series on Business Employment Dynamics for Second Quarter 2021,other_bls,Second Quarter 2021,https://www.bls.gov/schedule/2022/home.htm,2026-10-05T06:10:18Z
2022-01-28,08:30,2022-01-28T13:30:00Z,Employment Cost Index for Fourth Quarter 2021,employment_cost_index,Fourth Quarter 2021,https://www.bls.gov/schedule/2022/home.htm,2026-10-05T06:10:18Z
2022-02-01,10:00,2022-02-01T15:00:00Z,Job Openings and Labor Turnover Survey for December 2021,jolts,December 2021,https://www.bls.gov/schedule/2022/home.htm,2026-10-05T06:10:18Z
2022-02-02,10:00,2022-02-02T15:00:00Z,Metropolitan Area Employment and Unemployment (Monthly) for December 2021,other_bls,December 2021,https://www.bls.gov/schedule/2022/home.htm,2026-10-05T06:10:18Z
2022-02-03,08:30,2022-02-03T13:30:00Z,Productivity and Costs (P) for Fourth Quarter 2021,productivity_costs,Fourth Quarter 2021,https://www.bls.gov/schedule/2022/home.htm,2026-10-05T06:10:18Z
2022-02-04,08:30,2022-02-04T13:30:00Z,Employment Situation for January 2022,employment_situation,January 2022,https://www.bls.gov/schedule/2022/home.htm,2026-10-05T06:10:18Z
2022-02-09,10:00,2022-02-09T15:00:00Z,U.S. Business Response to the COVID-19 Pandemic for Annual 2021,other_bls,Annual 2021,https://www.bls.gov/schedule/2022/home.htm,2026-10-05T06:10:18Z
2022-02-10,08:30,2022-02-10T13:30:00Z,Consumer Price Index for January 2022,cpi,January 2022,https://www.bls.gov/schedule/2022/home.htm,2026-10-05T06:10:18Z
2022-02-10,08:30,2022-02-10T13:30:00Z,Real Earnings for January 2022,real_earnings,January 2022,https://www.bls.gov/schedule/2022/home.htm,2026-10-05T06:10:18Z
2022-02-15,08:30,2022-02-15T13:30:00Z,Producer Price Index for January 2022,ppi,January 2022,https://www.bls.gov/schedule/2022/home.htm,2026-10-05T06:10:18Z
2022-02-16,08:30,2022-02-16T13:30:00Z,U.S. Import and Export Price Indexes for January 2022,import_export_prices,January 2022,https://www.bls.gov/schedule/2022/home.htm,2026-10-05T06:10:18Z
2022-02-17,10:00,2022-02-17T15:00:00Z,State Job Openings and Labor Turnover for December 2021,other_bls,December 2021,https://www.bls.gov/schedule/2022/home.htm,2026-10-05T06:10:18Z
2022-02-23,10:00,2022-02-23T15:00:00Z,County Employment and Wages for Third Quarter 2021,other_bls,Third Quarter 2021,https://www.bls.gov/schedule/2022/home.htm,2026-10-05T06:10:18Z
2022-02-23,10:00,2022-02-23T15:00:00Z,Major Work Stoppages (Annual) for Annual 2021,other_bls,Annual 2021,https://www.bls.gov/schedule/2022/home.htm,2026-10-05T06:10:18Z
2022-02-24,10:00,2022-02-24T15:00:00Z,Persons with a Disability: Labor Force Characteristics for Annual 2021,other_bls,Annual 2021,https://www.bls.gov/schedule/2022/home.htm,2026-10-05T06:10:18Z
2022-03-02,10:00,2022-03-02T15:00:00Z,State Unemployment (Annual) for Annual 2021,other_bls,Annual 2021,https://www.bls.gov/schedule/2022/home.htm,2026-10-05T06:10:18Z
2022-03-03,08:30,2022-03-03T13:30:00Z,Productivity and Costs (R) for Fourth Quarter 2021,productivity_costs,Fourth Quarter 2021,https://www.bls.gov/schedule/2022/home.htm,2026-10-05T06:10:18Z
2022-03-04,08:30,2022-03-04T13:30:00Z,Employment Situation for February 2022,employment_situation,February 2022,https://www.bls.gov/schedule/2022/home.htm,2026-10-05T06:10:18Z
2022-03-09,10:00,2022-03-09T15:00:00Z,Job Openings and Labor Turnover Survey for January 2022,jolts,January 2022,https://www.bls.gov/schedule/2022/home.htm,2026-10-05T06:10:18Z
2022-03-10,08:30,2022-03-10T13:30:00Z,Consumer Price Index for February 2022,cpi,February 2022,https://www.bls.gov/schedule/2022/home.htm,2026-10-05T06:10:18Z
2022-03-10,08:30,2022-03-10T13:30:00Z,Real Earnings for February 2022,real_earnings,February 2022,https://www.bls.gov/schedule/2022/home.htm,2026-10-05T06:10:18Z
2022-03-14,10:00,2022-03-14T14:00:00Z,State Employment and Unemployment (Monthly) for January 2022,other_bls,January 2022,https://www.bls.gov/schedule/2022/home.htm,2026-10-05T06:10:18Z
2022-03-15,08:30,2022-03-15T12:30:00Z,Producer Price Index for February 2022,ppi,February 2022,https://www.bls.gov/schedule/2022/home.htm,2026-10-05T06:10:18Z
2022-03-16,08:30,2022-03-16T12:30:00Z,U.S. Import and Export Price Indexes for February 2022,import_export_prices,February 2022,https://www.bls.gov/schedule/2022/home.htm,2026-10-05T06:10:18Z
2022-03-17,10:00,2022-03-17T14:00:00Z,State Job Openings and Labor Turnover for January 2022,other_bls,January 2022,https://www.bls.gov/schedule/2022/home.htm,2026-10-05T06:10:18Z
2022-03-18,10:00,2022-03-18T14:00:00Z,Employer Costs for Employee Compensation for December 2021,other_bls,Employee Compensation for December 2021,https://www.bls.gov/schedule/2022/home.htm,2026-10-05T06:10:18Z
2022-03-18,10:00,2022-03-18T14:00:00Z,Metropolitan Area Employment and Unemployment (Monthly) for January 2022,other_bls,January 2022,https://www.bls.gov/schedule/2022/home.htm,2026-10-05T06:10:18Z
2022-03-24,10:00,2022-03-24T14:00:00Z,Total Factor Productivity for Annual 2021,other_bls,Annual 2021,https://www.bls.gov/schedule/2022/home.htm,2026-10-05T06:10:18Z
2022-03-25,10:00,2022-03-25T14:00:00Z,State Employment and Unemployment (Monthly) for February 2022,other_bls,February 2022,https://www.bls.gov/schedule/2022/home.htm,2026-10-05T06:10:18Z
2022-03-29,10:00,2022-03-29T14:00:00Z,Job Openings and Labor Turnover Survey for February 2022,jolts,February 2022,https://www.bls.gov/schedule/2022/home.htm,2026-10-05T06:10:18Z
2022-03-29,10:00,2022-03-29T14:00:00Z,"Labor Market Experience, Education, Partner Status, and Health for those Born 1980-1984 for Biennial",other_bls,those Born 1980-1984 for Biennial,https://www.bls.gov/schedule/2022/home.htm,2026-10-05T06:10:18Z
2022-03-30,10:00,2022-03-30T14:00:00Z,Persons with a Disability: Barriers to Employment and Other Labor-Related Issues for Annual 2021,other_bls,Annual 2021,https://www.bls.gov/schedule/2022/home.htm,2026-10-05T06:10:18Z
2022-03-31,10:00,2022-03-31T14:00:00Z,Occupational Employment and Wages for Annual 2021,other_bls,Annual 2021,https://www.bls.gov/schedule/2022/home.htm,2026-10-05T06:10:18Z
2022-04-01,08:30,2022-04-01T12:30:00Z,Employment Situation for March 2022,employment_situation,March 2022,https://www.bls.gov/schedule/2022/home.htm,2026-10-05T06:10:18Z
2022-04-06,10:00,2022-04-06T14:00:00Z,Metropolitan Area Employment and Unemployment (Monthly) for February 2022,other_bls,February 2022,https://www.bls.gov/schedule/2022/home.htm,2026-10-05T06:10:18Z
2022-04-12,08:30,2022-04-12T12:30:00Z,Consumer Price Index for March 2022,cpi,March 2022,https://www.bls.gov/schedule/2022/home.htm,2026-10-05T06:10:18Z
2022-04-12,08:30,2022-04-12T12:30:00Z,Real Earnings for March 2022,real_earnings,March 2022,https://www.bls.gov/schedule/2022/home.htm,2026-10-05T06:10:18Z
2022-04-13,08:30,2022-04-13T12:30:00Z,Producer Price Index for March 2022,ppi,March 2022,https://www.bls.gov/schedule/2022/home.htm,2026-10-05T06:10:18Z
2022-04-14,08:30,2022-04-14T12:30:00Z,U.S. Import and Export Price Indexes for March 2022,import_export_prices,March 2022,https://www.bls.gov/schedule/2022/home.htm,2026-10-05T06:10:18Z
2022-04-15,10:00,2022-04-15T14:00:00Z,State Employment and Unemployment (Monthly) for March 2022,other_bls,March 2022,https://www.bls.gov/schedule/2022/home.htm,2026-10-05T06:10:18Z
2022-04-15,10:00,2022-04-15T14:00:00Z,Usual Weekly Earnings of Wage and Salary Workers for First Quarter 2022,other_bls,First Quarter 2022,https://www.bls.gov/schedule/2022/home.htm,2026-10-05T06:10:18Z
2022-04-20,10:00,2022-04-20T14:00:00Z,Employment Characteristics of Families for Annual 2021,other_bls,Annual 2021,https://www.bls.gov/schedule/2022/home.htm,2026-10-05T06:10:18Z
2022-04-20,10:00,2022-04-20T14:00:00Z,State Job Openings and Labor Turnover for February 2022,other_bls,February 2022,https://www.bls.gov/schedule/2022/home.htm,2026-10-05T06:10:18Z
2022-04-21,10:00,2022-04-21T14:00:00Z,Employment Situation of Veterans for Annual 2021,employment_situation,Annual 2021,https://www.bls.gov/schedule/2022/home.htm,2026-10-05T06:10:18Z
2022-04-26,10:00,2022-04-26T14:00:00Z,College Enrollment and Work Activity of High School Graduates for Annual 2021,other_bls,Annual 2021,https://www.bls.gov/schedule/2022/home.htm,2026-10-05T06:10:18Z
2022-04-27,10:00,2022-04-27T14:00:00Z,Metropolitan Area Employment and Unemployment (Monthly) for March 2022,other_bls,March 2022,https://www.bls.gov/schedule/2022/home.htm,2026-10-05T06:10:18Z
2022-04-27,10:00,2022-04-27T14:00:00Z,Quarterly Data Series on Business Employment Dynamics for Third Quarter 2021,other_bls,Third Quarter 2021,https://www.bls.gov/schedule/2022/home.htm,2026-10-05T06:10:18Z
2022-04-28,10:00,2022-04-28T14:00:00Z,Productivity and Costs by Industry: Manufacturing and Mining Industries for Annual 2021,productivity_costs,Annual 2021,https://www.bls.gov/schedule/2022/home.htm,2026-10-05T06:10:18Z
2022-04-29,08:30,2022-04-29T12:30:00Z,Employment Cost Index for First Quarter 2022,employment_cost_index,First Quarter 2022,https://www.bls.gov/schedule/2022/home.htm,2026-10-05T06:10:18Z
2022-05-03,10:00,2022-05-03T14:00:00Z,Job Openings and Labor Turnover Survey for March 2022,jolts,March 2022,https://www.bls.gov/schedule/2022/home.htm,2026-10-05T06:10:18Z
2022-05-05,08:30,2022-05-05T12:30:00Z,Productivity and Costs (P) for First Quarter 2022,productivity_costs,First Quarter 2022,https://www.bls.gov/schedule/2022/home.htm,2026-10-05T06:10:18Z
2022-05-06,08:30,2022-05-06T12:30:00Z,Employment Situation for April 2022,employment_situation,April 2022,https://www.bls.gov/schedule/2022/home.htm,2026-10-05T06:10:18Z
2022-05-11,08:30,2022-05-11T12:30:00Z,Consumer Price Index for April 2022,cpi,April 2022,https://www.bls.gov/schedule/2022/home.htm,2026-10-05T06:10:18Z
2022-05-11,08:30,2022-05-11T12:30:00Z,Real Earnings for April 2022,real_earnings,April 2022,https://www.bls.gov/schedule/2022/home.htm,2026-10-05T06:10:18Z
2022-05-12,08:30,2022-05-12T12:30:00Z,Producer Price Index for April 2022,ppi,April 2022,https://www.bls.gov/schedule/2022/home.htm,2026-10-05T06:10:18Z
2022-05-13,08:30,2022-05-13T12:30:00Z,U.S. Import and Export Price Indexes for April 2022,import_export_prices,April 2022,https://www.bls.gov/schedule/2022/home.htm,2026-10-05T06:10:18Z
2022-05-18,10:00,2022-05-18T14:00:00Z,Labor Force Characteristics of Foreign-born Workers for Annual 2021,other_bls,Annual 2021,https://www.bls.gov/schedule/2022/home.htm,2026-10-05T06:10:18Z
2022-05-18,10:00,2022-05-18T14:00:00Z,State Job Openings and Labor Turnover for March 2022,other_bls,March 2022,https://www.bls.gov/schedule/2022/home.htm,2026-10-05T06:10:18Z
2022-05-20,10:00,2022-05-20T14:00:00Z,State Employment and Unemployment (Monthly) for April 2022,other_bls,April 2022,https://www.bls.gov/schedule/2022/home.htm,2026-10-05T06:10:18Z
2022-05-25,10:00,2022-05-25T14:00:00Z,County Employment and Wages for Fourth Quarter 2021,other_bls,Fourth Quarter 2021,https://www.bls.gov/schedule/2022/home.htm,2026-10-05T06:10:18Z
2022-05-26,10:00,2022-05-26T14:00:00Z,Productivity by State for Annual 2021,other_bls,Annual 2021,https://www.bls.gov/schedule/2022/home.htm,2026-10-05T06:10:18Z
2022-06-01,10:00,2022-06-01T14:00:00Z,Job Openings and Labor Turnover Survey for April 2022,jolts,April 2022,https://www.bls.gov/schedule/2022/home.htm,2026-10-05T06:10:18Z
2022-06-01,10:00,2022-06-01T14:00:00Z,Metropolitan Area Employment and Unemployment (Monthly) for April 2022,other_bls,April 2022,https://www.bls.gov/schedule/2022/home.htm,2026-10-05T06:10:18Z
2022-06-02,08:30,2022-06-02T12:30:00Z,Productivity and Costs (R) for First Quarter 2022,productivity_costs,First Quarter 2022,https://www.bls.gov/schedule/2022/home.htm,2026-10-05T06:10:18Z
2022-06-03,08:30,2022-06-03T12:30:00Z,Employment Situation for May 2022,employment_situation,May 2022,https://www.bls.gov/schedule/2022/home.htm,2026-10-05T06:10:18Z
2022-06-10,08:30,2022-06-10T12:30:00Z,Consumer Price Index for May 2022,cpi,May 2022,https://www.bls.gov/schedule/2022/home.htm,2026-10-05T06:10:18Z
2022-06-10,08:30,2022-06-10T12:30:00Z,Real Earnings for May 2022,real_earnings,May 2022,https://www.bls.gov/schedule/2022/home.htm,2026-10-05T06:10:18Z
2022-06-14,08:30,2022-06-14T12:30:00Z,Producer Price Index for May 2022,ppi,May 2022,https://www.bls.gov/schedule/2022/home.htm,2026-10-05T06:10:18Z
2022-06-15,08:30,2022-06-15T12:30:00Z,U.S. Import and Export Price Indexes for May 2022,import_export_prices,May 2022,https://www.bls.gov/schedule/2022/home.htm,2026-10-05T06:10:18Z
2022-06-16,10:00,2022-06-16T14:00:00Z,Employer Costs for Employee Compensation for March 2022,other_bls,Employee Compensation for March 2022,https://www.bls.gov/schedule/2022/home.htm,2026-10-05T06:10:18Z
2022-06-17,10:00,2022-06-17T14:00:00Z,State Employment and Unemployment (Monthly) for May 2022,other_bls,May 2022,https://www.bls.gov/schedule/2022/home.htm,2026-10-05T06:10:18Z
2022-06-23,10:00,2022-06-23T14:00:00Z,American Time Use Survey for Annual 2021,other_bls,Annual 2021,https://www.bls.gov/schedule/2022/home.htm,2026-10-05T06:10:18Z
2022-06-29,10:00,2022-06-29T14:00:00Z,Metropolitan Area Employment and Unemployment (Monthly) for May 2022,other_bls,May 2022,https://www.bls.gov/schedule/2022/home.htm,2026-10-05T06:10:18Z
2022-06-29,10:00,2022-06-29T14:00:00Z,State Job Openings and Labor Turnover for April 2022,other_bls,April 2022,https://www.bls.gov/schedule/2022/home.htm,2026-10-05T06:10:18Z
2022-06-30,10:00,2022-06-30T14:00:00Z,Productivity and Costs by Industry: Selected Service-Providing Industries for Annual 2021,productivity_costs,Annual 2021,https://www.bls.gov/schedule/2022/home.htm,2026-10-05T06:10:18Z
2022-07-06,10:00,2022-07-06T14:00:00Z,Job Openings and Labor Turnover Survey for May 2022,jolts,May 2022,https://www.bls.gov/schedule/2022/home.htm,2026-10-05T06:10:18Z
2022-07-08,08:30,2022-07-08T12:30:00Z,Employment Situation for June 2022,employment_situation,June 2022,https://www.bls.gov/schedule/2022/home.htm,2026-10-05T06:10:18Z
2022-07-13,08:30,2022-07-13T12:30:00Z,Consumer Price Index for June 2022,cpi,June 2022,https://www.bls.gov/schedule/2022/home.htm,2026-10-05T06:10:18Z
2022-07-13,08:30,2022-07-13T12:30:00Z,Real Earnings for June 2022,real_earnings,June 2022,https://www.bls.gov/schedule/2022/home.htm,2026-10-05T06:10:18Z
2022-07-14,08:30,2022-07-14T12:30:00Z,Producer Price Index for June 2022,ppi,June 2022,https://www.bls.gov/schedule/2022/home.htm,2026-10-05T06:10:18Z
2022-07-15,08:30,2022-07-15T12:30:00Z,U.S. Import and Export Price Indexes for June 2022,import_export_prices,June 2022,https://www.bls.gov/schedule/2022/home.htm,2026-10-05T06:10:18Z
2022-07-19,10:00,2022-07-19T14:00:00Z,Usual Weekly Earnings of Wage and Salary Workers for Second Quarter 2022,other_bls,Second Quarter 2022,https://www.bls.gov/schedule/2022/home.htm,2026-10-05T06:10:18Z
2022-07-20,10:00,2022-07-20T14:00:00Z,State Job Openings and Labor Turnover for May 2022,other_bls,May 2022,https://www.bls.gov/schedule/2022/home.htm,2026-10-05T06:10:18Z
2022-07-22,10:00,2022-07-22T14:00:00Z,State Employment and Unemployment (Monthly) for June 2022,other_bls,June 2022,https://www.bls.gov/schedule/2022/home.htm,2026-10-05T06:10:18Z
2022-07-27,10:00,2022-07-27T14:00:00Z,Quarterly Data Series on Business Employment Dynamics for Fourth Quarter 2021,other_bls,Fourth Quarter 2021,https://www.bls.gov/schedule/2022/home.htm,2026-10-05T06:10:18Z
2022-07-28,10:00,2022-07-28T14:00:00Z,Productivity and Costs by Industry: Wholesale Trade and Retail Trade for Annual 2021,productivity_costs,Annual 2021,https://www.bls.gov/schedule/2022/home.htm,2026-10-05T06:10:18Z
2022-07-29,08:30,2022-07-29T12:30:00Z,Employment Cost Index for Second Quarter 2022,employment_cost_index,Second Quarter 2022,https://www.bls.gov/schedule/2022/home.htm,2026-10-05T06:10:18Z
2022-08-02,10:00,2022-08-02T14:00:00Z,Job Openings and Labor Turnover Survey for June 2022,jolts,June 2022,https://www.bls.gov/schedule/2022/home.htm,2026-10-05T06:10:18Z
2022-08-03,10:00,2022-08-03T14:00:00Z,Metropolitan Area Employment and Unemployment (Monthly) for June 2022,other_bls,June 2022,https://www.bls.gov/schedule/2022/home.htm,2026-10-05T06:10:18Z
2022-08-05,08:30,2022-08-05T12:30:00Z,Employment Situation for July 2022,employment_situation,July 2022,https://www.bls.gov/schedule/2022/home.htm,2026-10-05T06:10:18Z
2022-08-09,08:30,2022-08-09T12:30:00Z,Productivity and Costs (P) for Second Quarter 2022,productivity_costs,Second Quarter 2022,https://www.bls.gov/schedule/2022/home.htm,2026-10-05T06:10:18Z
2022-08-10,08:30,2022-08-10T12:30:00Z,Consumer Price Index for July 2022,cpi,July 2022,https://www.bls.gov/schedule/2022/home.htm,2026-10-05T06:10:18Z
2022-08-10,08:30,2022-08-10T12:30:00Z,Real Earnings for July 2022,real_earnings,July 2022,https://www.bls.gov/schedule/2022/home.htm,2026-10-05T06:10:18Z
2022-08-11,08:30,2022-08-11T12:30:00Z,Producer Price Index for July 2022,ppi,July 2022,https://www.bls.gov/schedule/2022/home.htm,2026-10-05T06:10:18Z
2022-08-12,08:30,2022-08-12T12:30:00Z,U.S. Import and Export Price Indexes for July 2022,import_export_prices,July 2022,https://www.bls.gov/schedule/2022/home.htm,2026-10-05T06:10:18Z
2022-08-17,10:00,2022-08-17T14:00:00Z,State Job Openings and Labor Turnover for June 2022,other_bls,June 2022,https://www.bls.gov/schedule/2022/home.htm,2026-10-05T06:10:18Z
2022-08-17,10:00,2022-08-17T14:00:00Z,Summer Youth Labor Force for Annual 2022,other_bls,Annual 2022,https://www.bls.gov/schedule/2022/home.htm,2026-10-05T06:10:18Z
2022-08-19,10:00,2022-08-19T14:00:00Z,State Employment and Unemployment (Monthly) for July 2022,other_bls,July 2022,https://www.bls.gov/schedule/2022/home.htm,2026-10-05T06:10:18Z
2022-08-24,10:00,2022-08-24T14:00:00Z,County Employment and Wages for First Quarter 2022,other_bls,First Quarter 2022,https://www.bls.gov/schedule/2022/home.htm,2026-10-05T06:10:18Z
2022-08-25,10:00,2022-08-25T14:00:00Z,Total Factor Productivity for Detailed Industries for Annual 2020,other_bls,Detailed Industries for Annual 2020,https://www.bls.gov/schedule/2022/home.htm,2026-10-05T06:10:18Z
2022-08-26,10:00,2022-08-26T14:00:00Z,Worker Displacement for 2019-2021,other_bls,2019-2021,https://www.bls.gov/schedule/2022/home.htm,2026-10-05T06:10:18Z
2022-08-30,10:00,2022-08-30T14:00:00Z,Job Openings and Labor Turnover Survey for July 2022,jolts,July 2022,https://www.bls.gov/schedule/2022/home.htm,2026-10-05T06:10:18Z
2022-08-31,10:00,2022-08-31T14:00:00Z,Metropolitan Area Employment and Unemployment (Monthly) for July 2022,other_bls,July 2022,https://www.bls.gov/schedule/2022/home.htm,2026-10-05T06:10:18Z
2022-09-01,08:30,2022-09-01T12:30:00Z,Productivity and Costs (R) for Second Quarter 2022,productivity_costs,Second Quarter 2022,https://www.bls.gov/schedule/2022/home.htm,2026-10-05T06:10:18Z
2022-09-02,08:30,2022-09-02T12:30:00Z,Employment Situation for August 2022,employment_situation,August 2022,https://www.bls.gov/schedule/2022/home.htm,2026-10-05T06:10:18Z
2022-09-08,10:00,2022-09-08T14:00:00Z,Consumer Expenditures (Annual) for Annual 2021,other_bls,Annual 2021,https://www.bls.gov/schedule/2022/home.htm,2026-10-05T06:10:18Z
2022-09-08,10:00,2022-09-08T14:00:00Z,Employment Projections and Occupational Outlook Handbook for Annual 2021-2031,other_bls,Annual 2021-2031,https://www.bls.gov/schedule/2022/home.htm,2026-10-05T06:10:18Z
2022-09-13,08:30,2022-09-13T12:30:00Z,Consumer Price Index for August 2022,cpi,August 2022,https://www.bls.gov/schedule/2022/home.htm,2026-10-05T06:10:18Z
2022-09-13,08:30,2022-09-13T12:30:00Z,Real Earnings for August 2022,real_earnings,August 2022,https://www.bls.gov/schedule/2022/home.htm,2026-10-05T06:10:18Z
2022-09-14,08:30,2022-09-14T12:30:00Z,Producer Price Index for August 2022,ppi,August 2022,https://www.bls.gov/schedule/2022/home.htm,2026-10-05T06:10:18Z
2022-09-15,08:30,2022-09-15T12:30:00Z,U.S. Import and Export Price Indexes for August 2022,import_export_prices,August 2022,https://www.bls.gov/schedule/2022/home.htm,2026-10-05T06:10:18Z
2022-09-16,10:00,2022-09-16T14:00:00Z,State Employment and Unemployment (Monthly) for August 2022,other_bls,August 2022,https://www.bls.gov/schedule/2022/home.htm,2026-10-05T06:10:18Z
2022-09-16,10:00,2022-09-16T14:00:00Z,State Job Openings and Labor Turnover for July 2022,other_bls,July 2022,https://www.bls.gov/schedule/2022/home.htm,2026-10-05T06:10:18Z
2022-09-20,10:00,2022-09-20T14:00:00Z,Employer Costs for Employee Compensation for June 2022,other_bls,Employee Compensation for June 2022,https://www.bls.gov/schedule/2022/home.htm,2026-10-05T06:10:18Z
2022-09-22,10:00,2022-09-22T14:00:00Z,Employee Benefits in the United States for March 2022,other_bls,March 2022,https://www.bls.gov/schedule/2022/home.htm,2026-10-05T06:10:18Z
2022-09-22,10:00,2022-09-22T14:00:00Z,Employee Tenure for Biennial 2022,other_bls,Biennial 2022,https://www.bls.gov/schedule/2022/home.htm,2026-10-05T06:10:18Z
2022-09-28,10:00,2022-09-28T14:00:00Z,Metropolitan Area Employment and Unemployment (Monthly) for August 2022,other_bls,August 2022,https://www.bls.gov/schedule/2022/home.htm,2026-10-05T06:10:18Z
2022-10-04,10:00,2022-10-04T14:00:00Z,Job Openings and Labor Turnover Survey for August 2022,jolts,August 2022,https://www.bls.gov/schedule/2022/home.htm,2026-10-05T06:10:18Z
2022-10-07,08:30,2022-10-07T12:30:00Z,Employment Situation for September 2022,employment_situation,September 2022,https://www.bls.gov/schedule/2022/home.htm,2026-10-05T06:10:18Z
2022-10-12,08:30,2022-10-12T12:30:00Z,Producer Price Index for September 2022,ppi,September 2022,https://www.bls.gov/schedule/2022/home.htm,2026-10-05T06:10:18Z
2022-10-13,08:30,2022-10-13T12:30:00Z,Consumer Price Index for September 2022,cpi,September 2022,https://www.bls.gov/schedule/2022/home.htm,2026-10-05T06:10:18Z
2022-10-13,08:30,2022-10-13T12:30:00Z,Real Earnings for September 2022,real_earnings,September 2022,https://www.bls.gov/schedule/2022/home.htm,2026-10-05T06:10:18Z
2022-10-14,08:30,2022-10-14T12:30:00Z,U.S. Import and Export Price Indexes for September 2022,import_export_prices,September 2022,https://www.bls.gov/schedule/2022/home.htm,2026-10-05T06:10:18Z
2022-10-18,10:00,2022-10-18T14:00:00Z,Usual Weekly Earnings of Wage and Salary Workers for Third Quarter 2022,other_bls,Third Quarter 2022,https://www.bls.gov/schedule/2022/home.htm,2026-10-05T06:10:18Z
2022-10-19,10:00,2022-10-19T14:00:00Z,State Job Openings and Labor Turnover for August 2022,other_bls,August 2022,https://www.bls.gov/schedule/2022/home.htm,2026-10-05T06:10:18Z
2022-10-21,10:00,2022-10-21T14:00:00Z,State Employment and Unemployment (Monthly) for September 2022,other_bls,September 2022,https://www.bls.gov/schedule/2022/home.htm,2026-10-05T06:10:18Z
2022-10-26,10:00,2022-10-26T14:00:00Z,Quarterly Data Series on Business Employment Dynamics for First Quarter 2022,other_bls,First Quarter 2022,https://www.bls.gov/schedule/2022/home.htm,2026-10-05T06:10:18Z
2022-10-28,08:30,2022-10-28T12:30:00Z,Employment Cost Index for Third Quarter 2022,employment_cost_index,Third Quarter 2022,https://www.bls.gov/schedule/2022/home.htm,2026-10-05T06:10:18Z
2022-11-01,10:00,2022-11-01T14:00:00Z,Job Openings and Labor Turnover Survey for September 2022,jolts,September 2022,https://www.bls.gov/schedule/2022/home.htm,2026-10-05T06:10:18Z
2022-11-02,10:00,2022-11-02T14:00:00Z,Metropolitan Area Employment and Unemployment (Monthly) for September 2022,other_bls,September 2022,https://www.bls.gov/schedule/2022/home.htm,2026-10-05T06:10:18Z
2022-11-03,08:30,2022-11-03T12:30:00Z,Productivity and Costs (P) for Third Quarter 2022,productivity_costs,Third Quarter 2022,https://www.bls.gov/schedule/2022/home.htm,2026-10-05T06:10:18Z
2022-11-04,08:30,2022-11-04T12:30:00Z,Employment Situation for October 2022,employment_situation,October 2022,https://www.bls.gov/schedule/2022/home.htm,2026-10-05T06:10:18Z
2022-11-09,10:00,2022-11-09T15:00:00Z,Employer-Reported Workplace Injuries and Illnesses (Annual) for Annual 2021,other_bls,Annual 2021,https://www.bls.gov/schedule/2022/home.htm,2026-10-05T06:10:18Z
2022-11-10,08:30,2022-11-10T13:30:00Z,Consumer Price Index for October 2022,cpi,October 2022,https://www.bls.gov/schedule/2022/home.htm,2026-10-05T06:10:18Z
2022-11-10,08:30,2022-11-10T13:30:00Z,Real Earnings for October 2022,real_earnings,October 2022,https://www.bls.gov/schedule/2022/home.htm,2026-10-05T06:10:18Z
2022-11-15,08:30,2022-11-15T13:30:00Z,Producer Price Index for October 2022,ppi,October 2022,https://www.bls.gov/schedule/2022/home.htm,2026-10-05T06:10:18Z
2022-11-16,08:30,2022-11-16T13:30:00Z,U.S. Import and Export Price Indexes for October 2022,import_export_prices,October 2022,https://www.bls.gov/schedule/2022/home.htm,2026-10-05T06:10:18Z
2022-11-17,10:00,2022-11-17T15:00:00Z,Occupational Requirements in the United States for Annual 2022,other_bls,Annual 2022,https://www.bls.gov/schedule/2022/home.htm,2026-10-05T06:10:18Z
2022-11-17,10:00,2022-11-17T15:00:00Z,State Job Openings and Labor Turnover for September 2022,other_bls,September 2022,https://www.bls.gov/schedule/2022/home.htm,2026-10-05T06:10:18Z
2022-11-18,10:00,2022-11-18T15:00:00Z,State Employment and Unemployment (Monthly) for October 2022,other_bls,October 2022,https://www.bls.gov/schedule/2022/home.htm,2026-10-05T06:10:18Z
2022-11-18,10:00,2022-11-18T15:00:00Z,Total Factor Productivity in Major Industries for Annual 2021,other_bls,Annual 2021,https://www.bls.gov/schedule/2022/home.htm,2026-10-05T06:10:18Z
2022-11-22,10:00,2022-11-22T15:00:00Z,County Employment and Wages for Second Quarter 2022,other_bls,Second Quarter 2022,https://www.bls.gov/schedule/2022/home.htm,2026-10-05T06:10:18Z
2022-11-30,10:00,2022-11-30T15:00:00Z,Job Openings and Labor Turnover Survey for October 2022,jolts,October 2022,https://www.bls.gov/schedule/2022/home.htm,2026-10-05T06:10:18Z
2022-12-01,10:00,2022-12-01T15:00:00Z,Metropolitan Area Employment and Unemployment (Monthly) for October 2022,other_bls,October 2022,https://www.bls.gov/schedule/2022/home.htm,2026-10-05T06:10:18Z
2022-12-02,08:30,2022-12-02T13:30:00Z,Employment Situation for November 2022,employment_situation,November 2022,https://www.bls.gov/schedule/2022/home.htm,2026-10-05T06:10:18Z
2022-12-07,08:30,2022-12-07T13:30:00Z,Productivity and Costs (R) for Third Quarter 2022,productivity_costs,Third Quarter 2022,https://www.bls.gov/schedule/2022/home.htm,2026-10-05T06:10:18Z
2022-12-08,10:00,2022-12-08T15:00:00Z,Work Experience of the Population (Annual) for Annual 2021,other_bls,Annual 2021,https://www.bls.gov/schedule/2022/home.htm,2026-10-05T06:10:18Z
2022-12-09,08:30,2022-12-09T13:30:00Z,Producer Price Index for November 2022,ppi,November 2022,https://www.bls.gov/schedule/2022/home.htm,2026-10-05T06:10:18Z
2022-12-13,08:30,2022-12-13T13:30:00Z,Consumer Price Index for November 2022,cpi,November 2022,https://www.bls.gov/schedule/2022/home.htm,2026-10-05T06:10:18Z
2022-12-13,08:30,2022-12-13T13:30:00Z,Real Earnings for November 2022,real_earnings,November 2022,https://www.bls.gov/schedule/2022/home.htm,2026-10-05T06:10:18Z
2022-12-14,08:30,2022-12-14T13:30:00Z,U.S. Import and Export Price Indexes for November 2022,import_export_prices,November 2022,https://www.bls.gov/schedule/2022/home.htm,2026-10-05T06:10:18Z
2022-12-15,10:00,2022-12-15T15:00:00Z,Employer Costs for Employee Compensation for September 2022,other_bls,Employee Compensation for September 2022,https://www.bls.gov/schedule/2022/home.htm,2026-10-05T06:10:18Z
2022-12-15,10:00,2022-12-15T15:00:00Z,State Job Openings and Labor Turnover for October 2022,other_bls,October 2022,https://www.bls.gov/schedule/2022/home.htm,2026-10-05T06:10:18Z
2022-12-16,10:00,2022-12-16T15:00:00Z,Census of Fatal Occupational Injuries for Annual 2021,other_bls,Annual 2021,https://www.bls.gov/schedule/2022/home.htm,2026-10-05T06:10:18Z
2022-12-16,10:00,2022-12-16T15:00:00Z,State Employment and Unemployment (Monthly) for November 2022,other_bls,November 2022,https://www.bls.gov/schedule/2022/home.htm,2026-10-05T06:10:18Z
2022-12-29,10:00,2022-12-29T15:00:00Z,Metropolitan Area Employment and Unemployment (Monthly) for November 2022,other_bls,November 2022,https://www.bls.gov/schedule/2022/home.htm,2026-10-05T06:10:18Z
2023-01-04,10:00,2023-01-04T15:00:00Z,Job Openings and Labor Turnover Survey for November 2022,jolts,November 2022,https://www.bls.gov/schedule/2023/home.htm,2026-10-05T06:10:18Z
2023-01-06,08:30,2023-01-06T13:30:00Z,Employment Situation for December 2022,employment_situation,December 2022,https://www.bls.gov/schedule/2023/home.htm,2026-10-05T06:10:18Z
2023-01-12,08:30,2023-01-12T13:30:00Z,Consumer Price Index for December 2022,cpi,December 2022,https://www.bls.gov/schedule/2023/home.htm,2026-10-05T06:10:18Z
2023-01-12,08:30,2023-01-12T13:30:00Z,Real Earnings for December 2022,real_earnings,December 2022,https://www.bls.gov/schedule/2023/home.htm,2026-10-05T06:10:18Z
2023-01-13,08:30,2023-01-13T13:30:00Z,U.S. Import and Export Price Indexes for December 2022,import_export_prices,December 2022,https://www.bls.gov/schedule/2023/home.htm,2026-10-05T06:10:18Z
2023-01-18,08:30,2023-01-18T13:30:00Z,Producer Price Index for December 2022,ppi,December 2022,https://www.bls.gov/schedule/2023/home.htm,2026-10-05T06:10:18Z
2023-01-19,10:00,2023-01-19T15:00:00Z,Union Membership (Annual) for Annual 2022,other_bls,Annual 2022,https://www.bls.gov/schedule/2023/home.htm,2026-10-05T06:10:18Z
2023-01-19,10:00,2023-01-19T15:00:00Z,Usual Weekly Earnings of Wage and Salary Workers for Fourth Quarter 2022,other_bls,Fourth Quarter 2022,https://www.bls.gov/schedule/2023/home.htm,2026-10-05T06:10:18Z
2023-01-20,10:00,2023-01-20T15:00:00Z,State Job Openings and Labor Turnover for November 2022,other_bls,November 2022,https://www.bls.gov/schedule/2023/home.htm,2026-10-05T06:10:18Z
2023-01-24,10:00,2023-01-24T15:00:00Z,State Employment and Unemployment (Monthly) for December 2022,other_bls,December 2022,https://www.bls.gov/schedule/2023/home.htm,2026-10-05T06:10:18Z
2023-01-25,10:00,2023-01-25T15:00:00Z,Quarterly Data Series on Business Employment Dynamics for Second Quarter 2022,other_bls,Second Quarter 2022,https://www.bls.gov/schedule/2023/home.htm,2026-10-05T06:10:18Z
2023-01-31,08:30,2023-01-31T13:30:00Z,Employment Cost Index for Fourth Quarter 2022,employment_cost_index,Fourth Quarter 2022,https://www.bls.gov/schedule/2023/home.htm,2026-10-05T06:10:18Z
2023-02-01,10:00,2023-02-01T15:00:00Z,Job Openings and Labor Turnover Survey for December 2022,jolts,December 2022,https://www.bls.gov/schedule/2023/home.htm,2026-10-05T06:10:18Z
2023-02-01,10:00,2023-02-01T15:00:00Z,Metropolitan Area Employment and Unemployment (Monthly) for December 2022,other_bls,December 2022,https://www.bls.gov/schedule/2023/home.htm,2026-10-05T06:10:18Z
2023-02-02,08:30,2023-02-02T13:30:00Z,Productivity and Costs (P) for Fourth Quarter 2022,productivity_costs,Fourth Quarter 2022,https://www.bls.gov/schedule/2023/home.htm,2026-10-05T06:10:18Z
2023-02-03,08:30,2023-02-03T13:30:00Z,Employment Situation for January 2023,employment_situation,January 2023,https://www.bls.gov/schedule/2023/home.htm,2026-10-05T06:10:18Z
2023-02-14,08:30,2023-02-14T13:30:00Z,Consumer Price Index for January 2023,cpi,January 2023,https://www.bls.gov/schedule/2023/home.htm,2026-10-05T06:10:18Z
2023-02-14,08:30,2023-02-14T13:30:00Z,Real Earnings for January 2023,real_earnings,January 2023,https://www.bls.gov/schedule/2023/home.htm,2026-10-05T06:10:18Z
2023-02-15,10:00,2023-02-15T15:00:00Z,State Job Openings and Labor Turnover for December 2022,other_bls,December 2022,https://www.bls.gov/schedule/2023/home.htm,2026-10-05T06:10:18Z
2023-02-16,08:30,2023-02-16T13:30:00Z,Producer Price Index for January 2023,ppi,January 2023,https://www.bls.gov/schedule/2023/home.htm,2026-10-05T06:10:18Z
2023-02-17,08:30,2023-02-17T13:30:00Z,U.S. Import and Export Price Indexes for January 2023,import_export_prices,January 2023,https://www.bls.gov/schedule/2023/home.htm,2026-10-05T06:10:18Z
2023-02-22,10:00,2023-02-22T15:00:00Z,County Employment and Wages for Third Quarter 2022,other_bls,Third Quarter 2022,https://www.bls.gov/schedule/2023/home.htm,2026-10-05T06:10:18Z
2023-02-22,10:00,2023-02-22T15:00:00Z,Major Work Stoppages (Annual) for Annual 2022,other_bls,Annual 2022,https://www.bls.gov/schedule/2023/home.htm,2026-10-05T06:10:18Z
2023-02-23,10:00,2023-02-23T15:00:00Z,Persons with a Disability: Labor Force Characteristics for Annual 2022,other_bls,Annual 2022,https://www.bls.gov/schedule/2023/home.htm,2026-10-05T06:10:18Z
2023-03-01,10:00,2023-03-01T15:00:00Z,State Unemployment (Annual) for Annual 2022,other_bls,Annual 2022,https://www.bls.gov/schedule/2023/home.htm,2026-10-05T06:10:18Z
2023-03-02,08:30,2023-03-02T13:30:00Z,Productivity and Costs (R) for Fourth Quarter 2022,productivity_costs,Fourth Quarter 2022,https://www.bls.gov/schedule/2023/home.htm,2026-10-05T06:10:18Z
2023-03-08,10:00,2023-03-08T15:00:00Z,Job Openings and Labor Turnover Survey for January 2023,jolts,January 2023,https://www.bls.gov/schedule/2023/home.htm,2026-10-05T06:10:18Z
2023-03-10,08:30,2023-03-10T13:30:00Z,Employment Situation for February 2023,employment_situation,February 2023,https://www.bls.gov/schedule/2023/home.htm,2026-10-05T06:10:18Z
2023-03-13,10:00,2023-03-13T14:00:00Z,State Employment and Unemployment (Monthly) for January 2023,other_bls,January 2023,https://www.bls.gov/schedule/2023/home.htm,2026-10-05T06:10:18Z
2023-03-14,08:30,2023-03-14T12:30:00Z,Consumer Price Index for February 2023,cpi,February 2023,https://www.bls.gov/schedule/2023/home.htm,2026-10-05T06:10:18Z
2023-03-14,08:30,2023-03-14T12:30:00Z,Real Earnings for February 2023,real_earnings,February 2023,https://www.bls.gov/schedule/2023/home.htm,2026-10-05T06:10:18Z
2023-03-15,08:30,2023-03-15T12:30:00Z,Producer Price Index for February 2023,ppi,February 2023,https://www.bls.gov/schedule/2023/home.htm,2026-10-05T06:10:18Z
2023-03-16,08:30,2023-03-16T12:30:00Z,U.S. Import and Export Price Indexes for February 2023,import_export_prices,February 2023,https://www.bls.gov/schedule/2023/home.htm,2026-10-05T06:10:18Z
2023-03-17,10:00,2023-03-17T14:00:00Z,Employer Costs for Employee Compensation for December 2022,other_bls,Employee Compensation for December 2022,https://www.bls.gov/schedule/2023/home.htm,2026-10-05T06:10:18Z
2023-03-17,10:00,2023-03-17T14:00:00Z,Metropolitan Area Employment and Unemployment (Monthly) for January 2023,other_bls,January 2023,https://www.bls.gov/schedule/2023/home.htm,2026-10-05T06:10:18Z
2023-03-21,10:00,2023-03-21T14:00:00Z,Employment Situation of Veterans for Annual 2022,employment_situation,Annual 2022,https://www.bls.gov/schedule/2023/home.htm,2026-10-05T06:10:18Z
2023-03-21,10:00,2023-03-21T14:00:00Z,State Job Openings and Labor Turnover for January 2023,other_bls,January 2023,https://www.bls.gov/schedule/2023/home.htm,2026-10-05T06:10:18Z
2023-03-22,10:00,2023-03-22T14:00:00Z,"Telework, Hiring, and Vacancies for Annual 2022",other_bls,Annual 2022,https://www.bls.gov/schedule/2023/home.htm,2026-10-05T06:10:18Z
2023-03-23,10:00,2023-03-23T14:00:00Z,Total Factor Productivity for Annual 2022,other_bls,Annual 2022,https://www.bls.gov/schedule/2023/home.htm,2026-10-05T06:10:18Z
2023-03-24,10:00,2023-03-24T14:00:00Z,State Employment and Unemployment (Monthly) for February 2023,other_bls,February 2023,https://www.bls.gov/schedule/2023/home.htm,2026-10-05T06:10:18Z
2023-03-29,10:00,2023-03-29T14:00:00Z,Characteristics of Unemployment Insurance Applicants and Benefit Recipients for Annual 2022,other_bls,Annual 2022,https://www.bls.gov/schedule/2023/home.htm,2026-10-05T06:10:18Z
2023-04-04,10:00,2023-04-04T14:00:00Z,Job Openings and Labor Turnover Survey for February 2023,jolts,February 2023,https://www.bls.gov/schedule/2023/home.htm,2026-10-05T06:10:18Z
2023-04-05,10:00,2023-04-05T14:00:00Z,Metropolitan Area Employment and Unemployment (Monthly) for February 2023,other_bls,February 2023,https://www.bls.gov/schedule/2023/home.htm,2026-10-05T06:10:18Z
2023-04-07,08:30,2023-04-07T12:30:00Z,Employment Situation for March 2023,employment_situation,March 2023,https://www.bls.gov/schedule/2023/home.htm,2026-10-05T06:10:18Z
2023-04-12,08:30,2023-04-12T12:30:00Z,Consumer Price Index for March 2023,cpi,March 2023,https://www.bls.gov/schedule/2023/home.htm,2026-10-05T06:10:18Z
2023-04-12,08:30,2023-04-12T12:30:00Z,Real Earnings for March 2023,real_earnings,March 2023,https://www.bls.gov/schedule/2023/home.htm,2026-10-05T06:10:18Z
2023-04-13,08:30,2023-04-13T12:30:00Z,Producer Price Index for March 2023,ppi,March 2023,https://www.bls.gov/schedule/2023/home.htm,2026-10-05T06:10:18Z
2023-04-14,08:30,2023-04-14T12:30:00Z,U.S. Import and Export Price Indexes for March 2023,import_export_prices,March 2023,https://www.bls.gov/schedule/2023/home.htm,2026-10-05T06:10:18Z
2023-04-18,10:00,2023-04-18T14:00:00Z,Usual Weekly Earnings of Wage and Salary Workers for First Quarter 2023,other_bls,First Quarter 2023,https://www.bls.gov/schedule/2023/home.htm,2026-10-05T06:10:18Z
2023-04-19,10:00,2023-04-19T14:00:00Z,Employment Characteristics of Families for Annual 2022,other_bls,Annual 2022,https://www.bls.gov/schedule/2023/home.htm,2026-10-05T06:10:18Z
2023-04-19,10:00,2023-04-19T14:00:00Z,State Job Openings and Labor Turnover for February 2023,other_bls,February 2023,https://www.bls.gov/schedule/2023/home.htm,2026-10-05T06:10:18Z
2023-04-21,10:00,2023-04-21T14:00:00Z,State Employment and Unemployment (Monthly) for March 2023,other_bls,March 2023,https://www.bls.gov/schedule/2023/home.htm,2026-10-05T06:10:18Z
2023-04-25,10:00,2023-04-25T14:00:00Z,Occupational Employment and Wages for Annual 2022,other_bls,Annual 2022,https://www.bls.gov/schedule/2023/home.htm,2026-10-05T06:10:18Z
2023-04-26,10:00,2023-04-26T14:00:00Z,College Enrollment and Work Activity of High School Graduates for Annual 2022,other_bls,Annual 2022,https://www.bls.gov/schedule/2023/home.htm,2026-10-05T06:10:18Z
2023-04-26,10:00,2023-04-26T14:00:00Z,Quarterly Data Series on Business Employment Dynamics for Third Quarter 2022,other_bls,Third Quarter 2022,https://www.bls.gov/schedule/2023/home.htm,2026-10-05T06:10:18Z
2023-04-27,10:00,2023-04-27T14:00:00Z,Productivity and Costs by Industry: Manufacturing and Mining Industries for Annual 2022,productivity_costs,Annual 2022,https://www.bls.gov/schedule/2023/home.htm,2026-10-05T06:10:18Z
2023-04-28,08:30,2023-04-28T12:30:00Z,Employment Cost Index for First Quarter 2023,employment_cost_index,First Quarter 2023,https://www.bls.gov/schedule/2023/home.htm,2026-10-05T06:10:18Z
2023-05-02,10:00,2023-05-02T14:00:00Z,Job Openings and Labor Turnover Survey for March 2023,jolts,March 2023,https://www.bls.gov/schedule/2023/home.htm,2026-10-05T06:10:18Z
2023-05-03,10:00,2023-05-03T14:00:00Z,Metropolitan Area Employment and Unemployment (Monthly) for March 2023,other_bls,March 2023,https://www.bls.gov/schedule/2023/home.htm,2026-10-05T06:10:18Z
2023-05-04,08:30,2023-05-04T12:30:00Z,Productivity and Costs (P) for First Quarter 2023,productivity_costs,First Quarter 2023,https://www.bls.gov/schedule/2023/home.htm,2026-10-05T06:10:18Z
2023-05-05,08:30,2023-05-05T12:30:00Z,Employment Situation for April 2023,employment_situation,April 2023,https://www.bls.gov/schedule/2023/home.htm,2026-10-05T06:10:18Z
2023-05-10,08:30,2023-05-10T12:30:00Z,Consumer Price Index for April 2023,cpi,April 2023,https://www.bls.gov/schedule/2023/home.htm,2026-10-05T06:10:18Z
2023-05-10,08:30,2023-05-10T12:30:00Z,Real Earnings for April 2023,real_earnings,April 2023,https://www.bls.gov/schedule/2023/home.htm,2026-10-05T06:10:18Z
2023-05-11,08:30,2023-05-11T12:30:00Z,Producer Price Index for April 2023,ppi,April 2023,https://www.bls.gov/schedule/2023/home.htm,2026-10-05T06:10:18Z
2023-05-12,08:30,2023-05-12T12:30:00Z,U.S. Import and Export Price Indexes for April 2023,import_export_prices,April 2023,https://www.bls.gov/schedule/2023/home.htm,2026-10-05T06:10:18Z
2023-05-17,10:00,2023-05-17T14:00:00Z,State Job Openings and Labor Turnover for March 2023,other_bls,March 2023,https://www.bls.gov/schedule/2023/home.htm,2026-10-05T06:10:18Z
2023-05-18,10:00,2023-05-18T14:00:00Z,Labor Force Characteristics of Foreign-born Workers for Annual 2022,other_bls,Annual 2022,https://www.bls.gov/schedule/2023/home.htm,2026-10-05T06:10:18Z
2023-05-19,10:00,2023-05-19T14:00:00Z,State Employment and Unemployment (Monthly) for April 2023,other_bls,April 2023,https://www.bls.gov/schedule/2023/home.htm,2026-10-05T06:10:18Z
2023-05-24,10:00,2023-05-24T14:00:00Z,County Employment and Wages for Fourth Quarter 2022,other_bls,Fourth Quarter 2022,https://www.bls.gov/schedule/2023/home.htm,2026-10-05T06:10:18Z
2023-05-25,10:00,2023-05-25T14:00:00Z,Productivity and Costs by Industry: Wholesale Trade and Retail Trade for Annual 2022,productivity_costs,Annual 2022,https://www.bls.gov/schedule/2023/home.htm,2026-10-05T06:10:18Z
2023-05-25,10:00,2023-05-25T14:00:00Z,Productivity by State for Annual 2022,other_bls,Annual 2022,https://www.bls.gov/schedule/2023/home.htm,2026-10-05T06:10:18Z
2023-05-31,10:00,2023-05-31T14:00:00Z,Job Openings and Labor Turnover Survey for April 2023,jolts,April 2023,https://www.bls.gov/schedule/2023/home.htm,2026-10-05T06:10:18Z
2023-05-31,10:00,2023-05-31T14:00:00Z,Metropolitan Area Employment and Unemployment (Monthly) for April 2023,other_bls,April 2023,https://www.bls.gov/schedule/2023/home.htm,2026-10-05T06:10:18Z
2023-06-01,08:30,2023-06-01T12:30:00Z,Productivity and Costs (R) for First Quarter 2023,productivity_costs,First Quarter 2023,https://www.bls.gov/schedule/2023/home.htm,2026-10-05T06:10:18Z
2023-06-02,08:30,2023-06-02T12:30:00Z,Employment Situation for May 2023,employment_situation,May 2023,https://www.bls.gov/schedule/2023/home.htm,2026-10-05T06:10:18Z
2023-06-13,08:30,2023-06-13T12:30:00Z,Consumer Price Index for May 2023,cpi,May 2023,https://www.bls.gov/schedule/2023/home.htm,2026-10-05T06:10:18Z
2023-06-13,08:30,2023-06-13T12:30:00Z,Real Earnings for May 2023,real_earnings,May 2023,https://www.bls.gov/schedule/2023/home.htm,2026-10-05T06:10:18Z
2023-06-14,08:30,2023-06-14T12:30:00Z,Producer Price Index for May 2023,ppi,May 2023,https://www.bls.gov/schedule/2023/home.htm,2026-10-05T06:10:18Z
2023-06-15,08:30,2023-06-15T12:30:00Z,U.S. Import and Export Price Indexes for May 2023,import_export_prices,May 2023,https://www.bls.gov/schedule/2023/home.htm,2026-10-05T06:10:18Z
2023-06-16,10:00,2023-06-16T14:00:00Z,Employer Costs for Employee Compensation for March 2023,other_bls,Employee Compensation for March 2023,https://www.bls.gov/schedule/2023/home.htm,2026-10-05T06:10:18Z
2023-06-16,10:00,2023-06-16T14:00:00Z,State Employment and Unemployment (Monthly) for May 2023,other_bls,May 2023,https://www.bls.gov/schedule/2023/home.htm,2026-10-05T06:10:18Z
2023-06-21,10:00,2023-06-21T14:00:00Z,State Job Openings and Labor Turnover for April 2023,other_bls,April 2023,https://www.bls.gov/schedule/2023/home.htm,2026-10-05T06:10:18Z
2023-06-22,10:00,2023-06-22T14:00:00Z,American Time Use Survey for Annual 2022,other_bls,Annual 2022,https://www.bls.gov/schedule/2023/home.htm,2026-10-05T06:10:18Z
2023-06-28,10:00,2023-06-28T14:00:00Z,Metropolitan Area Employment and Unemployment (Monthly) for May 2023,other_bls,May 2023,https://www.bls.gov/schedule/2023/home.htm,2026-10-05T06:10:18Z
2023-06-29,10:00,2023-06-29T14:00:00Z,Productivity and Costs by Industry: Selected Service-Providing Industries for Annual 2022,productivity_costs,Annual 2022,https://www.bls.gov/schedule/2023/home.htm,2026-10-05T06:10:18Z
2023-07-06,10:00,2023-07-06T14:00:00Z,Job Openings and Labor Turnover Survey for May 2023,jolts,May 2023,https://www.bls.gov/schedule/2023/home.htm,2026-10-05T06:10:18Z
2023-07-07,08:30,2023-07-07T12:30:00Z,Employment Situation for June 2023,employment_situation,June 2023,https://www.bls.gov/schedule/2023/home.htm,2026-10-05T06:10:18Z
2023-07-12,08:30,2023-07-12T12:30:00Z,Consumer Price Index for June 2023,cpi,June 2023,https://www.bls.gov/schedule/2023/home.htm,2026-10-05T06:10:18Z
2023-07-12,08:30,2023-07-12T12:30:00Z,Real Earnings for June 2023,real_earnings,June 2023,https://www.bls.gov/schedule/2023/home.htm,2026-10-05T06:10:18Z
2023-07-13,08:30,2023-07-13T12:30:00Z,Producer Price Index for June 2023,ppi,June 2023,https://www.bls.gov/schedule/2023/home.htm,2026-10-05T06:10:18Z
2023-07-14,08:30,2023-07-14T12:30:00Z,U.S. Import and Export Price Indexes for June 2023,import_export_prices,June 2023,https://www.bls.gov/schedule/2023/home.htm,2026-10-05T06:10:18Z
2023-07-18,10:00,2023-07-18T14:00:00Z,Usual Weekly Earnings of Wage and Salary Workers for Second Quarter 2023,other_bls,Second Quarter 2023,https://www.bls.gov/schedule/2023/home.htm,2026-10-05T06:10:18Z
2023-07-21,10:00,2023-07-21T14:00:00Z,State Employment and Unemployment (Monthly) for June 2023,other_bls,June 2023,https://www.bls.gov/schedule/2023/home.htm,2026-10-05T06:10:18Z
2023-07-26,10:00,2023-07-26T14:00:00Z,Quarterly Data Series on Business Employment Dynamics for Fourth Quarter 2022,other_bls,Fourth Quarter 2022,https://www.bls.gov/schedule/2023/home.htm,2026-10-05T06:10:18Z
2023-07-26,10:00,2023-07-26T14:00:00Z,State Job Openings and Labor Turnover for May 2023,other_bls,May 2023,https://www.bls.gov/schedule/2023/home.htm,2026-10-05T06:10:18Z
2023-07-28,08:30,2023-07-28T12:30:00Z,Employment Cost Index for Second Quarter 2023,employment_cost_index,Second Quarter 2023,https://www.bls.gov/schedule/2023/home.htm,2026-10-05T06:10:18Z
2023-08-01,10:00,2023-08-01T14:00:00Z,Job Openings and Labor Turnover Survey for June 2023,jolts,June 2023,https://www.bls.gov/schedule/2023/home.htm,2026-10-05T06:10:18Z
2023-08-02,10:00,2023-08-02T14:00:00Z,Metropolitan Area Employment and Unemployment (Monthly) for June 2023,other_bls,June 2023,https://www.bls.gov/schedule/2023/home.htm,2026-10-05T06:10:18Z
2023-08-03,08:30,2023-08-03T12:30:00Z,Productivity and Costs (P) for Second Quarter 2023,productivity_costs,Second Quarter 2023,https://www.bls.gov/schedule/2023/home.htm,2026-10-05T06:10:18Z
2023-08-04,08:30,2023-08-04T12:30:00Z,Employment Situation for July 2023,employment_situation,July 2023,https://www.bls.gov/schedule/2023/home.htm,2026-10-05T06:10:18Z
2023-08-10,08:30,2023-08-10T12:30:00Z,Consumer Price Index for July 2023,cpi,July 2023,https://www.bls.gov/schedule/2023/home.htm,2026-10-05T06:10:18Z
2023-08-10,08:30,2023-08-10T12:30:00Z,Real Earnings for July 2023,real_earnings,July 2023,https://www.bls.gov/schedule/2023/home.htm,2026-10-05T06:10:18Z
2023-08-11,08:30,2023-08-11T12:30:00Z,Producer Price Index for July 2023,ppi,July 2023,https://www.bls.gov/schedule/2023/home.htm,2026-10-05T06:10:18Z
2023-08-15,08:30,2023-08-15T12:30:00Z,U.S. Import and Export Price Indexes for July 2023,import_export_prices,July 2023,https://www.bls.gov/schedule/2023/home.htm,2026-10-05T06:10:18Z
2023-08-16,10:00,2023-08-16T14:00:00Z,State Job Openings and Labor Turnover for June 2023,other_bls,June 2023,https://www.bls.gov/schedule/2023/home.htm,2026-10-05T06:10:18Z
2023-08-16,10:00,2023-08-16T14:00:00Z,Summer Youth Labor Force for Annual 2023,other_bls,Annual 2023,https://www.bls.gov/schedule/2023/home.htm,2026-10-05T06:10:18Z
2023-08-18,10:00,2023-08-18T14:00:00Z,State Employment and Unemployment (Monthly) for July 2023,other_bls,July 2023,https://www.bls.gov/schedule/2023/home.htm,2026-10-05T06:10:18Z
2023-08-22,10:00,2023-08-22T14:00:00Z,"Number of Jobs, Labor Market Experience, Marital Status, and Health for those Born 1957-1964 for Biennial",other_bls,those Born 1957-1964 for Biennial,https://www.bls.gov/schedule/2023/home.htm,2026-10-05T06:10:18Z
2023-08-23,10:00,2023-08-23T14:00:00Z,County Employment and Wages for First Quarter 2023,other_bls,First Quarter 2023,https://www.bls.gov/schedule/2023/home.htm,2026-10-05T06:10:18Z
2023-08-29,10:00,2023-08-29T14:00:00Z,Job Openings and Labor Turnover Survey for July 2023,jolts,July 2023,https://www.bls.gov/schedule/2023/home.htm,2026-10-05T06:10:18Z
2023-08-30,10:00,2023-08-30T14:00:00Z,Metropolitan Area Employment and Unemployment (Monthly) for July 2023,other_bls,July 2023,https://www.bls.gov/schedule/2023/home.htm,2026-10-05T06:10:18Z
2023-08-31,10:00,2023-08-31T14:00:00Z,Total Factor Productivity for Detailed Industries for Annual 2021,other_bls,Detailed Industries for Annual 2021,https://www.bls.gov/schedule/2023/home.htm,2026-10-05T06:10:18Z
2023-09-01,08:30,2023-09-01T12:30:00Z,Employment Situation for August 2023,employment_situation,August 2023,https://www.bls.gov/schedule/2023/home.htm,2026-10-05T06:10:18Z
2023-09-06,10:00,2023-09-06T14:00:00Z,Employment Projections and Occupational Outlook Handbook for Annual 2022-2032,other_bls,Annual 2022-2032,https://www.bls.gov/schedule/2023/home.htm,2026-10-05T06:10:18Z
2023-09-07,08:30,2023-09-07T12:30:00Z,Productivity and Costs (R) for Second Quarter 2023,productivity_costs,Second Quarter 2023,https://www.bls.gov/schedule/2023/home.htm,2026-10-05T06:10:18Z
2023-09-08,10:00,2023-09-08T14:00:00Z,Consumer Expenditures (Annual) for Annual 2022,other_bls,Annual 2022,https://www.bls.gov/schedule/2023/home.htm,2026-10-05T06:10:18Z
2023-09-12,10:00,2023-09-12T14:00:00Z,Employer Costs for Employee Compensation for June 2023,other_bls,Employee Compensation for June 2023,https://www.bls.gov/schedule/2023/home.htm,2026-10-05T06:10:18Z
2023-09-13,08:30,2023-09-13T12:30:00Z,Consumer Price Index for August 2023,cpi,August 2023,https://www.bls.gov/schedule/2023/home.htm,2026-10-05T06:10:18Z
2023-09-13,08:30,2023-09-13T12:30:00Z,Real Earnings for August 2023,real_earnings,August 2023,https://www.bls.gov/schedule/2023/home.htm,2026-10-05T06:10:18Z
2023-09-14,08:30,2023-09-14T12:30:00Z,Producer Price Index for August 2023,ppi,August 2023,https://www.bls.gov/schedule/2023/home.htm,2026-10-05T06:10:18Z
2023-09-15,08:30,2023-09-15T12:30:00Z,U.S. Import and Export Price Indexes for August 2023,import_export_prices,August 2023,https://www.bls.gov/schedule/2023/home.htm,2026-10-05T06:10:18Z
2023-09-19,10:00,2023-09-19T14:00:00Z,State Employment and Unemployment (Monthly) for August 2023,other_bls,August 2023,https://www.bls.gov/schedule/2023/home.htm,2026-10-05T06:10:18Z
2023-09-19,10:00,2023-09-19T14:00:00Z,State Job Openings and Labor Turnover for July 2023,other_bls,July 2023,https://www.bls.gov/schedule/2023/home.htm,2026-10-05T06:10:18Z
2023-09-21,10:00,2023-09-21T14:00:00Z,Employee Benefits in the United States for March 2023,other_bls,March 2023,https://www.bls.gov/schedule/2023/home.htm,2026-10-05T06:10:18Z
2023-09-21,10:00,2023-09-21T14:00:00Z,Unpaid Eldercare in the United States for 2021-2022,other_bls,2021-2022,https://www.bls.gov/schedule/2023/home.htm,2026-10-05T06:10:18Z
2023-09-27,10:00,2023-09-27T14:00:00Z,Metropolitan Area Employment and Unemployment (Monthly) for August 2023,other_bls,August 2023,https://www.bls.gov/schedule/2023/home.htm,2026-10-05T06:10:18Z
2023-10-03,10:00,2023-10-03T14:00:00Z,Job Openings and Labor Turnover Survey for August 2023,jolts,August 2023,https://www.bls.gov/schedule/2023/home.htm,2026-10-05T06:10:18Z
2023-10-06,08:30,2023-10-06T12:30:00Z,Employment Situation for September 2023,employment_situation,September 2023,https://www.bls.gov/schedule/2023/home.htm,2026-10-05T06:10:18Z
2023-10-11,08:30,2023-10-11T12:30:00Z,Producer Price Index for September 2023,ppi,September 2023,https://www.bls.gov/schedule/2023/home.htm,2026-10-05T06:10:18Z
2023-10-12,08:30,2023-10-12T12:30:00Z,Consumer Price Index for September 2023,cpi,September 2023,https://www.bls.gov/schedule/2023/home.htm,2026-10-05T06:10:18Z
2023-10-12,08:30,2023-10-12T12:30:00Z,Real Earnings for September 2023,real_earnings,September 2023,https://www.bls.gov/schedule/2023/home.htm,2026-10-05T06:10:18Z
2023-10-13,08:30,2023-10-13T12:30:00Z,U.S. Import and Export Price Indexes for September 2023,import_export_prices,September 2023,https://www.bls.gov/schedule/2023/home.htm,2026-10-05T06:10:18Z
2023-10-18,10:00,2023-10-18T14:00:00Z,State Job Openings and Labor Turnover for August 2023,other_bls,August 2023,https://www.bls.gov/schedule/2023/home.htm,2026-10-05T06:10:18Z
2023-10-18,10:00,2023-10-18T14:00:00Z,Usual Weekly Earnings of Wage and Salary Workers for Third Quarter 2023,other_bls,Third Quarter 2023,https://www.bls.gov/schedule/2023/home.htm,2026-10-05T06:10:18Z
2023-10-20,10:00,2023-10-20T14:00:00Z,State Employment and Unemployment (Monthly) for September 2023,other_bls,September 2023,https://www.bls.gov/schedule/2023/home.htm,2026-10-05T06:10:18Z
2023-10-25,10:00,2023-10-25T14:00:00Z,Quarterly Data Series on Business Employment Dynamics for First Quarter 2023,other_bls,First Quarter 2023,https://www.bls.gov/schedule/2023/home.htm,2026-10-05T06:10:18Z
2023-10-31,08:30,2023-10-31T12:30:00Z,Employment Cost Index for Third Quarter 2023,employment_cost_index,Third Quarter 2023,https://www.bls.gov/schedule/2023/home.htm,2026-10-05T06:10:18Z
2023-11-01,10:00,2023-11-01T14:00:00Z,Job Openings and Labor Turnover Survey for September 2023,jolts,September 2023,https://www.bls.gov/schedule/2023/home.htm,2026-10-05T06:10:18Z
2023-11-01,10:00,2023-11-01T14:00:00Z,Metropolitan Area Employment and Unemployment (Monthly) for September 2023,other_bls,September 2023,https://www.bls.gov/schedule/2023/home.htm,2026-10-05T06:10:18Z
2023-11-02,08:30,2023-11-02T12:30:00Z,Productivity and Costs (P) for Third Quarter 2023,productivity_costs,Third Quarter 2023,https://www.bls.gov/schedule/2023/home.htm,2026-10-05T06:10:18Z
2023-11-03,08:30,2023-11-03T12:30:00Z,Employment Situation for October 2023,employment_situation,October 2023,https://www.bls.gov/schedule/2023/home.htm,2026-10-05T06:10:18Z
2023-11-08,10:00,2023-11-08T15:00:00Z,Employer-Reported Workplace Injuries and Illnesses (Annual) for Annual 2022,other_bls,Annual 2022,https://www.bls.gov/schedule/2023/home.htm,2026-10-05T06:10:18Z
2023-11-14,08:30,2023-11-14T13:30:00Z,Consumer Price Index for October 2023,cpi,October 2023,https://www.bls.gov/schedule/2023/home.htm,2026-10-05T06:10:18Z
2023-11-14,08:30,2023-11-14T13:30:00Z,Real Earnings for October 2023,real_earnings,October 2023,https://www.bls.gov/schedule/2023/home.htm,2026-10-05T06:10:18Z
2023-11-15,08:30,2023-11-15T13:30:00Z,Producer Price Index for October 2023,ppi,October 2023,https://www.bls.gov/schedule/2023/home.htm,2026-10-05T06:10:18Z
2023-11-16,08:30,2023-11-16T13:30:00Z,U.S. Import and Export Price Indexes for October 2023,import_export_prices,October 2023,https://www.bls.gov/schedule/2023/home.htm,2026-10-05T06:10:18Z
2023-11-17,10:00,2023-11-17T15:00:00Z,State Employment and Unemployment (Monthly) for October 2023,other_bls,October 2023,https://www.bls.gov/schedule/2023/home.htm,2026-10-05T06:10:18Z
2023-11-20,10:00,2023-11-20T15:00:00Z,State Job Openings and Labor Turnover for September 2023,other_bls,September 2023,https://www.bls.gov/schedule/2023/home.htm,2026-10-05T06:10:18Z
2023-11-21,10:00,2023-11-21T15:00:00Z,County Employment and Wages for Second Quarter 2023,other_bls,Second Quarter 2023,https://www.bls.gov/schedule/2023/home.htm,2026-10-05T06:10:18Z
2023-11-21,10:00,2023-11-21T15:00:00Z,Total Factor Productivity in Major Industries for Annual 2022,other_bls,Annual 2022,https://www.bls.gov/schedule/2023/home.htm,2026-10-05T06:10:18Z
2023-11-30,10:00,2023-11-30T15:00:00Z,Metropolitan Area Employment and Unemployment (Monthly) for October 2023,other_bls,October 2023,https://www.bls.gov/schedule/2023/home.htm,2026-10-05T06:10:18Z
2023-12-05,10:00,2023-12-05T15:00:00Z,Job Openings and Labor Turnover Survey for October 2023,jolts,October 2023,https://www.bls.gov/schedule/2023/home.htm,2026-10-05T06:10:18Z
2023-12-06,08:30,2023-12-06T13:30:00Z,Productivity and Costs (R) for Third Quarter 2023,productivity_costs,Third Quarter 2023,https://www.bls.gov/schedule/2023/home.htm,2026-10-05T06:10:18Z
2023-12-08,08:30,2023-12-08T13:30:00Z,Employment Situation for November 2023,employment_situation,November 2023,https://www.bls.gov/schedule/2023/home.htm,2026-10-05T06:10:18Z
2023-12-12,08:30,2023-12-12T13:30:00Z,Consumer Price Index for November 2023,cpi,November 2023,https://www.bls.gov/schedule/2023/home.htm,2026-10-05T06:10:18Z
2023-12-12,08:30,2023-12-12T13:30:00Z,Real Earnings for November 2023,real_earnings,November 2023,https://www.bls.gov/schedule/2023/home.htm,2026-10-05T06:10:18Z
2023-12-13,08:30,2023-12-13T13:30:00Z,Producer Price Index for November 2023,ppi,November 2023,https://www.bls.gov/schedule/2023/home.htm,2026-10-05T06:10:18Z
2023-12-14,08:30,2023-12-14T13:30:00Z,U.S. Import and Export Price Indexes for November 2023,import_export_prices,November 2023,https://www.bls.gov/schedule/2023/home.htm,2026-10-05T06:10:18Z
2023-12-15,10:00,2023-12-15T15:00:00Z,Employer Costs for Employee Compensation for September 2023,other_bls,Employee Compensation for September 2023,https://www.bls.gov/schedule/2023/home.htm,2026-10-05T06:10:18Z
2023-12-15,10:00,2023-12-15T15:00:00Z,State Job Openings and Labor Turnover for October 2023,other_bls,October 2023,https://www.bls.gov/schedule/2023/home.htm,2026-10-05T06:10:18Z
2023-12-19,10:00,2023-12-19T15:00:00Z,Census of Fatal Occupational Injuries for Annual 2022,other_bls,Annual 2022,https://www.bls.gov/schedule/2023/home.htm,2026-10-05T06:10:18Z
2023-12-19,10:00,2023-12-19T15:00:00Z,Work Experience of the Population (Annual) for Annual 2022,other_bls,Annual 2022,https://www.bls.gov/schedule/2023/home.htm,2026-10-05T06:10:18Z
2023-12-22,10:00,2023-12-22T15:00:00Z,State Employment and Unemployment (Monthly) for November 2023,other_bls,November 2023,https://www.bls.gov/schedule/2023/home.htm,2026-10-05T06:10:18Z
2024-01-03,10:00,2024-01-03T15:00:00Z,Job Openings and Labor Turnover Survey for November 2023,jolts,November 2023,https://www.bls.gov/schedule/2024/home.htm,2026-10-05T06:10:18Z
2024-01-04,10:00,2024-01-04T15:00:00Z,Metropolitan Area Employment and Unemployment (Monthly) for November 2023,other_bls,November 2023,https://www.bls.gov/schedule/2024/home.htm,2026-10-05T06:10:18Z
2024-01-05,08:30,2024-01-05T13:30:00Z,Employment Situation for December 2023,employment_situation,December 2023,https://www.bls.gov/schedule/2024/home.htm,2026-10-05T06:10:18Z
2024-01-11,08:30,2024-01-11T13:30:00Z,Consumer Price Index for December 2023,cpi,December 2023,https://www.bls.gov/schedule/2024/home.htm,2026-10-05T06:10:18Z
2024-01-11,08:30,2024-01-11T13:30:00Z,Real Earnings for December 2023,real_earnings,December 2023,https://www.bls.gov/schedule/2024/home.htm,2026-10-05T06:10:18Z
2024-01-12,08:30,2024-01-12T13:30:00Z,Producer Price Index for December 2023,ppi,December 2023,https://www.bls.gov/schedule/2024/home.htm,2026-10-05T06:10:18Z
2024-01-17,08:30,2024-01-17T13:30:00Z,U.S. Import and Export Price Indexes for December 2023,import_export_prices,December 2023,https://www.bls.gov/schedule/2024/home.htm,2026-10-05T06:10:18Z
2024-01-18,10:00,2024-01-18T15:00:00Z,State Job Openings and Labor Turnover for November 2023,other_bls,November 2023,https://www.bls.gov/schedule/2024/home.htm,2026-10-05T06:10:18Z
2024-01-18,10:00,2024-01-18T15:00:00Z,Usual Weekly Earnings of Wage and Salary Workers for Fourth Quarter 2023,other_bls,Fourth Quarter 2023,https://www.bls.gov/schedule/2024/home.htm,2026-10-05T06:10:18Z
2024-01-23,10:00,2024-01-23T15:00:00Z,State Employment and Unemployment (Monthly) for December 2023,other_bls,December 2023,https://www.bls.gov/schedule/2024/home.htm,2026-10-05T06:10:18Z
2024-01-23,10:00,2024-01-23T15:00:00Z,Union Membership (Annual) for Annual 2023,other_bls,Annual 2023,https://www.bls.gov/schedule/2024/home.htm,2026-10-05T06:10:18Z
2024-01-30,10:00,2024-01-30T15:00:00Z,Job Openings and Labor Turnover Survey for December 2023,jolts,December 2023,https://www.bls.gov/schedule/2024/home.htm,2026-10-05T06:10:18Z
2024-01-30,10:00,2024-01-30T15:00:00Z,Quarterly Data Series on Business Employment Dynamics for Second Quarter 2023,other_bls,Second Quarter 2023,https://www.bls.gov/schedule/2024/home.htm,2026-10-05T06:10:18Z
2024-01-31,08:30,2024-01-31T13:30:00Z,Employment Cost Index for Fourth Quarter 2023,employment_cost_index,Fourth Quarter 2023,https://www.bls.gov/schedule/2024/home.htm,2026-10-05T06:10:18Z
2024-02-01,08:30,2024-02-01T13:30:00Z,Productivity and Costs (P) for Fourth Quarter 2023,productivity_costs,Fourth Quarter 2023,https://www.bls.gov/schedule/2024/home.htm,2026-10-05T06:10:18Z
2024-02-02,08:30,2024-02-02T13:30:00Z,Employment Situation for January 2024,employment_situation,January 2024,https://www.bls.gov/schedule/2024/home.htm,2026-10-05T06:10:18Z
2024-02-06,10:00,2024-02-06T15:00:00Z,Metropolitan Area Employment and Unemployment (Monthly) for December 2023,other_bls,December 2023,https://www.bls.gov/schedule/2024/home.htm,2026-10-05T06:10:18Z
2024-02-08,10:00,2024-02-08T15:00:00Z,Occupational Requirements in the United States for Annual 2023,other_bls,Annual 2023,https://www.bls.gov/schedule/2024/home.htm,2026-10-05T06:10:18Z
2024-02-13,08:30,2024-02-13T13:30:00Z,Consumer Price Index for January 2024,cpi,January 2024,https://www.bls.gov/schedule/2024/home.htm,2026-10-05T06:10:18Z
2024-02-13,08:30,2024-02-13T13:30:00Z,Real Earnings for January 2024,real_earnings,January 2024,https://www.bls.gov/schedule/2024/home.htm,2026-10-05T06:10:18Z
2024-02-14,10:00,2024-02-14T15:00:00Z,State Job Openings and Labor Turnover for December 2023,other_bls,December 2023,https://www.bls.gov/schedule/2024/home.htm,2026-10-05T06:10:18Z
2024-02-15,08:30,2024-02-15T13:30:00Z,U.S. Import and Export Price Indexes for January 2024,import_export_prices,January 2024,https://www.bls.gov/schedule/2024/home.htm,2026-10-05T06:10:18Z
2024-02-16,08:30,2024-02-16T13:30:00Z,Producer Price Index for January 2024,ppi,January 2024,https://www.bls.gov/schedule/2024/home.htm,2026-10-05T06:10:18Z
2024-02-21,10:00,2024-02-21T15:00:00Z,County Employment and Wages for Third Quarter 2023,other_bls,Third Quarter 2023,https://www.bls.gov/schedule/2024/home.htm,2026-10-05T06:10:18Z
2024-02-21,10:00,2024-02-21T15:00:00Z,Major Work Stoppages (Annual) for Annual 2023,other_bls,Annual 2023,https://www.bls.gov/schedule/2024/home.htm,2026-10-05T06:10:18Z
2024-02-22,10:00,2024-02-22T15:00:00Z,Persons with a Disability: Labor Force Characteristics for Annual 2023,other_bls,Annual 2023,https://www.bls.gov/schedule/2024/home.htm,2026-10-05T06:10:18Z
2024-03-01,10:00,2024-03-01T15:00:00Z,State Unemployment (Annual) for Annual 2023,other_bls,Annual 2023,https://www.bls.gov/schedule/2024/home.htm,2026-10-05T06:10:18Z
2024-03-06,10:00,2024-03-06T15:00:00Z,Job Openings and Labor Turnover Survey for January 2024,jolts,January 2024,https://www.bls.gov/schedule/2024/home.htm,2026-10-05T06:10:18Z
2024-03-07,08:30,2024-03-07T13:30:00Z,Productivity and Costs (R) for Fourth Quarter 2023,productivity_costs,Fourth Quarter 2023,https://www.bls.gov/schedule/2024/home.htm,2026-10-05T06:10:18Z
2024-03-08,08:30,2024-03-08T13:30:00Z,Employment Situation for February 2024,employment_situation,February 2024,https://www.bls.gov/schedule/2024/home.htm,2026-10-05T06:10:18Z
2024-03-11,10:00,2024-03-11T14:00:00Z,State Employment and Unemployment (Monthly) for January 2024,other_bls,January 2024,https://www.bls.gov/schedule/2024/home.htm,2026-10-05T06:10:18Z
2024-03-12,08:30,2024-03-12T12:30:00Z,Consumer Price Index for February 2024,cpi,February 2024,https://www.bls.gov/schedule/2024/home.htm,2026-10-05T06:10:18Z
2024-03-12,08:30,2024-03-12T12:30:00Z,Real Earnings for February 2024,real_earnings,February 2024,https://www.bls.gov/schedule/2024/home.htm,2026-10-05T06:10:18Z
2024-03-13,10:00,2024-03-13T14:00:00Z,Employer Costs for Employee Compensation for December 2023,other_bls,Employee Compensation for December 2023,https://www.bls.gov/schedule/2024/home.htm,2026-10-05T06:10:18Z
2024-03-13,10:00,2024-03-13T14:00:00Z,Metropolitan Area Employment and Unemployment (Monthly) for January 2024,other_bls,January 2024,https://www.bls.gov/schedule/2024/home.htm,2026-10-05T06:10:18Z
2024-03-14,08:30,2024-03-14T12:30:00Z,Producer Price Index for February 2024,ppi,February 2024,https://www.bls.gov/schedule/2024/home.htm,2026-10-05T06:10:18Z
2024-03-15,08:30,2024-03-15T12:30:00Z,U.S. Import and Export Price Indexes for February 2024,import_export_prices,February 2024,https://www.bls.gov/schedule/2024/home.htm,2026-10-05T06:10:18Z
2024-03-19,10:00,2024-03-19T14:00:00Z,State Job Openings and Labor Turnover for January 2024,other_bls,January 2024,https://www.bls.gov/schedule/2024/home.htm,2026-10-05T06:10:18Z
2024-03-20,10:00,2024-03-20T14:00:00Z,Employment Situation of Veterans for Annual 2023,employment_situation,Annual 2023,https://www.bls.gov/schedule/2024/home.htm,2026-10-05T06:10:18Z
2024-03-21,10:00,2024-03-21T14:00:00Z,Total Factor Productivity for Annual 2023,other_bls,Annual 2023,https://www.bls.gov/schedule/2024/home.htm,2026-10-05T06:10:18Z
2024-03-22,10:00,2024-03-22T14:00:00Z,State Employment and Unemployment (Monthly) for February 2024,other_bls,February 2024,https://www.bls.gov/schedule/2024/home.htm,2026-10-05T06:10:18Z
2024-04-02,10:00,2024-04-02T14:00:00Z,Job Openings and Labor Turnover Survey for February 2024,jolts,February 2024,https://www.bls.gov/schedule/2024/home.htm,2026-10-05T06:10:18Z
2024-04-02,10:00,2024-04-02T14:00:00Z,"Labor Market Experience, Education, Partner Status, and Health for those Born 1980-1984 for Biennial",other_bls,those Born 1980-1984 for Biennial,https://www.bls.gov/schedule/2024/home.htm,2026-10-05T06:10:18Z
2024-04-03,10:00,2024-04-03T14:00:00Z,Metropolitan Area Employment and Unemployment (Monthly) for February 2024,other_bls,February 2024,https://www.bls.gov/schedule/2024/home.htm,2026-10-05T06:10:18Z
2024-04-03,10:00,2024-04-03T14:00:00Z,Occupational Employment and Wages for Annual 2023,other_bls,Annual 2023,https://www.bls.gov/schedule/2024/home.htm,2026-10-05T06:10:18Z
2024-04-05,08:30,2024-04-05T12:30:00Z,Employment Situation for March 2024,employment_situation,March 2024,https://www.bls.gov/schedule/2024/home.htm,2026-10-05T06:10:18Z
2024-04-10,08:30,2024-04-10T12:30:00Z,Consumer Price Index for March 2024,cpi,March 2024,https://www.bls.gov/schedule/2024/home.htm,2026-10-05T06:10:18Z
2024-04-10,08:30,2024-04-10T12:30:00Z,Real Earnings for March 2024,real_earnings,March 2024,https://www.bls.gov/schedule/2024/home.htm,2026-10-05T06:10:18Z
2024-04-11,08:30,2024-04-11T12:30:00Z,Producer Price Index for March 2024,ppi,March 2024,https://www.bls.gov/schedule/2024/home.htm,2026-10-05T06:10:18Z
2024-04-12,08:30,2024-04-12T12:30:00Z,U.S. Import and Export Price Indexes for March 2024,import_export_prices,March 2024,https://www.bls.gov/schedule/2024/home.htm,2026-10-05T06:10:18Z
2024-04-16,10:00,2024-04-16T14:00:00Z,Usual Weekly Earnings of Wage and Salary Workers for First Quarter 2024,other_bls,First Quarter 2024,https://www.bls.gov/schedule/2024/home.htm,2026-10-05T06:10:18Z
2024-04-17,10:00,2024-04-17T14:00:00Z,State Job Openings and Labor Turnover for February 2024,other_bls,February 2024,https://www.bls.gov/schedule/2024/home.htm,2026-10-05T06:10:18Z
2024-04-19,10:00,2024-04-19T14:00:00Z,State Employment and Unemployment (Monthly) for March 2024,other_bls,March 2024,https://www.bls.gov/schedule/2024/home.htm,2026-10-05T06:10:18Z
2024-04-23,10:00,2024-04-23T14:00:00Z,College Enrollment and Work Activity of High School Graduates for Annual 2023,other_bls,Annual 2023,https://www.bls.gov/schedule/2024/home.htm,2026-10-05T06:10:18Z
2024-04-24,10:00,2024-04-24T14:00:00Z,Employment Characteristics of Families for Annual 2023,other_bls,Annual 2023,https://www.bls.gov/schedule/2024/home.htm,2026-10-05T06:10:18Z
2024-04-24,10:00,2024-04-24T14:00:00Z,Quarterly Data Series on Business Employment Dynamics for Third Quarter 2023,other_bls,Third Quarter 2023,https://www.bls.gov/schedule/2024/home.htm,2026-10-05T06:10:18Z
2024-04-25,10:00,2024-04-25T14:00:00Z,Productivity and Costs by Industry: Manufacturing and Mining Industries for Annual 2023,productivity_costs,Annual 2023,https://www.bls.gov/schedule/2024/home.htm,2026-10-05T06:10:18Z
2024-04-30,08:30,2024-04-30T12:30:00Z,Employment Cost Index for First Quarter 2024,employment_cost_index,First Quarter 2024,https://www.bls.gov/schedule/2024/home.htm,2026-10-05T06:10:18Z
2024-05-01,10:00,2024-05-01T14:00:00Z,Job Openings and Labor Turnover Survey for March 2024,jolts,March 2024,https://www.bls.gov/schedule/2024/home.htm,2026-10-05T06:10:18Z
2024-05-01,10:00,2024-05-01T14:00:00Z,Metropolitan Area Employment and Unemployment (Monthly) for March 2024,other_bls,March 2024,https://www.bls.gov/schedule/2024/home.htm,2026-10-05T06:10:18Z
2024-05-02,08:30,2024-05-02T12:30:00Z,Productivity and Costs (P) for First Quarter 2024,productivity_costs,First Quarter 2024,https://www.bls.gov/schedule/2024/home.htm,2026-10-05T06:10:18Z
2024-05-03,08:30,2024-05-03T12:30:00Z,Employment Situation for April 2024,employment_situation,April 2024,https://www.bls.gov/schedule/2024/home.htm,2026-10-05T06:10:18Z
2024-05-14,08:30,2024-05-14T12:30:00Z,Producer Price Index for April 2024,ppi,April 2024,https://www.bls.gov/schedule/2024/home.htm,2026-10-05T06:10:18Z
2024-05-15,08:30,2024-05-15T12:30:00Z,Consumer Price Index for April 2024,cpi,April 2024,https://www.bls.gov/schedule/2024/home.htm,2026-10-05T06:10:18Z
2024-05-15,08:30,2024-05-15T12:30:00Z,Real Earnings for April 2024,real_earnings,April 2024,https://www.bls.gov/schedule/2024/home.htm,2026-10-05T06:10:18Z
2024-05-16,08:30,2024-05-16T12:30:00Z,U.S. Import and Export Price Indexes for April 2024,import_export_prices,April 2024,https://www.bls.gov/schedule/2024/home.htm,2026-10-05T06:10:18Z
2024-05-17,10:00,2024-05-17T14:00:00Z,State Employment and Unemployment (Monthly) for April 2024,other_bls,April 2024,https://www.bls.gov/schedule/2024/home.htm,2026-10-05T06:10:18Z
2024-05-17,10:00,2024-05-17T14:00:00Z,State Job Openings and Labor Turnover for March 2024,other_bls,March 2024,https://www.bls.gov/schedule/2024/home.htm,2026-10-05T06:10:18Z
2024-05-21,10:00,2024-05-21T14:00:00Z,Labor Force Characteristics of Foreign-born Workers for Annual 2023,other_bls,Annual 2023,https://www.bls.gov/schedule/2024/home.htm,2026-10-05T06:10:18Z
2024-05-22,10:00,2024-05-22T14:00:00Z,County Employment and Wages for Fourth Quarter 2023,other_bls,Fourth Quarter 2023,https://www.bls.gov/schedule/2024/home.htm,2026-10-05T06:10:18Z
2024-05-29,10:00,2024-05-29T14:00:00Z,Metropolitan Area Employment and Unemployment (Monthly) for April 2024,other_bls,April 2024,https://www.bls.gov/schedule/2024/home.htm,2026-10-05T06:10:18Z
2024-05-30,10:00,2024-05-30T14:00:00Z,Productivity and Costs by Industry: Wholesale Trade and Retail Trade for Annual 2023,productivity_costs,Annual 2023,https://www.bls.gov/schedule/2024/home.htm,2026-10-05T06:10:18Z
2024-05-30,10:00,2024-05-30T14:00:00Z,Productivity by State for Annual 2023,other_bls,Annual 2023,https://www.bls.gov/schedule/2024/home.htm,2026-10-05T06:10:18Z
2024-06-04,10:00,2024-06-04T14:00:00Z,Job Openings and Labor Turnover Survey for April 2024,jolts,April 2024,https://www.bls.gov/schedule/2024/home.htm,2026-10-05T06:10:18Z
2024-06-06,08:30,2024-06-06T12:30:00Z,Productivity and Costs (R) for First Quarter 2024,productivity_costs,First Quarter 2024,https://www.bls.gov/schedule/2024/home.htm,2026-10-05T06:10:18Z
2024-06-07,08:30,2024-06-07T12:30:00Z,Employment Situation for May 2024,employment_situation,May 2024,https://www.bls.gov/schedule/2024/home.htm,2026-10-05T06:10:18Z
2024-06-12,08:30,2024-06-12T12:30:00Z,Consumer Price Index for May 2024,cpi,May 2024,https://www.bls.gov/schedule/2024/home.htm,2026-10-05T06:10:18Z
2024-06-12,08:30,2024-06-12T12:30:00Z,Real Earnings for May 2024,real_earnings,May 2024,https://www.bls.gov/schedule/2024/home.htm,2026-10-05T06:10:18Z
2024-06-13,08:30,2024-06-13T12:30:00Z,Producer Price Index for May 2024,ppi,May 2024,https://www.bls.gov/schedule/2024/home.htm,2026-10-05T06:10:18Z
2024-06-14,08:30,2024-06-14T12:30:00Z,U.S. Import and Export Price Indexes for May 2024,import_export_prices,May 2024,https://www.bls.gov/schedule/2024/home.htm,2026-10-05T06:10:18Z
2024-06-18,10:00,2024-06-18T14:00:00Z,Employer Costs for Employee Compensation for March 2024,other_bls,Employee Compensation for March 2024,https://www.bls.gov/schedule/2024/home.htm,2026-10-05T06:10:18Z
2024-06-18,10:00,2024-06-18T14:00:00Z,State Job Openings and Labor Turnover for April 2024,other_bls,April 2024,https://www.bls.gov/schedule/2024/home.htm,2026-10-05T06:10:18Z
2024-06-25,10:00,2024-06-25T14:00:00Z,State Employment and Unemployment (Monthly) for May 2024,other_bls,May 2024,https://www.bls.gov/schedule/2024/home.htm,2026-10-05T06:10:18Z
2024-06-27,10:00,2024-06-27T14:00:00Z,American Time Use Survey for Annual 2023,other_bls,Annual 2023,https://www.bls.gov/schedule/2024/home.htm,2026-10-05T06:10:18Z
2024-06-27,10:00,2024-06-27T14:00:00Z,Productivity and Costs by Industry: Selected Service-Providing Industries for Annual 2023,productivity_costs,Annual 2023,https://www.bls.gov/schedule/2024/home.htm,2026-10-05T06:10:18Z
2024-07-02,10:00,2024-07-02T14:00:00Z,Job Openings and Labor Turnover Survey for May 2024,jolts,May 2024,https://www.bls.gov/schedule/2024/home.htm,2026-10-05T06:10:18Z
2024-07-03,10:00,2024-07-03T14:00:00Z,Metropolitan Area Employment and Unemployment (Monthly) for May 2024,other_bls,May 2024,https://www.bls.gov/schedule/2024/home.htm,2026-10-05T06:10:18Z
2024-07-05,08:30,2024-07-05T12:30:00Z,Employment Situation for June 2024,employment_situation,June 2024,https://www.bls.gov/schedule/2024/home.htm,2026-10-05T06:10:18Z
2024-07-11,08:30,2024-07-11T12:30:00Z,Consumer Price Index for June 2024,cpi,June 2024,https://www.bls.gov/schedule/2024/home.htm,2026-10-05T06:10:18Z
2024-07-11,08:30,2024-07-11T12:30:00Z,Real Earnings for June 2024,real_earnings,June 2024,https://www.bls.gov/schedule/2024/home.htm,2026-10-05T06:10:18Z
2024-07-12,08:30,2024-07-12T12:30:00Z,Producer Price Index for June 2024,ppi,June 2024,https://www.bls.gov/schedule/2024/home.htm,2026-10-05T06:10:18Z
2024-07-16,08:30,2024-07-16T12:30:00Z,U.S. Import and Export Price Indexes for June 2024,import_export_prices,June 2024,https://www.bls.gov/schedule/2024/home.htm,2026-10-05T06:10:18Z
2024-07-17,10:00,2024-07-17T14:00:00Z,Usual Weekly Earnings of Wage and Salary Workers for Second Quarter 2024,other_bls,Second Quarter 2024,https://www.bls.gov/schedule/2024/home.htm,2026-10-05T06:10:18Z
2024-07-19,10:00,2024-07-19T14:00:00Z,State Employment and Unemployment (Monthly) for June 2024,other_bls,June 2024,https://www.bls.gov/schedule/2024/home.htm,2026-10-05T06:10:18Z
2024-07-24,10:00,2024-07-24T14:00:00Z,Quarterly Data Series on Business Employment Dynamics for Fourth Quarter 2023,other_bls,Fourth Quarter 2023,https://www.bls.gov/schedule/2024/home.htm,2026-10-05T06:10:18Z
2024-07-24,10:00,2024-07-24T14:00:00Z,State Job Openings and Labor Turnover for May 2024,other_bls,May 2024,https://www.bls.gov/schedule/2024/home.htm,2026-10-05T06:10:18Z
2024-07-30,10:00,2024-07-30T14:00:00Z,Job Openings and Labor Turnover Survey for June 2024,jolts,June 2024,https://www.bls.gov/schedule/2024/home.htm,2026-10-05T06:10:18Z
2024-07-30,10:00,2024-07-30T14:00:00Z,Metropolitan Area Employment and Unemployment (Monthly) for June 2024,other_bls,June 2024,https://www.bls.gov/schedule/2024/home.htm,2026-10-05T06:10:18Z
2024-07-31,08:30,2024-07-31T12:30:00Z,Employment Cost Index for Second Quarter 2024,employment_cost_index,Second Quarter 2024,https://www.bls.gov/schedule/2024/home.htm,2026-10-05T06:10:18Z
2024-08-01,08:30,2024-08-01T12:30:00Z,Productivity and Costs (P) for Second Quarter 2024,productivity_costs,Second Quarter 2024,https://www.bls.gov/schedule/2024/home.htm,2026-10-05T06:10:18Z
2024-08-02,08:30,2024-08-02T12:30:00Z,Employment Situation for July 2024,employment_situation,July 2024,https://www.bls.gov/schedule/2024/home.htm,2026-10-05T06:10:18Z
2024-08-13,08:30,2024-08-13T12:30:00Z,Producer Price Index for July 2024,ppi,July 2024,https://www.bls.gov/schedule/2024/home.htm,2026-10-05T06:10:18Z
2024-08-14,08:30,2024-08-14T12:30:00Z,Consumer Price Index for July 2024,cpi,July 2024,https://www.bls.gov/schedule/2024/home.htm,2026-10-05T06:10:18Z
2024-08-14,08:30,2024-08-14T12:30:00Z,Real Earnings for July 2024,real_earnings,July 2024,https://www.bls.gov/schedule/2024/home.htm,2026-10-05T06:10:18Z
2024-08-15,08:30,2024-08-15T12:30:00Z,U.S. Import and Export Price Indexes for July 2024,import_export_prices,July 2024,https://www.bls.gov/schedule/2024/home.htm,2026-10-05T06:10:18Z
2024-08-16,10:00,2024-08-16T14:00:00Z,State Employment and Unemployment (Monthly) for July 2024,other_bls,July 2024,https://www.bls.gov/schedule/2024/home.htm,2026-10-05T06:10:18Z
2024-08-16,10:00,2024-08-16T14:00:00Z,State Job Openings and Labor Turnover for June 2024,other_bls,June 2024,https://www.bls.gov/schedule/2024/home.htm,2026-10-05T06:10:18Z
2024-08-20,10:00,2024-08-20T14:00:00Z,Summer Youth Labor Force for Annual 2024,other_bls,Annual 2024,https://www.bls.gov/schedule/2024/home.htm,2026-10-05T06:10:18Z
2024-08-21,10:00,2024-08-21T14:00:00Z,County Employment and Wages for First Quarter 2024,other_bls,First Quarter 2024,https://www.bls.gov/schedule/2024/home.htm,2026-10-05T06:10:18Z
2024-08-28,10:00,2024-08-28T14:00:00Z,Metropolitan Area Employment and Unemployment (Monthly) for July 2024,other_bls,July 2024,https://www.bls.gov/schedule/2024/home.htm,2026-10-05T06:10:18Z
2024-08-29,10:00,2024-08-29T14:00:00Z,Employment Projections and Occupational Outlook Handbook for Annual 2023-2033,other_bls,Annual 2023-2033,https://www.bls.gov/schedule/2024/home.htm,2026-10-05T06:10:18Z
2024-08-29,10:00,2024-08-29T14:00:00Z,Worker Displacement for 2021-2023,other_bls,2021-2023,https://www.bls.gov/schedule/2024/home.htm,2026-10-05T06:10:18Z
2024-09-04,10:00,2024-09-04T14:00:00Z,Job Openings and Labor Turnover Survey for July 2024,jolts,July 2024,https://www.bls.gov/schedule/2024/home.htm,2026-10-05T06:10:18Z
2024-09-05,08:30,2024-09-05T12:30:00Z,Productivity and Costs (R) for Second Quarter 2024,productivity_costs,Second Quarter 2024,https://www.bls.gov/schedule/2024/home.htm,2026-10-05T06:10:18Z
2024-09-06,08:30,2024-09-06T12:30:00Z,Employment Situation for August 2024,employment_situation,August 2024,https://www.bls.gov/schedule/2024/home.htm,2026-10-05T06:10:18Z
2024-09-10,10:00,2024-09-10T14:00:00Z,Employer Costs for Employee Compensation for June 2024,other_bls,Employee Compensation for June 2024,https://www.bls.gov/schedule/2024/home.htm,2026-10-05T06:10:18Z
2024-09-11,08:30,2024-09-11T12:30:00Z,Consumer Price Index for August 2024,cpi,August 2024,https://www.bls.gov/schedule/2024/home.htm,2026-10-05T06:10:18Z
2024-09-11,08:30,2024-09-11T12:30:00Z,Real Earnings for August 2024,real_earnings,August 2024,https://www.bls.gov/schedule/2024/home.htm,2026-10-05T06:10:18Z
2024-09-12,08:30,2024-09-12T12:30:00Z,Producer Price Index for August 2024,ppi,August 2024,https://www.bls.gov/schedule/2024/home.htm,2026-10-05T06:10:18Z
2024-09-13,08:30,2024-09-13T12:30:00Z,U.S. Import and Export Price Indexes for August 2024,import_export_prices,August 2024,https://www.bls.gov/schedule/2024/home.htm,2026-10-05T06:10:18Z
2024-09-17,10:00,2024-09-17T14:00:00Z,State Job Openings and Labor Turnover for July 2024,other_bls,July 2024,https://www.bls.gov/schedule/2024/home.htm,2026-10-05T06:10:18Z
2024-09-19,10:00,2024-09-19T14:00:00Z,Employee Benefits in the United States for March 2024,other_bls,March 2024,https://www.bls.gov/schedule/2024/home.htm,2026-10-05T06:10:18Z
2024-09-20,10:00,2024-09-20T14:00:00Z,State Employment and Unemployment (Monthly) for August 2024,other_bls,August 2024,https://www.bls.gov/schedule/2024/home.htm,2026-10-05T06:10:18Z
2024-09-25,10:00,2024-09-25T14:00:00Z,Consumer Expenditures for Annual 2023,other_bls,Annual 2023,https://www.bls.gov/schedule/2024/home.htm,2026-10-05T06:10:18Z
2024-09-26,10:00,2024-09-26T14:00:00Z,Employee Tenure for Biennial 2024,other_bls,Biennial 2024,https://www.bls.gov/schedule/2024/home.htm,2026-10-05T06:10:18Z
2024-10-01,10:00,2024-10-01T14:00:00Z,Job Openings and Labor Turnover Survey for August 2024,jolts,August 2024,https://www.bls.gov/schedule/2024/home.htm,2026-10-05T06:10:18Z
2024-10-02,10:00,2024-10-02T14:00:00Z,Metropolitan Area Employment and Unemployment (Monthly) for August 2024,other_bls,August 2024,https://www.bls.gov/schedule/2024/home.htm,2026-10-05T06:10:18Z
2024-10-04,08:30,2024-10-04T12:30:00Z,Employment Situation for September 2024,employment_situation,September 2024,https://www.bls.gov/schedule/2024/home.htm,2026-10-05T06:10:18Z
2024-10-10,08:30,2024-10-10T12:30:00Z,Consumer Price Index for September 2024,cpi,September 2024,https://www.bls.gov/schedule/2024/home.htm,2026-10-05T06:10:18Z
2024-10-10,08:30,2024-10-10T12:30:00Z,Real Earnings for September 2024,real_earnings,September 2024,https://www.bls.gov/schedule/2024/home.htm,2026-10-05T06:10:18Z
2024-10-11,08:30,2024-10-11T12:30:00Z,Producer Price Index for September 2024,ppi,September 2024,https://www.bls.gov/schedule/2024/home.htm,2026-10-05T06:10:18Z
2024-10-16,08:30,2024-10-16T12:30:00Z,U.S. Import and Export Price Indexes for September 2024,import_export_prices,September 2024,https://www.bls.gov/schedule/2024/home.htm,2026-10-05T06:10:18Z
2024-10-17,10:00,2024-10-17T14:00:00Z,State Job Openings and Labor Turnover for August 2024,other_bls,August 2024,https://www.bls.gov/schedule/2024/home.htm,2026-10-05T06:10:18Z
2024-10-17,10:00,2024-10-17T14:00:00Z,Usual Weekly Earnings of Wage and Salary Workers for Third Quarter 2024,other_bls,Third Quarter 2024,https://www.bls.gov/schedule/2024/home.htm,2026-10-05T06:10:18Z
2024-10-22,10:00,2024-10-22T14:00:00Z,State Employment and Unemployment (Monthly) for September 2024,other_bls,September 2024,https://www.bls.gov/schedule/2024/home.htm,2026-10-05T06:10:18Z
2024-10-29,10:00,2024-10-29T14:00:00Z,Job Openings and Labor Turnover Survey for September 2024,jolts,September 2024,https://www.bls.gov/schedule/2024/home.htm,2026-10-05T06:10:18Z
2024-10-30,10:00,2024-10-30T14:00:00Z,Metropolitan Area Employment and Unemployment (Monthly) for September 2024,other_bls,September 2024,https://www.bls.gov/schedule/2024/home.htm,2026-10-05T06:10:18Z
2024-10-30,10:00,2024-10-30T14:00:00Z,Quarterly Data Series on Business Employment Dynamics for First Quarter 2024,other_bls,First Quarter 2024,https://www.bls.gov/schedule/2024/home.htm,2026-10-05T06:10:18Z
2024-10-31,08:30,2024-10-31T12:30:00Z,Employment Cost Index for Third Quarter 2024,employment_cost_index,Third Quarter 2024,https://www.bls.gov/schedule/2024/home.htm,2026-10-05T06:10:18Z
2024-11-01,08:30,2024-11-01T12:30:00Z,Employment Situation for October 2024,employment_situation,October 2024,https://www.bls.gov/schedule/2024/home.htm,2026-10-05T06:10:18Z
2024-11-07,08:30,2024-11-07T13:30:00Z,Productivity and Costs (P) for Third Quarter 2024,productivity_costs,Third Quarter 2024,https://www.bls.gov/schedule/2024/home.htm,2026-10-05T06:10:18Z
2024-11-08,10:00,2024-11-08T15:00:00Z,Contingent and Alternative Employment Arrangements for July 2023,other_bls,July 2023,https://www.bls.gov/schedule/2024/home.htm,2026-10-05T06:10:18Z
2024-11-08,10:00,2024-11-08T15:00:00Z,Employer-Reported Workplace Injuries and Illnesses (Annual) for Annual 2023,other_bls,Annual 2023,https://www.bls.gov/schedule/2024/home.htm,2026-10-05T06:10:18Z
2024-11-13,08:30,2024-11-13T13:30:00Z,Consumer Price Index for October 2024,cpi,October 2024,https://www.bls.gov/schedule/2024/home.htm,2026-10-05T06:10:18Z
2024-11-13,08:30,2024-11-13T13:30:00Z,Real Earnings for October 2024,real_earnings,October 2024,https://www.bls.gov/schedule/2024/home.htm,2026-10-05T06:10:18Z
2024-11-14,08:30,2024-11-14T13:30:00Z,Producer Price Index for October 2024,ppi,October 2024,https://www.bls.gov/schedule/2024/home.htm,2026-10-05T06:10:18Z
2024-11-15,08:30,2024-11-15T13:30:00Z,U.S. Import and Export Price Indexes for October 2024,import_export_prices,October 2024,https://www.bls.gov/schedule/2024/home.htm,2026-10-05T06:10:18Z
2024-11-19,10:00,2024-11-19T15:00:00Z,Occupational Requirements in the United States for Annual 2024,other_bls,Annual 2024,https://www.bls.gov/schedule/2024/home.htm,2026-10-05T06:10:18Z
2024-11-19,10:00,2024-11-19T15:00:00Z,State Employment and Unemployment (Monthly) for October 2024,other_bls,October 2024,https://www.bls.gov/schedule/2024/home.htm,2026-10-05T06:10:18Z
2024-11-20,10:00,2024-11-20T15:00:00Z,County Employment and Wages for Second Quarter 2024,other_bls,Second Quarter 2024,https://www.bls.gov/schedule/2024/home.htm,2026-10-05T06:10:18Z
2024-11-20,10:00,2024-11-20T15:00:00Z,State Job Openings and Labor Turnover for September 2024,other_bls,September 2024,https://www.bls.gov/schedule/2024/home.htm,2026-10-05T06:10:18Z
2024-11-21,10:00,2024-11-21T15:00:00Z,Total Factor Productivity for Major Industries for Annual 2023,other_bls,Major Industries for Annual 2023,https://www.bls.gov/schedule/2024/home.htm,2026-10-05T06:10:18Z
2024-11-27,10:00,2024-11-27T15:00:00Z,Metropolitan Area Employment and Unemployment (Monthly) for October 2024,other_bls,October 2024,https://www.bls.gov/schedule/2024/home.htm,2026-10-05T06:10:18Z
2024-12-03,10:00,2024-12-03T15:00:00Z,Job Openings and Labor Turnover Survey for October 2024,jolts,October 2024,https://www.bls.gov/schedule/2024/home.htm,2026-10-05T06:10:18Z
2024-12-04,10:00,2024-12-04T15:00:00Z,Total Factor Productivity for Major Industries for Annual 2023,other_bls,Major Industries for Annual 2023,https://www.bls.gov/schedule/2024/home.htm,2026-10-05T06:10:18Z
2024-12-06,08:30,2024-12-06T13:30:00Z,Employment Situation for November 2024,employment_situation,November 2024,https://www.bls.gov/schedule/2024/home.htm,2026-10-05T06:10:18Z
2024-12-10,08:30,2024-12-10T13:30:00Z,Productivity and Costs (R) for Third Quarter 2024,productivity_costs,Third Quarter 2024,https://www.bls.gov/schedule/2024/home.htm,2026-10-05T06:10:18Z
2024-12-11,08:30,2024-12-11T13:30:00Z,Consumer Price Index for November 2024,cpi,November 2024,https://www.bls.gov/schedule/2024/home.htm,2026-10-05T06:10:18Z
2024-12-11,08:30,2024-12-11T13:30:00Z,Real Earnings for November 2024,real_earnings,November 2024,https://www.bls.gov/schedule/2024/home.htm,2026-10-05T06:10:18Z
2024-12-12,08:30,2024-12-12T13:30:00Z,Producer Price Index for November 2024,ppi,November 2024,https://www.bls.gov/schedule/2024/home.htm,2026-10-05T06:10:18Z
2024-12-13,08:30,2024-12-13T13:30:00Z,U.S. Import and Export Price Indexes for November 2024,import_export_prices,November 2024,https://www.bls.gov/schedule/2024/home.htm,2026-10-05T06:10:18Z
2024-12-17,10:00,2024-12-17T15:00:00Z,Employer Costs for Employee Compensation for September 2024,other_bls,Employee Compensation for September 2024,https://www.bls.gov/schedule/2024/home.htm,2026-10-05T06:10:18Z
2024-12-17,10:00,2024-12-17T15:00:00Z,State Job Openings and Labor Turnover for October 2024,other_bls,October 2024,https://www.bls.gov/schedule/2024/home.htm,2026-10-05T06:10:18Z
2024-12-18,10:00,2024-12-18T15:00:00Z,Work Experience of the Population (Annual) for Annual 2023,other_bls,Annual 2023,https://www.bls.gov/schedule/2024/home.htm,2026-10-05T06:10:18Z
2024-12-19,10:00,2024-12-19T15:00:00Z,Census of Fatal Occupational Injuries for Annual 2023,other_bls,Annual 2023,https://www.bls.gov/schedule/2024/home.htm,2026-10-05T06:10:18Z
2024-12-20,10:00,2024-12-20T15:00:00Z,State Employment and Unemployment (Monthly) for November 2024,other_bls,November 2024,https://www.bls.gov/schedule/2024/home.htm,2026-10-05T06:10:18Z
2025-01-03,10:00,2025-01-03T15:00:00Z,Metropolitan Area Employment and Unemployment (Monthly) for November 2024,other_bls,November 2024,https://www.bls.gov/schedule/2025/home.htm,2026-10-05T06:10:18Z
2025-01-07,10:00,2025-01-07T15:00:00Z,Job Openings and Labor Turnover Survey for November 2024,jolts,November 2024,https://www.bls.gov/schedule/2025/home.htm,2026-10-05T06:10:18Z
2025-01-10,08:30,2025-01-10T13:30:00Z,Employment Situation for December 2024,employment_situation,December 2024,https://www.bls.gov/schedule/2025/home.htm,2026-10-05T06:10:18Z
2025-01-14,08:30,2025-01-14T13:30:00Z,Producer Price Index for December 2024,ppi,December 2024,https://www.bls.gov/schedule/2025/home.htm,2026-10-05T06:10:18Z
2025-01-15,08:30,2025-01-15T13:30:00Z,Consumer Price Index for December 2024,cpi,December 2024,https://www.bls.gov/schedule/2025/home.htm,2026-10-05T06:10:18Z
2025-01-15,08:30,2025-01-15T13:30:00Z,Real Earnings for December 2024,real_earnings,December 2024,https://www.bls.gov/schedule/2025/home.htm,2026-10-05T06:10:18Z
2025-01-16,08:30,2025-01-16T13:30:00Z,U.S. Import and Export Price Indexes for December 2024,import_export_prices,December 2024,https://www.bls.gov/schedule/2025/home.htm,2026-10-05T06:10:18Z
2025-01-17,10:00,2025-01-17T15:00:00Z,State Job Openings and Labor Turnover for November 2024,other_bls,November 2024,https://www.bls.gov/schedule/2025/home.htm,2026-10-05T06:10:18Z
2025-01-22,10:00,2025-01-22T15:00:00Z,Usual Weekly Earnings of Wage and Salary Workers for Fourth Quarter 2024,other_bls,Fourth Quarter 2024,https://www.bls.gov/schedule/2025/home.htm,2026-10-05T06:10:18Z
2025-01-28,10:00,2025-01-28T15:00:00Z,State Employment and Unemployment (Monthly) for December 2024,other_bls,December 2024,https://www.bls.gov/schedule/2025/home.htm,2026-10-05T06:10:18Z
2025-01-28,10:00,2025-01-28T15:00:00Z,Union Membership (Annual) for Annual 2024,other_bls,Annual 2024,https://www.bls.gov/schedule/2025/home.htm,2026-10-05T06:10:18Z
2025-01-29,10:00,2025-01-29T15:00:00Z,Quarterly Data Series on Business Employment Dynamics for Second Quarter 2024,other_bls,Second Quarter 2024,https://www.bls.gov/schedule/2025/home.htm,2026-10-05T06:10:18Z
2025-01-31,08:30,2025-01-31T13:30:00Z,Employment Cost Index for Fourth Quarter 2024,employment_cost_index,Fourth Quarter 2024,https://www.bls.gov/schedule/2025/home.htm,2026-10-05T06:10:18Z
2025-02-04,10:00,2025-02-04T15:00:00Z,Job Openings and Labor Turnover Survey for December 2024,jolts,December 2024,https://www.bls.gov/schedule/2025/home.htm,2026-10-05T06:10:18Z
2025-02-05,10:00,2025-02-05T15:00:00Z,Metropolitan Area Employment and Unemployment (Monthly) for December 2024,other_bls,December 2024,https://www.bls.gov/schedule/2025/home.htm,2026-10-05T06:10:18Z
2025-02-06,08:30,2025-02-06T13:30:00Z,Productivity and Costs (P) for Fourth Quarter 2024,productivity_costs,Fourth Quarter 2024,https://www.bls.gov/schedule/2025/home.htm,2026-10-05T06:10:18Z
2025-02-07,08:30,2025-02-07T13:30:00Z,Employment Situation for January 2025,employment_situation,January 2025,https://www.bls.gov/schedule/2025/home.htm,2026-10-05T06:10:18Z
2025-02-12,08:30,2025-02-12T13:30:00Z,Consumer Price Index for January 2025,cpi,January 2025,https://www.bls.gov/schedule/2025/home.htm,2026-10-05T06:10:18Z
2025-02-12,08:30,2025-02-12T13:30:00Z,Real Earnings for January 2025,real_earnings,January 2025,https://www.bls.gov/schedule/2025/home.htm,2026-10-05T06:10:18Z
2025-02-13,08:30,2025-02-13T13:30:00Z,Producer Price Index for January 2025,ppi,January 2025,https://www.bls.gov/schedule/2025/home.htm,2026-10-05T06:10:18Z
2025-02-14,08:30,2025-02-14T13:30:00Z,U.S. Import and Export Price Indexes for January 2025,import_export_prices,January 2025,https://www.bls.gov/schedule/2025/home.htm,2026-10-05T06:10:18Z
2025-02-19,10:00,2025-02-19T15:00:00Z,County Employment and Wages for Third Quarter 2024,other_bls,Third Quarter 2024,https://www.bls.gov/schedule/2025/home.htm,2026-10-05T06:10:18Z
2025-02-19,10:00,2025-02-19T15:00:00Z,State Job Openings and Labor Turnover for December 2024,other_bls,December 2024,https://www.bls.gov/schedule/2025/home.htm,2026-10-05T06:10:18Z
2025-02-20,10:00,2025-02-20T15:00:00Z,Major Work Stoppages (Annual) for Annual 2024,other_bls,Annual 2024,https://www.bls.gov/schedule/2025/home.htm,2026-10-05T06:10:18Z
2025-02-25,10:00,2025-02-25T15:00:00Z,Persons with a Disability: Labor Force Characteristics for Annual 2024,other_bls,Annual 2024,https://www.bls.gov/schedule/2025/home.htm,2026-10-05T06:10:18Z
2025-03-05,10:00,2025-03-05T15:00:00Z,County Employment and Wages Full Data Update for Third Quarter 2024,other_bls,Third Quarter 2024,https://www.bls.gov/schedule/2025/home.htm,2026-10-05T06:10:18Z
2025-03-05,10:00,2025-03-05T15:00:00Z,State Unemployment (Annual) for Annual 2024,other_bls,Annual 2024,https://www.bls.gov/schedule/2025/home.htm,2026-10-05T06:10:18Z
2025-03-06,08:30,2025-03-06T13:30:00Z,Productivity and Costs (R) for Fourth Quarter 2024,productivity_costs,Fourth Quarter 2024,https://www.bls.gov/schedule/2025/home.htm,2026-10-05T06:10:18Z
2025-03-07,08:30,2025-03-07T13:30:00Z,Employment Situation for February 2025,employment_situation,February 2025,https://www.bls.gov/schedule/2025/home.htm,2026-10-05T06:10:18Z
2025-03-11,10:00,2025-03-11T14:00:00Z,Job Openings and Labor Turnover Survey for January 2025,jolts,January 2025,https://www.bls.gov/schedule/2025/home.htm,2026-10-05T06:10:18Z
2025-03-12,08:30,2025-03-12T12:30:00Z,Consumer Price Index for February 2025,cpi,February 2025,https://www.bls.gov/schedule/2025/home.htm,2026-10-05T06:10:18Z
2025-03-12,08:30,2025-03-12T12:30:00Z,Real Earnings for February 2025,real_earnings,February 2025,https://www.bls.gov/schedule/2025/home.htm,2026-10-05T06:10:18Z
2025-03-13,08:30,2025-03-13T12:30:00Z,Producer Price Index for February 2025,ppi,February 2025,https://www.bls.gov/schedule/2025/home.htm,2026-10-05T06:10:18Z
2025-03-14,10:00,2025-03-14T14:00:00Z,Employer Costs for Employee Compensation for December 2024,other_bls,Employee Compensation for December 2024,https://www.bls.gov/schedule/2025/home.htm,2026-10-05T06:10:18Z
2025-03-17,10:00,2025-03-17T14:00:00Z,State Employment and Unemployment (Monthly) for January 2025,other_bls,January 2025,https://www.bls.gov/schedule/2025/home.htm,2026-10-05T06:10:18Z
2025-03-18,08:30,2025-03-18T12:30:00Z,U.S. Import and Export Price Indexes for February 2025,import_export_prices,February 2025,https://www.bls.gov/schedule/2025/home.htm,2026-10-05T06:10:18Z
2025-03-20,10:00,2025-03-20T14:00:00Z,Employment Situation of Veterans for Annual 2024,employment_situation,Annual 2024,https://www.bls.gov/schedule/2025/home.htm,2026-10-05T06:10:18Z
2025-03-20,10:00,2025-03-20T14:00:00Z,State Job Openings and Labor Turnover for January 2025,other_bls,January 2025,https://www.bls.gov/schedule/2025/home.htm,2026-10-05T06:10:18Z
2025-03-21,10:00,2025-03-21T14:00:00Z,Metropolitan Area Employment and Unemployment (Monthly) for January 2025,other_bls,January 2025,https://www.bls.gov/schedule/2025/home.htm,2026-10-05T06:10:18Z
2025-03-21,10:00,2025-03-21T14:00:00Z,Total Factor Productivity for Annual 2024,other_bls,Annual 2024,https://www.bls.gov/schedule/2025/home.htm,2026-10-05T06:10:18Z
2025-03-28,10:00,2025-03-28T14:00:00Z,State Employment and Unemployment (Monthly) for February 2025,other_bls,February 2025,https://www.bls.gov/schedule/2025/home.htm,2026-10-05T06:10:18Z
2025-04-01,10:00,2025-04-01T14:00:00Z,Job Openings and Labor Turnover Survey for February 2025,jolts,February 2025,https://www.bls.gov/schedule/2025/home.htm,2026-10-05T06:10:18Z
2025-04-02,10:00,2025-04-02T14:00:00Z,Occupational Employment and Wages for Annual 2024,other_bls,Annual 2024,https://www.bls.gov/schedule/2025/home.htm,2026-10-05T06:10:18Z
2025-04-04,08:30,2025-04-04T12:30:00Z,Employment Situation for March 2025,employment_situation,March 2025,https://www.bls.gov/schedule/2025/home.htm,2026-10-05T06:10:18Z
2025-04-09,10:00,2025-04-09T14:00:00Z,Metropolitan Area Employment and Unemployment (Monthly) for February 2025,other_bls,February 2025,https://www.bls.gov/schedule/2025/home.htm,2026-10-05T06:10:18Z
2025-04-10,08:30,2025-04-10T12:30:00Z,Consumer Price Index for March 2025,cpi,March 2025,https://www.bls.gov/schedule/2025/home.htm,2026-10-05T06:10:18Z
2025-04-10,08:30,2025-04-10T12:30:00Z,Real Earnings for March 2025,real_earnings,March 2025,https://www.bls.gov/schedule/2025/home.htm,2026-10-05T06:10:18Z
2025-04-11,08:30,2025-04-11T12:30:00Z,Producer Price Index for March 2025,ppi,March 2025,https://www.bls.gov/schedule/2025/home.htm,2026-10-05T06:10:18Z
2025-04-15,08:30,2025-04-15T12:30:00Z,U.S. Import and Export Price Indexes for March 2025,import_export_prices,March 2025,https://www.bls.gov/schedule/2025/home.htm,2026-10-05T06:10:18Z
2025-04-16,10:00,2025-04-16T14:00:00Z,State Job Openings and Labor Turnover for February 2025,other_bls,February 2025,https://www.bls.gov/schedule/2025/home.htm,2026-10-05T06:10:18Z
2025-04-16,10:00,2025-04-16T14:00:00Z,Usual Weekly Earnings of Wage and Salary Workers for First Quarter 2025,other_bls,First Quarter 2025,https://www.bls.gov/schedule/2025/home.htm,2026-10-05T06:10:18Z
2025-04-18,10:00,2025-04-18T14:00:00Z,State Employment and Unemployment (Monthly) for March 2025,other_bls,March 2025,https://www.bls.gov/schedule/2025/home.htm,2026-10-05T06:10:18Z
2025-04-22,10:00,2025-04-22T14:00:00Z,College Enrollment and Work Activity of High School Graduates for Annual 2024,other_bls,Annual 2024,https://www.bls.gov/schedule/2025/home.htm,2026-10-05T06:10:18Z
2025-04-23,10:00,2025-04-23T14:00:00Z,Employment Characteristics of Families for Annual 2024,other_bls,Annual 2024,https://www.bls.gov/schedule/2025/home.htm,2026-10-05T06:10:18Z
2025-04-24,10:00,2025-04-24T14:00:00Z,Productivity and Costs by Industry: Manufacturing and Mining Industries for Annual 2024,productivity_costs,Annual 2024,https://www.bls.gov/schedule/2025/home.htm,2026-10-05T06:10:18Z
2025-04-29,10:00,2025-04-29T14:00:00Z,Job Openings and Labor Turnover Survey for March 2025,jolts,March 2025,https://www.bls.gov/schedule/2025/home.htm,2026-10-05T06:10:18Z
2025-04-29,10:00,2025-04-29T14:00:00Z,Metropolitan Area Employment and Unemployment (Monthly) for March 2025,other_bls,March 2025,https://www.bls.gov/schedule/2025/home.htm,2026-10-05T06:10:18Z
2025-04-30,08:30,2025-04-30T12:30:00Z,Employment Cost Index for First Quarter 2025,employment_cost_index,First Quarter 2025,https://www.bls.gov/schedule/2025/home.htm,2026-10-05T06:10:18Z
2025-05-02,08:30,2025-05-02T12:30:00Z,Employment Situation for April 2025,employment_situation,April 2025,https://www.bls.gov/schedule/2025/home.htm,2026-10-05T06:10:18Z
2025-05-07,10:00,2025-05-07T14:00:00Z,Quarterly Data Series on Business Employment Dynamics for Third Quarter 2024,other_bls,Third Quarter 2024,https://www.bls.gov/schedule/2025/home.htm,2026-10-05T06:10:18Z
2025-05-08,08:30,2025-05-08T12:30:00Z,Productivity and Costs (P) for First Quarter 2025,productivity_costs,First Quarter 2025,https://www.bls.gov/schedule/2025/home.htm,2026-10-05T06:10:18Z
2025-05-13,08:30,2025-05-13T12:30:00Z,Consumer Price Index for April 2025,cpi,April 2025,https://www.bls.gov/schedule/2025/home.htm,2026-10-05T06:10:18Z
2025-05-13,08:30,2025-05-13T12:30:00Z,Real Earnings for April 2025,real_earnings,April 2025,https://www.bls.gov/schedule/2025/home.htm,2026-10-05T06:10:18Z
2025-05-15,08:30,2025-05-15T12:30:00Z,Producer Price Index for April 2025,ppi,April 2025,https://www.bls.gov/schedule/2025/home.htm,2026-10-05T06:10:18Z
2025-05-16,08:30,2025-05-16T12:30:00Z,U.S. Import and Export Price Indexes for April 2025,import_export_prices,April 2025,https://www.bls.gov/schedule/2025/home.htm,2026-10-05T06:10:18Z
2025-05-20,10:00,2025-05-20T14:00:00Z,Labor Force Characteristics of Foreign-born Workers for Annual 2024,other_bls,Annual 2024,https://www.bls.gov/schedule/2025/home.htm,2026-10-05T06:10:18Z
2025-05-20,10:00,2025-05-20T14:00:00Z,State Job Openings and Labor Turnover for March 2025,other_bls,March 2025,https://www.bls.gov/schedule/2025/home.htm,2026-10-05T06:10:18Z
2025-05-21,10:00,2025-05-21T14:00:00Z,State Employment and Unemployment (Monthly) for April 2025,other_bls,April 2025,https://www.bls.gov/schedule/2025/home.htm,2026-10-05T06:10:18Z
2025-05-28,10:00,2025-05-28T14:00:00Z,Metropolitan Area Employment and Unemployment (Monthly) for April 2025,other_bls,April 2025,https://www.bls.gov/schedule/2025/home.htm,2026-10-05T06:10:18Z
2025-05-29,10:00,2025-05-29T14:00:00Z,Productivity and Costs by Industry: Wholesale Trade and Retail Trade for Annual 2024,productivity_costs,Annual 2024,https://www.bls.gov/schedule/2025/home.htm,2026-10-05T06:10:18Z
2025-05-29,10:00,2025-05-29T14:00:00Z,Productivity by State for Annual 2024,other_bls,Annual 2024,https://www.bls.gov/schedule/2025/home.htm,2026-10-05T06:10:18Z
2025-06-03,10:00,2025-06-03T14:00:00Z,Job Openings and Labor Turnover Survey for April 2025,jolts,April 2025,https://www.bls.gov/schedule/2025/home.htm,2026-10-05T06:10:18Z
2025-06-04,10:00,2025-06-04T14:00:00Z,County Employment and Wages for Fourth Quarter 2024,other_bls,Fourth Quarter 2024,https://www.bls.gov/schedule/2025/home.htm,2026-10-05T06:10:18Z
2025-06-05,08:30,2025-06-05T12:30:00Z,Productivity and Costs (R) for First Quarter 2025,productivity_costs,First Quarter 2025,https://www.bls.gov/schedule/2025/home.htm,2026-10-05T06:10:18Z
2025-06-06,08:30,2025-06-06T12:30:00Z,Employment Situation for May 2025,employment_situation,May 2025,https://www.bls.gov/schedule/2025/home.htm,2026-10-05T06:10:18Z
2025-06-11,08:30,2025-06-11T12:30:00Z,Consumer Price Index for May 2025,cpi,May 2025,https://www.bls.gov/schedule/2025/home.htm,2026-10-05T06:10:18Z
2025-06-11,08:30,2025-06-11T12:30:00Z,Real Earnings for May 2025,real_earnings,May 2025,https://www.bls.gov/schedule/2025/home.htm,2026-10-05T06:10:18Z
2025-06-12,08:30,2025-06-12T12:30:00Z,Producer Price Index for May 2025,ppi,May 2025,https://www.bls.gov/schedule/2025/home.htm,2026-10-05T06:10:18Z
2025-06-13,10:00,2025-06-13T14:00:00Z,Employer Costs for Employee Compensation for March 2025,other_bls,Employee Compensation for March 2025,https://www.bls.gov/schedule/2025/home.htm,2026-10-05T06:10:18Z
2025-06-17,08:30,2025-06-17T12:30:00Z,U.S. Import and Export Price Indexes for May 2025,import_export_prices,May 2025,https://www.bls.gov/schedule/2025/home.htm,2026-10-05T06:10:18Z
2025-06-18,10:00,2025-06-18T14:00:00Z,State Job Openings and Labor Turnover for April 2025,other_bls,April 2025,https://www.bls.gov/schedule/2025/home.htm,2026-10-05T06:10:18Z
2025-06-24,10:00,2025-06-24T14:00:00Z,State Employment and Unemployment (Monthly) for May 2025,other_bls,May 2025,https://www.bls.gov/schedule/2025/home.htm,2026-10-05T06:10:18Z
2025-06-26,10:00,2025-06-26T14:00:00Z,American Time Use Survey for Annual 2024,other_bls,Annual 2024,https://www.bls.gov/schedule/2025/home.htm,2026-10-05T06:10:18Z
2025-06-26,10:00,2025-06-26T14:00:00Z,Productivity and Costs by Industry: Selected Service-Providing Industries for Annual 2024,productivity_costs,Annual 2024,https://www.bls.gov/schedule/2025/home.htm,2026-10-05T06:10:18Z
2025-07-01,10:00,2025-07-01T14:00:00Z,Job Openings and Labor Turnover Survey for May 2025,jolts,May 2025,https://www.bls.gov/schedule/2025/home.htm,2026-10-05T06:10:18Z
2025-07-02,10:00,2025-07-02T14:00:00Z,Metropolitan Area Employment and Unemployment (Monthly) for May 2025,other_bls,May 2025,https://www.bls.gov/schedule/2025/home.htm,2026-10-05T06:10:18Z
2025-07-03,08:30,2025-07-03T12:30:00Z,Employment Situation for June 2025,employment_situation,June 2025,https://www.bls.gov/schedule/2025/home.htm,2026-10-05T06:10:18Z
2025-07-15,08:30,2025-07-15T12:30:00Z,Consumer Price Index for June 2025,cpi,June 2025,https://www.bls.gov/schedule/2025/home.htm,2026-10-05T06:10:18Z
2025-07-15,08:30,2025-07-15T12:30:00Z,Real Earnings for June 2025,real_earnings,June 2025,https://www.bls.gov/schedule/2025/home.htm,2026-10-05T06:10:18Z
2025-07-16,08:30,2025-07-16T12:30:00Z,Producer Price Index for June 2025,ppi,June 2025,https://www.bls.gov/schedule/2025/home.htm,2026-10-05T06:10:18Z
2025-07-17,08:30,2025-07-17T12:30:00Z,U.S. Import and Export Price Indexes for June 2025,import_export_prices,June 2025,https://www.bls.gov/schedule/2025/home.htm,2026-10-05T06:10:18Z
2025-07-18,10:00,2025-07-18T14:00:00Z,State Employment and Unemployment (Monthly) for June 2025,other_bls,June 2025,https://www.bls.gov/schedule/2025/home.htm,2026-10-05T06:10:18Z
2025-07-22,10:00,2025-07-22T14:00:00Z,Usual Weekly Earnings of Wage and Salary Workers for Second Quarter 2025,other_bls,Second Quarter 2025,https://www.bls.gov/schedule/2025/home.htm,2026-10-05T06:10:18Z
2025-07-23,10:00,2025-07-23T14:00:00Z,State Job Openings and Labor Turnover for May 2025,other_bls,May 2025,https://www.bls.gov/schedule/2025/home.htm,2026-10-05T06:10:18Z
2025-07-29,10:00,2025-07-29T14:00:00Z,Job Openings and Labor Turnover Survey for June 2025,jolts,June 2025,https://www.bls.gov/schedule/2025/home.htm,2026-10-05T06:10:18Z
2025-07-30,10:00,2025-07-30T14:00:00Z,Metropolitan Area Employment and Unemployment (Monthly) for June 2025,other_bls,June 2025,https://www.bls.gov/schedule/2025/home.htm,2026-10-05T06:10:18Z
2025-07-30,10:00,2025-07-30T14:00:00Z,Quarterly Data Series on Business Employment Dynamics for Fourth Quarter 2024,other_bls,Fourth Quarter 2024,https://www.bls.gov/schedule/2025/home.htm,2026-10-05T06:10:18Z
2025-07-31,08:30,2025-07-31T12:30:00Z,Employment Cost Index for Second Quarter 2025,employment_cost_index,Second Quarter 2025,https://www.bls.gov/schedule/2025/home.htm,2026-10-05T06:10:18Z
2025-08-01,08:30,2025-08-01T12:30:00Z,Employment Situation for July 2025,employment_situation,July 2025,https://www.bls.gov/schedule/2025/home.htm,2026-10-05T06:10:18Z
2025-08-07,08:30,2025-08-07T12:30:00Z,Productivity and Costs (P) for Second Quarter 2025,productivity_costs,Second Quarter 2025,https://www.bls.gov/schedule/2025/home.htm,2026-10-05T06:10:18Z
2025-08-12,08:30,2025-08-12T12:30:00Z,Consumer Price Index for July 2025,cpi,July 2025,https://www.bls.gov/schedule/2025/home.htm,2026-10-05T06:10:18Z
2025-08-12,08:30,2025-08-12T12:30:00Z,Real Earnings for July 2025,real_earnings,July 2025,https://www.bls.gov/schedule/2025/home.htm,2026-10-05T06:10:18Z
2025-08-13,10:00,2025-08-13T14:00:00Z,State Job Openings and Labor Turnover for June 2025,other_bls,June 2025,https://www.bls.gov/schedule/2025/home.htm,2026-10-05T06:10:18Z
2025-08-14,08:30,2025-08-14T12:30:00Z,Producer Price Index for July 2025,ppi,July 2025,https://www.bls.gov/schedule/2025/home.htm,2026-10-05T06:10:18Z
2025-08-15,08:30,2025-08-15T12:30:00Z,U.S. Import and Export Price Indexes for July 2025,import_export_prices,July 2025,https://www.bls.gov/schedule/2025/home.htm,2026-10-05T06:10:18Z
2025-08-19,10:00,2025-08-19T14:00:00Z,State Employment and Unemployment (Monthly) for July 2025,other_bls,July 2025,https://www.bls.gov/schedule/2025/home.htm,2026-10-05T06:10:18Z
2025-08-21,10:00,2025-08-21T14:00:00Z,Summer Youth Labor Force for Annual 2025,other_bls,Annual 2025,https://www.bls.gov/schedule/2025/home.htm,2026-10-05T06:10:18Z
2025-08-26,10:00,2025-08-26T14:00:00Z,"Number of Jobs, Labor Market Experience, Marital Status, and Health for those Born 1957-1964 for Biennial",other_bls,those Born 1957-1964 for Biennial,https://www.bls.gov/schedule/2025/home.htm,2026-10-05T06:10:18Z
2025-08-27,10:00,2025-08-27T14:00:00Z,Metropolitan Area Employment and Unemployment (Monthly) for July 2025,other_bls,July 2025,https://www.bls.gov/schedule/2025/home.htm,2026-10-05T06:10:18Z
2025-08-28,10:00,2025-08-28T14:00:00Z,Employment Projections and Occupational Outlook Handbook for Annual 2024-2034,other_bls,Annual 2024-2034,https://www.bls.gov/schedule/2025/home.htm,2026-10-05T06:10:18Z
2025-08-28,10:00,2025-08-28T14:00:00Z,Total Factor Productivity for Detailed Industries for Annual 2022,other_bls,Detailed Industries for Annual 2022,https://www.bls.gov/schedule/2025/home.htm,2026-10-05T06:10:18Z
2025-09-03,10:00,2025-09-03T14:00:00Z,Job Openings and Labor Turnover Survey for July 2025,jolts,July 2025,https://www.bls.gov/schedule/2025/home.htm,2026-10-05T06:10:18Z
2025-09-04,08:30,2025-09-04T12:30:00Z,Productivity and Costs (R) for Second Quarter 2025,productivity_costs,Second Quarter 2025,https://www.bls.gov/schedule/2025/home.htm,2026-10-05T06:10:18Z
2025-09-05,08:30,2025-09-05T12:30:00Z,Employment Situation for August 2025,employment_situation,August 2025,https://www.bls.gov/schedule/2025/home.htm,2026-10-05T06:10:18Z
2025-09-09,10:00,2025-09-09T14:00:00Z,County Employment and Wages for First Quarter 2025,other_bls,First Quarter 2025,https://www.bls.gov/schedule/2025/home.htm,2026-10-05T06:10:18Z
2025-09-09,10:00,2025-09-09T14:00:00Z,Current Employment Statistics Preliminary Benchmark (National) for March 2025,other_bls,March 2025,https://www.bls.gov/schedule/2025/home.htm,2026-10-05T06:10:18Z
2025-09-09,10:00,2025-09-09T14:00:00Z,Current Employment Statistics Preliminary Benchmark (State and Area) for March 2025,other_bls,March 2025,https://www.bls.gov/schedule/2025/home.htm,2026-10-05T06:10:18Z
2025-09-10,08:30,2025-09-10T12:30:00Z,Producer Price Index for August 2025,ppi,August 2025,https://www.bls.gov/schedule/2025/home.htm,2026-10-05T06:10:18Z
2025-09-11,08:30,2025-09-11T12:30:00Z,Consumer Price Index for August 2025,cpi,August 2025,https://www.bls.gov/schedule/2025/home.htm,2026-10-05T06:10:18Z
2025-09-11,08:30,2025-09-11T12:30:00Z,Real Earnings for August 2025,real_earnings,August 2025,https://www.bls.gov/schedule/2025/home.htm,2026-10-05T06:10:18Z
2025-09-12,10:00,2025-09-12T14:00:00Z,Employer Costs for Employee Compensation for June 2025,other_bls,Employee Compensation for June 2025,https://www.bls.gov/schedule/2025/home.htm,2026-10-05T06:10:18Z
2025-09-16,08:30,2025-09-16T12:30:00Z,U.S. Import and Export Price Indexes for August 2025,import_export_prices,August 2025,https://www.bls.gov/schedule/2025/home.htm,2026-10-05T06:10:18Z
2025-09-17,10:00,2025-09-17T14:00:00Z,State Job Openings and Labor Turnover for July 2025,other_bls,July 2025,https://www.bls.gov/schedule/2025/home.htm,2026-10-05T06:10:18Z
2025-09-19,10:00,2025-09-19T14:00:00Z,State Employment and Unemployment (Monthly) for August 2025,other_bls,August 2025,https://www.bls.gov/schedule/2025/home.htm,2026-10-05T06:10:18Z
2025-09-25,10:00,2025-09-25T14:00:00Z,Employee Benefits in the United States for March 2025,other_bls,March 2025,https://www.bls.gov/schedule/2025/home.htm,2026-10-05T06:10:18Z
2025-09-25,10:00,2025-09-25T14:00:00Z,Unpaid Eldercare in the United States for 2023-2024,other_bls,2023-2024,https://www.bls.gov/schedule/2025/home.htm,2026-10-05T06:10:18Z
2025-09-30,10:00,2025-09-30T14:00:00Z,Job Openings and Labor Turnover Survey for August 2025,jolts,August 2025,https://www.bls.gov/schedule/2025/home.htm,2026-10-05T06:10:18Z
2025-09-30,10:00,2025-09-30T14:00:00Z,People with Health Conditions or Difficulties that Limit Work for July 2024,other_bls,July 2024,https://www.bls.gov/schedule/2025/home.htm,2026-10-05T06:10:18Z
2025-10-01,10:00,2025-10-01T14:00:00Z,Metropolitan Area Employment and Unemployment (Monthly) for August 2025,other_bls,August 2025,https://www.bls.gov/schedule/2025/home.htm,2026-10-05T06:10:18Z
2025-10-24,08:30,2025-10-24T12:30:00Z,Consumer Price Index for September 2025,cpi,September 2025,https://www.bls.gov/schedule/2025/home.htm,2026-10-05T06:10:18Z
2025-11-20,08:30,2025-11-20T13:30:00Z,Employment Situation for September 2025,employment_situation,September 2025,https://www.bls.gov/schedule/2025/home.htm,2026-10-05T06:10:18Z
2025-11-21,08:30,2025-11-21T13:30:00Z,Real Earnings for September 2025,real_earnings,September 2025,https://www.bls.gov/schedule/2025/home.htm,2026-10-05T06:10:18Z
2025-11-25,08:30,2025-11-25T13:30:00Z,Producer Price Index for September 2025,ppi,September 2025,https://www.bls.gov/schedule/2025/home.htm,2026-10-05T06:10:18Z
2025-12-02,10:00,2025-12-02T15:00:00Z,State Job Openings and Labor Turnover for August 2025,other_bls,August 2025,https://www.bls.gov/schedule/2025/home.htm,2026-10-05T06:10:18Z
2025-12-03,08:30,2025-12-03T13:30:00Z,U.S. Import and Export Price Indexes for September 2025,import_export_prices,September 2025,https://www.bls.gov/schedule/2025/home.htm,2026-10-05T06:10:18Z
2025-12-04,10:00,2025-12-04T15:00:00Z,Usual Weekly Earnings of Wage and Salary Workers for Third Quarter 2025,other_bls,Third Quarter 2025,https://www.bls.gov/schedule/2025/home.htm,2026-10-05T06:10:18Z
2025-12-09,10:00,2025-12-09T15:00:00Z,Job Openings and Labor Turnover Survey for October 2025,jolts,October 2025,https://www.bls.gov/schedule/2025/home.htm,2026-10-05T06:10:18Z
2025-12-10,08:30,2025-12-10T13:30:00Z,Employment Cost Index for Third Quarter 2025,employment_cost_index,Third Quarter 2025,https://www.bls.gov/schedule/2025/home.htm,2026-10-05T06:10:18Z
2025-12-11,10:00,2025-12-11T15:00:00Z,State Employment and Unemployment (Monthly) for September 2025,other_bls,September 2025,https://www.bls.gov/schedule/2025/home.htm,2026-10-05T06:10:18Z
2025-12-16,08:30,2025-12-16T13:30:00Z,Employment Situation for November 2025,employment_situation,November 2025,https://www.bls.gov/schedule/2025/home.htm,2026-10-05T06:10:18Z
2025-12-17,10:00,2025-12-17T15:00:00Z,Metropolitan Area Employment and Unemployment (Monthly) for September 2025,other_bls,September 2025,https://www.bls.gov/schedule/2025/home.htm,2026-10-05T06:10:18Z
2025-12-17,10:00,2025-12-17T15:00:00Z,Quarterly Data Series on Business Employment Dynamics for First Quarter 2025,other_bls,First Quarter 2025,https://www.bls.gov/schedule/2025/home.htm,2026-10-05T06:10:18Z
2025-12-18,08:30,2025-12-18T13:30:00Z,Consumer Price Index for November 2025,cpi,November 2025,https://www.bls.gov/schedule/2025/home.htm,2026-10-05T06:10:18Z
2025-12-18,08:30,2025-12-18T13:30:00Z,Real Earnings for November 2025,real_earnings,November 2025,https://www.bls.gov/schedule/2025/home.htm,2026-10-05T06:10:18Z
2025-12-19,10:00,2025-12-19T15:00:00Z,Consumer Expenditures for Annual 2024,other_bls,Annual 2024,https://www.bls.gov/schedule/2025/home.htm,2026-10-05T06:10:18Z
2025-12-19,10:00,2025-12-19T15:00:00Z,County Employment and Wages for Second Quarter 2025,other_bls,Second Quarter 2025,https://www.bls.gov/schedule/2025/home.htm,2026-10-05T06:10:18Z
2025-12-19,10:00,2025-12-19T15:00:00Z,Total Factor Productivity for Major Industries for Annual 2024,other_bls,Major Industries for Annual 2024,https://www.bls.gov/schedule/2025/home.htm,2026-10-05T06:10:18Z
2025-12-30,10:00,2025-12-30T15:00:00Z,State Job Openings and Labor Turnover for October 2025,other_bls,October 2025,https://www.bls.gov/schedule/2025/home.htm,2026-10-05T06:10:18Z
2026-01-07,10:00,2026-01-07T15:00:00Z,Job Openings and Labor Turnover Survey for November 2025,jolts,November 2025,https://www.bls.gov/schedule/2026/home.htm,2026-10-05T06:10:18Z
2026-01-07,10:00,2026-01-07T15:00:00Z,State Employment and Unemployment (Monthly) for November 2025,other_bls,November 2025,https://www.bls.gov/schedule/2026/home.htm,2026-10-05T06:10:18Z
2026-01-08,08:30,2026-01-08T13:30:00Z,Productivity and Costs (P) for Third Quarter 2025,productivity_costs,Third Quarter 2025,https://www.bls.gov/schedule/2026/home.htm,2026-10-05T06:10:18Z
2026-01-09,08:30,2026-01-09T13:30:00Z,Employment Situation for December 2025,employment_situation,December 2025,https://www.bls.gov/schedule/2026/home.htm,2026-10-05T06:10:18Z
2026-01-13,08:30,2026-01-13T13:30:00Z,Consumer Price Index for December 2025,cpi,December 2025,https://www.bls.gov/schedule/2026/home.htm,2026-10-05T06:10:18Z
2026-01-13,08:30,2026-01-13T13:30:00Z,Real Earnings for December 2025,real_earnings,December 2025,https://www.bls.gov/schedule/2026/home.htm,2026-10-05T06:10:18Z
2026-01-14,08:30,2026-01-14T13:30:00Z,Producer Price Index for November 2025,ppi,November 2025,https://www.bls.gov/schedule/2026/home.htm,2026-10-05T06:10:18Z
2026-01-15,08:30,2026-01-15T13:30:00Z,U.S. Import and Export Price Indexes for November 2025,import_export_prices,November 2025,https://www.bls.gov/schedule/2026/home.htm,2026-10-05T06:10:18Z
2026-01-16,10:00,2026-01-16T15:00:00Z,Metropolitan Area Employment and Unemployment (Monthly) for November 2025,other_bls,November 2025,https://www.bls.gov/schedule/2026/home.htm,2026-10-05T06:10:18Z
2026-01-16,10:00,2026-01-16T15:00:00Z,Occupational Requirements in the United States for Annual 2025,other_bls,Annual 2025,https://www.bls.gov/schedule/2026/home.htm,2026-10-05T06:10:18Z
2026-01-22,10:00,2026-01-22T15:00:00Z,Employer-Reported Workplace Injuries and Illnesses (Annual) for Annual 2024,other_bls,Annual 2024,https://www.bls.gov/schedule/2026/home.htm,2026-10-05T06:10:18Z
2026-01-22,10:00,2026-01-22T15:00:00Z,Work Experience of the Population (Annual) for Annual 2024,other_bls,Annual 2024,https://www.bls.gov/schedule/2026/home.htm,2026-10-05T06:10:18Z
2026-01-27,10:00,2026-01-27T15:00:00Z,State Employment and Unemployment (Monthly) for December 2025,other_bls,December 2025,https://www.bls.gov/schedule/2026/home.htm,2026-10-05T06:10:18Z
2026-01-27,10:00,2026-01-27T15:00:00Z,State Job Openings and Labor Turnover for November 2025,other_bls,November 2025,https://www.bls.gov/schedule/2026/home.htm,2026-10-05T06:10:18Z
2026-01-28,10:00,2026-01-28T15:00:00Z,Usual Weekly Earnings of Wage and Salary Workers for Annual 2025,other_bls,Annual 2025,https://www.bls.gov/schedule/2026/home.htm,2026-10-05T06:10:18Z
2026-01-29,08:30,2026-01-29T13:30:00Z,Productivity and Costs (R) for Third Quarter 2025,productivity_costs,Third Quarter 2025,https://www.bls.gov/schedule/2026/home.htm,2026-10-05T06:10:18Z
2026-01-30,08:30,2026-01-30T13:30:00Z,Producer Price Index for December 2025,ppi,December 2025,https://www.bls.gov/schedule/2026/home.htm,2026-10-05T06:10:18Z
2026-02-05,10:00,2026-02-05T15:00:00Z,Job Openings and Labor Turnover Survey for December 2025,jolts,December 2025,https://www.bls.gov/schedule/2026/home.htm,2026-10-05T06:10:18Z
2026-02-06,10:00,2026-02-06T15:00:00Z,Metropolitan Area Employment and Unemployment (Monthly) for December 2025,other_bls,December 2025,https://www.bls.gov/schedule/2026/home.htm,2026-10-05T06:10:18Z
2026-02-10,08:30,2026-02-10T13:30:00Z,Employment Cost Index for Fourth Quarter 2025,employment_cost_index,Fourth Quarter 2025,https://www.bls.gov/schedule/2026/home.htm,2026-10-05T06:10:18Z
2026-02-10,08:30,2026-02-10T13:30:00Z,U.S. Import and Export Price Indexes for December 2025,import_export_prices,December 2025,https://www.bls.gov/schedule/2026/home.htm,2026-10-05T06:10:18Z
2026-02-11,08:30,2026-02-11T13:30:00Z,Employment Situation for January 2026,employment_situation,January 2026,https://www.bls.gov/schedule/2026/home.htm,2026-10-05T06:10:18Z
2026-02-13,08:30,2026-02-13T13:30:00Z,Consumer Price Index for January 2026,cpi,January 2026,https://www.bls.gov/schedule/2026/home.htm,2026-10-05T06:10:18Z
2026-02-13,08:30,2026-02-13T13:30:00Z,Real Earnings for January 2026,real_earnings,January 2026,https://www.bls.gov/schedule/2026/home.htm,2026-10-05T06:10:18Z
2026-02-18,10:00,2026-02-18T15:00:00Z,Union Membership (Annual) for Annual 2025,other_bls,Annual 2025,https://www.bls.gov/schedule/2026/home.htm,2026-10-05T06:10:18Z
2026-02-19,10:00,2026-02-19T15:00:00Z,Census of Fatal Occupational Injuries for Annual 2024,other_bls,Annual 2024,https://www.bls.gov/schedule/2026/home.htm,2026-10-05T06:10:18Z
2026-02-19,10:00,2026-02-19T15:00:00Z,State Job Openings and Labor Turnover for December 2025,other_bls,December 2025,https://www.bls.gov/schedule/2026/home.htm,2026-10-05T06:10:18Z
2026-02-20,10:00,2026-02-20T15:00:00Z,Major Work Stoppages (Annual) for Annual 2025,other_bls,Annual 2025,https://www.bls.gov/schedule/2026/home.htm,2026-10-05T06:10:18Z
2026-02-24,10:00,2026-02-24T15:00:00Z,Employer Costs for Employee Compensation for September 2025,other_bls,Employee Compensation for September 2025,https://www.bls.gov/schedule/2026/home.htm,2026-10-05T06:10:18Z
2026-02-26,10:00,2026-02-26T15:00:00Z,Quarterly Data Series on Business Employment Dynamics for Second Quarter 2025,other_bls,Second Quarter 2025,https://www.bls.gov/schedule/2026/home.htm,2026-10-05T06:10:18Z
2026-02-27,08:30,2026-02-27T13:30:00Z,Producer Price Index for January 2026,ppi,January 2026,https://www.bls.gov/schedule/2026/home.htm,2026-10-05T06:10:18Z
2026-03-03,10:00,2026-03-03T15:00:00Z,People with a Disability: Labor Force Characteristics for Annual 2025,other_bls,Annual 2025,https://www.bls.gov/schedule/2026/home.htm,2026-10-05T06:10:18Z
2026-03-05,08:30,2026-03-05T13:30:00Z,Productivity and Costs (P) for Fourth Quarter 2025,productivity_costs,Fourth Quarter 2025,https://www.bls.gov/schedule/2026/home.htm,2026-10-05T06:10:18Z
2026-03-05,08:30,2026-03-05T13:30:00Z,U.S. Import and Export Price Indexes for January 2026,import_export_prices,January 2026,https://www.bls.gov/schedule/2026/home.htm,2026-10-05T06:10:18Z
2026-03-06,08:30,2026-03-06T13:30:00Z,Employment Situation for February 2026,employment_situation,February 2026,https://www.bls.gov/schedule/2026/home.htm,2026-10-05T06:10:18Z
2026-03-10,10:00,2026-03-10T14:00:00Z,County Employment and Wages for Third Quarter 2025,other_bls,Third Quarter 2025,https://www.bls.gov/schedule/2026/home.htm,2026-10-05T06:10:18Z
2026-03-11,08:30,2026-03-11T12:30:00Z,Consumer Price Index for February 2026,cpi,February 2026,https://www.bls.gov/schedule/2026/home.htm,2026-10-05T06:10:18Z
2026-03-11,08:30,2026-03-11T12:30:00Z,Real Earnings for February 2026,real_earnings,February 2026,https://www.bls.gov/schedule/2026/home.htm,2026-10-05T06:10:18Z
2026-03-13,10:00,2026-03-13T14:00:00Z,Job Openings and Labor Turnover Survey for January 2026,jolts,January 2026,https://www.bls.gov/schedule/2026/home.htm,2026-10-05T06:10:18Z
2026-03-18,08:30,2026-03-18T12:30:00Z,Producer Price Index for February 2026,ppi,February 2026,https://www.bls.gov/schedule/2026/home.htm,2026-10-05T06:10:18Z
2026-03-19,10:00,2026-03-19T14:00:00Z,Total Factor Productivity for Annual 2025,other_bls,Annual 2025,https://www.bls.gov/schedule/2026/home.htm,2026-10-05T06:10:18Z
2026-03-20,10:00,2026-03-20T14:00:00Z,Employer Costs for Employee Compensation for December 2025,other_bls,Employee Compensation for December 2025,https://www.bls.gov/schedule/2026/home.htm,2026-10-05T06:10:18Z
2026-03-24,08:30,2026-03-24T12:30:00Z,Productivity and Costs (R) for Fourth Quarter 2025,productivity_costs,Fourth Quarter 2025,https://www.bls.gov/schedule/2026/home.htm,2026-10-05T06:10:18Z
2026-03-25,08:30,2026-03-25T12:30:00Z,U.S. Import and Export Price Indexes for February 2026,import_export_prices,February 2026,https://www.bls.gov/schedule/2026/home.htm,2026-10-05T06:10:18Z
2026-03-31,10:00,2026-03-31T14:00:00Z,Job Openings and Labor Turnover Survey for February 2026,jolts,February 2026,https://www.bls.gov/schedule/2026/home.htm,2026-10-05T06:10:18Z
2026-04-03,08:30,2026-04-03T12:30:00Z,Employment Situation for March 2026,employment_situation,March 2026,https://www.bls.gov/schedule/2026/home.htm,2026-10-05T06:10:18Z
2026-04-08,10:00,2026-04-08T14:00:00Z,State Employment and Unemployment (Monthly) for January 2026,other_bls,January 2026,https://www.bls.gov/schedule/2026/home.htm,2026-10-05T06:10:18Z
2026-04-10,08:30,2026-04-10T12:30:00Z,Consumer Price Index for March 2026,cpi,March 2026,https://www.bls.gov/schedule/2026/home.htm,2026-10-05T06:10:18Z
2026-04-10,08:30,2026-04-10T12:30:00Z,Real Earnings for March 2026,real_earnings,March 2026,https://www.bls.gov/schedule/2026/home.htm,2026-10-05T06:10:18Z
2026-04-14,08:30,2026-04-14T12:30:00Z,Producer Price Index for March 2026,ppi,March 2026,https://www.bls.gov/schedule/2026/home.htm,2026-10-05T06:10:18Z
2026-04-15,08:30,2026-04-15T12:30:00Z,U.S. Import and Export Price Indexes for March 2026,import_export_prices,March 2026,https://www.bls.gov/schedule/2026/home.htm,2026-10-05T06:10:18Z
2026-04-16,10:00,2026-04-16T14:00:00Z,Metropolitan Area Employment and Unemployment (Monthly) for January 2026,other_bls,January 2026,https://www.bls.gov/schedule/2026/home.htm,2026-10-05T06:10:18Z
2026-04-16,10:00,2026-04-16T14:00:00Z,Usual Weekly Earnings of Wage and Salary Workers for First Quarter 2026,other_bls,First Quarter 2026,https://www.bls.gov/schedule/2026/home.htm,2026-10-05T06:10:18Z
2026-04-22,10:00,2026-04-22T14:00:00Z,State Employment and Unemployment (Monthly) for February 2026,other_bls,February 2026,https://www.bls.gov/schedule/2026/home.htm,2026-10-05T06:10:18Z
2026-04-23,10:00,2026-04-23T14:00:00Z,Employment Characteristics of Families for Annual 2025,other_bls,Annual 2025,https://www.bls.gov/schedule/2026/home.htm,2026-10-05T06:10:18Z
2026-04-28,10:00,2026-04-28T14:00:00Z,Employment Situation of Veterans for Annual 2025,employment_situation,Annual 2025,https://www.bls.gov/schedule/2026/home.htm,2026-10-05T06:10:18Z
2026-04-29,10:00,2026-04-29T14:00:00Z,Metropolitan Area Employment and Unemployment (Monthly) for February 2026,other_bls,February 2026,https://www.bls.gov/schedule/2026/home.htm,2026-10-05T06:10:18Z
2026-04-29,10:00,2026-04-29T14:00:00Z,Quarterly Data Series on Business Employment Dynamics for Third Quarter 2025,other_bls,Third Quarter 2025,https://www.bls.gov/schedule/2026/home.htm,2026-10-05T06:10:18Z
2026-04-30,08:30,2026-04-30T12:30:00Z,Employment Cost Index for First Quarter 2026,employment_cost_index,First Quarter 2026,https://www.bls.gov/schedule/2026/home.htm,2026-10-05T06:10:18Z
2026-05-05,10:00,2026-05-05T14:00:00Z,Job Openings and Labor Turnover Survey for March 2026,jolts,March 2026,https://www.bls.gov/schedule/2026/home.htm,2026-10-05T06:10:18Z
2026-05-05,10:00,2026-05-05T14:00:00Z,"Labor Market Experience, Education, Partner Status, and Health for those Born 1980-1984 for Biennial",other_bls,those Born 1980-1984 for Biennial,https://www.bls.gov/schedule/2026/home.htm,2026-10-05T06:10:18Z
2026-05-06,10:00,2026-05-06T14:00:00Z,State Employment and Unemployment (Monthly) for March 2026,other_bls,March 2026,https://www.bls.gov/schedule/2026/home.htm,2026-10-05T06:10:18Z
2026-05-07,08:30,2026-05-07T12:30:00Z,Productivity and Costs (P) for First Quarter 2026,productivity_costs,First Quarter 2026,https://www.bls.gov/schedule/2026/home.htm,2026-10-05T06:10:18Z
2026-05-08,08:30,2026-05-08T12:30:00Z,Employment Situation for April 2026,employment_situation,April 2026,https://www.bls.gov/schedule/2026/home.htm,2026-10-05T06:10:18Z
2026-05-12,08:30,2026-05-12T12:30:00Z,Consumer Price Index for April 2026,cpi,April 2026,https://www.bls.gov/schedule/2026/home.htm,2026-10-05T06:10:18Z
2026-05-12,08:30,2026-05-12T12:30:00Z,Real Earnings for April 2026,real_earnings,April 2026,https://www.bls.gov/schedule/2026/home.htm,2026-10-05T06:10:18Z
2026-05-13,08:30,2026-05-13T12:30:00Z,Producer Price Index for April 2026,ppi,April 2026,https://www.bls.gov/schedule/2026/home.htm,2026-10-05T06:10:18Z
2026-05-14,08:30,2026-05-14T12:30:00Z,U.S. Import and Export Price Indexes for April 2026,import_export_prices,April 2026,https://www.bls.gov/schedule/2026/home.htm,2026-10-05T06:10:18Z
2026-05-15,10:00,2026-05-15T14:00:00Z,Occupational Employment and Wages for Annual 2025,other_bls,Annual 2025,https://www.bls.gov/schedule/2026/home.htm,2026-10-05T06:10:18Z
2026-05-19,10:00,2026-05-19T14:00:00Z,Labor Force Characteristics of Foreign-born Workers for Annual 2025,other_bls,Annual 2025,https://www.bls.gov/schedule/2026/home.htm,2026-10-05T06:10:18Z
2026-05-19,10:00,2026-05-19T14:00:00Z,Metropolitan Area Employment and Unemployment (Monthly) for March 2026,other_bls,March 2026,https://www.bls.gov/schedule/2026/home.htm,2026-10-05T06:10:18Z
2026-05-22,10:00,2026-05-22T14:00:00Z,State Employment and Unemployment (Monthly) for April 2026,other_bls,April 2026,https://www.bls.gov/schedule/2026/home.htm,2026-10-05T06:10:18Z
2026-05-28,10:00,2026-05-28T14:00:00Z,Productivity and Costs by Industry: Wholesale Trade and Retail Trade for Annual 2025,productivity_costs,Annual 2025,https://www.bls.gov/schedule/2026/home.htm,2026-10-05T06:10:18Z
2026-05-28,10:00,2026-05-28T14:00:00Z,Productivity by State for Annual 2025,other_bls,Annual 2025,https://www.bls.gov/schedule/2026/home.htm,2026-10-05T06:10:18Z
2026-06-02,10:00,2026-06-02T14:00:00Z,County Employment and Wages for Fourth Quarter 2025,other_bls,Fourth Quarter 2025,https://www.bls.gov/schedule/2026/home.htm,2026-10-05T06:10:18Z
2026-06-02,10:00,2026-06-02T14:00:00Z,Job Openings and Labor Turnover Survey for April 2026,jolts,April 2026,https://www.bls.gov/schedule/2026/home.htm,2026-10-05T06:10:18Z
2026-06-03,10:00,2026-06-03T14:00:00Z,Metropolitan Area Employment and Unemployment (Monthly) for April 2026,other_bls,April 2026,https://www.bls.gov/schedule/2026/home.htm,2026-10-05T06:10:18Z
2026-06-04,08:30,2026-06-04T12:30:00Z,Productivity and Costs (R) for First Quarter 2026,productivity_costs,First Quarter 2026,https://www.bls.gov/schedule/2026/home.htm,2026-10-05T06:10:18Z
2026-06-05,08:30,2026-06-05T12:30:00Z,Employment Situation for May 2026,employment_situation,May 2026,https://www.bls.gov/schedule/2026/home.htm,2026-10-05T06:10:18Z
2026-06-10,08:30,2026-06-10T12:30:00Z,Consumer Price Index for May 2026,cpi,May 2026,https://www.bls.gov/schedule/2026/home.htm,2026-10-05T06:10:18Z
2026-06-10,08:30,2026-06-10T12:30:00Z,Real Earnings for May 2026,real_earnings,May 2026,https://www.bls.gov/schedule/2026/home.htm,2026-10-05T06:10:18Z
2026-06-11,08:30,2026-06-11T12:30:00Z,Producer Price Index for May 2026,ppi,May 2026,https://www.bls.gov/schedule/2026/home.htm,2026-10-05T06:10:18Z
2026-06-12,10:00,2026-06-12T14:00:00Z,Employer Costs for Employee Compensation for March 2026,other_bls,Employee Compensation for March 2026,https://www.bls.gov/schedule/2026/home.htm,2026-10-05T06:10:18Z
2026-06-16,08:30,2026-06-16T12:30:00Z,U.S. Import and Export Price Indexes for May 2026,import_export_prices,May 2026,https://www.bls.gov/schedule/2026/home.htm,2026-10-05T06:10:18Z
2026-06-23,10:00,2026-06-23T14:00:00Z,State Employment and Unemployment (Monthly) for May 2026,other_bls,May 2026,https://www.bls.gov/schedule/2026/home.htm,2026-10-05T06:10:18Z
2026-06-24,10:00,2026-06-24T14:00:00Z,Productivity and Costs by Industry: Manufacturing and Mining Industries for Annual 2025,productivity_costs,Annual 2025,https://www.bls.gov/schedule/2026/home.htm,2026-10-05T06:10:18Z
2026-06-24,10:00,2026-06-24T14:00:00Z,Total Factor Productivity for Detailed Industries for Annual 2023,other_bls,Detailed Industries for Annual 2023,https://www.bls.gov/schedule/2026/home.htm,2026-10-05T06:10:18Z
2026-06-25,10:00,2026-06-25T14:00:00Z,American Time Use Survey for Annual 2025,other_bls,Annual 2025,https://www.bls.gov/schedule/2026/home.htm,2026-10-05T06:10:18Z
2026-06-30,10:00,2026-06-30T14:00:00Z,Job Openings and Labor Turnover Survey for May 2026,jolts,May 2026,https://www.bls.gov/schedule/2026/home.htm,2026-10-05T06:10:18Z
2026-07-01,10:00,2026-07-01T14:00:00Z,Metropolitan Area Employment and Unemployment (Monthly) for May 2026,other_bls,May 2026,https://www.bls.gov/schedule/2026/home.htm,2026-10-05T06:10:18Z
2026-07-02,08:30,2026-07-02T12:30:00Z,Employment Situation for June 2026,employment_situation,June 2026,https://www.bls.gov/schedule/2026/home.htm,2026-10-05T06:10:18Z
2026-07-14,08:30,2026-07-14T12:30:00Z,Consumer Price Index for June 2026,cpi,June 2026,https://www.bls.gov/schedule/2026/home.htm,2026-10-05T06:10:18Z
2026-07-14,08:30,2026-07-14T12:30:00Z,Real Earnings for June 2026,real_earnings,June 2026,https://www.bls.gov/schedule/2026/home.htm,2026-10-05T06:10:18Z
2026-07-15,08:30,2026-07-15T12:30:00Z,Producer Price Index for June 2026,ppi,June 2026,https://www.bls.gov/schedule/2026/home.htm,2026-10-05T06:10:18Z
2026-07-17,08:30,2026-07-17T12:30:00Z,U.S. Import and Export Price Indexes for June 2026,import_export_prices,June 2026,https://www.bls.gov/schedule/2026/home.htm,2026-10-05T06:10:18Z
2026-07-21,10:00,2026-07-21T14:00:00Z,State Employment and Unemployment (Monthly) for June 2026,other_bls,June 2026,https://www.bls.gov/schedule/2026/home.htm,2026-10-05T06:10:18Z
2026-07-21,10:00,2026-07-21T14:00:00Z,Usual Weekly Earnings of Wage and Salary Workers for Second Quarter 2026,other_bls,Second Quarter 2026,https://www.bls.gov/schedule/2026/home.htm,2026-10-05T06:10:18Z
2026-07-22,10:00,2026-07-22T14:00:00Z,State Job Openings and Labor Turnover for Annual 2025,other_bls,Annual 2025,https://www.bls.gov/schedule/2026/home.htm,2026-10-05T06:10:18Z
2026-07-29,10:00,2026-07-29T14:00:00Z,Metropolitan Area Employment and Unemployment (Monthly) for June 2026,other_bls,June 2026,https://www.bls.gov/schedule/2026/home.htm,2026-10-05T06:10:18Z
2026-07-29,10:00,2026-07-29T14:00:00Z,Quarterly Data Series on Business Employment Dynamics for Fourth Quarter 2025,other_bls,Fourth Quarter 2025,https://www.bls.gov/schedule/2026/home.htm,2026-10-05T06:10:18Z
2026-07-31,08:30,2026-07-31T12:30:00Z,Employment Cost Index for Second Quarter 2026,employment_cost_index,Second Quarter 2026,https://www.bls.gov/schedule/2026/home.htm,2026-10-05T06:10:18Z
2026-08-04,10:00,2026-08-04T14:00:00Z,Job Openings and Labor Turnover Survey for June 2026,jolts,June 2026,https://www.bls.gov/schedule/2026/home.htm,2026-10-05T06:10:18Z
2026-08-06,08:30,2026-08-06T12:30:00Z,Productivity and Costs (P) for Second Quarter 2026,productivity_costs,Second Quarter 2026,https://www.bls.gov/schedule/2026/home.htm,2026-10-05T06:10:18Z
2026-08-07,08:30,2026-08-07T12:30:00Z,Employment Situation for July 2026,employment_situation,July 2026,https://www.bls.gov/schedule/2026/home.htm,2026-10-05T06:10:18Z
2026-08-12,08:30,2026-08-12T12:30:00Z,Consumer Price Index for July 2026,cpi,July 2026,https://www.bls.gov/schedule/2026/home.htm,2026-10-05T06:10:18Z
2026-08-12,08:30,2026-08-12T12:30:00Z,Real Earnings for July 2026,real_earnings,July 2026,https://www.bls.gov/schedule/2026/home.htm,2026-10-05T06:10:18Z
2026-08-13,08:30,2026-08-13T12:30:00Z,Producer Price Index for July 2026,ppi,July 2026,https://www.bls.gov/schedule/2026/home.htm,2026-10-05T06:10:18Z
2026-08-18,08:30,2026-08-18T12:30:00Z,U.S. Import and Export Price Indexes for July 2026,import_export_prices,July 2026,https://www.bls.gov/schedule/2026/home.htm,2026-10-05T06:10:18Z
2026-08-20,10:00,2026-08-20T14:00:00Z,Summer Youth Labor Force for Annual 2026,other_bls,Annual 2026,https://www.bls.gov/schedule/2026/home.htm,2026-10-05T06:10:18Z
2026-08-21,10:00,2026-08-21T14:00:00Z,State Employment and Unemployment (Monthly) for July 2026,other_bls,July 2026,https://www.bls.gov/schedule/2026/home.htm,2026-10-05T06:10:18Z
2026-08-26,10:00,2026-08-26T14:00:00Z,Access to and Use of Leave for 2024-2025,other_bls,2024-2025,https://www.bls.gov/schedule/2026/home.htm,2026-10-05T06:10:18Z
2026-08-26,10:00,2026-08-26T14:00:00Z,Productivity and Costs by Industry: Selected Service-Providing Industries for Annual 2025,productivity_costs,Annual 2025,https://www.bls.gov/schedule/2026/home.htm,2026-10-05T06:10:18Z
2026-08-27,10:00,2026-08-27T14:00:00Z,Employment Projections and Occupational Outlook Handbook for 2025-2035,other_bls,2025-2035,https://www.bls.gov/schedule/2026/home.htm,2026-10-05T06:10:18Z
2026-08-27,10:00,2026-08-27T14:00:00Z,Worker Displacement for 2023-2025,other_bls,2023-2025,https://www.bls.gov/schedule/2026/home.htm,2026-10-05T06:10:18Z
2026-08-28,10:00,2026-08-28T14:00:00Z,County Employment and Wages for First Quarter 2026,other_bls,First Quarter 2026,https://www.bls.gov/schedule/2026/home.htm,2026-10-05T06:10:18Z
2026-08-28,10:00,2026-08-28T14:00:00Z,Current Employment Statistics Preliminary Benchmark (National) for March 2026,other_bls,March 2026,https://www.bls.gov/schedule/2026/home.htm,2026-10-05T06:10:18Z
2026-08-28,10:00,2026-08-28T14:00:00Z,Current Employment Statistics Preliminary Benchmark (State and Area) for March 2026,other_bls,March 2026,https://www.bls.gov/schedule/2026/home.htm,2026-10-05T06:10:18Z
2026-09-01,10:00,2026-09-01T14:00:00Z,Job Openings and Labor Turnover Survey for July 2026,jolts,July 2026,https://www.bls.gov/schedule/2026/home.htm,2026-10-05T06:10:18Z
2026-09-02,10:00,2026-09-02T14:00:00Z,Metropolitan Area Employment and Unemployment (Monthly) for July 2026,other_bls,July 2026,https://www.bls.gov/schedule/2026/home.htm,2026-10-05T06:10:18Z
2026-09-03,08:30,2026-09-03T12:30:00Z,Productivity and Costs (R) for Second Quarter 2026,productivity_costs,Second Quarter 2026,https://www.bls.gov/schedule/2026/home.htm,2026-10-05T06:10:18Z
2026-09-04,08:30,2026-09-04T12:30:00Z,Employment Situation for August 2026,employment_situation,August 2026,https://www.bls.gov/schedule/2026/home.htm,2026-10-05T06:10:18Z
2026-09-09,10:00,2026-09-09T14:00:00Z,Employer Costs for Employee Compensation for June 2026,other_bls,Employee Compensation for June 2026,https://www.bls.gov/schedule/2026/home.htm,2026-10-05T06:10:18Z
2026-09-10,08:30,2026-09-10T12:30:00Z,Producer Price Index for August 2026,ppi,August 2026,https://www.bls.gov/schedule/2026/home.htm,2026-10-05T06:10:18Z
2026-09-11,08:30,2026-09-11T12:30:00Z,Consumer Price Index for August 2026,cpi,August 2026,https://www.bls.gov/schedule/2026/home.htm,2026-10-05T06:10:18Z
2026-09-11,08:30,2026-09-11T12:30:00Z,Real Earnings for August 2026,real_earnings,August 2026,https://www.bls.gov/schedule/2026/home.htm,2026-10-05T06:10:18Z
2026-09-16,08:30,2026-09-16T12:30:00Z,U.S. Import and Export Price Indexes for August 2026,import_export_prices,August 2026,https://www.bls.gov/schedule/2026/home.htm,2026-10-05T06:10:18Z
2026-09-18,10:00,2026-09-18T14:00:00Z,State Employment and Unemployment (Monthly) for August 2026,other_bls,August 2026,https://www.bls.gov/schedule/2026/home.htm,2026-10-05T06:10:18Z
2026-09-24,10:00,2026-09-24T14:00:00Z,Employee Tenure for Biennial 2026,other_bls,Biennial 2026,https://www.bls.gov/schedule/2026/home.htm,2026-10-05T06:10:18Z
2026-09-24,10:00,2026-09-24T14:00:00Z,Job Flexibilities and Work Schedules for 2024-2025,other_bls,2024-2025,https://www.bls.gov/schedule/2026/home.htm,2026-10-05T06:10:18Z
2026-09-25,10:00,2026-09-25T14:00:00Z,Employee Benefits in the United States for March 2026,other_bls,March 2026,https://www.bls.gov/schedule/2026/home.htm,2026-10-05T06:10:18Z
2026-09-29,10:00,2026-09-29T14:00:00Z,Job Openings and Labor Turnover Survey for August 2026,jolts,August 2026,https://www.bls.gov/schedule/2026/home.htm,2026-10-05T06:10:18Z
2026-09-30,10:00,2026-09-30T14:00:00Z,Metropolitan Area Employment and Unemployment (Monthly) for August 2026,other_bls,August 2026,https://www.bls.gov/schedule/2026/home.htm,2026-10-05T06:10:18Z
2026-10-02,08:30,2026-10-02T12:30:00Z,Employment Situation for September 2026,employment_situation,September 2026,https://www.bls.gov/schedule/2026/home.htm,2026-10-05T06:10:18Z
2026-10-14,08:30,2026-10-14T12:30:00Z,Consumer Price Index for September 2026,cpi,September 2026,https://www.bls.gov/schedule/2026/home.htm,2026-10-05T06:10:18Z
2026-10-14,08:30,2026-10-14T12:30:00Z,Real Earnings for September 2026,real_earnings,September 2026,https://www.bls.gov/schedule/2026/home.htm,2026-10-05T06:10:18Z
2026-10-15,08:30,2026-10-15T12:30:00Z,Producer Price Index for September 2026,ppi,September 2026,https://www.bls.gov/schedule/2026/home.htm,2026-10-05T06:10:18Z
2026-10-16,08:30,2026-10-16T12:30:00Z,U.S. Import and Export Price Indexes for September 2026,import_export_prices,September 2026,https://www.bls.gov/schedule/2026/home.htm,2026-10-05T06:10:18Z
2026-10-20,10:00,2026-10-20T14:00:00Z,State Employment and Unemployment (Monthly) for September 2026,other_bls,September 2026,https://www.bls.gov/schedule/2026/home.htm,2026-10-05T06:10:18Z
2026-10-21,10:00,2026-10-21T14:00:00Z,Usual Weekly Earnings of Wage and Salary Workers for Third Quarter 2026,other_bls,Third Quarter 2026,https://www.bls.gov/schedule/2026/home.htm,2026-10-05T06:10:18Z
2026-10-28,10:00,2026-10-28T14:00:00Z,Metropolitan Area Employment and Unemployment (Monthly) for September 2026,other_bls,September 2026,https://www.bls.gov/schedule/2026/home.htm,2026-10-05T06:10:18Z
2026-10-28,10:00,2026-10-28T14:00:00Z,Quarterly Data Series on Business Employment Dynamics for First Quarter 2026,other_bls,First Quarter 2026,https://www.bls.gov/schedule/2026/home.htm,2026-10-05T06:10:18Z
2026-10-29,10:00,2026-10-29T14:00:00Z,Consumer Expenditures for Annual 2025,other_bls,Annual 2025,https://www.bls.gov/schedule/2026/home.htm,2026-10-05T06:10:18Z
2026-10-30,08:30,2026-10-30T12:30:00Z,Employment Cost Index for Third Quarter 2026,employment_cost_index,Third Quarter 2026,https://www.bls.gov/schedule/2026/home.htm,2026-10-05T06:10:18Z
2026-11-03,10:00,2026-11-03T15:00:00Z,Job Openings and Labor Turnover Survey for September 2026,jolts,September 2026,https://www.bls.gov/schedule/2026/home.htm,2026-10-05T06:10:18Z
2026-11-05,08:30,2026-11-05T13:30:00Z,Productivity and Costs (P) for Third Quarter 2026,productivity_costs,Third Quarter 2026,https://www.bls.gov/schedule/2026/home.htm,2026-10-05T06:10:18Z
2026-11-06,08:30,2026-11-06T13:30:00Z,Employment Situation for October 2026,employment_situation,October 2026,https://www.bls.gov/schedule/2026/home.htm,2026-10-05T06:10:18Z
2026-11-10,08:30,2026-11-10T13:30:00Z,Consumer Price Index for October 2026,cpi,October 2026,https://www.bls.gov/schedule/2026/home.htm,2026-10-05T06:10:18Z
2026-11-10,08:30,2026-11-10T13:30:00Z,Real Earnings for October 2026,real_earnings,October 2026,https://www.bls.gov/schedule/2026/home.htm,2026-10-05T06:10:18Z
2026-11-13,08:30,2026-11-13T13:30:00Z,Producer Price Index for October 2026,ppi,October 2026,https://www.bls.gov/schedule/2026/home.htm,2026-10-05T06:10:18Z
2026-11-17,08:30,2026-11-17T13:30:00Z,U.S. Import and Export Price Indexes for October 2026,import_export_prices,October 2026,https://www.bls.gov/schedule/2026/home.htm,2026-10-05T06:10:18Z
2026-11-18,10:00,2026-11-18T15:00:00Z,Employer-Reported Workplace Injuries and Illnesses (Annual) for 2025,other_bls,2025,https://www.bls.gov/schedule/2026/home.htm,2026-10-05T06:10:18Z
2026-11-20,10:00,2026-11-20T15:00:00Z,State Employment and Unemployment (Monthly) for October 2026,other_bls,October 2026,https://www.bls.gov/schedule/2026/home.htm,2026-10-05T06:10:18Z
2026-12-01,10:00,2026-12-01T15:00:00Z,Job Openings and Labor Turnover Survey for October 2026,jolts,October 2026,https://www.bls.gov/schedule/2026/home.htm,2026-10-05T06:10:18Z
2026-12-02,10:00,2026-12-02T15:00:00Z,County Employment and Wages for Second Quarter 2026,other_bls,Second Quarter 2026,https://www.bls.gov/schedule/2026/home.htm,2026-10-05T06:10:18Z
2026-12-02,10:00,2026-12-02T15:00:00Z,Metropolitan Area Employment and Unemployment (Monthly) for October 2026,other_bls,October 2026,https://www.bls.gov/schedule/2026/home.htm,2026-10-05T06:10:18Z
2026-12-04,08:30,2026-12-04T13:30:00Z,Employment Situation for November 2026,employment_situation,November 2026,https://www.bls.gov/schedule/2026/home.htm,2026-10-05T06:10:18Z
2026-12-08,08:30,2026-12-08T13:30:00Z,Productivity and Costs (R) for Third Quarter 2026,productivity_costs,Third Quarter 2026,https://www.bls.gov/schedule/2026/home.htm,2026-10-05T06:10:18Z
2026-12-10,08:30,2026-12-10T13:30:00Z,Consumer Price Index for November 2026,cpi,November 2026,https://www.bls.gov/schedule/2026/home.htm,2026-10-05T06:10:18Z
2026-12-10,08:30,2026-12-10T13:30:00Z,Real Earnings for November 2026,real_earnings,November 2026,https://www.bls.gov/schedule/2026/home.htm,2026-10-05T06:10:18Z
2026-12-15,08:30,2026-12-15T13:30:00Z,Producer Price Index for November 2026,ppi,November 2026,https://www.bls.gov/schedule/2026/home.htm,2026-10-05T06:10:18Z
2026-12-16,10:00,2026-12-16T15:00:00Z,Census of Fatal Occupational Injuries for Annual 2025,other_bls,Annual 2025,https://www.bls.gov/schedule/2026/home.htm,2026-10-05T06:10:18Z
2026-12-16,10:00,2026-12-16T15:00:00Z,Employer Costs for Employee Compensation for September 2026,other_bls,Employee Compensation for September 2026,https://www.bls.gov/schedule/2026/home.htm,2026-10-05T06:10:18Z
2026-12-17,08:30,2026-12-17T13:30:00Z,U.S. Import and Export Price Indexes for November 2026,import_export_prices,November 2026,https://www.bls.gov/schedule/2026/home.htm,2026-10-05T06:10:18Z
2026-12-18,10:00,2026-12-18T15:00:00Z,State Employment and Unemployment (Monthly) for November 2026,other_bls,November 2026,https://www.bls.gov/schedule/2026/home.htm,2026-10-05T06:10:18Z
2026-12-18,10:00,2026-12-18T15:00:00Z,Work Experience of the Population (Annual) for 2025,other_bls,2025,https://www.bls.gov/schedule/2026/home.htm,2026-10-05T06:10:18Z
2026-12-30,10:00,2026-12-30T15:00:00Z,Metropolitan Area Employment and Unemployment (Monthly) for November 2026,other_bls,November 2026,https://www.bls.gov/schedule/2026/home.htm,2026-10-05T06:10:18Z
