kind,model,instrument,window,horizon,sample,term,coef,se,t_stat,p_value,ci_low,ci_high,r2,r2_oos_holdout,N,N_events
direction,D1,ES,+5 to +10,5m,development,const,-3.5315658314845915,2.2042875712013448,-1.6021348020212605,0.10912580360704184,-7.851890082608497,0.7887584196393145,0.011695414820182992,0.004299499652596683,63,63
direction,D1,ES,+5 to +10,5m,development,aligned_imbalance,16.254665125769066,17.798847624710998,0.9132425575238888,0.3611149859457349,-18.630435184980776,51.13976543651891,0.011695414820182992,0.004299499652596683,63,63
direction,D1,ES,+5 to +10,5m,holdout,const,-3.455660878881578,3.196494753174485,-1.08107822653227,0.27966231790118457,-9.720675471874818,2.809353714111662,0.004163040190227063,0.004299499652596683,29,29
direction,D1,ES,+5 to +10,5m,holdout,aligned_imbalance,11.728229179981902,15.80759512164153,0.7419363343843027,0.45812591022566285,-19.25408794062655,42.71054630059035,0.004163040190227063,0.004299499652596683,29,29
direction,D1,ES,+5 to +10,5m,full_sample,const,-3.5313363082271207,1.8170255319351507,-1.943470934316598,0.05195928392001963,-7.0926409098097505,0.029968293355508546,0.009533050089749251,0.004299499652596683,92,92
direction,D1,ES,+5 to +10,5m,full_sample,aligned_imbalance,15.295547076944874,14.56787733450444,1.0499502930819529,0.2937409668136348,-13.256967829881187,43.84806198377093,0.009533050089749251,0.004299499652596683,92,92
direction,D2,ES,+5 to +10,5m,development,const,-3.7610789060045513,2.278130405673175,-1.6509497861221747,0.09874882862140638,-8.226132453209598,0.7039746412004946,0.0011598462878983362,-0.0001052893575916869,63,63
direction,D2,ES,+5 to +10,5m,development,ahead_vs_behind,-1.1150274497930162,4.517249805079482,-0.2468376773272996,0.8050338502134923,-9.968674376919381,7.738619477333348,0.0011598462878983362,-0.0001052893575916869,63,63
direction,D2,ES,+5 to +10,5m,holdout,const,-3.2771666946972506,3.329056333562362,-0.9844131088014406,0.3249124352601651,-9.80199721098444,3.24766382158994,0.00017537035675452284,-0.0001052893575916869,29,29
direction,D2,ES,+5 to +10,5m,holdout,ahead_vs_behind,-0.6180365887600561,6.362964141102743,-0.09713029573241416,0.9226229220870509,-13.08921714024127,11.853143962721159,0.00017537035675452284,-0.0001052893575916869,29,29
direction,D2,ES,+5 to +10,5m,full_sample,const,-3.602662465839805,1.839676876990567,-1.9583126313644903,0.0501933395273149,-7.20836288793244,0.0030379562528293214,0.0008187526802277967,-0.0001052893575916869,92,92
direction,D2,ES,+5 to +10,5m,full_sample,ahead_vs_behind,-1.0131616492905087,3.852971542447791,-0.262955912891806,0.7925845599724797,-8.564847105945919,6.538523807364902,0.0008187526802277967,-0.0001052893575916869,92,92
direction,D3,ES,+5 to +10,5m,development,const,1.5903112064435119,7.69877366406046,0.2065668216572502,0.8363481738561773,-13.49900790024046,16.679630313127483,0.03288713118363784,0.0042634590377211845,63,63
direction,D3,ES,+5 to +10,5m,development,abs_ret_0_5m,-0.07980057526816908,0.1086389154417109,-0.7345487106872423,0.4626143840044211,-0.29272893685341483,0.13312778631707664,0.03288713118363784,0.0042634590377211845,63,63
direction,D3,ES,+5 to +10,5m,development,aligned_imbalance,18.040902021309307,14.709680730950627,1.2264645542815529,0.22002390617748568,-10.789542435436736,46.87134647805535,0.03288713118363784,0.0042634590377211845,63,63
direction,D3,ES,+5 to +10,5m,development,ahead_vs_behind,1.5127403481523642,4.989116103187032,0.30320808673625177,0.7617312866070036,-8.265747528783038,11.291228225087767,0.03288713118363784,0.0042634590377211845,63,63
direction,D3,ES,+5 to +10,5m,development,depth_ratio_5m,-3.2913161239307924,6.055664438052235,-0.5435103212207417,0.5867784864952243,-15.160200324973157,8.577568077111572,0.03288713118363784,0.0042634590377211845,63,63
direction,D3,ES,+5 to +10,5m,holdout,const,8.990890433818024,9.583237091849899,0.9381892932049403,0.34814713967785016,-9.791909121516145,27.773689989152192,0.11028358994092446,0.0042634590377211845,29,29
direction,D3,ES,+5 to +10,5m,holdout,abs_ret_0_5m,0.04257114113144356,0.15951471524398736,0.2668790842671062,0.7895622610888137,-0.270071955750934,0.3552142380138211,0.11028358994092446,0.0042634590377211845,29,29
direction,D3,ES,+5 to +10,5m,holdout,aligned_imbalance,28.27494599296849,33.92834748085175,0.8333723299941477,0.40463477504098,-38.223393124461204,94.77328511039818,0.11028358994092446,0.0042634590377211845,29,29
direction,D3,ES,+5 to +10,5m,holdout,ahead_vs_behind,4.324537958371388,10.404936211643985,0.415623687681225,0.6776853904773847,-16.068762277887455,24.71783819463023,0.11028358994092446,0.0042634590377211845,29,29
direction,D3,ES,+5 to +10,5m,holdout,depth_ratio_5m,-25.146299303682344,20.411820033641668,-1.231947923420722,0.2179685379518551,-65.15273142853317,14.86013282116848,0.11028358994092446,0.0042634590377211845,29,29
direction,D3,ES,+5 to +10,5m,full_sample,const,1.4662828712708778,4.720117739951448,0.3106454016729592,0.7560702080338676,-7.7849779018225576,10.717543644364312,0.0272251903748314,0.0042634590377211845,92,92
direction,D3,ES,+5 to +10,5m,full_sample,abs_ret_0_5m,-0.06359324925727174,0.09403237089031459,-0.6762910331321008,0.4988558847435707,-0.24789330958320088,0.12070681106865742,0.0272251903748314,0.0042634590377211845,92,92
direction,D3,ES,+5 to +10,5m,full_sample,aligned_imbalance,17.441063292015706,13.033234613277422,1.3381991354815228,0.1808315308700783,-8.10360715206886,42.98573373610027,0.0272251903748314,0.0042634590377211845,92,92
direction,D3,ES,+5 to +10,5m,full_sample,ahead_vs_behind,1.736551440615671,4.184534137063536,0.41499277667125983,0.6781471909831867,-6.464984760107253,9.938087641338594,0.0272251903748314,0.0042634590377211845,92,92
direction,D3,ES,+5 to +10,5m,full_sample,depth_ratio_5m,-4.440497138763579,4.280535640768539,-1.0373695049917444,0.29956368467319294,-12.830192829209999,3.9491985516828407,0.0272251903748314,0.0042634590377211845,92,92
size,M0,ES,+5 to +10,5m,development,const,9.62441023267035,2.3422984986024553,4.108959741216931,3.974453466334609e-05,5.033589534367295,14.215230930973405,0.07482347060655814,0.04421099893645131,63,63
size,M0,ES,+5 to +10,5m,development,abs_ret_0_5m,0.1103991380633957,0.07267384775519153,1.5191040721455293,0.12873630189557092,-0.032038986154726765,0.25283726228151815,0.07482347060655814,0.04421099893645131,63,63
size,M0,ES,+5 to +10,5m,holdout,const,8.68152379564741,3.473839371696967,2.499114917742007,0.012450392976275254,1.8729237390441043,15.490123852250715,0.03478894091702711,0.04421099893645131,29,29
size,M0,ES,+5 to +10,5m,holdout,abs_ret_0_5m,0.1347010111356189,0.09621467750996307,1.4000048082234702,0.16151187862615946,-0.05387629156804466,0.3232783138392824,0.03478894091702711,0.04421099893645131,29,29
size,M0,ES,+5 to +10,5m,full_sample,const,9.376947654901988,1.974305751650181,4.749491129762687,2.039291409369521e-06,5.507379487197353,13.246515822606623,0.06447948497490597,0.04421099893645131,92,92
size,M0,ES,+5 to +10,5m,full_sample,abs_ret_0_5m,0.11432803908791479,0.06443873343278714,1.7742130081927312,0.0760279233283006,-0.011969557649725085,0.24062563582555468,0.06447948497490597,0.04421099893645131,92,92
size,M1,ES,+5 to +10,5m,development,const,19.129191876583242,4.1220992374455285,4.640643219554712,3.473263534814163e-06,11.050025830489986,27.208357922676498,0.049641655139013974,-0.14413662097976876,63,63
size,M1,ES,+5 to +10,5m,development,depth_ratio_5m,-7.361878894874517,3.7305903288659312,-1.9733817562092022,0.04845208456885912,-14.673701580525178,-0.050056209223855674,0.049641655139013974,-0.14413662097976876,63,63
size,M1,ES,+5 to +10,5m,holdout,const,4.342029882574869,8.217868228173403,0.5283645054917093,0.5972463681940121,-11.764695874340987,20.448755639490727,0.04715376422224349,-0.14413662097976876,29,29
size,M1,ES,+5 to +10,5m,holdout,depth_ratio_5m,12.79448534231271,16.004253484434475,0.7994428077983429,0.4240336968597862,-18.573275086628527,44.16224577125395,0.04715376422224349,-0.14413662097976876,29,29
size,M1,ES,+5 to +10,5m,full_sample,const,14.944648679500258,2.9353922556763217,5.0911930596672414,3.55817504464175e-07,9.191385577876877,20.697911781123636,0.010245845180775426,-0.14413662097976876,92,92
size,M1,ES,+5 to +10,5m,full_sample,depth_ratio_5m,-3.4610113991072304,3.1158096472322194,-1.1107903854722494,0.26665858587991986,-9.567886090364832,2.6458632921503704,0.010245845180775426,-0.14413662097976876,92,92
size,M2,ES,+5 to +10,5m,development,const,38.92680435975666,16.926272900596775,2.2997859356494366,0.0214603506471283,5.751919082090666,72.10168963742265,0.06430741519734917,-0.1769769706746982,63,63
size,M2,ES,+5 to +10,5m,development,depth_ratio_5m,-8.737099723459314,4.039390875642307,-2.1629745653346855,0.03054313593529111,-16.65416035919795,-0.82003908772068,0.06430741519734917,-0.1769769706746982,63,63
size,M2,ES,+5 to +10,5m,development,spread_ratio_5m,-19.808748169075777,15.886611130780809,-1.2468831776649776,0.2124403358149679,-50.9459338217993,11.32843748364775,0.06430741519734917,-0.1769769706746982,63,63
size,M2,ES,+5 to +10,5m,holdout,const,9.648092439601921,23.508403106453592,0.4104103709602164,0.6815049397903883,-36.427530983096645,55.723715862300494,0.04967210360968599,-0.1769769706746982,29,29
size,M2,ES,+5 to +10,5m,holdout,depth_ratio_5m,12.20262644225286,14.522065770136965,0.8402817226834368,0.4007504467903624,-16.260099448337513,40.665352332843234,0.04967210360968599,-0.1769769706746982,29,29
size,M2,ES,+5 to +10,5m,holdout,spread_ratio_5m,-5.331463508180764,26.77710939525787,-0.19910526672176748,0.8421804014648315,-57.8136335329753,47.150706516613766,0.04967210360968599,-0.1769769706746982,29,29
size,M2,ES,+5 to +10,5m,full_sample,const,26.42555377024228,16.431779601423592,1.608197919594349,0.10779183867667208,-5.780142450447883,58.631249990932446,0.017578716779316328,-0.1769769706746982,92,92
size,M2,ES,+5 to +10,5m,full_sample,depth_ratio_5m,-4.169190897620469,3.0973013945081687,-1.3460720693868766,0.17827927526733967,-10.239790080122166,1.901408284881227,0.017578716779316328,-0.1769769706746982,92,92
size,M2,ES,+5 to +10,5m,full_sample,spread_ratio_5m,-11.664116302845713,16.631891988893152,-0.7013102484452797,0.4831094193475365,-44.26202559583654,20.933792990145115,0.017578716779316328,-0.1769769706746982,92,92
size,M3,ES,+5 to +10,5m,development,const,42.42767219299382,16.057796594869984,2.6421851804093888,0.008237300475889945,10.95496919597873,73.9003751900089,0.12847141165278209,-0.07277649810292575,63,63
size,M3,ES,+5 to +10,5m,development,abs_ret_0_5m,0.10803015201956553,0.07705613582872611,1.4019669018919643,0.16092513058335378,-0.042997098992564126,0.2590574030316952,0.12847141165278209,-0.07277649810292575,63,63
size,M3,ES,+5 to +10,5m,development,depth_ratio_5m,-7.049852084200882,4.058124832081458,-1.7372191285167866,0.08234849978253334,-15.003630599848195,0.9039264314464308,0.12847141165278209,-0.07277649810292575,63,63
size,M3,ES,+5 to +10,5m,development,spread_ratio_5m,-28.34320704360605,15.652710217913201,-1.810753962030783,0.07017894566938787,-59.021955331158026,2.3355412439459258,0.12847141165278209,-0.07277649810292575,63,63
size,M3,ES,+5 to +10,5m,holdout,const,9.30601244048426,24.053982876627952,0.38688031367671943,0.6988448159088254,-37.83892768244969,56.45095256341821,0.08507920688802206,-0.07277649810292575,29,29
size,M3,ES,+5 to +10,5m,holdout,abs_ret_0_5m,0.1367532755656393,0.09116230762547677,1.5001076555396609,0.1335865182159428,-0.0419215641278563,0.3154281152591349,0.08507920688802206,-0.07277649810292575,29,29
size,M3,ES,+5 to +10,5m,holdout,depth_ratio_5m,11.699184084670284,15.476568650324623,0.7559288075412564,0.4496918809987335,-18.634333074227648,42.03270124356822,0.08507920688802206,-0.07277649810292575,29,29
size,M3,ES,+5 to +10,5m,holdout,spread_ratio_5m,-7.536318307909774,27.879751700628653,-0.2703151157454476,0.7869178373980943,-62.17962753906126,47.10699092324171,0.08507920688802206,-0.07277649810292575,29,29
size,M3,ES,+5 to +10,5m,full_sample,const,28.59894609294974,16.826942576506852,1.6995925411238115,0.08920759432812801,-4.381255326927317,61.57914751282679,0.08563047295181214,-0.07277649810292575,92,92
size,M3,ES,+5 to +10,5m,full_sample,abs_ret_0_5m,0.12067732141745961,0.0653114551400176,1.8477206051946968,0.06464277156384111,-0.007330778434878268,0.24868542126979748,0.08563047295181214,-0.07277649810292575,92,92
size,M3,ES,+5 to +10,5m,full_sample,depth_ratio_5m,-3.196497083299697,2.983380832085827,-1.071434477597307,0.2839741173386904,-9.043816066355056,2.6508218997556625,0.08563047295181214,-0.07277649810292575,92,92
size,M3,ES,+5 to +10,5m,full_sample,spread_ratio_5m,-18.059029696752205,17.52313941005555,-1.0305818651644771,0.30273694390041594,-52.403751836535534,16.285692443031124,0.08563047295181214,-0.07277649810292575,92,92
direction,D1,ES,+5 to +15,10m,development,const,-1.5371689160755189,2.9442336594982423,-0.5220947430977622,0.601604366467682,-7.307760850762639,4.233423018611601,0.026276942861011565,0.014204197165791355,63,63
direction,D1,ES,+5 to +15,10m,development,aligned_imbalance,32.51047346601207,21.33118753758928,1.5240817422247561,0.12748829294285452,-9.297885855132556,74.31883278715671,0.026276942861011565,0.014204197165791355,63,63
direction,D1,ES,+5 to +15,10m,holdout,const,-5.503201501749134,3.9873679454430335,-1.3801589361820676,0.16753771429057773,-13.31829906792695,2.3118960644286837,0.03037784407409827,0.014204197165791355,29,29
direction,D1,ES,+5 to +15,10m,holdout,aligned_imbalance,37.93187504851277,33.91231857025445,1.1185279169258573,0.26334159024627957,-28.535047981434808,104.39879807846035,0.03037784407409827,0.014204197165791355,29,29
direction,D1,ES,+5 to +15,10m,full_sample,const,-2.770176345207562,2.3358311030049417,-1.1859489077116296,0.23564247715302578,-7.348321181065717,1.8079684906505933,0.024487023992518786,0.014204197165791355,92,92
direction,D1,ES,+5 to +15,10m,full_sample,aligned_imbalance,31.836935240359118,18.26120392532769,1.7434192931936068,0.08126040063614552,-3.954366767624613,67.62823724834286,0.024487023992518786,0.014204197165791355,92,92
direction,D2,ES,+5 to +15,10m,development,const,-1.9537600523933139,2.999953490801923,-0.651263447377996,0.5148764396893843,-7.833560849660295,3.926040744873668,0.025358796093932323,0.008025863602443284,63,63
direction,D2,ES,+5 to +15,10m,development,ahead_vs_behind,-6.95689295278931,6.083671960849274,-1.1435351869002048,0.2528164540634297,-18.880670889810055,4.966884984231436,0.025358796093932323,0.008025863602443284,63,63
direction,D2,ES,+5 to +15,10m,holdout,const,-4.802755797023103,3.847364435726253,-1.2483235932695063,0.21191257743939929,-12.343451526446827,2.7379399324006206,0.00607929323195644,0.008025863602443284,29,29
direction,D2,ES,+5 to +15,10m,holdout,ahead_vs_behind,-4.356736908895258,7.3816587357598005,-0.5902110981898184,0.5550491325217579,-18.824522177149934,10.111048359359419,0.00607929323195644,0.008025863602443284,29,29
direction,D2,ES,+5 to +15,10m,full_sample,const,-2.8164082124269285,2.3551458528249998,-1.1958529910360516,0.23175393254736998,-7.432409262302799,1.7995928374489418,0.020783787302600554,0.008025863602443284,92,92
direction,D2,ES,+5 to +15,10m,full_sample,ahead_vs_behind,-6.629471267144408,5.170739311266939,-1.2821128407496625,0.19980306512228185,-16.76393409067305,3.504991556384236,0.020783787302600554,0.008025863602443284,92,92
direction,D3,ES,+5 to +15,10m,development,const,-3.935268537652317,11.056971682007012,-0.35590834912385383,0.7219092029870949,-25.606534812465323,17.73599773716069,0.05657537025558779,0.005096263703765147,63,63
direction,D3,ES,+5 to +15,10m,development,abs_ret_0_5m,0.10838376001739108,0.077974233889601,1.3899945483381742,0.1645305328219676,-0.044442930128329394,0.26121045016311156,0.05657537025558779,0.005096263703765147,63,63
direction,D3,ES,+5 to +15,10m,development,aligned_imbalance,25.007144384973742,21.34984361829668,1.1713033983791235,0.24147684591861618,-16.837780182450068,66.85206895239756,0.05657537025558779,0.005096263703765147,63,63
direction,D3,ES,+5 to +15,10m,development,ahead_vs_behind,-3.8513162887439534,7.3528535199572875,-0.5237852594629582,0.6004279070174208,-18.2626443714588,10.560011793970894,0.05657537025558779,0.005096263703765147,63,63
direction,D3,ES,+5 to +15,10m,development,depth_ratio_5m,-0.8516037738707443,9.139355940655978,-0.09317984542897892,0.9257606857362579,-18.764412259448648,17.061204711707163,0.05657537025558779,0.005096263703765147,63,63
direction,D3,ES,+5 to +15,10m,holdout,const,9.749681317892524,10.800789340642462,0.9026822957471536,0.36669453531380813,-11.41947679437082,30.918839430155867,0.11365471828606599,0.005096263703765147,29,29
direction,D3,ES,+5 to +15,10m,holdout,abs_ret_0_5m,-0.1037661642690884,0.15621826504359806,-0.6642383606048172,0.5065377650880996,-0.4099483374818731,0.20241600894369627,0.11365471828606599,0.005096263703765147,29,29
direction,D3,ES,+5 to +15,10m,holdout,aligned_imbalance,60.083656976251746,47.86352753438892,1.2553119268754882,0.20936554717074274,-33.727133164191756,153.89444711669523,0.11365471828606599,0.005096263703765147,29,29
direction,D3,ES,+5 to +15,10m,holdout,ahead_vs_behind,6.262583365258012,9.6798511712348,0.6469710385494627,0.5176506875782505,-12.709576306070057,25.23474303658608,0.11365471828606599,0.005096263703765147,29,29
direction,D3,ES,+5 to +15,10m,holdout,depth_ratio_5m,-25.352249342773764,22.09159526373045,-1.1475970404181988,0.2511349521289663,-68.65098042072108,17.94648173517356,0.11365471828606599,0.005096263703765147,29,29
direction,D3,ES,+5 to +15,10m,full_sample,const,-3.329212861873538,6.3430540342075235,-0.5248596092543735,0.599680789481067,-15.76137032091178,9.102944597164704,0.04463477977769381,0.005096263703765147,92,92
direction,D3,ES,+5 to +15,10m,full_sample,abs_ret_0_5m,0.08876650984992085,0.06553937909071356,1.3543996156426572,0.17560892017690366,-0.03968831273699519,0.2172213324368369,0.04463477977769381,0.005096263703765147,92,92
direction,D3,ES,+5 to +15,10m,full_sample,aligned_imbalance,25.22485085366891,18.67880349590507,1.3504532482071951,0.17687064043958634,-11.384931272605876,61.8346329799437,0.04463477977769381,0.005096263703765147,92,92
direction,D3,ES,+5 to +15,10m,full_sample,ahead_vs_behind,-3.2164774911731144,5.72926427414941,-0.5614119609887686,0.5745167319751141,-14.445629126417973,8.012674144071745,0.04463477977769381,0.005096263703765147,92,92
direction,D3,ES,+5 to +15,10m,full_sample,depth_ratio_5m,-2.18476648996989,6.0437199351219,-0.3614936683736031,0.7177304373498997,-14.030239895455567,9.660706915515787,0.04463477977769381,0.005096263703765147,92,92
size,M0,ES,+5 to +15,10m,development,const,15.45162300342299,2.5695361507576675,6.013390003821055,1.8168322514553737e-09,10.41542469096428,20.4878213158817,0.009798230045686918,0.03557914380162519,63,63
size,M0,ES,+5 to +15,10m,development,abs_ret_0_5m,0.051686884592624306,0.06259091116391162,0.8257889784871145,0.40892380728162947,-0.07098904704818845,0.17436281623343708,0.009798230045686918,0.03557914380162519,63,63
size,M0,ES,+5 to +15,10m,holdout,const,9.465695687984127,3.552515598787176,2.6645050316501644,0.007710171293784645,2.502893059844517,16.428498316123736,0.061998449257546384,0.03557914380162519,29,29
size,M0,ES,+5 to +15,10m,holdout,abs_ret_0_5m,0.21753919567006946,0.12614422867610817,1.724527534498862,0.08461265266119003,-0.029698949392687246,0.46477734073282617,0.061998449257546384,0.03557914380162519,29,29
size,M0,ES,+5 to +15,10m,full_sample,const,13.93006667668028,2.1283988058678216,6.544857400913881,5.955218168879531e-11,9.758481672441292,18.101651680919268,0.018302600907121658,0.03557914380162519,92,92
size,M0,ES,+5 to +15,10m,full_sample,abs_ret_0_5m,0.07749005602279649,0.060918553259781634,1.272027188373092,0.20336345931638988,-0.04190811435666063,0.19688822640225362,0.018302600907121658,0.03557914380162519,92,92
size,M1,ES,+5 to +15,10m,development,const,26.604732023361635,5.482970184294444,4.852248166435209,1.2206973909787134e-06,15.858307933837583,37.35115611288569,0.06831158443802476,-0.21951664566854356,63,63
size,M1,ES,+5 to +15,10m,development,depth_ratio_5m,-11.173069581377172,5.007124950920862,-2.2314341445228623,0.02565238523582381,-20.986854151273945,-1.359285011480397,0.06831158443802476,-0.21951664566854356,63,63
size,M1,ES,+5 to +15,10m,holdout,const,7.081193568381165,10.12874006903806,0.6991188953527638,0.48447773088525503,-12.77077217570117,26.933159312463502,0.029216567316339814,-0.21951664566854356,29,29
size,M1,ES,+5 to +15,10m,holdout,depth_ratio_5m,12.183612697592494,17.580112127694896,0.6930338446703644,0.48828831219064794,-22.27277391686532,46.63999931205031,0.029216567316339814,-0.21951664566854356,29,29
size,M1,ES,+5 to +15,10m,full_sample,const,20.11954343865112,4.112732054734625,4.892014157715251,9.980926310296746e-07,12.05873673330784,28.180350143994403,0.015985084617692658,-0.21951664566854356,92,92
size,M1,ES,+5 to +15,10m,full_sample,depth_ratio_5m,-5.499639215122492,4.260182705053371,-1.2909397544379717,0.19672456887954015,-13.849443884587522,2.8501654543425374,0.015985084617692658,-0.21951664566854356,92,92
size,M2,ES,+5 to +15,10m,development,const,-11.706818379703236,39.142037578654865,-0.2990855638564728,0.7648747608141304,-88.42380231538016,65.01016555597369,0.10112253620921607,-0.4138581519861284,63,63
size,M2,ES,+5 to +15,10m,development,depth_ratio_5m,-8.511797060033945,4.784162593528556,-1.7791613252333205,0.07521331696284302,-17.888583439533654,0.8649893194657636,0.10112253620921607,-0.4138581519861284,63,63
size,M2,ES,+5 to +15,10m,development,spread_ratio_5m,38.333099738475056,40.419621113239515,0.9483785023882617,0.34293679947470335,-40.887901912229154,117.55410138917927,0.10112253620921607,-0.4138581519861284,63,63
size,M2,ES,+5 to +15,10m,holdout,const,39.836376717681134,31.807612667964438,1.2524164304164518,0.21041816237967292,-22.505398545729143,102.17815198109142,0.09479120266916907,-0.4138581519861284,29,29
size,M2,ES,+5 to +15,10m,holdout,depth_ratio_5m,8.529971893013347,15.653984900763628,0.5449073796281252,0.5858172205379668,-22.151274727017178,39.211218513043875,0.09479120266916907,-0.4138581519861284,29,29
size,M2,ES,+5 to +15,10m,holdout,spread_ratio_5m,-32.91198733286627,29.803633736337957,-1.1042944502682726,0.2694654294581237,-91.32603606451158,25.502061398779055,0.09479120266916907,-0.4138581519861284,29,29
size,M2,ES,+5 to +15,10m,full_sample,const,16.27849453890913,28.175749921603106,0.5777484036521764,0.5634339946547406,-38.944960544840214,71.50194962265847,0.016492222798889844,-0.4138581519861284,92,92
size,M2,ES,+5 to +15,10m,full_sample,depth_ratio_5m,-5.26271084910216,4.179529039533505,-1.2591636041580307,0.20797124463204208,-13.454437238927113,2.9290155407227934,0.016492222798889844,-0.4138581519861284,92,92
size,M2,ES,+5 to +15,10m,full_sample,spread_ratio_5m,3.902343999658708,29.36497756437152,0.13289109419900988,0.8942795102330501,-53.651954433336186,61.45664243265361,0.016492222798889844,-0.4138581519861284,92,92
size,M3,ES,+5 to +15,10m,development,const,-11.776605092394721,39.86678873065945,-0.29539888883345033,0.7676891820336021,-89.91407518375453,66.3608649989651,0.1011377685235968,-0.41814495566420207,63,63
size,M3,ES,+5 to +15,10m,development,abs_ret_0_5m,-0.0021534858041296484,0.06727691069216536,-0.03200928493853136,0.9744646463827052,-0.13401380775189142,0.12970683614363215,0.1011377685235968,-0.41814495566420207,63,63
size,M3,ES,+5 to +15,10m,development,depth_ratio_5m,-8.545430853667181,5.005115895407603,-1.707339256920696,0.08775901347732896,-18.355277747115025,1.2644160397806647,0.1011377685235968,-0.41814495566420207,63,63
size,M3,ES,+5 to +15,10m,development,spread_ratio_5m,38.50322664923691,41.99592512882464,0.9168324434126954,0.35923044895494105,-43.80727410070001,120.81372739917383,0.1011377685235968,-0.41814495566420207,63,63
size,M3,ES,+5 to +15,10m,holdout,const,39.231956386892996,31.69068204191258,1.2379650376412439,0.21572902487876444,-22.880639060765922,101.34455183455191,0.17032119753025599,-0.41814495566420207,29,29
size,M3,ES,+5 to +15,10m,holdout,abs_ret_0_5m,0.24162903492440999,0.11854959628741792,2.0382105253112104,0.04152888334645758,0.009276095819307578,0.47398197402951237,0.17032119753025599,-0.41814495566420207,29,29
size,M3,ES,+5 to +15,10m,holdout,depth_ratio_5m,7.6404407976915465,16.195123738846483,0.4717741538068511,0.6370880012142819,-24.101418455617225,39.382300051000314,0.17032119753025599,-0.41814495566420207,29,29
size,M3,ES,+5 to +15,10m,holdout,spread_ratio_5m,-36.80773999548719,31.578119756249837,-1.1656089811427839,0.2437725749868701,-98.69971741722962,25.084237426255243,0.17032119753025599,-0.41814495566420207,29,29
size,M3,ES,+5 to +15,10m,full_sample,const,17.504356944219367,28.271042739863937,0.6191620558635119,0.5358096057424266,-37.90586863130652,72.91458251974525,0.02986899533809695,-0.41814495566420207,92,92
size,M3,ES,+5 to +15,10m,full_sample,abs_ret_0_5m,0.06806584800802007,0.06181181581829908,1.1011785870860877,0.27081893921519873,-0.05308308481486934,0.18921478083090948,0.02986899533809695,-0.41814495566420207,92,92
size,M3,ES,+5 to +15,10m,full_sample,depth_ratio_5m,-4.714080596572212,4.1948338897434665,-1.1237824239234655,0.261105339546043,-12.93580394159747,3.507642748453047,0.02986899533809695,-0.41814495566420207,92,92
size,M3,ES,+5 to +15,10m,full_sample,spread_ratio_5m,0.2954094242023615,29.81365469228297,0.009908527728364208,0.9920942680681689,-58.138280020185846,58.72909886859057,0.02986899533809695,-0.41814495566420207,92,92
direction,D1,ES,+5 to +20,15m,development,const,-4.699558419163137,2.8387741259612755,-1.6554886759691583,0.09782541158813499,-10.263453466291407,0.8643366279651339,0.034393753126754745,0.039226759035393965,63,63
direction,D1,ES,+5 to +20,15m,development,aligned_imbalance,36.25948011385897,20.6421531158043,1.7565745157707184,0.078990359914258,-4.19839655647872,76.71735678419665,0.034393753126754745,0.039226759035393965,63,63
direction,D1,ES,+5 to +20,15m,holdout,const,-4.003010889291501,3.9091140117220124,-1.0240199895137174,0.3058258333764865,-11.66473356372753,3.65871178514453,0.033833243239902,0.039226759035393965,29,29
direction,D1,ES,+5 to +20,15m,holdout,aligned_imbalance,40.27592970193825,27.663919919368798,1.4559010371389631,0.14541997893252612,-13.944357011224788,94.49621641510129,0.033833243239902,0.039226759035393965,29,29
direction,D1,ES,+5 to +20,15m,full_sample,const,-4.456754143318599,2.279199520870936,-1.955403246845001,0.050535493203175526,-8.923903117806582,0.01039483116938289,0.03521544713663072,0.039226759035393965,92,92
direction,D1,ES,+5 to +20,15m,full_sample,aligned_imbalance,37.469763516324505,17.30979584707224,2.1646565821665713,0.030413994395525282,3.5431870763219138,71.3963399563271,0.03521544713663072,0.039226759035393965,92,92
direction,D2,ES,+5 to +20,15m,development,const,-5.170157504403692,2.930780774928339,-1.764088787749779,0.07771703188839807,-10.914382269845627,0.5740672610382429,0.027750196228651824,0.028477670886326023,63,63
direction,D2,ES,+5 to +20,15m,development,ahead_vs_behind,-7.09463319057131,5.92142646669912,-1.1981290708362355,0.23086677300552505,-18.70041580240385,4.51114942126123,0.027750196228651824,0.028477670886326023,63,63
direction,D2,ES,+5 to +20,15m,holdout,const,-2.9487073065529774,3.8226999889202107,-0.7713677021737434,0.4404890134117826,-10.441061608538254,4.543646995432299,0.035363770026687114,0.028477670886326023,29,29
direction,D2,ES,+5 to +20,15m,holdout,ahead_vs_behind,-10.572117698183268,6.456630893954365,-1.6374046885787477,0.1015459392089186,-23.226881711802477,2.082646315435941,0.035363770026687114,0.028477670886326023,29,29
direction,D2,ES,+5 to +20,15m,full_sample,const,-4.515896326196411,2.320203210363732,-1.9463365562227914,0.051614325121232055,-9.063411055323536,0.031618402930714495,0.028308472188520062,0.028477670886326023,92,92
direction,D2,ES,+5 to +20,15m,full_sample,ahead_vs_behind,-7.59321787654882,5.033291726596654,-1.5085988035275484,0.1314013401283057,-17.458288384361687,2.2718526312640464,0.028308472188520062,0.028477670886326023,92,92
direction,D3,ES,+5 to +20,15m,development,const,-6.184711115196568,10.0219673597591,-0.6171154717615475,0.5371585643398857,-25.82740619456038,13.457983964167244,0.041649699921848304,0.030646629270983827,63,63
direction,D3,ES,+5 to +20,15m,development,abs_ret_0_5m,0.0003863593858265766,0.08590115503822168,0.004497720498108159,0.9964113503551821,-0.16797681071947934,0.16874952949113248,0.041649699921848304,0.030646629270983827,63,63
direction,D3,ES,+5 to +20,15m,development,aligned_imbalance,25.772245999639054,20.47864494299492,1.2584937173030535,0.2082132579323761,-14.365160540814294,65.9096525400924,0.041649699921848304,0.030646629270983827,63,63
direction,D3,ES,+5 to +20,15m,development,ahead_vs_behind,-4.443441782709923,6.950665303504146,-0.6392829446800987,0.5226388815811489,-18.06649544617021,9.179611880750368,0.041649699921848304,0.030646629270983827,63,63
direction,D3,ES,+5 to +20,15m,development,depth_ratio_5m,1.567152233069267,8.126837106462961,0.19283667342402755,0.8470868812538208,-14.361155803821841,17.495460269960375,0.041649699921848304,0.030646629270983827,63,63
direction,D3,ES,+5 to +20,15m,holdout,const,12.617823784249163,9.745920665026476,1.2946774571568795,0.1954315196551698,-6.483829715387385,31.71947728388571,0.1339415223463709,0.030646629270983827,29,29
direction,D3,ES,+5 to +20,15m,holdout,abs_ret_0_5m,-0.053929874237705566,0.2177708300939044,-0.2476450781514246,0.8044090295303783,-0.48075285810514956,0.37289310962973843,0.1339415223463709,0.030646629270983827,29,29
direction,D3,ES,+5 to +20,15m,holdout,aligned_imbalance,38.83172070389485,39.704382985437306,0.9780210088678993,0.3280639334898269,-38.987439975947176,116.65088138373687,0.1339415223463709,0.030646629270983827,29,29
direction,D3,ES,+5 to +20,15m,holdout,ahead_vs_behind,-3.513980083017593,8.591084761933878,-0.4090263546912772,0.6825203204991206,-20.35219680453886,13.324236638503674,0.1339415223463709,0.030646629270983827,29,29
direction,D3,ES,+5 to +20,15m,holdout,depth_ratio_5m,-28.17435866373559,17.728175495655258,-1.589241863644707,0.11200579837548764,-62.92094414682541,6.572226819354235,0.1339415223463709,0.030646629270983827,29,29
direction,D3,ES,+5 to +20,15m,full_sample,const,-1.985600214251411,5.970842703641703,-0.3325494093221322,0.7394744371621748,-13.688236870742912,9.71703644224009,0.043761120850205004,0.030646629270983827,92,92
direction,D3,ES,+5 to +20,15m,full_sample,abs_ret_0_5m,-0.018213325041997713,0.07261479617761397,-0.25082112738357587,0.8019524063206777,-0.16053571029483787,0.12410906021084245,0.043761120850205004,0.030646629270983827,92,92
direction,D3,ES,+5 to +20,15m,full_sample,aligned_imbalance,27.3965751441278,18.271707038494913,1.4993987746415032,0.13377021130067765,-8.415312587389238,63.20846287564484,0.043761120850205004,0.030646629270983827,92,92
direction,D3,ES,+5 to +20,15m,full_sample,ahead_vs_behind,-3.8979200022771234,5.786845535887997,-0.6735828661925714,0.5005765492168767,-15.239928836713986,7.444088832159739,0.043761120850205004,0.030646629270983827,92,92
direction,D3,ES,+5 to +20,15m,full_sample,depth_ratio_5m,-2.585475235059568,5.556493869645699,-0.46530695357798113,0.6417116558802906,-13.476003099882735,8.305052629763601,0.043761120850205004,0.030646629270983827,92,92
size,M0,ES,+5 to +20,15m,development,const,15.970150728767258,2.362266845516174,6.760519354145045,1.374979600319389e-11,11.340192789682515,20.600108667852002,0.025396512793309678,0.07984071898591183,63,63
size,M0,ES,+5 to +20,15m,development,abs_ret_0_5m,0.07603734749086598,0.05708016078212828,1.3321151596102927,0.18282234956484644,-0.03583771187386109,0.18791240685559304,0.025396512793309678,0.07984071898591183,63,63
size,M0,ES,+5 to +20,15m,holdout,const,9.046030210681757,3.0065110886720583,3.0088131870743524,0.002622703290024889,3.153376757764214,14.9386836635993,0.1477589019801644,0.07984071898591183,29,29
size,M0,ES,+5 to +20,15m,holdout,abs_ret_0_5m,0.3031124228394485,0.1103327398302985,2.747257281072347,0.006009597170619693,0.08686422645643554,0.5193606192224615,0.1477589019801644,0.07984071898591183,29,29
size,M0,ES,+5 to +20,15m,full_sample,const,14.360701056508429,1.9531960333917517,7.352411540366931,1.9466236182741278e-13,10.532507176314102,18.188894936702756,0.043212356001841035,0.07984071898591183,92,92
size,M0,ES,+5 to +20,15m,full_sample,abs_ret_0_5m,0.10850439302657591,0.05702951110580548,1.9026007925137272,0.057092655671718465,-0.0032713947967298596,0.22028018084988168,0.043212356001841035,0.07984071898591183,92,92
size,M1,ES,+5 to +20,15m,development,const,28.0633240493075,4.855645530038617,5.779524859403052,7.491188516894616e-09,18.546433688738908,37.58021440987609,0.08612947706888674,-0.24507790920507633,63,63
size,M1,ES,+5 to +20,15m,development,depth_ratio_5m,-11.463958461610815,4.364609611247441,-2.6265713277239295,0.008624991379920361,-20.018436106233167,-2.9094808169884647,0.08612947706888674,-0.24507790920507633,63,63
size,M1,ES,+5 to +20,15m,holdout,const,11.434484993309773,8.593926095642777,1.3305309896843531,0.1833433828916381,-5.409300639948995,28.278270626568542,0.010218080716798417,-0.24507790920507633,29,29
size,M1,ES,+5 to +20,15m,holdout,depth_ratio_5m,6.50318274577611,14.773575540807393,0.44019017114801334,0.6597993778717264,-22.452493237088234,35.45885872864045,0.010218080716798417,-0.24507790920507633,29,29
size,M1,ES,+5 to +20,15m,full_sample,const,21.97144220384833,3.668156212623338,5.989778223794651,2.1012737543336014e-09,14.78198813743974,29.16089627025692,0.025437446290292764,-0.24507790920507633,92,92
size,M1,ES,+5 to +20,15m,full_sample,depth_ratio_5m,-6.322185935819714,3.671901344545924,-1.7217744548639367,0.08511038378806579,-13.518980325913926,0.8746084542744965,0.025437446290292764,-0.24507790920507633,92,92
size,M2,ES,+5 to +20,15m,development,const,3.189703380698681,35.00816899733026,0.09111311651123284,0.9274027105262187,-65.42504701876032,71.80445378015767,0.10269368365537113,-0.3125040571756712,63,63
size,M2,ES,+5 to +20,15m,development,depth_ratio_5m,-9.736137935026541,4.375347932370892,-2.225225990142176,0.026066070933224456,-18.31166230230528,-1.1606135677478004,0.10269368365537113,-0.3125040571756712,63,63
size,M2,ES,+5 to +20,15m,development,spread_ratio_5m,24.88761148832282,35.45555411198143,0.7019383030855691,0.4827176405077531,-44.603997623071805,94.37922059971744,0.10269368365537113,-0.3125040571756712,63,63
size,M2,ES,+5 to +20,15m,holdout,const,27.672257640659645,25.74847905529711,1.0747142610338674,0.2825026769033657,-22.79383396440661,78.13834924572589,0.03000003190843825,-0.3125040571756712,29,29
size,M2,ES,+5 to +20,15m,holdout,depth_ratio_5m,4.6919582916364195,14.394371790281415,0.32595783685428137,0.7444562557038035,-23.520491997394494,32.90440858066733,0.03000003190843825,-0.3125040571756712,29,29
size,M2,ES,+5 to +20,15m,holdout,spread_ratio_5m,-16.315505404064957,22.89755656369512,-0.712543513482734,0.476128276196802,-61.19389160287611,28.562880794746192,0.03000003190843825,-0.3125040571756712,29,29
size,M2,ES,+5 to +20,15m,full_sample,const,15.846894375988,23.102770099708405,0.6859304883178495,0.49275694326110364,-29.433702962549305,61.127491714525306,0.026990073307092022,-0.3125040571756712,92,92
size,M2,ES,+5 to +20,15m,full_sample,depth_ratio_5m,-5.9444039425819275,3.6470525768275097,-1.6299200017985025,0.10311840567538172,-13.092495642887844,1.2036877577239897,0.026990073307092022,-0.3125040571756712,92,92
size,M2,ES,+5 to +20,15m,full_sample,spread_ratio_5m,6.222282790588498,23.770393577642228,0.2617660818389227,0.7935017902393268,-40.36683251993247,52.811398101109475,0.026990073307092022,-0.3125040571756712,92,92
size,M3,ES,+5 to +20,15m,development,const,4.201917819882031,36.15937540736058,0.11620548675259172,0.9074896884156745,-66.66915568200805,75.07299132177211,0.10653162841321495,-0.24148860332540556,63,63
size,M3,ES,+5 to +20,15m,development,abs_ret_0_5m,0.031235020843464585,0.06373694472169367,0.49006147031132097,0.6240904015767629,-0.09368709529567529,0.15615713698260447,0.10653162841321495,-0.24148860332540556,63,63
size,M3,ES,+5 to +20,15m,development,depth_ratio_5m,-9.24829991762951,4.441442616424695,-2.0822738727792625,0.03731746098550044,-17.953367485223257,-0.5432323500357619,0.10653162841321495,-0.24148860332540556,63,63
size,M3,ES,+5 to +20,15m,development,spread_ratio_5m,22.420022617528957,37.961761351102695,0.5905948991715505,0.55479188340677,-51.98366242033691,96.82370765539483,0.10653162841321495,-0.24148860332540556,63,63
size,M3,ES,+5 to +20,15m,holdout,const,26.87829380536514,24.406402297695802,1.101280454100468,0.2707746153344347,-20.957375690314258,74.71396330104454,0.18998646721997003,-0.24148860332540556,29,29
size,M3,ES,+5 to +20,15m,holdout,abs_ret_0_5m,0.3174028164091346,0.11757313814662651,2.699620180362105,0.006941867817712393,0.08696370009239426,0.5478419327258749,0.18998646721997003,-0.24148860332540556,29,29
size,M3,ES,+5 to +20,15m,holdout,depth_ratio_5m,3.523474234962638,15.247277919599881,0.23108873948138153,0.8172458629783652,-26.36064134972593,33.40758981965121,0.18998646721997003,-0.24148860332540556,29,29
size,M3,ES,+5 to +20,15m,holdout,spread_ratio_5m,-21.43294862663172,23.570865037732524,-0.9092983474438294,0.36319266269023687,-67.63099518504181,24.76509793177837,0.18998646721997003,-0.24148860332540556,29,29
size,M3,ES,+5 to +20,15m,full_sample,const,17.606300415345117,23.067091614878333,0.7632648584093285,0.44530545534561594,-27.60436837790229,62.816969208592525,0.06017130384275371,-0.24148860332540556,92,92
size,M3,ES,+5 to +20,15m,full_sample,abs_ret_0_5m,0.09769078775930506,0.05980890996636905,1.6333818458526874,0.10238871274778505,-0.01953252172937696,0.2149140972479871,0.06017130384275371,-0.24148860332540556,92,92
size,M3,ES,+5 to +20,15m,full_sample,depth_ratio_5m,-5.156988180834245,3.643104513068082,-1.4155476908048483,0.15690797587538408,-12.297341818363016,1.9833654566945267,0.06017130384275371,-0.24148860332540556,92,92
size,M3,ES,+5 to +20,15m,full_sample,spread_ratio_5m,1.0454681267781591,24.299241982052187,0.04302472182261318,0.9656818269324066,-46.58017100966781,48.67110726322413,0.06017130384275371,-0.24148860332540556,92,92
direction,D1,ES,+5 to +35,30m,development,const,-5.012818085632189,4.82466879037755,-1.038997349544468,0.2988059689347653,-14.468995152106615,4.443358980842238,0.007458726122347326,-0.007038396938535474,63,63
direction,D1,ES,+5 to +35,30m,development,aligned_imbalance,27.496380929270646,29.22583664114247,0.9408244241864681,0.3467948422644439,-29.78520630541966,84.77796816396095,0.007458726122347326,-0.007038396938535474,63,63
direction,D1,ES,+5 to +35,30m,holdout,const,1.1137510153215335,4.749781139811162,0.2344847020395161,0.814608708182125,-8.195648953155953,10.423150983799019,0.0031789270967991223,-0.007038396938535474,29,29
direction,D1,ES,+5 to +35,30m,holdout,aligned_imbalance,-14.387611060065723,48.15785669240532,-0.2987593727844351,0.7651236517128022,-108.77527574982136,80.00005362968992,0.0031789270967991223,-0.007038396938535474,29,29
direction,D1,ES,+5 to +35,30m,full_sample,const,-3.285174691743025,3.567291467691089,-0.9209156923387978,0.3570944450700765,-10.27693749077459,3.706588107288539,0.004819432420493985,-0.007038396938535474,92,92
direction,D1,ES,+5 to +35,30m,full_sample,aligned_imbalance,21.17223278055728,24.138817111933097,0.8771031605393258,0.3804306081821649,-26.13897938823075,68.48344494934531,0.004819432420493985,-0.007038396938535474,92,92
direction,D2,ES,+5 to +35,30m,development,const,-5.329660668497384,4.815781138878581,-1.1067074094107332,0.268420450862503,-14.768418258126687,4.109096921131918,0.02011685339517133,0.013742357433234709,63,63
direction,D2,ES,+5 to +35,30m,development,ahead_vs_behind,-9.83644934896325,10.287095955467459,-0.9561930200267359,0.33897472571742004,-29.998786927187126,10.325888229260627,0.02011685339517133,0.013742357433234709,63,63
direction,D2,ES,+5 to +35,30m,holdout,const,1.474707027833666,4.363099965466555,0.3379952418018854,0.7353667734872957,-7.076811765428735,10.026225821096068,0.024930898542873114,0.013742357433234709,29,29
direction,D2,ES,+5 to +35,30m,holdout,ahead_vs_behind,-10.344900611967262,11.894437953928536,-0.869725888018989,0.3844502212132863,-33.65757061801348,12.96776939407896,0.024930898542873114,0.013742357433234709,29,29
direction,D2,ES,+5 to +35,30m,full_sample,const,-3.1971250491550522,3.60514076911578,-0.8868239144900851,0.3751737102060796,-10.263071115819011,3.868821017508907,0.019646143221605405,0.013742357433234709,92,92
direction,D2,ES,+5 to +35,30m,full_sample,ahead_vs_behind,-9.661858282597283,8.771932345385617,-1.1014515276876027,0.2707001898122804,-26.854529754375058,7.530813189180492,0.019646143221605405,0.013742357433234709,92,92
direction,D3,ES,+5 to +35,30m,development,const,-10.917585049321579,14.349141512357718,-0.7608528384725437,0.44674497033794747,-39.04138562261131,17.206215523968154,0.026699479127095027,-0.06190688327257421,63,63
direction,D3,ES,+5 to +35,30m,development,abs_ret_0_5m,-0.023310932326938358,0.26012707074852626,-0.08961363482801002,0.9285942489776439,-0.5331506223979524,0.48652875774407567,0.026699479127095027,-0.06190688327257421,63,63
direction,D3,ES,+5 to +35,30m,development,aligned_imbalance,1.4202714212779406,27.334867224549143,0.051958233768277115,0.958561973058565,-52.155083861022725,54.9956267035786,0.026699479127095027,-0.06190688327257421,63,63
direction,D3,ES,+5 to +35,30m,development,ahead_vs_behind,-11.065795344286848,11.111984119650895,-0.9958433368094574,0.31932627019207194,-32.84488401558362,10.713293327009925,0.026699479127095027,-0.06190688327257421,63,63
direction,D3,ES,+5 to +35,30m,development,depth_ratio_5m,7.236602110879396,11.298952766290014,0.6404666220456746,0.521869282252736,-14.908938374068246,29.382142595827037,0.026699479127095027,-0.06190688327257421,63,63
direction,D3,ES,+5 to +35,30m,holdout,const,9.343813110687483,11.528016454291317,0.8105308617259337,0.41763513504840044,-13.250683952908632,31.9383101742836,0.07581919709192975,-0.06190688327257421,29,29
direction,D3,ES,+5 to +35,30m,holdout,abs_ret_0_5m,-0.06909421877240454,0.2124342589830639,-0.3252498872035184,0.7449919548277948,-0.4854577154616643,0.34726927791685513,0.07581919709192975,-0.06190688327257421,29,29
direction,D3,ES,+5 to +35,30m,holdout,aligned_imbalance,-59.70932393716374,52.51440460197015,-1.1370084910935783,0.2555347360549527,-162.6356656265897,43.21701775226223,0.07581919709192975,-0.06190688327257421,29,29
direction,D3,ES,+5 to +35,30m,holdout,ahead_vs_behind,-19.568667617494,10.48348753355576,-1.8666181034563367,0.06195493766008571,-40.115925615637934,0.9785903806499299,0.07581919709192975,-0.06190688327257421,29,29
direction,D3,ES,+5 to +35,30m,holdout,depth_ratio_5m,-9.701430099083513,18.677728579163023,-0.5194116649658611,0.6034736985112513,-46.30910542725752,26.90624522909049,0.07581919709192975,-0.06190688327257421,29,29
direction,D3,ES,+5 to +35,30m,full_sample,const,-1.5238325768338068,9.119475679950515,-0.16709651193916836,0.8672941105001336,-19.39767646742574,16.350011313758124,0.022914137592289996,-0.06190688327257421,92,92
direction,D3,ES,+5 to +35,30m,full_sample,abs_ret_0_5m,-0.0672602596161688,0.22086931617901887,-0.3045251408378204,0.7607278420645733,-0.5001561646170356,0.36563564538469806,0.022914137592289996,-0.06190688327257421,92,92
direction,D3,ES,+5 to +35,30m,full_sample,aligned_imbalance,-4.0622107281623165,24.780060623524484,-0.16393062106982634,0.8697857610495422,-52.63023708498946,44.505815628664834,0.022914137592289996,-0.06190688327257421,92,92
direction,D3,ES,+5 to +35,30m,full_sample,ahead_vs_behind,-10.1847127946546,9.830950618765403,-1.0359845339080365,0.30020935792406156,-29.453021941226545,9.083596351917349,0.022914137592289996,-0.06190688327257421,92,92
direction,D3,ES,+5 to +35,30m,full_sample,depth_ratio_5m,0.03836135488739634,7.850892114090065,0.004886241503503644,0.9961013588575807,-15.349104435238656,15.425827145013448,0.022914137592289996,-0.06190688327257421,92,92
size,M0,ES,+5 to +35,30m,development,const,12.41158160731365,3.6542570611018936,3.3964719503260943,0.0006826055309943852,5.249369377302755,19.573793837324544,0.236347300693587,-0.014789994684724306,63,63
size,M0,ES,+5 to +35,30m,development,abs_ret_0_5m,0.43712365001435394,0.11415190962262156,3.8293152647157194,0.00012850030251236564,0.21339001838754446,0.6608572816411634,0.236347300693587,-0.014789994684724306,63,63
size,M0,ES,+5 to +35,30m,holdout,const,17.17528780937797,3.7923214324393415,4.528964149099113,5.927355411215727e-06,9.742474383997513,24.60810123475843,0.02015843308028542,-0.014789994684724306,29,29
size,M0,ES,+5 to +35,30m,holdout,abs_ret_0_5m,0.10798346718854464,0.15453816522130537,0.698749509766132,0.4847085871262359,-0.19490577088211425,0.4108727052592035,0.02015843308028542,-0.014789994684724306,29,29
size,M0,ES,+5 to +35,30m,full_sample,const,12.779725615797062,2.7899246173768497,4.580670580201142,4.63487403296576e-06,7.3115738461567465,18.247877385437377,0.20892553287396087,-0.014789994684724306,92,92
size,M0,ES,+5 to +35,30m,full_sample,abs_ret_0_5m,0.40192829381704875,0.1057720147493232,3.799949303883526,0.00014472569185237875,0.19461895433613588,0.6092376332979617,0.20892553287396087,-0.014789994684724306,92,92
size,M1,ES,+5 to +35,30m,development,const,45.59273082379404,9.80608011031206,4.649434872130893,3.328457623495615e-06,26.373166978067847,64.81229466952024,0.10644582257527568,-0.729704508668084,63,63
size,M1,ES,+5 to +35,30m,development,depth_ratio_5m,-24.016630470201928,8.538867655328971,-2.8126247460005462,0.004913895915833091,-40.75250354340069,-7.280757397003168,0.10644582257527568,-0.729704508668084,63,63
size,M1,ES,+5 to +35,30m,holdout,const,23.648752808210446,6.998089233792752,3.3793156986358603,0.0007266651095358968,9.93274994937915,37.36475566704174,0.01659865016999007,-0.729704508668084,29,29
size,M1,ES,+5 to +35,30m,holdout,depth_ratio_5m,-7.9942854894410305,10.971752969909055,-0.728624269190714,0.4662315288280945,-29.498526157733153,13.509955178851094,0.01659865016999007,-0.729704508668084,29,29
size,M1,ES,+5 to +35,30m,full_sample,const,35.28615463545394,6.1992133480218845,5.692037465804181,1.255322988021663e-08,23.13591974085108,47.4363895300568,0.057379234218294495,-0.729704508668084,92,92
size,M1,ES,+5 to +35,30m,full_sample,depth_ratio_5m,-15.996219486160976,6.03228718013281,-2.6517669017556282,0.008007179977147852,-27.819285103623965,-4.173153868697987,0.057379234218294495,-0.729704508668084,92,92
size,M2,ES,+5 to +35,30m,development,const,26.67875314978488,56.80734199704006,0.4696356529262533,0.6386153478524303,-84.6615912218633,138.01909752143308,0.10914281816570504,-0.7599597397198097,63,63
size,M2,ES,+5 to +35,30m,development,depth_ratio_5m,-22.702790426570783,8.878677808424282,-2.5570012693815607,0.010557883224955973,-40.104679161417394,-5.300901691724171,0.10914281816570504,-0.7599597397198097,63,63
size,M2,ES,+5 to +35,30m,development,spread_ratio_5m,18.924616336358987,57.28202363806875,0.3303761832146932,0.7411157352217695,-93.34608695582781,131.19531962854578,0.10914281816570504,-0.7599597397198097,63,63
size,M2,ES,+5 to +35,30m,holdout,const,47.65053900992176,26.829170278091755,1.7760720333879418,0.0757210451015739,-4.93366847023055,100.23474649007406,0.06306080966922856,-0.7599597397198097,29,29
size,M2,ES,+5 to +35,30m,holdout,depth_ratio_5m,-10.671538278706254,12.12599569887466,-0.8800545987078501,0.37882973261825736,-34.43805312518819,13.094976567775682,0.06306080966922856,-0.7599597397198097,29,29
size,M2,ES,+5 to +35,30m,holdout,spread_ratio_5m,-24.116686505346852,25.440061896161954,-0.9479806536549836,0.34313930319465324,-73.97829158629403,25.744918575600334,0.06306080966922856,-0.7599597397198097,29,29
size,M2,ES,+5 to +35,30m,full_sample,const,32.078383436440376,31.53225179813267,1.0173197791836752,0.30900133031930177,-29.723694439348016,93.88046131222876,0.057529308717688354,-0.7599597397198097,92,92
size,M2,ES,+5 to +35,30m,full_sample,depth_ratio_5m,-15.798353744644285,5.954672478060594,-2.6531020476527916,0.00797557544206844,-27.469297341374926,-4.127410147913645,0.057529308717688354,-0.7599597397198097,92,92
size,M2,ES,+5 to +35,30m,full_sample,spread_ratio_5m,3.258960512476003,32.8714328651899,0.09914263627756756,0.921025019969741,-61.16786402352249,67.6857850484745,0.057529308717688354,-0.7599597397198097,92,92
size,M3,ES,+5 to +35,30m,development,const,39.43073773555926,60.62653982046966,0.6503874021562757,0.5154420127449277,-79.39509681984471,158.25657229096322,0.28066926403192183,-0.17690336437667886,63,63
size,M3,ES,+5 to +35,30m,development,abs_ret_0_5m,0.3935020969010836,0.11736409649877368,3.3528319872951546,0.0007998924692972714,0.16347269468540376,0.6235314991167635,0.28066926403192183,-0.17690336437667886,63,63
size,M3,ES,+5 to +35,30m,development,depth_ratio_5m,-16.556955475608707,7.71084636935375,-2.147229328989517,0.03177502886869692,-31.669936649863494,-1.4439743013539204,0.28066926403192183,-0.17690336437667886,63,63
size,M3,ES,+5 to +35,30m,development,spread_ratio_5m,-12.162329301146713,64.4142172264744,-0.18881436156221681,0.8502383154073104,-138.41187515737607,114.08721655508265,0.28066926403192183,-0.17690336437667886,63,63
size,M3,ES,+5 to +35,30m,holdout,const,47.32572195440604,27.40865065787011,1.7266709895774075,0.08422676860640502,-6.394246199859431,101.04569010867152,0.09184509310895239,-0.17690336437667886,29,29
size,M3,ES,+5 to +35,30m,holdout,abs_ret_0_5m,0.12985207090719014,0.1468321815305936,0.8843570227834181,0.3765035151774274,-0.15793371666422062,0.4176378584786009,0.09184509310895239,-0.17690336437667886,29,29
size,M3,ES,+5 to +35,30m,holdout,depth_ratio_5m,-11.149574599548306,12.035678250594575,-0.9263769242915334,0.354250131933757,-34.739070500225715,12.439921301129104,0.09184509310895239,-0.17690336437667886,29,29
size,M3,ES,+5 to +35,30m,holdout,spread_ratio_5m,-26.210274103963805,26.769534827663424,-0.9791083137118362,0.32752646424463816,-78.67759824907475,26.257050041147146,0.09184509310895239,-0.17690336437667886,29,29
size,M3,ES,+5 to +35,30m,full_sample,const,39.089487397486316,31.81940394439492,1.2284795612700985,0.21926699731785448,-23.275398343059464,101.4543731380321,0.24318753747376498,-0.17690336437667886,92,92
size,M3,ES,+5 to +35,30m,full_sample,abs_ret_0_5m,0.38929062063879,0.10515594032971408,3.702031662863534,0.00021387991868890762,0.18318876483210741,0.5953924764454726,0.24318753747376498,-0.17690336437667886,92,92
size,M3,ES,+5 to +35,30m,full_sample,depth_ratio_5m,-12.660559714906563,5.3385388928232596,-2.371540222723954,0.017714118489474535,-23.123903674906487,-2.1972157549066385,0.24318753747376498,-0.17690336437667886,92,92
size,M3,ES,+5 to +35,30m,full_sample,spread_ratio_5m,-17.370266046450503,34.35295948617101,-0.5056410366461442,0.6131086679774369,-84.70082940170929,49.96029730880827,0.24318753747376498,-0.17690336437667886,92,92
direction,D1,NQ,+5 to +10,5m,development,const,-3.468564509553836,2.868637323327216,-1.2091331592697778,0.22661169174158058,-9.090990347982562,2.15386132887489,0.005956369427745911,-0.015100566888169187,63,63
direction,D1,NQ,+5 to +10,5m,development,aligned_imbalance,-22.84404318438795,28.60820229152768,-0.7985137602006266,0.42457241120472045,-78.91508933821845,33.227002969442545,0.005956369427745911,-0.015100566888169187,63,63
direction,D1,NQ,+5 to +10,5m,holdout,const,-3.9800673745575947,4.017333540800476,-0.9907236564093067,0.3218205364368284,-11.8538964284113,3.8937616792961105,0.009592805284162398,-0.015100566888169187,29,29
direction,D1,NQ,+5 to +10,5m,holdout,aligned_imbalance,37.974545976965885,50.34178614735861,0.7543344979021642,0.45064839247666166,-60.69354178927439,136.64263374320615,0.009592805284162398,-0.015100566888169187,29,29
direction,D1,NQ,+5 to +10,5m,full_sample,const,-3.682017409695216,2.338246341480362,-1.5746918296744141,0.11532759463314753,-8.26489602597927,0.900861206588838,0.0010218048961099235,-0.015100566888169187,92,92
direction,D1,NQ,+5 to +10,5m,full_sample,aligned_imbalance,-10.14283821437062,25.217238226657194,-0.4022184397516063,0.6875232726400711,-59.56771692818542,39.28204049944418,0.0010218048961099235,-0.015100566888169187,92,92
direction,D2,NQ,+5 to +10,5m,development,const,-3.4134847445820933,2.7777599998181906,-1.2288623728491705,0.21912341114174982,-8.857794301921734,2.0308248127575474,0.014182660643845768,-0.0033649569884968145,63,63
direction,D2,NQ,+5 to +10,5m,development,ahead_vs_behind,-6.778793114538798,7.178253852299477,-0.9443512662020561,0.3449901762809032,-20.847912136931676,7.290325907854077,0.014182660643845768,-0.0033649569884968145,63,63
direction,D2,NQ,+5 to +10,5m,holdout,const,-4.202653434200799,4.137829245633703,-1.0156662309435556,0.3097883540041102,-12.312649729819398,3.9073428614178,1.4961113756872813e-05,-0.0033649569884968145,29,29
direction,D2,NQ,+5 to +10,5m,holdout,ahead_vs_behind,-0.3712802444953851,10.201486757795227,-0.0363947190552083,0.9709676249750091,-20.365826878536314,19.623266389545545,1.4961113756872813e-05,-0.0033649569884968145,29,29
direction,D2,NQ,+5 to +10,5m,full_sample,const,-3.5764173954399263,2.3020754908459815,-1.5535621701639513,0.12028888884480726,-8.088402447190417,0.9355676563105639,0.008790267229078719,-0.0033649569884968145,92,92
direction,D2,NQ,+5 to +10,5m,full_sample,ahead_vs_behind,-5.956522381788335,6.3221283636378525,-0.9421704272959206,0.34610539186490785,-18.34766628015767,6.434621516581003,0.008790267229078719,-0.0033649569884968145,92,92
direction,D3,NQ,+5 to +10,5m,development,const,6.226428512095169,4.731735188749612,1.3158869344377953,0.1882119946952694,-3.0476020422349057,15.500459066425243,0.08401052830343247,-0.08543822513781874,63,63
direction,D3,NQ,+5 to +10,5m,development,abs_ret_0_5m,-0.11724101576090387,0.09584235924744638,-1.2232693005627115,0.22122799830416107,-0.3050885880792482,0.07060655655744044,0.08401052830343247,-0.08543822513781874,63,63
direction,D3,NQ,+5 to +10,5m,development,aligned_imbalance,-49.13802784488752,34.86461251854843,-1.4093954957550567,0.15871825519307792,-117.47141271618673,19.1953570264117,0.08401052830343247,-0.08543822513781874,63,63
direction,D3,NQ,+5 to +10,5m,development,ahead_vs_behind,-14.033409544385936,7.859935489191252,-1.7854357155582588,0.0741906697922537,-29.438600024009002,1.3717809352371297,0.08401052830343247,-0.08543822513781874,63,63
direction,D3,NQ,+5 to +10,5m,development,depth_ratio_5m,-6.285101725883413,3.1260328386282223,-2.0105680427341466,0.044371102405349354,-12.41201350408424,-0.15818994768258676,0.08401052830343247,-0.08543822513781874,63,63
direction,D3,NQ,+5 to +10,5m,holdout,const,-2.4869387638104623,17.438296555750945,-0.14261362948265147,0.8865953327455415,-36.665371964811186,31.691494437190258,0.015316984176485082,-0.08543822513781874,29,29
direction,D3,NQ,+5 to +10,5m,holdout,abs_ret_0_5m,0.06188047141885222,0.2549720563755858,0.24269511058772414,0.8082415954201222,-0.4378555761414122,0.5616165189791167,0.015316984176485082,-0.08543822513781874,29,29
direction,D3,NQ,+5 to +10,5m,holdout,aligned_imbalance,45.49419676121548,61.63928834174775,0.7380714149225934,0.46047105313574277,-75.31658842128975,166.3049819437207,0.015316984176485082,-0.08543822513781874,29,29
direction,D3,NQ,+5 to +10,5m,holdout,ahead_vs_behind,5.642069800654188,15.16835031187762,0.37196331075213557,0.7099201662950712,-24.087350515512846,35.37149011682122,0.015316984176485082,-0.08543822513781874,29,29
direction,D3,NQ,+5 to +10,5m,holdout,depth_ratio_5m,-4.279592048165199,32.06916337190685,-0.13344882117860912,0.8938384369331416,-67.13399727143371,58.574813175103316,0.015316984176485082,-0.08543822513781874,29,29
direction,D3,NQ,+5 to +10,5m,full_sample,const,2.643901821918032,3.8332253039740647,0.6897329565201891,0.4903621366670292,-4.869081718498736,10.1568853623348,0.038755595993415604,-0.08543822513781874,92,92
direction,D3,NQ,+5 to +10,5m,full_sample,abs_ret_0_5m,-0.08938162983598696,0.08892683274522788,-1.0051142841448324,0.314841822718142,-0.26367501927585074,0.08491175960387681,0.038755595993415604,-0.08543822513781874,92,92
direction,D3,NQ,+5 to +10,5m,full_sample,aligned_imbalance,-29.693467419634132,30.13875941483552,-0.985225271250475,0.32451342999666,-88.76435041142923,29.377415572160963,0.038755595993415604,-0.08543822513781874,92,92
direction,D3,NQ,+5 to +10,5m,full_sample,ahead_vs_behind,-10.73247674512473,7.020361306831191,-1.5287641584317677,0.12632292063800707,-24.49213206497241,3.027178574722951,0.038755595993415604,-0.08543822513781874,92,92
direction,D3,NQ,+5 to +10,5m,full_sample,depth_ratio_5m,-4.129225430709156,3.0082852267123785,-1.3726176607335214,0.16987123863310105,-10.02535613028933,1.7669052688710174,0.038755595993415604,-0.08543822513781874,92,92
size,M0,NQ,+5 to +10,5m,development,const,11.784736699018975,2.7578645372309976,4.27313834306427,1.9274078840890517e-05,6.379421531805996,17.190051866231954,0.08387948453193439,0.02335083249080383,63,63
size,M0,NQ,+5 to +10,5m,development,abs_ret_0_5m,0.11411011174278432,0.06169392686878765,1.849616607895245,0.06436882739885179,-0.006807762984887417,0.23502798647045606,0.08387948453193439,0.02335083249080383,63,63
size,M0,NQ,+5 to +10,5m,holdout,const,12.159728168767497,4.686564543235505,2.594593130338642,0.00947029529588625,2.974230452803498,21.345225884731498,0.020303347914755188,0.02335083249080383,29,29
size,M0,NQ,+5 to +10,5m,holdout,abs_ret_0_5m,0.11425623066293436,0.10658594185137543,1.0719634191744956,0.2837364629863992,-0.09464837662404194,0.3231608379499107,0.020303347914755188,0.02335083249080383,29,29
size,M0,NQ,+5 to +10,5m,full_sample,const,11.927729111406672,2.3650783140364062,5.0432702547806905,4.576421658811764e-07,7.292260795278604,16.56319742753474,0.06306790182596,0.02335083249080383,92,92
size,M0,NQ,+5 to +10,5m,full_sample,abs_ret_0_5m,0.11333598442393339,0.055789309341990584,2.03150004473401,0.04220429500735534,0.00399094739126786,0.2226810214565989,0.06306790182596,0.02335083249080383,92,92
size,M1,NQ,+5 to +10,5m,development,const,16.660815011653696,2.90554054560611,5.734153335718869,9.800064355252701e-09,10.966060186644864,22.35556983666253,0.0011011792626106631,-0.01151838042369091,63,63
size,M1,NQ,+5 to +10,5m,development,depth_ratio_5m,-1.0011552013397715,2.550547043459737,-0.3925256755828098,0.6946698440597264,-6.000135547395972,3.9978251447164297,0.0011011792626106631,-0.01151838042369091,63,63
size,M1,NQ,+5 to +10,5m,holdout,const,-16.557939100956432,10.536304630603983,-1.571512943244055,0.1160635503462011,-37.208716707082836,4.092838505169972,0.20928670339429656,-0.01151838042369091,29,29
size,M1,NQ,+5 to +10,5m,holdout,depth_ratio_5m,43.28138606031362,17.72200759033889,2.4422394494350836,0.014596461641062068,8.54688944950393,78.01588267112331,0.20928670339429656,-0.01151838042369091,29,29
size,M1,NQ,+5 to +10,5m,full_sample,const,14.225979188840643,2.9695340069197567,4.790643634890375,1.6624716432747918e-06,8.405799484411006,20.04615889327028,0.0014747786377034,-0.01151838042369091,92,92
size,M1,NQ,+5 to +10,5m,full_sample,depth_ratio_5m,1.3539821635890632,3.286429945500674,0.41199179232247096,0.6803454391442056,-5.08730216730619,7.795266494484316,0.0014747786377034,-0.01151838042369091,92,92
size,M2,NQ,+5 to +10,5m,development,const,16.91575082694889,6.519820610687189,2.5945116954937157,0.00947253907329552,4.1371372443400585,29.69436440955772,0.0011256329408861898,-0.009343244861374389,63,63
size,M2,NQ,+5 to +10,5m,development,depth_ratio_5m,-1.0289426129797776,2.360290184241029,-0.43593902980647387,0.6628809664604774,-5.655026367155603,3.5971411411960474,0.0011256329408861898,-0.009343244861374389,63,63
size,M2,NQ,+5 to +10,5m,development,spread_ratio_5m,-0.2695296997005001,7.2276844065599235,-0.037291293385177705,0.9702527475379862,-14.435530828179704,13.896471428778703,0.0011256329408861898,-0.009343244861374389,63,63
size,M2,NQ,+5 to +10,5m,holdout,const,-9.165989420046678,15.048751588516451,-0.6090863661435645,0.542467194053259,-38.66100054582885,20.329021705735492,0.22217721296252246,-0.009343244861374389,29,29
size,M2,NQ,+5 to +10,5m,holdout,depth_ratio_5m,41.464384634870626,17.554147728535487,2.362084749205305,0.01817248732572512,7.0588873076454774,75.86988196209577,0.22217721296252246,-0.009343244861374389,29,29
size,M2,NQ,+5 to +10,5m,holdout,spread_ratio_5m,-5.753472525803976,10.251489923517278,-0.5612328128621877,0.574638836839763,-25.846023563773112,14.339078512165162,0.22217721296252246,-0.009343244861374389,29,29
size,M2,NQ,+5 to +10,5m,full_sample,const,17.692247394282475,6.30631646358058,2.805480425293663,0.005024163291121747,5.332094250552538,30.052400538012414,0.005647371175735771,-0.009343244861374389,92,92
size,M2,NQ,+5 to +10,5m,full_sample,depth_ratio_5m,0.8405190970624179,3.1164395115053276,0.2697049289611989,0.7873872682656575,-5.267590105485623,6.948628299610459,0.005647371175735771,-0.009343244861374389,92,92
size,M2,NQ,+5 to +10,5m,full_sample,spread_ratio_5m,-3.301493645432972,5.656986531920624,-0.5836134887017435,0.5594803830166045,-14.38898350902554,7.785996218159596,0.005647371175735771,-0.009343244861374389,92,92
size,M3,NQ,+5 to +10,5m,development,const,16.910211561637315,6.047566885023025,2.7962008330186383,0.005170725794189156,5.0571982728951035,28.763224850379526,0.10107422006273936,0.06475189539721393,63,63
size,M3,NQ,+5 to +10,5m,development,abs_ret_0_5m,0.1384613101778392,0.06403761142078271,2.1621873006478673,0.03060374200886799,0.012949898137134236,0.2639727222185442,0.10107422006273936,0.06475189539721393,63,63
size,M3,NQ,+5 to +10,5m,development,depth_ratio_5m,0.485280859024783,2.8083739306212876,0.17279780791777463,0.8628103601534332,-5.019030900114129,5.989592618163695,0.10107422006273936,0.06475189539721393,63,63
size,M3,NQ,+5 to +10,5m,development,spread_ratio_5m,-7.563488189698084,6.042849133252448,-1.2516427305917501,0.21070007681420955,-19.407254854881963,4.280278475485796,0.10107422006273936,0.06475189539721393,63,63
size,M3,NQ,+5 to +10,5m,holdout,const,-5.764453082751825,18.969655299719346,-0.30387758721357,0.7612211536552086,-42.94429426934111,31.415388103837454,0.2271242475888391,0.06475189539721393,29,29
size,M3,NQ,+5 to +10,5m,holdout,abs_ret_0_5m,0.07154251961659189,0.17152452223895265,0.4170979092827627,0.6766067941078984,-0.2646393664371949,0.4077244056703786,0.2271242475888391,0.06475189539721393,29,29
size,M3,NQ,+5 to +10,5m,holdout,depth_ratio_5m,38.00840011509425,22.822063362910274,1.6654234768651264,0.09582829882774535,-6.7220221291009565,82.73882235928946,0.2271242475888391,0.06475189539721393,29,29
size,M3,NQ,+5 to +10,5m,holdout,spread_ratio_5m,-8.127761745612395,11.385773992887414,-0.7138523696930689,0.47531847249628045,-30.443468707784533,14.187945216559742,0.2271242475888391,0.06475189539721393,29,29
size,M3,NQ,+5 to +10,5m,full_sample,const,17.312351265662482,6.2334948618683335,2.777310585682193,0.005481077629085576,5.09492583858507,29.529776692739894,0.09172459648363307,0.06475189539721393,92,92
size,M3,NQ,+5 to +10,5m,full_sample,abs_ret_0_5m,0.14063379148017563,0.05650990721568231,2.4886572710766677,0.012822651002665806,0.029876408567738183,0.25139117439261305,0.09172459648363307,0.06475189539721393,92,92
size,M3,NQ,+5 to +10,5m,full_sample,depth_ratio_5m,1.512707044312181,3.431026626819354,0.4408904997961201,0.6592922716664806,-5.211981574251701,8.237395662876063,0.09172459648363307,0.06475189539721393,92,92
size,M3,NQ,+5 to +10,5m,full_sample,spread_ratio_5m,-8.246059267477756,5.1765223341534465,-1.5929727981800146,0.11116629349223332,-18.391856607585726,1.899738072630214,0.09172459648363307,0.06475189539721393,92,92
direction,D1,NQ,+5 to +15,10m,development,const,-0.6305636160796078,4.028495975086502,-0.1565258150881156,0.8756185725245792,-8.526270639113719,7.265143406954502,0.002518126368083684,-0.014710293317896639,63,63
direction,D1,NQ,+5 to +15,10m,development,aligned_imbalance,-21.220917329329875,36.42356994603753,-0.5826149759831125,0.5601525215071895,-92.60980261193896,50.1679679532792,0.002518126368083684,-0.014710293317896639,63,63
direction,D1,NQ,+5 to +15,10m,holdout,const,-8.146602216389269,4.499431231288167,-1.8105848934281707,0.07020513236097393,-16.965325380628784,0.6721209478502477,0.018481396918944792,-0.014710293317896639,29,29
direction,D1,NQ,+5 to +15,10m,holdout,aligned_imbalance,59.49079917799944,52.799961931772735,1.1267204937547588,0.25986067485887343,-43.99522459336102,162.9768229493599,0.018481396918944792,-0.014710293317896639,29,29
direction,D1,NQ,+5 to +15,10m,full_sample,const,-3.0668446478136966,3.119005605277924,-0.9832764143238597,0.3254714149483957,-9.179983301736979,3.0462940061095862,8.498624100761187e-05,-0.014710293317896639,92,92
direction,D1,NQ,+5 to +15,10m,full_sample,aligned_imbalance,-3.958307884660237,31.30184991057093,-0.12645603681472767,0.8993709471500818,-65.30880635885757,57.392190589537094,8.498624100761187e-05,-0.014710293317896639,92,92
direction,D2,NQ,+5 to +15,10m,development,const,-0.5948001437757027,3.979931230832959,-0.14944985460244173,0.8811986751237381,-8.39532201715447,7.205721729603066,0.009826891307704644,0.013879448477089329,63,63
direction,D2,NQ,+5 to +15,10m,development,ahead_vs_behind,-8.061666606576296,7.6844671361461385,-1.049085963118495,0.29413855592875815,-23.12294543380438,6.9996122206517875,0.009826891307704644,0.013879448477089329,63,63
direction,D2,NQ,+5 to +15,10m,holdout,const,-8.205363591362218,4.517324136602408,-1.8164212580799386,0.0693057766917898,-17.05915620559643,0.648429022871996,0.004045156593797006,0.013879448477089329,29,29
direction,D2,NQ,+5 to +15,10m,holdout,ahead_vs_behind,-6.890491137490707,11.21510894245281,-0.6143935982117813,0.5389552651148426,-28.87170074739131,15.090718472409897,0.004045156593797006,0.013879448477089329,29,29
direction,D2,NQ,+5 to +15,10m,full_sample,const,-2.971762593567331,3.11170096709434,-0.9550283349824319,0.3395633680418606,-9.070584419730693,3.127059232596032,0.010136336532883039,0.013879448477089329,92,92
direction,D2,NQ,+5 to +15,10m,full_sample,ahead_vs_behind,-8.655496837475825,6.922397420586855,-1.250361155476977,0.2111676476763895,-22.22314646849903,4.91215279354738,0.010136336532883039,0.013879448477089329,92,92
direction,D3,NQ,+5 to +15,10m,development,const,4.440211516148907,7.398341882629039,0.6001630617495951,0.5483975684430362,-10.060272119118267,18.940695151416083,0.029882051835980916,-0.04519418992682844,63,63
direction,D3,NQ,+5 to +15,10m,development,abs_ret_0_5m,0.011957649254915596,0.08166757674589975,0.14641856329496086,0.8835909738422274,-0.14810785987170874,0.17202315838153995,0.029882051835980916,-0.04519418992682844,63,63
direction,D3,NQ,+5 to +15,10m,development,aligned_imbalance,-58.58968934113436,50.027454661336286,-1.171150715897113,0.24153820129009929,-156.64169871556393,39.462320033295214,0.029882051835980916,-0.04519418992682844,63,63
direction,D3,NQ,+5 to +15,10m,development,ahead_vs_behind,-15.17176427646461,10.375256633539946,-1.4623025542731214,0.1436583189006946,-35.50689360856319,5.163365055633971,0.029882051835980916,-0.04519418992682844,63,63
direction,D3,NQ,+5 to +15,10m,development,depth_ratio_5m,-6.175312395544407,5.083770245629881,-1.214711148847224,0.22447627884535604,-16.13931898265532,3.7886941915665036,0.029882051835980916,-0.04519418992682844,63,63
direction,D3,NQ,+5 to +15,10m,holdout,const,-8.261867451893192,19.700467774482227,-0.4193741766169982,0.6749426935987497,-46.87407476847031,30.350339864683928,0.021816945246246222,-0.04519418992682844,29,29
direction,D3,NQ,+5 to +15,10m,holdout,abs_ret_0_5m,-0.07319252153418013,0.20182543402601186,-0.3626526155506588,0.7168644005648247,-0.46876310338932814,0.32237806032096783,0.021816945246246222,-0.04519418992682844,29,29
direction,D3,NQ,+5 to +15,10m,holdout,aligned_imbalance,62.77970321873069,69.47414071076335,0.903641305620416,0.36618563131496107,-73.38711043123344,198.9465168686948,0.021816945246246222,-0.04519418992682844,29,29
direction,D3,NQ,+5 to +15,10m,holdout,ahead_vs_behind,-0.017814643627851012,16.317440447571908,-0.0010917547813389993,0.9991289058888339,-31.99941024074593,31.96378095349023,0.021816945246246222,-0.04519418992682844,29,29
direction,D3,NQ,+5 to +15,10m,holdout,depth_ratio_5m,2.460913354444319,32.96108953882291,0.0746611652975171,0.9404843069985018,-62.14163503284853,67.06346174173716,0.021816945246246222,-0.04519418992682844,29,29
direction,D3,NQ,+5 to +15,10m,full_sample,const,-1.1554731825476192,5.430689863644126,-0.2127672932094613,0.8315084758452421,-11.799429726496843,9.488483361401606,0.01686522548106173,-0.04519418992682844,92,92
direction,D3,NQ,+5 to +15,10m,full_sample,abs_ret_0_5m,0.02591864002151529,0.07628974184866787,0.33973951665649615,0.7340526999302545,-0.1236065063917319,0.17544378643476247,0.01686522548106173,-0.04519418992682844,92,92
direction,D3,NQ,+5 to +15,10m,full_sample,aligned_imbalance,-33.814450084927536,40.94036104082841,-0.8259441105369235,0.40883579665530767,-114.05608323901797,46.4271830691629,0.01686522548106173,-0.04519418992682844,92,92
direction,D3,NQ,+5 to +15,10m,full_sample,ahead_vs_behind,-12.495446369911136,8.991803421389408,-1.3896485259216607,0.16463563260989245,-30.11905723189841,5.128164492076138,0.01686522548106173,-0.04519418992682844,92,92
direction,D3,NQ,+5 to +15,10m,full_sample,depth_ratio_5m,-3.1701947312368404,4.368197778794681,-0.7257443210622194,0.46799552584770576,-11.731705055022276,5.391315592548596,0.01686522548106173,-0.04519418992682844,92,92
size,M0,NQ,+5 to +15,10m,development,const,20.5942437055784,3.251509953539629,6.3337477048653295,2.3927666397500344e-10,14.221401301267223,26.96708610988958,0.005296963244370456,0.016999273017712202,63,63
size,M0,NQ,+5 to +15,10m,development,abs_ret_0_5m,0.04086924432583241,0.06645463039980481,0.6149946825368612,0.5385582321041735,-0.08937943786370564,0.17111792651537047,0.005296963244370456,0.016999273017712202,63,63
size,M0,NQ,+5 to +15,10m,holdout,const,15.239996768059331,4.829683196729167,3.1554858046135195,0.001602310632102546,5.773991645731886,24.706001890386776,0.008497215587795814,0.016999273017712202,29,29
size,M0,NQ,+5 to +15,10m,holdout,abs_ret_0_5m,0.08701941756987715,0.11267052270751353,0.7723352610671272,0.43991588627488076,-0.1338107490561517,0.307849584195906,0.008497215587795814,0.016999273017712202,29,29
size,M0,NQ,+5 to +15,10m,full_sample,const,18.804593156076287,2.6733383926997147,7.034123778503835,2.005170626044305e-12,13.56494618789665,24.04424012425592,0.008057947725600423,0.016999273017712202,92,92
size,M0,NQ,+5 to +15,10m,full_sample,abs_ret_0_5m,0.054823067508277146,0.06213040174762862,0.8823871400504765,0.3775674876397189,-0.06695028226207939,0.17659641727863368,0.008057947725600423,0.016999273017712202,92,92
size,M1,NQ,+5 to +15,10m,development,const,28.09304737283197,4.176854848804314,6.725885478369931,1.745277949294932e-11,19.906562300524023,36.279532445139914,0.02271476687383056,-0.07856368336476471,63,63
size,M1,NQ,+5 to +15,10m,development,depth_ratio_5m,-6.480573068585552,2.638567675937816,-2.456095072976359,0.014045599294139963,-11.652070684195223,-1.30907545297588,0.02271476687383056,-0.07856368336476471,63,63
size,M1,NQ,+5 to +15,10m,holdout,const,-9.700814299843632,12.178853569395335,-0.7965293485604545,0.42572442408159494,-33.57092866884557,14.169300069158307,0.1116091660181564,-0.07856368336476471,29,29
size,M1,NQ,+5 to +15,10m,holdout,depth_ratio_5m,37.21020500209991,17.588756902285674,2.1155676440820224,0.03438159614217399,2.736874940789704,71.68353506341012,0.1116091660181564,-0.07856368336476471,29,29
size,M1,NQ,+5 to +15,10m,full_sample,const,23.10624710736288,3.6174317977826513,6.387472770468301,1.6864962637843796e-10,16.0162110671789,30.196283147546858,0.0039701676625637505,-0.07856368336476471,92,92
size,M1,NQ,+5 to +15,10m,full_sample,depth_ratio_5m,-3.0063630659954375,3.0093065845140425,-0.9990218615365571,0.31778410111490096,-8.9044955900822,2.8917694580913262,0.0039701676625637505,-0.07856368336476471,92,92
size,M2,NQ,+5 to +15,10m,development,const,19.176365572627898,17.084388103403583,1.1224496573457932,0.261671301038102,-14.308419807947683,52.661150953203475,0.03744180050611767,-0.2596938256673291,63,63
size,M2,NQ,+5 to +15,10m,development,depth_ratio_5m,-5.508675466209144,2.8865587856406134,-1.9083884567369396,0.05634102767932093,-11.16622672532242,0.148875792904132,0.03744180050611767,-0.2596938256673291,63,63
size,M2,NQ,+5 to +15,10m,development,spread_ratio_5m,9.42712017591986,19.12515358030366,0.49291735809267057,0.6220709818242158,-28.057492040272585,46.911732392112306,0.03744180050611767,-0.2596938256673291,63,63
size,M2,NQ,+5 to +15,10m,holdout,const,11.438816517379722,27.259506799463463,0.4196266866282727,0.67475818995075,-41.98883504589338,64.86646808065282,0.1876738910987329,-0.2596938256673291,29,29
size,M2,NQ,+5 to +15,10m,holdout,depth_ratio_5m,32.013911603697615,19.76658789778815,1.619597260247426,0.10531881852686484,-6.727888773212456,70.75571198060769,0.1876738910987329,-0.2596938256673291,29,29
size,M2,NQ,+5 to +15,10m,holdout,spread_ratio_5m,-16.453884342129978,16.16179440986946,-1.0180728652309887,0.3086433295125074,-48.130419311014904,15.222650626754945,0.1876738910987329,-0.2596938256673291,29,29
size,M2,NQ,+5 to +15,10m,full_sample,const,26.527808013449143,13.405960113420736,1.978807022325249,0.04783773756389411,0.25260901296400107,52.803007013934284,0.00619017925125509,-0.2596938256673291,92,92
size,M2,NQ,+5 to +15,10m,full_sample,depth_ratio_5m,-3.5132035789103333,3.330568510465415,-1.0548360040848994,0.2915003349505739,-10.04099790746576,3.014590749645094,0.00619017925125509,-0.2596938256673291,92,92
size,M2,NQ,+5 to +15,10m,full_sample,spread_ratio_5m,-3.25891157850141,13.127999925213249,-0.2482412855778922,0.8039477245622996,-28.9893186209639,22.471495463961084,0.00619017925125509,-0.2596938256673291,92,92
size,M3,NQ,+5 to +15,10m,development,const,19.17652229512596,17.204599533944123,1.1146160221452,0.26501500144717394,-14.54387315983912,52.896917750091035,0.037481188264832155,-0.26753032989658343,63,63
size,M3,NQ,+5 to +15,10m,development,abs_ret_0_5m,-0.0039174874631718315,0.07692357344752987,-0.05092700829666966,0.9593836839205698,-0.15468492098245198,0.14684994605610832,0.037481188264832155,-0.26753032989658343,63,63
size,M3,NQ,+5 to +15,10m,development,depth_ratio_5m,-5.551517408556791,2.620182594103826,-2.118752113325736,0.03411142164004284,-10.68698092591902,-0.4160538911945606,0.037481188264832155,-0.26753032989658343,63,63
size,M3,NQ,+5 to +15,10m,development,spread_ratio_5m,9.633488228517061,21.211062847653807,0.45417281999061343,0.64970444423795,-31.9394310267,51.20640748373412,0.037481188264832155,-0.26753032989658343,63,63
size,M3,NQ,+5 to +15,10m,holdout,const,20.821237947045223,31.34133132214868,0.6643380184788453,0.5064739932101863,-40.6066426719033,82.24911856599375,0.2148295918524583,-0.26753032989658343,29,29
size,M3,NQ,+5 to +15,10m,holdout,abs_ret_0_5m,0.19733496944406942,0.24023691894013624,0.8214181663445435,0.4114081193954756,-0.273520739435466,0.6681906783236049,0.2148295918524583,-0.26753032989658343,29,29
size,M3,NQ,+5 to +15,10m,holdout,depth_ratio_5m,22.481306332536775,26.28594542715812,0.8552595680773778,0.39240746551096206,-29.038200004278465,74.00081266935202,0.2148295918524583,-0.26753032989658343,29,29
size,M3,NQ,+5 to +15,10m,holdout,spread_ratio_5m,-23.002860994800457,17.807954794588866,-1.2917182944439032,0.19645471956255645,-57.90581103051201,11.900089040911098,0.2148295918524583,-0.26753032989658343,29,29
size,M3,NQ,+5 to +15,10m,full_sample,const,26.348894820667415,13.48072232470683,1.9545610528878268,0.0506349020854194,-0.07283542134304355,52.77062506267787,0.016614992810848994,-0.26753032989658343,92,92
size,M3,NQ,+5 to +15,10m,full_sample,abs_ret_0_5m,0.0662318953818205,0.06321742134036218,1.047684229719343,0.29478411575774544,-0.05767197364078319,0.1901357644044242,0.016614992810848994,-0.26753032989658343,92,92
size,M3,NQ,+5 to +15,10m,full_sample,depth_ratio_5m,-3.196634699336039,3.372321330490493,-0.9479033538215941,0.34317865742309517,-9.806263051393602,3.4129936527215246,0.016614992810848994,-0.26753032989658343,92,92
size,M3,NQ,+5 to +15,10m,full_sample,spread_ratio_5m,-5.5875692186104535,13.715035647467607,-0.40740464423380207,0.6837108165136622,-32.46854513432994,21.293406697109038,0.016614992810848994,-0.26753032989658343,92,92
direction,D1,NQ,+5 to +20,15m,development,const,-4.31350509200158,3.908525195615174,-1.1036145031995028,0.26976039715944944,-11.974073708074691,3.3470635240715305,0.0026129685176852213,-0.004364923121675801,63,63
direction,D1,NQ,+5 to +20,15m,development,aligned_imbalance,-21.083601951344548,38.37454080008402,-0.5494163972197521,0.5827197237775575,-96.29631984277209,54.129115940083,0.0026129685176852213,-0.004364923121675801,63,63
direction,D1,NQ,+5 to +20,15m,holdout,const,-5.894917037975889,4.596360971216526,-1.2825182954278875,0.19966089119567465,-14.903619001505822,3.113784925554045,0.00041034561428232585,-0.004364923121675801,29,29
direction,D1,NQ,+5 to +20,15m,holdout,aligned_imbalance,8.926905475205835,58.52641106035715,0.15252781288775236,0.8787706555606543,-105.78275234748085,123.63656329789251,0.00041034561428232585,-0.004364923121675801,29,29
direction,D1,NQ,+5 to +20,15m,full_sample,const,-4.8373320983074395,3.026342309308143,-1.5984087733331493,0.10995203337445869,-10.768854029441176,1.0941898328262978,0.0012392624427242094,-0.004364923121675801,92,92
direction,D1,NQ,+5 to +20,15m,full_sample,aligned_imbalance,-14.737174230732231,33.01332681599024,-0.44640076151289837,0.6553077828424916,-79.44210579992348,49.967757338459016,0.0012392624427242094,-0.004364923121675801,92,92
direction,D2,NQ,+5 to +20,15m,development,const,-4.264935770483397,3.8986237455880266,-1.0939593171333644,0.2739728213654582,-11.906097901108575,3.376226360141782,0.006748686233362444,-0.009614019790137318,63,63
direction,D2,NQ,+5 to +20,15m,development,ahead_vs_behind,-6.515964396317924,8.193211636594711,-0.7952881831118072,0.4264458858135134,-22.57436412175803,9.542435329122185,0.006748686233362444,-0.009614019790137318,63,63
direction,D2,NQ,+5 to +20,15m,holdout,const,-6.28405726771912,4.650042215234916,-1.3513978963740774,0.1765680073110214,-15.397972536170407,2.829858000732166,0.004405605976741889,-0.009614019790137318,29,29
direction,D2,NQ,+5 to +20,15m,holdout,ahead_vs_behind,7.241507215151926,11.372218232883954,0.6367717420522544,0.5242735350220251,-15.04763094563036,29.530645375934213,0.004405605976741889,-0.009614019790137318,29,29
direction,D2,NQ,+5 to +20,15m,full_sample,const,-4.71684468948436,3.038285777612161,-1.5524690679990631,0.12055002838909544,-10.671775388344468,1.2380860093757473,0.0032559250160949516,-0.009614019790137318,92,92
direction,D2,NQ,+5 to +20,15m,full_sample,ahead_vs_behind,-4.7828416401667635,7.285541291302745,-0.6564840481895796,0.5115127279401444,-19.06224017899958,9.496556898666055,0.0032559250160949516,-0.009614019790137318,92,92
direction,D3,NQ,+5 to +20,15m,development,const,-1.2469268425739344,7.807578877905911,-0.1597072360168554,0.8731117005560594,-16.54950024972517,14.0556465645773,0.026263696845709728,-0.02301446137126817,63,63
direction,D3,NQ,+5 to +20,15m,development,abs_ret_0_5m,-0.08111863372541621,0.07521272052433604,-1.078522797206481,0.28080051368498904,-0.2285328571323914,0.06629558968155898,0.026263696845709728,-0.02301446137126817,63,63
direction,D3,NQ,+5 to +20,15m,development,aligned_imbalance,-38.417261438765586,55.81182123983397,-0.6883355637810015,0.4912414910204983,-147.8064209804278,70.97189810289663,0.026263696845709728,-0.02301446137126817,63,63
direction,D3,NQ,+5 to +20,15m,development,ahead_vs_behind,-10.338570559748671,11.536675787336948,-0.8961481409659308,0.3701736485407068,-32.95003960424437,12.27289848474702,0.026263696845709728,-0.02301446137126817,63,63
direction,D3,NQ,+5 to +20,15m,development,depth_ratio_5m,-0.4745967109046867,5.740317675269871,-0.08267777808697223,0.9341077548830583,-11.725412614252322,10.77621919244295,0.026263696845709728,-0.02301446137126817,63,63
direction,D3,NQ,+5 to +20,15m,holdout,const,-18.78255989859572,20.20633340136051,-0.929538255432877,0.3526102091930762,-58.38624562487105,20.82112582767961,0.03523640055007826,-0.02301446137126817,29,29
direction,D3,NQ,+5 to +20,15m,holdout,abs_ret_0_5m,-0.15310062987591,0.31144348171967057,-0.49158399151765025,0.6230134625888075,-0.763518637266223,0.45731737751440305,0.03523640055007826,-0.02301446137126817,29,29
direction,D3,NQ,+5 to +20,15m,holdout,aligned_imbalance,42.85886747592241,78.91174348879157,0.543124072299961,0.5870443794730816,-111.8053077193722,197.523042671217,0.03523640055007826,-0.02301446137126817,29,29
direction,D3,NQ,+5 to +20,15m,holdout,ahead_vs_behind,10.982535491469168,15.106782533423539,0.7269936842719795,0.46722982471998575,-18.626214196319722,40.59128517925806,0.03523640055007826,-0.02301446137126817,29,29
direction,D3,NQ,+5 to +20,15m,holdout,depth_ratio_5m,22.181550478365672,33.49760864794881,0.6621831042176182,0.5078538810076219,-43.47255603983145,87.83565699656279,0.03523640055007826,-0.02301446137126817,29,29
direction,D3,NQ,+5 to +20,15m,full_sample,const,-4.183010784929552,5.706612012269904,-0.7330112465917736,0.4635515699592745,-15.367764802722208,7.001743232863104,0.017219394309712532,-0.02301446137126817,92,92
direction,D3,NQ,+5 to +20,15m,full_sample,abs_ret_0_5m,-0.07433911854955838,0.0724100023825446,-1.0266415702739822,0.30458927188453555,-0.2162601153398053,0.06758187824068854,0.017219394309712532,-0.02301446137126817,92,92
direction,D3,NQ,+5 to +20,15m,full_sample,aligned_imbalance,-23.579714749829034,46.13480430660927,-0.5111046877563324,0.6092777536240641,-114.00226962458659,66.84284012492851,0.017219394309712532,-0.02301446137126817,92,92
direction,D3,NQ,+5 to +20,15m,full_sample,ahead_vs_behind,-6.718203683968608,10.052707483300159,-0.6682979381553753,0.5039434292139529,-26.421148298353206,12.984740930415992,0.017219394309712532,-0.02301446137126817,92,92
direction,D3,NQ,+5 to +20,15m,full_sample,depth_ratio_5m,1.8779758438859817,4.841722623971379,0.3878734883712915,0.6981096584137108,-7.611626122230688,11.36757781000265,0.017219394309712532,-0.02301446137126817,92,92
size,M0,NQ,+5 to +20,15m,development,const,19.921629413648166,2.897637180907994,6.875128999899701,6.193378822846768e-12,14.242364898804325,25.600893928492006,0.043927634596906184,0.08405480349252759,63,63
size,M0,NQ,+5 to +20,15m,development,abs_ret_0_5m,0.1051243621854369,0.04985584248662383,2.1085665579443664,0.03498201203770253,0.00740870649275234,0.20284001787812145,0.043927634596906184,0.08405480349252759,63,63
size,M0,NQ,+5 to +20,15m,holdout,const,14.448026692894041,4.2099043493985135,3.4319132915592943,0.0005993391472008549,6.196765789714426,22.699287596073656,0.07754856633207541,0.08405480349252759,29,29
size,M0,NQ,+5 to +20,15m,holdout,abs_ret_0_5m,0.22124766407569157,0.12777226561528887,1.7315781559501258,0.08334869827853504,-0.029181374753360134,0.4716767029047433,0.07754856633207541,0.08405480349252759,29,29
size,M0,NQ,+5 to +20,15m,full_sample,const,18.452325255370205,2.307538829036026,7.996539439849279,1.279647944156983e-15,13.929632257531864,22.975018253208546,0.052839953000335727,0.08405480349252759,92,92
size,M0,NQ,+5 to +20,15m,full_sample,abs_ret_0_5m,0.12353504714706343,0.04968065551941301,2.486582470692066,0.012897667157999526,0.02616275160067287,0.22090734269345397,0.052839953000335727,0.08405480349252759,92,92
size,M1,NQ,+5 to +20,15m,development,const,28.466506283823044,4.314546164692485,6.59779851627847,4.1730785524633e-11,20.010151191390353,36.92286137625574,0.01858199865823562,-0.08110196978429518,63,63
size,M1,NQ,+5 to +20,15m,development,depth_ratio_5m,-5.2354837830565195,3.040686504786815,-1.7218097869722955,0.08510398110757489,-11.195119820715655,0.7241522546026165,0.01858199865823562,-0.08110196978429518,63,63
size,M1,NQ,+5 to +20,15m,holdout,const,-6.769214661561874,11.482958754454785,-0.5895009122919451,0.5555253003364373,-29.27540025625217,15.736970933128424,0.1493271363798676,-0.08110196978429518,29,29
size,M1,NQ,+5 to +20,15m,holdout,depth_ratio_5m,36.22392062043464,16.98667930268555,2.13248981598821,0.03296660081249219,2.930640970239004,69.51720027063027,0.1493271363798676,-0.08110196978429518,29,29
size,M1,NQ,+5 to +20,15m,full_sample,const,24.057740974649846,3.1372887729215466,7.668322145636115,1.7426077663529964e-14,17.908767970621753,30.20671397867794,0.002460620264270741,-0.08110196978429518,92,92
size,M1,NQ,+5 to +20,15m,full_sample,depth_ratio_5m,-2.0826542004346758,2.3056004984163336,-0.9033022858319146,0.3663654837092003,-6.601548140068288,2.4362397391989363,0.002460620264270741,-0.08110196978429518,92,92
size,M2,NQ,+5 to +20,15m,development,const,8.560148780140342,12.362123337467558,0.692449714863784,0.4886549543328269,-15.669167733738167,32.789465294018854,0.11058238823538025,-0.44674927453399116,63,63
size,M2,NQ,+5 to +20,15m,development,depth_ratio_5m,-3.065737058503225,3.0111593709454745,-1.018125140796056,0.30861848902427014,-8.967500977266639,2.8360268602601897,0.11058238823538025,-0.44674927453399116,63,63
size,M2,NQ,+5 to +20,15m,development,spread_ratio_5m,21.045903471372764,12.4462846088522,1.6909386321122881,0.09084852394021686,-3.348366103312742,45.44017304605827,0.11058238823538025,-0.44674927453399116,63,63
size,M2,NQ,+5 to +20,15m,holdout,const,-9.996969739278367,21.90226845887342,-0.4564353577370304,0.6480769449598109,-52.92462709839786,32.93068761984112,0.15183071792291003,-0.44674927453399116,29,29
size,M2,NQ,+5 to +20,15m,holdout,depth_ratio_5m,37.01732910268366,18.334405136480775,2.0190090066804864,0.043486283388931686,1.0825553572151634,72.95210284815215,0.15183071792291003,-0.44674927453399116,29,29
size,M2,NQ,+5 to +20,15m,holdout,spread_ratio_5m,2.512300673207589,12.317463032533746,0.20396250969634935,0.8383827959594173,-21.62948325146207,26.65408459787725,0.15183071792291003,-0.44674927453399116,29,29
size,M2,NQ,+5 to +20,15m,full_sample,const,13.123751743516578,10.157699527176467,1.2920003893011969,0.1963570097726537,-6.784973495528831,33.03247698256199,0.03173908129389169,-0.44674927453399116,92,92
size,M2,NQ,+5 to +20,15m,full_sample,depth_ratio_5m,-0.462987369353034,2.81209224926461,-0.1646416007419777,0.8692260853530154,-5.974586899115902,5.048612160409833,0.03173908129389169,-0.44674927453399116,92,92
size,M2,NQ,+5 to +20,15m,full_sample,spread_ratio_5m,10.4142247011199,9.40175922453986,1.1076889391016702,0.267996177902489,-8.012884770295452,28.841334172535255,0.03173908129389169,-0.44674927453399116,92,92
size,M3,NQ,+5 to +20,15m,development,const,8.558538411904486,12.607792417610671,0.6788292611757984,0.4972460511065171,-16.152280651169605,33.26935747497858,0.11579489096788276,-0.33806166837641727,63,63
size,M3,NQ,+5 to +20,15m,development,abs_ret_0_5m,0.04025329773249736,0.05228652725879142,0.7698598442628297,0.44138303608441465,-0.06222641257140561,0.14273300803640032,0.11579489096788276,-0.33806166837641727,63,63
size,M3,NQ,+5 to +20,15m,development,depth_ratio_5m,-2.6255239175626346,2.7472161120564134,-0.9557034505004097,0.33922207875535415,-8.009968554941358,2.7589207198160888,0.11579489096788276,-0.33806166837641727,63,63
size,M3,NQ,+5 to +20,15m,development,spread_ratio_5m,18.925413044341216,14.047221589566727,1.3472709121637023,0.1778929967480315,-8.606635354063059,46.45746144274549,0.11579489096788276,-0.33806166837641727,63,63
size,M3,NQ,+5 to +20,15m,holdout,const,-2.197490941527013,24.8218598553063,-0.08853047089689549,0.9294550671383908,-50.84744228722796,46.452460404173934,0.17832391668148917,-0.33806166837641727,29,29
size,M3,NQ,+5 to +20,15m,holdout,abs_ret_0_5m,0.1640418650741431,0.1934679863905498,0.8479018577419584,0.39649262986391676,-0.21514842041281984,0.543232150561106,0.17832391668148917,-0.33806166837641727,29,29
size,M3,NQ,+5 to +20,15m,holdout,depth_ratio_5m,29.093004528573935,22.84964543502642,1.2732365852809695,0.20293410185447647,-15.691477583587904,73.87748664073578,0.17832391668148917,-0.33806166837641727,29,29
size,M3,NQ,+5 to +20,15m,holdout,spread_ratio_5m,-2.9317741780851616,13.878010936123896,-0.21125319698760814,0.8326897020929174,-30.132175789941,24.268627433770675,0.17832391668148917,-0.33806166837641727,29,29
size,M3,NQ,+5 to +20,15m,full_sample,const,12.844938767018894,10.156979345402258,1.2646416154063944,0.20599982794656257,-7.0623749416867465,32.75225247572453,0.0644350192476173,-0.33806166837641727,92,92
size,M3,NQ,+5 to +20,15m,full_sample,abs_ret_0_5m,0.10321380778787514,0.047175695266691756,2.1878598122272703,0.028679815434140016,0.010751144119522604,0.19567647145622769,0.0644350192476173,-0.33806166837641727,92,92
size,M3,NQ,+5 to +20,15m,full_sample,depth_ratio_5m,0.03034411843910556,2.8032504052567937,0.010824619299868029,0.9913633720467756,-5.463925715511522,5.524613952389732,0.0644350192476173,-0.33806166837641727,92,92
size,M3,NQ,+5 to +20,15m,full_sample,spread_ratio_5m,6.7853141787138656,9.83195412199305,0.6901287469940314,0.4901132266836421,-12.484961798042644,26.055590155470373,0.0644350192476173,-0.33806166837641727,92,92
direction,D1,NQ,+5 to +35,30m,development,const,-7.5425629369654255,6.303926098585098,-1.1964865734479877,0.2315067350351342,-19.898031051394312,4.812905177463461,0.00947737553809147,-0.08489980232239347,63,63
direction,D1,NQ,+5 to +35,30m,development,aligned_imbalance,-63.98248733812097,59.309116865815795,-1.0787968312338634,0.28067830777159686,-180.22622034999702,52.26124567375508,0.00947737553809147,-0.08489980232239347,63,63
direction,D1,NQ,+5 to +35,30m,holdout,const,-5.299976066120629,5.085868526882126,-1.0420985202639048,0.29736600456548845,-15.268095208915376,4.668143076674117,0.06601140299385,-0.08489980232239347,29,29
direction,D1,NQ,+5 to +35,30m,holdout,aligned_imbalance,124.48086000494834,68.51859685982244,1.8167456093652254,0.0692560745456576,-9.813122111522887,258.77484212141957,0.06601140299385,-0.08489980232239347,29,29
direction,D1,NQ,+5 to +35,30m,full_sample,const,-6.998707028590569,4.617952812938287,-1.5155432097491415,0.1296348963815396,-16.049728224255045,2.0523141670739085,0.0015797553799093977,-0.08489980232239347,92,92
direction,D1,NQ,+5 to +35,30m,full_sample,aligned_imbalance,-24.8520957908923,51.85336563637547,-0.4792764266290633,0.631741990086324,-126.48282491537509,76.77863333359048,0.0015797553799093977,-0.08489980232239347,92,92
direction,D2,NQ,+5 to +35,30m,development,const,-7.261344641087606,6.275095644559749,-1.1571687592336373,0.24720341876249774,-19.56030610396887,5.037616821793658,0.001235863468519005,-0.005785666026434377,63,63
direction,D2,NQ,+5 to +35,30m,development,ahead_vs_behind,-4.443177737383666,12.269181193443172,-0.36214134157201655,0.7172464112046275,-28.49033099632844,19.60397552156111,0.001235863468519005,-0.005785666026434377,63,63
direction,D2,NQ,+5 to +35,30m,holdout,const,-6.352823491812934,5.017033517407035,-1.2662509568196543,0.20542324922863064,-16.18602849516103,3.4803815115351604,0.002350770852913797,-0.005785666026434377,29,29
direction,D2,NQ,+5 to +35,30m,holdout,ahead_vs_behind,5.815651187123449,18.345809018488957,0.3170016204388926,0.7512423726882772,-30.141473756365023,41.77277613061192,0.002350770852913797,-0.005785666026434377,29,29
direction,D2,NQ,+5 to +35,30m,full_sample,const,-6.839390523006639,4.509575330755913,-1.5166373818752004,0.12935826188531843,-15.67799575685853,1.9992147108452532,0.0005403511290393848,-0.005785666026434377,92,92
direction,D2,NQ,+5 to +35,30m,full_sample,ahead_vs_behind,-2.9101968037931254,10.52856945439625,-0.2764095175891118,0.7822335473986172,-23.545813743138304,17.72542013555205,0.0005403511290393848,-0.005785666026434377,92,92
direction,D3,NQ,+5 to +35,30m,development,const,-6.855569456202281,12.00320969903264,-0.5711446878041949,0.5679015685602569,-30.38142816518812,16.670289252783554,0.02197551405386322,-0.11285493049282236,63,63
direction,D3,NQ,+5 to +35,30m,development,abs_ret_0_5m,-0.08240605964488007,0.2957477465417163,-0.2786363061375225,0.7805239474276369,-0.6620609913755244,0.49724887208576424,0.02197551405386322,-0.11285493049282236,63,63
direction,D3,NQ,+5 to +35,30m,development,aligned_imbalance,-80.3435853103973,88.3674311700721,-0.9091990595015478,0.3632450605727997,-253.5405678100608,92.85339718926618,0.02197551405386322,-0.11285493049282236,63,63
direction,D3,NQ,+5 to +35,30m,development,ahead_vs_behind,-10.613661849612978,18.585757515972066,-0.571064259312105,0.5679560847098153,-47.04107720631285,25.81375350708689,0.02197551405386322,-0.11285493049282236,63,63
direction,D3,NQ,+5 to +35,30m,development,depth_ratio_5m,2.1077523557059323,7.379411102089915,0.28562609218356166,0.7751645169561812,-12.35562763150533,16.571132342917196,0.02197551405386322,-0.11285493049282236,63,63
direction,D3,NQ,+5 to +35,30m,holdout,const,-40.5589332064975,20.699705390628736,-1.959396640729946,0.05006635377859422,-81.12961026271944,0.01174384972443221,0.20557994019569514,-0.11285493049282236,29,29
direction,D3,NQ,+5 to +35,30m,holdout,abs_ret_0_5m,-0.1598153049759711,0.19754283623001748,-0.8090159482669536,0.41850597283748336,-0.5469921493906995,0.22736153943875728,0.20557994019569514,-0.11285493049282236,29,29
direction,D3,NQ,+5 to +35,30m,holdout,aligned_imbalance,203.0350176165059,82.63728624089823,2.4569419792493297,0.014012531586898466,41.06891280421803,365.0011224287938,0.20557994019569514,-0.11285493049282236,29,29
direction,D3,NQ,+5 to +35,30m,holdout,ahead_vs_behind,28.656563021732293,16.280805329885407,1.7601440740237628,0.07838338152892635,-3.253229064150858,60.56635510761544,0.20557994019569514,-0.11285493049282236,29,29
direction,D3,NQ,+5 to +35,30m,holdout,depth_ratio_5m,52.60989834619665,29.33480733627611,1.7934291418078625,0.07290433132303524,-4.885267526325883,110.10506421871918,0.20557994019569514,-0.11285493049282236,29,29
direction,D3,NQ,+5 to +35,30m,full_sample,const,-9.765206946096129,8.862837877194035,-1.1018149131695256,0.2705421455749666,-27.136049986213866,7.605636094021609,0.011752615253688203,-0.11285493049282236,92,92
direction,D3,NQ,+5 to +35,30m,full_sample,abs_ret_0_5m,-0.0760921913846681,0.2614146134324386,-0.29107856820075506,0.7709912306892575,-0.5884554187447084,0.43627103597537215,0.011752615253688203,-0.11285493049282236,92,92
direction,D3,NQ,+5 to +35,30m,full_sample,aligned_imbalance,-24.643544754996974,74.74778269403822,-0.32968930805438473,0.7416347334045579,-171.14650675953823,121.85941724954426,0.011752615253688203,-0.11285493049282236,92,92
direction,D3,NQ,+5 to +35,30m,full_sample,ahead_vs_behind,-3.4844009612651208,16.089196740730483,-0.2165677390496576,0.828545229551437,-35.01864711327609,28.04984519074585,0.011752615253688203,-0.11285493049282236,92,92
direction,D3,NQ,+5 to +35,30m,full_sample,depth_ratio_5m,5.8906944570541855,6.350476460955327,0.9275988177063529,0.35361571123560864,-6.556010691087638,18.33739960519601,0.011752615253688203,-0.11285493049282236,92,92
size,M0,NQ,+5 to +35,30m,development,const,14.97946184635343,4.73522077285516,3.1634136115096863,0.0015593062225237697,5.698599672711396,24.260324019995466,0.26904442590846356,-0.036425671762446044,63,63
size,M0,NQ,+5 to +35,30m,development,abs_ret_0_5m,0.4897607498048453,0.12248018178993034,3.998693851098699,6.369300283451923e-05,0.24970400467666326,0.7298174949330274,0.26904442590846356,-0.036425671762446044,63,63
size,M0,NQ,+5 to +35,30m,holdout,const,21.818321324012313,4.408922282512415,4.948674511808176,7.472057859592903e-07,13.176992439651851,30.459650208372775,0.0016707738416595896,-0.036425671762446044,29,29
size,M0,NQ,+5 to +35,30m,holdout,abs_ret_0_5m,0.032304314082741745,0.10750218720282984,0.3004991333040653,0.7637964574205647,-0.17839610109408743,0.2430047292595709,0.0016707738416595896,-0.036425671762446044,29,29
size,M0,NQ,+5 to +35,30m,full_sample,const,15.183089939134097,3.6513779161987054,4.158180908028432,3.207919362636194e-05,8.026520729439724,22.33965914882847,0.23454624337428953,-0.036425671762446044,92,92
size,M0,NQ,+5 to +35,30m,full_sample,abs_ret_0_5m,0.44797439657560933,0.11612984358971432,3.85753035333707,0.00011453845915921348,0.2203640856094996,0.6755847075417191,0.23454624337428953,-0.036425671762446044,92,92
size,M1,NQ,+5 to +35,30m,development,const,41.99668903239271,8.488285023657564,4.9476058962846325,7.513183162874308e-07,25.359956095513162,58.633421969272256,0.02221888324842891,-0.13953547668040533,63,63
size,M1,NQ,+5 to +35,30m,development,depth_ratio_5m,-10.777281656237939,5.643034849282836,-1.9098378698844303,0.05615409166828625,-21.83742672433671,0.2828634118608324,0.02221888324842891,-0.13953547668040533,63,63
size,M1,NQ,+5 to +35,30m,holdout,const,26.510701665080205,14.496749461212357,1.8287342094179455,0.06743943503974323,-1.9024051717964454,54.923808501956856,0.0034664239701588384,-0.13953547668040533,29,29
size,M1,NQ,+5 to +35,30m,holdout,depth_ratio_5m,-5.490056421066338,19.680647455379898,-0.278957104105108,0.7802777444316669,-44.063416626040805,33.08330378390812,0.0034664239701588384,-0.13953547668040533,29,29
size,M1,NQ,+5 to +35,30m,full_sample,const,35.77397893576716,5.832422526535959,6.133639799415277,8.589087131139978e-10,24.34264084113657,47.20531703039775,0.011816241298980734,-0.13953547668040533,92,92
size,M1,NQ,+5 to +35,30m,full_sample,depth_ratio_5m,-7.855331593320508,4.31935899525103,-1.8186336449360065,0.06896734125675749,-16.32111966031164,0.6104564736706264,0.011816241298980734,-0.13953547668040533,92,92
size,M2,NQ,+5 to +35,30m,development,const,12.383213922948837,19.780963190015566,0.6260167315411244,0.5313039669741516,-26.38676150899421,51.15318935489188,0.07967149686734154,-1.0924769702171924,63,63
size,M2,NQ,+5 to +35,30m,development,depth_ratio_5m,-7.549481662719817,5.163744946140912,-1.4620167613742945,0.14373661678930744,-17.670235782506722,2.5712724570670904,0.07967149686734154,-1.0924769702171924,63,63
size,M2,NQ,+5 to +35,30m,development,spread_ratio_5m,31.308708209925143,21.830726679404936,1.4341578578537066,0.1515272200826294,-11.47872983804622,74.0961462578965,0.07967149686734154,-1.0924769702171924,63,63
size,M2,NQ,+5 to +35,30m,holdout,const,37.840370148164325,19.278471785342212,1.9628303824857671,0.0496658862126661,0.05525977192199605,75.62548052440665,0.034639182358920495,-1.0924769702171924,29,29
size,M2,NQ,+5 to +35,30m,holdout,depth_ratio_5m,-8.274981193582772,20.39525372168704,-0.40573073061521525,0.6849404599972295,-48.24894394364587,31.69898155648033,0.034639182358920495,-1.0924769702171924,29,29
size,M2,NQ,+5 to +35,30m,holdout,spread_ratio_5m,-8.818368516798294,8.534588527668687,-1.0332505765462046,0.3014866497418144,-25.545854653897646,7.909117620301057,0.034639182358920495,-1.0924769702171924,29,29
size,M2,NQ,+5 to +35,30m,full_sample,const,24.65011834308431,15.78091968375606,1.5620203915274768,0.11828318514095072,-6.279915879996789,55.58015256616541,0.022045450947667633,-1.0924769702171924,92,92
size,M2,NQ,+5 to +35,30m,full_sample,depth_ratio_5m,-6.207538856864954,4.479800214548035,-1.3856731460269438,0.16584673168460562,-14.98778593531391,2.572708221584003,0.022045450947667633,-1.0924769702171924,92,92
size,M2,NQ,+5 to +35,30m,full_sample,spread_ratio_5m,10.595070226178098,15.53632218576741,0.681954847453156,0.49526750234092387,-19.855561710136637,41.04570216249283,0.022045450947667633,-1.0924769702171924,92,92
size,M3,NQ,+5 to +35,30m,development,const,12.364751229925467,20.363739526382034,0.6071945289766862,0.5437218226053052,-27.54744483233806,52.27694729218899,0.2730067164600739,-0.16713604631559287,63,63
size,M3,NQ,+5 to +35,30m,development,abs_ret_0_5m,0.46149958913925876,0.12343352482401983,3.7388512545292896,0.0001848630622622492,0.21957432599934917,0.7034248522791684,0.2730067164600739,-0.16713604631559287,63,63
size,M3,NQ,+5 to +35,30m,development,depth_ratio_5m,-2.5024868791403834,4.068181582964997,-0.6151364751316005,0.5384645955163028,-10.475976264320924,5.471002506040158,0.2730067164600739,-0.16713604631559287,63,63
size,M3,NQ,+5 to +35,30m,development,spread_ratio_5m,6.997520904177328,23.273242004427797,0.30066807636194526,0.763667614355091,-38.61719522798593,52.61223703634059,0.2730067164600739,-0.16713604631559287,63,63
size,M3,NQ,+5 to +35,30m,holdout,const,47.059298285635855,22.769067079593285,2.0668083642220294,0.038752215027340164,2.432746848056432,91.68584972321528,0.07204544572090354,-0.16713604631559287,29,29
size,M3,NQ,+5 to +35,30m,holdout,abs_ret_0_5m,0.19389631087801984,0.1766964544417132,1.0973412652260115,0.27249223846064863,-0.1524223760236605,0.5402149977797002,0.07204544572090354,-0.16713604631559287,29,29
size,M3,NQ,+5 to +35,30m,holdout,depth_ratio_5m,-17.641476145499144,24.013564797702312,-0.7346462840530504,0.46255494227647165,-64.70719828941455,29.424245998416257,0.07204544572090354,-0.16713604631559287,29,29
size,M3,NQ,+5 to +35,30m,holdout,spread_ratio_5m,-15.253226041323321,11.382122850089795,-1.340103796296926,0.18021160205006037,-37.56177689510971,7.055324812463068,0.07204544572090354,-0.16713604631559287,29,29
size,M3,NQ,+5 to +35,30m,full_sample,const,23.41363550802251,15.650491617130164,1.4960319509960465,0.1346453292013767,-7.260764401898644,54.08803541794366,0.23910758163437718,-0.16713604631559287,92,92
size,M3,NQ,+5 to +35,30m,full_sample,abs_ret_0_5m,0.4577337227061722,0.11334438988103004,4.038432984522872,5.380946133045371e-05,0.23558280068968715,0.6798846447226572,0.23910758163437718,-0.16713604631559287,92,92
size,M3,NQ,+5 to +35,30m,full_sample,depth_ratio_5m,-4.019706983639569,3.899623871752555,-1.0307935113324267,0.30263766173485507,-11.66282932552722,3.6234153582480815,0.23910758163437718,-0.16713604631559287,92,92
size,M3,NQ,+5 to +35,30m,full_sample,spread_ratio_5m,-5.498461815604125,15.097886166254053,-0.3641875263236504,0.7157179809134695,-35.08977494414758,24.09285131293933,0.23910758163437718,-0.16713604631559287,92,92
direction,D1,ZN,+5 to +10,5m,development,const,0.22349852792375424,1.0665776101094282,0.20954736514750563,0.8340209639629058,-1.8669551746075288,2.3139522304550373,0.00806332074349847,-0.023486045463740446,61,61
direction,D1,ZN,+5 to +10,5m,development,aligned_imbalance,4.568806459931907,5.4926123704351975,0.831809374447064,0.4055165516461272,-6.196515967160253,15.334128887024068,0.00806332074349847,-0.023486045463740446,61,61
direction,D1,ZN,+5 to +10,5m,holdout,const,-1.7292915882504984,1.299533990183296,-1.3307013139429975,0.18328731053157565,-4.276331405695387,0.81774822919439,0.0019572666116572934,-0.023486045463740446,29,29
direction,D1,ZN,+5 to +10,5m,holdout,aligned_imbalance,1.3095124629520187,5.216950924427079,0.2510110756113406,0.8018055461740365,-8.915523458037995,11.534548383942035,0.0019572666116572934,-0.023486045463740446,29,29
direction,D1,ZN,+5 to +10,5m,full_sample,const,-0.4663461166704119,0.8125722230856915,-0.5739134361490873,0.5660263803629795,-2.0589584087560135,1.1262661754151897,0.0032143505502107983,-0.023486045463740446,90,90
direction,D1,ZN,+5 to +10,5m,full_sample,aligned_imbalance,2.3265219651870392,3.6509951616036376,0.6372295394018419,0.5239753392117835,-4.829297059286085,9.482340989660162,0.0032143505502107983,-0.023486045463740446,90,90
direction,D2,ZN,+5 to +10,5m,development,const,-0.07493745132025154,0.9617747594430179,-0.0779158015787909,0.9378950297812072,-1.9599813410682407,1.8101064384277379,0.0050429126120906664,-0.05596543005392851,61,61
direction,D2,ZN,+5 to +10,5m,development,ahead_vs_behind,0.9835182664741047,1.500852543152906,0.6553063929971329,0.5122705055559023,-1.9580986642109384,3.9251351971591477,0.0050429126120906664,-0.05596543005392851,61,61
direction,D2,ZN,+5 to +10,5m,holdout,const,-1.5271757751174444,1.3513071136528614,-1.1301470699648535,0.2584142585960497,-4.175689049929827,1.1213374996949377,0.032179009537347536,-0.05596543005392851,29,29
direction,D2,ZN,+5 to +10,5m,holdout,ahead_vs_behind,-1.454143401838116,1.7647023168913343,-0.824016259240656,0.4099303194998447,-4.91289638637952,2.0046095827032886,0.032179009537347536,-0.05596543005392851,29,29
direction,D2,ZN,+5 to +10,5m,full_sample,const,-0.4889837405070507,0.7919138271520364,-0.6174708961271522,0.536924172163898,-2.0411063205843196,1.0631388395702182,0.0008043592219107998,-0.05596543005392851,90,90
direction,D2,ZN,+5 to +10,5m,full_sample,ahead_vs_behind,-0.3195384060285098,1.1740650203812826,-0.2721641480509643,0.7854958073378602,-2.6206635614841085,1.9815867494270887,0.0008043592219107998,-0.05596543005392851,90,90
direction,D3,ZN,+5 to +10,5m,development,const,-0.1533740195854072,1.9580297763389092,-0.07833079018450033,0.9375649256746001,-3.9910418618666865,3.6842938226958717,0.03711979543910393,-0.1635931193417055,61,61
direction,D3,ZN,+5 to +10,5m,development,abs_ret_0_5m,0.08099618911094561,0.11373525964841597,0.71214669365793,0.47637394227465,-0.14192082357226138,0.3039132017941526,0.03711979543910393,-0.1635931193417055,61,61
direction,D3,ZN,+5 to +10,5m,development,aligned_imbalance,5.511795363034619,5.815783929147686,0.947730422963355,0.34326670894078903,-5.886931679961691,16.91052240603093,0.03711979543910393,-0.1635931193417055,61,61
direction,D3,ZN,+5 to +10,5m,development,ahead_vs_behind,1.5411093671563565,1.6512477714373597,0.9332998922474662,0.3506651507793008,-1.6952767944128952,4.777495528725608,0.03711979543910393,-0.1635931193417055,61,61
direction,D3,ZN,+5 to +10,5m,development,depth_ratio_5m,-0.6982774260944989,1.4601764463870466,-0.4782144156771364,0.6324976032343805,-3.5601706720867914,2.1636158198977937,0.03711979543910393,-0.1635931193417055,61,61
direction,D3,ZN,+5 to +10,5m,holdout,const,0.7353210781909993,4.410785033875041,0.16670979713218806,0.8675983964239646,-7.909658731752364,9.380300888134363,0.06965144674693435,-0.1635931193417055,29,29
direction,D3,ZN,+5 to +10,5m,holdout,abs_ret_0_5m,0.022220582388536157,0.1094371868057298,0.20304416658646013,0.8391005111990466,-0.19227236232007625,0.23671352709714857,0.06965144674693435,-0.1635931193417055,29,29
direction,D3,ZN,+5 to +10,5m,holdout,aligned_imbalance,-5.3190382934182265,6.904967781637629,-0.7703205086000745,0.44110979380749904,-18.852526459837414,8.214449873000959,0.06965144674693435,-0.1635931193417055,29,29
direction,D3,ZN,+5 to +10,5m,holdout,ahead_vs_behind,-2.6274776501672314,2.2117888506535603,-1.1879423523591954,0.23485612230535136,-6.962504138855451,1.7075488385209874,0.06965144674693435,-0.1635931193417055,29,29
direction,D3,ZN,+5 to +10,5m,holdout,depth_ratio_5m,-2.849818085106166,5.155463320220006,-0.5527763283522987,0.5804165796606235,-12.954340516354666,7.254704346142333,0.06965144674693435,-0.1635931193417055,29,29
direction,D3,ZN,+5 to +10,5m,full_sample,const,-0.9467409998072505,1.6067584745491936,-0.5892242143442725,0.5557108756864985,-4.095929741778187,2.202447742163686,0.008754557122495066,-0.1635931193417055,90,90
direction,D3,ZN,+5 to +10,5m,full_sample,abs_ret_0_5m,0.04422605245899749,0.0757744616764672,0.5836537994532859,0.5594532564720298,-0.1042891633747888,0.1927412682927838,0.008754557122495066,-0.1635931193417055,90,90
direction,D3,ZN,+5 to +10,5m,full_sample,aligned_imbalance,1.6998990065098183,4.046345509295527,0.42010723073566014,0.6744071206904116,-6.230792460714797,9.630590473734435,0.008754557122495066,-0.1635931193417055,90,90
direction,D3,ZN,+5 to +10,5m,full_sample,ahead_vs_behind,-0.11599558986708858,1.4776279920331679,-0.07850121308779649,0.93742936529786,-3.012093236800336,2.7801020570661583,0.008754557122495066,-0.1635931193417055,90,90
direction,D3,ZN,+5 to +10,5m,full_sample,depth_ratio_5m,-0.1474967065674373,1.2742575030221555,-0.11575109914410509,0.9078498071352302,-2.6449955195208013,2.3500021063859267,0.008754557122495066,-0.1635931193417055,90,90
size,M0,ZN,+5 to +10,5m,development,const,3.829584685319127,0.749766148231995,5.107705508376946,3.260943509885188e-07,2.3600700379570974,5.299099332681156,0.12404736223374802,0.10499948254136138,61,61
size,M0,ZN,+5 to +10,5m,development,abs_ret_0_5m,0.14350881131659446,0.05611928516900391,2.5572102510646015,0.010551542073750461,0.033517033547213984,0.25350058908597495,0.12404736223374802,0.10499948254136138,61,61
size,M0,ZN,+5 to +10,5m,holdout,const,2.669600165341013,1.1707943183178504,2.2801615309993863,0.022598109971639087,0.3748854681339022,4.9643148625481235,0.14952839575533372,0.10499948254136138,29,29
size,M0,ZN,+5 to +10,5m,holdout,abs_ret_0_5m,0.13938670718116747,0.07677366161077114,1.8155537232004562,0.06943885785000212,-0.011086904537209313,0.2898603188995442,0.14952839575533372,0.10499948254136138,29,29
size,M0,ZN,+5 to +10,5m,full_sample,const,3.5417671092735343,0.6447503590507849,5.493237901391476,3.946306120999672e-08,2.278079626514727,4.8054545920323415,0.12282530447563078,0.10499948254136138,90,90
size,M0,ZN,+5 to +10,5m,full_sample,abs_ret_0_5m,0.13603141099607916,0.04563469096881434,2.9808772253775047,0.0028742399993825388,0.04658906025158778,0.22547376174057054,0.12282530447563078,0.10499948254136138,90,90
size,M1,ZN,+5 to +10,5m,development,const,4.955314726337119,1.142605158610717,4.3368566026449935,1.4453485052604023e-05,2.7158497669104373,7.1947796857638,0.009525546105739302,0.02516905680800141,61,61
size,M1,ZN,+5 to +10,5m,development,depth_ratio_5m,0.6500377425801026,0.7993524418342133,0.8132054254923028,0.41610028928900744,-0.9166642543691038,2.216739739529309,0.009525546105739302,0.02516905680800141,61,61
size,M1,ZN,+5 to +10,5m,holdout,const,3.28975561417022,2.96552490959625,1.10933332696845,0.2672864130769085,-2.52256640389483,9.10207763223527,0.02550926858507707,0.02516905680800141,29,29
size,M1,ZN,+5 to +10,5m,holdout,depth_ratio_5m,1.9965078563483223,3.683359060305894,0.542034546092424,0.5877947076408185,-5.222743243980527,9.21575895667717,0.02550926858507707,0.02516905680800141,29,29
size,M1,ZN,+5 to +10,5m,full_sample,const,4.536439963952258,0.922090326015414,4.919734906617408,8.666150459520962e-07,2.72917613446925,6.3437037934352665,0.014416984419549861,0.02516905680800141,90,90
size,M1,ZN,+5 to +10,5m,full_sample,depth_ratio_5m,0.884211019642548,0.7688922800965858,1.149980358147797,0.2501519613051759,-0.6227901573376436,2.3912121966227398,0.014416984419549861,0.02516905680800141,90,90
size,M2,ZN,+5 to +10,5m,development,const,17.441777568647403,13.19860776794186,1.3214861654584351,0.18633931242046708,-8.427018302589236,43.31057343988404,0.025975856812661458,0.028424236125832003,61,61
size,M2,ZN,+5 to +10,5m,development,depth_ratio_5m,0.08244627845127189,0.8635018978611821,0.0954789777017098,0.9239343873307453,-1.6099863419386296,1.7748788988411732,0.025975856812661458,0.028424236125832003,61,61
size,M2,ZN,+5 to +10,5m,development,spread_ratio_5m,-12.311779180114916,13.278097583224104,-0.9272246346246122,0.35380991493258573,-38.33637222644249,13.712813866212661,0.025975856812661458,0.028424236125832003,61,61
size,M2,ZN,+5 to +10,5m,holdout,const,19.570889713279076,21.026127182421913,0.9307890865247199,0.35196267610470244,-21.63956229862652,60.781341725184674,0.04594104791500031,0.028424236125832003,29,29
size,M2,ZN,+5 to +10,5m,holdout,depth_ratio_5m,2.0242035395488482,3.608153413199778,0.5610081689275365,0.5747919683627226,-5.047647201017985,9.09605428011568,0.04594104791500031,0.028424236125832003,29,29
size,M2,ZN,+5 to +10,5m,holdout,spread_ratio_5m,-16.838894591850398,22.974870756654695,-0.7329266297166436,0.4636031802265763,-61.8688138243561,28.191024640655307,0.04594104791500031,0.028424236125832003,29,29
size,M2,ZN,+5 to +10,5m,full_sample,const,16.130569834252253,10.652147738072104,1.5143021136103458,0.129949232748859,-4.747256090368872,37.00839575887338,0.027804818695629674,0.028424236125832003,90,90
size,M2,ZN,+5 to +10,5m,full_sample,depth_ratio_5m,0.4248277649252402,0.7752421056842207,0.5479936677978702,0.5836962507932899,-1.0946188415148268,1.944274371365307,0.027804818695629674,0.028424236125832003,90,90
size,M2,ZN,+5 to +10,5m,full_sample,spread_ratio_5m,-11.532181503490918,10.775352603454452,-1.0702370426183394,0.2845126246502009,-32.65148452698155,9.587121519999716,0.027804818695629674,0.028424236125832003,90,90
size,M3,ZN,+5 to +10,5m,development,const,13.469859309629118,13.897212640295116,0.9692489895832145,0.3324209736027862,-13.7681769508441,40.70789557010234,0.13616395301619788,0.11621342492693332,61,61
size,M3,ZN,+5 to +10,5m,development,abs_ret_0_5m,0.1374085024018472,0.06122651970124026,2.2442644637053206,0.02481539055204128,0.017406728888684234,0.2574102759150102,0.13616395301619788,0.11621342492693332,61,61
size,M3,ZN,+5 to +10,5m,development,depth_ratio_5m,-0.15581727587246386,0.9805052972871645,-0.1589152820526058,0.87373562036415,-2.077572345206045,1.7659377934611173,0.13616395301619788,0.11621342492693332,61,61
size,M3,ZN,+5 to +10,5m,development,spread_ratio_5m,-9.779227322677782,13.673082569988528,-0.7152174553631754,0.47447468472565146,-36.57797671749766,17.019522072142095,0.13616395301619788,0.11621342492693332,61,61
size,M3,ZN,+5 to +10,5m,holdout,const,12.060275858631979,17.585689315506794,0.6858005758123686,0.4928388731667117,-22.407041843072175,46.52759356033613,0.1747226195129401,0.11621342492693332,29,29
size,M3,ZN,+5 to +10,5m,holdout,abs_ret_0_5m,0.13100280460773472,0.06914293984806298,1.8946663953775278,0.058136612455556645,-0.004514867279688084,0.26652047649515753,0.1747226195129401,0.11621342492693332,29,29
size,M3,ZN,+5 to +10,5m,holdout,depth_ratio_5m,1.6466486060243433,3.2416476329894532,0.5079665628265096,0.611476792812158,-4.7068640052045,8.000161217253186,0.1747226195129401,0.11621342492693332,29,29
size,M3,ZN,+5 to +10,5m,holdout,spread_ratio_5m,-11.027768447068077,19.66665436435339,-0.5607343395964874,0.5749786538652226,-49.57370269759819,27.51816580346204,0.1747226195129401,0.11621342492693332,29,29
size,M3,ZN,+5 to +10,5m,full_sample,const,11.280731676349738,10.95801618780346,1.029450174467297,0.3032681819025628,-10.196585393751946,32.75804874645142,0.13719484288386097,0.11621342492693332,90,90
size,M3,ZN,+5 to +10,5m,full_sample,abs_ret_0_5m,0.12959807106318288,0.04649628492698101,2.787277978589195,0.005315286265644101,0.03846702719138753,0.22072911493497824,0.13719484288386097,0.11621342492693332,90,90
size,M3,ZN,+5 to +10,5m,full_sample,depth_ratio_5m,0.31437832676602334,0.8192655010241344,0.38373192374514764,0.7011771489747181,-1.291352549017443,1.9201092025494897,0.13719484288386097,0.11621342492693332,90,90
size,M3,ZN,+5 to +10,5m,full_sample,spread_ratio_5m,-8.314340498487493,10.886103318851296,-0.7637572651078627,0.44501190796172707,-29.650710935417987,13.022029938443001,0.13719484288386097,0.11621342492693332,90,90
direction,D1,ZN,+5 to +15,10m,development,const,1.1807952382090445,1.3206495214157326,0.8941018938493502,0.3712673761148776,-1.4076302599658501,3.7692207363839394,0.00430001342639974,-0.061227690058685225,61,61
direction,D1,ZN,+5 to +15,10m,development,aligned_imbalance,4.108778103326252,6.288745078844827,0.6533542148413796,0.5135279484822743,-8.216935759163112,16.434491965815617,0.00430001342639974,-0.061227690058685225,61,61
direction,D1,ZN,+5 to +15,10m,holdout,const,-1.5274258307160955,1.3042286852740204,-1.1711334430550278,0.2415451430630381,-4.0836670814572,1.0288154200250097,0.013732839097132854,-0.061227690058685225,29,29
direction,D1,ZN,+5 to +15,10m,holdout,aligned_imbalance,-3.5010197383013706,5.7785299682279225,-0.6058668480653417,0.544603175305383,-14.826730359613482,7.82469088301074,0.013732839097132854,-0.061227690058685225,29,29
direction,D1,ZN,+5 to +15,10m,full_sample,const,0.1802283199769737,0.9548867482128391,0.18874313662252412,0.8502941410311604,-1.6913153158347578,2.051771955788705,0.00016496557574674497,-0.061227690058685225,90,90
direction,D1,ZN,+5 to +15,10m,full_sample,aligned_imbalance,-0.6208907958182697,4.270462897922589,-0.14539191901662663,0.8844014445624258,-8.990844273061093,7.7490626814245545,0.00016496557574674497,-0.061227690058685225,90,90
direction,D2,ZN,+5 to +15,10m,development,const,1.0063676169069378,1.2309092772242727,0.8175806580776763,0.4135966756231897,-1.4061702346888658,3.418905468502741,2.8646245409547078e-05,-0.0024967564281228594,61,61
direction,D2,ZN,+5 to +15,10m,development,ahead_vs_behind,0.09128670921530452,2.2256671063047904,0.041015437104996874,0.9672835891877842,-4.270940660717565,4.4535140791481735,2.8646245409547078e-05,-0.0024967564281228594,61,61
direction,D2,ZN,+5 to +15,10m,holdout,const,-1.4003821836014518,1.286631603834681,-1.0884095955887825,0.2764143269393857,-3.9221337884884333,1.1213694212855296,0.012725512377735781,-0.0024967564281228594,29,29
direction,D2,ZN,+5 to +15,10m,holdout,ahead_vs_behind,-0.9229715000499786,1.6900230635900404,-0.5461295291966913,0.5849769029171692,-4.235355837728504,2.389412837628546,0.012725512377735781,-0.0024967564281228594,29,29
direction,D2,ZN,+5 to +15,10m,full_sample,const,0.2556302563107122,0.92460101513893,0.2764762877448294,0.7821822697725509,-1.556554433430764,2.0678149460521884,0.0012521043829847311,-0.0024967564281228594,90,90
direction,D2,ZN,+5 to +15,10m,full_sample,ahead_vs_behind,-0.46965216635260043,1.426039598376172,-0.32934019987060126,0.7418985622321819,-3.264638419697861,2.32533408699266,0.0012521043829847311,-0.0024967564281228594,90,90
direction,D3,ZN,+5 to +15,10m,development,const,-2.303305117383411,2.205287377483869,-1.0444466970156858,0.2962787682604828,-6.625588952812581,2.018978718045759,0.04989215654200152,-0.1814404832244625,61,61
direction,D3,ZN,+5 to +15,10m,development,abs_ret_0_5m,0.13288575313686984,0.13851178412395374,0.9593822935523726,0.3373661917731515,-0.1385923551804663,0.404363861454206,0.04989215654200152,-0.1814404832244625,61,61
direction,D3,ZN,+5 to +15,10m,development,aligned_imbalance,2.887140488128723,5.822948392621719,0.4958210675174504,0.6200206596186699,-8.525628645245245,14.299909621502692,0.04989215654200152,-0.1814404832244625,61,61
direction,D3,ZN,+5 to +15,10m,development,ahead_vs_behind,-0.4905812022048255,2.2602357189139433,-0.21704869014305847,0.8281704000254554,-4.920561807847152,3.9393994034375006,0.04989215654200152,-0.1814404832244625,61,61
direction,D3,ZN,+5 to +15,10m,development,depth_ratio_5m,1.411285773989904,1.911841977885778,0.7381811835466564,0.4604043555895714,-2.335855646798043,5.158427194777851,0.04989215654200152,-0.1814404832244625,61,61
direction,D3,ZN,+5 to +15,10m,holdout,const,0.7128859151448004,3.0853286931027775,0.23105671584957868,0.8172707410179183,-5.3342472038046775,6.760019034094277,0.0963425634091597,-0.1814404832244625,29,29
direction,D3,ZN,+5 to +15,10m,holdout,abs_ret_0_5m,-0.045997932028794916,0.13587092255041727,-0.33854139771316105,0.7349552358847959,-0.3123000467738439,0.22030418271625402,0.0963425634091597,-0.1814404832244625,29,29
direction,D3,ZN,+5 to +15,10m,holdout,aligned_imbalance,-10.355624348262573,6.812350358810359,-1.5201250380303366,0.12847955290678162,-23.707585701599392,2.9963370050742437,0.0963425634091597,-0.1814404832244625,29,29
direction,D3,ZN,+5 to +15,10m,holdout,ahead_vs_behind,-2.91733371724704,1.6115267266424298,-1.81029186113793,0.07025053852671403,-6.075868061589928,0.2412006270958469,0.0963425634091597,-0.1814404832244625,29,29
direction,D3,ZN,+5 to +15,10m,holdout,depth_ratio_5m,-1.218104875516229,3.326783117083803,-0.3661509730709459,0.7142524234502847,-7.73847996937638,5.3022702183439225,0.0963425634091597,-0.1814404832244625,29,29
direction,D3,ZN,+5 to +15,10m,full_sample,const,-2.4029570163081093,1.8136487695961312,-1.3249296427131296,0.1851944880576577,-5.957643285321909,1.1517292527056906,0.027097355473922558,-0.1814404832244625,90,90
direction,D3,ZN,+5 to +15,10m,full_sample,abs_ret_0_5m,0.05112449744435701,0.09104800804555949,0.5615114327243144,0.5744489387295186,-0.12732631918905266,0.22957531407776668,0.027097355473922558,-0.1814404832244625,90,90
direction,D3,ZN,+5 to +15,10m,full_sample,aligned_imbalance,-2.836098364576144,4.592213964834935,-0.6175884630580549,0.5368466514644364,-11.836672344954504,6.164475615802215,0.027097355473922558,-0.1814404832244625,90,90
direction,D3,ZN,+5 to +15,10m,full_sample,ahead_vs_behind,-1.170493713272527,1.5315930179733905,-0.7642328605162543,0.44472848738653825,-4.1723608674733805,1.8313734409283262,0.027097355473922558,-0.1814404832244625,90,90
direction,D3,ZN,+5 to +15,10m,full_sample,depth_ratio_5m,1.745825985776197,1.6476820811561543,1.059564830947956,0.2893426204782278,-1.4835715512618677,4.975223522814262,0.027097355473922558,-0.1814404832244625,90,90
size,M0,ZN,+5 to +15,10m,development,const,5.4821839390633915,0.9027568001835206,6.072714088610492,1.2576626034417755e-09,3.712813123905069,7.251554754221714,0.09154521334946053,0.14858831506259074,61,61
size,M0,ZN,+5 to +15,10m,development,abs_ret_0_5m,0.14386133138631174,0.07232548734679994,1.989082087985086,0.046692143065730114,0.0021059810222764652,0.28561668175034705,0.09154521334946053,0.14858831506259074,61,61
size,M0,ZN,+5 to +15,10m,holdout,const,2.7401344253089217,0.8484409553954367,3.2296112155875534,0.0012395865843744514,1.0772207097251112,4.403048140892732,0.3023791509474403,0.14858831506259074,29,29
size,M0,ZN,+5 to +15,10m,holdout,abs_ret_0_5m,0.17042434461355338,0.052163514462196296,3.267117761727165,0.0010864847546873402,0.06818573496061439,0.27266295426649234,0.3023791509474403,0.14858831506259074,29,29
size,M0,ZN,+5 to +15,10m,full_sample,const,4.7629702648379055,0.6973242413847561,6.8303523413721186,8.470632691362799e-12,3.3962398661770683,6.129700663498743,0.11351403575783559,0.14858831506259074,90,90
size,M0,ZN,+5 to +15,10m,full_sample,abs_ret_0_5m,0.1424914198824221,0.04829028290595885,2.9507265500993607,0.003170274525402373,0.04784420458349252,0.23713863518135164,0.11351403575783559,0.14858831506259074,90,90
size,M1,ZN,+5 to +15,10m,development,const,4.785460414620188,1.109258122019675,4.314108970333334,1.6024789478481014e-05,2.6113544459030877,6.959566383337288,0.07657778888725919,0.06399714020916858,61,61
size,M1,ZN,+5 to +15,10m,development,depth_ratio_5m,2.15073299227005,0.9434800499180102,2.279574424977987,0.02263294122707176,0.30154607429869795,3.9999199102414025,0.07657778888725919,0.06399714020916858,61,61
size,M1,ZN,+5 to +15,10m,holdout,const,5.767932093755039,2.347624428078125,2.4569228470999245,0.014013277848058883,1.1666727654954716,10.369191422014607,0.00026210113035052274,0.06399714020916858,29,29
size,M1,ZN,+5 to +15,10m,holdout,depth_ratio_5m,-0.1740013655080672,2.7417495332832,-0.06346362546826202,0.949397323501894,-5.547731705372641,5.199728974356507,0.00026210113035052274,0.06399714020916858,29,29
size,M1,ZN,+5 to +15,10m,full_sample,const,4.535955061231358,0.9288195277228662,4.883569871051161,1.041822086097846e-06,2.715502238757038,6.356407883705678,0.06685416146953405,0.06399714020916858,90,90
size,M1,ZN,+5 to +15,10m,full_sample,depth_ratio_5m,2.074682220969085,0.8862340921156011,2.341009265414788,0.01923168983306543,0.33769531855095414,3.8116691233872158,0.06685416146953405,0.06399714020916858,90,90
size,M2,ZN,+5 to +15,10m,development,const,33.62799519889326,13.435645263712267,2.502893946576396,0.012318244974115013,7.29461437296106,59.961376024825455,0.14103613948944216,0.063593043159207,61,61
size,M2,ZN,+5 to +15,10m,development,depth_ratio_5m,0.8396510025875905,1.2511757344284022,0.6710895835677183,0.5021634622988234,-1.6126083752225293,3.2919103803977103,0.14103613948944216,0.063593043159207,61,61
size,M2,ZN,+5 to +15,10m,development,spread_ratio_5m,-28.439032233811627,12.919808924560268,-2.2011960393430945,0.027722148574763423,-53.76139241308892,-3.116672054534334,0.14103613948944216,0.063593043159207,61,61
size,M2,ZN,+5 to +15,10m,holdout,const,16.440799570018648,23.39693206203738,0.7026904008792938,0.48224871108562595,-29.416344620305075,62.29794376034237,0.01213910062167034,0.063593043159207,29,29
size,M2,ZN,+5 to +15,10m,holdout,depth_ratio_5m,-0.15584585160685788,2.7123427560327324,-0.05745802268545485,0.9541803438792874,-5.471939967159124,5.160248263945408,0.01213910062167034,0.063593043159207,29,29
size,M2,ZN,+5 to +15,10m,holdout,spread_ratio_5m,-11.038499488523232,24.21282665295122,-0.4558947060060741,0.6484656966030891,-58.49476769221913,36.41776871517267,0.01213910062167034,0.063593043159207,29,29
size,M2,ZN,+5 to +15,10m,full_sample,const,29.569321283948845,11.974266056435207,2.4694057359831008,0.013533767018756627,6.100191072035379,53.03845149586231,0.11942382585482014,0.063593043159207,90,90
size,M2,ZN,+5 to +15,10m,full_sample,depth_ratio_5m,1.0828088004909424,1.0921376729707981,0.9914581533896916,0.3214619162186103,-1.0577417046912054,3.2233593056730903,0.11942382585482014,0.063593043159207,90,90
size,M2,ZN,+5 to +15,10m,full_sample,spread_ratio_5m,-24.899610937018696,11.577420276396886,-2.1507045907093847,0.03149952379602433,-47.590937712640354,-2.2082841613970423,0.11942382585482014,0.063593043159207,90,90
size,M3,ZN,+5 to +15,10m,development,const,30.23827138350042,14.083302773721183,2.1471008519339434,0.03178525350385093,2.6355051636338587,57.841037603366985,0.1999720226079007,0.20542096090207707,61,61
size,M3,ZN,+5 to +15,10m,development,abs_ret_0_5m,0.11726748705652384,0.07285374837710967,1.6096287379685295,0.1074789305625627,-0.025523235901354524,0.2600582100144022,0.1999720226079007,0.20542096090207707,61,61
size,M3,ZN,+5 to +15,10m,development,depth_ratio_5m,0.63631156009105,1.2478431443058653,0.5099291228987034,0.6101011180383864,-1.8094160611036632,3.0820391812857633,0.1999720226079007,0.20542096090207707,61,61
size,M3,ZN,+5 to +15,10m,development,spread_ratio_5m,-26.277695875647794,13.49822036441942,-1.946752621176224,0.05156439960917844,-52.73372164529498,0.17832989399939336,0.1999720226079007,0.20542096090207707,61,61
size,M3,ZN,+5 to +15,10m,holdout,const,6.6653820895517715,15.630685389062158,0.4264292910799668,0.6697950615342784,-23.9701983266865,37.30096250579005,0.30724718159690045,0.20542096090207707,29,29
size,M3,ZN,+5 to +15,10m,holdout,abs_ret_0_5m,0.17050631691846224,0.053447125241598045,3.1901868650132132,0.0014218082788074043,0.06575187636772843,0.27526075746919604,0.30724718159690045,0.20542096090207707,29,29
size,M3,ZN,+5 to +15,10m,holdout,depth_ratio_5m,-0.6472513703086834,2.083372681705666,-0.3106747899654593,0.7560478642047569,-4.730586792826418,3.436084052209051,0.30724718159690045,0.20542096090207707,29,29
size,M3,ZN,+5 to +15,10m,holdout,spread_ratio_5m,-3.4750452627737674,16.381949388652128,-0.2121264802088176,0.8320083615465348,-35.5830760610899,28.63298553554236,0.30724718159690045,0.20542096090207707,29,29
size,M3,ZN,+5 to +15,10m,full_sample,const,24.897340550487293,12.05938530248057,2.0645613292881526,0.03896452539672434,1.261379681933711,48.533301419040875,0.20492813548110567,0.20542096090207707,90,90
size,M3,ZN,+5 to +15,10m,full_sample,abs_ret_0_5m,0.12484533945001364,0.04761853465170406,2.6217803710922456,0.00874717808170036,0.0315147265361011,0.21817595236392617,0.20492813548110567,0.20542096090207707,90,90
size,M3,ZN,+5 to +15,10m,full_sample,depth_ratio_5m,0.9764098588560121,1.0551954191113266,0.9253355740288687,0.35479137973847963,-1.0917351592538362,3.04455487696586,0.20492813548110567,0.20542096090207707,90,90
size,M3,ZN,+5 to +15,10m,full_sample,spread_ratio_5m,-21.79977735716571,11.600679605280458,-1.8791810565342026,0.060219775329674284,-44.53669157970374,0.9371368653723202,0.20492813548110567,0.20542096090207707,90,90
direction,D1,ZN,+5 to +20,15m,development,const,0.8123273593314724,1.3299435352047744,0.6107983819075421,0.5413330647685847,-1.7943140711417627,3.4189687898047074,0.002360021089688469,-0.030150311161189824,61,61
direction,D1,ZN,+5 to +20,15m,development,aligned_imbalance,3.080816305037434,6.869475464665995,0.44847911909489996,0.6538074526517049,-10.383108198389468,16.544740808464336,0.002360021089688469,-0.030150311161189824,61,61
direction,D1,ZN,+5 to +20,15m,holdout,const,-2.627546474963386,1.1609336426188976,-2.2633046183725223,0.02361691779706316,-4.90293460293732,-0.3521583469894525,0.00013580115028621886,-0.030150311161189824,29,29
direction,D1,ZN,+5 to +20,15m,holdout,aligned_imbalance,-0.3077974788040483,2.883704869943033,-0.10673681693720924,0.9149977737437162,-5.959755165935153,5.344160208327057,0.00013580115028621886,-0.030150311161189824,29,29
direction,D1,ZN,+5 to +20,15m,full_sample,const,-0.3694493585756721,0.9443349060077164,-0.3912270490323835,0.6956294162322416,-2.2203117636948133,1.4814130465434692,5.753148903386851e-05,-0.030150311161189824,90,90
direction,D1,ZN,+5 to +20,15m,full_sample,aligned_imbalance,0.3645514500497373,3.6655256875569497,0.09945407047268809,0.920777753488582,-6.819746881968303,7.548849782067778,5.753148903386851e-05,-0.030150311161189824,90,90
direction,D2,ZN,+5 to +20,15m,development,const,0.8922806580555825,1.247289256580426,0.7153758868266558,0.47437680826520534,-1.5523613631457915,3.3369226792569564,0.009819832865282763,0.046883547070003195,61,61
direction,D2,ZN,+5 to +20,15m,development,ahead_vs_behind,-1.7106289825328185,2.1606489517420076,-0.7917199974357871,0.42852395945950006,-5.945423111181374,2.5241651461157373,0.009819832865282763,0.046883547070003195,61,61
direction,D2,ZN,+5 to +20,15m,holdout,const,-2.3927687808632414,1.0564828419262875,-2.264843957617429,0.02352225686171803,-4.463437101323288,-0.32210046040319495,0.054773585425616944,0.046883547070003195,29,29
direction,D2,ZN,+5 to +20,15m,holdout,ahead_vs_behind,-1.6929150957081203,1.503433067152992,-1.126032899431928,0.26015159402190435,-4.639589760494573,1.2537595690783325,0.054773585425616944,0.046883547070003195,29,29
direction,D2,ZN,+5 to +20,15m,full_sample,const,-0.16233861127968807,0.9115830548291755,-0.1780842792323616,0.8586567880414937,-1.9490085676618734,1.6243313451024972,0.017296045704507268,0.046883547070003195,90,90
direction,D2,ZN,+5 to +20,15m,full_sample,ahead_vs_behind,-1.7354693122745681,1.3687330155938215,-1.2679385186903225,0.20481990718758558,-4.418136727289358,0.9471981027402223,0.017296045704507268,0.046883547070003195,90,90
direction,D3,ZN,+5 to +20,15m,development,const,-2.0375013064134984,2.211422363998413,-0.9213533061723891,0.35686599878046343,-6.371809494456814,2.296806881629817,0.046869868618185984,0.025117648461922437,61,61
direction,D3,ZN,+5 to +20,15m,development,abs_ret_0_5m,0.13220323192079328,0.12866587334679816,1.0274925936612636,0.3041885711447424,-0.11997724587832317,0.38438370971990976,0.046869868618185984,0.025117648461922437,61,61
direction,D3,ZN,+5 to +20,15m,development,aligned_imbalance,-0.4637789037594011,7.294333841864147,-0.06358070713704506,0.9493040941292598,-14.760410525024815,13.832852717506013,0.046869868618185984,0.025117648461922437,61,61
direction,D3,ZN,+5 to +20,15m,development,ahead_vs_behind,-2.423302488840368,2.3876102317867645,-1.0149489462636845,0.3101301645769857,-7.102932552261756,2.2563275745810207,0.046869868618185984,0.025117648461922437,61,61
direction,D3,ZN,+5 to +20,15m,development,depth_ratio_5m,1.0098926732018545,2.0584605835440826,0.49060578632169244,0.6237052930878157,-3.02461593413985,5.044401280543559,0.046869868618185984,0.025117648461922437,61,61
direction,D3,ZN,+5 to +20,15m,holdout,const,-4.136436494130027,2.6455715691568904,-1.56353225985425,0.11792745396206257,-9.32166148820065,1.0487884999405948,0.13915342203067504,0.025117648461922437,29,29
direction,D3,ZN,+5 to +20,15m,holdout,abs_ret_0_5m,0.07295712660793001,0.1173089332835818,0.6219230246648306,0.533992484410752,-0.15696415769270233,0.3028784109085624,0.13915342203067504,0.025117648461922437,29,29
direction,D3,ZN,+5 to +20,15m,holdout,aligned_imbalance,-9.270024406464982,6.996186556059525,-1.3250110373966577,0.18516749052700543,-22.98229808546497,4.442249272535003,0.13915342203067504,0.025117648461922437,29,29
direction,D3,ZN,+5 to +20,15m,holdout,ahead_vs_behind,-3.3776605182759942,2.0807310438103777,-1.623304717024162,0.1045242816963812,-7.455818425658768,0.7004973891067792,0.13915342203067504,0.025117648461922437,29,29
direction,D3,ZN,+5 to +20,15m,holdout,depth_ratio_5m,0.8624936721319425,2.5023024790780752,0.34468002143758075,0.7303349393412866,-4.041929065286377,5.766916409550262,0.13915342203067504,0.025117648461922437,29,29
direction,D3,ZN,+5 to +20,15m,full_sample,const,-3.3193364563193057,1.7526593489169873,-1.8938856876953345,0.05824018462360287,-6.754485657364021,0.11581274472540937,0.05811453711158665,0.025117648461922437,90,90
direction,D3,ZN,+5 to +20,15m,full_sample,abs_ret_0_5m,0.09282773063165614,0.08272850814015051,1.1220766905937252,0.2618298336954523,-0.06931716581776753,0.2549726270810798,0.05811453711158665,0.025117648461922437,90,90
direction,D3,ZN,+5 to +20,15m,full_sample,aligned_imbalance,-5.208481423210372,5.285644874287252,-0.98540131754741,0.3244269827368791,-15.568155011882128,5.151192165461383,0.05811453711158665,0.025117648461922437,90,90
direction,D3,ZN,+5 to +20,15m,full_sample,ahead_vs_behind,-2.7960745428426166,1.6978308500717312,-1.6468510645359553,0.09958866235834961,-6.123761860824234,0.531612775139001,0.05811453711158665,0.025117648461922437,90,90
direction,D3,ZN,+5 to +20,15m,full_sample,depth_ratio_5m,1.6328071255027083,1.6435407033201734,0.9934692351727087,0.32048133584987293,-1.5884734601304618,4.854087711135879,0.05811453711158665,0.025117648461922437,90,90
size,M0,ZN,+5 to +20,15m,development,const,6.468575960720553,0.9813742460796053,6.591344725583768,4.358605221029857e-11,4.5451177830493785,8.392034138391729,0.040112889818709196,0.014122558204236135,61,61
size,M0,ZN,+5 to +20,15m,development,abs_ret_0_5m,0.09116921961716742,0.06290852706249848,1.449234688432499,0.14727205330685061,-0.032129227745792924,0.21446766698012776,0.040112889818709196,0.014122558204236135,61,61
size,M0,ZN,+5 to +20,15m,holdout,const,3.0581939567797822,1.030812814932068,2.9667791401888244,0.00300937048038716,1.0378379647105773,5.078549948848988,0.12350066723025999,0.014122558204236135,29,29
size,M0,ZN,+5 to +20,15m,holdout,abs_ret_0_5m,0.11292969305947019,0.046230929735893586,2.442730304248929,0.014576625791199574,0.02231873580531693,0.20354065031362345,0.12350066723025999,0.014122558204236135,29,29
size,M0,ZN,+5 to +20,15m,full_sample,const,5.5861320107419035,0.7982641345867514,6.9978491688515545,2.599216834927338e-12,4.021563056801837,7.15070096468197,0.040542025489604616,0.014122558204236135,90,90
size,M0,ZN,+5 to +20,15m,full_sample,abs_ret_0_5m,0.08440092798225035,0.044866618536806374,1.8811519729977415,0.059951248745364866,-0.0035360284579873252,0.17233788442248804,0.040542025489604616,0.014122558204236135,90,90
size,M1,ZN,+5 to +20,15m,development,const,6.289849135629439,1.4545629414381356,4.324219293948618,1.5307297304017675e-05,3.4389581571640493,9.140740114094829,0.023768262385934213,0.029872751529005592,61,61
size,M1,ZN,+5 to +20,15m,development,depth_ratio_5m,1.1471330966947426,1.1127218069990819,1.0309253305536135,0.30257583693834744,-1.0337615698357867,3.328027763225272,0.023768262385934213,0.029872751529005592,61,61
size,M1,ZN,+5 to +20,15m,holdout,const,7.5992371208797325,2.5095600397771567,3.0281152873132804,0.0024608418644980466,2.6805898258756002,12.517884415883865,0.07421713360144533,0.029872751529005592,29,29
size,M1,ZN,+5 to +20,15m,holdout,depth_ratio_5m,-3.035904339535061,2.3327805720693995,-1.3014101608544877,0.19311809750853715,-7.608070244625828,1.536261565555706,0.07421713360144533,0.029872751529005592,29,29
size,M1,ZN,+5 to +20,15m,full_sample,const,5.605357483569728,1.2241360246067876,4.579031554414273,4.671337307421927e-06,3.206094963162387,8.004620003977069,0.018777606945560854,0.029872751529005592,90,90
size,M1,ZN,+5 to +20,15m,full_sample,depth_ratio_5m,1.0897780418180858,1.0341367069975043,1.0538046221975137,0.2919723768781355,-0.937092658987873,3.1166487426240446,0.018777606945560854,0.029872751529005592,90,90
size,M2,ZN,+5 to +20,15m,development,const,46.04838800894963,14.063167071634643,3.2743967112379018,0.0010588784151626598,18.48508703997611,73.61168897792315,0.1574010890043661,0.09276276625335489,61,61
size,M2,ZN,+5 to +20,15m,development,depth_ratio_5m,-0.660152727619252,1.200332880372988,-0.549974709860583,0.5823367198931418,-3.012761942609534,1.6924564873710297,0.1574010890043661,0.09276276625335489,61,61
size,M2,ZN,+5 to +20,15m,development,spread_ratio_5m,-39.20232313299099,13.911193060657626,-2.8180417712596806,0.004831752348647903,-66.46776051386345,-11.93688575211852,0.1574010890043661,0.09276276625335489,61,61
size,M2,ZN,+5 to +20,15m,holdout,const,33.36741652201783,26.77892707999881,1.246032614463481,0.2127524217993405,-19.11831609940419,85.85314914343985,0.13861573052002152,0.09276276625335489,29,29
size,M2,ZN,+5 to +20,15m,holdout,depth_ratio_5m,-2.9920703333163345,2.1653341334096914,-1.3818053699660684,0.16703146977696748,-7.236047249294578,1.251906582661909,0.13861573052002152,0.09276276625335489,29,29
size,M2,ZN,+5 to +20,15m,holdout,spread_ratio_5m,-26.650947908070183,26.443366639769486,-1.007850031772751,0.3135264629205854,-78.47899415200632,25.17709833586596,0.13861573052002152,0.09276276625335489,29,29
size,M2,ZN,+5 to +20,15m,full_sample,const,43.240177230251554,13.808852154863034,3.131337546765156,0.0017401202915969778,16.17532433888169,70.30503012162141,0.13973021632052285,0.09276276625335489,90,90
size,M2,ZN,+5 to +20,15m,full_sample,depth_ratio_5m,-0.40139086687402803,1.1566908562446494,-0.347016546994412,0.728578887617173,-2.668463286360338,1.8656815526122819,0.13973021632052285,0.09276276625335489,90,90
size,M2,ZN,+5 to +20,15m,full_sample,spread_ratio_5m,-37.433733883012735,13.537278545020047,-2.765233333902512,0.005688209169100202,-63.96631227993881,-10.901155486086658,0.13973021632052285,0.09276276625335489,90,90
size,M3,ZN,+5 to +20,15m,development,const,44.047782192262915,14.253506818554508,3.090311931862529,0.0019994638521929273,16.111422174499992,71.98414221002584,0.1797993450927845,0.09782614439141146,61,61
size,M3,ZN,+5 to +20,15m,development,abs_ret_0_5m,0.0692109533078047,0.061893632258458564,1.1182241336037624,0.26347127945323245,-0.052098336791140565,0.19052024340674997,0.1797993450927845,0.09782614439141146,61,61
size,M3,ZN,+5 to +20,15m,development,depth_ratio_5m,-0.7801631159500986,1.2166968368314228,-0.6412140578764344,0.5213836173335472,-3.1648450962434937,1.6045188643432968,0.1797993450927845,0.09782614439141146,61,61
size,M3,ZN,+5 to +20,15m,development,spread_ratio_5m,-37.92670826716545,14.2355249461661,-2.6642296937128296,0.007716485368044609,-65.8278244626725,-10.025592071658405,0.1797993450927845,0.09782614439141146,61,61
size,M3,ZN,+5 to +20,15m,holdout,const,26.960923852537036,23.36459864487841,1.1539219766758952,0.24853215829066144,-18.832848004657997,72.75469570973206,0.25651621005307346,0.09782614439141146,29,29
size,M3,ZN,+5 to +20,15m,holdout,abs_ret_0_5m,0.11174432924435145,0.05519771576865519,2.024437563914684,0.04292515003096214,0.0035587943089086527,0.21992986417979424,0.25651621005307346,0.09782614439141146,29,29
size,M3,ZN,+5 to +20,15m,holdout,depth_ratio_5m,-3.3141216277593943,2.0784910484970505,-1.594484436272085,0.11082757393090932,-7.3878892250025086,0.7596459694837194,0.25651621005307346,0.09782614439141146,29,29
size,M3,ZN,+5 to +20,15m,holdout,spread_ratio_5m,-21.694104463783496,22.837271243027114,-0.9499429346405535,0.3421412493456836,-66.45433360528891,23.066124677721916,0.25651621005307346,0.09782614439141146,29,29
size,M3,ZN,+5 to +20,15m,full_sample,const,40.77151176424006,13.892067832555007,2.9348771007794183,0.003336798212759977,13.543559141644835,67.99946438683529,0.16403262191975732,0.09782614439141146,90,90
size,M3,ZN,+5 to +20,15m,full_sample,abs_ret_0_5m,0.0659680327629209,0.0429961323773106,1.5342782970342876,0.12496120260059444,-0.018302838171124408,0.15023890369696621,0.16403262191975732,0.09782614439141146,90,90
size,M3,ZN,+5 to +20,15m,full_sample,depth_ratio_5m,-0.4576118591724543,1.14568650409933,-0.3994215324480943,0.6895826307053056,-2.7031161447807426,1.7878924264358338,0.16403262191975732,0.09782614439141146,90,90
size,M3,ZN,+5 to +20,15m,full_sample,spread_ratio_5m,-35.79578789274835,13.629370802575847,-2.626371269169903,0.008630062912268553,-62.50886379773878,-9.082711987757918,0.16403262191975732,0.09782614439141146,90,90
direction,D1,ZN,+5 to +35,30m,development,const,0.3701867999217258,1.888057432074841,0.1960675526246661,0.8445572925666908,-3.330337767688142,4.070711367531594,0.0015583061590026537,0.03327911262128658,61,61
direction,D1,ZN,+5 to +35,30m,development,aligned_imbalance,-3.5347760208102574,11.195041204494219,-0.3157447977405596,0.7521962210717184,-25.47665358706083,18.40710154544032,0.0015583061590026537,0.03327911262128658,61,61
direction,D1,ZN,+5 to +35,30m,holdout,const,-3.2147735639076336,2.042370744957472,-1.574040154974201,0.11547816643302072,-7.217746667102519,0.7881995392872518,0.05249523873385531,0.03327911262128658,29,29
direction,D1,ZN,+5 to +35,30m,holdout,aligned_imbalance,-10.937598883793365,4.498747641547323,-2.4312541523292537,0.015046655829762345,-19.754982236760625,-2.120215530826103,0.05249523873385531,0.03327911262128658,29,29
direction,D1,ZN,+5 to +35,30m,full_sample,const,-0.9163879885196488,1.3902752891714152,-0.6591413913900486,0.5098049782722949,-3.6412774838916313,1.808501506852334,0.014050922366251384,0.03327911262128658,90,90
direction,D1,ZN,+5 to +35,30m,full_sample,aligned_imbalance,-8.395392907229803,5.942599058786244,-1.412747658756661,0.15772993304844807,-20.042673037012463,3.251887222552858,0.014050922366251384,0.03327911262128658,90,90
direction,D2,ZN,+5 to +35,30m,development,const,0.6819843109892603,1.7878937949199973,0.3814456501426456,0.7028725929109781,-2.822223135236576,4.186191757215097,0.0035093309856968347,-0.003956270408019602,61,61
direction,D2,ZN,+5 to +35,30m,development,ahead_vs_behind,-1.4439215155042868,2.69228704499728,-0.5363178187806291,0.591738917704967,-6.720707159742724,3.8328641287341503,0.0035093309856968347,-0.003956270408019602,61,61
direction,D2,ZN,+5 to +35,30m,holdout,const,-3.1690568077779826,1.9953641121483179,-1.588209785113356,0.11223890917662385,-7.079898603632428,0.741784988076462,0.000725520853403494,-0.003956270408019602,29,29
direction,D2,ZN,+5 to +35,30m,holdout,ahead_vs_behind,-0.3521463921403185,2.8985220830763283,-0.12149170578909999,0.903301583863206,-6.033145283363937,5.3288524990832995,0.000725520853403494,-0.003956270408019602,29,29
direction,D2,ZN,+5 to +35,30m,full_sample,const,-0.5771886567129564,1.3629103364707211,-0.42349715991412606,0.6719325702541596,-3.2484438303529366,2.0940665169270236,0.002176352023075312,-0.003956270408019602,90,90
direction,D2,ZN,+5 to +35,30m,full_sample,ahead_vs_behind,-0.907174187540621,2.0346255408780087,-0.4458678854238432,0.6556926813333472,-4.894966969686846,3.0806185946056033,0.002176352023075312,-0.003956270408019602,90,90
direction,D3,ZN,+5 to +35,30m,development,const,-5.079664900686016,3.324296568873663,-1.5280420369976515,0.1265021011918012,-11.59516644960847,1.4358366482364397,0.06229302258930525,0.06167068802750919,61,61
direction,D3,ZN,+5 to +35,30m,development,abs_ret_0_5m,0.20049155708955252,0.16861661601040875,1.1890379598009257,0.23442472975201611,-0.12999093748586849,0.5309740516649735,0.06229302258930525,0.06167068802750919,61,61
direction,D3,ZN,+5 to +35,30m,development,aligned_imbalance,-8.503621747620398,11.168725720897042,-0.7613779727538524,0.4464313402222705,-30.39392191378475,13.386678418543957,0.06229302258930525,0.06167068802750919,61,61
direction,D3,ZN,+5 to +35,30m,development,ahead_vs_behind,-3.540904324753452,3.0178208809099747,-1.173331507894448,0.2406628918229048,-9.455724563129941,2.373915913623038,0.06229302258930525,0.06167068802750919,61,61
direction,D3,ZN,+5 to +35,30m,development,depth_ratio_5m,2.458225235343201,2.65449666697098,0.926060773000803,0.3544143982246749,-2.744492629001534,7.660943099687936,0.06229302258930525,0.06167068802750919,61,61
direction,D3,ZN,+5 to +35,30m,holdout,const,-7.578458919419134,5.085477615826214,-1.4902157657394186,0.13616751228648608,-17.545811890623135,2.3888940517848667,0.14727516123129358,0.06167068802750919,29,29
direction,D3,ZN,+5 to +35,30m,holdout,abs_ret_0_5m,0.05411089371473735,0.19343317191135959,0.27973947374204033,0.7796773912002934,-0.32501115664687225,0.433232944076347,0.14727516123129358,0.06167068802750919,29,29
direction,D3,ZN,+5 to +35,30m,holdout,aligned_imbalance,-21.603893885997504,11.27193152461384,-1.9166097521815473,0.05528752814425859,-43.69647371044229,0.48868593844728636,0.14727516123129358,0.06167068802750919,29,29
direction,D3,ZN,+5 to +35,30m,holdout,ahead_vs_behind,-4.090683869951423,3.7393271825949537,-1.0939625419759715,0.2739714069483129,-11.419630474249164,3.238262734346317,0.14727516123129358,0.06167068802750919,29,29
direction,D3,ZN,+5 to +35,30m,holdout,depth_ratio_5m,4.6330211504618255,5.067715158211225,0.9142228806911011,0.360599743695162,-5.299518043539878,14.56556034446353,0.14727516123129358,0.06167068802750919,29,29
direction,D3,ZN,+5 to +35,30m,full_sample,const,-6.135379666684303,2.6652046136310132,-2.302029508468246,0.021333508134634353,-11.359084720831078,-0.911674612537527,0.07749163039747109,0.06167068802750919,90,90
direction,D3,ZN,+5 to +35,30m,full_sample,abs_ret_0_5m,0.13111290932720224,0.11727524308220363,1.1179930723767433,0.2635699521175987,-0.098742343392097,0.3609681620465015,0.07749163039747109,0.06167068802750919,90,90
direction,D3,ZN,+5 to +35,30m,full_sample,aligned_imbalance,-15.558491003341587,7.780093417898793,-1.9997820292938775,0.045523805925462124,-30.807193898780355,-0.3097881079028202,0.07749163039747109,0.06167068802750919,90,90
direction,D3,ZN,+5 to +35,30m,full_sample,ahead_vs_behind,-3.670081754282516,2.364150761417757,-1.5523890498766695,0.12056916194783034,-8.303732100684265,0.9635685921192332,0.07749163039747109,0.06167068802750919,90,90
direction,D3,ZN,+5 to +35,30m,full_sample,depth_ratio_5m,3.244469618314085,2.1958872973807497,1.4775210103834027,0.13953603055637792,-1.0593903986611801,7.54832963528935,0.07749163039747109,0.06167068802750919,90,90
size,M0,ZN,+5 to +35,30m,development,const,9.16638328298949,1.5126840335082457,6.059681387480926,1.3639144294824463e-09,6.201577057324547,12.131189508654431,0.03152259702557758,0.06628700262726017,61,61
size,M0,ZN,+5 to +35,30m,development,abs_ret_0_5m,0.11621516692931087,0.09900149199777093,1.1738728839756023,0.24044594510334805,-0.07782419180205051,0.31025452566067224,0.03152259702557758,0.06628700262726017,61,61
size,M0,ZN,+5 to +35,30m,holdout,const,4.955778124440213,1.7764744579834302,2.789670350828336,0.0052761731870920505,1.4739521673373766,8.43760408154305,0.13254246253885027,0.06628700262726017,29,29
size,M0,ZN,+5 to +35,30m,holdout,abs_ret_0_5m,0.2063442088464782,0.07822358922465618,2.6378770252265316,0.008342682936220902,0.05302879122469664,0.3596596264682598,0.13254246253885027,0.06628700262726017,29,29
size,M0,ZN,+5 to +35,30m,full_sample,const,8.009184466047683,1.1866535405462948,6.7493874095387,1.4847066995542736e-11,5.6833862644500055,10.334982667645361,0.04774577238795641,0.06628700262726017,90,90
size,M0,ZN,+5 to +35,30m,full_sample,abs_ret_0_5m,0.13627023312574965,0.06728619669291977,2.0252331060954254,0.04284343372766493,0.004391710950948813,0.2681487553005505,0.04774577238795641,0.06628700262726017,90,90
size,M1,ZN,+5 to +35,30m,development,const,7.528804011693969,1.9304612543204154,3.900002652135254,9.619163431829678e-05,3.7451694796759374,11.312438543712002,0.05996904868214781,0.009654213879715101,61,61
size,M1,ZN,+5 to +35,30m,development,depth_ratio_5m,2.6201383660295052,1.526289531395775,1.716671910625907,0.08603913523824584,-0.3713341454867298,5.61161087754574,0.05996904868214781,0.009654213879715101,61,61
size,M1,ZN,+5 to +35,30m,holdout,const,10.30905200284155,4.402806121843564,2.3414730782024296,0.019207811187438268,1.6797105731156972,18.938393432567402,0.012019597021785455,0.009654213879715101,29,29
size,M1,ZN,+5 to +35,30m,holdout,depth_ratio_5m,-2.1548756785725214,4.141435919002126,-0.520320903357533,0.6028399289233408,-10.27194092409723,5.962189566952187,0.012019597021785455,0.009654213879715101,29,29
size,M1,ZN,+5 to +35,30m,full_sample,const,7.407958358695362,1.756016364559759,4.218615787531439,2.4580673057809077e-05,3.9662295278952766,10.849687189495448,0.03883785041082266,0.009654213879715101,90,90
size,M1,ZN,+5 to +35,30m,full_sample,depth_ratio_5m,2.331763822641886,1.4503434659789147,1.6077321526512023,0.1078938535143373,-0.51085713588978,5.174384781173552,0.03883785041082266,0.009654213879715101,90,90
size,M2,ZN,+5 to +35,30m,development,const,40.21119348632678,26.072482382263996,1.5422848080503737,0.1230043990176141,-10.889932970465722,91.31231994311928,0.10363961453547166,0.06804156939275419,61,61
size,M2,ZN,+5 to +35,30m,development,depth_ratio_5m,1.1345098475768511,1.6652410037634495,0.6812886813457365,0.4956888438004011,-2.129302545378838,4.398322240532541,0.10363961453547166,0.06804156939275419,61,61
size,M2,ZN,+5 to +35,30m,development,spread_ratio_5m,-32.22516795763287,25.79091214458716,-1.2494776368115423,0.21149042795360562,-82.77442688946039,18.324090974194654,0.10363961453547166,0.06804156939275419,61,61
size,M2,ZN,+5 to +35,30m,holdout,const,47.106517893578015,31.89393112115497,1.4769743408122138,0.13968251553084507,-15.404438429286913,109.61747421644294,0.05423415192576342,0.06804156939275419,29,29
size,M2,ZN,+5 to +35,30m,holdout,depth_ratio_5m,-2.092279857440637,3.971686400858495,-0.5267988572784555,0.5983332765444845,-9.8766421610108,5.6920824461295245,0.05423415192576342,0.06804156939275419,29,29
size,M2,ZN,+5 to +35,30m,holdout,spread_ratio_5m,-38.058076643152084,31.197716754625432,-1.2198994222072204,0.22250300489988095,-99.20447788209975,23.088324595795584,0.05423415192576342,0.06804156939275419,29,29
size,M2,ZN,+5 to +35,30m,full_sample,const,43.3307765608281,21.408624130452413,2.02398698285299,0.04297149111944237,1.370644306586236,85.29090881506997,0.08862282489609763,0.06804156939275419,90,90
size,M2,ZN,+5 to +35,30m,full_sample,depth_ratio_5m,0.9084279337980865,1.5367149863665093,0.5911492644098056,0.554420413641667,-2.103478093983232,3.920333961579405,0.08862282489609763,0.06804156939275419,90,90
size,M2,ZN,+5 to +35,30m,full_sample,spread_ratio_5m,-35.73087970017562,21.255112001455547,-1.6810487612452372,0.09275344367273591,-77.39013371039356,5.928374310042315,0.08862282489609763,0.06804156939275419,90,90
size,M3,ZN,+5 to +35,30m,development,const,37.81919041305609,25.615592742184006,1.476412855001988,0.1398330938247924,-12.38644880427016,88.02482963038234,0.11912505317420408,0.121001570894132,61,61
size,M3,ZN,+5 to +35,30m,development,abs_ret_0_5m,0.08275134043669125,0.08674490037614212,0.9539620205668109,0.3401028674195318,-0.08726554014306229,0.2527682210164448,0.11912505317420408,0.121001570894132,61,61
size,M3,ZN,+5 to +35,30m,development,depth_ratio_5m,0.9910207027799539,1.6694476595197083,0.5936219067000074,0.5527650255579755,-2.281036583953361,4.263077989513269,0.11912505317420408,0.121001570894132,61,61
size,M3,ZN,+5 to +35,30m,development,spread_ratio_5m,-30.699992606289463,25.466085504013755,-1.2055246025719495,0.22800084621285632,-80.61260302137397,19.212617808795045,0.11912505317420408,0.121001570894132,61,61
size,M3,ZN,+5 to +35,30m,holdout,const,35.60675601011639,28.270418798639877,1.2595057846058324,0.20784770216779258,-19.802246663081867,91.01575868331466,0.17634944537838337,0.121001570894132,29,29
size,M3,ZN,+5 to +35,30m,holdout,abs_ret_0_5m,0.20058294677504468,0.08108562427956928,2.473717734273947,0.013371529631506085,0.04165804352314231,0.3595078500269471,0.17634944537838337,0.121001570894132,29,29
size,M3,ZN,+5 to +35,30m,holdout,depth_ratio_5m,-2.670367337037475,3.92341154543975,-0.6806238158067536,0.49610955337725615,-10.360112662628019,5.019377988553069,0.17634944537838337,0.121001570894132,29,29
size,M3,ZN,+5 to +35,30m,holdout,spread_ratio_5m,-29.160459453259275,27.173543525806053,-1.07311950042755,0.2832175026801095,-82.4196260961707,24.09870718965215,0.17634944537838337,0.121001570894132,29,29
size,M3,ZN,+5 to +35,30m,full_sample,const,39.1017677761252,21.063957594953518,1.85633528741499,0.06340578233370336,-2.1828304818626307,80.38636603411302,0.12084270221382054,0.121001570894132,90,90
size,M3,ZN,+5 to +35,30m,full_sample,abs_ret_0_5m,0.11300817948196816,0.060378056468411795,1.871676335608634,0.061251395385961194,-0.005330636652644605,0.23134699561658092,0.12084270221382054,0.121001570894132,90,90
size,M3,ZN,+5 to +35,30m,full_sample,depth_ratio_5m,0.8121171644418438,1.4956717592635487,0.5429782032133312,0.5871448099714927,-2.1193456164083733,3.743579945292061,0.12084270221382054,0.121001570894132,90,90
size,M3,ZN,+5 to +35,30m,full_sample,spread_ratio_5m,-32.92495557758139,20.932641532813566,-1.5729001772647246,0.11574193406496769,-73.9521790831833,8.10226792802051,0.12084270221382054,0.121001570894132,90,90
direction,D1,pooled,+5 to +10,5m,development,const,-3.6986358342374537,2.2804567257456223,-1.6218838062047158,0.10482822952883794,-8.16824888500101,0.7709772165261013,0.011062205181308848,0.001501150182782518,187,63
direction,D1,pooled,+5 to +10,5m,development,aligned_imbalance,4.917049463889244,7.81082041083673,0.6295176697530174,0.5290102044293388,-10.391877231061095,20.225976158839583,0.011062205181308848,0.001501150182782518,187,63
direction,D1,pooled,+5 to +10,5m,holdout,const,-3.3654793914312107,3.2388541732611955,-1.0390956836573215,0.2987602381906017,-9.713516922200405,2.9825581393379847,0.005583110429304372,0.001501150182782518,87,29
direction,D1,pooled,+5 to +10,5m,holdout,aligned_imbalance,4.494501477327032,5.391420627391511,0.8336395521604054,0.40448413050951526,-6.072488777866673,15.061491732520736,0.005583110429304372,0.001501150182782518,87,29
direction,D1,pooled,+5 to +10,5m,full_sample,const,-3.5982188330525577,1.8383097378895605,-1.9573517774993838,0.05030612388065806,-7.201239711745363,0.004802045640247776,0.00860659812748199,0.001501150182782518,274,92
direction,D1,pooled,+5 to +10,5m,full_sample,aligned_imbalance,4.439995556686159,4.962555724158995,0.8946993854539751,0.3709478073027195,-5.2864349339385575,14.166426047310875,0.00860659812748199,0.001501150182782518,274,92
direction,D2,pooled,+5 to +10,5m,development,const,-3.7581638729710676,2.283366744467361,-1.645887101613075,0.09978700498381379,-8.233480455623567,0.7171527096814332,0.01167689828400098,0.0026200981165562798,187,63
direction,D2,pooled,+5 to +10,5m,development,ahead_vs_behind,-1.4396042619103442,1.8708484381697439,-0.7694927245516012,0.44160086192283765,-5.106399821256052,2.227191297435364,0.01167689828400098,0.0026200981165562798,187,63
direction,D2,pooled,+5 to +10,5m,holdout,const,-3.2432119817806084,3.2117210129358877,-1.0098050137972396,0.31258871755906514,-9.538069495525448,3.0516455319642324,0.005732142982810884,0.0026200981165562798,87,29
direction,D2,pooled,+5 to +10,5m,holdout,ahead_vs_behind,-1.268125056565604,1.6030198340045134,-0.7910850693579338,0.4288943512673161,-4.409986197717826,1.8737360845866184,0.005732142982810884,0.0026200981165562798,87,29
direction,D2,pooled,+5 to +10,5m,full_sample,const,-3.594045680567449,1.8433889480992038,-1.9496947099923871,0.05121251721237321,-7.207021628341064,0.018930267206165308,0.009265710006820194,0.0026200981165562798,274,92
direction,D2,pooled,+5 to +10,5m,full_sample,ahead_vs_behind,-1.3941968927317603,1.332355476386943,-1.0464151027565989,0.295369422856243,-4.005565641054875,1.2171718555913544,0.009265710006820194,0.0026200981165562798,274,92
direction,D3,pooled,+5 to +10,5m,development,const,-0.4941203659756998,3.0417325747721082,-0.16244701130990127,0.8709538527691381,-6.45580666313132,5.467565931179919,0.034839214786582584,-0.015459819203786251,187,63
direction,D3,pooled,+5 to +10,5m,development,abs_ret_0_5m,-0.08481129776494631,0.09337016097923916,-0.9083340638536983,0.3637017505554029,-0.2678134505149622,0.09819085498506955,0.034839214786582584,-0.015459819203786251,187,63
direction,D3,pooled,+5 to +10,5m,development,aligned_imbalance,3.475990085141498,7.0619500758363305,0.492213913694348,0.622568129450392,-10.365177724117613,17.31715789440061,0.034839214786582584,-0.015459819203786251,187,63
direction,D3,pooled,+5 to +10,5m,development,ahead_vs_behind,-1.036737272934274,1.7154781476687306,-0.6043430365715591,0.5456155991968905,-4.399012658630471,2.3255381127619223,0.034839214786582584,-0.015459819203786251,187,63
direction,D3,pooled,+5 to +10,5m,development,depth_ratio_5m,-0.9465824892578381,1.2358438868107355,-0.7659401801150013,0.4437118967048651,-3.3687919979208747,1.4756270194051986,0.034839214786582584,-0.015459819203786251,187,63
direction,D3,pooled,+5 to +10,5m,holdout,const,-0.2990999385649544,3.335699889389146,-0.08966632145667261,0.9285523796851507,-6.8369515850019225,6.238751707872013,0.02290168781377966,-0.015459819203786251,87,29
direction,D3,pooled,+5 to +10,5m,holdout,abs_ret_0_5m,0.05504143246805555,0.1588349989163077,0.3465321424345375,0.7289428326475413,-0.2562694448923661,0.36635230982847716,0.02290168781377966,-0.015459819203786251,87,29
direction,D3,pooled,+5 to +10,5m,holdout,aligned_imbalance,0.5124256383217087,8.746519982146053,0.05858623079438499,0.9532816780786546,-16.63043851674447,17.655289793387887,0.02290168781377966,-0.015459819203786251,87,29
direction,D3,pooled,+5 to +10,5m,holdout,ahead_vs_behind,-1.530707614726359,2.6744384864411543,-0.5723472880332554,0.5670867192355247,-6.772510727018835,3.7110954975661166,0.02290168781377966,-0.015459819203786251,87,29
direction,D3,pooled,+5 to +10,5m,holdout,depth_ratio_5m,-7.361927015970552,6.255336533302444,-1.1769034290604177,0.23923405327462055,-19.622161332420976,4.898307300479874,0.02290168781377966,-0.015459819203786251,87,29
direction,D3,pooled,+5 to +10,5m,full_sample,const,-1.1180531405961913,2.434496002972332,-0.45925445728033015,0.6460514483112467,-5.889577626928678,3.6534713457362953,0.021550180054340617,-0.015459819203786251,274,92
direction,D3,pooled,+5 to +10,5m,full_sample,abs_ret_0_5m,-0.0661811204558091,0.08467952798305985,-0.7815480557360763,0.4344802242648673,-0.2321499455304581,0.0997877046188399,0.021550180054340617,-0.015459819203786251,274,92
direction,D3,pooled,+5 to +10,5m,full_sample,aligned_imbalance,2.5797746131872374,4.857516160346642,0.5310892497376971,0.5953569334418489,-6.940782115413472,12.100331341787946,0.021550180054340617,-0.015459819203786251,274,92
direction,D3,pooled,+5 to +10,5m,full_sample,ahead_vs_behind,-1.0520030607309512,1.3709740511110406,-0.7673398777157054,0.4428794646193973,-3.739062824647566,1.6350567031856638,0.021550180054340617,-0.015459819203786251,274,92
direction,D3,pooled,+5 to +10,5m,full_sample,depth_ratio_5m,-1.0176301171077384,1.2693892664215574,-0.8016690734879658,0.4227444099669182,-3.50558736165571,1.4703271274402334,0.021550180054340617,-0.015459819203786251,274,92
size,M0,pooled,+5 to +10,5m,development,const,9.51738704940292,2.1613600585673858,4.403425061769361,1.0655510138778634e-05,5.281199176987462,13.753574921818378,0.17840815026113677,0.12730931302239068,187,63
size,M0,pooled,+5 to +10,5m,development,abs_ret_0_5m,0.1141886808770486,0.061479808798880986,1.8573363045190048,0.0632633223663964,-0.0063095301451668445,0.23468689189926406,0.17840815026113677,0.12730931302239068,187,63
size,M0,pooled,+5 to +10,5m,holdout,const,8.84830282573717,3.4041879810126052,2.599240369535987,0.009343032511844035,2.176216986348342,15.520388665125997,0.12437511954743741,0.12730931302239068,87,29
size,M0,pooled,+5 to +10,5m,holdout,abs_ret_0_5m,0.12618272808763492,0.08131805382433274,1.551718494889475,0.12072959535151742,-0.033197728700946866,0.2855631848762167,0.12437511954743741,0.12730931302239068,87,29
size,M0,pooled,+5 to +10,5m,full_sample,const,9.352617446107763,1.832175149745588,5.104652493189009,3.3140294297475476e-07,5.761620139237129,12.943614752978396,0.16156013357502752,0.12730931302239068,274,92
size,M0,pooled,+5 to +10,5m,full_sample,abs_ret_0_5m,0.11528175128680584,0.05406589272690346,2.1322454041240877,0.03298667766658703,0.009314548750069013,0.22124895382354268,0.16156013357502752,0.12730931302239068,274,92
size,M1,pooled,+5 to +10,5m,development,const,13.730838778479356,1.9776155061349558,6.943128599003987,3.8351000207753084e-12,9.854783611186893,17.60689394577182,0.10735902722496915,0.07987668694994243,187,63
size,M1,pooled,+5 to +10,5m,development,depth_ratio_5m,-1.1394717233152116,1.0893602812508827,-1.046000797832272,0.29556066403458203,-3.2745786407553656,0.9956351941249424,0.10735902722496915,0.07987668694994243,187,63
size,M1,pooled,+5 to +10,5m,holdout,const,6.0098983501216905,2.2340538396653904,2.6901313851155146,0.007142389289505251,1.6312332848541047,10.388563415389276,0.13815830512594673,0.07987668694994243,87,29
size,M1,pooled,+5 to +10,5m,holdout,depth_ratio_5m,9.735844659786588,3.903878355791597,2.4938903757959006,0.012635156040984674,2.084383682409615,17.38730563716356,0.13815830512594673,0.07987668694994243,87,29
size,M1,pooled,+5 to +10,5m,full_sample,const,12.137425892627395,1.5749902146047332,7.706350033211767,1.2946721680526585e-14,9.050501795999107,15.224349989255682,0.1018279553295417,0.07987668694994243,274,92
size,M1,pooled,+5 to +10,5m,full_sample,depth_ratio_5m,0.20385757908710433,1.1354952259263738,0.17953186806293328,0.8575200967163286,-2.02167216834576,2.4293873265199686,0.1018279553295417,0.07987668694994243,274,92
size,M2,pooled,+5 to +10,5m,development,const,15.450949365125293,6.812192718302019,2.2681315699736304,0.023321188698429012,2.099296981507326,28.80260174874326,0.10791821416926428,0.08723731930493939,187,63
size,M2,pooled,+5 to +10,5m,development,depth_ratio_5m,-1.2536506439122403,0.9621349785850107,-1.3029883247316867,0.1925787475506151,-3.1394005502050772,0.6320992623805968,0.10791821416926428,0.08723731930493939,187,63
size,M2,pooled,+5 to +10,5m,development,spread_ratio_5m,-1.7259801141392064,6.905508424845553,-0.24994251081198404,0.8026318074257481,-15.260527921774408,11.808567693495995,0.10791821416926428,0.08723731930493939,187,63
size,M2,pooled,+5 to +10,5m,holdout,const,14.208572961953202,12.678303081830615,1.1206998973163553,0.26241562592925005,-10.640444463517976,39.05759038742438,0.1557554686520496,0.08723731930493939,87,29
size,M2,pooled,+5 to +10,5m,holdout,depth_ratio_5m,9.194898573836157,3.608731940217781,2.5479583205842826,0.010835541597317614,2.1219139411499555,16.26788320652236,0.1557554686520496,0.08723731930493939,87,29
size,M2,pooled,+5 to +10,5m,holdout,spread_ratio_5m,-8.455858501323194,12.66398987808458,-0.6677088802760585,0.5043194403679748,-33.27682256294876,16.365105560302375,0.1557554686520496,0.08723731930493939,87,29
size,M2,pooled,+5 to +10,5m,full_sample,const,16.3674990525209,5.672308470348396,2.88550933682131,0.003907808701994324,5.249978741436557,27.48501936360524,0.10585736301593518,0.08723731930493939,274,92
size,M2,pooled,+5 to +10,5m,full_sample,depth_ratio_5m,-0.11099235212002434,1.0441861004709478,-0.10629556557970335,0.9153478498140147,-2.1575595022004044,1.935574797960356,0.10585736301593518,0.08723731930493939,274,92
size,M2,pooled,+5 to +10,5m,full_sample,spread_ratio_5m,-4.2535302356594595,5.528639579120596,-0.7693629101313275,0.4416779003967466,-15.08946469423851,6.582404222919591,0.10585736301593518,0.08723731930493939,274,92
size,M3,pooled,+5 to +10,5m,development,const,18.06076708971846,5.9157538919953,3.052995006123694,0.002265697087745339,6.46610252000502,29.6554316594319,0.19167091406453807,0.14698247189766056,187,63
size,M3,pooled,+5 to +10,5m,development,abs_ret_0_5m,0.1294400451537446,0.062041141672734085,2.086358207857272,0.03694618766050215,0.007841641915438707,0.2510384483920505,0.19167091406453807,0.14698247189766056,187,63
size,M3,pooled,+5 to +10,5m,development,depth_ratio_5m,-0.8512465996085945,0.9293873144662583,-0.9159223354554397,0.35970763102138104,-2.6728122636508624,0.9703190644336734,0.19167091406453807,0.14698247189766056,187,63
size,M3,pooled,+5 to +10,5m,development,spread_ratio_5m,-8.768664132822229,5.341563183205255,-1.6415913903990385,0.10067471311985324,-19.237935593049656,1.7006073274051978,0.19167091406453807,0.14698247189766056,187,63
size,M3,pooled,+5 to +10,5m,holdout,const,15.930012429194072,11.093758180373849,1.43594372350536,0.15101835549870363,-5.813354057535275,37.67337891592342,0.19576935810972484,0.14698247189766056,87,29
size,M3,pooled,+5 to +10,5m,holdout,abs_ret_0_5m,0.158145774094399,0.07613220434327884,2.0772520047012213,0.037778306313026845,0.008929395517928596,0.3073621526708694,0.19576935810972484,0.14698247189766056,87,29
size,M3,pooled,+5 to +10,5m,holdout,depth_ratio_5m,7.764642212503527,4.094373460089197,1.8964176785999323,0.05790483602633684,-0.260182308527944,15.789466733534997,0.19576935810972484,0.14698247189766056,87,29
size,M3,pooled,+5 to +10,5m,holdout,spread_ratio_5m,-12.775799567588994,10.859965319119466,-1.1764125567782997,0.23943005640121928,-34.06094046641718,8.509341331239195,0.19576935810972484,0.14698247189766056,87,29
size,M3,pooled,+5 to +10,5m,full_sample,const,17.395057018253958,5.4232993522919015,3.207467611188152,0.0013390913822112428,6.765585610382429,28.024528426125485,0.1793142897553952,0.14698247189766056,274,92
size,M3,pooled,+5 to +10,5m,full_sample,abs_ret_0_5m,0.13251373324829857,0.05379836396219797,2.463155447281089,0.013772019242490515,0.027070877455212985,0.23795658904138417,0.1793142897553952,0.14698247189766056,274,92
size,M3,pooled,+5 to +10,5m,full_sample,depth_ratio_5m,0.029927086728848307,1.0257443305901763,0.02917597088899272,0.9767242455263886,-1.980494858574044,2.040349032031741,0.1793142897553952,0.14698247189766056,274,92
size,M3,pooled,+5 to +10,5m,full_sample,spread_ratio_5m,-9.069194283802243,4.878113828823658,-1.8591600364498366,0.06300445753270222,-18.6301217007834,0.49173313317891143,0.1793142897553952,0.14698247189766056,274,92
direction,D1,pooled,+5 to +15,10m,development,const,-1.8614894576452365,3.0273108032496783,-0.6148986934697995,0.5386216257246373,-7.794909602023628,4.071930686733154,0.0055184751668097,0.0014498592772774765,187,63
direction,D1,pooled,+5 to +15,10m,development,aligned_imbalance,10.501605380881223,9.232941895524823,1.137406202672121,0.2553685155184249,-7.594628205698406,28.597838967460852,0.0055184751668097,0.0014498592772774765,187,63
direction,D1,pooled,+5 to +15,10m,holdout,const,-5.093860522040638,3.88848069423964,-1.3099873504802626,0.19020011487651467,-12.715142637329638,2.527421593248363,0.024352506511375438,0.0014498592772774765,87,29
direction,D1,pooled,+5 to +15,10m,holdout,aligned_imbalance,5.097406817116077,7.7422709040922175,0.6583865225410566,0.5102897934215029,-10.077165313457032,20.271978947689185,0.024352506511375438,0.0014498592772774765,87,29
direction,D1,pooled,+5 to +15,10m,full_sample,const,-2.920790540707379,2.379036824210322,-1.227719769187214,0.2195521826013075,-7.583617034054157,1.7420359526393994,0.006382609685051777,0.0014498592772774765,274,92
direction,D1,pooled,+5 to +15,10m,full_sample,aligned_imbalance,7.391085398446572,6.09276307178178,1.2130925347610977,0.22509444384897415,-4.550510788581345,19.33268158547449,0.006382609685051777,0.0014498592772774765,274,92
direction,D2,pooled,+5 to +15,10m,development,const,-1.976566627109438,3.0142835821922698,-0.6557334680739937,0.511995630878527,-7.884453887396667,3.9313206331777906,0.011501146316225785,0.006861024012030814,187,63
direction,D2,pooled,+5 to +15,10m,development,ahead_vs_behind,-4.417475652317197,2.4730036149635954,-1.7862794965555382,0.07405401499788639,-9.264473671283202,0.4295223666488086,0.011501146316225785,0.006861024012030814,187,63
direction,D2,pooled,+5 to +15,10m,holdout,const,-4.93756584627884,3.8315539158770715,-1.2886588456497274,0.19751671582188768,-12.447273526221313,2.5721418336636317,0.025380847324609657,0.006861024012030814,87,29
direction,D2,pooled,+5 to +15,10m,holdout,ahead_vs_behind,-1.7756973171131376,1.5880186300050378,-1.1181841847204932,0.26348833744970657,-4.888156638701649,1.336762004475374,0.025380847324609657,0.006861024012030814,87,29
direction,D2,pooled,+5 to +15,10m,full_sample,const,-2.883857841755274,2.3747244546398054,-1.2143968265963274,0.22459622665051493,-7.538232246055813,1.7705165625452657,0.011616109834422073,0.006861024012030814,274,92
direction,D2,pooled,+5 to +15,10m,full_sample,ahead_vs_behind,-3.646840840737573,1.738143654361725,-2.098123956317496,0.035894196834862675,-7.053539803243391,-0.2401418782317557,0.011616109834422073,0.006861024012030814,274,92
direction,D3,pooled,+5 to +15,10m,development,const,-3.964243945203043,4.067440898246117,-0.9746285304139091,0.32974455615477605,-11.93628161501068,4.007793724604593,0.01802887202388348,0.006582360808482179,187,63
direction,D3,pooled,+5 to +15,10m,development,abs_ret_0_5m,0.06143990741886336,0.06475759177325753,0.9487676384568049,0.34273880437432713,-0.0654826401822687,0.18836245501999543,0.01802887202388348,0.006582360808482179,187,63
direction,D3,pooled,+5 to +15,10m,development,aligned_imbalance,3.060484818177324,10.218202875062119,0.2995130215751093,0.7645486380176295,-16.96682480366806,23.087794440022712,0.01802887202388348,0.006582360808482179,187,63
direction,D3,pooled,+5 to +15,10m,development,ahead_vs_behind,-4.123487595589495,2.719626003198355,-1.5161965618581967,0.12946965718228065,-9.453856613276884,1.2068814220978945,0.01802887202388348,0.006582360808482179,187,63
direction,D3,pooled,+5 to +15,10m,development,depth_ratio_5m,0.33999431144160275,2.1741489530088156,0.1563804131134083,0.8757331752979296,-3.9212593334811428,4.6012479563643485,0.01802887202388348,0.006582360808482179,187,63
direction,D3,pooled,+5 to +15,10m,holdout,const,-0.9172217804646878,4.420634862794591,-0.2074864377929753,0.8356299832944668,-9.58150690034425,7.747063339414874,0.03533750772680366,0.006582360808482179,87,29
direction,D3,pooled,+5 to +15,10m,holdout,abs_ret_0_5m,-0.06080708534522401,0.13861483487061493,-0.438676606309723,0.6608958801945795,-0.33248716941459605,0.21087299872414805,0.03533750772680366,0.006582360808482179,87,29
direction,D3,pooled,+5 to +15,10m,holdout,aligned_imbalance,1.5616839383701322,10.737995435358645,0.1454353326718445,0.8843671697718963,-19.484400381088307,22.607768257828575,0.03533750772680366,0.006582360808482179,87,29
direction,D3,pooled,+5 to +15,10m,holdout,ahead_vs_behind,-1.7323438063429766,2.121550871090285,-0.8165459664197017,0.41418794466820497,-5.8905071050495135,2.4258194923635603,0.03533750772680366,0.006582360808482179,87,29
direction,D3,pooled,+5 to +15,10m,holdout,depth_ratio_5m,-5.229328861505715,7.710266201881264,-0.6782293535117875,0.4976262837856573,-20.341172928409428,9.882515205397997,0.03533750772680366,0.006582360808482179,87,29
direction,D3,pooled,+5 to +15,10m,full_sample,const,-4.631127446125035,2.961089013531009,-1.563994673906326,0.11781881921874454,-10.43475526766305,1.1725003754129792,0.0160822655477737,0.006582360808482179,274,92
direction,D3,pooled,+5 to +15,10m,full_sample,abs_ret_0_5m,0.05418106896452918,0.061630900938594226,0.879121806421625,0.3793352353700663,-0.06661327720987131,0.17497541513892967,0.0160822655477737,0.006582360808482179,274,92
direction,D3,pooled,+5 to +15,10m,full_sample,aligned_imbalance,-0.21463151859153018,7.321105381579606,-0.0293168186229852,0.9766119133461347,-14.563734393509927,14.134471356326868,0.0160822655477737,0.006582360808482179,274,92
direction,D3,pooled,+5 to +15,10m,full_sample,ahead_vs_behind,-3.666311640510847,2.0041427527138977,-1.8293665137107291,0.0673447205658386,-7.59435925570705,0.26173597468535625,0.0160822655477737,0.006582360808482179,274,92
direction,D3,pooled,+5 to +15,10m,full_sample,depth_ratio_5m,0.47543046471312556,1.8561991230905317,0.25613117622938214,0.7978495495588338,-3.1626529646791472,4.113513894105399,0.0160822655477737,0.006582360808482179,274,92
size,M0,pooled,+5 to +15,10m,development,const,15.49489705968291,2.496141761815094,6.207538889303965,5.382079305648879e-10,10.602549106218968,20.387245013146853,0.12431980380841734,0.1172112618552903,187,63
size,M0,pooled,+5 to +15,10m,development,abs_ret_0_5m,0.05015461014599699,0.06114533470179038,0.8202524426532974,0.41207221139784866,-0.06968804369215931,0.1699972639841533,0.12431980380841734,0.1172112618552903,187,63
size,M0,pooled,+5 to +15,10m,holdout,const,10.827940950390936,3.531651722849952,3.065970769522275,0.0021696452453929416,3.9060307676661967,17.749851133115676,0.1288858830462849,0.1172112618552903,87,29
size,M0,pooled,+5 to +15,10m,holdout,abs_ret_0_5m,0.1479621587985216,0.09170303221421054,1.6134925446401214,0.10663754168560706,-0.03177248161444743,0.32769679921149064,0.1288858830462849,0.1172112618552903,87,29
size,M0,pooled,+5 to +15,10m,full_sample,const,14.137743722852889,2.0682169856035766,6.835715895025884,8.159651121409794e-12,10.084112918855883,18.191374526849895,0.12330631916209689,0.1172112618552903,274,92
size,M0,pooled,+5 to +15,10m,full_sample,abs_ret_0_5m,0.0693493888365985,0.05707880068455973,1.2149762784934979,0.2243751389195574,-0.042523004785878754,0.18122178245907575,0.12330631916209689,0.1172112618552903,274,92
size,M1,pooled,+5 to +15,10m,development,const,19.079414595559257,2.706177880527192,7.05031799012502,1.785093719024344e-12,13.775403413967023,24.38342577715149,0.12319294695144178,0.05798667230075083,187,63
size,M1,pooled,+5 to +15,10m,development,depth_ratio_5m,-2.4990187588282162,1.6162403488383241,-1.5461925329511732,0.1220580763383663,-5.666791632911785,0.6687541152553527,0.12319294695144178,0.05798667230075083,187,63
size,M1,pooled,+5 to +15,10m,holdout,const,9.708283870546833,3.9403613269693825,2.463805490146175,0.013747069112462373,1.985317583612387,17.43125015748128,0.11792715641120743,0.05798667230075083,87,29
size,M1,pooled,+5 to +15,10m,holdout,depth_ratio_5m,7.3658914976153165,4.971323503207072,1.4816761558292222,0.13842648452381584,-2.3777235241680375,17.10950651939867,0.11792715641120743,0.05798667230075083,87,29
size,M1,pooled,+5 to +15,10m,full_sample,const,16.410767846239036,2.205522132805842,7.440763165392237,1.0010527777129868e-13,12.088023898833619,20.733511793644453,0.11122306962501016,0.05798667230075083,274,92
size,M1,pooled,+5 to +15,10m,full_sample,depth_ratio_5m,-0.6577803219576374,1.6022199902984444,-0.4105430751960054,0.6814076118663099,-3.798073798252703,2.4825131543374286,0.11122306962501016,0.05798667230075083,274,92
size,M2,pooled,+5 to +15,10m,development,const,7.775717140700931,18.65986543610294,0.41670810367456046,0.6768919262582012,-28.796947070424626,44.34838135182649,0.1360223665607968,-0.07640889924280403,187,63
size,M2,pooled,+5 to +15,10m,development,depth_ratio_5m,-1.7486925971435858,1.5958105312108197,-1.0958021412584407,0.2731653712356754,-4.876423764466525,1.3790385701793526,0.1360223665607968,-0.07640889924280403,187,63
size,M2,pooled,+5 to +15,10m,development,spread_ratio_5m,11.342269023164404,19.644227344148447,0.5773843289663921,0.563679858084267,-27.15970907548347,49.84424712181228,0.1360223665607968,-0.07640889924280403,187,63
size,M2,pooled,+5 to +15,10m,holdout,const,29.529985870430238,18.990301366895697,1.55500354101318,0.11994522599442344,-7.690320864247084,66.75029260510756,0.19204654455076342,-0.07640889924280403,87,29
size,M2,pooled,+5 to +15,10m,holdout,depth_ratio_5m,6.05806155907389,5.012302567120021,1.2086384407066517,0.2268017812873938,-3.765870952099009,15.881994070246789,0.19204654455076342,-0.07640889924280403,87,29
size,M2,pooled,+5 to +15,10m,holdout,spread_ratio_5m,-20.443488161431823,17.594718872287153,-1.161910474945506,0.24527183176589418,-54.92850346922184,14.041527146358192,0.19204654455076342,-0.07640889924280403,87,29
size,M2,pooled,+5 to +15,10m,full_sample,const,18.838894423268616,12.872634648404526,1.463483967177113,0.14333499754271758,-6.391005873746675,44.068794720283904,0.11198845414215342,-0.07640889924280403,274,92
size,M2,pooled,+5 to +15,10m,full_sample,depth_ratio_5m,-0.8385089894871481,1.607275970939103,-0.521695716633667,0.6018822074843997,-3.9887120057444365,2.31169402677014,0.11198845414215342,-0.07640889924280403,274,92
size,M2,pooled,+5 to +15,10m,full_sample,spread_ratio_5m,-2.4415912966535442,13.404141451490245,-0.18215200917490265,0.855463433969902,-28.71322578525487,23.83004319194778,0.11198845414215342,-0.07640889924280403,274,92
size,M3,pooled,+5 to +15,10m,development,const,8.31904360511799,19.318874802314582,0.4306173982824968,0.6667465885252343,-29.545255229256945,46.183342439492925,0.13795087638696213,-0.03829668297037658,187,63
size,M3,pooled,+5 to +15,10m,development,abs_ret_0_5m,0.026947553242758243,0.06464110524300601,0.4168795249006652,0.6767665306076986,-0.09974668495439679,0.15364179143991327,0.13795087638696213,-0.03829668297037658,187,63
size,M3,pooled,+5 to +15,10m,development,depth_ratio_5m,-1.6649178704267045,1.5273523437567822,-1.0900679710429857,0.2756832038245608,-4.658473455892837,1.3286377150394286,0.13795087638696213,-0.03829668297037658,187,63
size,M3,pooled,+5 to +15,10m,development,spread_ratio_5m,9.876083637181516,21.126399750787037,0.4674759425970625,0.640159400167297,-31.53089899735705,51.28306627172008,0.13795087638696213,-0.03829668297037658,187,63
size,M3,pooled,+5 to +15,10m,holdout,const,32.1203800969517,16.544361764594736,1.9414698828509633,0.052201309039466764,-0.3059731088555182,64.54673330275892,0.257337579803947,-0.03829668297037658,87,29
size,M3,pooled,+5 to +15,10m,holdout,abs_ret_0_5m,0.23797519922063315,0.10602838696531292,2.244447982581179,0.024803592213113193,0.03016337942974373,0.44578701901152257,0.257337579803947,-0.03829668297037658,87,29
size,M3,pooled,+5 to +15,10m,holdout,depth_ratio_5m,3.9058349537550385,5.312296027756033,0.7352442208317412,0.4621907720528742,-6.506073935861977,14.317743843372053,0.257337579803947,-0.03829668297037658,87,29
size,M3,pooled,+5 to +15,10m,holdout,spread_ratio_5m,-26.944065503778873,15.097719951218142,-1.7846446742181705,0.07431897023020995,-56.53505285683825,2.6469218492805062,0.257337579803947,-0.03829668297037658,87,29
size,M3,pooled,+5 to +15,10m,full_sample,const,19.44675211531682,12.975051981150342,1.4987802857027714,0.13393064058753354,-5.983882465272927,44.877386695906566,0.12680733825889623,-0.03829668297037658,274,92
size,M3,pooled,+5 to +15,10m,full_sample,abs_ret_0_5m,0.07838924395815454,0.056691825511382195,1.3827256972421198,0.16674898941912109,-0.0327246922619836,0.18950318017829268,0.12680733825889623,-0.03829668297037658,274,92
size,M3,pooled,+5 to +15,10m,full_sample,depth_ratio_5m,-0.755147303120122,1.5786347132196532,-0.47835468002599907,0.6323977841450665,-3.849214485775359,2.338919879535115,0.12680733825889623,-0.03829668297037658,274,92
size,M3,pooled,+5 to +15,10m,full_sample,spread_ratio_5m,-5.290324440282137,13.710452428604738,-0.38586067584791683,0.6995998555889437,-32.16231741209714,21.581668531532863,0.12680733825889623,-0.03829668297037658,274,92
direction,D1,pooled,+5 to +20,15m,development,const,-5.067689162641358,2.9272840251558097,-1.7311914795735004,0.0834176185308952,-10.805060424466188,0.6696820991834711,0.015727234238105736,-0.009431030676265273,187,63
direction,D1,pooled,+5 to +20,15m,development,aligned_imbalance,11.277587409564783,10.089579507519835,1.1177460270925579,0.26367547883216336,-8.497625044327469,31.052799863457032,0.015727234238105736,-0.009431030676265273,187,63
direction,D1,pooled,+5 to +20,15m,holdout,const,-3.569933884813657,3.885760018867871,-0.9187221721051545,0.35824090955788956,-11.185883574360364,4.0460158047330514,0.007468049690411149,-0.009431030676265273,87,29
direction,D1,pooled,+5 to +20,15m,holdout,aligned_imbalance,5.537523702610766,6.2044140719690155,0.8925135618573234,0.37211772690681544,-6.622904423622007,17.69795182884354,0.007468049690411149,-0.009431030676265273,87,29
direction,D1,pooled,+5 to +20,15m,full_sample,const,-4.635726569281012,2.3281023255416367,-1.991203959732527,0.046458468721919124,-9.198723279666563,-0.07272985889545946,0.011197145875101677,-0.009431030676265273,274,92
direction,D1,pooled,+5 to +20,15m,full_sample,aligned_imbalance,8.421153347802125,6.344651350698721,1.3272838620005059,0.18441480016506662,-4.014134794030777,20.856441489635028,0.011197145875101677,-0.009431030676265273,274,92
direction,D2,pooled,+5 to +20,15m,development,const,-5.190167207516645,2.9352705829208188,-1.7682074142384625,0.07702623516838987,-10.94319183492134,0.5628574198880498,0.0234318438964507,-0.0062098481450980625,187,63
direction,D2,pooled,+5 to +20,15m,development,ahead_vs_behind,-4.866635918082455,2.4635832074353314,-1.9754298955255414,0.04821938296079905,-9.695170277573375,-0.038101558591535856,0.0234318438964507,-0.0062098481450980625,187,63
direction,D2,pooled,+5 to +20,15m,holdout,const,-3.3716169558558757,3.8320756919892784,-0.8798409078672522,0.3789455002402303,-10.882347298186268,4.1391133864745155,0.010691245434605423,-0.0062098481450980625,87,29
direction,D2,pooled,+5 to +20,15m,holdout,ahead_vs_behind,-2.475194993802444,1.849795974820439,-1.3380908097406325,0.1808668362539877,-6.100728483197665,1.1503384955927767,0.010691245434605423,-0.0062098481450980625,87,29
direction,D2,pooled,+5 to +20,15m,full_sample,const,-4.596325262711117,2.3255115461045412,-1.9764792268653366,0.0481005262106525,-9.154244138708076,-0.038406386714158636,0.017732794492381188,-0.0062098481450980625,274,92
direction,D2,pooled,+5 to +20,15m,full_sample,ahead_vs_behind,-4.036640982041043,1.7377288924519338,-2.3229405919270563,0.020182344105424393,-7.44252702614151,-0.6307549379405759,0.017732794492381188,-0.0062098481450980625,274,92
direction,D3,pooled,+5 to +20,15m,development,const,-5.461760583426475,4.103015481478585,-1.3311576834358532,0.1831371320053009,-13.50352315513477,2.58000198828182,0.02904408279000148,-0.007228391784986465,187,63
direction,D3,pooled,+5 to +20,15m,development,abs_ret_0_5m,-0.04152216617304849,0.06854499017276343,-0.6057651488226117,0.5446707154389132,-0.17586787823231675,0.09282354588621977,0.02904408279000148,-0.007228391784986465,187,63
direction,D3,pooled,+5 to +20,15m,development,aligned_imbalance,3.7913085406194855,10.695686225065728,0.35447080821559784,0.7229860773157895,-17.17185125045051,24.75446833168948,0.02904408279000148,-0.007228391784986465,187,63
direction,D3,pooled,+5 to +20,15m,development,ahead_vs_behind,-4.786511716572105,2.5918629594623597,-1.8467456773119633,0.06478400824962581,-9.866469769981727,0.2934463368375182,0.02904408279000148,-0.007228391784986465,187,63
direction,D3,pooled,+5 to +20,15m,development,depth_ratio_5m,1.7282813026773716,2.155677731093298,0.8017345439667536,0.4227065291403891,-2.496769412540512,5.953332017895255,0.02904408279000148,-0.007228391784986465,187,63
direction,D3,pooled,+5 to +20,15m,holdout,const,-1.1290350242364082,4.314464627249917,-0.2616860078317681,0.7935635288602703,-9.585230306218275,7.327160257745458,0.01431098003836706,-0.007228391784986465,87,29
direction,D3,pooled,+5 to +20,15m,holdout,abs_ret_0_5m,-0.049079682929121696,0.22283660585221401,-0.2202496431922478,0.8256767360496643,-0.4858314048366086,0.3876720389783652,0.01431098003836706,-0.007228391784986465,87,29
direction,D3,pooled,+5 to +20,15m,holdout,aligned_imbalance,-0.47984220458875804,10.861864526978,-0.04417678045946503,0.9647634904891365,-21.76870548241883,20.80902107324131,0.01431098003836706,-0.007228391784986465,87,29
direction,D3,pooled,+5 to +20,15m,holdout,ahead_vs_behind,-2.662014966517904,3.0214462315513253,-0.8810399929411037,0.37829617414594074,-8.58394076158277,3.2599108285469622,0.01431098003836706,-0.007228391784986465,87,29
direction,D3,pooled,+5 to +20,15m,holdout,depth_ratio_5m,-2.3215106144119244,6.607881988205754,-0.35132446653186783,0.7253449417297182,-15.272721325386128,10.62970009656228,0.01431098003836706,-0.007228391784986465,87,29
direction,D3,pooled,+5 to +20,15m,full_sample,const,-4.513176172076095,2.9482717847047373,-1.5307870174961091,0.12582203922665788,-10.291682686733008,1.2653303425808184,0.022110892100525303,-0.007228391784986465,274,92
direction,D3,pooled,+5 to +20,15m,full_sample,abs_ret_0_5m,-0.04429225068684921,0.06547651162568942,-0.6764601471143636,0.4987485406378074,-0.17262385530651864,0.08403935393282021,0.022110892100525303,-0.007228391784986465,274,92
direction,D3,pooled,+5 to +20,15m,full_sample,aligned_imbalance,1.0136427819134348,7.618818142425897,0.13304462227138583,0.8941580906891925,-13.91896638200168,15.946251945828548,0.022110892100525303,-0.007228391784986465,274,92
direction,D3,pooled,+5 to +20,15m,full_sample,ahead_vs_behind,-4.035676160617221,2.0218337182182102,-1.9960475108574993,0.045928751562334315,-7.9983974310536174,-0.07295489018082524,0.022110892100525303,-0.007228391784986465,274,92
direction,D3,pooled,+5 to +20,15m,full_sample,depth_ratio_5m,1.3747279463381363,1.8272785341745,0.7523362862461415,0.45184885158929944,-2.206672170367026,4.956128063043298,0.022110892100525303,-0.007228391784986465,274,92
size,M0,pooled,+5 to +20,15m,development,const,15.479306010622,2.222944338910229,6.963424922375943,3.320981818090863e-12,11.122415166720753,19.836196854523248,0.19143834290068373,0.24329879083144879,187,63
size,M0,pooled,+5 to +20,15m,development,abs_ret_0_5m,0.09341747969660352,0.04703997809452971,1.9859167346735451,0.04704257023121529,0.0012208167977722229,0.18561414259543482,0.19143834290068373,0.24329879083144879,187,63
size,M0,pooled,+5 to +20,15m,holdout,const,10.520904428994573,3.1218857901348676,3.370047828860537,0.0007515513773346259,4.402120716482863,16.639688141506284,0.2665183449180488,0.24329879083144879,87,29
size,M0,pooled,+5 to +20,15m,holdout,abs_ret_0_5m,0.22778283227281115,0.09332670633313345,2.440703644460902,0.01465867858749517,0.044865849064123414,0.4106998154814989,0.2665183449180488,0.24329879083144879,87,29
size,M0,pooled,+5 to +20,15m,full_sample,const,14.189319529698707,1.8196784851464631,7.797706927637072,6.304220971475728e-15,10.622815235369236,17.75582382402818,0.20612697119327106,0.24329879083144879,274,92
size,M0,pooled,+5 to +20,15m,full_sample,abs_ret_0_5m,0.11522232356985226,0.04627815505272997,2.489777810687707,0.012782297726701737,0.0245188063955412,0.2059258407441633,0.20612697119327106,0.24329879083144879,274,92
size,M1,pooled,+5 to +20,15m,development,const,20.499633592236858,2.661282605488495,7.702914959110111,1.3299687521087044e-14,15.28361553279649,25.715651651677227,0.169984605066951,0.1372160610734945,187,63
size,M1,pooled,+5 to +20,15m,development,depth_ratio_5m,-2.7456769990547847,1.5038741526481334,-1.8257358797077485,0.06789005585376179,-5.6932161755258175,0.20186217741624812,0.169984605066951,0.1372160610734945,187,63
size,M1,pooled,+5 to +20,15m,holdout,const,12.704857851883393,3.438268533366247,3.695132514691825,0.0002197721354666954,5.965975357308196,19.44374034645859,0.19260970327177906,0.1372160610734945,87,29
size,M1,pooled,+5 to +20,15m,holdout,depth_ratio_5m,4.1734941745152065,4.596957883161338,0.9078817514954228,0.3639406999183963,-4.8363777149285,13.183366063958914,0.19260970327177906,0.1372160610734945,87,29
size,M1,pooled,+5 to +20,15m,full_sample,const,17.9808170652009,2.089006979795286,8.607351358377436,7.47680071270723e-18,13.886438621349345,22.075195509052453,0.1671469902816406,0.1372160610734945,274,92
size,M1,pooled,+5 to +20,15m,full_sample,depth_ratio_5m,-1.1123684811376626,1.340727148569023,-0.8296755102817968,0.40672227126648164,-3.7401454054280303,1.515408443152705,0.1671469902816406,0.1372160610734945,274,92
size,M2,pooled,+5 to +20,15m,development,const,0.2739282786865882,13.530637951085403,0.020245037941068713,0.9838479001556325,-26.24563479329163,26.79349135066481,0.21783743867741012,-0.04138409055214676,187,63
size,M2,pooled,+5 to +20,15m,development,depth_ratio_5m,-1.4031184339581906,1.626738980322899,-0.8625344636910828,0.38839347658578205,-4.591468247638485,1.7852313797221033,0.21783743867741012,-0.04138409055214676,187,63
size,M2,pooled,+5 to +20,15m,development,spread_ratio_5m,20.294721418869422,13.572003267160625,1.4953372040497044,0.13482646013642466,-6.305916182825349,46.89535902056419,0.21783743867741012,-0.04138409055214676,187,63
size,M2,pooled,+5 to +20,15m,holdout,const,15.315916726925064,16.055038976015855,0.953963222998403,0.3401022587427337,-16.15138143645284,46.78321489030297,0.19414429924980314,-0.04138409055214676,87,29
size,M2,pooled,+5 to +20,15m,holdout,depth_ratio_5m,4.00121729495694,4.865388320560061,0.8223839560860282,0.4108584076129326,-5.5347685841426,13.53720317405648,0.19414429924980314,-0.04138409055214676,87,29
size,M2,pooled,+5 to +20,15m,holdout,spread_ratio_5m,-2.6929650743931983,15.615805862218378,-0.17245123935029738,0.8630827923367069,-33.29938215391066,27.91345200512427,0.19414429924980314,-0.04138409055214676,87,29
size,M2,pooled,+5 to +20,15m,full_sample,const,8.808690433792655,9.859548389264644,0.8934172323129737,0.371633777778703,-10.515669312995946,28.133050180581257,0.17992472006758264,-0.04138409055214676,274,92
size,M2,pooled,+5 to +20,15m,full_sample,depth_ratio_5m,-0.42967498394175274,1.434902758847441,-0.2994453674943668,0.7646002509582053,-3.2420327125998996,2.382682744716394,0.17992472006758264,-0.04138409055214676,274,92
size,M2,pooled,+5 to +20,15m,full_sample,spread_ratio_5m,9.222988935958323,9.966351035058446,0.9254128119223162,0.3547512169810879,-10.310700150039722,28.75667802195637,0.17992472006758264,-0.04138409055214676,274,92
size,M3,pooled,+5 to +20,15m,development,const,1.4199920628615348,14.199509412748586,0.10000289598643734,0.9203420263078874,-26.410534984263187,29.250519109986257,0.22783403292485283,0.04940333050410706,187,63
size,M3,pooled,+5 to +20,15m,development,abs_ret_0_5m,0.05684172751788712,0.04996313663091812,1.137673319787381,0.2552569181476617,-0.0410842208333663,0.15476767586914053,0.22783403292485283,0.04940333050410706,187,63
size,M3,pooled,+5 to +20,15m,development,depth_ratio_5m,-1.2264085061206453,1.5679385418498322,-0.7821789396628681,0.4341094196531551,-4.299511578118564,1.846694565877274,0.22783403292485283,0.04940333050410706,187,63
size,M3,pooled,+5 to +20,15m,development,spread_ratio_5m,17.20202838473861,14.979804744752043,1.14834797100844,0.25082494309395087,-12.157849410417612,46.561906179894834,0.22783403292485283,0.04940333050410706,187,63
size,M3,pooled,+5 to +20,15m,holdout,const,18.14715153113514,12.874192454345991,1.4095759089735478,0.1586649446800492,-7.085802009420327,43.38010507169061,0.2872088726804145,0.04940333050410706,87,29
size,M3,pooled,+5 to +20,15m,holdout,abs_ret_0_5m,0.260100821594657,0.10504145664165704,2.476173026445893,0.013279920252163124,0.05422334969338352,0.46597829349593045,0.2872088726804145,0.04940333050410706,87,29
size,M3,pooled,+5 to +20,15m,holdout,depth_ratio_5m,1.6488885223174412,5.001943104104656,0.3296495957669616,0.7416647433343577,-8.154739814446167,11.45251685908105,0.2872088726804145,0.04940333050410706,87,29
size,M3,pooled,+5 to +20,15m,holdout,spread_ratio_5m,-9.797930268755623,12.259346566305679,-0.7992212485194635,0.4241621331492329,-33.82580801270953,14.229947475198285,0.2872088726804145,0.04940333050410706,87,29
size,M3,pooled,+5 to +20,15m,full_sample,const,9.619186851557519,9.89660502541308,0.9719683494346606,0.3310662945854126,-9.777802567470225,29.016176270585262,0.21074882367716863,0.04940333050410706,274,92
size,M3,pooled,+5 to +20,15m,full_sample,abs_ret_0_5m,0.10452150602108898,0.04563290304387726,2.2904855717942985,0.02199318402666918,0.01508265954508134,0.19396035249709662,0.21074882367716863,0.04940333050410706,274,92
size,M3,pooled,+5 to +20,15m,full_sample,depth_ratio_5m,-0.3185233952341101,1.3804795683522886,-0.2307338714286753,0.8175215578357071,-3.0242136305979956,2.387166840129775,0.21074882367716863,0.04940333050410706,274,92
size,M3,pooled,+5 to +20,15m,full_sample,spread_ratio_5m,5.424586714051496,10.221388860633102,0.5307093574087448,0.5956202006390757,-14.60896732476828,25.458140752871273,0.21074882367716863,0.04940333050410706,274,92
direction,D1,pooled,+5 to +35,30m,development,const,-5.432028877989964,4.905091604313746,-1.107426591832211,0.26810953416538563,-15.0458317633147,4.181774007334772,0.008019228191583072,-0.01745975185595361,187,63
direction,D1,pooled,+5 to +35,30m,development,aligned_imbalance,-0.9518788824877769,15.419923341371788,-0.0617304549065998,0.9507774867028518,-31.174373275945012,29.27061551096946,0.008019228191583072,-0.01745975185595361,187,63
direction,D1,pooled,+5 to +35,30m,holdout,const,0.9935366011291977,4.521955778346643,0.21971391358728926,0.8260939679612026,-7.869333864113011,9.856407066371407,0.018414719689214376,-0.01745975185595361,87,29
direction,D1,pooled,+5 to +35,30m,holdout,aligned_imbalance,-4.744852188073145,7.369371663747687,-0.6438611600246195,0.5196654697929626,-19.18855523770863,9.698850861562338,0.018414719689214376,-0.01745975185595361,87,29
direction,D1,pooled,+5 to +35,30m,full_sample,const,-3.4304524086441934,3.604907926009826,-0.951606110073737,0.34129678163074106,-10.495942111206434,3.6350372939180473,0.006021298852291634,-0.01745975185595361,274,92
direction,D1,pooled,+5 to +35,30m,full_sample,aligned_imbalance,-2.4074652748367558,9.07802953610408,-0.26519689821035125,0.7908577842554086,-20.200076216191604,15.385145666518092,0.006021298852291634,-0.01745975185595361,274,92
direction,D2,pooled,+5 to +35,30m,development,const,-5.3690224054009175,4.805873103659677,-1.1171793947935083,0.26391762893325144,-14.788360602843614,4.050315792041779,0.013455052605844786,-0.028309936434357086,187,63
direction,D2,pooled,+5 to +35,30m,development,ahead_vs_behind,-5.453683549467641,4.1553561187952806,-1.312446729848216,0.1893694486402735,-13.598031885244533,2.6906647863092505,0.013455052605844786,-0.028309936434357086,187,63
direction,D2,pooled,+5 to +35,30m,holdout,const,1.0106148165070024,4.455986795614568,0.22679932927575444,0.8205797852751571,-7.722958818483594,9.7441884514976,0.01871423289577978,-0.028309936434357086,87,29
direction,D2,pooled,+5 to +35,30m,holdout,ahead_vs_behind,-1.459506842846186,3.5614212361852315,-0.40981022632681247,0.6819451639664369,-8.439764199545358,5.5207505138529855,0.01871423289577978,-0.028309936434357086,87,29
direction,D2,pooled,+5 to +35,30m,full_sample,const,-3.3261022403010907,3.5752945951644106,-0.9303015882382524,0.352214955733161,-10.333550880944049,3.6813464003418668,0.009754803391873623,-0.028309936434357086,274,92
direction,D2,pooled,+5 to +35,30m,full_sample,ahead_vs_behind,-3.9584719414806546,2.940428504831005,-1.3462228158164857,0.17823066905587504,-9.721605910064383,1.8046620271030749,0.009754803391873623,-0.028309936434357086,274,92
direction,D3,pooled,+5 to +35,30m,development,const,-7.5529339225593874,6.7768481478964935,-1.1145201659718151,0.2650560980928087,-20.835312221133485,5.729444376014709,0.021492690147983495,-0.02275269049711781,187,63
direction,D3,pooled,+5 to +35,30m,development,abs_ret_0_5m,-0.054835872516424695,0.25990982225687176,-0.2109803778874882,0.8329025829034328,-0.5642497633681003,0.45457801833525086,0.021492690147983495,-0.02275269049711781,187,63
direction,D3,pooled,+5 to +35,30m,development,aligned_imbalance,-11.930058171242468,14.188557677572696,-0.8408224741616865,0.4004473947542133,-39.73912021185423,15.879003869369289,0.021492690147983495,-0.02275269049711781,187,63
direction,D3,pooled,+5 to +35,30m,development,ahead_vs_behind,-7.240481745205821,3.9295247883639375,-1.8425845706957367,0.065389688375964,-14.942208806756517,0.46124531634487376,0.021492690147983495,-0.02275269049711781,187,63
direction,D3,pooled,+5 to +35,30m,development,depth_ratio_5m,4.118205250497027,2.5164919989376715,1.636486526575691,0.10173780326773076,-0.8140284348040172,9.050438935798072,0.021492690147983495,-0.02275269049711781,187,63
direction,D3,pooled,+5 to +35,30m,holdout,const,-1.3608488174962878,5.264490679593409,-0.25849581665540905,0.796024277073859,-11.679060946446164,8.957363311453587,0.030332808060352656,-0.02275269049711781,87,29
direction,D3,pooled,+5 to +35,30m,holdout,abs_ret_0_5m,-0.03502120102560697,0.1768219498915013,-0.19805912697544692,0.8429988032496436,-0.3815858544890956,0.3115434524378817,0.030332808060352656,-0.02275269049711781,87,29
direction,D3,pooled,+5 to +35,30m,holdout,aligned_imbalance,-13.36225233029974,17.864105495048857,-0.7479944816718176,0.4544634860822273,-48.37525571661957,21.65075105602009,0.030332808060352656,-0.02275269049711781,87,29
direction,D3,pooled,+5 to +35,30m,holdout,ahead_vs_behind,-3.5543533798189326,5.774764757110471,-0.6154975188283566,0.5382262073883138,-14.87268432294665,7.763977563308785,0.030332808060352656,-0.02275269049711781,87,29
direction,D3,pooled,+5 to +35,30m,holdout,depth_ratio_5m,6.112523181083526,7.705997861277943,0.7932163090517445,0.4276518070745896,-8.990955091963926,21.21600145413098,0.030332808060352656,-0.02275269049711781,87,29
direction,D3,pooled,+5 to +35,30m,full_sample,const,-4.44515146687091,5.1413635411994525,-0.8645861027430634,0.3872660029236108,-14.522038839049152,5.631735905307331,0.017810630227166557,-0.02275269049711781,274,92
direction,D3,pooled,+5 to +35,30m,full_sample,abs_ret_0_5m,-0.06132384386534481,0.22767111742589008,-0.26935276006323694,0.7876582351533632,-0.5075510343400789,0.3849033466093893,0.017810630227166557,-0.02275269049711781,274,92
direction,D3,pooled,+5 to +35,30m,full_sample,aligned_imbalance,-12.774644361466109,9.543188167869172,-1.338613903105975,0.18069639765504597,-31.47894946817847,5.929660745246252,0.017810630227166557,-0.02275269049711781,274,92
direction,D3,pooled,+5 to +35,30m,full_sample,ahead_vs_behind,-5.829165122311048,3.1202088438850537,-1.868197102810914,0.06173460247992472,-11.944662080569113,0.28633183594701705,0.017810630227166557,-0.02275269049711781,274,92
direction,D3,pooled,+5 to +35,30m,full_sample,depth_ratio_5m,3.455804580008587,2.1897645865115756,1.5781626030923661,0.11452825914424454,-0.8360551441753441,7.747664304192519,0.017810630227166557,-0.02275269049711781,274,92
size,M0,pooled,+5 to +35,30m,development,const,12.019309675143301,3.6802089861859835,3.265931288211873,0.001091047199999054,4.806232606638108,19.232386743648494,0.310783486641539,0.09550513369740399,187,63
size,M0,pooled,+5 to +35,30m,development,abs_ret_0_5m,0.4510134562803408,0.11554297364118335,3.9034260766124564,9.48405266641152e-05,0.22455338927696064,0.6774735232837209,0.310783486641539,0.09550513369740399,187,63
size,M0,pooled,+5 to +35,30m,holdout,const,17.479715476374352,3.3403865246894955,5.2328421717601,1.6692326127481334e-07,10.932678193540024,24.02675275920868,0.1910527075622539,0.09550513369740399,87,29
size,M0,pooled,+5 to +35,30m,holdout,abs_ret_0_5m,0.09243474362469549,0.10990858576793686,0.8410147667613886,0.4003396618825624,-0.12298212607219232,0.3078516133215833,0.1910527075622539,0.09550513369740399,87,29
size,M0,pooled,+5 to +35,30m,full_sample,const,12.594625561795075,2.826396457997114,4.456071803429898,8.347508340146654e-06,7.054990298089156,18.134260825500995,0.2861057389171583,0.09550513369740399,274,92
size,M0,pooled,+5 to +35,30m,full_sample,abs_ret_0_5m,0.4091839725911246,0.107220874292094,3.8162715543282606,0.00013548339425546922,0.19903492058772382,0.6193330245945254,0.2861057389171583,0.09550513369740399,274,92
size,M1,pooled,+5 to +35,30m,development,const,29.596266455725193,5.376481769162859,5.504764588894618,3.6966189283505824e-08,19.0585558246298,40.133977086820586,0.10102922074388421,0.044095628235163886,187,63
size,M1,pooled,+5 to +35,30m,development,depth_ratio_5m,-5.578319230719364,2.8625976710068564,-1.948691318803914,0.05133229913660696,-11.188907568121042,0.03226910668231309,0.10102922074388421,0.044095628235163886,187,63
size,M1,pooled,+5 to +35,30m,holdout,const,21.363779772585424,3.7980427470044757,5.6249445295040665,1.855675951681169e-08,13.919752776713079,28.80780676845777,0.18364481516352194,0.044095628235163886,87,29
size,M1,pooled,+5 to +35,30m,holdout,depth_ratio_5m,-3.8039601602995137,4.614402237498141,-0.8243668333435021,0.409731154246738,-12.848022355976912,5.240102035377884,0.18364481516352194,0.044095628235163886,87,29
size,M1,pooled,+5 to +35,30m,full_sample,const,25.88863104454563,3.590439459122437,7.210435195827878,5.577333528735643e-13,18.851499015994182,32.92576307309708,0.10042895519622541,0.044095628235163886,274,92
size,M1,pooled,+5 to +35,30m,full_sample,depth_ratio_5m,-3.7276197721586026,2.2002572313728335,-1.69417453514414,0.0902321222294638,-8.04004470237317,0.5848051580559632,0.10042895519622541,0.044095628235163886,274,92
size,M2,pooled,+5 to +35,30m,development,const,-0.41812300757001264,20.36724389101533,-0.020529189408610194,0.9836212271989488,-40.33718749830349,39.50094148316347,0.13387103638333608,-0.42476093439189144,187,63
size,M2,pooled,+5 to +35,30m,development,depth_ratio_5m,-3.58599930785885,2.572024871103728,-1.394231971917129,0.16324756613200841,-8.627075422563433,1.455076806845732,0.13387103638333608,-0.42476093439189144,187,63
size,M2,pooled,+5 to +35,30m,development,spread_ratio_5m,30.116807462182063,21.854239523669293,1.3780762048280826,0.16817976137162127,-12.716714913721535,72.95032983808566,0.13387103638333608,-0.42476093439189144,187,63
size,M2,pooled,+5 to +35,30m,holdout,const,31.532115654618547,9.291096075747813,3.3937993319136592,0.000689301814817423,13.321901969251403,49.74232933998569,0.20605945314820284,-0.42476093439189144,87,29
size,M2,pooled,+5 to +35,30m,holdout,depth_ratio_5m,-4.474863904677575,4.396307049353591,-1.0178688281874066,0.3087402972081663,-13.091467386390166,4.1417395770350165,0.20605945314820284,-0.42476093439189144,87,29
size,M2,pooled,+5 to +35,30m,holdout,spread_ratio_5m,-10.48730599557138,8.554878170407775,-1.2258860718610904,0.22024155086585007,-27.25455910169853,6.279947110555771,0.20605945314820284,-0.42476093439189144,87,29
size,M2,pooled,+5 to +35,30m,full_sample,const,15.90190755934385,14.307693900590726,1.1114235228842366,0.26638609182458084,-12.140657187637377,43.94447230632508,0.1061294796528649,-0.42476093439189144,274,92
size,M2,pooled,+5 to +35,30m,full_sample,depth_ratio_5m,-2.9842947554395307,2.0704226235323686,-1.4413940040647333,0.1494734032424674,-7.042248530339904,1.0736590194608429,0.1061294796528649,-0.42476093439189144,274,92
size,M2,pooled,+5 to +35,30m,full_sample,spread_ratio_5m,10.042102983520323,15.308594752670409,0.6559781054866968,0.5118382116635971,-19.962191385632536,40.04639735267318,0.1061294796528649,-0.42476093439189144,274,92
size,M3,pooled,+5 to +35,30m,development,const,8.312111441322301,21.71398804967813,0.3827998533620596,0.701868170224823,-34.24652309677996,50.87074597942456,0.31465259362562914,0.019952855777811362,187,63
size,M3,pooled,+5 to +35,30m,development,abs_ret_0_5m,0.432996500337419,0.11240576696197986,3.852084390686785,0.00011711664413047309,0.21268524543733616,0.6533077552375018,0.31465259362562914,0.019952855777811362,187,63
size,M3,pooled,+5 to +35,30m,development,depth_ratio_5m,-2.239897004679406,2.113779473803018,-1.0596644694678026,0.28929727248706816,-6.3828286445933475,1.9030346352345355,0.31465259362562914,0.019952855777811362,187,63
size,M3,pooled,+5 to +35,30m,development,spread_ratio_5m,6.557965764854406,22.96649824116396,0.28554487044525784,0.775226732946014,-38.455543638829454,51.57147516853827,0.31465259362562914,0.019952855777811362,187,63
size,M3,pooled,+5 to +35,30m,holdout,const,33.23327424941591,8.967138455435826,3.706118112770981,0.0002104601805194574,15.658005832377565,50.80854266645426,0.2384183313388546,0.019952855777811362,87,29
size,M3,pooled,+5 to +35,30m,holdout,abs_ret_0_5m,0.15628260415266298,0.10213039994956355,1.5302261053500443,0.12596077175024345,-0.043889301475152936,0.3564545097804789,0.2384183313388546,0.019952855777811362,87,29
size,M3,pooled,+5 to +35,30m,holdout,depth_ratio_5m,-5.888269922226639,4.0775690224669905,-1.4440638257213725,0.14872102245544497,-13.880158350738135,2.1036185062848567,0.2384183313388546,0.019952855777811362,87,29
size,M3,pooled,+5 to +35,30m,holdout,spread_ratio_5m,-14.75635234529583,9.092940628891412,-1.6228361041322323,0.10462444550387501,-32.578188491483985,3.065483800892327,0.2384183313388546,0.019952855777811362,87,29
size,M3,pooled,+5 to +35,30m,full_sample,const,19.123350490244764,14.255990258388257,1.3414256143302665,0.1797823058713942,-8.817876980150078,47.06457796063961,0.28937960807903773,0.019952855777811362,274,92
size,M3,pooled,+5 to +35,30m,full_sample,abs_ret_0_5m,0.4154368351526459,0.10337859597202598,4.018596221456347,5.854590030137679e-05,0.2128185102751575,0.6180551600301343,0.28937960807903773,0.019952855777811362,274,92
size,M3,pooled,+5 to +35,30m,full_sample,depth_ratio_5m,-2.5425056347815835,1.7713212629455435,-1.4353723900731772,0.15118100939655368,-6.014231515204852,0.9292202456416847,0.28937960807903773,0.019952855777811362,274,92
size,M3,pooled,+5 to +35,30m,full_sample,spread_ratio_5m,-5.055232079632383,14.675979007556482,-0.34445620813640476,0.7305032240567866,-33.81962237230897,23.70915821304421,0.28937960807903773,0.019952855777811362,274,92
