instrument,grouping,group,metric,second,n,mean,q25,q75
ES.v.0,action,cut,spread_ticks,-60,8.0,1.375,1.0,2.0
ES.v.0,action,cut,spread_ticks,-59,8.0,1.375,1.0,2.0
ES.v.0,action,cut,spread_ticks,-58,8.0,1.125,1.0,1.0
ES.v.0,action,cut,spread_ticks,-57,8.0,1.375,1.0,2.0
ES.v.0,action,cut,spread_ticks,-56,8.0,1.5,1.0,2.0
ES.v.0,action,cut,spread_ticks,-55,8.0,1.5,1.0,2.0
ES.v.0,action,cut,spread_ticks,-54,8.0,1.25,1.0,1.25
ES.v.0,action,cut,spread_ticks,-53,8.0,1.5,1.0,2.0
ES.v.0,action,cut,spread_ticks,-52,8.0,1.5,1.0,2.0
ES.v.0,action,cut,spread_ticks,-51,8.0,1.375,1.0,2.0
ES.v.0,action,cut,spread_ticks,-50,8.0,1.0,1.0,1.0
ES.v.0,action,cut,spread_ticks,-49,8.0,1.0,1.0,1.0
ES.v.0,action,cut,spread_ticks,-48,8.0,1.25,1.0,1.25
ES.v.0,action,cut,spread_ticks,-47,8.0,1.25,1.0,1.25
ES.v.0,action,cut,spread_ticks,-46,8.0,1.25,1.0,1.25
ES.v.0,action,cut,spread_ticks,-45,8.0,1.25,1.0,1.25
ES.v.0,action,cut,spread_ticks,-44,8.0,1.375,1.0,1.25
ES.v.0,action,cut,spread_ticks,-43,8.0,1.375,1.0,2.0
ES.v.0,action,cut,spread_ticks,-42,8.0,1.5,1.0,2.0
ES.v.0,action,cut,spread_ticks,-41,8.0,1.375,1.0,1.25
ES.v.0,action,cut,spread_ticks,-40,8.0,1.375,1.0,2.0
ES.v.0,action,cut,spread_ticks,-39,8.0,1.75,1.75,2.0
ES.v.0,action,cut,spread_ticks,-38,8.0,1.5,1.0,2.0
ES.v.0,action,cut,spread_ticks,-37,8.0,1.375,1.0,2.0
ES.v.0,action,cut,spread_ticks,-36,8.0,1.375,1.0,2.0
ES.v.0,action,cut,spread_ticks,-35,8.0,1.625,1.0,2.0
ES.v.0,action,cut,spread_ticks,-34,8.0,1.25,1.0,1.25
ES.v.0,action,cut,spread_ticks,-33,8.0,1.5,1.0,2.0
ES.v.0,action,cut,spread_ticks,-32,8.0,1.375,1.0,2.0
ES.v.0,action,cut,spread_ticks,-31,8.0,1.25,1.0,1.25
ES.v.0,action,cut,spread_ticks,-30,8.0,1.25,1.0,1.25
ES.v.0,action,cut,spread_ticks,-29,8.0,1.625,1.0,2.0
ES.v.0,action,cut,spread_ticks,-28,8.0,1.75,1.0,2.25
ES.v.0,action,cut,spread_ticks,-27,8.0,1.375,1.0,2.0
ES.v.0,action,cut,spread_ticks,-26,8.0,1.625,1.0,2.0
ES.v.0,action,cut,spread_ticks,-25,8.0,1.375,1.0,2.0
ES.v.0,action,cut,spread_ticks,-24,8.0,1.5,1.0,1.5
ES.v.0,action,cut,spread_ticks,-23,8.0,1.5,1.0,1.25
ES.v.0,action,cut,spread_ticks,-22,8.0,1.375,1.0,1.25
ES.v.0,action,cut,spread_ticks,-21,8.0,1.625,1.0,2.0
ES.v.0,action,cut,spread_ticks,-20,8.0,1.625,1.0,2.0
ES.v.0,action,cut,spread_ticks,-19,8.0,1.5,1.0,2.0
ES.v.0,action,cut,spread_ticks,-18,8.0,1.375,1.0,2.0
ES.v.0,action,cut,spread_ticks,-17,8.0,1.5,1.0,1.25
ES.v.0,action,cut,spread_ticks,-16,8.0,1.375,1.0,1.25
ES.v.0,action,cut,spread_ticks,-15,8.0,1.625,1.0,2.0
ES.v.0,action,cut,spread_ticks,-14,8.0,1.375,1.0,2.0
ES.v.0,action,cut,spread_ticks,-13,8.0,1.375,1.0,2.0
ES.v.0,action,cut,spread_ticks,-12,8.0,1.75,1.0,2.0
ES.v.0,action,cut,spread_ticks,-11,8.0,2.0,1.0,2.5
ES.v.0,action,cut,spread_ticks,-10,8.0,1.5,1.0,2.0
ES.v.0,action,cut,spread_ticks,-9,8.0,1.5,1.0,1.25
ES.v.0,action,cut,spread_ticks,-8,8.0,1.875,1.0,2.25
ES.v.0,action,cut,spread_ticks,-7,8.0,1.875,1.0,2.5
ES.v.0,action,cut,spread_ticks,-6,8.0,1.875,1.0,2.25
ES.v.0,action,cut,spread_ticks,-5,8.0,1.875,1.0,2.25
ES.v.0,action,cut,spread_ticks,-4,8.0,1.875,1.0,2.25
ES.v.0,action,cut,spread_ticks,-3,8.0,1.5,1.0,1.25
ES.v.0,action,cut,spread_ticks,-2,8.0,1.75,1.0,2.0
ES.v.0,action,cut,spread_ticks,-1,8.0,1.625,1.0,2.0
ES.v.0,action,cut,spread_ticks,0,8.0,2.375,1.75,3.0
ES.v.0,action,cut,spread_ticks,1,8.0,3.0,2.0,3.5
ES.v.0,action,cut,spread_ticks,2,8.0,3.25,2.75,4.25
ES.v.0,action,cut,spread_ticks,3,8.0,2.5,1.75,3.25
ES.v.0,action,cut,spread_ticks,4,8.0,2.5,2.0,3.0
ES.v.0,action,cut,spread_ticks,5,8.0,2.875,2.75,3.25
ES.v.0,action,cut,spread_ticks,6,8.0,2.875,2.0,3.25
ES.v.0,action,cut,spread_ticks,7,8.0,2.125,1.75,2.25
ES.v.0,action,cut,spread_ticks,8,8.0,2.25,2.0,2.25
ES.v.0,action,cut,spread_ticks,9,8.0,2.5,2.0,3.0
ES.v.0,action,cut,spread_ticks,10,8.0,2.125,1.0,3.0
ES.v.0,action,cut,spread_ticks,11,8.0,2.25,1.0,3.25
ES.v.0,action,cut,spread_ticks,12,8.0,1.875,1.0,2.25
ES.v.0,action,cut,spread_ticks,13,8.0,2.0,1.0,3.0
ES.v.0,action,cut,spread_ticks,14,8.0,1.625,1.0,2.0
ES.v.0,action,cut,spread_ticks,15,8.0,1.875,1.75,2.0
ES.v.0,action,cut,spread_ticks,16,8.0,2.375,1.75,3.25
ES.v.0,action,cut,spread_ticks,17,8.0,2.125,1.75,3.0
ES.v.0,action,cut,spread_ticks,18,8.0,1.875,1.75,2.0
ES.v.0,action,cut,spread_ticks,19,8.0,1.625,1.0,2.0
ES.v.0,action,cut,spread_ticks,20,8.0,1.625,1.0,2.0
ES.v.0,action,cut,spread_ticks,21,8.0,2.25,2.0,2.25
ES.v.0,action,cut,spread_ticks,22,8.0,1.875,1.75,2.0
ES.v.0,action,cut,spread_ticks,23,8.0,1.875,1.0,2.25
ES.v.0,action,cut,spread_ticks,24,8.0,1.5,1.0,2.0
ES.v.0,action,cut,spread_ticks,25,8.0,1.875,1.0,2.25
ES.v.0,action,cut,spread_ticks,26,8.0,1.375,1.0,2.0
ES.v.0,action,cut,spread_ticks,27,8.0,1.5,1.0,2.0
ES.v.0,action,cut,spread_ticks,28,8.0,1.5,1.0,2.0
ES.v.0,action,cut,spread_ticks,29,8.0,1.75,1.0,2.0
ES.v.0,action,cut,spread_ticks,30,8.0,1.625,1.0,2.0
ES.v.0,action,cut,spread_ticks,31,8.0,1.375,1.0,2.0
ES.v.0,action,cut,spread_ticks,32,8.0,1.25,1.0,1.25
ES.v.0,action,cut,spread_ticks,33,8.0,1.375,1.0,2.0
ES.v.0,action,cut,spread_ticks,34,8.0,1.625,1.0,2.0
ES.v.0,action,cut,spread_ticks,35,8.0,1.375,1.0,2.0
ES.v.0,action,cut,spread_ticks,36,8.0,1.375,1.0,2.0
ES.v.0,action,cut,spread_ticks,37,8.0,1.25,1.0,1.25
ES.v.0,action,cut,spread_ticks,38,8.0,1.375,1.0,2.0
ES.v.0,action,cut,spread_ticks,39,8.0,1.25,1.0,1.25
ES.v.0,action,cut,spread_ticks,40,8.0,1.375,1.0,2.0
ES.v.0,action,cut,spread_ticks,41,8.0,1.5,1.0,2.0
ES.v.0,action,cut,spread_ticks,42,8.0,1.5,1.0,2.0
ES.v.0,action,cut,spread_ticks,43,8.0,1.25,1.0,1.25
ES.v.0,action,cut,spread_ticks,44,8.0,1.25,1.0,1.25
ES.v.0,action,cut,spread_ticks,45,8.0,1.25,1.0,1.25
ES.v.0,action,cut,spread_ticks,46,8.0,1.375,1.0,2.0
ES.v.0,action,cut,spread_ticks,47,8.0,1.375,1.0,2.0
ES.v.0,action,cut,spread_ticks,48,8.0,1.375,1.0,2.0
ES.v.0,action,cut,spread_ticks,49,8.0,1.125,1.0,1.0
ES.v.0,action,cut,spread_ticks,50,8.0,1.375,1.0,2.0
ES.v.0,action,cut,spread_ticks,51,8.0,1.5,1.0,2.0
ES.v.0,action,cut,spread_ticks,52,8.0,1.25,1.0,1.25
ES.v.0,action,cut,spread_ticks,53,8.0,1.125,1.0,1.0
ES.v.0,action,cut,spread_ticks,54,8.0,1.0,1.0,1.0
ES.v.0,action,cut,spread_ticks,55,8.0,1.25,1.0,1.25
ES.v.0,action,cut,spread_ticks,56,8.0,1.375,1.0,2.0
ES.v.0,action,cut,spread_ticks,57,8.0,1.125,1.0,1.0
ES.v.0,action,cut,spread_ticks,58,8.0,1.125,1.0,1.0
ES.v.0,action,cut,spread_ticks,59,8.0,1.0,1.0,1.0
ES.v.0,action,cut,spread_ticks,60,8.0,1.5,1.0,2.0
ES.v.0,action,cut,spread_ticks,61,8.0,1.375,1.0,2.0
ES.v.0,action,cut,spread_ticks,62,8.0,1.375,1.0,2.0
ES.v.0,action,cut,spread_ticks,63,8.0,1.75,1.75,2.0
ES.v.0,action,cut,spread_ticks,64,8.0,1.25,1.0,1.25
ES.v.0,action,cut,spread_ticks,65,8.0,1.125,1.0,1.0
ES.v.0,action,cut,spread_ticks,66,8.0,1.25,1.0,1.25
ES.v.0,action,cut,spread_ticks,67,8.0,1.25,1.0,1.25
ES.v.0,action,cut,spread_ticks,68,8.0,1.375,1.0,2.0
ES.v.0,action,cut,spread_ticks,69,8.0,1.0,1.0,1.0
ES.v.0,action,cut,spread_ticks,70,8.0,1.25,1.0,1.25
ES.v.0,action,cut,spread_ticks,71,8.0,1.375,1.0,2.0
ES.v.0,action,cut,spread_ticks,72,8.0,1.375,1.0,2.0
ES.v.0,action,cut,spread_ticks,73,8.0,1.5,1.0,2.0
ES.v.0,action,cut,spread_ticks,74,8.0,1.25,1.0,1.25
ES.v.0,action,cut,spread_ticks,75,8.0,1.375,1.0,2.0
ES.v.0,action,cut,spread_ticks,76,8.0,1.5,1.0,2.0
ES.v.0,action,cut,spread_ticks,77,8.0,1.25,1.0,1.25
ES.v.0,action,cut,spread_ticks,78,8.0,1.0,1.0,1.0
ES.v.0,action,cut,spread_ticks,79,8.0,1.25,1.0,1.25
ES.v.0,action,cut,spread_ticks,80,8.0,1.25,1.0,1.25
ES.v.0,action,cut,spread_ticks,81,8.0,1.375,1.0,2.0
ES.v.0,action,cut,spread_ticks,82,8.0,1.375,1.0,2.0
ES.v.0,action,cut,spread_ticks,83,8.0,1.25,1.0,1.25
ES.v.0,action,cut,spread_ticks,84,8.0,1.25,1.0,1.25
ES.v.0,action,cut,spread_ticks,85,8.0,1.125,1.0,1.0
ES.v.0,action,cut,spread_ticks,86,8.0,1.125,1.0,1.0
ES.v.0,action,cut,spread_ticks,87,8.0,1.125,1.0,1.0
ES.v.0,action,cut,spread_ticks,88,8.0,1.375,1.0,2.0
ES.v.0,action,cut,spread_ticks,89,8.0,1.375,1.0,2.0
ES.v.0,action,cut,spread_ticks,90,8.0,1.125,1.0,1.0
ES.v.0,action,cut,spread_ticks,91,8.0,1.125,1.0,1.0
ES.v.0,action,cut,spread_ticks,92,8.0,1.125,1.0,1.0
ES.v.0,action,cut,spread_ticks,93,8.0,1.0,1.0,1.0
ES.v.0,action,cut,spread_ticks,94,8.0,1.0,1.0,1.0
ES.v.0,action,cut,spread_ticks,95,8.0,1.25,1.0,1.25
ES.v.0,action,cut,spread_ticks,96,8.0,1.25,1.0,1.25
ES.v.0,action,cut,spread_ticks,97,8.0,1.125,1.0,1.0
ES.v.0,action,cut,spread_ticks,98,8.0,1.0,1.0,1.0
ES.v.0,action,cut,spread_ticks,99,8.0,1.125,1.0,1.0
ES.v.0,action,cut,spread_ticks,100,8.0,1.125,1.0,1.0
ES.v.0,action,cut,spread_ticks,101,8.0,1.125,1.0,1.0
ES.v.0,action,cut,spread_ticks,102,8.0,1.125,1.0,1.0
ES.v.0,action,cut,spread_ticks,103,8.0,1.0,1.0,1.0
ES.v.0,action,cut,spread_ticks,104,8.0,1.125,1.0,1.0
ES.v.0,action,cut,spread_ticks,105,8.0,1.25,1.0,1.25
ES.v.0,action,cut,spread_ticks,106,8.0,1.125,1.0,1.0
ES.v.0,action,cut,spread_ticks,107,8.0,1.125,1.0,1.0
ES.v.0,action,cut,spread_ticks,108,8.0,1.0,1.0,1.0
ES.v.0,action,cut,spread_ticks,109,8.0,1.5,1.0,2.0
ES.v.0,action,cut,spread_ticks,110,8.0,1.0,1.0,1.0
ES.v.0,action,cut,spread_ticks,111,8.0,1.125,1.0,1.0
ES.v.0,action,cut,spread_ticks,112,8.0,1.0,1.0,1.0
ES.v.0,action,cut,spread_ticks,113,8.0,1.125,1.0,1.0
ES.v.0,action,cut,spread_ticks,114,8.0,1.125,1.0,1.0
ES.v.0,action,cut,spread_ticks,115,8.0,1.25,1.0,1.25
ES.v.0,action,cut,spread_ticks,116,8.0,1.125,1.0,1.0
ES.v.0,action,cut,spread_ticks,117,8.0,1.0,1.0,1.0
ES.v.0,action,cut,spread_ticks,118,8.0,1.125,1.0,1.0
ES.v.0,action,cut,spread_ticks,119,8.0,1.125,1.0,1.0
ES.v.0,action,cut,spread_ticks,120,8.0,1.125,1.0,1.0
ES.v.0,action,hike,spread_ticks,-60,21.0,1.4761904761904763,1.0,2.0
ES.v.0,action,hike,spread_ticks,-59,21.0,1.4285714285714286,1.0,2.0
ES.v.0,action,hike,spread_ticks,-58,21.0,1.380952380952381,1.0,2.0
ES.v.0,action,hike,spread_ticks,-57,21.0,1.2857142857142858,1.0,1.0
ES.v.0,action,hike,spread_ticks,-56,21.0,1.380952380952381,1.0,2.0
ES.v.0,action,hike,spread_ticks,-55,21.0,1.4285714285714286,1.0,2.0
ES.v.0,action,hike,spread_ticks,-54,21.0,1.5714285714285714,1.0,2.0
ES.v.0,action,hike,spread_ticks,-53,21.0,1.6666666666666667,1.0,2.0
ES.v.0,action,hike,spread_ticks,-52,21.0,1.380952380952381,1.0,2.0
ES.v.0,action,hike,spread_ticks,-51,21.0,1.4285714285714286,1.0,2.0
ES.v.0,action,hike,spread_ticks,-50,21.0,1.5238095238095237,1.0,2.0
ES.v.0,action,hike,spread_ticks,-49,21.0,1.6666666666666667,1.0,2.0
ES.v.0,action,hike,spread_ticks,-48,21.0,1.5238095238095237,1.0,2.0
ES.v.0,action,hike,spread_ticks,-47,21.0,1.8095238095238095,1.0,2.0
ES.v.0,action,hike,spread_ticks,-46,21.0,1.7142857142857142,1.0,2.0
ES.v.0,action,hike,spread_ticks,-45,21.0,1.6666666666666667,1.0,2.0
ES.v.0,action,hike,spread_ticks,-44,21.0,1.4761904761904763,1.0,2.0
ES.v.0,action,hike,spread_ticks,-43,21.0,1.5714285714285714,1.0,2.0
ES.v.0,action,hike,spread_ticks,-42,21.0,1.619047619047619,1.0,2.0
ES.v.0,action,hike,spread_ticks,-41,21.0,1.7142857142857142,1.0,2.0
ES.v.0,action,hike,spread_ticks,-40,21.0,1.5714285714285714,1.0,2.0
ES.v.0,action,hike,spread_ticks,-39,21.0,1.619047619047619,1.0,2.0
ES.v.0,action,hike,spread_ticks,-38,21.0,1.7619047619047619,1.0,2.0
ES.v.0,action,hike,spread_ticks,-37,21.0,1.8095238095238095,1.0,2.0
ES.v.0,action,hike,spread_ticks,-36,21.0,1.7142857142857142,1.0,2.0
ES.v.0,action,hike,spread_ticks,-35,21.0,1.7142857142857142,1.0,2.0
ES.v.0,action,hike,spread_ticks,-34,21.0,1.5238095238095237,1.0,2.0
ES.v.0,action,hike,spread_ticks,-33,21.0,1.7142857142857142,1.0,2.0
ES.v.0,action,hike,spread_ticks,-32,21.0,1.6666666666666667,1.0,2.0
ES.v.0,action,hike,spread_ticks,-31,21.0,1.5714285714285714,1.0,2.0
ES.v.0,action,hike,spread_ticks,-30,21.0,1.619047619047619,1.0,2.0
ES.v.0,action,hike,spread_ticks,-29,21.0,1.4285714285714286,1.0,2.0
ES.v.0,action,hike,spread_ticks,-28,21.0,1.380952380952381,1.0,2.0
ES.v.0,action,hike,spread_ticks,-27,21.0,1.4285714285714286,1.0,2.0
ES.v.0,action,hike,spread_ticks,-26,21.0,1.5714285714285714,1.0,2.0
ES.v.0,action,hike,spread_ticks,-25,21.0,1.7619047619047619,1.0,2.0
ES.v.0,action,hike,spread_ticks,-24,21.0,1.4285714285714286,1.0,2.0
ES.v.0,action,hike,spread_ticks,-23,21.0,1.5714285714285714,1.0,2.0
ES.v.0,action,hike,spread_ticks,-22,21.0,1.5714285714285714,1.0,2.0
ES.v.0,action,hike,spread_ticks,-21,21.0,1.8571428571428572,1.0,2.0
ES.v.0,action,hike,spread_ticks,-20,21.0,1.6666666666666667,1.0,2.0
ES.v.0,action,hike,spread_ticks,-19,21.0,1.6666666666666667,1.0,2.0
ES.v.0,action,hike,spread_ticks,-18,21.0,1.6666666666666667,1.0,2.0
ES.v.0,action,hike,spread_ticks,-17,21.0,1.619047619047619,1.0,2.0
ES.v.0,action,hike,spread_ticks,-16,21.0,1.5714285714285714,1.0,2.0
ES.v.0,action,hike,spread_ticks,-15,21.0,1.5714285714285714,1.0,2.0
ES.v.0,action,hike,spread_ticks,-14,21.0,1.5714285714285714,1.0,2.0
ES.v.0,action,hike,spread_ticks,-13,21.0,1.4761904761904763,1.0,2.0
ES.v.0,action,hike,spread_ticks,-12,21.0,1.6666666666666667,1.0,2.0
ES.v.0,action,hike,spread_ticks,-11,21.0,1.619047619047619,1.0,2.0
ES.v.0,action,hike,spread_ticks,-10,21.0,1.7619047619047619,1.0,2.0
ES.v.0,action,hike,spread_ticks,-9,21.0,1.7619047619047619,1.0,2.0
ES.v.0,action,hike,spread_ticks,-8,21.0,1.7619047619047619,1.0,2.0
ES.v.0,action,hike,spread_ticks,-7,21.0,1.8571428571428572,1.0,2.0
ES.v.0,action,hike,spread_ticks,-6,21.0,1.9047619047619047,1.0,2.0
ES.v.0,action,hike,spread_ticks,-5,21.0,2.0952380952380953,1.0,3.0
ES.v.0,action,hike,spread_ticks,-4,21.0,2.0952380952380953,1.0,2.0
ES.v.0,action,hike,spread_ticks,-3,21.0,2.142857142857143,2.0,3.0
ES.v.0,action,hike,spread_ticks,-2,21.0,2.3333333333333335,2.0,3.0
ES.v.0,action,hike,spread_ticks,-1,21.0,2.9523809523809526,2.0,3.0
ES.v.0,action,hike,spread_ticks,0,21.0,2.5714285714285716,2.0,4.0
ES.v.0,action,hike,spread_ticks,1,21.0,2.857142857142857,2.0,4.0
ES.v.0,action,hike,spread_ticks,2,21.0,2.5238095238095237,1.0,3.0
ES.v.0,action,hike,spread_ticks,3,21.0,2.6666666666666665,2.0,4.0
ES.v.0,action,hike,spread_ticks,4,21.0,2.5238095238095237,2.0,3.0
ES.v.0,action,hike,spread_ticks,5,21.0,2.5714285714285716,1.0,3.0
ES.v.0,action,hike,spread_ticks,6,21.0,2.3333333333333335,2.0,3.0
ES.v.0,action,hike,spread_ticks,7,21.0,2.380952380952381,1.0,3.0
ES.v.0,action,hike,spread_ticks,8,21.0,2.142857142857143,1.0,3.0
ES.v.0,action,hike,spread_ticks,9,21.0,2.142857142857143,1.0,3.0
ES.v.0,action,hike,spread_ticks,10,21.0,2.142857142857143,1.0,3.0
ES.v.0,action,hike,spread_ticks,11,21.0,2.238095238095238,2.0,3.0
ES.v.0,action,hike,spread_ticks,12,21.0,2.2857142857142856,2.0,3.0
ES.v.0,action,hike,spread_ticks,13,21.0,2.0952380952380953,1.0,3.0
ES.v.0,action,hike,spread_ticks,14,21.0,2.1904761904761907,2.0,3.0
ES.v.0,action,hike,spread_ticks,15,21.0,2.142857142857143,1.0,3.0
ES.v.0,action,hike,spread_ticks,16,21.0,2.3333333333333335,2.0,3.0
ES.v.0,action,hike,spread_ticks,17,21.0,2.1904761904761907,1.0,3.0
ES.v.0,action,hike,spread_ticks,18,21.0,2.0,1.0,2.0
ES.v.0,action,hike,spread_ticks,19,21.0,2.0,1.0,2.0
ES.v.0,action,hike,spread_ticks,20,21.0,1.7619047619047619,1.0,2.0
ES.v.0,action,hike,spread_ticks,21,21.0,2.0,1.0,3.0
ES.v.0,action,hike,spread_ticks,22,21.0,1.8095238095238095,1.0,2.0
ES.v.0,action,hike,spread_ticks,23,21.0,1.9523809523809523,1.0,2.0
ES.v.0,action,hike,spread_ticks,24,21.0,1.9523809523809523,1.0,2.0
ES.v.0,action,hike,spread_ticks,25,21.0,1.9523809523809523,2.0,2.0
ES.v.0,action,hike,spread_ticks,26,21.0,1.9523809523809523,1.0,2.0
ES.v.0,action,hike,spread_ticks,27,21.0,1.9523809523809523,1.0,3.0
ES.v.0,action,hike,spread_ticks,28,21.0,1.9047619047619047,1.0,2.0
ES.v.0,action,hike,spread_ticks,29,21.0,1.619047619047619,1.0,2.0
ES.v.0,action,hike,spread_ticks,30,21.0,2.0,1.0,2.0
ES.v.0,action,hike,spread_ticks,31,21.0,2.0952380952380953,1.0,2.0
ES.v.0,action,hike,spread_ticks,32,21.0,1.9047619047619047,1.0,3.0
ES.v.0,action,hike,spread_ticks,33,21.0,1.6666666666666667,1.0,2.0
ES.v.0,action,hike,spread_ticks,34,21.0,1.4285714285714286,1.0,2.0
ES.v.0,action,hike,spread_ticks,35,21.0,1.6666666666666667,1.0,2.0
ES.v.0,action,hike,spread_ticks,36,21.0,1.9047619047619047,1.0,2.0
ES.v.0,action,hike,spread_ticks,37,21.0,1.9047619047619047,1.0,2.0
ES.v.0,action,hike,spread_ticks,38,21.0,1.5714285714285714,1.0,2.0
ES.v.0,action,hike,spread_ticks,39,21.0,1.7142857142857142,1.0,2.0
ES.v.0,action,hike,spread_ticks,40,21.0,1.5238095238095237,1.0,2.0
ES.v.0,action,hike,spread_ticks,41,21.0,1.5238095238095237,1.0,2.0
ES.v.0,action,hike,spread_ticks,42,21.0,1.7619047619047619,1.0,2.0
ES.v.0,action,hike,spread_ticks,43,21.0,1.5238095238095237,1.0,2.0
ES.v.0,action,hike,spread_ticks,44,21.0,1.619047619047619,1.0,2.0
ES.v.0,action,hike,spread_ticks,45,21.0,1.619047619047619,1.0,2.0
ES.v.0,action,hike,spread_ticks,46,21.0,1.7619047619047619,1.0,2.0
ES.v.0,action,hike,spread_ticks,47,21.0,1.6666666666666667,1.0,2.0
ES.v.0,action,hike,spread_ticks,48,21.0,1.5238095238095237,1.0,2.0
ES.v.0,action,hike,spread_ticks,49,21.0,1.619047619047619,1.0,2.0
ES.v.0,action,hike,spread_ticks,50,21.0,1.6666666666666667,1.0,2.0
ES.v.0,action,hike,spread_ticks,51,21.0,1.5714285714285714,1.0,2.0
ES.v.0,action,hike,spread_ticks,52,21.0,1.4761904761904763,1.0,2.0
ES.v.0,action,hike,spread_ticks,53,21.0,1.4761904761904763,1.0,2.0
ES.v.0,action,hike,spread_ticks,54,21.0,1.5714285714285714,1.0,2.0
ES.v.0,action,hike,spread_ticks,55,21.0,1.2857142857142858,1.0,1.0
ES.v.0,action,hike,spread_ticks,56,21.0,1.5238095238095237,1.0,2.0
ES.v.0,action,hike,spread_ticks,57,21.0,1.5714285714285714,1.0,2.0
ES.v.0,action,hike,spread_ticks,58,21.0,1.5238095238095237,1.0,2.0
ES.v.0,action,hike,spread_ticks,59,21.0,1.5238095238095237,1.0,2.0
ES.v.0,action,hike,spread_ticks,60,21.0,1.4761904761904763,1.0,2.0
ES.v.0,action,hike,spread_ticks,61,21.0,1.4761904761904763,1.0,2.0
ES.v.0,action,hike,spread_ticks,62,21.0,1.4761904761904763,1.0,2.0
ES.v.0,action,hike,spread_ticks,63,21.0,1.5714285714285714,1.0,2.0
ES.v.0,action,hike,spread_ticks,64,21.0,1.5238095238095237,1.0,2.0
ES.v.0,action,hike,spread_ticks,65,21.0,1.5714285714285714,1.0,2.0
ES.v.0,action,hike,spread_ticks,66,21.0,1.3333333333333333,1.0,2.0
ES.v.0,action,hike,spread_ticks,67,21.0,1.4285714285714286,1.0,2.0
ES.v.0,action,hike,spread_ticks,68,21.0,1.4761904761904763,1.0,2.0
ES.v.0,action,hike,spread_ticks,69,21.0,1.4285714285714286,1.0,2.0
ES.v.0,action,hike,spread_ticks,70,21.0,1.4285714285714286,1.0,2.0
ES.v.0,action,hike,spread_ticks,71,21.0,1.3333333333333333,1.0,2.0
ES.v.0,action,hike,spread_ticks,72,21.0,1.4285714285714286,1.0,2.0
ES.v.0,action,hike,spread_ticks,73,21.0,1.380952380952381,1.0,2.0
ES.v.0,action,hike,spread_ticks,74,21.0,1.4285714285714286,1.0,2.0
ES.v.0,action,hike,spread_ticks,75,21.0,1.380952380952381,1.0,2.0
ES.v.0,action,hike,spread_ticks,76,21.0,1.3333333333333333,1.0,2.0
ES.v.0,action,hike,spread_ticks,77,21.0,1.380952380952381,1.0,2.0
ES.v.0,action,hike,spread_ticks,78,21.0,1.2857142857142858,1.0,2.0
ES.v.0,action,hike,spread_ticks,79,21.0,1.380952380952381,1.0,2.0
ES.v.0,action,hike,spread_ticks,80,21.0,1.3333333333333333,1.0,2.0
ES.v.0,action,hike,spread_ticks,81,21.0,1.380952380952381,1.0,2.0
ES.v.0,action,hike,spread_ticks,82,21.0,1.1904761904761905,1.0,1.0
ES.v.0,action,hike,spread_ticks,83,21.0,1.4285714285714286,1.0,2.0
ES.v.0,action,hike,spread_ticks,84,21.0,1.4285714285714286,1.0,2.0
ES.v.0,action,hike,spread_ticks,85,21.0,1.2857142857142858,1.0,2.0
ES.v.0,action,hike,spread_ticks,86,21.0,1.1904761904761905,1.0,1.0
ES.v.0,action,hike,spread_ticks,87,21.0,1.2380952380952381,1.0,1.0
ES.v.0,action,hike,spread_ticks,88,21.0,1.3333333333333333,1.0,2.0
ES.v.0,action,hike,spread_ticks,89,21.0,1.5238095238095237,1.0,2.0
ES.v.0,action,hike,spread_ticks,90,21.0,1.3333333333333333,1.0,2.0
ES.v.0,action,hike,spread_ticks,91,21.0,1.380952380952381,1.0,2.0
ES.v.0,action,hike,spread_ticks,92,21.0,1.380952380952381,1.0,2.0
ES.v.0,action,hike,spread_ticks,93,21.0,1.2380952380952381,1.0,1.0
ES.v.0,action,hike,spread_ticks,94,21.0,1.2380952380952381,1.0,1.0
ES.v.0,action,hike,spread_ticks,95,21.0,1.4285714285714286,1.0,2.0
ES.v.0,action,hike,spread_ticks,96,21.0,1.4761904761904763,1.0,2.0
ES.v.0,action,hike,spread_ticks,97,21.0,1.380952380952381,1.0,2.0
ES.v.0,action,hike,spread_ticks,98,21.0,1.2857142857142858,1.0,2.0
ES.v.0,action,hike,spread_ticks,99,21.0,1.1904761904761905,1.0,1.0
ES.v.0,action,hike,spread_ticks,100,21.0,1.2857142857142858,1.0,2.0
ES.v.0,action,hike,spread_ticks,101,21.0,1.2857142857142858,1.0,1.0
ES.v.0,action,hike,spread_ticks,102,21.0,1.3333333333333333,1.0,2.0
ES.v.0,action,hike,spread_ticks,103,21.0,1.2380952380952381,1.0,1.0
ES.v.0,action,hike,spread_ticks,104,21.0,1.1428571428571428,1.0,1.0
ES.v.0,action,hike,spread_ticks,105,21.0,1.3333333333333333,1.0,2.0
ES.v.0,action,hike,spread_ticks,106,21.0,1.3333333333333333,1.0,2.0
ES.v.0,action,hike,spread_ticks,107,21.0,1.4761904761904763,1.0,2.0
ES.v.0,action,hike,spread_ticks,108,21.0,1.380952380952381,1.0,2.0
ES.v.0,action,hike,spread_ticks,109,21.0,1.2857142857142858,1.0,2.0
ES.v.0,action,hike,spread_ticks,110,21.0,1.1904761904761905,1.0,1.0
ES.v.0,action,hike,spread_ticks,111,21.0,1.2380952380952381,1.0,1.0
ES.v.0,action,hike,spread_ticks,112,21.0,1.2380952380952381,1.0,1.0
ES.v.0,action,hike,spread_ticks,113,21.0,1.2380952380952381,1.0,1.0
ES.v.0,action,hike,spread_ticks,114,21.0,1.2380952380952381,1.0,1.0
ES.v.0,action,hike,spread_ticks,115,21.0,1.2380952380952381,1.0,1.0
ES.v.0,action,hike,spread_ticks,116,21.0,1.2857142857142858,1.0,2.0
ES.v.0,action,hike,spread_ticks,117,21.0,1.2380952380952381,1.0,1.0
ES.v.0,action,hike,spread_ticks,118,21.0,1.1428571428571428,1.0,1.0
ES.v.0,action,hike,spread_ticks,119,21.0,1.3333333333333333,1.0,2.0
ES.v.0,action,hike,spread_ticks,120,21.0,1.2857142857142858,1.0,2.0
ES.v.0,action,hold,spread_ticks,-60,63.0,1.3174603174603174,1.0,2.0
ES.v.0,action,hold,spread_ticks,-59,63.0,1.3174603174603174,1.0,2.0
ES.v.0,action,hold,spread_ticks,-58,63.0,1.3492063492063493,1.0,2.0
ES.v.0,action,hold,spread_ticks,-57,63.0,1.2698412698412698,1.0,1.5
ES.v.0,action,hold,spread_ticks,-56,63.0,1.2857142857142858,1.0,2.0
ES.v.0,action,hold,spread_ticks,-55,63.0,1.2857142857142858,1.0,2.0
ES.v.0,action,hold,spread_ticks,-54,63.0,1.253968253968254,1.0,1.0
ES.v.0,action,hold,spread_ticks,-53,63.0,1.492063492063492,1.0,2.0
ES.v.0,action,hold,spread_ticks,-52,63.0,1.3174603174603174,1.0,2.0
ES.v.0,action,hold,spread_ticks,-51,63.0,1.2698412698412698,1.0,2.0
ES.v.0,action,hold,spread_ticks,-50,63.0,1.3333333333333333,1.0,2.0
ES.v.0,action,hold,spread_ticks,-49,63.0,1.3174603174603174,1.0,2.0
ES.v.0,action,hold,spread_ticks,-48,63.0,1.2857142857142858,1.0,2.0
ES.v.0,action,hold,spread_ticks,-47,63.0,1.380952380952381,1.0,2.0
ES.v.0,action,hold,spread_ticks,-46,63.0,1.2698412698412698,1.0,2.0
ES.v.0,action,hold,spread_ticks,-45,63.0,1.2222222222222223,1.0,1.0
ES.v.0,action,hold,spread_ticks,-44,63.0,1.4126984126984128,1.0,2.0
ES.v.0,action,hold,spread_ticks,-43,63.0,1.4761904761904763,1.0,2.0
ES.v.0,action,hold,spread_ticks,-42,63.0,1.3015873015873016,1.0,2.0
ES.v.0,action,hold,spread_ticks,-41,63.0,1.2698412698412698,1.0,2.0
ES.v.0,action,hold,spread_ticks,-40,63.0,1.2857142857142858,1.0,2.0
ES.v.0,action,hold,spread_ticks,-39,63.0,1.253968253968254,1.0,1.0
ES.v.0,action,hold,spread_ticks,-38,63.0,1.2063492063492063,1.0,1.0
ES.v.0,action,hold,spread_ticks,-37,63.0,1.3492063492063493,1.0,2.0
ES.v.0,action,hold,spread_ticks,-36,63.0,1.380952380952381,1.0,2.0
ES.v.0,action,hold,spread_ticks,-35,63.0,1.3333333333333333,1.0,2.0
ES.v.0,action,hold,spread_ticks,-34,63.0,1.3174603174603174,1.0,2.0
ES.v.0,action,hold,spread_ticks,-33,63.0,1.3333333333333333,1.0,2.0
ES.v.0,action,hold,spread_ticks,-32,63.0,1.1904761904761905,1.0,1.0
ES.v.0,action,hold,spread_ticks,-31,63.0,1.2380952380952381,1.0,1.0
ES.v.0,action,hold,spread_ticks,-30,63.0,1.3333333333333333,1.0,2.0
ES.v.0,action,hold,spread_ticks,-29,63.0,1.3333333333333333,1.0,2.0
ES.v.0,action,hold,spread_ticks,-28,63.0,1.2698412698412698,1.0,1.0
ES.v.0,action,hold,spread_ticks,-27,63.0,1.3015873015873016,1.0,1.5
ES.v.0,action,hold,spread_ticks,-26,63.0,1.3174603174603174,1.0,2.0
ES.v.0,action,hold,spread_ticks,-25,63.0,1.3492063492063493,1.0,2.0
ES.v.0,action,hold,spread_ticks,-24,63.0,1.3174603174603174,1.0,2.0
ES.v.0,action,hold,spread_ticks,-23,63.0,1.3333333333333333,1.0,2.0
ES.v.0,action,hold,spread_ticks,-22,63.0,1.3492063492063493,1.0,2.0
ES.v.0,action,hold,spread_ticks,-21,63.0,1.4444444444444444,1.0,2.0
ES.v.0,action,hold,spread_ticks,-20,63.0,1.4285714285714286,1.0,2.0
ES.v.0,action,hold,spread_ticks,-19,63.0,1.4444444444444444,1.0,2.0
ES.v.0,action,hold,spread_ticks,-18,63.0,1.3174603174603174,1.0,2.0
ES.v.0,action,hold,spread_ticks,-17,63.0,1.3015873015873016,1.0,1.5
ES.v.0,action,hold,spread_ticks,-16,63.0,1.253968253968254,1.0,1.0
ES.v.0,action,hold,spread_ticks,-15,63.0,1.380952380952381,1.0,2.0
ES.v.0,action,hold,spread_ticks,-14,63.0,1.4761904761904763,1.0,2.0
ES.v.0,action,hold,spread_ticks,-13,63.0,1.4603174603174602,1.0,2.0
ES.v.0,action,hold,spread_ticks,-12,63.0,1.4444444444444444,1.0,2.0
ES.v.0,action,hold,spread_ticks,-11,63.0,1.3333333333333333,1.0,2.0
ES.v.0,action,hold,spread_ticks,-10,63.0,1.2857142857142858,1.0,2.0
ES.v.0,action,hold,spread_ticks,-9,63.0,1.3968253968253967,1.0,2.0
ES.v.0,action,hold,spread_ticks,-8,63.0,1.4126984126984128,1.0,2.0
ES.v.0,action,hold,spread_ticks,-7,63.0,1.492063492063492,1.0,2.0
ES.v.0,action,hold,spread_ticks,-6,63.0,1.5555555555555556,1.0,2.0
ES.v.0,action,hold,spread_ticks,-5,63.0,1.492063492063492,1.0,2.0
ES.v.0,action,hold,spread_ticks,-4,63.0,1.4761904761904763,1.0,2.0
ES.v.0,action,hold,spread_ticks,-3,63.0,1.4603174603174602,1.0,2.0
ES.v.0,action,hold,spread_ticks,-2,63.0,1.5714285714285714,1.0,2.0
ES.v.0,action,hold,spread_ticks,-1,63.0,1.6507936507936507,1.0,2.0
ES.v.0,action,hold,spread_ticks,0,63.0,2.0952380952380953,1.0,2.0
ES.v.0,action,hold,spread_ticks,1,63.0,2.4603174603174605,1.0,3.0
ES.v.0,action,hold,spread_ticks,2,63.0,2.6507936507936507,1.5,3.0
ES.v.0,action,hold,spread_ticks,3,63.0,2.2063492063492065,1.0,3.0
ES.v.0,action,hold,spread_ticks,4,63.0,2.126984126984127,1.0,2.0
ES.v.0,action,hold,spread_ticks,5,63.0,2.0317460317460316,1.0,2.5
ES.v.0,action,hold,spread_ticks,6,63.0,1.9523809523809523,1.0,2.0
ES.v.0,action,hold,spread_ticks,7,63.0,1.9841269841269842,1.0,2.0
ES.v.0,action,hold,spread_ticks,8,63.0,1.9523809523809523,1.0,2.0
ES.v.0,action,hold,spread_ticks,9,63.0,2.0634920634920637,1.0,2.0
ES.v.0,action,hold,spread_ticks,10,63.0,1.7619047619047619,1.0,2.0
ES.v.0,action,hold,spread_ticks,11,63.0,1.7142857142857142,1.0,2.0
ES.v.0,action,hold,spread_ticks,12,63.0,1.8412698412698412,1.0,2.0
ES.v.0,action,hold,spread_ticks,13,63.0,1.7619047619047619,1.0,2.0
ES.v.0,action,hold,spread_ticks,14,63.0,1.7301587301587302,1.0,2.0
ES.v.0,action,hold,spread_ticks,15,63.0,1.8412698412698412,1.0,2.0
ES.v.0,action,hold,spread_ticks,16,63.0,1.7142857142857142,1.0,2.0
ES.v.0,action,hold,spread_ticks,17,63.0,1.7301587301587302,1.0,2.0
ES.v.0,action,hold,spread_ticks,18,63.0,1.6825396825396826,1.0,2.0
ES.v.0,action,hold,spread_ticks,19,63.0,1.6349206349206349,1.0,2.0
ES.v.0,action,hold,spread_ticks,20,63.0,1.492063492063492,1.0,2.0
ES.v.0,action,hold,spread_ticks,21,63.0,1.619047619047619,1.0,2.0
ES.v.0,action,hold,spread_ticks,22,63.0,1.5238095238095237,1.0,2.0
ES.v.0,action,hold,spread_ticks,23,63.0,1.5555555555555556,1.0,2.0
ES.v.0,action,hold,spread_ticks,24,63.0,1.6031746031746033,1.0,2.0
ES.v.0,action,hold,spread_ticks,25,63.0,1.5714285714285714,1.0,2.0
ES.v.0,action,hold,spread_ticks,26,63.0,1.5555555555555556,1.0,2.0
ES.v.0,action,hold,spread_ticks,27,63.0,1.5555555555555556,1.0,2.0
ES.v.0,action,hold,spread_ticks,28,63.0,1.4603174603174602,1.0,2.0
ES.v.0,action,hold,spread_ticks,29,63.0,1.4285714285714286,1.0,2.0
ES.v.0,action,hold,spread_ticks,30,63.0,1.507936507936508,1.0,2.0
ES.v.0,action,hold,spread_ticks,31,63.0,1.3968253968253967,1.0,2.0
ES.v.0,action,hold,spread_ticks,32,63.0,1.3333333333333333,1.0,2.0
ES.v.0,action,hold,spread_ticks,33,63.0,1.4285714285714286,1.0,2.0
ES.v.0,action,hold,spread_ticks,34,63.0,1.3492063492063493,1.0,2.0
ES.v.0,action,hold,spread_ticks,35,63.0,1.4126984126984128,1.0,2.0
ES.v.0,action,hold,spread_ticks,36,63.0,1.492063492063492,1.0,2.0
ES.v.0,action,hold,spread_ticks,37,63.0,1.3492063492063493,1.0,2.0
ES.v.0,action,hold,spread_ticks,38,63.0,1.380952380952381,1.0,2.0
ES.v.0,action,hold,spread_ticks,39,63.0,1.3015873015873016,1.0,1.5
ES.v.0,action,hold,spread_ticks,40,63.0,1.3650793650793651,1.0,2.0
ES.v.0,action,hold,spread_ticks,41,63.0,1.2857142857142858,1.0,2.0
ES.v.0,action,hold,spread_ticks,42,63.0,1.253968253968254,1.0,1.0
ES.v.0,action,hold,spread_ticks,43,63.0,1.3174603174603174,1.0,2.0
ES.v.0,action,hold,spread_ticks,44,63.0,1.3174603174603174,1.0,2.0
ES.v.0,action,hold,spread_ticks,45,63.0,1.2857142857142858,1.0,1.5
ES.v.0,action,hold,spread_ticks,46,63.0,1.2698412698412698,1.0,1.5
ES.v.0,action,hold,spread_ticks,47,63.0,1.2857142857142858,1.0,1.0
ES.v.0,action,hold,spread_ticks,48,63.0,1.3174603174603174,1.0,2.0
ES.v.0,action,hold,spread_ticks,49,63.0,1.3015873015873016,1.0,2.0
ES.v.0,action,hold,spread_ticks,50,63.0,1.2698412698412698,1.0,1.0
ES.v.0,action,hold,spread_ticks,51,63.0,1.3015873015873016,1.0,1.5
ES.v.0,action,hold,spread_ticks,52,63.0,1.2380952380952381,1.0,1.0
ES.v.0,action,hold,spread_ticks,53,63.0,1.2698412698412698,1.0,2.0
ES.v.0,action,hold,spread_ticks,54,63.0,1.1904761904761905,1.0,1.0
ES.v.0,action,hold,spread_ticks,55,63.0,1.3015873015873016,1.0,2.0
ES.v.0,action,hold,spread_ticks,56,63.0,1.253968253968254,1.0,1.0
ES.v.0,action,hold,spread_ticks,57,63.0,1.253968253968254,1.0,1.0
ES.v.0,action,hold,spread_ticks,58,63.0,1.2222222222222223,1.0,1.0
ES.v.0,action,hold,spread_ticks,59,63.0,1.253968253968254,1.0,1.0
ES.v.0,action,hold,spread_ticks,60,63.0,1.2063492063492063,1.0,1.0
ES.v.0,action,hold,spread_ticks,61,63.0,1.253968253968254,1.0,1.0
ES.v.0,action,hold,spread_ticks,62,63.0,1.2698412698412698,1.0,1.5
ES.v.0,action,hold,spread_ticks,63,63.0,1.1904761904761905,1.0,1.0
ES.v.0,action,hold,spread_ticks,64,63.0,1.2380952380952381,1.0,1.0
ES.v.0,action,hold,spread_ticks,65,63.0,1.2063492063492063,1.0,1.0
ES.v.0,action,hold,spread_ticks,66,63.0,1.2380952380952381,1.0,1.0
ES.v.0,action,hold,spread_ticks,67,63.0,1.2222222222222223,1.0,1.0
ES.v.0,action,hold,spread_ticks,68,63.0,1.1428571428571428,1.0,1.0
ES.v.0,action,hold,spread_ticks,69,63.0,1.1428571428571428,1.0,1.0
ES.v.0,action,hold,spread_ticks,70,63.0,1.2380952380952381,1.0,1.0
ES.v.0,action,hold,spread_ticks,71,63.0,1.1904761904761905,1.0,1.0
ES.v.0,action,hold,spread_ticks,72,63.0,1.1746031746031746,1.0,1.0
ES.v.0,action,hold,spread_ticks,73,63.0,1.2063492063492063,1.0,1.0
ES.v.0,action,hold,spread_ticks,74,63.0,1.2222222222222223,1.0,1.0
ES.v.0,action,hold,spread_ticks,75,63.0,1.126984126984127,1.0,1.0
ES.v.0,action,hold,spread_ticks,76,63.0,1.2380952380952381,1.0,1.0
ES.v.0,action,hold,spread_ticks,77,63.0,1.1428571428571428,1.0,1.0
ES.v.0,action,hold,spread_ticks,78,63.0,1.2222222222222223,1.0,1.0
ES.v.0,action,hold,spread_ticks,79,63.0,1.253968253968254,1.0,1.0
ES.v.0,action,hold,spread_ticks,80,63.0,1.1587301587301588,1.0,1.0
ES.v.0,action,hold,spread_ticks,81,63.0,1.1587301587301588,1.0,1.0
ES.v.0,action,hold,spread_ticks,82,63.0,1.2063492063492063,1.0,1.0
ES.v.0,action,hold,spread_ticks,83,63.0,1.1746031746031746,1.0,1.0
ES.v.0,action,hold,spread_ticks,84,63.0,1.1587301587301588,1.0,1.0
ES.v.0,action,hold,spread_ticks,85,63.0,1.1428571428571428,1.0,1.0
ES.v.0,action,hold,spread_ticks,86,63.0,1.1587301587301588,1.0,1.0
ES.v.0,action,hold,spread_ticks,87,63.0,1.1111111111111112,1.0,1.0
ES.v.0,action,hold,spread_ticks,88,63.0,1.1111111111111112,1.0,1.0
ES.v.0,action,hold,spread_ticks,89,63.0,1.1111111111111112,1.0,1.0
ES.v.0,action,hold,spread_ticks,90,63.0,1.1587301587301588,1.0,1.0
ES.v.0,action,hold,spread_ticks,91,63.0,1.1428571428571428,1.0,1.0
ES.v.0,action,hold,spread_ticks,92,63.0,1.0793650793650793,1.0,1.0
ES.v.0,action,hold,spread_ticks,93,63.0,1.1111111111111112,1.0,1.0
ES.v.0,action,hold,spread_ticks,94,63.0,1.1587301587301588,1.0,1.0
ES.v.0,action,hold,spread_ticks,95,63.0,1.1428571428571428,1.0,1.0
ES.v.0,action,hold,spread_ticks,96,63.0,1.0476190476190477,1.0,1.0
ES.v.0,action,hold,spread_ticks,97,63.0,1.0158730158730158,1.0,1.0
ES.v.0,action,hold,spread_ticks,98,63.0,1.126984126984127,1.0,1.0
ES.v.0,action,hold,spread_ticks,99,63.0,1.2222222222222223,1.0,1.0
ES.v.0,action,hold,spread_ticks,100,63.0,1.1111111111111112,1.0,1.0
ES.v.0,action,hold,spread_ticks,101,63.0,1.1587301587301588,1.0,1.0
ES.v.0,action,hold,spread_ticks,102,63.0,1.0952380952380953,1.0,1.0
ES.v.0,action,hold,spread_ticks,103,63.0,1.0476190476190477,1.0,1.0
ES.v.0,action,hold,spread_ticks,104,63.0,1.0634920634920635,1.0,1.0
ES.v.0,action,hold,spread_ticks,105,63.0,1.1587301587301588,1.0,1.0
ES.v.0,action,hold,spread_ticks,106,63.0,1.0793650793650793,1.0,1.0
ES.v.0,action,hold,spread_ticks,107,63.0,1.0793650793650793,1.0,1.0
ES.v.0,action,hold,spread_ticks,108,63.0,1.0952380952380953,1.0,1.0
ES.v.0,action,hold,spread_ticks,109,63.0,1.1111111111111112,1.0,1.0
ES.v.0,action,hold,spread_ticks,110,63.0,1.0793650793650793,1.0,1.0
ES.v.0,action,hold,spread_ticks,111,63.0,1.1587301587301588,1.0,1.0
ES.v.0,action,hold,spread_ticks,112,63.0,1.0793650793650793,1.0,1.0
ES.v.0,action,hold,spread_ticks,113,63.0,1.0952380952380953,1.0,1.0
ES.v.0,action,hold,spread_ticks,114,63.0,1.1111111111111112,1.0,1.0
ES.v.0,action,hold,spread_ticks,115,63.0,1.1111111111111112,1.0,1.0
ES.v.0,action,hold,spread_ticks,116,63.0,1.2380952380952381,1.0,1.0
ES.v.0,action,hold,spread_ticks,117,63.0,1.0476190476190477,1.0,1.0
ES.v.0,action,hold,spread_ticks,118,63.0,1.0952380952380953,1.0,1.0
ES.v.0,action,hold,spread_ticks,119,63.0,1.1111111111111112,1.0,1.0
ES.v.0,action,hold,spread_ticks,120,63.0,1.0952380952380953,1.0,1.0
ES.v.0,action_x_surprise,cut|large,spread_ticks,-60,4.0,1.25,1.0,1.25
ES.v.0,action_x_surprise,cut|large,spread_ticks,-59,4.0,1.25,1.0,1.25
ES.v.0,action_x_surprise,cut|large,spread_ticks,-58,4.0,1.0,1.0,1.0
ES.v.0,action_x_surprise,cut|large,spread_ticks,-57,4.0,1.25,1.0,1.25
ES.v.0,action_x_surprise,cut|large,spread_ticks,-56,4.0,1.5,1.0,2.0
ES.v.0,action_x_surprise,cut|large,spread_ticks,-55,4.0,1.75,1.75,2.0
ES.v.0,action_x_surprise,cut|large,spread_ticks,-54,4.0,1.25,1.0,1.25
ES.v.0,action_x_surprise,cut|large,spread_ticks,-53,4.0,1.75,1.75,2.0
ES.v.0,action_x_surprise,cut|large,spread_ticks,-52,4.0,1.5,1.0,2.0
ES.v.0,action_x_surprise,cut|large,spread_ticks,-51,4.0,1.5,1.0,2.0
ES.v.0,action_x_surprise,cut|large,spread_ticks,-50,4.0,1.0,1.0,1.0
ES.v.0,action_x_surprise,cut|large,spread_ticks,-49,4.0,1.0,1.0,1.0
ES.v.0,action_x_surprise,cut|large,spread_ticks,-48,4.0,1.25,1.0,1.25
ES.v.0,action_x_surprise,cut|large,spread_ticks,-47,4.0,1.5,1.0,2.0
ES.v.0,action_x_surprise,cut|large,spread_ticks,-46,4.0,1.25,1.0,1.25
ES.v.0,action_x_surprise,cut|large,spread_ticks,-45,4.0,1.25,1.0,1.25
ES.v.0,action_x_surprise,cut|large,spread_ticks,-44,4.0,1.25,1.0,1.25
ES.v.0,action_x_surprise,cut|large,spread_ticks,-43,4.0,1.5,1.0,2.0
ES.v.0,action_x_surprise,cut|large,spread_ticks,-42,4.0,1.75,1.75,2.0
ES.v.0,action_x_surprise,cut|large,spread_ticks,-41,4.0,1.25,1.0,1.25
ES.v.0,action_x_surprise,cut|large,spread_ticks,-40,4.0,1.5,1.0,2.0
ES.v.0,action_x_surprise,cut|large,spread_ticks,-39,4.0,2.0,2.0,2.0
ES.v.0,action_x_surprise,cut|large,spread_ticks,-38,4.0,1.5,1.0,2.0
ES.v.0,action_x_surprise,cut|large,spread_ticks,-37,4.0,1.5,1.0,2.0
ES.v.0,action_x_surprise,cut|large,spread_ticks,-36,4.0,1.25,1.0,1.25
ES.v.0,action_x_surprise,cut|large,spread_ticks,-35,4.0,1.5,1.0,2.0
ES.v.0,action_x_surprise,cut|large,spread_ticks,-34,4.0,1.5,1.0,2.0
ES.v.0,action_x_surprise,cut|large,spread_ticks,-33,4.0,1.25,1.0,1.25
ES.v.0,action_x_surprise,cut|large,spread_ticks,-32,4.0,1.5,1.0,2.0
ES.v.0,action_x_surprise,cut|large,spread_ticks,-31,4.0,1.5,1.0,2.0
ES.v.0,action_x_surprise,cut|large,spread_ticks,-30,4.0,1.25,1.0,1.25
ES.v.0,action_x_surprise,cut|large,spread_ticks,-29,4.0,1.75,1.0,1.75
ES.v.0,action_x_surprise,cut|large,spread_ticks,-28,4.0,1.75,1.0,1.75
ES.v.0,action_x_surprise,cut|large,spread_ticks,-27,4.0,1.75,1.75,2.0
ES.v.0,action_x_surprise,cut|large,spread_ticks,-26,4.0,1.75,1.75,2.0
ES.v.0,action_x_surprise,cut|large,spread_ticks,-25,4.0,1.5,1.0,2.0
ES.v.0,action_x_surprise,cut|large,spread_ticks,-24,4.0,1.5,1.0,1.5
ES.v.0,action_x_surprise,cut|large,spread_ticks,-23,4.0,2.0,1.0,2.5
ES.v.0,action_x_surprise,cut|large,spread_ticks,-22,4.0,1.5,1.0,1.5
ES.v.0,action_x_surprise,cut|large,spread_ticks,-21,4.0,2.0,1.0,2.5
ES.v.0,action_x_surprise,cut|large,spread_ticks,-20,4.0,2.0,1.0,2.5
ES.v.0,action_x_surprise,cut|large,spread_ticks,-19,4.0,1.75,1.75,2.0
ES.v.0,action_x_surprise,cut|large,spread_ticks,-18,4.0,1.5,1.0,2.0
ES.v.0,action_x_surprise,cut|large,spread_ticks,-17,4.0,2.0,1.0,2.5
ES.v.0,action_x_surprise,cut|large,spread_ticks,-16,4.0,1.75,1.0,2.25
ES.v.0,action_x_surprise,cut|large,spread_ticks,-15,4.0,1.75,1.0,2.25
ES.v.0,action_x_surprise,cut|large,spread_ticks,-14,4.0,1.5,1.0,2.0
ES.v.0,action_x_surprise,cut|large,spread_ticks,-13,4.0,1.5,1.0,2.0
ES.v.0,action_x_surprise,cut|large,spread_ticks,-12,4.0,2.0,1.0,2.5
ES.v.0,action_x_surprise,cut|large,spread_ticks,-11,4.0,2.0,1.0,2.5
ES.v.0,action_x_surprise,cut|large,spread_ticks,-10,4.0,1.75,1.0,2.25
ES.v.0,action_x_surprise,cut|large,spread_ticks,-9,4.0,1.75,1.0,1.75
ES.v.0,action_x_surprise,cut|large,spread_ticks,-8,4.0,2.25,1.75,2.5
ES.v.0,action_x_surprise,cut|large,spread_ticks,-7,4.0,1.75,1.0,1.75
ES.v.0,action_x_surprise,cut|large,spread_ticks,-6,4.0,2.25,1.75,3.0
ES.v.0,action_x_surprise,cut|large,spread_ticks,-5,4.0,2.5,1.0,3.5
ES.v.0,action_x_surprise,cut|large,spread_ticks,-4,4.0,2.25,1.75,2.5
ES.v.0,action_x_surprise,cut|large,spread_ticks,-3,4.0,1.75,1.0,1.75
ES.v.0,action_x_surprise,cut|large,spread_ticks,-2,4.0,2.0,1.0,2.0
ES.v.0,action_x_surprise,cut|large,spread_ticks,-1,4.0,1.5,1.0,1.5
ES.v.0,action_x_surprise,cut|large,spread_ticks,0,4.0,2.25,1.0,3.25
ES.v.0,action_x_surprise,cut|large,spread_ticks,1,4.0,2.5,2.0,3.0
ES.v.0,action_x_surprise,cut|large,spread_ticks,2,4.0,3.25,2.75,3.5
ES.v.0,action_x_surprise,cut|large,spread_ticks,3,4.0,2.75,1.75,4.0
ES.v.0,action_x_surprise,cut|large,spread_ticks,4,4.0,2.75,2.75,3.0
ES.v.0,action_x_surprise,cut|large,spread_ticks,5,4.0,3.0,3.0,3.0
ES.v.0,action_x_surprise,cut|large,spread_ticks,6,4.0,3.25,2.75,3.5
ES.v.0,action_x_surprise,cut|large,spread_ticks,7,4.0,2.75,2.0,3.25
ES.v.0,action_x_surprise,cut|large,spread_ticks,8,4.0,2.25,2.0,2.25
ES.v.0,action_x_surprise,cut|large,spread_ticks,9,4.0,2.0,1.75,2.25
ES.v.0,action_x_surprise,cut|large,spread_ticks,10,4.0,2.5,1.0,3.5
ES.v.0,action_x_surprise,cut|large,spread_ticks,11,4.0,1.5,1.0,2.0
ES.v.0,action_x_surprise,cut|large,spread_ticks,12,4.0,1.75,1.0,2.25
ES.v.0,action_x_surprise,cut|large,spread_ticks,13,4.0,1.5,1.0,2.0
ES.v.0,action_x_surprise,cut|large,spread_ticks,14,4.0,1.5,1.0,2.0
ES.v.0,action_x_surprise,cut|large,spread_ticks,15,4.0,2.25,2.0,2.25
ES.v.0,action_x_surprise,cut|large,spread_ticks,16,4.0,2.5,1.75,3.25
ES.v.0,action_x_surprise,cut|large,spread_ticks,17,4.0,2.0,1.75,2.25
ES.v.0,action_x_surprise,cut|large,spread_ticks,18,4.0,2.0,1.75,2.25
ES.v.0,action_x_surprise,cut|large,spread_ticks,19,4.0,1.5,1.0,2.0
ES.v.0,action_x_surprise,cut|large,spread_ticks,20,4.0,1.5,1.0,2.0
ES.v.0,action_x_surprise,cut|large,spread_ticks,21,4.0,2.25,2.0,2.25
ES.v.0,action_x_surprise,cut|large,spread_ticks,22,4.0,2.0,2.0,2.0
ES.v.0,action_x_surprise,cut|large,spread_ticks,23,4.0,2.0,1.0,3.0
ES.v.0,action_x_surprise,cut|large,spread_ticks,24,4.0,1.5,1.0,2.0
ES.v.0,action_x_surprise,cut|large,spread_ticks,25,4.0,2.25,1.75,3.0
ES.v.0,action_x_surprise,cut|large,spread_ticks,26,4.0,1.5,1.0,2.0
ES.v.0,action_x_surprise,cut|large,spread_ticks,27,4.0,1.75,1.75,2.0
ES.v.0,action_x_surprise,cut|large,spread_ticks,28,4.0,1.5,1.0,2.0
ES.v.0,action_x_surprise,cut|large,spread_ticks,29,4.0,1.75,1.75,2.0
ES.v.0,action_x_surprise,cut|large,spread_ticks,30,4.0,1.5,1.0,2.0
ES.v.0,action_x_surprise,cut|large,spread_ticks,31,4.0,1.5,1.0,2.0
ES.v.0,action_x_surprise,cut|large,spread_ticks,32,4.0,1.0,1.0,1.0
ES.v.0,action_x_surprise,cut|large,spread_ticks,33,4.0,1.5,1.0,2.0
ES.v.0,action_x_surprise,cut|large,spread_ticks,34,4.0,1.5,1.0,2.0
ES.v.0,action_x_surprise,cut|large,spread_ticks,35,4.0,1.5,1.0,2.0
ES.v.0,action_x_surprise,cut|large,spread_ticks,36,4.0,1.25,1.0,1.25
ES.v.0,action_x_surprise,cut|large,spread_ticks,37,4.0,1.25,1.0,1.25
ES.v.0,action_x_surprise,cut|large,spread_ticks,38,4.0,1.25,1.0,1.25
ES.v.0,action_x_surprise,cut|large,spread_ticks,39,4.0,1.25,1.0,1.25
ES.v.0,action_x_surprise,cut|large,spread_ticks,40,4.0,1.5,1.0,2.0
ES.v.0,action_x_surprise,cut|large,spread_ticks,41,4.0,1.25,1.0,1.25
ES.v.0,action_x_surprise,cut|large,spread_ticks,42,4.0,1.25,1.0,1.25
ES.v.0,action_x_surprise,cut|large,spread_ticks,43,4.0,1.25,1.0,1.25
ES.v.0,action_x_surprise,cut|large,spread_ticks,44,4.0,1.25,1.0,1.25
ES.v.0,action_x_surprise,cut|large,spread_ticks,45,4.0,1.0,1.0,1.0
ES.v.0,action_x_surprise,cut|large,spread_ticks,46,4.0,1.25,1.0,1.25
ES.v.0,action_x_surprise,cut|large,spread_ticks,47,4.0,1.25,1.0,1.25
ES.v.0,action_x_surprise,cut|large,spread_ticks,48,4.0,1.5,1.0,2.0
ES.v.0,action_x_surprise,cut|large,spread_ticks,49,4.0,1.25,1.0,1.25
ES.v.0,action_x_surprise,cut|large,spread_ticks,50,4.0,1.5,1.0,2.0
ES.v.0,action_x_surprise,cut|large,spread_ticks,51,4.0,1.5,1.0,2.0
ES.v.0,action_x_surprise,cut|large,spread_ticks,52,4.0,1.25,1.0,1.25
ES.v.0,action_x_surprise,cut|large,spread_ticks,53,4.0,1.0,1.0,1.0
ES.v.0,action_x_surprise,cut|large,spread_ticks,54,4.0,1.0,1.0,1.0
ES.v.0,action_x_surprise,cut|large,spread_ticks,55,4.0,1.25,1.0,1.25
ES.v.0,action_x_surprise,cut|large,spread_ticks,56,4.0,1.5,1.0,2.0
ES.v.0,action_x_surprise,cut|large,spread_ticks,57,4.0,1.25,1.0,1.25
ES.v.0,action_x_surprise,cut|large,spread_ticks,58,4.0,1.0,1.0,1.0
ES.v.0,action_x_surprise,cut|large,spread_ticks,59,4.0,1.0,1.0,1.0
ES.v.0,action_x_surprise,cut|large,spread_ticks,60,4.0,1.25,1.0,1.25
ES.v.0,action_x_surprise,cut|large,spread_ticks,61,4.0,1.5,1.0,2.0
ES.v.0,action_x_surprise,cut|large,spread_ticks,62,4.0,1.0,1.0,1.0
ES.v.0,action_x_surprise,cut|large,spread_ticks,63,4.0,1.75,1.75,2.0
ES.v.0,action_x_surprise,cut|large,spread_ticks,64,4.0,1.0,1.0,1.0
ES.v.0,action_x_surprise,cut|large,spread_ticks,65,4.0,1.25,1.0,1.25
ES.v.0,action_x_surprise,cut|large,spread_ticks,66,4.0,1.0,1.0,1.0
ES.v.0,action_x_surprise,cut|large,spread_ticks,67,4.0,1.25,1.0,1.25
ES.v.0,action_x_surprise,cut|large,spread_ticks,68,4.0,1.25,1.0,1.25
ES.v.0,action_x_surprise,cut|large,spread_ticks,69,4.0,1.0,1.0,1.0
ES.v.0,action_x_surprise,cut|large,spread_ticks,70,4.0,1.25,1.0,1.25
ES.v.0,action_x_surprise,cut|large,spread_ticks,71,4.0,1.25,1.0,1.25
ES.v.0,action_x_surprise,cut|large,spread_ticks,72,4.0,1.25,1.0,1.25
ES.v.0,action_x_surprise,cut|large,spread_ticks,73,4.0,1.5,1.0,2.0
ES.v.0,action_x_surprise,cut|large,spread_ticks,74,4.0,1.25,1.0,1.25
ES.v.0,action_x_surprise,cut|large,spread_ticks,75,4.0,1.25,1.0,1.25
ES.v.0,action_x_surprise,cut|large,spread_ticks,76,4.0,1.25,1.0,1.25
ES.v.0,action_x_surprise,cut|large,spread_ticks,77,4.0,1.25,1.0,1.25
ES.v.0,action_x_surprise,cut|large,spread_ticks,78,4.0,1.0,1.0,1.0
ES.v.0,action_x_surprise,cut|large,spread_ticks,79,4.0,1.0,1.0,1.0
ES.v.0,action_x_surprise,cut|large,spread_ticks,80,4.0,1.25,1.0,1.25
ES.v.0,action_x_surprise,cut|large,spread_ticks,81,4.0,1.25,1.0,1.25
ES.v.0,action_x_surprise,cut|large,spread_ticks,82,4.0,1.25,1.0,1.25
ES.v.0,action_x_surprise,cut|large,spread_ticks,83,4.0,1.25,1.0,1.25
ES.v.0,action_x_surprise,cut|large,spread_ticks,84,4.0,1.25,1.0,1.25
ES.v.0,action_x_surprise,cut|large,spread_ticks,85,4.0,1.25,1.0,1.25
ES.v.0,action_x_surprise,cut|large,spread_ticks,86,4.0,1.25,1.0,1.25
ES.v.0,action_x_surprise,cut|large,spread_ticks,87,4.0,1.0,1.0,1.0
ES.v.0,action_x_surprise,cut|large,spread_ticks,88,4.0,1.25,1.0,1.25
ES.v.0,action_x_surprise,cut|large,spread_ticks,89,4.0,1.25,1.0,1.25
ES.v.0,action_x_surprise,cut|large,spread_ticks,90,4.0,1.0,1.0,1.0
ES.v.0,action_x_surprise,cut|large,spread_ticks,91,4.0,1.25,1.0,1.25
ES.v.0,action_x_surprise,cut|large,spread_ticks,92,4.0,1.0,1.0,1.0
ES.v.0,action_x_surprise,cut|large,spread_ticks,93,4.0,1.0,1.0,1.0
ES.v.0,action_x_surprise,cut|large,spread_ticks,94,4.0,1.0,1.0,1.0
ES.v.0,action_x_surprise,cut|large,spread_ticks,95,4.0,1.25,1.0,1.25
ES.v.0,action_x_surprise,cut|large,spread_ticks,96,4.0,1.0,1.0,1.0
ES.v.0,action_x_surprise,cut|large,spread_ticks,97,4.0,1.0,1.0,1.0
ES.v.0,action_x_surprise,cut|large,spread_ticks,98,4.0,1.0,1.0,1.0
ES.v.0,action_x_surprise,cut|large,spread_ticks,99,4.0,1.0,1.0,1.0
ES.v.0,action_x_surprise,cut|large,spread_ticks,100,4.0,1.0,1.0,1.0
ES.v.0,action_x_surprise,cut|large,spread_ticks,101,4.0,1.25,1.0,1.25
ES.v.0,action_x_surprise,cut|large,spread_ticks,102,4.0,1.0,1.0,1.0
ES.v.0,action_x_surprise,cut|large,spread_ticks,103,4.0,1.0,1.0,1.0
ES.v.0,action_x_surprise,cut|large,spread_ticks,104,4.0,1.0,1.0,1.0
ES.v.0,action_x_surprise,cut|large,spread_ticks,105,4.0,1.25,1.0,1.25
ES.v.0,action_x_surprise,cut|large,spread_ticks,106,4.0,1.25,1.0,1.25
ES.v.0,action_x_surprise,cut|large,spread_ticks,107,4.0,1.0,1.0,1.0
ES.v.0,action_x_surprise,cut|large,spread_ticks,108,4.0,1.0,1.0,1.0
ES.v.0,action_x_surprise,cut|large,spread_ticks,109,4.0,1.5,1.0,2.0
ES.v.0,action_x_surprise,cut|large,spread_ticks,110,4.0,1.0,1.0,1.0
ES.v.0,action_x_surprise,cut|large,spread_ticks,111,4.0,1.0,1.0,1.0
ES.v.0,action_x_surprise,cut|large,spread_ticks,112,4.0,1.0,1.0,1.0
ES.v.0,action_x_surprise,cut|large,spread_ticks,113,4.0,1.0,1.0,1.0
ES.v.0,action_x_surprise,cut|large,spread_ticks,114,4.0,1.0,1.0,1.0
ES.v.0,action_x_surprise,cut|large,spread_ticks,115,4.0,1.0,1.0,1.0
ES.v.0,action_x_surprise,cut|large,spread_ticks,116,4.0,1.0,1.0,1.0
ES.v.0,action_x_surprise,cut|large,spread_ticks,117,4.0,1.0,1.0,1.0
ES.v.0,action_x_surprise,cut|large,spread_ticks,118,4.0,1.0,1.0,1.0
ES.v.0,action_x_surprise,cut|large,spread_ticks,119,4.0,1.0,1.0,1.0
ES.v.0,action_x_surprise,cut|large,spread_ticks,120,4.0,1.25,1.0,1.25
ES.v.0,action_x_surprise,cut|medium,spread_ticks,-60,3.0,1.6666666666666667,1.5,2.0
ES.v.0,action_x_surprise,cut|medium,spread_ticks,-59,3.0,1.6666666666666667,1.5,2.0
ES.v.0,action_x_surprise,cut|medium,spread_ticks,-58,3.0,1.3333333333333333,1.0,1.5
ES.v.0,action_x_surprise,cut|medium,spread_ticks,-57,3.0,1.3333333333333333,1.0,1.5
ES.v.0,action_x_surprise,cut|medium,spread_ticks,-56,3.0,1.6666666666666667,1.0,2.0
ES.v.0,action_x_surprise,cut|medium,spread_ticks,-55,3.0,1.3333333333333333,1.0,1.5
ES.v.0,action_x_surprise,cut|medium,spread_ticks,-54,3.0,1.3333333333333333,1.0,1.5
ES.v.0,action_x_surprise,cut|medium,spread_ticks,-53,3.0,1.3333333333333333,1.0,1.5
ES.v.0,action_x_surprise,cut|medium,spread_ticks,-52,3.0,1.6666666666666667,1.5,2.0
ES.v.0,action_x_surprise,cut|medium,spread_ticks,-51,3.0,1.3333333333333333,1.0,1.5
ES.v.0,action_x_surprise,cut|medium,spread_ticks,-50,3.0,1.0,1.0,1.0
ES.v.0,action_x_surprise,cut|medium,spread_ticks,-49,3.0,1.0,1.0,1.0
ES.v.0,action_x_surprise,cut|medium,spread_ticks,-48,3.0,1.3333333333333333,1.0,1.5
ES.v.0,action_x_surprise,cut|medium,spread_ticks,-47,3.0,1.0,1.0,1.0
ES.v.0,action_x_surprise,cut|medium,spread_ticks,-46,3.0,1.3333333333333333,1.0,1.5
ES.v.0,action_x_surprise,cut|medium,spread_ticks,-45,3.0,1.3333333333333333,1.0,1.5
ES.v.0,action_x_surprise,cut|medium,spread_ticks,-44,3.0,1.6666666666666667,1.0,2.0
ES.v.0,action_x_surprise,cut|medium,spread_ticks,-43,3.0,1.3333333333333333,1.0,1.5
ES.v.0,action_x_surprise,cut|medium,spread_ticks,-42,3.0,1.3333333333333333,1.0,1.5
ES.v.0,action_x_surprise,cut|medium,spread_ticks,-41,3.0,1.6666666666666667,1.0,2.0
ES.v.0,action_x_surprise,cut|medium,spread_ticks,-40,3.0,1.3333333333333333,1.0,1.5
ES.v.0,action_x_surprise,cut|medium,spread_ticks,-39,3.0,1.6666666666666667,1.5,2.0
ES.v.0,action_x_surprise,cut|medium,spread_ticks,-38,3.0,1.6666666666666667,1.5,2.0
ES.v.0,action_x_surprise,cut|medium,spread_ticks,-37,3.0,1.3333333333333333,1.0,1.5
ES.v.0,action_x_surprise,cut|medium,spread_ticks,-36,3.0,1.6666666666666667,1.5,2.0
ES.v.0,action_x_surprise,cut|medium,spread_ticks,-35,3.0,2.0,2.0,2.0
ES.v.0,action_x_surprise,cut|medium,spread_ticks,-34,3.0,1.0,1.0,1.0
ES.v.0,action_x_surprise,cut|medium,spread_ticks,-33,3.0,2.0,2.0,2.0
ES.v.0,action_x_surprise,cut|medium,spread_ticks,-32,3.0,1.3333333333333333,1.0,1.5
ES.v.0,action_x_surprise,cut|medium,spread_ticks,-31,3.0,1.0,1.0,1.0
ES.v.0,action_x_surprise,cut|medium,spread_ticks,-30,3.0,1.3333333333333333,1.0,1.5
ES.v.0,action_x_surprise,cut|medium,spread_ticks,-29,3.0,1.6666666666666667,1.5,2.0
ES.v.0,action_x_surprise,cut|medium,spread_ticks,-28,3.0,2.0,1.5,2.5
ES.v.0,action_x_surprise,cut|medium,spread_ticks,-27,3.0,1.0,1.0,1.0
ES.v.0,action_x_surprise,cut|medium,spread_ticks,-26,3.0,1.6666666666666667,1.5,2.0
ES.v.0,action_x_surprise,cut|medium,spread_ticks,-25,3.0,1.3333333333333333,1.0,1.5
ES.v.0,action_x_surprise,cut|medium,spread_ticks,-24,3.0,1.6666666666666667,1.0,2.0
ES.v.0,action_x_surprise,cut|medium,spread_ticks,-23,3.0,1.0,1.0,1.0
ES.v.0,action_x_surprise,cut|medium,spread_ticks,-22,3.0,1.3333333333333333,1.0,1.5
ES.v.0,action_x_surprise,cut|medium,spread_ticks,-21,3.0,1.3333333333333333,1.0,1.5
ES.v.0,action_x_surprise,cut|medium,spread_ticks,-20,3.0,1.3333333333333333,1.0,1.5
ES.v.0,action_x_surprise,cut|medium,spread_ticks,-19,3.0,1.3333333333333333,1.0,1.5
ES.v.0,action_x_surprise,cut|medium,spread_ticks,-18,3.0,1.3333333333333333,1.0,1.5
ES.v.0,action_x_surprise,cut|medium,spread_ticks,-17,3.0,1.0,1.0,1.0
ES.v.0,action_x_surprise,cut|medium,spread_ticks,-16,3.0,1.0,1.0,1.0
ES.v.0,action_x_surprise,cut|medium,spread_ticks,-15,3.0,1.6666666666666667,1.5,2.0
ES.v.0,action_x_surprise,cut|medium,spread_ticks,-14,3.0,1.3333333333333333,1.0,1.5
ES.v.0,action_x_surprise,cut|medium,spread_ticks,-13,3.0,1.3333333333333333,1.0,1.5
ES.v.0,action_x_surprise,cut|medium,spread_ticks,-12,3.0,1.6666666666666667,1.5,2.0
ES.v.0,action_x_surprise,cut|medium,spread_ticks,-11,3.0,2.3333333333333335,1.5,3.0
ES.v.0,action_x_surprise,cut|medium,spread_ticks,-10,3.0,1.3333333333333333,1.0,1.5
ES.v.0,action_x_surprise,cut|medium,spread_ticks,-9,3.0,1.3333333333333333,1.0,1.5
ES.v.0,action_x_surprise,cut|medium,spread_ticks,-8,3.0,1.6666666666666667,1.0,2.0
ES.v.0,action_x_surprise,cut|medium,spread_ticks,-7,3.0,2.3333333333333335,1.5,3.0
ES.v.0,action_x_surprise,cut|medium,spread_ticks,-6,3.0,1.6666666666666667,1.5,2.0
ES.v.0,action_x_surprise,cut|medium,spread_ticks,-5,3.0,1.3333333333333333,1.0,1.5
ES.v.0,action_x_surprise,cut|medium,spread_ticks,-4,3.0,1.6666666666666667,1.0,2.0
ES.v.0,action_x_surprise,cut|medium,spread_ticks,-3,3.0,1.3333333333333333,1.0,1.5
ES.v.0,action_x_surprise,cut|medium,spread_ticks,-2,3.0,1.6666666666666667,1.5,2.0
ES.v.0,action_x_surprise,cut|medium,spread_ticks,-1,3.0,1.6666666666666667,1.5,2.0
ES.v.0,action_x_surprise,cut|medium,spread_ticks,0,3.0,2.3333333333333335,2.0,2.5
ES.v.0,action_x_surprise,cut|medium,spread_ticks,1,3.0,3.0,2.0,4.0
ES.v.0,action_x_surprise,cut|medium,spread_ticks,2,3.0,2.6666666666666665,2.0,3.5
ES.v.0,action_x_surprise,cut|medium,spread_ticks,3,3.0,2.3333333333333335,2.0,3.0
ES.v.0,action_x_surprise,cut|medium,spread_ticks,4,3.0,2.3333333333333335,1.5,3.0
ES.v.0,action_x_surprise,cut|medium,spread_ticks,5,3.0,3.0,2.5,4.0
ES.v.0,action_x_surprise,cut|medium,spread_ticks,6,3.0,2.6666666666666665,2.0,3.0
ES.v.0,action_x_surprise,cut|medium,spread_ticks,7,3.0,1.6666666666666667,1.5,2.0
ES.v.0,action_x_surprise,cut|medium,spread_ticks,8,3.0,2.3333333333333335,2.0,2.5
ES.v.0,action_x_surprise,cut|medium,spread_ticks,9,3.0,3.3333333333333335,2.5,4.0
ES.v.0,action_x_surprise,cut|medium,spread_ticks,10,3.0,1.6666666666666667,1.0,2.0
ES.v.0,action_x_surprise,cut|medium,spread_ticks,11,3.0,2.6666666666666665,2.0,3.5
ES.v.0,action_x_surprise,cut|medium,spread_ticks,12,3.0,2.0,1.5,2.5
ES.v.0,action_x_surprise,cut|medium,spread_ticks,13,3.0,2.3333333333333335,2.0,3.0
ES.v.0,action_x_surprise,cut|medium,spread_ticks,14,3.0,1.3333333333333333,1.0,1.5
ES.v.0,action_x_surprise,cut|medium,spread_ticks,15,3.0,1.3333333333333333,1.0,1.5
ES.v.0,action_x_surprise,cut|medium,spread_ticks,16,3.0,2.3333333333333335,1.5,3.0
ES.v.0,action_x_surprise,cut|medium,spread_ticks,17,3.0,2.3333333333333335,2.0,3.0
ES.v.0,action_x_surprise,cut|medium,spread_ticks,18,3.0,1.6666666666666667,1.5,2.0
ES.v.0,action_x_surprise,cut|medium,spread_ticks,19,3.0,1.6666666666666667,1.5,2.0
ES.v.0,action_x_surprise,cut|medium,spread_ticks,20,3.0,1.6666666666666667,1.5,2.0
ES.v.0,action_x_surprise,cut|medium,spread_ticks,21,3.0,2.3333333333333335,1.5,3.0
ES.v.0,action_x_surprise,cut|medium,spread_ticks,22,3.0,2.0,1.5,2.5
ES.v.0,action_x_surprise,cut|medium,spread_ticks,23,3.0,1.6666666666666667,1.5,2.0
ES.v.0,action_x_surprise,cut|medium,spread_ticks,24,3.0,1.3333333333333333,1.0,1.5
ES.v.0,action_x_surprise,cut|medium,spread_ticks,25,3.0,1.3333333333333333,1.0,1.5
ES.v.0,action_x_surprise,cut|medium,spread_ticks,26,3.0,1.3333333333333333,1.0,1.5
ES.v.0,action_x_surprise,cut|medium,spread_ticks,27,3.0,1.0,1.0,1.0
ES.v.0,action_x_surprise,cut|medium,spread_ticks,28,3.0,1.3333333333333333,1.0,1.5
ES.v.0,action_x_surprise,cut|medium,spread_ticks,29,3.0,1.6666666666666667,1.0,2.0
ES.v.0,action_x_surprise,cut|medium,spread_ticks,30,3.0,1.6666666666666667,1.5,2.0
ES.v.0,action_x_surprise,cut|medium,spread_ticks,31,3.0,1.0,1.0,1.0
ES.v.0,action_x_surprise,cut|medium,spread_ticks,32,3.0,1.3333333333333333,1.0,1.5
ES.v.0,action_x_surprise,cut|medium,spread_ticks,33,3.0,1.3333333333333333,1.0,1.5
ES.v.0,action_x_surprise,cut|medium,spread_ticks,34,3.0,1.6666666666666667,1.5,2.0
ES.v.0,action_x_surprise,cut|medium,spread_ticks,35,3.0,1.0,1.0,1.0
ES.v.0,action_x_surprise,cut|medium,spread_ticks,36,3.0,1.6666666666666667,1.5,2.0
ES.v.0,action_x_surprise,cut|medium,spread_ticks,37,3.0,1.3333333333333333,1.0,1.5
ES.v.0,action_x_surprise,cut|medium,spread_ticks,38,3.0,1.3333333333333333,1.0,1.5
ES.v.0,action_x_surprise,cut|medium,spread_ticks,39,3.0,1.3333333333333333,1.0,1.5
ES.v.0,action_x_surprise,cut|medium,spread_ticks,40,3.0,1.3333333333333333,1.0,1.5
ES.v.0,action_x_surprise,cut|medium,spread_ticks,41,3.0,1.6666666666666667,1.5,2.0
ES.v.0,action_x_surprise,cut|medium,spread_ticks,42,3.0,1.6666666666666667,1.5,2.0
ES.v.0,action_x_surprise,cut|medium,spread_ticks,43,3.0,1.0,1.0,1.0
ES.v.0,action_x_surprise,cut|medium,spread_ticks,44,3.0,1.3333333333333333,1.0,1.5
ES.v.0,action_x_surprise,cut|medium,spread_ticks,45,3.0,1.3333333333333333,1.0,1.5
ES.v.0,action_x_surprise,cut|medium,spread_ticks,46,3.0,1.3333333333333333,1.0,1.5
ES.v.0,action_x_surprise,cut|medium,spread_ticks,47,3.0,1.3333333333333333,1.0,1.5
ES.v.0,action_x_surprise,cut|medium,spread_ticks,48,3.0,1.3333333333333333,1.0,1.5
ES.v.0,action_x_surprise,cut|medium,spread_ticks,49,3.0,1.0,1.0,1.0
ES.v.0,action_x_surprise,cut|medium,spread_ticks,50,3.0,1.3333333333333333,1.0,1.5
ES.v.0,action_x_surprise,cut|medium,spread_ticks,51,3.0,1.3333333333333333,1.0,1.5
ES.v.0,action_x_surprise,cut|medium,spread_ticks,52,3.0,1.0,1.0,1.0
ES.v.0,action_x_surprise,cut|medium,spread_ticks,53,3.0,1.3333333333333333,1.0,1.5
ES.v.0,action_x_surprise,cut|medium,spread_ticks,54,3.0,1.0,1.0,1.0
ES.v.0,action_x_surprise,cut|medium,spread_ticks,55,3.0,1.0,1.0,1.0
ES.v.0,action_x_surprise,cut|medium,spread_ticks,56,3.0,1.3333333333333333,1.0,1.5
ES.v.0,action_x_surprise,cut|medium,spread_ticks,57,3.0,1.0,1.0,1.0
ES.v.0,action_x_surprise,cut|medium,spread_ticks,58,3.0,1.0,1.0,1.0
ES.v.0,action_x_surprise,cut|medium,spread_ticks,59,3.0,1.0,1.0,1.0
ES.v.0,action_x_surprise,cut|medium,spread_ticks,60,3.0,1.6666666666666667,1.5,2.0
ES.v.0,action_x_surprise,cut|medium,spread_ticks,61,3.0,1.0,1.0,1.0
ES.v.0,action_x_surprise,cut|medium,spread_ticks,62,3.0,1.6666666666666667,1.5,2.0
ES.v.0,action_x_surprise,cut|medium,spread_ticks,63,3.0,1.6666666666666667,1.5,2.0
ES.v.0,action_x_surprise,cut|medium,spread_ticks,64,3.0,1.3333333333333333,1.0,1.5
ES.v.0,action_x_surprise,cut|medium,spread_ticks,65,3.0,1.0,1.0,1.0
ES.v.0,action_x_surprise,cut|medium,spread_ticks,66,3.0,1.3333333333333333,1.0,1.5
ES.v.0,action_x_surprise,cut|medium,spread_ticks,67,3.0,1.0,1.0,1.0
ES.v.0,action_x_surprise,cut|medium,spread_ticks,68,3.0,1.3333333333333333,1.0,1.5
ES.v.0,action_x_surprise,cut|medium,spread_ticks,69,3.0,1.0,1.0,1.0
ES.v.0,action_x_surprise,cut|medium,spread_ticks,70,3.0,1.0,1.0,1.0
ES.v.0,action_x_surprise,cut|medium,spread_ticks,71,3.0,1.3333333333333333,1.0,1.5
ES.v.0,action_x_surprise,cut|medium,spread_ticks,72,3.0,1.3333333333333333,1.0,1.5
ES.v.0,action_x_surprise,cut|medium,spread_ticks,73,3.0,1.3333333333333333,1.0,1.5
ES.v.0,action_x_surprise,cut|medium,spread_ticks,74,3.0,1.3333333333333333,1.0,1.5
ES.v.0,action_x_surprise,cut|medium,spread_ticks,75,3.0,1.3333333333333333,1.0,1.5
ES.v.0,action_x_surprise,cut|medium,spread_ticks,76,3.0,1.6666666666666667,1.5,2.0
ES.v.0,action_x_surprise,cut|medium,spread_ticks,77,3.0,1.0,1.0,1.0
ES.v.0,action_x_surprise,cut|medium,spread_ticks,78,3.0,1.0,1.0,1.0
ES.v.0,action_x_surprise,cut|medium,spread_ticks,79,3.0,1.3333333333333333,1.0,1.5
ES.v.0,action_x_surprise,cut|medium,spread_ticks,80,3.0,1.0,1.0,1.0
ES.v.0,action_x_surprise,cut|medium,spread_ticks,81,3.0,1.3333333333333333,1.0,1.5
ES.v.0,action_x_surprise,cut|medium,spread_ticks,82,3.0,1.3333333333333333,1.0,1.5
ES.v.0,action_x_surprise,cut|medium,spread_ticks,83,3.0,1.0,1.0,1.0
ES.v.0,action_x_surprise,cut|medium,spread_ticks,84,3.0,1.3333333333333333,1.0,1.5
ES.v.0,action_x_surprise,cut|medium,spread_ticks,85,3.0,1.0,1.0,1.0
ES.v.0,action_x_surprise,cut|medium,spread_ticks,86,3.0,1.0,1.0,1.0
ES.v.0,action_x_surprise,cut|medium,spread_ticks,87,3.0,1.3333333333333333,1.0,1.5
ES.v.0,action_x_surprise,cut|medium,spread_ticks,88,3.0,1.3333333333333333,1.0,1.5
ES.v.0,action_x_surprise,cut|medium,spread_ticks,89,3.0,1.3333333333333333,1.0,1.5
ES.v.0,action_x_surprise,cut|medium,spread_ticks,90,3.0,1.3333333333333333,1.0,1.5
ES.v.0,action_x_surprise,cut|medium,spread_ticks,91,3.0,1.0,1.0,1.0
ES.v.0,action_x_surprise,cut|medium,spread_ticks,92,3.0,1.3333333333333333,1.0,1.5
ES.v.0,action_x_surprise,cut|medium,spread_ticks,93,3.0,1.0,1.0,1.0
ES.v.0,action_x_surprise,cut|medium,spread_ticks,94,3.0,1.0,1.0,1.0
ES.v.0,action_x_surprise,cut|medium,spread_ticks,95,3.0,1.3333333333333333,1.0,1.5
ES.v.0,action_x_surprise,cut|medium,spread_ticks,96,3.0,1.3333333333333333,1.0,1.5
ES.v.0,action_x_surprise,cut|medium,spread_ticks,97,3.0,1.0,1.0,1.0
ES.v.0,action_x_surprise,cut|medium,spread_ticks,98,3.0,1.0,1.0,1.0
ES.v.0,action_x_surprise,cut|medium,spread_ticks,99,3.0,1.0,1.0,1.0
ES.v.0,action_x_surprise,cut|medium,spread_ticks,100,3.0,1.0,1.0,1.0
ES.v.0,action_x_surprise,cut|medium,spread_ticks,101,3.0,1.0,1.0,1.0
ES.v.0,action_x_surprise,cut|medium,spread_ticks,102,3.0,1.0,1.0,1.0
ES.v.0,action_x_surprise,cut|medium,spread_ticks,103,3.0,1.0,1.0,1.0
ES.v.0,action_x_surprise,cut|medium,spread_ticks,104,3.0,1.0,1.0,1.0
ES.v.0,action_x_surprise,cut|medium,spread_ticks,105,3.0,1.0,1.0,1.0
ES.v.0,action_x_surprise,cut|medium,spread_ticks,106,3.0,1.0,1.0,1.0
ES.v.0,action_x_surprise,cut|medium,spread_ticks,107,3.0,1.0,1.0,1.0
ES.v.0,action_x_surprise,cut|medium,spread_ticks,108,3.0,1.0,1.0,1.0
ES.v.0,action_x_surprise,cut|medium,spread_ticks,109,3.0,1.3333333333333333,1.0,1.5
ES.v.0,action_x_surprise,cut|medium,spread_ticks,110,3.0,1.0,1.0,1.0
ES.v.0,action_x_surprise,cut|medium,spread_ticks,111,3.0,1.0,1.0,1.0
ES.v.0,action_x_surprise,cut|medium,spread_ticks,112,3.0,1.0,1.0,1.0
ES.v.0,action_x_surprise,cut|medium,spread_ticks,113,3.0,1.3333333333333333,1.0,1.5
ES.v.0,action_x_surprise,cut|medium,spread_ticks,114,3.0,1.0,1.0,1.0
ES.v.0,action_x_surprise,cut|medium,spread_ticks,115,3.0,1.3333333333333333,1.0,1.5
ES.v.0,action_x_surprise,cut|medium,spread_ticks,116,3.0,1.0,1.0,1.0
ES.v.0,action_x_surprise,cut|medium,spread_ticks,117,3.0,1.0,1.0,1.0
ES.v.0,action_x_surprise,cut|medium,spread_ticks,118,3.0,1.0,1.0,1.0
ES.v.0,action_x_surprise,cut|medium,spread_ticks,119,3.0,1.0,1.0,1.0
ES.v.0,action_x_surprise,cut|medium,spread_ticks,120,3.0,1.0,1.0,1.0
ES.v.0,action_x_surprise,cut|small,spread_ticks,-60,1.0,1.0,1.0,1.0
ES.v.0,action_x_surprise,cut|small,spread_ticks,-59,1.0,1.0,1.0,1.0
ES.v.0,action_x_surprise,cut|small,spread_ticks,-58,1.0,1.0,1.0,1.0
ES.v.0,action_x_surprise,cut|small,spread_ticks,-57,1.0,2.0,2.0,2.0
ES.v.0,action_x_surprise,cut|small,spread_ticks,-56,1.0,1.0,1.0,1.0
ES.v.0,action_x_surprise,cut|small,spread_ticks,-55,1.0,1.0,1.0,1.0
ES.v.0,action_x_surprise,cut|small,spread_ticks,-54,1.0,1.0,1.0,1.0
ES.v.0,action_x_surprise,cut|small,spread_ticks,-53,1.0,1.0,1.0,1.0
ES.v.0,action_x_surprise,cut|small,spread_ticks,-52,1.0,1.0,1.0,1.0
ES.v.0,action_x_surprise,cut|small,spread_ticks,-51,1.0,1.0,1.0,1.0
ES.v.0,action_x_surprise,cut|small,spread_ticks,-50,1.0,1.0,1.0,1.0
ES.v.0,action_x_surprise,cut|small,spread_ticks,-49,1.0,1.0,1.0,1.0
ES.v.0,action_x_surprise,cut|small,spread_ticks,-48,1.0,1.0,1.0,1.0
ES.v.0,action_x_surprise,cut|small,spread_ticks,-47,1.0,1.0,1.0,1.0
ES.v.0,action_x_surprise,cut|small,spread_ticks,-46,1.0,1.0,1.0,1.0
ES.v.0,action_x_surprise,cut|small,spread_ticks,-45,1.0,1.0,1.0,1.0
ES.v.0,action_x_surprise,cut|small,spread_ticks,-44,1.0,1.0,1.0,1.0
ES.v.0,action_x_surprise,cut|small,spread_ticks,-43,1.0,1.0,1.0,1.0
ES.v.0,action_x_surprise,cut|small,spread_ticks,-42,1.0,1.0,1.0,1.0
ES.v.0,action_x_surprise,cut|small,spread_ticks,-41,1.0,1.0,1.0,1.0
ES.v.0,action_x_surprise,cut|small,spread_ticks,-40,1.0,1.0,1.0,1.0
ES.v.0,action_x_surprise,cut|small,spread_ticks,-39,1.0,1.0,1.0,1.0
ES.v.0,action_x_surprise,cut|small,spread_ticks,-38,1.0,1.0,1.0,1.0
ES.v.0,action_x_surprise,cut|small,spread_ticks,-37,1.0,1.0,1.0,1.0
ES.v.0,action_x_surprise,cut|small,spread_ticks,-36,1.0,1.0,1.0,1.0
ES.v.0,action_x_surprise,cut|small,spread_ticks,-35,1.0,1.0,1.0,1.0
ES.v.0,action_x_surprise,cut|small,spread_ticks,-34,1.0,1.0,1.0,1.0
ES.v.0,action_x_surprise,cut|small,spread_ticks,-33,1.0,1.0,1.0,1.0
ES.v.0,action_x_surprise,cut|small,spread_ticks,-32,1.0,1.0,1.0,1.0
ES.v.0,action_x_surprise,cut|small,spread_ticks,-31,1.0,1.0,1.0,1.0
ES.v.0,action_x_surprise,cut|small,spread_ticks,-30,1.0,1.0,1.0,1.0
ES.v.0,action_x_surprise,cut|small,spread_ticks,-29,1.0,1.0,1.0,1.0
ES.v.0,action_x_surprise,cut|small,spread_ticks,-28,1.0,1.0,1.0,1.0
ES.v.0,action_x_surprise,cut|small,spread_ticks,-27,1.0,1.0,1.0,1.0
ES.v.0,action_x_surprise,cut|small,spread_ticks,-26,1.0,1.0,1.0,1.0
ES.v.0,action_x_surprise,cut|small,spread_ticks,-25,1.0,1.0,1.0,1.0
ES.v.0,action_x_surprise,cut|small,spread_ticks,-24,1.0,1.0,1.0,1.0
ES.v.0,action_x_surprise,cut|small,spread_ticks,-23,1.0,1.0,1.0,1.0
ES.v.0,action_x_surprise,cut|small,spread_ticks,-22,1.0,1.0,1.0,1.0
ES.v.0,action_x_surprise,cut|small,spread_ticks,-21,1.0,1.0,1.0,1.0
ES.v.0,action_x_surprise,cut|small,spread_ticks,-20,1.0,1.0,1.0,1.0
ES.v.0,action_x_surprise,cut|small,spread_ticks,-19,1.0,1.0,1.0,1.0
ES.v.0,action_x_surprise,cut|small,spread_ticks,-18,1.0,1.0,1.0,1.0
ES.v.0,action_x_surprise,cut|small,spread_ticks,-17,1.0,1.0,1.0,1.0
ES.v.0,action_x_surprise,cut|small,spread_ticks,-16,1.0,1.0,1.0,1.0
ES.v.0,action_x_surprise,cut|small,spread_ticks,-15,1.0,1.0,1.0,1.0
ES.v.0,action_x_surprise,cut|small,spread_ticks,-14,1.0,1.0,1.0,1.0
ES.v.0,action_x_surprise,cut|small,spread_ticks,-13,1.0,1.0,1.0,1.0
ES.v.0,action_x_surprise,cut|small,spread_ticks,-12,1.0,1.0,1.0,1.0
ES.v.0,action_x_surprise,cut|small,spread_ticks,-11,1.0,1.0,1.0,1.0
ES.v.0,action_x_surprise,cut|small,spread_ticks,-10,1.0,1.0,1.0,1.0
ES.v.0,action_x_surprise,cut|small,spread_ticks,-9,1.0,1.0,1.0,1.0
ES.v.0,action_x_surprise,cut|small,spread_ticks,-8,1.0,1.0,1.0,1.0
ES.v.0,action_x_surprise,cut|small,spread_ticks,-7,1.0,1.0,1.0,1.0
ES.v.0,action_x_surprise,cut|small,spread_ticks,-6,1.0,1.0,1.0,1.0
ES.v.0,action_x_surprise,cut|small,spread_ticks,-5,1.0,1.0,1.0,1.0
ES.v.0,action_x_surprise,cut|small,spread_ticks,-4,1.0,1.0,1.0,1.0
ES.v.0,action_x_surprise,cut|small,spread_ticks,-3,1.0,1.0,1.0,1.0
ES.v.0,action_x_surprise,cut|small,spread_ticks,-2,1.0,1.0,1.0,1.0
ES.v.0,action_x_surprise,cut|small,spread_ticks,-1,1.0,2.0,2.0,2.0
ES.v.0,action_x_surprise,cut|small,spread_ticks,0,1.0,3.0,3.0,3.0
ES.v.0,action_x_surprise,cut|small,spread_ticks,1,1.0,5.0,5.0,5.0
ES.v.0,action_x_surprise,cut|small,spread_ticks,2,1.0,5.0,5.0,5.0
ES.v.0,action_x_surprise,cut|small,spread_ticks,3,1.0,2.0,2.0,2.0
ES.v.0,action_x_surprise,cut|small,spread_ticks,4,1.0,2.0,2.0,2.0
ES.v.0,action_x_surprise,cut|small,spread_ticks,5,1.0,2.0,2.0,2.0
ES.v.0,action_x_surprise,cut|small,spread_ticks,6,1.0,2.0,2.0,2.0
ES.v.0,action_x_surprise,cut|small,spread_ticks,7,1.0,1.0,1.0,1.0
ES.v.0,action_x_surprise,cut|small,spread_ticks,8,1.0,2.0,2.0,2.0
ES.v.0,action_x_surprise,cut|small,spread_ticks,9,1.0,2.0,2.0,2.0
ES.v.0,action_x_surprise,cut|small,spread_ticks,10,1.0,2.0,2.0,2.0
ES.v.0,action_x_surprise,cut|small,spread_ticks,11,1.0,4.0,4.0,4.0
ES.v.0,action_x_surprise,cut|small,spread_ticks,12,1.0,2.0,2.0,2.0
ES.v.0,action_x_surprise,cut|small,spread_ticks,13,1.0,3.0,3.0,3.0
ES.v.0,action_x_surprise,cut|small,spread_ticks,14,1.0,3.0,3.0,3.0
ES.v.0,action_x_surprise,cut|small,spread_ticks,15,1.0,2.0,2.0,2.0
ES.v.0,action_x_surprise,cut|small,spread_ticks,16,1.0,2.0,2.0,2.0
ES.v.0,action_x_surprise,cut|small,spread_ticks,17,1.0,2.0,2.0,2.0
ES.v.0,action_x_surprise,cut|small,spread_ticks,18,1.0,2.0,2.0,2.0
ES.v.0,action_x_surprise,cut|small,spread_ticks,19,1.0,2.0,2.0,2.0
ES.v.0,action_x_surprise,cut|small,spread_ticks,20,1.0,2.0,2.0,2.0
ES.v.0,action_x_surprise,cut|small,spread_ticks,21,1.0,2.0,2.0,2.0
ES.v.0,action_x_surprise,cut|small,spread_ticks,22,1.0,1.0,1.0,1.0
ES.v.0,action_x_surprise,cut|small,spread_ticks,23,1.0,2.0,2.0,2.0
ES.v.0,action_x_surprise,cut|small,spread_ticks,24,1.0,2.0,2.0,2.0
ES.v.0,action_x_surprise,cut|small,spread_ticks,25,1.0,2.0,2.0,2.0
ES.v.0,action_x_surprise,cut|small,spread_ticks,26,1.0,1.0,1.0,1.0
ES.v.0,action_x_surprise,cut|small,spread_ticks,27,1.0,2.0,2.0,2.0
ES.v.0,action_x_surprise,cut|small,spread_ticks,28,1.0,2.0,2.0,2.0
ES.v.0,action_x_surprise,cut|small,spread_ticks,29,1.0,2.0,2.0,2.0
ES.v.0,action_x_surprise,cut|small,spread_ticks,30,1.0,2.0,2.0,2.0
ES.v.0,action_x_surprise,cut|small,spread_ticks,31,1.0,2.0,2.0,2.0
ES.v.0,action_x_surprise,cut|small,spread_ticks,32,1.0,2.0,2.0,2.0
ES.v.0,action_x_surprise,cut|small,spread_ticks,33,1.0,1.0,1.0,1.0
ES.v.0,action_x_surprise,cut|small,spread_ticks,34,1.0,2.0,2.0,2.0
ES.v.0,action_x_surprise,cut|small,spread_ticks,35,1.0,2.0,2.0,2.0
ES.v.0,action_x_surprise,cut|small,spread_ticks,36,1.0,1.0,1.0,1.0
ES.v.0,action_x_surprise,cut|small,spread_ticks,37,1.0,1.0,1.0,1.0
ES.v.0,action_x_surprise,cut|small,spread_ticks,38,1.0,2.0,2.0,2.0
ES.v.0,action_x_surprise,cut|small,spread_ticks,39,1.0,1.0,1.0,1.0
ES.v.0,action_x_surprise,cut|small,spread_ticks,40,1.0,1.0,1.0,1.0
ES.v.0,action_x_surprise,cut|small,spread_ticks,41,1.0,2.0,2.0,2.0
ES.v.0,action_x_surprise,cut|small,spread_ticks,42,1.0,2.0,2.0,2.0
ES.v.0,action_x_surprise,cut|small,spread_ticks,43,1.0,2.0,2.0,2.0
ES.v.0,action_x_surprise,cut|small,spread_ticks,44,1.0,1.0,1.0,1.0
ES.v.0,action_x_surprise,cut|small,spread_ticks,45,1.0,2.0,2.0,2.0
ES.v.0,action_x_surprise,cut|small,spread_ticks,46,1.0,2.0,2.0,2.0
ES.v.0,action_x_surprise,cut|small,spread_ticks,47,1.0,2.0,2.0,2.0
ES.v.0,action_x_surprise,cut|small,spread_ticks,48,1.0,1.0,1.0,1.0
ES.v.0,action_x_surprise,cut|small,spread_ticks,49,1.0,1.0,1.0,1.0
ES.v.0,action_x_surprise,cut|small,spread_ticks,50,1.0,1.0,1.0,1.0
ES.v.0,action_x_surprise,cut|small,spread_ticks,51,1.0,2.0,2.0,2.0
ES.v.0,action_x_surprise,cut|small,spread_ticks,52,1.0,2.0,2.0,2.0
ES.v.0,action_x_surprise,cut|small,spread_ticks,53,1.0,1.0,1.0,1.0
ES.v.0,action_x_surprise,cut|small,spread_ticks,54,1.0,1.0,1.0,1.0
ES.v.0,action_x_surprise,cut|small,spread_ticks,55,1.0,2.0,2.0,2.0
ES.v.0,action_x_surprise,cut|small,spread_ticks,56,1.0,1.0,1.0,1.0
ES.v.0,action_x_surprise,cut|small,spread_ticks,57,1.0,1.0,1.0,1.0
ES.v.0,action_x_surprise,cut|small,spread_ticks,58,1.0,2.0,2.0,2.0
ES.v.0,action_x_surprise,cut|small,spread_ticks,59,1.0,1.0,1.0,1.0
ES.v.0,action_x_surprise,cut|small,spread_ticks,60,1.0,2.0,2.0,2.0
ES.v.0,action_x_surprise,cut|small,spread_ticks,61,1.0,2.0,2.0,2.0
ES.v.0,action_x_surprise,cut|small,spread_ticks,62,1.0,2.0,2.0,2.0
ES.v.0,action_x_surprise,cut|small,spread_ticks,63,1.0,2.0,2.0,2.0
ES.v.0,action_x_surprise,cut|small,spread_ticks,64,1.0,2.0,2.0,2.0
ES.v.0,action_x_surprise,cut|small,spread_ticks,65,1.0,1.0,1.0,1.0
ES.v.0,action_x_surprise,cut|small,spread_ticks,66,1.0,2.0,2.0,2.0
ES.v.0,action_x_surprise,cut|small,spread_ticks,67,1.0,2.0,2.0,2.0
ES.v.0,action_x_surprise,cut|small,spread_ticks,68,1.0,2.0,2.0,2.0
ES.v.0,action_x_surprise,cut|small,spread_ticks,69,1.0,1.0,1.0,1.0
ES.v.0,action_x_surprise,cut|small,spread_ticks,70,1.0,2.0,2.0,2.0
ES.v.0,action_x_surprise,cut|small,spread_ticks,71,1.0,2.0,2.0,2.0
ES.v.0,action_x_surprise,cut|small,spread_ticks,72,1.0,2.0,2.0,2.0
ES.v.0,action_x_surprise,cut|small,spread_ticks,73,1.0,2.0,2.0,2.0
ES.v.0,action_x_surprise,cut|small,spread_ticks,74,1.0,1.0,1.0,1.0
ES.v.0,action_x_surprise,cut|small,spread_ticks,75,1.0,2.0,2.0,2.0
ES.v.0,action_x_surprise,cut|small,spread_ticks,76,1.0,2.0,2.0,2.0
ES.v.0,action_x_surprise,cut|small,spread_ticks,77,1.0,2.0,2.0,2.0
ES.v.0,action_x_surprise,cut|small,spread_ticks,78,1.0,1.0,1.0,1.0
ES.v.0,action_x_surprise,cut|small,spread_ticks,79,1.0,2.0,2.0,2.0
ES.v.0,action_x_surprise,cut|small,spread_ticks,80,1.0,2.0,2.0,2.0
ES.v.0,action_x_surprise,cut|small,spread_ticks,81,1.0,2.0,2.0,2.0
ES.v.0,action_x_surprise,cut|small,spread_ticks,82,1.0,2.0,2.0,2.0
ES.v.0,action_x_surprise,cut|small,spread_ticks,83,1.0,2.0,2.0,2.0
ES.v.0,action_x_surprise,cut|small,spread_ticks,84,1.0,1.0,1.0,1.0
ES.v.0,action_x_surprise,cut|small,spread_ticks,85,1.0,1.0,1.0,1.0
ES.v.0,action_x_surprise,cut|small,spread_ticks,86,1.0,1.0,1.0,1.0
ES.v.0,action_x_surprise,cut|small,spread_ticks,87,1.0,1.0,1.0,1.0
ES.v.0,action_x_surprise,cut|small,spread_ticks,88,1.0,2.0,2.0,2.0
ES.v.0,action_x_surprise,cut|small,spread_ticks,89,1.0,2.0,2.0,2.0
ES.v.0,action_x_surprise,cut|small,spread_ticks,90,1.0,1.0,1.0,1.0
ES.v.0,action_x_surprise,cut|small,spread_ticks,91,1.0,1.0,1.0,1.0
ES.v.0,action_x_surprise,cut|small,spread_ticks,92,1.0,1.0,1.0,1.0
ES.v.0,action_x_surprise,cut|small,spread_ticks,93,1.0,1.0,1.0,1.0
ES.v.0,action_x_surprise,cut|small,spread_ticks,94,1.0,1.0,1.0,1.0
ES.v.0,action_x_surprise,cut|small,spread_ticks,95,1.0,1.0,1.0,1.0
ES.v.0,action_x_surprise,cut|small,spread_ticks,96,1.0,2.0,2.0,2.0
ES.v.0,action_x_surprise,cut|small,spread_ticks,97,1.0,2.0,2.0,2.0
ES.v.0,action_x_surprise,cut|small,spread_ticks,98,1.0,1.0,1.0,1.0
ES.v.0,action_x_surprise,cut|small,spread_ticks,99,1.0,2.0,2.0,2.0
ES.v.0,action_x_surprise,cut|small,spread_ticks,100,1.0,2.0,2.0,2.0
ES.v.0,action_x_surprise,cut|small,spread_ticks,101,1.0,1.0,1.0,1.0
ES.v.0,action_x_surprise,cut|small,spread_ticks,102,1.0,2.0,2.0,2.0
ES.v.0,action_x_surprise,cut|small,spread_ticks,103,1.0,1.0,1.0,1.0
ES.v.0,action_x_surprise,cut|small,spread_ticks,104,1.0,2.0,2.0,2.0
ES.v.0,action_x_surprise,cut|small,spread_ticks,105,1.0,2.0,2.0,2.0
ES.v.0,action_x_surprise,cut|small,spread_ticks,106,1.0,1.0,1.0,1.0
ES.v.0,action_x_surprise,cut|small,spread_ticks,107,1.0,2.0,2.0,2.0
ES.v.0,action_x_surprise,cut|small,spread_ticks,108,1.0,1.0,1.0,1.0
ES.v.0,action_x_surprise,cut|small,spread_ticks,109,1.0,2.0,2.0,2.0
ES.v.0,action_x_surprise,cut|small,spread_ticks,110,1.0,1.0,1.0,1.0
ES.v.0,action_x_surprise,cut|small,spread_ticks,111,1.0,2.0,2.0,2.0
ES.v.0,action_x_surprise,cut|small,spread_ticks,112,1.0,1.0,1.0,1.0
ES.v.0,action_x_surprise,cut|small,spread_ticks,113,1.0,1.0,1.0,1.0
ES.v.0,action_x_surprise,cut|small,spread_ticks,114,1.0,2.0,2.0,2.0
ES.v.0,action_x_surprise,cut|small,spread_ticks,115,1.0,2.0,2.0,2.0
ES.v.0,action_x_surprise,cut|small,spread_ticks,116,1.0,2.0,2.0,2.0
ES.v.0,action_x_surprise,cut|small,spread_ticks,117,1.0,1.0,1.0,1.0
ES.v.0,action_x_surprise,cut|small,spread_ticks,118,1.0,2.0,2.0,2.0
ES.v.0,action_x_surprise,cut|small,spread_ticks,119,1.0,2.0,2.0,2.0
ES.v.0,action_x_surprise,cut|small,spread_ticks,120,1.0,1.0,1.0,1.0
ES.v.0,action_x_surprise,hike|large,spread_ticks,-60,11.0,1.6363636363636365,1.0,2.0
ES.v.0,action_x_surprise,hike|large,spread_ticks,-59,11.0,1.6363636363636365,1.0,2.0
ES.v.0,action_x_surprise,hike|large,spread_ticks,-58,11.0,1.4545454545454546,1.0,2.0
ES.v.0,action_x_surprise,hike|large,spread_ticks,-57,11.0,1.3636363636363635,1.0,1.5
ES.v.0,action_x_surprise,hike|large,spread_ticks,-56,11.0,1.5454545454545454,1.0,2.0
ES.v.0,action_x_surprise,hike|large,spread_ticks,-55,11.0,1.5454545454545454,1.0,2.0
ES.v.0,action_x_surprise,hike|large,spread_ticks,-54,11.0,1.6363636363636365,1.0,2.0
ES.v.0,action_x_surprise,hike|large,spread_ticks,-53,11.0,1.8181818181818181,1.0,2.5
ES.v.0,action_x_surprise,hike|large,spread_ticks,-52,11.0,1.5454545454545454,1.0,2.0
ES.v.0,action_x_surprise,hike|large,spread_ticks,-51,11.0,1.5454545454545454,1.0,2.0
ES.v.0,action_x_surprise,hike|large,spread_ticks,-50,11.0,1.7272727272727273,1.0,2.0
ES.v.0,action_x_surprise,hike|large,spread_ticks,-49,11.0,1.9090909090909092,1.0,2.5
ES.v.0,action_x_surprise,hike|large,spread_ticks,-48,11.0,1.7272727272727273,1.0,2.0
ES.v.0,action_x_surprise,hike|large,spread_ticks,-47,11.0,1.9090909090909092,1.5,2.0
ES.v.0,action_x_surprise,hike|large,spread_ticks,-46,11.0,1.8181818181818181,1.0,2.5
ES.v.0,action_x_surprise,hike|large,spread_ticks,-45,11.0,1.7272727272727273,1.0,2.0
ES.v.0,action_x_surprise,hike|large,spread_ticks,-44,11.0,1.5454545454545454,1.0,1.5
ES.v.0,action_x_surprise,hike|large,spread_ticks,-43,11.0,1.6363636363636365,1.0,2.0
ES.v.0,action_x_surprise,hike|large,spread_ticks,-42,11.0,2.0,1.0,2.5
ES.v.0,action_x_surprise,hike|large,spread_ticks,-41,11.0,1.8181818181818181,1.0,2.0
ES.v.0,action_x_surprise,hike|large,spread_ticks,-40,11.0,1.8181818181818181,1.0,2.0
ES.v.0,action_x_surprise,hike|large,spread_ticks,-39,11.0,1.8181818181818181,1.5,2.0
ES.v.0,action_x_surprise,hike|large,spread_ticks,-38,11.0,1.9090909090909092,1.0,2.0
ES.v.0,action_x_surprise,hike|large,spread_ticks,-37,11.0,1.8181818181818181,1.0,2.0
ES.v.0,action_x_surprise,hike|large,spread_ticks,-36,11.0,1.9090909090909092,1.0,3.0
ES.v.0,action_x_surprise,hike|large,spread_ticks,-35,11.0,1.9090909090909092,1.0,2.0
ES.v.0,action_x_surprise,hike|large,spread_ticks,-34,11.0,1.5454545454545454,1.0,2.0
ES.v.0,action_x_surprise,hike|large,spread_ticks,-33,11.0,2.0,1.0,2.5
ES.v.0,action_x_surprise,hike|large,spread_ticks,-32,11.0,1.8181818181818181,1.0,2.0
ES.v.0,action_x_surprise,hike|large,spread_ticks,-31,11.0,1.7272727272727273,1.0,2.0
ES.v.0,action_x_surprise,hike|large,spread_ticks,-30,11.0,1.8181818181818181,1.0,2.0
ES.v.0,action_x_surprise,hike|large,spread_ticks,-29,11.0,1.4545454545454546,1.0,1.5
ES.v.0,action_x_surprise,hike|large,spread_ticks,-28,11.0,1.4545454545454546,1.0,2.0
ES.v.0,action_x_surprise,hike|large,spread_ticks,-27,11.0,1.7272727272727273,1.0,2.0
ES.v.0,action_x_surprise,hike|large,spread_ticks,-26,11.0,1.4545454545454546,1.0,2.0
ES.v.0,action_x_surprise,hike|large,spread_ticks,-25,11.0,2.0,1.0,2.0
ES.v.0,action_x_surprise,hike|large,spread_ticks,-24,11.0,1.4545454545454546,1.0,2.0
ES.v.0,action_x_surprise,hike|large,spread_ticks,-23,11.0,1.6363636363636365,1.0,2.0
ES.v.0,action_x_surprise,hike|large,spread_ticks,-22,11.0,1.7272727272727273,1.0,2.0
ES.v.0,action_x_surprise,hike|large,spread_ticks,-21,11.0,2.0,1.0,2.5
ES.v.0,action_x_surprise,hike|large,spread_ticks,-20,11.0,1.8181818181818181,1.0,2.0
ES.v.0,action_x_surprise,hike|large,spread_ticks,-19,11.0,1.7272727272727273,1.5,2.0
ES.v.0,action_x_surprise,hike|large,spread_ticks,-18,11.0,1.6363636363636365,1.0,2.0
ES.v.0,action_x_surprise,hike|large,spread_ticks,-17,11.0,1.6363636363636365,1.0,2.0
ES.v.0,action_x_surprise,hike|large,spread_ticks,-16,11.0,1.5454545454545454,1.0,2.0
ES.v.0,action_x_surprise,hike|large,spread_ticks,-15,11.0,1.7272727272727273,1.0,2.0
ES.v.0,action_x_surprise,hike|large,spread_ticks,-14,11.0,1.5454545454545454,1.0,2.0
ES.v.0,action_x_surprise,hike|large,spread_ticks,-13,11.0,1.7272727272727273,1.0,2.0
ES.v.0,action_x_surprise,hike|large,spread_ticks,-12,11.0,1.9090909090909092,1.5,2.0
ES.v.0,action_x_surprise,hike|large,spread_ticks,-11,11.0,1.7272727272727273,1.0,2.0
ES.v.0,action_x_surprise,hike|large,spread_ticks,-10,11.0,1.9090909090909092,1.0,2.0
ES.v.0,action_x_surprise,hike|large,spread_ticks,-9,11.0,1.9090909090909092,1.0,2.5
ES.v.0,action_x_surprise,hike|large,spread_ticks,-8,11.0,1.8181818181818181,1.5,2.0
ES.v.0,action_x_surprise,hike|large,spread_ticks,-7,11.0,2.090909090909091,2.0,2.5
ES.v.0,action_x_surprise,hike|large,spread_ticks,-6,11.0,2.090909090909091,1.0,2.5
ES.v.0,action_x_surprise,hike|large,spread_ticks,-5,11.0,2.5454545454545454,2.0,3.0
ES.v.0,action_x_surprise,hike|large,spread_ticks,-4,11.0,2.3636363636363638,2.0,3.0
ES.v.0,action_x_surprise,hike|large,spread_ticks,-3,11.0,2.5454545454545454,2.0,3.0
ES.v.0,action_x_surprise,hike|large,spread_ticks,-2,11.0,2.727272727272727,2.0,3.0
ES.v.0,action_x_surprise,hike|large,spread_ticks,-1,11.0,3.8181818181818183,2.0,4.5
ES.v.0,action_x_surprise,hike|large,spread_ticks,0,11.0,3.0,2.0,4.0
ES.v.0,action_x_surprise,hike|large,spread_ticks,1,11.0,3.3636363636363638,2.0,4.5
ES.v.0,action_x_surprise,hike|large,spread_ticks,2,11.0,2.8181818181818183,2.0,3.5
ES.v.0,action_x_surprise,hike|large,spread_ticks,3,11.0,3.090909090909091,2.0,4.0
ES.v.0,action_x_surprise,hike|large,spread_ticks,4,11.0,2.909090909090909,2.0,3.0
ES.v.0,action_x_surprise,hike|large,spread_ticks,5,11.0,3.272727272727273,2.0,3.5
ES.v.0,action_x_surprise,hike|large,spread_ticks,6,11.0,2.727272727272727,2.0,3.5
ES.v.0,action_x_surprise,hike|large,spread_ticks,7,11.0,2.6363636363636362,1.5,3.0
ES.v.0,action_x_surprise,hike|large,spread_ticks,8,11.0,2.4545454545454546,2.0,3.0
ES.v.0,action_x_surprise,hike|large,spread_ticks,9,11.0,2.4545454545454546,1.5,3.0
ES.v.0,action_x_surprise,hike|large,spread_ticks,10,11.0,2.272727272727273,1.0,3.0
ES.v.0,action_x_surprise,hike|large,spread_ticks,11,11.0,2.4545454545454546,1.5,3.0
ES.v.0,action_x_surprise,hike|large,spread_ticks,12,11.0,2.5454545454545454,1.5,3.0
ES.v.0,action_x_surprise,hike|large,spread_ticks,13,11.0,2.5454545454545454,2.0,3.0
ES.v.0,action_x_surprise,hike|large,spread_ticks,14,11.0,2.3636363636363638,2.0,2.5
ES.v.0,action_x_surprise,hike|large,spread_ticks,15,11.0,2.3636363636363638,1.5,3.0
ES.v.0,action_x_surprise,hike|large,spread_ticks,16,11.0,2.8181818181818183,2.0,3.5
ES.v.0,action_x_surprise,hike|large,spread_ticks,17,11.0,2.8181818181818183,2.0,3.0
ES.v.0,action_x_surprise,hike|large,spread_ticks,18,11.0,2.6363636363636362,2.0,4.0
ES.v.0,action_x_surprise,hike|large,spread_ticks,19,11.0,2.3636363636363638,2.0,3.0
ES.v.0,action_x_surprise,hike|large,spread_ticks,20,11.0,2.0,1.0,2.5
ES.v.0,action_x_surprise,hike|large,spread_ticks,21,11.0,2.4545454545454546,2.0,3.0
ES.v.0,action_x_surprise,hike|large,spread_ticks,22,11.0,1.9090909090909092,2.0,2.0
ES.v.0,action_x_surprise,hike|large,spread_ticks,23,11.0,2.3636363636363638,2.0,3.0
ES.v.0,action_x_surprise,hike|large,spread_ticks,24,11.0,2.4545454545454546,2.0,2.5
ES.v.0,action_x_surprise,hike|large,spread_ticks,25,11.0,2.1818181818181817,2.0,2.5
ES.v.0,action_x_surprise,hike|large,spread_ticks,26,11.0,2.5454545454545454,2.0,3.5
ES.v.0,action_x_surprise,hike|large,spread_ticks,27,11.0,2.3636363636363638,1.5,3.0
ES.v.0,action_x_surprise,hike|large,spread_ticks,28,11.0,2.3636363636363638,1.5,3.0
ES.v.0,action_x_surprise,hike|large,spread_ticks,29,11.0,2.0,2.0,2.0
ES.v.0,action_x_surprise,hike|large,spread_ticks,30,11.0,2.3636363636363638,2.0,3.0
ES.v.0,action_x_surprise,hike|large,spread_ticks,31,11.0,2.5454545454545454,2.0,3.0
ES.v.0,action_x_surprise,hike|large,spread_ticks,32,11.0,2.3636363636363638,2.0,3.0
ES.v.0,action_x_surprise,hike|large,spread_ticks,33,11.0,1.8181818181818181,1.0,2.0
ES.v.0,action_x_surprise,hike|large,spread_ticks,34,11.0,1.4545454545454546,1.0,2.0
ES.v.0,action_x_surprise,hike|large,spread_ticks,35,11.0,1.8181818181818181,1.5,2.0
ES.v.0,action_x_surprise,hike|large,spread_ticks,36,11.0,2.272727272727273,2.0,3.0
ES.v.0,action_x_surprise,hike|large,spread_ticks,37,11.0,2.3636363636363638,2.0,3.0
ES.v.0,action_x_surprise,hike|large,spread_ticks,38,11.0,2.0,1.5,2.5
ES.v.0,action_x_surprise,hike|large,spread_ticks,39,11.0,2.0,1.0,2.5
ES.v.0,action_x_surprise,hike|large,spread_ticks,40,11.0,1.6363636363636365,1.0,2.0
ES.v.0,action_x_surprise,hike|large,spread_ticks,41,11.0,1.7272727272727273,1.0,2.5
ES.v.0,action_x_surprise,hike|large,spread_ticks,42,11.0,2.090909090909091,1.0,2.5
ES.v.0,action_x_surprise,hike|large,spread_ticks,43,11.0,1.7272727272727273,1.0,2.0
ES.v.0,action_x_surprise,hike|large,spread_ticks,44,11.0,1.9090909090909092,1.0,2.5
ES.v.0,action_x_surprise,hike|large,spread_ticks,45,11.0,1.7272727272727273,1.0,2.0
ES.v.0,action_x_surprise,hike|large,spread_ticks,46,11.0,2.1818181818181817,2.0,2.0
ES.v.0,action_x_surprise,hike|large,spread_ticks,47,11.0,1.9090909090909092,1.0,2.5
ES.v.0,action_x_surprise,hike|large,spread_ticks,48,11.0,1.7272727272727273,1.0,2.0
ES.v.0,action_x_surprise,hike|large,spread_ticks,49,11.0,1.8181818181818181,1.5,2.0
ES.v.0,action_x_surprise,hike|large,spread_ticks,50,11.0,1.9090909090909092,1.0,2.0
ES.v.0,action_x_surprise,hike|large,spread_ticks,51,11.0,1.8181818181818181,1.0,2.5
ES.v.0,action_x_surprise,hike|large,spread_ticks,52,11.0,1.7272727272727273,1.0,2.5
ES.v.0,action_x_surprise,hike|large,spread_ticks,53,11.0,1.6363636363636365,1.0,2.0
ES.v.0,action_x_surprise,hike|large,spread_ticks,54,11.0,1.9090909090909092,1.5,2.0
ES.v.0,action_x_surprise,hike|large,spread_ticks,55,11.0,1.3636363636363635,1.0,1.5
ES.v.0,action_x_surprise,hike|large,spread_ticks,56,11.0,1.7272727272727273,1.0,2.0
ES.v.0,action_x_surprise,hike|large,spread_ticks,57,11.0,1.9090909090909092,1.5,2.0
ES.v.0,action_x_surprise,hike|large,spread_ticks,58,11.0,1.8181818181818181,1.0,2.0
ES.v.0,action_x_surprise,hike|large,spread_ticks,59,11.0,1.6363636363636365,1.0,2.0
ES.v.0,action_x_surprise,hike|large,spread_ticks,60,11.0,1.5454545454545454,1.0,2.0
ES.v.0,action_x_surprise,hike|large,spread_ticks,61,11.0,1.7272727272727273,1.0,2.0
ES.v.0,action_x_surprise,hike|large,spread_ticks,62,11.0,1.8181818181818181,1.0,2.0
ES.v.0,action_x_surprise,hike|large,spread_ticks,63,11.0,1.7272727272727273,1.0,2.0
ES.v.0,action_x_surprise,hike|large,spread_ticks,64,11.0,1.7272727272727273,1.0,2.0
ES.v.0,action_x_surprise,hike|large,spread_ticks,65,11.0,1.8181818181818181,1.5,2.0
ES.v.0,action_x_surprise,hike|large,spread_ticks,66,11.0,1.6363636363636365,1.0,2.0
ES.v.0,action_x_surprise,hike|large,spread_ticks,67,11.0,1.6363636363636365,1.0,2.0
ES.v.0,action_x_surprise,hike|large,spread_ticks,68,11.0,1.6363636363636365,1.0,2.0
ES.v.0,action_x_surprise,hike|large,spread_ticks,69,11.0,1.6363636363636365,1.0,2.0
ES.v.0,action_x_surprise,hike|large,spread_ticks,70,11.0,1.6363636363636365,1.0,2.0
ES.v.0,action_x_surprise,hike|large,spread_ticks,71,11.0,1.4545454545454546,1.0,2.0
ES.v.0,action_x_surprise,hike|large,spread_ticks,72,11.0,1.5454545454545454,1.0,2.0
ES.v.0,action_x_surprise,hike|large,spread_ticks,73,11.0,1.6363636363636365,1.0,2.0
ES.v.0,action_x_surprise,hike|large,spread_ticks,74,11.0,1.7272727272727273,1.0,2.0
ES.v.0,action_x_surprise,hike|large,spread_ticks,75,11.0,1.5454545454545454,1.0,2.0
ES.v.0,action_x_surprise,hike|large,spread_ticks,76,11.0,1.5454545454545454,1.0,2.0
ES.v.0,action_x_surprise,hike|large,spread_ticks,77,11.0,1.6363636363636365,1.0,2.0
ES.v.0,action_x_surprise,hike|large,spread_ticks,78,11.0,1.4545454545454546,1.0,2.0
ES.v.0,action_x_surprise,hike|large,spread_ticks,79,11.0,1.5454545454545454,1.0,2.0
ES.v.0,action_x_surprise,hike|large,spread_ticks,80,11.0,1.4545454545454546,1.0,2.0
ES.v.0,action_x_surprise,hike|large,spread_ticks,81,11.0,1.6363636363636365,1.0,2.0
ES.v.0,action_x_surprise,hike|large,spread_ticks,82,11.0,1.2727272727272727,1.0,1.5
ES.v.0,action_x_surprise,hike|large,spread_ticks,83,11.0,1.6363636363636365,1.0,2.0
ES.v.0,action_x_surprise,hike|large,spread_ticks,84,11.0,1.6363636363636365,1.0,2.0
ES.v.0,action_x_surprise,hike|large,spread_ticks,85,11.0,1.3636363636363635,1.0,2.0
ES.v.0,action_x_surprise,hike|large,spread_ticks,86,11.0,1.3636363636363635,1.0,2.0
ES.v.0,action_x_surprise,hike|large,spread_ticks,87,11.0,1.4545454545454546,1.0,2.0
ES.v.0,action_x_surprise,hike|large,spread_ticks,88,11.0,1.3636363636363635,1.0,2.0
ES.v.0,action_x_surprise,hike|large,spread_ticks,89,11.0,1.7272727272727273,1.0,2.0
ES.v.0,action_x_surprise,hike|large,spread_ticks,90,11.0,1.3636363636363635,1.0,2.0
ES.v.0,action_x_surprise,hike|large,spread_ticks,91,11.0,1.6363636363636365,1.0,2.0
ES.v.0,action_x_surprise,hike|large,spread_ticks,92,11.0,1.5454545454545454,1.0,2.0
ES.v.0,action_x_surprise,hike|large,spread_ticks,93,11.0,1.4545454545454546,1.0,2.0
ES.v.0,action_x_surprise,hike|large,spread_ticks,94,11.0,1.3636363636363635,1.0,2.0
ES.v.0,action_x_surprise,hike|large,spread_ticks,95,11.0,1.6363636363636365,1.0,2.0
ES.v.0,action_x_surprise,hike|large,spread_ticks,96,11.0,1.5454545454545454,1.0,2.0
ES.v.0,action_x_surprise,hike|large,spread_ticks,97,11.0,1.6363636363636365,1.0,2.0
ES.v.0,action_x_surprise,hike|large,spread_ticks,98,11.0,1.3636363636363635,1.0,2.0
ES.v.0,action_x_surprise,hike|large,spread_ticks,99,11.0,1.3636363636363635,1.0,2.0
ES.v.0,action_x_surprise,hike|large,spread_ticks,100,11.0,1.3636363636363635,1.0,2.0
ES.v.0,action_x_surprise,hike|large,spread_ticks,101,11.0,1.3636363636363635,1.0,1.0
ES.v.0,action_x_surprise,hike|large,spread_ticks,102,11.0,1.3636363636363635,1.0,2.0
ES.v.0,action_x_surprise,hike|large,spread_ticks,103,11.0,1.2727272727272727,1.0,1.5
ES.v.0,action_x_surprise,hike|large,spread_ticks,104,11.0,1.0,1.0,1.0
ES.v.0,action_x_surprise,hike|large,spread_ticks,105,11.0,1.3636363636363635,1.0,1.5
ES.v.0,action_x_surprise,hike|large,spread_ticks,106,11.0,1.3636363636363635,1.0,2.0
ES.v.0,action_x_surprise,hike|large,spread_ticks,107,11.0,1.7272727272727273,1.5,2.0
ES.v.0,action_x_surprise,hike|large,spread_ticks,108,11.0,1.4545454545454546,1.0,2.0
ES.v.0,action_x_surprise,hike|large,spread_ticks,109,11.0,1.2727272727272727,1.0,1.5
ES.v.0,action_x_surprise,hike|large,spread_ticks,110,11.0,1.1818181818181819,1.0,1.0
ES.v.0,action_x_surprise,hike|large,spread_ticks,111,11.0,1.1818181818181819,1.0,1.0
ES.v.0,action_x_surprise,hike|large,spread_ticks,112,11.0,1.1818181818181819,1.0,1.0
ES.v.0,action_x_surprise,hike|large,spread_ticks,113,11.0,1.2727272727272727,1.0,1.5
ES.v.0,action_x_surprise,hike|large,spread_ticks,114,11.0,1.3636363636363635,1.0,2.0
ES.v.0,action_x_surprise,hike|large,spread_ticks,115,11.0,1.2727272727272727,1.0,1.5
ES.v.0,action_x_surprise,hike|large,spread_ticks,116,11.0,1.2727272727272727,1.0,1.5
ES.v.0,action_x_surprise,hike|large,spread_ticks,117,11.0,1.1818181818181819,1.0,1.0
ES.v.0,action_x_surprise,hike|large,spread_ticks,118,11.0,1.1818181818181819,1.0,1.0
ES.v.0,action_x_surprise,hike|large,spread_ticks,119,11.0,1.3636363636363635,1.0,2.0
ES.v.0,action_x_surprise,hike|large,spread_ticks,120,11.0,1.3636363636363635,1.0,2.0
ES.v.0,action_x_surprise,hike|medium,spread_ticks,-60,6.0,1.5,1.0,2.0
ES.v.0,action_x_surprise,hike|medium,spread_ticks,-59,6.0,1.3333333333333333,1.0,1.75
ES.v.0,action_x_surprise,hike|medium,spread_ticks,-58,6.0,1.5,1.0,1.75
ES.v.0,action_x_surprise,hike|medium,spread_ticks,-57,6.0,1.3333333333333333,1.0,1.75
ES.v.0,action_x_surprise,hike|medium,spread_ticks,-56,6.0,1.3333333333333333,1.0,1.75
ES.v.0,action_x_surprise,hike|medium,spread_ticks,-55,6.0,1.5,1.0,2.0
ES.v.0,action_x_surprise,hike|medium,spread_ticks,-54,6.0,1.8333333333333333,1.0,2.0
ES.v.0,action_x_surprise,hike|medium,spread_ticks,-53,6.0,1.8333333333333333,1.0,2.0
ES.v.0,action_x_surprise,hike|medium,spread_ticks,-52,6.0,1.3333333333333333,1.0,1.75
ES.v.0,action_x_surprise,hike|medium,spread_ticks,-51,6.0,1.5,1.0,1.75
ES.v.0,action_x_surprise,hike|medium,spread_ticks,-50,6.0,1.5,1.0,2.0
ES.v.0,action_x_surprise,hike|medium,spread_ticks,-49,6.0,1.6666666666666667,1.25,2.0
ES.v.0,action_x_surprise,hike|medium,spread_ticks,-48,6.0,1.5,1.0,2.0
ES.v.0,action_x_surprise,hike|medium,spread_ticks,-47,6.0,2.0,1.25,2.0
ES.v.0,action_x_surprise,hike|medium,spread_ticks,-46,6.0,1.8333333333333333,1.0,2.0
ES.v.0,action_x_surprise,hike|medium,spread_ticks,-45,6.0,1.8333333333333333,1.0,2.0
ES.v.0,action_x_surprise,hike|medium,spread_ticks,-44,6.0,1.6666666666666667,1.0,2.0
ES.v.0,action_x_surprise,hike|medium,spread_ticks,-43,6.0,1.8333333333333333,1.0,2.0
ES.v.0,action_x_surprise,hike|medium,spread_ticks,-42,6.0,1.3333333333333333,1.0,1.75
ES.v.0,action_x_surprise,hike|medium,spread_ticks,-41,6.0,1.8333333333333333,1.0,2.0
ES.v.0,action_x_surprise,hike|medium,spread_ticks,-40,6.0,1.3333333333333333,1.0,1.75
ES.v.0,action_x_surprise,hike|medium,spread_ticks,-39,6.0,1.6666666666666667,1.0,2.0
ES.v.0,action_x_surprise,hike|medium,spread_ticks,-38,6.0,1.8333333333333333,1.0,2.75
ES.v.0,action_x_surprise,hike|medium,spread_ticks,-37,6.0,2.1666666666666665,2.0,2.75
ES.v.0,action_x_surprise,hike|medium,spread_ticks,-36,6.0,1.6666666666666667,1.25,2.0
ES.v.0,action_x_surprise,hike|medium,spread_ticks,-35,6.0,1.8333333333333333,1.25,2.0
ES.v.0,action_x_surprise,hike|medium,spread_ticks,-34,6.0,1.6666666666666667,1.25,2.0
ES.v.0,action_x_surprise,hike|medium,spread_ticks,-33,6.0,1.6666666666666667,1.25,2.0
ES.v.0,action_x_surprise,hike|medium,spread_ticks,-32,6.0,1.6666666666666667,1.25,2.0
ES.v.0,action_x_surprise,hike|medium,spread_ticks,-31,6.0,1.5,1.0,2.0
ES.v.0,action_x_surprise,hike|medium,spread_ticks,-30,6.0,1.5,1.0,1.75
ES.v.0,action_x_surprise,hike|medium,spread_ticks,-29,6.0,1.3333333333333333,1.0,1.75
ES.v.0,action_x_surprise,hike|medium,spread_ticks,-28,6.0,1.5,1.0,2.0
ES.v.0,action_x_surprise,hike|medium,spread_ticks,-27,6.0,1.1666666666666667,1.0,1.0
ES.v.0,action_x_surprise,hike|medium,spread_ticks,-26,6.0,2.0,1.0,2.0
ES.v.0,action_x_surprise,hike|medium,spread_ticks,-25,6.0,1.5,1.0,1.75
ES.v.0,action_x_surprise,hike|medium,spread_ticks,-24,6.0,1.5,1.0,2.0
ES.v.0,action_x_surprise,hike|medium,spread_ticks,-23,6.0,1.3333333333333333,1.0,1.75
ES.v.0,action_x_surprise,hike|medium,spread_ticks,-22,6.0,1.3333333333333333,1.0,1.75
ES.v.0,action_x_surprise,hike|medium,spread_ticks,-21,6.0,1.5,1.0,2.0
ES.v.0,action_x_surprise,hike|medium,spread_ticks,-20,6.0,1.6666666666666667,1.25,2.0
ES.v.0,action_x_surprise,hike|medium,spread_ticks,-19,6.0,1.5,1.0,2.0
ES.v.0,action_x_surprise,hike|medium,spread_ticks,-18,6.0,1.8333333333333333,1.0,2.0
ES.v.0,action_x_surprise,hike|medium,spread_ticks,-17,6.0,1.6666666666666667,1.0,2.0
ES.v.0,action_x_surprise,hike|medium,spread_ticks,-16,6.0,1.6666666666666667,1.0,2.0
ES.v.0,action_x_surprise,hike|medium,spread_ticks,-15,6.0,1.6666666666666667,1.0,2.0
ES.v.0,action_x_surprise,hike|medium,spread_ticks,-14,6.0,1.6666666666666667,1.25,2.0
ES.v.0,action_x_surprise,hike|medium,spread_ticks,-13,6.0,1.0,1.0,1.0
ES.v.0,action_x_surprise,hike|medium,spread_ticks,-12,6.0,1.3333333333333333,1.0,1.75
ES.v.0,action_x_surprise,hike|medium,spread_ticks,-11,6.0,1.5,1.0,2.0
ES.v.0,action_x_surprise,hike|medium,spread_ticks,-10,6.0,1.6666666666666667,1.0,2.0
ES.v.0,action_x_surprise,hike|medium,spread_ticks,-9,6.0,1.6666666666666667,1.0,2.0
ES.v.0,action_x_surprise,hike|medium,spread_ticks,-8,6.0,2.0,1.0,2.75
ES.v.0,action_x_surprise,hike|medium,spread_ticks,-7,6.0,1.8333333333333333,1.25,2.0
ES.v.0,action_x_surprise,hike|medium,spread_ticks,-6,6.0,1.6666666666666667,1.0,1.75
ES.v.0,action_x_surprise,hike|medium,spread_ticks,-5,6.0,1.6666666666666667,1.0,2.0
ES.v.0,action_x_surprise,hike|medium,spread_ticks,-4,6.0,2.0,1.0,2.0
ES.v.0,action_x_surprise,hike|medium,spread_ticks,-3,6.0,1.8333333333333333,1.25,2.0
ES.v.0,action_x_surprise,hike|medium,spread_ticks,-2,6.0,2.1666666666666665,2.0,2.0
ES.v.0,action_x_surprise,hike|medium,spread_ticks,-1,6.0,2.0,1.25,2.0
ES.v.0,action_x_surprise,hike|medium,spread_ticks,0,6.0,2.5,1.25,3.5
ES.v.0,action_x_surprise,hike|medium,spread_ticks,1,6.0,2.6666666666666665,2.0,3.0
ES.v.0,action_x_surprise,hike|medium,spread_ticks,2,6.0,2.5,2.0,2.75
ES.v.0,action_x_surprise,hike|medium,spread_ticks,3,6.0,2.0,1.25,2.75
ES.v.0,action_x_surprise,hike|medium,spread_ticks,4,6.0,2.1666666666666665,2.0,2.75
ES.v.0,action_x_surprise,hike|medium,spread_ticks,5,6.0,1.8333333333333333,1.25,2.0
ES.v.0,action_x_surprise,hike|medium,spread_ticks,6,6.0,2.0,1.25,2.75
ES.v.0,action_x_surprise,hike|medium,spread_ticks,7,6.0,2.5,1.0,3.0
ES.v.0,action_x_surprise,hike|medium,spread_ticks,8,6.0,2.0,1.25,2.0
ES.v.0,action_x_surprise,hike|medium,spread_ticks,9,6.0,2.0,1.25,2.75
ES.v.0,action_x_surprise,hike|medium,spread_ticks,10,6.0,2.3333333333333335,2.0,2.75
ES.v.0,action_x_surprise,hike|medium,spread_ticks,11,6.0,1.8333333333333333,1.25,2.0
ES.v.0,action_x_surprise,hike|medium,spread_ticks,12,6.0,2.0,2.0,2.0
ES.v.0,action_x_surprise,hike|medium,spread_ticks,13,6.0,1.5,1.0,2.0
ES.v.0,action_x_surprise,hike|medium,spread_ticks,14,6.0,2.5,2.25,3.0
ES.v.0,action_x_surprise,hike|medium,spread_ticks,15,6.0,2.1666666666666665,2.0,2.75
ES.v.0,action_x_surprise,hike|medium,spread_ticks,16,6.0,2.0,2.0,2.0
ES.v.0,action_x_surprise,hike|medium,spread_ticks,17,6.0,1.8333333333333333,2.0,2.0
ES.v.0,action_x_surprise,hike|medium,spread_ticks,18,6.0,1.3333333333333333,1.0,1.75
ES.v.0,action_x_surprise,hike|medium,spread_ticks,19,6.0,1.6666666666666667,1.25,2.0
ES.v.0,action_x_surprise,hike|medium,spread_ticks,20,6.0,1.5,1.0,2.0
ES.v.0,action_x_surprise,hike|medium,spread_ticks,21,6.0,1.6666666666666667,1.0,2.0
ES.v.0,action_x_surprise,hike|medium,spread_ticks,22,6.0,1.8333333333333333,1.25,2.0
ES.v.0,action_x_surprise,hike|medium,spread_ticks,23,6.0,1.6666666666666667,1.25,2.0
ES.v.0,action_x_surprise,hike|medium,spread_ticks,24,6.0,1.5,1.0,2.0
ES.v.0,action_x_surprise,hike|medium,spread_ticks,25,6.0,2.0,2.0,2.0
ES.v.0,action_x_surprise,hike|medium,spread_ticks,26,6.0,1.5,1.0,2.0
ES.v.0,action_x_surprise,hike|medium,spread_ticks,27,6.0,1.6666666666666667,1.0,2.0
ES.v.0,action_x_surprise,hike|medium,spread_ticks,28,6.0,1.6666666666666667,1.25,2.0
ES.v.0,action_x_surprise,hike|medium,spread_ticks,29,6.0,1.3333333333333333,1.0,1.75
ES.v.0,action_x_surprise,hike|medium,spread_ticks,30,6.0,1.8333333333333333,1.25,2.0
ES.v.0,action_x_surprise,hike|medium,spread_ticks,31,6.0,1.8333333333333333,2.0,2.0
ES.v.0,action_x_surprise,hike|medium,spread_ticks,32,6.0,1.6666666666666667,1.0,2.0
ES.v.0,action_x_surprise,hike|medium,spread_ticks,33,6.0,1.8333333333333333,2.0,2.0
ES.v.0,action_x_surprise,hike|medium,spread_ticks,34,6.0,1.6666666666666667,1.25,2.0
ES.v.0,action_x_surprise,hike|medium,spread_ticks,35,6.0,1.8333333333333333,1.25,2.0
ES.v.0,action_x_surprise,hike|medium,spread_ticks,36,6.0,1.8333333333333333,1.25,2.0
ES.v.0,action_x_surprise,hike|medium,spread_ticks,37,6.0,1.5,1.0,2.0
ES.v.0,action_x_surprise,hike|medium,spread_ticks,38,6.0,1.1666666666666667,1.0,1.0
ES.v.0,action_x_surprise,hike|medium,spread_ticks,39,6.0,1.6666666666666667,1.25,2.0
ES.v.0,action_x_surprise,hike|medium,spread_ticks,40,6.0,1.6666666666666667,1.25,2.0
ES.v.0,action_x_surprise,hike|medium,spread_ticks,41,6.0,1.3333333333333333,1.0,1.75
ES.v.0,action_x_surprise,hike|medium,spread_ticks,42,6.0,1.6666666666666667,1.25,2.0
ES.v.0,action_x_surprise,hike|medium,spread_ticks,43,6.0,1.5,1.0,2.0
ES.v.0,action_x_surprise,hike|medium,spread_ticks,44,6.0,1.5,1.0,2.0
ES.v.0,action_x_surprise,hike|medium,spread_ticks,45,6.0,1.6666666666666667,1.25,2.0
ES.v.0,action_x_surprise,hike|medium,spread_ticks,46,6.0,1.3333333333333333,1.0,1.75
ES.v.0,action_x_surprise,hike|medium,spread_ticks,47,6.0,1.5,1.0,2.0
ES.v.0,action_x_surprise,hike|medium,spread_ticks,48,6.0,1.3333333333333333,1.0,1.75
ES.v.0,action_x_surprise,hike|medium,spread_ticks,49,6.0,1.5,1.0,2.0
ES.v.0,action_x_surprise,hike|medium,spread_ticks,50,6.0,1.5,1.0,2.0
ES.v.0,action_x_surprise,hike|medium,spread_ticks,51,6.0,1.5,1.0,2.0
ES.v.0,action_x_surprise,hike|medium,spread_ticks,52,6.0,1.3333333333333333,1.0,1.75
ES.v.0,action_x_surprise,hike|medium,spread_ticks,53,6.0,1.5,1.0,2.0
ES.v.0,action_x_surprise,hike|medium,spread_ticks,54,6.0,1.3333333333333333,1.0,1.75
ES.v.0,action_x_surprise,hike|medium,spread_ticks,55,6.0,1.3333333333333333,1.0,1.75
ES.v.0,action_x_surprise,hike|medium,spread_ticks,56,6.0,1.3333333333333333,1.0,1.75
ES.v.0,action_x_surprise,hike|medium,spread_ticks,57,6.0,1.3333333333333333,1.0,1.75
ES.v.0,action_x_surprise,hike|medium,spread_ticks,58,6.0,1.3333333333333333,1.0,1.75
ES.v.0,action_x_surprise,hike|medium,spread_ticks,59,6.0,1.6666666666666667,1.25,2.0
ES.v.0,action_x_surprise,hike|medium,spread_ticks,60,6.0,1.6666666666666667,1.25,2.0
ES.v.0,action_x_surprise,hike|medium,spread_ticks,61,6.0,1.3333333333333333,1.0,1.75
ES.v.0,action_x_surprise,hike|medium,spread_ticks,62,6.0,1.1666666666666667,1.0,1.0
ES.v.0,action_x_surprise,hike|medium,spread_ticks,63,6.0,1.5,1.0,2.0
ES.v.0,action_x_surprise,hike|medium,spread_ticks,64,6.0,1.3333333333333333,1.0,1.75
ES.v.0,action_x_surprise,hike|medium,spread_ticks,65,6.0,1.5,1.0,2.0
ES.v.0,action_x_surprise,hike|medium,spread_ticks,66,6.0,1.0,1.0,1.0
ES.v.0,action_x_surprise,hike|medium,spread_ticks,67,6.0,1.3333333333333333,1.0,1.75
ES.v.0,action_x_surprise,hike|medium,spread_ticks,68,6.0,1.5,1.0,2.0
ES.v.0,action_x_surprise,hike|medium,spread_ticks,69,6.0,1.3333333333333333,1.0,1.75
ES.v.0,action_x_surprise,hike|medium,spread_ticks,70,6.0,1.3333333333333333,1.0,1.75
ES.v.0,action_x_surprise,hike|medium,spread_ticks,71,6.0,1.3333333333333333,1.0,1.75
ES.v.0,action_x_surprise,hike|medium,spread_ticks,72,6.0,1.5,1.0,2.0
ES.v.0,action_x_surprise,hike|medium,spread_ticks,73,6.0,1.1666666666666667,1.0,1.0
ES.v.0,action_x_surprise,hike|medium,spread_ticks,74,6.0,1.1666666666666667,1.0,1.0
ES.v.0,action_x_surprise,hike|medium,spread_ticks,75,6.0,1.3333333333333333,1.0,1.75
ES.v.0,action_x_surprise,hike|medium,spread_ticks,76,6.0,1.1666666666666667,1.0,1.0
ES.v.0,action_x_surprise,hike|medium,spread_ticks,77,6.0,1.1666666666666667,1.0,1.0
ES.v.0,action_x_surprise,hike|medium,spread_ticks,78,6.0,1.1666666666666667,1.0,1.0
ES.v.0,action_x_surprise,hike|medium,spread_ticks,79,6.0,1.3333333333333333,1.0,1.75
ES.v.0,action_x_surprise,hike|medium,spread_ticks,80,6.0,1.3333333333333333,1.0,1.75
ES.v.0,action_x_surprise,hike|medium,spread_ticks,81,6.0,1.1666666666666667,1.0,1.0
ES.v.0,action_x_surprise,hike|medium,spread_ticks,82,6.0,1.0,1.0,1.0
ES.v.0,action_x_surprise,hike|medium,spread_ticks,83,6.0,1.1666666666666667,1.0,1.0
ES.v.0,action_x_surprise,hike|medium,spread_ticks,84,6.0,1.1666666666666667,1.0,1.0
ES.v.0,action_x_surprise,hike|medium,spread_ticks,85,6.0,1.3333333333333333,1.0,1.75
ES.v.0,action_x_surprise,hike|medium,spread_ticks,86,6.0,1.0,1.0,1.0
ES.v.0,action_x_surprise,hike|medium,spread_ticks,87,6.0,1.0,1.0,1.0
ES.v.0,action_x_surprise,hike|medium,spread_ticks,88,6.0,1.3333333333333333,1.0,1.75
ES.v.0,action_x_surprise,hike|medium,spread_ticks,89,6.0,1.5,1.0,2.0
ES.v.0,action_x_surprise,hike|medium,spread_ticks,90,6.0,1.3333333333333333,1.0,1.75
ES.v.0,action_x_surprise,hike|medium,spread_ticks,91,6.0,1.1666666666666667,1.0,1.0
ES.v.0,action_x_surprise,hike|medium,spread_ticks,92,6.0,1.1666666666666667,1.0,1.0
ES.v.0,action_x_surprise,hike|medium,spread_ticks,93,6.0,1.0,1.0,1.0
ES.v.0,action_x_surprise,hike|medium,spread_ticks,94,6.0,1.1666666666666667,1.0,1.0
ES.v.0,action_x_surprise,hike|medium,spread_ticks,95,6.0,1.3333333333333333,1.0,1.75
ES.v.0,action_x_surprise,hike|medium,spread_ticks,96,6.0,1.5,1.0,2.0
ES.v.0,action_x_surprise,hike|medium,spread_ticks,97,6.0,1.1666666666666667,1.0,1.0
ES.v.0,action_x_surprise,hike|medium,spread_ticks,98,6.0,1.3333333333333333,1.0,1.75
ES.v.0,action_x_surprise,hike|medium,spread_ticks,99,6.0,1.0,1.0,1.0
ES.v.0,action_x_surprise,hike|medium,spread_ticks,100,6.0,1.3333333333333333,1.0,1.75
ES.v.0,action_x_surprise,hike|medium,spread_ticks,101,6.0,1.3333333333333333,1.0,1.75
ES.v.0,action_x_surprise,hike|medium,spread_ticks,102,6.0,1.5,1.0,2.0
ES.v.0,action_x_surprise,hike|medium,spread_ticks,103,6.0,1.1666666666666667,1.0,1.0
ES.v.0,action_x_surprise,hike|medium,spread_ticks,104,6.0,1.5,1.0,2.0
ES.v.0,action_x_surprise,hike|medium,spread_ticks,105,6.0,1.3333333333333333,1.0,1.75
ES.v.0,action_x_surprise,hike|medium,spread_ticks,106,6.0,1.3333333333333333,1.0,1.75
ES.v.0,action_x_surprise,hike|medium,spread_ticks,107,6.0,1.3333333333333333,1.0,1.75
ES.v.0,action_x_surprise,hike|medium,spread_ticks,108,6.0,1.3333333333333333,1.0,1.75
ES.v.0,action_x_surprise,hike|medium,spread_ticks,109,6.0,1.3333333333333333,1.0,1.75
ES.v.0,action_x_surprise,hike|medium,spread_ticks,110,6.0,1.1666666666666667,1.0,1.0
ES.v.0,action_x_surprise,hike|medium,spread_ticks,111,6.0,1.3333333333333333,1.0,1.75
ES.v.0,action_x_surprise,hike|medium,spread_ticks,112,6.0,1.3333333333333333,1.0,1.75
ES.v.0,action_x_surprise,hike|medium,spread_ticks,113,6.0,1.1666666666666667,1.0,1.0
ES.v.0,action_x_surprise,hike|medium,spread_ticks,114,6.0,1.1666666666666667,1.0,1.0
ES.v.0,action_x_surprise,hike|medium,spread_ticks,115,6.0,1.3333333333333333,1.0,1.75
ES.v.0,action_x_surprise,hike|medium,spread_ticks,116,6.0,1.3333333333333333,1.0,1.75
ES.v.0,action_x_surprise,hike|medium,spread_ticks,117,6.0,1.5,1.0,2.0
ES.v.0,action_x_surprise,hike|medium,spread_ticks,118,6.0,1.1666666666666667,1.0,1.0
ES.v.0,action_x_surprise,hike|medium,spread_ticks,119,6.0,1.3333333333333333,1.0,1.75
ES.v.0,action_x_surprise,hike|medium,spread_ticks,120,6.0,1.1666666666666667,1.0,1.0
ES.v.0,action_x_surprise,hike|small,spread_ticks,-60,4.0,1.0,1.0,1.0
ES.v.0,action_x_surprise,hike|small,spread_ticks,-59,4.0,1.0,1.0,1.0
ES.v.0,action_x_surprise,hike|small,spread_ticks,-58,4.0,1.0,1.0,1.0
ES.v.0,action_x_surprise,hike|small,spread_ticks,-57,4.0,1.0,1.0,1.0
ES.v.0,action_x_surprise,hike|small,spread_ticks,-56,4.0,1.0,1.0,1.0
ES.v.0,action_x_surprise,hike|small,spread_ticks,-55,4.0,1.0,1.0,1.0
ES.v.0,action_x_surprise,hike|small,spread_ticks,-54,4.0,1.0,1.0,1.0
ES.v.0,action_x_surprise,hike|small,spread_ticks,-53,4.0,1.0,1.0,1.0
ES.v.0,action_x_surprise,hike|small,spread_ticks,-52,4.0,1.0,1.0,1.0
ES.v.0,action_x_surprise,hike|small,spread_ticks,-51,4.0,1.0,1.0,1.0
ES.v.0,action_x_surprise,hike|small,spread_ticks,-50,4.0,1.0,1.0,1.0
ES.v.0,action_x_surprise,hike|small,spread_ticks,-49,4.0,1.0,1.0,1.0
ES.v.0,action_x_surprise,hike|small,spread_ticks,-48,4.0,1.0,1.0,1.0
ES.v.0,action_x_surprise,hike|small,spread_ticks,-47,4.0,1.25,1.0,1.25
ES.v.0,action_x_surprise,hike|small,spread_ticks,-46,4.0,1.25,1.0,1.25
ES.v.0,action_x_surprise,hike|small,spread_ticks,-45,4.0,1.25,1.0,1.25
ES.v.0,action_x_surprise,hike|small,spread_ticks,-44,4.0,1.0,1.0,1.0
ES.v.0,action_x_surprise,hike|small,spread_ticks,-43,4.0,1.0,1.0,1.0
ES.v.0,action_x_surprise,hike|small,spread_ticks,-42,4.0,1.0,1.0,1.0
ES.v.0,action_x_surprise,hike|small,spread_ticks,-41,4.0,1.25,1.0,1.25
ES.v.0,action_x_surprise,hike|small,spread_ticks,-40,4.0,1.25,1.0,1.25
ES.v.0,action_x_surprise,hike|small,spread_ticks,-39,4.0,1.0,1.0,1.0
ES.v.0,action_x_surprise,hike|small,spread_ticks,-38,4.0,1.25,1.0,1.25
ES.v.0,action_x_surprise,hike|small,spread_ticks,-37,4.0,1.25,1.0,1.25
ES.v.0,action_x_surprise,hike|small,spread_ticks,-36,4.0,1.25,1.0,1.25
ES.v.0,action_x_surprise,hike|small,spread_ticks,-35,4.0,1.0,1.0,1.0
ES.v.0,action_x_surprise,hike|small,spread_ticks,-34,4.0,1.25,1.0,1.25
ES.v.0,action_x_surprise,hike|small,spread_ticks,-33,4.0,1.0,1.0,1.0
ES.v.0,action_x_surprise,hike|small,spread_ticks,-32,4.0,1.25,1.0,1.25
ES.v.0,action_x_surprise,hike|small,spread_ticks,-31,4.0,1.25,1.0,1.25
ES.v.0,action_x_surprise,hike|small,spread_ticks,-30,4.0,1.25,1.0,1.25
ES.v.0,action_x_surprise,hike|small,spread_ticks,-29,4.0,1.5,1.0,1.5
ES.v.0,action_x_surprise,hike|small,spread_ticks,-28,4.0,1.0,1.0,1.0
ES.v.0,action_x_surprise,hike|small,spread_ticks,-27,4.0,1.0,1.0,1.0
ES.v.0,action_x_surprise,hike|small,spread_ticks,-26,4.0,1.25,1.0,1.25
ES.v.0,action_x_surprise,hike|small,spread_ticks,-25,4.0,1.5,1.0,2.0
ES.v.0,action_x_surprise,hike|small,spread_ticks,-24,4.0,1.25,1.0,1.25
ES.v.0,action_x_surprise,hike|small,spread_ticks,-23,4.0,1.75,1.75,2.0
ES.v.0,action_x_surprise,hike|small,spread_ticks,-22,4.0,1.5,1.0,2.0
ES.v.0,action_x_surprise,hike|small,spread_ticks,-21,4.0,2.0,1.75,2.25
ES.v.0,action_x_surprise,hike|small,spread_ticks,-20,4.0,1.25,1.0,1.25
ES.v.0,action_x_surprise,hike|small,spread_ticks,-19,4.0,1.75,1.0,2.25
ES.v.0,action_x_surprise,hike|small,spread_ticks,-18,4.0,1.5,1.0,2.0
ES.v.0,action_x_surprise,hike|small,spread_ticks,-17,4.0,1.5,1.0,2.0
ES.v.0,action_x_surprise,hike|small,spread_ticks,-16,4.0,1.5,1.0,1.5
ES.v.0,action_x_surprise,hike|small,spread_ticks,-15,4.0,1.0,1.0,1.0
ES.v.0,action_x_surprise,hike|small,spread_ticks,-14,4.0,1.5,1.0,2.0
ES.v.0,action_x_surprise,hike|small,spread_ticks,-13,4.0,1.5,1.0,2.0
ES.v.0,action_x_surprise,hike|small,spread_ticks,-12,4.0,1.5,1.0,1.5
ES.v.0,action_x_surprise,hike|small,spread_ticks,-11,4.0,1.5,1.0,1.5
ES.v.0,action_x_surprise,hike|small,spread_ticks,-10,4.0,1.5,1.0,1.5
ES.v.0,action_x_surprise,hike|small,spread_ticks,-9,4.0,1.5,1.0,1.5
ES.v.0,action_x_surprise,hike|small,spread_ticks,-8,4.0,1.25,1.0,1.25
ES.v.0,action_x_surprise,hike|small,spread_ticks,-7,4.0,1.25,1.0,1.25
ES.v.0,action_x_surprise,hike|small,spread_ticks,-6,4.0,1.75,1.75,2.0
ES.v.0,action_x_surprise,hike|small,spread_ticks,-5,4.0,1.5,1.0,2.0
ES.v.0,action_x_surprise,hike|small,spread_ticks,-4,4.0,1.5,1.0,2.0
ES.v.0,action_x_surprise,hike|small,spread_ticks,-3,4.0,1.5,1.0,1.5
ES.v.0,action_x_surprise,hike|small,spread_ticks,-2,4.0,1.5,1.0,1.5
ES.v.0,action_x_surprise,hike|small,spread_ticks,-1,4.0,2.0,1.75,2.25
ES.v.0,action_x_surprise,hike|small,spread_ticks,0,4.0,1.5,1.0,1.5
ES.v.0,action_x_surprise,hike|small,spread_ticks,1,4.0,1.75,1.0,1.75
ES.v.0,action_x_surprise,hike|small,spread_ticks,2,4.0,1.75,1.0,1.75
ES.v.0,action_x_surprise,hike|small,spread_ticks,3,4.0,2.5,1.75,2.75
ES.v.0,action_x_surprise,hike|small,spread_ticks,4,4.0,2.0,1.0,2.5
ES.v.0,action_x_surprise,hike|small,spread_ticks,5,4.0,1.75,1.0,1.75
ES.v.0,action_x_surprise,hike|small,spread_ticks,6,4.0,1.75,1.75,2.0
ES.v.0,action_x_surprise,hike|small,spread_ticks,7,4.0,1.5,1.0,2.0
ES.v.0,action_x_surprise,hike|small,spread_ticks,8,4.0,1.5,1.0,1.5
ES.v.0,action_x_surprise,hike|small,spread_ticks,9,4.0,1.5,1.0,2.0
ES.v.0,action_x_surprise,hike|small,spread_ticks,10,4.0,1.5,1.0,2.0
ES.v.0,action_x_surprise,hike|small,spread_ticks,11,4.0,2.25,2.0,2.25
ES.v.0,action_x_surprise,hike|small,spread_ticks,12,4.0,2.0,1.75,2.25
ES.v.0,action_x_surprise,hike|small,spread_ticks,13,4.0,1.75,1.75,2.0
ES.v.0,action_x_surprise,hike|small,spread_ticks,14,4.0,1.25,1.0,1.25
ES.v.0,action_x_surprise,hike|small,spread_ticks,15,4.0,1.5,1.0,2.0
ES.v.0,action_x_surprise,hike|small,spread_ticks,16,4.0,1.5,1.0,2.0
ES.v.0,action_x_surprise,hike|small,spread_ticks,17,4.0,1.0,1.0,1.0
ES.v.0,action_x_surprise,hike|small,spread_ticks,18,4.0,1.25,1.0,1.25
ES.v.0,action_x_surprise,hike|small,spread_ticks,19,4.0,1.5,1.0,2.0
ES.v.0,action_x_surprise,hike|small,spread_ticks,20,4.0,1.5,1.0,2.0
ES.v.0,action_x_surprise,hike|small,spread_ticks,21,4.0,1.25,1.0,1.25
ES.v.0,action_x_surprise,hike|small,spread_ticks,22,4.0,1.5,1.0,2.0
ES.v.0,action_x_surprise,hike|small,spread_ticks,23,4.0,1.25,1.0,1.25
ES.v.0,action_x_surprise,hike|small,spread_ticks,24,4.0,1.25,1.0,1.25
ES.v.0,action_x_surprise,hike|small,spread_ticks,25,4.0,1.25,1.0,1.25
ES.v.0,action_x_surprise,hike|small,spread_ticks,26,4.0,1.0,1.0,1.0
ES.v.0,action_x_surprise,hike|small,spread_ticks,27,4.0,1.25,1.0,1.25
ES.v.0,action_x_surprise,hike|small,spread_ticks,28,4.0,1.0,1.0,1.0
ES.v.0,action_x_surprise,hike|small,spread_ticks,29,4.0,1.0,1.0,1.0
ES.v.0,action_x_surprise,hike|small,spread_ticks,30,4.0,1.25,1.0,1.25
ES.v.0,action_x_surprise,hike|small,spread_ticks,31,4.0,1.25,1.0,1.25
ES.v.0,action_x_surprise,hike|small,spread_ticks,32,4.0,1.0,1.0,1.0
ES.v.0,action_x_surprise,hike|small,spread_ticks,33,4.0,1.0,1.0,1.0
ES.v.0,action_x_surprise,hike|small,spread_ticks,34,4.0,1.0,1.0,1.0
ES.v.0,action_x_surprise,hike|small,spread_ticks,35,4.0,1.0,1.0,1.0
ES.v.0,action_x_surprise,hike|small,spread_ticks,36,4.0,1.0,1.0,1.0
ES.v.0,action_x_surprise,hike|small,spread_ticks,37,4.0,1.25,1.0,1.25
ES.v.0,action_x_surprise,hike|small,spread_ticks,38,4.0,1.0,1.0,1.0
ES.v.0,action_x_surprise,hike|small,spread_ticks,39,4.0,1.0,1.0,1.0
ES.v.0,action_x_surprise,hike|small,spread_ticks,40,4.0,1.0,1.0,1.0
ES.v.0,action_x_surprise,hike|small,spread_ticks,41,4.0,1.25,1.0,1.25
ES.v.0,action_x_surprise,hike|small,spread_ticks,42,4.0,1.0,1.0,1.0
ES.v.0,action_x_surprise,hike|small,spread_ticks,43,4.0,1.0,1.0,1.0
ES.v.0,action_x_surprise,hike|small,spread_ticks,44,4.0,1.0,1.0,1.0
ES.v.0,action_x_surprise,hike|small,spread_ticks,45,4.0,1.25,1.0,1.25
ES.v.0,action_x_surprise,hike|small,spread_ticks,46,4.0,1.25,1.0,1.25
ES.v.0,action_x_surprise,hike|small,spread_ticks,47,4.0,1.25,1.0,1.25
ES.v.0,action_x_surprise,hike|small,spread_ticks,48,4.0,1.25,1.0,1.25
ES.v.0,action_x_surprise,hike|small,spread_ticks,49,4.0,1.25,1.0,1.25
ES.v.0,action_x_surprise,hike|small,spread_ticks,50,4.0,1.25,1.0,1.25
ES.v.0,action_x_surprise,hike|small,spread_ticks,51,4.0,1.0,1.0,1.0
ES.v.0,action_x_surprise,hike|small,spread_ticks,52,4.0,1.0,1.0,1.0
ES.v.0,action_x_surprise,hike|small,spread_ticks,53,4.0,1.0,1.0,1.0
ES.v.0,action_x_surprise,hike|small,spread_ticks,54,4.0,1.0,1.0,1.0
ES.v.0,action_x_surprise,hike|small,spread_ticks,55,4.0,1.0,1.0,1.0
ES.v.0,action_x_surprise,hike|small,spread_ticks,56,4.0,1.25,1.0,1.25
ES.v.0,action_x_surprise,hike|small,spread_ticks,57,4.0,1.0,1.0,1.0
ES.v.0,action_x_surprise,hike|small,spread_ticks,58,4.0,1.0,1.0,1.0
ES.v.0,action_x_surprise,hike|small,spread_ticks,59,4.0,1.0,1.0,1.0
ES.v.0,action_x_surprise,hike|small,spread_ticks,60,4.0,1.0,1.0,1.0
ES.v.0,action_x_surprise,hike|small,spread_ticks,61,4.0,1.0,1.0,1.0
ES.v.0,action_x_surprise,hike|small,spread_ticks,62,4.0,1.0,1.0,1.0
ES.v.0,action_x_surprise,hike|small,spread_ticks,63,4.0,1.25,1.0,1.25
ES.v.0,action_x_surprise,hike|small,spread_ticks,64,4.0,1.25,1.0,1.25
ES.v.0,action_x_surprise,hike|small,spread_ticks,65,4.0,1.0,1.0,1.0
ES.v.0,action_x_surprise,hike|small,spread_ticks,66,4.0,1.0,1.0,1.0
ES.v.0,action_x_surprise,hike|small,spread_ticks,67,4.0,1.0,1.0,1.0
ES.v.0,action_x_surprise,hike|small,spread_ticks,68,4.0,1.0,1.0,1.0
ES.v.0,action_x_surprise,hike|small,spread_ticks,69,4.0,1.0,1.0,1.0
ES.v.0,action_x_surprise,hike|small,spread_ticks,70,4.0,1.0,1.0,1.0
ES.v.0,action_x_surprise,hike|small,spread_ticks,71,4.0,1.0,1.0,1.0
ES.v.0,action_x_surprise,hike|small,spread_ticks,72,4.0,1.0,1.0,1.0
ES.v.0,action_x_surprise,hike|small,spread_ticks,73,4.0,1.0,1.0,1.0
ES.v.0,action_x_surprise,hike|small,spread_ticks,74,4.0,1.0,1.0,1.0
ES.v.0,action_x_surprise,hike|small,spread_ticks,75,4.0,1.0,1.0,1.0
ES.v.0,action_x_surprise,hike|small,spread_ticks,76,4.0,1.0,1.0,1.0
ES.v.0,action_x_surprise,hike|small,spread_ticks,77,4.0,1.0,1.0,1.0
ES.v.0,action_x_surprise,hike|small,spread_ticks,78,4.0,1.0,1.0,1.0
ES.v.0,action_x_surprise,hike|small,spread_ticks,79,4.0,1.0,1.0,1.0
ES.v.0,action_x_surprise,hike|small,spread_ticks,80,4.0,1.0,1.0,1.0
ES.v.0,action_x_surprise,hike|small,spread_ticks,81,4.0,1.0,1.0,1.0
ES.v.0,action_x_surprise,hike|small,spread_ticks,82,4.0,1.25,1.0,1.25
ES.v.0,action_x_surprise,hike|small,spread_ticks,83,4.0,1.25,1.0,1.25
ES.v.0,action_x_surprise,hike|small,spread_ticks,84,4.0,1.25,1.0,1.25
ES.v.0,action_x_surprise,hike|small,spread_ticks,85,4.0,1.0,1.0,1.0
ES.v.0,action_x_surprise,hike|small,spread_ticks,86,4.0,1.0,1.0,1.0
ES.v.0,action_x_surprise,hike|small,spread_ticks,87,4.0,1.0,1.0,1.0
ES.v.0,action_x_surprise,hike|small,spread_ticks,88,4.0,1.25,1.0,1.25
ES.v.0,action_x_surprise,hike|small,spread_ticks,89,4.0,1.0,1.0,1.0
ES.v.0,action_x_surprise,hike|small,spread_ticks,90,4.0,1.25,1.0,1.25
ES.v.0,action_x_surprise,hike|small,spread_ticks,91,4.0,1.0,1.0,1.0
ES.v.0,action_x_surprise,hike|small,spread_ticks,92,4.0,1.25,1.0,1.25
ES.v.0,action_x_surprise,hike|small,spread_ticks,93,4.0,1.0,1.0,1.0
ES.v.0,action_x_surprise,hike|small,spread_ticks,94,4.0,1.0,1.0,1.0
ES.v.0,action_x_surprise,hike|small,spread_ticks,95,4.0,1.0,1.0,1.0
ES.v.0,action_x_surprise,hike|small,spread_ticks,96,4.0,1.25,1.0,1.25
ES.v.0,action_x_surprise,hike|small,spread_ticks,97,4.0,1.0,1.0,1.0
ES.v.0,action_x_surprise,hike|small,spread_ticks,98,4.0,1.0,1.0,1.0
ES.v.0,action_x_surprise,hike|small,spread_ticks,99,4.0,1.0,1.0,1.0
ES.v.0,action_x_surprise,hike|small,spread_ticks,100,4.0,1.0,1.0,1.0
ES.v.0,action_x_surprise,hike|small,spread_ticks,101,4.0,1.0,1.0,1.0
ES.v.0,action_x_surprise,hike|small,spread_ticks,102,4.0,1.0,1.0,1.0
ES.v.0,action_x_surprise,hike|small,spread_ticks,103,4.0,1.25,1.0,1.25
ES.v.0,action_x_surprise,hike|small,spread_ticks,104,4.0,1.0,1.0,1.0
ES.v.0,action_x_surprise,hike|small,spread_ticks,105,4.0,1.25,1.0,1.25
ES.v.0,action_x_surprise,hike|small,spread_ticks,106,4.0,1.25,1.0,1.25
ES.v.0,action_x_surprise,hike|small,spread_ticks,107,4.0,1.0,1.0,1.0
ES.v.0,action_x_surprise,hike|small,spread_ticks,108,4.0,1.25,1.0,1.25
ES.v.0,action_x_surprise,hike|small,spread_ticks,109,4.0,1.25,1.0,1.25
ES.v.0,action_x_surprise,hike|small,spread_ticks,110,4.0,1.25,1.0,1.25
ES.v.0,action_x_surprise,hike|small,spread_ticks,111,4.0,1.25,1.0,1.25
ES.v.0,action_x_surprise,hike|small,spread_ticks,112,4.0,1.25,1.0,1.25
ES.v.0,action_x_surprise,hike|small,spread_ticks,113,4.0,1.25,1.0,1.25
ES.v.0,action_x_surprise,hike|small,spread_ticks,114,4.0,1.0,1.0,1.0
ES.v.0,action_x_surprise,hike|small,spread_ticks,115,4.0,1.0,1.0,1.0
ES.v.0,action_x_surprise,hike|small,spread_ticks,116,4.0,1.25,1.0,1.25
ES.v.0,action_x_surprise,hike|small,spread_ticks,117,4.0,1.0,1.0,1.0
ES.v.0,action_x_surprise,hike|small,spread_ticks,118,4.0,1.0,1.0,1.0
ES.v.0,action_x_surprise,hike|small,spread_ticks,119,4.0,1.25,1.0,1.25
ES.v.0,action_x_surprise,hike|small,spread_ticks,120,4.0,1.25,1.0,1.25
ES.v.0,action_x_surprise,hold|large,spread_ticks,-60,16.0,1.3125,1.0,1.25
ES.v.0,action_x_surprise,hold|large,spread_ticks,-59,16.0,1.5,1.0,2.0
ES.v.0,action_x_surprise,hold|large,spread_ticks,-58,16.0,1.4375,1.0,2.0
ES.v.0,action_x_surprise,hold|large,spread_ticks,-57,16.0,1.3125,1.0,2.0
ES.v.0,action_x_surprise,hold|large,spread_ticks,-56,16.0,1.25,1.0,1.25
ES.v.0,action_x_surprise,hold|large,spread_ticks,-55,16.0,1.25,1.0,1.25
ES.v.0,action_x_surprise,hold|large,spread_ticks,-54,16.0,1.375,1.0,2.0
ES.v.0,action_x_surprise,hold|large,spread_ticks,-53,16.0,1.4375,1.0,2.0
ES.v.0,action_x_surprise,hold|large,spread_ticks,-52,16.0,1.375,1.0,2.0
ES.v.0,action_x_surprise,hold|large,spread_ticks,-51,16.0,1.3125,1.0,2.0
ES.v.0,action_x_surprise,hold|large,spread_ticks,-50,16.0,1.5,1.0,2.0
ES.v.0,action_x_surprise,hold|large,spread_ticks,-49,16.0,1.4375,1.0,2.0
ES.v.0,action_x_surprise,hold|large,spread_ticks,-48,16.0,1.3125,1.0,2.0
ES.v.0,action_x_surprise,hold|large,spread_ticks,-47,16.0,1.375,1.0,2.0
ES.v.0,action_x_surprise,hold|large,spread_ticks,-46,16.0,1.4375,1.0,2.0
ES.v.0,action_x_surprise,hold|large,spread_ticks,-45,16.0,1.25,1.0,1.25
ES.v.0,action_x_surprise,hold|large,spread_ticks,-44,16.0,1.4375,1.0,2.0
ES.v.0,action_x_surprise,hold|large,spread_ticks,-43,16.0,1.625,1.0,2.0
ES.v.0,action_x_surprise,hold|large,spread_ticks,-42,16.0,1.375,1.0,2.0
ES.v.0,action_x_surprise,hold|large,spread_ticks,-41,16.0,1.5,1.0,2.0
ES.v.0,action_x_surprise,hold|large,spread_ticks,-40,16.0,1.4375,1.0,2.0
ES.v.0,action_x_surprise,hold|large,spread_ticks,-39,16.0,1.25,1.0,1.0
ES.v.0,action_x_surprise,hold|large,spread_ticks,-38,16.0,1.25,1.0,1.25
ES.v.0,action_x_surprise,hold|large,spread_ticks,-37,16.0,1.4375,1.0,2.0
ES.v.0,action_x_surprise,hold|large,spread_ticks,-36,16.0,1.4375,1.0,2.0
ES.v.0,action_x_surprise,hold|large,spread_ticks,-35,16.0,1.4375,1.0,2.0
ES.v.0,action_x_surprise,hold|large,spread_ticks,-34,16.0,1.25,1.0,1.25
ES.v.0,action_x_surprise,hold|large,spread_ticks,-33,16.0,1.25,1.0,1.25
ES.v.0,action_x_surprise,hold|large,spread_ticks,-32,16.0,1.25,1.0,1.25
ES.v.0,action_x_surprise,hold|large,spread_ticks,-31,16.0,1.1875,1.0,1.0
ES.v.0,action_x_surprise,hold|large,spread_ticks,-30,16.0,1.5625,1.0,2.0
ES.v.0,action_x_surprise,hold|large,spread_ticks,-29,16.0,1.375,1.0,2.0
ES.v.0,action_x_surprise,hold|large,spread_ticks,-28,16.0,1.3125,1.0,2.0
ES.v.0,action_x_surprise,hold|large,spread_ticks,-27,16.0,1.375,1.0,2.0
ES.v.0,action_x_surprise,hold|large,spread_ticks,-26,16.0,1.3125,1.0,2.0
ES.v.0,action_x_surprise,hold|large,spread_ticks,-25,16.0,1.25,1.0,1.25
ES.v.0,action_x_surprise,hold|large,spread_ticks,-24,16.0,1.1875,1.0,1.0
ES.v.0,action_x_surprise,hold|large,spread_ticks,-23,16.0,1.3125,1.0,2.0
ES.v.0,action_x_surprise,hold|large,spread_ticks,-22,16.0,1.3125,1.0,2.0
ES.v.0,action_x_surprise,hold|large,spread_ticks,-21,16.0,1.5,1.0,2.0
ES.v.0,action_x_surprise,hold|large,spread_ticks,-20,16.0,1.5,1.0,2.0
ES.v.0,action_x_surprise,hold|large,spread_ticks,-19,16.0,1.5,1.0,2.0
ES.v.0,action_x_surprise,hold|large,spread_ticks,-18,16.0,1.25,1.0,1.25
ES.v.0,action_x_surprise,hold|large,spread_ticks,-17,16.0,1.3125,1.0,2.0
ES.v.0,action_x_surprise,hold|large,spread_ticks,-16,16.0,1.25,1.0,1.25
ES.v.0,action_x_surprise,hold|large,spread_ticks,-15,16.0,1.1875,1.0,1.0
ES.v.0,action_x_surprise,hold|large,spread_ticks,-14,16.0,1.4375,1.0,2.0
ES.v.0,action_x_surprise,hold|large,spread_ticks,-13,16.0,1.5,1.0,2.0
ES.v.0,action_x_surprise,hold|large,spread_ticks,-12,16.0,1.4375,1.0,2.0
ES.v.0,action_x_surprise,hold|large,spread_ticks,-11,16.0,1.4375,1.0,2.0
ES.v.0,action_x_surprise,hold|large,spread_ticks,-10,16.0,1.4375,1.0,2.0
ES.v.0,action_x_surprise,hold|large,spread_ticks,-9,16.0,1.625,1.0,2.0
ES.v.0,action_x_surprise,hold|large,spread_ticks,-8,16.0,1.5625,1.0,2.0
ES.v.0,action_x_surprise,hold|large,spread_ticks,-7,16.0,1.5625,1.0,2.0
ES.v.0,action_x_surprise,hold|large,spread_ticks,-6,16.0,1.8125,1.0,2.25
ES.v.0,action_x_surprise,hold|large,spread_ticks,-5,16.0,1.5625,1.0,2.0
ES.v.0,action_x_surprise,hold|large,spread_ticks,-4,16.0,1.375,1.0,2.0
ES.v.0,action_x_surprise,hold|large,spread_ticks,-3,16.0,1.375,1.0,2.0
ES.v.0,action_x_surprise,hold|large,spread_ticks,-2,16.0,1.5625,1.0,2.0
ES.v.0,action_x_surprise,hold|large,spread_ticks,-1,16.0,1.6875,1.0,2.0
ES.v.0,action_x_surprise,hold|large,spread_ticks,0,16.0,2.0,1.0,2.0
ES.v.0,action_x_surprise,hold|large,spread_ticks,1,16.0,2.75,2.0,3.0
ES.v.0,action_x_surprise,hold|large,spread_ticks,2,16.0,2.75,1.75,4.0
ES.v.0,action_x_surprise,hold|large,spread_ticks,3,16.0,2.375,1.0,3.25
ES.v.0,action_x_surprise,hold|large,spread_ticks,4,16.0,2.625,1.75,4.0
ES.v.0,action_x_surprise,hold|large,spread_ticks,5,16.0,2.5,1.0,4.0
ES.v.0,action_x_surprise,hold|large,spread_ticks,6,16.0,1.9375,1.0,2.25
ES.v.0,action_x_surprise,hold|large,spread_ticks,7,16.0,2.25,1.0,3.0
ES.v.0,action_x_surprise,hold|large,spread_ticks,8,16.0,2.125,1.0,2.25
ES.v.0,action_x_surprise,hold|large,spread_ticks,9,16.0,2.5625,1.75,3.25
ES.v.0,action_x_surprise,hold|large,spread_ticks,10,16.0,2.125,1.0,2.25
ES.v.0,action_x_surprise,hold|large,spread_ticks,11,16.0,2.0625,1.0,2.25
ES.v.0,action_x_surprise,hold|large,spread_ticks,12,16.0,2.1875,1.0,3.25
ES.v.0,action_x_surprise,hold|large,spread_ticks,13,16.0,1.875,1.0,2.0
ES.v.0,action_x_surprise,hold|large,spread_ticks,14,16.0,1.875,1.0,2.0
ES.v.0,action_x_surprise,hold|large,spread_ticks,15,16.0,2.0,1.0,2.0
ES.v.0,action_x_surprise,hold|large,spread_ticks,16,16.0,1.875,1.0,2.0
ES.v.0,action_x_surprise,hold|large,spread_ticks,17,16.0,1.5,1.0,2.0
ES.v.0,action_x_surprise,hold|large,spread_ticks,18,16.0,1.6875,1.0,2.0
ES.v.0,action_x_surprise,hold|large,spread_ticks,19,16.0,1.5,1.0,2.0
ES.v.0,action_x_surprise,hold|large,spread_ticks,20,16.0,1.5,1.0,2.0
ES.v.0,action_x_surprise,hold|large,spread_ticks,21,16.0,1.75,1.0,2.0
ES.v.0,action_x_surprise,hold|large,spread_ticks,22,16.0,1.5,1.0,2.0
ES.v.0,action_x_surprise,hold|large,spread_ticks,23,16.0,1.5,1.0,2.0
ES.v.0,action_x_surprise,hold|large,spread_ticks,24,16.0,1.4375,1.0,2.0
ES.v.0,action_x_surprise,hold|large,spread_ticks,25,16.0,1.5,1.0,2.0
ES.v.0,action_x_surprise,hold|large,spread_ticks,26,16.0,1.4375,1.0,2.0
ES.v.0,action_x_surprise,hold|large,spread_ticks,27,16.0,1.5,1.0,2.0
ES.v.0,action_x_surprise,hold|large,spread_ticks,28,16.0,1.625,1.0,2.0
ES.v.0,action_x_surprise,hold|large,spread_ticks,29,16.0,1.5,1.0,2.0
ES.v.0,action_x_surprise,hold|large,spread_ticks,30,16.0,1.375,1.0,2.0
ES.v.0,action_x_surprise,hold|large,spread_ticks,31,16.0,1.3125,1.0,2.0
ES.v.0,action_x_surprise,hold|large,spread_ticks,32,16.0,1.25,1.0,1.25
ES.v.0,action_x_surprise,hold|large,spread_ticks,33,16.0,1.25,1.0,1.25
ES.v.0,action_x_surprise,hold|large,spread_ticks,34,16.0,1.125,1.0,1.0
ES.v.0,action_x_surprise,hold|large,spread_ticks,35,16.0,1.3125,1.0,2.0
ES.v.0,action_x_surprise,hold|large,spread_ticks,36,16.0,1.5625,1.0,2.0
ES.v.0,action_x_surprise,hold|large,spread_ticks,37,16.0,1.3125,1.0,2.0
ES.v.0,action_x_surprise,hold|large,spread_ticks,38,16.0,1.4375,1.0,2.0
ES.v.0,action_x_surprise,hold|large,spread_ticks,39,16.0,1.3125,1.0,1.25
ES.v.0,action_x_surprise,hold|large,spread_ticks,40,16.0,1.3125,1.0,2.0
ES.v.0,action_x_surprise,hold|large,spread_ticks,41,16.0,1.1875,1.0,1.0
ES.v.0,action_x_surprise,hold|large,spread_ticks,42,16.0,1.0625,1.0,1.0
ES.v.0,action_x_surprise,hold|large,spread_ticks,43,16.0,1.25,1.0,1.25
ES.v.0,action_x_surprise,hold|large,spread_ticks,44,16.0,1.3125,1.0,2.0
ES.v.0,action_x_surprise,hold|large,spread_ticks,45,16.0,1.25,1.0,1.25
ES.v.0,action_x_surprise,hold|large,spread_ticks,46,16.0,1.25,1.0,1.25
ES.v.0,action_x_surprise,hold|large,spread_ticks,47,16.0,1.125,1.0,1.0
ES.v.0,action_x_surprise,hold|large,spread_ticks,48,16.0,1.3125,1.0,2.0
ES.v.0,action_x_surprise,hold|large,spread_ticks,49,16.0,1.1875,1.0,1.0
ES.v.0,action_x_surprise,hold|large,spread_ticks,50,16.0,1.3125,1.0,2.0
ES.v.0,action_x_surprise,hold|large,spread_ticks,51,16.0,1.25,1.0,1.0
ES.v.0,action_x_surprise,hold|large,spread_ticks,52,16.0,1.1875,1.0,1.0
ES.v.0,action_x_surprise,hold|large,spread_ticks,53,16.0,1.25,1.0,1.25
ES.v.0,action_x_surprise,hold|large,spread_ticks,54,16.0,1.125,1.0,1.0
ES.v.0,action_x_surprise,hold|large,spread_ticks,55,16.0,1.1875,1.0,1.0
ES.v.0,action_x_surprise,hold|large,spread_ticks,56,16.0,1.3125,1.0,2.0
ES.v.0,action_x_surprise,hold|large,spread_ticks,57,16.0,1.1875,1.0,1.0
ES.v.0,action_x_surprise,hold|large,spread_ticks,58,16.0,1.125,1.0,1.0
ES.v.0,action_x_surprise,hold|large,spread_ticks,59,16.0,1.1875,1.0,1.0
ES.v.0,action_x_surprise,hold|large,spread_ticks,60,16.0,1.25,1.0,1.25
ES.v.0,action_x_surprise,hold|large,spread_ticks,61,16.0,1.125,1.0,1.0
ES.v.0,action_x_surprise,hold|large,spread_ticks,62,16.0,1.3125,1.0,2.0
ES.v.0,action_x_surprise,hold|large,spread_ticks,63,16.0,1.125,1.0,1.0
ES.v.0,action_x_surprise,hold|large,spread_ticks,64,16.0,1.1875,1.0,1.0
ES.v.0,action_x_surprise,hold|large,spread_ticks,65,16.0,1.125,1.0,1.0
ES.v.0,action_x_surprise,hold|large,spread_ticks,66,16.0,1.375,1.0,2.0
ES.v.0,action_x_surprise,hold|large,spread_ticks,67,16.0,1.25,1.0,1.25
ES.v.0,action_x_surprise,hold|large,spread_ticks,68,16.0,1.0625,1.0,1.0
ES.v.0,action_x_surprise,hold|large,spread_ticks,69,16.0,1.125,1.0,1.0
ES.v.0,action_x_surprise,hold|large,spread_ticks,70,16.0,1.25,1.0,1.25
ES.v.0,action_x_surprise,hold|large,spread_ticks,71,16.0,1.125,1.0,1.0
ES.v.0,action_x_surprise,hold|large,spread_ticks,72,16.0,1.375,1.0,2.0
ES.v.0,action_x_surprise,hold|large,spread_ticks,73,16.0,1.25,1.0,1.25
ES.v.0,action_x_surprise,hold|large,spread_ticks,74,16.0,1.125,1.0,1.0
ES.v.0,action_x_surprise,hold|large,spread_ticks,75,16.0,1.0,1.0,1.0
ES.v.0,action_x_surprise,hold|large,spread_ticks,76,16.0,1.1875,1.0,1.0
ES.v.0,action_x_surprise,hold|large,spread_ticks,77,16.0,1.125,1.0,1.0
ES.v.0,action_x_surprise,hold|large,spread_ticks,78,16.0,1.1875,1.0,1.0
ES.v.0,action_x_surprise,hold|large,spread_ticks,79,16.0,1.25,1.0,1.25
ES.v.0,action_x_surprise,hold|large,spread_ticks,80,16.0,1.125,1.0,1.0
ES.v.0,action_x_surprise,hold|large,spread_ticks,81,16.0,1.125,1.0,1.0
ES.v.0,action_x_surprise,hold|large,spread_ticks,82,16.0,1.125,1.0,1.0
ES.v.0,action_x_surprise,hold|large,spread_ticks,83,16.0,1.1875,1.0,1.0
ES.v.0,action_x_surprise,hold|large,spread_ticks,84,16.0,1.1875,1.0,1.0
ES.v.0,action_x_surprise,hold|large,spread_ticks,85,16.0,1.125,1.0,1.0
ES.v.0,action_x_surprise,hold|large,spread_ticks,86,16.0,1.0625,1.0,1.0
ES.v.0,action_x_surprise,hold|large,spread_ticks,87,16.0,1.0625,1.0,1.0
ES.v.0,action_x_surprise,hold|large,spread_ticks,88,16.0,1.125,1.0,1.0
ES.v.0,action_x_surprise,hold|large,spread_ticks,89,16.0,1.0625,1.0,1.0
ES.v.0,action_x_surprise,hold|large,spread_ticks,90,16.0,1.1875,1.0,1.0
ES.v.0,action_x_surprise,hold|large,spread_ticks,91,16.0,1.125,1.0,1.0
ES.v.0,action_x_surprise,hold|large,spread_ticks,92,16.0,1.125,1.0,1.0
ES.v.0,action_x_surprise,hold|large,spread_ticks,93,16.0,1.0625,1.0,1.0
ES.v.0,action_x_surprise,hold|large,spread_ticks,94,16.0,1.1875,1.0,1.0
ES.v.0,action_x_surprise,hold|large,spread_ticks,95,16.0,1.125,1.0,1.0
ES.v.0,action_x_surprise,hold|large,spread_ticks,96,16.0,1.0,1.0,1.0
ES.v.0,action_x_surprise,hold|large,spread_ticks,97,16.0,1.0,1.0,1.0
ES.v.0,action_x_surprise,hold|large,spread_ticks,98,16.0,1.1875,1.0,1.0
ES.v.0,action_x_surprise,hold|large,spread_ticks,99,16.0,1.3125,1.0,1.25
ES.v.0,action_x_surprise,hold|large,spread_ticks,100,16.0,1.1875,1.0,1.0
ES.v.0,action_x_surprise,hold|large,spread_ticks,101,16.0,1.0625,1.0,1.0
ES.v.0,action_x_surprise,hold|large,spread_ticks,102,16.0,1.0625,1.0,1.0
ES.v.0,action_x_surprise,hold|large,spread_ticks,103,16.0,1.125,1.0,1.0
ES.v.0,action_x_surprise,hold|large,spread_ticks,104,16.0,1.125,1.0,1.0
ES.v.0,action_x_surprise,hold|large,spread_ticks,105,16.0,1.1875,1.0,1.0
ES.v.0,action_x_surprise,hold|large,spread_ticks,106,16.0,1.0625,1.0,1.0
ES.v.0,action_x_surprise,hold|large,spread_ticks,107,16.0,1.0,1.0,1.0
ES.v.0,action_x_surprise,hold|large,spread_ticks,108,16.0,1.0625,1.0,1.0
ES.v.0,action_x_surprise,hold|large,spread_ticks,109,16.0,1.0625,1.0,1.0
ES.v.0,action_x_surprise,hold|large,spread_ticks,110,16.0,1.0625,1.0,1.0
ES.v.0,action_x_surprise,hold|large,spread_ticks,111,16.0,1.3125,1.0,2.0
ES.v.0,action_x_surprise,hold|large,spread_ticks,112,16.0,1.0625,1.0,1.0
ES.v.0,action_x_surprise,hold|large,spread_ticks,113,16.0,1.125,1.0,1.0
ES.v.0,action_x_surprise,hold|large,spread_ticks,114,16.0,1.125,1.0,1.0
ES.v.0,action_x_surprise,hold|large,spread_ticks,115,16.0,1.1875,1.0,1.0
ES.v.0,action_x_surprise,hold|large,spread_ticks,116,16.0,1.25,1.0,1.25
ES.v.0,action_x_surprise,hold|large,spread_ticks,117,16.0,1.125,1.0,1.0
ES.v.0,action_x_surprise,hold|large,spread_ticks,118,16.0,1.1875,1.0,1.0
ES.v.0,action_x_surprise,hold|large,spread_ticks,119,16.0,1.0625,1.0,1.0
ES.v.0,action_x_surprise,hold|large,spread_ticks,120,16.0,1.125,1.0,1.0
ES.v.0,action_x_surprise,hold|medium,spread_ticks,-60,21.0,1.3333333333333333,1.0,2.0
ES.v.0,action_x_surprise,hold|medium,spread_ticks,-59,21.0,1.380952380952381,1.0,2.0
ES.v.0,action_x_surprise,hold|medium,spread_ticks,-58,21.0,1.4285714285714286,1.0,2.0
ES.v.0,action_x_surprise,hold|medium,spread_ticks,-57,21.0,1.1904761904761905,1.0,1.0
ES.v.0,action_x_surprise,hold|medium,spread_ticks,-56,21.0,1.3333333333333333,1.0,2.0
ES.v.0,action_x_surprise,hold|medium,spread_ticks,-55,21.0,1.2380952380952381,1.0,1.0
ES.v.0,action_x_surprise,hold|medium,spread_ticks,-54,21.0,1.1904761904761905,1.0,1.0
ES.v.0,action_x_surprise,hold|medium,spread_ticks,-53,21.0,1.4285714285714286,1.0,2.0
ES.v.0,action_x_surprise,hold|medium,spread_ticks,-52,21.0,1.3333333333333333,1.0,2.0
ES.v.0,action_x_surprise,hold|medium,spread_ticks,-51,21.0,1.380952380952381,1.0,2.0
ES.v.0,action_x_surprise,hold|medium,spread_ticks,-50,21.0,1.2857142857142858,1.0,1.0
ES.v.0,action_x_surprise,hold|medium,spread_ticks,-49,21.0,1.2857142857142858,1.0,2.0
ES.v.0,action_x_surprise,hold|medium,spread_ticks,-48,21.0,1.2857142857142858,1.0,2.0
ES.v.0,action_x_surprise,hold|medium,spread_ticks,-47,21.0,1.4285714285714286,1.0,2.0
ES.v.0,action_x_surprise,hold|medium,spread_ticks,-46,21.0,1.3333333333333333,1.0,2.0
ES.v.0,action_x_surprise,hold|medium,spread_ticks,-45,21.0,1.380952380952381,1.0,2.0
ES.v.0,action_x_surprise,hold|medium,spread_ticks,-44,21.0,1.5238095238095237,1.0,2.0
ES.v.0,action_x_surprise,hold|medium,spread_ticks,-43,21.0,1.5238095238095237,1.0,2.0
ES.v.0,action_x_surprise,hold|medium,spread_ticks,-42,21.0,1.3333333333333333,1.0,2.0
ES.v.0,action_x_surprise,hold|medium,spread_ticks,-41,21.0,1.2380952380952381,1.0,1.0
ES.v.0,action_x_surprise,hold|medium,spread_ticks,-40,21.0,1.2380952380952381,1.0,1.0
ES.v.0,action_x_surprise,hold|medium,spread_ticks,-39,21.0,1.2380952380952381,1.0,1.0
ES.v.0,action_x_surprise,hold|medium,spread_ticks,-38,21.0,1.1904761904761905,1.0,1.0
ES.v.0,action_x_surprise,hold|medium,spread_ticks,-37,21.0,1.3333333333333333,1.0,2.0
ES.v.0,action_x_surprise,hold|medium,spread_ticks,-36,21.0,1.5238095238095237,1.0,2.0
ES.v.0,action_x_surprise,hold|medium,spread_ticks,-35,21.0,1.4761904761904763,1.0,2.0
ES.v.0,action_x_surprise,hold|medium,spread_ticks,-34,21.0,1.5238095238095237,1.0,2.0
ES.v.0,action_x_surprise,hold|medium,spread_ticks,-33,21.0,1.4761904761904763,1.0,2.0
ES.v.0,action_x_surprise,hold|medium,spread_ticks,-32,21.0,1.2380952380952381,1.0,1.0
ES.v.0,action_x_surprise,hold|medium,spread_ticks,-31,21.0,1.3333333333333333,1.0,2.0
ES.v.0,action_x_surprise,hold|medium,spread_ticks,-30,21.0,1.380952380952381,1.0,2.0
ES.v.0,action_x_surprise,hold|medium,spread_ticks,-29,21.0,1.3333333333333333,1.0,2.0
ES.v.0,action_x_surprise,hold|medium,spread_ticks,-28,21.0,1.1904761904761905,1.0,1.0
ES.v.0,action_x_surprise,hold|medium,spread_ticks,-27,21.0,1.2380952380952381,1.0,1.0
ES.v.0,action_x_surprise,hold|medium,spread_ticks,-26,21.0,1.380952380952381,1.0,2.0
ES.v.0,action_x_surprise,hold|medium,spread_ticks,-25,21.0,1.4285714285714286,1.0,2.0
ES.v.0,action_x_surprise,hold|medium,spread_ticks,-24,21.0,1.4285714285714286,1.0,2.0
ES.v.0,action_x_surprise,hold|medium,spread_ticks,-23,21.0,1.3333333333333333,1.0,2.0
ES.v.0,action_x_surprise,hold|medium,spread_ticks,-22,21.0,1.4285714285714286,1.0,2.0
ES.v.0,action_x_surprise,hold|medium,spread_ticks,-21,21.0,1.4761904761904763,1.0,2.0
ES.v.0,action_x_surprise,hold|medium,spread_ticks,-20,21.0,1.380952380952381,1.0,2.0
ES.v.0,action_x_surprise,hold|medium,spread_ticks,-19,21.0,1.4285714285714286,1.0,2.0
ES.v.0,action_x_surprise,hold|medium,spread_ticks,-18,21.0,1.3333333333333333,1.0,2.0
ES.v.0,action_x_surprise,hold|medium,spread_ticks,-17,21.0,1.3333333333333333,1.0,2.0
ES.v.0,action_x_surprise,hold|medium,spread_ticks,-16,21.0,1.2380952380952381,1.0,1.0
ES.v.0,action_x_surprise,hold|medium,spread_ticks,-15,21.0,1.4285714285714286,1.0,2.0
ES.v.0,action_x_surprise,hold|medium,spread_ticks,-14,21.0,1.4761904761904763,1.0,2.0
ES.v.0,action_x_surprise,hold|medium,spread_ticks,-13,21.0,1.3333333333333333,1.0,2.0
ES.v.0,action_x_surprise,hold|medium,spread_ticks,-12,21.0,1.2857142857142858,1.0,2.0
ES.v.0,action_x_surprise,hold|medium,spread_ticks,-11,21.0,1.3333333333333333,1.0,2.0
ES.v.0,action_x_surprise,hold|medium,spread_ticks,-10,21.0,1.1904761904761905,1.0,1.0
ES.v.0,action_x_surprise,hold|medium,spread_ticks,-9,21.0,1.4285714285714286,1.0,2.0
ES.v.0,action_x_surprise,hold|medium,spread_ticks,-8,21.0,1.380952380952381,1.0,2.0
ES.v.0,action_x_surprise,hold|medium,spread_ticks,-7,21.0,1.5238095238095237,1.0,2.0
ES.v.0,action_x_surprise,hold|medium,spread_ticks,-6,21.0,1.6666666666666667,1.0,2.0
ES.v.0,action_x_surprise,hold|medium,spread_ticks,-5,21.0,1.5714285714285714,1.0,2.0
ES.v.0,action_x_surprise,hold|medium,spread_ticks,-4,21.0,1.619047619047619,1.0,2.0
ES.v.0,action_x_surprise,hold|medium,spread_ticks,-3,21.0,1.4761904761904763,1.0,2.0
ES.v.0,action_x_surprise,hold|medium,spread_ticks,-2,21.0,1.619047619047619,1.0,2.0
ES.v.0,action_x_surprise,hold|medium,spread_ticks,-1,21.0,1.8095238095238095,1.0,2.0
ES.v.0,action_x_surprise,hold|medium,spread_ticks,0,21.0,2.0952380952380953,1.0,3.0
ES.v.0,action_x_surprise,hold|medium,spread_ticks,1,21.0,2.761904761904762,1.0,4.0
ES.v.0,action_x_surprise,hold|medium,spread_ticks,2,21.0,2.8095238095238093,2.0,3.0
ES.v.0,action_x_surprise,hold|medium,spread_ticks,3,21.0,2.7142857142857144,1.0,3.0
ES.v.0,action_x_surprise,hold|medium,spread_ticks,4,21.0,2.380952380952381,1.0,4.0
ES.v.0,action_x_surprise,hold|medium,spread_ticks,5,21.0,2.1904761904761907,1.0,3.0
ES.v.0,action_x_surprise,hold|medium,spread_ticks,6,21.0,2.0952380952380953,1.0,2.0
ES.v.0,action_x_surprise,hold|medium,spread_ticks,7,21.0,1.9523809523809523,1.0,2.0
ES.v.0,action_x_surprise,hold|medium,spread_ticks,8,21.0,1.9523809523809523,1.0,2.0
ES.v.0,action_x_surprise,hold|medium,spread_ticks,9,21.0,1.8095238095238095,1.0,2.0
ES.v.0,action_x_surprise,hold|medium,spread_ticks,10,21.0,1.6666666666666667,1.0,2.0
ES.v.0,action_x_surprise,hold|medium,spread_ticks,11,21.0,1.6666666666666667,1.0,2.0
ES.v.0,action_x_surprise,hold|medium,spread_ticks,12,21.0,1.8095238095238095,1.0,2.0
ES.v.0,action_x_surprise,hold|medium,spread_ticks,13,21.0,1.8095238095238095,1.0,2.0
ES.v.0,action_x_surprise,hold|medium,spread_ticks,14,21.0,1.8095238095238095,1.0,2.0
ES.v.0,action_x_surprise,hold|medium,spread_ticks,15,21.0,1.9523809523809523,1.0,2.0
ES.v.0,action_x_surprise,hold|medium,spread_ticks,16,21.0,1.619047619047619,1.0,2.0
ES.v.0,action_x_surprise,hold|medium,spread_ticks,17,21.0,1.9047619047619047,1.0,2.0
ES.v.0,action_x_surprise,hold|medium,spread_ticks,18,21.0,1.8095238095238095,1.0,2.0
ES.v.0,action_x_surprise,hold|medium,spread_ticks,19,21.0,1.8095238095238095,1.0,2.0
ES.v.0,action_x_surprise,hold|medium,spread_ticks,20,21.0,1.5238095238095237,1.0,2.0
ES.v.0,action_x_surprise,hold|medium,spread_ticks,21,21.0,1.8095238095238095,1.0,2.0
ES.v.0,action_x_surprise,hold|medium,spread_ticks,22,21.0,1.6666666666666667,1.0,2.0
ES.v.0,action_x_surprise,hold|medium,spread_ticks,23,21.0,1.6666666666666667,1.0,2.0
ES.v.0,action_x_surprise,hold|medium,spread_ticks,24,21.0,1.8571428571428572,1.0,2.0
ES.v.0,action_x_surprise,hold|medium,spread_ticks,25,21.0,1.7142857142857142,1.0,2.0
ES.v.0,action_x_surprise,hold|medium,spread_ticks,26,21.0,1.8571428571428572,1.0,2.0
ES.v.0,action_x_surprise,hold|medium,spread_ticks,27,21.0,1.5714285714285714,1.0,2.0
ES.v.0,action_x_surprise,hold|medium,spread_ticks,28,21.0,1.619047619047619,1.0,2.0
ES.v.0,action_x_surprise,hold|medium,spread_ticks,29,21.0,1.5238095238095237,1.0,2.0
ES.v.0,action_x_surprise,hold|medium,spread_ticks,30,21.0,1.7142857142857142,1.0,2.0
ES.v.0,action_x_surprise,hold|medium,spread_ticks,31,21.0,1.4285714285714286,1.0,2.0
ES.v.0,action_x_surprise,hold|medium,spread_ticks,32,21.0,1.4285714285714286,1.0,2.0
ES.v.0,action_x_surprise,hold|medium,spread_ticks,33,21.0,1.5238095238095237,1.0,2.0
ES.v.0,action_x_surprise,hold|medium,spread_ticks,34,21.0,1.4285714285714286,1.0,2.0
ES.v.0,action_x_surprise,hold|medium,spread_ticks,35,21.0,1.619047619047619,1.0,2.0
ES.v.0,action_x_surprise,hold|medium,spread_ticks,36,21.0,1.5238095238095237,1.0,2.0
ES.v.0,action_x_surprise,hold|medium,spread_ticks,37,21.0,1.5238095238095237,1.0,2.0
ES.v.0,action_x_surprise,hold|medium,spread_ticks,38,21.0,1.380952380952381,1.0,2.0
ES.v.0,action_x_surprise,hold|medium,spread_ticks,39,21.0,1.4761904761904763,1.0,2.0
ES.v.0,action_x_surprise,hold|medium,spread_ticks,40,21.0,1.5238095238095237,1.0,2.0
ES.v.0,action_x_surprise,hold|medium,spread_ticks,41,21.0,1.4285714285714286,1.0,2.0
ES.v.0,action_x_surprise,hold|medium,spread_ticks,42,21.0,1.3333333333333333,1.0,2.0
ES.v.0,action_x_surprise,hold|medium,spread_ticks,43,21.0,1.4285714285714286,1.0,2.0
ES.v.0,action_x_surprise,hold|medium,spread_ticks,44,21.0,1.380952380952381,1.0,2.0
ES.v.0,action_x_surprise,hold|medium,spread_ticks,45,21.0,1.380952380952381,1.0,2.0
ES.v.0,action_x_surprise,hold|medium,spread_ticks,46,21.0,1.2857142857142858,1.0,2.0
ES.v.0,action_x_surprise,hold|medium,spread_ticks,47,21.0,1.4761904761904763,1.0,2.0
ES.v.0,action_x_surprise,hold|medium,spread_ticks,48,21.0,1.4761904761904763,1.0,2.0
ES.v.0,action_x_surprise,hold|medium,spread_ticks,49,21.0,1.380952380952381,1.0,2.0
ES.v.0,action_x_surprise,hold|medium,spread_ticks,50,21.0,1.4285714285714286,1.0,2.0
ES.v.0,action_x_surprise,hold|medium,spread_ticks,51,21.0,1.4285714285714286,1.0,2.0
ES.v.0,action_x_surprise,hold|medium,spread_ticks,52,21.0,1.3333333333333333,1.0,2.0
ES.v.0,action_x_surprise,hold|medium,spread_ticks,53,21.0,1.380952380952381,1.0,2.0
ES.v.0,action_x_surprise,hold|medium,spread_ticks,54,21.0,1.2857142857142858,1.0,1.0
ES.v.0,action_x_surprise,hold|medium,spread_ticks,55,21.0,1.5238095238095237,1.0,2.0
ES.v.0,action_x_surprise,hold|medium,spread_ticks,56,21.0,1.4285714285714286,1.0,2.0
ES.v.0,action_x_surprise,hold|medium,spread_ticks,57,21.0,1.3333333333333333,1.0,2.0
ES.v.0,action_x_surprise,hold|medium,spread_ticks,58,21.0,1.380952380952381,1.0,2.0
ES.v.0,action_x_surprise,hold|medium,spread_ticks,59,21.0,1.5238095238095237,1.0,2.0
ES.v.0,action_x_surprise,hold|medium,spread_ticks,60,21.0,1.380952380952381,1.0,2.0
ES.v.0,action_x_surprise,hold|medium,spread_ticks,61,21.0,1.4285714285714286,1.0,2.0
ES.v.0,action_x_surprise,hold|medium,spread_ticks,62,21.0,1.380952380952381,1.0,2.0
ES.v.0,action_x_surprise,hold|medium,spread_ticks,63,21.0,1.2380952380952381,1.0,1.0
ES.v.0,action_x_surprise,hold|medium,spread_ticks,64,21.0,1.3333333333333333,1.0,2.0
ES.v.0,action_x_surprise,hold|medium,spread_ticks,65,21.0,1.1904761904761905,1.0,1.0
ES.v.0,action_x_surprise,hold|medium,spread_ticks,66,21.0,1.3333333333333333,1.0,2.0
ES.v.0,action_x_surprise,hold|medium,spread_ticks,67,21.0,1.3333333333333333,1.0,2.0
ES.v.0,action_x_surprise,hold|medium,spread_ticks,68,21.0,1.1904761904761905,1.0,1.0
ES.v.0,action_x_surprise,hold|medium,spread_ticks,69,21.0,1.2380952380952381,1.0,1.0
ES.v.0,action_x_surprise,hold|medium,spread_ticks,70,21.0,1.3333333333333333,1.0,2.0
ES.v.0,action_x_surprise,hold|medium,spread_ticks,71,21.0,1.2857142857142858,1.0,2.0
ES.v.0,action_x_surprise,hold|medium,spread_ticks,72,21.0,1.1904761904761905,1.0,1.0
ES.v.0,action_x_surprise,hold|medium,spread_ticks,73,21.0,1.2857142857142858,1.0,1.0
ES.v.0,action_x_surprise,hold|medium,spread_ticks,74,21.0,1.2857142857142858,1.0,2.0
ES.v.0,action_x_surprise,hold|medium,spread_ticks,75,21.0,1.2857142857142858,1.0,2.0
ES.v.0,action_x_surprise,hold|medium,spread_ticks,76,21.0,1.3333333333333333,1.0,2.0
ES.v.0,action_x_surprise,hold|medium,spread_ticks,77,21.0,1.1904761904761905,1.0,1.0
ES.v.0,action_x_surprise,hold|medium,spread_ticks,78,21.0,1.2380952380952381,1.0,1.0
ES.v.0,action_x_surprise,hold|medium,spread_ticks,79,21.0,1.3333333333333333,1.0,2.0
ES.v.0,action_x_surprise,hold|medium,spread_ticks,80,21.0,1.2380952380952381,1.0,1.0
ES.v.0,action_x_surprise,hold|medium,spread_ticks,81,21.0,1.2380952380952381,1.0,1.0
ES.v.0,action_x_surprise,hold|medium,spread_ticks,82,21.0,1.3333333333333333,1.0,2.0
ES.v.0,action_x_surprise,hold|medium,spread_ticks,83,21.0,1.2857142857142858,1.0,2.0
ES.v.0,action_x_surprise,hold|medium,spread_ticks,84,21.0,1.2380952380952381,1.0,1.0
ES.v.0,action_x_surprise,hold|medium,spread_ticks,85,21.0,1.2857142857142858,1.0,2.0
ES.v.0,action_x_surprise,hold|medium,spread_ticks,86,21.0,1.2380952380952381,1.0,1.0
ES.v.0,action_x_surprise,hold|medium,spread_ticks,87,21.0,1.1904761904761905,1.0,1.0
ES.v.0,action_x_surprise,hold|medium,spread_ticks,88,21.0,1.1428571428571428,1.0,1.0
ES.v.0,action_x_surprise,hold|medium,spread_ticks,89,21.0,1.1428571428571428,1.0,1.0
ES.v.0,action_x_surprise,hold|medium,spread_ticks,90,21.0,1.1904761904761905,1.0,1.0
ES.v.0,action_x_surprise,hold|medium,spread_ticks,91,21.0,1.1904761904761905,1.0,1.0
ES.v.0,action_x_surprise,hold|medium,spread_ticks,92,21.0,1.0952380952380953,1.0,1.0
ES.v.0,action_x_surprise,hold|medium,spread_ticks,93,21.0,1.1904761904761905,1.0,1.0
ES.v.0,action_x_surprise,hold|medium,spread_ticks,94,21.0,1.1428571428571428,1.0,1.0
ES.v.0,action_x_surprise,hold|medium,spread_ticks,95,21.0,1.1904761904761905,1.0,1.0
ES.v.0,action_x_surprise,hold|medium,spread_ticks,96,21.0,1.0952380952380953,1.0,1.0
ES.v.0,action_x_surprise,hold|medium,spread_ticks,97,21.0,1.0476190476190477,1.0,1.0
ES.v.0,action_x_surprise,hold|medium,spread_ticks,98,21.0,1.1428571428571428,1.0,1.0
ES.v.0,action_x_surprise,hold|medium,spread_ticks,99,21.0,1.3333333333333333,1.0,2.0
ES.v.0,action_x_surprise,hold|medium,spread_ticks,100,21.0,1.1428571428571428,1.0,1.0
ES.v.0,action_x_surprise,hold|medium,spread_ticks,101,21.0,1.1904761904761905,1.0,1.0
ES.v.0,action_x_surprise,hold|medium,spread_ticks,102,21.0,1.1428571428571428,1.0,1.0
ES.v.0,action_x_surprise,hold|medium,spread_ticks,103,21.0,1.0476190476190477,1.0,1.0
ES.v.0,action_x_surprise,hold|medium,spread_ticks,104,21.0,1.0476190476190477,1.0,1.0
ES.v.0,action_x_surprise,hold|medium,spread_ticks,105,21.0,1.2380952380952381,1.0,1.0
ES.v.0,action_x_surprise,hold|medium,spread_ticks,106,21.0,1.1428571428571428,1.0,1.0
ES.v.0,action_x_surprise,hold|medium,spread_ticks,107,21.0,1.0952380952380953,1.0,1.0
ES.v.0,action_x_surprise,hold|medium,spread_ticks,108,21.0,1.1428571428571428,1.0,1.0
ES.v.0,action_x_surprise,hold|medium,spread_ticks,109,21.0,1.0476190476190477,1.0,1.0
ES.v.0,action_x_surprise,hold|medium,spread_ticks,110,21.0,1.0952380952380953,1.0,1.0
ES.v.0,action_x_surprise,hold|medium,spread_ticks,111,21.0,1.0952380952380953,1.0,1.0
ES.v.0,action_x_surprise,hold|medium,spread_ticks,112,21.0,1.0952380952380953,1.0,1.0
ES.v.0,action_x_surprise,hold|medium,spread_ticks,113,21.0,1.0952380952380953,1.0,1.0
ES.v.0,action_x_surprise,hold|medium,spread_ticks,114,21.0,1.0952380952380953,1.0,1.0
ES.v.0,action_x_surprise,hold|medium,spread_ticks,115,21.0,1.0476190476190477,1.0,1.0
ES.v.0,action_x_surprise,hold|medium,spread_ticks,116,21.0,1.2380952380952381,1.0,1.0
ES.v.0,action_x_surprise,hold|medium,spread_ticks,117,21.0,1.0,1.0,1.0
ES.v.0,action_x_surprise,hold|medium,spread_ticks,118,21.0,1.0,1.0,1.0
ES.v.0,action_x_surprise,hold|medium,spread_ticks,119,21.0,1.1904761904761905,1.0,1.0
ES.v.0,action_x_surprise,hold|medium,spread_ticks,120,21.0,1.0476190476190477,1.0,1.0
ES.v.0,action_x_surprise,hold|small,spread_ticks,-60,26.0,1.3076923076923077,1.0,1.75
ES.v.0,action_x_surprise,hold|small,spread_ticks,-59,26.0,1.1538461538461537,1.0,1.0
ES.v.0,action_x_surprise,hold|small,spread_ticks,-58,26.0,1.2307692307692308,1.0,1.0
ES.v.0,action_x_surprise,hold|small,spread_ticks,-57,26.0,1.3076923076923077,1.0,1.75
ES.v.0,action_x_surprise,hold|small,spread_ticks,-56,26.0,1.2692307692307692,1.0,1.75
ES.v.0,action_x_surprise,hold|small,spread_ticks,-55,26.0,1.3461538461538463,1.0,2.0
ES.v.0,action_x_surprise,hold|small,spread_ticks,-54,26.0,1.2307692307692308,1.0,1.0
ES.v.0,action_x_surprise,hold|small,spread_ticks,-53,26.0,1.5769230769230769,1.0,2.0
ES.v.0,action_x_surprise,hold|small,spread_ticks,-52,26.0,1.2692307692307692,1.0,1.75
ES.v.0,action_x_surprise,hold|small,spread_ticks,-51,26.0,1.1538461538461537,1.0,1.0
ES.v.0,action_x_surprise,hold|small,spread_ticks,-50,26.0,1.2692307692307692,1.0,1.75
ES.v.0,action_x_surprise,hold|small,spread_ticks,-49,26.0,1.2692307692307692,1.0,1.75
ES.v.0,action_x_surprise,hold|small,spread_ticks,-48,26.0,1.2692307692307692,1.0,1.75
ES.v.0,action_x_surprise,hold|small,spread_ticks,-47,26.0,1.3461538461538463,1.0,2.0
ES.v.0,action_x_surprise,hold|small,spread_ticks,-46,26.0,1.1153846153846154,1.0,1.0
ES.v.0,action_x_surprise,hold|small,spread_ticks,-45,26.0,1.0769230769230769,1.0,1.0
ES.v.0,action_x_surprise,hold|small,spread_ticks,-44,26.0,1.3076923076923077,1.0,1.75
ES.v.0,action_x_surprise,hold|small,spread_ticks,-43,26.0,1.3461538461538463,1.0,2.0
ES.v.0,action_x_surprise,hold|small,spread_ticks,-42,26.0,1.2307692307692308,1.0,1.0
ES.v.0,action_x_surprise,hold|small,spread_ticks,-41,26.0,1.1538461538461537,1.0,1.0
ES.v.0,action_x_surprise,hold|small,spread_ticks,-40,26.0,1.2307692307692308,1.0,1.0
ES.v.0,action_x_surprise,hold|small,spread_ticks,-39,26.0,1.2692307692307692,1.0,1.75
ES.v.0,action_x_surprise,hold|small,spread_ticks,-38,26.0,1.1923076923076923,1.0,1.0
ES.v.0,action_x_surprise,hold|small,spread_ticks,-37,26.0,1.3076923076923077,1.0,2.0
ES.v.0,action_x_surprise,hold|small,spread_ticks,-36,26.0,1.2307692307692308,1.0,1.0
ES.v.0,action_x_surprise,hold|small,spread_ticks,-35,26.0,1.1538461538461537,1.0,1.0
ES.v.0,action_x_surprise,hold|small,spread_ticks,-34,26.0,1.1923076923076923,1.0,1.0
ES.v.0,action_x_surprise,hold|small,spread_ticks,-33,26.0,1.2692307692307692,1.0,1.75
ES.v.0,action_x_surprise,hold|small,spread_ticks,-32,26.0,1.1153846153846154,1.0,1.0
ES.v.0,action_x_surprise,hold|small,spread_ticks,-31,26.0,1.1923076923076923,1.0,1.0
ES.v.0,action_x_surprise,hold|small,spread_ticks,-30,26.0,1.1538461538461537,1.0,1.0
ES.v.0,action_x_surprise,hold|small,spread_ticks,-29,26.0,1.3076923076923077,1.0,1.75
ES.v.0,action_x_surprise,hold|small,spread_ticks,-28,26.0,1.3076923076923077,1.0,1.0
ES.v.0,action_x_surprise,hold|small,spread_ticks,-27,26.0,1.3076923076923077,1.0,1.0
ES.v.0,action_x_surprise,hold|small,spread_ticks,-26,26.0,1.2692307692307692,1.0,1.0
ES.v.0,action_x_surprise,hold|small,spread_ticks,-25,26.0,1.3461538461538463,1.0,2.0
ES.v.0,action_x_surprise,hold|small,spread_ticks,-24,26.0,1.3076923076923077,1.0,2.0
ES.v.0,action_x_surprise,hold|small,spread_ticks,-23,26.0,1.3461538461538463,1.0,2.0
ES.v.0,action_x_surprise,hold|small,spread_ticks,-22,26.0,1.3076923076923077,1.0,1.75
ES.v.0,action_x_surprise,hold|small,spread_ticks,-21,26.0,1.3846153846153846,1.0,2.0
ES.v.0,action_x_surprise,hold|small,spread_ticks,-20,26.0,1.4230769230769231,1.0,2.0
ES.v.0,action_x_surprise,hold|small,spread_ticks,-19,26.0,1.4230769230769231,1.0,2.0
ES.v.0,action_x_surprise,hold|small,spread_ticks,-18,26.0,1.3461538461538463,1.0,1.75
ES.v.0,action_x_surprise,hold|small,spread_ticks,-17,26.0,1.2692307692307692,1.0,1.0
ES.v.0,action_x_surprise,hold|small,spread_ticks,-16,26.0,1.2692307692307692,1.0,1.0
ES.v.0,action_x_surprise,hold|small,spread_ticks,-15,26.0,1.4615384615384615,1.0,2.0
ES.v.0,action_x_surprise,hold|small,spread_ticks,-14,26.0,1.5,1.0,2.0
ES.v.0,action_x_surprise,hold|small,spread_ticks,-13,26.0,1.5384615384615385,1.0,2.0
ES.v.0,action_x_surprise,hold|small,spread_ticks,-12,26.0,1.5769230769230769,1.0,2.0
ES.v.0,action_x_surprise,hold|small,spread_ticks,-11,26.0,1.2692307692307692,1.0,1.0
ES.v.0,action_x_surprise,hold|small,spread_ticks,-10,26.0,1.2692307692307692,1.0,1.75
ES.v.0,action_x_surprise,hold|small,spread_ticks,-9,26.0,1.2307692307692308,1.0,1.0
ES.v.0,action_x_surprise,hold|small,spread_ticks,-8,26.0,1.3461538461538463,1.0,2.0
ES.v.0,action_x_surprise,hold|small,spread_ticks,-7,26.0,1.4230769230769231,1.0,2.0
ES.v.0,action_x_surprise,hold|small,spread_ticks,-6,26.0,1.3076923076923077,1.0,1.0
ES.v.0,action_x_surprise,hold|small,spread_ticks,-5,26.0,1.3846153846153846,1.0,2.0
ES.v.0,action_x_surprise,hold|small,spread_ticks,-4,26.0,1.4230769230769231,1.0,2.0
ES.v.0,action_x_surprise,hold|small,spread_ticks,-3,26.0,1.5,1.0,2.0
ES.v.0,action_x_surprise,hold|small,spread_ticks,-2,26.0,1.5384615384615385,1.0,2.0
ES.v.0,action_x_surprise,hold|small,spread_ticks,-1,26.0,1.5,1.0,1.75
ES.v.0,action_x_surprise,hold|small,spread_ticks,0,26.0,2.1538461538461537,1.0,2.0
ES.v.0,action_x_surprise,hold|small,spread_ticks,1,26.0,2.0384615384615383,1.0,2.0
ES.v.0,action_x_surprise,hold|small,spread_ticks,2,26.0,2.4615384615384617,1.25,2.0
ES.v.0,action_x_surprise,hold|small,spread_ticks,3,26.0,1.6923076923076923,1.0,2.0
ES.v.0,action_x_surprise,hold|small,spread_ticks,4,26.0,1.6153846153846154,1.0,2.0
ES.v.0,action_x_surprise,hold|small,spread_ticks,5,26.0,1.6153846153846154,1.0,2.0
ES.v.0,action_x_surprise,hold|small,spread_ticks,6,26.0,1.8461538461538463,1.0,2.0
ES.v.0,action_x_surprise,hold|small,spread_ticks,7,26.0,1.8461538461538463,1.0,2.0
ES.v.0,action_x_surprise,hold|small,spread_ticks,8,26.0,1.8461538461538463,1.0,2.0
ES.v.0,action_x_surprise,hold|small,spread_ticks,9,26.0,1.9615384615384615,2.0,2.0
ES.v.0,action_x_surprise,hold|small,spread_ticks,10,26.0,1.6153846153846154,1.0,2.0
ES.v.0,action_x_surprise,hold|small,spread_ticks,11,26.0,1.5384615384615385,1.0,2.0
ES.v.0,action_x_surprise,hold|small,spread_ticks,12,26.0,1.6538461538461537,1.0,2.0
ES.v.0,action_x_surprise,hold|small,spread_ticks,13,26.0,1.6538461538461537,1.0,2.0
ES.v.0,action_x_surprise,hold|small,spread_ticks,14,26.0,1.5769230769230769,1.0,2.0
ES.v.0,action_x_surprise,hold|small,spread_ticks,15,26.0,1.6538461538461537,1.0,2.0
ES.v.0,action_x_surprise,hold|small,spread_ticks,16,26.0,1.6923076923076923,1.0,2.0
ES.v.0,action_x_surprise,hold|small,spread_ticks,17,26.0,1.7307692307692308,1.0,2.0
ES.v.0,action_x_surprise,hold|small,spread_ticks,18,26.0,1.5769230769230769,1.0,2.0
ES.v.0,action_x_surprise,hold|small,spread_ticks,19,26.0,1.5769230769230769,1.0,2.0
ES.v.0,action_x_surprise,hold|small,spread_ticks,20,26.0,1.4615384615384615,1.0,2.0
ES.v.0,action_x_surprise,hold|small,spread_ticks,21,26.0,1.3846153846153846,1.0,2.0
ES.v.0,action_x_surprise,hold|small,spread_ticks,22,26.0,1.4230769230769231,1.0,2.0
ES.v.0,action_x_surprise,hold|small,spread_ticks,23,26.0,1.5,1.0,2.0
ES.v.0,action_x_surprise,hold|small,spread_ticks,24,26.0,1.5,1.0,2.0
ES.v.0,action_x_surprise,hold|small,spread_ticks,25,26.0,1.5,1.0,2.0
ES.v.0,action_x_surprise,hold|small,spread_ticks,26,26.0,1.3846153846153846,1.0,1.75
ES.v.0,action_x_surprise,hold|small,spread_ticks,27,26.0,1.5769230769230769,1.0,2.0
ES.v.0,action_x_surprise,hold|small,spread_ticks,28,26.0,1.2307692307692308,1.0,1.0
ES.v.0,action_x_surprise,hold|small,spread_ticks,29,26.0,1.3076923076923077,1.0,2.0
ES.v.0,action_x_surprise,hold|small,spread_ticks,30,26.0,1.4230769230769231,1.0,2.0
ES.v.0,action_x_surprise,hold|small,spread_ticks,31,26.0,1.4230769230769231,1.0,2.0
ES.v.0,action_x_surprise,hold|small,spread_ticks,32,26.0,1.3076923076923077,1.0,1.0
ES.v.0,action_x_surprise,hold|small,spread_ticks,33,26.0,1.4615384615384615,1.0,2.0
ES.v.0,action_x_surprise,hold|small,spread_ticks,34,26.0,1.4230769230769231,1.0,2.0
ES.v.0,action_x_surprise,hold|small,spread_ticks,35,26.0,1.3076923076923077,1.0,1.75
ES.v.0,action_x_surprise,hold|small,spread_ticks,36,26.0,1.4230769230769231,1.0,2.0
ES.v.0,action_x_surprise,hold|small,spread_ticks,37,26.0,1.2307692307692308,1.0,1.0
ES.v.0,action_x_surprise,hold|small,spread_ticks,38,26.0,1.3461538461538463,1.0,2.0
ES.v.0,action_x_surprise,hold|small,spread_ticks,39,26.0,1.1538461538461537,1.0,1.0
ES.v.0,action_x_surprise,hold|small,spread_ticks,40,26.0,1.2692307692307692,1.0,1.0
ES.v.0,action_x_surprise,hold|small,spread_ticks,41,26.0,1.2307692307692308,1.0,1.0
ES.v.0,action_x_surprise,hold|small,spread_ticks,42,26.0,1.3076923076923077,1.0,2.0
ES.v.0,action_x_surprise,hold|small,spread_ticks,43,26.0,1.2692307692307692,1.0,1.0
ES.v.0,action_x_surprise,hold|small,spread_ticks,44,26.0,1.2692307692307692,1.0,1.0
ES.v.0,action_x_surprise,hold|small,spread_ticks,45,26.0,1.2307692307692308,1.0,1.0
ES.v.0,action_x_surprise,hold|small,spread_ticks,46,26.0,1.2692307692307692,1.0,1.0
ES.v.0,action_x_surprise,hold|small,spread_ticks,47,26.0,1.2307692307692308,1.0,1.0
ES.v.0,action_x_surprise,hold|small,spread_ticks,48,26.0,1.1923076923076923,1.0,1.0
ES.v.0,action_x_surprise,hold|small,spread_ticks,49,26.0,1.3076923076923077,1.0,2.0
ES.v.0,action_x_surprise,hold|small,spread_ticks,50,26.0,1.1153846153846154,1.0,1.0
ES.v.0,action_x_surprise,hold|small,spread_ticks,51,26.0,1.2307692307692308,1.0,1.0
ES.v.0,action_x_surprise,hold|small,spread_ticks,52,26.0,1.1923076923076923,1.0,1.0
ES.v.0,action_x_surprise,hold|small,spread_ticks,53,26.0,1.1923076923076923,1.0,1.0
ES.v.0,action_x_surprise,hold|small,spread_ticks,54,26.0,1.1538461538461537,1.0,1.0
ES.v.0,action_x_surprise,hold|small,spread_ticks,55,26.0,1.1923076923076923,1.0,1.0
ES.v.0,action_x_surprise,hold|small,spread_ticks,56,26.0,1.0769230769230769,1.0,1.0
ES.v.0,action_x_surprise,hold|small,spread_ticks,57,26.0,1.2307692307692308,1.0,1.0
ES.v.0,action_x_surprise,hold|small,spread_ticks,58,26.0,1.1538461538461537,1.0,1.0
ES.v.0,action_x_surprise,hold|small,spread_ticks,59,26.0,1.0769230769230769,1.0,1.0
ES.v.0,action_x_surprise,hold|small,spread_ticks,60,26.0,1.0384615384615385,1.0,1.0
ES.v.0,action_x_surprise,hold|small,spread_ticks,61,26.0,1.1923076923076923,1.0,1.0
ES.v.0,action_x_surprise,hold|small,spread_ticks,62,26.0,1.1538461538461537,1.0,1.0
ES.v.0,action_x_surprise,hold|small,spread_ticks,63,26.0,1.1923076923076923,1.0,1.0
ES.v.0,action_x_surprise,hold|small,spread_ticks,64,26.0,1.1923076923076923,1.0,1.0
ES.v.0,action_x_surprise,hold|small,spread_ticks,65,26.0,1.2692307692307692,1.0,1.0
ES.v.0,action_x_surprise,hold|small,spread_ticks,66,26.0,1.0769230769230769,1.0,1.0
ES.v.0,action_x_surprise,hold|small,spread_ticks,67,26.0,1.1153846153846154,1.0,1.0
ES.v.0,action_x_surprise,hold|small,spread_ticks,68,26.0,1.1538461538461537,1.0,1.0
ES.v.0,action_x_surprise,hold|small,spread_ticks,69,26.0,1.0769230769230769,1.0,1.0
ES.v.0,action_x_surprise,hold|small,spread_ticks,70,26.0,1.1538461538461537,1.0,1.0
ES.v.0,action_x_surprise,hold|small,spread_ticks,71,26.0,1.1538461538461537,1.0,1.0
ES.v.0,action_x_surprise,hold|small,spread_ticks,72,26.0,1.0384615384615385,1.0,1.0
ES.v.0,action_x_surprise,hold|small,spread_ticks,73,26.0,1.1153846153846154,1.0,1.0
ES.v.0,action_x_surprise,hold|small,spread_ticks,74,26.0,1.2307692307692308,1.0,1.0
ES.v.0,action_x_surprise,hold|small,spread_ticks,75,26.0,1.0769230769230769,1.0,1.0
ES.v.0,action_x_surprise,hold|small,spread_ticks,76,26.0,1.1923076923076923,1.0,1.0
ES.v.0,action_x_surprise,hold|small,spread_ticks,77,26.0,1.1153846153846154,1.0,1.0
ES.v.0,action_x_surprise,hold|small,spread_ticks,78,26.0,1.2307692307692308,1.0,1.0
ES.v.0,action_x_surprise,hold|small,spread_ticks,79,26.0,1.1923076923076923,1.0,1.0
ES.v.0,action_x_surprise,hold|small,spread_ticks,80,26.0,1.1153846153846154,1.0,1.0
ES.v.0,action_x_surprise,hold|small,spread_ticks,81,26.0,1.1153846153846154,1.0,1.0
ES.v.0,action_x_surprise,hold|small,spread_ticks,82,26.0,1.1538461538461537,1.0,1.0
ES.v.0,action_x_surprise,hold|small,spread_ticks,83,26.0,1.0769230769230769,1.0,1.0
ES.v.0,action_x_surprise,hold|small,spread_ticks,84,26.0,1.0769230769230769,1.0,1.0
ES.v.0,action_x_surprise,hold|small,spread_ticks,85,26.0,1.0384615384615385,1.0,1.0
ES.v.0,action_x_surprise,hold|small,spread_ticks,86,26.0,1.1538461538461537,1.0,1.0
ES.v.0,action_x_surprise,hold|small,spread_ticks,87,26.0,1.0769230769230769,1.0,1.0
ES.v.0,action_x_surprise,hold|small,spread_ticks,88,26.0,1.0769230769230769,1.0,1.0
ES.v.0,action_x_surprise,hold|small,spread_ticks,89,26.0,1.1153846153846154,1.0,1.0
ES.v.0,action_x_surprise,hold|small,spread_ticks,90,26.0,1.1153846153846154,1.0,1.0
ES.v.0,action_x_surprise,hold|small,spread_ticks,91,26.0,1.1153846153846154,1.0,1.0
ES.v.0,action_x_surprise,hold|small,spread_ticks,92,26.0,1.0384615384615385,1.0,1.0
ES.v.0,action_x_surprise,hold|small,spread_ticks,93,26.0,1.0769230769230769,1.0,1.0
ES.v.0,action_x_surprise,hold|small,spread_ticks,94,26.0,1.1538461538461537,1.0,1.0
ES.v.0,action_x_surprise,hold|small,spread_ticks,95,26.0,1.1153846153846154,1.0,1.0
ES.v.0,action_x_surprise,hold|small,spread_ticks,96,26.0,1.0384615384615385,1.0,1.0
ES.v.0,action_x_surprise,hold|small,spread_ticks,97,26.0,1.0,1.0,1.0
ES.v.0,action_x_surprise,hold|small,spread_ticks,98,26.0,1.0769230769230769,1.0,1.0
ES.v.0,action_x_surprise,hold|small,spread_ticks,99,26.0,1.0769230769230769,1.0,1.0
ES.v.0,action_x_surprise,hold|small,spread_ticks,100,26.0,1.0384615384615385,1.0,1.0
ES.v.0,action_x_surprise,hold|small,spread_ticks,101,26.0,1.1923076923076923,1.0,1.0
ES.v.0,action_x_surprise,hold|small,spread_ticks,102,26.0,1.0769230769230769,1.0,1.0
ES.v.0,action_x_surprise,hold|small,spread_ticks,103,26.0,1.0,1.0,1.0
ES.v.0,action_x_surprise,hold|small,spread_ticks,104,26.0,1.0384615384615385,1.0,1.0
ES.v.0,action_x_surprise,hold|small,spread_ticks,105,26.0,1.0769230769230769,1.0,1.0
ES.v.0,action_x_surprise,hold|small,spread_ticks,106,26.0,1.0384615384615385,1.0,1.0
ES.v.0,action_x_surprise,hold|small,spread_ticks,107,26.0,1.1153846153846154,1.0,1.0
ES.v.0,action_x_surprise,hold|small,spread_ticks,108,26.0,1.0769230769230769,1.0,1.0
ES.v.0,action_x_surprise,hold|small,spread_ticks,109,26.0,1.1923076923076923,1.0,1.0
ES.v.0,action_x_surprise,hold|small,spread_ticks,110,26.0,1.0769230769230769,1.0,1.0
ES.v.0,action_x_surprise,hold|small,spread_ticks,111,26.0,1.1153846153846154,1.0,1.0
ES.v.0,action_x_surprise,hold|small,spread_ticks,112,26.0,1.0769230769230769,1.0,1.0
ES.v.0,action_x_surprise,hold|small,spread_ticks,113,26.0,1.0769230769230769,1.0,1.0
ES.v.0,action_x_surprise,hold|small,spread_ticks,114,26.0,1.1153846153846154,1.0,1.0
ES.v.0,action_x_surprise,hold|small,spread_ticks,115,26.0,1.1153846153846154,1.0,1.0
ES.v.0,action_x_surprise,hold|small,spread_ticks,116,26.0,1.2307692307692308,1.0,1.0
ES.v.0,action_x_surprise,hold|small,spread_ticks,117,26.0,1.0384615384615385,1.0,1.0
ES.v.0,action_x_surprise,hold|small,spread_ticks,118,26.0,1.1153846153846154,1.0,1.0
ES.v.0,action_x_surprise,hold|small,spread_ticks,119,26.0,1.0769230769230769,1.0,1.0
ES.v.0,action_x_surprise,hold|small,spread_ticks,120,26.0,1.1153846153846154,1.0,1.0
ES.v.0,all,all,spread_ticks,-60,92.0,1.358695652173913,1.0,2.0
ES.v.0,all,all,spread_ticks,-59,92.0,1.3478260869565217,1.0,2.0
ES.v.0,all,all,spread_ticks,-58,92.0,1.3369565217391304,1.0,2.0
ES.v.0,all,all,spread_ticks,-57,92.0,1.2826086956521738,1.0,2.0
ES.v.0,all,all,spread_ticks,-56,92.0,1.326086956521739,1.0,2.0
ES.v.0,all,all,spread_ticks,-55,92.0,1.3369565217391304,1.0,2.0
ES.v.0,all,all,spread_ticks,-54,92.0,1.326086956521739,1.0,2.0
ES.v.0,all,all,spread_ticks,-53,92.0,1.5326086956521738,1.0,2.0
ES.v.0,all,all,spread_ticks,-52,92.0,1.3478260869565217,1.0,2.0
ES.v.0,all,all,spread_ticks,-51,92.0,1.315217391304348,1.0,2.0
ES.v.0,all,all,spread_ticks,-50,92.0,1.3478260869565217,1.0,2.0
ES.v.0,all,all,spread_ticks,-49,92.0,1.3695652173913044,1.0,2.0
ES.v.0,all,all,spread_ticks,-48,92.0,1.3369565217391304,1.0,2.0
ES.v.0,all,all,spread_ticks,-47,92.0,1.4673913043478262,1.0,2.0
ES.v.0,all,all,spread_ticks,-46,92.0,1.3695652173913044,1.0,2.0
ES.v.0,all,all,spread_ticks,-45,92.0,1.326086956521739,1.0,2.0
ES.v.0,all,all,spread_ticks,-44,92.0,1.423913043478261,1.0,2.0
ES.v.0,all,all,spread_ticks,-43,92.0,1.4891304347826086,1.0,2.0
ES.v.0,all,all,spread_ticks,-42,92.0,1.391304347826087,1.0,2.0
ES.v.0,all,all,spread_ticks,-41,92.0,1.3804347826086956,1.0,2.0
ES.v.0,all,all,spread_ticks,-40,92.0,1.358695652173913,1.0,2.0
ES.v.0,all,all,spread_ticks,-39,92.0,1.3804347826086956,1.0,2.0
ES.v.0,all,all,spread_ticks,-38,92.0,1.358695652173913,1.0,2.0
ES.v.0,all,all,spread_ticks,-37,92.0,1.4565217391304348,1.0,2.0
ES.v.0,all,all,spread_ticks,-36,92.0,1.4565217391304348,1.0,2.0
ES.v.0,all,all,spread_ticks,-35,92.0,1.4456521739130435,1.0,2.0
ES.v.0,all,all,spread_ticks,-34,92.0,1.358695652173913,1.0,2.0
ES.v.0,all,all,spread_ticks,-33,92.0,1.434782608695652,1.0,2.0
ES.v.0,all,all,spread_ticks,-32,92.0,1.315217391304348,1.0,2.0
ES.v.0,all,all,spread_ticks,-31,92.0,1.315217391304348,1.0,2.0
ES.v.0,all,all,spread_ticks,-30,92.0,1.391304347826087,1.0,2.0
ES.v.0,all,all,spread_ticks,-29,92.0,1.3804347826086956,1.0,2.0
ES.v.0,all,all,spread_ticks,-28,92.0,1.3369565217391304,1.0,2.0
ES.v.0,all,all,spread_ticks,-27,92.0,1.3369565217391304,1.0,2.0
ES.v.0,all,all,spread_ticks,-26,92.0,1.4021739130434783,1.0,2.0
ES.v.0,all,all,spread_ticks,-25,92.0,1.4456521739130435,1.0,2.0
ES.v.0,all,all,spread_ticks,-24,92.0,1.358695652173913,1.0,2.0
ES.v.0,all,all,spread_ticks,-23,92.0,1.4021739130434783,1.0,2.0
ES.v.0,all,all,spread_ticks,-22,92.0,1.4021739130434783,1.0,2.0
ES.v.0,all,all,spread_ticks,-21,92.0,1.5543478260869565,1.0,2.0
ES.v.0,all,all,spread_ticks,-20,92.0,1.5,1.0,2.0
ES.v.0,all,all,spread_ticks,-19,92.0,1.5,1.0,2.0
ES.v.0,all,all,spread_ticks,-18,92.0,1.4021739130434783,1.0,2.0
ES.v.0,all,all,spread_ticks,-17,92.0,1.391304347826087,1.0,2.0
ES.v.0,all,all,spread_ticks,-16,92.0,1.3369565217391304,1.0,2.0
ES.v.0,all,all,spread_ticks,-15,92.0,1.4456521739130435,1.0,2.0
ES.v.0,all,all,spread_ticks,-14,92.0,1.4891304347826086,1.0,2.0
ES.v.0,all,all,spread_ticks,-13,92.0,1.4565217391304348,1.0,2.0
ES.v.0,all,all,spread_ticks,-12,92.0,1.5217391304347827,1.0,2.0
ES.v.0,all,all,spread_ticks,-11,92.0,1.4565217391304348,1.0,2.0
ES.v.0,all,all,spread_ticks,-10,92.0,1.4130434782608696,1.0,2.0
ES.v.0,all,all,spread_ticks,-9,92.0,1.4891304347826086,1.0,2.0
ES.v.0,all,all,spread_ticks,-8,92.0,1.5326086956521738,1.0,2.0
ES.v.0,all,all,spread_ticks,-7,92.0,1.608695652173913,1.0,2.0
ES.v.0,all,all,spread_ticks,-6,92.0,1.6630434782608696,1.0,2.0
ES.v.0,all,all,spread_ticks,-5,92.0,1.6630434782608696,1.0,2.0
ES.v.0,all,all,spread_ticks,-4,92.0,1.6521739130434783,1.0,2.0
ES.v.0,all,all,spread_ticks,-3,92.0,1.6195652173913044,1.0,2.0
ES.v.0,all,all,spread_ticks,-2,92.0,1.7608695652173914,1.0,2.0
ES.v.0,all,all,spread_ticks,-1,92.0,1.9456521739130435,1.0,2.0
ES.v.0,all,all,spread_ticks,0,92.0,2.2282608695652173,1.0,3.0
ES.v.0,all,all,spread_ticks,1,92.0,2.597826086956522,1.0,3.0
ES.v.0,all,all,spread_ticks,2,92.0,2.6739130434782608,1.75,3.0
ES.v.0,all,all,spread_ticks,3,92.0,2.3369565217391304,1.0,3.0
ES.v.0,all,all,spread_ticks,4,92.0,2.25,1.0,3.0
ES.v.0,all,all,spread_ticks,5,92.0,2.2282608695652173,1.0,3.0
ES.v.0,all,all,spread_ticks,6,92.0,2.119565217391304,1.0,3.0
ES.v.0,all,all,spread_ticks,7,92.0,2.0869565217391304,1.0,3.0
ES.v.0,all,all,spread_ticks,8,92.0,2.0217391304347827,1.0,2.25
ES.v.0,all,all,spread_ticks,9,92.0,2.119565217391304,1.0,3.0
ES.v.0,all,all,spread_ticks,10,92.0,1.8804347826086956,1.0,2.0
ES.v.0,all,all,spread_ticks,11,92.0,1.8804347826086956,1.0,2.0
ES.v.0,all,all,spread_ticks,12,92.0,1.9456521739130435,1.0,2.25
ES.v.0,all,all,spread_ticks,13,92.0,1.858695652173913,1.0,2.0
ES.v.0,all,all,spread_ticks,14,92.0,1.826086956521739,1.0,2.0
ES.v.0,all,all,spread_ticks,15,92.0,1.9130434782608696,1.0,2.0
ES.v.0,all,all,spread_ticks,16,92.0,1.9130434782608696,1.0,2.0
ES.v.0,all,all,spread_ticks,17,92.0,1.8695652173913044,1.0,2.0
ES.v.0,all,all,spread_ticks,18,92.0,1.7717391304347827,1.0,2.0
ES.v.0,all,all,spread_ticks,19,92.0,1.7173913043478262,1.0,2.0
ES.v.0,all,all,spread_ticks,20,92.0,1.565217391304348,1.0,2.0
ES.v.0,all,all,spread_ticks,21,92.0,1.7608695652173914,1.0,2.0
ES.v.0,all,all,spread_ticks,22,92.0,1.6195652173913044,1.0,2.0
ES.v.0,all,all,spread_ticks,23,92.0,1.673913043478261,1.0,2.0
ES.v.0,all,all,spread_ticks,24,92.0,1.673913043478261,1.0,2.0
ES.v.0,all,all,spread_ticks,25,92.0,1.684782608695652,1.0,2.0
ES.v.0,all,all,spread_ticks,26,92.0,1.6304347826086956,1.0,2.0
ES.v.0,all,all,spread_ticks,27,92.0,1.641304347826087,1.0,2.0
ES.v.0,all,all,spread_ticks,28,92.0,1.565217391304348,1.0,2.0
ES.v.0,all,all,spread_ticks,29,92.0,1.5,1.0,2.0
ES.v.0,all,all,spread_ticks,30,92.0,1.6304347826086956,1.0,2.0
ES.v.0,all,all,spread_ticks,31,92.0,1.5543478260869565,1.0,2.0
ES.v.0,all,all,spread_ticks,32,92.0,1.4565217391304348,1.0,2.0
ES.v.0,all,all,spread_ticks,33,92.0,1.4782608695652173,1.0,2.0
ES.v.0,all,all,spread_ticks,34,92.0,1.391304347826087,1.0,2.0
ES.v.0,all,all,spread_ticks,35,92.0,1.4673913043478262,1.0,2.0
ES.v.0,all,all,spread_ticks,36,92.0,1.576086956521739,1.0,2.0
ES.v.0,all,all,spread_ticks,37,92.0,1.4673913043478262,1.0,2.0
ES.v.0,all,all,spread_ticks,38,92.0,1.423913043478261,1.0,2.0
ES.v.0,all,all,spread_ticks,39,92.0,1.391304347826087,1.0,2.0
ES.v.0,all,all,spread_ticks,40,92.0,1.4021739130434783,1.0,2.0
ES.v.0,all,all,spread_ticks,41,92.0,1.358695652173913,1.0,2.0
ES.v.0,all,all,spread_ticks,42,92.0,1.391304347826087,1.0,2.0
ES.v.0,all,all,spread_ticks,43,92.0,1.358695652173913,1.0,2.0
ES.v.0,all,all,spread_ticks,44,92.0,1.3804347826086956,1.0,2.0
ES.v.0,all,all,spread_ticks,45,92.0,1.358695652173913,1.0,2.0
ES.v.0,all,all,spread_ticks,46,92.0,1.391304347826087,1.0,2.0
ES.v.0,all,all,spread_ticks,47,92.0,1.3804347826086956,1.0,2.0
ES.v.0,all,all,spread_ticks,48,92.0,1.3695652173913044,1.0,2.0
ES.v.0,all,all,spread_ticks,49,92.0,1.358695652173913,1.0,2.0
ES.v.0,all,all,spread_ticks,50,92.0,1.3695652173913044,1.0,2.0
ES.v.0,all,all,spread_ticks,51,92.0,1.3804347826086956,1.0,2.0
ES.v.0,all,all,spread_ticks,52,92.0,1.2934782608695652,1.0,1.25
ES.v.0,all,all,spread_ticks,53,92.0,1.3043478260869565,1.0,2.0
ES.v.0,all,all,spread_ticks,54,92.0,1.2608695652173914,1.0,1.0
ES.v.0,all,all,spread_ticks,55,92.0,1.2934782608695652,1.0,2.0
ES.v.0,all,all,spread_ticks,56,92.0,1.326086956521739,1.0,2.0
ES.v.0,all,all,spread_ticks,57,92.0,1.315217391304348,1.0,2.0
ES.v.0,all,all,spread_ticks,58,92.0,1.2826086956521738,1.0,1.25
ES.v.0,all,all,spread_ticks,59,92.0,1.2934782608695652,1.0,2.0
ES.v.0,all,all,spread_ticks,60,92.0,1.2934782608695652,1.0,2.0
ES.v.0,all,all,spread_ticks,61,92.0,1.315217391304348,1.0,2.0
ES.v.0,all,all,spread_ticks,62,92.0,1.326086956521739,1.0,2.0
ES.v.0,all,all,spread_ticks,63,92.0,1.326086956521739,1.0,2.0
ES.v.0,all,all,spread_ticks,64,92.0,1.3043478260869565,1.0,2.0
ES.v.0,all,all,spread_ticks,65,92.0,1.2826086956521738,1.0,2.0
ES.v.0,all,all,spread_ticks,66,92.0,1.2608695652173914,1.0,2.0
ES.v.0,all,all,spread_ticks,67,92.0,1.2717391304347827,1.0,2.0
ES.v.0,all,all,spread_ticks,68,92.0,1.2391304347826086,1.0,1.0
ES.v.0,all,all,spread_ticks,69,92.0,1.1956521739130435,1.0,1.0
ES.v.0,all,all,spread_ticks,70,92.0,1.2826086956521738,1.0,2.0
ES.v.0,all,all,spread_ticks,71,92.0,1.2391304347826086,1.0,1.0
ES.v.0,all,all,spread_ticks,72,92.0,1.25,1.0,1.25
ES.v.0,all,all,spread_ticks,73,92.0,1.2717391304347827,1.0,1.0
ES.v.0,all,all,spread_ticks,74,92.0,1.2717391304347827,1.0,2.0
ES.v.0,all,all,spread_ticks,75,92.0,1.2065217391304348,1.0,1.0
ES.v.0,all,all,spread_ticks,76,92.0,1.2826086956521738,1.0,2.0
ES.v.0,all,all,spread_ticks,77,92.0,1.2065217391304348,1.0,1.0
ES.v.0,all,all,spread_ticks,78,92.0,1.2173913043478262,1.0,1.0
ES.v.0,all,all,spread_ticks,79,92.0,1.2826086956521738,1.0,2.0
ES.v.0,all,all,spread_ticks,80,92.0,1.2065217391304348,1.0,1.0
ES.v.0,all,all,spread_ticks,81,92.0,1.2282608695652173,1.0,1.0
ES.v.0,all,all,spread_ticks,82,92.0,1.2173913043478262,1.0,1.0
ES.v.0,all,all,spread_ticks,83,92.0,1.2391304347826086,1.0,1.0
ES.v.0,all,all,spread_ticks,84,92.0,1.2282608695652173,1.0,1.0
ES.v.0,all,all,spread_ticks,85,92.0,1.173913043478261,1.0,1.0
ES.v.0,all,all,spread_ticks,86,92.0,1.1630434782608696,1.0,1.0
ES.v.0,all,all,spread_ticks,87,92.0,1.141304347826087,1.0,1.0
ES.v.0,all,all,spread_ticks,88,92.0,1.184782608695652,1.0,1.0
ES.v.0,all,all,spread_ticks,89,92.0,1.2282608695652173,1.0,1.0
ES.v.0,all,all,spread_ticks,90,92.0,1.1956521739130435,1.0,1.0
ES.v.0,all,all,spread_ticks,91,92.0,1.1956521739130435,1.0,1.0
ES.v.0,all,all,spread_ticks,92,92.0,1.1521739130434783,1.0,1.0
ES.v.0,all,all,spread_ticks,93,92.0,1.1304347826086956,1.0,1.0
ES.v.0,all,all,spread_ticks,94,92.0,1.1630434782608696,1.0,1.0
ES.v.0,all,all,spread_ticks,95,92.0,1.2173913043478262,1.0,1.0
ES.v.0,all,all,spread_ticks,96,92.0,1.1630434782608696,1.0,1.0
ES.v.0,all,all,spread_ticks,97,92.0,1.108695652173913,1.0,1.0
ES.v.0,all,all,spread_ticks,98,92.0,1.1521739130434783,1.0,1.0
ES.v.0,all,all,spread_ticks,99,92.0,1.2065217391304348,1.0,1.0
ES.v.0,all,all,spread_ticks,100,92.0,1.1521739130434783,1.0,1.0
ES.v.0,all,all,spread_ticks,101,92.0,1.184782608695652,1.0,1.0
ES.v.0,all,all,spread_ticks,102,92.0,1.1521739130434783,1.0,1.0
ES.v.0,all,all,spread_ticks,103,92.0,1.0869565217391304,1.0,1.0
ES.v.0,all,all,spread_ticks,104,92.0,1.0869565217391304,1.0,1.0
ES.v.0,all,all,spread_ticks,105,92.0,1.2065217391304348,1.0,1.0
ES.v.0,all,all,spread_ticks,106,92.0,1.141304347826087,1.0,1.0
ES.v.0,all,all,spread_ticks,107,92.0,1.173913043478261,1.0,1.0
ES.v.0,all,all,spread_ticks,108,92.0,1.1521739130434783,1.0,1.0
ES.v.0,all,all,spread_ticks,109,92.0,1.184782608695652,1.0,1.0
ES.v.0,all,all,spread_ticks,110,92.0,1.0978260869565217,1.0,1.0
ES.v.0,all,all,spread_ticks,111,92.0,1.173913043478261,1.0,1.0
ES.v.0,all,all,spread_ticks,112,92.0,1.108695652173913,1.0,1.0
ES.v.0,all,all,spread_ticks,113,92.0,1.1304347826086956,1.0,1.0
ES.v.0,all,all,spread_ticks,114,92.0,1.141304347826087,1.0,1.0
ES.v.0,all,all,spread_ticks,115,92.0,1.1521739130434783,1.0,1.0
ES.v.0,all,all,spread_ticks,116,92.0,1.2391304347826086,1.0,1.0
ES.v.0,all,all,spread_ticks,117,92.0,1.0869565217391304,1.0,1.0
ES.v.0,all,all,spread_ticks,118,92.0,1.108695652173913,1.0,1.0
ES.v.0,all,all,spread_ticks,119,92.0,1.1630434782608696,1.0,1.0
ES.v.0,all,all,spread_ticks,120,92.0,1.141304347826087,1.0,1.0
ES.v.0,control,control,spread_ticks,-60,141.0,1.0212765957446808,1.0,1.0
ES.v.0,control,control,spread_ticks,-59,141.0,1.0070921985815602,1.0,1.0
ES.v.0,control,control,spread_ticks,-58,141.0,1.0070921985815602,1.0,1.0
ES.v.0,control,control,spread_ticks,-57,141.0,1.0070921985815602,1.0,1.0
ES.v.0,control,control,spread_ticks,-56,141.0,1.0141843971631206,1.0,1.0
ES.v.0,control,control,spread_ticks,-55,141.0,1.0141843971631206,1.0,1.0
ES.v.0,control,control,spread_ticks,-54,141.0,1.0070921985815602,1.0,1.0
ES.v.0,control,control,spread_ticks,-53,141.0,1.0070921985815602,1.0,1.0
ES.v.0,control,control,spread_ticks,-52,141.0,1.0283687943262412,1.0,1.0
ES.v.0,control,control,spread_ticks,-51,141.0,1.0141843971631206,1.0,1.0
ES.v.0,control,control,spread_ticks,-50,141.0,1.0070921985815602,1.0,1.0
ES.v.0,control,control,spread_ticks,-49,141.0,1.0141843971631206,1.0,1.0
ES.v.0,control,control,spread_ticks,-48,141.0,1.0354609929078014,1.0,1.0
ES.v.0,control,control,spread_ticks,-47,141.0,1.0141843971631206,1.0,1.0
ES.v.0,control,control,spread_ticks,-46,141.0,1.0070921985815602,1.0,1.0
ES.v.0,control,control,spread_ticks,-45,141.0,1.0141843971631206,1.0,1.0
ES.v.0,control,control,spread_ticks,-44,141.0,1.0141843971631206,1.0,1.0
ES.v.0,control,control,spread_ticks,-43,141.0,1.0283687943262412,1.0,1.0
ES.v.0,control,control,spread_ticks,-42,141.0,1.0141843971631206,1.0,1.0
ES.v.0,control,control,spread_ticks,-41,141.0,1.0141843971631206,1.0,1.0
ES.v.0,control,control,spread_ticks,-40,141.0,1.0070921985815602,1.0,1.0
ES.v.0,control,control,spread_ticks,-39,141.0,1.0141843971631206,1.0,1.0
ES.v.0,control,control,spread_ticks,-38,141.0,1.0141843971631206,1.0,1.0
ES.v.0,control,control,spread_ticks,-37,141.0,1.0141843971631206,1.0,1.0
ES.v.0,control,control,spread_ticks,-36,141.0,1.0283687943262412,1.0,1.0
ES.v.0,control,control,spread_ticks,-35,141.0,1.0141843971631206,1.0,1.0
ES.v.0,control,control,spread_ticks,-34,141.0,1.0141843971631206,1.0,1.0
ES.v.0,control,control,spread_ticks,-33,141.0,1.0212765957446808,1.0,1.0
ES.v.0,control,control,spread_ticks,-32,141.0,1.0141843971631206,1.0,1.0
ES.v.0,control,control,spread_ticks,-31,141.0,1.0283687943262412,1.0,1.0
ES.v.0,control,control,spread_ticks,-30,141.0,1.0070921985815602,1.0,1.0
ES.v.0,control,control,spread_ticks,-29,141.0,1.0141843971631206,1.0,1.0
ES.v.0,control,control,spread_ticks,-28,141.0,1.0141843971631206,1.0,1.0
ES.v.0,control,control,spread_ticks,-27,141.0,1.0070921985815602,1.0,1.0
ES.v.0,control,control,spread_ticks,-26,141.0,1.0070921985815602,1.0,1.0
ES.v.0,control,control,spread_ticks,-25,141.0,1.0070921985815602,1.0,1.0
ES.v.0,control,control,spread_ticks,-24,141.0,1.0212765957446808,1.0,1.0
ES.v.0,control,control,spread_ticks,-23,141.0,1.0212765957446808,1.0,1.0
ES.v.0,control,control,spread_ticks,-22,141.0,1.0141843971631206,1.0,1.0
ES.v.0,control,control,spread_ticks,-21,141.0,1.0212765957446808,1.0,1.0
ES.v.0,control,control,spread_ticks,-20,141.0,1.0212765957446808,1.0,1.0
ES.v.0,control,control,spread_ticks,-19,141.0,1.0141843971631206,1.0,1.0
ES.v.0,control,control,spread_ticks,-18,141.0,1.0141843971631206,1.0,1.0
ES.v.0,control,control,spread_ticks,-17,141.0,1.0,1.0,1.0
ES.v.0,control,control,spread_ticks,-16,141.0,1.0,1.0,1.0
ES.v.0,control,control,spread_ticks,-15,141.0,1.0283687943262412,1.0,1.0
ES.v.0,control,control,spread_ticks,-14,141.0,1.0141843971631206,1.0,1.0
ES.v.0,control,control,spread_ticks,-13,141.0,1.0283687943262412,1.0,1.0
ES.v.0,control,control,spread_ticks,-12,141.0,1.0354609929078014,1.0,1.0
ES.v.0,control,control,spread_ticks,-11,141.0,1.0,1.0,1.0
ES.v.0,control,control,spread_ticks,-10,141.0,1.0070921985815602,1.0,1.0
ES.v.0,control,control,spread_ticks,-9,141.0,1.0141843971631206,1.0,1.0
ES.v.0,control,control,spread_ticks,-8,141.0,1.0212765957446808,1.0,1.0
ES.v.0,control,control,spread_ticks,-7,141.0,1.0070921985815602,1.0,1.0
ES.v.0,control,control,spread_ticks,-6,141.0,1.0141843971631206,1.0,1.0
ES.v.0,control,control,spread_ticks,-5,141.0,1.0354609929078014,1.0,1.0
ES.v.0,control,control,spread_ticks,-4,141.0,1.0070921985815602,1.0,1.0
ES.v.0,control,control,spread_ticks,-3,141.0,1.0212765957446808,1.0,1.0
ES.v.0,control,control,spread_ticks,-2,141.0,1.0141843971631206,1.0,1.0
ES.v.0,control,control,spread_ticks,-1,141.0,1.0283687943262412,1.0,1.0
ES.v.0,control,control,spread_ticks,0,141.0,1.0283687943262412,1.0,1.0
ES.v.0,control,control,spread_ticks,1,141.0,1.0212765957446808,1.0,1.0
ES.v.0,control,control,spread_ticks,2,141.0,1.0425531914893618,1.0,1.0
ES.v.0,control,control,spread_ticks,3,141.0,1.0283687943262412,1.0,1.0
ES.v.0,control,control,spread_ticks,4,141.0,1.0141843971631206,1.0,1.0
ES.v.0,control,control,spread_ticks,5,141.0,1.0212765957446808,1.0,1.0
ES.v.0,control,control,spread_ticks,6,141.0,1.0354609929078014,1.0,1.0
ES.v.0,control,control,spread_ticks,7,141.0,1.0141843971631206,1.0,1.0
ES.v.0,control,control,spread_ticks,8,141.0,1.0,1.0,1.0
ES.v.0,control,control,spread_ticks,9,141.0,1.0,1.0,1.0
ES.v.0,control,control,spread_ticks,10,141.0,1.0070921985815602,1.0,1.0
ES.v.0,control,control,spread_ticks,11,141.0,1.0,1.0,1.0
ES.v.0,control,control,spread_ticks,12,141.0,1.0070921985815602,1.0,1.0
ES.v.0,control,control,spread_ticks,13,141.0,1.0070921985815602,1.0,1.0
ES.v.0,control,control,spread_ticks,14,141.0,1.0141843971631206,1.0,1.0
ES.v.0,control,control,spread_ticks,15,141.0,1.0,1.0,1.0
ES.v.0,control,control,spread_ticks,16,141.0,1.0,1.0,1.0
ES.v.0,control,control,spread_ticks,17,141.0,1.0212765957446808,1.0,1.0
ES.v.0,control,control,spread_ticks,18,141.0,1.0,1.0,1.0
ES.v.0,control,control,spread_ticks,19,141.0,1.0425531914893618,1.0,1.0
ES.v.0,control,control,spread_ticks,20,141.0,1.0212765957446808,1.0,1.0
ES.v.0,control,control,spread_ticks,21,141.0,1.0,1.0,1.0
ES.v.0,control,control,spread_ticks,22,141.0,1.0,1.0,1.0
ES.v.0,control,control,spread_ticks,23,141.0,1.0141843971631206,1.0,1.0
ES.v.0,control,control,spread_ticks,24,141.0,1.0,1.0,1.0
ES.v.0,control,control,spread_ticks,25,141.0,1.0212765957446808,1.0,1.0
ES.v.0,control,control,spread_ticks,26,141.0,1.0212765957446808,1.0,1.0
ES.v.0,control,control,spread_ticks,27,141.0,1.0212765957446808,1.0,1.0
ES.v.0,control,control,spread_ticks,28,141.0,1.0070921985815602,1.0,1.0
ES.v.0,control,control,spread_ticks,29,141.0,1.0212765957446808,1.0,1.0
ES.v.0,control,control,spread_ticks,30,141.0,1.0141843971631206,1.0,1.0
ES.v.0,control,control,spread_ticks,31,141.0,1.0070921985815602,1.0,1.0
ES.v.0,control,control,spread_ticks,32,141.0,1.0,1.0,1.0
ES.v.0,control,control,spread_ticks,33,141.0,1.0141843971631206,1.0,1.0
ES.v.0,control,control,spread_ticks,34,141.0,1.0070921985815602,1.0,1.0
ES.v.0,control,control,spread_ticks,35,141.0,1.0283687943262412,1.0,1.0
ES.v.0,control,control,spread_ticks,36,141.0,1.0283687943262412,1.0,1.0
ES.v.0,control,control,spread_ticks,37,141.0,1.0283687943262412,1.0,1.0
ES.v.0,control,control,spread_ticks,38,141.0,1.0212765957446808,1.0,1.0
ES.v.0,control,control,spread_ticks,39,141.0,1.0141843971631206,1.0,1.0
ES.v.0,control,control,spread_ticks,40,141.0,1.0354609929078014,1.0,1.0
ES.v.0,control,control,spread_ticks,41,141.0,1.0070921985815602,1.0,1.0
ES.v.0,control,control,spread_ticks,42,141.0,1.0141843971631206,1.0,1.0
ES.v.0,control,control,spread_ticks,43,141.0,1.0141843971631206,1.0,1.0
ES.v.0,control,control,spread_ticks,44,141.0,1.0212765957446808,1.0,1.0
ES.v.0,control,control,spread_ticks,45,141.0,1.0070921985815602,1.0,1.0
ES.v.0,control,control,spread_ticks,46,141.0,1.0070921985815602,1.0,1.0
ES.v.0,control,control,spread_ticks,47,141.0,1.0283687943262412,1.0,1.0
ES.v.0,control,control,spread_ticks,48,141.0,1.0,1.0,1.0
ES.v.0,control,control,spread_ticks,49,141.0,1.0,1.0,1.0
ES.v.0,control,control,spread_ticks,50,141.0,1.0212765957446808,1.0,1.0
ES.v.0,control,control,spread_ticks,51,141.0,1.0283687943262412,1.0,1.0
ES.v.0,control,control,spread_ticks,52,141.0,1.0141843971631206,1.0,1.0
ES.v.0,control,control,spread_ticks,53,141.0,1.0,1.0,1.0
ES.v.0,control,control,spread_ticks,54,141.0,1.0212765957446808,1.0,1.0
ES.v.0,control,control,spread_ticks,55,141.0,1.0212765957446808,1.0,1.0
ES.v.0,control,control,spread_ticks,56,141.0,1.0212765957446808,1.0,1.0
ES.v.0,control,control,spread_ticks,57,141.0,1.0141843971631206,1.0,1.0
ES.v.0,control,control,spread_ticks,58,141.0,1.0141843971631206,1.0,1.0
ES.v.0,control,control,spread_ticks,59,141.0,1.0141843971631206,1.0,1.0
ES.v.0,control,control,spread_ticks,60,141.0,1.0070921985815602,1.0,1.0
ES.v.0,control,control,spread_ticks,61,141.0,1.0070921985815602,1.0,1.0
ES.v.0,control,control,spread_ticks,62,141.0,1.0212765957446808,1.0,1.0
ES.v.0,control,control,spread_ticks,63,141.0,1.0070921985815602,1.0,1.0
ES.v.0,control,control,spread_ticks,64,141.0,1.0,1.0,1.0
ES.v.0,control,control,spread_ticks,65,141.0,1.0212765957446808,1.0,1.0
ES.v.0,control,control,spread_ticks,66,141.0,1.0141843971631206,1.0,1.0
ES.v.0,control,control,spread_ticks,67,141.0,1.0070921985815602,1.0,1.0
ES.v.0,control,control,spread_ticks,68,141.0,1.0070921985815602,1.0,1.0
ES.v.0,control,control,spread_ticks,69,141.0,1.0212765957446808,1.0,1.0
ES.v.0,control,control,spread_ticks,70,141.0,1.0,1.0,1.0
ES.v.0,control,control,spread_ticks,71,141.0,1.0141843971631206,1.0,1.0
ES.v.0,control,control,spread_ticks,72,141.0,1.0070921985815602,1.0,1.0
ES.v.0,control,control,spread_ticks,73,141.0,1.0070921985815602,1.0,1.0
ES.v.0,control,control,spread_ticks,74,141.0,1.0283687943262412,1.0,1.0
ES.v.0,control,control,spread_ticks,75,141.0,1.0212765957446808,1.0,1.0
ES.v.0,control,control,spread_ticks,76,141.0,1.0141843971631206,1.0,1.0
ES.v.0,control,control,spread_ticks,77,141.0,1.0,1.0,1.0
ES.v.0,control,control,spread_ticks,78,141.0,1.0141843971631206,1.0,1.0
ES.v.0,control,control,spread_ticks,79,141.0,1.0070921985815602,1.0,1.0
ES.v.0,control,control,spread_ticks,80,141.0,1.0212765957446808,1.0,1.0
ES.v.0,control,control,spread_ticks,81,141.0,1.0212765957446808,1.0,1.0
ES.v.0,control,control,spread_ticks,82,141.0,1.0141843971631206,1.0,1.0
ES.v.0,control,control,spread_ticks,83,141.0,1.0212765957446808,1.0,1.0
ES.v.0,control,control,spread_ticks,84,141.0,1.0283687943262412,1.0,1.0
ES.v.0,control,control,spread_ticks,85,141.0,1.0283687943262412,1.0,1.0
ES.v.0,control,control,spread_ticks,86,141.0,1.0283687943262412,1.0,1.0
ES.v.0,control,control,spread_ticks,87,141.0,1.0283687943262412,1.0,1.0
ES.v.0,control,control,spread_ticks,88,141.0,1.0283687943262412,1.0,1.0
ES.v.0,control,control,spread_ticks,89,141.0,1.0,1.0,1.0
ES.v.0,control,control,spread_ticks,90,141.0,1.0141843971631206,1.0,1.0
ES.v.0,control,control,spread_ticks,91,141.0,1.0,1.0,1.0
ES.v.0,control,control,spread_ticks,92,141.0,1.0141843971631206,1.0,1.0
ES.v.0,control,control,spread_ticks,93,141.0,1.0,1.0,1.0
ES.v.0,control,control,spread_ticks,94,141.0,1.0070921985815602,1.0,1.0
ES.v.0,control,control,spread_ticks,95,141.0,1.0212765957446808,1.0,1.0
ES.v.0,control,control,spread_ticks,96,141.0,1.0070921985815602,1.0,1.0
ES.v.0,control,control,spread_ticks,97,141.0,1.0,1.0,1.0
ES.v.0,control,control,spread_ticks,98,141.0,1.0141843971631206,1.0,1.0
ES.v.0,control,control,spread_ticks,99,141.0,1.0141843971631206,1.0,1.0
ES.v.0,control,control,spread_ticks,100,141.0,1.0070921985815602,1.0,1.0
ES.v.0,control,control,spread_ticks,101,141.0,1.0070921985815602,1.0,1.0
ES.v.0,control,control,spread_ticks,102,141.0,1.0070921985815602,1.0,1.0
ES.v.0,control,control,spread_ticks,103,141.0,1.0,1.0,1.0
ES.v.0,control,control,spread_ticks,104,141.0,1.0070921985815602,1.0,1.0
ES.v.0,control,control,spread_ticks,105,141.0,1.0,1.0,1.0
ES.v.0,control,control,spread_ticks,106,141.0,1.0212765957446808,1.0,1.0
ES.v.0,control,control,spread_ticks,107,141.0,1.0212765957446808,1.0,1.0
ES.v.0,control,control,spread_ticks,108,141.0,1.0070921985815602,1.0,1.0
ES.v.0,control,control,spread_ticks,109,141.0,1.0070921985815602,1.0,1.0
ES.v.0,control,control,spread_ticks,110,141.0,1.0212765957446808,1.0,1.0
ES.v.0,control,control,spread_ticks,111,141.0,1.0141843971631206,1.0,1.0
ES.v.0,control,control,spread_ticks,112,141.0,1.0070921985815602,1.0,1.0
ES.v.0,control,control,spread_ticks,113,141.0,1.0070921985815602,1.0,1.0
ES.v.0,control,control,spread_ticks,114,141.0,1.0141843971631206,1.0,1.0
ES.v.0,control,control,spread_ticks,115,141.0,1.0212765957446808,1.0,1.0
ES.v.0,control,control,spread_ticks,116,141.0,1.0070921985815602,1.0,1.0
ES.v.0,control,control,spread_ticks,117,141.0,1.0141843971631206,1.0,1.0
ES.v.0,control,control,spread_ticks,118,141.0,1.0070921985815602,1.0,1.0
ES.v.0,control,control,spread_ticks,119,141.0,1.0212765957446808,1.0,1.0
ES.v.0,control,control,spread_ticks,120,141.0,1.0141843971631206,1.0,1.0
ES.v.0,surprise,large,spread_ticks,-60,31.0,1.4193548387096775,1.0,2.0
ES.v.0,surprise,large,spread_ticks,-59,31.0,1.5161290322580645,1.0,2.0
ES.v.0,surprise,large,spread_ticks,-58,31.0,1.3870967741935485,1.0,2.0
ES.v.0,surprise,large,spread_ticks,-57,31.0,1.3225806451612903,1.0,2.0
ES.v.0,surprise,large,spread_ticks,-56,31.0,1.3870967741935485,1.0,2.0
ES.v.0,surprise,large,spread_ticks,-55,31.0,1.4193548387096775,1.0,2.0
ES.v.0,surprise,large,spread_ticks,-54,31.0,1.4516129032258065,1.0,2.0
ES.v.0,surprise,large,spread_ticks,-53,31.0,1.6129032258064515,1.0,2.0
ES.v.0,surprise,large,spread_ticks,-52,31.0,1.4516129032258065,1.0,2.0
ES.v.0,surprise,large,spread_ticks,-51,31.0,1.4193548387096775,1.0,2.0
ES.v.0,surprise,large,spread_ticks,-50,31.0,1.5161290322580645,1.0,2.0
ES.v.0,surprise,large,spread_ticks,-49,31.0,1.5483870967741935,1.0,2.0
ES.v.0,surprise,large,spread_ticks,-48,31.0,1.4516129032258065,1.0,2.0
ES.v.0,surprise,large,spread_ticks,-47,31.0,1.5806451612903225,1.0,2.0
ES.v.0,surprise,large,spread_ticks,-46,31.0,1.5483870967741935,1.0,2.0
ES.v.0,surprise,large,spread_ticks,-45,31.0,1.4193548387096775,1.0,2.0
ES.v.0,surprise,large,spread_ticks,-44,31.0,1.4516129032258065,1.0,2.0
ES.v.0,surprise,large,spread_ticks,-43,31.0,1.6129032258064515,1.0,2.0
ES.v.0,surprise,large,spread_ticks,-42,31.0,1.6451612903225807,1.0,2.0
ES.v.0,surprise,large,spread_ticks,-41,31.0,1.5806451612903225,1.0,2.0
ES.v.0,surprise,large,spread_ticks,-40,31.0,1.5806451612903225,1.0,2.0
ES.v.0,surprise,large,spread_ticks,-39,31.0,1.5483870967741935,1.0,2.0
ES.v.0,surprise,large,spread_ticks,-38,31.0,1.5161290322580645,1.0,2.0
ES.v.0,surprise,large,spread_ticks,-37,31.0,1.5806451612903225,1.0,2.0
ES.v.0,surprise,large,spread_ticks,-36,31.0,1.5806451612903225,1.0,2.0
ES.v.0,surprise,large,spread_ticks,-35,31.0,1.6129032258064515,1.0,2.0
ES.v.0,surprise,large,spread_ticks,-34,31.0,1.3870967741935485,1.0,2.0
ES.v.0,surprise,large,spread_ticks,-33,31.0,1.5161290322580645,1.0,2.0
ES.v.0,surprise,large,spread_ticks,-32,31.0,1.4838709677419355,1.0,2.0
ES.v.0,surprise,large,spread_ticks,-31,31.0,1.4193548387096775,1.0,2.0
ES.v.0,surprise,large,spread_ticks,-30,31.0,1.6129032258064515,1.0,2.0
ES.v.0,surprise,large,spread_ticks,-29,31.0,1.4516129032258065,1.0,2.0
ES.v.0,surprise,large,spread_ticks,-28,31.0,1.4193548387096775,1.0,2.0
ES.v.0,surprise,large,spread_ticks,-27,31.0,1.5483870967741935,1.0,2.0
ES.v.0,surprise,large,spread_ticks,-26,31.0,1.4193548387096775,1.0,2.0
ES.v.0,surprise,large,spread_ticks,-25,31.0,1.5483870967741935,1.0,2.0
ES.v.0,surprise,large,spread_ticks,-24,31.0,1.3225806451612903,1.0,1.5
ES.v.0,surprise,large,spread_ticks,-23,31.0,1.5161290322580645,1.0,2.0
ES.v.0,surprise,large,spread_ticks,-22,31.0,1.4838709677419355,1.0,2.0
ES.v.0,surprise,large,spread_ticks,-21,31.0,1.7419354838709677,1.0,2.0
ES.v.0,surprise,large,spread_ticks,-20,31.0,1.6774193548387097,1.0,2.0
ES.v.0,surprise,large,spread_ticks,-19,31.0,1.6129032258064515,1.0,2.0
ES.v.0,surprise,large,spread_ticks,-18,31.0,1.4193548387096775,1.0,2.0
ES.v.0,surprise,large,spread_ticks,-17,31.0,1.5161290322580645,1.0,2.0
ES.v.0,surprise,large,spread_ticks,-16,31.0,1.4193548387096775,1.0,2.0
ES.v.0,surprise,large,spread_ticks,-15,31.0,1.4516129032258065,1.0,2.0
ES.v.0,surprise,large,spread_ticks,-14,31.0,1.4838709677419355,1.0,2.0
ES.v.0,surprise,large,spread_ticks,-13,31.0,1.5806451612903225,1.0,2.0
ES.v.0,surprise,large,spread_ticks,-12,31.0,1.6774193548387097,1.0,2.0
ES.v.0,surprise,large,spread_ticks,-11,31.0,1.6129032258064515,1.0,2.0
ES.v.0,surprise,large,spread_ticks,-10,31.0,1.6451612903225807,1.0,2.0
ES.v.0,surprise,large,spread_ticks,-9,31.0,1.7419354838709677,1.0,2.0
ES.v.0,surprise,large,spread_ticks,-8,31.0,1.7419354838709677,1.0,2.0
ES.v.0,surprise,large,spread_ticks,-7,31.0,1.7741935483870968,1.0,2.0
ES.v.0,surprise,large,spread_ticks,-6,31.0,1.967741935483871,1.0,3.0
ES.v.0,surprise,large,spread_ticks,-5,31.0,2.032258064516129,1.0,2.5
ES.v.0,surprise,large,spread_ticks,-4,31.0,1.8387096774193548,1.0,2.0
ES.v.0,surprise,large,spread_ticks,-3,31.0,1.8387096774193548,1.0,2.0
ES.v.0,surprise,large,spread_ticks,-2,31.0,2.032258064516129,1.0,2.0
ES.v.0,surprise,large,spread_ticks,-1,31.0,2.4193548387096775,1.0,3.0
ES.v.0,surprise,large,spread_ticks,0,31.0,2.3870967741935485,1.0,3.0
ES.v.0,surprise,large,spread_ticks,1,31.0,2.935483870967742,2.0,3.0
ES.v.0,surprise,large,spread_ticks,2,31.0,2.838709677419355,2.0,4.0
ES.v.0,surprise,large,spread_ticks,3,31.0,2.6774193548387095,1.5,4.0
ES.v.0,surprise,large,spread_ticks,4,31.0,2.7419354838709675,2.0,3.0
ES.v.0,surprise,large,spread_ticks,5,31.0,2.838709677419355,2.0,3.5
ES.v.0,surprise,large,spread_ticks,6,31.0,2.3870967741935485,1.0,3.0
ES.v.0,surprise,large,spread_ticks,7,31.0,2.4516129032258065,1.0,3.0
ES.v.0,surprise,large,spread_ticks,8,31.0,2.2580645161290325,1.5,3.0
ES.v.0,surprise,large,spread_ticks,9,31.0,2.4516129032258065,1.5,3.0
ES.v.0,surprise,large,spread_ticks,10,31.0,2.225806451612903,1.0,3.0
ES.v.0,surprise,large,spread_ticks,11,31.0,2.129032258064516,1.0,3.0
ES.v.0,surprise,large,spread_ticks,12,31.0,2.2580645161290325,1.0,3.0
ES.v.0,surprise,large,spread_ticks,13,31.0,2.064516129032258,1.0,2.0
ES.v.0,surprise,large,spread_ticks,14,31.0,2.0,1.0,2.0
ES.v.0,surprise,large,spread_ticks,15,31.0,2.161290322580645,1.0,3.0
ES.v.0,surprise,large,spread_ticks,16,31.0,2.2903225806451615,1.5,3.0
ES.v.0,surprise,large,spread_ticks,17,31.0,2.032258064516129,1.0,3.0
ES.v.0,surprise,large,spread_ticks,18,31.0,2.064516129032258,1.0,3.0
ES.v.0,surprise,large,spread_ticks,19,31.0,1.8064516129032258,1.0,2.0
ES.v.0,surprise,large,spread_ticks,20,31.0,1.6774193548387097,1.0,2.0
ES.v.0,surprise,large,spread_ticks,21,31.0,2.064516129032258,2.0,2.0
ES.v.0,surprise,large,spread_ticks,22,31.0,1.7096774193548387,1.0,2.0
ES.v.0,surprise,large,spread_ticks,23,31.0,1.8709677419354838,1.0,2.5
ES.v.0,surprise,large,spread_ticks,24,31.0,1.8064516129032258,1.0,2.0
ES.v.0,surprise,large,spread_ticks,25,31.0,1.8387096774193548,1.0,2.0
ES.v.0,surprise,large,spread_ticks,26,31.0,1.8387096774193548,1.0,2.0
ES.v.0,surprise,large,spread_ticks,27,31.0,1.8387096774193548,1.0,2.0
ES.v.0,surprise,large,spread_ticks,28,31.0,1.8709677419354838,1.0,2.0
ES.v.0,surprise,large,spread_ticks,29,31.0,1.7096774193548387,1.0,2.0
ES.v.0,surprise,large,spread_ticks,30,31.0,1.7419354838709677,1.0,2.0
ES.v.0,surprise,large,spread_ticks,31,31.0,1.7741935483870968,1.0,2.0
ES.v.0,surprise,large,spread_ticks,32,31.0,1.6129032258064515,1.0,2.0
ES.v.0,surprise,large,spread_ticks,33,31.0,1.4838709677419355,1.0,2.0
ES.v.0,surprise,large,spread_ticks,34,31.0,1.2903225806451613,1.0,1.5
ES.v.0,surprise,large,spread_ticks,35,31.0,1.5161290322580645,1.0,2.0
ES.v.0,surprise,large,spread_ticks,36,31.0,1.7741935483870968,1.0,2.0
ES.v.0,surprise,large,spread_ticks,37,31.0,1.6774193548387097,1.0,2.0
ES.v.0,surprise,large,spread_ticks,38,31.0,1.6129032258064515,1.0,2.0
ES.v.0,surprise,large,spread_ticks,39,31.0,1.5483870967741935,1.0,2.0
ES.v.0,surprise,large,spread_ticks,40,31.0,1.4516129032258065,1.0,2.0
ES.v.0,surprise,large,spread_ticks,41,31.0,1.3870967741935485,1.0,2.0
ES.v.0,surprise,large,spread_ticks,42,31.0,1.4516129032258065,1.0,2.0
ES.v.0,surprise,large,spread_ticks,43,31.0,1.4193548387096775,1.0,2.0
ES.v.0,surprise,large,spread_ticks,44,31.0,1.5161290322580645,1.0,2.0
ES.v.0,surprise,large,spread_ticks,45,31.0,1.3870967741935485,1.0,2.0
ES.v.0,surprise,large,spread_ticks,46,31.0,1.5806451612903225,1.0,2.0
ES.v.0,surprise,large,spread_ticks,47,31.0,1.4193548387096775,1.0,2.0
ES.v.0,surprise,large,spread_ticks,48,31.0,1.4838709677419355,1.0,2.0
ES.v.0,surprise,large,spread_ticks,49,31.0,1.4193548387096775,1.0,2.0
ES.v.0,surprise,large,spread_ticks,50,31.0,1.5483870967741935,1.0,2.0
ES.v.0,surprise,large,spread_ticks,51,31.0,1.4838709677419355,1.0,2.0
ES.v.0,surprise,large,spread_ticks,52,31.0,1.3870967741935485,1.0,2.0
ES.v.0,surprise,large,spread_ticks,53,31.0,1.3548387096774193,1.0,2.0
ES.v.0,surprise,large,spread_ticks,54,31.0,1.3870967741935485,1.0,2.0
ES.v.0,surprise,large,spread_ticks,55,31.0,1.2580645161290323,1.0,1.0
ES.v.0,surprise,large,spread_ticks,56,31.0,1.4838709677419355,1.0,2.0
ES.v.0,surprise,large,spread_ticks,57,31.0,1.4516129032258065,1.0,2.0
ES.v.0,surprise,large,spread_ticks,58,31.0,1.3548387096774193,1.0,1.5
ES.v.0,surprise,large,spread_ticks,59,31.0,1.3225806451612903,1.0,2.0
ES.v.0,surprise,large,spread_ticks,60,31.0,1.3548387096774193,1.0,2.0
ES.v.0,surprise,large,spread_ticks,61,31.0,1.3870967741935485,1.0,2.0
ES.v.0,surprise,large,spread_ticks,62,31.0,1.4516129032258065,1.0,2.0
ES.v.0,surprise,large,spread_ticks,63,31.0,1.4193548387096775,1.0,2.0
ES.v.0,surprise,large,spread_ticks,64,31.0,1.3548387096774193,1.0,2.0
ES.v.0,surprise,large,spread_ticks,65,31.0,1.3870967741935485,1.0,2.0
ES.v.0,surprise,large,spread_ticks,66,31.0,1.4193548387096775,1.0,2.0
ES.v.0,surprise,large,spread_ticks,67,31.0,1.3870967741935485,1.0,2.0
ES.v.0,surprise,large,spread_ticks,68,31.0,1.2903225806451613,1.0,2.0
ES.v.0,surprise,large,spread_ticks,69,31.0,1.2903225806451613,1.0,1.5
ES.v.0,surprise,large,spread_ticks,70,31.0,1.3870967741935485,1.0,2.0
ES.v.0,surprise,large,spread_ticks,71,31.0,1.2580645161290323,1.0,1.5
ES.v.0,surprise,large,spread_ticks,72,31.0,1.4193548387096775,1.0,2.0
ES.v.0,surprise,large,spread_ticks,73,31.0,1.4193548387096775,1.0,2.0
ES.v.0,surprise,large,spread_ticks,74,31.0,1.3548387096774193,1.0,2.0
ES.v.0,surprise,large,spread_ticks,75,31.0,1.2258064516129032,1.0,1.0
ES.v.0,surprise,large,spread_ticks,76,31.0,1.3225806451612903,1.0,2.0
ES.v.0,surprise,large,spread_ticks,77,31.0,1.3225806451612903,1.0,2.0
ES.v.0,surprise,large,spread_ticks,78,31.0,1.2580645161290323,1.0,1.5
ES.v.0,surprise,large,spread_ticks,79,31.0,1.3225806451612903,1.0,2.0
ES.v.0,surprise,large,spread_ticks,80,31.0,1.2580645161290323,1.0,1.5
ES.v.0,surprise,large,spread_ticks,81,31.0,1.3225806451612903,1.0,2.0
ES.v.0,surprise,large,spread_ticks,82,31.0,1.1935483870967742,1.0,1.0
ES.v.0,surprise,large,spread_ticks,83,31.0,1.3548387096774193,1.0,2.0
ES.v.0,surprise,large,spread_ticks,84,31.0,1.3548387096774193,1.0,2.0
ES.v.0,surprise,large,spread_ticks,85,31.0,1.2258064516129032,1.0,1.0
ES.v.0,surprise,large,spread_ticks,86,31.0,1.1935483870967742,1.0,1.0
ES.v.0,surprise,large,spread_ticks,87,31.0,1.1935483870967742,1.0,1.0
ES.v.0,surprise,large,spread_ticks,88,31.0,1.2258064516129032,1.0,1.0
ES.v.0,surprise,large,spread_ticks,89,31.0,1.3225806451612903,1.0,1.5
ES.v.0,surprise,large,spread_ticks,90,31.0,1.2258064516129032,1.0,1.0
ES.v.0,surprise,large,spread_ticks,91,31.0,1.3225806451612903,1.0,2.0
ES.v.0,surprise,large,spread_ticks,92,31.0,1.2580645161290323,1.0,1.5
ES.v.0,surprise,large,spread_ticks,93,31.0,1.1935483870967742,1.0,1.0
ES.v.0,surprise,large,spread_ticks,94,31.0,1.2258064516129032,1.0,1.0
ES.v.0,surprise,large,spread_ticks,95,31.0,1.3225806451612903,1.0,2.0
ES.v.0,surprise,large,spread_ticks,96,31.0,1.1935483870967742,1.0,1.0
ES.v.0,surprise,large,spread_ticks,97,31.0,1.2258064516129032,1.0,1.0
ES.v.0,surprise,large,spread_ticks,98,31.0,1.2258064516129032,1.0,1.0
ES.v.0,surprise,large,spread_ticks,99,31.0,1.2903225806451613,1.0,1.5
ES.v.0,surprise,large,spread_ticks,100,31.0,1.2258064516129032,1.0,1.0
ES.v.0,surprise,large,spread_ticks,101,31.0,1.1935483870967742,1.0,1.0
ES.v.0,surprise,large,spread_ticks,102,31.0,1.1612903225806452,1.0,1.0
ES.v.0,surprise,large,spread_ticks,103,31.0,1.1612903225806452,1.0,1.0
ES.v.0,surprise,large,spread_ticks,104,31.0,1.064516129032258,1.0,1.0
ES.v.0,surprise,large,spread_ticks,105,31.0,1.2580645161290323,1.0,1.0
ES.v.0,surprise,large,spread_ticks,106,31.0,1.1935483870967742,1.0,1.0
ES.v.0,surprise,large,spread_ticks,107,31.0,1.2580645161290323,1.0,1.5
ES.v.0,surprise,large,spread_ticks,108,31.0,1.1935483870967742,1.0,1.0
ES.v.0,surprise,large,spread_ticks,109,31.0,1.1935483870967742,1.0,1.0
ES.v.0,surprise,large,spread_ticks,110,31.0,1.096774193548387,1.0,1.0
ES.v.0,surprise,large,spread_ticks,111,31.0,1.2258064516129032,1.0,1.0
ES.v.0,surprise,large,spread_ticks,112,31.0,1.096774193548387,1.0,1.0
ES.v.0,surprise,large,spread_ticks,113,31.0,1.1612903225806452,1.0,1.0
ES.v.0,surprise,large,spread_ticks,114,31.0,1.1935483870967742,1.0,1.0
ES.v.0,surprise,large,spread_ticks,115,31.0,1.1935483870967742,1.0,1.0
ES.v.0,surprise,large,spread_ticks,116,31.0,1.2258064516129032,1.0,1.0
ES.v.0,surprise,large,spread_ticks,117,31.0,1.1290322580645162,1.0,1.0
ES.v.0,surprise,large,spread_ticks,118,31.0,1.1612903225806452,1.0,1.0
ES.v.0,surprise,large,spread_ticks,119,31.0,1.1612903225806452,1.0,1.0
ES.v.0,surprise,large,spread_ticks,120,31.0,1.2258064516129032,1.0,1.0
ES.v.0,surprise,medium,spread_ticks,-60,30.0,1.4,1.0,2.0
ES.v.0,surprise,medium,spread_ticks,-59,30.0,1.4,1.0,2.0
ES.v.0,surprise,medium,spread_ticks,-58,30.0,1.4333333333333333,1.0,2.0
ES.v.0,surprise,medium,spread_ticks,-57,30.0,1.2333333333333334,1.0,1.0
ES.v.0,surprise,medium,spread_ticks,-56,30.0,1.3666666666666667,1.0,2.0
ES.v.0,surprise,medium,spread_ticks,-55,30.0,1.3,1.0,2.0
ES.v.0,surprise,medium,spread_ticks,-54,30.0,1.3333333333333333,1.0,1.0
ES.v.0,surprise,medium,spread_ticks,-53,30.0,1.5,1.0,2.0
ES.v.0,surprise,medium,spread_ticks,-52,30.0,1.3666666666666667,1.0,2.0
ES.v.0,surprise,medium,spread_ticks,-51,30.0,1.4,1.0,2.0
ES.v.0,surprise,medium,spread_ticks,-50,30.0,1.3,1.0,1.75
ES.v.0,surprise,medium,spread_ticks,-49,30.0,1.3333333333333333,1.0,2.0
ES.v.0,surprise,medium,spread_ticks,-48,30.0,1.3333333333333333,1.0,2.0
ES.v.0,surprise,medium,spread_ticks,-47,30.0,1.5,1.0,2.0
ES.v.0,surprise,medium,spread_ticks,-46,30.0,1.4333333333333333,1.0,2.0
ES.v.0,surprise,medium,spread_ticks,-45,30.0,1.4666666666666666,1.0,2.0
ES.v.0,surprise,medium,spread_ticks,-44,30.0,1.5666666666666667,1.0,2.0
ES.v.0,surprise,medium,spread_ticks,-43,30.0,1.5666666666666667,1.0,2.0
ES.v.0,surprise,medium,spread_ticks,-42,30.0,1.3333333333333333,1.0,2.0
ES.v.0,surprise,medium,spread_ticks,-41,30.0,1.4,1.0,2.0
ES.v.0,surprise,medium,spread_ticks,-40,30.0,1.2666666666666666,1.0,1.75
ES.v.0,surprise,medium,spread_ticks,-39,30.0,1.3666666666666667,1.0,2.0
ES.v.0,surprise,medium,spread_ticks,-38,30.0,1.3666666666666667,1.0,2.0
ES.v.0,surprise,medium,spread_ticks,-37,30.0,1.5,1.0,2.0
ES.v.0,surprise,medium,spread_ticks,-36,30.0,1.5666666666666667,1.0,2.0
ES.v.0,surprise,medium,spread_ticks,-35,30.0,1.6,1.0,2.0
ES.v.0,surprise,medium,spread_ticks,-34,30.0,1.5,1.0,2.0
ES.v.0,surprise,medium,spread_ticks,-33,30.0,1.5666666666666667,1.0,2.0
ES.v.0,surprise,medium,spread_ticks,-32,30.0,1.3333333333333333,1.0,2.0
ES.v.0,surprise,medium,spread_ticks,-31,30.0,1.3333333333333333,1.0,2.0
ES.v.0,surprise,medium,spread_ticks,-30,30.0,1.4,1.0,2.0
ES.v.0,surprise,medium,spread_ticks,-29,30.0,1.3666666666666667,1.0,2.0
ES.v.0,surprise,medium,spread_ticks,-28,30.0,1.3333333333333333,1.0,1.75
ES.v.0,surprise,medium,spread_ticks,-27,30.0,1.2,1.0,1.0
ES.v.0,surprise,medium,spread_ticks,-26,30.0,1.5333333333333334,1.0,2.0
ES.v.0,surprise,medium,spread_ticks,-25,30.0,1.4333333333333333,1.0,2.0
ES.v.0,surprise,medium,spread_ticks,-24,30.0,1.4666666666666666,1.0,2.0
ES.v.0,surprise,medium,spread_ticks,-23,30.0,1.3,1.0,1.75
ES.v.0,surprise,medium,spread_ticks,-22,30.0,1.4,1.0,2.0
ES.v.0,surprise,medium,spread_ticks,-21,30.0,1.4666666666666666,1.0,2.0
ES.v.0,surprise,medium,spread_ticks,-20,30.0,1.4333333333333333,1.0,2.0
ES.v.0,surprise,medium,spread_ticks,-19,30.0,1.4333333333333333,1.0,2.0
ES.v.0,surprise,medium,spread_ticks,-18,30.0,1.4333333333333333,1.0,2.0
ES.v.0,surprise,medium,spread_ticks,-17,30.0,1.3666666666666667,1.0,2.0
ES.v.0,surprise,medium,spread_ticks,-16,30.0,1.3,1.0,1.75
ES.v.0,surprise,medium,spread_ticks,-15,30.0,1.5,1.0,2.0
ES.v.0,surprise,medium,spread_ticks,-14,30.0,1.5,1.0,2.0
ES.v.0,surprise,medium,spread_ticks,-13,30.0,1.2666666666666666,1.0,1.0
ES.v.0,surprise,medium,spread_ticks,-12,30.0,1.3333333333333333,1.0,2.0
ES.v.0,surprise,medium,spread_ticks,-11,30.0,1.4666666666666666,1.0,2.0
ES.v.0,surprise,medium,spread_ticks,-10,30.0,1.3,1.0,1.75
ES.v.0,surprise,medium,spread_ticks,-9,30.0,1.4666666666666666,1.0,2.0
ES.v.0,surprise,medium,spread_ticks,-8,30.0,1.5333333333333334,1.0,2.0
ES.v.0,surprise,medium,spread_ticks,-7,30.0,1.6666666666666667,1.0,2.0
ES.v.0,surprise,medium,spread_ticks,-6,30.0,1.6666666666666667,1.0,2.0
ES.v.0,surprise,medium,spread_ticks,-5,30.0,1.5666666666666667,1.0,2.0
ES.v.0,surprise,medium,spread_ticks,-4,30.0,1.7,1.0,2.0
ES.v.0,surprise,medium,spread_ticks,-3,30.0,1.5333333333333334,1.0,2.0
ES.v.0,surprise,medium,spread_ticks,-2,30.0,1.7333333333333334,1.0,2.0
ES.v.0,surprise,medium,spread_ticks,-1,30.0,1.8333333333333333,1.0,2.0
ES.v.0,surprise,medium,spread_ticks,0,30.0,2.2,1.0,3.0
ES.v.0,surprise,medium,spread_ticks,1,30.0,2.7666666666666666,1.0,3.75
ES.v.0,surprise,medium,spread_ticks,2,30.0,2.7333333333333334,2.0,3.0
ES.v.0,surprise,medium,spread_ticks,3,30.0,2.533333333333333,1.0,3.0
ES.v.0,surprise,medium,spread_ticks,4,30.0,2.3333333333333335,1.0,3.0
ES.v.0,surprise,medium,spread_ticks,5,30.0,2.2,1.0,3.0
ES.v.0,surprise,medium,spread_ticks,6,30.0,2.1333333333333333,1.25,2.75
ES.v.0,surprise,medium,spread_ticks,7,30.0,2.033333333333333,1.0,2.0
ES.v.0,surprise,medium,spread_ticks,8,30.0,2.0,1.0,2.0
ES.v.0,surprise,medium,spread_ticks,9,30.0,2.0,1.0,3.0
ES.v.0,surprise,medium,spread_ticks,10,30.0,1.8,1.0,2.0
ES.v.0,surprise,medium,spread_ticks,11,30.0,1.8,1.0,2.0
ES.v.0,surprise,medium,spread_ticks,12,30.0,1.8666666666666667,1.0,2.0
ES.v.0,surprise,medium,spread_ticks,13,30.0,1.8,1.0,2.0
ES.v.0,surprise,medium,spread_ticks,14,30.0,1.9,1.0,3.0
ES.v.0,surprise,medium,spread_ticks,15,30.0,1.9333333333333333,1.0,2.0
ES.v.0,surprise,medium,spread_ticks,16,30.0,1.7666666666666666,1.0,2.0
ES.v.0,surprise,medium,spread_ticks,17,30.0,1.9333333333333333,1.0,2.0
ES.v.0,surprise,medium,spread_ticks,18,30.0,1.7,1.0,2.0
ES.v.0,surprise,medium,spread_ticks,19,30.0,1.7666666666666666,1.0,2.0
ES.v.0,surprise,medium,spread_ticks,20,30.0,1.5333333333333334,1.0,2.0
ES.v.0,surprise,medium,spread_ticks,21,30.0,1.8333333333333333,1.0,2.0
ES.v.0,surprise,medium,spread_ticks,22,30.0,1.7333333333333334,1.0,2.0
ES.v.0,surprise,medium,spread_ticks,23,30.0,1.6666666666666667,1.0,2.0
ES.v.0,surprise,medium,spread_ticks,24,30.0,1.7333333333333334,1.0,2.0
ES.v.0,surprise,medium,spread_ticks,25,30.0,1.7333333333333334,1.0,2.0
ES.v.0,surprise,medium,spread_ticks,26,30.0,1.7333333333333334,1.0,2.0
ES.v.0,surprise,medium,spread_ticks,27,30.0,1.5333333333333334,1.0,2.0
ES.v.0,surprise,medium,spread_ticks,28,30.0,1.6,1.0,2.0
ES.v.0,surprise,medium,spread_ticks,29,30.0,1.5,1.0,2.0
ES.v.0,surprise,medium,spread_ticks,30,30.0,1.7333333333333334,1.0,2.0
ES.v.0,surprise,medium,spread_ticks,31,30.0,1.4666666666666666,1.0,2.0
ES.v.0,surprise,medium,spread_ticks,32,30.0,1.4666666666666666,1.0,2.0
ES.v.0,surprise,medium,spread_ticks,33,30.0,1.5666666666666667,1.0,2.0
ES.v.0,surprise,medium,spread_ticks,34,30.0,1.5,1.0,2.0
ES.v.0,surprise,medium,spread_ticks,35,30.0,1.6,1.0,2.0
ES.v.0,surprise,medium,spread_ticks,36,30.0,1.6,1.0,2.0
ES.v.0,surprise,medium,spread_ticks,37,30.0,1.5,1.0,2.0
ES.v.0,surprise,medium,spread_ticks,38,30.0,1.3333333333333333,1.0,2.0
ES.v.0,surprise,medium,spread_ticks,39,30.0,1.5,1.0,2.0
ES.v.0,surprise,medium,spread_ticks,40,30.0,1.5333333333333334,1.0,2.0
ES.v.0,surprise,medium,spread_ticks,41,30.0,1.4333333333333333,1.0,2.0
ES.v.0,surprise,medium,spread_ticks,42,30.0,1.4333333333333333,1.0,2.0
ES.v.0,surprise,medium,spread_ticks,43,30.0,1.4,1.0,2.0
ES.v.0,surprise,medium,spread_ticks,44,30.0,1.4,1.0,2.0
ES.v.0,surprise,medium,spread_ticks,45,30.0,1.4333333333333333,1.0,2.0
ES.v.0,surprise,medium,spread_ticks,46,30.0,1.3,1.0,2.0
ES.v.0,surprise,medium,spread_ticks,47,30.0,1.4666666666666666,1.0,2.0
ES.v.0,surprise,medium,spread_ticks,48,30.0,1.4333333333333333,1.0,2.0
ES.v.0,surprise,medium,spread_ticks,49,30.0,1.3666666666666667,1.0,2.0
ES.v.0,surprise,medium,spread_ticks,50,30.0,1.4333333333333333,1.0,2.0
ES.v.0,surprise,medium,spread_ticks,51,30.0,1.4333333333333333,1.0,2.0
ES.v.0,surprise,medium,spread_ticks,52,30.0,1.3,1.0,1.75
ES.v.0,surprise,medium,spread_ticks,53,30.0,1.4,1.0,2.0
ES.v.0,surprise,medium,spread_ticks,54,30.0,1.2666666666666666,1.0,1.0
ES.v.0,surprise,medium,spread_ticks,55,30.0,1.4333333333333333,1.0,2.0
ES.v.0,surprise,medium,spread_ticks,56,30.0,1.4,1.0,2.0
ES.v.0,surprise,medium,spread_ticks,57,30.0,1.3,1.0,2.0
ES.v.0,surprise,medium,spread_ticks,58,30.0,1.3333333333333333,1.0,2.0
ES.v.0,surprise,medium,spread_ticks,59,30.0,1.5,1.0,2.0
ES.v.0,surprise,medium,spread_ticks,60,30.0,1.4666666666666666,1.0,2.0
ES.v.0,surprise,medium,spread_ticks,61,30.0,1.3666666666666667,1.0,2.0
ES.v.0,surprise,medium,spread_ticks,62,30.0,1.3666666666666667,1.0,2.0
ES.v.0,surprise,medium,spread_ticks,63,30.0,1.3333333333333333,1.0,2.0
ES.v.0,surprise,medium,spread_ticks,64,30.0,1.3333333333333333,1.0,2.0
ES.v.0,surprise,medium,spread_ticks,65,30.0,1.2333333333333334,1.0,1.0
ES.v.0,surprise,medium,spread_ticks,66,30.0,1.2666666666666666,1.0,1.75
ES.v.0,surprise,medium,spread_ticks,67,30.0,1.3,1.0,2.0
ES.v.0,surprise,medium,spread_ticks,68,30.0,1.2666666666666666,1.0,1.75
ES.v.0,surprise,medium,spread_ticks,69,30.0,1.2333333333333334,1.0,1.0
ES.v.0,surprise,medium,spread_ticks,70,30.0,1.3,1.0,2.0
ES.v.0,surprise,medium,spread_ticks,71,30.0,1.3,1.0,2.0
ES.v.0,surprise,medium,spread_ticks,72,30.0,1.2666666666666666,1.0,1.75
ES.v.0,surprise,medium,spread_ticks,73,30.0,1.2666666666666666,1.0,1.0
ES.v.0,surprise,medium,spread_ticks,74,30.0,1.2666666666666666,1.0,1.75
ES.v.0,surprise,medium,spread_ticks,75,30.0,1.3,1.0,2.0
ES.v.0,surprise,medium,spread_ticks,76,30.0,1.3333333333333333,1.0,2.0
ES.v.0,surprise,medium,spread_ticks,77,30.0,1.1666666666666667,1.0,1.0
ES.v.0,surprise,medium,spread_ticks,78,30.0,1.2,1.0,1.0
ES.v.0,surprise,medium,spread_ticks,79,30.0,1.3333333333333333,1.0,2.0
ES.v.0,surprise,medium,spread_ticks,80,30.0,1.2333333333333334,1.0,1.0
ES.v.0,surprise,medium,spread_ticks,81,30.0,1.2333333333333334,1.0,1.0
ES.v.0,surprise,medium,spread_ticks,82,30.0,1.2666666666666666,1.0,1.75
ES.v.0,surprise,medium,spread_ticks,83,30.0,1.2333333333333334,1.0,1.0
ES.v.0,surprise,medium,spread_ticks,84,30.0,1.2333333333333334,1.0,1.0
ES.v.0,surprise,medium,spread_ticks,85,30.0,1.2666666666666666,1.0,1.75
ES.v.0,surprise,medium,spread_ticks,86,30.0,1.1666666666666667,1.0,1.0
ES.v.0,surprise,medium,spread_ticks,87,30.0,1.1666666666666667,1.0,1.0
ES.v.0,surprise,medium,spread_ticks,88,30.0,1.2,1.0,1.0
ES.v.0,surprise,medium,spread_ticks,89,30.0,1.2333333333333334,1.0,1.0
ES.v.0,surprise,medium,spread_ticks,90,30.0,1.2333333333333334,1.0,1.0
ES.v.0,surprise,medium,spread_ticks,91,30.0,1.1666666666666667,1.0,1.0
ES.v.0,surprise,medium,spread_ticks,92,30.0,1.1333333333333333,1.0,1.0
ES.v.0,surprise,medium,spread_ticks,93,30.0,1.1333333333333333,1.0,1.0
ES.v.0,surprise,medium,spread_ticks,94,30.0,1.1333333333333333,1.0,1.0
ES.v.0,surprise,medium,spread_ticks,95,30.0,1.2333333333333334,1.0,1.0
ES.v.0,surprise,medium,spread_ticks,96,30.0,1.2,1.0,1.0
ES.v.0,surprise,medium,spread_ticks,97,30.0,1.0666666666666667,1.0,1.0
ES.v.0,surprise,medium,spread_ticks,98,30.0,1.1666666666666667,1.0,1.0
ES.v.0,surprise,medium,spread_ticks,99,30.0,1.2333333333333334,1.0,1.0
ES.v.0,surprise,medium,spread_ticks,100,30.0,1.1666666666666667,1.0,1.0
ES.v.0,surprise,medium,spread_ticks,101,30.0,1.2,1.0,1.0
ES.v.0,surprise,medium,spread_ticks,102,30.0,1.2,1.0,1.0
ES.v.0,surprise,medium,spread_ticks,103,30.0,1.0666666666666667,1.0,1.0
ES.v.0,surprise,medium,spread_ticks,104,30.0,1.1333333333333333,1.0,1.0
ES.v.0,surprise,medium,spread_ticks,105,30.0,1.2333333333333334,1.0,1.0
ES.v.0,surprise,medium,spread_ticks,106,30.0,1.1666666666666667,1.0,1.0
ES.v.0,surprise,medium,spread_ticks,107,30.0,1.1333333333333333,1.0,1.0
ES.v.0,surprise,medium,spread_ticks,108,30.0,1.1666666666666667,1.0,1.0
ES.v.0,surprise,medium,spread_ticks,109,30.0,1.1333333333333333,1.0,1.0
ES.v.0,surprise,medium,spread_ticks,110,30.0,1.1,1.0,1.0
ES.v.0,surprise,medium,spread_ticks,111,30.0,1.1333333333333333,1.0,1.0
ES.v.0,surprise,medium,spread_ticks,112,30.0,1.1333333333333333,1.0,1.0
ES.v.0,surprise,medium,spread_ticks,113,30.0,1.1333333333333333,1.0,1.0
ES.v.0,surprise,medium,spread_ticks,114,30.0,1.1,1.0,1.0
ES.v.0,surprise,medium,spread_ticks,115,30.0,1.1333333333333333,1.0,1.0
ES.v.0,surprise,medium,spread_ticks,116,30.0,1.2333333333333334,1.0,1.0
ES.v.0,surprise,medium,spread_ticks,117,30.0,1.1,1.0,1.0
ES.v.0,surprise,medium,spread_ticks,118,30.0,1.0333333333333334,1.0,1.0
ES.v.0,surprise,medium,spread_ticks,119,30.0,1.2,1.0,1.0
ES.v.0,surprise,medium,spread_ticks,120,30.0,1.0666666666666667,1.0,1.0
ES.v.0,surprise,small,spread_ticks,-60,31.0,1.2580645161290323,1.0,1.0
ES.v.0,surprise,small,spread_ticks,-59,31.0,1.1290322580645162,1.0,1.0
ES.v.0,surprise,small,spread_ticks,-58,31.0,1.1935483870967742,1.0,1.0
ES.v.0,surprise,small,spread_ticks,-57,31.0,1.2903225806451613,1.0,1.5
ES.v.0,surprise,small,spread_ticks,-56,31.0,1.2258064516129032,1.0,1.0
ES.v.0,surprise,small,spread_ticks,-55,31.0,1.2903225806451613,1.0,2.0
ES.v.0,surprise,small,spread_ticks,-54,31.0,1.1935483870967742,1.0,1.0
ES.v.0,surprise,small,spread_ticks,-53,31.0,1.4838709677419355,1.0,2.0
ES.v.0,surprise,small,spread_ticks,-52,31.0,1.2258064516129032,1.0,1.0
ES.v.0,surprise,small,spread_ticks,-51,31.0,1.1290322580645162,1.0,1.0
ES.v.0,surprise,small,spread_ticks,-50,31.0,1.2258064516129032,1.0,1.0
ES.v.0,surprise,small,spread_ticks,-49,31.0,1.2258064516129032,1.0,1.0
ES.v.0,surprise,small,spread_ticks,-48,31.0,1.2258064516129032,1.0,1.0
ES.v.0,surprise,small,spread_ticks,-47,31.0,1.3225806451612903,1.0,2.0
ES.v.0,surprise,small,spread_ticks,-46,31.0,1.1290322580645162,1.0,1.0
ES.v.0,surprise,small,spread_ticks,-45,31.0,1.096774193548387,1.0,1.0
ES.v.0,surprise,small,spread_ticks,-44,31.0,1.2580645161290323,1.0,1.0
ES.v.0,surprise,small,spread_ticks,-43,31.0,1.2903225806451613,1.0,1.5
ES.v.0,surprise,small,spread_ticks,-42,31.0,1.1935483870967742,1.0,1.0
ES.v.0,surprise,small,spread_ticks,-41,31.0,1.1612903225806452,1.0,1.0
ES.v.0,surprise,small,spread_ticks,-40,31.0,1.2258064516129032,1.0,1.0
ES.v.0,surprise,small,spread_ticks,-39,31.0,1.2258064516129032,1.0,1.0
ES.v.0,surprise,small,spread_ticks,-38,31.0,1.1935483870967742,1.0,1.0
ES.v.0,surprise,small,spread_ticks,-37,31.0,1.2903225806451613,1.0,2.0
ES.v.0,surprise,small,spread_ticks,-36,31.0,1.2258064516129032,1.0,1.0
ES.v.0,surprise,small,spread_ticks,-35,31.0,1.1290322580645162,1.0,1.0
ES.v.0,surprise,small,spread_ticks,-34,31.0,1.1935483870967742,1.0,1.0
ES.v.0,surprise,small,spread_ticks,-33,31.0,1.2258064516129032,1.0,1.0
ES.v.0,surprise,small,spread_ticks,-32,31.0,1.1290322580645162,1.0,1.0
ES.v.0,surprise,small,spread_ticks,-31,31.0,1.1935483870967742,1.0,1.0
ES.v.0,surprise,small,spread_ticks,-30,31.0,1.1612903225806452,1.0,1.0
ES.v.0,surprise,small,spread_ticks,-29,31.0,1.3225806451612903,1.0,1.5
ES.v.0,surprise,small,spread_ticks,-28,31.0,1.2580645161290323,1.0,1.0
ES.v.0,surprise,small,spread_ticks,-27,31.0,1.2580645161290323,1.0,1.0
ES.v.0,surprise,small,spread_ticks,-26,31.0,1.2580645161290323,1.0,1.0
ES.v.0,surprise,small,spread_ticks,-25,31.0,1.3548387096774193,1.0,2.0
ES.v.0,surprise,small,spread_ticks,-24,31.0,1.2903225806451613,1.0,2.0
ES.v.0,surprise,small,spread_ticks,-23,31.0,1.3870967741935485,1.0,2.0
ES.v.0,surprise,small,spread_ticks,-22,31.0,1.3225806451612903,1.0,2.0
ES.v.0,surprise,small,spread_ticks,-21,31.0,1.4516129032258065,1.0,2.0
ES.v.0,surprise,small,spread_ticks,-20,31.0,1.3870967741935485,1.0,2.0
ES.v.0,surprise,small,spread_ticks,-19,31.0,1.4516129032258065,1.0,2.0
ES.v.0,surprise,small,spread_ticks,-18,31.0,1.3548387096774193,1.0,2.0
ES.v.0,surprise,small,spread_ticks,-17,31.0,1.2903225806451613,1.0,1.0
ES.v.0,surprise,small,spread_ticks,-16,31.0,1.2903225806451613,1.0,1.0
ES.v.0,surprise,small,spread_ticks,-15,31.0,1.3870967741935485,1.0,1.5
ES.v.0,surprise,small,spread_ticks,-14,31.0,1.4838709677419355,1.0,2.0
ES.v.0,surprise,small,spread_ticks,-13,31.0,1.5161290322580645,1.0,2.0
ES.v.0,surprise,small,spread_ticks,-12,31.0,1.5483870967741935,1.0,2.0
ES.v.0,surprise,small,spread_ticks,-11,31.0,1.2903225806451613,1.0,1.0
ES.v.0,surprise,small,spread_ticks,-10,31.0,1.2903225806451613,1.0,1.5
ES.v.0,surprise,small,spread_ticks,-9,31.0,1.2580645161290323,1.0,1.0
ES.v.0,surprise,small,spread_ticks,-8,31.0,1.3225806451612903,1.0,2.0
ES.v.0,surprise,small,spread_ticks,-7,31.0,1.3870967741935485,1.0,2.0
ES.v.0,surprise,small,spread_ticks,-6,31.0,1.3548387096774193,1.0,2.0
ES.v.0,surprise,small,spread_ticks,-5,31.0,1.3870967741935485,1.0,2.0
ES.v.0,surprise,small,spread_ticks,-4,31.0,1.4193548387096775,1.0,2.0
ES.v.0,surprise,small,spread_ticks,-3,31.0,1.4838709677419355,1.0,2.0
ES.v.0,surprise,small,spread_ticks,-2,31.0,1.5161290322580645,1.0,2.0
ES.v.0,surprise,small,spread_ticks,-1,31.0,1.5806451612903225,1.0,2.0
ES.v.0,surprise,small,spread_ticks,0,31.0,2.096774193548387,1.0,2.0
ES.v.0,surprise,small,spread_ticks,1,31.0,2.096774193548387,1.0,2.0
ES.v.0,surprise,small,spread_ticks,2,31.0,2.4516129032258065,1.0,2.0
ES.v.0,surprise,small,spread_ticks,3,31.0,1.8064516129032258,1.0,2.0
ES.v.0,surprise,small,spread_ticks,4,31.0,1.6774193548387097,1.0,2.0
ES.v.0,surprise,small,spread_ticks,5,31.0,1.6451612903225807,1.0,2.0
ES.v.0,surprise,small,spread_ticks,6,31.0,1.8387096774193548,1.0,2.0
ES.v.0,surprise,small,spread_ticks,7,31.0,1.7741935483870968,1.0,2.0
ES.v.0,surprise,small,spread_ticks,8,31.0,1.8064516129032258,1.0,2.0
ES.v.0,surprise,small,spread_ticks,9,31.0,1.903225806451613,2.0,2.0
ES.v.0,surprise,small,spread_ticks,10,31.0,1.6129032258064515,1.0,2.0
ES.v.0,surprise,small,spread_ticks,11,31.0,1.7096774193548387,1.0,2.0
ES.v.0,surprise,small,spread_ticks,12,31.0,1.7096774193548387,1.0,2.0
ES.v.0,surprise,small,spread_ticks,13,31.0,1.7096774193548387,1.0,2.0
ES.v.0,surprise,small,spread_ticks,14,31.0,1.5806451612903225,1.0,2.0
ES.v.0,surprise,small,spread_ticks,15,31.0,1.6451612903225807,1.0,2.0
ES.v.0,surprise,small,spread_ticks,16,31.0,1.6774193548387097,1.0,2.0
ES.v.0,surprise,small,spread_ticks,17,31.0,1.6451612903225807,1.0,2.0
ES.v.0,surprise,small,spread_ticks,18,31.0,1.5483870967741935,1.0,2.0
ES.v.0,surprise,small,spread_ticks,19,31.0,1.5806451612903225,1.0,2.0
ES.v.0,surprise,small,spread_ticks,20,31.0,1.4838709677419355,1.0,2.0
ES.v.0,surprise,small,spread_ticks,21,31.0,1.3870967741935485,1.0,2.0
ES.v.0,surprise,small,spread_ticks,22,31.0,1.4193548387096775,1.0,2.0
ES.v.0,surprise,small,spread_ticks,23,31.0,1.4838709677419355,1.0,2.0
ES.v.0,surprise,small,spread_ticks,24,31.0,1.4838709677419355,1.0,2.0
ES.v.0,surprise,small,spread_ticks,25,31.0,1.4838709677419355,1.0,2.0
ES.v.0,surprise,small,spread_ticks,26,31.0,1.3225806451612903,1.0,1.0
ES.v.0,surprise,small,spread_ticks,27,31.0,1.5483870967741935,1.0,2.0
ES.v.0,surprise,small,spread_ticks,28,31.0,1.2258064516129032,1.0,1.0
ES.v.0,surprise,small,spread_ticks,29,31.0,1.2903225806451613,1.0,2.0
ES.v.0,surprise,small,spread_ticks,30,31.0,1.4193548387096775,1.0,2.0
ES.v.0,surprise,small,spread_ticks,31,31.0,1.4193548387096775,1.0,2.0
ES.v.0,surprise,small,spread_ticks,32,31.0,1.2903225806451613,1.0,1.0
ES.v.0,surprise,small,spread_ticks,33,31.0,1.3870967741935485,1.0,2.0
ES.v.0,surprise,small,spread_ticks,34,31.0,1.3870967741935485,1.0,2.0
ES.v.0,surprise,small,spread_ticks,35,31.0,1.2903225806451613,1.0,1.5
ES.v.0,surprise,small,spread_ticks,36,31.0,1.3548387096774193,1.0,2.0
ES.v.0,surprise,small,spread_ticks,37,31.0,1.2258064516129032,1.0,1.0
ES.v.0,surprise,small,spread_ticks,38,31.0,1.3225806451612903,1.0,2.0
ES.v.0,surprise,small,spread_ticks,39,31.0,1.1290322580645162,1.0,1.0
ES.v.0,surprise,small,spread_ticks,40,31.0,1.2258064516129032,1.0,1.0
ES.v.0,surprise,small,spread_ticks,41,31.0,1.2580645161290323,1.0,1.0
ES.v.0,surprise,small,spread_ticks,42,31.0,1.2903225806451613,1.0,2.0
ES.v.0,surprise,small,spread_ticks,43,31.0,1.2580645161290323,1.0,1.0
ES.v.0,surprise,small,spread_ticks,44,31.0,1.2258064516129032,1.0,1.0
ES.v.0,surprise,small,spread_ticks,45,31.0,1.2580645161290323,1.0,1.0
ES.v.0,surprise,small,spread_ticks,46,31.0,1.2903225806451613,1.0,1.5
ES.v.0,surprise,small,spread_ticks,47,31.0,1.2580645161290323,1.0,1.5
ES.v.0,surprise,small,spread_ticks,48,31.0,1.1935483870967742,1.0,1.0
ES.v.0,surprise,small,spread_ticks,49,31.0,1.2903225806451613,1.0,2.0
ES.v.0,surprise,small,spread_ticks,50,31.0,1.1290322580645162,1.0,1.0
ES.v.0,surprise,small,spread_ticks,51,31.0,1.2258064516129032,1.0,1.0
ES.v.0,surprise,small,spread_ticks,52,31.0,1.1935483870967742,1.0,1.0
ES.v.0,surprise,small,spread_ticks,53,31.0,1.1612903225806452,1.0,1.0
ES.v.0,surprise,small,spread_ticks,54,31.0,1.1290322580645162,1.0,1.0
ES.v.0,surprise,small,spread_ticks,55,31.0,1.1935483870967742,1.0,1.0
ES.v.0,surprise,small,spread_ticks,56,31.0,1.096774193548387,1.0,1.0
ES.v.0,surprise,small,spread_ticks,57,31.0,1.1935483870967742,1.0,1.0
ES.v.0,surprise,small,spread_ticks,58,31.0,1.1612903225806452,1.0,1.0
ES.v.0,surprise,small,spread_ticks,59,31.0,1.064516129032258,1.0,1.0
ES.v.0,surprise,small,spread_ticks,60,31.0,1.064516129032258,1.0,1.0
ES.v.0,surprise,small,spread_ticks,61,31.0,1.1935483870967742,1.0,1.0
ES.v.0,surprise,small,spread_ticks,62,31.0,1.1612903225806452,1.0,1.0
ES.v.0,surprise,small,spread_ticks,63,31.0,1.2258064516129032,1.0,1.0
ES.v.0,surprise,small,spread_ticks,64,31.0,1.2258064516129032,1.0,1.0
ES.v.0,surprise,small,spread_ticks,65,31.0,1.2258064516129032,1.0,1.0
ES.v.0,surprise,small,spread_ticks,66,31.0,1.096774193548387,1.0,1.0
ES.v.0,surprise,small,spread_ticks,67,31.0,1.1290322580645162,1.0,1.0
ES.v.0,surprise,small,spread_ticks,68,31.0,1.1612903225806452,1.0,1.0
ES.v.0,surprise,small,spread_ticks,69,31.0,1.064516129032258,1.0,1.0
ES.v.0,surprise,small,spread_ticks,70,31.0,1.1612903225806452,1.0,1.0
ES.v.0,surprise,small,spread_ticks,71,31.0,1.1612903225806452,1.0,1.0
ES.v.0,surprise,small,spread_ticks,72,31.0,1.064516129032258,1.0,1.0
ES.v.0,surprise,small,spread_ticks,73,31.0,1.1290322580645162,1.0,1.0
ES.v.0,surprise,small,spread_ticks,74,31.0,1.1935483870967742,1.0,1.0
ES.v.0,surprise,small,spread_ticks,75,31.0,1.096774193548387,1.0,1.0
ES.v.0,surprise,small,spread_ticks,76,31.0,1.1935483870967742,1.0,1.0
ES.v.0,surprise,small,spread_ticks,77,31.0,1.1290322580645162,1.0,1.0
ES.v.0,surprise,small,spread_ticks,78,31.0,1.1935483870967742,1.0,1.0
ES.v.0,surprise,small,spread_ticks,79,31.0,1.1935483870967742,1.0,1.0
ES.v.0,surprise,small,spread_ticks,80,31.0,1.1290322580645162,1.0,1.0
ES.v.0,surprise,small,spread_ticks,81,31.0,1.1290322580645162,1.0,1.0
ES.v.0,surprise,small,spread_ticks,82,31.0,1.1935483870967742,1.0,1.0
ES.v.0,surprise,small,spread_ticks,83,31.0,1.1290322580645162,1.0,1.0
ES.v.0,surprise,small,spread_ticks,84,31.0,1.096774193548387,1.0,1.0
ES.v.0,surprise,small,spread_ticks,85,31.0,1.032258064516129,1.0,1.0
ES.v.0,surprise,small,spread_ticks,86,31.0,1.1290322580645162,1.0,1.0
ES.v.0,surprise,small,spread_ticks,87,31.0,1.064516129032258,1.0,1.0
ES.v.0,surprise,small,spread_ticks,88,31.0,1.1290322580645162,1.0,1.0
ES.v.0,surprise,small,spread_ticks,89,31.0,1.1290322580645162,1.0,1.0
ES.v.0,surprise,small,spread_ticks,90,31.0,1.1290322580645162,1.0,1.0
ES.v.0,surprise,small,spread_ticks,91,31.0,1.096774193548387,1.0,1.0
ES.v.0,surprise,small,spread_ticks,92,31.0,1.064516129032258,1.0,1.0
ES.v.0,surprise,small,spread_ticks,93,31.0,1.064516129032258,1.0,1.0
ES.v.0,surprise,small,spread_ticks,94,31.0,1.1290322580645162,1.0,1.0
ES.v.0,surprise,small,spread_ticks,95,31.0,1.096774193548387,1.0,1.0
ES.v.0,surprise,small,spread_ticks,96,31.0,1.096774193548387,1.0,1.0
ES.v.0,surprise,small,spread_ticks,97,31.0,1.032258064516129,1.0,1.0
ES.v.0,surprise,small,spread_ticks,98,31.0,1.064516129032258,1.0,1.0
ES.v.0,surprise,small,spread_ticks,99,31.0,1.096774193548387,1.0,1.0
ES.v.0,surprise,small,spread_ticks,100,31.0,1.064516129032258,1.0,1.0
ES.v.0,surprise,small,spread_ticks,101,31.0,1.1612903225806452,1.0,1.0
ES.v.0,surprise,small,spread_ticks,102,31.0,1.096774193548387,1.0,1.0
ES.v.0,surprise,small,spread_ticks,103,31.0,1.032258064516129,1.0,1.0
ES.v.0,surprise,small,spread_ticks,104,31.0,1.064516129032258,1.0,1.0
ES.v.0,surprise,small,spread_ticks,105,31.0,1.1290322580645162,1.0,1.0
ES.v.0,surprise,small,spread_ticks,106,31.0,1.064516129032258,1.0,1.0
ES.v.0,surprise,small,spread_ticks,107,31.0,1.1290322580645162,1.0,1.0
ES.v.0,surprise,small,spread_ticks,108,31.0,1.096774193548387,1.0,1.0
ES.v.0,surprise,small,spread_ticks,109,31.0,1.2258064516129032,1.0,1.0
ES.v.0,surprise,small,spread_ticks,110,31.0,1.096774193548387,1.0,1.0
ES.v.0,surprise,small,spread_ticks,111,31.0,1.1612903225806452,1.0,1.0
ES.v.0,surprise,small,spread_ticks,112,31.0,1.096774193548387,1.0,1.0
ES.v.0,surprise,small,spread_ticks,113,31.0,1.096774193548387,1.0,1.0
ES.v.0,surprise,small,spread_ticks,114,31.0,1.1290322580645162,1.0,1.0
ES.v.0,surprise,small,spread_ticks,115,31.0,1.1290322580645162,1.0,1.0
ES.v.0,surprise,small,spread_ticks,116,31.0,1.2580645161290323,1.0,1.5
ES.v.0,surprise,small,spread_ticks,117,31.0,1.032258064516129,1.0,1.0
ES.v.0,surprise,small,spread_ticks,118,31.0,1.1290322580645162,1.0,1.0
ES.v.0,surprise,small,spread_ticks,119,31.0,1.1290322580645162,1.0,1.0
ES.v.0,surprise,small,spread_ticks,120,31.0,1.1290322580645162,1.0,1.0
NQ.v.0,action,cut,spread_ticks,-60,8.0,8.0,2.0,8.75
NQ.v.0,action,cut,spread_ticks,-59,8.0,7.875,2.5,8.5
NQ.v.0,action,cut,spread_ticks,-58,8.0,8.125,2.75,8.75
NQ.v.0,action,cut,spread_ticks,-57,8.0,7.5,2.75,7.5
NQ.v.0,action,cut,spread_ticks,-56,8.0,7.75,3.0,7.25
NQ.v.0,action,cut,spread_ticks,-55,8.0,7.875,3.0,8.25
NQ.v.0,action,cut,spread_ticks,-54,8.0,6.25,3.0,6.75
NQ.v.0,action,cut,spread_ticks,-53,8.0,6.75,2.0,5.25
NQ.v.0,action,cut,spread_ticks,-52,8.0,7.5,3.0,7.25
NQ.v.0,action,cut,spread_ticks,-51,8.0,8.5,3.75,8.75
NQ.v.0,action,cut,spread_ticks,-50,8.0,8.0,3.0,8.5
NQ.v.0,action,cut,spread_ticks,-49,8.0,8.125,2.0,9.0
NQ.v.0,action,cut,spread_ticks,-48,8.0,7.75,2.0,7.75
NQ.v.0,action,cut,spread_ticks,-47,8.0,9.25,2.75,12.0
NQ.v.0,action,cut,spread_ticks,-46,8.0,7.375,3.0,9.0
NQ.v.0,action,cut,spread_ticks,-45,8.0,6.5,2.75,6.25
NQ.v.0,action,cut,spread_ticks,-44,8.0,7.25,2.0,9.5
NQ.v.0,action,cut,spread_ticks,-43,8.0,6.875,2.75,7.5
NQ.v.0,action,cut,spread_ticks,-42,8.0,6.75,3.5,7.0
NQ.v.0,action,cut,spread_ticks,-41,8.0,8.0,2.0,15.0
NQ.v.0,action,cut,spread_ticks,-40,8.0,8.0,3.0,12.5
NQ.v.0,action,cut,spread_ticks,-39,8.0,8.0,2.75,11.25
NQ.v.0,action,cut,spread_ticks,-38,8.0,7.875,2.75,10.5
NQ.v.0,action,cut,spread_ticks,-37,8.0,7.5,3.0,9.0
NQ.v.0,action,cut,spread_ticks,-36,8.0,6.75,2.0,8.75
NQ.v.0,action,cut,spread_ticks,-35,8.0,7.0,2.0,8.75
NQ.v.0,action,cut,spread_ticks,-34,8.0,6.75,3.0,8.0
NQ.v.0,action,cut,spread_ticks,-33,8.0,6.25,2.0,8.25
NQ.v.0,action,cut,spread_ticks,-32,8.0,7.25,1.75,8.5
NQ.v.0,action,cut,spread_ticks,-31,8.0,7.375,2.0,8.5
NQ.v.0,action,cut,spread_ticks,-30,8.0,7.25,2.0,8.75
NQ.v.0,action,cut,spread_ticks,-29,8.0,7.625,3.5,7.25
NQ.v.0,action,cut,spread_ticks,-28,8.0,8.75,2.75,10.25
NQ.v.0,action,cut,spread_ticks,-27,8.0,8.5,4.5,8.5
NQ.v.0,action,cut,spread_ticks,-26,8.0,8.375,2.75,10.5
NQ.v.0,action,cut,spread_ticks,-25,8.0,8.75,3.75,10.25
NQ.v.0,action,cut,spread_ticks,-24,8.0,7.5,3.75,7.0
NQ.v.0,action,cut,spread_ticks,-23,8.0,8.0,3.75,10.25
NQ.v.0,action,cut,spread_ticks,-22,8.0,8.5,3.75,13.25
NQ.v.0,action,cut,spread_ticks,-21,8.0,6.875,2.75,9.0
NQ.v.0,action,cut,spread_ticks,-20,8.0,7.25,2.0,13.25
NQ.v.0,action,cut,spread_ticks,-19,8.0,9.375,2.0,15.75
NQ.v.0,action,cut,spread_ticks,-18,8.0,9.0,2.75,11.5
NQ.v.0,action,cut,spread_ticks,-17,8.0,9.25,2.0,12.5
NQ.v.0,action,cut,spread_ticks,-16,8.0,9.125,2.75,13.75
NQ.v.0,action,cut,spread_ticks,-15,8.0,10.625,2.75,12.75
NQ.v.0,action,cut,spread_ticks,-14,8.0,10.125,3.75,11.5
NQ.v.0,action,cut,spread_ticks,-13,8.0,9.875,3.75,10.5
NQ.v.0,action,cut,spread_ticks,-12,8.0,11.125,3.75,13.75
NQ.v.0,action,cut,spread_ticks,-11,8.0,10.625,2.0,16.0
NQ.v.0,action,cut,spread_ticks,-10,8.0,11.625,3.75,16.0
NQ.v.0,action,cut,spread_ticks,-9,8.0,13.375,2.0,18.25
NQ.v.0,action,cut,spread_ticks,-8,8.0,14.375,4.75,16.75
NQ.v.0,action,cut,spread_ticks,-7,8.0,12.25,4.25,14.0
NQ.v.0,action,cut,spread_ticks,-6,8.0,14.5,5.75,20.0
NQ.v.0,action,cut,spread_ticks,-5,8.0,15.125,3.0,20.75
NQ.v.0,action,cut,spread_ticks,-4,8.0,14.75,3.0,20.5
NQ.v.0,action,cut,spread_ticks,-3,8.0,16.25,2.75,22.75
NQ.v.0,action,cut,spread_ticks,-2,8.0,13.75,3.75,20.5
NQ.v.0,action,cut,spread_ticks,-1,8.0,14.625,3.75,19.75
NQ.v.0,action,cut,spread_ticks,0,8.0,14.625,3.75,24.25
NQ.v.0,action,cut,spread_ticks,1,8.0,21.125,6.0,29.25
NQ.v.0,action,cut,spread_ticks,2,8.0,46.625,5.5,70.25
NQ.v.0,action,cut,spread_ticks,3,8.0,28.5,4.75,44.25
NQ.v.0,action,cut,spread_ticks,4,8.0,29.0,3.0,39.25
NQ.v.0,action,cut,spread_ticks,5,8.0,21.75,6.5,24.75
NQ.v.0,action,cut,spread_ticks,6,8.0,17.875,4.75,24.5
NQ.v.0,action,cut,spread_ticks,7,8.0,17.0,5.5,20.25
NQ.v.0,action,cut,spread_ticks,8,8.0,12.75,3.0,20.25
NQ.v.0,action,cut,spread_ticks,9,8.0,17.5,4.75,26.25
NQ.v.0,action,cut,spread_ticks,10,8.0,17.0,6.25,22.75
NQ.v.0,action,cut,spread_ticks,11,8.0,20.75,4.0,26.0
NQ.v.0,action,cut,spread_ticks,12,8.0,18.375,9.0,21.75
NQ.v.0,action,cut,spread_ticks,13,8.0,13.625,8.5,16.0
NQ.v.0,action,cut,spread_ticks,14,8.0,15.25,3.75,25.25
NQ.v.0,action,cut,spread_ticks,15,8.0,13.25,6.75,17.5
NQ.v.0,action,cut,spread_ticks,16,8.0,15.625,6.5,27.75
NQ.v.0,action,cut,spread_ticks,17,8.0,17.875,7.75,29.25
NQ.v.0,action,cut,spread_ticks,18,8.0,15.0,4.75,19.25
NQ.v.0,action,cut,spread_ticks,19,8.0,12.125,5.25,19.25
NQ.v.0,action,cut,spread_ticks,20,8.0,15.0,4.5,20.25
NQ.v.0,action,cut,spread_ticks,21,8.0,12.875,6.25,17.0
NQ.v.0,action,cut,spread_ticks,22,8.0,14.625,4.75,21.25
NQ.v.0,action,cut,spread_ticks,23,8.0,15.625,4.5,23.25
NQ.v.0,action,cut,spread_ticks,24,8.0,12.5,3.0,18.0
NQ.v.0,action,cut,spread_ticks,25,8.0,14.125,5.0,23.75
NQ.v.0,action,cut,spread_ticks,26,8.0,14.25,6.0,18.75
NQ.v.0,action,cut,spread_ticks,27,8.0,15.125,7.0,20.0
NQ.v.0,action,cut,spread_ticks,28,8.0,14.25,3.75,19.5
NQ.v.0,action,cut,spread_ticks,29,8.0,13.75,6.75,18.25
NQ.v.0,action,cut,spread_ticks,30,8.0,12.75,5.5,18.5
NQ.v.0,action,cut,spread_ticks,31,8.0,10.0,3.75,14.75
NQ.v.0,action,cut,spread_ticks,32,8.0,10.375,5.75,13.25
NQ.v.0,action,cut,spread_ticks,33,8.0,10.125,4.75,14.5
NQ.v.0,action,cut,spread_ticks,34,8.0,9.375,6.5,11.25
NQ.v.0,action,cut,spread_ticks,35,8.0,7.25,4.5,10.0
NQ.v.0,action,cut,spread_ticks,36,8.0,10.75,6.0,14.0
NQ.v.0,action,cut,spread_ticks,37,8.0,9.5,5.0,16.25
NQ.v.0,action,cut,spread_ticks,38,8.0,9.375,4.5,16.5
NQ.v.0,action,cut,spread_ticks,39,8.0,8.5,4.0,14.25
NQ.v.0,action,cut,spread_ticks,40,8.0,9.25,4.0,14.0
NQ.v.0,action,cut,spread_ticks,41,8.0,8.625,3.5,11.5
NQ.v.0,action,cut,spread_ticks,42,8.0,6.5,4.5,8.25
NQ.v.0,action,cut,spread_ticks,43,8.0,10.25,4.0,10.5
NQ.v.0,action,cut,spread_ticks,44,8.0,7.25,4.5,8.0
NQ.v.0,action,cut,spread_ticks,45,8.0,8.875,3.5,14.5
NQ.v.0,action,cut,spread_ticks,46,8.0,8.5,4.5,13.5
NQ.v.0,action,cut,spread_ticks,47,8.0,9.75,3.0,12.75
NQ.v.0,action,cut,spread_ticks,48,8.0,10.5,3.5,16.0
NQ.v.0,action,cut,spread_ticks,49,8.0,8.125,2.0,12.0
NQ.v.0,action,cut,spread_ticks,50,8.0,8.75,4.25,11.25
NQ.v.0,action,cut,spread_ticks,51,8.0,7.5,3.0,10.0
NQ.v.0,action,cut,spread_ticks,52,8.0,8.5,3.0,11.25
NQ.v.0,action,cut,spread_ticks,53,8.0,8.0,4.75,10.5
NQ.v.0,action,cut,spread_ticks,54,8.0,7.5,3.75,11.0
NQ.v.0,action,cut,spread_ticks,55,8.0,8.125,2.75,14.25
NQ.v.0,action,cut,spread_ticks,56,8.0,7.5,2.75,11.0
NQ.v.0,action,cut,spread_ticks,57,8.0,7.0,2.0,9.25
NQ.v.0,action,cut,spread_ticks,58,8.0,9.0,2.75,11.5
NQ.v.0,action,cut,spread_ticks,59,8.0,9.5,2.0,14.5
NQ.v.0,action,cut,spread_ticks,60,8.0,8.75,2.0,11.0
NQ.v.0,action,cut,spread_ticks,61,8.0,8.25,2.75,12.25
NQ.v.0,action,cut,spread_ticks,62,8.0,9.5,2.75,12.5
NQ.v.0,action,cut,spread_ticks,63,8.0,8.0,2.75,10.5
NQ.v.0,action,cut,spread_ticks,64,8.0,7.375,2.0,13.25
NQ.v.0,action,cut,spread_ticks,65,8.0,9.625,2.75,13.25
NQ.v.0,action,cut,spread_ticks,66,8.0,8.625,2.0,11.25
NQ.v.0,action,cut,spread_ticks,67,8.0,6.5,1.75,9.0
NQ.v.0,action,cut,spread_ticks,68,8.0,7.0,2.0,10.75
NQ.v.0,action,cut,spread_ticks,69,8.0,7.625,2.0,10.75
NQ.v.0,action,cut,spread_ticks,70,8.0,6.875,2.0,10.0
NQ.v.0,action,cut,spread_ticks,71,8.0,7.625,2.0,10.25
NQ.v.0,action,cut,spread_ticks,72,8.0,7.25,2.75,12.0
NQ.v.0,action,cut,spread_ticks,73,8.0,7.75,2.0,10.0
NQ.v.0,action,cut,spread_ticks,74,8.0,7.75,2.75,11.25
NQ.v.0,action,cut,spread_ticks,75,8.0,6.75,2.0,9.25
NQ.v.0,action,cut,spread_ticks,76,8.0,8.0,2.75,11.25
NQ.v.0,action,cut,spread_ticks,77,8.0,7.625,2.75,11.0
NQ.v.0,action,cut,spread_ticks,78,8.0,6.75,1.75,10.75
NQ.v.0,action,cut,spread_ticks,79,8.0,6.5,2.0,9.25
NQ.v.0,action,cut,spread_ticks,80,8.0,6.0,2.0,8.5
NQ.v.0,action,cut,spread_ticks,81,8.0,6.25,2.75,9.25
NQ.v.0,action,cut,spread_ticks,82,8.0,7.75,2.0,11.5
NQ.v.0,action,cut,spread_ticks,83,8.0,6.0,2.75,8.5
NQ.v.0,action,cut,spread_ticks,84,8.0,8.0,4.25,14.0
NQ.v.0,action,cut,spread_ticks,85,8.0,7.0,3.0,10.5
NQ.v.0,action,cut,spread_ticks,86,8.0,6.25,2.5,8.25
NQ.v.0,action,cut,spread_ticks,87,8.0,6.875,2.0,10.75
NQ.v.0,action,cut,spread_ticks,88,8.0,6.75,3.25,11.5
NQ.v.0,action,cut,spread_ticks,89,8.0,6.75,4.25,8.75
NQ.v.0,action,cut,spread_ticks,90,8.0,7.25,4.5,10.0
NQ.v.0,action,cut,spread_ticks,91,8.0,6.25,3.5,8.25
NQ.v.0,action,cut,spread_ticks,92,8.0,5.875,1.75,7.0
NQ.v.0,action,cut,spread_ticks,93,8.0,5.375,2.0,7.5
NQ.v.0,action,cut,spread_ticks,94,8.0,5.625,2.0,7.25
NQ.v.0,action,cut,spread_ticks,95,8.0,6.0,2.75,7.5
NQ.v.0,action,cut,spread_ticks,96,8.0,5.75,2.0,8.0
NQ.v.0,action,cut,spread_ticks,97,8.0,6.625,2.75,8.25
NQ.v.0,action,cut,spread_ticks,98,8.0,6.0,2.0,7.5
NQ.v.0,action,cut,spread_ticks,99,8.0,5.875,2.5,8.0
NQ.v.0,action,cut,spread_ticks,100,8.0,5.125,2.0,7.5
NQ.v.0,action,cut,spread_ticks,101,8.0,5.625,3.0,7.0
NQ.v.0,action,cut,spread_ticks,102,8.0,5.125,2.0,6.75
NQ.v.0,action,cut,spread_ticks,103,8.0,5.625,2.75,7.25
NQ.v.0,action,cut,spread_ticks,104,8.0,5.25,3.0,6.75
NQ.v.0,action,cut,spread_ticks,105,8.0,5.5,3.75,6.5
NQ.v.0,action,cut,spread_ticks,106,8.0,5.125,2.0,7.0
NQ.v.0,action,cut,spread_ticks,107,8.0,5.25,2.0,6.25
NQ.v.0,action,cut,spread_ticks,108,8.0,5.125,2.0,6.75
NQ.v.0,action,cut,spread_ticks,109,8.0,5.125,2.75,5.75
NQ.v.0,action,cut,spread_ticks,110,8.0,5.5,3.0,6.75
NQ.v.0,action,cut,spread_ticks,111,8.0,4.75,1.75,5.5
NQ.v.0,action,cut,spread_ticks,112,8.0,5.5,2.75,7.25
NQ.v.0,action,cut,spread_ticks,113,8.0,5.0,2.0,6.25
NQ.v.0,action,cut,spread_ticks,114,8.0,5.5,2.0,6.75
NQ.v.0,action,cut,spread_ticks,115,8.0,5.5,3.0,7.0
NQ.v.0,action,cut,spread_ticks,116,8.0,4.875,2.0,6.5
NQ.v.0,action,cut,spread_ticks,117,8.0,4.875,2.0,6.0
NQ.v.0,action,cut,spread_ticks,118,8.0,5.25,2.0,6.0
NQ.v.0,action,cut,spread_ticks,119,8.0,5.0,2.0,5.25
NQ.v.0,action,cut,spread_ticks,120,8.0,5.375,2.0,5.75
NQ.v.0,action,hike,spread_ticks,-60,21.0,4.523809523809524,2.0,7.0
NQ.v.0,action,hike,spread_ticks,-59,21.0,4.380952380952381,3.0,6.0
NQ.v.0,action,hike,spread_ticks,-58,21.0,4.714285714285714,2.0,6.0
NQ.v.0,action,hike,spread_ticks,-57,21.0,3.9523809523809526,2.0,5.0
NQ.v.0,action,hike,spread_ticks,-56,21.0,4.285714285714286,2.0,5.0
NQ.v.0,action,hike,spread_ticks,-55,21.0,4.476190476190476,2.0,5.0
NQ.v.0,action,hike,spread_ticks,-54,21.0,4.714285714285714,2.0,7.0
NQ.v.0,action,hike,spread_ticks,-53,21.0,4.9523809523809526,3.0,7.0
NQ.v.0,action,hike,spread_ticks,-52,21.0,4.857142857142857,3.0,6.0
NQ.v.0,action,hike,spread_ticks,-51,21.0,4.666666666666667,2.0,7.0
NQ.v.0,action,hike,spread_ticks,-50,21.0,5.190476190476191,3.0,6.0
NQ.v.0,action,hike,spread_ticks,-49,21.0,4.285714285714286,2.0,6.0
NQ.v.0,action,hike,spread_ticks,-48,21.0,4.857142857142857,2.0,6.0
NQ.v.0,action,hike,spread_ticks,-47,21.0,5.285714285714286,2.0,8.0
NQ.v.0,action,hike,spread_ticks,-46,21.0,5.285714285714286,2.0,7.0
NQ.v.0,action,hike,spread_ticks,-45,21.0,5.857142857142857,4.0,7.0
NQ.v.0,action,hike,spread_ticks,-44,21.0,5.142857142857143,3.0,7.0
NQ.v.0,action,hike,spread_ticks,-43,21.0,5.523809523809524,3.0,7.0
NQ.v.0,action,hike,spread_ticks,-42,21.0,5.238095238095238,3.0,8.0
NQ.v.0,action,hike,spread_ticks,-41,21.0,4.714285714285714,3.0,6.0
NQ.v.0,action,hike,spread_ticks,-40,21.0,5.0,3.0,7.0
NQ.v.0,action,hike,spread_ticks,-39,21.0,5.0,3.0,6.0
NQ.v.0,action,hike,spread_ticks,-38,21.0,4.9523809523809526,3.0,7.0
NQ.v.0,action,hike,spread_ticks,-37,21.0,4.857142857142857,3.0,6.0
NQ.v.0,action,hike,spread_ticks,-36,21.0,4.571428571428571,3.0,5.0
NQ.v.0,action,hike,spread_ticks,-35,21.0,5.809523809523809,3.0,8.0
NQ.v.0,action,hike,spread_ticks,-34,21.0,5.142857142857143,3.0,6.0
NQ.v.0,action,hike,spread_ticks,-33,21.0,5.666666666666667,3.0,7.0
NQ.v.0,action,hike,spread_ticks,-32,21.0,5.142857142857143,3.0,8.0
NQ.v.0,action,hike,spread_ticks,-31,21.0,5.190476190476191,3.0,7.0
NQ.v.0,action,hike,spread_ticks,-30,21.0,5.619047619047619,3.0,8.0
NQ.v.0,action,hike,spread_ticks,-29,21.0,5.238095238095238,2.0,8.0
NQ.v.0,action,hike,spread_ticks,-28,21.0,4.904761904761905,2.0,7.0
NQ.v.0,action,hike,spread_ticks,-27,21.0,5.285714285714286,2.0,6.0
NQ.v.0,action,hike,spread_ticks,-26,21.0,4.666666666666667,2.0,6.0
NQ.v.0,action,hike,spread_ticks,-25,21.0,4.904761904761905,2.0,7.0
NQ.v.0,action,hike,spread_ticks,-24,21.0,5.428571428571429,3.0,8.0
NQ.v.0,action,hike,spread_ticks,-23,21.0,4.714285714285714,2.0,7.0
NQ.v.0,action,hike,spread_ticks,-22,21.0,5.571428571428571,2.0,8.0
NQ.v.0,action,hike,spread_ticks,-21,21.0,5.619047619047619,2.0,8.0
NQ.v.0,action,hike,spread_ticks,-20,21.0,5.761904761904762,3.0,8.0
NQ.v.0,action,hike,spread_ticks,-19,21.0,5.428571428571429,3.0,8.0
NQ.v.0,action,hike,spread_ticks,-18,21.0,5.476190476190476,3.0,7.0
NQ.v.0,action,hike,spread_ticks,-17,21.0,5.476190476190476,3.0,7.0
NQ.v.0,action,hike,spread_ticks,-16,21.0,6.142857142857143,4.0,8.0
NQ.v.0,action,hike,spread_ticks,-15,21.0,6.428571428571429,3.0,9.0
NQ.v.0,action,hike,spread_ticks,-14,21.0,5.571428571428571,3.0,7.0
NQ.v.0,action,hike,spread_ticks,-13,21.0,5.619047619047619,3.0,7.0
NQ.v.0,action,hike,spread_ticks,-12,21.0,4.9523809523809526,3.0,6.0
NQ.v.0,action,hike,spread_ticks,-11,21.0,5.190476190476191,3.0,7.0
NQ.v.0,action,hike,spread_ticks,-10,21.0,5.857142857142857,3.0,7.0
NQ.v.0,action,hike,spread_ticks,-9,21.0,6.285714285714286,4.0,8.0
NQ.v.0,action,hike,spread_ticks,-8,21.0,5.857142857142857,3.0,8.0
NQ.v.0,action,hike,spread_ticks,-7,21.0,7.523809523809524,3.0,12.0
NQ.v.0,action,hike,spread_ticks,-6,21.0,6.666666666666667,3.0,8.0
NQ.v.0,action,hike,spread_ticks,-5,21.0,6.619047619047619,3.0,10.0
NQ.v.0,action,hike,spread_ticks,-4,21.0,9.142857142857142,4.0,10.0
NQ.v.0,action,hike,spread_ticks,-3,21.0,7.809523809523809,3.0,10.0
NQ.v.0,action,hike,spread_ticks,-2,21.0,7.761904761904762,4.0,8.0
NQ.v.0,action,hike,spread_ticks,-1,21.0,8.238095238095237,3.0,8.0
NQ.v.0,action,hike,spread_ticks,0,21.0,9.047619047619047,5.0,10.0
NQ.v.0,action,hike,spread_ticks,1,21.0,12.285714285714286,4.0,18.0
NQ.v.0,action,hike,spread_ticks,2,21.0,14.047619047619047,5.0,15.0
NQ.v.0,action,hike,spread_ticks,3,21.0,13.19047619047619,5.0,18.0
NQ.v.0,action,hike,spread_ticks,4,21.0,14.904761904761905,5.0,23.0
NQ.v.0,action,hike,spread_ticks,5,21.0,11.761904761904763,5.0,17.0
NQ.v.0,action,hike,spread_ticks,6,21.0,11.0,5.0,14.0
NQ.v.0,action,hike,spread_ticks,7,21.0,18.61904761904762,4.0,13.0
NQ.v.0,action,hike,spread_ticks,8,21.0,11.238095238095237,4.0,12.0
NQ.v.0,action,hike,spread_ticks,9,21.0,12.428571428571429,5.0,15.0
NQ.v.0,action,hike,spread_ticks,10,21.0,9.857142857142858,3.0,15.0
NQ.v.0,action,hike,spread_ticks,11,21.0,11.619047619047619,4.0,15.0
NQ.v.0,action,hike,spread_ticks,12,21.0,12.380952380952381,4.0,16.0
NQ.v.0,action,hike,spread_ticks,13,21.0,10.238095238095237,3.0,14.0
NQ.v.0,action,hike,spread_ticks,14,21.0,9.285714285714286,3.0,13.0
NQ.v.0,action,hike,spread_ticks,15,21.0,9.80952380952381,4.0,12.0
NQ.v.0,action,hike,spread_ticks,16,21.0,8.619047619047619,3.0,11.0
NQ.v.0,action,hike,spread_ticks,17,21.0,9.80952380952381,4.0,14.0
NQ.v.0,action,hike,spread_ticks,18,21.0,10.095238095238095,4.0,15.0
NQ.v.0,action,hike,spread_ticks,19,21.0,9.666666666666666,5.0,11.0
NQ.v.0,action,hike,spread_ticks,20,21.0,9.095238095238095,3.0,15.0
NQ.v.0,action,hike,spread_ticks,21,21.0,8.571428571428571,4.0,12.0
NQ.v.0,action,hike,spread_ticks,22,21.0,9.047619047619047,3.0,13.0
NQ.v.0,action,hike,spread_ticks,23,21.0,8.714285714285714,4.0,11.0
NQ.v.0,action,hike,spread_ticks,24,21.0,8.619047619047619,3.0,12.0
NQ.v.0,action,hike,spread_ticks,25,21.0,7.142857142857143,3.0,10.0
NQ.v.0,action,hike,spread_ticks,26,21.0,8.142857142857142,3.0,11.0
NQ.v.0,action,hike,spread_ticks,27,21.0,7.333333333333333,3.0,11.0
NQ.v.0,action,hike,spread_ticks,28,21.0,8.333333333333334,4.0,12.0
NQ.v.0,action,hike,spread_ticks,29,21.0,7.904761904761905,4.0,12.0
NQ.v.0,action,hike,spread_ticks,30,21.0,7.428571428571429,4.0,10.0
NQ.v.0,action,hike,spread_ticks,31,21.0,6.333333333333333,2.0,9.0
NQ.v.0,action,hike,spread_ticks,32,21.0,5.761904761904762,2.0,8.0
NQ.v.0,action,hike,spread_ticks,33,21.0,6.142857142857143,3.0,9.0
NQ.v.0,action,hike,spread_ticks,34,21.0,5.857142857142857,3.0,8.0
NQ.v.0,action,hike,spread_ticks,35,21.0,5.571428571428571,2.0,8.0
NQ.v.0,action,hike,spread_ticks,36,21.0,5.666666666666667,2.0,8.0
NQ.v.0,action,hike,spread_ticks,37,21.0,5.428571428571429,3.0,9.0
NQ.v.0,action,hike,spread_ticks,38,21.0,5.9523809523809526,2.0,7.0
NQ.v.0,action,hike,spread_ticks,39,21.0,5.523809523809524,3.0,7.0
NQ.v.0,action,hike,spread_ticks,40,21.0,5.428571428571429,2.0,8.0
NQ.v.0,action,hike,spread_ticks,41,21.0,5.142857142857143,2.0,7.0
NQ.v.0,action,hike,spread_ticks,42,21.0,5.714285714285714,2.0,8.0
NQ.v.0,action,hike,spread_ticks,43,21.0,4.9523809523809526,2.0,6.0
NQ.v.0,action,hike,spread_ticks,44,21.0,5.0476190476190474,2.0,6.0
NQ.v.0,action,hike,spread_ticks,45,21.0,5.0,3.0,7.0
NQ.v.0,action,hike,spread_ticks,46,21.0,5.476190476190476,2.0,7.0
NQ.v.0,action,hike,spread_ticks,47,21.0,5.285714285714286,3.0,7.0
NQ.v.0,action,hike,spread_ticks,48,21.0,5.095238095238095,2.0,7.0
NQ.v.0,action,hike,spread_ticks,49,21.0,4.9523809523809526,2.0,8.0
NQ.v.0,action,hike,spread_ticks,50,21.0,5.333333333333333,3.0,7.0
NQ.v.0,action,hike,spread_ticks,51,21.0,5.0,3.0,7.0
NQ.v.0,action,hike,spread_ticks,52,21.0,4.809523809523809,2.0,6.0
NQ.v.0,action,hike,spread_ticks,53,21.0,4.761904761904762,2.0,6.0
NQ.v.0,action,hike,spread_ticks,54,21.0,5.809523809523809,2.0,7.0
NQ.v.0,action,hike,spread_ticks,55,21.0,4.523809523809524,3.0,5.0
NQ.v.0,action,hike,spread_ticks,56,21.0,4.904761904761905,2.0,7.0
NQ.v.0,action,hike,spread_ticks,57,21.0,5.571428571428571,2.0,7.0
NQ.v.0,action,hike,spread_ticks,58,21.0,5.238095238095238,3.0,7.0
NQ.v.0,action,hike,spread_ticks,59,21.0,5.476190476190476,3.0,6.0
NQ.v.0,action,hike,spread_ticks,60,21.0,5.523809523809524,2.0,8.0
NQ.v.0,action,hike,spread_ticks,61,21.0,4.523809523809524,2.0,5.0
NQ.v.0,action,hike,spread_ticks,62,21.0,5.238095238095238,2.0,7.0
NQ.v.0,action,hike,spread_ticks,63,21.0,4.9523809523809526,3.0,5.0
NQ.v.0,action,hike,spread_ticks,64,21.0,5.666666666666667,3.0,7.0
NQ.v.0,action,hike,spread_ticks,65,21.0,4.190476190476191,2.0,5.0
NQ.v.0,action,hike,spread_ticks,66,21.0,4.809523809523809,2.0,6.0
NQ.v.0,action,hike,spread_ticks,67,21.0,4.619047619047619,2.0,7.0
NQ.v.0,action,hike,spread_ticks,68,21.0,4.714285714285714,3.0,6.0
NQ.v.0,action,hike,spread_ticks,69,21.0,4.714285714285714,2.0,7.0
NQ.v.0,action,hike,spread_ticks,70,21.0,4.9523809523809526,3.0,7.0
NQ.v.0,action,hike,spread_ticks,71,21.0,5.380952380952381,2.0,7.0
NQ.v.0,action,hike,spread_ticks,72,21.0,5.095238095238095,2.0,7.0
NQ.v.0,action,hike,spread_ticks,73,21.0,5.333333333333333,2.0,6.0
NQ.v.0,action,hike,spread_ticks,74,21.0,4.809523809523809,2.0,6.0
NQ.v.0,action,hike,spread_ticks,75,21.0,5.0,2.0,7.0
NQ.v.0,action,hike,spread_ticks,76,21.0,4.142857142857143,2.0,5.0
NQ.v.0,action,hike,spread_ticks,77,21.0,4.809523809523809,2.0,7.0
NQ.v.0,action,hike,spread_ticks,78,21.0,4.238095238095238,3.0,5.0
NQ.v.0,action,hike,spread_ticks,79,21.0,4.095238095238095,2.0,5.0
NQ.v.0,action,hike,spread_ticks,80,21.0,4.666666666666667,2.0,6.0
NQ.v.0,action,hike,spread_ticks,81,21.0,4.571428571428571,2.0,6.0
NQ.v.0,action,hike,spread_ticks,82,21.0,4.523809523809524,3.0,6.0
NQ.v.0,action,hike,spread_ticks,83,21.0,4.095238095238095,2.0,5.0
NQ.v.0,action,hike,spread_ticks,84,21.0,4.666666666666667,2.0,6.0
NQ.v.0,action,hike,spread_ticks,85,21.0,4.285714285714286,2.0,5.0
NQ.v.0,action,hike,spread_ticks,86,21.0,4.857142857142857,2.0,6.0
NQ.v.0,action,hike,spread_ticks,87,21.0,4.428571428571429,2.0,5.0
NQ.v.0,action,hike,spread_ticks,88,21.0,4.380952380952381,2.0,5.0
NQ.v.0,action,hike,spread_ticks,89,21.0,5.238095238095238,2.0,6.0
NQ.v.0,action,hike,spread_ticks,90,21.0,4.809523809523809,2.0,6.0
NQ.v.0,action,hike,spread_ticks,91,21.0,3.9523809523809526,2.0,5.0
NQ.v.0,action,hike,spread_ticks,92,21.0,4.571428571428571,2.0,7.0
NQ.v.0,action,hike,spread_ticks,93,21.0,4.666666666666667,3.0,7.0
NQ.v.0,action,hike,spread_ticks,94,21.0,4.0476190476190474,2.0,5.0
NQ.v.0,action,hike,spread_ticks,95,21.0,4.190476190476191,2.0,6.0
NQ.v.0,action,hike,spread_ticks,96,21.0,4.0476190476190474,2.0,6.0
NQ.v.0,action,hike,spread_ticks,97,21.0,4.380952380952381,2.0,6.0
NQ.v.0,action,hike,spread_ticks,98,21.0,4.380952380952381,2.0,5.0
NQ.v.0,action,hike,spread_ticks,99,21.0,3.6666666666666665,2.0,5.0
NQ.v.0,action,hike,spread_ticks,100,21.0,3.619047619047619,2.0,4.0
NQ.v.0,action,hike,spread_ticks,101,21.0,4.0,2.0,5.0
NQ.v.0,action,hike,spread_ticks,102,21.0,3.238095238095238,2.0,4.0
NQ.v.0,action,hike,spread_ticks,103,21.0,3.7142857142857144,2.0,5.0
NQ.v.0,action,hike,spread_ticks,104,21.0,3.8095238095238093,3.0,5.0
NQ.v.0,action,hike,spread_ticks,105,21.0,3.857142857142857,2.0,5.0
NQ.v.0,action,hike,spread_ticks,106,21.0,4.142857142857143,2.0,6.0
NQ.v.0,action,hike,spread_ticks,107,21.0,3.8095238095238093,2.0,5.0
NQ.v.0,action,hike,spread_ticks,108,21.0,3.6666666666666665,2.0,5.0
NQ.v.0,action,hike,spread_ticks,109,21.0,3.2857142857142856,2.0,4.0
NQ.v.0,action,hike,spread_ticks,110,21.0,3.8095238095238093,2.0,5.0
NQ.v.0,action,hike,spread_ticks,111,21.0,3.3333333333333335,2.0,5.0
NQ.v.0,action,hike,spread_ticks,112,21.0,3.9047619047619047,2.0,5.0
NQ.v.0,action,hike,spread_ticks,113,21.0,3.8095238095238093,2.0,6.0
NQ.v.0,action,hike,spread_ticks,114,21.0,3.9523809523809526,2.0,5.0
NQ.v.0,action,hike,spread_ticks,115,21.0,3.3333333333333335,2.0,5.0
NQ.v.0,action,hike,spread_ticks,116,21.0,4.619047619047619,2.0,5.0
NQ.v.0,action,hike,spread_ticks,117,21.0,3.6666666666666665,2.0,4.0
NQ.v.0,action,hike,spread_ticks,118,21.0,3.6666666666666665,2.0,5.0
NQ.v.0,action,hike,spread_ticks,119,21.0,3.142857142857143,1.0,4.0
NQ.v.0,action,hike,spread_ticks,120,21.0,3.8095238095238093,2.0,5.0
NQ.v.0,action,hold,spread_ticks,-60,63.0,4.158730158730159,2.0,5.0
NQ.v.0,action,hold,spread_ticks,-59,63.0,3.873015873015873,2.0,4.5
NQ.v.0,action,hold,spread_ticks,-58,63.0,4.253968253968254,2.0,5.0
NQ.v.0,action,hold,spread_ticks,-57,63.0,4.0476190476190474,2.0,5.0
NQ.v.0,action,hold,spread_ticks,-56,63.0,3.7777777777777777,2.0,5.0
NQ.v.0,action,hold,spread_ticks,-55,63.0,3.7777777777777777,2.0,5.0
NQ.v.0,action,hold,spread_ticks,-54,63.0,3.857142857142857,2.0,5.0
NQ.v.0,action,hold,spread_ticks,-53,63.0,4.063492063492063,2.0,5.0
NQ.v.0,action,hold,spread_ticks,-52,63.0,4.063492063492063,2.0,5.0
NQ.v.0,action,hold,spread_ticks,-51,63.0,3.9047619047619047,2.0,5.0
NQ.v.0,action,hold,spread_ticks,-50,63.0,4.555555555555555,2.0,6.0
NQ.v.0,action,hold,spread_ticks,-49,63.0,4.396825396825397,2.0,5.5
NQ.v.0,action,hold,spread_ticks,-48,63.0,4.301587301587301,2.0,6.0
NQ.v.0,action,hold,spread_ticks,-47,63.0,4.603174603174603,2.0,6.0
NQ.v.0,action,hold,spread_ticks,-46,63.0,4.444444444444445,2.0,6.0
NQ.v.0,action,hold,spread_ticks,-45,63.0,4.2063492063492065,2.0,5.0
NQ.v.0,action,hold,spread_ticks,-44,63.0,4.190476190476191,2.0,5.0
NQ.v.0,action,hold,spread_ticks,-43,63.0,4.476190476190476,3.0,6.0
NQ.v.0,action,hold,spread_ticks,-42,63.0,4.492063492063492,3.0,6.0
NQ.v.0,action,hold,spread_ticks,-41,63.0,4.301587301587301,2.0,5.0
NQ.v.0,action,hold,spread_ticks,-40,63.0,4.158730158730159,2.0,6.0
NQ.v.0,action,hold,spread_ticks,-39,63.0,4.285714285714286,2.0,5.0
NQ.v.0,action,hold,spread_ticks,-38,63.0,3.9047619047619047,2.0,5.0
NQ.v.0,action,hold,spread_ticks,-37,63.0,4.190476190476191,2.0,5.0
NQ.v.0,action,hold,spread_ticks,-36,63.0,4.301587301587301,2.5,5.0
NQ.v.0,action,hold,spread_ticks,-35,63.0,4.222222222222222,2.5,5.0
NQ.v.0,action,hold,spread_ticks,-34,63.0,4.095238095238095,3.0,5.0
NQ.v.0,action,hold,spread_ticks,-33,63.0,3.7777777777777777,2.0,5.0
NQ.v.0,action,hold,spread_ticks,-32,63.0,4.428571428571429,2.0,5.0
NQ.v.0,action,hold,spread_ticks,-31,63.0,4.333333333333333,2.0,6.0
NQ.v.0,action,hold,spread_ticks,-30,63.0,4.349206349206349,3.0,6.0
NQ.v.0,action,hold,spread_ticks,-29,63.0,3.9206349206349205,2.0,5.5
NQ.v.0,action,hold,spread_ticks,-28,63.0,4.444444444444445,2.0,5.0
NQ.v.0,action,hold,spread_ticks,-27,63.0,4.476190476190476,2.0,6.0
NQ.v.0,action,hold,spread_ticks,-26,63.0,4.349206349206349,2.5,5.5
NQ.v.0,action,hold,spread_ticks,-25,63.0,4.111111111111111,2.5,5.0
NQ.v.0,action,hold,spread_ticks,-24,63.0,4.253968253968254,2.0,6.0
NQ.v.0,action,hold,spread_ticks,-23,63.0,4.333333333333333,2.0,6.0
NQ.v.0,action,hold,spread_ticks,-22,63.0,4.396825396825397,2.5,6.0
NQ.v.0,action,hold,spread_ticks,-21,63.0,4.507936507936508,2.5,5.0
NQ.v.0,action,hold,spread_ticks,-20,63.0,4.650793650793651,2.0,7.0
NQ.v.0,action,hold,spread_ticks,-19,63.0,4.7936507936507935,2.0,7.0
NQ.v.0,action,hold,spread_ticks,-18,63.0,4.714285714285714,2.0,6.0
NQ.v.0,action,hold,spread_ticks,-17,63.0,4.968253968253968,2.0,6.0
NQ.v.0,action,hold,spread_ticks,-16,63.0,5.0,2.0,6.5
NQ.v.0,action,hold,spread_ticks,-15,63.0,4.920634920634921,2.0,6.5
NQ.v.0,action,hold,spread_ticks,-14,63.0,4.936507936507937,2.0,6.5
NQ.v.0,action,hold,spread_ticks,-13,63.0,5.253968253968254,3.0,6.5
NQ.v.0,action,hold,spread_ticks,-12,63.0,5.0,2.0,6.0
NQ.v.0,action,hold,spread_ticks,-11,63.0,4.666666666666667,3.0,6.0
NQ.v.0,action,hold,spread_ticks,-10,63.0,4.619047619047619,2.0,5.0
NQ.v.0,action,hold,spread_ticks,-9,63.0,4.809523809523809,2.0,6.0
NQ.v.0,action,hold,spread_ticks,-8,63.0,5.507936507936508,2.5,7.0
NQ.v.0,action,hold,spread_ticks,-7,63.0,5.317460317460317,3.0,7.0
NQ.v.0,action,hold,spread_ticks,-6,63.0,5.396825396825397,3.0,7.0
NQ.v.0,action,hold,spread_ticks,-5,63.0,5.285714285714286,3.0,6.0
NQ.v.0,action,hold,spread_ticks,-4,63.0,6.349206349206349,3.0,8.0
NQ.v.0,action,hold,spread_ticks,-3,63.0,6.396825396825397,3.0,7.0
NQ.v.0,action,hold,spread_ticks,-2,63.0,6.507936507936508,3.0,8.0
NQ.v.0,action,hold,spread_ticks,-1,63.0,6.904761904761905,3.0,9.0
NQ.v.0,action,hold,spread_ticks,0,63.0,8.158730158730158,3.0,9.5
NQ.v.0,action,hold,spread_ticks,1,63.0,13.65079365079365,4.0,13.0
NQ.v.0,action,hold,spread_ticks,2,63.0,14.412698412698413,3.0,14.0
NQ.v.0,action,hold,spread_ticks,3,63.0,12.682539682539682,3.0,13.5
NQ.v.0,action,hold,spread_ticks,4,63.0,12.555555555555555,3.0,14.0
NQ.v.0,action,hold,spread_ticks,5,63.0,10.174603174603174,3.0,11.0
NQ.v.0,action,hold,spread_ticks,6,63.0,10.682539682539682,3.0,10.0
NQ.v.0,action,hold,spread_ticks,7,63.0,10.793650793650794,3.0,9.5
NQ.v.0,action,hold,spread_ticks,8,63.0,9.253968253968255,3.0,12.0
NQ.v.0,action,hold,spread_ticks,9,63.0,9.65079365079365,3.0,11.0
NQ.v.0,action,hold,spread_ticks,10,63.0,9.88888888888889,4.0,11.0
NQ.v.0,action,hold,spread_ticks,11,63.0,9.063492063492063,3.5,11.0
NQ.v.0,action,hold,spread_ticks,12,63.0,8.206349206349206,3.0,9.5
NQ.v.0,action,hold,spread_ticks,13,63.0,8.555555555555555,3.0,10.5
NQ.v.0,action,hold,spread_ticks,14,63.0,8.619047619047619,3.0,9.0
NQ.v.0,action,hold,spread_ticks,15,63.0,8.873015873015873,3.0,9.0
NQ.v.0,action,hold,spread_ticks,16,63.0,9.365079365079366,3.0,10.0
NQ.v.0,action,hold,spread_ticks,17,63.0,8.412698412698413,3.0,9.0
NQ.v.0,action,hold,spread_ticks,18,63.0,7.349206349206349,3.0,10.5
NQ.v.0,action,hold,spread_ticks,19,63.0,8.333333333333334,3.0,9.0
NQ.v.0,action,hold,spread_ticks,20,63.0,8.841269841269842,3.5,10.5
NQ.v.0,action,hold,spread_ticks,21,63.0,7.5396825396825395,3.0,10.0
NQ.v.0,action,hold,spread_ticks,22,63.0,7.873015873015873,3.0,8.0
NQ.v.0,action,hold,spread_ticks,23,63.0,7.920634920634921,3.0,9.0
NQ.v.0,action,hold,spread_ticks,24,63.0,8.0,3.0,9.0
NQ.v.0,action,hold,spread_ticks,25,63.0,7.555555555555555,3.0,9.5
NQ.v.0,action,hold,spread_ticks,26,63.0,7.476190476190476,3.0,7.0
NQ.v.0,action,hold,spread_ticks,27,63.0,7.412698412698413,3.0,8.0
NQ.v.0,action,hold,spread_ticks,28,63.0,7.603174603174603,3.0,8.0
NQ.v.0,action,hold,spread_ticks,29,63.0,7.063492063492063,3.0,9.0
NQ.v.0,action,hold,spread_ticks,30,63.0,6.920634920634921,3.0,9.5
NQ.v.0,action,hold,spread_ticks,31,63.0,4.873015873015873,2.0,5.0
NQ.v.0,action,hold,spread_ticks,32,63.0,5.222222222222222,2.0,5.0
NQ.v.0,action,hold,spread_ticks,33,63.0,5.079365079365079,2.0,5.5
NQ.v.0,action,hold,spread_ticks,34,63.0,4.619047619047619,2.0,5.0
NQ.v.0,action,hold,spread_ticks,35,63.0,5.031746031746032,2.0,6.0
NQ.v.0,action,hold,spread_ticks,36,63.0,5.015873015873016,2.0,6.0
NQ.v.0,action,hold,spread_ticks,37,63.0,4.380952380952381,2.0,5.0
NQ.v.0,action,hold,spread_ticks,38,63.0,4.619047619047619,2.0,5.0
NQ.v.0,action,hold,spread_ticks,39,63.0,4.809523809523809,2.0,6.0
NQ.v.0,action,hold,spread_ticks,40,63.0,4.555555555555555,2.0,5.5
NQ.v.0,action,hold,spread_ticks,41,63.0,4.222222222222222,2.0,5.0
NQ.v.0,action,hold,spread_ticks,42,63.0,4.26984126984127,2.0,5.0
NQ.v.0,action,hold,spread_ticks,43,63.0,4.317460317460317,2.0,5.5
NQ.v.0,action,hold,spread_ticks,44,63.0,4.238095238095238,2.0,5.0
NQ.v.0,action,hold,spread_ticks,45,63.0,4.492063492063492,2.0,5.0
NQ.v.0,action,hold,spread_ticks,46,63.0,4.317460317460317,2.0,5.5
NQ.v.0,action,hold,spread_ticks,47,63.0,4.619047619047619,2.0,5.0
NQ.v.0,action,hold,spread_ticks,48,63.0,4.349206349206349,2.0,5.0
NQ.v.0,action,hold,spread_ticks,49,63.0,4.095238095238095,2.0,5.0
NQ.v.0,action,hold,spread_ticks,50,63.0,4.349206349206349,2.0,5.0
NQ.v.0,action,hold,spread_ticks,51,63.0,4.285714285714286,2.0,5.0
NQ.v.0,action,hold,spread_ticks,52,63.0,4.4603174603174605,2.0,5.0
NQ.v.0,action,hold,spread_ticks,53,63.0,3.984126984126984,2.0,4.0
NQ.v.0,action,hold,spread_ticks,54,63.0,4.746031746031746,2.0,5.0
NQ.v.0,action,hold,spread_ticks,55,63.0,4.476190476190476,2.0,5.0
NQ.v.0,action,hold,spread_ticks,56,63.0,4.428571428571429,2.0,5.0
NQ.v.0,action,hold,spread_ticks,57,63.0,4.095238095238095,2.0,5.0
NQ.v.0,action,hold,spread_ticks,58,63.0,4.412698412698413,2.0,5.0
NQ.v.0,action,hold,spread_ticks,59,63.0,4.253968253968254,2.0,5.0
NQ.v.0,action,hold,spread_ticks,60,63.0,4.190476190476191,2.0,5.0
NQ.v.0,action,hold,spread_ticks,61,63.0,4.063492063492063,2.0,5.0
NQ.v.0,action,hold,spread_ticks,62,63.0,4.222222222222222,2.0,5.0
NQ.v.0,action,hold,spread_ticks,63,63.0,4.063492063492063,2.0,5.0
NQ.v.0,action,hold,spread_ticks,64,63.0,4.317460317460317,2.0,5.0
NQ.v.0,action,hold,spread_ticks,65,63.0,4.015873015873016,2.0,5.0
NQ.v.0,action,hold,spread_ticks,66,63.0,4.0476190476190474,2.0,4.5
NQ.v.0,action,hold,spread_ticks,67,63.0,4.095238095238095,2.0,5.0
NQ.v.0,action,hold,spread_ticks,68,63.0,3.9682539682539684,2.0,4.0
NQ.v.0,action,hold,spread_ticks,69,63.0,3.9682539682539684,2.0,4.5
NQ.v.0,action,hold,spread_ticks,70,63.0,3.984126984126984,2.0,5.0
NQ.v.0,action,hold,spread_ticks,71,63.0,3.984126984126984,2.0,4.0
NQ.v.0,action,hold,spread_ticks,72,63.0,3.9682539682539684,2.0,4.5
NQ.v.0,action,hold,spread_ticks,73,63.0,3.857142857142857,2.0,4.0
NQ.v.0,action,hold,spread_ticks,74,63.0,3.7301587301587302,2.0,4.0
NQ.v.0,action,hold,spread_ticks,75,63.0,3.873015873015873,2.0,5.0
NQ.v.0,action,hold,spread_ticks,76,63.0,3.9523809523809526,2.0,4.0
NQ.v.0,action,hold,spread_ticks,77,63.0,3.6507936507936507,2.0,4.0
NQ.v.0,action,hold,spread_ticks,78,63.0,3.7777777777777777,2.0,4.5
NQ.v.0,action,hold,spread_ticks,79,63.0,4.0,2.0,5.0
NQ.v.0,action,hold,spread_ticks,80,63.0,3.873015873015873,2.0,5.0
NQ.v.0,action,hold,spread_ticks,81,63.0,3.857142857142857,2.0,4.5
NQ.v.0,action,hold,spread_ticks,82,63.0,3.9206349206349205,2.0,4.5
NQ.v.0,action,hold,spread_ticks,83,63.0,3.6825396825396823,2.0,4.0
NQ.v.0,action,hold,spread_ticks,84,63.0,3.7142857142857144,2.0,4.0
NQ.v.0,action,hold,spread_ticks,85,63.0,3.6825396825396823,2.0,4.0
NQ.v.0,action,hold,spread_ticks,86,63.0,3.8095238095238093,2.0,4.0
NQ.v.0,action,hold,spread_ticks,87,63.0,3.857142857142857,2.0,5.0
NQ.v.0,action,hold,spread_ticks,88,63.0,3.5396825396825395,2.0,4.0
NQ.v.0,action,hold,spread_ticks,89,63.0,3.984126984126984,2.0,5.0
NQ.v.0,action,hold,spread_ticks,90,63.0,3.7777777777777777,2.0,4.5
NQ.v.0,action,hold,spread_ticks,91,63.0,3.761904761904762,2.0,4.0
NQ.v.0,action,hold,spread_ticks,92,63.0,3.5396825396825395,2.0,4.0
NQ.v.0,action,hold,spread_ticks,93,63.0,3.4603174603174605,2.0,4.0
NQ.v.0,action,hold,spread_ticks,94,63.0,3.238095238095238,2.0,4.0
NQ.v.0,action,hold,spread_ticks,95,63.0,3.3015873015873014,2.0,4.0
NQ.v.0,action,hold,spread_ticks,96,63.0,3.3333333333333335,2.0,4.0
NQ.v.0,action,hold,spread_ticks,97,63.0,3.2222222222222223,2.0,4.0
NQ.v.0,action,hold,spread_ticks,98,63.0,3.3333333333333335,2.0,4.0
NQ.v.0,action,hold,spread_ticks,99,63.0,3.2063492063492065,2.0,4.0
NQ.v.0,action,hold,spread_ticks,100,63.0,3.4444444444444446,2.0,4.0
NQ.v.0,action,hold,spread_ticks,101,63.0,3.3015873015873014,2.0,4.0
NQ.v.0,action,hold,spread_ticks,102,63.0,3.2698412698412698,2.0,3.0
NQ.v.0,action,hold,spread_ticks,103,63.0,3.4285714285714284,2.0,4.0
NQ.v.0,action,hold,spread_ticks,104,63.0,3.3174603174603177,2.0,4.0
NQ.v.0,action,hold,spread_ticks,105,63.0,3.2063492063492065,2.0,4.0
NQ.v.0,action,hold,spread_ticks,106,63.0,3.2857142857142856,2.0,4.0
NQ.v.0,action,hold,spread_ticks,107,63.0,3.238095238095238,2.0,4.0
NQ.v.0,action,hold,spread_ticks,108,63.0,3.0952380952380953,2.0,4.0
NQ.v.0,action,hold,spread_ticks,109,63.0,3.3174603174603177,2.0,4.0
NQ.v.0,action,hold,spread_ticks,110,63.0,3.0634920634920637,2.0,4.0
NQ.v.0,action,hold,spread_ticks,111,63.0,3.2222222222222223,2.0,4.0
NQ.v.0,action,hold,spread_ticks,112,63.0,3.0634920634920637,2.0,4.0
NQ.v.0,action,hold,spread_ticks,113,63.0,3.0634920634920637,2.0,4.0
NQ.v.0,action,hold,spread_ticks,114,63.0,3.253968253968254,2.0,4.0
NQ.v.0,action,hold,spread_ticks,115,63.0,3.0317460317460316,2.0,3.5
NQ.v.0,action,hold,spread_ticks,116,63.0,3.015873015873016,2.0,4.0
NQ.v.0,action,hold,spread_ticks,117,63.0,3.0793650793650795,2.0,3.5
NQ.v.0,action,hold,spread_ticks,118,63.0,2.9523809523809526,2.0,3.5
NQ.v.0,action,hold,spread_ticks,119,63.0,3.126984126984127,2.0,3.0
NQ.v.0,action,hold,spread_ticks,120,63.0,2.9682539682539684,2.0,3.0
NQ.v.0,action_x_surprise,cut|large,spread_ticks,-60,4.0,12.5,2.75,18.25
NQ.v.0,action_x_surprise,cut|large,spread_ticks,-59,4.0,11.75,2.5,17.25
NQ.v.0,action_x_surprise,cut|large,spread_ticks,-58,4.0,12.0,2.0,18.0
NQ.v.0,action_x_surprise,cut|large,spread_ticks,-57,4.0,10.75,2.5,14.25
NQ.v.0,action_x_surprise,cut|large,spread_ticks,-56,4.0,10.75,2.75,13.5
NQ.v.0,action_x_surprise,cut|large,spread_ticks,-55,4.0,10.5,3.75,12.75
NQ.v.0,action_x_surprise,cut|large,spread_ticks,-54,4.0,8.5,3.75,11.25
NQ.v.0,action_x_surprise,cut|large,spread_ticks,-53,4.0,10.5,2.75,13.75
NQ.v.0,action_x_surprise,cut|large,spread_ticks,-52,4.0,11.25,3.75,15.0
NQ.v.0,action_x_surprise,cut|large,spread_ticks,-51,4.0,11.5,3.75,15.25
NQ.v.0,action_x_surprise,cut|large,spread_ticks,-50,4.0,11.25,3.75,16.0
NQ.v.0,action_x_surprise,cut|large,spread_ticks,-49,4.0,12.75,2.0,20.75
NQ.v.0,action_x_surprise,cut|large,spread_ticks,-48,4.0,11.5,2.75,15.25
NQ.v.0,action_x_surprise,cut|large,spread_ticks,-47,4.0,12.5,2.0,19.0
NQ.v.0,action_x_surprise,cut|large,spread_ticks,-46,4.0,10.25,3.5,16.25
NQ.v.0,action_x_surprise,cut|large,spread_ticks,-45,4.0,10.0,3.25,15.25
NQ.v.0,action_x_surprise,cut|large,spread_ticks,-44,4.0,9.75,1.75,16.0
NQ.v.0,action_x_surprise,cut|large,spread_ticks,-43,4.0,8.75,3.5,10.75
NQ.v.0,action_x_surprise,cut|large,spread_ticks,-42,4.0,9.25,5.5,10.75
NQ.v.0,action_x_surprise,cut|large,spread_ticks,-41,4.0,10.75,3.5,16.75
NQ.v.0,action_x_surprise,cut|large,spread_ticks,-40,4.0,10.5,3.5,16.0
NQ.v.0,action_x_surprise,cut|large,spread_ticks,-39,4.0,10.25,2.0,16.75
NQ.v.0,action_x_surprise,cut|large,spread_ticks,-38,4.0,11.25,2.75,19.0
NQ.v.0,action_x_surprise,cut|large,spread_ticks,-37,4.0,10.75,3.5,16.75
NQ.v.0,action_x_surprise,cut|large,spread_ticks,-36,4.0,9.5,2.0,15.5
NQ.v.0,action_x_surprise,cut|large,spread_ticks,-35,4.0,10.0,3.5,15.5
NQ.v.0,action_x_surprise,cut|large,spread_ticks,-34,4.0,9.75,3.0,15.25
NQ.v.0,action_x_surprise,cut|large,spread_ticks,-33,4.0,8.0,1.75,13.25
NQ.v.0,action_x_surprise,cut|large,spread_ticks,-32,4.0,10.75,1.75,19.5
NQ.v.0,action_x_surprise,cut|large,spread_ticks,-31,4.0,11.0,2.0,19.5
NQ.v.0,action_x_surprise,cut|large,spread_ticks,-30,4.0,11.0,1.75,20.25
NQ.v.0,action_x_surprise,cut|large,spread_ticks,-29,4.0,11.0,4.0,15.0
NQ.v.0,action_x_surprise,cut|large,spread_ticks,-28,4.0,13.25,3.5,21.75
NQ.v.0,action_x_surprise,cut|large,spread_ticks,-27,4.0,12.0,4.5,16.5
NQ.v.0,action_x_surprise,cut|large,spread_ticks,-26,4.0,12.25,4.25,19.5
NQ.v.0,action_x_surprise,cut|large,spread_ticks,-25,4.0,12.5,4.5,19.0
NQ.v.0,action_x_surprise,cut|large,spread_ticks,-24,4.0,11.0,3.75,15.75
NQ.v.0,action_x_surprise,cut|large,spread_ticks,-23,4.0,10.5,4.0,13.5
NQ.v.0,action_x_surprise,cut|large,spread_ticks,-22,4.0,11.25,3.75,16.5
NQ.v.0,action_x_surprise,cut|large,spread_ticks,-21,4.0,10.25,4.5,15.75
NQ.v.0,action_x_surprise,cut|large,spread_ticks,-20,4.0,9.25,2.75,15.0
NQ.v.0,action_x_surprise,cut|large,spread_ticks,-19,4.0,12.25,2.75,21.5
NQ.v.0,action_x_surprise,cut|large,spread_ticks,-18,4.0,12.75,3.0,20.75
NQ.v.0,action_x_surprise,cut|large,spread_ticks,-17,4.0,14.25,2.5,26.25
NQ.v.0,action_x_surprise,cut|large,spread_ticks,-16,4.0,12.75,2.75,22.5
NQ.v.0,action_x_surprise,cut|large,spread_ticks,-15,4.0,14.5,4.25,21.75
NQ.v.0,action_x_surprise,cut|large,spread_ticks,-14,4.0,13.25,3.75,18.0
NQ.v.0,action_x_surprise,cut|large,spread_ticks,-13,4.0,14.0,3.75,21.25
NQ.v.0,action_x_surprise,cut|large,spread_ticks,-12,4.0,16.25,3.5,28.75
NQ.v.0,action_x_surprise,cut|large,spread_ticks,-11,4.0,15.75,2.0,28.75
NQ.v.0,action_x_surprise,cut|large,spread_ticks,-10,4.0,16.0,3.0,25.5
NQ.v.0,action_x_surprise,cut|large,spread_ticks,-9,4.0,21.5,2.0,40.5
NQ.v.0,action_x_surprise,cut|large,spread_ticks,-8,4.0,22.25,4.25,40.5
NQ.v.0,action_x_surprise,cut|large,spread_ticks,-7,4.0,17.5,4.25,27.25
NQ.v.0,action_x_surprise,cut|large,spread_ticks,-6,4.0,20.25,5.0,35.75
NQ.v.0,action_x_surprise,cut|large,spread_ticks,-5,4.0,23.5,3.0,41.0
NQ.v.0,action_x_surprise,cut|large,spread_ticks,-4,4.0,20.75,3.75,37.5
NQ.v.0,action_x_surprise,cut|large,spread_ticks,-3,4.0,24.0,3.5,44.0
NQ.v.0,action_x_surprise,cut|large,spread_ticks,-2,4.0,18.5,3.5,29.5
NQ.v.0,action_x_surprise,cut|large,spread_ticks,-1,4.0,20.25,3.25,31.5
NQ.v.0,action_x_surprise,cut|large,spread_ticks,0,4.0,14.75,3.5,25.75
NQ.v.0,action_x_surprise,cut|large,spread_ticks,1,4.0,16.25,6.0,26.25
NQ.v.0,action_x_surprise,cut|large,spread_ticks,2,4.0,64.0,5.5,121.0
NQ.v.0,action_x_surprise,cut|large,spread_ticks,3,4.0,33.75,4.5,61.75
NQ.v.0,action_x_surprise,cut|large,spread_ticks,4,4.0,35.5,2.75,58.75
NQ.v.0,action_x_surprise,cut|large,spread_ticks,5,4.0,25.5,6.5,37.5
NQ.v.0,action_x_surprise,cut|large,spread_ticks,6,4.0,22.25,4.75,37.5
NQ.v.0,action_x_surprise,cut|large,spread_ticks,7,4.0,20.75,5.25,29.0
NQ.v.0,action_x_surprise,cut|large,spread_ticks,8,4.0,11.5,2.75,20.25
NQ.v.0,action_x_surprise,cut|large,spread_ticks,9,4.0,20.5,4.75,31.25
NQ.v.0,action_x_surprise,cut|large,spread_ticks,10,4.0,22.25,6.25,35.0
NQ.v.0,action_x_surprise,cut|large,spread_ticks,11,4.0,28.0,4.0,46.5
NQ.v.0,action_x_surprise,cut|large,spread_ticks,12,4.0,24.25,9.0,35.25
NQ.v.0,action_x_surprise,cut|large,spread_ticks,13,4.0,17.5,8.5,23.0
NQ.v.0,action_x_surprise,cut|large,spread_ticks,14,4.0,18.0,3.75,32.25
NQ.v.0,action_x_surprise,cut|large,spread_ticks,15,4.0,16.5,6.75,25.75
NQ.v.0,action_x_surprise,cut|large,spread_ticks,16,4.0,17.25,6.5,27.75
NQ.v.0,action_x_surprise,cut|large,spread_ticks,17,4.0,19.25,7.75,31.0
NQ.v.0,action_x_surprise,cut|large,spread_ticks,18,4.0,17.0,4.5,26.5
NQ.v.0,action_x_surprise,cut|large,spread_ticks,19,4.0,12.5,5.25,19.75
NQ.v.0,action_x_surprise,cut|large,spread_ticks,20,4.0,18.75,4.0,33.75
NQ.v.0,action_x_surprise,cut|large,spread_ticks,21,4.0,14.5,6.25,23.25
NQ.v.0,action_x_surprise,cut|large,spread_ticks,22,4.0,18.5,5.75,29.75
NQ.v.0,action_x_surprise,cut|large,spread_ticks,23,4.0,19.0,4.5,32.0
NQ.v.0,action_x_surprise,cut|large,spread_ticks,24,4.0,15.5,3.0,26.0
NQ.v.0,action_x_surprise,cut|large,spread_ticks,25,4.0,18.0,5.0,28.5
NQ.v.0,action_x_surprise,cut|large,spread_ticks,26,4.0,14.75,6.0,20.75
NQ.v.0,action_x_surprise,cut|large,spread_ticks,27,4.0,15.0,7.0,20.0
NQ.v.0,action_x_surprise,cut|large,spread_ticks,28,4.0,17.75,3.75,31.0
NQ.v.0,action_x_surprise,cut|large,spread_ticks,29,4.0,15.0,6.75,20.75
NQ.v.0,action_x_surprise,cut|large,spread_ticks,30,4.0,15.5,5.5,23.0
NQ.v.0,action_x_surprise,cut|large,spread_ticks,31,4.0,12.5,3.75,20.75
NQ.v.0,action_x_surprise,cut|large,spread_ticks,32,4.0,13.0,5.5,19.0
NQ.v.0,action_x_surprise,cut|large,spread_ticks,33,4.0,13.5,4.75,20.75
NQ.v.0,action_x_surprise,cut|large,spread_ticks,34,4.0,11.75,6.5,16.25
NQ.v.0,action_x_surprise,cut|large,spread_ticks,35,4.0,8.5,5.25,11.25
NQ.v.0,action_x_surprise,cut|large,spread_ticks,36,4.0,13.25,6.0,20.25
NQ.v.0,action_x_surprise,cut|large,spread_ticks,37,4.0,11.25,5.75,16.5
NQ.v.0,action_x_surprise,cut|large,spread_ticks,38,4.0,11.0,4.5,18.0
NQ.v.0,action_x_surprise,cut|large,spread_ticks,39,4.0,10.0,4.0,15.5
NQ.v.0,action_x_surprise,cut|large,spread_ticks,40,4.0,12.0,4.0,20.0
NQ.v.0,action_x_surprise,cut|large,spread_ticks,41,4.0,11.25,5.75,17.0
NQ.v.0,action_x_surprise,cut|large,spread_ticks,42,4.0,6.0,4.5,7.5
NQ.v.0,action_x_surprise,cut|large,spread_ticks,43,4.0,13.5,4.75,15.75
NQ.v.0,action_x_surprise,cut|large,spread_ticks,44,4.0,9.0,4.5,11.0
NQ.v.0,action_x_surprise,cut|large,spread_ticks,45,4.0,9.25,3.5,14.75
NQ.v.0,action_x_surprise,cut|large,spread_ticks,46,4.0,10.0,4.5,15.5
NQ.v.0,action_x_surprise,cut|large,spread_ticks,47,4.0,13.75,3.75,19.5
NQ.v.0,action_x_surprise,cut|large,spread_ticks,48,4.0,12.25,3.5,18.75
NQ.v.0,action_x_surprise,cut|large,spread_ticks,49,4.0,9.0,2.0,15.5
NQ.v.0,action_x_surprise,cut|large,spread_ticks,50,4.0,11.0,4.25,18.25
NQ.v.0,action_x_surprise,cut|large,spread_ticks,51,4.0,8.75,3.0,12.25
NQ.v.0,action_x_surprise,cut|large,spread_ticks,52,4.0,10.5,3.0,15.0
NQ.v.0,action_x_surprise,cut|large,spread_ticks,53,4.0,10.0,4.75,15.25
NQ.v.0,action_x_surprise,cut|large,spread_ticks,54,4.0,8.5,4.5,12.0
NQ.v.0,action_x_surprise,cut|large,spread_ticks,55,4.0,8.5,2.75,14.25
NQ.v.0,action_x_surprise,cut|large,spread_ticks,56,4.0,9.0,2.75,14.75
NQ.v.0,action_x_surprise,cut|large,spread_ticks,57,4.0,7.75,2.0,11.25
NQ.v.0,action_x_surprise,cut|large,spread_ticks,58,4.0,11.0,2.75,16.25
NQ.v.0,action_x_surprise,cut|large,spread_ticks,59,4.0,11.75,2.0,20.25
NQ.v.0,action_x_surprise,cut|large,spread_ticks,60,4.0,11.0,1.75,17.25
NQ.v.0,action_x_surprise,cut|large,spread_ticks,61,4.0,10.5,2.75,17.25
NQ.v.0,action_x_surprise,cut|large,spread_ticks,62,4.0,11.75,2.75,19.0
NQ.v.0,action_x_surprise,cut|large,spread_ticks,63,4.0,10.0,2.75,16.25
NQ.v.0,action_x_surprise,cut|large,spread_ticks,64,4.0,8.0,2.0,14.0
NQ.v.0,action_x_surprise,cut|large,spread_ticks,65,4.0,12.25,2.75,21.0
NQ.v.0,action_x_surprise,cut|large,spread_ticks,66,4.0,11.25,2.0,19.25
NQ.v.0,action_x_surprise,cut|large,spread_ticks,67,4.0,7.5,1.75,12.75
NQ.v.0,action_x_surprise,cut|large,spread_ticks,68,4.0,7.5,2.0,13.0
NQ.v.0,action_x_surprise,cut|large,spread_ticks,69,4.0,9.25,1.75,16.5
NQ.v.0,action_x_surprise,cut|large,spread_ticks,70,4.0,8.25,2.0,13.75
NQ.v.0,action_x_surprise,cut|large,spread_ticks,71,4.0,8.25,2.0,12.75
NQ.v.0,action_x_surprise,cut|large,spread_ticks,72,4.0,8.0,2.75,12.75
NQ.v.0,action_x_surprise,cut|large,spread_ticks,73,4.0,10.0,2.0,17.0
NQ.v.0,action_x_surprise,cut|large,spread_ticks,74,4.0,9.25,2.75,15.5
NQ.v.0,action_x_surprise,cut|large,spread_ticks,75,4.0,8.0,2.0,13.5
NQ.v.0,action_x_surprise,cut|large,spread_ticks,76,4.0,9.5,2.75,15.75
NQ.v.0,action_x_surprise,cut|large,spread_ticks,77,4.0,8.75,2.75,14.5
NQ.v.0,action_x_surprise,cut|large,spread_ticks,78,4.0,7.75,1.75,13.5
NQ.v.0,action_x_surprise,cut|large,spread_ticks,79,4.0,7.75,2.0,13.25
NQ.v.0,action_x_surprise,cut|large,spread_ticks,80,4.0,6.25,2.0,9.25
NQ.v.0,action_x_surprise,cut|large,spread_ticks,81,4.0,6.75,2.5,10.75
NQ.v.0,action_x_surprise,cut|large,spread_ticks,82,4.0,8.75,2.0,14.25
NQ.v.0,action_x_surprise,cut|large,spread_ticks,83,4.0,7.0,2.75,10.75
NQ.v.0,action_x_surprise,cut|large,spread_ticks,84,4.0,9.0,4.25,14.25
NQ.v.0,action_x_surprise,cut|large,spread_ticks,85,4.0,7.5,3.0,12.0
NQ.v.0,action_x_surprise,cut|large,spread_ticks,86,4.0,7.5,2.5,11.0
NQ.v.0,action_x_surprise,cut|large,spread_ticks,87,4.0,8.25,2.0,13.75
NQ.v.0,action_x_surprise,cut|large,spread_ticks,88,4.0,7.75,3.25,13.0
NQ.v.0,action_x_surprise,cut|large,spread_ticks,89,4.0,8.25,4.25,12.0
NQ.v.0,action_x_surprise,cut|large,spread_ticks,90,4.0,8.5,4.5,13.0
NQ.v.0,action_x_surprise,cut|large,spread_ticks,91,4.0,7.75,3.5,12.25
NQ.v.0,action_x_surprise,cut|large,spread_ticks,92,4.0,7.75,1.75,12.0
NQ.v.0,action_x_surprise,cut|large,spread_ticks,93,4.0,6.25,1.75,10.0
NQ.v.0,action_x_surprise,cut|large,spread_ticks,94,4.0,6.0,2.0,9.0
NQ.v.0,action_x_surprise,cut|large,spread_ticks,95,4.0,7.75,2.75,12.5
NQ.v.0,action_x_surprise,cut|large,spread_ticks,96,4.0,7.0,1.75,11.75
NQ.v.0,action_x_surprise,cut|large,spread_ticks,97,4.0,8.25,2.75,13.0
NQ.v.0,action_x_surprise,cut|large,spread_ticks,98,4.0,7.5,2.0,12.5
NQ.v.0,action_x_surprise,cut|large,spread_ticks,99,4.0,7.0,2.5,11.5
NQ.v.0,action_x_surprise,cut|large,spread_ticks,100,4.0,5.75,1.75,9.5
NQ.v.0,action_x_surprise,cut|large,spread_ticks,101,4.0,7.0,3.0,10.5
NQ.v.0,action_x_surprise,cut|large,spread_ticks,102,4.0,6.0,2.0,9.5
NQ.v.0,action_x_surprise,cut|large,spread_ticks,103,4.0,6.5,2.5,11.0
NQ.v.0,action_x_surprise,cut|large,spread_ticks,104,4.0,6.25,3.0,9.25
NQ.v.0,action_x_surprise,cut|large,spread_ticks,105,4.0,7.25,3.75,11.0
NQ.v.0,action_x_surprise,cut|large,spread_ticks,106,4.0,6.25,2.0,10.25
NQ.v.0,action_x_surprise,cut|large,spread_ticks,107,4.0,6.75,2.0,10.75
NQ.v.0,action_x_surprise,cut|large,spread_ticks,108,4.0,6.0,2.0,9.5
NQ.v.0,action_x_surprise,cut|large,spread_ticks,109,4.0,6.5,2.75,9.25
NQ.v.0,action_x_surprise,cut|large,spread_ticks,110,4.0,7.5,3.0,10.5
NQ.v.0,action_x_surprise,cut|large,spread_ticks,111,4.0,6.5,1.75,10.75
NQ.v.0,action_x_surprise,cut|large,spread_ticks,112,4.0,7.25,2.75,11.5
NQ.v.0,action_x_surprise,cut|large,spread_ticks,113,4.0,6.25,2.0,10.25
NQ.v.0,action_x_surprise,cut|large,spread_ticks,114,4.0,7.0,1.75,12.25
NQ.v.0,action_x_surprise,cut|large,spread_ticks,115,4.0,7.25,3.0,10.75
NQ.v.0,action_x_surprise,cut|large,spread_ticks,116,4.0,6.75,2.0,11.25
NQ.v.0,action_x_surprise,cut|large,spread_ticks,117,4.0,6.0,2.0,9.5
NQ.v.0,action_x_surprise,cut|large,spread_ticks,118,4.0,6.75,2.0,10.25
NQ.v.0,action_x_surprise,cut|large,spread_ticks,119,4.0,6.25,2.0,8.25
NQ.v.0,action_x_surprise,cut|large,spread_ticks,120,4.0,7.25,1.75,10.5
NQ.v.0,action_x_surprise,cut|medium,spread_ticks,-60,3.0,4.0,2.5,5.0
NQ.v.0,action_x_surprise,cut|medium,spread_ticks,-59,3.0,4.333333333333333,3.0,6.0
NQ.v.0,action_x_surprise,cut|medium,spread_ticks,-58,3.0,4.333333333333333,3.0,5.0
NQ.v.0,action_x_surprise,cut|medium,spread_ticks,-57,3.0,4.666666666666667,3.5,6.0
NQ.v.0,action_x_surprise,cut|medium,spread_ticks,-56,3.0,5.333333333333333,4.5,6.5
NQ.v.0,action_x_surprise,cut|medium,spread_ticks,-55,3.0,6.0,4.5,8.0
NQ.v.0,action_x_surprise,cut|medium,spread_ticks,-54,3.0,4.333333333333333,3.5,5.5
NQ.v.0,action_x_surprise,cut|medium,spread_ticks,-53,3.0,3.3333333333333335,3.0,4.0
NQ.v.0,action_x_surprise,cut|medium,spread_ticks,-52,3.0,3.6666666666666665,2.5,4.5
NQ.v.0,action_x_surprise,cut|medium,spread_ticks,-51,3.0,6.333333333333333,5.5,7.5
NQ.v.0,action_x_surprise,cut|medium,spread_ticks,-50,3.0,5.333333333333333,4.5,7.0
NQ.v.0,action_x_surprise,cut|medium,spread_ticks,-49,3.0,4.0,3.0,5.5
NQ.v.0,action_x_surprise,cut|medium,spread_ticks,-48,3.0,4.666666666666667,3.5,6.0
NQ.v.0,action_x_surprise,cut|medium,spread_ticks,-47,3.0,7.0,5.0,9.0
NQ.v.0,action_x_surprise,cut|medium,spread_ticks,-46,3.0,5.0,4.0,6.0
NQ.v.0,action_x_surprise,cut|medium,spread_ticks,-45,3.0,3.0,2.5,3.5
NQ.v.0,action_x_surprise,cut|medium,spread_ticks,-44,3.0,5.666666666666667,4.5,7.0
NQ.v.0,action_x_surprise,cut|medium,spread_ticks,-43,3.0,6.0,4.5,7.5
NQ.v.0,action_x_surprise,cut|medium,spread_ticks,-42,3.0,5.0,4.5,5.5
NQ.v.0,action_x_surprise,cut|medium,spread_ticks,-41,3.0,6.333333333333333,2.0,8.5
NQ.v.0,action_x_surprise,cut|medium,spread_ticks,-40,3.0,6.333333333333333,3.5,8.0
NQ.v.0,action_x_surprise,cut|medium,spread_ticks,-39,3.0,6.666666666666667,5.0,7.5
NQ.v.0,action_x_surprise,cut|medium,spread_ticks,-38,3.0,5.0,3.5,6.5
NQ.v.0,action_x_surprise,cut|medium,spread_ticks,-37,3.0,4.666666666666667,3.5,5.5
NQ.v.0,action_x_surprise,cut|medium,spread_ticks,-36,3.0,4.333333333333333,3.0,5.5
NQ.v.0,action_x_surprise,cut|medium,spread_ticks,-35,3.0,4.666666666666667,3.5,6.0
NQ.v.0,action_x_surprise,cut|medium,spread_ticks,-34,3.0,3.6666666666666665,2.5,4.5
NQ.v.0,action_x_surprise,cut|medium,spread_ticks,-33,3.0,4.666666666666667,3.5,6.0
NQ.v.0,action_x_surprise,cut|medium,spread_ticks,-32,3.0,3.6666666666666665,3.0,5.0
NQ.v.0,action_x_surprise,cut|medium,spread_ticks,-31,3.0,3.6666666666666665,3.0,4.5
NQ.v.0,action_x_surprise,cut|medium,spread_ticks,-30,3.0,3.6666666666666665,3.0,4.5
NQ.v.0,action_x_surprise,cut|medium,spread_ticks,-29,3.0,4.333333333333333,3.5,5.5
NQ.v.0,action_x_surprise,cut|medium,spread_ticks,-28,3.0,4.666666666666667,3.5,6.0
NQ.v.0,action_x_surprise,cut|medium,spread_ticks,-27,3.0,5.0,4.0,6.5
NQ.v.0,action_x_surprise,cut|medium,spread_ticks,-26,3.0,5.0,3.5,6.5
NQ.v.0,action_x_surprise,cut|medium,spread_ticks,-25,3.0,5.333333333333333,4.0,7.5
NQ.v.0,action_x_surprise,cut|medium,spread_ticks,-24,3.0,4.0,3.5,5.0
NQ.v.0,action_x_surprise,cut|medium,spread_ticks,-23,3.0,6.333333333333333,4.0,8.0
NQ.v.0,action_x_surprise,cut|medium,spread_ticks,-22,3.0,6.333333333333333,3.0,9.0
NQ.v.0,action_x_surprise,cut|medium,spread_ticks,-21,3.0,4.0,2.5,5.0
NQ.v.0,action_x_surprise,cut|medium,spread_ticks,-20,3.0,6.666666666666667,3.5,9.0
NQ.v.0,action_x_surprise,cut|medium,spread_ticks,-19,3.0,8.0,5.0,11.0
NQ.v.0,action_x_surprise,cut|medium,spread_ticks,-18,3.0,6.333333333333333,5.0,9.0
NQ.v.0,action_x_surprise,cut|medium,spread_ticks,-17,3.0,5.0,3.5,6.5
NQ.v.0,action_x_surprise,cut|medium,spread_ticks,-16,3.0,6.0,3.5,8.5
NQ.v.0,action_x_surprise,cut|medium,spread_ticks,-15,3.0,8.0,6.5,11.0
NQ.v.0,action_x_surprise,cut|medium,spread_ticks,-14,3.0,7.666666666666667,6.0,10.0
NQ.v.0,action_x_surprise,cut|medium,spread_ticks,-13,3.0,6.0,5.0,7.5
NQ.v.0,action_x_surprise,cut|medium,spread_ticks,-12,3.0,7.0,6.0,8.5
NQ.v.0,action_x_surprise,cut|medium,spread_ticks,-11,3.0,6.666666666666667,4.0,9.5
NQ.v.0,action_x_surprise,cut|medium,spread_ticks,-10,3.0,8.0,5.0,10.0
NQ.v.0,action_x_surprise,cut|medium,spread_ticks,-9,3.0,6.0,3.5,8.0
NQ.v.0,action_x_surprise,cut|medium,spread_ticks,-8,3.0,7.333333333333333,6.5,8.5
NQ.v.0,action_x_surprise,cut|medium,spread_ticks,-7,3.0,7.333333333333333,5.5,10.0
NQ.v.0,action_x_surprise,cut|medium,spread_ticks,-6,3.0,9.666666666666666,7.0,12.0
NQ.v.0,action_x_surprise,cut|medium,spread_ticks,-5,3.0,7.666666666666667,4.0,10.5
NQ.v.0,action_x_surprise,cut|medium,spread_ticks,-4,3.0,10.666666666666666,8.5,15.0
NQ.v.0,action_x_surprise,cut|medium,spread_ticks,-3,3.0,10.333333333333334,7.5,14.5
NQ.v.0,action_x_surprise,cut|medium,spread_ticks,-2,3.0,10.333333333333334,6.0,14.0
NQ.v.0,action_x_surprise,cut|medium,spread_ticks,-1,3.0,10.333333333333334,6.5,14.0
NQ.v.0,action_x_surprise,cut|medium,spread_ticks,0,3.0,16.333333333333332,12.5,23.0
NQ.v.0,action_x_surprise,cut|medium,spread_ticks,1,3.0,23.666666666666668,16.0,33.5
NQ.v.0,action_x_surprise,cut|medium,spread_ticks,2,3.0,21.0,13.0,30.0
NQ.v.0,action_x_surprise,cut|medium,spread_ticks,3,3.0,18.0,13.5,25.0
NQ.v.0,action_x_surprise,cut|medium,spread_ticks,4,3.0,20.666666666666668,13.0,29.5
NQ.v.0,action_x_surprise,cut|medium,spread_ticks,5,3.0,16.333333333333332,13.0,22.0
NQ.v.0,action_x_surprise,cut|medium,spread_ticks,6,3.0,13.0,9.0,17.5
NQ.v.0,action_x_surprise,cut|medium,spread_ticks,7,3.0,12.333333333333334,8.5,16.5
NQ.v.0,action_x_surprise,cut|medium,spread_ticks,8,3.0,14.333333333333334,11.0,20.0
NQ.v.0,action_x_surprise,cut|medium,spread_ticks,9,3.0,16.666666666666668,11.5,23.0
NQ.v.0,action_x_surprise,cut|medium,spread_ticks,10,3.0,11.0,6.5,16.0
NQ.v.0,action_x_surprise,cut|medium,spread_ticks,11,3.0,11.0,8.5,15.5
NQ.v.0,action_x_surprise,cut|medium,spread_ticks,12,3.0,11.666666666666666,8.0,16.5
NQ.v.0,action_x_surprise,cut|medium,spread_ticks,13,3.0,8.0,5.5,11.5
NQ.v.0,action_x_surprise,cut|medium,spread_ticks,14,3.0,12.0,6.5,17.0
NQ.v.0,action_x_surprise,cut|medium,spread_ticks,15,3.0,9.333333333333334,6.5,11.5
NQ.v.0,action_x_surprise,cut|medium,spread_ticks,16,3.0,8.666666666666666,7.5,10.5
NQ.v.0,action_x_surprise,cut|medium,spread_ticks,17,3.0,17.333333333333332,11.5,24.5
NQ.v.0,action_x_surprise,cut|medium,spread_ticks,18,3.0,12.333333333333334,9.5,16.5
NQ.v.0,action_x_surprise,cut|medium,spread_ticks,19,3.0,11.333333333333334,7.0,16.0
NQ.v.0,action_x_surprise,cut|medium,spread_ticks,20,3.0,11.333333333333334,9.0,15.5
NQ.v.0,action_x_surprise,cut|medium,spread_ticks,21,3.0,10.0,7.5,13.5
NQ.v.0,action_x_surprise,cut|medium,spread_ticks,22,3.0,13.0,10.0,18.5
NQ.v.0,action_x_surprise,cut|medium,spread_ticks,23,3.0,12.666666666666666,8.5,18.0
NQ.v.0,action_x_surprise,cut|medium,spread_ticks,24,3.0,8.0,4.0,11.5
NQ.v.0,action_x_surprise,cut|medium,spread_ticks,25,3.0,11.0,5.0,15.5
NQ.v.0,action_x_surprise,cut|medium,spread_ticks,26,3.0,12.666666666666666,8.5,18.5
NQ.v.0,action_x_surprise,cut|medium,spread_ticks,27,3.0,10.666666666666666,8.0,15.0
NQ.v.0,action_x_surprise,cut|medium,spread_ticks,28,3.0,10.0,7.0,14.0
NQ.v.0,action_x_surprise,cut|medium,spread_ticks,29,3.0,11.666666666666666,8.0,16.5
NQ.v.0,action_x_surprise,cut|medium,spread_ticks,30,3.0,10.666666666666666,7.0,15.5
NQ.v.0,action_x_surprise,cut|medium,spread_ticks,31,3.0,6.333333333333333,3.0,8.5
NQ.v.0,action_x_surprise,cut|medium,spread_ticks,32,3.0,6.333333333333333,5.5,7.0
NQ.v.0,action_x_surprise,cut|medium,spread_ticks,33,3.0,6.333333333333333,3.0,9.0
NQ.v.0,action_x_surprise,cut|medium,spread_ticks,34,3.0,6.0,4.5,8.0
NQ.v.0,action_x_surprise,cut|medium,spread_ticks,35,3.0,5.333333333333333,3.0,7.5
NQ.v.0,action_x_surprise,cut|medium,spread_ticks,36,3.0,7.666666666666667,5.5,10.5
NQ.v.0,action_x_surprise,cut|medium,spread_ticks,37,3.0,8.666666666666666,4.5,12.5
NQ.v.0,action_x_surprise,cut|medium,spread_ticks,38,3.0,8.0,4.0,11.0
NQ.v.0,action_x_surprise,cut|medium,spread_ticks,39,3.0,7.333333333333333,4.0,10.0
NQ.v.0,action_x_surprise,cut|medium,spread_ticks,40,3.0,6.0,3.0,8.5
NQ.v.0,action_x_surprise,cut|medium,spread_ticks,41,3.0,4.666666666666667,2.5,6.5
NQ.v.0,action_x_surprise,cut|medium,spread_ticks,42,3.0,6.666666666666667,4.5,9.5
NQ.v.0,action_x_surprise,cut|medium,spread_ticks,43,3.0,7.0,3.0,9.5
NQ.v.0,action_x_surprise,cut|medium,spread_ticks,44,3.0,4.666666666666667,3.0,6.5
NQ.v.0,action_x_surprise,cut|medium,spread_ticks,45,3.0,6.0,3.0,8.5
NQ.v.0,action_x_surprise,cut|medium,spread_ticks,46,3.0,5.0,3.5,6.5
NQ.v.0,action_x_surprise,cut|medium,spread_ticks,47,3.0,3.6666666666666665,2.0,5.0
NQ.v.0,action_x_surprise,cut|medium,spread_ticks,48,3.0,6.333333333333333,4.0,8.5
NQ.v.0,action_x_surprise,cut|medium,spread_ticks,49,3.0,6.0,3.5,8.0
NQ.v.0,action_x_surprise,cut|medium,spread_ticks,50,3.0,5.666666666666667,4.0,7.5
NQ.v.0,action_x_surprise,cut|medium,spread_ticks,51,3.0,5.0,2.5,7.0
NQ.v.0,action_x_surprise,cut|medium,spread_ticks,52,3.0,5.0,3.0,7.0
NQ.v.0,action_x_surprise,cut|medium,spread_ticks,53,3.0,5.0,3.5,6.5
NQ.v.0,action_x_surprise,cut|medium,spread_ticks,54,3.0,5.0,3.0,6.5
NQ.v.0,action_x_surprise,cut|medium,spread_ticks,55,3.0,7.666666666666667,4.0,10.5
NQ.v.0,action_x_surprise,cut|medium,spread_ticks,56,3.0,4.666666666666667,2.5,6.0
NQ.v.0,action_x_surprise,cut|medium,spread_ticks,57,3.0,5.0,4.0,6.5
NQ.v.0,action_x_surprise,cut|medium,spread_ticks,58,3.0,6.0,3.5,8.0
NQ.v.0,action_x_surprise,cut|medium,spread_ticks,59,3.0,6.666666666666667,3.5,9.0
NQ.v.0,action_x_surprise,cut|medium,spread_ticks,60,3.0,5.333333333333333,4.0,7.0
NQ.v.0,action_x_surprise,cut|medium,spread_ticks,61,3.0,5.666666666666667,3.0,8.0
NQ.v.0,action_x_surprise,cut|medium,spread_ticks,62,3.0,6.0,4.0,8.0
NQ.v.0,action_x_surprise,cut|medium,spread_ticks,63,3.0,5.0,4.0,6.5
NQ.v.0,action_x_surprise,cut|medium,spread_ticks,64,3.0,6.0,2.5,8.5
NQ.v.0,action_x_surprise,cut|medium,spread_ticks,65,3.0,5.666666666666667,3.0,8.0
NQ.v.0,action_x_surprise,cut|medium,spread_ticks,66,3.0,5.0,3.0,7.0
NQ.v.0,action_x_surprise,cut|medium,spread_ticks,67,3.0,4.666666666666667,3.0,6.5
NQ.v.0,action_x_surprise,cut|medium,spread_ticks,68,3.0,5.333333333333333,3.5,7.0
NQ.v.0,action_x_surprise,cut|medium,spread_ticks,69,3.0,5.0,3.0,6.5
NQ.v.0,action_x_surprise,cut|medium,spread_ticks,70,3.0,5.333333333333333,3.5,7.0
NQ.v.0,action_x_surprise,cut|medium,spread_ticks,71,3.0,6.333333333333333,4.5,8.5
NQ.v.0,action_x_surprise,cut|medium,spread_ticks,72,3.0,6.0,3.0,8.0
NQ.v.0,action_x_surprise,cut|medium,spread_ticks,73,3.0,4.666666666666667,3.0,6.0
NQ.v.0,action_x_surprise,cut|medium,spread_ticks,74,3.0,5.333333333333333,3.0,7.0
NQ.v.0,action_x_surprise,cut|medium,spread_ticks,75,3.0,4.666666666666667,3.5,6.5
NQ.v.0,action_x_surprise,cut|medium,spread_ticks,76,3.0,6.0,4.0,8.0
NQ.v.0,action_x_surprise,cut|medium,spread_ticks,77,3.0,5.666666666666667,3.5,8.0
NQ.v.0,action_x_surprise,cut|medium,spread_ticks,78,3.0,5.0,2.5,7.0
NQ.v.0,action_x_surprise,cut|medium,spread_ticks,79,3.0,4.333333333333333,3.5,6.0
NQ.v.0,action_x_surprise,cut|medium,spread_ticks,80,3.0,4.333333333333333,3.5,6.0
NQ.v.0,action_x_surprise,cut|medium,spread_ticks,81,3.0,5.0,3.0,6.5
NQ.v.0,action_x_surprise,cut|medium,spread_ticks,82,3.0,6.0,3.5,8.0
NQ.v.0,action_x_surprise,cut|medium,spread_ticks,83,3.0,4.666666666666667,3.0,6.0
NQ.v.0,action_x_surprise,cut|medium,spread_ticks,84,3.0,6.666666666666667,3.0,9.5
NQ.v.0,action_x_surprise,cut|medium,spread_ticks,85,3.0,5.333333333333333,3.5,7.0
NQ.v.0,action_x_surprise,cut|medium,spread_ticks,86,3.0,4.0,3.0,5.5
NQ.v.0,action_x_surprise,cut|medium,spread_ticks,87,3.0,5.0,2.5,7.0
NQ.v.0,action_x_surprise,cut|medium,spread_ticks,88,3.0,5.333333333333333,2.5,7.5
NQ.v.0,action_x_surprise,cut|medium,spread_ticks,89,3.0,4.333333333333333,3.5,5.5
NQ.v.0,action_x_surprise,cut|medium,spread_ticks,90,3.0,5.0,3.5,7.0
NQ.v.0,action_x_surprise,cut|medium,spread_ticks,91,3.0,4.0,2.5,5.5
NQ.v.0,action_x_surprise,cut|medium,spread_ticks,92,3.0,4.0,3.0,5.5
NQ.v.0,action_x_surprise,cut|medium,spread_ticks,93,3.0,4.333333333333333,3.0,5.5
NQ.v.0,action_x_surprise,cut|medium,spread_ticks,94,3.0,4.666666666666667,3.5,6.5
NQ.v.0,action_x_surprise,cut|medium,spread_ticks,95,3.0,3.6666666666666665,3.0,4.5
NQ.v.0,action_x_surprise,cut|medium,spread_ticks,96,3.0,4.333333333333333,3.0,5.5
NQ.v.0,action_x_surprise,cut|medium,spread_ticks,97,3.0,4.333333333333333,3.5,5.5
NQ.v.0,action_x_surprise,cut|medium,spread_ticks,98,3.0,4.0,3.0,5.0
NQ.v.0,action_x_surprise,cut|medium,spread_ticks,99,3.0,4.0,3.0,5.5
NQ.v.0,action_x_surprise,cut|medium,spread_ticks,100,3.0,3.6666666666666665,3.0,4.5
NQ.v.0,action_x_surprise,cut|medium,spread_ticks,101,3.0,4.0,3.0,5.0
NQ.v.0,action_x_surprise,cut|medium,spread_ticks,102,3.0,4.0,3.0,5.5
NQ.v.0,action_x_surprise,cut|medium,spread_ticks,103,3.0,4.333333333333333,3.5,5.5
NQ.v.0,action_x_surprise,cut|medium,spread_ticks,104,3.0,3.6666666666666665,2.5,5.0
NQ.v.0,action_x_surprise,cut|medium,spread_ticks,105,3.0,3.3333333333333335,2.5,4.5
NQ.v.0,action_x_surprise,cut|medium,spread_ticks,106,3.0,3.3333333333333335,2.5,4.5
NQ.v.0,action_x_surprise,cut|medium,spread_ticks,107,3.0,3.3333333333333335,3.0,4.0
NQ.v.0,action_x_surprise,cut|medium,spread_ticks,108,3.0,3.6666666666666665,3.0,4.5
NQ.v.0,action_x_surprise,cut|medium,spread_ticks,109,3.0,3.3333333333333335,2.5,4.5
NQ.v.0,action_x_surprise,cut|medium,spread_ticks,110,3.0,2.6666666666666665,2.0,3.5
NQ.v.0,action_x_surprise,cut|medium,spread_ticks,111,3.0,2.6666666666666665,2.0,3.5
NQ.v.0,action_x_surprise,cut|medium,spread_ticks,112,3.0,3.0,2.5,3.5
NQ.v.0,action_x_surprise,cut|medium,spread_ticks,113,3.0,3.3333333333333335,3.0,4.0
NQ.v.0,action_x_surprise,cut|medium,spread_ticks,114,3.0,3.6666666666666665,3.0,4.5
NQ.v.0,action_x_surprise,cut|medium,spread_ticks,115,3.0,3.0,2.5,4.0
NQ.v.0,action_x_surprise,cut|medium,spread_ticks,116,3.0,2.3333333333333335,1.5,3.0
NQ.v.0,action_x_surprise,cut|medium,spread_ticks,117,3.0,3.3333333333333335,3.0,4.0
NQ.v.0,action_x_surprise,cut|medium,spread_ticks,118,3.0,3.3333333333333335,2.5,4.0
NQ.v.0,action_x_surprise,cut|medium,spread_ticks,119,3.0,3.3333333333333335,2.5,4.5
NQ.v.0,action_x_surprise,cut|medium,spread_ticks,120,3.0,3.0,2.5,3.5
NQ.v.0,action_x_surprise,cut|small,spread_ticks,-60,1.0,2.0,2.0,2.0
NQ.v.0,action_x_surprise,cut|small,spread_ticks,-59,1.0,3.0,3.0,3.0
NQ.v.0,action_x_surprise,cut|small,spread_ticks,-58,1.0,4.0,4.0,4.0
NQ.v.0,action_x_surprise,cut|small,spread_ticks,-57,1.0,3.0,3.0,3.0
NQ.v.0,action_x_surprise,cut|small,spread_ticks,-56,1.0,3.0,3.0,3.0
NQ.v.0,action_x_surprise,cut|small,spread_ticks,-55,1.0,3.0,3.0,3.0
NQ.v.0,action_x_surprise,cut|small,spread_ticks,-54,1.0,3.0,3.0,3.0
NQ.v.0,action_x_surprise,cut|small,spread_ticks,-53,1.0,2.0,2.0,2.0
NQ.v.0,action_x_surprise,cut|small,spread_ticks,-52,1.0,4.0,4.0,4.0
NQ.v.0,action_x_surprise,cut|small,spread_ticks,-51,1.0,3.0,3.0,3.0
NQ.v.0,action_x_surprise,cut|small,spread_ticks,-50,1.0,3.0,3.0,3.0
NQ.v.0,action_x_surprise,cut|small,spread_ticks,-49,1.0,2.0,2.0,2.0
NQ.v.0,action_x_surprise,cut|small,spread_ticks,-48,1.0,2.0,2.0,2.0
NQ.v.0,action_x_surprise,cut|small,spread_ticks,-47,1.0,3.0,3.0,3.0
NQ.v.0,action_x_surprise,cut|small,spread_ticks,-46,1.0,3.0,3.0,3.0
NQ.v.0,action_x_surprise,cut|small,spread_ticks,-45,1.0,3.0,3.0,3.0
NQ.v.0,action_x_surprise,cut|small,spread_ticks,-44,1.0,2.0,2.0,2.0
NQ.v.0,action_x_surprise,cut|small,spread_ticks,-43,1.0,2.0,2.0,2.0
NQ.v.0,action_x_surprise,cut|small,spread_ticks,-42,1.0,2.0,2.0,2.0
NQ.v.0,action_x_surprise,cut|small,spread_ticks,-41,1.0,2.0,2.0,2.0
NQ.v.0,action_x_surprise,cut|small,spread_ticks,-40,1.0,3.0,3.0,3.0
NQ.v.0,action_x_surprise,cut|small,spread_ticks,-39,1.0,3.0,3.0,3.0
NQ.v.0,action_x_surprise,cut|small,spread_ticks,-38,1.0,3.0,3.0,3.0
NQ.v.0,action_x_surprise,cut|small,spread_ticks,-37,1.0,3.0,3.0,3.0
NQ.v.0,action_x_surprise,cut|small,spread_ticks,-36,1.0,3.0,3.0,3.0
NQ.v.0,action_x_surprise,cut|small,spread_ticks,-35,1.0,2.0,2.0,2.0
NQ.v.0,action_x_surprise,cut|small,spread_ticks,-34,1.0,4.0,4.0,4.0
NQ.v.0,action_x_surprise,cut|small,spread_ticks,-33,1.0,4.0,4.0,4.0
NQ.v.0,action_x_surprise,cut|small,spread_ticks,-32,1.0,4.0,4.0,4.0
NQ.v.0,action_x_surprise,cut|small,spread_ticks,-31,1.0,4.0,4.0,4.0
NQ.v.0,action_x_surprise,cut|small,spread_ticks,-30,1.0,3.0,3.0,3.0
NQ.v.0,action_x_surprise,cut|small,spread_ticks,-29,1.0,4.0,4.0,4.0
NQ.v.0,action_x_surprise,cut|small,spread_ticks,-28,1.0,3.0,3.0,3.0
NQ.v.0,action_x_surprise,cut|small,spread_ticks,-27,1.0,5.0,5.0,5.0
NQ.v.0,action_x_surprise,cut|small,spread_ticks,-26,1.0,3.0,3.0,3.0
NQ.v.0,action_x_surprise,cut|small,spread_ticks,-25,1.0,4.0,4.0,4.0
NQ.v.0,action_x_surprise,cut|small,spread_ticks,-24,1.0,4.0,4.0,4.0
NQ.v.0,action_x_surprise,cut|small,spread_ticks,-23,1.0,3.0,3.0,3.0
NQ.v.0,action_x_surprise,cut|small,spread_ticks,-22,1.0,4.0,4.0,4.0
NQ.v.0,action_x_surprise,cut|small,spread_ticks,-21,1.0,2.0,2.0,2.0
NQ.v.0,action_x_surprise,cut|small,spread_ticks,-20,1.0,1.0,1.0,1.0
NQ.v.0,action_x_surprise,cut|small,spread_ticks,-19,1.0,2.0,2.0,2.0
NQ.v.0,action_x_surprise,cut|small,spread_ticks,-18,1.0,2.0,2.0,2.0
NQ.v.0,action_x_surprise,cut|small,spread_ticks,-17,1.0,2.0,2.0,2.0
NQ.v.0,action_x_surprise,cut|small,spread_ticks,-16,1.0,4.0,4.0,4.0
NQ.v.0,action_x_surprise,cut|small,spread_ticks,-15,1.0,3.0,3.0,3.0
NQ.v.0,action_x_surprise,cut|small,spread_ticks,-14,1.0,5.0,5.0,5.0
NQ.v.0,action_x_surprise,cut|small,spread_ticks,-13,1.0,5.0,5.0,5.0
NQ.v.0,action_x_surprise,cut|small,spread_ticks,-12,1.0,3.0,3.0,3.0
NQ.v.0,action_x_surprise,cut|small,spread_ticks,-11,1.0,2.0,2.0,2.0
NQ.v.0,action_x_surprise,cut|small,spread_ticks,-10,1.0,5.0,5.0,5.0
NQ.v.0,action_x_surprise,cut|small,spread_ticks,-9,1.0,3.0,3.0,3.0
NQ.v.0,action_x_surprise,cut|small,spread_ticks,-8,1.0,4.0,4.0,4.0
NQ.v.0,action_x_surprise,cut|small,spread_ticks,-7,1.0,6.0,6.0,6.0
NQ.v.0,action_x_surprise,cut|small,spread_ticks,-6,1.0,6.0,6.0,6.0
NQ.v.0,action_x_surprise,cut|small,spread_ticks,-5,1.0,4.0,4.0,4.0
NQ.v.0,action_x_surprise,cut|small,spread_ticks,-4,1.0,3.0,3.0,3.0
NQ.v.0,action_x_surprise,cut|small,spread_ticks,-3,1.0,3.0,3.0,3.0
NQ.v.0,action_x_surprise,cut|small,spread_ticks,-2,1.0,5.0,5.0,5.0
NQ.v.0,action_x_surprise,cut|small,spread_ticks,-1,1.0,5.0,5.0,5.0
NQ.v.0,action_x_surprise,cut|small,spread_ticks,0,1.0,9.0,9.0,9.0
NQ.v.0,action_x_surprise,cut|small,spread_ticks,1,1.0,33.0,33.0,33.0
NQ.v.0,action_x_surprise,cut|small,spread_ticks,2,1.0,54.0,54.0,54.0
NQ.v.0,action_x_surprise,cut|small,spread_ticks,3,1.0,39.0,39.0,39.0
NQ.v.0,action_x_surprise,cut|small,spread_ticks,4,1.0,28.0,28.0,28.0
NQ.v.0,action_x_surprise,cut|small,spread_ticks,5,1.0,23.0,23.0,23.0
NQ.v.0,action_x_surprise,cut|small,spread_ticks,6,1.0,15.0,15.0,15.0
NQ.v.0,action_x_surprise,cut|small,spread_ticks,7,1.0,16.0,16.0,16.0
NQ.v.0,action_x_surprise,cut|small,spread_ticks,8,1.0,13.0,13.0,13.0
NQ.v.0,action_x_surprise,cut|small,spread_ticks,9,1.0,8.0,8.0,8.0
NQ.v.0,action_x_surprise,cut|small,spread_ticks,10,1.0,14.0,14.0,14.0
NQ.v.0,action_x_surprise,cut|small,spread_ticks,11,1.0,21.0,21.0,21.0
NQ.v.0,action_x_surprise,cut|small,spread_ticks,12,1.0,15.0,15.0,15.0
NQ.v.0,action_x_surprise,cut|small,spread_ticks,13,1.0,15.0,15.0,15.0
NQ.v.0,action_x_surprise,cut|small,spread_ticks,14,1.0,14.0,14.0,14.0
NQ.v.0,action_x_surprise,cut|small,spread_ticks,15,1.0,12.0,12.0,12.0
NQ.v.0,action_x_surprise,cut|small,spread_ticks,16,1.0,30.0,30.0,30.0
NQ.v.0,action_x_surprise,cut|small,spread_ticks,17,1.0,14.0,14.0,14.0
NQ.v.0,action_x_surprise,cut|small,spread_ticks,18,1.0,15.0,15.0,15.0
NQ.v.0,action_x_surprise,cut|small,spread_ticks,19,1.0,13.0,13.0,13.0
NQ.v.0,action_x_surprise,cut|small,spread_ticks,20,1.0,11.0,11.0,11.0
NQ.v.0,action_x_surprise,cut|small,spread_ticks,21,1.0,15.0,15.0,15.0
NQ.v.0,action_x_surprise,cut|small,spread_ticks,22,1.0,4.0,4.0,4.0
NQ.v.0,action_x_surprise,cut|small,spread_ticks,23,1.0,11.0,11.0,11.0
NQ.v.0,action_x_surprise,cut|small,spread_ticks,24,1.0,14.0,14.0,14.0
NQ.v.0,action_x_surprise,cut|small,spread_ticks,25,1.0,8.0,8.0,8.0
NQ.v.0,action_x_surprise,cut|small,spread_ticks,26,1.0,17.0,17.0,17.0
NQ.v.0,action_x_surprise,cut|small,spread_ticks,27,1.0,29.0,29.0,29.0
NQ.v.0,action_x_surprise,cut|small,spread_ticks,28,1.0,13.0,13.0,13.0
NQ.v.0,action_x_surprise,cut|small,spread_ticks,29,1.0,15.0,15.0,15.0
NQ.v.0,action_x_surprise,cut|small,spread_ticks,30,1.0,8.0,8.0,8.0
NQ.v.0,action_x_surprise,cut|small,spread_ticks,31,1.0,11.0,11.0,11.0
NQ.v.0,action_x_surprise,cut|small,spread_ticks,32,1.0,12.0,12.0,12.0
NQ.v.0,action_x_surprise,cut|small,spread_ticks,33,1.0,8.0,8.0,8.0
NQ.v.0,action_x_surprise,cut|small,spread_ticks,34,1.0,10.0,10.0,10.0
NQ.v.0,action_x_surprise,cut|small,spread_ticks,35,1.0,8.0,8.0,8.0
NQ.v.0,action_x_surprise,cut|small,spread_ticks,36,1.0,10.0,10.0,10.0
NQ.v.0,action_x_surprise,cut|small,spread_ticks,37,1.0,5.0,5.0,5.0
NQ.v.0,action_x_surprise,cut|small,spread_ticks,38,1.0,7.0,7.0,7.0
NQ.v.0,action_x_surprise,cut|small,spread_ticks,39,1.0,6.0,6.0,6.0
NQ.v.0,action_x_surprise,cut|small,spread_ticks,40,1.0,8.0,8.0,8.0
NQ.v.0,action_x_surprise,cut|small,spread_ticks,41,1.0,10.0,10.0,10.0
NQ.v.0,action_x_surprise,cut|small,spread_ticks,42,1.0,8.0,8.0,8.0
NQ.v.0,action_x_surprise,cut|small,spread_ticks,43,1.0,7.0,7.0,7.0
NQ.v.0,action_x_surprise,cut|small,spread_ticks,44,1.0,8.0,8.0,8.0
NQ.v.0,action_x_surprise,cut|small,spread_ticks,45,1.0,16.0,16.0,16.0
NQ.v.0,action_x_surprise,cut|small,spread_ticks,46,1.0,13.0,13.0,13.0
NQ.v.0,action_x_surprise,cut|small,spread_ticks,47,1.0,12.0,12.0,12.0
NQ.v.0,action_x_surprise,cut|small,spread_ticks,48,1.0,16.0,16.0,16.0
NQ.v.0,action_x_surprise,cut|small,spread_ticks,49,1.0,11.0,11.0,11.0
NQ.v.0,action_x_surprise,cut|small,spread_ticks,50,1.0,9.0,9.0,9.0
NQ.v.0,action_x_surprise,cut|small,spread_ticks,51,1.0,10.0,10.0,10.0
NQ.v.0,action_x_surprise,cut|small,spread_ticks,52,1.0,11.0,11.0,11.0
NQ.v.0,action_x_surprise,cut|small,spread_ticks,53,1.0,9.0,9.0,9.0
NQ.v.0,action_x_surprise,cut|small,spread_ticks,54,1.0,11.0,11.0,11.0
NQ.v.0,action_x_surprise,cut|small,spread_ticks,55,1.0,8.0,8.0,8.0
NQ.v.0,action_x_surprise,cut|small,spread_ticks,56,1.0,10.0,10.0,10.0
NQ.v.0,action_x_surprise,cut|small,spread_ticks,57,1.0,10.0,10.0,10.0
NQ.v.0,action_x_surprise,cut|small,spread_ticks,58,1.0,10.0,10.0,10.0
NQ.v.0,action_x_surprise,cut|small,spread_ticks,59,1.0,9.0,9.0,9.0
NQ.v.0,action_x_surprise,cut|small,spread_ticks,60,1.0,10.0,10.0,10.0
NQ.v.0,action_x_surprise,cut|small,spread_ticks,61,1.0,7.0,7.0,7.0
NQ.v.0,action_x_surprise,cut|small,spread_ticks,62,1.0,11.0,11.0,11.0
NQ.v.0,action_x_surprise,cut|small,spread_ticks,63,1.0,9.0,9.0,9.0
NQ.v.0,action_x_surprise,cut|small,spread_ticks,64,1.0,9.0,9.0,9.0
NQ.v.0,action_x_surprise,cut|small,spread_ticks,65,1.0,11.0,11.0,11.0
NQ.v.0,action_x_surprise,cut|small,spread_ticks,66,1.0,9.0,9.0,9.0
NQ.v.0,action_x_surprise,cut|small,spread_ticks,67,1.0,8.0,8.0,8.0
NQ.v.0,action_x_surprise,cut|small,spread_ticks,68,1.0,10.0,10.0,10.0
NQ.v.0,action_x_surprise,cut|small,spread_ticks,69,1.0,9.0,9.0,9.0
NQ.v.0,action_x_surprise,cut|small,spread_ticks,70,1.0,6.0,6.0,6.0
NQ.v.0,action_x_surprise,cut|small,spread_ticks,71,1.0,9.0,9.0,9.0
NQ.v.0,action_x_surprise,cut|small,spread_ticks,72,1.0,8.0,8.0,8.0
NQ.v.0,action_x_surprise,cut|small,spread_ticks,73,1.0,8.0,8.0,8.0
NQ.v.0,action_x_surprise,cut|small,spread_ticks,74,1.0,9.0,9.0,9.0
NQ.v.0,action_x_surprise,cut|small,spread_ticks,75,1.0,8.0,8.0,8.0
NQ.v.0,action_x_surprise,cut|small,spread_ticks,76,1.0,8.0,8.0,8.0
NQ.v.0,action_x_surprise,cut|small,spread_ticks,77,1.0,9.0,9.0,9.0
NQ.v.0,action_x_surprise,cut|small,spread_ticks,78,1.0,8.0,8.0,8.0
NQ.v.0,action_x_surprise,cut|small,spread_ticks,79,1.0,8.0,8.0,8.0
NQ.v.0,action_x_surprise,cut|small,spread_ticks,80,1.0,10.0,10.0,10.0
NQ.v.0,action_x_surprise,cut|small,spread_ticks,81,1.0,8.0,8.0,8.0
NQ.v.0,action_x_surprise,cut|small,spread_ticks,82,1.0,9.0,9.0,9.0
NQ.v.0,action_x_surprise,cut|small,spread_ticks,83,1.0,6.0,6.0,6.0
NQ.v.0,action_x_surprise,cut|small,spread_ticks,84,1.0,8.0,8.0,8.0
NQ.v.0,action_x_surprise,cut|small,spread_ticks,85,1.0,10.0,10.0,10.0
NQ.v.0,action_x_surprise,cut|small,spread_ticks,86,1.0,8.0,8.0,8.0
NQ.v.0,action_x_surprise,cut|small,spread_ticks,87,1.0,7.0,7.0,7.0
NQ.v.0,action_x_surprise,cut|small,spread_ticks,88,1.0,7.0,7.0,7.0
NQ.v.0,action_x_surprise,cut|small,spread_ticks,89,1.0,8.0,8.0,8.0
NQ.v.0,action_x_surprise,cut|small,spread_ticks,90,1.0,9.0,9.0,9.0
NQ.v.0,action_x_surprise,cut|small,spread_ticks,91,1.0,7.0,7.0,7.0
NQ.v.0,action_x_surprise,cut|small,spread_ticks,92,1.0,4.0,4.0,4.0
NQ.v.0,action_x_surprise,cut|small,spread_ticks,93,1.0,5.0,5.0,5.0
NQ.v.0,action_x_surprise,cut|small,spread_ticks,94,1.0,7.0,7.0,7.0
NQ.v.0,action_x_surprise,cut|small,spread_ticks,95,1.0,6.0,6.0,6.0
NQ.v.0,action_x_surprise,cut|small,spread_ticks,96,1.0,5.0,5.0,5.0
NQ.v.0,action_x_surprise,cut|small,spread_ticks,97,1.0,7.0,7.0,7.0
NQ.v.0,action_x_surprise,cut|small,spread_ticks,98,1.0,6.0,6.0,6.0
NQ.v.0,action_x_surprise,cut|small,spread_ticks,99,1.0,7.0,7.0,7.0
NQ.v.0,action_x_surprise,cut|small,spread_ticks,100,1.0,7.0,7.0,7.0
NQ.v.0,action_x_surprise,cut|small,spread_ticks,101,1.0,5.0,5.0,5.0
NQ.v.0,action_x_surprise,cut|small,spread_ticks,102,1.0,5.0,5.0,5.0
NQ.v.0,action_x_surprise,cut|small,spread_ticks,103,1.0,6.0,6.0,6.0
NQ.v.0,action_x_surprise,cut|small,spread_ticks,104,1.0,6.0,6.0,6.0
NQ.v.0,action_x_surprise,cut|small,spread_ticks,105,1.0,5.0,5.0,5.0
NQ.v.0,action_x_surprise,cut|small,spread_ticks,106,1.0,6.0,6.0,6.0
NQ.v.0,action_x_surprise,cut|small,spread_ticks,107,1.0,5.0,5.0,5.0
NQ.v.0,action_x_surprise,cut|small,spread_ticks,108,1.0,6.0,6.0,6.0
NQ.v.0,action_x_surprise,cut|small,spread_ticks,109,1.0,5.0,5.0,5.0
NQ.v.0,action_x_surprise,cut|small,spread_ticks,110,1.0,6.0,6.0,6.0
NQ.v.0,action_x_surprise,cut|small,spread_ticks,111,1.0,4.0,4.0,4.0
NQ.v.0,action_x_surprise,cut|small,spread_ticks,112,1.0,6.0,6.0,6.0
NQ.v.0,action_x_surprise,cut|small,spread_ticks,113,1.0,5.0,5.0,5.0
NQ.v.0,action_x_surprise,cut|small,spread_ticks,114,1.0,5.0,5.0,5.0
NQ.v.0,action_x_surprise,cut|small,spread_ticks,115,1.0,6.0,6.0,6.0
NQ.v.0,action_x_surprise,cut|small,spread_ticks,116,1.0,5.0,5.0,5.0
NQ.v.0,action_x_surprise,cut|small,spread_ticks,117,1.0,5.0,5.0,5.0
NQ.v.0,action_x_surprise,cut|small,spread_ticks,118,1.0,5.0,5.0,5.0
NQ.v.0,action_x_surprise,cut|small,spread_ticks,119,1.0,5.0,5.0,5.0
NQ.v.0,action_x_surprise,cut|small,spread_ticks,120,1.0,5.0,5.0,5.0
NQ.v.0,action_x_surprise,hike|large,spread_ticks,-60,11.0,5.0,3.5,7.0
NQ.v.0,action_x_surprise,hike|large,spread_ticks,-59,11.0,4.181818181818182,3.5,5.0
NQ.v.0,action_x_surprise,hike|large,spread_ticks,-58,11.0,4.818181818181818,2.5,6.5
NQ.v.0,action_x_surprise,hike|large,spread_ticks,-57,11.0,4.2727272727272725,3.0,5.0
NQ.v.0,action_x_surprise,hike|large,spread_ticks,-56,11.0,4.0,3.0,5.0
NQ.v.0,action_x_surprise,hike|large,spread_ticks,-55,11.0,4.2727272727272725,3.5,5.5
NQ.v.0,action_x_surprise,hike|large,spread_ticks,-54,11.0,5.545454545454546,4.0,7.0
NQ.v.0,action_x_surprise,hike|large,spread_ticks,-53,11.0,5.7272727272727275,5.5,7.0
NQ.v.0,action_x_surprise,hike|large,spread_ticks,-52,11.0,5.363636363636363,4.5,6.5
NQ.v.0,action_x_surprise,hike|large,spread_ticks,-51,11.0,5.0,4.0,6.5
NQ.v.0,action_x_surprise,hike|large,spread_ticks,-50,11.0,5.636363636363637,5.0,6.5
NQ.v.0,action_x_surprise,hike|large,spread_ticks,-49,11.0,4.7272727272727275,4.0,6.0
NQ.v.0,action_x_surprise,hike|large,spread_ticks,-48,11.0,5.181818181818182,4.0,6.0
NQ.v.0,action_x_surprise,hike|large,spread_ticks,-47,11.0,6.2727272727272725,4.0,8.5
NQ.v.0,action_x_surprise,hike|large,spread_ticks,-46,11.0,6.181818181818182,5.0,8.0
NQ.v.0,action_x_surprise,hike|large,spread_ticks,-45,11.0,5.909090909090909,4.5,7.5
NQ.v.0,action_x_surprise,hike|large,spread_ticks,-44,11.0,5.454545454545454,4.5,7.0
NQ.v.0,action_x_surprise,hike|large,spread_ticks,-43,11.0,5.636363636363637,4.0,7.5
NQ.v.0,action_x_surprise,hike|large,spread_ticks,-42,11.0,5.2727272727272725,3.0,8.5
NQ.v.0,action_x_surprise,hike|large,spread_ticks,-41,11.0,5.181818181818182,3.0,6.0
NQ.v.0,action_x_surprise,hike|large,spread_ticks,-40,11.0,5.363636363636363,5.0,6.5
NQ.v.0,action_x_surprise,hike|large,spread_ticks,-39,11.0,5.090909090909091,3.5,6.5
NQ.v.0,action_x_surprise,hike|large,spread_ticks,-38,11.0,5.363636363636363,3.5,7.0
NQ.v.0,action_x_surprise,hike|large,spread_ticks,-37,11.0,6.090909090909091,4.5,8.5
NQ.v.0,action_x_surprise,hike|large,spread_ticks,-36,11.0,5.454545454545454,4.0,8.0
NQ.v.0,action_x_surprise,hike|large,spread_ticks,-35,11.0,6.2727272727272725,5.0,9.0
NQ.v.0,action_x_surprise,hike|large,spread_ticks,-34,11.0,6.7272727272727275,5.0,9.5
NQ.v.0,action_x_surprise,hike|large,spread_ticks,-33,11.0,6.7272727272727275,4.5,9.5
NQ.v.0,action_x_surprise,hike|large,spread_ticks,-32,11.0,5.7272727272727275,2.5,8.0
NQ.v.0,action_x_surprise,hike|large,spread_ticks,-31,11.0,5.7272727272727275,4.5,7.5
NQ.v.0,action_x_surprise,hike|large,spread_ticks,-30,11.0,6.545454545454546,6.0,8.0
NQ.v.0,action_x_surprise,hike|large,spread_ticks,-29,11.0,5.2727272727272725,3.0,7.5
NQ.v.0,action_x_surprise,hike|large,spread_ticks,-28,11.0,4.818181818181818,3.0,6.5
NQ.v.0,action_x_surprise,hike|large,spread_ticks,-27,11.0,6.0,3.5,6.0
NQ.v.0,action_x_surprise,hike|large,spread_ticks,-26,11.0,5.909090909090909,3.5,7.5
NQ.v.0,action_x_surprise,hike|large,spread_ticks,-25,11.0,6.0,4.0,8.0
NQ.v.0,action_x_surprise,hike|large,spread_ticks,-24,11.0,6.818181818181818,5.5,9.0
NQ.v.0,action_x_surprise,hike|large,spread_ticks,-23,11.0,6.090909090909091,4.5,7.0
NQ.v.0,action_x_surprise,hike|large,spread_ticks,-22,11.0,6.545454545454546,3.5,8.5
NQ.v.0,action_x_surprise,hike|large,spread_ticks,-21,11.0,7.0,5.5,9.5
NQ.v.0,action_x_surprise,hike|large,spread_ticks,-20,11.0,6.818181818181818,4.5,9.0
NQ.v.0,action_x_surprise,hike|large,spread_ticks,-19,11.0,6.454545454545454,5.0,8.5
NQ.v.0,action_x_surprise,hike|large,spread_ticks,-18,11.0,6.090909090909091,4.0,7.5
NQ.v.0,action_x_surprise,hike|large,spread_ticks,-17,11.0,6.454545454545454,4.5,8.0
NQ.v.0,action_x_surprise,hike|large,spread_ticks,-16,11.0,7.0,6.0,8.0
NQ.v.0,action_x_surprise,hike|large,spread_ticks,-15,11.0,8.090909090909092,6.0,11.0
NQ.v.0,action_x_surprise,hike|large,spread_ticks,-14,11.0,6.2727272727272725,5.0,7.0
NQ.v.0,action_x_surprise,hike|large,spread_ticks,-13,11.0,6.2727272727272725,4.5,8.0
NQ.v.0,action_x_surprise,hike|large,spread_ticks,-12,11.0,6.090909090909091,4.0,7.5
NQ.v.0,action_x_surprise,hike|large,spread_ticks,-11,11.0,6.2727272727272725,4.0,8.0
NQ.v.0,action_x_surprise,hike|large,spread_ticks,-10,11.0,6.909090909090909,5.5,8.5
NQ.v.0,action_x_surprise,hike|large,spread_ticks,-9,11.0,6.545454545454546,4.5,8.5
NQ.v.0,action_x_surprise,hike|large,spread_ticks,-8,11.0,6.7272727272727275,4.5,10.0
NQ.v.0,action_x_surprise,hike|large,spread_ticks,-7,11.0,7.818181818181818,4.5,13.0
NQ.v.0,action_x_surprise,hike|large,spread_ticks,-6,11.0,7.181818181818182,4.0,10.5
NQ.v.0,action_x_surprise,hike|large,spread_ticks,-5,11.0,7.7272727272727275,5.0,10.5
NQ.v.0,action_x_surprise,hike|large,spread_ticks,-4,11.0,11.363636363636363,6.0,12.0
NQ.v.0,action_x_surprise,hike|large,spread_ticks,-3,11.0,8.181818181818182,5.0,11.0
NQ.v.0,action_x_surprise,hike|large,spread_ticks,-2,11.0,7.636363636363637,4.5,9.0
NQ.v.0,action_x_surprise,hike|large,spread_ticks,-1,11.0,8.818181818181818,4.0,10.0
NQ.v.0,action_x_surprise,hike|large,spread_ticks,0,11.0,10.818181818181818,7.0,11.0
NQ.v.0,action_x_surprise,hike|large,spread_ticks,1,11.0,14.727272727272727,8.0,18.0
NQ.v.0,action_x_surprise,hike|large,spread_ticks,2,11.0,17.454545454545453,6.0,24.5
NQ.v.0,action_x_surprise,hike|large,spread_ticks,3,11.0,15.909090909090908,8.0,25.0
NQ.v.0,action_x_surprise,hike|large,spread_ticks,4,11.0,18.727272727272727,7.5,23.5
NQ.v.0,action_x_surprise,hike|large,spread_ticks,5,11.0,15.272727272727273,6.0,24.0
NQ.v.0,action_x_surprise,hike|large,spread_ticks,6,11.0,14.909090909090908,6.0,18.0
NQ.v.0,action_x_surprise,hike|large,spread_ticks,7,11.0,29.636363636363637,6.5,23.5
NQ.v.0,action_x_surprise,hike|large,spread_ticks,8,11.0,14.545454545454545,7.0,13.5
NQ.v.0,action_x_surprise,hike|large,spread_ticks,9,11.0,16.09090909090909,9.0,16.0
NQ.v.0,action_x_surprise,hike|large,spread_ticks,10,11.0,11.545454545454545,7.5,16.0
NQ.v.0,action_x_surprise,hike|large,spread_ticks,11,11.0,14.181818181818182,5.5,13.0
NQ.v.0,action_x_surprise,hike|large,spread_ticks,12,11.0,16.0,7.5,20.0
NQ.v.0,action_x_surprise,hike|large,spread_ticks,13,11.0,11.454545454545455,4.5,16.0
NQ.v.0,action_x_surprise,hike|large,spread_ticks,14,11.0,11.909090909090908,5.0,19.5
NQ.v.0,action_x_surprise,hike|large,spread_ticks,15,11.0,10.454545454545455,6.0,13.0
NQ.v.0,action_x_surprise,hike|large,spread_ticks,16,11.0,10.090909090909092,5.0,13.5
NQ.v.0,action_x_surprise,hike|large,spread_ticks,17,11.0,11.181818181818182,8.5,14.5
NQ.v.0,action_x_surprise,hike|large,spread_ticks,18,11.0,11.454545454545455,6.5,16.5
NQ.v.0,action_x_surprise,hike|large,spread_ticks,19,11.0,11.545454545454545,7.5,11.5
NQ.v.0,action_x_surprise,hike|large,spread_ticks,20,11.0,12.0,5.5,16.0
NQ.v.0,action_x_surprise,hike|large,spread_ticks,21,11.0,10.727272727272727,6.5,15.5
NQ.v.0,action_x_surprise,hike|large,spread_ticks,22,11.0,11.363636363636363,7.5,15.0
NQ.v.0,action_x_surprise,hike|large,spread_ticks,23,11.0,9.636363636363637,4.0,13.0
NQ.v.0,action_x_surprise,hike|large,spread_ticks,24,11.0,11.0,7.0,13.0
NQ.v.0,action_x_surprise,hike|large,spread_ticks,25,11.0,7.909090909090909,4.0,10.0
NQ.v.0,action_x_surprise,hike|large,spread_ticks,26,11.0,10.090909090909092,5.5,12.0
NQ.v.0,action_x_surprise,hike|large,spread_ticks,27,11.0,9.090909090909092,6.0,12.0
NQ.v.0,action_x_surprise,hike|large,spread_ticks,28,11.0,11.0,8.0,14.0
NQ.v.0,action_x_surprise,hike|large,spread_ticks,29,11.0,9.0,4.5,13.0
NQ.v.0,action_x_surprise,hike|large,spread_ticks,30,11.0,8.727272727272727,5.5,11.5
NQ.v.0,action_x_surprise,hike|large,spread_ticks,31,11.0,8.090909090909092,5.0,9.5
NQ.v.0,action_x_surprise,hike|large,spread_ticks,32,11.0,7.0,3.5,9.0
NQ.v.0,action_x_surprise,hike|large,spread_ticks,33,11.0,8.272727272727273,5.0,11.5
NQ.v.0,action_x_surprise,hike|large,spread_ticks,34,11.0,7.454545454545454,4.5,8.5
NQ.v.0,action_x_surprise,hike|large,spread_ticks,35,11.0,7.2727272727272725,4.0,10.0
NQ.v.0,action_x_surprise,hike|large,spread_ticks,36,11.0,7.2727272727272725,3.0,10.5
NQ.v.0,action_x_surprise,hike|large,spread_ticks,37,11.0,6.636363636363637,3.0,9.5
NQ.v.0,action_x_surprise,hike|large,spread_ticks,38,11.0,7.909090909090909,4.0,9.5
NQ.v.0,action_x_surprise,hike|large,spread_ticks,39,11.0,6.454545454545454,3.5,8.0
NQ.v.0,action_x_surprise,hike|large,spread_ticks,40,11.0,6.181818181818182,3.5,8.5
NQ.v.0,action_x_surprise,hike|large,spread_ticks,41,11.0,6.636363636363637,4.5,9.0
NQ.v.0,action_x_surprise,hike|large,spread_ticks,42,11.0,7.181818181818182,5.0,10.0
NQ.v.0,action_x_surprise,hike|large,spread_ticks,43,11.0,6.2727272727272725,4.5,8.0
NQ.v.0,action_x_surprise,hike|large,spread_ticks,44,11.0,6.363636363636363,2.5,9.0
NQ.v.0,action_x_surprise,hike|large,spread_ticks,45,11.0,6.636363636363637,4.0,8.5
NQ.v.0,action_x_surprise,hike|large,spread_ticks,46,11.0,7.545454545454546,3.0,12.0
NQ.v.0,action_x_surprise,hike|large,spread_ticks,47,11.0,6.909090909090909,3.0,8.0
NQ.v.0,action_x_surprise,hike|large,spread_ticks,48,11.0,6.636363636363637,3.0,10.5
NQ.v.0,action_x_surprise,hike|large,spread_ticks,49,11.0,6.181818181818182,2.5,8.5
NQ.v.0,action_x_surprise,hike|large,spread_ticks,50,11.0,6.818181818181818,3.0,9.5
NQ.v.0,action_x_surprise,hike|large,spread_ticks,51,11.0,5.7272727272727275,3.0,8.0
NQ.v.0,action_x_surprise,hike|large,spread_ticks,52,11.0,6.2727272727272725,2.5,9.0
NQ.v.0,action_x_surprise,hike|large,spread_ticks,53,11.0,6.454545454545454,4.0,8.5
NQ.v.0,action_x_surprise,hike|large,spread_ticks,54,11.0,8.090909090909092,4.0,12.5
NQ.v.0,action_x_surprise,hike|large,spread_ticks,55,11.0,5.2727272727272725,3.5,5.5
NQ.v.0,action_x_surprise,hike|large,spread_ticks,56,11.0,6.454545454545454,3.5,7.0
NQ.v.0,action_x_surprise,hike|large,spread_ticks,57,11.0,7.454545454545454,5.5,9.0
NQ.v.0,action_x_surprise,hike|large,spread_ticks,58,11.0,6.454545454545454,4.0,8.5
NQ.v.0,action_x_surprise,hike|large,spread_ticks,59,11.0,7.7272727272727275,5.0,10.0
NQ.v.0,action_x_surprise,hike|large,spread_ticks,60,11.0,7.909090909090909,4.0,12.5
NQ.v.0,action_x_surprise,hike|large,spread_ticks,61,11.0,6.090909090909091,3.0,8.5
NQ.v.0,action_x_surprise,hike|large,spread_ticks,62,11.0,7.090909090909091,5.0,8.0
NQ.v.0,action_x_surprise,hike|large,spread_ticks,63,11.0,6.818181818181818,3.5,10.0
NQ.v.0,action_x_surprise,hike|large,spread_ticks,64,11.0,7.909090909090909,5.0,10.0
NQ.v.0,action_x_surprise,hike|large,spread_ticks,65,11.0,5.636363636363637,3.0,8.0
NQ.v.0,action_x_surprise,hike|large,spread_ticks,66,11.0,6.2727272727272725,2.5,7.5
NQ.v.0,action_x_surprise,hike|large,spread_ticks,67,11.0,5.909090909090909,3.0,8.0
NQ.v.0,action_x_surprise,hike|large,spread_ticks,68,11.0,6.363636363636363,4.5,8.0
NQ.v.0,action_x_surprise,hike|large,spread_ticks,69,11.0,6.090909090909091,3.5,8.5
NQ.v.0,action_x_surprise,hike|large,spread_ticks,70,11.0,6.454545454545454,3.5,8.5
NQ.v.0,action_x_surprise,hike|large,spread_ticks,71,11.0,7.454545454545454,3.5,11.0
NQ.v.0,action_x_surprise,hike|large,spread_ticks,72,11.0,6.7272727272727275,3.0,10.0
NQ.v.0,action_x_surprise,hike|large,spread_ticks,73,11.0,7.181818181818182,3.0,9.0
NQ.v.0,action_x_surprise,hike|large,spread_ticks,74,11.0,6.363636363636363,3.5,9.0
NQ.v.0,action_x_surprise,hike|large,spread_ticks,75,11.0,6.909090909090909,3.5,10.0
NQ.v.0,action_x_surprise,hike|large,spread_ticks,76,11.0,5.363636363636363,3.5,6.0
NQ.v.0,action_x_surprise,hike|large,spread_ticks,77,11.0,6.181818181818182,4.5,8.5
NQ.v.0,action_x_surprise,hike|large,spread_ticks,78,11.0,5.2727272727272725,3.0,7.5
NQ.v.0,action_x_surprise,hike|large,spread_ticks,79,11.0,5.181818181818182,3.0,7.0
NQ.v.0,action_x_surprise,hike|large,spread_ticks,80,11.0,6.2727272727272725,3.5,7.5
NQ.v.0,action_x_surprise,hike|large,spread_ticks,81,11.0,6.090909090909091,3.0,8.0
NQ.v.0,action_x_surprise,hike|large,spread_ticks,82,11.0,5.7272727272727275,3.5,8.0
NQ.v.0,action_x_surprise,hike|large,spread_ticks,83,11.0,5.090909090909091,3.5,6.5
NQ.v.0,action_x_surprise,hike|large,spread_ticks,84,11.0,6.181818181818182,3.0,8.5
NQ.v.0,action_x_surprise,hike|large,spread_ticks,85,11.0,5.363636363636363,3.0,7.0
NQ.v.0,action_x_surprise,hike|large,spread_ticks,86,11.0,6.181818181818182,5.0,7.0
NQ.v.0,action_x_surprise,hike|large,spread_ticks,87,11.0,5.818181818181818,4.0,7.5
NQ.v.0,action_x_surprise,hike|large,spread_ticks,88,11.0,5.636363636363637,4.0,7.0
NQ.v.0,action_x_surprise,hike|large,spread_ticks,89,11.0,7.0,3.0,8.5
NQ.v.0,action_x_surprise,hike|large,spread_ticks,90,11.0,6.090909090909091,3.0,8.0
NQ.v.0,action_x_surprise,hike|large,spread_ticks,91,11.0,4.818181818181818,3.5,6.5
NQ.v.0,action_x_surprise,hike|large,spread_ticks,92,11.0,6.0,3.5,8.0
NQ.v.0,action_x_surprise,hike|large,spread_ticks,93,11.0,6.181818181818182,4.0,8.0
NQ.v.0,action_x_surprise,hike|large,spread_ticks,94,11.0,4.818181818181818,3.0,6.5
NQ.v.0,action_x_surprise,hike|large,spread_ticks,95,11.0,5.363636363636363,3.5,7.5
NQ.v.0,action_x_surprise,hike|large,spread_ticks,96,11.0,5.090909090909091,3.0,6.5
NQ.v.0,action_x_surprise,hike|large,spread_ticks,97,11.0,5.636363636363637,3.5,7.5
NQ.v.0,action_x_surprise,hike|large,spread_ticks,98,11.0,5.636363636363637,3.5,7.5
NQ.v.0,action_x_surprise,hike|large,spread_ticks,99,11.0,4.7272727272727275,3.0,6.0
NQ.v.0,action_x_surprise,hike|large,spread_ticks,100,11.0,4.2727272727272725,3.0,5.0
NQ.v.0,action_x_surprise,hike|large,spread_ticks,101,11.0,4.909090909090909,3.0,6.5
NQ.v.0,action_x_surprise,hike|large,spread_ticks,102,11.0,4.0,3.0,5.0
NQ.v.0,action_x_surprise,hike|large,spread_ticks,103,11.0,4.636363636363637,2.5,6.5
NQ.v.0,action_x_surprise,hike|large,spread_ticks,104,11.0,4.636363636363637,3.0,5.0
NQ.v.0,action_x_surprise,hike|large,spread_ticks,105,11.0,4.818181818181818,3.0,6.5
NQ.v.0,action_x_surprise,hike|large,spread_ticks,106,11.0,5.454545454545454,4.5,7.5
NQ.v.0,action_x_surprise,hike|large,spread_ticks,107,11.0,5.0,3.0,6.5
NQ.v.0,action_x_surprise,hike|large,spread_ticks,108,11.0,4.181818181818182,2.0,6.0
NQ.v.0,action_x_surprise,hike|large,spread_ticks,109,11.0,3.909090909090909,2.5,5.0
NQ.v.0,action_x_surprise,hike|large,spread_ticks,110,11.0,4.818181818181818,3.0,6.5
NQ.v.0,action_x_surprise,hike|large,spread_ticks,111,11.0,3.909090909090909,2.5,5.0
NQ.v.0,action_x_surprise,hike|large,spread_ticks,112,11.0,4.818181818181818,4.0,5.5
NQ.v.0,action_x_surprise,hike|large,spread_ticks,113,11.0,5.0,3.5,6.5
NQ.v.0,action_x_surprise,hike|large,spread_ticks,114,11.0,5.181818181818182,3.0,7.0
NQ.v.0,action_x_surprise,hike|large,spread_ticks,115,11.0,4.363636363636363,3.0,5.0
NQ.v.0,action_x_surprise,hike|large,spread_ticks,116,11.0,6.0,3.5,6.0
NQ.v.0,action_x_surprise,hike|large,spread_ticks,117,11.0,4.636363636363637,2.5,5.5
NQ.v.0,action_x_surprise,hike|large,spread_ticks,118,11.0,4.363636363636363,2.5,5.5
NQ.v.0,action_x_surprise,hike|large,spread_ticks,119,11.0,3.727272727272727,2.5,4.5
NQ.v.0,action_x_surprise,hike|large,spread_ticks,120,11.0,4.7272727272727275,3.0,6.5
NQ.v.0,action_x_surprise,hike|medium,spread_ticks,-60,6.0,4.333333333333333,2.0,6.75
NQ.v.0,action_x_surprise,hike|medium,spread_ticks,-59,6.0,5.0,2.75,6.75
NQ.v.0,action_x_surprise,hike|medium,spread_ticks,-58,6.0,5.333333333333333,2.5,6.5
NQ.v.0,action_x_surprise,hike|medium,spread_ticks,-57,6.0,4.166666666666667,2.5,5.0
NQ.v.0,action_x_surprise,hike|medium,spread_ticks,-56,6.0,5.5,2.25,7.75
NQ.v.0,action_x_surprise,hike|medium,spread_ticks,-55,6.0,5.333333333333333,2.0,7.0
NQ.v.0,action_x_surprise,hike|medium,spread_ticks,-54,6.0,4.0,2.0,6.0
NQ.v.0,action_x_surprise,hike|medium,spread_ticks,-53,6.0,4.5,2.0,6.75
NQ.v.0,action_x_surprise,hike|medium,spread_ticks,-52,6.0,4.833333333333333,2.0,6.75
NQ.v.0,action_x_surprise,hike|medium,spread_ticks,-51,6.0,4.5,2.0,6.25
NQ.v.0,action_x_surprise,hike|medium,spread_ticks,-50,6.0,5.333333333333333,2.0,7.0
NQ.v.0,action_x_surprise,hike|medium,spread_ticks,-49,6.0,3.6666666666666665,2.0,5.5
NQ.v.0,action_x_surprise,hike|medium,spread_ticks,-48,6.0,4.5,2.0,6.0
NQ.v.0,action_x_surprise,hike|medium,spread_ticks,-47,6.0,5.0,2.0,7.5
NQ.v.0,action_x_surprise,hike|medium,spread_ticks,-46,6.0,5.333333333333333,2.5,7.0
NQ.v.0,action_x_surprise,hike|medium,spread_ticks,-45,6.0,7.5,5.25,10.75
NQ.v.0,action_x_surprise,hike|medium,spread_ticks,-44,6.0,5.5,3.5,5.75
NQ.v.0,action_x_surprise,hike|medium,spread_ticks,-43,6.0,6.5,4.0,8.75
NQ.v.0,action_x_surprise,hike|medium,spread_ticks,-42,6.0,6.5,4.0,8.75
NQ.v.0,action_x_surprise,hike|medium,spread_ticks,-41,6.0,4.666666666666667,3.0,4.75
NQ.v.0,action_x_surprise,hike|medium,spread_ticks,-40,6.0,5.333333333333333,2.25,7.25
NQ.v.0,action_x_surprise,hike|medium,spread_ticks,-39,6.0,5.666666666666667,3.25,7.5
NQ.v.0,action_x_surprise,hike|medium,spread_ticks,-38,6.0,5.333333333333333,3.0,7.0
NQ.v.0,action_x_surprise,hike|medium,spread_ticks,-37,6.0,3.8333333333333335,3.0,4.75
NQ.v.0,action_x_surprise,hike|medium,spread_ticks,-36,6.0,4.333333333333333,3.0,4.0
NQ.v.0,action_x_surprise,hike|medium,spread_ticks,-35,6.0,5.666666666666667,3.25,6.5
NQ.v.0,action_x_surprise,hike|medium,spread_ticks,-34,6.0,3.6666666666666665,2.25,4.75
NQ.v.0,action_x_surprise,hike|medium,spread_ticks,-33,6.0,5.0,2.25,6.75
NQ.v.0,action_x_surprise,hike|medium,spread_ticks,-32,6.0,4.833333333333333,3.0,6.5
NQ.v.0,action_x_surprise,hike|medium,spread_ticks,-31,6.0,5.0,3.5,6.5
NQ.v.0,action_x_surprise,hike|medium,spread_ticks,-30,6.0,5.666666666666667,3.0,7.75
NQ.v.0,action_x_surprise,hike|medium,spread_ticks,-29,6.0,5.666666666666667,2.25,7.0
NQ.v.0,action_x_surprise,hike|medium,spread_ticks,-28,6.0,5.333333333333333,2.0,5.75
NQ.v.0,action_x_surprise,hike|medium,spread_ticks,-27,6.0,5.166666666666667,2.0,6.0
NQ.v.0,action_x_surprise,hike|medium,spread_ticks,-26,6.0,3.8333333333333335,2.0,5.25
NQ.v.0,action_x_surprise,hike|medium,spread_ticks,-25,6.0,4.333333333333333,2.5,6.25
NQ.v.0,action_x_surprise,hike|medium,spread_ticks,-24,6.0,4.5,3.0,6.25
NQ.v.0,action_x_surprise,hike|medium,spread_ticks,-23,6.0,3.6666666666666665,3.0,4.5
NQ.v.0,action_x_surprise,hike|medium,spread_ticks,-22,6.0,5.0,3.0,6.75
NQ.v.0,action_x_surprise,hike|medium,spread_ticks,-21,6.0,5.0,3.0,5.75
NQ.v.0,action_x_surprise,hike|medium,spread_ticks,-20,6.0,5.666666666666667,3.5,8.0
NQ.v.0,action_x_surprise,hike|medium,spread_ticks,-19,6.0,5.5,3.25,7.25
NQ.v.0,action_x_surprise,hike|medium,spread_ticks,-18,6.0,5.5,3.0,6.5
NQ.v.0,action_x_surprise,hike|medium,spread_ticks,-17,6.0,5.0,2.25,6.0
NQ.v.0,action_x_surprise,hike|medium,spread_ticks,-16,6.0,6.0,3.0,8.25
NQ.v.0,action_x_surprise,hike|medium,spread_ticks,-15,6.0,5.333333333333333,2.25,8.5
NQ.v.0,action_x_surprise,hike|medium,spread_ticks,-14,6.0,6.0,3.0,7.75
NQ.v.0,action_x_surprise,hike|medium,spread_ticks,-13,6.0,5.833333333333333,3.25,6.5
NQ.v.0,action_x_surprise,hike|medium,spread_ticks,-12,6.0,4.333333333333333,3.0,5.75
NQ.v.0,action_x_surprise,hike|medium,spread_ticks,-11,6.0,4.666666666666667,3.0,5.0
NQ.v.0,action_x_surprise,hike|medium,spread_ticks,-10,6.0,5.5,3.75,7.0
NQ.v.0,action_x_surprise,hike|medium,spread_ticks,-9,6.0,7.166666666666667,3.25,7.5
NQ.v.0,action_x_surprise,hike|medium,spread_ticks,-8,6.0,5.833333333333333,3.75,7.5
NQ.v.0,action_x_surprise,hike|medium,spread_ticks,-7,6.0,9.833333333333334,5.25,12.0
NQ.v.0,action_x_surprise,hike|medium,spread_ticks,-6,6.0,7.666666666666667,5.0,6.75
NQ.v.0,action_x_surprise,hike|medium,spread_ticks,-5,6.0,7.0,4.25,5.0
NQ.v.0,action_x_surprise,hike|medium,spread_ticks,-4,6.0,8.666666666666666,5.25,9.5
NQ.v.0,action_x_surprise,hike|medium,spread_ticks,-3,6.0,9.333333333333334,4.5,8.75
NQ.v.0,action_x_surprise,hike|medium,spread_ticks,-2,6.0,10.166666666666666,5.0,7.5
NQ.v.0,action_x_surprise,hike|medium,spread_ticks,-1,6.0,9.833333333333334,3.25,10.5
NQ.v.0,action_x_surprise,hike|medium,spread_ticks,0,6.0,8.666666666666666,5.0,8.5
NQ.v.0,action_x_surprise,hike|medium,spread_ticks,1,6.0,11.0,4.0,11.0
NQ.v.0,action_x_surprise,hike|medium,spread_ticks,2,6.0,11.333333333333334,5.0,13.75
NQ.v.0,action_x_surprise,hike|medium,spread_ticks,3,6.0,11.0,5.5,12.25
NQ.v.0,action_x_surprise,hike|medium,spread_ticks,4,6.0,12.5,5.0,19.5
NQ.v.0,action_x_surprise,hike|medium,spread_ticks,5,6.0,8.166666666666666,6.25,9.5
NQ.v.0,action_x_surprise,hike|medium,spread_ticks,6,6.0,8.0,5.75,8.75
NQ.v.0,action_x_surprise,hike|medium,spread_ticks,7,6.0,8.666666666666666,5.25,11.75
NQ.v.0,action_x_surprise,hike|medium,spread_ticks,8,6.0,10.5,6.25,11.75
NQ.v.0,action_x_surprise,hike|medium,spread_ticks,9,6.0,11.0,5.5,17.0
NQ.v.0,action_x_surprise,hike|medium,spread_ticks,10,6.0,9.333333333333334,3.75,15.25
NQ.v.0,action_x_surprise,hike|medium,spread_ticks,11,6.0,10.333333333333334,4.25,16.75
NQ.v.0,action_x_surprise,hike|medium,spread_ticks,12,6.0,8.5,4.75,10.75
NQ.v.0,action_x_surprise,hike|medium,spread_ticks,13,6.0,10.666666666666666,5.5,12.5
NQ.v.0,action_x_surprise,hike|medium,spread_ticks,14,6.0,8.166666666666666,5.5,9.5
NQ.v.0,action_x_surprise,hike|medium,spread_ticks,15,6.0,9.666666666666666,5.0,11.0
NQ.v.0,action_x_surprise,hike|medium,spread_ticks,16,6.0,8.5,7.25,10.75
NQ.v.0,action_x_surprise,hike|medium,spread_ticks,17,6.0,9.166666666666666,4.25,13.5
NQ.v.0,action_x_surprise,hike|medium,spread_ticks,18,6.0,10.333333333333334,5.0,15.5
NQ.v.0,action_x_surprise,hike|medium,spread_ticks,19,6.0,9.0,4.5,12.5
NQ.v.0,action_x_surprise,hike|medium,spread_ticks,20,6.0,7.0,3.75,7.5
NQ.v.0,action_x_surprise,hike|medium,spread_ticks,21,6.0,7.333333333333333,5.25,7.75
NQ.v.0,action_x_surprise,hike|medium,spread_ticks,22,6.0,8.166666666666666,4.25,11.75
NQ.v.0,action_x_surprise,hike|medium,spread_ticks,23,6.0,9.333333333333334,3.5,16.5
NQ.v.0,action_x_surprise,hike|medium,spread_ticks,24,6.0,7.0,3.75,10.25
NQ.v.0,action_x_surprise,hike|medium,spread_ticks,25,6.0,6.833333333333333,4.25,9.5
NQ.v.0,action_x_surprise,hike|medium,spread_ticks,26,6.0,7.166666666666667,3.75,10.75
NQ.v.0,action_x_surprise,hike|medium,spread_ticks,27,6.0,6.166666666666667,3.5,8.75
NQ.v.0,action_x_surprise,hike|medium,spread_ticks,28,6.0,5.666666666666667,3.25,7.75
NQ.v.0,action_x_surprise,hike|medium,spread_ticks,29,6.0,7.333333333333333,4.25,10.75
NQ.v.0,action_x_surprise,hike|medium,spread_ticks,30,6.0,6.666666666666667,4.25,8.5
NQ.v.0,action_x_surprise,hike|medium,spread_ticks,31,6.0,5.166666666666667,2.5,7.0
NQ.v.0,action_x_surprise,hike|medium,spread_ticks,32,6.0,5.833333333333333,3.75,6.0
NQ.v.0,action_x_surprise,hike|medium,spread_ticks,33,6.0,4.166666666666667,2.25,5.75
NQ.v.0,action_x_surprise,hike|medium,spread_ticks,34,6.0,4.833333333333333,2.5,6.25
NQ.v.0,action_x_surprise,hike|medium,spread_ticks,35,6.0,4.0,2.5,5.5
NQ.v.0,action_x_surprise,hike|medium,spread_ticks,36,6.0,4.5,3.0,6.5
NQ.v.0,action_x_surprise,hike|medium,spread_ticks,37,6.0,4.666666666666667,3.25,5.5
NQ.v.0,action_x_surprise,hike|medium,spread_ticks,38,6.0,3.5,2.25,4.5
NQ.v.0,action_x_surprise,hike|medium,spread_ticks,39,6.0,5.166666666666667,3.0,6.25
NQ.v.0,action_x_surprise,hike|medium,spread_ticks,40,6.0,4.666666666666667,2.25,6.5
NQ.v.0,action_x_surprise,hike|medium,spread_ticks,41,6.0,4.166666666666667,2.25,5.75
NQ.v.0,action_x_surprise,hike|medium,spread_ticks,42,6.0,5.0,2.0,7.5
NQ.v.0,action_x_surprise,hike|medium,spread_ticks,43,6.0,4.0,2.5,5.5
NQ.v.0,action_x_surprise,hike|medium,spread_ticks,44,6.0,4.166666666666667,2.25,4.5
NQ.v.0,action_x_surprise,hike|medium,spread_ticks,45,6.0,3.6666666666666665,3.0,3.75
NQ.v.0,action_x_surprise,hike|medium,spread_ticks,46,6.0,3.6666666666666665,2.0,4.75
NQ.v.0,action_x_surprise,hike|medium,spread_ticks,47,6.0,3.6666666666666665,3.0,3.75
NQ.v.0,action_x_surprise,hike|medium,spread_ticks,48,6.0,3.8333333333333335,2.25,5.5
NQ.v.0,action_x_surprise,hike|medium,spread_ticks,49,6.0,4.5,2.5,5.75
NQ.v.0,action_x_surprise,hike|medium,spread_ticks,50,6.0,4.333333333333333,3.0,4.75
NQ.v.0,action_x_surprise,hike|medium,spread_ticks,51,6.0,4.833333333333333,2.25,6.25
NQ.v.0,action_x_surprise,hike|medium,spread_ticks,52,6.0,3.3333333333333335,3.0,3.0
NQ.v.0,action_x_surprise,hike|medium,spread_ticks,53,6.0,3.1666666666666665,2.25,4.5
NQ.v.0,action_x_surprise,hike|medium,spread_ticks,54,6.0,3.5,2.25,4.0
NQ.v.0,action_x_surprise,hike|medium,spread_ticks,55,6.0,4.0,2.25,4.75
NQ.v.0,action_x_surprise,hike|medium,spread_ticks,56,6.0,3.5,2.0,4.0
NQ.v.0,action_x_surprise,hike|medium,spread_ticks,57,6.0,3.6666666666666665,2.0,4.75
NQ.v.0,action_x_surprise,hike|medium,spread_ticks,58,6.0,4.333333333333333,2.25,6.25
NQ.v.0,action_x_surprise,hike|medium,spread_ticks,59,6.0,3.1666666666666665,2.25,3.75
NQ.v.0,action_x_surprise,hike|medium,spread_ticks,60,6.0,3.6666666666666665,2.25,4.0
NQ.v.0,action_x_surprise,hike|medium,spread_ticks,61,6.0,3.0,2.25,3.75
NQ.v.0,action_x_surprise,hike|medium,spread_ticks,62,6.0,3.5,2.25,4.0
NQ.v.0,action_x_surprise,hike|medium,spread_ticks,63,6.0,2.6666666666666665,2.0,3.0
NQ.v.0,action_x_surprise,hike|medium,spread_ticks,64,6.0,3.3333333333333335,2.25,4.5
NQ.v.0,action_x_surprise,hike|medium,spread_ticks,65,6.0,2.6666666666666665,2.0,3.0
NQ.v.0,action_x_surprise,hike|medium,spread_ticks,66,6.0,3.6666666666666665,2.25,3.75
NQ.v.0,action_x_surprise,hike|medium,spread_ticks,67,6.0,3.5,2.25,3.75
NQ.v.0,action_x_surprise,hike|medium,spread_ticks,68,6.0,3.1666666666666665,2.25,3.75
NQ.v.0,action_x_surprise,hike|medium,spread_ticks,69,6.0,3.5,2.25,3.75
NQ.v.0,action_x_surprise,hike|medium,spread_ticks,70,6.0,3.5,3.0,4.5
NQ.v.0,action_x_surprise,hike|medium,spread_ticks,71,6.0,3.3333333333333335,2.0,3.75
NQ.v.0,action_x_surprise,hike|medium,spread_ticks,72,6.0,3.5,2.0,4.0
NQ.v.0,action_x_surprise,hike|medium,spread_ticks,73,6.0,3.3333333333333335,2.25,3.75
NQ.v.0,action_x_surprise,hike|medium,spread_ticks,74,6.0,3.1666666666666665,2.0,3.5
NQ.v.0,action_x_surprise,hike|medium,spread_ticks,75,6.0,3.5,2.0,5.5
NQ.v.0,action_x_surprise,hike|medium,spread_ticks,76,6.0,2.8333333333333335,2.0,3.75
NQ.v.0,action_x_surprise,hike|medium,spread_ticks,77,6.0,3.5,2.0,4.0
NQ.v.0,action_x_surprise,hike|medium,spread_ticks,78,6.0,3.3333333333333335,2.25,4.0
NQ.v.0,action_x_surprise,hike|medium,spread_ticks,79,6.0,3.1666666666666665,2.25,3.75
NQ.v.0,action_x_surprise,hike|medium,spread_ticks,80,6.0,3.0,2.0,3.75
NQ.v.0,action_x_surprise,hike|medium,spread_ticks,81,6.0,3.5,2.25,4.0
NQ.v.0,action_x_surprise,hike|medium,spread_ticks,82,6.0,3.5,2.25,4.0
NQ.v.0,action_x_surprise,hike|medium,spread_ticks,83,6.0,3.1666666666666665,2.25,3.75
NQ.v.0,action_x_surprise,hike|medium,spread_ticks,84,6.0,3.1666666666666665,2.0,3.75
NQ.v.0,action_x_surprise,hike|medium,spread_ticks,85,6.0,3.1666666666666665,2.25,3.75
NQ.v.0,action_x_surprise,hike|medium,spread_ticks,86,6.0,3.6666666666666665,2.25,4.75
NQ.v.0,action_x_surprise,hike|medium,spread_ticks,87,6.0,3.0,2.25,3.75
NQ.v.0,action_x_surprise,hike|medium,spread_ticks,88,6.0,3.0,2.0,4.0
NQ.v.0,action_x_surprise,hike|medium,spread_ticks,89,6.0,3.5,2.0,3.75
NQ.v.0,action_x_surprise,hike|medium,spread_ticks,90,6.0,3.5,2.25,4.0
NQ.v.0,action_x_surprise,hike|medium,spread_ticks,91,6.0,3.0,2.25,3.75
NQ.v.0,action_x_surprise,hike|medium,spread_ticks,92,6.0,3.0,2.0,4.5
NQ.v.0,action_x_surprise,hike|medium,spread_ticks,93,6.0,3.0,3.0,3.0
NQ.v.0,action_x_surprise,hike|medium,spread_ticks,94,6.0,3.1666666666666665,2.25,3.75
NQ.v.0,action_x_surprise,hike|medium,spread_ticks,95,6.0,3.0,2.25,3.75
NQ.v.0,action_x_surprise,hike|medium,spread_ticks,96,6.0,3.1666666666666665,2.25,3.75
NQ.v.0,action_x_surprise,hike|medium,spread_ticks,97,6.0,3.0,2.0,4.25
NQ.v.0,action_x_surprise,hike|medium,spread_ticks,98,6.0,3.0,2.25,3.75
NQ.v.0,action_x_surprise,hike|medium,spread_ticks,99,6.0,2.6666666666666665,2.0,3.0
NQ.v.0,action_x_surprise,hike|medium,spread_ticks,100,6.0,3.0,2.0,3.0
NQ.v.0,action_x_surprise,hike|medium,spread_ticks,101,6.0,3.0,2.0,3.75
NQ.v.0,action_x_surprise,hike|medium,spread_ticks,102,6.0,2.6666666666666665,2.0,3.0
NQ.v.0,action_x_surprise,hike|medium,spread_ticks,103,6.0,2.8333333333333335,2.0,3.5
NQ.v.0,action_x_surprise,hike|medium,spread_ticks,104,6.0,3.1666666666666665,2.25,3.75
NQ.v.0,action_x_surprise,hike|medium,spread_ticks,105,6.0,3.0,2.0,3.75
NQ.v.0,action_x_surprise,hike|medium,spread_ticks,106,6.0,2.8333333333333335,2.0,3.0
NQ.v.0,action_x_surprise,hike|medium,spread_ticks,107,6.0,2.8333333333333335,2.0,3.0
NQ.v.0,action_x_surprise,hike|medium,spread_ticks,108,6.0,3.0,2.25,3.0
NQ.v.0,action_x_surprise,hike|medium,spread_ticks,109,6.0,2.6666666666666665,2.25,3.0
NQ.v.0,action_x_surprise,hike|medium,spread_ticks,110,6.0,2.8333333333333335,2.0,3.0
NQ.v.0,action_x_surprise,hike|medium,spread_ticks,111,6.0,2.6666666666666665,2.0,3.0
NQ.v.0,action_x_surprise,hike|medium,spread_ticks,112,6.0,3.0,2.0,4.0
NQ.v.0,action_x_surprise,hike|medium,spread_ticks,113,6.0,2.6666666666666665,2.0,3.0
NQ.v.0,action_x_surprise,hike|medium,spread_ticks,114,6.0,2.8333333333333335,2.25,3.0
NQ.v.0,action_x_surprise,hike|medium,spread_ticks,115,6.0,2.3333333333333335,2.0,3.0
NQ.v.0,action_x_surprise,hike|medium,spread_ticks,116,6.0,3.1666666666666665,2.0,4.5
NQ.v.0,action_x_surprise,hike|medium,spread_ticks,117,6.0,2.5,1.25,2.75
NQ.v.0,action_x_surprise,hike|medium,spread_ticks,118,6.0,2.6666666666666665,2.0,3.0
NQ.v.0,action_x_surprise,hike|medium,spread_ticks,119,6.0,2.5,1.25,2.75
NQ.v.0,action_x_surprise,hike|medium,spread_ticks,120,6.0,2.8333333333333335,2.0,3.0
NQ.v.0,action_x_surprise,hike|small,spread_ticks,-60,4.0,3.5,2.5,4.5
NQ.v.0,action_x_surprise,hike|small,spread_ticks,-59,4.0,4.0,2.75,5.25
NQ.v.0,action_x_surprise,hike|small,spread_ticks,-58,4.0,3.5,2.5,4.5
NQ.v.0,action_x_surprise,hike|small,spread_ticks,-57,4.0,2.75,2.0,2.75
NQ.v.0,action_x_surprise,hike|small,spread_ticks,-56,4.0,3.25,2.0,3.25
NQ.v.0,action_x_surprise,hike|small,spread_ticks,-55,4.0,3.75,3.5,4.25
NQ.v.0,action_x_surprise,hike|small,spread_ticks,-54,4.0,3.5,3.25,4.25
NQ.v.0,action_x_surprise,hike|small,spread_ticks,-53,4.0,3.5,3.5,4.0
NQ.v.0,action_x_surprise,hike|small,spread_ticks,-52,4.0,3.5,2.75,4.25
NQ.v.0,action_x_surprise,hike|small,spread_ticks,-51,4.0,4.0,2.75,4.75
NQ.v.0,action_x_surprise,hike|small,spread_ticks,-50,4.0,3.75,3.0,3.75
NQ.v.0,action_x_surprise,hike|small,spread_ticks,-49,4.0,4.0,2.0,4.5
NQ.v.0,action_x_surprise,hike|small,spread_ticks,-48,4.0,4.5,1.75,6.25
NQ.v.0,action_x_surprise,hike|small,spread_ticks,-47,4.0,3.0,1.75,4.25
NQ.v.0,action_x_surprise,hike|small,spread_ticks,-46,4.0,2.75,1.75,3.5
NQ.v.0,action_x_surprise,hike|small,spread_ticks,-45,4.0,3.25,1.75,5.0
NQ.v.0,action_x_surprise,hike|small,spread_ticks,-44,4.0,3.75,1.75,5.0
NQ.v.0,action_x_surprise,hike|small,spread_ticks,-43,4.0,3.75,2.75,4.5
NQ.v.0,action_x_surprise,hike|small,spread_ticks,-42,4.0,3.25,2.75,3.5
NQ.v.0,action_x_surprise,hike|small,spread_ticks,-41,4.0,3.5,2.5,4.0
NQ.v.0,action_x_surprise,hike|small,spread_ticks,-40,4.0,3.5,2.5,4.0
NQ.v.0,action_x_surprise,hike|small,spread_ticks,-39,4.0,3.75,2.5,5.25
NQ.v.0,action_x_surprise,hike|small,spread_ticks,-38,4.0,3.25,2.5,4.25
NQ.v.0,action_x_surprise,hike|small,spread_ticks,-37,4.0,3.0,2.0,4.0
NQ.v.0,action_x_surprise,hike|small,spread_ticks,-36,4.0,2.5,2.0,3.0
NQ.v.0,action_x_surprise,hike|small,spread_ticks,-35,4.0,4.75,2.5,7.25
NQ.v.0,action_x_surprise,hike|small,spread_ticks,-34,4.0,3.0,1.75,3.75
NQ.v.0,action_x_surprise,hike|small,spread_ticks,-33,4.0,3.75,2.75,4.0
NQ.v.0,action_x_surprise,hike|small,spread_ticks,-32,4.0,4.0,2.75,4.25
NQ.v.0,action_x_surprise,hike|small,spread_ticks,-31,4.0,4.0,2.0,4.5
NQ.v.0,action_x_surprise,hike|small,spread_ticks,-30,4.0,3.0,2.0,3.5
NQ.v.0,action_x_surprise,hike|small,spread_ticks,-29,4.0,4.5,2.75,5.75
NQ.v.0,action_x_surprise,hike|small,spread_ticks,-28,4.0,4.5,2.75,5.75
NQ.v.0,action_x_surprise,hike|small,spread_ticks,-27,4.0,3.5,2.0,4.0
NQ.v.0,action_x_surprise,hike|small,spread_ticks,-26,4.0,2.5,1.75,3.25
NQ.v.0,action_x_surprise,hike|small,spread_ticks,-25,4.0,2.75,1.75,3.5
NQ.v.0,action_x_surprise,hike|small,spread_ticks,-24,4.0,3.0,1.75,3.75
NQ.v.0,action_x_surprise,hike|small,spread_ticks,-23,4.0,2.5,1.0,3.0
NQ.v.0,action_x_surprise,hike|small,spread_ticks,-22,4.0,3.75,2.0,5.25
NQ.v.0,action_x_surprise,hike|small,spread_ticks,-21,4.0,2.75,1.75,3.0
NQ.v.0,action_x_surprise,hike|small,spread_ticks,-20,4.0,3.0,1.75,3.75
NQ.v.0,action_x_surprise,hike|small,spread_ticks,-19,4.0,2.5,1.75,3.25
NQ.v.0,action_x_surprise,hike|small,spread_ticks,-18,4.0,3.75,2.75,4.5
NQ.v.0,action_x_surprise,hike|small,spread_ticks,-17,4.0,3.5,2.0,4.5
NQ.v.0,action_x_surprise,hike|small,spread_ticks,-16,4.0,4.0,2.0,5.0
NQ.v.0,action_x_surprise,hike|small,spread_ticks,-15,4.0,3.5,2.0,4.5
NQ.v.0,action_x_surprise,hike|small,spread_ticks,-14,4.0,3.0,2.0,3.5
NQ.v.0,action_x_surprise,hike|small,spread_ticks,-13,4.0,3.5,2.0,4.0
NQ.v.0,action_x_surprise,hike|small,spread_ticks,-12,4.0,2.75,2.0,3.25
NQ.v.0,action_x_surprise,hike|small,spread_ticks,-11,4.0,3.0,2.0,3.5
NQ.v.0,action_x_surprise,hike|small,spread_ticks,-10,4.0,3.5,2.0,4.0
NQ.v.0,action_x_surprise,hike|small,spread_ticks,-9,4.0,4.25,2.5,5.75
NQ.v.0,action_x_surprise,hike|small,spread_ticks,-8,4.0,3.5,1.0,5.5
NQ.v.0,action_x_surprise,hike|small,spread_ticks,-7,4.0,3.25,1.75,3.5
NQ.v.0,action_x_surprise,hike|small,spread_ticks,-6,4.0,3.75,2.0,4.25
NQ.v.0,action_x_surprise,hike|small,spread_ticks,-5,4.0,3.0,2.0,3.5
NQ.v.0,action_x_surprise,hike|small,spread_ticks,-4,4.0,3.75,2.0,4.25
NQ.v.0,action_x_surprise,hike|small,spread_ticks,-3,4.0,4.5,2.75,4.75
NQ.v.0,action_x_surprise,hike|small,spread_ticks,-2,4.0,4.5,2.75,5.75
NQ.v.0,action_x_surprise,hike|small,spread_ticks,-1,4.0,4.25,2.75,5.0
NQ.v.0,action_x_surprise,hike|small,spread_ticks,0,4.0,4.75,2.75,6.0
NQ.v.0,action_x_surprise,hike|small,spread_ticks,1,4.0,7.5,3.5,8.5
NQ.v.0,action_x_surprise,hike|small,spread_ticks,2,4.0,8.75,5.75,12.0
NQ.v.0,action_x_surprise,hike|small,spread_ticks,3,4.0,9.0,4.0,12.5
NQ.v.0,action_x_surprise,hike|small,spread_ticks,4,4.0,8.0,4.75,9.75
NQ.v.0,action_x_surprise,hike|small,spread_ticks,5,4.0,7.5,4.25,8.75
NQ.v.0,action_x_surprise,hike|small,spread_ticks,6,4.0,4.75,3.5,6.25
NQ.v.0,action_x_surprise,hike|small,spread_ticks,7,4.0,3.25,2.0,4.25
NQ.v.0,action_x_surprise,hike|small,spread_ticks,8,4.0,3.25,2.75,3.5
NQ.v.0,action_x_surprise,hike|small,spread_ticks,9,4.0,4.5,3.0,6.0
NQ.v.0,action_x_surprise,hike|small,spread_ticks,10,4.0,6.0,2.75,6.75
NQ.v.0,action_x_surprise,hike|small,spread_ticks,11,4.0,6.5,3.5,7.0
NQ.v.0,action_x_surprise,hike|small,spread_ticks,12,4.0,8.25,3.0,8.75
NQ.v.0,action_x_surprise,hike|small,spread_ticks,13,4.0,6.25,2.75,6.5
NQ.v.0,action_x_surprise,hike|small,spread_ticks,14,4.0,3.75,2.5,4.25
NQ.v.0,action_x_surprise,hike|small,spread_ticks,15,4.0,8.25,2.0,9.25
NQ.v.0,action_x_surprise,hike|small,spread_ticks,16,4.0,4.75,2.0,5.25
NQ.v.0,action_x_surprise,hike|small,spread_ticks,17,4.0,7.0,2.75,8.75
NQ.v.0,action_x_surprise,hike|small,spread_ticks,18,4.0,6.0,2.75,6.75
NQ.v.0,action_x_surprise,hike|small,spread_ticks,19,4.0,5.5,2.0,8.0
NQ.v.0,action_x_surprise,hike|small,spread_ticks,20,4.0,4.25,2.0,4.75
NQ.v.0,action_x_surprise,hike|small,spread_ticks,21,4.0,4.5,2.75,4.75
NQ.v.0,action_x_surprise,hike|small,spread_ticks,22,4.0,4.0,2.0,4.5
NQ.v.0,action_x_surprise,hike|small,spread_ticks,23,4.0,5.25,1.75,8.0
NQ.v.0,action_x_surprise,hike|small,spread_ticks,24,4.0,4.5,2.75,5.75
NQ.v.0,action_x_surprise,hike|small,spread_ticks,25,4.0,5.5,2.75,5.75
NQ.v.0,action_x_surprise,hike|small,spread_ticks,26,4.0,4.25,2.75,4.5
NQ.v.0,action_x_surprise,hike|small,spread_ticks,27,4.0,4.25,2.75,4.5
NQ.v.0,action_x_surprise,hike|small,spread_ticks,28,4.0,5.0,3.75,5.75
NQ.v.0,action_x_surprise,hike|small,spread_ticks,29,4.0,5.75,2.75,6.0
NQ.v.0,action_x_surprise,hike|small,spread_ticks,30,4.0,5.0,2.75,6.25
NQ.v.0,action_x_surprise,hike|small,spread_ticks,31,4.0,3.25,1.75,3.5
NQ.v.0,action_x_surprise,hike|small,spread_ticks,32,4.0,2.25,1.0,2.75
NQ.v.0,action_x_surprise,hike|small,spread_ticks,33,4.0,3.25,1.75,4.0
NQ.v.0,action_x_surprise,hike|small,spread_ticks,34,4.0,3.0,1.75,3.75
NQ.v.0,action_x_surprise,hike|small,spread_ticks,35,4.0,3.25,1.75,4.5
NQ.v.0,action_x_surprise,hike|small,spread_ticks,36,4.0,3.0,1.75,4.25
NQ.v.0,action_x_surprise,hike|small,spread_ticks,37,4.0,3.25,2.75,3.5
NQ.v.0,action_x_surprise,hike|small,spread_ticks,38,4.0,4.25,2.0,5.75
NQ.v.0,action_x_surprise,hike|small,spread_ticks,39,4.0,3.5,1.75,4.75
NQ.v.0,action_x_surprise,hike|small,spread_ticks,40,4.0,4.5,2.0,6.5
NQ.v.0,action_x_surprise,hike|small,spread_ticks,41,4.0,2.5,2.0,2.5
NQ.v.0,action_x_surprise,hike|small,spread_ticks,42,4.0,2.75,1.75,4.0
NQ.v.0,action_x_surprise,hike|small,spread_ticks,43,4.0,2.75,1.75,3.5
NQ.v.0,action_x_surprise,hike|small,spread_ticks,44,4.0,2.75,1.75,4.0
NQ.v.0,action_x_surprise,hike|small,spread_ticks,45,4.0,2.5,2.0,2.5
NQ.v.0,action_x_surprise,hike|small,spread_ticks,46,4.0,2.5,1.75,3.25
NQ.v.0,action_x_surprise,hike|small,spread_ticks,47,4.0,3.25,2.75,4.0
NQ.v.0,action_x_surprise,hike|small,spread_ticks,48,4.0,2.75,1.75,4.0
NQ.v.0,action_x_surprise,hike|small,spread_ticks,49,4.0,2.25,1.75,2.5
NQ.v.0,action_x_surprise,hike|small,spread_ticks,50,4.0,2.75,2.0,3.25
NQ.v.0,action_x_surprise,hike|small,spread_ticks,51,4.0,3.25,1.75,5.0
NQ.v.0,action_x_surprise,hike|small,spread_ticks,52,4.0,3.0,2.0,4.0
NQ.v.0,action_x_surprise,hike|small,spread_ticks,53,4.0,2.5,1.75,3.25
NQ.v.0,action_x_surprise,hike|small,spread_ticks,54,4.0,3.0,1.75,4.25
NQ.v.0,action_x_surprise,hike|small,spread_ticks,55,4.0,3.25,2.75,4.0
NQ.v.0,action_x_surprise,hike|small,spread_ticks,56,4.0,2.75,2.0,2.75
NQ.v.0,action_x_surprise,hike|small,spread_ticks,57,4.0,3.25,2.0,4.25
NQ.v.0,action_x_surprise,hike|small,spread_ticks,58,4.0,3.25,2.0,3.75
NQ.v.0,action_x_surprise,hike|small,spread_ticks,59,4.0,2.75,2.0,3.25
NQ.v.0,action_x_surprise,hike|small,spread_ticks,60,4.0,1.75,1.0,1.75
NQ.v.0,action_x_surprise,hike|small,spread_ticks,61,4.0,2.5,1.0,3.5
NQ.v.0,action_x_surprise,hike|small,spread_ticks,62,4.0,2.75,2.0,2.75
NQ.v.0,action_x_surprise,hike|small,spread_ticks,63,4.0,3.25,2.5,4.25
NQ.v.0,action_x_surprise,hike|small,spread_ticks,64,4.0,3.0,2.75,3.25
NQ.v.0,action_x_surprise,hike|small,spread_ticks,65,4.0,2.5,1.75,3.25
NQ.v.0,action_x_surprise,hike|small,spread_ticks,66,4.0,2.5,1.75,3.25
NQ.v.0,action_x_surprise,hike|small,spread_ticks,67,4.0,2.75,2.0,3.25
NQ.v.0,action_x_surprise,hike|small,spread_ticks,68,4.0,2.5,2.5,3.0
NQ.v.0,action_x_surprise,hike|small,spread_ticks,69,4.0,2.75,1.75,3.5
NQ.v.0,action_x_surprise,hike|small,spread_ticks,70,4.0,3.0,1.75,3.75
NQ.v.0,action_x_surprise,hike|small,spread_ticks,71,4.0,2.75,2.0,3.25
NQ.v.0,action_x_surprise,hike|small,spread_ticks,72,4.0,3.0,1.75,4.25
NQ.v.0,action_x_surprise,hike|small,spread_ticks,73,4.0,3.25,2.0,4.25
NQ.v.0,action_x_surprise,hike|small,spread_ticks,74,4.0,3.0,1.75,4.25
NQ.v.0,action_x_surprise,hike|small,spread_ticks,75,4.0,2.0,1.75,2.25
NQ.v.0,action_x_surprise,hike|small,spread_ticks,76,4.0,2.75,2.0,3.25
NQ.v.0,action_x_surprise,hike|small,spread_ticks,77,4.0,3.0,1.75,3.75
NQ.v.0,action_x_surprise,hike|small,spread_ticks,78,4.0,2.75,1.75,4.0
NQ.v.0,action_x_surprise,hike|small,spread_ticks,79,4.0,2.5,1.75,3.25
NQ.v.0,action_x_surprise,hike|small,spread_ticks,80,4.0,2.75,2.0,3.25
NQ.v.0,action_x_surprise,hike|small,spread_ticks,81,4.0,2.0,1.0,2.5
NQ.v.0,action_x_surprise,hike|small,spread_ticks,82,4.0,2.75,1.75,4.0
NQ.v.0,action_x_surprise,hike|small,spread_ticks,83,4.0,2.75,2.0,3.25
NQ.v.0,action_x_surprise,hike|small,spread_ticks,84,4.0,2.75,1.75,4.0
NQ.v.0,action_x_surprise,hike|small,spread_ticks,85,4.0,3.0,2.0,4.0
NQ.v.0,action_x_surprise,hike|small,spread_ticks,86,4.0,3.0,2.0,4.0
NQ.v.0,action_x_surprise,hike|small,spread_ticks,87,4.0,2.75,1.75,3.5
NQ.v.0,action_x_surprise,hike|small,spread_ticks,88,4.0,3.0,2.0,3.5
NQ.v.0,action_x_surprise,hike|small,spread_ticks,89,4.0,3.0,1.75,3.75
NQ.v.0,action_x_surprise,hike|small,spread_ticks,90,4.0,3.25,2.0,4.25
NQ.v.0,action_x_surprise,hike|small,spread_ticks,91,4.0,3.0,2.0,3.5
NQ.v.0,action_x_surprise,hike|small,spread_ticks,92,4.0,3.0,1.75,4.25
NQ.v.0,action_x_surprise,hike|small,spread_ticks,93,4.0,3.0,2.0,3.5
NQ.v.0,action_x_surprise,hike|small,spread_ticks,94,4.0,3.25,2.0,3.75
NQ.v.0,action_x_surprise,hike|small,spread_ticks,95,4.0,2.75,1.75,3.5
NQ.v.0,action_x_surprise,hike|small,spread_ticks,96,4.0,2.5,1.75,3.25
NQ.v.0,action_x_surprise,hike|small,spread_ticks,97,4.0,3.0,1.0,4.5
NQ.v.0,action_x_surprise,hike|small,spread_ticks,98,4.0,3.0,1.75,4.25
NQ.v.0,action_x_surprise,hike|small,spread_ticks,99,4.0,2.25,1.0,3.25
NQ.v.0,action_x_surprise,hike|small,spread_ticks,100,4.0,2.75,1.75,4.0
NQ.v.0,action_x_surprise,hike|small,spread_ticks,101,4.0,3.0,1.75,4.25
NQ.v.0,action_x_surprise,hike|small,spread_ticks,102,4.0,2.0,1.0,3.0
NQ.v.0,action_x_surprise,hike|small,spread_ticks,103,4.0,2.5,1.75,3.25
NQ.v.0,action_x_surprise,hike|small,spread_ticks,104,4.0,2.5,1.0,4.0
NQ.v.0,action_x_surprise,hike|small,spread_ticks,105,4.0,2.5,1.0,4.0
NQ.v.0,action_x_surprise,hike|small,spread_ticks,106,4.0,2.5,1.75,3.25
NQ.v.0,action_x_surprise,hike|small,spread_ticks,107,4.0,2.0,1.0,3.0
NQ.v.0,action_x_surprise,hike|small,spread_ticks,108,4.0,3.25,1.75,4.5
NQ.v.0,action_x_surprise,hike|small,spread_ticks,109,4.0,2.5,1.0,4.0
NQ.v.0,action_x_surprise,hike|small,spread_ticks,110,4.0,2.5,1.0,3.5
NQ.v.0,action_x_surprise,hike|small,spread_ticks,111,4.0,2.75,1.75,3.5
NQ.v.0,action_x_surprise,hike|small,spread_ticks,112,4.0,2.75,1.75,4.0
NQ.v.0,action_x_surprise,hike|small,spread_ticks,113,4.0,2.25,1.0,3.25
NQ.v.0,action_x_surprise,hike|small,spread_ticks,114,4.0,2.25,2.0,2.25
NQ.v.0,action_x_surprise,hike|small,spread_ticks,115,4.0,2.0,1.75,2.25
NQ.v.0,action_x_surprise,hike|small,spread_ticks,116,4.0,3.0,1.75,3.75
NQ.v.0,action_x_surprise,hike|small,spread_ticks,117,4.0,2.75,1.75,4.0
NQ.v.0,action_x_surprise,hike|small,spread_ticks,118,4.0,3.25,2.0,3.75
NQ.v.0,action_x_surprise,hike|small,spread_ticks,119,4.0,2.5,1.0,4.0
NQ.v.0,action_x_surprise,hike|small,spread_ticks,120,4.0,2.75,2.0,3.25
NQ.v.0,action_x_surprise,hold|large,spread_ticks,-60,16.0,4.125,2.0,6.0
NQ.v.0,action_x_surprise,hold|large,spread_ticks,-59,16.0,4.0,2.0,4.5
NQ.v.0,action_x_surprise,hold|large,spread_ticks,-58,16.0,4.25,2.75,5.25
NQ.v.0,action_x_surprise,hold|large,spread_ticks,-57,16.0,4.4375,3.0,6.0
NQ.v.0,action_x_surprise,hold|large,spread_ticks,-56,16.0,4.4375,3.0,6.0
NQ.v.0,action_x_surprise,hold|large,spread_ticks,-55,16.0,4.4375,3.0,6.0
NQ.v.0,action_x_surprise,hold|large,spread_ticks,-54,16.0,3.8125,3.0,5.0
NQ.v.0,action_x_surprise,hold|large,spread_ticks,-53,16.0,4.0,3.0,5.0
NQ.v.0,action_x_surprise,hold|large,spread_ticks,-52,16.0,4.875,3.0,7.25
NQ.v.0,action_x_surprise,hold|large,spread_ticks,-51,16.0,4.875,3.0,7.0
NQ.v.0,action_x_surprise,hold|large,spread_ticks,-50,16.0,5.25,3.75,6.25
NQ.v.0,action_x_surprise,hold|large,spread_ticks,-49,16.0,4.875,3.0,7.0
NQ.v.0,action_x_surprise,hold|large,spread_ticks,-48,16.0,4.8125,2.75,6.25
NQ.v.0,action_x_surprise,hold|large,spread_ticks,-47,16.0,5.1875,3.0,6.5
NQ.v.0,action_x_surprise,hold|large,spread_ticks,-46,16.0,5.125,3.0,7.0
NQ.v.0,action_x_surprise,hold|large,spread_ticks,-45,16.0,4.75,3.0,6.5
NQ.v.0,action_x_surprise,hold|large,spread_ticks,-44,16.0,5.0,3.0,6.5
NQ.v.0,action_x_surprise,hold|large,spread_ticks,-43,16.0,4.875,3.0,6.25
NQ.v.0,action_x_surprise,hold|large,spread_ticks,-42,16.0,5.125,3.0,6.25
NQ.v.0,action_x_surprise,hold|large,spread_ticks,-41,16.0,5.0625,3.0,6.25
NQ.v.0,action_x_surprise,hold|large,spread_ticks,-40,16.0,4.375,2.0,7.0
NQ.v.0,action_x_surprise,hold|large,spread_ticks,-39,16.0,4.3125,3.0,6.0
NQ.v.0,action_x_surprise,hold|large,spread_ticks,-38,16.0,4.0,3.0,4.0
NQ.v.0,action_x_surprise,hold|large,spread_ticks,-37,16.0,4.375,3.0,5.0
NQ.v.0,action_x_surprise,hold|large,spread_ticks,-36,16.0,4.3125,2.75,5.0
NQ.v.0,action_x_surprise,hold|large,spread_ticks,-35,16.0,4.0,2.75,5.25
NQ.v.0,action_x_surprise,hold|large,spread_ticks,-34,16.0,4.0,2.75,5.25
NQ.v.0,action_x_surprise,hold|large,spread_ticks,-33,16.0,3.625,2.75,4.25
NQ.v.0,action_x_surprise,hold|large,spread_ticks,-32,16.0,3.9375,2.75,4.25
NQ.v.0,action_x_surprise,hold|large,spread_ticks,-31,16.0,3.9375,2.75,4.5
NQ.v.0,action_x_surprise,hold|large,spread_ticks,-30,16.0,4.375,3.0,5.25
NQ.v.0,action_x_surprise,hold|large,spread_ticks,-29,16.0,4.5,2.0,6.25
NQ.v.0,action_x_surprise,hold|large,spread_ticks,-28,16.0,4.9375,2.0,6.0
NQ.v.0,action_x_surprise,hold|large,spread_ticks,-27,16.0,5.25,2.75,7.25
NQ.v.0,action_x_surprise,hold|large,spread_ticks,-26,16.0,4.4375,3.0,6.0
NQ.v.0,action_x_surprise,hold|large,spread_ticks,-25,16.0,4.3125,2.75,6.0
NQ.v.0,action_x_surprise,hold|large,spread_ticks,-24,16.0,3.875,2.75,5.25
NQ.v.0,action_x_surprise,hold|large,spread_ticks,-23,16.0,3.875,2.75,5.0
NQ.v.0,action_x_surprise,hold|large,spread_ticks,-22,16.0,5.25,3.0,6.0
NQ.v.0,action_x_surprise,hold|large,spread_ticks,-21,16.0,4.625,3.0,5.25
NQ.v.0,action_x_surprise,hold|large,spread_ticks,-20,16.0,4.5625,2.0,7.25
NQ.v.0,action_x_surprise,hold|large,spread_ticks,-19,16.0,5.0625,2.75,7.0
NQ.v.0,action_x_surprise,hold|large,spread_ticks,-18,16.0,5.0,3.0,7.25
NQ.v.0,action_x_surprise,hold|large,spread_ticks,-17,16.0,5.0625,3.0,6.5
NQ.v.0,action_x_surprise,hold|large,spread_ticks,-16,16.0,4.625,3.0,6.25
NQ.v.0,action_x_surprise,hold|large,spread_ticks,-15,16.0,4.5625,3.0,6.25
NQ.v.0,action_x_surprise,hold|large,spread_ticks,-14,16.0,4.5625,3.0,6.0
NQ.v.0,action_x_surprise,hold|large,spread_ticks,-13,16.0,5.1875,3.0,7.0
NQ.v.0,action_x_surprise,hold|large,spread_ticks,-12,16.0,4.8125,2.75,6.25
NQ.v.0,action_x_surprise,hold|large,spread_ticks,-11,16.0,4.3125,2.75,6.0
NQ.v.0,action_x_surprise,hold|large,spread_ticks,-10,16.0,4.875,3.0,6.25
NQ.v.0,action_x_surprise,hold|large,spread_ticks,-9,16.0,4.5625,3.0,6.0
NQ.v.0,action_x_surprise,hold|large,spread_ticks,-8,16.0,6.375,3.0,7.25
NQ.v.0,action_x_surprise,hold|large,spread_ticks,-7,16.0,5.625,3.0,7.0
NQ.v.0,action_x_surprise,hold|large,spread_ticks,-6,16.0,5.125,3.0,8.0
NQ.v.0,action_x_surprise,hold|large,spread_ticks,-5,16.0,5.25,2.75,7.25
NQ.v.0,action_x_surprise,hold|large,spread_ticks,-4,16.0,6.0,2.75,8.0
NQ.v.0,action_x_surprise,hold|large,spread_ticks,-3,16.0,5.625,2.0,7.25
NQ.v.0,action_x_surprise,hold|large,spread_ticks,-2,16.0,5.875,2.75,8.0
NQ.v.0,action_x_surprise,hold|large,spread_ticks,-1,16.0,6.6875,2.75,11.0
NQ.v.0,action_x_surprise,hold|large,spread_ticks,0,16.0,8.0625,3.0,8.25
NQ.v.0,action_x_surprise,hold|large,spread_ticks,1,16.0,15.125,6.75,15.75
NQ.v.0,action_x_surprise,hold|large,spread_ticks,2,16.0,12.5,3.0,14.0
NQ.v.0,action_x_surprise,hold|large,spread_ticks,3,16.0,11.0,4.75,14.25
NQ.v.0,action_x_surprise,hold|large,spread_ticks,4,16.0,12.0,3.75,13.25
NQ.v.0,action_x_surprise,hold|large,spread_ticks,5,16.0,12.5625,2.75,14.75
NQ.v.0,action_x_surprise,hold|large,spread_ticks,6,16.0,13.375,3.0,10.0
NQ.v.0,action_x_surprise,hold|large,spread_ticks,7,16.0,15.9375,3.0,13.0
NQ.v.0,action_x_surprise,hold|large,spread_ticks,8,16.0,9.9375,2.0,12.25
NQ.v.0,action_x_surprise,hold|large,spread_ticks,9,16.0,11.25,3.0,11.25
NQ.v.0,action_x_surprise,hold|large,spread_ticks,10,16.0,11.6875,3.0,10.25
NQ.v.0,action_x_surprise,hold|large,spread_ticks,11,16.0,9.8125,2.75,10.75
NQ.v.0,action_x_surprise,hold|large,spread_ticks,12,16.0,9.8125,4.0,7.5
NQ.v.0,action_x_surprise,hold|large,spread_ticks,13,16.0,8.4375,3.75,11.25
NQ.v.0,action_x_surprise,hold|large,spread_ticks,14,16.0,8.0625,3.0,9.25
NQ.v.0,action_x_surprise,hold|large,spread_ticks,15,16.0,8.9375,3.0,11.0
NQ.v.0,action_x_surprise,hold|large,spread_ticks,16,16.0,10.875,3.75,12.5
NQ.v.0,action_x_surprise,hold|large,spread_ticks,17,16.0,8.0625,3.0,8.25
NQ.v.0,action_x_surprise,hold|large,spread_ticks,18,16.0,7.125,3.0,11.0
NQ.v.0,action_x_surprise,hold|large,spread_ticks,19,16.0,8.6875,3.0,9.25
NQ.v.0,action_x_surprise,hold|large,spread_ticks,20,16.0,10.4375,3.75,10.5
NQ.v.0,action_x_surprise,hold|large,spread_ticks,21,16.0,6.9375,3.0,11.0
NQ.v.0,action_x_surprise,hold|large,spread_ticks,22,16.0,7.875,3.0,10.5
NQ.v.0,action_x_surprise,hold|large,spread_ticks,23,16.0,8.1875,3.75,8.75
NQ.v.0,action_x_surprise,hold|large,spread_ticks,24,16.0,7.6875,3.0,9.0
NQ.v.0,action_x_surprise,hold|large,spread_ticks,25,16.0,7.5,3.75,8.75
NQ.v.0,action_x_surprise,hold|large,spread_ticks,26,16.0,7.0625,3.0,9.25
NQ.v.0,action_x_surprise,hold|large,spread_ticks,27,16.0,7.9375,3.0,8.25
NQ.v.0,action_x_surprise,hold|large,spread_ticks,28,16.0,9.0625,4.0,7.5
NQ.v.0,action_x_surprise,hold|large,spread_ticks,29,16.0,6.9375,3.75,9.25
NQ.v.0,action_x_surprise,hold|large,spread_ticks,30,16.0,6.625,2.0,11.0
NQ.v.0,action_x_surprise,hold|large,spread_ticks,31,16.0,4.75,2.0,4.25
NQ.v.0,action_x_surprise,hold|large,spread_ticks,32,16.0,5.125,2.75,5.0
NQ.v.0,action_x_surprise,hold|large,spread_ticks,33,16.0,5.25,3.0,5.0
NQ.v.0,action_x_surprise,hold|large,spread_ticks,34,16.0,5.4375,2.75,6.0
NQ.v.0,action_x_surprise,hold|large,spread_ticks,35,16.0,6.125,2.0,6.25
NQ.v.0,action_x_surprise,hold|large,spread_ticks,36,16.0,5.125,2.0,6.25
NQ.v.0,action_x_surprise,hold|large,spread_ticks,37,16.0,4.8125,2.0,5.0
NQ.v.0,action_x_surprise,hold|large,spread_ticks,38,16.0,4.8125,2.0,5.25
NQ.v.0,action_x_surprise,hold|large,spread_ticks,39,16.0,5.4375,3.0,6.0
NQ.v.0,action_x_surprise,hold|large,spread_ticks,40,16.0,5.125,2.75,5.5
NQ.v.0,action_x_surprise,hold|large,spread_ticks,41,16.0,4.5,2.0,5.25
NQ.v.0,action_x_surprise,hold|large,spread_ticks,42,16.0,5.0,3.0,5.25
NQ.v.0,action_x_surprise,hold|large,spread_ticks,43,16.0,4.375,2.0,5.25
NQ.v.0,action_x_surprise,hold|large,spread_ticks,44,16.0,4.375,2.0,5.0
NQ.v.0,action_x_surprise,hold|large,spread_ticks,45,16.0,4.1875,3.0,4.0
NQ.v.0,action_x_surprise,hold|large,spread_ticks,46,16.0,4.5625,3.0,5.25
NQ.v.0,action_x_surprise,hold|large,spread_ticks,47,16.0,4.4375,2.75,4.25
NQ.v.0,action_x_surprise,hold|large,spread_ticks,48,16.0,4.5625,2.75,4.25
NQ.v.0,action_x_surprise,hold|large,spread_ticks,49,16.0,4.4375,2.75,4.25
NQ.v.0,action_x_surprise,hold|large,spread_ticks,50,16.0,4.75,2.75,4.25
NQ.v.0,action_x_surprise,hold|large,spread_ticks,51,16.0,4.5,2.75,6.0
NQ.v.0,action_x_surprise,hold|large,spread_ticks,52,16.0,5.375,3.0,5.25
NQ.v.0,action_x_surprise,hold|large,spread_ticks,53,16.0,4.5625,2.75,4.0
NQ.v.0,action_x_surprise,hold|large,spread_ticks,54,16.0,5.0625,2.75,5.0
NQ.v.0,action_x_surprise,hold|large,spread_ticks,55,16.0,5.4375,2.0,5.0
NQ.v.0,action_x_surprise,hold|large,spread_ticks,56,16.0,4.6875,2.0,5.25
NQ.v.0,action_x_surprise,hold|large,spread_ticks,57,16.0,4.375,2.0,4.5
NQ.v.0,action_x_surprise,hold|large,spread_ticks,58,16.0,4.5625,2.75,5.0
NQ.v.0,action_x_surprise,hold|large,spread_ticks,59,16.0,4.625,3.0,5.25
NQ.v.0,action_x_surprise,hold|large,spread_ticks,60,16.0,4.25,2.0,5.0
NQ.v.0,action_x_surprise,hold|large,spread_ticks,61,16.0,4.0625,2.0,4.0
NQ.v.0,action_x_surprise,hold|large,spread_ticks,62,16.0,3.875,2.0,3.25
NQ.v.0,action_x_surprise,hold|large,spread_ticks,63,16.0,4.1875,2.0,5.0
NQ.v.0,action_x_surprise,hold|large,spread_ticks,64,16.0,4.0625,2.0,5.25
NQ.v.0,action_x_surprise,hold|large,spread_ticks,65,16.0,3.9375,2.0,3.25
NQ.v.0,action_x_surprise,hold|large,spread_ticks,66,16.0,4.4375,2.0,4.25
NQ.v.0,action_x_surprise,hold|large,spread_ticks,67,16.0,4.25,2.0,4.25
NQ.v.0,action_x_surprise,hold|large,spread_ticks,68,16.0,4.25,2.0,4.0
NQ.v.0,action_x_surprise,hold|large,spread_ticks,69,16.0,3.5625,2.0,4.0
NQ.v.0,action_x_surprise,hold|large,spread_ticks,70,16.0,4.0625,2.0,4.25
NQ.v.0,action_x_surprise,hold|large,spread_ticks,71,16.0,4.0,2.0,4.0
NQ.v.0,action_x_surprise,hold|large,spread_ticks,72,16.0,3.75,2.0,3.0
NQ.v.0,action_x_surprise,hold|large,spread_ticks,73,16.0,3.75,1.75,4.0
NQ.v.0,action_x_surprise,hold|large,spread_ticks,74,16.0,3.875,2.0,4.0
NQ.v.0,action_x_surprise,hold|large,spread_ticks,75,16.0,4.125,2.0,5.0
NQ.v.0,action_x_surprise,hold|large,spread_ticks,76,16.0,4.5,2.0,4.0
NQ.v.0,action_x_surprise,hold|large,spread_ticks,77,16.0,3.125,2.0,3.0
NQ.v.0,action_x_surprise,hold|large,spread_ticks,78,16.0,3.6875,2.0,4.0
NQ.v.0,action_x_surprise,hold|large,spread_ticks,79,16.0,4.0,1.75,4.0
NQ.v.0,action_x_surprise,hold|large,spread_ticks,80,16.0,3.75,2.0,5.25
NQ.v.0,action_x_surprise,hold|large,spread_ticks,81,16.0,4.3125,2.0,4.5
NQ.v.0,action_x_surprise,hold|large,spread_ticks,82,16.0,4.125,2.0,3.25
NQ.v.0,action_x_surprise,hold|large,spread_ticks,83,16.0,3.6875,2.0,3.25
NQ.v.0,action_x_surprise,hold|large,spread_ticks,84,16.0,4.125,2.0,4.0
NQ.v.0,action_x_surprise,hold|large,spread_ticks,85,16.0,4.0,2.0,4.25
NQ.v.0,action_x_surprise,hold|large,spread_ticks,86,16.0,4.0,2.0,4.0
NQ.v.0,action_x_surprise,hold|large,spread_ticks,87,16.0,3.875,2.0,4.25
NQ.v.0,action_x_surprise,hold|large,spread_ticks,88,16.0,3.6875,2.0,4.0
NQ.v.0,action_x_surprise,hold|large,spread_ticks,89,16.0,4.125,1.75,4.5
NQ.v.0,action_x_surprise,hold|large,spread_ticks,90,16.0,3.9375,2.0,4.25
NQ.v.0,action_x_surprise,hold|large,spread_ticks,91,16.0,4.1875,2.0,4.0
NQ.v.0,action_x_surprise,hold|large,spread_ticks,92,16.0,3.625,2.0,4.25
NQ.v.0,action_x_surprise,hold|large,spread_ticks,93,16.0,3.875,2.0,4.25
NQ.v.0,action_x_surprise,hold|large,spread_ticks,94,16.0,3.5,2.0,4.0
NQ.v.0,action_x_surprise,hold|large,spread_ticks,95,16.0,3.5625,2.0,3.25
NQ.v.0,action_x_surprise,hold|large,spread_ticks,96,16.0,3.6875,2.0,4.0
NQ.v.0,action_x_surprise,hold|large,spread_ticks,97,16.0,3.1875,2.0,3.25
NQ.v.0,action_x_surprise,hold|large,spread_ticks,98,16.0,3.4375,2.0,3.25
NQ.v.0,action_x_surprise,hold|large,spread_ticks,99,16.0,3.125,1.0,4.25
NQ.v.0,action_x_surprise,hold|large,spread_ticks,100,16.0,3.6875,1.0,4.0
NQ.v.0,action_x_surprise,hold|large,spread_ticks,101,16.0,3.3125,2.0,5.0
NQ.v.0,action_x_surprise,hold|large,spread_ticks,102,16.0,3.0625,2.0,3.25
NQ.v.0,action_x_surprise,hold|large,spread_ticks,103,16.0,3.3125,2.0,4.25
NQ.v.0,action_x_surprise,hold|large,spread_ticks,104,16.0,3.25,1.75,4.0
NQ.v.0,action_x_surprise,hold|large,spread_ticks,105,16.0,2.9375,2.0,3.25
NQ.v.0,action_x_surprise,hold|large,spread_ticks,106,16.0,3.5,2.0,3.5
NQ.v.0,action_x_surprise,hold|large,spread_ticks,107,16.0,3.25,1.75,4.0
NQ.v.0,action_x_surprise,hold|large,spread_ticks,108,16.0,2.875,2.0,3.25
NQ.v.0,action_x_surprise,hold|large,spread_ticks,109,16.0,3.375,2.0,5.0
NQ.v.0,action_x_surprise,hold|large,spread_ticks,110,16.0,2.9375,1.0,4.0
NQ.v.0,action_x_surprise,hold|large,spread_ticks,111,16.0,3.5625,2.0,5.25
NQ.v.0,action_x_surprise,hold|large,spread_ticks,112,16.0,2.6875,1.75,3.25
NQ.v.0,action_x_surprise,hold|large,spread_ticks,113,16.0,2.875,1.0,3.25
NQ.v.0,action_x_surprise,hold|large,spread_ticks,114,16.0,3.0,1.0,4.0
NQ.v.0,action_x_surprise,hold|large,spread_ticks,115,16.0,3.0625,2.0,3.25
NQ.v.0,action_x_surprise,hold|large,spread_ticks,116,16.0,3.0,2.0,4.0
NQ.v.0,action_x_surprise,hold|large,spread_ticks,117,16.0,2.9375,2.0,3.0
NQ.v.0,action_x_surprise,hold|large,spread_ticks,118,16.0,2.8125,1.75,3.25
NQ.v.0,action_x_surprise,hold|large,spread_ticks,119,16.0,3.125,2.0,3.25
NQ.v.0,action_x_surprise,hold|large,spread_ticks,120,16.0,2.875,1.75,3.25
NQ.v.0,action_x_surprise,hold|medium,spread_ticks,-60,21.0,4.619047619047619,3.0,5.0
NQ.v.0,action_x_surprise,hold|medium,spread_ticks,-59,21.0,4.476190476190476,3.0,5.0
NQ.v.0,action_x_surprise,hold|medium,spread_ticks,-58,21.0,4.571428571428571,3.0,5.0
NQ.v.0,action_x_surprise,hold|medium,spread_ticks,-57,21.0,4.476190476190476,2.0,5.0
NQ.v.0,action_x_surprise,hold|medium,spread_ticks,-56,21.0,3.4761904761904763,2.0,5.0
NQ.v.0,action_x_surprise,hold|medium,spread_ticks,-55,21.0,3.4761904761904763,2.0,4.0
NQ.v.0,action_x_surprise,hold|medium,spread_ticks,-54,21.0,3.6666666666666665,2.0,5.0
NQ.v.0,action_x_surprise,hold|medium,spread_ticks,-53,21.0,4.142857142857143,2.0,6.0
NQ.v.0,action_x_surprise,hold|medium,spread_ticks,-52,21.0,3.6666666666666665,2.0,5.0
NQ.v.0,action_x_surprise,hold|medium,spread_ticks,-51,21.0,3.5238095238095237,2.0,4.0
NQ.v.0,action_x_surprise,hold|medium,spread_ticks,-50,21.0,4.571428571428571,2.0,5.0
NQ.v.0,action_x_surprise,hold|medium,spread_ticks,-49,21.0,4.095238095238095,2.0,4.0
NQ.v.0,action_x_surprise,hold|medium,spread_ticks,-48,21.0,4.380952380952381,2.0,5.0
NQ.v.0,action_x_surprise,hold|medium,spread_ticks,-47,21.0,4.761904761904762,2.0,5.0
NQ.v.0,action_x_surprise,hold|medium,spread_ticks,-46,21.0,4.619047619047619,2.0,5.0
NQ.v.0,action_x_surprise,hold|medium,spread_ticks,-45,21.0,4.619047619047619,2.0,4.0
NQ.v.0,action_x_surprise,hold|medium,spread_ticks,-44,21.0,4.333333333333333,2.0,5.0
NQ.v.0,action_x_surprise,hold|medium,spread_ticks,-43,21.0,4.809523809523809,2.0,5.0
NQ.v.0,action_x_surprise,hold|medium,spread_ticks,-42,21.0,4.666666666666667,3.0,5.0
NQ.v.0,action_x_surprise,hold|medium,spread_ticks,-41,21.0,4.0476190476190474,2.0,4.0
NQ.v.0,action_x_surprise,hold|medium,spread_ticks,-40,21.0,4.0,2.0,5.0
NQ.v.0,action_x_surprise,hold|medium,spread_ticks,-39,21.0,4.476190476190476,2.0,5.0
NQ.v.0,action_x_surprise,hold|medium,spread_ticks,-38,21.0,4.142857142857143,2.0,5.0
NQ.v.0,action_x_surprise,hold|medium,spread_ticks,-37,21.0,4.190476190476191,2.0,6.0
NQ.v.0,action_x_surprise,hold|medium,spread_ticks,-36,21.0,4.476190476190476,3.0,5.0
NQ.v.0,action_x_surprise,hold|medium,spread_ticks,-35,21.0,4.476190476190476,2.0,5.0
NQ.v.0,action_x_surprise,hold|medium,spread_ticks,-34,21.0,3.9047619047619047,3.0,5.0
NQ.v.0,action_x_surprise,hold|medium,spread_ticks,-33,21.0,3.4761904761904763,2.0,4.0
NQ.v.0,action_x_surprise,hold|medium,spread_ticks,-32,21.0,4.714285714285714,2.0,5.0
NQ.v.0,action_x_surprise,hold|medium,spread_ticks,-31,21.0,4.666666666666667,2.0,5.0
NQ.v.0,action_x_surprise,hold|medium,spread_ticks,-30,21.0,4.428571428571429,2.0,6.0
NQ.v.0,action_x_surprise,hold|medium,spread_ticks,-29,21.0,3.857142857142857,2.0,5.0
NQ.v.0,action_x_surprise,hold|medium,spread_ticks,-28,21.0,4.619047619047619,2.0,6.0
NQ.v.0,action_x_surprise,hold|medium,spread_ticks,-27,21.0,4.619047619047619,2.0,7.0
NQ.v.0,action_x_surprise,hold|medium,spread_ticks,-26,21.0,4.761904761904762,2.0,6.0
NQ.v.0,action_x_surprise,hold|medium,spread_ticks,-25,21.0,4.333333333333333,3.0,5.0
NQ.v.0,action_x_surprise,hold|medium,spread_ticks,-24,21.0,4.714285714285714,2.0,6.0
NQ.v.0,action_x_surprise,hold|medium,spread_ticks,-23,21.0,4.619047619047619,2.0,6.0
NQ.v.0,action_x_surprise,hold|medium,spread_ticks,-22,21.0,4.095238095238095,2.0,6.0
NQ.v.0,action_x_surprise,hold|medium,spread_ticks,-21,21.0,5.285714285714286,2.0,7.0
NQ.v.0,action_x_surprise,hold|medium,spread_ticks,-20,21.0,5.333333333333333,2.0,7.0
NQ.v.0,action_x_surprise,hold|medium,spread_ticks,-19,21.0,5.523809523809524,3.0,7.0
NQ.v.0,action_x_surprise,hold|medium,spread_ticks,-18,21.0,4.9523809523809526,2.0,6.0
NQ.v.0,action_x_surprise,hold|medium,spread_ticks,-17,21.0,4.809523809523809,2.0,5.0
NQ.v.0,action_x_surprise,hold|medium,spread_ticks,-16,21.0,4.9523809523809526,2.0,6.0
NQ.v.0,action_x_surprise,hold|medium,spread_ticks,-15,21.0,4.761904761904762,2.0,6.0
NQ.v.0,action_x_surprise,hold|medium,spread_ticks,-14,21.0,5.238095238095238,2.0,7.0
NQ.v.0,action_x_surprise,hold|medium,spread_ticks,-13,21.0,4.857142857142857,2.0,6.0
NQ.v.0,action_x_surprise,hold|medium,spread_ticks,-12,21.0,5.095238095238095,2.0,6.0
NQ.v.0,action_x_surprise,hold|medium,spread_ticks,-11,21.0,5.0476190476190474,2.0,6.0
NQ.v.0,action_x_surprise,hold|medium,spread_ticks,-10,21.0,4.619047619047619,2.0,5.0
NQ.v.0,action_x_surprise,hold|medium,spread_ticks,-9,21.0,4.904761904761905,2.0,6.0
NQ.v.0,action_x_surprise,hold|medium,spread_ticks,-8,21.0,5.523809523809524,2.0,6.0
NQ.v.0,action_x_surprise,hold|medium,spread_ticks,-7,21.0,5.9523809523809526,2.0,7.0
NQ.v.0,action_x_surprise,hold|medium,spread_ticks,-6,21.0,6.0,3.0,7.0
NQ.v.0,action_x_surprise,hold|medium,spread_ticks,-5,21.0,5.714285714285714,2.0,7.0
NQ.v.0,action_x_surprise,hold|medium,spread_ticks,-4,21.0,7.666666666666667,3.0,7.0
NQ.v.0,action_x_surprise,hold|medium,spread_ticks,-3,21.0,7.476190476190476,2.0,9.0
NQ.v.0,action_x_surprise,hold|medium,spread_ticks,-2,21.0,7.666666666666667,3.0,9.0
NQ.v.0,action_x_surprise,hold|medium,spread_ticks,-1,21.0,8.428571428571429,3.0,12.0
NQ.v.0,action_x_surprise,hold|medium,spread_ticks,0,21.0,9.19047619047619,3.0,13.0
NQ.v.0,action_x_surprise,hold|medium,spread_ticks,1,21.0,16.523809523809526,3.0,21.0
NQ.v.0,action_x_surprise,hold|medium,spread_ticks,2,21.0,19.904761904761905,2.0,22.0
NQ.v.0,action_x_surprise,hold|medium,spread_ticks,3,21.0,17.047619047619047,2.0,17.0
NQ.v.0,action_x_surprise,hold|medium,spread_ticks,4,21.0,16.238095238095237,3.0,23.0
NQ.v.0,action_x_surprise,hold|medium,spread_ticks,5,21.0,11.428571428571429,3.0,15.0
NQ.v.0,action_x_surprise,hold|medium,spread_ticks,6,21.0,11.857142857142858,2.0,11.0
NQ.v.0,action_x_surprise,hold|medium,spread_ticks,7,21.0,10.142857142857142,2.0,9.0
NQ.v.0,action_x_surprise,hold|medium,spread_ticks,8,21.0,10.476190476190476,2.0,14.0
NQ.v.0,action_x_surprise,hold|medium,spread_ticks,9,21.0,11.047619047619047,3.0,11.0
NQ.v.0,action_x_surprise,hold|medium,spread_ticks,10,21.0,9.666666666666666,3.0,19.0
NQ.v.0,action_x_surprise,hold|medium,spread_ticks,11,21.0,11.047619047619047,2.0,16.0
NQ.v.0,action_x_surprise,hold|medium,spread_ticks,12,21.0,8.714285714285714,2.0,10.0
NQ.v.0,action_x_surprise,hold|medium,spread_ticks,13,21.0,11.428571428571429,3.0,13.0
NQ.v.0,action_x_surprise,hold|medium,spread_ticks,14,21.0,10.476190476190476,3.0,12.0
NQ.v.0,action_x_surprise,hold|medium,spread_ticks,15,21.0,11.619047619047619,3.0,9.0
NQ.v.0,action_x_surprise,hold|medium,spread_ticks,16,21.0,11.19047619047619,3.0,14.0
NQ.v.0,action_x_surprise,hold|medium,spread_ticks,17,21.0,10.380952380952381,3.0,13.0
NQ.v.0,action_x_surprise,hold|medium,spread_ticks,18,21.0,7.904761904761905,2.0,14.0
NQ.v.0,action_x_surprise,hold|medium,spread_ticks,19,21.0,9.0,3.0,10.0
NQ.v.0,action_x_surprise,hold|medium,spread_ticks,20,21.0,9.619047619047619,3.0,13.0
NQ.v.0,action_x_surprise,hold|medium,spread_ticks,21,21.0,9.380952380952381,2.0,14.0
NQ.v.0,action_x_surprise,hold|medium,spread_ticks,22,21.0,9.238095238095237,2.0,12.0
NQ.v.0,action_x_surprise,hold|medium,spread_ticks,23,21.0,9.285714285714286,2.0,12.0
NQ.v.0,action_x_surprise,hold|medium,spread_ticks,24,21.0,10.19047619047619,2.0,14.0
NQ.v.0,action_x_surprise,hold|medium,spread_ticks,25,21.0,9.0,3.0,13.0
NQ.v.0,action_x_surprise,hold|medium,spread_ticks,26,21.0,9.619047619047619,2.0,10.0
NQ.v.0,action_x_surprise,hold|medium,spread_ticks,27,21.0,8.857142857142858,3.0,10.0
NQ.v.0,action_x_surprise,hold|medium,spread_ticks,28,21.0,8.476190476190476,3.0,10.0
NQ.v.0,action_x_surprise,hold|medium,spread_ticks,29,21.0,7.9523809523809526,3.0,12.0
NQ.v.0,action_x_surprise,hold|medium,spread_ticks,30,21.0,9.0,3.0,11.0
NQ.v.0,action_x_surprise,hold|medium,spread_ticks,31,21.0,5.761904761904762,2.0,6.0
NQ.v.0,action_x_surprise,hold|medium,spread_ticks,32,21.0,6.428571428571429,2.0,6.0
NQ.v.0,action_x_surprise,hold|medium,spread_ticks,33,21.0,6.190476190476191,2.0,7.0
NQ.v.0,action_x_surprise,hold|medium,spread_ticks,34,21.0,5.523809523809524,2.0,5.0
NQ.v.0,action_x_surprise,hold|medium,spread_ticks,35,21.0,5.714285714285714,2.0,7.0
NQ.v.0,action_x_surprise,hold|medium,spread_ticks,36,21.0,5.904761904761905,2.0,7.0
NQ.v.0,action_x_surprise,hold|medium,spread_ticks,37,21.0,4.9523809523809526,2.0,5.0
NQ.v.0,action_x_surprise,hold|medium,spread_ticks,38,21.0,5.238095238095238,2.0,5.0
NQ.v.0,action_x_surprise,hold|medium,spread_ticks,39,21.0,5.095238095238095,2.0,8.0
NQ.v.0,action_x_surprise,hold|medium,spread_ticks,40,21.0,4.857142857142857,2.0,6.0
NQ.v.0,action_x_surprise,hold|medium,spread_ticks,41,21.0,4.380952380952381,2.0,6.0
NQ.v.0,action_x_surprise,hold|medium,spread_ticks,42,21.0,4.619047619047619,2.0,6.0
NQ.v.0,action_x_surprise,hold|medium,spread_ticks,43,21.0,5.142857142857143,2.0,7.0
NQ.v.0,action_x_surprise,hold|medium,spread_ticks,44,21.0,4.761904761904762,2.0,7.0
NQ.v.0,action_x_surprise,hold|medium,spread_ticks,45,21.0,5.095238095238095,2.0,7.0
NQ.v.0,action_x_surprise,hold|medium,spread_ticks,46,21.0,5.0476190476190474,2.0,6.0
NQ.v.0,action_x_surprise,hold|medium,spread_ticks,47,21.0,5.761904761904762,2.0,6.0
NQ.v.0,action_x_surprise,hold|medium,spread_ticks,48,21.0,5.0476190476190474,2.0,5.0
NQ.v.0,action_x_surprise,hold|medium,spread_ticks,49,21.0,4.571428571428571,2.0,7.0
NQ.v.0,action_x_surprise,hold|medium,spread_ticks,50,21.0,5.0,2.0,6.0
NQ.v.0,action_x_surprise,hold|medium,spread_ticks,51,21.0,5.095238095238095,2.0,6.0
NQ.v.0,action_x_surprise,hold|medium,spread_ticks,52,21.0,4.857142857142857,2.0,6.0
NQ.v.0,action_x_surprise,hold|medium,spread_ticks,53,21.0,4.428571428571429,2.0,5.0
NQ.v.0,action_x_surprise,hold|medium,spread_ticks,54,21.0,6.238095238095238,2.0,6.0
NQ.v.0,action_x_surprise,hold|medium,spread_ticks,55,21.0,5.0476190476190474,2.0,5.0
NQ.v.0,action_x_surprise,hold|medium,spread_ticks,56,21.0,5.095238095238095,1.0,6.0
NQ.v.0,action_x_surprise,hold|medium,spread_ticks,57,21.0,4.809523809523809,1.0,5.0
NQ.v.0,action_x_surprise,hold|medium,spread_ticks,58,21.0,5.333333333333333,2.0,8.0
NQ.v.0,action_x_surprise,hold|medium,spread_ticks,59,21.0,5.0,2.0,7.0
NQ.v.0,action_x_surprise,hold|medium,spread_ticks,60,21.0,4.9523809523809526,2.0,7.0
NQ.v.0,action_x_surprise,hold|medium,spread_ticks,61,21.0,4.476190476190476,2.0,7.0
NQ.v.0,action_x_surprise,hold|medium,spread_ticks,62,21.0,5.095238095238095,2.0,7.0
NQ.v.0,action_x_surprise,hold|medium,spread_ticks,63,21.0,4.285714285714286,2.0,8.0
NQ.v.0,action_x_surprise,hold|medium,spread_ticks,64,21.0,4.666666666666667,2.0,5.0
NQ.v.0,action_x_surprise,hold|medium,spread_ticks,65,21.0,4.476190476190476,2.0,7.0
NQ.v.0,action_x_surprise,hold|medium,spread_ticks,66,21.0,4.571428571428571,2.0,5.0
NQ.v.0,action_x_surprise,hold|medium,spread_ticks,67,21.0,4.714285714285714,2.0,6.0
NQ.v.0,action_x_surprise,hold|medium,spread_ticks,68,21.0,4.761904761904762,2.0,6.0
NQ.v.0,action_x_surprise,hold|medium,spread_ticks,69,21.0,4.476190476190476,1.0,7.0
NQ.v.0,action_x_surprise,hold|medium,spread_ticks,70,21.0,4.428571428571429,1.0,6.0
NQ.v.0,action_x_surprise,hold|medium,spread_ticks,71,21.0,4.523809523809524,2.0,7.0
NQ.v.0,action_x_surprise,hold|medium,spread_ticks,72,21.0,4.285714285714286,2.0,6.0
NQ.v.0,action_x_surprise,hold|medium,spread_ticks,73,21.0,4.0476190476190474,2.0,7.0
NQ.v.0,action_x_surprise,hold|medium,spread_ticks,74,21.0,4.238095238095238,2.0,6.0
NQ.v.0,action_x_surprise,hold|medium,spread_ticks,75,21.0,4.095238095238095,2.0,7.0
NQ.v.0,action_x_surprise,hold|medium,spread_ticks,76,21.0,3.8095238095238093,2.0,5.0
NQ.v.0,action_x_surprise,hold|medium,spread_ticks,77,21.0,4.0,2.0,6.0
NQ.v.0,action_x_surprise,hold|medium,spread_ticks,78,21.0,3.9523809523809526,2.0,6.0
NQ.v.0,action_x_surprise,hold|medium,spread_ticks,79,21.0,4.476190476190476,2.0,7.0
NQ.v.0,action_x_surprise,hold|medium,spread_ticks,80,21.0,4.0476190476190474,1.0,6.0
NQ.v.0,action_x_surprise,hold|medium,spread_ticks,81,21.0,4.0,1.0,6.0
NQ.v.0,action_x_surprise,hold|medium,spread_ticks,82,21.0,4.142857142857143,2.0,5.0
NQ.v.0,action_x_surprise,hold|medium,spread_ticks,83,21.0,4.0476190476190474,2.0,6.0
NQ.v.0,action_x_surprise,hold|medium,spread_ticks,84,21.0,4.095238095238095,2.0,8.0
NQ.v.0,action_x_surprise,hold|medium,spread_ticks,85,21.0,4.0,2.0,7.0
NQ.v.0,action_x_surprise,hold|medium,spread_ticks,86,21.0,4.095238095238095,2.0,6.0
NQ.v.0,action_x_surprise,hold|medium,spread_ticks,87,21.0,4.190476190476191,2.0,7.0
NQ.v.0,action_x_surprise,hold|medium,spread_ticks,88,21.0,3.761904761904762,2.0,6.0
NQ.v.0,action_x_surprise,hold|medium,spread_ticks,89,21.0,4.238095238095238,2.0,7.0
NQ.v.0,action_x_surprise,hold|medium,spread_ticks,90,21.0,4.190476190476191,2.0,6.0
NQ.v.0,action_x_surprise,hold|medium,spread_ticks,91,21.0,4.0476190476190474,2.0,5.0
NQ.v.0,action_x_surprise,hold|medium,spread_ticks,92,21.0,3.9523809523809526,2.0,5.0
NQ.v.0,action_x_surprise,hold|medium,spread_ticks,93,21.0,3.5238095238095237,1.0,5.0
NQ.v.0,action_x_surprise,hold|medium,spread_ticks,94,21.0,3.4761904761904763,1.0,5.0
NQ.v.0,action_x_surprise,hold|medium,spread_ticks,95,21.0,3.5714285714285716,2.0,5.0
NQ.v.0,action_x_surprise,hold|medium,spread_ticks,96,21.0,3.4761904761904763,2.0,4.0
NQ.v.0,action_x_surprise,hold|medium,spread_ticks,97,21.0,3.4285714285714284,2.0,4.0
NQ.v.0,action_x_surprise,hold|medium,spread_ticks,98,21.0,3.4761904761904763,1.0,5.0
NQ.v.0,action_x_surprise,hold|medium,spread_ticks,99,21.0,3.2857142857142856,2.0,4.0
NQ.v.0,action_x_surprise,hold|medium,spread_ticks,100,21.0,3.5714285714285716,2.0,5.0
NQ.v.0,action_x_surprise,hold|medium,spread_ticks,101,21.0,3.380952380952381,2.0,4.0
NQ.v.0,action_x_surprise,hold|medium,spread_ticks,102,21.0,3.761904761904762,2.0,5.0
NQ.v.0,action_x_surprise,hold|medium,spread_ticks,103,21.0,3.619047619047619,2.0,6.0
NQ.v.0,action_x_surprise,hold|medium,spread_ticks,104,21.0,3.5714285714285716,1.0,5.0
NQ.v.0,action_x_surprise,hold|medium,spread_ticks,105,21.0,3.4761904761904763,2.0,4.0
NQ.v.0,action_x_surprise,hold|medium,spread_ticks,106,21.0,3.4285714285714284,2.0,4.0
NQ.v.0,action_x_surprise,hold|medium,spread_ticks,107,21.0,3.4761904761904763,2.0,5.0
NQ.v.0,action_x_surprise,hold|medium,spread_ticks,108,21.0,3.238095238095238,2.0,4.0
NQ.v.0,action_x_surprise,hold|medium,spread_ticks,109,21.0,3.2857142857142856,1.0,4.0
NQ.v.0,action_x_surprise,hold|medium,spread_ticks,110,21.0,3.0,2.0,4.0
NQ.v.0,action_x_surprise,hold|medium,spread_ticks,111,21.0,3.0476190476190474,1.0,4.0
NQ.v.0,action_x_surprise,hold|medium,spread_ticks,112,21.0,3.142857142857143,1.0,5.0
NQ.v.0,action_x_surprise,hold|medium,spread_ticks,113,21.0,3.142857142857143,1.0,4.0
NQ.v.0,action_x_surprise,hold|medium,spread_ticks,114,21.0,3.238095238095238,1.0,4.0
NQ.v.0,action_x_surprise,hold|medium,spread_ticks,115,21.0,3.0952380952380953,2.0,4.0
NQ.v.0,action_x_surprise,hold|medium,spread_ticks,116,21.0,3.0952380952380953,1.0,3.0
NQ.v.0,action_x_surprise,hold|medium,spread_ticks,117,21.0,3.0476190476190474,1.0,4.0
NQ.v.0,action_x_surprise,hold|medium,spread_ticks,118,21.0,2.9523809523809526,2.0,4.0
NQ.v.0,action_x_surprise,hold|medium,spread_ticks,119,21.0,2.9523809523809526,2.0,3.0
NQ.v.0,action_x_surprise,hold|medium,spread_ticks,120,21.0,2.8095238095238093,1.0,3.0
NQ.v.0,action_x_surprise,hold|small,spread_ticks,-60,26.0,3.8076923076923075,2.0,4.0
NQ.v.0,action_x_surprise,hold|small,spread_ticks,-59,26.0,3.3076923076923075,2.0,4.0
NQ.v.0,action_x_surprise,hold|small,spread_ticks,-58,26.0,4.0,2.0,5.0
NQ.v.0,action_x_surprise,hold|small,spread_ticks,-57,26.0,3.4615384615384617,2.0,4.0
NQ.v.0,action_x_surprise,hold|small,spread_ticks,-56,26.0,3.6153846153846154,2.0,5.0
NQ.v.0,action_x_surprise,hold|small,spread_ticks,-55,26.0,3.6153846153846154,2.0,4.0
NQ.v.0,action_x_surprise,hold|small,spread_ticks,-54,26.0,4.038461538461538,2.25,5.0
NQ.v.0,action_x_surprise,hold|small,spread_ticks,-53,26.0,4.038461538461538,2.25,5.0
NQ.v.0,action_x_surprise,hold|small,spread_ticks,-52,26.0,3.8846153846153846,2.0,5.0
NQ.v.0,action_x_surprise,hold|small,spread_ticks,-51,26.0,3.6153846153846154,2.0,5.0
NQ.v.0,action_x_surprise,hold|small,spread_ticks,-50,26.0,4.115384615384615,2.0,5.0
NQ.v.0,action_x_surprise,hold|small,spread_ticks,-49,26.0,4.346153846153846,3.0,5.75
NQ.v.0,action_x_surprise,hold|small,spread_ticks,-48,26.0,3.923076923076923,2.0,5.75
NQ.v.0,action_x_surprise,hold|small,spread_ticks,-47,26.0,4.115384615384615,2.0,6.0
NQ.v.0,action_x_surprise,hold|small,spread_ticks,-46,26.0,3.8846153846153846,2.0,4.75
NQ.v.0,action_x_surprise,hold|small,spread_ticks,-45,26.0,3.5384615384615383,2.0,4.0
NQ.v.0,action_x_surprise,hold|small,spread_ticks,-44,26.0,3.576923076923077,2.0,4.0
NQ.v.0,action_x_surprise,hold|small,spread_ticks,-43,26.0,3.9615384615384617,2.0,4.0
NQ.v.0,action_x_surprise,hold|small,spread_ticks,-42,26.0,3.9615384615384617,2.25,5.0
NQ.v.0,action_x_surprise,hold|small,spread_ticks,-41,26.0,4.038461538461538,2.0,5.0
NQ.v.0,action_x_surprise,hold|small,spread_ticks,-40,26.0,4.153846153846154,2.0,5.75
NQ.v.0,action_x_surprise,hold|small,spread_ticks,-39,26.0,4.115384615384615,2.0,5.0
NQ.v.0,action_x_surprise,hold|small,spread_ticks,-38,26.0,3.6538461538461537,2.0,5.0
NQ.v.0,action_x_surprise,hold|small,spread_ticks,-37,26.0,4.076923076923077,2.0,5.75
NQ.v.0,action_x_surprise,hold|small,spread_ticks,-36,26.0,4.153846153846154,2.25,5.0
NQ.v.0,action_x_surprise,hold|small,spread_ticks,-35,26.0,4.153846153846154,3.0,5.0
NQ.v.0,action_x_surprise,hold|small,spread_ticks,-34,26.0,4.3076923076923075,3.0,6.0
NQ.v.0,action_x_surprise,hold|small,spread_ticks,-33,26.0,4.115384615384615,2.0,5.75
NQ.v.0,action_x_surprise,hold|small,spread_ticks,-32,26.0,4.5,2.0,6.0
NQ.v.0,action_x_surprise,hold|small,spread_ticks,-31,26.0,4.3076923076923075,2.25,6.0
NQ.v.0,action_x_surprise,hold|small,spread_ticks,-30,26.0,4.269230769230769,2.25,5.75
NQ.v.0,action_x_surprise,hold|small,spread_ticks,-29,26.0,3.6153846153846154,2.0,5.75
NQ.v.0,action_x_surprise,hold|small,spread_ticks,-28,26.0,4.0,2.0,5.0
NQ.v.0,action_x_surprise,hold|small,spread_ticks,-27,26.0,3.8846153846153846,2.0,4.75
NQ.v.0,action_x_surprise,hold|small,spread_ticks,-26,26.0,3.9615384615384617,2.25,5.0
NQ.v.0,action_x_surprise,hold|small,spread_ticks,-25,26.0,3.8076923076923075,2.0,5.0
NQ.v.0,action_x_surprise,hold|small,spread_ticks,-24,26.0,4.115384615384615,2.0,6.0
NQ.v.0,action_x_surprise,hold|small,spread_ticks,-23,26.0,4.384615384615385,3.0,6.0
NQ.v.0,action_x_surprise,hold|small,spread_ticks,-22,26.0,4.115384615384615,3.0,5.75
NQ.v.0,action_x_surprise,hold|small,spread_ticks,-21,26.0,3.8076923076923075,3.0,4.75
NQ.v.0,action_x_surprise,hold|small,spread_ticks,-20,26.0,4.153846153846154,2.25,5.75
NQ.v.0,action_x_surprise,hold|small,spread_ticks,-19,26.0,4.038461538461538,2.0,6.0
NQ.v.0,action_x_surprise,hold|small,spread_ticks,-18,26.0,4.346153846153846,2.0,5.0
NQ.v.0,action_x_surprise,hold|small,spread_ticks,-17,26.0,5.038461538461538,2.0,6.0
NQ.v.0,action_x_surprise,hold|small,spread_ticks,-16,26.0,5.269230769230769,3.0,6.75
NQ.v.0,action_x_surprise,hold|small,spread_ticks,-15,26.0,5.269230769230769,3.0,7.0
NQ.v.0,action_x_surprise,hold|small,spread_ticks,-14,26.0,4.923076923076923,3.0,6.5
NQ.v.0,action_x_surprise,hold|small,spread_ticks,-13,26.0,5.615384615384615,3.0,7.75
NQ.v.0,action_x_surprise,hold|small,spread_ticks,-12,26.0,5.038461538461538,3.0,6.0
NQ.v.0,action_x_surprise,hold|small,spread_ticks,-11,26.0,4.576923076923077,3.0,6.0
NQ.v.0,action_x_surprise,hold|small,spread_ticks,-10,26.0,4.461538461538462,2.0,5.75
NQ.v.0,action_x_surprise,hold|small,spread_ticks,-9,26.0,4.884615384615385,2.0,6.75
NQ.v.0,action_x_surprise,hold|small,spread_ticks,-8,26.0,4.961538461538462,2.0,6.75
NQ.v.0,action_x_surprise,hold|small,spread_ticks,-7,26.0,4.615384615384615,2.0,5.75
NQ.v.0,action_x_surprise,hold|small,spread_ticks,-6,26.0,5.076923076923077,3.0,6.0
NQ.v.0,action_x_surprise,hold|small,spread_ticks,-5,26.0,4.961538461538462,3.0,6.0
NQ.v.0,action_x_surprise,hold|small,spread_ticks,-4,26.0,5.5,3.0,6.75
NQ.v.0,action_x_surprise,hold|small,spread_ticks,-3,26.0,6.0,3.0,7.0
NQ.v.0,action_x_surprise,hold|small,spread_ticks,-2,26.0,5.961538461538462,3.0,7.75
NQ.v.0,action_x_surprise,hold|small,spread_ticks,-1,26.0,5.8076923076923075,3.0,7.75
NQ.v.0,action_x_surprise,hold|small,spread_ticks,0,26.0,7.384615384615385,3.0,6.75
NQ.v.0,action_x_surprise,hold|small,spread_ticks,1,26.0,10.423076923076923,4.0,8.75
NQ.v.0,action_x_surprise,hold|small,spread_ticks,2,26.0,11.153846153846153,3.25,9.0
NQ.v.0,action_x_surprise,hold|small,spread_ticks,3,26.0,10.192307692307692,3.25,9.0
NQ.v.0,action_x_surprise,hold|small,spread_ticks,4,26.0,9.923076923076923,4.0,9.75
NQ.v.0,action_x_surprise,hold|small,spread_ticks,5,26.0,7.6923076923076925,4.0,9.5
NQ.v.0,action_x_surprise,hold|small,spread_ticks,6,26.0,8.076923076923077,3.0,9.25
NQ.v.0,action_x_surprise,hold|small,spread_ticks,7,26.0,8.153846153846153,4.0,9.0
NQ.v.0,action_x_surprise,hold|small,spread_ticks,8,26.0,7.846153846153846,4.0,8.75
NQ.v.0,action_x_surprise,hold|small,spread_ticks,9,26.0,7.538461538461538,4.0,7.75
NQ.v.0,action_x_surprise,hold|small,spread_ticks,10,26.0,8.961538461538462,4.25,9.75
NQ.v.0,action_x_surprise,hold|small,spread_ticks,11,26.0,7.0,4.0,8.0
NQ.v.0,action_x_surprise,hold|small,spread_ticks,12,26.0,6.8076923076923075,3.25,9.75
NQ.v.0,action_x_surprise,hold|small,spread_ticks,13,26.0,6.3076923076923075,3.0,8.0
NQ.v.0,action_x_surprise,hold|small,spread_ticks,14,26.0,7.461538461538462,4.0,7.0
NQ.v.0,action_x_surprise,hold|small,spread_ticks,15,26.0,6.615384615384615,3.0,6.75
NQ.v.0,action_x_surprise,hold|small,spread_ticks,16,26.0,6.961538461538462,5.0,7.0
NQ.v.0,action_x_surprise,hold|small,spread_ticks,17,26.0,7.038461538461538,3.25,7.0
NQ.v.0,action_x_surprise,hold|small,spread_ticks,18,26.0,7.038461538461538,4.0,9.0
NQ.v.0,action_x_surprise,hold|small,spread_ticks,19,26.0,7.576923076923077,4.0,9.0
NQ.v.0,action_x_surprise,hold|small,spread_ticks,20,26.0,7.230769230769231,4.0,9.0
NQ.v.0,action_x_surprise,hold|small,spread_ticks,21,26.0,6.423076923076923,4.0,8.0
NQ.v.0,action_x_surprise,hold|small,spread_ticks,22,26.0,6.769230769230769,3.25,7.0
NQ.v.0,action_x_surprise,hold|small,spread_ticks,23,26.0,6.653846153846154,3.25,7.75
NQ.v.0,action_x_surprise,hold|small,spread_ticks,24,26.0,6.423076923076923,3.0,7.5
NQ.v.0,action_x_surprise,hold|small,spread_ticks,25,26.0,6.423076923076923,3.0,7.0
NQ.v.0,action_x_surprise,hold|small,spread_ticks,26,26.0,6.0,3.0,6.75
NQ.v.0,action_x_surprise,hold|small,spread_ticks,27,26.0,5.923076923076923,3.25,7.75
NQ.v.0,action_x_surprise,hold|small,spread_ticks,28,26.0,6.0,3.0,7.0
NQ.v.0,action_x_surprise,hold|small,spread_ticks,29,26.0,6.423076923076923,3.25,7.75
NQ.v.0,action_x_surprise,hold|small,spread_ticks,30,26.0,5.423076923076923,3.0,6.0
NQ.v.0,action_x_surprise,hold|small,spread_ticks,31,26.0,4.230769230769231,2.25,5.0
NQ.v.0,action_x_surprise,hold|small,spread_ticks,32,26.0,4.3076923076923075,3.0,5.0
NQ.v.0,action_x_surprise,hold|small,spread_ticks,33,26.0,4.076923076923077,3.0,5.0
NQ.v.0,action_x_surprise,hold|small,spread_ticks,34,26.0,3.3846153846153846,2.0,4.0
NQ.v.0,action_x_surprise,hold|small,spread_ticks,35,26.0,3.8076923076923075,2.0,5.0
NQ.v.0,action_x_surprise,hold|small,spread_ticks,36,26.0,4.230769230769231,2.0,5.75
NQ.v.0,action_x_surprise,hold|small,spread_ticks,37,26.0,3.6538461538461537,2.25,4.75
NQ.v.0,action_x_surprise,hold|small,spread_ticks,38,26.0,4.0,2.25,5.0
NQ.v.0,action_x_surprise,hold|small,spread_ticks,39,26.0,4.1923076923076925,2.25,5.75
NQ.v.0,action_x_surprise,hold|small,spread_ticks,40,26.0,3.9615384615384617,2.0,5.0
NQ.v.0,action_x_surprise,hold|small,spread_ticks,41,26.0,3.923076923076923,2.0,5.0
NQ.v.0,action_x_surprise,hold|small,spread_ticks,42,26.0,3.5384615384615383,2.0,5.0
NQ.v.0,action_x_surprise,hold|small,spread_ticks,43,26.0,3.6153846153846154,2.0,5.0
NQ.v.0,action_x_surprise,hold|small,spread_ticks,44,26.0,3.730769230769231,2.0,4.75
NQ.v.0,action_x_surprise,hold|small,spread_ticks,45,26.0,4.1923076923076925,2.0,5.0
NQ.v.0,action_x_surprise,hold|small,spread_ticks,46,26.0,3.576923076923077,2.0,4.0
NQ.v.0,action_x_surprise,hold|small,spread_ticks,47,26.0,3.8076923076923075,2.0,5.0
NQ.v.0,action_x_surprise,hold|small,spread_ticks,48,26.0,3.6538461538461537,2.0,4.75
NQ.v.0,action_x_surprise,hold|small,spread_ticks,49,26.0,3.5,2.0,4.0
NQ.v.0,action_x_surprise,hold|small,spread_ticks,50,26.0,3.576923076923077,3.0,4.75
NQ.v.0,action_x_surprise,hold|small,spread_ticks,51,26.0,3.5,2.0,4.0
NQ.v.0,action_x_surprise,hold|small,spread_ticks,52,26.0,3.576923076923077,2.0,4.0
NQ.v.0,action_x_surprise,hold|small,spread_ticks,53,26.0,3.269230769230769,2.0,4.0
NQ.v.0,action_x_surprise,hold|small,spread_ticks,54,26.0,3.3461538461538463,2.0,4.0
NQ.v.0,action_x_surprise,hold|small,spread_ticks,55,26.0,3.423076923076923,2.0,4.0
NQ.v.0,action_x_surprise,hold|small,spread_ticks,56,26.0,3.730769230769231,2.0,4.75
NQ.v.0,action_x_surprise,hold|small,spread_ticks,57,26.0,3.3461538461538463,2.0,4.75
NQ.v.0,action_x_surprise,hold|small,spread_ticks,58,26.0,3.576923076923077,2.0,5.0
NQ.v.0,action_x_surprise,hold|small,spread_ticks,59,26.0,3.423076923076923,2.0,4.0
NQ.v.0,action_x_surprise,hold|small,spread_ticks,60,26.0,3.5384615384615383,2.0,4.0
NQ.v.0,action_x_surprise,hold|small,spread_ticks,61,26.0,3.730769230769231,2.0,4.0
NQ.v.0,action_x_surprise,hold|small,spread_ticks,62,26.0,3.730769230769231,2.0,5.0
NQ.v.0,action_x_surprise,hold|small,spread_ticks,63,26.0,3.8076923076923075,2.0,4.0
NQ.v.0,action_x_surprise,hold|small,spread_ticks,64,26.0,4.1923076923076925,2.0,4.75
NQ.v.0,action_x_surprise,hold|small,spread_ticks,65,26.0,3.6923076923076925,2.0,5.0
NQ.v.0,action_x_surprise,hold|small,spread_ticks,66,26.0,3.3846153846153846,2.0,4.0
NQ.v.0,action_x_surprise,hold|small,spread_ticks,67,26.0,3.5,2.0,4.0
NQ.v.0,action_x_surprise,hold|small,spread_ticks,68,26.0,3.1538461538461537,2.0,4.0
NQ.v.0,action_x_surprise,hold|small,spread_ticks,69,26.0,3.8076923076923075,2.0,4.0
NQ.v.0,action_x_surprise,hold|small,spread_ticks,70,26.0,3.576923076923077,2.0,4.0
NQ.v.0,action_x_surprise,hold|small,spread_ticks,71,26.0,3.5384615384615383,2.0,4.0
NQ.v.0,action_x_surprise,hold|small,spread_ticks,72,26.0,3.8461538461538463,2.0,4.75
NQ.v.0,action_x_surprise,hold|small,spread_ticks,73,26.0,3.769230769230769,2.0,4.0
NQ.v.0,action_x_surprise,hold|small,spread_ticks,74,26.0,3.230769230769231,2.0,3.75
NQ.v.0,action_x_surprise,hold|small,spread_ticks,75,26.0,3.5384615384615383,2.0,4.0
NQ.v.0,action_x_surprise,hold|small,spread_ticks,76,26.0,3.730769230769231,2.0,4.0
NQ.v.0,action_x_surprise,hold|small,spread_ticks,77,26.0,3.6923076923076925,2.0,4.0
NQ.v.0,action_x_surprise,hold|small,spread_ticks,78,26.0,3.6923076923076925,2.0,4.75
NQ.v.0,action_x_surprise,hold|small,spread_ticks,79,26.0,3.6153846153846154,2.0,4.75
NQ.v.0,action_x_surprise,hold|small,spread_ticks,80,26.0,3.8076923076923075,2.0,5.0
NQ.v.0,action_x_surprise,hold|small,spread_ticks,81,26.0,3.4615384615384617,2.0,4.0
NQ.v.0,action_x_surprise,hold|small,spread_ticks,82,26.0,3.6153846153846154,2.0,4.75
NQ.v.0,action_x_surprise,hold|small,spread_ticks,83,26.0,3.3846153846153846,2.0,4.0
NQ.v.0,action_x_surprise,hold|small,spread_ticks,84,26.0,3.1538461538461537,2.0,3.75
NQ.v.0,action_x_surprise,hold|small,spread_ticks,85,26.0,3.230769230769231,2.0,3.75
NQ.v.0,action_x_surprise,hold|small,spread_ticks,86,26.0,3.4615384615384617,2.0,4.0
NQ.v.0,action_x_surprise,hold|small,spread_ticks,87,26.0,3.576923076923077,2.0,4.75
NQ.v.0,action_x_surprise,hold|small,spread_ticks,88,26.0,3.269230769230769,2.0,4.0
NQ.v.0,action_x_surprise,hold|small,spread_ticks,89,26.0,3.6923076923076925,2.0,4.0
NQ.v.0,action_x_surprise,hold|small,spread_ticks,90,26.0,3.3461538461538463,2.0,4.0
NQ.v.0,action_x_surprise,hold|small,spread_ticks,91,26.0,3.269230769230769,2.0,4.0
NQ.v.0,action_x_surprise,hold|small,spread_ticks,92,26.0,3.1538461538461537,2.0,3.0
NQ.v.0,action_x_surprise,hold|small,spread_ticks,93,26.0,3.1538461538461537,2.0,3.0
NQ.v.0,action_x_surprise,hold|small,spread_ticks,94,26.0,2.8846153846153846,2.0,3.0
NQ.v.0,action_x_surprise,hold|small,spread_ticks,95,26.0,2.923076923076923,2.0,3.0
NQ.v.0,action_x_surprise,hold|small,spread_ticks,96,26.0,3.0,2.0,3.0
NQ.v.0,action_x_surprise,hold|small,spread_ticks,97,26.0,3.076923076923077,2.0,3.75
NQ.v.0,action_x_surprise,hold|small,spread_ticks,98,26.0,3.1538461538461537,2.0,4.0
NQ.v.0,action_x_surprise,hold|small,spread_ticks,99,26.0,3.1923076923076925,2.0,3.75
NQ.v.0,action_x_surprise,hold|small,spread_ticks,100,26.0,3.1923076923076925,2.0,4.0
NQ.v.0,action_x_surprise,hold|small,spread_ticks,101,26.0,3.230769230769231,2.0,4.0
NQ.v.0,action_x_surprise,hold|small,spread_ticks,102,26.0,3.0,2.0,3.0
NQ.v.0,action_x_surprise,hold|small,spread_ticks,103,26.0,3.3461538461538463,2.0,3.75
NQ.v.0,action_x_surprise,hold|small,spread_ticks,104,26.0,3.1538461538461537,2.0,3.0
NQ.v.0,action_x_surprise,hold|small,spread_ticks,105,26.0,3.1538461538461537,2.0,3.75
NQ.v.0,action_x_surprise,hold|small,spread_ticks,106,26.0,3.0384615384615383,2.0,4.0
NQ.v.0,action_x_surprise,hold|small,spread_ticks,107,26.0,3.0384615384615383,2.0,3.0
NQ.v.0,action_x_surprise,hold|small,spread_ticks,108,26.0,3.1153846153846154,2.0,4.0
NQ.v.0,action_x_surprise,hold|small,spread_ticks,109,26.0,3.3076923076923075,2.0,3.75
NQ.v.0,action_x_surprise,hold|small,spread_ticks,110,26.0,3.1923076923076925,2.0,4.0
NQ.v.0,action_x_surprise,hold|small,spread_ticks,111,26.0,3.1538461538461537,2.0,4.0
NQ.v.0,action_x_surprise,hold|small,spread_ticks,112,26.0,3.230769230769231,2.0,4.0
NQ.v.0,action_x_surprise,hold|small,spread_ticks,113,26.0,3.1153846153846154,2.0,4.0
NQ.v.0,action_x_surprise,hold|small,spread_ticks,114,26.0,3.423076923076923,2.0,4.0
NQ.v.0,action_x_surprise,hold|small,spread_ticks,115,26.0,2.9615384615384617,2.0,3.0
NQ.v.0,action_x_surprise,hold|small,spread_ticks,116,26.0,2.9615384615384617,2.0,4.0
NQ.v.0,action_x_surprise,hold|small,spread_ticks,117,26.0,3.1923076923076925,2.0,3.75
NQ.v.0,action_x_surprise,hold|small,spread_ticks,118,26.0,3.0384615384615383,2.0,3.0
NQ.v.0,action_x_surprise,hold|small,spread_ticks,119,26.0,3.269230769230769,2.0,3.0
NQ.v.0,action_x_surprise,hold|small,spread_ticks,120,26.0,3.1538461538461537,2.0,3.0
NQ.v.0,all,all,spread_ticks,-60,92.0,4.576086956521739,2.0,6.0
NQ.v.0,all,all,spread_ticks,-59,92.0,4.336956521739131,2.0,5.0
NQ.v.0,all,all,spread_ticks,-58,92.0,4.695652173913044,2.0,6.0
NQ.v.0,all,all,spread_ticks,-57,92.0,4.326086956521739,2.0,5.0
NQ.v.0,all,all,spread_ticks,-56,92.0,4.239130434782608,2.0,5.0
NQ.v.0,all,all,spread_ticks,-55,92.0,4.293478260869565,2.0,5.0
NQ.v.0,all,all,spread_ticks,-54,92.0,4.260869565217392,2.0,5.25
NQ.v.0,all,all,spread_ticks,-53,92.0,4.5,2.0,6.0
NQ.v.0,all,all,spread_ticks,-52,92.0,4.543478260869565,2.0,6.0
NQ.v.0,all,all,spread_ticks,-51,92.0,4.478260869565218,2.0,6.0
NQ.v.0,all,all,spread_ticks,-50,92.0,5.0,2.75,6.0
NQ.v.0,all,all,spread_ticks,-49,92.0,4.695652173913044,2.0,6.0
NQ.v.0,all,all,spread_ticks,-48,92.0,4.728260869565218,2.0,6.0
NQ.v.0,all,all,spread_ticks,-47,92.0,5.163043478260869,2.0,6.0
NQ.v.0,all,all,spread_ticks,-46,92.0,4.891304347826087,2.0,7.0
NQ.v.0,all,all,spread_ticks,-45,92.0,4.782608695652174,2.0,6.0
NQ.v.0,all,all,spread_ticks,-44,92.0,4.673913043478261,2.0,6.0
NQ.v.0,all,all,spread_ticks,-43,92.0,4.923913043478261,3.0,6.0
NQ.v.0,all,all,spread_ticks,-42,92.0,4.858695652173913,3.0,6.0
NQ.v.0,all,all,spread_ticks,-41,92.0,4.717391304347826,2.0,6.0
NQ.v.0,all,all,spread_ticks,-40,92.0,4.684782608695652,2.0,6.0
NQ.v.0,all,all,spread_ticks,-39,92.0,4.771739130434782,2.75,6.0
NQ.v.0,all,all,spread_ticks,-38,92.0,4.489130434782608,2.75,5.0
NQ.v.0,all,all,spread_ticks,-37,92.0,4.630434782608695,2.0,6.0
NQ.v.0,all,all,spread_ticks,-36,92.0,4.576086956521739,2.0,5.0
NQ.v.0,all,all,spread_ticks,-35,92.0,4.826086956521739,2.75,6.0
NQ.v.0,all,all,spread_ticks,-34,92.0,4.565217391304348,3.0,6.0
NQ.v.0,all,all,spread_ticks,-33,92.0,4.423913043478261,2.0,6.0
NQ.v.0,all,all,spread_ticks,-32,92.0,4.836956521739131,2.0,6.0
NQ.v.0,all,all,spread_ticks,-31,92.0,4.793478260869565,2.0,6.0
NQ.v.0,all,all,spread_ticks,-30,92.0,4.891304347826087,2.75,6.0
NQ.v.0,all,all,spread_ticks,-29,92.0,4.543478260869565,2.0,6.0
NQ.v.0,all,all,spread_ticks,-28,92.0,4.923913043478261,2.0,6.0
NQ.v.0,all,all,spread_ticks,-27,92.0,5.010869565217392,2.0,6.0
NQ.v.0,all,all,spread_ticks,-26,92.0,4.771739130434782,2.0,6.0
NQ.v.0,all,all,spread_ticks,-25,92.0,4.695652173913044,2.75,6.0
NQ.v.0,all,all,spread_ticks,-24,92.0,4.804347826086956,2.0,6.0
NQ.v.0,all,all,spread_ticks,-23,92.0,4.739130434782608,2.0,6.0
NQ.v.0,all,all,spread_ticks,-22,92.0,5.021739130434782,2.75,6.25
NQ.v.0,all,all,spread_ticks,-21,92.0,4.967391304347826,2.0,6.0
NQ.v.0,all,all,spread_ticks,-20,92.0,5.130434782608695,2.0,7.0
NQ.v.0,all,all,spread_ticks,-19,92.0,5.336956521739131,2.0,7.0
NQ.v.0,all,all,spread_ticks,-18,92.0,5.260869565217392,2.75,6.25
NQ.v.0,all,all,spread_ticks,-17,92.0,5.456521739130435,2.0,7.0
NQ.v.0,all,all,spread_ticks,-16,92.0,5.619565217391305,2.0,7.0
NQ.v.0,all,all,spread_ticks,-15,92.0,5.760869565217392,2.0,7.0
NQ.v.0,all,all,spread_ticks,-14,92.0,5.532608695652174,3.0,7.0
NQ.v.0,all,all,spread_ticks,-13,92.0,5.739130434782608,3.0,7.0
NQ.v.0,all,all,spread_ticks,-12,92.0,5.521739130434782,3.0,6.25
NQ.v.0,all,all,spread_ticks,-11,92.0,5.304347826086956,3.0,6.0
NQ.v.0,all,all,spread_ticks,-10,92.0,5.510869565217392,3.0,7.0
NQ.v.0,all,all,spread_ticks,-9,92.0,5.891304347826087,2.0,7.0
NQ.v.0,all,all,spread_ticks,-8,92.0,6.358695652173913,3.0,7.0
NQ.v.0,all,all,spread_ticks,-7,92.0,6.423913043478261,3.0,7.0
NQ.v.0,all,all,spread_ticks,-6,92.0,6.478260869565218,3.0,8.0
NQ.v.0,all,all,spread_ticks,-5,92.0,6.445652173913044,3.0,7.0
NQ.v.0,all,all,spread_ticks,-4,92.0,7.717391304347826,3.0,8.25
NQ.v.0,all,all,spread_ticks,-3,92.0,7.576086956521739,3.0,8.25
NQ.v.0,all,all,spread_ticks,-2,92.0,7.423913043478261,3.0,9.0
NQ.v.0,all,all,spread_ticks,-1,92.0,7.880434782608695,3.0,9.25
NQ.v.0,all,all,spread_ticks,0,92.0,8.923913043478262,3.0,10.25
NQ.v.0,all,all,spread_ticks,1,92.0,13.98913043478261,4.0,18.25
NQ.v.0,all,all,spread_ticks,2,92.0,17.130434782608695,3.0,18.25
NQ.v.0,all,all,spread_ticks,3,92.0,14.173913043478262,4.0,17.25
NQ.v.0,all,all,spread_ticks,4,92.0,14.521739130434783,4.0,19.0
NQ.v.0,all,all,spread_ticks,5,92.0,11.543478260869565,4.0,15.25
NQ.v.0,all,all,spread_ticks,6,92.0,11.380434782608695,3.0,14.0
NQ.v.0,all,all,spread_ticks,7,92.0,13.119565217391305,3.75,13.0
NQ.v.0,all,all,spread_ticks,8,92.0,10.01086956521739,3.0,12.25
NQ.v.0,all,all,spread_ticks,9,92.0,10.967391304347826,4.0,12.25
NQ.v.0,all,all,spread_ticks,10,92.0,10.5,4.0,15.0
NQ.v.0,all,all,spread_ticks,11,92.0,10.66304347826087,4.0,13.25
NQ.v.0,all,all,spread_ticks,12,92.0,10.043478260869565,3.0,11.25
NQ.v.0,all,all,spread_ticks,13,92.0,9.380434782608695,3.0,12.25
NQ.v.0,all,all,spread_ticks,14,92.0,9.347826086956522,3.0,11.0
NQ.v.0,all,all,spread_ticks,15,92.0,9.467391304347826,3.0,11.0
NQ.v.0,all,all,spread_ticks,16,92.0,9.73913043478261,3.0,11.25
NQ.v.0,all,all,spread_ticks,17,92.0,9.554347826086957,3.0,13.0
NQ.v.0,all,all,spread_ticks,18,92.0,8.641304347826088,3.0,13.25
NQ.v.0,all,all,spread_ticks,19,92.0,8.967391304347826,3.0,11.0
NQ.v.0,all,all,spread_ticks,20,92.0,9.434782608695652,3.0,12.25
NQ.v.0,all,all,spread_ticks,21,92.0,8.23913043478261,3.0,11.0
NQ.v.0,all,all,spread_ticks,22,92.0,8.728260869565217,3.0,12.0
NQ.v.0,all,all,spread_ticks,23,92.0,8.771739130434783,3.0,11.0
NQ.v.0,all,all,spread_ticks,24,92.0,8.532608695652174,3.0,11.25
NQ.v.0,all,all,spread_ticks,25,92.0,8.032608695652174,3.0,11.0
NQ.v.0,all,all,spread_ticks,26,92.0,8.217391304347826,3.0,10.0
NQ.v.0,all,all,spread_ticks,27,92.0,8.065217391304348,3.0,10.25
NQ.v.0,all,all,spread_ticks,28,92.0,8.347826086956522,3.0,10.25
NQ.v.0,all,all,spread_ticks,29,92.0,7.836956521739131,3.0,12.0
NQ.v.0,all,all,spread_ticks,30,92.0,7.543478260869565,3.0,11.0
NQ.v.0,all,all,spread_ticks,31,92.0,5.6521739130434785,2.0,8.0
NQ.v.0,all,all,spread_ticks,32,92.0,5.793478260869565,2.75,6.0
NQ.v.0,all,all,spread_ticks,33,92.0,5.760869565217392,2.0,7.0
NQ.v.0,all,all,spread_ticks,34,92.0,5.315217391304348,2.0,7.0
NQ.v.0,all,all,spread_ticks,35,92.0,5.3478260869565215,2.0,6.0
NQ.v.0,all,all,spread_ticks,36,92.0,5.663043478260869,2.0,7.0
NQ.v.0,all,all,spread_ticks,37,92.0,5.065217391304348,2.0,5.25
NQ.v.0,all,all,spread_ticks,38,92.0,5.336956521739131,2.0,6.0
NQ.v.0,all,all,spread_ticks,39,92.0,5.293478260869565,2.0,7.0
NQ.v.0,all,all,spread_ticks,40,92.0,5.163043478260869,2.0,7.0
NQ.v.0,all,all,spread_ticks,41,92.0,4.815217391304348,2.0,6.0
NQ.v.0,all,all,spread_ticks,42,92.0,4.793478260869565,2.0,6.25
NQ.v.0,all,all,spread_ticks,43,92.0,4.978260869565218,2.0,6.0
NQ.v.0,all,all,spread_ticks,44,92.0,4.684782608695652,2.0,6.0
NQ.v.0,all,all,spread_ticks,45,92.0,4.989130434782608,2.0,7.0
NQ.v.0,all,all,spread_ticks,46,92.0,4.945652173913044,2.0,6.0
NQ.v.0,all,all,spread_ticks,47,92.0,5.217391304347826,2.0,6.0
NQ.v.0,all,all,spread_ticks,48,92.0,5.054347826086956,2.0,6.0
NQ.v.0,all,all,spread_ticks,49,92.0,4.641304347826087,2.0,6.0
NQ.v.0,all,all,spread_ticks,50,92.0,4.956521739130435,2.0,6.0
NQ.v.0,all,all,spread_ticks,51,92.0,4.728260869565218,2.0,6.0
NQ.v.0,all,all,spread_ticks,52,92.0,4.891304347826087,2.0,6.0
NQ.v.0,all,all,spread_ticks,53,92.0,4.510869565217392,2.0,5.0
NQ.v.0,all,all,spread_ticks,54,92.0,5.228260869565218,2.0,6.0
NQ.v.0,all,all,spread_ticks,55,92.0,4.804347826086956,2.0,5.0
NQ.v.0,all,all,spread_ticks,56,92.0,4.804347826086956,2.0,6.0
NQ.v.0,all,all,spread_ticks,57,92.0,4.684782608695652,2.0,6.0
NQ.v.0,all,all,spread_ticks,58,92.0,5.0,2.0,6.0
NQ.v.0,all,all,spread_ticks,59,92.0,4.989130434782608,2.0,6.0
NQ.v.0,all,all,spread_ticks,60,92.0,4.891304347826087,2.0,7.0
NQ.v.0,all,all,spread_ticks,61,92.0,4.532608695652174,2.0,5.25
NQ.v.0,all,all,spread_ticks,62,92.0,4.913043478260869,2.0,6.0
NQ.v.0,all,all,spread_ticks,63,92.0,4.608695652173913,2.0,5.0
NQ.v.0,all,all,spread_ticks,64,92.0,4.891304347826087,2.0,6.0
NQ.v.0,all,all,spread_ticks,65,92.0,4.543478260869565,2.0,5.25
NQ.v.0,all,all,spread_ticks,66,92.0,4.619565217391305,2.0,5.0
NQ.v.0,all,all,spread_ticks,67,92.0,4.423913043478261,2.0,5.25
NQ.v.0,all,all,spread_ticks,68,92.0,4.4021739130434785,2.0,5.0
NQ.v.0,all,all,spread_ticks,69,92.0,4.456521739130435,2.0,7.0
NQ.v.0,all,all,spread_ticks,70,92.0,4.456521739130435,2.0,5.25
NQ.v.0,all,all,spread_ticks,71,92.0,4.619565217391305,2.0,6.0
NQ.v.0,all,all,spread_ticks,72,92.0,4.510869565217392,2.0,6.0
NQ.v.0,all,all,spread_ticks,73,92.0,4.532608695652174,2.0,5.0
NQ.v.0,all,all,spread_ticks,74,92.0,4.326086956521739,2.0,5.25
NQ.v.0,all,all,spread_ticks,75,92.0,4.380434782608695,2.0,6.0
NQ.v.0,all,all,spread_ticks,76,92.0,4.3478260869565215,2.0,5.0
NQ.v.0,all,all,spread_ticks,77,92.0,4.260869565217392,2.0,6.0
NQ.v.0,all,all,spread_ticks,78,92.0,4.141304347826087,2.0,5.0
NQ.v.0,all,all,spread_ticks,79,92.0,4.239130434782608,2.0,5.25
NQ.v.0,all,all,spread_ticks,80,92.0,4.239130434782608,2.0,6.0
NQ.v.0,all,all,spread_ticks,81,92.0,4.228260869565218,2.0,6.0
NQ.v.0,all,all,spread_ticks,82,92.0,4.391304347826087,2.0,5.0
NQ.v.0,all,all,spread_ticks,83,92.0,3.9782608695652173,2.0,5.0
NQ.v.0,all,all,spread_ticks,84,92.0,4.304347826086956,2.0,5.0
NQ.v.0,all,all,spread_ticks,85,92.0,4.108695652173913,2.0,5.0
NQ.v.0,all,all,spread_ticks,86,92.0,4.260869565217392,2.0,5.0
NQ.v.0,all,all,spread_ticks,87,92.0,4.25,2.0,5.0
NQ.v.0,all,all,spread_ticks,88,92.0,4.010869565217392,2.0,5.0
NQ.v.0,all,all,spread_ticks,89,92.0,4.510869565217392,2.0,6.0
NQ.v.0,all,all,spread_ticks,90,92.0,4.315217391304348,2.0,6.0
NQ.v.0,all,all,spread_ticks,91,92.0,4.021739130434782,2.0,5.0
NQ.v.0,all,all,spread_ticks,92,92.0,3.9782608695652173,2.0,5.0
NQ.v.0,all,all,spread_ticks,93,92.0,3.902173913043478,2.0,5.0
NQ.v.0,all,all,spread_ticks,94,92.0,3.630434782608696,2.0,5.0
NQ.v.0,all,all,spread_ticks,95,92.0,3.739130434782609,2.0,5.0
NQ.v.0,all,all,spread_ticks,96,92.0,3.7065217391304346,2.0,4.25
NQ.v.0,all,all,spread_ticks,97,92.0,3.782608695652174,2.0,5.0
NQ.v.0,all,all,spread_ticks,98,92.0,3.8043478260869565,2.0,5.0
NQ.v.0,all,all,spread_ticks,99,92.0,3.5434782608695654,2.0,4.25
NQ.v.0,all,all,spread_ticks,100,92.0,3.630434782608696,2.0,4.25
NQ.v.0,all,all,spread_ticks,101,92.0,3.6630434782608696,2.0,5.0
NQ.v.0,all,all,spread_ticks,102,92.0,3.4239130434782608,2.0,4.0
NQ.v.0,all,all,spread_ticks,103,92.0,3.6847826086956523,2.0,5.0
NQ.v.0,all,all,spread_ticks,104,92.0,3.597826086956522,2.0,4.25
NQ.v.0,all,all,spread_ticks,105,92.0,3.5543478260869565,2.0,4.0
NQ.v.0,all,all,spread_ticks,106,92.0,3.641304347826087,2.0,5.0
NQ.v.0,all,all,spread_ticks,107,92.0,3.5434782608695654,2.0,4.0
NQ.v.0,all,all,spread_ticks,108,92.0,3.402173913043478,2.0,5.0
NQ.v.0,all,all,spread_ticks,109,92.0,3.467391304347826,2.0,4.0
NQ.v.0,all,all,spread_ticks,110,92.0,3.4456521739130435,2.0,4.0
NQ.v.0,all,all,spread_ticks,111,92.0,3.380434782608696,2.0,4.0
NQ.v.0,all,all,spread_ticks,112,92.0,3.467391304347826,2.0,4.0
NQ.v.0,all,all,spread_ticks,113,92.0,3.402173913043478,2.0,4.25
NQ.v.0,all,all,spread_ticks,114,92.0,3.608695652173913,2.0,5.0
NQ.v.0,all,all,spread_ticks,115,92.0,3.3152173913043477,2.0,4.0
NQ.v.0,all,all,spread_ticks,116,92.0,3.5434782608695654,2.0,5.0
NQ.v.0,all,all,spread_ticks,117,92.0,3.369565217391304,2.0,4.0
NQ.v.0,all,all,spread_ticks,118,92.0,3.3152173913043477,2.0,4.0
NQ.v.0,all,all,spread_ticks,119,92.0,3.2934782608695654,2.0,4.0
NQ.v.0,all,all,spread_ticks,120,92.0,3.369565217391304,2.0,4.0
NQ.v.0,control,control,spread_ticks,-60,141.0,1.6028368794326242,1.0,2.0
NQ.v.0,control,control,spread_ticks,-59,141.0,1.5815602836879432,1.0,2.0
NQ.v.0,control,control,spread_ticks,-58,141.0,1.5602836879432624,1.0,2.0
NQ.v.0,control,control,spread_ticks,-57,141.0,1.5886524822695036,1.0,2.0
NQ.v.0,control,control,spread_ticks,-56,141.0,1.5460992907801419,1.0,2.0
NQ.v.0,control,control,spread_ticks,-55,141.0,1.6028368794326242,1.0,2.0
NQ.v.0,control,control,spread_ticks,-54,141.0,1.6028368794326242,1.0,2.0
NQ.v.0,control,control,spread_ticks,-53,141.0,1.5673758865248226,1.0,2.0
NQ.v.0,control,control,spread_ticks,-52,141.0,1.5319148936170213,1.0,2.0
NQ.v.0,control,control,spread_ticks,-51,141.0,1.5673758865248226,1.0,2.0
NQ.v.0,control,control,spread_ticks,-50,141.0,1.5815602836879432,1.0,2.0
NQ.v.0,control,control,spread_ticks,-49,141.0,1.5673758865248226,1.0,2.0
NQ.v.0,control,control,spread_ticks,-48,141.0,1.5106382978723405,1.0,2.0
NQ.v.0,control,control,spread_ticks,-47,141.0,1.6028368794326242,1.0,2.0
NQ.v.0,control,control,spread_ticks,-46,141.0,1.4822695035460993,1.0,2.0
NQ.v.0,control,control,spread_ticks,-45,141.0,1.5602836879432624,1.0,2.0
NQ.v.0,control,control,spread_ticks,-44,141.0,1.5673758865248226,1.0,2.0
NQ.v.0,control,control,spread_ticks,-43,141.0,1.5460992907801419,1.0,2.0
NQ.v.0,control,control,spread_ticks,-42,141.0,1.5602836879432624,1.0,2.0
NQ.v.0,control,control,spread_ticks,-41,141.0,1.524822695035461,1.0,2.0
NQ.v.0,control,control,spread_ticks,-40,141.0,1.5177304964539007,1.0,2.0
NQ.v.0,control,control,spread_ticks,-39,141.0,1.524822695035461,1.0,2.0
NQ.v.0,control,control,spread_ticks,-38,141.0,1.5319148936170213,1.0,2.0
NQ.v.0,control,control,spread_ticks,-37,141.0,1.5460992907801419,1.0,2.0
NQ.v.0,control,control,spread_ticks,-36,141.0,1.5673758865248226,1.0,2.0
NQ.v.0,control,control,spread_ticks,-35,141.0,1.5957446808510638,1.0,2.0
NQ.v.0,control,control,spread_ticks,-34,141.0,1.5815602836879432,1.0,2.0
NQ.v.0,control,control,spread_ticks,-33,141.0,1.5673758865248226,1.0,2.0
NQ.v.0,control,control,spread_ticks,-32,141.0,1.6170212765957446,1.0,2.0
NQ.v.0,control,control,spread_ticks,-31,141.0,1.5390070921985815,1.0,2.0
NQ.v.0,control,control,spread_ticks,-30,141.0,1.50354609929078,1.0,2.0
NQ.v.0,control,control,spread_ticks,-29,141.0,1.5460992907801419,1.0,2.0
NQ.v.0,control,control,spread_ticks,-28,141.0,1.4822695035460993,1.0,2.0
NQ.v.0,control,control,spread_ticks,-27,141.0,1.574468085106383,1.0,2.0
NQ.v.0,control,control,spread_ticks,-26,141.0,1.5390070921985815,1.0,2.0
NQ.v.0,control,control,spread_ticks,-25,141.0,1.5460992907801419,1.0,2.0
NQ.v.0,control,control,spread_ticks,-24,141.0,1.5390070921985815,1.0,2.0
NQ.v.0,control,control,spread_ticks,-23,141.0,1.6028368794326242,1.0,2.0
NQ.v.0,control,control,spread_ticks,-22,141.0,1.5673758865248226,1.0,2.0
NQ.v.0,control,control,spread_ticks,-21,141.0,1.5957446808510638,1.0,2.0
NQ.v.0,control,control,spread_ticks,-20,141.0,1.5673758865248226,1.0,2.0
NQ.v.0,control,control,spread_ticks,-19,141.0,1.5602836879432624,1.0,2.0
NQ.v.0,control,control,spread_ticks,-18,141.0,1.5886524822695036,1.0,2.0
NQ.v.0,control,control,spread_ticks,-17,141.0,1.524822695035461,1.0,2.0
NQ.v.0,control,control,spread_ticks,-16,141.0,1.5106382978723405,1.0,2.0
NQ.v.0,control,control,spread_ticks,-15,141.0,1.5319148936170213,1.0,2.0
NQ.v.0,control,control,spread_ticks,-14,141.0,1.5673758865248226,1.0,2.0
NQ.v.0,control,control,spread_ticks,-13,141.0,1.524822695035461,1.0,2.0
NQ.v.0,control,control,spread_ticks,-12,141.0,1.6099290780141844,1.0,2.0
NQ.v.0,control,control,spread_ticks,-11,141.0,1.5886524822695036,1.0,2.0
NQ.v.0,control,control,spread_ticks,-10,141.0,1.574468085106383,1.0,2.0
NQ.v.0,control,control,spread_ticks,-9,141.0,1.6382978723404256,1.0,2.0
NQ.v.0,control,control,spread_ticks,-8,141.0,1.574468085106383,1.0,2.0
NQ.v.0,control,control,spread_ticks,-7,141.0,1.624113475177305,1.0,2.0
NQ.v.0,control,control,spread_ticks,-6,141.0,1.5886524822695036,1.0,2.0
NQ.v.0,control,control,spread_ticks,-5,141.0,1.6099290780141844,1.0,2.0
NQ.v.0,control,control,spread_ticks,-4,141.0,1.5673758865248226,1.0,2.0
NQ.v.0,control,control,spread_ticks,-3,141.0,1.5602836879432624,1.0,2.0
NQ.v.0,control,control,spread_ticks,-2,141.0,1.5177304964539007,1.0,2.0
NQ.v.0,control,control,spread_ticks,-1,141.0,1.49645390070922,1.0,2.0
NQ.v.0,control,control,spread_ticks,0,141.0,1.5886524822695036,1.0,2.0
NQ.v.0,control,control,spread_ticks,1,141.0,1.5319148936170213,1.0,2.0
NQ.v.0,control,control,spread_ticks,2,141.0,1.5886524822695036,1.0,2.0
NQ.v.0,control,control,spread_ticks,3,141.0,1.5673758865248226,1.0,2.0
NQ.v.0,control,control,spread_ticks,4,141.0,1.6028368794326242,1.0,2.0
NQ.v.0,control,control,spread_ticks,5,141.0,1.5602836879432624,1.0,2.0
NQ.v.0,control,control,spread_ticks,6,141.0,1.553191489361702,1.0,2.0
NQ.v.0,control,control,spread_ticks,7,141.0,1.5106382978723405,1.0,2.0
NQ.v.0,control,control,spread_ticks,8,141.0,1.5815602836879432,1.0,2.0
NQ.v.0,control,control,spread_ticks,9,141.0,1.5390070921985815,1.0,2.0
NQ.v.0,control,control,spread_ticks,10,141.0,1.5957446808510638,1.0,2.0
NQ.v.0,control,control,spread_ticks,11,141.0,1.6028368794326242,1.0,2.0
NQ.v.0,control,control,spread_ticks,12,141.0,1.6170212765957446,1.0,2.0
NQ.v.0,control,control,spread_ticks,13,141.0,1.6099290780141844,1.0,2.0
NQ.v.0,control,control,spread_ticks,14,141.0,1.5957446808510638,1.0,2.0
NQ.v.0,control,control,spread_ticks,15,141.0,1.6382978723404256,1.0,2.0
NQ.v.0,control,control,spread_ticks,16,141.0,1.5886524822695036,1.0,2.0
NQ.v.0,control,control,spread_ticks,17,141.0,1.5815602836879432,1.0,2.0
NQ.v.0,control,control,spread_ticks,18,141.0,1.6808510638297873,1.0,2.0
NQ.v.0,control,control,spread_ticks,19,141.0,1.624113475177305,1.0,2.0
NQ.v.0,control,control,spread_ticks,20,141.0,1.6028368794326242,1.0,2.0
NQ.v.0,control,control,spread_ticks,21,141.0,1.6028368794326242,1.0,2.0
NQ.v.0,control,control,spread_ticks,22,141.0,1.6312056737588652,1.0,2.0
NQ.v.0,control,control,spread_ticks,23,141.0,1.6170212765957446,1.0,2.0
NQ.v.0,control,control,spread_ticks,24,141.0,1.5886524822695036,1.0,2.0
NQ.v.0,control,control,spread_ticks,25,141.0,1.6099290780141844,1.0,2.0
NQ.v.0,control,control,spread_ticks,26,141.0,1.6453900709219857,1.0,2.0
NQ.v.0,control,control,spread_ticks,27,141.0,1.624113475177305,1.0,2.0
NQ.v.0,control,control,spread_ticks,28,141.0,1.5886524822695036,1.0,2.0
NQ.v.0,control,control,spread_ticks,29,141.0,1.4822695035460993,1.0,2.0
NQ.v.0,control,control,spread_ticks,30,141.0,1.5460992907801419,1.0,2.0
NQ.v.0,control,control,spread_ticks,31,141.0,1.5460992907801419,1.0,2.0
NQ.v.0,control,control,spread_ticks,32,141.0,1.6099290780141844,1.0,2.0
NQ.v.0,control,control,spread_ticks,33,141.0,1.6595744680851063,1.0,2.0
NQ.v.0,control,control,spread_ticks,34,141.0,1.5957446808510638,1.0,2.0
NQ.v.0,control,control,spread_ticks,35,141.0,1.5673758865248226,1.0,2.0
NQ.v.0,control,control,spread_ticks,36,141.0,1.5390070921985815,1.0,2.0
NQ.v.0,control,control,spread_ticks,37,141.0,1.5957446808510638,1.0,2.0
NQ.v.0,control,control,spread_ticks,38,141.0,1.5602836879432624,1.0,2.0
NQ.v.0,control,control,spread_ticks,39,141.0,1.6099290780141844,1.0,2.0
NQ.v.0,control,control,spread_ticks,40,141.0,1.5460992907801419,1.0,2.0
NQ.v.0,control,control,spread_ticks,41,141.0,1.6312056737588652,1.0,2.0
NQ.v.0,control,control,spread_ticks,42,141.0,1.5886524822695036,1.0,2.0
NQ.v.0,control,control,spread_ticks,43,141.0,1.5815602836879432,1.0,2.0
NQ.v.0,control,control,spread_ticks,44,141.0,1.6028368794326242,1.0,2.0
NQ.v.0,control,control,spread_ticks,45,141.0,1.5957446808510638,1.0,2.0
NQ.v.0,control,control,spread_ticks,46,141.0,1.624113475177305,1.0,2.0
NQ.v.0,control,control,spread_ticks,47,141.0,1.6382978723404256,1.0,2.0
NQ.v.0,control,control,spread_ticks,48,141.0,1.5886524822695036,1.0,2.0
NQ.v.0,control,control,spread_ticks,49,141.0,1.624113475177305,1.0,2.0
NQ.v.0,control,control,spread_ticks,50,141.0,1.5602836879432624,1.0,2.0
NQ.v.0,control,control,spread_ticks,51,141.0,1.50354609929078,1.0,2.0
NQ.v.0,control,control,spread_ticks,52,141.0,1.6028368794326242,1.0,2.0
NQ.v.0,control,control,spread_ticks,53,141.0,1.574468085106383,1.0,2.0
NQ.v.0,control,control,spread_ticks,54,141.0,1.5390070921985815,1.0,2.0
NQ.v.0,control,control,spread_ticks,55,141.0,1.574468085106383,1.0,2.0
NQ.v.0,control,control,spread_ticks,56,141.0,1.5673758865248226,1.0,2.0
NQ.v.0,control,control,spread_ticks,57,141.0,1.6170212765957446,1.0,2.0
NQ.v.0,control,control,spread_ticks,58,141.0,1.574468085106383,1.0,2.0
NQ.v.0,control,control,spread_ticks,59,141.0,1.6099290780141844,1.0,2.0
NQ.v.0,control,control,spread_ticks,60,141.0,1.574468085106383,1.0,2.0
NQ.v.0,control,control,spread_ticks,61,141.0,1.574468085106383,1.0,2.0
NQ.v.0,control,control,spread_ticks,62,141.0,1.5390070921985815,1.0,2.0
NQ.v.0,control,control,spread_ticks,63,141.0,1.5673758865248226,1.0,2.0
NQ.v.0,control,control,spread_ticks,64,141.0,1.6170212765957446,1.0,2.0
NQ.v.0,control,control,spread_ticks,65,141.0,1.5390070921985815,1.0,2.0
NQ.v.0,control,control,spread_ticks,66,141.0,1.5815602836879432,1.0,2.0
NQ.v.0,control,control,spread_ticks,67,141.0,1.5602836879432624,1.0,2.0
NQ.v.0,control,control,spread_ticks,68,141.0,1.5673758865248226,1.0,2.0
NQ.v.0,control,control,spread_ticks,69,141.0,1.524822695035461,1.0,2.0
NQ.v.0,control,control,spread_ticks,70,141.0,1.6170212765957446,1.0,2.0
NQ.v.0,control,control,spread_ticks,71,141.0,1.524822695035461,1.0,2.0
NQ.v.0,control,control,spread_ticks,72,141.0,1.5106382978723405,1.0,2.0
NQ.v.0,control,control,spread_ticks,73,141.0,1.5886524822695036,1.0,2.0
NQ.v.0,control,control,spread_ticks,74,141.0,1.6170212765957446,1.0,2.0
NQ.v.0,control,control,spread_ticks,75,141.0,1.6028368794326242,1.0,2.0
NQ.v.0,control,control,spread_ticks,76,141.0,1.5390070921985815,1.0,2.0
NQ.v.0,control,control,spread_ticks,77,141.0,1.5177304964539007,1.0,2.0
NQ.v.0,control,control,spread_ticks,78,141.0,1.5673758865248226,1.0,2.0
NQ.v.0,control,control,spread_ticks,79,141.0,1.5957446808510638,1.0,2.0
NQ.v.0,control,control,spread_ticks,80,141.0,1.6382978723404256,1.0,2.0
NQ.v.0,control,control,spread_ticks,81,141.0,1.5815602836879432,1.0,2.0
NQ.v.0,control,control,spread_ticks,82,141.0,1.574468085106383,1.0,2.0
NQ.v.0,control,control,spread_ticks,83,141.0,1.5673758865248226,1.0,2.0
NQ.v.0,control,control,spread_ticks,84,141.0,1.6028368794326242,1.0,2.0
NQ.v.0,control,control,spread_ticks,85,141.0,1.6312056737588652,1.0,2.0
NQ.v.0,control,control,spread_ticks,86,141.0,1.553191489361702,1.0,2.0
NQ.v.0,control,control,spread_ticks,87,141.0,1.6099290780141844,1.0,2.0
NQ.v.0,control,control,spread_ticks,88,141.0,1.5815602836879432,1.0,2.0
NQ.v.0,control,control,spread_ticks,89,141.0,1.5602836879432624,1.0,2.0
NQ.v.0,control,control,spread_ticks,90,141.0,1.5602836879432624,1.0,2.0
NQ.v.0,control,control,spread_ticks,91,141.0,1.5815602836879432,1.0,2.0
NQ.v.0,control,control,spread_ticks,92,141.0,1.6170212765957446,1.0,2.0
NQ.v.0,control,control,spread_ticks,93,141.0,1.553191489361702,1.0,2.0
NQ.v.0,control,control,spread_ticks,94,141.0,1.5390070921985815,1.0,2.0
NQ.v.0,control,control,spread_ticks,95,141.0,1.6099290780141844,1.0,2.0
NQ.v.0,control,control,spread_ticks,96,141.0,1.5957446808510638,1.0,2.0
NQ.v.0,control,control,spread_ticks,97,141.0,1.6312056737588652,1.0,2.0
NQ.v.0,control,control,spread_ticks,98,141.0,1.5602836879432624,1.0,2.0
NQ.v.0,control,control,spread_ticks,99,141.0,1.5815602836879432,1.0,2.0
NQ.v.0,control,control,spread_ticks,100,141.0,1.5602836879432624,1.0,2.0
NQ.v.0,control,control,spread_ticks,101,141.0,1.5106382978723405,1.0,2.0
NQ.v.0,control,control,spread_ticks,102,141.0,1.5602836879432624,1.0,2.0
NQ.v.0,control,control,spread_ticks,103,141.0,1.553191489361702,1.0,2.0
NQ.v.0,control,control,spread_ticks,104,141.0,1.524822695035461,1.0,2.0
NQ.v.0,control,control,spread_ticks,105,141.0,1.5602836879432624,1.0,2.0
NQ.v.0,control,control,spread_ticks,106,141.0,1.5886524822695036,1.0,2.0
NQ.v.0,control,control,spread_ticks,107,141.0,1.5815602836879432,1.0,2.0
NQ.v.0,control,control,spread_ticks,108,141.0,1.5106382978723405,1.0,2.0
NQ.v.0,control,control,spread_ticks,109,141.0,1.574468085106383,1.0,2.0
NQ.v.0,control,control,spread_ticks,110,141.0,1.5957446808510638,1.0,2.0
NQ.v.0,control,control,spread_ticks,111,141.0,1.5602836879432624,1.0,2.0
NQ.v.0,control,control,spread_ticks,112,141.0,1.5390070921985815,1.0,2.0
NQ.v.0,control,control,spread_ticks,113,141.0,1.5319148936170213,1.0,2.0
NQ.v.0,control,control,spread_ticks,114,141.0,1.6453900709219857,1.0,2.0
NQ.v.0,control,control,spread_ticks,115,141.0,1.574468085106383,1.0,2.0
NQ.v.0,control,control,spread_ticks,116,141.0,1.5602836879432624,1.0,2.0
NQ.v.0,control,control,spread_ticks,117,141.0,1.5815602836879432,1.0,2.0
NQ.v.0,control,control,spread_ticks,118,141.0,1.5886524822695036,1.0,2.0
NQ.v.0,control,control,spread_ticks,119,141.0,1.5886524822695036,1.0,2.0
NQ.v.0,control,control,spread_ticks,120,141.0,1.5106382978723405,1.0,2.0
NQ.v.0,surprise,large,spread_ticks,-60,31.0,5.516129032258065,2.5,7.0
NQ.v.0,surprise,large,spread_ticks,-59,31.0,5.064516129032258,2.5,5.5
NQ.v.0,surprise,large,spread_ticks,-58,31.0,5.451612903225806,2.0,6.5
NQ.v.0,surprise,large,spread_ticks,-57,31.0,5.193548387096774,3.0,6.0
NQ.v.0,surprise,large,spread_ticks,-56,31.0,5.096774193548387,3.0,6.0
NQ.v.0,surprise,large,spread_ticks,-55,31.0,5.161290322580645,3.0,6.0
NQ.v.0,surprise,large,spread_ticks,-54,31.0,5.032258064516129,3.0,7.0
NQ.v.0,surprise,large,spread_ticks,-53,31.0,5.451612903225806,3.0,7.0
NQ.v.0,surprise,large,spread_ticks,-52,31.0,5.870967741935484,3.0,7.0
NQ.v.0,surprise,large,spread_ticks,-51,31.0,5.774193548387097,3.0,7.0
NQ.v.0,surprise,large,spread_ticks,-50,31.0,6.161290322580645,4.0,7.0
NQ.v.0,surprise,large,spread_ticks,-49,31.0,5.838709677419355,3.0,7.0
NQ.v.0,surprise,large,spread_ticks,-48,31.0,5.806451612903226,3.0,6.5
NQ.v.0,surprise,large,spread_ticks,-47,31.0,6.516129032258065,3.0,8.0
NQ.v.0,surprise,large,spread_ticks,-46,31.0,6.161290322580645,3.0,8.0
NQ.v.0,surprise,large,spread_ticks,-45,31.0,5.838709677419355,3.0,8.0
NQ.v.0,surprise,large,spread_ticks,-44,31.0,5.774193548387097,3.0,7.5
NQ.v.0,surprise,large,spread_ticks,-43,31.0,5.645161290322581,3.0,7.0
NQ.v.0,surprise,large,spread_ticks,-42,31.0,5.709677419354839,3.0,7.0
NQ.v.0,surprise,large,spread_ticks,-41,31.0,5.838709677419355,3.0,6.5
NQ.v.0,surprise,large,spread_ticks,-40,31.0,5.516129032258065,3.0,7.0
NQ.v.0,surprise,large,spread_ticks,-39,31.0,5.354838709677419,3.0,6.0
NQ.v.0,surprise,large,spread_ticks,-38,31.0,5.419354838709677,3.0,6.5
NQ.v.0,surprise,large,spread_ticks,-37,31.0,5.806451612903226,3.0,7.5
NQ.v.0,surprise,large,spread_ticks,-36,31.0,5.387096774193548,2.5,7.0
NQ.v.0,surprise,large,spread_ticks,-35,31.0,5.580645161290323,3.0,7.0
NQ.v.0,surprise,large,spread_ticks,-34,31.0,5.709677419354839,3.0,7.0
NQ.v.0,surprise,large,spread_ticks,-33,31.0,5.290322580645161,2.5,7.5
NQ.v.0,surprise,large,spread_ticks,-32,31.0,5.451612903225806,2.0,7.5
NQ.v.0,surprise,large,spread_ticks,-31,31.0,5.483870967741935,2.5,6.5
NQ.v.0,surprise,large,spread_ticks,-30,31.0,6.0,3.0,7.0
NQ.v.0,surprise,large,spread_ticks,-29,31.0,5.612903225806452,2.0,7.5
NQ.v.0,surprise,large,spread_ticks,-28,31.0,5.967741935483871,2.0,8.0
NQ.v.0,surprise,large,spread_ticks,-27,31.0,6.387096774193548,3.0,7.5
NQ.v.0,surprise,large,spread_ticks,-26,31.0,5.967741935483871,3.0,6.5
NQ.v.0,surprise,large,spread_ticks,-25,31.0,5.967741935483871,3.0,7.0
NQ.v.0,surprise,large,spread_ticks,-24,31.0,5.838709677419355,3.0,7.0
NQ.v.0,surprise,large,spread_ticks,-23,31.0,5.516129032258065,3.0,7.0
NQ.v.0,surprise,large,spread_ticks,-22,31.0,6.483870967741935,3.0,8.5
NQ.v.0,surprise,large,spread_ticks,-21,31.0,6.193548387096774,3.0,8.5
NQ.v.0,surprise,large,spread_ticks,-20,31.0,5.967741935483871,2.5,8.0
NQ.v.0,surprise,large,spread_ticks,-19,31.0,6.483870967741935,3.0,8.0
NQ.v.0,surprise,large,spread_ticks,-18,31.0,6.387096774193548,3.0,8.0
NQ.v.0,surprise,large,spread_ticks,-17,31.0,6.741935483870968,3.0,8.0
NQ.v.0,surprise,large,spread_ticks,-16,31.0,6.516129032258065,3.0,8.0
NQ.v.0,surprise,large,spread_ticks,-15,31.0,7.096774193548387,3.0,7.5
NQ.v.0,surprise,large,spread_ticks,-14,31.0,6.290322580645161,3.0,7.0
NQ.v.0,surprise,large,spread_ticks,-13,31.0,6.709677419354839,3.5,7.5
NQ.v.0,surprise,large,spread_ticks,-12,31.0,6.741935483870968,3.0,7.0
NQ.v.0,surprise,large,spread_ticks,-11,31.0,6.483870967741935,3.0,7.0
NQ.v.0,surprise,large,spread_ticks,-10,31.0,7.032258064516129,3.0,8.0
NQ.v.0,surprise,large,spread_ticks,-9,31.0,7.451612903225806,3.0,8.0
NQ.v.0,surprise,large,spread_ticks,-8,31.0,8.548387096774194,3.5,9.0
NQ.v.0,surprise,large,spread_ticks,-7,31.0,7.935483870967742,3.0,8.5
NQ.v.0,surprise,large,spread_ticks,-6,31.0,7.806451612903226,3.0,9.0
NQ.v.0,surprise,large,spread_ticks,-5,31.0,8.483870967741936,3.0,10.0
NQ.v.0,surprise,large,spread_ticks,-4,31.0,9.806451612903226,3.5,10.5
NQ.v.0,surprise,large,spread_ticks,-3,31.0,8.903225806451612,3.0,8.0
NQ.v.0,surprise,large,spread_ticks,-2,31.0,8.129032258064516,3.5,9.0
NQ.v.0,surprise,large,spread_ticks,-1,31.0,9.193548387096774,3.0,11.5
NQ.v.0,surprise,large,spread_ticks,0,31.0,9.903225806451612,3.5,11.0
NQ.v.0,surprise,large,spread_ticks,1,31.0,15.129032258064516,7.0,19.5
NQ.v.0,surprise,large,spread_ticks,2,31.0,20.903225806451612,4.0,24.5
NQ.v.0,surprise,large,spread_ticks,3,31.0,15.67741935483871,5.0,20.0
NQ.v.0,surprise,large,spread_ticks,4,31.0,17.419354838709676,4.5,23.0
NQ.v.0,surprise,large,spread_ticks,5,31.0,15.193548387096774,3.5,24.0
NQ.v.0,surprise,large,spread_ticks,6,31.0,15.064516129032258,3.0,18.0
NQ.v.0,surprise,large,spread_ticks,7,31.0,21.419354838709676,4.0,19.0
NQ.v.0,surprise,large,spread_ticks,8,31.0,11.774193548387096,3.0,13.0
NQ.v.0,surprise,large,spread_ticks,9,31.0,14.161290322580646,4.0,16.0
NQ.v.0,surprise,large,spread_ticks,10,31.0,13.0,4.0,16.0
NQ.v.0,surprise,large,spread_ticks,11,31.0,13.709677419354838,4.0,13.5
NQ.v.0,surprise,large,spread_ticks,12,31.0,13.870967741935484,5.0,17.0
NQ.v.0,surprise,large,spread_ticks,13,31.0,10.67741935483871,4.0,13.0
NQ.v.0,surprise,large,spread_ticks,14,31.0,10.709677419354838,3.5,15.0
NQ.v.0,surprise,large,spread_ticks,15,31.0,10.451612903225806,4.5,14.0
NQ.v.0,surprise,large,spread_ticks,16,31.0,11.419354838709678,4.5,14.0
NQ.v.0,surprise,large,spread_ticks,17,31.0,10.612903225806452,4.0,13.5
NQ.v.0,surprise,large,spread_ticks,18,31.0,9.935483870967742,4.0,13.5
NQ.v.0,surprise,large,spread_ticks,19,31.0,10.193548387096774,3.5,12.5
NQ.v.0,surprise,large,spread_ticks,20,31.0,12.064516129032258,3.5,16.0
NQ.v.0,surprise,large,spread_ticks,21,31.0,9.258064516129032,4.0,13.0
NQ.v.0,surprise,large,spread_ticks,22,31.0,10.483870967741936,3.5,15.0
NQ.v.0,surprise,large,spread_ticks,23,31.0,10.096774193548388,4.0,12.0
NQ.v.0,surprise,large,spread_ticks,24,31.0,9.870967741935484,3.0,13.0
NQ.v.0,surprise,large,spread_ticks,25,31.0,9.0,4.0,10.5
NQ.v.0,surprise,large,spread_ticks,26,31.0,9.129032258064516,3.0,12.0
NQ.v.0,surprise,large,spread_ticks,27,31.0,9.258064516129032,3.5,12.0
NQ.v.0,surprise,large,spread_ticks,28,31.0,10.870967741935484,4.0,14.0
NQ.v.0,surprise,large,spread_ticks,29,31.0,8.709677419354838,4.0,13.0
NQ.v.0,surprise,large,spread_ticks,30,31.0,8.516129032258064,3.0,11.5
NQ.v.0,surprise,large,spread_ticks,31,31.0,6.935483870967742,3.0,9.0
NQ.v.0,surprise,large,spread_ticks,32,31.0,6.806451612903226,3.0,8.0
NQ.v.0,surprise,large,spread_ticks,33,31.0,7.387096774193548,3.0,10.5
NQ.v.0,surprise,large,spread_ticks,34,31.0,6.967741935483871,3.0,8.0
NQ.v.0,surprise,large,spread_ticks,35,31.0,6.838709677419355,2.5,9.0
NQ.v.0,surprise,large,spread_ticks,36,31.0,6.935483870967742,2.5,9.0
NQ.v.0,surprise,large,spread_ticks,37,31.0,6.290322580645161,2.5,9.0
NQ.v.0,surprise,large,spread_ticks,38,31.0,6.709677419354839,2.5,8.0
NQ.v.0,surprise,large,spread_ticks,39,31.0,6.387096774193548,3.0,8.5
NQ.v.0,surprise,large,spread_ticks,40,31.0,6.387096774193548,3.0,8.0
NQ.v.0,surprise,large,spread_ticks,41,31.0,6.129032258064516,2.5,8.5
NQ.v.0,surprise,large,spread_ticks,42,31.0,5.903225806451613,3.0,7.0
NQ.v.0,surprise,large,spread_ticks,43,31.0,6.225806451612903,2.5,7.0
NQ.v.0,surprise,large,spread_ticks,44,31.0,5.67741935483871,2.5,7.5
NQ.v.0,surprise,large,spread_ticks,45,31.0,5.709677419354839,3.0,8.0
NQ.v.0,surprise,large,spread_ticks,46,31.0,6.32258064516129,3.0,10.0
NQ.v.0,surprise,large,spread_ticks,47,31.0,6.516129032258065,3.0,8.0
NQ.v.0,surprise,large,spread_ticks,48,31.0,6.290322580645161,3.0,9.0
NQ.v.0,surprise,large,spread_ticks,49,31.0,5.645161290322581,2.0,8.0
NQ.v.0,surprise,large,spread_ticks,50,31.0,6.290322580645161,3.0,8.0
NQ.v.0,surprise,large,spread_ticks,51,31.0,5.483870967741935,3.0,7.0
NQ.v.0,surprise,large,spread_ticks,52,31.0,6.354838709677419,3.0,8.0
NQ.v.0,surprise,large,spread_ticks,53,31.0,5.935483870967742,3.0,7.5
NQ.v.0,surprise,large,spread_ticks,54,31.0,6.580645161290323,3.0,9.5
NQ.v.0,surprise,large,spread_ticks,55,31.0,5.774193548387097,2.5,5.5
NQ.v.0,surprise,large,spread_ticks,56,31.0,5.870967741935484,2.5,7.0
NQ.v.0,surprise,large,spread_ticks,57,31.0,5.903225806451613,2.5,7.5
NQ.v.0,surprise,large,spread_ticks,58,31.0,6.064516129032258,3.0,7.5
NQ.v.0,surprise,large,spread_ticks,59,31.0,6.645161290322581,3.0,7.0
NQ.v.0,surprise,large,spread_ticks,60,31.0,6.419354838709677,2.5,9.5
NQ.v.0,surprise,large,spread_ticks,61,31.0,5.612903225806452,2.0,8.5
NQ.v.0,surprise,large,spread_ticks,62,31.0,6.032258064516129,3.0,7.5
NQ.v.0,surprise,large,spread_ticks,63,31.0,5.870967741935484,2.5,8.5
NQ.v.0,surprise,large,spread_ticks,64,31.0,5.935483870967742,2.0,8.5
NQ.v.0,surprise,large,spread_ticks,65,31.0,5.612903225806452,2.0,6.5
NQ.v.0,surprise,large,spread_ticks,66,31.0,5.967741935483871,2.0,6.5
NQ.v.0,surprise,large,spread_ticks,67,31.0,5.258064516129032,2.0,7.5
NQ.v.0,surprise,large,spread_ticks,68,31.0,5.419354838709677,2.0,7.0
NQ.v.0,surprise,large,spread_ticks,69,31.0,5.193548387096774,2.0,7.5
NQ.v.0,surprise,large,spread_ticks,70,31.0,5.451612903225806,2.0,7.0
NQ.v.0,surprise,large,spread_ticks,71,31.0,5.774193548387097,2.0,8.5
NQ.v.0,surprise,large,spread_ticks,72,31.0,5.354838709677419,2.0,7.0
NQ.v.0,surprise,large,spread_ticks,73,31.0,5.774193548387097,2.0,7.0
NQ.v.0,surprise,large,spread_ticks,74,31.0,5.451612903225806,2.0,7.0
NQ.v.0,surprise,large,spread_ticks,75,31.0,5.612903225806452,2.0,8.5
NQ.v.0,surprise,large,spread_ticks,76,31.0,5.451612903225806,2.0,6.0
NQ.v.0,surprise,large,spread_ticks,77,31.0,4.935483870967742,2.0,7.5
NQ.v.0,surprise,large,spread_ticks,78,31.0,4.774193548387097,2.0,6.5
NQ.v.0,surprise,large,spread_ticks,79,31.0,4.903225806451613,2.0,6.5
NQ.v.0,surprise,large,spread_ticks,80,31.0,4.967741935483871,2.0,7.0
NQ.v.0,surprise,large,spread_ticks,81,31.0,5.258064516129032,2.0,7.5
NQ.v.0,surprise,large,spread_ticks,82,31.0,5.290322580645161,2.0,7.5
NQ.v.0,surprise,large,spread_ticks,83,31.0,4.612903225806452,2.0,5.5
NQ.v.0,surprise,large,spread_ticks,84,31.0,5.483870967741935,2.0,7.0
NQ.v.0,surprise,large,spread_ticks,85,31.0,4.935483870967742,2.0,6.0
NQ.v.0,surprise,large,spread_ticks,86,31.0,5.225806451612903,2.0,6.0
NQ.v.0,surprise,large,spread_ticks,87,31.0,5.129032258064516,2.0,6.5
NQ.v.0,surprise,large,spread_ticks,88,31.0,4.903225806451613,2.0,6.0
NQ.v.0,surprise,large,spread_ticks,89,31.0,5.67741935483871,2.0,7.0
NQ.v.0,surprise,large,spread_ticks,90,31.0,5.290322580645161,2.0,7.0
NQ.v.0,surprise,large,spread_ticks,91,31.0,4.870967741935484,2.0,6.5
NQ.v.0,surprise,large,spread_ticks,92,31.0,5.0,2.0,7.5
NQ.v.0,surprise,large,spread_ticks,93,31.0,5.0,2.0,8.0
NQ.v.0,surprise,large,spread_ticks,94,31.0,4.290322580645161,2.0,5.5
NQ.v.0,surprise,large,spread_ticks,95,31.0,4.741935483870968,2.0,7.5
NQ.v.0,surprise,large,spread_ticks,96,31.0,4.612903225806452,2.0,6.0
NQ.v.0,surprise,large,spread_ticks,97,31.0,4.709677419354839,2.0,6.5
NQ.v.0,surprise,large,spread_ticks,98,31.0,4.741935483870968,2.0,7.0
NQ.v.0,surprise,large,spread_ticks,99,31.0,4.193548387096774,1.5,6.0
NQ.v.0,surprise,large,spread_ticks,100,31.0,4.161290322580645,2.0,5.0
NQ.v.0,surprise,large,spread_ticks,101,31.0,4.354838709677419,2.0,6.0
NQ.v.0,surprise,large,spread_ticks,102,31.0,3.774193548387097,2.0,5.0
NQ.v.0,surprise,large,spread_ticks,103,31.0,4.193548387096774,2.0,5.5
NQ.v.0,surprise,large,spread_ticks,104,31.0,4.129032258064516,2.0,5.0
NQ.v.0,surprise,large,spread_ticks,105,31.0,4.161290322580645,2.0,6.0
NQ.v.0,surprise,large,spread_ticks,106,31.0,4.548387096774194,2.0,7.0
NQ.v.0,surprise,large,spread_ticks,107,31.0,4.32258064516129,2.0,6.0
NQ.v.0,surprise,large,spread_ticks,108,31.0,3.7419354838709675,2.0,5.5
NQ.v.0,surprise,large,spread_ticks,109,31.0,3.967741935483871,2.0,5.5
NQ.v.0,surprise,large,spread_ticks,110,31.0,4.193548387096774,2.0,5.5
NQ.v.0,surprise,large,spread_ticks,111,31.0,4.064516129032258,2.0,5.5
NQ.v.0,surprise,large,spread_ticks,112,31.0,4.032258064516129,2.0,5.0
NQ.v.0,surprise,large,spread_ticks,113,31.0,4.064516129032258,2.0,6.0
NQ.v.0,surprise,large,spread_ticks,114,31.0,4.290322580645161,2.0,5.5
NQ.v.0,surprise,large,spread_ticks,115,31.0,4.064516129032258,2.0,5.0
NQ.v.0,surprise,large,spread_ticks,116,31.0,4.548387096774194,2.0,5.0
NQ.v.0,surprise,large,spread_ticks,117,31.0,3.935483870967742,2.0,5.0
NQ.v.0,surprise,large,spread_ticks,118,31.0,3.870967741935484,2.0,5.0
NQ.v.0,surprise,large,spread_ticks,119,31.0,3.7419354838709675,2.0,4.5
NQ.v.0,surprise,large,spread_ticks,120,31.0,4.096774193548387,2.0,6.5
NQ.v.0,surprise,medium,spread_ticks,-60,30.0,4.5,2.0,6.0
NQ.v.0,surprise,medium,spread_ticks,-59,30.0,4.566666666666666,3.0,5.75
NQ.v.0,surprise,medium,spread_ticks,-58,30.0,4.7,3.0,5.0
NQ.v.0,surprise,medium,spread_ticks,-57,30.0,4.433333333333334,2.0,5.0
NQ.v.0,surprise,medium,spread_ticks,-56,30.0,4.066666666666666,2.0,5.0
NQ.v.0,surprise,medium,spread_ticks,-55,30.0,4.1,2.0,5.75
NQ.v.0,surprise,medium,spread_ticks,-54,30.0,3.8,2.0,5.0
NQ.v.0,surprise,medium,spread_ticks,-53,30.0,4.133333333333334,2.0,5.75
NQ.v.0,surprise,medium,spread_ticks,-52,30.0,3.9,2.0,5.0
NQ.v.0,surprise,medium,spread_ticks,-51,30.0,4.0,2.0,5.75
NQ.v.0,surprise,medium,spread_ticks,-50,30.0,4.8,2.0,6.0
NQ.v.0,surprise,medium,spread_ticks,-49,30.0,4.0,2.0,4.75
NQ.v.0,surprise,medium,spread_ticks,-48,30.0,4.433333333333334,2.0,5.0
NQ.v.0,surprise,medium,spread_ticks,-47,30.0,5.033333333333333,2.0,6.75
NQ.v.0,surprise,medium,spread_ticks,-46,30.0,4.8,2.0,5.75
NQ.v.0,surprise,medium,spread_ticks,-45,30.0,5.033333333333333,2.25,5.75
NQ.v.0,surprise,medium,spread_ticks,-44,30.0,4.7,2.25,5.75
NQ.v.0,surprise,medium,spread_ticks,-43,30.0,5.266666666666667,3.0,5.75
NQ.v.0,surprise,medium,spread_ticks,-42,30.0,5.066666666666666,3.0,5.75
NQ.v.0,surprise,medium,spread_ticks,-41,30.0,4.4,2.0,4.0
NQ.v.0,surprise,medium,spread_ticks,-40,30.0,4.5,2.0,5.75
NQ.v.0,surprise,medium,spread_ticks,-39,30.0,4.933333333333334,2.25,6.0
NQ.v.0,surprise,medium,spread_ticks,-38,30.0,4.466666666666667,2.25,5.75
NQ.v.0,surprise,medium,spread_ticks,-37,30.0,4.166666666666667,3.0,5.75
NQ.v.0,surprise,medium,spread_ticks,-36,30.0,4.433333333333334,3.0,5.0
NQ.v.0,surprise,medium,spread_ticks,-35,30.0,4.733333333333333,2.25,5.0
NQ.v.0,surprise,medium,spread_ticks,-34,30.0,3.8333333333333335,2.25,5.0
NQ.v.0,surprise,medium,spread_ticks,-33,30.0,3.9,2.0,5.75
NQ.v.0,surprise,medium,spread_ticks,-32,30.0,4.633333333333334,2.25,5.0
NQ.v.0,surprise,medium,spread_ticks,-31,30.0,4.633333333333334,2.0,5.0
NQ.v.0,surprise,medium,spread_ticks,-30,30.0,4.6,2.25,5.75
NQ.v.0,surprise,medium,spread_ticks,-29,30.0,4.266666666666667,2.0,5.0
NQ.v.0,surprise,medium,spread_ticks,-28,30.0,4.766666666666667,2.0,6.0
NQ.v.0,surprise,medium,spread_ticks,-27,30.0,4.766666666666667,2.0,7.0
NQ.v.0,surprise,medium,spread_ticks,-26,30.0,4.6,2.0,6.0
NQ.v.0,surprise,medium,spread_ticks,-25,30.0,4.433333333333334,3.0,5.0
NQ.v.0,surprise,medium,spread_ticks,-24,30.0,4.6,2.0,5.75
NQ.v.0,surprise,medium,spread_ticks,-23,30.0,4.6,2.0,5.75
NQ.v.0,surprise,medium,spread_ticks,-22,30.0,4.5,2.0,6.75
NQ.v.0,surprise,medium,spread_ticks,-21,30.0,5.1,2.0,6.75
NQ.v.0,surprise,medium,spread_ticks,-20,30.0,5.533333333333333,2.0,7.0
NQ.v.0,surprise,medium,spread_ticks,-19,30.0,5.766666666666667,3.0,7.75
NQ.v.0,surprise,medium,spread_ticks,-18,30.0,5.2,2.0,7.0
NQ.v.0,surprise,medium,spread_ticks,-17,30.0,4.866666666666666,2.0,6.0
NQ.v.0,surprise,medium,spread_ticks,-16,30.0,5.266666666666667,2.0,6.75
NQ.v.0,surprise,medium,spread_ticks,-15,30.0,5.2,2.0,7.0
NQ.v.0,surprise,medium,spread_ticks,-14,30.0,5.633333333333334,2.0,7.0
NQ.v.0,surprise,medium,spread_ticks,-13,30.0,5.166666666666667,2.25,6.0
NQ.v.0,surprise,medium,spread_ticks,-12,30.0,5.133333333333334,2.25,6.0
NQ.v.0,surprise,medium,spread_ticks,-11,30.0,5.133333333333334,2.25,6.0
NQ.v.0,surprise,medium,spread_ticks,-10,30.0,5.133333333333334,3.0,6.0
NQ.v.0,surprise,medium,spread_ticks,-9,30.0,5.466666666666667,2.0,6.0
NQ.v.0,surprise,medium,spread_ticks,-8,30.0,5.766666666666667,3.0,7.0
NQ.v.0,surprise,medium,spread_ticks,-7,30.0,6.866666666666666,2.25,7.0
NQ.v.0,surprise,medium,spread_ticks,-6,30.0,6.7,3.0,7.75
NQ.v.0,surprise,medium,spread_ticks,-5,30.0,6.166666666666667,2.25,6.75
NQ.v.0,surprise,medium,spread_ticks,-4,30.0,8.166666666666666,3.0,8.75
NQ.v.0,surprise,medium,spread_ticks,-3,30.0,8.133333333333333,2.0,9.75
NQ.v.0,surprise,medium,spread_ticks,-2,30.0,8.433333333333334,3.0,9.0
NQ.v.0,surprise,medium,spread_ticks,-1,30.0,8.9,3.0,12.0
NQ.v.0,surprise,medium,spread_ticks,0,30.0,9.8,3.0,14.5
NQ.v.0,surprise,medium,spread_ticks,1,30.0,16.133333333333333,3.0,26.25
NQ.v.0,surprise,medium,spread_ticks,2,30.0,18.3,3.0,22.75
NQ.v.0,surprise,medium,spread_ticks,3,30.0,15.933333333333334,3.25,19.25
NQ.v.0,surprise,medium,spread_ticks,4,30.0,15.933333333333334,3.0,23.0
NQ.v.0,surprise,medium,spread_ticks,5,30.0,11.266666666666667,4.0,14.75
NQ.v.0,surprise,medium,spread_ticks,6,30.0,11.2,4.0,13.25
NQ.v.0,surprise,medium,spread_ticks,7,30.0,10.066666666666666,3.25,12.75
NQ.v.0,surprise,medium,spread_ticks,8,30.0,10.866666666666667,3.0,16.25
NQ.v.0,surprise,medium,spread_ticks,9,30.0,11.6,3.25,18.75
NQ.v.0,surprise,medium,spread_ticks,10,30.0,9.733333333333333,3.0,18.75
NQ.v.0,surprise,medium,spread_ticks,11,30.0,10.9,3.0,16.0
NQ.v.0,surprise,medium,spread_ticks,12,30.0,8.966666666666667,3.0,12.5
NQ.v.0,surprise,medium,spread_ticks,13,30.0,10.933333333333334,3.0,13.0
NQ.v.0,surprise,medium,spread_ticks,14,30.0,10.166666666666666,3.0,11.75
NQ.v.0,surprise,medium,spread_ticks,15,30.0,11.0,4.0,11.0
NQ.v.0,surprise,medium,spread_ticks,16,30.0,10.4,3.0,11.75
NQ.v.0,surprise,medium,spread_ticks,17,30.0,10.833333333333334,3.0,14.0
NQ.v.0,surprise,medium,spread_ticks,18,30.0,8.833333333333334,3.0,14.75
NQ.v.0,surprise,medium,spread_ticks,19,30.0,9.233333333333333,3.0,12.75
NQ.v.0,surprise,medium,spread_ticks,20,30.0,9.266666666666667,3.0,13.75
NQ.v.0,surprise,medium,spread_ticks,21,30.0,9.033333333333333,3.0,13.5
NQ.v.0,surprise,medium,spread_ticks,22,30.0,9.4,2.25,13.0
NQ.v.0,surprise,medium,spread_ticks,23,30.0,9.633333333333333,2.25,14.5
NQ.v.0,surprise,medium,spread_ticks,24,30.0,9.333333333333334,2.25,13.5
NQ.v.0,surprise,medium,spread_ticks,25,30.0,8.766666666666667,3.0,13.0
NQ.v.0,surprise,medium,spread_ticks,26,30.0,9.433333333333334,2.25,12.75
NQ.v.0,surprise,medium,spread_ticks,27,30.0,8.5,3.0,11.5
NQ.v.0,surprise,medium,spread_ticks,28,30.0,8.066666666666666,3.0,11.5
NQ.v.0,surprise,medium,spread_ticks,29,30.0,8.2,3.0,12.75
NQ.v.0,surprise,medium,spread_ticks,30,30.0,8.7,3.0,11.75
NQ.v.0,surprise,medium,spread_ticks,31,30.0,5.7,2.0,7.5
NQ.v.0,surprise,medium,spread_ticks,32,30.0,6.3,2.0,6.0
NQ.v.0,surprise,medium,spread_ticks,33,30.0,5.8,2.0,6.75
NQ.v.0,surprise,medium,spread_ticks,34,30.0,5.433333333333334,2.0,7.0
NQ.v.0,surprise,medium,spread_ticks,35,30.0,5.333333333333333,2.0,6.0
NQ.v.0,surprise,medium,spread_ticks,36,30.0,5.8,2.0,7.0
NQ.v.0,surprise,medium,spread_ticks,37,30.0,5.266666666666667,2.0,6.0
NQ.v.0,surprise,medium,spread_ticks,38,30.0,5.166666666666667,2.0,5.75
NQ.v.0,surprise,medium,spread_ticks,39,30.0,5.333333333333333,2.0,7.75
NQ.v.0,surprise,medium,spread_ticks,40,30.0,4.933333333333334,2.0,6.75
NQ.v.0,surprise,medium,spread_ticks,41,30.0,4.366666666666666,2.0,6.0
NQ.v.0,surprise,medium,spread_ticks,42,30.0,4.9,2.0,7.75
NQ.v.0,surprise,medium,spread_ticks,43,30.0,5.1,2.0,6.0
NQ.v.0,surprise,medium,spread_ticks,44,30.0,4.633333333333334,2.0,6.75
NQ.v.0,surprise,medium,spread_ticks,45,30.0,4.9,2.0,7.0
NQ.v.0,surprise,medium,spread_ticks,46,30.0,4.766666666666667,2.0,6.0
NQ.v.0,surprise,medium,spread_ticks,47,30.0,5.133333333333334,2.0,5.75
NQ.v.0,surprise,medium,spread_ticks,48,30.0,4.933333333333334,2.0,6.0
NQ.v.0,surprise,medium,spread_ticks,49,30.0,4.7,2.0,6.75
NQ.v.0,surprise,medium,spread_ticks,50,30.0,4.933333333333334,2.0,6.0
NQ.v.0,surprise,medium,spread_ticks,51,30.0,5.033333333333333,2.0,6.75
NQ.v.0,surprise,medium,spread_ticks,52,30.0,4.566666666666666,2.0,5.75
NQ.v.0,surprise,medium,spread_ticks,53,30.0,4.233333333333333,2.0,5.0
NQ.v.0,surprise,medium,spread_ticks,54,30.0,5.566666666666666,2.0,6.0
NQ.v.0,surprise,medium,spread_ticks,55,30.0,5.1,2.0,5.75
NQ.v.0,surprise,medium,spread_ticks,56,30.0,4.733333333333333,2.0,5.75
NQ.v.0,surprise,medium,spread_ticks,57,30.0,4.6,2.0,5.0
NQ.v.0,surprise,medium,spread_ticks,58,30.0,5.2,2.0,7.75
NQ.v.0,surprise,medium,spread_ticks,59,30.0,4.8,2.0,5.75
NQ.v.0,surprise,medium,spread_ticks,60,30.0,4.733333333333333,2.0,7.0
NQ.v.0,surprise,medium,spread_ticks,61,30.0,4.3,2.0,5.75
NQ.v.0,surprise,medium,spread_ticks,62,30.0,4.866666666666666,2.0,6.75
NQ.v.0,surprise,medium,spread_ticks,63,30.0,4.033333333333333,2.0,5.75
NQ.v.0,surprise,medium,spread_ticks,64,30.0,4.533333333333333,2.0,5.0
NQ.v.0,surprise,medium,spread_ticks,65,30.0,4.233333333333333,2.0,6.5
NQ.v.0,surprise,medium,spread_ticks,66,30.0,4.433333333333334,2.0,5.0
NQ.v.0,surprise,medium,spread_ticks,67,30.0,4.466666666666667,2.0,5.75
NQ.v.0,surprise,medium,spread_ticks,68,30.0,4.5,2.0,5.75
NQ.v.0,surprise,medium,spread_ticks,69,30.0,4.333333333333333,2.0,7.0
NQ.v.0,surprise,medium,spread_ticks,70,30.0,4.333333333333333,2.0,5.0
NQ.v.0,surprise,medium,spread_ticks,71,30.0,4.466666666666667,2.0,7.0
NQ.v.0,surprise,medium,spread_ticks,72,30.0,4.3,2.0,5.75
NQ.v.0,surprise,medium,spread_ticks,73,30.0,3.966666666666667,2.0,6.0
NQ.v.0,surprise,medium,spread_ticks,74,30.0,4.133333333333334,2.0,5.75
NQ.v.0,surprise,medium,spread_ticks,75,30.0,4.033333333333333,2.0,6.0
NQ.v.0,surprise,medium,spread_ticks,76,30.0,3.8333333333333335,2.0,5.0
NQ.v.0,surprise,medium,spread_ticks,77,30.0,4.066666666666666,2.0,6.0
NQ.v.0,surprise,medium,spread_ticks,78,30.0,3.933333333333333,2.0,5.75
NQ.v.0,surprise,medium,spread_ticks,79,30.0,4.2,2.0,6.0
NQ.v.0,surprise,medium,spread_ticks,80,30.0,3.8666666666666667,2.0,5.75
NQ.v.0,surprise,medium,spread_ticks,81,30.0,4.0,2.0,5.5
NQ.v.0,surprise,medium,spread_ticks,82,30.0,4.2,2.0,5.0
NQ.v.0,surprise,medium,spread_ticks,83,30.0,3.933333333333333,2.0,5.0
NQ.v.0,surprise,medium,spread_ticks,84,30.0,4.166666666666667,2.0,5.75
NQ.v.0,surprise,medium,spread_ticks,85,30.0,3.966666666666667,2.0,5.0
NQ.v.0,surprise,medium,spread_ticks,86,30.0,4.0,2.0,5.75
NQ.v.0,surprise,medium,spread_ticks,87,30.0,4.033333333333333,2.0,4.75
NQ.v.0,surprise,medium,spread_ticks,88,30.0,3.7666666666666666,2.0,5.0
NQ.v.0,surprise,medium,spread_ticks,89,30.0,4.1,2.0,6.0
NQ.v.0,surprise,medium,spread_ticks,90,30.0,4.133333333333334,2.0,6.0
NQ.v.0,surprise,medium,spread_ticks,91,30.0,3.8333333333333335,2.0,4.75
NQ.v.0,surprise,medium,spread_ticks,92,30.0,3.7666666666666666,2.0,5.0
NQ.v.0,surprise,medium,spread_ticks,93,30.0,3.5,2.0,4.0
NQ.v.0,surprise,medium,spread_ticks,94,30.0,3.533333333333333,1.25,5.0
NQ.v.0,surprise,medium,spread_ticks,95,30.0,3.466666666666667,2.0,5.0
NQ.v.0,surprise,medium,spread_ticks,96,30.0,3.5,2.0,4.0
NQ.v.0,surprise,medium,spread_ticks,97,30.0,3.433333333333333,2.0,5.0
NQ.v.0,surprise,medium,spread_ticks,98,30.0,3.433333333333333,1.25,4.75
NQ.v.0,surprise,medium,spread_ticks,99,30.0,3.2333333333333334,2.0,4.75
NQ.v.0,surprise,medium,spread_ticks,100,30.0,3.466666666666667,2.0,5.0
NQ.v.0,surprise,medium,spread_ticks,101,30.0,3.3666666666666667,2.0,4.0
NQ.v.0,surprise,medium,spread_ticks,102,30.0,3.566666666666667,2.0,5.0
NQ.v.0,surprise,medium,spread_ticks,103,30.0,3.533333333333333,2.0,5.0
NQ.v.0,surprise,medium,spread_ticks,104,30.0,3.5,1.25,4.75
NQ.v.0,surprise,medium,spread_ticks,105,30.0,3.3666666666666667,2.0,4.0
NQ.v.0,surprise,medium,spread_ticks,106,30.0,3.3,2.0,4.0
NQ.v.0,surprise,medium,spread_ticks,107,30.0,3.3333333333333335,2.0,4.0
NQ.v.0,surprise,medium,spread_ticks,108,30.0,3.2333333333333334,2.0,4.0
NQ.v.0,surprise,medium,spread_ticks,109,30.0,3.1666666666666665,1.25,4.0
NQ.v.0,surprise,medium,spread_ticks,110,30.0,2.933333333333333,2.0,3.75
NQ.v.0,surprise,medium,spread_ticks,111,30.0,2.933333333333333,1.25,4.0
NQ.v.0,surprise,medium,spread_ticks,112,30.0,3.1,1.0,4.0
NQ.v.0,surprise,medium,spread_ticks,113,30.0,3.066666666666667,2.0,4.0
NQ.v.0,surprise,medium,spread_ticks,114,30.0,3.2,2.0,4.0
NQ.v.0,surprise,medium,spread_ticks,115,30.0,2.933333333333333,2.0,3.75
NQ.v.0,surprise,medium,spread_ticks,116,30.0,3.033333333333333,2.0,3.75
NQ.v.0,surprise,medium,spread_ticks,117,30.0,2.966666666666667,1.0,4.0
NQ.v.0,surprise,medium,spread_ticks,118,30.0,2.933333333333333,2.0,3.75
NQ.v.0,surprise,medium,spread_ticks,119,30.0,2.9,1.25,3.75
NQ.v.0,surprise,medium,spread_ticks,120,30.0,2.8333333333333335,2.0,3.0
NQ.v.0,surprise,small,spread_ticks,-60,31.0,3.7096774193548385,2.0,4.0
NQ.v.0,surprise,small,spread_ticks,-59,31.0,3.3870967741935485,2.0,4.5
NQ.v.0,surprise,small,spread_ticks,-58,31.0,3.935483870967742,2.0,5.0
NQ.v.0,surprise,small,spread_ticks,-57,31.0,3.3548387096774195,2.0,4.0
NQ.v.0,surprise,small,spread_ticks,-56,31.0,3.5483870967741935,2.0,5.0
NQ.v.0,surprise,small,spread_ticks,-55,31.0,3.6129032258064515,2.0,4.0
NQ.v.0,surprise,small,spread_ticks,-54,31.0,3.935483870967742,2.5,5.0
NQ.v.0,surprise,small,spread_ticks,-53,31.0,3.903225806451613,2.0,5.0
NQ.v.0,surprise,small,spread_ticks,-52,31.0,3.838709677419355,2.0,5.0
NQ.v.0,surprise,small,spread_ticks,-51,31.0,3.6451612903225805,2.0,5.0
NQ.v.0,surprise,small,spread_ticks,-50,31.0,4.032258064516129,2.5,5.0
NQ.v.0,surprise,small,spread_ticks,-49,31.0,4.225806451612903,2.0,5.5
NQ.v.0,surprise,small,spread_ticks,-48,31.0,3.935483870967742,2.0,5.5
NQ.v.0,surprise,small,spread_ticks,-47,31.0,3.935483870967742,2.0,5.5
NQ.v.0,surprise,small,spread_ticks,-46,31.0,3.7096774193548385,2.0,4.5
NQ.v.0,surprise,small,spread_ticks,-45,31.0,3.4838709677419355,2.0,4.5
NQ.v.0,surprise,small,spread_ticks,-44,31.0,3.5483870967741935,2.0,4.0
NQ.v.0,surprise,small,spread_ticks,-43,31.0,3.870967741935484,2.0,4.0
NQ.v.0,surprise,small,spread_ticks,-42,31.0,3.806451612903226,2.0,5.0
NQ.v.0,surprise,small,spread_ticks,-41,31.0,3.903225806451613,2.0,5.0
NQ.v.0,surprise,small,spread_ticks,-40,31.0,4.032258064516129,2.0,5.5
NQ.v.0,surprise,small,spread_ticks,-39,31.0,4.032258064516129,2.0,5.0
NQ.v.0,surprise,small,spread_ticks,-38,31.0,3.5806451612903225,2.0,5.0
NQ.v.0,surprise,small,spread_ticks,-37,31.0,3.903225806451613,2.0,5.0
NQ.v.0,surprise,small,spread_ticks,-36,31.0,3.903225806451613,2.0,5.0
NQ.v.0,surprise,small,spread_ticks,-35,31.0,4.161290322580645,2.5,5.5
NQ.v.0,surprise,small,spread_ticks,-34,31.0,4.129032258064516,2.5,6.0
NQ.v.0,surprise,small,spread_ticks,-33,31.0,4.064516129032258,2.0,5.5
NQ.v.0,surprise,small,spread_ticks,-32,31.0,4.419354838709677,2.0,6.0
NQ.v.0,surprise,small,spread_ticks,-31,31.0,4.258064516129032,2.0,6.0
NQ.v.0,surprise,small,spread_ticks,-30,31.0,4.064516129032258,2.0,5.0
NQ.v.0,surprise,small,spread_ticks,-29,31.0,3.7419354838709675,2.0,5.5
NQ.v.0,surprise,small,spread_ticks,-28,31.0,4.032258064516129,2.0,5.0
NQ.v.0,surprise,small,spread_ticks,-27,31.0,3.870967741935484,2.0,5.0
NQ.v.0,surprise,small,spread_ticks,-26,31.0,3.7419354838709675,2.0,4.5
NQ.v.0,surprise,small,spread_ticks,-25,31.0,3.6774193548387095,2.0,5.0
NQ.v.0,surprise,small,spread_ticks,-24,31.0,3.967741935483871,2.0,6.0
NQ.v.0,surprise,small,spread_ticks,-23,31.0,4.096774193548387,2.0,6.0
NQ.v.0,surprise,small,spread_ticks,-22,31.0,4.064516129032258,2.5,5.5
NQ.v.0,surprise,small,spread_ticks,-21,31.0,3.6129032258064515,2.0,4.5
NQ.v.0,surprise,small,spread_ticks,-20,31.0,3.903225806451613,2.0,5.5
NQ.v.0,surprise,small,spread_ticks,-19,31.0,3.774193548387097,2.0,5.5
NQ.v.0,surprise,small,spread_ticks,-18,31.0,4.193548387096774,2.0,5.0
NQ.v.0,surprise,small,spread_ticks,-17,31.0,4.741935483870968,2.0,6.0
NQ.v.0,surprise,small,spread_ticks,-16,31.0,5.064516129032258,2.5,6.5
NQ.v.0,surprise,small,spread_ticks,-15,31.0,4.967741935483871,2.5,6.5
NQ.v.0,surprise,small,spread_ticks,-14,31.0,4.67741935483871,2.5,5.0
NQ.v.0,surprise,small,spread_ticks,-13,31.0,5.32258064516129,3.0,7.0
NQ.v.0,surprise,small,spread_ticks,-12,31.0,4.67741935483871,2.5,5.5
NQ.v.0,surprise,small,spread_ticks,-11,31.0,4.290322580645161,2.5,6.0
NQ.v.0,surprise,small,spread_ticks,-10,31.0,4.354838709677419,2.0,5.5
NQ.v.0,surprise,small,spread_ticks,-9,31.0,4.741935483870968,2.0,6.5
NQ.v.0,surprise,small,spread_ticks,-8,31.0,4.741935483870968,2.0,6.5
NQ.v.0,surprise,small,spread_ticks,-7,31.0,4.483870967741935,2.0,6.0
NQ.v.0,surprise,small,spread_ticks,-6,31.0,4.935483870967742,3.0,6.0
NQ.v.0,surprise,small,spread_ticks,-5,31.0,4.67741935483871,3.0,5.5
NQ.v.0,surprise,small,spread_ticks,-4,31.0,5.193548387096774,3.0,6.5
NQ.v.0,surprise,small,spread_ticks,-3,31.0,5.709677419354839,3.0,7.0
NQ.v.0,surprise,small,spread_ticks,-2,31.0,5.741935483870968,3.0,7.5
NQ.v.0,surprise,small,spread_ticks,-1,31.0,5.580645161290323,3.0,7.5
NQ.v.0,surprise,small,spread_ticks,0,31.0,7.096774193548387,3.0,8.0
NQ.v.0,surprise,small,spread_ticks,1,31.0,10.774193548387096,4.0,9.0
NQ.v.0,surprise,small,spread_ticks,2,31.0,12.225806451612904,4.0,11.0
NQ.v.0,surprise,small,spread_ticks,3,31.0,10.96774193548387,4.0,12.0
NQ.v.0,surprise,small,spread_ticks,4,31.0,10.258064516129032,4.0,11.5
NQ.v.0,surprise,small,spread_ticks,5,31.0,8.161290322580646,4.0,10.0
NQ.v.0,surprise,small,spread_ticks,6,31.0,7.870967741935484,3.0,8.5
NQ.v.0,surprise,small,spread_ticks,7,31.0,7.774193548387097,3.5,9.0
NQ.v.0,surprise,small,spread_ticks,8,31.0,7.419354838709677,3.5,8.5
NQ.v.0,surprise,small,spread_ticks,9,31.0,7.161290322580645,3.5,7.5
NQ.v.0,surprise,small,spread_ticks,10,31.0,8.741935483870968,4.0,11.5
NQ.v.0,surprise,small,spread_ticks,11,31.0,7.387096774193548,4.0,9.5
NQ.v.0,surprise,small,spread_ticks,12,31.0,7.258064516129032,3.0,10.0
NQ.v.0,surprise,small,spread_ticks,13,31.0,6.580645161290323,3.0,8.5
NQ.v.0,surprise,small,spread_ticks,14,31.0,7.193548387096774,3.0,7.0
NQ.v.0,surprise,small,spread_ticks,15,31.0,7.0,3.0,7.5
NQ.v.0,surprise,small,spread_ticks,16,31.0,7.419354838709677,3.5,7.0
NQ.v.0,surprise,small,spread_ticks,17,31.0,7.258064516129032,3.0,7.5
NQ.v.0,surprise,small,spread_ticks,18,31.0,7.161290322580645,3.5,9.0
NQ.v.0,surprise,small,spread_ticks,19,31.0,7.483870967741935,4.0,9.0
NQ.v.0,surprise,small,spread_ticks,20,31.0,6.967741935483871,3.0,9.5
NQ.v.0,surprise,small,spread_ticks,21,31.0,6.451612903225806,3.0,8.0
NQ.v.0,surprise,small,spread_ticks,22,31.0,6.32258064516129,3.0,7.0
NQ.v.0,surprise,small,spread_ticks,23,31.0,6.612903225806452,3.0,8.0
NQ.v.0,surprise,small,spread_ticks,24,31.0,6.419354838709677,3.0,8.0
NQ.v.0,surprise,small,spread_ticks,25,31.0,6.354838709677419,3.0,7.0
NQ.v.0,surprise,small,spread_ticks,26,31.0,6.129032258064516,3.0,7.0
NQ.v.0,surprise,small,spread_ticks,27,31.0,6.451612903225806,3.0,8.0
NQ.v.0,surprise,small,spread_ticks,28,31.0,6.096774193548387,3.0,7.5
NQ.v.0,surprise,small,spread_ticks,29,31.0,6.612903225806452,3.0,8.5
NQ.v.0,surprise,small,spread_ticks,30,31.0,5.451612903225806,3.0,7.0
NQ.v.0,surprise,small,spread_ticks,31,31.0,4.32258064516129,2.0,5.5
NQ.v.0,surprise,small,spread_ticks,32,31.0,4.290322580645161,3.0,5.0
NQ.v.0,surprise,small,spread_ticks,33,31.0,4.096774193548387,2.5,5.5
NQ.v.0,surprise,small,spread_ticks,34,31.0,3.5483870967741935,2.0,4.5
NQ.v.0,surprise,small,spread_ticks,35,31.0,3.870967741935484,2.0,5.0
NQ.v.0,surprise,small,spread_ticks,36,31.0,4.258064516129032,2.0,5.5
NQ.v.0,surprise,small,spread_ticks,37,31.0,3.6451612903225805,2.5,5.0
NQ.v.0,surprise,small,spread_ticks,38,31.0,4.129032258064516,2.0,5.0
NQ.v.0,surprise,small,spread_ticks,39,31.0,4.161290322580645,2.0,6.0
NQ.v.0,surprise,small,spread_ticks,40,31.0,4.161290322580645,2.0,6.0
NQ.v.0,surprise,small,spread_ticks,41,31.0,3.935483870967742,2.0,5.0
NQ.v.0,surprise,small,spread_ticks,42,31.0,3.5806451612903225,2.0,5.0
NQ.v.0,surprise,small,spread_ticks,43,31.0,3.6129032258064515,2.0,5.0
NQ.v.0,surprise,small,spread_ticks,44,31.0,3.7419354838709675,2.0,4.5
NQ.v.0,surprise,small,spread_ticks,45,31.0,4.354838709677419,2.0,5.0
NQ.v.0,surprise,small,spread_ticks,46,31.0,3.7419354838709675,2.0,4.0
NQ.v.0,surprise,small,spread_ticks,47,31.0,4.0,2.0,5.0
NQ.v.0,surprise,small,spread_ticks,48,31.0,3.935483870967742,2.0,4.5
NQ.v.0,surprise,small,spread_ticks,49,31.0,3.5806451612903225,2.0,4.0
NQ.v.0,surprise,small,spread_ticks,50,31.0,3.6451612903225805,2.5,4.5
NQ.v.0,surprise,small,spread_ticks,51,31.0,3.6774193548387095,2.0,4.5
NQ.v.0,surprise,small,spread_ticks,52,31.0,3.7419354838709675,2.0,4.0
NQ.v.0,surprise,small,spread_ticks,53,31.0,3.3548387096774195,2.0,4.0
NQ.v.0,surprise,small,spread_ticks,54,31.0,3.5483870967741935,2.0,4.0
NQ.v.0,surprise,small,spread_ticks,55,31.0,3.5483870967741935,2.0,4.0
NQ.v.0,surprise,small,spread_ticks,56,31.0,3.806451612903226,2.0,5.0
NQ.v.0,surprise,small,spread_ticks,57,31.0,3.5483870967741935,2.0,5.0
NQ.v.0,surprise,small,spread_ticks,58,31.0,3.7419354838709675,2.0,5.0
NQ.v.0,surprise,small,spread_ticks,59,31.0,3.5161290322580645,2.0,4.0
NQ.v.0,surprise,small,spread_ticks,60,31.0,3.5161290322580645,2.0,4.0
NQ.v.0,surprise,small,spread_ticks,61,31.0,3.6774193548387095,2.0,4.5
NQ.v.0,surprise,small,spread_ticks,62,31.0,3.838709677419355,2.0,5.0
NQ.v.0,surprise,small,spread_ticks,63,31.0,3.903225806451613,2.0,4.0
NQ.v.0,surprise,small,spread_ticks,64,31.0,4.193548387096774,2.0,4.5
NQ.v.0,surprise,small,spread_ticks,65,31.0,3.774193548387097,2.0,5.0
NQ.v.0,surprise,small,spread_ticks,66,31.0,3.4516129032258065,2.0,4.0
NQ.v.0,surprise,small,spread_ticks,67,31.0,3.5483870967741935,2.0,4.0
NQ.v.0,surprise,small,spread_ticks,68,31.0,3.2903225806451615,2.0,4.0
NQ.v.0,surprise,small,spread_ticks,69,31.0,3.838709677419355,2.0,4.5
NQ.v.0,surprise,small,spread_ticks,70,31.0,3.5806451612903225,2.0,4.5
NQ.v.0,surprise,small,spread_ticks,71,31.0,3.6129032258064515,2.0,4.0
NQ.v.0,surprise,small,spread_ticks,72,31.0,3.870967741935484,2.0,5.0
NQ.v.0,surprise,small,spread_ticks,73,31.0,3.838709677419355,2.0,4.0
NQ.v.0,surprise,small,spread_ticks,74,31.0,3.3870967741935485,2.0,4.0
NQ.v.0,surprise,small,spread_ticks,75,31.0,3.4838709677419355,2.0,4.0
NQ.v.0,surprise,small,spread_ticks,76,31.0,3.7419354838709675,2.0,4.0
NQ.v.0,surprise,small,spread_ticks,77,31.0,3.774193548387097,2.0,4.0
NQ.v.0,surprise,small,spread_ticks,78,31.0,3.7096774193548385,2.0,4.5
NQ.v.0,surprise,small,spread_ticks,79,31.0,3.6129032258064515,2.0,4.5
NQ.v.0,surprise,small,spread_ticks,80,31.0,3.870967741935484,2.0,5.0
NQ.v.0,surprise,small,spread_ticks,81,31.0,3.4193548387096775,2.0,4.0
NQ.v.0,surprise,small,spread_ticks,82,31.0,3.6774193548387095,2.0,4.5
NQ.v.0,surprise,small,spread_ticks,83,31.0,3.3870967741935485,2.0,4.0
NQ.v.0,surprise,small,spread_ticks,84,31.0,3.2580645161290325,2.0,4.0
NQ.v.0,surprise,small,spread_ticks,85,31.0,3.4193548387096775,2.0,4.0
NQ.v.0,surprise,small,spread_ticks,86,31.0,3.5483870967741935,2.0,4.0
NQ.v.0,surprise,small,spread_ticks,87,31.0,3.5806451612903225,2.0,5.0
NQ.v.0,surprise,small,spread_ticks,88,31.0,3.3548387096774195,2.0,4.0
NQ.v.0,surprise,small,spread_ticks,89,31.0,3.7419354838709675,2.0,4.5
NQ.v.0,surprise,small,spread_ticks,90,31.0,3.5161290322580645,2.0,4.0
NQ.v.0,surprise,small,spread_ticks,91,31.0,3.3548387096774195,2.0,4.0
NQ.v.0,surprise,small,spread_ticks,92,31.0,3.161290322580645,2.0,4.0
NQ.v.0,surprise,small,spread_ticks,93,31.0,3.193548387096774,2.0,3.5
NQ.v.0,surprise,small,spread_ticks,94,31.0,3.064516129032258,2.0,3.0
NQ.v.0,surprise,small,spread_ticks,95,31.0,3.0,2.0,3.5
NQ.v.0,surprise,small,spread_ticks,96,31.0,3.0,2.0,3.5
NQ.v.0,surprise,small,spread_ticks,97,31.0,3.193548387096774,2.0,4.0
NQ.v.0,surprise,small,spread_ticks,98,31.0,3.225806451612903,2.0,4.0
NQ.v.0,surprise,small,spread_ticks,99,31.0,3.193548387096774,2.0,4.0
NQ.v.0,surprise,small,spread_ticks,100,31.0,3.2580645161290325,2.0,4.0
NQ.v.0,surprise,small,spread_ticks,101,31.0,3.2580645161290325,2.0,4.0
NQ.v.0,surprise,small,spread_ticks,102,31.0,2.935483870967742,2.0,3.0
NQ.v.0,surprise,small,spread_ticks,103,31.0,3.3225806451612905,2.0,4.0
NQ.v.0,surprise,small,spread_ticks,104,31.0,3.161290322580645,2.0,4.0
NQ.v.0,surprise,small,spread_ticks,105,31.0,3.129032258064516,2.0,4.0
NQ.v.0,surprise,small,spread_ticks,106,31.0,3.064516129032258,2.0,4.0
NQ.v.0,surprise,small,spread_ticks,107,31.0,2.967741935483871,2.0,3.0
NQ.v.0,surprise,small,spread_ticks,108,31.0,3.225806451612903,2.0,4.5
NQ.v.0,surprise,small,spread_ticks,109,31.0,3.2580645161290325,2.0,4.0
NQ.v.0,surprise,small,spread_ticks,110,31.0,3.193548387096774,1.5,4.0
NQ.v.0,surprise,small,spread_ticks,111,31.0,3.129032258064516,2.0,4.0
NQ.v.0,surprise,small,spread_ticks,112,31.0,3.2580645161290325,2.0,4.0
NQ.v.0,surprise,small,spread_ticks,113,31.0,3.064516129032258,2.0,4.0
NQ.v.0,surprise,small,spread_ticks,114,31.0,3.3225806451612905,2.0,4.0
NQ.v.0,surprise,small,spread_ticks,115,31.0,2.935483870967742,2.0,3.0
NQ.v.0,surprise,small,spread_ticks,116,31.0,3.032258064516129,2.0,4.0
NQ.v.0,surprise,small,spread_ticks,117,31.0,3.193548387096774,2.0,4.0
NQ.v.0,surprise,small,spread_ticks,118,31.0,3.129032258064516,2.0,3.5
NQ.v.0,surprise,small,spread_ticks,119,31.0,3.225806451612903,2.0,4.0
NQ.v.0,surprise,small,spread_ticks,120,31.0,3.161290322580645,2.0,3.0
ZN.v.0,action,cut,spread_ticks,-60,8.0,1.25,1.0,1.25
ZN.v.0,action,cut,spread_ticks,-59,8.0,1.125,1.0,1.0
ZN.v.0,action,cut,spread_ticks,-58,8.0,1.25,1.0,1.25
ZN.v.0,action,cut,spread_ticks,-57,8.0,1.125,1.0,1.0
ZN.v.0,action,cut,spread_ticks,-56,8.0,1.0,1.0,1.0
ZN.v.0,action,cut,spread_ticks,-55,8.0,1.0,1.0,1.0
ZN.v.0,action,cut,spread_ticks,-54,8.0,1.125,1.0,1.0
ZN.v.0,action,cut,spread_ticks,-53,8.0,1.125,1.0,1.0
ZN.v.0,action,cut,spread_ticks,-52,8.0,1.125,1.0,1.0
ZN.v.0,action,cut,spread_ticks,-51,8.0,1.0,1.0,1.0
ZN.v.0,action,cut,spread_ticks,-50,8.0,1.125,1.0,1.0
ZN.v.0,action,cut,spread_ticks,-49,8.0,1.0,1.0,1.0
ZN.v.0,action,cut,spread_ticks,-48,8.0,1.0,1.0,1.0
ZN.v.0,action,cut,spread_ticks,-47,8.0,1.0,1.0,1.0
ZN.v.0,action,cut,spread_ticks,-46,8.0,1.0,1.0,1.0
ZN.v.0,action,cut,spread_ticks,-45,8.0,1.125,1.0,1.0
ZN.v.0,action,cut,spread_ticks,-44,8.0,1.0,1.0,1.0
ZN.v.0,action,cut,spread_ticks,-43,8.0,1.0,1.0,1.0
ZN.v.0,action,cut,spread_ticks,-42,8.0,1.125,1.0,1.0
ZN.v.0,action,cut,spread_ticks,-41,8.0,1.0,1.0,1.0
ZN.v.0,action,cut,spread_ticks,-40,8.0,1.0,1.0,1.0
ZN.v.0,action,cut,spread_ticks,-39,8.0,1.0,1.0,1.0
ZN.v.0,action,cut,spread_ticks,-38,8.0,1.0,1.0,1.0
ZN.v.0,action,cut,spread_ticks,-37,8.0,1.0,1.0,1.0
ZN.v.0,action,cut,spread_ticks,-36,8.0,1.125,1.0,1.0
ZN.v.0,action,cut,spread_ticks,-35,8.0,1.0,1.0,1.0
ZN.v.0,action,cut,spread_ticks,-34,8.0,1.0,1.0,1.0
ZN.v.0,action,cut,spread_ticks,-33,8.0,1.125,1.0,1.0
ZN.v.0,action,cut,spread_ticks,-32,8.0,1.125,1.0,1.0
ZN.v.0,action,cut,spread_ticks,-31,8.0,1.0,1.0,1.0
ZN.v.0,action,cut,spread_ticks,-30,8.0,1.0,1.0,1.0
ZN.v.0,action,cut,spread_ticks,-29,8.0,1.0,1.0,1.0
ZN.v.0,action,cut,spread_ticks,-28,8.0,1.0,1.0,1.0
ZN.v.0,action,cut,spread_ticks,-27,8.0,1.0,1.0,1.0
ZN.v.0,action,cut,spread_ticks,-26,8.0,1.0,1.0,1.0
ZN.v.0,action,cut,spread_ticks,-25,8.0,1.0,1.0,1.0
ZN.v.0,action,cut,spread_ticks,-24,8.0,1.0,1.0,1.0
ZN.v.0,action,cut,spread_ticks,-23,8.0,1.125,1.0,1.0
ZN.v.0,action,cut,spread_ticks,-22,8.0,1.0,1.0,1.0
ZN.v.0,action,cut,spread_ticks,-21,8.0,1.0,1.0,1.0
ZN.v.0,action,cut,spread_ticks,-20,8.0,1.125,1.0,1.0
ZN.v.0,action,cut,spread_ticks,-19,8.0,1.125,1.0,1.0
ZN.v.0,action,cut,spread_ticks,-18,8.0,1.125,1.0,1.0
ZN.v.0,action,cut,spread_ticks,-17,8.0,1.125,1.0,1.0
ZN.v.0,action,cut,spread_ticks,-16,8.0,1.125,1.0,1.0
ZN.v.0,action,cut,spread_ticks,-15,8.0,1.25,1.0,1.25
ZN.v.0,action,cut,spread_ticks,-14,8.0,1.125,1.0,1.0
ZN.v.0,action,cut,spread_ticks,-13,8.0,1.125,1.0,1.0
ZN.v.0,action,cut,spread_ticks,-12,8.0,1.25,1.0,1.25
ZN.v.0,action,cut,spread_ticks,-11,8.0,1.125,1.0,1.0
ZN.v.0,action,cut,spread_ticks,-10,8.0,1.125,1.0,1.0
ZN.v.0,action,cut,spread_ticks,-9,8.0,1.375,1.0,2.0
ZN.v.0,action,cut,spread_ticks,-8,8.0,1.5,1.0,2.0
ZN.v.0,action,cut,spread_ticks,-7,8.0,1.375,1.0,2.0
ZN.v.0,action,cut,spread_ticks,-6,8.0,1.25,1.0,1.25
ZN.v.0,action,cut,spread_ticks,-5,8.0,1.25,1.0,1.25
ZN.v.0,action,cut,spread_ticks,-4,8.0,1.375,1.0,2.0
ZN.v.0,action,cut,spread_ticks,-3,8.0,1.25,1.0,1.25
ZN.v.0,action,cut,spread_ticks,-2,8.0,1.25,1.0,1.25
ZN.v.0,action,cut,spread_ticks,-1,8.0,1.25,1.0,1.25
ZN.v.0,action,cut,spread_ticks,0,8.0,1.375,1.0,2.0
ZN.v.0,action,cut,spread_ticks,1,8.0,1.25,1.0,1.25
ZN.v.0,action,cut,spread_ticks,2,8.0,1.375,1.0,2.0
ZN.v.0,action,cut,spread_ticks,3,8.0,1.25,1.0,1.25
ZN.v.0,action,cut,spread_ticks,4,8.0,1.5,1.0,2.0
ZN.v.0,action,cut,spread_ticks,5,8.0,1.25,1.0,1.25
ZN.v.0,action,cut,spread_ticks,6,8.0,1.125,1.0,1.0
ZN.v.0,action,cut,spread_ticks,7,8.0,1.125,1.0,1.0
ZN.v.0,action,cut,spread_ticks,8,8.0,1.25,1.0,1.25
ZN.v.0,action,cut,spread_ticks,9,8.0,1.125,1.0,1.0
ZN.v.0,action,cut,spread_ticks,10,8.0,1.25,1.0,1.25
ZN.v.0,action,cut,spread_ticks,11,8.0,1.25,1.0,1.25
ZN.v.0,action,cut,spread_ticks,12,8.0,1.0,1.0,1.0
ZN.v.0,action,cut,spread_ticks,13,8.0,1.125,1.0,1.0
ZN.v.0,action,cut,spread_ticks,14,8.0,1.125,1.0,1.0
ZN.v.0,action,cut,spread_ticks,15,8.0,1.125,1.0,1.0
ZN.v.0,action,cut,spread_ticks,16,8.0,1.25,1.0,1.25
ZN.v.0,action,cut,spread_ticks,17,8.0,1.0,1.0,1.0
ZN.v.0,action,cut,spread_ticks,18,8.0,1.0,1.0,1.0
ZN.v.0,action,cut,spread_ticks,19,8.0,1.25,1.0,1.25
ZN.v.0,action,cut,spread_ticks,20,8.0,1.0,1.0,1.0
ZN.v.0,action,cut,spread_ticks,21,8.0,1.0,1.0,1.0
ZN.v.0,action,cut,spread_ticks,22,8.0,1.0,1.0,1.0
ZN.v.0,action,cut,spread_ticks,23,8.0,1.0,1.0,1.0
ZN.v.0,action,cut,spread_ticks,24,8.0,1.125,1.0,1.0
ZN.v.0,action,cut,spread_ticks,25,8.0,1.125,1.0,1.0
ZN.v.0,action,cut,spread_ticks,26,8.0,1.25,1.0,1.25
ZN.v.0,action,cut,spread_ticks,27,8.0,1.0,1.0,1.0
ZN.v.0,action,cut,spread_ticks,28,8.0,1.0,1.0,1.0
ZN.v.0,action,cut,spread_ticks,29,8.0,1.0,1.0,1.0
ZN.v.0,action,cut,spread_ticks,30,8.0,1.0,1.0,1.0
ZN.v.0,action,cut,spread_ticks,31,8.0,1.0,1.0,1.0
ZN.v.0,action,cut,spread_ticks,32,8.0,1.125,1.0,1.0
ZN.v.0,action,cut,spread_ticks,33,8.0,1.0,1.0,1.0
ZN.v.0,action,cut,spread_ticks,34,8.0,1.0,1.0,1.0
ZN.v.0,action,cut,spread_ticks,35,8.0,1.125,1.0,1.0
ZN.v.0,action,cut,spread_ticks,36,8.0,1.0,1.0,1.0
ZN.v.0,action,cut,spread_ticks,37,8.0,1.0,1.0,1.0
ZN.v.0,action,cut,spread_ticks,38,8.0,1.0,1.0,1.0
ZN.v.0,action,cut,spread_ticks,39,8.0,1.0,1.0,1.0
ZN.v.0,action,cut,spread_ticks,40,8.0,1.0,1.0,1.0
ZN.v.0,action,cut,spread_ticks,41,8.0,1.0,1.0,1.0
ZN.v.0,action,cut,spread_ticks,42,8.0,1.0,1.0,1.0
ZN.v.0,action,cut,spread_ticks,43,8.0,1.0,1.0,1.0
ZN.v.0,action,cut,spread_ticks,44,8.0,1.0,1.0,1.0
ZN.v.0,action,cut,spread_ticks,45,8.0,1.0,1.0,1.0
ZN.v.0,action,cut,spread_ticks,46,8.0,1.0,1.0,1.0
ZN.v.0,action,cut,spread_ticks,47,8.0,1.0,1.0,1.0
ZN.v.0,action,cut,spread_ticks,48,8.0,1.0,1.0,1.0
ZN.v.0,action,cut,spread_ticks,49,8.0,1.0,1.0,1.0
ZN.v.0,action,cut,spread_ticks,50,8.0,1.0,1.0,1.0
ZN.v.0,action,cut,spread_ticks,51,8.0,1.0,1.0,1.0
ZN.v.0,action,cut,spread_ticks,52,8.0,1.0,1.0,1.0
ZN.v.0,action,cut,spread_ticks,53,8.0,1.0,1.0,1.0
ZN.v.0,action,cut,spread_ticks,54,8.0,1.125,1.0,1.0
ZN.v.0,action,cut,spread_ticks,55,8.0,1.0,1.0,1.0
ZN.v.0,action,cut,spread_ticks,56,8.0,1.0,1.0,1.0
ZN.v.0,action,cut,spread_ticks,57,8.0,1.0,1.0,1.0
ZN.v.0,action,cut,spread_ticks,58,8.0,1.0,1.0,1.0
ZN.v.0,action,cut,spread_ticks,59,8.0,1.0,1.0,1.0
ZN.v.0,action,cut,spread_ticks,60,8.0,1.0,1.0,1.0
ZN.v.0,action,cut,spread_ticks,61,8.0,1.0,1.0,1.0
ZN.v.0,action,cut,spread_ticks,62,8.0,1.0,1.0,1.0
ZN.v.0,action,cut,spread_ticks,63,8.0,1.0,1.0,1.0
ZN.v.0,action,cut,spread_ticks,64,8.0,1.0,1.0,1.0
ZN.v.0,action,cut,spread_ticks,65,8.0,1.0,1.0,1.0
ZN.v.0,action,cut,spread_ticks,66,8.0,1.0,1.0,1.0
ZN.v.0,action,cut,spread_ticks,67,8.0,1.0,1.0,1.0
ZN.v.0,action,cut,spread_ticks,68,8.0,1.0,1.0,1.0
ZN.v.0,action,cut,spread_ticks,69,8.0,1.0,1.0,1.0
ZN.v.0,action,cut,spread_ticks,70,8.0,1.0,1.0,1.0
ZN.v.0,action,cut,spread_ticks,71,8.0,1.0,1.0,1.0
ZN.v.0,action,cut,spread_ticks,72,8.0,1.0,1.0,1.0
ZN.v.0,action,cut,spread_ticks,73,8.0,1.0,1.0,1.0
ZN.v.0,action,cut,spread_ticks,74,8.0,1.0,1.0,1.0
ZN.v.0,action,cut,spread_ticks,75,8.0,1.0,1.0,1.0
ZN.v.0,action,cut,spread_ticks,76,8.0,1.0,1.0,1.0
ZN.v.0,action,cut,spread_ticks,77,8.0,1.0,1.0,1.0
ZN.v.0,action,cut,spread_ticks,78,8.0,1.0,1.0,1.0
ZN.v.0,action,cut,spread_ticks,79,8.0,1.0,1.0,1.0
ZN.v.0,action,cut,spread_ticks,80,8.0,1.0,1.0,1.0
ZN.v.0,action,cut,spread_ticks,81,8.0,1.0,1.0,1.0
ZN.v.0,action,cut,spread_ticks,82,8.0,1.0,1.0,1.0
ZN.v.0,action,cut,spread_ticks,83,8.0,1.0,1.0,1.0
ZN.v.0,action,cut,spread_ticks,84,8.0,1.0,1.0,1.0
ZN.v.0,action,cut,spread_ticks,85,8.0,1.0,1.0,1.0
ZN.v.0,action,cut,spread_ticks,86,8.0,1.0,1.0,1.0
ZN.v.0,action,cut,spread_ticks,87,8.0,1.0,1.0,1.0
ZN.v.0,action,cut,spread_ticks,88,8.0,1.0,1.0,1.0
ZN.v.0,action,cut,spread_ticks,89,8.0,1.0,1.0,1.0
ZN.v.0,action,cut,spread_ticks,90,8.0,1.0,1.0,1.0
ZN.v.0,action,cut,spread_ticks,91,8.0,1.0,1.0,1.0
ZN.v.0,action,cut,spread_ticks,92,8.0,1.0,1.0,1.0
ZN.v.0,action,cut,spread_ticks,93,8.0,1.0,1.0,1.0
ZN.v.0,action,cut,spread_ticks,94,8.0,1.0,1.0,1.0
ZN.v.0,action,cut,spread_ticks,95,8.0,1.0,1.0,1.0
ZN.v.0,action,cut,spread_ticks,96,8.0,1.0,1.0,1.0
ZN.v.0,action,cut,spread_ticks,97,8.0,1.0,1.0,1.0
ZN.v.0,action,cut,spread_ticks,98,8.0,1.125,1.0,1.0
ZN.v.0,action,cut,spread_ticks,99,8.0,1.0,1.0,1.0
ZN.v.0,action,cut,spread_ticks,100,8.0,1.0,1.0,1.0
ZN.v.0,action,cut,spread_ticks,101,8.0,1.0,1.0,1.0
ZN.v.0,action,cut,spread_ticks,102,8.0,1.0,1.0,1.0
ZN.v.0,action,cut,spread_ticks,103,8.0,1.0,1.0,1.0
ZN.v.0,action,cut,spread_ticks,104,8.0,1.0,1.0,1.0
ZN.v.0,action,cut,spread_ticks,105,8.0,1.0,1.0,1.0
ZN.v.0,action,cut,spread_ticks,106,8.0,1.0,1.0,1.0
ZN.v.0,action,cut,spread_ticks,107,8.0,1.0,1.0,1.0
ZN.v.0,action,cut,spread_ticks,108,8.0,1.0,1.0,1.0
ZN.v.0,action,cut,spread_ticks,109,8.0,1.0,1.0,1.0
ZN.v.0,action,cut,spread_ticks,110,8.0,1.0,1.0,1.0
ZN.v.0,action,cut,spread_ticks,111,8.0,1.0,1.0,1.0
ZN.v.0,action,cut,spread_ticks,112,8.0,1.0,1.0,1.0
ZN.v.0,action,cut,spread_ticks,113,8.0,1.0,1.0,1.0
ZN.v.0,action,cut,spread_ticks,114,8.0,1.0,1.0,1.0
ZN.v.0,action,cut,spread_ticks,115,8.0,1.0,1.0,1.0
ZN.v.0,action,cut,spread_ticks,116,8.0,1.0,1.0,1.0
ZN.v.0,action,cut,spread_ticks,117,8.0,1.0,1.0,1.0
ZN.v.0,action,cut,spread_ticks,118,8.0,1.0,1.0,1.0
ZN.v.0,action,cut,spread_ticks,119,8.0,1.0,1.0,1.0
ZN.v.0,action,cut,spread_ticks,120,8.0,1.0,1.0,1.0
ZN.v.0,action,hike,spread_ticks,-60,21.0,1.2857142857142858,1.0,2.0
ZN.v.0,action,hike,spread_ticks,-59,21.0,1.380952380952381,1.0,2.0
ZN.v.0,action,hike,spread_ticks,-58,21.0,1.3333333333333333,1.0,2.0
ZN.v.0,action,hike,spread_ticks,-57,21.0,1.3333333333333333,1.0,2.0
ZN.v.0,action,hike,spread_ticks,-56,21.0,1.1904761904761905,1.0,1.0
ZN.v.0,action,hike,spread_ticks,-55,21.0,1.1904761904761905,1.0,1.0
ZN.v.0,action,hike,spread_ticks,-54,21.0,1.3333333333333333,1.0,1.0
ZN.v.0,action,hike,spread_ticks,-53,21.0,1.3333333333333333,1.0,1.0
ZN.v.0,action,hike,spread_ticks,-52,21.0,1.1904761904761905,1.0,1.0
ZN.v.0,action,hike,spread_ticks,-51,21.0,1.2380952380952381,1.0,1.0
ZN.v.0,action,hike,spread_ticks,-50,21.0,1.2857142857142858,1.0,1.0
ZN.v.0,action,hike,spread_ticks,-49,21.0,1.2857142857142858,1.0,1.0
ZN.v.0,action,hike,spread_ticks,-48,21.0,1.2857142857142858,1.0,1.0
ZN.v.0,action,hike,spread_ticks,-47,21.0,1.380952380952381,1.0,2.0
ZN.v.0,action,hike,spread_ticks,-46,21.0,1.380952380952381,1.0,2.0
ZN.v.0,action,hike,spread_ticks,-45,21.0,1.4285714285714286,1.0,2.0
ZN.v.0,action,hike,spread_ticks,-44,21.0,1.2380952380952381,1.0,1.0
ZN.v.0,action,hike,spread_ticks,-43,21.0,1.2380952380952381,1.0,1.0
ZN.v.0,action,hike,spread_ticks,-42,21.0,1.380952380952381,1.0,2.0
ZN.v.0,action,hike,spread_ticks,-41,21.0,1.4285714285714286,1.0,2.0
ZN.v.0,action,hike,spread_ticks,-40,21.0,1.4761904761904763,1.0,2.0
ZN.v.0,action,hike,spread_ticks,-39,21.0,1.380952380952381,1.0,2.0
ZN.v.0,action,hike,spread_ticks,-38,21.0,1.380952380952381,1.0,2.0
ZN.v.0,action,hike,spread_ticks,-37,21.0,1.4285714285714286,1.0,2.0
ZN.v.0,action,hike,spread_ticks,-36,21.0,1.3333333333333333,1.0,2.0
ZN.v.0,action,hike,spread_ticks,-35,21.0,1.1428571428571428,1.0,1.0
ZN.v.0,action,hike,spread_ticks,-34,21.0,1.3333333333333333,1.0,2.0
ZN.v.0,action,hike,spread_ticks,-33,21.0,1.2857142857142858,1.0,1.0
ZN.v.0,action,hike,spread_ticks,-32,21.0,1.1904761904761905,1.0,1.0
ZN.v.0,action,hike,spread_ticks,-31,21.0,1.0952380952380953,1.0,1.0
ZN.v.0,action,hike,spread_ticks,-30,21.0,1.1428571428571428,1.0,1.0
ZN.v.0,action,hike,spread_ticks,-29,21.0,1.1904761904761905,1.0,1.0
ZN.v.0,action,hike,spread_ticks,-28,21.0,1.3333333333333333,1.0,1.0
ZN.v.0,action,hike,spread_ticks,-27,21.0,1.2857142857142858,1.0,2.0
ZN.v.0,action,hike,spread_ticks,-26,21.0,1.4761904761904763,1.0,2.0
ZN.v.0,action,hike,spread_ticks,-25,21.0,1.4761904761904763,1.0,2.0
ZN.v.0,action,hike,spread_ticks,-24,21.0,1.5238095238095237,1.0,2.0
ZN.v.0,action,hike,spread_ticks,-23,21.0,1.3333333333333333,1.0,2.0
ZN.v.0,action,hike,spread_ticks,-22,21.0,1.5238095238095237,1.0,2.0
ZN.v.0,action,hike,spread_ticks,-21,21.0,1.4761904761904763,1.0,2.0
ZN.v.0,action,hike,spread_ticks,-20,21.0,1.380952380952381,1.0,2.0
ZN.v.0,action,hike,spread_ticks,-19,21.0,1.2857142857142858,1.0,2.0
ZN.v.0,action,hike,spread_ticks,-18,21.0,1.2380952380952381,1.0,1.0
ZN.v.0,action,hike,spread_ticks,-17,21.0,1.380952380952381,1.0,2.0
ZN.v.0,action,hike,spread_ticks,-16,21.0,1.4285714285714286,1.0,2.0
ZN.v.0,action,hike,spread_ticks,-15,21.0,1.4761904761904763,1.0,2.0
ZN.v.0,action,hike,spread_ticks,-14,21.0,1.5238095238095237,1.0,2.0
ZN.v.0,action,hike,spread_ticks,-13,21.0,1.5238095238095237,1.0,2.0
ZN.v.0,action,hike,spread_ticks,-12,21.0,1.4761904761904763,1.0,2.0
ZN.v.0,action,hike,spread_ticks,-11,21.0,1.4761904761904763,1.0,2.0
ZN.v.0,action,hike,spread_ticks,-10,21.0,1.5238095238095237,1.0,2.0
ZN.v.0,action,hike,spread_ticks,-9,21.0,1.619047619047619,1.0,2.0
ZN.v.0,action,hike,spread_ticks,-8,21.0,1.5714285714285714,1.0,2.0
ZN.v.0,action,hike,spread_ticks,-7,21.0,1.5714285714285714,1.0,2.0
ZN.v.0,action,hike,spread_ticks,-6,21.0,1.5238095238095237,1.0,2.0
ZN.v.0,action,hike,spread_ticks,-5,21.0,1.7142857142857142,1.0,2.0
ZN.v.0,action,hike,spread_ticks,-4,21.0,1.619047619047619,1.0,2.0
ZN.v.0,action,hike,spread_ticks,-3,21.0,1.6666666666666667,1.0,2.0
ZN.v.0,action,hike,spread_ticks,-2,21.0,1.7619047619047619,1.0,2.0
ZN.v.0,action,hike,spread_ticks,-1,21.0,1.7619047619047619,1.0,2.0
ZN.v.0,action,hike,spread_ticks,0,21.0,1.8571428571428572,1.0,2.0
ZN.v.0,action,hike,spread_ticks,1,21.0,1.9523809523809523,1.0,2.0
ZN.v.0,action,hike,spread_ticks,2,21.0,2.0,1.0,2.0
ZN.v.0,action,hike,spread_ticks,3,21.0,2.238095238095238,2.0,3.0
ZN.v.0,action,hike,spread_ticks,4,21.0,2.2857142857142856,1.0,3.0
ZN.v.0,action,hike,spread_ticks,5,21.0,2.4285714285714284,2.0,3.0
ZN.v.0,action,hike,spread_ticks,6,21.0,1.9523809523809523,1.0,2.0
ZN.v.0,action,hike,spread_ticks,7,21.0,1.9047619047619047,1.0,2.0
ZN.v.0,action,hike,spread_ticks,8,21.0,1.7142857142857142,1.0,2.0
ZN.v.0,action,hike,spread_ticks,9,21.0,1.7142857142857142,1.0,2.0
ZN.v.0,action,hike,spread_ticks,10,21.0,1.9047619047619047,1.0,2.0
ZN.v.0,action,hike,spread_ticks,11,21.0,1.7142857142857142,1.0,2.0
ZN.v.0,action,hike,spread_ticks,12,21.0,1.380952380952381,1.0,2.0
ZN.v.0,action,hike,spread_ticks,13,21.0,1.4761904761904763,1.0,2.0
ZN.v.0,action,hike,spread_ticks,14,21.0,1.3333333333333333,1.0,2.0
ZN.v.0,action,hike,spread_ticks,15,21.0,1.4285714285714286,1.0,2.0
ZN.v.0,action,hike,spread_ticks,16,21.0,1.3333333333333333,1.0,1.0
ZN.v.0,action,hike,spread_ticks,17,21.0,1.2857142857142858,1.0,2.0
ZN.v.0,action,hike,spread_ticks,18,21.0,1.2857142857142858,1.0,2.0
ZN.v.0,action,hike,spread_ticks,19,21.0,1.380952380952381,1.0,2.0
ZN.v.0,action,hike,spread_ticks,20,21.0,1.2380952380952381,1.0,1.0
ZN.v.0,action,hike,spread_ticks,21,21.0,1.1904761904761905,1.0,1.0
ZN.v.0,action,hike,spread_ticks,22,21.0,1.1904761904761905,1.0,1.0
ZN.v.0,action,hike,spread_ticks,23,21.0,1.1904761904761905,1.0,1.0
ZN.v.0,action,hike,spread_ticks,24,21.0,1.1904761904761905,1.0,1.0
ZN.v.0,action,hike,spread_ticks,25,21.0,1.2380952380952381,1.0,1.0
ZN.v.0,action,hike,spread_ticks,26,21.0,1.2857142857142858,1.0,2.0
ZN.v.0,action,hike,spread_ticks,27,21.0,1.0476190476190477,1.0,1.0
ZN.v.0,action,hike,spread_ticks,28,21.0,1.0952380952380953,1.0,1.0
ZN.v.0,action,hike,spread_ticks,29,21.0,1.2857142857142858,1.0,2.0
ZN.v.0,action,hike,spread_ticks,30,21.0,1.2380952380952381,1.0,1.0
ZN.v.0,action,hike,spread_ticks,31,21.0,1.1904761904761905,1.0,1.0
ZN.v.0,action,hike,spread_ticks,32,21.0,1.2380952380952381,1.0,1.0
ZN.v.0,action,hike,spread_ticks,33,21.0,1.1904761904761905,1.0,1.0
ZN.v.0,action,hike,spread_ticks,34,21.0,1.1428571428571428,1.0,1.0
ZN.v.0,action,hike,spread_ticks,35,21.0,1.1904761904761905,1.0,1.0
ZN.v.0,action,hike,spread_ticks,36,21.0,1.0952380952380953,1.0,1.0
ZN.v.0,action,hike,spread_ticks,37,21.0,1.2380952380952381,1.0,1.0
ZN.v.0,action,hike,spread_ticks,38,21.0,1.0476190476190477,1.0,1.0
ZN.v.0,action,hike,spread_ticks,39,21.0,1.0476190476190477,1.0,1.0
ZN.v.0,action,hike,spread_ticks,40,21.0,1.1428571428571428,1.0,1.0
ZN.v.0,action,hike,spread_ticks,41,21.0,1.1428571428571428,1.0,1.0
ZN.v.0,action,hike,spread_ticks,42,21.0,1.1904761904761905,1.0,1.0
ZN.v.0,action,hike,spread_ticks,43,21.0,1.0,1.0,1.0
ZN.v.0,action,hike,spread_ticks,44,21.0,1.1428571428571428,1.0,1.0
ZN.v.0,action,hike,spread_ticks,45,21.0,1.2380952380952381,1.0,1.0
ZN.v.0,action,hike,spread_ticks,46,21.0,1.1904761904761905,1.0,1.0
ZN.v.0,action,hike,spread_ticks,47,21.0,1.0476190476190477,1.0,1.0
ZN.v.0,action,hike,spread_ticks,48,21.0,1.0476190476190477,1.0,1.0
ZN.v.0,action,hike,spread_ticks,49,21.0,1.0476190476190477,1.0,1.0
ZN.v.0,action,hike,spread_ticks,50,21.0,1.0476190476190477,1.0,1.0
ZN.v.0,action,hike,spread_ticks,51,21.0,1.0476190476190477,1.0,1.0
ZN.v.0,action,hike,spread_ticks,52,21.0,1.1428571428571428,1.0,1.0
ZN.v.0,action,hike,spread_ticks,53,21.0,1.1428571428571428,1.0,1.0
ZN.v.0,action,hike,spread_ticks,54,21.0,1.0952380952380953,1.0,1.0
ZN.v.0,action,hike,spread_ticks,55,21.0,1.0952380952380953,1.0,1.0
ZN.v.0,action,hike,spread_ticks,56,21.0,1.0476190476190477,1.0,1.0
ZN.v.0,action,hike,spread_ticks,57,21.0,1.0476190476190477,1.0,1.0
ZN.v.0,action,hike,spread_ticks,58,21.0,1.0952380952380953,1.0,1.0
ZN.v.0,action,hike,spread_ticks,59,21.0,1.0952380952380953,1.0,1.0
ZN.v.0,action,hike,spread_ticks,60,21.0,1.1428571428571428,1.0,1.0
ZN.v.0,action,hike,spread_ticks,61,21.0,1.1904761904761905,1.0,1.0
ZN.v.0,action,hike,spread_ticks,62,21.0,1.0952380952380953,1.0,1.0
ZN.v.0,action,hike,spread_ticks,63,21.0,1.2380952380952381,1.0,1.0
ZN.v.0,action,hike,spread_ticks,64,21.0,1.1428571428571428,1.0,1.0
ZN.v.0,action,hike,spread_ticks,65,21.0,1.0476190476190477,1.0,1.0
ZN.v.0,action,hike,spread_ticks,66,21.0,1.0952380952380953,1.0,1.0
ZN.v.0,action,hike,spread_ticks,67,21.0,1.0476190476190477,1.0,1.0
ZN.v.0,action,hike,spread_ticks,68,21.0,1.0476190476190477,1.0,1.0
ZN.v.0,action,hike,spread_ticks,69,21.0,1.0476190476190477,1.0,1.0
ZN.v.0,action,hike,spread_ticks,70,21.0,1.0952380952380953,1.0,1.0
ZN.v.0,action,hike,spread_ticks,71,21.0,1.0476190476190477,1.0,1.0
ZN.v.0,action,hike,spread_ticks,72,21.0,1.1428571428571428,1.0,1.0
ZN.v.0,action,hike,spread_ticks,73,21.0,1.0952380952380953,1.0,1.0
ZN.v.0,action,hike,spread_ticks,74,21.0,1.0476190476190477,1.0,1.0
ZN.v.0,action,hike,spread_ticks,75,21.0,1.0476190476190477,1.0,1.0
ZN.v.0,action,hike,spread_ticks,76,21.0,1.0476190476190477,1.0,1.0
ZN.v.0,action,hike,spread_ticks,77,21.0,1.0476190476190477,1.0,1.0
ZN.v.0,action,hike,spread_ticks,78,21.0,1.0476190476190477,1.0,1.0
ZN.v.0,action,hike,spread_ticks,79,21.0,1.0476190476190477,1.0,1.0
ZN.v.0,action,hike,spread_ticks,80,21.0,1.0476190476190477,1.0,1.0
ZN.v.0,action,hike,spread_ticks,81,21.0,1.0476190476190477,1.0,1.0
ZN.v.0,action,hike,spread_ticks,82,21.0,1.0,1.0,1.0
ZN.v.0,action,hike,spread_ticks,83,21.0,1.0,1.0,1.0
ZN.v.0,action,hike,spread_ticks,84,21.0,1.0,1.0,1.0
ZN.v.0,action,hike,spread_ticks,85,21.0,1.0,1.0,1.0
ZN.v.0,action,hike,spread_ticks,86,21.0,1.0476190476190477,1.0,1.0
ZN.v.0,action,hike,spread_ticks,87,21.0,1.0,1.0,1.0
ZN.v.0,action,hike,spread_ticks,88,21.0,1.0476190476190477,1.0,1.0
ZN.v.0,action,hike,spread_ticks,89,21.0,1.0,1.0,1.0
ZN.v.0,action,hike,spread_ticks,90,21.0,1.0952380952380953,1.0,1.0
ZN.v.0,action,hike,spread_ticks,91,21.0,1.0952380952380953,1.0,1.0
ZN.v.0,action,hike,spread_ticks,92,21.0,1.0476190476190477,1.0,1.0
ZN.v.0,action,hike,spread_ticks,93,21.0,1.0476190476190477,1.0,1.0
ZN.v.0,action,hike,spread_ticks,94,21.0,1.0,1.0,1.0
ZN.v.0,action,hike,spread_ticks,95,21.0,1.0,1.0,1.0
ZN.v.0,action,hike,spread_ticks,96,21.0,1.0952380952380953,1.0,1.0
ZN.v.0,action,hike,spread_ticks,97,21.0,1.0476190476190477,1.0,1.0
ZN.v.0,action,hike,spread_ticks,98,21.0,1.0476190476190477,1.0,1.0
ZN.v.0,action,hike,spread_ticks,99,21.0,1.0,1.0,1.0
ZN.v.0,action,hike,spread_ticks,100,21.0,1.1904761904761905,1.0,1.0
ZN.v.0,action,hike,spread_ticks,101,21.0,1.0476190476190477,1.0,1.0
ZN.v.0,action,hike,spread_ticks,102,21.0,1.0952380952380953,1.0,1.0
ZN.v.0,action,hike,spread_ticks,103,21.0,1.0952380952380953,1.0,1.0
ZN.v.0,action,hike,spread_ticks,104,21.0,1.0,1.0,1.0
ZN.v.0,action,hike,spread_ticks,105,21.0,1.0952380952380953,1.0,1.0
ZN.v.0,action,hike,spread_ticks,106,21.0,1.0476190476190477,1.0,1.0
ZN.v.0,action,hike,spread_ticks,107,21.0,1.0952380952380953,1.0,1.0
ZN.v.0,action,hike,spread_ticks,108,21.0,1.0476190476190477,1.0,1.0
ZN.v.0,action,hike,spread_ticks,109,21.0,1.0,1.0,1.0
ZN.v.0,action,hike,spread_ticks,110,21.0,1.0952380952380953,1.0,1.0
ZN.v.0,action,hike,spread_ticks,111,21.0,1.0476190476190477,1.0,1.0
ZN.v.0,action,hike,spread_ticks,112,21.0,1.0,1.0,1.0
ZN.v.0,action,hike,spread_ticks,113,21.0,1.0,1.0,1.0
ZN.v.0,action,hike,spread_ticks,114,21.0,1.0952380952380953,1.0,1.0
ZN.v.0,action,hike,spread_ticks,115,21.0,1.0476190476190477,1.0,1.0
ZN.v.0,action,hike,spread_ticks,116,21.0,1.0476190476190477,1.0,1.0
ZN.v.0,action,hike,spread_ticks,117,21.0,1.0476190476190477,1.0,1.0
ZN.v.0,action,hike,spread_ticks,118,21.0,1.0476190476190477,1.0,1.0
ZN.v.0,action,hike,spread_ticks,119,21.0,1.0952380952380953,1.0,1.0
ZN.v.0,action,hike,spread_ticks,120,21.0,1.1428571428571428,1.0,1.0
ZN.v.0,action,hold,spread_ticks,-60,63.0,1.1587301587301588,1.0,1.0
ZN.v.0,action,hold,spread_ticks,-59,63.0,1.1428571428571428,1.0,1.0
ZN.v.0,action,hold,spread_ticks,-58,63.0,1.1587301587301588,1.0,1.0
ZN.v.0,action,hold,spread_ticks,-57,63.0,1.1428571428571428,1.0,1.0
ZN.v.0,action,hold,spread_ticks,-56,63.0,1.1111111111111112,1.0,1.0
ZN.v.0,action,hold,spread_ticks,-55,63.0,1.1111111111111112,1.0,1.0
ZN.v.0,action,hold,spread_ticks,-54,63.0,1.1111111111111112,1.0,1.0
ZN.v.0,action,hold,spread_ticks,-53,63.0,1.126984126984127,1.0,1.0
ZN.v.0,action,hold,spread_ticks,-52,63.0,1.126984126984127,1.0,1.0
ZN.v.0,action,hold,spread_ticks,-51,63.0,1.1111111111111112,1.0,1.0
ZN.v.0,action,hold,spread_ticks,-50,63.0,1.0952380952380953,1.0,1.0
ZN.v.0,action,hold,spread_ticks,-49,63.0,1.0793650793650793,1.0,1.0
ZN.v.0,action,hold,spread_ticks,-48,63.0,1.0952380952380953,1.0,1.0
ZN.v.0,action,hold,spread_ticks,-47,63.0,1.126984126984127,1.0,1.0
ZN.v.0,action,hold,spread_ticks,-46,63.0,1.1428571428571428,1.0,1.0
ZN.v.0,action,hold,spread_ticks,-45,63.0,1.126984126984127,1.0,1.0
ZN.v.0,action,hold,spread_ticks,-44,63.0,1.126984126984127,1.0,1.0
ZN.v.0,action,hold,spread_ticks,-43,63.0,1.0952380952380953,1.0,1.0
ZN.v.0,action,hold,spread_ticks,-42,63.0,1.1587301587301588,1.0,1.0
ZN.v.0,action,hold,spread_ticks,-41,63.0,1.1587301587301588,1.0,1.0
ZN.v.0,action,hold,spread_ticks,-40,63.0,1.0952380952380953,1.0,1.0
ZN.v.0,action,hold,spread_ticks,-39,63.0,1.1111111111111112,1.0,1.0
ZN.v.0,action,hold,spread_ticks,-38,63.0,1.1428571428571428,1.0,1.0
ZN.v.0,action,hold,spread_ticks,-37,63.0,1.1111111111111112,1.0,1.0
ZN.v.0,action,hold,spread_ticks,-36,63.0,1.1428571428571428,1.0,1.0
ZN.v.0,action,hold,spread_ticks,-35,63.0,1.1587301587301588,1.0,1.0
ZN.v.0,action,hold,spread_ticks,-34,63.0,1.1746031746031746,1.0,1.0
ZN.v.0,action,hold,spread_ticks,-33,63.0,1.1111111111111112,1.0,1.0
ZN.v.0,action,hold,spread_ticks,-32,63.0,1.0793650793650793,1.0,1.0
ZN.v.0,action,hold,spread_ticks,-31,63.0,1.126984126984127,1.0,1.0
ZN.v.0,action,hold,spread_ticks,-30,63.0,1.1428571428571428,1.0,1.0
ZN.v.0,action,hold,spread_ticks,-29,63.0,1.1904761904761905,1.0,1.0
ZN.v.0,action,hold,spread_ticks,-28,63.0,1.0952380952380953,1.0,1.0
ZN.v.0,action,hold,spread_ticks,-27,63.0,1.1111111111111112,1.0,1.0
ZN.v.0,action,hold,spread_ticks,-26,63.0,1.1587301587301588,1.0,1.0
ZN.v.0,action,hold,spread_ticks,-25,63.0,1.1428571428571428,1.0,1.0
ZN.v.0,action,hold,spread_ticks,-24,63.0,1.1587301587301588,1.0,1.0
ZN.v.0,action,hold,spread_ticks,-23,63.0,1.1746031746031746,1.0,1.0
ZN.v.0,action,hold,spread_ticks,-22,63.0,1.0952380952380953,1.0,1.0
ZN.v.0,action,hold,spread_ticks,-21,63.0,1.1428571428571428,1.0,1.0
ZN.v.0,action,hold,spread_ticks,-20,63.0,1.1587301587301588,1.0,1.0
ZN.v.0,action,hold,spread_ticks,-19,63.0,1.1428571428571428,1.0,1.0
ZN.v.0,action,hold,spread_ticks,-18,63.0,1.1428571428571428,1.0,1.0
ZN.v.0,action,hold,spread_ticks,-17,63.0,1.1746031746031746,1.0,1.0
ZN.v.0,action,hold,spread_ticks,-16,63.0,1.2698412698412698,1.0,1.0
ZN.v.0,action,hold,spread_ticks,-15,63.0,1.2063492063492063,1.0,1.0
ZN.v.0,action,hold,spread_ticks,-14,63.0,1.1904761904761905,1.0,1.0
ZN.v.0,action,hold,spread_ticks,-13,63.0,1.2380952380952381,1.0,1.0
ZN.v.0,action,hold,spread_ticks,-12,63.0,1.2698412698412698,1.0,1.0
ZN.v.0,action,hold,spread_ticks,-11,63.0,1.253968253968254,1.0,1.0
ZN.v.0,action,hold,spread_ticks,-10,63.0,1.1904761904761905,1.0,1.0
ZN.v.0,action,hold,spread_ticks,-9,63.0,1.2063492063492063,1.0,1.0
ZN.v.0,action,hold,spread_ticks,-8,63.0,1.2380952380952381,1.0,1.0
ZN.v.0,action,hold,spread_ticks,-7,63.0,1.253968253968254,1.0,1.0
ZN.v.0,action,hold,spread_ticks,-6,63.0,1.2857142857142858,1.0,1.0
ZN.v.0,action,hold,spread_ticks,-5,63.0,1.3492063492063493,1.0,2.0
ZN.v.0,action,hold,spread_ticks,-4,63.0,1.380952380952381,1.0,2.0
ZN.v.0,action,hold,spread_ticks,-3,63.0,1.3650793650793651,1.0,2.0
ZN.v.0,action,hold,spread_ticks,-2,63.0,1.3174603174603174,1.0,2.0
ZN.v.0,action,hold,spread_ticks,-1,63.0,1.4444444444444444,1.0,2.0
ZN.v.0,action,hold,spread_ticks,0,63.0,1.5714285714285714,1.0,2.0
ZN.v.0,action,hold,spread_ticks,1,63.0,1.7777777777777777,1.0,2.0
ZN.v.0,action,hold,spread_ticks,2,63.0,2.0634920634920637,1.0,2.0
ZN.v.0,action,hold,spread_ticks,3,63.0,1.9047619047619047,1.0,2.0
ZN.v.0,action,hold,spread_ticks,4,63.0,1.5873015873015872,1.0,2.0
ZN.v.0,action,hold,spread_ticks,5,63.0,1.5238095238095237,1.0,2.0
ZN.v.0,action,hold,spread_ticks,6,63.0,1.507936507936508,1.0,2.0
ZN.v.0,action,hold,spread_ticks,7,63.0,1.253968253968254,1.0,1.0
ZN.v.0,action,hold,spread_ticks,8,63.0,1.3015873015873016,1.0,2.0
ZN.v.0,action,hold,spread_ticks,9,63.0,1.2857142857142858,1.0,1.0
ZN.v.0,action,hold,spread_ticks,10,63.0,1.253968253968254,1.0,1.0
ZN.v.0,action,hold,spread_ticks,11,63.0,1.2063492063492063,1.0,1.0
ZN.v.0,action,hold,spread_ticks,12,63.0,1.1904761904761905,1.0,1.0
ZN.v.0,action,hold,spread_ticks,13,63.0,1.2222222222222223,1.0,1.0
ZN.v.0,action,hold,spread_ticks,14,63.0,1.1587301587301588,1.0,1.0
ZN.v.0,action,hold,spread_ticks,15,63.0,1.1746031746031746,1.0,1.0
ZN.v.0,action,hold,spread_ticks,16,63.0,1.2698412698412698,1.0,1.0
ZN.v.0,action,hold,spread_ticks,17,63.0,1.1746031746031746,1.0,1.0
ZN.v.0,action,hold,spread_ticks,18,63.0,1.1746031746031746,1.0,1.0
ZN.v.0,action,hold,spread_ticks,19,63.0,1.1428571428571428,1.0,1.0
ZN.v.0,action,hold,spread_ticks,20,63.0,1.1746031746031746,1.0,1.0
ZN.v.0,action,hold,spread_ticks,21,63.0,1.1428571428571428,1.0,1.0
ZN.v.0,action,hold,spread_ticks,22,63.0,1.0634920634920635,1.0,1.0
ZN.v.0,action,hold,spread_ticks,23,63.0,1.126984126984127,1.0,1.0
ZN.v.0,action,hold,spread_ticks,24,63.0,1.1111111111111112,1.0,1.0
ZN.v.0,action,hold,spread_ticks,25,63.0,1.0476190476190477,1.0,1.0
ZN.v.0,action,hold,spread_ticks,26,63.0,1.0634920634920635,1.0,1.0
ZN.v.0,action,hold,spread_ticks,27,63.0,1.0793650793650793,1.0,1.0
ZN.v.0,action,hold,spread_ticks,28,63.0,1.0634920634920635,1.0,1.0
ZN.v.0,action,hold,spread_ticks,29,63.0,1.0634920634920635,1.0,1.0
ZN.v.0,action,hold,spread_ticks,30,63.0,1.1428571428571428,1.0,1.0
ZN.v.0,action,hold,spread_ticks,31,63.0,1.0634920634920635,1.0,1.0
ZN.v.0,action,hold,spread_ticks,32,63.0,1.1111111111111112,1.0,1.0
ZN.v.0,action,hold,spread_ticks,33,63.0,1.0476190476190477,1.0,1.0
ZN.v.0,action,hold,spread_ticks,34,63.0,1.0634920634920635,1.0,1.0
ZN.v.0,action,hold,spread_ticks,35,63.0,1.0793650793650793,1.0,1.0
ZN.v.0,action,hold,spread_ticks,36,63.0,1.0793650793650793,1.0,1.0
ZN.v.0,action,hold,spread_ticks,37,63.0,1.0952380952380953,1.0,1.0
ZN.v.0,action,hold,spread_ticks,38,63.0,1.0952380952380953,1.0,1.0
ZN.v.0,action,hold,spread_ticks,39,63.0,1.0793650793650793,1.0,1.0
ZN.v.0,action,hold,spread_ticks,40,63.0,1.0634920634920635,1.0,1.0
ZN.v.0,action,hold,spread_ticks,41,63.0,1.0158730158730158,1.0,1.0
ZN.v.0,action,hold,spread_ticks,42,63.0,1.0793650793650793,1.0,1.0
ZN.v.0,action,hold,spread_ticks,43,63.0,1.0793650793650793,1.0,1.0
ZN.v.0,action,hold,spread_ticks,44,63.0,1.0476190476190477,1.0,1.0
ZN.v.0,action,hold,spread_ticks,45,63.0,1.0158730158730158,1.0,1.0
ZN.v.0,action,hold,spread_ticks,46,63.0,1.0317460317460319,1.0,1.0
ZN.v.0,action,hold,spread_ticks,47,63.0,1.0476190476190477,1.0,1.0
ZN.v.0,action,hold,spread_ticks,48,63.0,1.0476190476190477,1.0,1.0
ZN.v.0,action,hold,spread_ticks,49,63.0,1.0158730158730158,1.0,1.0
ZN.v.0,action,hold,spread_ticks,50,63.0,1.0476190476190477,1.0,1.0
ZN.v.0,action,hold,spread_ticks,51,63.0,1.0476190476190477,1.0,1.0
ZN.v.0,action,hold,spread_ticks,52,63.0,1.0317460317460319,1.0,1.0
ZN.v.0,action,hold,spread_ticks,53,63.0,1.0158730158730158,1.0,1.0
ZN.v.0,action,hold,spread_ticks,54,63.0,1.0,1.0,1.0
ZN.v.0,action,hold,spread_ticks,55,63.0,1.0,1.0,1.0
ZN.v.0,action,hold,spread_ticks,56,63.0,1.0,1.0,1.0
ZN.v.0,action,hold,spread_ticks,57,63.0,1.0158730158730158,1.0,1.0
ZN.v.0,action,hold,spread_ticks,58,63.0,1.0317460317460319,1.0,1.0
ZN.v.0,action,hold,spread_ticks,59,63.0,1.0158730158730158,1.0,1.0
ZN.v.0,action,hold,spread_ticks,60,63.0,1.0317460317460319,1.0,1.0
ZN.v.0,action,hold,spread_ticks,61,63.0,1.0317460317460319,1.0,1.0
ZN.v.0,action,hold,spread_ticks,62,63.0,1.0,1.0,1.0
ZN.v.0,action,hold,spread_ticks,63,63.0,1.0476190476190477,1.0,1.0
ZN.v.0,action,hold,spread_ticks,64,63.0,1.0158730158730158,1.0,1.0
ZN.v.0,action,hold,spread_ticks,65,63.0,1.0,1.0,1.0
ZN.v.0,action,hold,spread_ticks,66,63.0,1.0,1.0,1.0
ZN.v.0,action,hold,spread_ticks,67,63.0,1.0158730158730158,1.0,1.0
ZN.v.0,action,hold,spread_ticks,68,63.0,1.0158730158730158,1.0,1.0
ZN.v.0,action,hold,spread_ticks,69,63.0,1.0,1.0,1.0
ZN.v.0,action,hold,spread_ticks,70,63.0,1.0317460317460319,1.0,1.0
ZN.v.0,action,hold,spread_ticks,71,63.0,1.0317460317460319,1.0,1.0
ZN.v.0,action,hold,spread_ticks,72,63.0,1.0,1.0,1.0
ZN.v.0,action,hold,spread_ticks,73,63.0,1.0158730158730158,1.0,1.0
ZN.v.0,action,hold,spread_ticks,74,63.0,1.0,1.0,1.0
ZN.v.0,action,hold,spread_ticks,75,63.0,1.0158730158730158,1.0,1.0
ZN.v.0,action,hold,spread_ticks,76,63.0,1.0,1.0,1.0
ZN.v.0,action,hold,spread_ticks,77,63.0,1.0158730158730158,1.0,1.0
ZN.v.0,action,hold,spread_ticks,78,63.0,1.0,1.0,1.0
ZN.v.0,action,hold,spread_ticks,79,63.0,1.0158730158730158,1.0,1.0
ZN.v.0,action,hold,spread_ticks,80,63.0,1.0317460317460319,1.0,1.0
ZN.v.0,action,hold,spread_ticks,81,63.0,1.0,1.0,1.0
ZN.v.0,action,hold,spread_ticks,82,63.0,1.0,1.0,1.0
ZN.v.0,action,hold,spread_ticks,83,63.0,1.0158730158730158,1.0,1.0
ZN.v.0,action,hold,spread_ticks,84,63.0,1.0158730158730158,1.0,1.0
ZN.v.0,action,hold,spread_ticks,85,63.0,1.0158730158730158,1.0,1.0
ZN.v.0,action,hold,spread_ticks,86,63.0,1.0158730158730158,1.0,1.0
ZN.v.0,action,hold,spread_ticks,87,63.0,1.0317460317460319,1.0,1.0
ZN.v.0,action,hold,spread_ticks,88,63.0,1.0158730158730158,1.0,1.0
ZN.v.0,action,hold,spread_ticks,89,63.0,1.0317460317460319,1.0,1.0
ZN.v.0,action,hold,spread_ticks,90,63.0,1.0,1.0,1.0
ZN.v.0,action,hold,spread_ticks,91,63.0,1.0158730158730158,1.0,1.0
ZN.v.0,action,hold,spread_ticks,92,63.0,1.0,1.0,1.0
ZN.v.0,action,hold,spread_ticks,93,63.0,1.0,1.0,1.0
ZN.v.0,action,hold,spread_ticks,94,63.0,1.0,1.0,1.0
ZN.v.0,action,hold,spread_ticks,95,63.0,1.0,1.0,1.0
ZN.v.0,action,hold,spread_ticks,96,63.0,1.0317460317460319,1.0,1.0
ZN.v.0,action,hold,spread_ticks,97,63.0,1.0,1.0,1.0
ZN.v.0,action,hold,spread_ticks,98,63.0,1.0158730158730158,1.0,1.0
ZN.v.0,action,hold,spread_ticks,99,63.0,1.0,1.0,1.0
ZN.v.0,action,hold,spread_ticks,100,63.0,1.0,1.0,1.0
ZN.v.0,action,hold,spread_ticks,101,63.0,1.0,1.0,1.0
ZN.v.0,action,hold,spread_ticks,102,63.0,1.0,1.0,1.0
ZN.v.0,action,hold,spread_ticks,103,63.0,1.0158730158730158,1.0,1.0
ZN.v.0,action,hold,spread_ticks,104,63.0,1.0,1.0,1.0
ZN.v.0,action,hold,spread_ticks,105,63.0,1.0158730158730158,1.0,1.0
ZN.v.0,action,hold,spread_ticks,106,63.0,1.0158730158730158,1.0,1.0
ZN.v.0,action,hold,spread_ticks,107,63.0,1.0158730158730158,1.0,1.0
ZN.v.0,action,hold,spread_ticks,108,63.0,1.0,1.0,1.0
ZN.v.0,action,hold,spread_ticks,109,63.0,1.0317460317460319,1.0,1.0
ZN.v.0,action,hold,spread_ticks,110,63.0,1.0,1.0,1.0
ZN.v.0,action,hold,spread_ticks,111,63.0,1.0158730158730158,1.0,1.0
ZN.v.0,action,hold,spread_ticks,112,63.0,1.0,1.0,1.0
ZN.v.0,action,hold,spread_ticks,113,63.0,1.0,1.0,1.0
ZN.v.0,action,hold,spread_ticks,114,63.0,1.0,1.0,1.0
ZN.v.0,action,hold,spread_ticks,115,63.0,1.0,1.0,1.0
ZN.v.0,action,hold,spread_ticks,116,63.0,1.0158730158730158,1.0,1.0
ZN.v.0,action,hold,spread_ticks,117,63.0,1.0,1.0,1.0
ZN.v.0,action,hold,spread_ticks,118,63.0,1.0,1.0,1.0
ZN.v.0,action,hold,spread_ticks,119,63.0,1.0,1.0,1.0
ZN.v.0,action,hold,spread_ticks,120,63.0,1.0158730158730158,1.0,1.0
ZN.v.0,action_x_surprise,cut|large,spread_ticks,-60,4.0,1.25,1.0,1.25
ZN.v.0,action_x_surprise,cut|large,spread_ticks,-59,4.0,1.25,1.0,1.25
ZN.v.0,action_x_surprise,cut|large,spread_ticks,-58,4.0,1.25,1.0,1.25
ZN.v.0,action_x_surprise,cut|large,spread_ticks,-57,4.0,1.0,1.0,1.0
ZN.v.0,action_x_surprise,cut|large,spread_ticks,-56,4.0,1.0,1.0,1.0
ZN.v.0,action_x_surprise,cut|large,spread_ticks,-55,4.0,1.0,1.0,1.0
ZN.v.0,action_x_surprise,cut|large,spread_ticks,-54,4.0,1.0,1.0,1.0
ZN.v.0,action_x_surprise,cut|large,spread_ticks,-53,4.0,1.0,1.0,1.0
ZN.v.0,action_x_surprise,cut|large,spread_ticks,-52,4.0,1.0,1.0,1.0
ZN.v.0,action_x_surprise,cut|large,spread_ticks,-51,4.0,1.0,1.0,1.0
ZN.v.0,action_x_surprise,cut|large,spread_ticks,-50,4.0,1.0,1.0,1.0
ZN.v.0,action_x_surprise,cut|large,spread_ticks,-49,4.0,1.0,1.0,1.0
ZN.v.0,action_x_surprise,cut|large,spread_ticks,-48,4.0,1.0,1.0,1.0
ZN.v.0,action_x_surprise,cut|large,spread_ticks,-47,4.0,1.0,1.0,1.0
ZN.v.0,action_x_surprise,cut|large,spread_ticks,-46,4.0,1.0,1.0,1.0
ZN.v.0,action_x_surprise,cut|large,spread_ticks,-45,4.0,1.0,1.0,1.0
ZN.v.0,action_x_surprise,cut|large,spread_ticks,-44,4.0,1.0,1.0,1.0
ZN.v.0,action_x_surprise,cut|large,spread_ticks,-43,4.0,1.0,1.0,1.0
ZN.v.0,action_x_surprise,cut|large,spread_ticks,-42,4.0,1.0,1.0,1.0
ZN.v.0,action_x_surprise,cut|large,spread_ticks,-41,4.0,1.0,1.0,1.0
ZN.v.0,action_x_surprise,cut|large,spread_ticks,-40,4.0,1.0,1.0,1.0
ZN.v.0,action_x_surprise,cut|large,spread_ticks,-39,4.0,1.0,1.0,1.0
ZN.v.0,action_x_surprise,cut|large,spread_ticks,-38,4.0,1.0,1.0,1.0
ZN.v.0,action_x_surprise,cut|large,spread_ticks,-37,4.0,1.0,1.0,1.0
ZN.v.0,action_x_surprise,cut|large,spread_ticks,-36,4.0,1.0,1.0,1.0
ZN.v.0,action_x_surprise,cut|large,spread_ticks,-35,4.0,1.0,1.0,1.0
ZN.v.0,action_x_surprise,cut|large,spread_ticks,-34,4.0,1.0,1.0,1.0
ZN.v.0,action_x_surprise,cut|large,spread_ticks,-33,4.0,1.25,1.0,1.25
ZN.v.0,action_x_surprise,cut|large,spread_ticks,-32,4.0,1.25,1.0,1.25
ZN.v.0,action_x_surprise,cut|large,spread_ticks,-31,4.0,1.0,1.0,1.0
ZN.v.0,action_x_surprise,cut|large,spread_ticks,-30,4.0,1.0,1.0,1.0
ZN.v.0,action_x_surprise,cut|large,spread_ticks,-29,4.0,1.0,1.0,1.0
ZN.v.0,action_x_surprise,cut|large,spread_ticks,-28,4.0,1.0,1.0,1.0
ZN.v.0,action_x_surprise,cut|large,spread_ticks,-27,4.0,1.0,1.0,1.0
ZN.v.0,action_x_surprise,cut|large,spread_ticks,-26,4.0,1.0,1.0,1.0
ZN.v.0,action_x_surprise,cut|large,spread_ticks,-25,4.0,1.0,1.0,1.0
ZN.v.0,action_x_surprise,cut|large,spread_ticks,-24,4.0,1.0,1.0,1.0
ZN.v.0,action_x_surprise,cut|large,spread_ticks,-23,4.0,1.0,1.0,1.0
ZN.v.0,action_x_surprise,cut|large,spread_ticks,-22,4.0,1.0,1.0,1.0
ZN.v.0,action_x_surprise,cut|large,spread_ticks,-21,4.0,1.0,1.0,1.0
ZN.v.0,action_x_surprise,cut|large,spread_ticks,-20,4.0,1.0,1.0,1.0
ZN.v.0,action_x_surprise,cut|large,spread_ticks,-19,4.0,1.0,1.0,1.0
ZN.v.0,action_x_surprise,cut|large,spread_ticks,-18,4.0,1.0,1.0,1.0
ZN.v.0,action_x_surprise,cut|large,spread_ticks,-17,4.0,1.0,1.0,1.0
ZN.v.0,action_x_surprise,cut|large,spread_ticks,-16,4.0,1.0,1.0,1.0
ZN.v.0,action_x_surprise,cut|large,spread_ticks,-15,4.0,1.0,1.0,1.0
ZN.v.0,action_x_surprise,cut|large,spread_ticks,-14,4.0,1.25,1.0,1.25
ZN.v.0,action_x_surprise,cut|large,spread_ticks,-13,4.0,1.25,1.0,1.25
ZN.v.0,action_x_surprise,cut|large,spread_ticks,-12,4.0,1.25,1.0,1.25
ZN.v.0,action_x_surprise,cut|large,spread_ticks,-11,4.0,1.25,1.0,1.25
ZN.v.0,action_x_surprise,cut|large,spread_ticks,-10,4.0,1.25,1.0,1.25
ZN.v.0,action_x_surprise,cut|large,spread_ticks,-9,4.0,1.5,1.0,2.0
ZN.v.0,action_x_surprise,cut|large,spread_ticks,-8,4.0,1.5,1.0,2.0
ZN.v.0,action_x_surprise,cut|large,spread_ticks,-7,4.0,1.25,1.0,1.25
ZN.v.0,action_x_surprise,cut|large,spread_ticks,-6,4.0,1.25,1.0,1.25
ZN.v.0,action_x_surprise,cut|large,spread_ticks,-5,4.0,1.25,1.0,1.25
ZN.v.0,action_x_surprise,cut|large,spread_ticks,-4,4.0,1.5,1.0,2.0
ZN.v.0,action_x_surprise,cut|large,spread_ticks,-3,4.0,1.25,1.0,1.25
ZN.v.0,action_x_surprise,cut|large,spread_ticks,-2,4.0,1.25,1.0,1.25
ZN.v.0,action_x_surprise,cut|large,spread_ticks,-1,4.0,1.25,1.0,1.25
ZN.v.0,action_x_surprise,cut|large,spread_ticks,0,4.0,1.5,1.0,2.0
ZN.v.0,action_x_surprise,cut|large,spread_ticks,1,4.0,1.5,1.0,2.0
ZN.v.0,action_x_surprise,cut|large,spread_ticks,2,4.0,1.25,1.0,1.25
ZN.v.0,action_x_surprise,cut|large,spread_ticks,3,4.0,1.25,1.0,1.25
ZN.v.0,action_x_surprise,cut|large,spread_ticks,4,4.0,1.5,1.0,2.0
ZN.v.0,action_x_surprise,cut|large,spread_ticks,5,4.0,1.5,1.0,2.0
ZN.v.0,action_x_surprise,cut|large,spread_ticks,6,4.0,1.0,1.0,1.0
ZN.v.0,action_x_surprise,cut|large,spread_ticks,7,4.0,1.0,1.0,1.0
ZN.v.0,action_x_surprise,cut|large,spread_ticks,8,4.0,1.25,1.0,1.25
ZN.v.0,action_x_surprise,cut|large,spread_ticks,9,4.0,1.25,1.0,1.25
ZN.v.0,action_x_surprise,cut|large,spread_ticks,10,4.0,1.25,1.0,1.25
ZN.v.0,action_x_surprise,cut|large,spread_ticks,11,4.0,1.25,1.0,1.25
ZN.v.0,action_x_surprise,cut|large,spread_ticks,12,4.0,1.0,1.0,1.0
ZN.v.0,action_x_surprise,cut|large,spread_ticks,13,4.0,1.0,1.0,1.0
ZN.v.0,action_x_surprise,cut|large,spread_ticks,14,4.0,1.25,1.0,1.25
ZN.v.0,action_x_surprise,cut|large,spread_ticks,15,4.0,1.25,1.0,1.25
ZN.v.0,action_x_surprise,cut|large,spread_ticks,16,4.0,1.5,1.0,2.0
ZN.v.0,action_x_surprise,cut|large,spread_ticks,17,4.0,1.0,1.0,1.0
ZN.v.0,action_x_surprise,cut|large,spread_ticks,18,4.0,1.0,1.0,1.0
ZN.v.0,action_x_surprise,cut|large,spread_ticks,19,4.0,1.25,1.0,1.25
ZN.v.0,action_x_surprise,cut|large,spread_ticks,20,4.0,1.0,1.0,1.0
ZN.v.0,action_x_surprise,cut|large,spread_ticks,21,4.0,1.0,1.0,1.0
ZN.v.0,action_x_surprise,cut|large,spread_ticks,22,4.0,1.0,1.0,1.0
ZN.v.0,action_x_surprise,cut|large,spread_ticks,23,4.0,1.0,1.0,1.0
ZN.v.0,action_x_surprise,cut|large,spread_ticks,24,4.0,1.0,1.0,1.0
ZN.v.0,action_x_surprise,cut|large,spread_ticks,25,4.0,1.25,1.0,1.25
ZN.v.0,action_x_surprise,cut|large,spread_ticks,26,4.0,1.25,1.0,1.25
ZN.v.0,action_x_surprise,cut|large,spread_ticks,27,4.0,1.0,1.0,1.0
ZN.v.0,action_x_surprise,cut|large,spread_ticks,28,4.0,1.0,1.0,1.0
ZN.v.0,action_x_surprise,cut|large,spread_ticks,29,4.0,1.0,1.0,1.0
ZN.v.0,action_x_surprise,cut|large,spread_ticks,30,4.0,1.0,1.0,1.0
ZN.v.0,action_x_surprise,cut|large,spread_ticks,31,4.0,1.0,1.0,1.0
ZN.v.0,action_x_surprise,cut|large,spread_ticks,32,4.0,1.25,1.0,1.25
ZN.v.0,action_x_surprise,cut|large,spread_ticks,33,4.0,1.0,1.0,1.0
ZN.v.0,action_x_surprise,cut|large,spread_ticks,34,4.0,1.0,1.0,1.0
ZN.v.0,action_x_surprise,cut|large,spread_ticks,35,4.0,1.0,1.0,1.0
ZN.v.0,action_x_surprise,cut|large,spread_ticks,36,4.0,1.0,1.0,1.0
ZN.v.0,action_x_surprise,cut|large,spread_ticks,37,4.0,1.0,1.0,1.0
ZN.v.0,action_x_surprise,cut|large,spread_ticks,38,4.0,1.0,1.0,1.0
ZN.v.0,action_x_surprise,cut|large,spread_ticks,39,4.0,1.0,1.0,1.0
ZN.v.0,action_x_surprise,cut|large,spread_ticks,40,4.0,1.0,1.0,1.0
ZN.v.0,action_x_surprise,cut|large,spread_ticks,41,4.0,1.0,1.0,1.0
ZN.v.0,action_x_surprise,cut|large,spread_ticks,42,4.0,1.0,1.0,1.0
ZN.v.0,action_x_surprise,cut|large,spread_ticks,43,4.0,1.0,1.0,1.0
ZN.v.0,action_x_surprise,cut|large,spread_ticks,44,4.0,1.0,1.0,1.0
ZN.v.0,action_x_surprise,cut|large,spread_ticks,45,4.0,1.0,1.0,1.0
ZN.v.0,action_x_surprise,cut|large,spread_ticks,46,4.0,1.0,1.0,1.0
ZN.v.0,action_x_surprise,cut|large,spread_ticks,47,4.0,1.0,1.0,1.0
ZN.v.0,action_x_surprise,cut|large,spread_ticks,48,4.0,1.0,1.0,1.0
ZN.v.0,action_x_surprise,cut|large,spread_ticks,49,4.0,1.0,1.0,1.0
ZN.v.0,action_x_surprise,cut|large,spread_ticks,50,4.0,1.0,1.0,1.0
ZN.v.0,action_x_surprise,cut|large,spread_ticks,51,4.0,1.0,1.0,1.0
ZN.v.0,action_x_surprise,cut|large,spread_ticks,52,4.0,1.0,1.0,1.0
ZN.v.0,action_x_surprise,cut|large,spread_ticks,53,4.0,1.0,1.0,1.0
ZN.v.0,action_x_surprise,cut|large,spread_ticks,54,4.0,1.0,1.0,1.0
ZN.v.0,action_x_surprise,cut|large,spread_ticks,55,4.0,1.0,1.0,1.0
ZN.v.0,action_x_surprise,cut|large,spread_ticks,56,4.0,1.0,1.0,1.0
ZN.v.0,action_x_surprise,cut|large,spread_ticks,57,4.0,1.0,1.0,1.0
ZN.v.0,action_x_surprise,cut|large,spread_ticks,58,4.0,1.0,1.0,1.0
ZN.v.0,action_x_surprise,cut|large,spread_ticks,59,4.0,1.0,1.0,1.0
ZN.v.0,action_x_surprise,cut|large,spread_ticks,60,4.0,1.0,1.0,1.0
ZN.v.0,action_x_surprise,cut|large,spread_ticks,61,4.0,1.0,1.0,1.0
ZN.v.0,action_x_surprise,cut|large,spread_ticks,62,4.0,1.0,1.0,1.0
ZN.v.0,action_x_surprise,cut|large,spread_ticks,63,4.0,1.0,1.0,1.0
ZN.v.0,action_x_surprise,cut|large,spread_ticks,64,4.0,1.0,1.0,1.0
ZN.v.0,action_x_surprise,cut|large,spread_ticks,65,4.0,1.0,1.0,1.0
ZN.v.0,action_x_surprise,cut|large,spread_ticks,66,4.0,1.0,1.0,1.0
ZN.v.0,action_x_surprise,cut|large,spread_ticks,67,4.0,1.0,1.0,1.0
ZN.v.0,action_x_surprise,cut|large,spread_ticks,68,4.0,1.0,1.0,1.0
ZN.v.0,action_x_surprise,cut|large,spread_ticks,69,4.0,1.0,1.0,1.0
ZN.v.0,action_x_surprise,cut|large,spread_ticks,70,4.0,1.0,1.0,1.0
ZN.v.0,action_x_surprise,cut|large,spread_ticks,71,4.0,1.0,1.0,1.0
ZN.v.0,action_x_surprise,cut|large,spread_ticks,72,4.0,1.0,1.0,1.0
ZN.v.0,action_x_surprise,cut|large,spread_ticks,73,4.0,1.0,1.0,1.0
ZN.v.0,action_x_surprise,cut|large,spread_ticks,74,4.0,1.0,1.0,1.0
ZN.v.0,action_x_surprise,cut|large,spread_ticks,75,4.0,1.0,1.0,1.0
ZN.v.0,action_x_surprise,cut|large,spread_ticks,76,4.0,1.0,1.0,1.0
ZN.v.0,action_x_surprise,cut|large,spread_ticks,77,4.0,1.0,1.0,1.0
ZN.v.0,action_x_surprise,cut|large,spread_ticks,78,4.0,1.0,1.0,1.0
ZN.v.0,action_x_surprise,cut|large,spread_ticks,79,4.0,1.0,1.0,1.0
ZN.v.0,action_x_surprise,cut|large,spread_ticks,80,4.0,1.0,1.0,1.0
ZN.v.0,action_x_surprise,cut|large,spread_ticks,81,4.0,1.0,1.0,1.0
ZN.v.0,action_x_surprise,cut|large,spread_ticks,82,4.0,1.0,1.0,1.0
ZN.v.0,action_x_surprise,cut|large,spread_ticks,83,4.0,1.0,1.0,1.0
ZN.v.0,action_x_surprise,cut|large,spread_ticks,84,4.0,1.0,1.0,1.0
ZN.v.0,action_x_surprise,cut|large,spread_ticks,85,4.0,1.0,1.0,1.0
ZN.v.0,action_x_surprise,cut|large,spread_ticks,86,4.0,1.0,1.0,1.0
ZN.v.0,action_x_surprise,cut|large,spread_ticks,87,4.0,1.0,1.0,1.0
ZN.v.0,action_x_surprise,cut|large,spread_ticks,88,4.0,1.0,1.0,1.0
ZN.v.0,action_x_surprise,cut|large,spread_ticks,89,4.0,1.0,1.0,1.0
ZN.v.0,action_x_surprise,cut|large,spread_ticks,90,4.0,1.0,1.0,1.0
ZN.v.0,action_x_surprise,cut|large,spread_ticks,91,4.0,1.0,1.0,1.0
ZN.v.0,action_x_surprise,cut|large,spread_ticks,92,4.0,1.0,1.0,1.0
ZN.v.0,action_x_surprise,cut|large,spread_ticks,93,4.0,1.0,1.0,1.0
ZN.v.0,action_x_surprise,cut|large,spread_ticks,94,4.0,1.0,1.0,1.0
ZN.v.0,action_x_surprise,cut|large,spread_ticks,95,4.0,1.0,1.0,1.0
ZN.v.0,action_x_surprise,cut|large,spread_ticks,96,4.0,1.0,1.0,1.0
ZN.v.0,action_x_surprise,cut|large,spread_ticks,97,4.0,1.0,1.0,1.0
ZN.v.0,action_x_surprise,cut|large,spread_ticks,98,4.0,1.0,1.0,1.0
ZN.v.0,action_x_surprise,cut|large,spread_ticks,99,4.0,1.0,1.0,1.0
ZN.v.0,action_x_surprise,cut|large,spread_ticks,100,4.0,1.0,1.0,1.0
ZN.v.0,action_x_surprise,cut|large,spread_ticks,101,4.0,1.0,1.0,1.0
ZN.v.0,action_x_surprise,cut|large,spread_ticks,102,4.0,1.0,1.0,1.0
ZN.v.0,action_x_surprise,cut|large,spread_ticks,103,4.0,1.0,1.0,1.0
ZN.v.0,action_x_surprise,cut|large,spread_ticks,104,4.0,1.0,1.0,1.0
ZN.v.0,action_x_surprise,cut|large,spread_ticks,105,4.0,1.0,1.0,1.0
ZN.v.0,action_x_surprise,cut|large,spread_ticks,106,4.0,1.0,1.0,1.0
ZN.v.0,action_x_surprise,cut|large,spread_ticks,107,4.0,1.0,1.0,1.0
ZN.v.0,action_x_surprise,cut|large,spread_ticks,108,4.0,1.0,1.0,1.0
ZN.v.0,action_x_surprise,cut|large,spread_ticks,109,4.0,1.0,1.0,1.0
ZN.v.0,action_x_surprise,cut|large,spread_ticks,110,4.0,1.0,1.0,1.0
ZN.v.0,action_x_surprise,cut|large,spread_ticks,111,4.0,1.0,1.0,1.0
ZN.v.0,action_x_surprise,cut|large,spread_ticks,112,4.0,1.0,1.0,1.0
ZN.v.0,action_x_surprise,cut|large,spread_ticks,113,4.0,1.0,1.0,1.0
ZN.v.0,action_x_surprise,cut|large,spread_ticks,114,4.0,1.0,1.0,1.0
ZN.v.0,action_x_surprise,cut|large,spread_ticks,115,4.0,1.0,1.0,1.0
ZN.v.0,action_x_surprise,cut|large,spread_ticks,116,4.0,1.0,1.0,1.0
ZN.v.0,action_x_surprise,cut|large,spread_ticks,117,4.0,1.0,1.0,1.0
ZN.v.0,action_x_surprise,cut|large,spread_ticks,118,4.0,1.0,1.0,1.0
ZN.v.0,action_x_surprise,cut|large,spread_ticks,119,4.0,1.0,1.0,1.0
ZN.v.0,action_x_surprise,cut|large,spread_ticks,120,4.0,1.0,1.0,1.0
ZN.v.0,action_x_surprise,cut|medium,spread_ticks,-60,3.0,1.3333333333333333,1.0,1.5
ZN.v.0,action_x_surprise,cut|medium,spread_ticks,-59,3.0,1.0,1.0,1.0
ZN.v.0,action_x_surprise,cut|medium,spread_ticks,-58,3.0,1.3333333333333333,1.0,1.5
ZN.v.0,action_x_surprise,cut|medium,spread_ticks,-57,3.0,1.3333333333333333,1.0,1.5
ZN.v.0,action_x_surprise,cut|medium,spread_ticks,-56,3.0,1.0,1.0,1.0
ZN.v.0,action_x_surprise,cut|medium,spread_ticks,-55,3.0,1.0,1.0,1.0
ZN.v.0,action_x_surprise,cut|medium,spread_ticks,-54,3.0,1.3333333333333333,1.0,1.5
ZN.v.0,action_x_surprise,cut|medium,spread_ticks,-53,3.0,1.3333333333333333,1.0,1.5
ZN.v.0,action_x_surprise,cut|medium,spread_ticks,-52,3.0,1.3333333333333333,1.0,1.5
ZN.v.0,action_x_surprise,cut|medium,spread_ticks,-51,3.0,1.0,1.0,1.0
ZN.v.0,action_x_surprise,cut|medium,spread_ticks,-50,3.0,1.3333333333333333,1.0,1.5
ZN.v.0,action_x_surprise,cut|medium,spread_ticks,-49,3.0,1.0,1.0,1.0
ZN.v.0,action_x_surprise,cut|medium,spread_ticks,-48,3.0,1.0,1.0,1.0
ZN.v.0,action_x_surprise,cut|medium,spread_ticks,-47,3.0,1.0,1.0,1.0
ZN.v.0,action_x_surprise,cut|medium,spread_ticks,-46,3.0,1.0,1.0,1.0
ZN.v.0,action_x_surprise,cut|medium,spread_ticks,-45,3.0,1.3333333333333333,1.0,1.5
ZN.v.0,action_x_surprise,cut|medium,spread_ticks,-44,3.0,1.0,1.0,1.0
ZN.v.0,action_x_surprise,cut|medium,spread_ticks,-43,3.0,1.0,1.0,1.0
ZN.v.0,action_x_surprise,cut|medium,spread_ticks,-42,3.0,1.3333333333333333,1.0,1.5
ZN.v.0,action_x_surprise,cut|medium,spread_ticks,-41,3.0,1.0,1.0,1.0
ZN.v.0,action_x_surprise,cut|medium,spread_ticks,-40,3.0,1.0,1.0,1.0
ZN.v.0,action_x_surprise,cut|medium,spread_ticks,-39,3.0,1.0,1.0,1.0
ZN.v.0,action_x_surprise,cut|medium,spread_ticks,-38,3.0,1.0,1.0,1.0
ZN.v.0,action_x_surprise,cut|medium,spread_ticks,-37,3.0,1.0,1.0,1.0
ZN.v.0,action_x_surprise,cut|medium,spread_ticks,-36,3.0,1.3333333333333333,1.0,1.5
ZN.v.0,action_x_surprise,cut|medium,spread_ticks,-35,3.0,1.0,1.0,1.0
ZN.v.0,action_x_surprise,cut|medium,spread_ticks,-34,3.0,1.0,1.0,1.0
ZN.v.0,action_x_surprise,cut|medium,spread_ticks,-33,3.0,1.0,1.0,1.0
ZN.v.0,action_x_surprise,cut|medium,spread_ticks,-32,3.0,1.0,1.0,1.0
ZN.v.0,action_x_surprise,cut|medium,spread_ticks,-31,3.0,1.0,1.0,1.0
ZN.v.0,action_x_surprise,cut|medium,spread_ticks,-30,3.0,1.0,1.0,1.0
ZN.v.0,action_x_surprise,cut|medium,spread_ticks,-29,3.0,1.0,1.0,1.0
ZN.v.0,action_x_surprise,cut|medium,spread_ticks,-28,3.0,1.0,1.0,1.0
ZN.v.0,action_x_surprise,cut|medium,spread_ticks,-27,3.0,1.0,1.0,1.0
ZN.v.0,action_x_surprise,cut|medium,spread_ticks,-26,3.0,1.0,1.0,1.0
ZN.v.0,action_x_surprise,cut|medium,spread_ticks,-25,3.0,1.0,1.0,1.0
ZN.v.0,action_x_surprise,cut|medium,spread_ticks,-24,3.0,1.0,1.0,1.0
ZN.v.0,action_x_surprise,cut|medium,spread_ticks,-23,3.0,1.3333333333333333,1.0,1.5
ZN.v.0,action_x_surprise,cut|medium,spread_ticks,-22,3.0,1.0,1.0,1.0
ZN.v.0,action_x_surprise,cut|medium,spread_ticks,-21,3.0,1.0,1.0,1.0
ZN.v.0,action_x_surprise,cut|medium,spread_ticks,-20,3.0,1.3333333333333333,1.0,1.5
ZN.v.0,action_x_surprise,cut|medium,spread_ticks,-19,3.0,1.3333333333333333,1.0,1.5
ZN.v.0,action_x_surprise,cut|medium,spread_ticks,-18,3.0,1.3333333333333333,1.0,1.5
ZN.v.0,action_x_surprise,cut|medium,spread_ticks,-17,3.0,1.3333333333333333,1.0,1.5
ZN.v.0,action_x_surprise,cut|medium,spread_ticks,-16,3.0,1.3333333333333333,1.0,1.5
ZN.v.0,action_x_surprise,cut|medium,spread_ticks,-15,3.0,1.6666666666666667,1.5,2.0
ZN.v.0,action_x_surprise,cut|medium,spread_ticks,-14,3.0,1.0,1.0,1.0
ZN.v.0,action_x_surprise,cut|medium,spread_ticks,-13,3.0,1.0,1.0,1.0
ZN.v.0,action_x_surprise,cut|medium,spread_ticks,-12,3.0,1.3333333333333333,1.0,1.5
ZN.v.0,action_x_surprise,cut|medium,spread_ticks,-11,3.0,1.0,1.0,1.0
ZN.v.0,action_x_surprise,cut|medium,spread_ticks,-10,3.0,1.0,1.0,1.0
ZN.v.0,action_x_surprise,cut|medium,spread_ticks,-9,3.0,1.3333333333333333,1.0,1.5
ZN.v.0,action_x_surprise,cut|medium,spread_ticks,-8,3.0,1.3333333333333333,1.0,1.5
ZN.v.0,action_x_surprise,cut|medium,spread_ticks,-7,3.0,1.3333333333333333,1.0,1.5
ZN.v.0,action_x_surprise,cut|medium,spread_ticks,-6,3.0,1.3333333333333333,1.0,1.5
ZN.v.0,action_x_surprise,cut|medium,spread_ticks,-5,3.0,1.3333333333333333,1.0,1.5
ZN.v.0,action_x_surprise,cut|medium,spread_ticks,-4,3.0,1.3333333333333333,1.0,1.5
ZN.v.0,action_x_surprise,cut|medium,spread_ticks,-3,3.0,1.3333333333333333,1.0,1.5
ZN.v.0,action_x_surprise,cut|medium,spread_ticks,-2,3.0,1.0,1.0,1.0
ZN.v.0,action_x_surprise,cut|medium,spread_ticks,-1,3.0,1.3333333333333333,1.0,1.5
ZN.v.0,action_x_surprise,cut|medium,spread_ticks,0,3.0,1.3333333333333333,1.0,1.5
ZN.v.0,action_x_surprise,cut|medium,spread_ticks,1,3.0,1.0,1.0,1.0
ZN.v.0,action_x_surprise,cut|medium,spread_ticks,2,3.0,1.3333333333333333,1.0,1.5
ZN.v.0,action_x_surprise,cut|medium,spread_ticks,3,3.0,1.3333333333333333,1.0,1.5
ZN.v.0,action_x_surprise,cut|medium,spread_ticks,4,3.0,1.3333333333333333,1.0,1.5
ZN.v.0,action_x_surprise,cut|medium,spread_ticks,5,3.0,1.0,1.0,1.0
ZN.v.0,action_x_surprise,cut|medium,spread_ticks,6,3.0,1.3333333333333333,1.0,1.5
ZN.v.0,action_x_surprise,cut|medium,spread_ticks,7,3.0,1.3333333333333333,1.0,1.5
ZN.v.0,action_x_surprise,cut|medium,spread_ticks,8,3.0,1.3333333333333333,1.0,1.5
ZN.v.0,action_x_surprise,cut|medium,spread_ticks,9,3.0,1.0,1.0,1.0
ZN.v.0,action_x_surprise,cut|medium,spread_ticks,10,3.0,1.3333333333333333,1.0,1.5
ZN.v.0,action_x_surprise,cut|medium,spread_ticks,11,3.0,1.3333333333333333,1.0,1.5
ZN.v.0,action_x_surprise,cut|medium,spread_ticks,12,3.0,1.0,1.0,1.0
ZN.v.0,action_x_surprise,cut|medium,spread_ticks,13,3.0,1.3333333333333333,1.0,1.5
ZN.v.0,action_x_surprise,cut|medium,spread_ticks,14,3.0,1.0,1.0,1.0
ZN.v.0,action_x_surprise,cut|medium,spread_ticks,15,3.0,1.0,1.0,1.0
ZN.v.0,action_x_surprise,cut|medium,spread_ticks,16,3.0,1.0,1.0,1.0
ZN.v.0,action_x_surprise,cut|medium,spread_ticks,17,3.0,1.0,1.0,1.0
ZN.v.0,action_x_surprise,cut|medium,spread_ticks,18,3.0,1.0,1.0,1.0
ZN.v.0,action_x_surprise,cut|medium,spread_ticks,19,3.0,1.3333333333333333,1.0,1.5
ZN.v.0,action_x_surprise,cut|medium,spread_ticks,20,3.0,1.0,1.0,1.0
ZN.v.0,action_x_surprise,cut|medium,spread_ticks,21,3.0,1.0,1.0,1.0
ZN.v.0,action_x_surprise,cut|medium,spread_ticks,22,3.0,1.0,1.0,1.0
ZN.v.0,action_x_surprise,cut|medium,spread_ticks,23,3.0,1.0,1.0,1.0
ZN.v.0,action_x_surprise,cut|medium,spread_ticks,24,3.0,1.3333333333333333,1.0,1.5
ZN.v.0,action_x_surprise,cut|medium,spread_ticks,25,3.0,1.0,1.0,1.0
ZN.v.0,action_x_surprise,cut|medium,spread_ticks,26,3.0,1.3333333333333333,1.0,1.5
ZN.v.0,action_x_surprise,cut|medium,spread_ticks,27,3.0,1.0,1.0,1.0
ZN.v.0,action_x_surprise,cut|medium,spread_ticks,28,3.0,1.0,1.0,1.0
ZN.v.0,action_x_surprise,cut|medium,spread_ticks,29,3.0,1.0,1.0,1.0
ZN.v.0,action_x_surprise,cut|medium,spread_ticks,30,3.0,1.0,1.0,1.0
ZN.v.0,action_x_surprise,cut|medium,spread_ticks,31,3.0,1.0,1.0,1.0
ZN.v.0,action_x_surprise,cut|medium,spread_ticks,32,3.0,1.0,1.0,1.0
ZN.v.0,action_x_surprise,cut|medium,spread_ticks,33,3.0,1.0,1.0,1.0
ZN.v.0,action_x_surprise,cut|medium,spread_ticks,34,3.0,1.0,1.0,1.0
ZN.v.0,action_x_surprise,cut|medium,spread_ticks,35,3.0,1.0,1.0,1.0
ZN.v.0,action_x_surprise,cut|medium,spread_ticks,36,3.0,1.0,1.0,1.0
ZN.v.0,action_x_surprise,cut|medium,spread_ticks,37,3.0,1.0,1.0,1.0
ZN.v.0,action_x_surprise,cut|medium,spread_ticks,38,3.0,1.0,1.0,1.0
ZN.v.0,action_x_surprise,cut|medium,spread_ticks,39,3.0,1.0,1.0,1.0
ZN.v.0,action_x_surprise,cut|medium,spread_ticks,40,3.0,1.0,1.0,1.0
ZN.v.0,action_x_surprise,cut|medium,spread_ticks,41,3.0,1.0,1.0,1.0
ZN.v.0,action_x_surprise,cut|medium,spread_ticks,42,3.0,1.0,1.0,1.0
ZN.v.0,action_x_surprise,cut|medium,spread_ticks,43,3.0,1.0,1.0,1.0
ZN.v.0,action_x_surprise,cut|medium,spread_ticks,44,3.0,1.0,1.0,1.0
ZN.v.0,action_x_surprise,cut|medium,spread_ticks,45,3.0,1.0,1.0,1.0
ZN.v.0,action_x_surprise,cut|medium,spread_ticks,46,3.0,1.0,1.0,1.0
ZN.v.0,action_x_surprise,cut|medium,spread_ticks,47,3.0,1.0,1.0,1.0
ZN.v.0,action_x_surprise,cut|medium,spread_ticks,48,3.0,1.0,1.0,1.0
ZN.v.0,action_x_surprise,cut|medium,spread_ticks,49,3.0,1.0,1.0,1.0
ZN.v.0,action_x_surprise,cut|medium,spread_ticks,50,3.0,1.0,1.0,1.0
ZN.v.0,action_x_surprise,cut|medium,spread_ticks,51,3.0,1.0,1.0,1.0
ZN.v.0,action_x_surprise,cut|medium,spread_ticks,52,3.0,1.0,1.0,1.0
ZN.v.0,action_x_surprise,cut|medium,spread_ticks,53,3.0,1.0,1.0,1.0
ZN.v.0,action_x_surprise,cut|medium,spread_ticks,54,3.0,1.0,1.0,1.0
ZN.v.0,action_x_surprise,cut|medium,spread_ticks,55,3.0,1.0,1.0,1.0
ZN.v.0,action_x_surprise,cut|medium,spread_ticks,56,3.0,1.0,1.0,1.0
ZN.v.0,action_x_surprise,cut|medium,spread_ticks,57,3.0,1.0,1.0,1.0
ZN.v.0,action_x_surprise,cut|medium,spread_ticks,58,3.0,1.0,1.0,1.0
ZN.v.0,action_x_surprise,cut|medium,spread_ticks,59,3.0,1.0,1.0,1.0
ZN.v.0,action_x_surprise,cut|medium,spread_ticks,60,3.0,1.0,1.0,1.0
ZN.v.0,action_x_surprise,cut|medium,spread_ticks,61,3.0,1.0,1.0,1.0
ZN.v.0,action_x_surprise,cut|medium,spread_ticks,62,3.0,1.0,1.0,1.0
ZN.v.0,action_x_surprise,cut|medium,spread_ticks,63,3.0,1.0,1.0,1.0
ZN.v.0,action_x_surprise,cut|medium,spread_ticks,64,3.0,1.0,1.0,1.0
ZN.v.0,action_x_surprise,cut|medium,spread_ticks,65,3.0,1.0,1.0,1.0
ZN.v.0,action_x_surprise,cut|medium,spread_ticks,66,3.0,1.0,1.0,1.0
ZN.v.0,action_x_surprise,cut|medium,spread_ticks,67,3.0,1.0,1.0,1.0
ZN.v.0,action_x_surprise,cut|medium,spread_ticks,68,3.0,1.0,1.0,1.0
ZN.v.0,action_x_surprise,cut|medium,spread_ticks,69,3.0,1.0,1.0,1.0
ZN.v.0,action_x_surprise,cut|medium,spread_ticks,70,3.0,1.0,1.0,1.0
ZN.v.0,action_x_surprise,cut|medium,spread_ticks,71,3.0,1.0,1.0,1.0
ZN.v.0,action_x_surprise,cut|medium,spread_ticks,72,3.0,1.0,1.0,1.0
ZN.v.0,action_x_surprise,cut|medium,spread_ticks,73,3.0,1.0,1.0,1.0
ZN.v.0,action_x_surprise,cut|medium,spread_ticks,74,3.0,1.0,1.0,1.0
ZN.v.0,action_x_surprise,cut|medium,spread_ticks,75,3.0,1.0,1.0,1.0
ZN.v.0,action_x_surprise,cut|medium,spread_ticks,76,3.0,1.0,1.0,1.0
ZN.v.0,action_x_surprise,cut|medium,spread_ticks,77,3.0,1.0,1.0,1.0
ZN.v.0,action_x_surprise,cut|medium,spread_ticks,78,3.0,1.0,1.0,1.0
ZN.v.0,action_x_surprise,cut|medium,spread_ticks,79,3.0,1.0,1.0,1.0
ZN.v.0,action_x_surprise,cut|medium,spread_ticks,80,3.0,1.0,1.0,1.0
ZN.v.0,action_x_surprise,cut|medium,spread_ticks,81,3.0,1.0,1.0,1.0
ZN.v.0,action_x_surprise,cut|medium,spread_ticks,82,3.0,1.0,1.0,1.0
ZN.v.0,action_x_surprise,cut|medium,spread_ticks,83,3.0,1.0,1.0,1.0
ZN.v.0,action_x_surprise,cut|medium,spread_ticks,84,3.0,1.0,1.0,1.0
ZN.v.0,action_x_surprise,cut|medium,spread_ticks,85,3.0,1.0,1.0,1.0
ZN.v.0,action_x_surprise,cut|medium,spread_ticks,86,3.0,1.0,1.0,1.0
ZN.v.0,action_x_surprise,cut|medium,spread_ticks,87,3.0,1.0,1.0,1.0
ZN.v.0,action_x_surprise,cut|medium,spread_ticks,88,3.0,1.0,1.0,1.0
ZN.v.0,action_x_surprise,cut|medium,spread_ticks,89,3.0,1.0,1.0,1.0
ZN.v.0,action_x_surprise,cut|medium,spread_ticks,90,3.0,1.0,1.0,1.0
ZN.v.0,action_x_surprise,cut|medium,spread_ticks,91,3.0,1.0,1.0,1.0
ZN.v.0,action_x_surprise,cut|medium,spread_ticks,92,3.0,1.0,1.0,1.0
ZN.v.0,action_x_surprise,cut|medium,spread_ticks,93,3.0,1.0,1.0,1.0
ZN.v.0,action_x_surprise,cut|medium,spread_ticks,94,3.0,1.0,1.0,1.0
ZN.v.0,action_x_surprise,cut|medium,spread_ticks,95,3.0,1.0,1.0,1.0
ZN.v.0,action_x_surprise,cut|medium,spread_ticks,96,3.0,1.0,1.0,1.0
ZN.v.0,action_x_surprise,cut|medium,spread_ticks,97,3.0,1.0,1.0,1.0
ZN.v.0,action_x_surprise,cut|medium,spread_ticks,98,3.0,1.3333333333333333,1.0,1.5
ZN.v.0,action_x_surprise,cut|medium,spread_ticks,99,3.0,1.0,1.0,1.0
ZN.v.0,action_x_surprise,cut|medium,spread_ticks,100,3.0,1.0,1.0,1.0
ZN.v.0,action_x_surprise,cut|medium,spread_ticks,101,3.0,1.0,1.0,1.0
ZN.v.0,action_x_surprise,cut|medium,spread_ticks,102,3.0,1.0,1.0,1.0
ZN.v.0,action_x_surprise,cut|medium,spread_ticks,103,3.0,1.0,1.0,1.0
ZN.v.0,action_x_surprise,cut|medium,spread_ticks,104,3.0,1.0,1.0,1.0
ZN.v.0,action_x_surprise,cut|medium,spread_ticks,105,3.0,1.0,1.0,1.0
ZN.v.0,action_x_surprise,cut|medium,spread_ticks,106,3.0,1.0,1.0,1.0
ZN.v.0,action_x_surprise,cut|medium,spread_ticks,107,3.0,1.0,1.0,1.0
ZN.v.0,action_x_surprise,cut|medium,spread_ticks,108,3.0,1.0,1.0,1.0
ZN.v.0,action_x_surprise,cut|medium,spread_ticks,109,3.0,1.0,1.0,1.0
ZN.v.0,action_x_surprise,cut|medium,spread_ticks,110,3.0,1.0,1.0,1.0
ZN.v.0,action_x_surprise,cut|medium,spread_ticks,111,3.0,1.0,1.0,1.0
ZN.v.0,action_x_surprise,cut|medium,spread_ticks,112,3.0,1.0,1.0,1.0
ZN.v.0,action_x_surprise,cut|medium,spread_ticks,113,3.0,1.0,1.0,1.0
ZN.v.0,action_x_surprise,cut|medium,spread_ticks,114,3.0,1.0,1.0,1.0
ZN.v.0,action_x_surprise,cut|medium,spread_ticks,115,3.0,1.0,1.0,1.0
ZN.v.0,action_x_surprise,cut|medium,spread_ticks,116,3.0,1.0,1.0,1.0
ZN.v.0,action_x_surprise,cut|medium,spread_ticks,117,3.0,1.0,1.0,1.0
ZN.v.0,action_x_surprise,cut|medium,spread_ticks,118,3.0,1.0,1.0,1.0
ZN.v.0,action_x_surprise,cut|medium,spread_ticks,119,3.0,1.0,1.0,1.0
ZN.v.0,action_x_surprise,cut|medium,spread_ticks,120,3.0,1.0,1.0,1.0
ZN.v.0,action_x_surprise,cut|small,spread_ticks,-60,1.0,1.0,1.0,1.0
ZN.v.0,action_x_surprise,cut|small,spread_ticks,-59,1.0,1.0,1.0,1.0
ZN.v.0,action_x_surprise,cut|small,spread_ticks,-58,1.0,1.0,1.0,1.0
ZN.v.0,action_x_surprise,cut|small,spread_ticks,-57,1.0,1.0,1.0,1.0
ZN.v.0,action_x_surprise,cut|small,spread_ticks,-56,1.0,1.0,1.0,1.0
ZN.v.0,action_x_surprise,cut|small,spread_ticks,-55,1.0,1.0,1.0,1.0
ZN.v.0,action_x_surprise,cut|small,spread_ticks,-54,1.0,1.0,1.0,1.0
ZN.v.0,action_x_surprise,cut|small,spread_ticks,-53,1.0,1.0,1.0,1.0
ZN.v.0,action_x_surprise,cut|small,spread_ticks,-52,1.0,1.0,1.0,1.0
ZN.v.0,action_x_surprise,cut|small,spread_ticks,-51,1.0,1.0,1.0,1.0
ZN.v.0,action_x_surprise,cut|small,spread_ticks,-50,1.0,1.0,1.0,1.0
ZN.v.0,action_x_surprise,cut|small,spread_ticks,-49,1.0,1.0,1.0,1.0
ZN.v.0,action_x_surprise,cut|small,spread_ticks,-48,1.0,1.0,1.0,1.0
ZN.v.0,action_x_surprise,cut|small,spread_ticks,-47,1.0,1.0,1.0,1.0
ZN.v.0,action_x_surprise,cut|small,spread_ticks,-46,1.0,1.0,1.0,1.0
ZN.v.0,action_x_surprise,cut|small,spread_ticks,-45,1.0,1.0,1.0,1.0
ZN.v.0,action_x_surprise,cut|small,spread_ticks,-44,1.0,1.0,1.0,1.0
ZN.v.0,action_x_surprise,cut|small,spread_ticks,-43,1.0,1.0,1.0,1.0
ZN.v.0,action_x_surprise,cut|small,spread_ticks,-42,1.0,1.0,1.0,1.0
ZN.v.0,action_x_surprise,cut|small,spread_ticks,-41,1.0,1.0,1.0,1.0
ZN.v.0,action_x_surprise,cut|small,spread_ticks,-40,1.0,1.0,1.0,1.0
ZN.v.0,action_x_surprise,cut|small,spread_ticks,-39,1.0,1.0,1.0,1.0
ZN.v.0,action_x_surprise,cut|small,spread_ticks,-38,1.0,1.0,1.0,1.0
ZN.v.0,action_x_surprise,cut|small,spread_ticks,-37,1.0,1.0,1.0,1.0
ZN.v.0,action_x_surprise,cut|small,spread_ticks,-36,1.0,1.0,1.0,1.0
ZN.v.0,action_x_surprise,cut|small,spread_ticks,-35,1.0,1.0,1.0,1.0
ZN.v.0,action_x_surprise,cut|small,spread_ticks,-34,1.0,1.0,1.0,1.0
ZN.v.0,action_x_surprise,cut|small,spread_ticks,-33,1.0,1.0,1.0,1.0
ZN.v.0,action_x_surprise,cut|small,spread_ticks,-32,1.0,1.0,1.0,1.0
ZN.v.0,action_x_surprise,cut|small,spread_ticks,-31,1.0,1.0,1.0,1.0
ZN.v.0,action_x_surprise,cut|small,spread_ticks,-30,1.0,1.0,1.0,1.0
ZN.v.0,action_x_surprise,cut|small,spread_ticks,-29,1.0,1.0,1.0,1.0
ZN.v.0,action_x_surprise,cut|small,spread_ticks,-28,1.0,1.0,1.0,1.0
ZN.v.0,action_x_surprise,cut|small,spread_ticks,-27,1.0,1.0,1.0,1.0
ZN.v.0,action_x_surprise,cut|small,spread_ticks,-26,1.0,1.0,1.0,1.0
ZN.v.0,action_x_surprise,cut|small,spread_ticks,-25,1.0,1.0,1.0,1.0
ZN.v.0,action_x_surprise,cut|small,spread_ticks,-24,1.0,1.0,1.0,1.0
ZN.v.0,action_x_surprise,cut|small,spread_ticks,-23,1.0,1.0,1.0,1.0
ZN.v.0,action_x_surprise,cut|small,spread_ticks,-22,1.0,1.0,1.0,1.0
ZN.v.0,action_x_surprise,cut|small,spread_ticks,-21,1.0,1.0,1.0,1.0
ZN.v.0,action_x_surprise,cut|small,spread_ticks,-20,1.0,1.0,1.0,1.0
ZN.v.0,action_x_surprise,cut|small,spread_ticks,-19,1.0,1.0,1.0,1.0
ZN.v.0,action_x_surprise,cut|small,spread_ticks,-18,1.0,1.0,1.0,1.0
ZN.v.0,action_x_surprise,cut|small,spread_ticks,-17,1.0,1.0,1.0,1.0
ZN.v.0,action_x_surprise,cut|small,spread_ticks,-16,1.0,1.0,1.0,1.0
ZN.v.0,action_x_surprise,cut|small,spread_ticks,-15,1.0,1.0,1.0,1.0
ZN.v.0,action_x_surprise,cut|small,spread_ticks,-14,1.0,1.0,1.0,1.0
ZN.v.0,action_x_surprise,cut|small,spread_ticks,-13,1.0,1.0,1.0,1.0
ZN.v.0,action_x_surprise,cut|small,spread_ticks,-12,1.0,1.0,1.0,1.0
ZN.v.0,action_x_surprise,cut|small,spread_ticks,-11,1.0,1.0,1.0,1.0
ZN.v.0,action_x_surprise,cut|small,spread_ticks,-10,1.0,1.0,1.0,1.0
ZN.v.0,action_x_surprise,cut|small,spread_ticks,-9,1.0,1.0,1.0,1.0
ZN.v.0,action_x_surprise,cut|small,spread_ticks,-8,1.0,2.0,2.0,2.0
ZN.v.0,action_x_surprise,cut|small,spread_ticks,-7,1.0,2.0,2.0,2.0
ZN.v.0,action_x_surprise,cut|small,spread_ticks,-6,1.0,1.0,1.0,1.0
ZN.v.0,action_x_surprise,cut|small,spread_ticks,-5,1.0,1.0,1.0,1.0
ZN.v.0,action_x_surprise,cut|small,spread_ticks,-4,1.0,1.0,1.0,1.0
ZN.v.0,action_x_surprise,cut|small,spread_ticks,-3,1.0,1.0,1.0,1.0
ZN.v.0,action_x_surprise,cut|small,spread_ticks,-2,1.0,2.0,2.0,2.0
ZN.v.0,action_x_surprise,cut|small,spread_ticks,-1,1.0,1.0,1.0,1.0
ZN.v.0,action_x_surprise,cut|small,spread_ticks,0,1.0,1.0,1.0,1.0
ZN.v.0,action_x_surprise,cut|small,spread_ticks,1,1.0,1.0,1.0,1.0
ZN.v.0,action_x_surprise,cut|small,spread_ticks,2,1.0,2.0,2.0,2.0
ZN.v.0,action_x_surprise,cut|small,spread_ticks,3,1.0,1.0,1.0,1.0
ZN.v.0,action_x_surprise,cut|small,spread_ticks,4,1.0,2.0,2.0,2.0
ZN.v.0,action_x_surprise,cut|small,spread_ticks,5,1.0,1.0,1.0,1.0
ZN.v.0,action_x_surprise,cut|small,spread_ticks,6,1.0,1.0,1.0,1.0
ZN.v.0,action_x_surprise,cut|small,spread_ticks,7,1.0,1.0,1.0,1.0
ZN.v.0,action_x_surprise,cut|small,spread_ticks,8,1.0,1.0,1.0,1.0
ZN.v.0,action_x_surprise,cut|small,spread_ticks,9,1.0,1.0,1.0,1.0
ZN.v.0,action_x_surprise,cut|small,spread_ticks,10,1.0,1.0,1.0,1.0
ZN.v.0,action_x_surprise,cut|small,spread_ticks,11,1.0,1.0,1.0,1.0
ZN.v.0,action_x_surprise,cut|small,spread_ticks,12,1.0,1.0,1.0,1.0
ZN.v.0,action_x_surprise,cut|small,spread_ticks,13,1.0,1.0,1.0,1.0
ZN.v.0,action_x_surprise,cut|small,spread_ticks,14,1.0,1.0,1.0,1.0
ZN.v.0,action_x_surprise,cut|small,spread_ticks,15,1.0,1.0,1.0,1.0
ZN.v.0,action_x_surprise,cut|small,spread_ticks,16,1.0,1.0,1.0,1.0
ZN.v.0,action_x_surprise,cut|small,spread_ticks,17,1.0,1.0,1.0,1.0
ZN.v.0,action_x_surprise,cut|small,spread_ticks,18,1.0,1.0,1.0,1.0
ZN.v.0,action_x_surprise,cut|small,spread_ticks,19,1.0,1.0,1.0,1.0
ZN.v.0,action_x_surprise,cut|small,spread_ticks,20,1.0,1.0,1.0,1.0
ZN.v.0,action_x_surprise,cut|small,spread_ticks,21,1.0,1.0,1.0,1.0
ZN.v.0,action_x_surprise,cut|small,spread_ticks,22,1.0,1.0,1.0,1.0
ZN.v.0,action_x_surprise,cut|small,spread_ticks,23,1.0,1.0,1.0,1.0
ZN.v.0,action_x_surprise,cut|small,spread_ticks,24,1.0,1.0,1.0,1.0
ZN.v.0,action_x_surprise,cut|small,spread_ticks,25,1.0,1.0,1.0,1.0
ZN.v.0,action_x_surprise,cut|small,spread_ticks,26,1.0,1.0,1.0,1.0
ZN.v.0,action_x_surprise,cut|small,spread_ticks,27,1.0,1.0,1.0,1.0
ZN.v.0,action_x_surprise,cut|small,spread_ticks,28,1.0,1.0,1.0,1.0
ZN.v.0,action_x_surprise,cut|small,spread_ticks,29,1.0,1.0,1.0,1.0
ZN.v.0,action_x_surprise,cut|small,spread_ticks,30,1.0,1.0,1.0,1.0
ZN.v.0,action_x_surprise,cut|small,spread_ticks,31,1.0,1.0,1.0,1.0
ZN.v.0,action_x_surprise,cut|small,spread_ticks,32,1.0,1.0,1.0,1.0
ZN.v.0,action_x_surprise,cut|small,spread_ticks,33,1.0,1.0,1.0,1.0
ZN.v.0,action_x_surprise,cut|small,spread_ticks,34,1.0,1.0,1.0,1.0
ZN.v.0,action_x_surprise,cut|small,spread_ticks,35,1.0,2.0,2.0,2.0
ZN.v.0,action_x_surprise,cut|small,spread_ticks,36,1.0,1.0,1.0,1.0
ZN.v.0,action_x_surprise,cut|small,spread_ticks,37,1.0,1.0,1.0,1.0
ZN.v.0,action_x_surprise,cut|small,spread_ticks,38,1.0,1.0,1.0,1.0
ZN.v.0,action_x_surprise,cut|small,spread_ticks,39,1.0,1.0,1.0,1.0
ZN.v.0,action_x_surprise,cut|small,spread_ticks,40,1.0,1.0,1.0,1.0
ZN.v.0,action_x_surprise,cut|small,spread_ticks,41,1.0,1.0,1.0,1.0
ZN.v.0,action_x_surprise,cut|small,spread_ticks,42,1.0,1.0,1.0,1.0
ZN.v.0,action_x_surprise,cut|small,spread_ticks,43,1.0,1.0,1.0,1.0
ZN.v.0,action_x_surprise,cut|small,spread_ticks,44,1.0,1.0,1.0,1.0
ZN.v.0,action_x_surprise,cut|small,spread_ticks,45,1.0,1.0,1.0,1.0
ZN.v.0,action_x_surprise,cut|small,spread_ticks,46,1.0,1.0,1.0,1.0
ZN.v.0,action_x_surprise,cut|small,spread_ticks,47,1.0,1.0,1.0,1.0
ZN.v.0,action_x_surprise,cut|small,spread_ticks,48,1.0,1.0,1.0,1.0
ZN.v.0,action_x_surprise,cut|small,spread_ticks,49,1.0,1.0,1.0,1.0
ZN.v.0,action_x_surprise,cut|small,spread_ticks,50,1.0,1.0,1.0,1.0
ZN.v.0,action_x_surprise,cut|small,spread_ticks,51,1.0,1.0,1.0,1.0
ZN.v.0,action_x_surprise,cut|small,spread_ticks,52,1.0,1.0,1.0,1.0
ZN.v.0,action_x_surprise,cut|small,spread_ticks,53,1.0,1.0,1.0,1.0
ZN.v.0,action_x_surprise,cut|small,spread_ticks,54,1.0,2.0,2.0,2.0
ZN.v.0,action_x_surprise,cut|small,spread_ticks,55,1.0,1.0,1.0,1.0
ZN.v.0,action_x_surprise,cut|small,spread_ticks,56,1.0,1.0,1.0,1.0
ZN.v.0,action_x_surprise,cut|small,spread_ticks,57,1.0,1.0,1.0,1.0
ZN.v.0,action_x_surprise,cut|small,spread_ticks,58,1.0,1.0,1.0,1.0
ZN.v.0,action_x_surprise,cut|small,spread_ticks,59,1.0,1.0,1.0,1.0
ZN.v.0,action_x_surprise,cut|small,spread_ticks,60,1.0,1.0,1.0,1.0
ZN.v.0,action_x_surprise,cut|small,spread_ticks,61,1.0,1.0,1.0,1.0
ZN.v.0,action_x_surprise,cut|small,spread_ticks,62,1.0,1.0,1.0,1.0
ZN.v.0,action_x_surprise,cut|small,spread_ticks,63,1.0,1.0,1.0,1.0
ZN.v.0,action_x_surprise,cut|small,spread_ticks,64,1.0,1.0,1.0,1.0
ZN.v.0,action_x_surprise,cut|small,spread_ticks,65,1.0,1.0,1.0,1.0
ZN.v.0,action_x_surprise,cut|small,spread_ticks,66,1.0,1.0,1.0,1.0
ZN.v.0,action_x_surprise,cut|small,spread_ticks,67,1.0,1.0,1.0,1.0
ZN.v.0,action_x_surprise,cut|small,spread_ticks,68,1.0,1.0,1.0,1.0
ZN.v.0,action_x_surprise,cut|small,spread_ticks,69,1.0,1.0,1.0,1.0
ZN.v.0,action_x_surprise,cut|small,spread_ticks,70,1.0,1.0,1.0,1.0
ZN.v.0,action_x_surprise,cut|small,spread_ticks,71,1.0,1.0,1.0,1.0
ZN.v.0,action_x_surprise,cut|small,spread_ticks,72,1.0,1.0,1.0,1.0
ZN.v.0,action_x_surprise,cut|small,spread_ticks,73,1.0,1.0,1.0,1.0
ZN.v.0,action_x_surprise,cut|small,spread_ticks,74,1.0,1.0,1.0,1.0
ZN.v.0,action_x_surprise,cut|small,spread_ticks,75,1.0,1.0,1.0,1.0
ZN.v.0,action_x_surprise,cut|small,spread_ticks,76,1.0,1.0,1.0,1.0
ZN.v.0,action_x_surprise,cut|small,spread_ticks,77,1.0,1.0,1.0,1.0
ZN.v.0,action_x_surprise,cut|small,spread_ticks,78,1.0,1.0,1.0,1.0
ZN.v.0,action_x_surprise,cut|small,spread_ticks,79,1.0,1.0,1.0,1.0
ZN.v.0,action_x_surprise,cut|small,spread_ticks,80,1.0,1.0,1.0,1.0
ZN.v.0,action_x_surprise,cut|small,spread_ticks,81,1.0,1.0,1.0,1.0
ZN.v.0,action_x_surprise,cut|small,spread_ticks,82,1.0,1.0,1.0,1.0
ZN.v.0,action_x_surprise,cut|small,spread_ticks,83,1.0,1.0,1.0,1.0
ZN.v.0,action_x_surprise,cut|small,spread_ticks,84,1.0,1.0,1.0,1.0
ZN.v.0,action_x_surprise,cut|small,spread_ticks,85,1.0,1.0,1.0,1.0
ZN.v.0,action_x_surprise,cut|small,spread_ticks,86,1.0,1.0,1.0,1.0
ZN.v.0,action_x_surprise,cut|small,spread_ticks,87,1.0,1.0,1.0,1.0
ZN.v.0,action_x_surprise,cut|small,spread_ticks,88,1.0,1.0,1.0,1.0
ZN.v.0,action_x_surprise,cut|small,spread_ticks,89,1.0,1.0,1.0,1.0
ZN.v.0,action_x_surprise,cut|small,spread_ticks,90,1.0,1.0,1.0,1.0
ZN.v.0,action_x_surprise,cut|small,spread_ticks,91,1.0,1.0,1.0,1.0
ZN.v.0,action_x_surprise,cut|small,spread_ticks,92,1.0,1.0,1.0,1.0
ZN.v.0,action_x_surprise,cut|small,spread_ticks,93,1.0,1.0,1.0,1.0
ZN.v.0,action_x_surprise,cut|small,spread_ticks,94,1.0,1.0,1.0,1.0
ZN.v.0,action_x_surprise,cut|small,spread_ticks,95,1.0,1.0,1.0,1.0
ZN.v.0,action_x_surprise,cut|small,spread_ticks,96,1.0,1.0,1.0,1.0
ZN.v.0,action_x_surprise,cut|small,spread_ticks,97,1.0,1.0,1.0,1.0
ZN.v.0,action_x_surprise,cut|small,spread_ticks,98,1.0,1.0,1.0,1.0
ZN.v.0,action_x_surprise,cut|small,spread_ticks,99,1.0,1.0,1.0,1.0
ZN.v.0,action_x_surprise,cut|small,spread_ticks,100,1.0,1.0,1.0,1.0
ZN.v.0,action_x_surprise,cut|small,spread_ticks,101,1.0,1.0,1.0,1.0
ZN.v.0,action_x_surprise,cut|small,spread_ticks,102,1.0,1.0,1.0,1.0
ZN.v.0,action_x_surprise,cut|small,spread_ticks,103,1.0,1.0,1.0,1.0
ZN.v.0,action_x_surprise,cut|small,spread_ticks,104,1.0,1.0,1.0,1.0
ZN.v.0,action_x_surprise,cut|small,spread_ticks,105,1.0,1.0,1.0,1.0
ZN.v.0,action_x_surprise,cut|small,spread_ticks,106,1.0,1.0,1.0,1.0
ZN.v.0,action_x_surprise,cut|small,spread_ticks,107,1.0,1.0,1.0,1.0
ZN.v.0,action_x_surprise,cut|small,spread_ticks,108,1.0,1.0,1.0,1.0
ZN.v.0,action_x_surprise,cut|small,spread_ticks,109,1.0,1.0,1.0,1.0
ZN.v.0,action_x_surprise,cut|small,spread_ticks,110,1.0,1.0,1.0,1.0
ZN.v.0,action_x_surprise,cut|small,spread_ticks,111,1.0,1.0,1.0,1.0
ZN.v.0,action_x_surprise,cut|small,spread_ticks,112,1.0,1.0,1.0,1.0
ZN.v.0,action_x_surprise,cut|small,spread_ticks,113,1.0,1.0,1.0,1.0
ZN.v.0,action_x_surprise,cut|small,spread_ticks,114,1.0,1.0,1.0,1.0
ZN.v.0,action_x_surprise,cut|small,spread_ticks,115,1.0,1.0,1.0,1.0
ZN.v.0,action_x_surprise,cut|small,spread_ticks,116,1.0,1.0,1.0,1.0
ZN.v.0,action_x_surprise,cut|small,spread_ticks,117,1.0,1.0,1.0,1.0
ZN.v.0,action_x_surprise,cut|small,spread_ticks,118,1.0,1.0,1.0,1.0
ZN.v.0,action_x_surprise,cut|small,spread_ticks,119,1.0,1.0,1.0,1.0
ZN.v.0,action_x_surprise,cut|small,spread_ticks,120,1.0,1.0,1.0,1.0
ZN.v.0,action_x_surprise,hike|large,spread_ticks,-60,11.0,1.1818181818181819,1.0,1.0
ZN.v.0,action_x_surprise,hike|large,spread_ticks,-59,11.0,1.3636363636363635,1.0,2.0
ZN.v.0,action_x_surprise,hike|large,spread_ticks,-58,11.0,1.3636363636363635,1.0,2.0
ZN.v.0,action_x_surprise,hike|large,spread_ticks,-57,11.0,1.2727272727272727,1.0,1.5
ZN.v.0,action_x_surprise,hike|large,spread_ticks,-56,11.0,1.1818181818181819,1.0,1.0
ZN.v.0,action_x_surprise,hike|large,spread_ticks,-55,11.0,1.1818181818181819,1.0,1.0
ZN.v.0,action_x_surprise,hike|large,spread_ticks,-54,11.0,1.2727272727272727,1.0,1.0
ZN.v.0,action_x_surprise,hike|large,spread_ticks,-53,11.0,1.2727272727272727,1.0,1.0
ZN.v.0,action_x_surprise,hike|large,spread_ticks,-52,11.0,1.1818181818181819,1.0,1.0
ZN.v.0,action_x_surprise,hike|large,spread_ticks,-51,11.0,1.1818181818181819,1.0,1.0
ZN.v.0,action_x_surprise,hike|large,spread_ticks,-50,11.0,1.2727272727272727,1.0,1.5
ZN.v.0,action_x_surprise,hike|large,spread_ticks,-49,11.0,1.2727272727272727,1.0,1.5
ZN.v.0,action_x_surprise,hike|large,spread_ticks,-48,11.0,1.1818181818181819,1.0,1.0
ZN.v.0,action_x_surprise,hike|large,spread_ticks,-47,11.0,1.4545454545454546,1.0,2.0
ZN.v.0,action_x_surprise,hike|large,spread_ticks,-46,11.0,1.4545454545454546,1.0,2.0
ZN.v.0,action_x_surprise,hike|large,spread_ticks,-45,11.0,1.4545454545454546,1.0,2.0
ZN.v.0,action_x_surprise,hike|large,spread_ticks,-44,11.0,1.3636363636363635,1.0,2.0
ZN.v.0,action_x_surprise,hike|large,spread_ticks,-43,11.0,1.3636363636363635,1.0,2.0
ZN.v.0,action_x_surprise,hike|large,spread_ticks,-42,11.0,1.5454545454545454,1.0,2.0
ZN.v.0,action_x_surprise,hike|large,spread_ticks,-41,11.0,1.6363636363636365,1.0,2.0
ZN.v.0,action_x_surprise,hike|large,spread_ticks,-40,11.0,1.6363636363636365,1.0,2.0
ZN.v.0,action_x_surprise,hike|large,spread_ticks,-39,11.0,1.5454545454545454,1.0,2.0
ZN.v.0,action_x_surprise,hike|large,spread_ticks,-38,11.0,1.4545454545454546,1.0,2.0
ZN.v.0,action_x_surprise,hike|large,spread_ticks,-37,11.0,1.5454545454545454,1.0,2.0
ZN.v.0,action_x_surprise,hike|large,spread_ticks,-36,11.0,1.2727272727272727,1.0,1.0
ZN.v.0,action_x_surprise,hike|large,spread_ticks,-35,11.0,1.1818181818181819,1.0,1.0
ZN.v.0,action_x_surprise,hike|large,spread_ticks,-34,11.0,1.3636363636363635,1.0,1.5
ZN.v.0,action_x_surprise,hike|large,spread_ticks,-33,11.0,1.2727272727272727,1.0,1.0
ZN.v.0,action_x_surprise,hike|large,spread_ticks,-32,11.0,1.2727272727272727,1.0,1.0
ZN.v.0,action_x_surprise,hike|large,spread_ticks,-31,11.0,1.1818181818181819,1.0,1.0
ZN.v.0,action_x_surprise,hike|large,spread_ticks,-30,11.0,1.2727272727272727,1.0,1.5
ZN.v.0,action_x_surprise,hike|large,spread_ticks,-29,11.0,1.1818181818181819,1.0,1.0
ZN.v.0,action_x_surprise,hike|large,spread_ticks,-28,11.0,1.5454545454545454,1.0,2.0
ZN.v.0,action_x_surprise,hike|large,spread_ticks,-27,11.0,1.3636363636363635,1.0,2.0
ZN.v.0,action_x_surprise,hike|large,spread_ticks,-26,11.0,1.6363636363636365,1.0,2.0
ZN.v.0,action_x_surprise,hike|large,spread_ticks,-25,11.0,1.6363636363636365,1.0,2.0
ZN.v.0,action_x_surprise,hike|large,spread_ticks,-24,11.0,1.7272727272727273,1.0,2.0
ZN.v.0,action_x_surprise,hike|large,spread_ticks,-23,11.0,1.4545454545454546,1.0,2.0
ZN.v.0,action_x_surprise,hike|large,spread_ticks,-22,11.0,1.6363636363636365,1.0,2.0
ZN.v.0,action_x_surprise,hike|large,spread_ticks,-21,11.0,1.5454545454545454,1.0,2.0
ZN.v.0,action_x_surprise,hike|large,spread_ticks,-20,11.0,1.4545454545454546,1.0,2.0
ZN.v.0,action_x_surprise,hike|large,spread_ticks,-19,11.0,1.3636363636363635,1.0,2.0
ZN.v.0,action_x_surprise,hike|large,spread_ticks,-18,11.0,1.3636363636363635,1.0,2.0
ZN.v.0,action_x_surprise,hike|large,spread_ticks,-17,11.0,1.6363636363636365,1.0,2.0
ZN.v.0,action_x_surprise,hike|large,spread_ticks,-16,11.0,1.6363636363636365,1.0,2.0
ZN.v.0,action_x_surprise,hike|large,spread_ticks,-15,11.0,1.8181818181818181,1.0,2.0
ZN.v.0,action_x_surprise,hike|large,spread_ticks,-14,11.0,1.6363636363636365,1.0,2.0
ZN.v.0,action_x_surprise,hike|large,spread_ticks,-13,11.0,1.7272727272727273,1.0,2.0
ZN.v.0,action_x_surprise,hike|large,spread_ticks,-12,11.0,1.7272727272727273,1.0,2.0
ZN.v.0,action_x_surprise,hike|large,spread_ticks,-11,11.0,1.7272727272727273,1.0,2.5
ZN.v.0,action_x_surprise,hike|large,spread_ticks,-10,11.0,1.7272727272727273,1.0,2.0
ZN.v.0,action_x_surprise,hike|large,spread_ticks,-9,11.0,1.9090909090909092,1.0,2.5
ZN.v.0,action_x_surprise,hike|large,spread_ticks,-8,11.0,1.7272727272727273,1.0,2.5
ZN.v.0,action_x_surprise,hike|large,spread_ticks,-7,11.0,1.7272727272727273,1.0,2.0
ZN.v.0,action_x_surprise,hike|large,spread_ticks,-6,11.0,1.6363636363636365,1.0,2.0
ZN.v.0,action_x_surprise,hike|large,spread_ticks,-5,11.0,2.0,1.5,2.0
ZN.v.0,action_x_surprise,hike|large,spread_ticks,-4,11.0,1.9090909090909092,1.0,2.0
ZN.v.0,action_x_surprise,hike|large,spread_ticks,-3,11.0,1.8181818181818181,1.5,2.0
ZN.v.0,action_x_surprise,hike|large,spread_ticks,-2,11.0,2.0,1.0,2.5
ZN.v.0,action_x_surprise,hike|large,spread_ticks,-1,11.0,2.0,1.0,2.5
ZN.v.0,action_x_surprise,hike|large,spread_ticks,0,11.0,2.1818181818181817,2.0,2.5
ZN.v.0,action_x_surprise,hike|large,spread_ticks,1,11.0,2.272727272727273,1.0,3.0
ZN.v.0,action_x_surprise,hike|large,spread_ticks,2,11.0,2.3636363636363638,2.0,3.0
ZN.v.0,action_x_surprise,hike|large,spread_ticks,3,11.0,2.727272727272727,2.0,4.0
ZN.v.0,action_x_surprise,hike|large,spread_ticks,4,11.0,2.909090909090909,2.0,4.0
ZN.v.0,action_x_surprise,hike|large,spread_ticks,5,11.0,3.0,2.0,4.0
ZN.v.0,action_x_surprise,hike|large,spread_ticks,6,11.0,2.3636363636363638,2.0,3.0
ZN.v.0,action_x_surprise,hike|large,spread_ticks,7,11.0,2.4545454545454546,1.0,3.5
ZN.v.0,action_x_surprise,hike|large,spread_ticks,8,11.0,2.0,1.0,2.0
ZN.v.0,action_x_surprise,hike|large,spread_ticks,9,11.0,1.9090909090909092,1.5,2.0
ZN.v.0,action_x_surprise,hike|large,spread_ticks,10,11.0,2.1818181818181817,2.0,2.5
ZN.v.0,action_x_surprise,hike|large,spread_ticks,11,11.0,1.9090909090909092,1.0,2.0
ZN.v.0,action_x_surprise,hike|large,spread_ticks,12,11.0,1.4545454545454546,1.0,2.0
ZN.v.0,action_x_surprise,hike|large,spread_ticks,13,11.0,1.7272727272727273,1.0,2.0
ZN.v.0,action_x_surprise,hike|large,spread_ticks,14,11.0,1.5454545454545454,1.0,2.0
ZN.v.0,action_x_surprise,hike|large,spread_ticks,15,11.0,1.6363636363636365,1.0,2.0
ZN.v.0,action_x_surprise,hike|large,spread_ticks,16,11.0,1.5454545454545454,1.0,2.0
ZN.v.0,action_x_surprise,hike|large,spread_ticks,17,11.0,1.4545454545454546,1.0,2.0
ZN.v.0,action_x_surprise,hike|large,spread_ticks,18,11.0,1.3636363636363635,1.0,2.0
ZN.v.0,action_x_surprise,hike|large,spread_ticks,19,11.0,1.6363636363636365,1.0,2.0
ZN.v.0,action_x_surprise,hike|large,spread_ticks,20,11.0,1.2727272727272727,1.0,1.5
ZN.v.0,action_x_surprise,hike|large,spread_ticks,21,11.0,1.1818181818181819,1.0,1.0
ZN.v.0,action_x_surprise,hike|large,spread_ticks,22,11.0,1.2727272727272727,1.0,1.5
ZN.v.0,action_x_surprise,hike|large,spread_ticks,23,11.0,1.2727272727272727,1.0,1.5
ZN.v.0,action_x_surprise,hike|large,spread_ticks,24,11.0,1.2727272727272727,1.0,1.0
ZN.v.0,action_x_surprise,hike|large,spread_ticks,25,11.0,1.3636363636363635,1.0,1.5
ZN.v.0,action_x_surprise,hike|large,spread_ticks,26,11.0,1.4545454545454546,1.0,2.0
ZN.v.0,action_x_surprise,hike|large,spread_ticks,27,11.0,1.0909090909090908,1.0,1.0
ZN.v.0,action_x_surprise,hike|large,spread_ticks,28,11.0,1.0909090909090908,1.0,1.0
ZN.v.0,action_x_surprise,hike|large,spread_ticks,29,11.0,1.4545454545454546,1.0,2.0
ZN.v.0,action_x_surprise,hike|large,spread_ticks,30,11.0,1.4545454545454546,1.0,2.0
ZN.v.0,action_x_surprise,hike|large,spread_ticks,31,11.0,1.2727272727272727,1.0,1.5
ZN.v.0,action_x_surprise,hike|large,spread_ticks,32,11.0,1.3636363636363635,1.0,2.0
ZN.v.0,action_x_surprise,hike|large,spread_ticks,33,11.0,1.1818181818181819,1.0,1.0
ZN.v.0,action_x_surprise,hike|large,spread_ticks,34,11.0,1.1818181818181819,1.0,1.0
ZN.v.0,action_x_surprise,hike|large,spread_ticks,35,11.0,1.2727272727272727,1.0,1.5
ZN.v.0,action_x_surprise,hike|large,spread_ticks,36,11.0,1.1818181818181819,1.0,1.0
ZN.v.0,action_x_surprise,hike|large,spread_ticks,37,11.0,1.4545454545454546,1.0,2.0
ZN.v.0,action_x_surprise,hike|large,spread_ticks,38,11.0,1.0909090909090908,1.0,1.0
ZN.v.0,action_x_surprise,hike|large,spread_ticks,39,11.0,1.0909090909090908,1.0,1.0
ZN.v.0,action_x_surprise,hike|large,spread_ticks,40,11.0,1.1818181818181819,1.0,1.0
ZN.v.0,action_x_surprise,hike|large,spread_ticks,41,11.0,1.2727272727272727,1.0,1.5
ZN.v.0,action_x_surprise,hike|large,spread_ticks,42,11.0,1.2727272727272727,1.0,1.5
ZN.v.0,action_x_surprise,hike|large,spread_ticks,43,11.0,1.0,1.0,1.0
ZN.v.0,action_x_surprise,hike|large,spread_ticks,44,11.0,1.0909090909090908,1.0,1.0
ZN.v.0,action_x_surprise,hike|large,spread_ticks,45,11.0,1.3636363636363635,1.0,2.0
ZN.v.0,action_x_surprise,hike|large,spread_ticks,46,11.0,1.3636363636363635,1.0,2.0
ZN.v.0,action_x_surprise,hike|large,spread_ticks,47,11.0,1.0,1.0,1.0
ZN.v.0,action_x_surprise,hike|large,spread_ticks,48,11.0,1.0909090909090908,1.0,1.0
ZN.v.0,action_x_surprise,hike|large,spread_ticks,49,11.0,1.0,1.0,1.0
ZN.v.0,action_x_surprise,hike|large,spread_ticks,50,11.0,1.0909090909090908,1.0,1.0
ZN.v.0,action_x_surprise,hike|large,spread_ticks,51,11.0,1.0,1.0,1.0
ZN.v.0,action_x_surprise,hike|large,spread_ticks,52,11.0,1.2727272727272727,1.0,1.5
ZN.v.0,action_x_surprise,hike|large,spread_ticks,53,11.0,1.2727272727272727,1.0,1.5
ZN.v.0,action_x_surprise,hike|large,spread_ticks,54,11.0,1.1818181818181819,1.0,1.0
ZN.v.0,action_x_surprise,hike|large,spread_ticks,55,11.0,1.0909090909090908,1.0,1.0
ZN.v.0,action_x_surprise,hike|large,spread_ticks,56,11.0,1.0909090909090908,1.0,1.0
ZN.v.0,action_x_surprise,hike|large,spread_ticks,57,11.0,1.0909090909090908,1.0,1.0
ZN.v.0,action_x_surprise,hike|large,spread_ticks,58,11.0,1.1818181818181819,1.0,1.0
ZN.v.0,action_x_surprise,hike|large,spread_ticks,59,11.0,1.1818181818181819,1.0,1.0
ZN.v.0,action_x_surprise,hike|large,spread_ticks,60,11.0,1.1818181818181819,1.0,1.0
ZN.v.0,action_x_surprise,hike|large,spread_ticks,61,11.0,1.2727272727272727,1.0,1.5
ZN.v.0,action_x_surprise,hike|large,spread_ticks,62,11.0,1.0909090909090908,1.0,1.0
ZN.v.0,action_x_surprise,hike|large,spread_ticks,63,11.0,1.2727272727272727,1.0,1.5
ZN.v.0,action_x_surprise,hike|large,spread_ticks,64,11.0,1.1818181818181819,1.0,1.0
ZN.v.0,action_x_surprise,hike|large,spread_ticks,65,11.0,1.0909090909090908,1.0,1.0
ZN.v.0,action_x_surprise,hike|large,spread_ticks,66,11.0,1.1818181818181819,1.0,1.0
ZN.v.0,action_x_surprise,hike|large,spread_ticks,67,11.0,1.0909090909090908,1.0,1.0
ZN.v.0,action_x_surprise,hike|large,spread_ticks,68,11.0,1.0909090909090908,1.0,1.0
ZN.v.0,action_x_surprise,hike|large,spread_ticks,69,11.0,1.0909090909090908,1.0,1.0
ZN.v.0,action_x_surprise,hike|large,spread_ticks,70,11.0,1.0909090909090908,1.0,1.0
ZN.v.0,action_x_surprise,hike|large,spread_ticks,71,11.0,1.0,1.0,1.0
ZN.v.0,action_x_surprise,hike|large,spread_ticks,72,11.0,1.0909090909090908,1.0,1.0
ZN.v.0,action_x_surprise,hike|large,spread_ticks,73,11.0,1.0909090909090908,1.0,1.0
ZN.v.0,action_x_surprise,hike|large,spread_ticks,74,11.0,1.0909090909090908,1.0,1.0
ZN.v.0,action_x_surprise,hike|large,spread_ticks,75,11.0,1.0909090909090908,1.0,1.0
ZN.v.0,action_x_surprise,hike|large,spread_ticks,76,11.0,1.0909090909090908,1.0,1.0
ZN.v.0,action_x_surprise,hike|large,spread_ticks,77,11.0,1.0909090909090908,1.0,1.0
ZN.v.0,action_x_surprise,hike|large,spread_ticks,78,11.0,1.0909090909090908,1.0,1.0
ZN.v.0,action_x_surprise,hike|large,spread_ticks,79,11.0,1.0909090909090908,1.0,1.0
ZN.v.0,action_x_surprise,hike|large,spread_ticks,80,11.0,1.0909090909090908,1.0,1.0
ZN.v.0,action_x_surprise,hike|large,spread_ticks,81,11.0,1.0909090909090908,1.0,1.0
ZN.v.0,action_x_surprise,hike|large,spread_ticks,82,11.0,1.0,1.0,1.0
ZN.v.0,action_x_surprise,hike|large,spread_ticks,83,11.0,1.0,1.0,1.0
ZN.v.0,action_x_surprise,hike|large,spread_ticks,84,11.0,1.0,1.0,1.0
ZN.v.0,action_x_surprise,hike|large,spread_ticks,85,11.0,1.0,1.0,1.0
ZN.v.0,action_x_surprise,hike|large,spread_ticks,86,11.0,1.0909090909090908,1.0,1.0
ZN.v.0,action_x_surprise,hike|large,spread_ticks,87,11.0,1.0,1.0,1.0
ZN.v.0,action_x_surprise,hike|large,spread_ticks,88,11.0,1.0909090909090908,1.0,1.0
ZN.v.0,action_x_surprise,hike|large,spread_ticks,89,11.0,1.0,1.0,1.0
ZN.v.0,action_x_surprise,hike|large,spread_ticks,90,11.0,1.0909090909090908,1.0,1.0
ZN.v.0,action_x_surprise,hike|large,spread_ticks,91,11.0,1.0909090909090908,1.0,1.0
ZN.v.0,action_x_surprise,hike|large,spread_ticks,92,11.0,1.0909090909090908,1.0,1.0
ZN.v.0,action_x_surprise,hike|large,spread_ticks,93,11.0,1.0909090909090908,1.0,1.0
ZN.v.0,action_x_surprise,hike|large,spread_ticks,94,11.0,1.0,1.0,1.0
ZN.v.0,action_x_surprise,hike|large,spread_ticks,95,11.0,1.0,1.0,1.0
ZN.v.0,action_x_surprise,hike|large,spread_ticks,96,11.0,1.1818181818181819,1.0,1.0
ZN.v.0,action_x_surprise,hike|large,spread_ticks,97,11.0,1.0909090909090908,1.0,1.0
ZN.v.0,action_x_surprise,hike|large,spread_ticks,98,11.0,1.0909090909090908,1.0,1.0
ZN.v.0,action_x_surprise,hike|large,spread_ticks,99,11.0,1.0,1.0,1.0
ZN.v.0,action_x_surprise,hike|large,spread_ticks,100,11.0,1.2727272727272727,1.0,1.5
ZN.v.0,action_x_surprise,hike|large,spread_ticks,101,11.0,1.0909090909090908,1.0,1.0
ZN.v.0,action_x_surprise,hike|large,spread_ticks,102,11.0,1.1818181818181819,1.0,1.0
ZN.v.0,action_x_surprise,hike|large,spread_ticks,103,11.0,1.1818181818181819,1.0,1.0
ZN.v.0,action_x_surprise,hike|large,spread_ticks,104,11.0,1.0,1.0,1.0
ZN.v.0,action_x_surprise,hike|large,spread_ticks,105,11.0,1.0909090909090908,1.0,1.0
ZN.v.0,action_x_surprise,hike|large,spread_ticks,106,11.0,1.0909090909090908,1.0,1.0
ZN.v.0,action_x_surprise,hike|large,spread_ticks,107,11.0,1.1818181818181819,1.0,1.0
ZN.v.0,action_x_surprise,hike|large,spread_ticks,108,11.0,1.0909090909090908,1.0,1.0
ZN.v.0,action_x_surprise,hike|large,spread_ticks,109,11.0,1.0,1.0,1.0
ZN.v.0,action_x_surprise,hike|large,spread_ticks,110,11.0,1.1818181818181819,1.0,1.0
ZN.v.0,action_x_surprise,hike|large,spread_ticks,111,11.0,1.0909090909090908,1.0,1.0
ZN.v.0,action_x_surprise,hike|large,spread_ticks,112,11.0,1.0,1.0,1.0
ZN.v.0,action_x_surprise,hike|large,spread_ticks,113,11.0,1.0,1.0,1.0
ZN.v.0,action_x_surprise,hike|large,spread_ticks,114,11.0,1.0909090909090908,1.0,1.0
ZN.v.0,action_x_surprise,hike|large,spread_ticks,115,11.0,1.0909090909090908,1.0,1.0
ZN.v.0,action_x_surprise,hike|large,spread_ticks,116,11.0,1.0909090909090908,1.0,1.0
ZN.v.0,action_x_surprise,hike|large,spread_ticks,117,11.0,1.0909090909090908,1.0,1.0
ZN.v.0,action_x_surprise,hike|large,spread_ticks,118,11.0,1.0909090909090908,1.0,1.0
ZN.v.0,action_x_surprise,hike|large,spread_ticks,119,11.0,1.0909090909090908,1.0,1.0
ZN.v.0,action_x_surprise,hike|large,spread_ticks,120,11.0,1.1818181818181819,1.0,1.0
ZN.v.0,action_x_surprise,hike|medium,spread_ticks,-60,6.0,1.6666666666666667,1.25,2.0
ZN.v.0,action_x_surprise,hike|medium,spread_ticks,-59,6.0,1.6666666666666667,1.0,2.0
ZN.v.0,action_x_surprise,hike|medium,spread_ticks,-58,6.0,1.5,1.0,1.75
ZN.v.0,action_x_surprise,hike|medium,spread_ticks,-57,6.0,1.6666666666666667,1.0,2.0
ZN.v.0,action_x_surprise,hike|medium,spread_ticks,-56,6.0,1.3333333333333333,1.0,1.75
ZN.v.0,action_x_surprise,hike|medium,spread_ticks,-55,6.0,1.3333333333333333,1.0,1.75
ZN.v.0,action_x_surprise,hike|medium,spread_ticks,-54,6.0,1.6666666666666667,1.0,2.0
ZN.v.0,action_x_surprise,hike|medium,spread_ticks,-53,6.0,1.6666666666666667,1.0,2.0
ZN.v.0,action_x_surprise,hike|medium,spread_ticks,-52,6.0,1.3333333333333333,1.0,1.0
ZN.v.0,action_x_surprise,hike|medium,spread_ticks,-51,6.0,1.3333333333333333,1.0,1.75
ZN.v.0,action_x_surprise,hike|medium,spread_ticks,-50,6.0,1.5,1.0,1.75
ZN.v.0,action_x_surprise,hike|medium,spread_ticks,-49,6.0,1.5,1.0,1.75
ZN.v.0,action_x_surprise,hike|medium,spread_ticks,-48,6.0,1.5,1.0,1.75
ZN.v.0,action_x_surprise,hike|medium,spread_ticks,-47,6.0,1.3333333333333333,1.0,1.75
ZN.v.0,action_x_surprise,hike|medium,spread_ticks,-46,6.0,1.3333333333333333,1.0,1.75
ZN.v.0,action_x_surprise,hike|medium,spread_ticks,-45,6.0,1.5,1.0,1.75
ZN.v.0,action_x_surprise,hike|medium,spread_ticks,-44,6.0,1.1666666666666667,1.0,1.0
ZN.v.0,action_x_surprise,hike|medium,spread_ticks,-43,6.0,1.1666666666666667,1.0,1.0
ZN.v.0,action_x_surprise,hike|medium,spread_ticks,-42,6.0,1.1666666666666667,1.0,1.0
ZN.v.0,action_x_surprise,hike|medium,spread_ticks,-41,6.0,1.1666666666666667,1.0,1.0
ZN.v.0,action_x_surprise,hike|medium,spread_ticks,-40,6.0,1.3333333333333333,1.0,1.75
ZN.v.0,action_x_surprise,hike|medium,spread_ticks,-39,6.0,1.1666666666666667,1.0,1.0
ZN.v.0,action_x_surprise,hike|medium,spread_ticks,-38,6.0,1.5,1.0,2.0
ZN.v.0,action_x_surprise,hike|medium,spread_ticks,-37,6.0,1.5,1.0,2.0
ZN.v.0,action_x_surprise,hike|medium,spread_ticks,-36,6.0,1.5,1.0,2.0
ZN.v.0,action_x_surprise,hike|medium,spread_ticks,-35,6.0,1.1666666666666667,1.0,1.0
ZN.v.0,action_x_surprise,hike|medium,spread_ticks,-34,6.0,1.3333333333333333,1.0,1.75
ZN.v.0,action_x_surprise,hike|medium,spread_ticks,-33,6.0,1.3333333333333333,1.0,1.75
ZN.v.0,action_x_surprise,hike|medium,spread_ticks,-32,6.0,1.1666666666666667,1.0,1.0
ZN.v.0,action_x_surprise,hike|medium,spread_ticks,-31,6.0,1.0,1.0,1.0
ZN.v.0,action_x_surprise,hike|medium,spread_ticks,-30,6.0,1.0,1.0,1.0
ZN.v.0,action_x_surprise,hike|medium,spread_ticks,-29,6.0,1.3333333333333333,1.0,1.75
ZN.v.0,action_x_surprise,hike|medium,spread_ticks,-28,6.0,1.1666666666666667,1.0,1.0
ZN.v.0,action_x_surprise,hike|medium,spread_ticks,-27,6.0,1.3333333333333333,1.0,1.75
ZN.v.0,action_x_surprise,hike|medium,spread_ticks,-26,6.0,1.3333333333333333,1.0,1.75
ZN.v.0,action_x_surprise,hike|medium,spread_ticks,-25,6.0,1.3333333333333333,1.0,1.75
ZN.v.0,action_x_surprise,hike|medium,spread_ticks,-24,6.0,1.5,1.0,2.0
ZN.v.0,action_x_surprise,hike|medium,spread_ticks,-23,6.0,1.3333333333333333,1.0,1.75
ZN.v.0,action_x_surprise,hike|medium,spread_ticks,-22,6.0,1.5,1.0,2.0
ZN.v.0,action_x_surprise,hike|medium,spread_ticks,-21,6.0,1.5,1.0,2.0
ZN.v.0,action_x_surprise,hike|medium,spread_ticks,-20,6.0,1.5,1.0,2.0
ZN.v.0,action_x_surprise,hike|medium,spread_ticks,-19,6.0,1.3333333333333333,1.0,1.75
ZN.v.0,action_x_surprise,hike|medium,spread_ticks,-18,6.0,1.1666666666666667,1.0,1.0
ZN.v.0,action_x_surprise,hike|medium,spread_ticks,-17,6.0,1.1666666666666667,1.0,1.0
ZN.v.0,action_x_surprise,hike|medium,spread_ticks,-16,6.0,1.3333333333333333,1.0,1.75
ZN.v.0,action_x_surprise,hike|medium,spread_ticks,-15,6.0,1.1666666666666667,1.0,1.0
ZN.v.0,action_x_surprise,hike|medium,spread_ticks,-14,6.0,1.3333333333333333,1.0,1.75
ZN.v.0,action_x_surprise,hike|medium,spread_ticks,-13,6.0,1.1666666666666667,1.0,1.0
ZN.v.0,action_x_surprise,hike|medium,spread_ticks,-12,6.0,1.3333333333333333,1.0,1.75
ZN.v.0,action_x_surprise,hike|medium,spread_ticks,-11,6.0,1.1666666666666667,1.0,1.0
ZN.v.0,action_x_surprise,hike|medium,spread_ticks,-10,6.0,1.5,1.0,1.75
ZN.v.0,action_x_surprise,hike|medium,spread_ticks,-9,6.0,1.3333333333333333,1.0,1.0
ZN.v.0,action_x_surprise,hike|medium,spread_ticks,-8,6.0,1.3333333333333333,1.0,1.75
ZN.v.0,action_x_surprise,hike|medium,spread_ticks,-7,6.0,1.3333333333333333,1.0,1.75
ZN.v.0,action_x_surprise,hike|medium,spread_ticks,-6,6.0,1.3333333333333333,1.0,1.75
ZN.v.0,action_x_surprise,hike|medium,spread_ticks,-5,6.0,1.3333333333333333,1.0,1.75
ZN.v.0,action_x_surprise,hike|medium,spread_ticks,-4,6.0,1.5,1.0,2.0
ZN.v.0,action_x_surprise,hike|medium,spread_ticks,-3,6.0,1.5,1.0,2.0
ZN.v.0,action_x_surprise,hike|medium,spread_ticks,-2,6.0,1.5,1.0,2.0
ZN.v.0,action_x_surprise,hike|medium,spread_ticks,-1,6.0,1.5,1.0,2.0
ZN.v.0,action_x_surprise,hike|medium,spread_ticks,0,6.0,1.5,1.0,2.0
ZN.v.0,action_x_surprise,hike|medium,spread_ticks,1,6.0,1.6666666666666667,1.25,2.0
ZN.v.0,action_x_surprise,hike|medium,spread_ticks,2,6.0,1.5,1.0,2.0
ZN.v.0,action_x_surprise,hike|medium,spread_ticks,3,6.0,1.8333333333333333,2.0,2.0
ZN.v.0,action_x_surprise,hike|medium,spread_ticks,4,6.0,1.8333333333333333,1.0,2.75
ZN.v.0,action_x_surprise,hike|medium,spread_ticks,5,6.0,2.0,1.25,2.75
ZN.v.0,action_x_surprise,hike|medium,spread_ticks,6,6.0,1.6666666666666667,1.0,2.0
ZN.v.0,action_x_surprise,hike|medium,spread_ticks,7,6.0,1.3333333333333333,1.0,1.75
ZN.v.0,action_x_surprise,hike|medium,spread_ticks,8,6.0,1.3333333333333333,1.0,1.75
ZN.v.0,action_x_surprise,hike|medium,spread_ticks,9,6.0,1.5,1.0,2.0
ZN.v.0,action_x_surprise,hike|medium,spread_ticks,10,6.0,1.6666666666666667,1.0,2.0
ZN.v.0,action_x_surprise,hike|medium,spread_ticks,11,6.0,1.3333333333333333,1.0,1.75
ZN.v.0,action_x_surprise,hike|medium,spread_ticks,12,6.0,1.1666666666666667,1.0,1.0
ZN.v.0,action_x_surprise,hike|medium,spread_ticks,13,6.0,1.1666666666666667,1.0,1.0
ZN.v.0,action_x_surprise,hike|medium,spread_ticks,14,6.0,1.1666666666666667,1.0,1.0
ZN.v.0,action_x_surprise,hike|medium,spread_ticks,15,6.0,1.1666666666666667,1.0,1.0
ZN.v.0,action_x_surprise,hike|medium,spread_ticks,16,6.0,1.0,1.0,1.0
ZN.v.0,action_x_surprise,hike|medium,spread_ticks,17,6.0,1.1666666666666667,1.0,1.0
ZN.v.0,action_x_surprise,hike|medium,spread_ticks,18,6.0,1.3333333333333333,1.0,1.75
ZN.v.0,action_x_surprise,hike|medium,spread_ticks,19,6.0,1.0,1.0,1.0
ZN.v.0,action_x_surprise,hike|medium,spread_ticks,20,6.0,1.3333333333333333,1.0,1.75
ZN.v.0,action_x_surprise,hike|medium,spread_ticks,21,6.0,1.3333333333333333,1.0,1.75
ZN.v.0,action_x_surprise,hike|medium,spread_ticks,22,6.0,1.1666666666666667,1.0,1.0
ZN.v.0,action_x_surprise,hike|medium,spread_ticks,23,6.0,1.1666666666666667,1.0,1.0
ZN.v.0,action_x_surprise,hike|medium,spread_ticks,24,6.0,1.1666666666666667,1.0,1.0
ZN.v.0,action_x_surprise,hike|medium,spread_ticks,25,6.0,1.1666666666666667,1.0,1.0
ZN.v.0,action_x_surprise,hike|medium,spread_ticks,26,6.0,1.1666666666666667,1.0,1.0
ZN.v.0,action_x_surprise,hike|medium,spread_ticks,27,6.0,1.0,1.0,1.0
ZN.v.0,action_x_surprise,hike|medium,spread_ticks,28,6.0,1.0,1.0,1.0
ZN.v.0,action_x_surprise,hike|medium,spread_ticks,29,6.0,1.0,1.0,1.0
ZN.v.0,action_x_surprise,hike|medium,spread_ticks,30,6.0,1.0,1.0,1.0
ZN.v.0,action_x_surprise,hike|medium,spread_ticks,31,6.0,1.1666666666666667,1.0,1.0
ZN.v.0,action_x_surprise,hike|medium,spread_ticks,32,6.0,1.1666666666666667,1.0,1.0
ZN.v.0,action_x_surprise,hike|medium,spread_ticks,33,6.0,1.1666666666666667,1.0,1.0
ZN.v.0,action_x_surprise,hike|medium,spread_ticks,34,6.0,1.1666666666666667,1.0,1.0
ZN.v.0,action_x_surprise,hike|medium,spread_ticks,35,6.0,1.1666666666666667,1.0,1.0
ZN.v.0,action_x_surprise,hike|medium,spread_ticks,36,6.0,1.0,1.0,1.0
ZN.v.0,action_x_surprise,hike|medium,spread_ticks,37,6.0,1.0,1.0,1.0
ZN.v.0,action_x_surprise,hike|medium,spread_ticks,38,6.0,1.0,1.0,1.0
ZN.v.0,action_x_surprise,hike|medium,spread_ticks,39,6.0,1.0,1.0,1.0
ZN.v.0,action_x_surprise,hike|medium,spread_ticks,40,6.0,1.1666666666666667,1.0,1.0
ZN.v.0,action_x_surprise,hike|medium,spread_ticks,41,6.0,1.0,1.0,1.0
ZN.v.0,action_x_surprise,hike|medium,spread_ticks,42,6.0,1.1666666666666667,1.0,1.0
ZN.v.0,action_x_surprise,hike|medium,spread_ticks,43,6.0,1.0,1.0,1.0
ZN.v.0,action_x_surprise,hike|medium,spread_ticks,44,6.0,1.3333333333333333,1.0,1.75
ZN.v.0,action_x_surprise,hike|medium,spread_ticks,45,6.0,1.1666666666666667,1.0,1.0
ZN.v.0,action_x_surprise,hike|medium,spread_ticks,46,6.0,1.0,1.0,1.0
ZN.v.0,action_x_surprise,hike|medium,spread_ticks,47,6.0,1.1666666666666667,1.0,1.0
ZN.v.0,action_x_surprise,hike|medium,spread_ticks,48,6.0,1.0,1.0,1.0
ZN.v.0,action_x_surprise,hike|medium,spread_ticks,49,6.0,1.1666666666666667,1.0,1.0
ZN.v.0,action_x_surprise,hike|medium,spread_ticks,50,6.0,1.0,1.0,1.0
ZN.v.0,action_x_surprise,hike|medium,spread_ticks,51,6.0,1.1666666666666667,1.0,1.0
ZN.v.0,action_x_surprise,hike|medium,spread_ticks,52,6.0,1.0,1.0,1.0
ZN.v.0,action_x_surprise,hike|medium,spread_ticks,53,6.0,1.0,1.0,1.0
ZN.v.0,action_x_surprise,hike|medium,spread_ticks,54,6.0,1.0,1.0,1.0
ZN.v.0,action_x_surprise,hike|medium,spread_ticks,55,6.0,1.1666666666666667,1.0,1.0
ZN.v.0,action_x_surprise,hike|medium,spread_ticks,56,6.0,1.0,1.0,1.0
ZN.v.0,action_x_surprise,hike|medium,spread_ticks,57,6.0,1.0,1.0,1.0
ZN.v.0,action_x_surprise,hike|medium,spread_ticks,58,6.0,1.0,1.0,1.0
ZN.v.0,action_x_surprise,hike|medium,spread_ticks,59,6.0,1.0,1.0,1.0
ZN.v.0,action_x_surprise,hike|medium,spread_ticks,60,6.0,1.1666666666666667,1.0,1.0
ZN.v.0,action_x_surprise,hike|medium,spread_ticks,61,6.0,1.1666666666666667,1.0,1.0
ZN.v.0,action_x_surprise,hike|medium,spread_ticks,62,6.0,1.1666666666666667,1.0,1.0
ZN.v.0,action_x_surprise,hike|medium,spread_ticks,63,6.0,1.1666666666666667,1.0,1.0
ZN.v.0,action_x_surprise,hike|medium,spread_ticks,64,6.0,1.0,1.0,1.0
ZN.v.0,action_x_surprise,hike|medium,spread_ticks,65,6.0,1.0,1.0,1.0
ZN.v.0,action_x_surprise,hike|medium,spread_ticks,66,6.0,1.0,1.0,1.0
ZN.v.0,action_x_surprise,hike|medium,spread_ticks,67,6.0,1.0,1.0,1.0
ZN.v.0,action_x_surprise,hike|medium,spread_ticks,68,6.0,1.0,1.0,1.0
ZN.v.0,action_x_surprise,hike|medium,spread_ticks,69,6.0,1.0,1.0,1.0
ZN.v.0,action_x_surprise,hike|medium,spread_ticks,70,6.0,1.0,1.0,1.0
ZN.v.0,action_x_surprise,hike|medium,spread_ticks,71,6.0,1.1666666666666667,1.0,1.0
ZN.v.0,action_x_surprise,hike|medium,spread_ticks,72,6.0,1.1666666666666667,1.0,1.0
ZN.v.0,action_x_surprise,hike|medium,spread_ticks,73,6.0,1.1666666666666667,1.0,1.0
ZN.v.0,action_x_surprise,hike|medium,spread_ticks,74,6.0,1.0,1.0,1.0
ZN.v.0,action_x_surprise,hike|medium,spread_ticks,75,6.0,1.0,1.0,1.0
ZN.v.0,action_x_surprise,hike|medium,spread_ticks,76,6.0,1.0,1.0,1.0
ZN.v.0,action_x_surprise,hike|medium,spread_ticks,77,6.0,1.0,1.0,1.0
ZN.v.0,action_x_surprise,hike|medium,spread_ticks,78,6.0,1.0,1.0,1.0
ZN.v.0,action_x_surprise,hike|medium,spread_ticks,79,6.0,1.0,1.0,1.0
ZN.v.0,action_x_surprise,hike|medium,spread_ticks,80,6.0,1.0,1.0,1.0
ZN.v.0,action_x_surprise,hike|medium,spread_ticks,81,6.0,1.0,1.0,1.0
ZN.v.0,action_x_surprise,hike|medium,spread_ticks,82,6.0,1.0,1.0,1.0
ZN.v.0,action_x_surprise,hike|medium,spread_ticks,83,6.0,1.0,1.0,1.0
ZN.v.0,action_x_surprise,hike|medium,spread_ticks,84,6.0,1.0,1.0,1.0
ZN.v.0,action_x_surprise,hike|medium,spread_ticks,85,6.0,1.0,1.0,1.0
ZN.v.0,action_x_surprise,hike|medium,spread_ticks,86,6.0,1.0,1.0,1.0
ZN.v.0,action_x_surprise,hike|medium,spread_ticks,87,6.0,1.0,1.0,1.0
ZN.v.0,action_x_surprise,hike|medium,spread_ticks,88,6.0,1.0,1.0,1.0
ZN.v.0,action_x_surprise,hike|medium,spread_ticks,89,6.0,1.0,1.0,1.0
ZN.v.0,action_x_surprise,hike|medium,spread_ticks,90,6.0,1.1666666666666667,1.0,1.0
ZN.v.0,action_x_surprise,hike|medium,spread_ticks,91,6.0,1.1666666666666667,1.0,1.0
ZN.v.0,action_x_surprise,hike|medium,spread_ticks,92,6.0,1.0,1.0,1.0
ZN.v.0,action_x_surprise,hike|medium,spread_ticks,93,6.0,1.0,1.0,1.0
ZN.v.0,action_x_surprise,hike|medium,spread_ticks,94,6.0,1.0,1.0,1.0
ZN.v.0,action_x_surprise,hike|medium,spread_ticks,95,6.0,1.0,1.0,1.0
ZN.v.0,action_x_surprise,hike|medium,spread_ticks,96,6.0,1.0,1.0,1.0
ZN.v.0,action_x_surprise,hike|medium,spread_ticks,97,6.0,1.0,1.0,1.0
ZN.v.0,action_x_surprise,hike|medium,spread_ticks,98,6.0,1.0,1.0,1.0
ZN.v.0,action_x_surprise,hike|medium,spread_ticks,99,6.0,1.0,1.0,1.0
ZN.v.0,action_x_surprise,hike|medium,spread_ticks,100,6.0,1.1666666666666667,1.0,1.0
ZN.v.0,action_x_surprise,hike|medium,spread_ticks,101,6.0,1.0,1.0,1.0
ZN.v.0,action_x_surprise,hike|medium,spread_ticks,102,6.0,1.0,1.0,1.0
ZN.v.0,action_x_surprise,hike|medium,spread_ticks,103,6.0,1.0,1.0,1.0
ZN.v.0,action_x_surprise,hike|medium,spread_ticks,104,6.0,1.0,1.0,1.0
ZN.v.0,action_x_surprise,hike|medium,spread_ticks,105,6.0,1.0,1.0,1.0
ZN.v.0,action_x_surprise,hike|medium,spread_ticks,106,6.0,1.0,1.0,1.0
ZN.v.0,action_x_surprise,hike|medium,spread_ticks,107,6.0,1.0,1.0,1.0
ZN.v.0,action_x_surprise,hike|medium,spread_ticks,108,6.0,1.0,1.0,1.0
ZN.v.0,action_x_surprise,hike|medium,spread_ticks,109,6.0,1.0,1.0,1.0
ZN.v.0,action_x_surprise,hike|medium,spread_ticks,110,6.0,1.0,1.0,1.0
ZN.v.0,action_x_surprise,hike|medium,spread_ticks,111,6.0,1.0,1.0,1.0
ZN.v.0,action_x_surprise,hike|medium,spread_ticks,112,6.0,1.0,1.0,1.0
ZN.v.0,action_x_surprise,hike|medium,spread_ticks,113,6.0,1.0,1.0,1.0
ZN.v.0,action_x_surprise,hike|medium,spread_ticks,114,6.0,1.0,1.0,1.0
ZN.v.0,action_x_surprise,hike|medium,spread_ticks,115,6.0,1.0,1.0,1.0
ZN.v.0,action_x_surprise,hike|medium,spread_ticks,116,6.0,1.0,1.0,1.0
ZN.v.0,action_x_surprise,hike|medium,spread_ticks,117,6.0,1.0,1.0,1.0
ZN.v.0,action_x_surprise,hike|medium,spread_ticks,118,6.0,1.0,1.0,1.0
ZN.v.0,action_x_surprise,hike|medium,spread_ticks,119,6.0,1.0,1.0,1.0
ZN.v.0,action_x_surprise,hike|medium,spread_ticks,120,6.0,1.0,1.0,1.0
ZN.v.0,action_x_surprise,hike|small,spread_ticks,-60,4.0,1.0,1.0,1.0
ZN.v.0,action_x_surprise,hike|small,spread_ticks,-59,4.0,1.0,1.0,1.0
ZN.v.0,action_x_surprise,hike|small,spread_ticks,-58,4.0,1.0,1.0,1.0
ZN.v.0,action_x_surprise,hike|small,spread_ticks,-57,4.0,1.0,1.0,1.0
ZN.v.0,action_x_surprise,hike|small,spread_ticks,-56,4.0,1.0,1.0,1.0
ZN.v.0,action_x_surprise,hike|small,spread_ticks,-55,4.0,1.0,1.0,1.0
ZN.v.0,action_x_surprise,hike|small,spread_ticks,-54,4.0,1.0,1.0,1.0
ZN.v.0,action_x_surprise,hike|small,spread_ticks,-53,4.0,1.0,1.0,1.0
ZN.v.0,action_x_surprise,hike|small,spread_ticks,-52,4.0,1.0,1.0,1.0
ZN.v.0,action_x_surprise,hike|small,spread_ticks,-51,4.0,1.25,1.0,1.25
ZN.v.0,action_x_surprise,hike|small,spread_ticks,-50,4.0,1.0,1.0,1.0
ZN.v.0,action_x_surprise,hike|small,spread_ticks,-49,4.0,1.0,1.0,1.0
ZN.v.0,action_x_surprise,hike|small,spread_ticks,-48,4.0,1.25,1.0,1.25
ZN.v.0,action_x_surprise,hike|small,spread_ticks,-47,4.0,1.25,1.0,1.25
ZN.v.0,action_x_surprise,hike|small,spread_ticks,-46,4.0,1.25,1.0,1.25
ZN.v.0,action_x_surprise,hike|small,spread_ticks,-45,4.0,1.25,1.0,1.25
ZN.v.0,action_x_surprise,hike|small,spread_ticks,-44,4.0,1.0,1.0,1.0
ZN.v.0,action_x_surprise,hike|small,spread_ticks,-43,4.0,1.0,1.0,1.0
ZN.v.0,action_x_surprise,hike|small,spread_ticks,-42,4.0,1.25,1.0,1.25
ZN.v.0,action_x_surprise,hike|small,spread_ticks,-41,4.0,1.25,1.0,1.25
ZN.v.0,action_x_surprise,hike|small,spread_ticks,-40,4.0,1.25,1.0,1.25
ZN.v.0,action_x_surprise,hike|small,spread_ticks,-39,4.0,1.25,1.0,1.25
ZN.v.0,action_x_surprise,hike|small,spread_ticks,-38,4.0,1.0,1.0,1.0
ZN.v.0,action_x_surprise,hike|small,spread_ticks,-37,4.0,1.0,1.0,1.0
ZN.v.0,action_x_surprise,hike|small,spread_ticks,-36,4.0,1.25,1.0,1.25
ZN.v.0,action_x_surprise,hike|small,spread_ticks,-35,4.0,1.0,1.0,1.0
ZN.v.0,action_x_surprise,hike|small,spread_ticks,-34,4.0,1.25,1.0,1.25
ZN.v.0,action_x_surprise,hike|small,spread_ticks,-33,4.0,1.25,1.0,1.25
ZN.v.0,action_x_surprise,hike|small,spread_ticks,-32,4.0,1.0,1.0,1.0
ZN.v.0,action_x_surprise,hike|small,spread_ticks,-31,4.0,1.0,1.0,1.0
ZN.v.0,action_x_surprise,hike|small,spread_ticks,-30,4.0,1.0,1.0,1.0
ZN.v.0,action_x_surprise,hike|small,spread_ticks,-29,4.0,1.0,1.0,1.0
ZN.v.0,action_x_surprise,hike|small,spread_ticks,-28,4.0,1.0,1.0,1.0
ZN.v.0,action_x_surprise,hike|small,spread_ticks,-27,4.0,1.0,1.0,1.0
ZN.v.0,action_x_surprise,hike|small,spread_ticks,-26,4.0,1.25,1.0,1.25
ZN.v.0,action_x_surprise,hike|small,spread_ticks,-25,4.0,1.25,1.0,1.25
ZN.v.0,action_x_surprise,hike|small,spread_ticks,-24,4.0,1.0,1.0,1.0
ZN.v.0,action_x_surprise,hike|small,spread_ticks,-23,4.0,1.0,1.0,1.0
ZN.v.0,action_x_surprise,hike|small,spread_ticks,-22,4.0,1.25,1.0,1.25
ZN.v.0,action_x_surprise,hike|small,spread_ticks,-21,4.0,1.25,1.0,1.25
ZN.v.0,action_x_surprise,hike|small,spread_ticks,-20,4.0,1.0,1.0,1.0
ZN.v.0,action_x_surprise,hike|small,spread_ticks,-19,4.0,1.0,1.0,1.0
ZN.v.0,action_x_surprise,hike|small,spread_ticks,-18,4.0,1.0,1.0,1.0
ZN.v.0,action_x_surprise,hike|small,spread_ticks,-17,4.0,1.0,1.0,1.0
ZN.v.0,action_x_surprise,hike|small,spread_ticks,-16,4.0,1.0,1.0,1.0
ZN.v.0,action_x_surprise,hike|small,spread_ticks,-15,4.0,1.0,1.0,1.0
ZN.v.0,action_x_surprise,hike|small,spread_ticks,-14,4.0,1.5,1.0,2.0
ZN.v.0,action_x_surprise,hike|small,spread_ticks,-13,4.0,1.5,1.0,2.0
ZN.v.0,action_x_surprise,hike|small,spread_ticks,-12,4.0,1.0,1.0,1.0
ZN.v.0,action_x_surprise,hike|small,spread_ticks,-11,4.0,1.25,1.0,1.25
ZN.v.0,action_x_surprise,hike|small,spread_ticks,-10,4.0,1.0,1.0,1.0
ZN.v.0,action_x_surprise,hike|small,spread_ticks,-9,4.0,1.25,1.0,1.25
ZN.v.0,action_x_surprise,hike|small,spread_ticks,-8,4.0,1.5,1.0,2.0
ZN.v.0,action_x_surprise,hike|small,spread_ticks,-7,4.0,1.5,1.0,2.0
ZN.v.0,action_x_surprise,hike|small,spread_ticks,-6,4.0,1.5,1.0,2.0
ZN.v.0,action_x_surprise,hike|small,spread_ticks,-5,4.0,1.5,1.0,2.0
ZN.v.0,action_x_surprise,hike|small,spread_ticks,-4,4.0,1.0,1.0,1.0
ZN.v.0,action_x_surprise,hike|small,spread_ticks,-3,4.0,1.5,1.0,2.0
ZN.v.0,action_x_surprise,hike|small,spread_ticks,-2,4.0,1.5,1.0,2.0
ZN.v.0,action_x_surprise,hike|small,spread_ticks,-1,4.0,1.5,1.0,2.0
ZN.v.0,action_x_surprise,hike|small,spread_ticks,0,4.0,1.5,1.0,2.0
ZN.v.0,action_x_surprise,hike|small,spread_ticks,1,4.0,1.5,1.0,2.0
ZN.v.0,action_x_surprise,hike|small,spread_ticks,2,4.0,1.75,1.75,2.0
ZN.v.0,action_x_surprise,hike|small,spread_ticks,3,4.0,1.5,1.0,2.0
ZN.v.0,action_x_surprise,hike|small,spread_ticks,4,4.0,1.25,1.0,1.25
ZN.v.0,action_x_surprise,hike|small,spread_ticks,5,4.0,1.5,1.0,2.0
ZN.v.0,action_x_surprise,hike|small,spread_ticks,6,4.0,1.25,1.0,1.25
ZN.v.0,action_x_surprise,hike|small,spread_ticks,7,4.0,1.25,1.0,1.25
ZN.v.0,action_x_surprise,hike|small,spread_ticks,8,4.0,1.5,1.0,1.5
ZN.v.0,action_x_surprise,hike|small,spread_ticks,9,4.0,1.5,1.0,1.5
ZN.v.0,action_x_surprise,hike|small,spread_ticks,10,4.0,1.5,1.0,1.5
ZN.v.0,action_x_surprise,hike|small,spread_ticks,11,4.0,1.75,1.0,2.25
ZN.v.0,action_x_surprise,hike|small,spread_ticks,12,4.0,1.5,1.0,1.5
ZN.v.0,action_x_surprise,hike|small,spread_ticks,13,4.0,1.25,1.0,1.25
ZN.v.0,action_x_surprise,hike|small,spread_ticks,14,4.0,1.0,1.0,1.0
ZN.v.0,action_x_surprise,hike|small,spread_ticks,15,4.0,1.25,1.0,1.25
ZN.v.0,action_x_surprise,hike|small,spread_ticks,16,4.0,1.25,1.0,1.25
ZN.v.0,action_x_surprise,hike|small,spread_ticks,17,4.0,1.0,1.0,1.0
ZN.v.0,action_x_surprise,hike|small,spread_ticks,18,4.0,1.0,1.0,1.0
ZN.v.0,action_x_surprise,hike|small,spread_ticks,19,4.0,1.25,1.0,1.25
ZN.v.0,action_x_surprise,hike|small,spread_ticks,20,4.0,1.0,1.0,1.0
ZN.v.0,action_x_surprise,hike|small,spread_ticks,21,4.0,1.0,1.0,1.0
ZN.v.0,action_x_surprise,hike|small,spread_ticks,22,4.0,1.0,1.0,1.0
ZN.v.0,action_x_surprise,hike|small,spread_ticks,23,4.0,1.0,1.0,1.0
ZN.v.0,action_x_surprise,hike|small,spread_ticks,24,4.0,1.0,1.0,1.0
ZN.v.0,action_x_surprise,hike|small,spread_ticks,25,4.0,1.0,1.0,1.0
ZN.v.0,action_x_surprise,hike|small,spread_ticks,26,4.0,1.0,1.0,1.0
ZN.v.0,action_x_surprise,hike|small,spread_ticks,27,4.0,1.0,1.0,1.0
ZN.v.0,action_x_surprise,hike|small,spread_ticks,28,4.0,1.25,1.0,1.25
ZN.v.0,action_x_surprise,hike|small,spread_ticks,29,4.0,1.25,1.0,1.25
ZN.v.0,action_x_surprise,hike|small,spread_ticks,30,4.0,1.0,1.0,1.0
ZN.v.0,action_x_surprise,hike|small,spread_ticks,31,4.0,1.0,1.0,1.0
ZN.v.0,action_x_surprise,hike|small,spread_ticks,32,4.0,1.0,1.0,1.0
ZN.v.0,action_x_surprise,hike|small,spread_ticks,33,4.0,1.25,1.0,1.25
ZN.v.0,action_x_surprise,hike|small,spread_ticks,34,4.0,1.0,1.0,1.0
ZN.v.0,action_x_surprise,hike|small,spread_ticks,35,4.0,1.0,1.0,1.0
ZN.v.0,action_x_surprise,hike|small,spread_ticks,36,4.0,1.0,1.0,1.0
ZN.v.0,action_x_surprise,hike|small,spread_ticks,37,4.0,1.0,1.0,1.0
ZN.v.0,action_x_surprise,hike|small,spread_ticks,38,4.0,1.0,1.0,1.0
ZN.v.0,action_x_surprise,hike|small,spread_ticks,39,4.0,1.0,1.0,1.0
ZN.v.0,action_x_surprise,hike|small,spread_ticks,40,4.0,1.0,1.0,1.0
ZN.v.0,action_x_surprise,hike|small,spread_ticks,41,4.0,1.0,1.0,1.0
ZN.v.0,action_x_surprise,hike|small,spread_ticks,42,4.0,1.0,1.0,1.0
ZN.v.0,action_x_surprise,hike|small,spread_ticks,43,4.0,1.0,1.0,1.0
ZN.v.0,action_x_surprise,hike|small,spread_ticks,44,4.0,1.0,1.0,1.0
ZN.v.0,action_x_surprise,hike|small,spread_ticks,45,4.0,1.0,1.0,1.0
ZN.v.0,action_x_surprise,hike|small,spread_ticks,46,4.0,1.0,1.0,1.0
ZN.v.0,action_x_surprise,hike|small,spread_ticks,47,4.0,1.0,1.0,1.0
ZN.v.0,action_x_surprise,hike|small,spread_ticks,48,4.0,1.0,1.0,1.0
ZN.v.0,action_x_surprise,hike|small,spread_ticks,49,4.0,1.0,1.0,1.0
ZN.v.0,action_x_surprise,hike|small,spread_ticks,50,4.0,1.0,1.0,1.0
ZN.v.0,action_x_surprise,hike|small,spread_ticks,51,4.0,1.0,1.0,1.0
ZN.v.0,action_x_surprise,hike|small,spread_ticks,52,4.0,1.0,1.0,1.0
ZN.v.0,action_x_surprise,hike|small,spread_ticks,53,4.0,1.0,1.0,1.0
ZN.v.0,action_x_surprise,hike|small,spread_ticks,54,4.0,1.0,1.0,1.0
ZN.v.0,action_x_surprise,hike|small,spread_ticks,55,4.0,1.0,1.0,1.0
ZN.v.0,action_x_surprise,hike|small,spread_ticks,56,4.0,1.0,1.0,1.0
ZN.v.0,action_x_surprise,hike|small,spread_ticks,57,4.0,1.0,1.0,1.0
ZN.v.0,action_x_surprise,hike|small,spread_ticks,58,4.0,1.0,1.0,1.0
ZN.v.0,action_x_surprise,hike|small,spread_ticks,59,4.0,1.0,1.0,1.0
ZN.v.0,action_x_surprise,hike|small,spread_ticks,60,4.0,1.0,1.0,1.0
ZN.v.0,action_x_surprise,hike|small,spread_ticks,61,4.0,1.0,1.0,1.0
ZN.v.0,action_x_surprise,hike|small,spread_ticks,62,4.0,1.0,1.0,1.0
ZN.v.0,action_x_surprise,hike|small,spread_ticks,63,4.0,1.25,1.0,1.25
ZN.v.0,action_x_surprise,hike|small,spread_ticks,64,4.0,1.25,1.0,1.25
ZN.v.0,action_x_surprise,hike|small,spread_ticks,65,4.0,1.0,1.0,1.0
ZN.v.0,action_x_surprise,hike|small,spread_ticks,66,4.0,1.0,1.0,1.0
ZN.v.0,action_x_surprise,hike|small,spread_ticks,67,4.0,1.0,1.0,1.0
ZN.v.0,action_x_surprise,hike|small,spread_ticks,68,4.0,1.0,1.0,1.0
ZN.v.0,action_x_surprise,hike|small,spread_ticks,69,4.0,1.0,1.0,1.0
ZN.v.0,action_x_surprise,hike|small,spread_ticks,70,4.0,1.25,1.0,1.25
ZN.v.0,action_x_surprise,hike|small,spread_ticks,71,4.0,1.0,1.0,1.0
ZN.v.0,action_x_surprise,hike|small,spread_ticks,72,4.0,1.25,1.0,1.25
ZN.v.0,action_x_surprise,hike|small,spread_ticks,73,4.0,1.0,1.0,1.0
ZN.v.0,action_x_surprise,hike|small,spread_ticks,74,4.0,1.0,1.0,1.0
ZN.v.0,action_x_surprise,hike|small,spread_ticks,75,4.0,1.0,1.0,1.0
ZN.v.0,action_x_surprise,hike|small,spread_ticks,76,4.0,1.0,1.0,1.0
ZN.v.0,action_x_surprise,hike|small,spread_ticks,77,4.0,1.0,1.0,1.0
ZN.v.0,action_x_surprise,hike|small,spread_ticks,78,4.0,1.0,1.0,1.0
ZN.v.0,action_x_surprise,hike|small,spread_ticks,79,4.0,1.0,1.0,1.0
ZN.v.0,action_x_surprise,hike|small,spread_ticks,80,4.0,1.0,1.0,1.0
ZN.v.0,action_x_surprise,hike|small,spread_ticks,81,4.0,1.0,1.0,1.0
ZN.v.0,action_x_surprise,hike|small,spread_ticks,82,4.0,1.0,1.0,1.0
ZN.v.0,action_x_surprise,hike|small,spread_ticks,83,4.0,1.0,1.0,1.0
ZN.v.0,action_x_surprise,hike|small,spread_ticks,84,4.0,1.0,1.0,1.0
ZN.v.0,action_x_surprise,hike|small,spread_ticks,85,4.0,1.0,1.0,1.0
ZN.v.0,action_x_surprise,hike|small,spread_ticks,86,4.0,1.0,1.0,1.0
ZN.v.0,action_x_surprise,hike|small,spread_ticks,87,4.0,1.0,1.0,1.0
ZN.v.0,action_x_surprise,hike|small,spread_ticks,88,4.0,1.0,1.0,1.0
ZN.v.0,action_x_surprise,hike|small,spread_ticks,89,4.0,1.0,1.0,1.0
ZN.v.0,action_x_surprise,hike|small,spread_ticks,90,4.0,1.0,1.0,1.0
ZN.v.0,action_x_surprise,hike|small,spread_ticks,91,4.0,1.0,1.0,1.0
ZN.v.0,action_x_surprise,hike|small,spread_ticks,92,4.0,1.0,1.0,1.0
ZN.v.0,action_x_surprise,hike|small,spread_ticks,93,4.0,1.0,1.0,1.0
ZN.v.0,action_x_surprise,hike|small,spread_ticks,94,4.0,1.0,1.0,1.0
ZN.v.0,action_x_surprise,hike|small,spread_ticks,95,4.0,1.0,1.0,1.0
ZN.v.0,action_x_surprise,hike|small,spread_ticks,96,4.0,1.0,1.0,1.0
ZN.v.0,action_x_surprise,hike|small,spread_ticks,97,4.0,1.0,1.0,1.0
ZN.v.0,action_x_surprise,hike|small,spread_ticks,98,4.0,1.0,1.0,1.0
ZN.v.0,action_x_surprise,hike|small,spread_ticks,99,4.0,1.0,1.0,1.0
ZN.v.0,action_x_surprise,hike|small,spread_ticks,100,4.0,1.0,1.0,1.0
ZN.v.0,action_x_surprise,hike|small,spread_ticks,101,4.0,1.0,1.0,1.0
ZN.v.0,action_x_surprise,hike|small,spread_ticks,102,4.0,1.0,1.0,1.0
ZN.v.0,action_x_surprise,hike|small,spread_ticks,103,4.0,1.0,1.0,1.0
ZN.v.0,action_x_surprise,hike|small,spread_ticks,104,4.0,1.0,1.0,1.0
ZN.v.0,action_x_surprise,hike|small,spread_ticks,105,4.0,1.25,1.0,1.25
ZN.v.0,action_x_surprise,hike|small,spread_ticks,106,4.0,1.0,1.0,1.0
ZN.v.0,action_x_surprise,hike|small,spread_ticks,107,4.0,1.0,1.0,1.0
ZN.v.0,action_x_surprise,hike|small,spread_ticks,108,4.0,1.0,1.0,1.0
ZN.v.0,action_x_surprise,hike|small,spread_ticks,109,4.0,1.0,1.0,1.0
ZN.v.0,action_x_surprise,hike|small,spread_ticks,110,4.0,1.0,1.0,1.0
ZN.v.0,action_x_surprise,hike|small,spread_ticks,111,4.0,1.0,1.0,1.0
ZN.v.0,action_x_surprise,hike|small,spread_ticks,112,4.0,1.0,1.0,1.0
ZN.v.0,action_x_surprise,hike|small,spread_ticks,113,4.0,1.0,1.0,1.0
ZN.v.0,action_x_surprise,hike|small,spread_ticks,114,4.0,1.25,1.0,1.25
ZN.v.0,action_x_surprise,hike|small,spread_ticks,115,4.0,1.0,1.0,1.0
ZN.v.0,action_x_surprise,hike|small,spread_ticks,116,4.0,1.0,1.0,1.0
ZN.v.0,action_x_surprise,hike|small,spread_ticks,117,4.0,1.0,1.0,1.0
ZN.v.0,action_x_surprise,hike|small,spread_ticks,118,4.0,1.0,1.0,1.0
ZN.v.0,action_x_surprise,hike|small,spread_ticks,119,4.0,1.25,1.0,1.25
ZN.v.0,action_x_surprise,hike|small,spread_ticks,120,4.0,1.25,1.0,1.25
ZN.v.0,action_x_surprise,hold|large,spread_ticks,-60,16.0,1.25,1.0,1.25
ZN.v.0,action_x_surprise,hold|large,spread_ticks,-59,16.0,1.1875,1.0,1.0
ZN.v.0,action_x_surprise,hold|large,spread_ticks,-58,16.0,1.1875,1.0,1.0
ZN.v.0,action_x_surprise,hold|large,spread_ticks,-57,16.0,1.125,1.0,1.0
ZN.v.0,action_x_surprise,hold|large,spread_ticks,-56,16.0,1.1875,1.0,1.0
ZN.v.0,action_x_surprise,hold|large,spread_ticks,-55,16.0,1.125,1.0,1.0
ZN.v.0,action_x_surprise,hold|large,spread_ticks,-54,16.0,1.125,1.0,1.0
ZN.v.0,action_x_surprise,hold|large,spread_ticks,-53,16.0,1.1875,1.0,1.0
ZN.v.0,action_x_surprise,hold|large,spread_ticks,-52,16.0,1.125,1.0,1.0
ZN.v.0,action_x_surprise,hold|large,spread_ticks,-51,16.0,1.1875,1.0,1.0
ZN.v.0,action_x_surprise,hold|large,spread_ticks,-50,16.0,1.1875,1.0,1.0
ZN.v.0,action_x_surprise,hold|large,spread_ticks,-49,16.0,1.1875,1.0,1.0
ZN.v.0,action_x_surprise,hold|large,spread_ticks,-48,16.0,1.1875,1.0,1.0
ZN.v.0,action_x_surprise,hold|large,spread_ticks,-47,16.0,1.3125,1.0,1.0
ZN.v.0,action_x_surprise,hold|large,spread_ticks,-46,16.0,1.25,1.0,1.0
ZN.v.0,action_x_surprise,hold|large,spread_ticks,-45,16.0,1.3125,1.0,1.25
ZN.v.0,action_x_surprise,hold|large,spread_ticks,-44,16.0,1.3125,1.0,1.25
ZN.v.0,action_x_surprise,hold|large,spread_ticks,-43,16.0,1.1875,1.0,1.0
ZN.v.0,action_x_surprise,hold|large,spread_ticks,-42,16.0,1.25,1.0,1.0
ZN.v.0,action_x_surprise,hold|large,spread_ticks,-41,16.0,1.3125,1.0,1.25
ZN.v.0,action_x_surprise,hold|large,spread_ticks,-40,16.0,1.1875,1.0,1.0
ZN.v.0,action_x_surprise,hold|large,spread_ticks,-39,16.0,1.125,1.0,1.0
ZN.v.0,action_x_surprise,hold|large,spread_ticks,-38,16.0,1.125,1.0,1.0
ZN.v.0,action_x_surprise,hold|large,spread_ticks,-37,16.0,1.125,1.0,1.0
ZN.v.0,action_x_surprise,hold|large,spread_ticks,-36,16.0,1.125,1.0,1.0
ZN.v.0,action_x_surprise,hold|large,spread_ticks,-35,16.0,1.1875,1.0,1.0
ZN.v.0,action_x_surprise,hold|large,spread_ticks,-34,16.0,1.1875,1.0,1.0
ZN.v.0,action_x_surprise,hold|large,spread_ticks,-33,16.0,1.0625,1.0,1.0
ZN.v.0,action_x_surprise,hold|large,spread_ticks,-32,16.0,1.125,1.0,1.0
ZN.v.0,action_x_surprise,hold|large,spread_ticks,-31,16.0,1.1875,1.0,1.0
ZN.v.0,action_x_surprise,hold|large,spread_ticks,-30,16.0,1.1875,1.0,1.0
ZN.v.0,action_x_surprise,hold|large,spread_ticks,-29,16.0,1.3125,1.0,2.0
ZN.v.0,action_x_surprise,hold|large,spread_ticks,-28,16.0,1.25,1.0,1.25
ZN.v.0,action_x_surprise,hold|large,spread_ticks,-27,16.0,1.25,1.0,1.25
ZN.v.0,action_x_surprise,hold|large,spread_ticks,-26,16.0,1.3125,1.0,1.25
ZN.v.0,action_x_surprise,hold|large,spread_ticks,-25,16.0,1.3125,1.0,2.0
ZN.v.0,action_x_surprise,hold|large,spread_ticks,-24,16.0,1.4375,1.0,2.0
ZN.v.0,action_x_surprise,hold|large,spread_ticks,-23,16.0,1.375,1.0,2.0
ZN.v.0,action_x_surprise,hold|large,spread_ticks,-22,16.0,1.1875,1.0,1.0
ZN.v.0,action_x_surprise,hold|large,spread_ticks,-21,16.0,1.25,1.0,1.25
ZN.v.0,action_x_surprise,hold|large,spread_ticks,-20,16.0,1.1875,1.0,1.0
ZN.v.0,action_x_surprise,hold|large,spread_ticks,-19,16.0,1.1875,1.0,1.0
ZN.v.0,action_x_surprise,hold|large,spread_ticks,-18,16.0,1.25,1.0,1.25
ZN.v.0,action_x_surprise,hold|large,spread_ticks,-17,16.0,1.3125,1.0,2.0
ZN.v.0,action_x_surprise,hold|large,spread_ticks,-16,16.0,1.625,1.0,2.0
ZN.v.0,action_x_surprise,hold|large,spread_ticks,-15,16.0,1.25,1.0,1.0
ZN.v.0,action_x_surprise,hold|large,spread_ticks,-14,16.0,1.1875,1.0,1.0
ZN.v.0,action_x_surprise,hold|large,spread_ticks,-13,16.0,1.4375,1.0,2.0
ZN.v.0,action_x_surprise,hold|large,spread_ticks,-12,16.0,1.5,1.0,2.0
ZN.v.0,action_x_surprise,hold|large,spread_ticks,-11,16.0,1.4375,1.0,2.0
ZN.v.0,action_x_surprise,hold|large,spread_ticks,-10,16.0,1.3125,1.0,2.0
ZN.v.0,action_x_surprise,hold|large,spread_ticks,-9,16.0,1.25,1.0,1.25
ZN.v.0,action_x_surprise,hold|large,spread_ticks,-8,16.0,1.25,1.0,1.25
ZN.v.0,action_x_surprise,hold|large,spread_ticks,-7,16.0,1.3125,1.0,2.0
ZN.v.0,action_x_surprise,hold|large,spread_ticks,-6,16.0,1.3125,1.0,2.0
ZN.v.0,action_x_surprise,hold|large,spread_ticks,-5,16.0,1.5,1.0,2.0
ZN.v.0,action_x_surprise,hold|large,spread_ticks,-4,16.0,1.5625,1.0,2.0
ZN.v.0,action_x_surprise,hold|large,spread_ticks,-3,16.0,1.375,1.0,1.25
ZN.v.0,action_x_surprise,hold|large,spread_ticks,-2,16.0,1.375,1.0,2.0
ZN.v.0,action_x_surprise,hold|large,spread_ticks,-1,16.0,1.6875,1.0,2.0
ZN.v.0,action_x_surprise,hold|large,spread_ticks,0,16.0,1.75,1.0,2.0
ZN.v.0,action_x_surprise,hold|large,spread_ticks,1,16.0,2.6875,1.0,2.25
ZN.v.0,action_x_surprise,hold|large,spread_ticks,2,16.0,2.9375,1.75,3.25
ZN.v.0,action_x_surprise,hold|large,spread_ticks,3,16.0,2.6875,1.0,3.0
ZN.v.0,action_x_surprise,hold|large,spread_ticks,4,16.0,1.75,1.0,3.0
ZN.v.0,action_x_surprise,hold|large,spread_ticks,5,16.0,2.0625,1.0,2.0
ZN.v.0,action_x_surprise,hold|large,spread_ticks,6,16.0,1.6875,1.0,2.25
ZN.v.0,action_x_surprise,hold|large,spread_ticks,7,16.0,1.25,1.0,1.25
ZN.v.0,action_x_surprise,hold|large,spread_ticks,8,16.0,1.625,1.0,2.0
ZN.v.0,action_x_surprise,hold|large,spread_ticks,9,16.0,1.5,1.0,2.0
ZN.v.0,action_x_surprise,hold|large,spread_ticks,10,16.0,1.375,1.0,2.0
ZN.v.0,action_x_surprise,hold|large,spread_ticks,11,16.0,1.3125,1.0,1.25
ZN.v.0,action_x_surprise,hold|large,spread_ticks,12,16.0,1.3125,1.0,2.0
ZN.v.0,action_x_surprise,hold|large,spread_ticks,13,16.0,1.375,1.0,2.0
ZN.v.0,action_x_surprise,hold|large,spread_ticks,14,16.0,1.3125,1.0,1.25
ZN.v.0,action_x_surprise,hold|large,spread_ticks,15,16.0,1.25,1.0,1.0
ZN.v.0,action_x_surprise,hold|large,spread_ticks,16,16.0,1.5,1.0,2.0
ZN.v.0,action_x_surprise,hold|large,spread_ticks,17,16.0,1.4375,1.0,2.0
ZN.v.0,action_x_surprise,hold|large,spread_ticks,18,16.0,1.375,1.0,1.25
ZN.v.0,action_x_surprise,hold|large,spread_ticks,19,16.0,1.25,1.0,1.0
ZN.v.0,action_x_surprise,hold|large,spread_ticks,20,16.0,1.375,1.0,2.0
ZN.v.0,action_x_surprise,hold|large,spread_ticks,21,16.0,1.3125,1.0,1.25
ZN.v.0,action_x_surprise,hold|large,spread_ticks,22,16.0,1.125,1.0,1.0
ZN.v.0,action_x_surprise,hold|large,spread_ticks,23,16.0,1.25,1.0,1.25
ZN.v.0,action_x_surprise,hold|large,spread_ticks,24,16.0,1.125,1.0,1.0
ZN.v.0,action_x_surprise,hold|large,spread_ticks,25,16.0,1.0625,1.0,1.0
ZN.v.0,action_x_surprise,hold|large,spread_ticks,26,16.0,1.125,1.0,1.0
ZN.v.0,action_x_surprise,hold|large,spread_ticks,27,16.0,1.25,1.0,1.0
ZN.v.0,action_x_surprise,hold|large,spread_ticks,28,16.0,1.125,1.0,1.0
ZN.v.0,action_x_surprise,hold|large,spread_ticks,29,16.0,1.0625,1.0,1.0
ZN.v.0,action_x_surprise,hold|large,spread_ticks,30,16.0,1.0625,1.0,1.0
ZN.v.0,action_x_surprise,hold|large,spread_ticks,31,16.0,1.1875,1.0,1.0
ZN.v.0,action_x_surprise,hold|large,spread_ticks,32,16.0,1.3125,1.0,1.25
ZN.v.0,action_x_surprise,hold|large,spread_ticks,33,16.0,1.0625,1.0,1.0
ZN.v.0,action_x_surprise,hold|large,spread_ticks,34,16.0,1.125,1.0,1.0
ZN.v.0,action_x_surprise,hold|large,spread_ticks,35,16.0,1.0625,1.0,1.0
ZN.v.0,action_x_surprise,hold|large,spread_ticks,36,16.0,1.0,1.0,1.0
ZN.v.0,action_x_surprise,hold|large,spread_ticks,37,16.0,1.125,1.0,1.0
ZN.v.0,action_x_surprise,hold|large,spread_ticks,38,16.0,1.1875,1.0,1.0
ZN.v.0,action_x_surprise,hold|large,spread_ticks,39,16.0,1.25,1.0,1.0
ZN.v.0,action_x_surprise,hold|large,spread_ticks,40,16.0,1.0,1.0,1.0
ZN.v.0,action_x_surprise,hold|large,spread_ticks,41,16.0,1.0625,1.0,1.0
ZN.v.0,action_x_surprise,hold|large,spread_ticks,42,16.0,1.125,1.0,1.0
ZN.v.0,action_x_surprise,hold|large,spread_ticks,43,16.0,1.1875,1.0,1.0
ZN.v.0,action_x_surprise,hold|large,spread_ticks,44,16.0,1.0625,1.0,1.0
ZN.v.0,action_x_surprise,hold|large,spread_ticks,45,16.0,1.0,1.0,1.0
ZN.v.0,action_x_surprise,hold|large,spread_ticks,46,16.0,1.0625,1.0,1.0
ZN.v.0,action_x_surprise,hold|large,spread_ticks,47,16.0,1.125,1.0,1.0
ZN.v.0,action_x_surprise,hold|large,spread_ticks,48,16.0,1.125,1.0,1.0
ZN.v.0,action_x_surprise,hold|large,spread_ticks,49,16.0,1.0,1.0,1.0
ZN.v.0,action_x_surprise,hold|large,spread_ticks,50,16.0,1.125,1.0,1.0
ZN.v.0,action_x_surprise,hold|large,spread_ticks,51,16.0,1.0625,1.0,1.0
ZN.v.0,action_x_surprise,hold|large,spread_ticks,52,16.0,1.0,1.0,1.0
ZN.v.0,action_x_surprise,hold|large,spread_ticks,53,16.0,1.0625,1.0,1.0
ZN.v.0,action_x_surprise,hold|large,spread_ticks,54,16.0,1.0,1.0,1.0
ZN.v.0,action_x_surprise,hold|large,spread_ticks,55,16.0,1.0,1.0,1.0
ZN.v.0,action_x_surprise,hold|large,spread_ticks,56,16.0,1.0,1.0,1.0
ZN.v.0,action_x_surprise,hold|large,spread_ticks,57,16.0,1.0625,1.0,1.0
ZN.v.0,action_x_surprise,hold|large,spread_ticks,58,16.0,1.0625,1.0,1.0
ZN.v.0,action_x_surprise,hold|large,spread_ticks,59,16.0,1.0625,1.0,1.0
ZN.v.0,action_x_surprise,hold|large,spread_ticks,60,16.0,1.0625,1.0,1.0
ZN.v.0,action_x_surprise,hold|large,spread_ticks,61,16.0,1.0625,1.0,1.0
ZN.v.0,action_x_surprise,hold|large,spread_ticks,62,16.0,1.0,1.0,1.0
ZN.v.0,action_x_surprise,hold|large,spread_ticks,63,16.0,1.125,1.0,1.0
ZN.v.0,action_x_surprise,hold|large,spread_ticks,64,16.0,1.0,1.0,1.0
ZN.v.0,action_x_surprise,hold|large,spread_ticks,65,16.0,1.0,1.0,1.0
ZN.v.0,action_x_surprise,hold|large,spread_ticks,66,16.0,1.0,1.0,1.0
ZN.v.0,action_x_surprise,hold|large,spread_ticks,67,16.0,1.0625,1.0,1.0
ZN.v.0,action_x_surprise,hold|large,spread_ticks,68,16.0,1.0625,1.0,1.0
ZN.v.0,action_x_surprise,hold|large,spread_ticks,69,16.0,1.0,1.0,1.0
ZN.v.0,action_x_surprise,hold|large,spread_ticks,70,16.0,1.0625,1.0,1.0
ZN.v.0,action_x_surprise,hold|large,spread_ticks,71,16.0,1.0,1.0,1.0
ZN.v.0,action_x_surprise,hold|large,spread_ticks,72,16.0,1.0,1.0,1.0
ZN.v.0,action_x_surprise,hold|large,spread_ticks,73,16.0,1.0625,1.0,1.0
ZN.v.0,action_x_surprise,hold|large,spread_ticks,74,16.0,1.0,1.0,1.0
ZN.v.0,action_x_surprise,hold|large,spread_ticks,75,16.0,1.0,1.0,1.0
ZN.v.0,action_x_surprise,hold|large,spread_ticks,76,16.0,1.0,1.0,1.0
ZN.v.0,action_x_surprise,hold|large,spread_ticks,77,16.0,1.0,1.0,1.0
ZN.v.0,action_x_surprise,hold|large,spread_ticks,78,16.0,1.0,1.0,1.0
ZN.v.0,action_x_surprise,hold|large,spread_ticks,79,16.0,1.0,1.0,1.0
ZN.v.0,action_x_surprise,hold|large,spread_ticks,80,16.0,1.0625,1.0,1.0
ZN.v.0,action_x_surprise,hold|large,spread_ticks,81,16.0,1.0,1.0,1.0
ZN.v.0,action_x_surprise,hold|large,spread_ticks,82,16.0,1.0,1.0,1.0
ZN.v.0,action_x_surprise,hold|large,spread_ticks,83,16.0,1.0625,1.0,1.0
ZN.v.0,action_x_surprise,hold|large,spread_ticks,84,16.0,1.0625,1.0,1.0
ZN.v.0,action_x_surprise,hold|large,spread_ticks,85,16.0,1.0625,1.0,1.0
ZN.v.0,action_x_surprise,hold|large,spread_ticks,86,16.0,1.0625,1.0,1.0
ZN.v.0,action_x_surprise,hold|large,spread_ticks,87,16.0,1.125,1.0,1.0
ZN.v.0,action_x_surprise,hold|large,spread_ticks,88,16.0,1.0625,1.0,1.0
ZN.v.0,action_x_surprise,hold|large,spread_ticks,89,16.0,1.0,1.0,1.0
ZN.v.0,action_x_surprise,hold|large,spread_ticks,90,16.0,1.0,1.0,1.0
ZN.v.0,action_x_surprise,hold|large,spread_ticks,91,16.0,1.0,1.0,1.0
ZN.v.0,action_x_surprise,hold|large,spread_ticks,92,16.0,1.0,1.0,1.0
ZN.v.0,action_x_surprise,hold|large,spread_ticks,93,16.0,1.0,1.0,1.0
ZN.v.0,action_x_surprise,hold|large,spread_ticks,94,16.0,1.0,1.0,1.0
ZN.v.0,action_x_surprise,hold|large,spread_ticks,95,16.0,1.0,1.0,1.0
ZN.v.0,action_x_surprise,hold|large,spread_ticks,96,16.0,1.0,1.0,1.0
ZN.v.0,action_x_surprise,hold|large,spread_ticks,97,16.0,1.0,1.0,1.0
ZN.v.0,action_x_surprise,hold|large,spread_ticks,98,16.0,1.0625,1.0,1.0
ZN.v.0,action_x_surprise,hold|large,spread_ticks,99,16.0,1.0,1.0,1.0
ZN.v.0,action_x_surprise,hold|large,spread_ticks,100,16.0,1.0,1.0,1.0
ZN.v.0,action_x_surprise,hold|large,spread_ticks,101,16.0,1.0,1.0,1.0
ZN.v.0,action_x_surprise,hold|large,spread_ticks,102,16.0,1.0,1.0,1.0
ZN.v.0,action_x_surprise,hold|large,spread_ticks,103,16.0,1.0625,1.0,1.0
ZN.v.0,action_x_surprise,hold|large,spread_ticks,104,16.0,1.0,1.0,1.0
ZN.v.0,action_x_surprise,hold|large,spread_ticks,105,16.0,1.0625,1.0,1.0
ZN.v.0,action_x_surprise,hold|large,spread_ticks,106,16.0,1.0625,1.0,1.0
ZN.v.0,action_x_surprise,hold|large,spread_ticks,107,16.0,1.0625,1.0,1.0
ZN.v.0,action_x_surprise,hold|large,spread_ticks,108,16.0,1.0,1.0,1.0
ZN.v.0,action_x_surprise,hold|large,spread_ticks,109,16.0,1.125,1.0,1.0
ZN.v.0,action_x_surprise,hold|large,spread_ticks,110,16.0,1.0,1.0,1.0
ZN.v.0,action_x_surprise,hold|large,spread_ticks,111,16.0,1.0,1.0,1.0
ZN.v.0,action_x_surprise,hold|large,spread_ticks,112,16.0,1.0,1.0,1.0
ZN.v.0,action_x_surprise,hold|large,spread_ticks,113,16.0,1.0,1.0,1.0
ZN.v.0,action_x_surprise,hold|large,spread_ticks,114,16.0,1.0,1.0,1.0
ZN.v.0,action_x_surprise,hold|large,spread_ticks,115,16.0,1.0,1.0,1.0
ZN.v.0,action_x_surprise,hold|large,spread_ticks,116,16.0,1.0,1.0,1.0
ZN.v.0,action_x_surprise,hold|large,spread_ticks,117,16.0,1.0,1.0,1.0
ZN.v.0,action_x_surprise,hold|large,spread_ticks,118,16.0,1.0,1.0,1.0
ZN.v.0,action_x_surprise,hold|large,spread_ticks,119,16.0,1.0,1.0,1.0
ZN.v.0,action_x_surprise,hold|large,spread_ticks,120,16.0,1.0,1.0,1.0
ZN.v.0,action_x_surprise,hold|medium,spread_ticks,-60,21.0,1.1428571428571428,1.0,1.0
ZN.v.0,action_x_surprise,hold|medium,spread_ticks,-59,21.0,1.1904761904761905,1.0,1.0
ZN.v.0,action_x_surprise,hold|medium,spread_ticks,-58,21.0,1.2380952380952381,1.0,1.0
ZN.v.0,action_x_surprise,hold|medium,spread_ticks,-57,21.0,1.1904761904761905,1.0,1.0
ZN.v.0,action_x_surprise,hold|medium,spread_ticks,-56,21.0,1.0952380952380953,1.0,1.0
ZN.v.0,action_x_surprise,hold|medium,spread_ticks,-55,21.0,1.0952380952380953,1.0,1.0
ZN.v.0,action_x_surprise,hold|medium,spread_ticks,-54,21.0,1.0476190476190477,1.0,1.0
ZN.v.0,action_x_surprise,hold|medium,spread_ticks,-53,21.0,1.0476190476190477,1.0,1.0
ZN.v.0,action_x_surprise,hold|medium,spread_ticks,-52,21.0,1.0952380952380953,1.0,1.0
ZN.v.0,action_x_surprise,hold|medium,spread_ticks,-51,21.0,1.0952380952380953,1.0,1.0
ZN.v.0,action_x_surprise,hold|medium,spread_ticks,-50,21.0,1.0476190476190477,1.0,1.0
ZN.v.0,action_x_surprise,hold|medium,spread_ticks,-49,21.0,1.0,1.0,1.0
ZN.v.0,action_x_surprise,hold|medium,spread_ticks,-48,21.0,1.0476190476190477,1.0,1.0
ZN.v.0,action_x_surprise,hold|medium,spread_ticks,-47,21.0,1.0476190476190477,1.0,1.0
ZN.v.0,action_x_surprise,hold|medium,spread_ticks,-46,21.0,1.0952380952380953,1.0,1.0
ZN.v.0,action_x_surprise,hold|medium,spread_ticks,-45,21.0,1.0476190476190477,1.0,1.0
ZN.v.0,action_x_surprise,hold|medium,spread_ticks,-44,21.0,1.0476190476190477,1.0,1.0
ZN.v.0,action_x_surprise,hold|medium,spread_ticks,-43,21.0,1.0476190476190477,1.0,1.0
ZN.v.0,action_x_surprise,hold|medium,spread_ticks,-42,21.0,1.1428571428571428,1.0,1.0
ZN.v.0,action_x_surprise,hold|medium,spread_ticks,-41,21.0,1.0476190476190477,1.0,1.0
ZN.v.0,action_x_surprise,hold|medium,spread_ticks,-40,21.0,1.0,1.0,1.0
ZN.v.0,action_x_surprise,hold|medium,spread_ticks,-39,21.0,1.0476190476190477,1.0,1.0
ZN.v.0,action_x_surprise,hold|medium,spread_ticks,-38,21.0,1.1428571428571428,1.0,1.0
ZN.v.0,action_x_surprise,hold|medium,spread_ticks,-37,21.0,1.0952380952380953,1.0,1.0
ZN.v.0,action_x_surprise,hold|medium,spread_ticks,-36,21.0,1.0952380952380953,1.0,1.0
ZN.v.0,action_x_surprise,hold|medium,spread_ticks,-35,21.0,1.1428571428571428,1.0,1.0
ZN.v.0,action_x_surprise,hold|medium,spread_ticks,-34,21.0,1.1428571428571428,1.0,1.0
ZN.v.0,action_x_surprise,hold|medium,spread_ticks,-33,21.0,1.1428571428571428,1.0,1.0
ZN.v.0,action_x_surprise,hold|medium,spread_ticks,-32,21.0,1.0952380952380953,1.0,1.0
ZN.v.0,action_x_surprise,hold|medium,spread_ticks,-31,21.0,1.1428571428571428,1.0,1.0
ZN.v.0,action_x_surprise,hold|medium,spread_ticks,-30,21.0,1.1904761904761905,1.0,1.0
ZN.v.0,action_x_surprise,hold|medium,spread_ticks,-29,21.0,1.1904761904761905,1.0,1.0
ZN.v.0,action_x_surprise,hold|medium,spread_ticks,-28,21.0,1.0952380952380953,1.0,1.0
ZN.v.0,action_x_surprise,hold|medium,spread_ticks,-27,21.0,1.1428571428571428,1.0,1.0
ZN.v.0,action_x_surprise,hold|medium,spread_ticks,-26,21.0,1.1904761904761905,1.0,1.0
ZN.v.0,action_x_surprise,hold|medium,spread_ticks,-25,21.0,1.0476190476190477,1.0,1.0
ZN.v.0,action_x_surprise,hold|medium,spread_ticks,-24,21.0,1.0,1.0,1.0
ZN.v.0,action_x_surprise,hold|medium,spread_ticks,-23,21.0,1.0476190476190477,1.0,1.0
ZN.v.0,action_x_surprise,hold|medium,spread_ticks,-22,21.0,1.0,1.0,1.0
ZN.v.0,action_x_surprise,hold|medium,spread_ticks,-21,21.0,1.0476190476190477,1.0,1.0
ZN.v.0,action_x_surprise,hold|medium,spread_ticks,-20,21.0,1.1428571428571428,1.0,1.0
ZN.v.0,action_x_surprise,hold|medium,spread_ticks,-19,21.0,1.1904761904761905,1.0,1.0
ZN.v.0,action_x_surprise,hold|medium,spread_ticks,-18,21.0,1.0952380952380953,1.0,1.0
ZN.v.0,action_x_surprise,hold|medium,spread_ticks,-17,21.0,1.1428571428571428,1.0,1.0
ZN.v.0,action_x_surprise,hold|medium,spread_ticks,-16,21.0,1.1428571428571428,1.0,1.0
ZN.v.0,action_x_surprise,hold|medium,spread_ticks,-15,21.0,1.1904761904761905,1.0,1.0
ZN.v.0,action_x_surprise,hold|medium,spread_ticks,-14,21.0,1.2380952380952381,1.0,1.0
ZN.v.0,action_x_surprise,hold|medium,spread_ticks,-13,21.0,1.2380952380952381,1.0,1.0
ZN.v.0,action_x_surprise,hold|medium,spread_ticks,-12,21.0,1.2380952380952381,1.0,1.0
ZN.v.0,action_x_surprise,hold|medium,spread_ticks,-11,21.0,1.1904761904761905,1.0,1.0
ZN.v.0,action_x_surprise,hold|medium,spread_ticks,-10,21.0,1.1428571428571428,1.0,1.0
ZN.v.0,action_x_surprise,hold|medium,spread_ticks,-9,21.0,1.1904761904761905,1.0,1.0
ZN.v.0,action_x_surprise,hold|medium,spread_ticks,-8,21.0,1.1904761904761905,1.0,1.0
ZN.v.0,action_x_surprise,hold|medium,spread_ticks,-7,21.0,1.2380952380952381,1.0,1.0
ZN.v.0,action_x_surprise,hold|medium,spread_ticks,-6,21.0,1.3333333333333333,1.0,1.0
ZN.v.0,action_x_surprise,hold|medium,spread_ticks,-5,21.0,1.2857142857142858,1.0,1.0
ZN.v.0,action_x_surprise,hold|medium,spread_ticks,-4,21.0,1.3333333333333333,1.0,1.0
ZN.v.0,action_x_surprise,hold|medium,spread_ticks,-3,21.0,1.3333333333333333,1.0,2.0
ZN.v.0,action_x_surprise,hold|medium,spread_ticks,-2,21.0,1.2380952380952381,1.0,1.0
ZN.v.0,action_x_surprise,hold|medium,spread_ticks,-1,21.0,1.4285714285714286,1.0,2.0
ZN.v.0,action_x_surprise,hold|medium,spread_ticks,0,21.0,1.5238095238095237,1.0,2.0
ZN.v.0,action_x_surprise,hold|medium,spread_ticks,1,21.0,1.619047619047619,1.0,2.0
ZN.v.0,action_x_surprise,hold|medium,spread_ticks,2,21.0,2.0952380952380953,1.0,2.0
ZN.v.0,action_x_surprise,hold|medium,spread_ticks,3,21.0,1.619047619047619,1.0,2.0
ZN.v.0,action_x_surprise,hold|medium,spread_ticks,4,21.0,1.619047619047619,1.0,2.0
ZN.v.0,action_x_surprise,hold|medium,spread_ticks,5,21.0,1.3333333333333333,1.0,1.0
ZN.v.0,action_x_surprise,hold|medium,spread_ticks,6,21.0,1.4761904761904763,1.0,2.0
ZN.v.0,action_x_surprise,hold|medium,spread_ticks,7,21.0,1.380952380952381,1.0,2.0
ZN.v.0,action_x_surprise,hold|medium,spread_ticks,8,21.0,1.2380952380952381,1.0,1.0
ZN.v.0,action_x_surprise,hold|medium,spread_ticks,9,21.0,1.1904761904761905,1.0,1.0
ZN.v.0,action_x_surprise,hold|medium,spread_ticks,10,21.0,1.2857142857142858,1.0,1.0
ZN.v.0,action_x_surprise,hold|medium,spread_ticks,11,21.0,1.2857142857142858,1.0,1.0
ZN.v.0,action_x_surprise,hold|medium,spread_ticks,12,21.0,1.1428571428571428,1.0,1.0
ZN.v.0,action_x_surprise,hold|medium,spread_ticks,13,21.0,1.1428571428571428,1.0,1.0
ZN.v.0,action_x_surprise,hold|medium,spread_ticks,14,21.0,1.1428571428571428,1.0,1.0
ZN.v.0,action_x_surprise,hold|medium,spread_ticks,15,21.0,1.1428571428571428,1.0,1.0
ZN.v.0,action_x_surprise,hold|medium,spread_ticks,16,21.0,1.2857142857142858,1.0,1.0
ZN.v.0,action_x_surprise,hold|medium,spread_ticks,17,21.0,1.1428571428571428,1.0,1.0
ZN.v.0,action_x_surprise,hold|medium,spread_ticks,18,21.0,1.1428571428571428,1.0,1.0
ZN.v.0,action_x_surprise,hold|medium,spread_ticks,19,21.0,1.1428571428571428,1.0,1.0
ZN.v.0,action_x_surprise,hold|medium,spread_ticks,20,21.0,1.1428571428571428,1.0,1.0
ZN.v.0,action_x_surprise,hold|medium,spread_ticks,21,21.0,1.1428571428571428,1.0,1.0
ZN.v.0,action_x_surprise,hold|medium,spread_ticks,22,21.0,1.0476190476190477,1.0,1.0
ZN.v.0,action_x_surprise,hold|medium,spread_ticks,23,21.0,1.0952380952380953,1.0,1.0
ZN.v.0,action_x_surprise,hold|medium,spread_ticks,24,21.0,1.1428571428571428,1.0,1.0
ZN.v.0,action_x_surprise,hold|medium,spread_ticks,25,21.0,1.0,1.0,1.0
ZN.v.0,action_x_surprise,hold|medium,spread_ticks,26,21.0,1.0,1.0,1.0
ZN.v.0,action_x_surprise,hold|medium,spread_ticks,27,21.0,1.0,1.0,1.0
ZN.v.0,action_x_surprise,hold|medium,spread_ticks,28,21.0,1.0476190476190477,1.0,1.0
ZN.v.0,action_x_surprise,hold|medium,spread_ticks,29,21.0,1.0476190476190477,1.0,1.0
ZN.v.0,action_x_surprise,hold|medium,spread_ticks,30,21.0,1.1428571428571428,1.0,1.0
ZN.v.0,action_x_surprise,hold|medium,spread_ticks,31,21.0,1.0476190476190477,1.0,1.0
ZN.v.0,action_x_surprise,hold|medium,spread_ticks,32,21.0,1.0,1.0,1.0
ZN.v.0,action_x_surprise,hold|medium,spread_ticks,33,21.0,1.0476190476190477,1.0,1.0
ZN.v.0,action_x_surprise,hold|medium,spread_ticks,34,21.0,1.0,1.0,1.0
ZN.v.0,action_x_surprise,hold|medium,spread_ticks,35,21.0,1.1428571428571428,1.0,1.0
ZN.v.0,action_x_surprise,hold|medium,spread_ticks,36,21.0,1.1428571428571428,1.0,1.0
ZN.v.0,action_x_surprise,hold|medium,spread_ticks,37,21.0,1.0476190476190477,1.0,1.0
ZN.v.0,action_x_surprise,hold|medium,spread_ticks,38,21.0,1.1428571428571428,1.0,1.0
ZN.v.0,action_x_surprise,hold|medium,spread_ticks,39,21.0,1.0476190476190477,1.0,1.0
ZN.v.0,action_x_surprise,hold|medium,spread_ticks,40,21.0,1.1428571428571428,1.0,1.0
ZN.v.0,action_x_surprise,hold|medium,spread_ticks,41,21.0,1.0,1.0,1.0
ZN.v.0,action_x_surprise,hold|medium,spread_ticks,42,21.0,1.0952380952380953,1.0,1.0
ZN.v.0,action_x_surprise,hold|medium,spread_ticks,43,21.0,1.0952380952380953,1.0,1.0
ZN.v.0,action_x_surprise,hold|medium,spread_ticks,44,21.0,1.0,1.0,1.0
ZN.v.0,action_x_surprise,hold|medium,spread_ticks,45,21.0,1.0476190476190477,1.0,1.0
ZN.v.0,action_x_surprise,hold|medium,spread_ticks,46,21.0,1.0,1.0,1.0
ZN.v.0,action_x_surprise,hold|medium,spread_ticks,47,21.0,1.0,1.0,1.0
ZN.v.0,action_x_surprise,hold|medium,spread_ticks,48,21.0,1.0,1.0,1.0
ZN.v.0,action_x_surprise,hold|medium,spread_ticks,49,21.0,1.0,1.0,1.0
ZN.v.0,action_x_surprise,hold|medium,spread_ticks,50,21.0,1.0,1.0,1.0
ZN.v.0,action_x_surprise,hold|medium,spread_ticks,51,21.0,1.0952380952380953,1.0,1.0
ZN.v.0,action_x_surprise,hold|medium,spread_ticks,52,21.0,1.0476190476190477,1.0,1.0
ZN.v.0,action_x_surprise,hold|medium,spread_ticks,53,21.0,1.0,1.0,1.0
ZN.v.0,action_x_surprise,hold|medium,spread_ticks,54,21.0,1.0,1.0,1.0
ZN.v.0,action_x_surprise,hold|medium,spread_ticks,55,21.0,1.0,1.0,1.0
ZN.v.0,action_x_surprise,hold|medium,spread_ticks,56,21.0,1.0,1.0,1.0
ZN.v.0,action_x_surprise,hold|medium,spread_ticks,57,21.0,1.0,1.0,1.0
ZN.v.0,action_x_surprise,hold|medium,spread_ticks,58,21.0,1.0,1.0,1.0
ZN.v.0,action_x_surprise,hold|medium,spread_ticks,59,21.0,1.0,1.0,1.0
ZN.v.0,action_x_surprise,hold|medium,spread_ticks,60,21.0,1.0476190476190477,1.0,1.0
ZN.v.0,action_x_surprise,hold|medium,spread_ticks,61,21.0,1.0,1.0,1.0
ZN.v.0,action_x_surprise,hold|medium,spread_ticks,62,21.0,1.0,1.0,1.0
ZN.v.0,action_x_surprise,hold|medium,spread_ticks,63,21.0,1.0476190476190477,1.0,1.0
ZN.v.0,action_x_surprise,hold|medium,spread_ticks,64,21.0,1.0,1.0,1.0
ZN.v.0,action_x_surprise,hold|medium,spread_ticks,65,21.0,1.0,1.0,1.0
ZN.v.0,action_x_surprise,hold|medium,spread_ticks,66,21.0,1.0,1.0,1.0
ZN.v.0,action_x_surprise,hold|medium,spread_ticks,67,21.0,1.0,1.0,1.0
ZN.v.0,action_x_surprise,hold|medium,spread_ticks,68,21.0,1.0,1.0,1.0
ZN.v.0,action_x_surprise,hold|medium,spread_ticks,69,21.0,1.0,1.0,1.0
ZN.v.0,action_x_surprise,hold|medium,spread_ticks,70,21.0,1.0476190476190477,1.0,1.0
ZN.v.0,action_x_surprise,hold|medium,spread_ticks,71,21.0,1.0952380952380953,1.0,1.0
ZN.v.0,action_x_surprise,hold|medium,spread_ticks,72,21.0,1.0,1.0,1.0
ZN.v.0,action_x_surprise,hold|medium,spread_ticks,73,21.0,1.0,1.0,1.0
ZN.v.0,action_x_surprise,hold|medium,spread_ticks,74,21.0,1.0,1.0,1.0
ZN.v.0,action_x_surprise,hold|medium,spread_ticks,75,21.0,1.0,1.0,1.0
ZN.v.0,action_x_surprise,hold|medium,spread_ticks,76,21.0,1.0,1.0,1.0
ZN.v.0,action_x_surprise,hold|medium,spread_ticks,77,21.0,1.0476190476190477,1.0,1.0
ZN.v.0,action_x_surprise,hold|medium,spread_ticks,78,21.0,1.0,1.0,1.0
ZN.v.0,action_x_surprise,hold|medium,spread_ticks,79,21.0,1.0476190476190477,1.0,1.0
ZN.v.0,action_x_surprise,hold|medium,spread_ticks,80,21.0,1.0,1.0,1.0
ZN.v.0,action_x_surprise,hold|medium,spread_ticks,81,21.0,1.0,1.0,1.0
ZN.v.0,action_x_surprise,hold|medium,spread_ticks,82,21.0,1.0,1.0,1.0
ZN.v.0,action_x_surprise,hold|medium,spread_ticks,83,21.0,1.0,1.0,1.0
ZN.v.0,action_x_surprise,hold|medium,spread_ticks,84,21.0,1.0,1.0,1.0
ZN.v.0,action_x_surprise,hold|medium,spread_ticks,85,21.0,1.0,1.0,1.0
ZN.v.0,action_x_surprise,hold|medium,spread_ticks,86,21.0,1.0,1.0,1.0
ZN.v.0,action_x_surprise,hold|medium,spread_ticks,87,21.0,1.0,1.0,1.0
ZN.v.0,action_x_surprise,hold|medium,spread_ticks,88,21.0,1.0,1.0,1.0
ZN.v.0,action_x_surprise,hold|medium,spread_ticks,89,21.0,1.0952380952380953,1.0,1.0
ZN.v.0,action_x_surprise,hold|medium,spread_ticks,90,21.0,1.0,1.0,1.0
ZN.v.0,action_x_surprise,hold|medium,spread_ticks,91,21.0,1.0,1.0,1.0
ZN.v.0,action_x_surprise,hold|medium,spread_ticks,92,21.0,1.0,1.0,1.0
ZN.v.0,action_x_surprise,hold|medium,spread_ticks,93,21.0,1.0,1.0,1.0
ZN.v.0,action_x_surprise,hold|medium,spread_ticks,94,21.0,1.0,1.0,1.0
ZN.v.0,action_x_surprise,hold|medium,spread_ticks,95,21.0,1.0,1.0,1.0
ZN.v.0,action_x_surprise,hold|medium,spread_ticks,96,21.0,1.0,1.0,1.0
ZN.v.0,action_x_surprise,hold|medium,spread_ticks,97,21.0,1.0,1.0,1.0
ZN.v.0,action_x_surprise,hold|medium,spread_ticks,98,21.0,1.0,1.0,1.0
ZN.v.0,action_x_surprise,hold|medium,spread_ticks,99,21.0,1.0,1.0,1.0
ZN.v.0,action_x_surprise,hold|medium,spread_ticks,100,21.0,1.0,1.0,1.0
ZN.v.0,action_x_surprise,hold|medium,spread_ticks,101,21.0,1.0,1.0,1.0
ZN.v.0,action_x_surprise,hold|medium,spread_ticks,102,21.0,1.0,1.0,1.0
ZN.v.0,action_x_surprise,hold|medium,spread_ticks,103,21.0,1.0,1.0,1.0
ZN.v.0,action_x_surprise,hold|medium,spread_ticks,104,21.0,1.0,1.0,1.0
ZN.v.0,action_x_surprise,hold|medium,spread_ticks,105,21.0,1.0,1.0,1.0
ZN.v.0,action_x_surprise,hold|medium,spread_ticks,106,21.0,1.0,1.0,1.0
ZN.v.0,action_x_surprise,hold|medium,spread_ticks,107,21.0,1.0,1.0,1.0
ZN.v.0,action_x_surprise,hold|medium,spread_ticks,108,21.0,1.0,1.0,1.0
ZN.v.0,action_x_surprise,hold|medium,spread_ticks,109,21.0,1.0,1.0,1.0
ZN.v.0,action_x_surprise,hold|medium,spread_ticks,110,21.0,1.0,1.0,1.0
ZN.v.0,action_x_surprise,hold|medium,spread_ticks,111,21.0,1.0,1.0,1.0
ZN.v.0,action_x_surprise,hold|medium,spread_ticks,112,21.0,1.0,1.0,1.0
ZN.v.0,action_x_surprise,hold|medium,spread_ticks,113,21.0,1.0,1.0,1.0
ZN.v.0,action_x_surprise,hold|medium,spread_ticks,114,21.0,1.0,1.0,1.0
ZN.v.0,action_x_surprise,hold|medium,spread_ticks,115,21.0,1.0,1.0,1.0
ZN.v.0,action_x_surprise,hold|medium,spread_ticks,116,21.0,1.0,1.0,1.0
ZN.v.0,action_x_surprise,hold|medium,spread_ticks,117,21.0,1.0,1.0,1.0
ZN.v.0,action_x_surprise,hold|medium,spread_ticks,118,21.0,1.0,1.0,1.0
ZN.v.0,action_x_surprise,hold|medium,spread_ticks,119,21.0,1.0,1.0,1.0
ZN.v.0,action_x_surprise,hold|medium,spread_ticks,120,21.0,1.0476190476190477,1.0,1.0
ZN.v.0,action_x_surprise,hold|small,spread_ticks,-60,26.0,1.1153846153846154,1.0,1.0
ZN.v.0,action_x_surprise,hold|small,spread_ticks,-59,26.0,1.0769230769230769,1.0,1.0
ZN.v.0,action_x_surprise,hold|small,spread_ticks,-58,26.0,1.0769230769230769,1.0,1.0
ZN.v.0,action_x_surprise,hold|small,spread_ticks,-57,26.0,1.1153846153846154,1.0,1.0
ZN.v.0,action_x_surprise,hold|small,spread_ticks,-56,26.0,1.0769230769230769,1.0,1.0
ZN.v.0,action_x_surprise,hold|small,spread_ticks,-55,26.0,1.1153846153846154,1.0,1.0
ZN.v.0,action_x_surprise,hold|small,spread_ticks,-54,26.0,1.1538461538461537,1.0,1.0
ZN.v.0,action_x_surprise,hold|small,spread_ticks,-53,26.0,1.1538461538461537,1.0,1.0
ZN.v.0,action_x_surprise,hold|small,spread_ticks,-52,26.0,1.1538461538461537,1.0,1.0
ZN.v.0,action_x_surprise,hold|small,spread_ticks,-51,26.0,1.0769230769230769,1.0,1.0
ZN.v.0,action_x_surprise,hold|small,spread_ticks,-50,26.0,1.0769230769230769,1.0,1.0
ZN.v.0,action_x_surprise,hold|small,spread_ticks,-49,26.0,1.0769230769230769,1.0,1.0
ZN.v.0,action_x_surprise,hold|small,spread_ticks,-48,26.0,1.0769230769230769,1.0,1.0
ZN.v.0,action_x_surprise,hold|small,spread_ticks,-47,26.0,1.0769230769230769,1.0,1.0
ZN.v.0,action_x_surprise,hold|small,spread_ticks,-46,26.0,1.1153846153846154,1.0,1.0
ZN.v.0,action_x_surprise,hold|small,spread_ticks,-45,26.0,1.0769230769230769,1.0,1.0
ZN.v.0,action_x_surprise,hold|small,spread_ticks,-44,26.0,1.0769230769230769,1.0,1.0
ZN.v.0,action_x_surprise,hold|small,spread_ticks,-43,26.0,1.0769230769230769,1.0,1.0
ZN.v.0,action_x_surprise,hold|small,spread_ticks,-42,26.0,1.1153846153846154,1.0,1.0
ZN.v.0,action_x_surprise,hold|small,spread_ticks,-41,26.0,1.1538461538461537,1.0,1.0
ZN.v.0,action_x_surprise,hold|small,spread_ticks,-40,26.0,1.1153846153846154,1.0,1.0
ZN.v.0,action_x_surprise,hold|small,spread_ticks,-39,26.0,1.1538461538461537,1.0,1.0
ZN.v.0,action_x_surprise,hold|small,spread_ticks,-38,26.0,1.1538461538461537,1.0,1.0
ZN.v.0,action_x_surprise,hold|small,spread_ticks,-37,26.0,1.1153846153846154,1.0,1.0
ZN.v.0,action_x_surprise,hold|small,spread_ticks,-36,26.0,1.1923076923076923,1.0,1.0
ZN.v.0,action_x_surprise,hold|small,spread_ticks,-35,26.0,1.1538461538461537,1.0,1.0
ZN.v.0,action_x_surprise,hold|small,spread_ticks,-34,26.0,1.1923076923076923,1.0,1.0
ZN.v.0,action_x_surprise,hold|small,spread_ticks,-33,26.0,1.1153846153846154,1.0,1.0
ZN.v.0,action_x_surprise,hold|small,spread_ticks,-32,26.0,1.0384615384615385,1.0,1.0
ZN.v.0,action_x_surprise,hold|small,spread_ticks,-31,26.0,1.0769230769230769,1.0,1.0
ZN.v.0,action_x_surprise,hold|small,spread_ticks,-30,26.0,1.0769230769230769,1.0,1.0
ZN.v.0,action_x_surprise,hold|small,spread_ticks,-29,26.0,1.1153846153846154,1.0,1.0
ZN.v.0,action_x_surprise,hold|small,spread_ticks,-28,26.0,1.0,1.0,1.0
ZN.v.0,action_x_surprise,hold|small,spread_ticks,-27,26.0,1.0,1.0,1.0
ZN.v.0,action_x_surprise,hold|small,spread_ticks,-26,26.0,1.0384615384615385,1.0,1.0
ZN.v.0,action_x_surprise,hold|small,spread_ticks,-25,26.0,1.1153846153846154,1.0,1.0
ZN.v.0,action_x_surprise,hold|small,spread_ticks,-24,26.0,1.1153846153846154,1.0,1.0
ZN.v.0,action_x_surprise,hold|small,spread_ticks,-23,26.0,1.1538461538461537,1.0,1.0
ZN.v.0,action_x_surprise,hold|small,spread_ticks,-22,26.0,1.1153846153846154,1.0,1.0
ZN.v.0,action_x_surprise,hold|small,spread_ticks,-21,26.0,1.1538461538461537,1.0,1.0
ZN.v.0,action_x_surprise,hold|small,spread_ticks,-20,26.0,1.1538461538461537,1.0,1.0
ZN.v.0,action_x_surprise,hold|small,spread_ticks,-19,26.0,1.0769230769230769,1.0,1.0
ZN.v.0,action_x_surprise,hold|small,spread_ticks,-18,26.0,1.1153846153846154,1.0,1.0
ZN.v.0,action_x_surprise,hold|small,spread_ticks,-17,26.0,1.1153846153846154,1.0,1.0
ZN.v.0,action_x_surprise,hold|small,spread_ticks,-16,26.0,1.1538461538461537,1.0,1.0
ZN.v.0,action_x_surprise,hold|small,spread_ticks,-15,26.0,1.1923076923076923,1.0,1.0
ZN.v.0,action_x_surprise,hold|small,spread_ticks,-14,26.0,1.1538461538461537,1.0,1.0
ZN.v.0,action_x_surprise,hold|small,spread_ticks,-13,26.0,1.1153846153846154,1.0,1.0
ZN.v.0,action_x_surprise,hold|small,spread_ticks,-12,26.0,1.1538461538461537,1.0,1.0
ZN.v.0,action_x_surprise,hold|small,spread_ticks,-11,26.0,1.1923076923076923,1.0,1.0
ZN.v.0,action_x_surprise,hold|small,spread_ticks,-10,26.0,1.1538461538461537,1.0,1.0
ZN.v.0,action_x_surprise,hold|small,spread_ticks,-9,26.0,1.1923076923076923,1.0,1.0
ZN.v.0,action_x_surprise,hold|small,spread_ticks,-8,26.0,1.2692307692307692,1.0,1.0
ZN.v.0,action_x_surprise,hold|small,spread_ticks,-7,26.0,1.2307692307692308,1.0,1.0
ZN.v.0,action_x_surprise,hold|small,spread_ticks,-6,26.0,1.2307692307692308,1.0,1.0
ZN.v.0,action_x_surprise,hold|small,spread_ticks,-5,26.0,1.3076923076923077,1.0,1.75
ZN.v.0,action_x_surprise,hold|small,spread_ticks,-4,26.0,1.3076923076923077,1.0,1.75
ZN.v.0,action_x_surprise,hold|small,spread_ticks,-3,26.0,1.3846153846153846,1.0,2.0
ZN.v.0,action_x_surprise,hold|small,spread_ticks,-2,26.0,1.3461538461538463,1.0,2.0
ZN.v.0,action_x_surprise,hold|small,spread_ticks,-1,26.0,1.3076923076923077,1.0,1.75
ZN.v.0,action_x_surprise,hold|small,spread_ticks,0,26.0,1.5,1.0,2.0
ZN.v.0,action_x_surprise,hold|small,spread_ticks,1,26.0,1.3461538461538463,1.0,2.0
ZN.v.0,action_x_surprise,hold|small,spread_ticks,2,26.0,1.5,1.0,2.0
ZN.v.0,action_x_surprise,hold|small,spread_ticks,3,26.0,1.6538461538461537,1.0,2.0
ZN.v.0,action_x_surprise,hold|small,spread_ticks,4,26.0,1.4615384615384615,1.0,2.0
ZN.v.0,action_x_surprise,hold|small,spread_ticks,5,26.0,1.3461538461538463,1.0,2.0
ZN.v.0,action_x_surprise,hold|small,spread_ticks,6,26.0,1.4230769230769231,1.0,1.75
ZN.v.0,action_x_surprise,hold|small,spread_ticks,7,26.0,1.1538461538461537,1.0,1.0
ZN.v.0,action_x_surprise,hold|small,spread_ticks,8,26.0,1.1538461538461537,1.0,1.0
ZN.v.0,action_x_surprise,hold|small,spread_ticks,9,26.0,1.2307692307692308,1.0,1.0
ZN.v.0,action_x_surprise,hold|small,spread_ticks,10,26.0,1.1538461538461537,1.0,1.0
ZN.v.0,action_x_surprise,hold|small,spread_ticks,11,26.0,1.0769230769230769,1.0,1.0
ZN.v.0,action_x_surprise,hold|small,spread_ticks,12,26.0,1.1538461538461537,1.0,1.0
ZN.v.0,action_x_surprise,hold|small,spread_ticks,13,26.0,1.1923076923076923,1.0,1.0
ZN.v.0,action_x_surprise,hold|small,spread_ticks,14,26.0,1.0769230769230769,1.0,1.0
ZN.v.0,action_x_surprise,hold|small,spread_ticks,15,26.0,1.1538461538461537,1.0,1.0
ZN.v.0,action_x_surprise,hold|small,spread_ticks,16,26.0,1.1153846153846154,1.0,1.0
ZN.v.0,action_x_surprise,hold|small,spread_ticks,17,26.0,1.0384615384615385,1.0,1.0
ZN.v.0,action_x_surprise,hold|small,spread_ticks,18,26.0,1.0769230769230769,1.0,1.0
ZN.v.0,action_x_surprise,hold|small,spread_ticks,19,26.0,1.0769230769230769,1.0,1.0
ZN.v.0,action_x_surprise,hold|small,spread_ticks,20,26.0,1.0769230769230769,1.0,1.0
ZN.v.0,action_x_surprise,hold|small,spread_ticks,21,26.0,1.0384615384615385,1.0,1.0
ZN.v.0,action_x_surprise,hold|small,spread_ticks,22,26.0,1.0384615384615385,1.0,1.0
ZN.v.0,action_x_surprise,hold|small,spread_ticks,23,26.0,1.0769230769230769,1.0,1.0
ZN.v.0,action_x_surprise,hold|small,spread_ticks,24,26.0,1.0769230769230769,1.0,1.0
ZN.v.0,action_x_surprise,hold|small,spread_ticks,25,26.0,1.0769230769230769,1.0,1.0
ZN.v.0,action_x_surprise,hold|small,spread_ticks,26,26.0,1.0769230769230769,1.0,1.0
ZN.v.0,action_x_surprise,hold|small,spread_ticks,27,26.0,1.0384615384615385,1.0,1.0
ZN.v.0,action_x_surprise,hold|small,spread_ticks,28,26.0,1.0384615384615385,1.0,1.0
ZN.v.0,action_x_surprise,hold|small,spread_ticks,29,26.0,1.0769230769230769,1.0,1.0
ZN.v.0,action_x_surprise,hold|small,spread_ticks,30,26.0,1.1923076923076923,1.0,1.0
ZN.v.0,action_x_surprise,hold|small,spread_ticks,31,26.0,1.0,1.0,1.0
ZN.v.0,action_x_surprise,hold|small,spread_ticks,32,26.0,1.0769230769230769,1.0,1.0
ZN.v.0,action_x_surprise,hold|small,spread_ticks,33,26.0,1.0384615384615385,1.0,1.0
ZN.v.0,action_x_surprise,hold|small,spread_ticks,34,26.0,1.0769230769230769,1.0,1.0
ZN.v.0,action_x_surprise,hold|small,spread_ticks,35,26.0,1.0384615384615385,1.0,1.0
ZN.v.0,action_x_surprise,hold|small,spread_ticks,36,26.0,1.0769230769230769,1.0,1.0
ZN.v.0,action_x_surprise,hold|small,spread_ticks,37,26.0,1.1153846153846154,1.0,1.0
ZN.v.0,action_x_surprise,hold|small,spread_ticks,38,26.0,1.0,1.0,1.0
ZN.v.0,action_x_surprise,hold|small,spread_ticks,39,26.0,1.0,1.0,1.0
ZN.v.0,action_x_surprise,hold|small,spread_ticks,40,26.0,1.0384615384615385,1.0,1.0
ZN.v.0,action_x_surprise,hold|small,spread_ticks,41,26.0,1.0,1.0,1.0
ZN.v.0,action_x_surprise,hold|small,spread_ticks,42,26.0,1.0384615384615385,1.0,1.0
ZN.v.0,action_x_surprise,hold|small,spread_ticks,43,26.0,1.0,1.0,1.0
ZN.v.0,action_x_surprise,hold|small,spread_ticks,44,26.0,1.0769230769230769,1.0,1.0
ZN.v.0,action_x_surprise,hold|small,spread_ticks,45,26.0,1.0,1.0,1.0
ZN.v.0,action_x_surprise,hold|small,spread_ticks,46,26.0,1.0384615384615385,1.0,1.0
ZN.v.0,action_x_surprise,hold|small,spread_ticks,47,26.0,1.0384615384615385,1.0,1.0
ZN.v.0,action_x_surprise,hold|small,spread_ticks,48,26.0,1.0384615384615385,1.0,1.0
ZN.v.0,action_x_surprise,hold|small,spread_ticks,49,26.0,1.0384615384615385,1.0,1.0
ZN.v.0,action_x_surprise,hold|small,spread_ticks,50,26.0,1.0384615384615385,1.0,1.0
ZN.v.0,action_x_surprise,hold|small,spread_ticks,51,26.0,1.0,1.0,1.0
ZN.v.0,action_x_surprise,hold|small,spread_ticks,52,26.0,1.0384615384615385,1.0,1.0
ZN.v.0,action_x_surprise,hold|small,spread_ticks,53,26.0,1.0,1.0,1.0
ZN.v.0,action_x_surprise,hold|small,spread_ticks,54,26.0,1.0,1.0,1.0
ZN.v.0,action_x_surprise,hold|small,spread_ticks,55,26.0,1.0,1.0,1.0
ZN.v.0,action_x_surprise,hold|small,spread_ticks,56,26.0,1.0,1.0,1.0
ZN.v.0,action_x_surprise,hold|small,spread_ticks,57,26.0,1.0,1.0,1.0
ZN.v.0,action_x_surprise,hold|small,spread_ticks,58,26.0,1.0384615384615385,1.0,1.0
ZN.v.0,action_x_surprise,hold|small,spread_ticks,59,26.0,1.0,1.0,1.0
ZN.v.0,action_x_surprise,hold|small,spread_ticks,60,26.0,1.0,1.0,1.0
ZN.v.0,action_x_surprise,hold|small,spread_ticks,61,26.0,1.0384615384615385,1.0,1.0
ZN.v.0,action_x_surprise,hold|small,spread_ticks,62,26.0,1.0,1.0,1.0
ZN.v.0,action_x_surprise,hold|small,spread_ticks,63,26.0,1.0,1.0,1.0
ZN.v.0,action_x_surprise,hold|small,spread_ticks,64,26.0,1.0384615384615385,1.0,1.0
ZN.v.0,action_x_surprise,hold|small,spread_ticks,65,26.0,1.0,1.0,1.0
ZN.v.0,action_x_surprise,hold|small,spread_ticks,66,26.0,1.0,1.0,1.0
ZN.v.0,action_x_surprise,hold|small,spread_ticks,67,26.0,1.0,1.0,1.0
ZN.v.0,action_x_surprise,hold|small,spread_ticks,68,26.0,1.0,1.0,1.0
ZN.v.0,action_x_surprise,hold|small,spread_ticks,69,26.0,1.0,1.0,1.0
ZN.v.0,action_x_surprise,hold|small,spread_ticks,70,26.0,1.0,1.0,1.0
ZN.v.0,action_x_surprise,hold|small,spread_ticks,71,26.0,1.0,1.0,1.0
ZN.v.0,action_x_surprise,hold|small,spread_ticks,72,26.0,1.0,1.0,1.0
ZN.v.0,action_x_surprise,hold|small,spread_ticks,73,26.0,1.0,1.0,1.0
ZN.v.0,action_x_surprise,hold|small,spread_ticks,74,26.0,1.0,1.0,1.0
ZN.v.0,action_x_surprise,hold|small,spread_ticks,75,26.0,1.0384615384615385,1.0,1.0
ZN.v.0,action_x_surprise,hold|small,spread_ticks,76,26.0,1.0,1.0,1.0
ZN.v.0,action_x_surprise,hold|small,spread_ticks,77,26.0,1.0,1.0,1.0
ZN.v.0,action_x_surprise,hold|small,spread_ticks,78,26.0,1.0,1.0,1.0
ZN.v.0,action_x_surprise,hold|small,spread_ticks,79,26.0,1.0,1.0,1.0
ZN.v.0,action_x_surprise,hold|small,spread_ticks,80,26.0,1.0384615384615385,1.0,1.0
ZN.v.0,action_x_surprise,hold|small,spread_ticks,81,26.0,1.0,1.0,1.0
ZN.v.0,action_x_surprise,hold|small,spread_ticks,82,26.0,1.0,1.0,1.0
ZN.v.0,action_x_surprise,hold|small,spread_ticks,83,26.0,1.0,1.0,1.0
ZN.v.0,action_x_surprise,hold|small,spread_ticks,84,26.0,1.0,1.0,1.0
ZN.v.0,action_x_surprise,hold|small,spread_ticks,85,26.0,1.0,1.0,1.0
ZN.v.0,action_x_surprise,hold|small,spread_ticks,86,26.0,1.0,1.0,1.0
ZN.v.0,action_x_surprise,hold|small,spread_ticks,87,26.0,1.0,1.0,1.0
ZN.v.0,action_x_surprise,hold|small,spread_ticks,88,26.0,1.0,1.0,1.0
ZN.v.0,action_x_surprise,hold|small,spread_ticks,89,26.0,1.0,1.0,1.0
ZN.v.0,action_x_surprise,hold|small,spread_ticks,90,26.0,1.0,1.0,1.0
ZN.v.0,action_x_surprise,hold|small,spread_ticks,91,26.0,1.0384615384615385,1.0,1.0
ZN.v.0,action_x_surprise,hold|small,spread_ticks,92,26.0,1.0,1.0,1.0
ZN.v.0,action_x_surprise,hold|small,spread_ticks,93,26.0,1.0,1.0,1.0
ZN.v.0,action_x_surprise,hold|small,spread_ticks,94,26.0,1.0,1.0,1.0
ZN.v.0,action_x_surprise,hold|small,spread_ticks,95,26.0,1.0,1.0,1.0
ZN.v.0,action_x_surprise,hold|small,spread_ticks,96,26.0,1.0769230769230769,1.0,1.0
ZN.v.0,action_x_surprise,hold|small,spread_ticks,97,26.0,1.0,1.0,1.0
ZN.v.0,action_x_surprise,hold|small,spread_ticks,98,26.0,1.0,1.0,1.0
ZN.v.0,action_x_surprise,hold|small,spread_ticks,99,26.0,1.0,1.0,1.0
ZN.v.0,action_x_surprise,hold|small,spread_ticks,100,26.0,1.0,1.0,1.0
ZN.v.0,action_x_surprise,hold|small,spread_ticks,101,26.0,1.0,1.0,1.0
ZN.v.0,action_x_surprise,hold|small,spread_ticks,102,26.0,1.0,1.0,1.0
ZN.v.0,action_x_surprise,hold|small,spread_ticks,103,26.0,1.0,1.0,1.0
ZN.v.0,action_x_surprise,hold|small,spread_ticks,104,26.0,1.0,1.0,1.0
ZN.v.0,action_x_surprise,hold|small,spread_ticks,105,26.0,1.0,1.0,1.0
ZN.v.0,action_x_surprise,hold|small,spread_ticks,106,26.0,1.0,1.0,1.0
ZN.v.0,action_x_surprise,hold|small,spread_ticks,107,26.0,1.0,1.0,1.0
ZN.v.0,action_x_surprise,hold|small,spread_ticks,108,26.0,1.0,1.0,1.0
ZN.v.0,action_x_surprise,hold|small,spread_ticks,109,26.0,1.0,1.0,1.0
ZN.v.0,action_x_surprise,hold|small,spread_ticks,110,26.0,1.0,1.0,1.0
ZN.v.0,action_x_surprise,hold|small,spread_ticks,111,26.0,1.0384615384615385,1.0,1.0
ZN.v.0,action_x_surprise,hold|small,spread_ticks,112,26.0,1.0,1.0,1.0
ZN.v.0,action_x_surprise,hold|small,spread_ticks,113,26.0,1.0,1.0,1.0
ZN.v.0,action_x_surprise,hold|small,spread_ticks,114,26.0,1.0,1.0,1.0
ZN.v.0,action_x_surprise,hold|small,spread_ticks,115,26.0,1.0,1.0,1.0
ZN.v.0,action_x_surprise,hold|small,spread_ticks,116,26.0,1.0384615384615385,1.0,1.0
ZN.v.0,action_x_surprise,hold|small,spread_ticks,117,26.0,1.0,1.0,1.0
ZN.v.0,action_x_surprise,hold|small,spread_ticks,118,26.0,1.0,1.0,1.0
ZN.v.0,action_x_surprise,hold|small,spread_ticks,119,26.0,1.0,1.0,1.0
ZN.v.0,action_x_surprise,hold|small,spread_ticks,120,26.0,1.0,1.0,1.0
ZN.v.0,all,all,spread_ticks,-60,92.0,1.1956521739130435,1.0,1.0
ZN.v.0,all,all,spread_ticks,-59,92.0,1.1956521739130435,1.0,1.0
ZN.v.0,all,all,spread_ticks,-58,92.0,1.2065217391304348,1.0,1.0
ZN.v.0,all,all,spread_ticks,-57,92.0,1.184782608695652,1.0,1.0
ZN.v.0,all,all,spread_ticks,-56,92.0,1.1195652173913044,1.0,1.0
ZN.v.0,all,all,spread_ticks,-55,92.0,1.1195652173913044,1.0,1.0
ZN.v.0,all,all,spread_ticks,-54,92.0,1.1630434782608696,1.0,1.0
ZN.v.0,all,all,spread_ticks,-53,92.0,1.173913043478261,1.0,1.0
ZN.v.0,all,all,spread_ticks,-52,92.0,1.141304347826087,1.0,1.0
ZN.v.0,all,all,spread_ticks,-51,92.0,1.1304347826086956,1.0,1.0
ZN.v.0,all,all,spread_ticks,-50,92.0,1.141304347826087,1.0,1.0
ZN.v.0,all,all,spread_ticks,-49,92.0,1.1195652173913044,1.0,1.0
ZN.v.0,all,all,spread_ticks,-48,92.0,1.1304347826086956,1.0,1.0
ZN.v.0,all,all,spread_ticks,-47,92.0,1.173913043478261,1.0,1.0
ZN.v.0,all,all,spread_ticks,-46,92.0,1.184782608695652,1.0,1.0
ZN.v.0,all,all,spread_ticks,-45,92.0,1.1956521739130435,1.0,1.0
ZN.v.0,all,all,spread_ticks,-44,92.0,1.141304347826087,1.0,1.0
ZN.v.0,all,all,spread_ticks,-43,92.0,1.1195652173913044,1.0,1.0
ZN.v.0,all,all,spread_ticks,-42,92.0,1.2065217391304348,1.0,1.0
ZN.v.0,all,all,spread_ticks,-41,92.0,1.2065217391304348,1.0,1.0
ZN.v.0,all,all,spread_ticks,-40,92.0,1.173913043478261,1.0,1.0
ZN.v.0,all,all,spread_ticks,-39,92.0,1.1630434782608696,1.0,1.0
ZN.v.0,all,all,spread_ticks,-38,92.0,1.184782608695652,1.0,1.0
ZN.v.0,all,all,spread_ticks,-37,92.0,1.173913043478261,1.0,1.0
ZN.v.0,all,all,spread_ticks,-36,92.0,1.184782608695652,1.0,1.0
ZN.v.0,all,all,spread_ticks,-35,92.0,1.141304347826087,1.0,1.0
ZN.v.0,all,all,spread_ticks,-34,92.0,1.1956521739130435,1.0,1.0
ZN.v.0,all,all,spread_ticks,-33,92.0,1.1521739130434783,1.0,1.0
ZN.v.0,all,all,spread_ticks,-32,92.0,1.108695652173913,1.0,1.0
ZN.v.0,all,all,spread_ticks,-31,92.0,1.108695652173913,1.0,1.0
ZN.v.0,all,all,spread_ticks,-30,92.0,1.1304347826086956,1.0,1.0
ZN.v.0,all,all,spread_ticks,-29,92.0,1.173913043478261,1.0,1.0
ZN.v.0,all,all,spread_ticks,-28,92.0,1.141304347826087,1.0,1.0
ZN.v.0,all,all,spread_ticks,-27,92.0,1.141304347826087,1.0,1.0
ZN.v.0,all,all,spread_ticks,-26,92.0,1.2173913043478262,1.0,1.0
ZN.v.0,all,all,spread_ticks,-25,92.0,1.2065217391304348,1.0,1.0
ZN.v.0,all,all,spread_ticks,-24,92.0,1.2282608695652173,1.0,1.0
ZN.v.0,all,all,spread_ticks,-23,92.0,1.2065217391304348,1.0,1.0
ZN.v.0,all,all,spread_ticks,-22,92.0,1.184782608695652,1.0,1.0
ZN.v.0,all,all,spread_ticks,-21,92.0,1.2065217391304348,1.0,1.0
ZN.v.0,all,all,spread_ticks,-20,92.0,1.2065217391304348,1.0,1.0
ZN.v.0,all,all,spread_ticks,-19,92.0,1.173913043478261,1.0,1.0
ZN.v.0,all,all,spread_ticks,-18,92.0,1.1630434782608696,1.0,1.0
ZN.v.0,all,all,spread_ticks,-17,92.0,1.2173913043478262,1.0,1.0
ZN.v.0,all,all,spread_ticks,-16,92.0,1.2934782608695652,1.0,1.0
ZN.v.0,all,all,spread_ticks,-15,92.0,1.2717391304347827,1.0,1.0
ZN.v.0,all,all,spread_ticks,-14,92.0,1.2608695652173914,1.0,1.0
ZN.v.0,all,all,spread_ticks,-13,92.0,1.2934782608695652,1.0,2.0
ZN.v.0,all,all,spread_ticks,-12,92.0,1.315217391304348,1.0,2.0
ZN.v.0,all,all,spread_ticks,-11,92.0,1.2934782608695652,1.0,1.0
ZN.v.0,all,all,spread_ticks,-10,92.0,1.2608695652173914,1.0,1.0
ZN.v.0,all,all,spread_ticks,-9,92.0,1.315217391304348,1.0,1.0
ZN.v.0,all,all,spread_ticks,-8,92.0,1.3369565217391304,1.0,2.0
ZN.v.0,all,all,spread_ticks,-7,92.0,1.3369565217391304,1.0,2.0
ZN.v.0,all,all,spread_ticks,-6,92.0,1.3369565217391304,1.0,2.0
ZN.v.0,all,all,spread_ticks,-5,92.0,1.423913043478261,1.0,2.0
ZN.v.0,all,all,spread_ticks,-4,92.0,1.434782608695652,1.0,2.0
ZN.v.0,all,all,spread_ticks,-3,92.0,1.423913043478261,1.0,2.0
ZN.v.0,all,all,spread_ticks,-2,92.0,1.4130434782608696,1.0,2.0
ZN.v.0,all,all,spread_ticks,-1,92.0,1.5,1.0,2.0
ZN.v.0,all,all,spread_ticks,0,92.0,1.6195652173913044,1.0,2.0
ZN.v.0,all,all,spread_ticks,1,92.0,1.7717391304347827,1.0,2.0
ZN.v.0,all,all,spread_ticks,2,92.0,1.9891304347826086,1.0,2.0
ZN.v.0,all,all,spread_ticks,3,92.0,1.923913043478261,1.0,2.0
ZN.v.0,all,all,spread_ticks,4,92.0,1.7391304347826086,1.0,2.0
ZN.v.0,all,all,spread_ticks,5,92.0,1.7065217391304348,1.0,2.0
ZN.v.0,all,all,spread_ticks,6,92.0,1.576086956521739,1.0,2.0
ZN.v.0,all,all,spread_ticks,7,92.0,1.391304347826087,1.0,2.0
ZN.v.0,all,all,spread_ticks,8,92.0,1.391304347826087,1.0,2.0
ZN.v.0,all,all,spread_ticks,9,92.0,1.3695652173913044,1.0,2.0
ZN.v.0,all,all,spread_ticks,10,92.0,1.4021739130434783,1.0,2.0
ZN.v.0,all,all,spread_ticks,11,92.0,1.326086956521739,1.0,2.0
ZN.v.0,all,all,spread_ticks,12,92.0,1.2173913043478262,1.0,1.0
ZN.v.0,all,all,spread_ticks,13,92.0,1.2717391304347827,1.0,1.0
ZN.v.0,all,all,spread_ticks,14,92.0,1.1956521739130435,1.0,1.0
ZN.v.0,all,all,spread_ticks,15,92.0,1.2282608695652173,1.0,1.0
ZN.v.0,all,all,spread_ticks,16,92.0,1.2826086956521738,1.0,1.0
ZN.v.0,all,all,spread_ticks,17,92.0,1.184782608695652,1.0,1.0
ZN.v.0,all,all,spread_ticks,18,92.0,1.184782608695652,1.0,1.0
ZN.v.0,all,all,spread_ticks,19,92.0,1.2065217391304348,1.0,1.0
ZN.v.0,all,all,spread_ticks,20,92.0,1.173913043478261,1.0,1.0
ZN.v.0,all,all,spread_ticks,21,92.0,1.141304347826087,1.0,1.0
ZN.v.0,all,all,spread_ticks,22,92.0,1.0869565217391304,1.0,1.0
ZN.v.0,all,all,spread_ticks,23,92.0,1.1304347826086956,1.0,1.0
ZN.v.0,all,all,spread_ticks,24,92.0,1.1304347826086956,1.0,1.0
ZN.v.0,all,all,spread_ticks,25,92.0,1.0978260869565217,1.0,1.0
ZN.v.0,all,all,spread_ticks,26,92.0,1.1304347826086956,1.0,1.0
ZN.v.0,all,all,spread_ticks,27,92.0,1.065217391304348,1.0,1.0
ZN.v.0,all,all,spread_ticks,28,92.0,1.065217391304348,1.0,1.0
ZN.v.0,all,all,spread_ticks,29,92.0,1.108695652173913,1.0,1.0
ZN.v.0,all,all,spread_ticks,30,92.0,1.1521739130434783,1.0,1.0
ZN.v.0,all,all,spread_ticks,31,92.0,1.0869565217391304,1.0,1.0
ZN.v.0,all,all,spread_ticks,32,92.0,1.141304347826087,1.0,1.0
ZN.v.0,all,all,spread_ticks,33,92.0,1.076086956521739,1.0,1.0
ZN.v.0,all,all,spread_ticks,34,92.0,1.076086956521739,1.0,1.0
ZN.v.0,all,all,spread_ticks,35,92.0,1.108695652173913,1.0,1.0
ZN.v.0,all,all,spread_ticks,36,92.0,1.076086956521739,1.0,1.0
ZN.v.0,all,all,spread_ticks,37,92.0,1.1195652173913044,1.0,1.0
ZN.v.0,all,all,spread_ticks,38,92.0,1.076086956521739,1.0,1.0
ZN.v.0,all,all,spread_ticks,39,92.0,1.065217391304348,1.0,1.0
ZN.v.0,all,all,spread_ticks,40,92.0,1.076086956521739,1.0,1.0
ZN.v.0,all,all,spread_ticks,41,92.0,1.0434782608695652,1.0,1.0
ZN.v.0,all,all,spread_ticks,42,92.0,1.0978260869565217,1.0,1.0
ZN.v.0,all,all,spread_ticks,43,92.0,1.0543478260869565,1.0,1.0
ZN.v.0,all,all,spread_ticks,44,92.0,1.065217391304348,1.0,1.0
ZN.v.0,all,all,spread_ticks,45,92.0,1.065217391304348,1.0,1.0
ZN.v.0,all,all,spread_ticks,46,92.0,1.065217391304348,1.0,1.0
ZN.v.0,all,all,spread_ticks,47,92.0,1.0434782608695652,1.0,1.0
ZN.v.0,all,all,spread_ticks,48,92.0,1.0434782608695652,1.0,1.0
ZN.v.0,all,all,spread_ticks,49,92.0,1.0217391304347827,1.0,1.0
ZN.v.0,all,all,spread_ticks,50,92.0,1.0434782608695652,1.0,1.0
ZN.v.0,all,all,spread_ticks,51,92.0,1.0434782608695652,1.0,1.0
ZN.v.0,all,all,spread_ticks,52,92.0,1.0543478260869565,1.0,1.0
ZN.v.0,all,all,spread_ticks,53,92.0,1.0434782608695652,1.0,1.0
ZN.v.0,all,all,spread_ticks,54,92.0,1.0326086956521738,1.0,1.0
ZN.v.0,all,all,spread_ticks,55,92.0,1.0217391304347827,1.0,1.0
ZN.v.0,all,all,spread_ticks,56,92.0,1.0108695652173914,1.0,1.0
ZN.v.0,all,all,spread_ticks,57,92.0,1.0217391304347827,1.0,1.0
ZN.v.0,all,all,spread_ticks,58,92.0,1.0434782608695652,1.0,1.0
ZN.v.0,all,all,spread_ticks,59,92.0,1.0326086956521738,1.0,1.0
ZN.v.0,all,all,spread_ticks,60,92.0,1.0543478260869565,1.0,1.0
ZN.v.0,all,all,spread_ticks,61,92.0,1.065217391304348,1.0,1.0
ZN.v.0,all,all,spread_ticks,62,92.0,1.0217391304347827,1.0,1.0
ZN.v.0,all,all,spread_ticks,63,92.0,1.0869565217391304,1.0,1.0
ZN.v.0,all,all,spread_ticks,64,92.0,1.0434782608695652,1.0,1.0
ZN.v.0,all,all,spread_ticks,65,92.0,1.0108695652173914,1.0,1.0
ZN.v.0,all,all,spread_ticks,66,92.0,1.0217391304347827,1.0,1.0
ZN.v.0,all,all,spread_ticks,67,92.0,1.0217391304347827,1.0,1.0
ZN.v.0,all,all,spread_ticks,68,92.0,1.0217391304347827,1.0,1.0
ZN.v.0,all,all,spread_ticks,69,92.0,1.0108695652173914,1.0,1.0
ZN.v.0,all,all,spread_ticks,70,92.0,1.0434782608695652,1.0,1.0
ZN.v.0,all,all,spread_ticks,71,92.0,1.0326086956521738,1.0,1.0
ZN.v.0,all,all,spread_ticks,72,92.0,1.0326086956521738,1.0,1.0
ZN.v.0,all,all,spread_ticks,73,92.0,1.0326086956521738,1.0,1.0
ZN.v.0,all,all,spread_ticks,74,92.0,1.0108695652173914,1.0,1.0
ZN.v.0,all,all,spread_ticks,75,92.0,1.0217391304347827,1.0,1.0
ZN.v.0,all,all,spread_ticks,76,92.0,1.0108695652173914,1.0,1.0
ZN.v.0,all,all,spread_ticks,77,92.0,1.0217391304347827,1.0,1.0
ZN.v.0,all,all,spread_ticks,78,92.0,1.0108695652173914,1.0,1.0
ZN.v.0,all,all,spread_ticks,79,92.0,1.0217391304347827,1.0,1.0
ZN.v.0,all,all,spread_ticks,80,92.0,1.0326086956521738,1.0,1.0
ZN.v.0,all,all,spread_ticks,81,92.0,1.0108695652173914,1.0,1.0
ZN.v.0,all,all,spread_ticks,82,92.0,1.0,1.0,1.0
ZN.v.0,all,all,spread_ticks,83,92.0,1.0108695652173914,1.0,1.0
ZN.v.0,all,all,spread_ticks,84,92.0,1.0108695652173914,1.0,1.0
ZN.v.0,all,all,spread_ticks,85,92.0,1.0108695652173914,1.0,1.0
ZN.v.0,all,all,spread_ticks,86,92.0,1.0217391304347827,1.0,1.0
ZN.v.0,all,all,spread_ticks,87,92.0,1.0217391304347827,1.0,1.0
ZN.v.0,all,all,spread_ticks,88,92.0,1.0217391304347827,1.0,1.0
ZN.v.0,all,all,spread_ticks,89,92.0,1.0217391304347827,1.0,1.0
ZN.v.0,all,all,spread_ticks,90,92.0,1.0217391304347827,1.0,1.0
ZN.v.0,all,all,spread_ticks,91,92.0,1.0326086956521738,1.0,1.0
ZN.v.0,all,all,spread_ticks,92,92.0,1.0108695652173914,1.0,1.0
ZN.v.0,all,all,spread_ticks,93,92.0,1.0108695652173914,1.0,1.0
ZN.v.0,all,all,spread_ticks,94,92.0,1.0,1.0,1.0
ZN.v.0,all,all,spread_ticks,95,92.0,1.0,1.0,1.0
ZN.v.0,all,all,spread_ticks,96,92.0,1.0434782608695652,1.0,1.0
ZN.v.0,all,all,spread_ticks,97,92.0,1.0108695652173914,1.0,1.0
ZN.v.0,all,all,spread_ticks,98,92.0,1.0326086956521738,1.0,1.0
ZN.v.0,all,all,spread_ticks,99,92.0,1.0,1.0,1.0
ZN.v.0,all,all,spread_ticks,100,92.0,1.0434782608695652,1.0,1.0
ZN.v.0,all,all,spread_ticks,101,92.0,1.0108695652173914,1.0,1.0
ZN.v.0,all,all,spread_ticks,102,92.0,1.0217391304347827,1.0,1.0
ZN.v.0,all,all,spread_ticks,103,92.0,1.0326086956521738,1.0,1.0
ZN.v.0,all,all,spread_ticks,104,92.0,1.0,1.0,1.0
ZN.v.0,all,all,spread_ticks,105,92.0,1.0326086956521738,1.0,1.0
ZN.v.0,all,all,spread_ticks,106,92.0,1.0217391304347827,1.0,1.0
ZN.v.0,all,all,spread_ticks,107,92.0,1.0326086956521738,1.0,1.0
ZN.v.0,all,all,spread_ticks,108,92.0,1.0108695652173914,1.0,1.0
ZN.v.0,all,all,spread_ticks,109,92.0,1.0217391304347827,1.0,1.0
ZN.v.0,all,all,spread_ticks,110,92.0,1.0217391304347827,1.0,1.0
ZN.v.0,all,all,spread_ticks,111,92.0,1.0217391304347827,1.0,1.0
ZN.v.0,all,all,spread_ticks,112,92.0,1.0,1.0,1.0
ZN.v.0,all,all,spread_ticks,113,92.0,1.0,1.0,1.0
ZN.v.0,all,all,spread_ticks,114,92.0,1.0217391304347827,1.0,1.0
ZN.v.0,all,all,spread_ticks,115,92.0,1.0108695652173914,1.0,1.0
ZN.v.0,all,all,spread_ticks,116,92.0,1.0217391304347827,1.0,1.0
ZN.v.0,all,all,spread_ticks,117,92.0,1.0108695652173914,1.0,1.0
ZN.v.0,all,all,spread_ticks,118,92.0,1.0108695652173914,1.0,1.0
ZN.v.0,all,all,spread_ticks,119,92.0,1.0217391304347827,1.0,1.0
ZN.v.0,all,all,spread_ticks,120,92.0,1.0434782608695652,1.0,1.0
ZN.v.0,control,control,spread_ticks,-60,141.0,1.0,1.0,1.0
ZN.v.0,control,control,spread_ticks,-59,141.0,1.0,1.0,1.0
ZN.v.0,control,control,spread_ticks,-58,141.0,1.0,1.0,1.0
ZN.v.0,control,control,spread_ticks,-57,141.0,1.0,1.0,1.0
ZN.v.0,control,control,spread_ticks,-56,141.0,1.0,1.0,1.0
ZN.v.0,control,control,spread_ticks,-55,141.0,1.0070921985815602,1.0,1.0
ZN.v.0,control,control,spread_ticks,-54,141.0,1.0,1.0,1.0
ZN.v.0,control,control,spread_ticks,-53,141.0,1.0,1.0,1.0
ZN.v.0,control,control,spread_ticks,-52,141.0,1.0,1.0,1.0
ZN.v.0,control,control,spread_ticks,-51,141.0,1.0,1.0,1.0
ZN.v.0,control,control,spread_ticks,-50,141.0,1.0,1.0,1.0
ZN.v.0,control,control,spread_ticks,-49,141.0,1.0,1.0,1.0
ZN.v.0,control,control,spread_ticks,-48,141.0,1.0,1.0,1.0
ZN.v.0,control,control,spread_ticks,-47,141.0,1.0,1.0,1.0
ZN.v.0,control,control,spread_ticks,-46,141.0,1.0,1.0,1.0
ZN.v.0,control,control,spread_ticks,-45,141.0,1.0,1.0,1.0
ZN.v.0,control,control,spread_ticks,-44,141.0,1.0,1.0,1.0
ZN.v.0,control,control,spread_ticks,-43,141.0,1.0,1.0,1.0
ZN.v.0,control,control,spread_ticks,-42,141.0,1.0,1.0,1.0
ZN.v.0,control,control,spread_ticks,-41,141.0,1.0,1.0,1.0
ZN.v.0,control,control,spread_ticks,-40,141.0,1.0,1.0,1.0
ZN.v.0,control,control,spread_ticks,-39,141.0,1.0070921985815602,1.0,1.0
ZN.v.0,control,control,spread_ticks,-38,141.0,1.0070921985815602,1.0,1.0
ZN.v.0,control,control,spread_ticks,-37,141.0,1.0070921985815602,1.0,1.0
ZN.v.0,control,control,spread_ticks,-36,141.0,1.0070921985815602,1.0,1.0
ZN.v.0,control,control,spread_ticks,-35,141.0,1.0070921985815602,1.0,1.0
ZN.v.0,control,control,spread_ticks,-34,141.0,1.0070921985815602,1.0,1.0
ZN.v.0,control,control,spread_ticks,-33,141.0,1.0,1.0,1.0
ZN.v.0,control,control,spread_ticks,-32,141.0,1.0,1.0,1.0
ZN.v.0,control,control,spread_ticks,-31,141.0,1.0,1.0,1.0
ZN.v.0,control,control,spread_ticks,-30,141.0,1.0,1.0,1.0
ZN.v.0,control,control,spread_ticks,-29,141.0,1.0,1.0,1.0
ZN.v.0,control,control,spread_ticks,-28,141.0,1.0,1.0,1.0
ZN.v.0,control,control,spread_ticks,-27,141.0,1.0,1.0,1.0
ZN.v.0,control,control,spread_ticks,-26,141.0,1.0,1.0,1.0
ZN.v.0,control,control,spread_ticks,-25,141.0,1.0,1.0,1.0
ZN.v.0,control,control,spread_ticks,-24,141.0,1.0,1.0,1.0
ZN.v.0,control,control,spread_ticks,-23,141.0,1.0,1.0,1.0
ZN.v.0,control,control,spread_ticks,-22,141.0,1.0,1.0,1.0
ZN.v.0,control,control,spread_ticks,-21,141.0,1.0,1.0,1.0
ZN.v.0,control,control,spread_ticks,-20,141.0,1.0,1.0,1.0
ZN.v.0,control,control,spread_ticks,-19,141.0,1.0,1.0,1.0
ZN.v.0,control,control,spread_ticks,-18,141.0,1.0,1.0,1.0
ZN.v.0,control,control,spread_ticks,-17,141.0,1.0,1.0,1.0
ZN.v.0,control,control,spread_ticks,-16,141.0,1.0,1.0,1.0
ZN.v.0,control,control,spread_ticks,-15,141.0,1.0,1.0,1.0
ZN.v.0,control,control,spread_ticks,-14,141.0,1.0141843971631206,1.0,1.0
ZN.v.0,control,control,spread_ticks,-13,141.0,1.0141843971631206,1.0,1.0
ZN.v.0,control,control,spread_ticks,-12,141.0,1.0212765957446808,1.0,1.0
ZN.v.0,control,control,spread_ticks,-11,141.0,1.0212765957446808,1.0,1.0
ZN.v.0,control,control,spread_ticks,-10,141.0,1.0,1.0,1.0
ZN.v.0,control,control,spread_ticks,-9,141.0,1.0,1.0,1.0
ZN.v.0,control,control,spread_ticks,-8,141.0,1.0,1.0,1.0
ZN.v.0,control,control,spread_ticks,-7,141.0,1.0,1.0,1.0
ZN.v.0,control,control,spread_ticks,-6,141.0,1.0,1.0,1.0
ZN.v.0,control,control,spread_ticks,-5,141.0,1.0,1.0,1.0
ZN.v.0,control,control,spread_ticks,-4,141.0,1.0,1.0,1.0
ZN.v.0,control,control,spread_ticks,-3,141.0,1.0,1.0,1.0
ZN.v.0,control,control,spread_ticks,-2,141.0,1.0,1.0,1.0
ZN.v.0,control,control,spread_ticks,-1,141.0,1.0,1.0,1.0
ZN.v.0,control,control,spread_ticks,0,141.0,1.0,1.0,1.0
ZN.v.0,control,control,spread_ticks,1,141.0,1.0,1.0,1.0
ZN.v.0,control,control,spread_ticks,2,141.0,1.0,1.0,1.0
ZN.v.0,control,control,spread_ticks,3,141.0,1.0,1.0,1.0
ZN.v.0,control,control,spread_ticks,4,141.0,1.0,1.0,1.0
ZN.v.0,control,control,spread_ticks,5,141.0,1.0,1.0,1.0
ZN.v.0,control,control,spread_ticks,6,141.0,1.0070921985815602,1.0,1.0
ZN.v.0,control,control,spread_ticks,7,141.0,1.0,1.0,1.0
ZN.v.0,control,control,spread_ticks,8,141.0,1.0,1.0,1.0
ZN.v.0,control,control,spread_ticks,9,141.0,1.0141843971631206,1.0,1.0
ZN.v.0,control,control,spread_ticks,10,141.0,1.0,1.0,1.0
ZN.v.0,control,control,spread_ticks,11,141.0,1.0,1.0,1.0
ZN.v.0,control,control,spread_ticks,12,141.0,1.0070921985815602,1.0,1.0
ZN.v.0,control,control,spread_ticks,13,141.0,1.0,1.0,1.0
ZN.v.0,control,control,spread_ticks,14,141.0,1.0,1.0,1.0
ZN.v.0,control,control,spread_ticks,15,141.0,1.0,1.0,1.0
ZN.v.0,control,control,spread_ticks,16,141.0,1.0,1.0,1.0
ZN.v.0,control,control,spread_ticks,17,141.0,1.0,1.0,1.0
ZN.v.0,control,control,spread_ticks,18,141.0,1.0,1.0,1.0
ZN.v.0,control,control,spread_ticks,19,141.0,1.0,1.0,1.0
ZN.v.0,control,control,spread_ticks,20,141.0,1.0,1.0,1.0
ZN.v.0,control,control,spread_ticks,21,141.0,1.0,1.0,1.0
ZN.v.0,control,control,spread_ticks,22,141.0,1.0,1.0,1.0
ZN.v.0,control,control,spread_ticks,23,141.0,1.0,1.0,1.0
ZN.v.0,control,control,spread_ticks,24,141.0,1.0,1.0,1.0
ZN.v.0,control,control,spread_ticks,25,141.0,1.0,1.0,1.0
ZN.v.0,control,control,spread_ticks,26,141.0,1.0,1.0,1.0
ZN.v.0,control,control,spread_ticks,27,141.0,1.0,1.0,1.0
ZN.v.0,control,control,spread_ticks,28,141.0,1.0,1.0,1.0
ZN.v.0,control,control,spread_ticks,29,141.0,1.0,1.0,1.0
ZN.v.0,control,control,spread_ticks,30,141.0,1.0070921985815602,1.0,1.0
ZN.v.0,control,control,spread_ticks,31,141.0,1.0141843971631206,1.0,1.0
ZN.v.0,control,control,spread_ticks,32,141.0,1.0141843971631206,1.0,1.0
ZN.v.0,control,control,spread_ticks,33,141.0,1.0141843971631206,1.0,1.0
ZN.v.0,control,control,spread_ticks,34,141.0,1.0212765957446808,1.0,1.0
ZN.v.0,control,control,spread_ticks,35,141.0,1.0141843971631206,1.0,1.0
ZN.v.0,control,control,spread_ticks,36,141.0,1.0141843971631206,1.0,1.0
ZN.v.0,control,control,spread_ticks,37,141.0,1.0,1.0,1.0
ZN.v.0,control,control,spread_ticks,38,141.0,1.0070921985815602,1.0,1.0
ZN.v.0,control,control,spread_ticks,39,141.0,1.0141843971631206,1.0,1.0
ZN.v.0,control,control,spread_ticks,40,141.0,1.0070921985815602,1.0,1.0
ZN.v.0,control,control,spread_ticks,41,141.0,1.0070921985815602,1.0,1.0
ZN.v.0,control,control,spread_ticks,42,141.0,1.0070921985815602,1.0,1.0
ZN.v.0,control,control,spread_ticks,43,141.0,1.0070921985815602,1.0,1.0
ZN.v.0,control,control,spread_ticks,44,141.0,1.0070921985815602,1.0,1.0
ZN.v.0,control,control,spread_ticks,45,141.0,1.0141843971631206,1.0,1.0
ZN.v.0,control,control,spread_ticks,46,141.0,1.0141843971631206,1.0,1.0
ZN.v.0,control,control,spread_ticks,47,141.0,1.0,1.0,1.0
ZN.v.0,control,control,spread_ticks,48,141.0,1.0,1.0,1.0
ZN.v.0,control,control,spread_ticks,49,141.0,1.0,1.0,1.0
ZN.v.0,control,control,spread_ticks,50,141.0,1.0070921985815602,1.0,1.0
ZN.v.0,control,control,spread_ticks,51,141.0,1.0070921985815602,1.0,1.0
ZN.v.0,control,control,spread_ticks,52,141.0,1.0070921985815602,1.0,1.0
ZN.v.0,control,control,spread_ticks,53,141.0,1.0141843971631206,1.0,1.0
ZN.v.0,control,control,spread_ticks,54,141.0,1.0141843971631206,1.0,1.0
ZN.v.0,control,control,spread_ticks,55,141.0,1.0141843971631206,1.0,1.0
ZN.v.0,control,control,spread_ticks,56,141.0,1.0141843971631206,1.0,1.0
ZN.v.0,control,control,spread_ticks,57,141.0,1.0141843971631206,1.0,1.0
ZN.v.0,control,control,spread_ticks,58,141.0,1.0141843971631206,1.0,1.0
ZN.v.0,control,control,spread_ticks,59,141.0,1.0070921985815602,1.0,1.0
ZN.v.0,control,control,spread_ticks,60,141.0,1.0070921985815602,1.0,1.0
ZN.v.0,control,control,spread_ticks,61,141.0,1.0141843971631206,1.0,1.0
ZN.v.0,control,control,spread_ticks,62,141.0,1.0141843971631206,1.0,1.0
ZN.v.0,control,control,spread_ticks,63,141.0,1.0141843971631206,1.0,1.0
ZN.v.0,control,control,spread_ticks,64,141.0,1.0141843971631206,1.0,1.0
ZN.v.0,control,control,spread_ticks,65,141.0,1.0141843971631206,1.0,1.0
ZN.v.0,control,control,spread_ticks,66,141.0,1.0283687943262412,1.0,1.0
ZN.v.0,control,control,spread_ticks,67,141.0,1.0212765957446808,1.0,1.0
ZN.v.0,control,control,spread_ticks,68,141.0,1.0212765957446808,1.0,1.0
ZN.v.0,control,control,spread_ticks,69,141.0,1.0212765957446808,1.0,1.0
ZN.v.0,control,control,spread_ticks,70,141.0,1.0212765957446808,1.0,1.0
ZN.v.0,control,control,spread_ticks,71,141.0,1.0141843971631206,1.0,1.0
ZN.v.0,control,control,spread_ticks,72,141.0,1.0141843971631206,1.0,1.0
ZN.v.0,control,control,spread_ticks,73,141.0,1.0070921985815602,1.0,1.0
ZN.v.0,control,control,spread_ticks,74,141.0,1.0070921985815602,1.0,1.0
ZN.v.0,control,control,spread_ticks,75,141.0,1.0070921985815602,1.0,1.0
ZN.v.0,control,control,spread_ticks,76,141.0,1.0070921985815602,1.0,1.0
ZN.v.0,control,control,spread_ticks,77,141.0,1.0070921985815602,1.0,1.0
ZN.v.0,control,control,spread_ticks,78,141.0,1.0070921985815602,1.0,1.0
ZN.v.0,control,control,spread_ticks,79,141.0,1.0070921985815602,1.0,1.0
ZN.v.0,control,control,spread_ticks,80,141.0,1.0070921985815602,1.0,1.0
ZN.v.0,control,control,spread_ticks,81,141.0,1.0070921985815602,1.0,1.0
ZN.v.0,control,control,spread_ticks,82,141.0,1.0070921985815602,1.0,1.0
ZN.v.0,control,control,spread_ticks,83,141.0,1.0,1.0,1.0
ZN.v.0,control,control,spread_ticks,84,141.0,1.0070921985815602,1.0,1.0
ZN.v.0,control,control,spread_ticks,85,141.0,1.0070921985815602,1.0,1.0
ZN.v.0,control,control,spread_ticks,86,141.0,1.0070921985815602,1.0,1.0
ZN.v.0,control,control,spread_ticks,87,141.0,1.0,1.0,1.0
ZN.v.0,control,control,spread_ticks,88,141.0,1.0,1.0,1.0
ZN.v.0,control,control,spread_ticks,89,141.0,1.0,1.0,1.0
ZN.v.0,control,control,spread_ticks,90,141.0,1.0070921985815602,1.0,1.0
ZN.v.0,control,control,spread_ticks,91,141.0,1.0141843971631206,1.0,1.0
ZN.v.0,control,control,spread_ticks,92,141.0,1.0070921985815602,1.0,1.0
ZN.v.0,control,control,spread_ticks,93,141.0,1.0070921985815602,1.0,1.0
ZN.v.0,control,control,spread_ticks,94,141.0,1.0070921985815602,1.0,1.0
ZN.v.0,control,control,spread_ticks,95,141.0,1.0141843971631206,1.0,1.0
ZN.v.0,control,control,spread_ticks,96,141.0,1.0141843971631206,1.0,1.0
ZN.v.0,control,control,spread_ticks,97,141.0,1.0070921985815602,1.0,1.0
ZN.v.0,control,control,spread_ticks,98,141.0,1.0,1.0,1.0
ZN.v.0,control,control,spread_ticks,99,141.0,1.0,1.0,1.0
ZN.v.0,control,control,spread_ticks,100,141.0,1.0,1.0,1.0
ZN.v.0,control,control,spread_ticks,101,141.0,1.0070921985815602,1.0,1.0
ZN.v.0,control,control,spread_ticks,102,141.0,1.0070921985815602,1.0,1.0
ZN.v.0,control,control,spread_ticks,103,141.0,1.0070921985815602,1.0,1.0
ZN.v.0,control,control,spread_ticks,104,141.0,1.0070921985815602,1.0,1.0
ZN.v.0,control,control,spread_ticks,105,141.0,1.0070921985815602,1.0,1.0
ZN.v.0,control,control,spread_ticks,106,141.0,1.0141843971631206,1.0,1.0
ZN.v.0,control,control,spread_ticks,107,141.0,1.0,1.0,1.0
ZN.v.0,control,control,spread_ticks,108,141.0,1.0,1.0,1.0
ZN.v.0,control,control,spread_ticks,109,141.0,1.0070921985815602,1.0,1.0
ZN.v.0,control,control,spread_ticks,110,141.0,1.0070921985815602,1.0,1.0
ZN.v.0,control,control,spread_ticks,111,141.0,1.0070921985815602,1.0,1.0
ZN.v.0,control,control,spread_ticks,112,141.0,1.0070921985815602,1.0,1.0
ZN.v.0,control,control,spread_ticks,113,141.0,1.0070921985815602,1.0,1.0
ZN.v.0,control,control,spread_ticks,114,141.0,1.0141843971631206,1.0,1.0
ZN.v.0,control,control,spread_ticks,115,141.0,1.0141843971631206,1.0,1.0
ZN.v.0,control,control,spread_ticks,116,141.0,1.0212765957446808,1.0,1.0
ZN.v.0,control,control,spread_ticks,117,141.0,1.0070921985815602,1.0,1.0
ZN.v.0,control,control,spread_ticks,118,141.0,1.0,1.0,1.0
ZN.v.0,control,control,spread_ticks,119,141.0,1.0,1.0,1.0
ZN.v.0,control,control,spread_ticks,120,141.0,1.0,1.0,1.0
ZN.v.0,surprise,large,spread_ticks,-60,31.0,1.2258064516129032,1.0,1.0
ZN.v.0,surprise,large,spread_ticks,-59,31.0,1.2580645161290323,1.0,1.5
ZN.v.0,surprise,large,spread_ticks,-58,31.0,1.2580645161290323,1.0,1.5
ZN.v.0,surprise,large,spread_ticks,-57,31.0,1.1612903225806452,1.0,1.0
ZN.v.0,surprise,large,spread_ticks,-56,31.0,1.1612903225806452,1.0,1.0
ZN.v.0,surprise,large,spread_ticks,-55,31.0,1.1290322580645162,1.0,1.0
ZN.v.0,surprise,large,spread_ticks,-54,31.0,1.1612903225806452,1.0,1.0
ZN.v.0,surprise,large,spread_ticks,-53,31.0,1.1935483870967742,1.0,1.0
ZN.v.0,surprise,large,spread_ticks,-52,31.0,1.1290322580645162,1.0,1.0
ZN.v.0,surprise,large,spread_ticks,-51,31.0,1.1612903225806452,1.0,1.0
ZN.v.0,surprise,large,spread_ticks,-50,31.0,1.1935483870967742,1.0,1.0
ZN.v.0,surprise,large,spread_ticks,-49,31.0,1.1935483870967742,1.0,1.0
ZN.v.0,surprise,large,spread_ticks,-48,31.0,1.1612903225806452,1.0,1.0
ZN.v.0,surprise,large,spread_ticks,-47,31.0,1.3225806451612903,1.0,1.5
ZN.v.0,surprise,large,spread_ticks,-46,31.0,1.2903225806451613,1.0,1.5
ZN.v.0,surprise,large,spread_ticks,-45,31.0,1.3225806451612903,1.0,2.0
ZN.v.0,surprise,large,spread_ticks,-44,31.0,1.2903225806451613,1.0,1.5
ZN.v.0,surprise,large,spread_ticks,-43,31.0,1.2258064516129032,1.0,1.0
ZN.v.0,surprise,large,spread_ticks,-42,31.0,1.3225806451612903,1.0,2.0
ZN.v.0,surprise,large,spread_ticks,-41,31.0,1.3870967741935485,1.0,2.0
ZN.v.0,surprise,large,spread_ticks,-40,31.0,1.3225806451612903,1.0,1.5
ZN.v.0,surprise,large,spread_ticks,-39,31.0,1.2580645161290323,1.0,1.0
ZN.v.0,surprise,large,spread_ticks,-38,31.0,1.2258064516129032,1.0,1.0
ZN.v.0,surprise,large,spread_ticks,-37,31.0,1.2580645161290323,1.0,1.0
ZN.v.0,surprise,large,spread_ticks,-36,31.0,1.1612903225806452,1.0,1.0
ZN.v.0,surprise,large,spread_ticks,-35,31.0,1.1612903225806452,1.0,1.0
ZN.v.0,surprise,large,spread_ticks,-34,31.0,1.2258064516129032,1.0,1.0
ZN.v.0,surprise,large,spread_ticks,-33,31.0,1.1612903225806452,1.0,1.0
ZN.v.0,surprise,large,spread_ticks,-32,31.0,1.1935483870967742,1.0,1.0
ZN.v.0,surprise,large,spread_ticks,-31,31.0,1.1612903225806452,1.0,1.0
ZN.v.0,surprise,large,spread_ticks,-30,31.0,1.1935483870967742,1.0,1.0
ZN.v.0,surprise,large,spread_ticks,-29,31.0,1.2258064516129032,1.0,1.0
ZN.v.0,surprise,large,spread_ticks,-28,31.0,1.3225806451612903,1.0,1.5
ZN.v.0,surprise,large,spread_ticks,-27,31.0,1.2580645161290323,1.0,1.5
ZN.v.0,surprise,large,spread_ticks,-26,31.0,1.3870967741935485,1.0,2.0
ZN.v.0,surprise,large,spread_ticks,-25,31.0,1.3870967741935485,1.0,2.0
ZN.v.0,surprise,large,spread_ticks,-24,31.0,1.4838709677419355,1.0,2.0
ZN.v.0,surprise,large,spread_ticks,-23,31.0,1.3548387096774193,1.0,2.0
ZN.v.0,surprise,large,spread_ticks,-22,31.0,1.3225806451612903,1.0,2.0
ZN.v.0,surprise,large,spread_ticks,-21,31.0,1.3225806451612903,1.0,2.0
ZN.v.0,surprise,large,spread_ticks,-20,31.0,1.2580645161290323,1.0,1.0
ZN.v.0,surprise,large,spread_ticks,-19,31.0,1.2258064516129032,1.0,1.0
ZN.v.0,surprise,large,spread_ticks,-18,31.0,1.2580645161290323,1.0,1.5
ZN.v.0,surprise,large,spread_ticks,-17,31.0,1.3870967741935485,1.0,2.0
ZN.v.0,surprise,large,spread_ticks,-16,31.0,1.5483870967741935,1.0,2.0
ZN.v.0,surprise,large,spread_ticks,-15,31.0,1.4193548387096775,1.0,2.0
ZN.v.0,surprise,large,spread_ticks,-14,31.0,1.3548387096774193,1.0,2.0
ZN.v.0,surprise,large,spread_ticks,-13,31.0,1.5161290322580645,1.0,2.0
ZN.v.0,surprise,large,spread_ticks,-12,31.0,1.5483870967741935,1.0,2.0
ZN.v.0,surprise,large,spread_ticks,-11,31.0,1.5161290322580645,1.0,2.0
ZN.v.0,surprise,large,spread_ticks,-10,31.0,1.4516129032258065,1.0,2.0
ZN.v.0,surprise,large,spread_ticks,-9,31.0,1.5161290322580645,1.0,2.0
ZN.v.0,surprise,large,spread_ticks,-8,31.0,1.4516129032258065,1.0,2.0
ZN.v.0,surprise,large,spread_ticks,-7,31.0,1.4516129032258065,1.0,2.0
ZN.v.0,surprise,large,spread_ticks,-6,31.0,1.4193548387096775,1.0,2.0
ZN.v.0,surprise,large,spread_ticks,-5,31.0,1.6451612903225807,1.0,2.0
ZN.v.0,surprise,large,spread_ticks,-4,31.0,1.6774193548387097,1.0,2.0
ZN.v.0,surprise,large,spread_ticks,-3,31.0,1.5161290322580645,1.0,2.0
ZN.v.0,surprise,large,spread_ticks,-2,31.0,1.5806451612903225,1.0,2.0
ZN.v.0,surprise,large,spread_ticks,-1,31.0,1.7419354838709677,1.0,2.0
ZN.v.0,surprise,large,spread_ticks,0,31.0,1.8709677419354838,1.0,2.0
ZN.v.0,surprise,large,spread_ticks,1,31.0,2.3870967741935485,1.0,3.0
ZN.v.0,surprise,large,spread_ticks,2,31.0,2.5161290322580645,1.0,3.0
ZN.v.0,surprise,large,spread_ticks,3,31.0,2.5161290322580645,1.0,3.0
ZN.v.0,surprise,large,spread_ticks,4,31.0,2.129032258064516,1.0,3.0
ZN.v.0,surprise,large,spread_ticks,5,31.0,2.3225806451612905,1.0,3.0
ZN.v.0,surprise,large,spread_ticks,6,31.0,1.8387096774193548,1.0,2.0
ZN.v.0,surprise,large,spread_ticks,7,31.0,1.6451612903225807,1.0,2.0
ZN.v.0,surprise,large,spread_ticks,8,31.0,1.7096774193548387,1.0,2.0
ZN.v.0,surprise,large,spread_ticks,9,31.0,1.6129032258064515,1.0,2.0
ZN.v.0,surprise,large,spread_ticks,10,31.0,1.6451612903225807,1.0,2.0
ZN.v.0,surprise,large,spread_ticks,11,31.0,1.5161290322580645,1.0,2.0
ZN.v.0,surprise,large,spread_ticks,12,31.0,1.3225806451612903,1.0,2.0
ZN.v.0,surprise,large,spread_ticks,13,31.0,1.4516129032258065,1.0,2.0
ZN.v.0,surprise,large,spread_ticks,14,31.0,1.3870967741935485,1.0,2.0
ZN.v.0,surprise,large,spread_ticks,15,31.0,1.3870967741935485,1.0,2.0
ZN.v.0,surprise,large,spread_ticks,16,31.0,1.5161290322580645,1.0,2.0
ZN.v.0,surprise,large,spread_ticks,17,31.0,1.3870967741935485,1.0,2.0
ZN.v.0,surprise,large,spread_ticks,18,31.0,1.3225806451612903,1.0,1.5
ZN.v.0,surprise,large,spread_ticks,19,31.0,1.3870967741935485,1.0,2.0
ZN.v.0,surprise,large,spread_ticks,20,31.0,1.2903225806451613,1.0,2.0
ZN.v.0,surprise,large,spread_ticks,21,31.0,1.2258064516129032,1.0,1.0
ZN.v.0,surprise,large,spread_ticks,22,31.0,1.1612903225806452,1.0,1.0
ZN.v.0,surprise,large,spread_ticks,23,31.0,1.2258064516129032,1.0,1.0
ZN.v.0,surprise,large,spread_ticks,24,31.0,1.1612903225806452,1.0,1.0
ZN.v.0,surprise,large,spread_ticks,25,31.0,1.1935483870967742,1.0,1.0
ZN.v.0,surprise,large,spread_ticks,26,31.0,1.2580645161290323,1.0,1.5
ZN.v.0,surprise,large,spread_ticks,27,31.0,1.1612903225806452,1.0,1.0
ZN.v.0,surprise,large,spread_ticks,28,31.0,1.096774193548387,1.0,1.0
ZN.v.0,surprise,large,spread_ticks,29,31.0,1.1935483870967742,1.0,1.0
ZN.v.0,surprise,large,spread_ticks,30,31.0,1.1935483870967742,1.0,1.0
ZN.v.0,surprise,large,spread_ticks,31,31.0,1.1935483870967742,1.0,1.0
ZN.v.0,surprise,large,spread_ticks,32,31.0,1.3225806451612903,1.0,2.0
ZN.v.0,surprise,large,spread_ticks,33,31.0,1.096774193548387,1.0,1.0
ZN.v.0,surprise,large,spread_ticks,34,31.0,1.1290322580645162,1.0,1.0
ZN.v.0,surprise,large,spread_ticks,35,31.0,1.1290322580645162,1.0,1.0
ZN.v.0,surprise,large,spread_ticks,36,31.0,1.064516129032258,1.0,1.0
ZN.v.0,surprise,large,spread_ticks,37,31.0,1.2258064516129032,1.0,1.0
ZN.v.0,surprise,large,spread_ticks,38,31.0,1.1290322580645162,1.0,1.0
ZN.v.0,surprise,large,spread_ticks,39,31.0,1.1612903225806452,1.0,1.0
ZN.v.0,surprise,large,spread_ticks,40,31.0,1.064516129032258,1.0,1.0
ZN.v.0,surprise,large,spread_ticks,41,31.0,1.1290322580645162,1.0,1.0
ZN.v.0,surprise,large,spread_ticks,42,31.0,1.1612903225806452,1.0,1.0
ZN.v.0,surprise,large,spread_ticks,43,31.0,1.096774193548387,1.0,1.0
ZN.v.0,surprise,large,spread_ticks,44,31.0,1.064516129032258,1.0,1.0
ZN.v.0,surprise,large,spread_ticks,45,31.0,1.1290322580645162,1.0,1.0
ZN.v.0,surprise,large,spread_ticks,46,31.0,1.1612903225806452,1.0,1.0
ZN.v.0,surprise,large,spread_ticks,47,31.0,1.064516129032258,1.0,1.0
ZN.v.0,surprise,large,spread_ticks,48,31.0,1.096774193548387,1.0,1.0
ZN.v.0,surprise,large,spread_ticks,49,31.0,1.0,1.0,1.0
ZN.v.0,surprise,large,spread_ticks,50,31.0,1.096774193548387,1.0,1.0
ZN.v.0,surprise,large,spread_ticks,51,31.0,1.032258064516129,1.0,1.0
ZN.v.0,surprise,large,spread_ticks,52,31.0,1.096774193548387,1.0,1.0
ZN.v.0,surprise,large,spread_ticks,53,31.0,1.1290322580645162,1.0,1.0
ZN.v.0,surprise,large,spread_ticks,54,31.0,1.064516129032258,1.0,1.0
ZN.v.0,surprise,large,spread_ticks,55,31.0,1.032258064516129,1.0,1.0
ZN.v.0,surprise,large,spread_ticks,56,31.0,1.032258064516129,1.0,1.0
ZN.v.0,surprise,large,spread_ticks,57,31.0,1.064516129032258,1.0,1.0
ZN.v.0,surprise,large,spread_ticks,58,31.0,1.096774193548387,1.0,1.0
ZN.v.0,surprise,large,spread_ticks,59,31.0,1.096774193548387,1.0,1.0
ZN.v.0,surprise,large,spread_ticks,60,31.0,1.096774193548387,1.0,1.0
ZN.v.0,surprise,large,spread_ticks,61,31.0,1.1290322580645162,1.0,1.0
ZN.v.0,surprise,large,spread_ticks,62,31.0,1.032258064516129,1.0,1.0
ZN.v.0,surprise,large,spread_ticks,63,31.0,1.1612903225806452,1.0,1.0
ZN.v.0,surprise,large,spread_ticks,64,31.0,1.064516129032258,1.0,1.0
ZN.v.0,surprise,large,spread_ticks,65,31.0,1.032258064516129,1.0,1.0
ZN.v.0,surprise,large,spread_ticks,66,31.0,1.064516129032258,1.0,1.0
ZN.v.0,surprise,large,spread_ticks,67,31.0,1.064516129032258,1.0,1.0
ZN.v.0,surprise,large,spread_ticks,68,31.0,1.064516129032258,1.0,1.0
ZN.v.0,surprise,large,spread_ticks,69,31.0,1.032258064516129,1.0,1.0
ZN.v.0,surprise,large,spread_ticks,70,31.0,1.064516129032258,1.0,1.0
ZN.v.0,surprise,large,spread_ticks,71,31.0,1.0,1.0,1.0
ZN.v.0,surprise,large,spread_ticks,72,31.0,1.032258064516129,1.0,1.0
ZN.v.0,surprise,large,spread_ticks,73,31.0,1.064516129032258,1.0,1.0
ZN.v.0,surprise,large,spread_ticks,74,31.0,1.032258064516129,1.0,1.0
ZN.v.0,surprise,large,spread_ticks,75,31.0,1.032258064516129,1.0,1.0
ZN.v.0,surprise,large,spread_ticks,76,31.0,1.032258064516129,1.0,1.0
ZN.v.0,surprise,large,spread_ticks,77,31.0,1.032258064516129,1.0,1.0
ZN.v.0,surprise,large,spread_ticks,78,31.0,1.032258064516129,1.0,1.0
ZN.v.0,surprise,large,spread_ticks,79,31.0,1.032258064516129,1.0,1.0
ZN.v.0,surprise,large,spread_ticks,80,31.0,1.064516129032258,1.0,1.0
ZN.v.0,surprise,large,spread_ticks,81,31.0,1.032258064516129,1.0,1.0
ZN.v.0,surprise,large,spread_ticks,82,31.0,1.0,1.0,1.0
ZN.v.0,surprise,large,spread_ticks,83,31.0,1.032258064516129,1.0,1.0
ZN.v.0,surprise,large,spread_ticks,84,31.0,1.032258064516129,1.0,1.0
ZN.v.0,surprise,large,spread_ticks,85,31.0,1.032258064516129,1.0,1.0
ZN.v.0,surprise,large,spread_ticks,86,31.0,1.064516129032258,1.0,1.0
ZN.v.0,surprise,large,spread_ticks,87,31.0,1.064516129032258,1.0,1.0
ZN.v.0,surprise,large,spread_ticks,88,31.0,1.064516129032258,1.0,1.0
ZN.v.0,surprise,large,spread_ticks,89,31.0,1.0,1.0,1.0
ZN.v.0,surprise,large,spread_ticks,90,31.0,1.032258064516129,1.0,1.0
ZN.v.0,surprise,large,spread_ticks,91,31.0,1.032258064516129,1.0,1.0
ZN.v.0,surprise,large,spread_ticks,92,31.0,1.032258064516129,1.0,1.0
ZN.v.0,surprise,large,spread_ticks,93,31.0,1.032258064516129,1.0,1.0
ZN.v.0,surprise,large,spread_ticks,94,31.0,1.0,1.0,1.0
ZN.v.0,surprise,large,spread_ticks,95,31.0,1.0,1.0,1.0
ZN.v.0,surprise,large,spread_ticks,96,31.0,1.064516129032258,1.0,1.0
ZN.v.0,surprise,large,spread_ticks,97,31.0,1.032258064516129,1.0,1.0
ZN.v.0,surprise,large,spread_ticks,98,31.0,1.064516129032258,1.0,1.0
ZN.v.0,surprise,large,spread_ticks,99,31.0,1.0,1.0,1.0
ZN.v.0,surprise,large,spread_ticks,100,31.0,1.096774193548387,1.0,1.0
ZN.v.0,surprise,large,spread_ticks,101,31.0,1.032258064516129,1.0,1.0
ZN.v.0,surprise,large,spread_ticks,102,31.0,1.064516129032258,1.0,1.0
ZN.v.0,surprise,large,spread_ticks,103,31.0,1.096774193548387,1.0,1.0
ZN.v.0,surprise,large,spread_ticks,104,31.0,1.0,1.0,1.0
ZN.v.0,surprise,large,spread_ticks,105,31.0,1.064516129032258,1.0,1.0
ZN.v.0,surprise,large,spread_ticks,106,31.0,1.064516129032258,1.0,1.0
ZN.v.0,surprise,large,spread_ticks,107,31.0,1.096774193548387,1.0,1.0
ZN.v.0,surprise,large,spread_ticks,108,31.0,1.032258064516129,1.0,1.0
ZN.v.0,surprise,large,spread_ticks,109,31.0,1.064516129032258,1.0,1.0
ZN.v.0,surprise,large,spread_ticks,110,31.0,1.064516129032258,1.0,1.0
ZN.v.0,surprise,large,spread_ticks,111,31.0,1.032258064516129,1.0,1.0
ZN.v.0,surprise,large,spread_ticks,112,31.0,1.0,1.0,1.0
ZN.v.0,surprise,large,spread_ticks,113,31.0,1.0,1.0,1.0
ZN.v.0,surprise,large,spread_ticks,114,31.0,1.032258064516129,1.0,1.0
ZN.v.0,surprise,large,spread_ticks,115,31.0,1.032258064516129,1.0,1.0
ZN.v.0,surprise,large,spread_ticks,116,31.0,1.032258064516129,1.0,1.0
ZN.v.0,surprise,large,spread_ticks,117,31.0,1.032258064516129,1.0,1.0
ZN.v.0,surprise,large,spread_ticks,118,31.0,1.032258064516129,1.0,1.0
ZN.v.0,surprise,large,spread_ticks,119,31.0,1.032258064516129,1.0,1.0
ZN.v.0,surprise,large,spread_ticks,120,31.0,1.064516129032258,1.0,1.0
ZN.v.0,surprise,medium,spread_ticks,-60,30.0,1.2666666666666666,1.0,1.75
ZN.v.0,surprise,medium,spread_ticks,-59,30.0,1.2666666666666666,1.0,1.0
ZN.v.0,surprise,medium,spread_ticks,-58,30.0,1.3,1.0,1.75
ZN.v.0,surprise,medium,spread_ticks,-57,30.0,1.3,1.0,1.75
ZN.v.0,surprise,medium,spread_ticks,-56,30.0,1.1333333333333333,1.0,1.0
ZN.v.0,surprise,medium,spread_ticks,-55,30.0,1.1333333333333333,1.0,1.0
ZN.v.0,surprise,medium,spread_ticks,-54,30.0,1.2,1.0,1.0
ZN.v.0,surprise,medium,spread_ticks,-53,30.0,1.2,1.0,1.0
ZN.v.0,surprise,medium,spread_ticks,-52,30.0,1.1666666666666667,1.0,1.0
ZN.v.0,surprise,medium,spread_ticks,-51,30.0,1.1333333333333333,1.0,1.0
ZN.v.0,surprise,medium,spread_ticks,-50,30.0,1.1666666666666667,1.0,1.0
ZN.v.0,surprise,medium,spread_ticks,-49,30.0,1.1,1.0,1.0
ZN.v.0,surprise,medium,spread_ticks,-48,30.0,1.1333333333333333,1.0,1.0
ZN.v.0,surprise,medium,spread_ticks,-47,30.0,1.1,1.0,1.0
ZN.v.0,surprise,medium,spread_ticks,-46,30.0,1.1333333333333333,1.0,1.0
ZN.v.0,surprise,medium,spread_ticks,-45,30.0,1.1666666666666667,1.0,1.0
ZN.v.0,surprise,medium,spread_ticks,-44,30.0,1.0666666666666667,1.0,1.0
ZN.v.0,surprise,medium,spread_ticks,-43,30.0,1.0666666666666667,1.0,1.0
ZN.v.0,surprise,medium,spread_ticks,-42,30.0,1.1666666666666667,1.0,1.0
ZN.v.0,surprise,medium,spread_ticks,-41,30.0,1.0666666666666667,1.0,1.0
ZN.v.0,surprise,medium,spread_ticks,-40,30.0,1.0666666666666667,1.0,1.0
ZN.v.0,surprise,medium,spread_ticks,-39,30.0,1.0666666666666667,1.0,1.0
ZN.v.0,surprise,medium,spread_ticks,-38,30.0,1.2,1.0,1.0
ZN.v.0,surprise,medium,spread_ticks,-37,30.0,1.1666666666666667,1.0,1.0
ZN.v.0,surprise,medium,spread_ticks,-36,30.0,1.2,1.0,1.0
ZN.v.0,surprise,medium,spread_ticks,-35,30.0,1.1333333333333333,1.0,1.0
ZN.v.0,surprise,medium,spread_ticks,-34,30.0,1.1666666666666667,1.0,1.0
ZN.v.0,surprise,medium,spread_ticks,-33,30.0,1.1666666666666667,1.0,1.0
ZN.v.0,surprise,medium,spread_ticks,-32,30.0,1.1,1.0,1.0
ZN.v.0,surprise,medium,spread_ticks,-31,30.0,1.1,1.0,1.0
ZN.v.0,surprise,medium,spread_ticks,-30,30.0,1.1333333333333333,1.0,1.0
ZN.v.0,surprise,medium,spread_ticks,-29,30.0,1.2,1.0,1.0
ZN.v.0,surprise,medium,spread_ticks,-28,30.0,1.1,1.0,1.0
ZN.v.0,surprise,medium,spread_ticks,-27,30.0,1.1666666666666667,1.0,1.0
ZN.v.0,surprise,medium,spread_ticks,-26,30.0,1.2,1.0,1.0
ZN.v.0,surprise,medium,spread_ticks,-25,30.0,1.1,1.0,1.0
ZN.v.0,surprise,medium,spread_ticks,-24,30.0,1.1,1.0,1.0
ZN.v.0,surprise,medium,spread_ticks,-23,30.0,1.1333333333333333,1.0,1.0
ZN.v.0,surprise,medium,spread_ticks,-22,30.0,1.1,1.0,1.0
ZN.v.0,surprise,medium,spread_ticks,-21,30.0,1.1333333333333333,1.0,1.0
ZN.v.0,surprise,medium,spread_ticks,-20,30.0,1.2333333333333334,1.0,1.0
ZN.v.0,surprise,medium,spread_ticks,-19,30.0,1.2333333333333334,1.0,1.0
ZN.v.0,surprise,medium,spread_ticks,-18,30.0,1.1333333333333333,1.0,1.0
ZN.v.0,surprise,medium,spread_ticks,-17,30.0,1.1666666666666667,1.0,1.0
ZN.v.0,surprise,medium,spread_ticks,-16,30.0,1.2,1.0,1.0
ZN.v.0,surprise,medium,spread_ticks,-15,30.0,1.2333333333333334,1.0,1.0
ZN.v.0,surprise,medium,spread_ticks,-14,30.0,1.2333333333333334,1.0,1.0
ZN.v.0,surprise,medium,spread_ticks,-13,30.0,1.2,1.0,1.0
ZN.v.0,surprise,medium,spread_ticks,-12,30.0,1.2666666666666666,1.0,1.0
ZN.v.0,surprise,medium,spread_ticks,-11,30.0,1.1666666666666667,1.0,1.0
ZN.v.0,surprise,medium,spread_ticks,-10,30.0,1.2,1.0,1.0
ZN.v.0,surprise,medium,spread_ticks,-9,30.0,1.2333333333333334,1.0,1.0
ZN.v.0,surprise,medium,spread_ticks,-8,30.0,1.2333333333333334,1.0,1.0
ZN.v.0,surprise,medium,spread_ticks,-7,30.0,1.2666666666666666,1.0,1.0
ZN.v.0,surprise,medium,spread_ticks,-6,30.0,1.3333333333333333,1.0,1.75
ZN.v.0,surprise,medium,spread_ticks,-5,30.0,1.3,1.0,1.0
ZN.v.0,surprise,medium,spread_ticks,-4,30.0,1.3666666666666667,1.0,2.0
ZN.v.0,surprise,medium,spread_ticks,-3,30.0,1.3666666666666667,1.0,2.0
ZN.v.0,surprise,medium,spread_ticks,-2,30.0,1.2666666666666666,1.0,1.75
ZN.v.0,surprise,medium,spread_ticks,-1,30.0,1.4333333333333333,1.0,2.0
ZN.v.0,surprise,medium,spread_ticks,0,30.0,1.5,1.0,2.0
ZN.v.0,surprise,medium,spread_ticks,1,30.0,1.5666666666666667,1.0,2.0
ZN.v.0,surprise,medium,spread_ticks,2,30.0,1.9,1.0,2.0
ZN.v.0,surprise,medium,spread_ticks,3,30.0,1.6333333333333333,1.0,2.0
ZN.v.0,surprise,medium,spread_ticks,4,30.0,1.6333333333333333,1.0,2.0
ZN.v.0,surprise,medium,spread_ticks,5,30.0,1.4333333333333333,1.0,2.0
ZN.v.0,surprise,medium,spread_ticks,6,30.0,1.5,1.0,2.0
ZN.v.0,surprise,medium,spread_ticks,7,30.0,1.3666666666666667,1.0,2.0
ZN.v.0,surprise,medium,spread_ticks,8,30.0,1.2666666666666666,1.0,1.75
ZN.v.0,surprise,medium,spread_ticks,9,30.0,1.2333333333333334,1.0,1.0
ZN.v.0,surprise,medium,spread_ticks,10,30.0,1.3666666666666667,1.0,1.75
ZN.v.0,surprise,medium,spread_ticks,11,30.0,1.3,1.0,1.75
ZN.v.0,surprise,medium,spread_ticks,12,30.0,1.1333333333333333,1.0,1.0
ZN.v.0,surprise,medium,spread_ticks,13,30.0,1.1666666666666667,1.0,1.0
ZN.v.0,surprise,medium,spread_ticks,14,30.0,1.1333333333333333,1.0,1.0
ZN.v.0,surprise,medium,spread_ticks,15,30.0,1.1333333333333333,1.0,1.0
ZN.v.0,surprise,medium,spread_ticks,16,30.0,1.2,1.0,1.0
ZN.v.0,surprise,medium,spread_ticks,17,30.0,1.1333333333333333,1.0,1.0
ZN.v.0,surprise,medium,spread_ticks,18,30.0,1.1666666666666667,1.0,1.0
ZN.v.0,surprise,medium,spread_ticks,19,30.0,1.1333333333333333,1.0,1.0
ZN.v.0,surprise,medium,spread_ticks,20,30.0,1.1666666666666667,1.0,1.0
ZN.v.0,surprise,medium,spread_ticks,21,30.0,1.1666666666666667,1.0,1.0
ZN.v.0,surprise,medium,spread_ticks,22,30.0,1.0666666666666667,1.0,1.0
ZN.v.0,surprise,medium,spread_ticks,23,30.0,1.1,1.0,1.0
ZN.v.0,surprise,medium,spread_ticks,24,30.0,1.1666666666666667,1.0,1.0
ZN.v.0,surprise,medium,spread_ticks,25,30.0,1.0333333333333334,1.0,1.0
ZN.v.0,surprise,medium,spread_ticks,26,30.0,1.0666666666666667,1.0,1.0
ZN.v.0,surprise,medium,spread_ticks,27,30.0,1.0,1.0,1.0
ZN.v.0,surprise,medium,spread_ticks,28,30.0,1.0333333333333334,1.0,1.0
ZN.v.0,surprise,medium,spread_ticks,29,30.0,1.0333333333333334,1.0,1.0
ZN.v.0,surprise,medium,spread_ticks,30,30.0,1.1,1.0,1.0
ZN.v.0,surprise,medium,spread_ticks,31,30.0,1.0666666666666667,1.0,1.0
ZN.v.0,surprise,medium,spread_ticks,32,30.0,1.0333333333333334,1.0,1.0
ZN.v.0,surprise,medium,spread_ticks,33,30.0,1.0666666666666667,1.0,1.0
ZN.v.0,surprise,medium,spread_ticks,34,30.0,1.0333333333333334,1.0,1.0
ZN.v.0,surprise,medium,spread_ticks,35,30.0,1.1333333333333333,1.0,1.0
ZN.v.0,surprise,medium,spread_ticks,36,30.0,1.1,1.0,1.0
ZN.v.0,surprise,medium,spread_ticks,37,30.0,1.0333333333333334,1.0,1.0
ZN.v.0,surprise,medium,spread_ticks,38,30.0,1.1,1.0,1.0
ZN.v.0,surprise,medium,spread_ticks,39,30.0,1.0333333333333334,1.0,1.0
ZN.v.0,surprise,medium,spread_ticks,40,30.0,1.1333333333333333,1.0,1.0
ZN.v.0,surprise,medium,spread_ticks,41,30.0,1.0,1.0,1.0
ZN.v.0,surprise,medium,spread_ticks,42,30.0,1.1,1.0,1.0
ZN.v.0,surprise,medium,spread_ticks,43,30.0,1.0666666666666667,1.0,1.0
ZN.v.0,surprise,medium,spread_ticks,44,30.0,1.0666666666666667,1.0,1.0
ZN.v.0,surprise,medium,spread_ticks,45,30.0,1.0666666666666667,1.0,1.0
ZN.v.0,surprise,medium,spread_ticks,46,30.0,1.0,1.0,1.0
ZN.v.0,surprise,medium,spread_ticks,47,30.0,1.0333333333333334,1.0,1.0
ZN.v.0,surprise,medium,spread_ticks,48,30.0,1.0,1.0,1.0
ZN.v.0,surprise,medium,spread_ticks,49,30.0,1.0333333333333334,1.0,1.0
ZN.v.0,surprise,medium,spread_ticks,50,30.0,1.0,1.0,1.0
ZN.v.0,surprise,medium,spread_ticks,51,30.0,1.1,1.0,1.0
ZN.v.0,surprise,medium,spread_ticks,52,30.0,1.0333333333333334,1.0,1.0
ZN.v.0,surprise,medium,spread_ticks,53,30.0,1.0,1.0,1.0
ZN.v.0,surprise,medium,spread_ticks,54,30.0,1.0,1.0,1.0
ZN.v.0,surprise,medium,spread_ticks,55,30.0,1.0333333333333334,1.0,1.0
ZN.v.0,surprise,medium,spread_ticks,56,30.0,1.0,1.0,1.0
ZN.v.0,surprise,medium,spread_ticks,57,30.0,1.0,1.0,1.0
ZN.v.0,surprise,medium,spread_ticks,58,30.0,1.0,1.0,1.0
ZN.v.0,surprise,medium,spread_ticks,59,30.0,1.0,1.0,1.0
ZN.v.0,surprise,medium,spread_ticks,60,30.0,1.0666666666666667,1.0,1.0
ZN.v.0,surprise,medium,spread_ticks,61,30.0,1.0333333333333334,1.0,1.0
ZN.v.0,surprise,medium,spread_ticks,62,30.0,1.0333333333333334,1.0,1.0
ZN.v.0,surprise,medium,spread_ticks,63,30.0,1.0666666666666667,1.0,1.0
ZN.v.0,surprise,medium,spread_ticks,64,30.0,1.0,1.0,1.0
ZN.v.0,surprise,medium,spread_ticks,65,30.0,1.0,1.0,1.0
ZN.v.0,surprise,medium,spread_ticks,66,30.0,1.0,1.0,1.0
ZN.v.0,surprise,medium,spread_ticks,67,30.0,1.0,1.0,1.0
ZN.v.0,surprise,medium,spread_ticks,68,30.0,1.0,1.0,1.0
ZN.v.0,surprise,medium,spread_ticks,69,30.0,1.0,1.0,1.0
ZN.v.0,surprise,medium,spread_ticks,70,30.0,1.0333333333333334,1.0,1.0
ZN.v.0,surprise,medium,spread_ticks,71,30.0,1.1,1.0,1.0
ZN.v.0,surprise,medium,spread_ticks,72,30.0,1.0333333333333334,1.0,1.0
ZN.v.0,surprise,medium,spread_ticks,73,30.0,1.0333333333333334,1.0,1.0
ZN.v.0,surprise,medium,spread_ticks,74,30.0,1.0,1.0,1.0
ZN.v.0,surprise,medium,spread_ticks,75,30.0,1.0,1.0,1.0
ZN.v.0,surprise,medium,spread_ticks,76,30.0,1.0,1.0,1.0
ZN.v.0,surprise,medium,spread_ticks,77,30.0,1.0333333333333334,1.0,1.0
ZN.v.0,surprise,medium,spread_ticks,78,30.0,1.0,1.0,1.0
ZN.v.0,surprise,medium,spread_ticks,79,30.0,1.0333333333333334,1.0,1.0
ZN.v.0,surprise,medium,spread_ticks,80,30.0,1.0,1.0,1.0
ZN.v.0,surprise,medium,spread_ticks,81,30.0,1.0,1.0,1.0
ZN.v.0,surprise,medium,spread_ticks,82,30.0,1.0,1.0,1.0
ZN.v.0,surprise,medium,spread_ticks,83,30.0,1.0,1.0,1.0
ZN.v.0,surprise,medium,spread_ticks,84,30.0,1.0,1.0,1.0
ZN.v.0,surprise,medium,spread_ticks,85,30.0,1.0,1.0,1.0
ZN.v.0,surprise,medium,spread_ticks,86,30.0,1.0,1.0,1.0
ZN.v.0,surprise,medium,spread_ticks,87,30.0,1.0,1.0,1.0
ZN.v.0,surprise,medium,spread_ticks,88,30.0,1.0,1.0,1.0
ZN.v.0,surprise,medium,spread_ticks,89,30.0,1.0666666666666667,1.0,1.0
ZN.v.0,surprise,medium,spread_ticks,90,30.0,1.0333333333333334,1.0,1.0
ZN.v.0,surprise,medium,spread_ticks,91,30.0,1.0333333333333334,1.0,1.0
ZN.v.0,surprise,medium,spread_ticks,92,30.0,1.0,1.0,1.0
ZN.v.0,surprise,medium,spread_ticks,93,30.0,1.0,1.0,1.0
ZN.v.0,surprise,medium,spread_ticks,94,30.0,1.0,1.0,1.0
ZN.v.0,surprise,medium,spread_ticks,95,30.0,1.0,1.0,1.0
ZN.v.0,surprise,medium,spread_ticks,96,30.0,1.0,1.0,1.0
ZN.v.0,surprise,medium,spread_ticks,97,30.0,1.0,1.0,1.0
ZN.v.0,surprise,medium,spread_ticks,98,30.0,1.0333333333333334,1.0,1.0
ZN.v.0,surprise,medium,spread_ticks,99,30.0,1.0,1.0,1.0
ZN.v.0,surprise,medium,spread_ticks,100,30.0,1.0333333333333334,1.0,1.0
ZN.v.0,surprise,medium,spread_ticks,101,30.0,1.0,1.0,1.0
ZN.v.0,surprise,medium,spread_ticks,102,30.0,1.0,1.0,1.0
ZN.v.0,surprise,medium,spread_ticks,103,30.0,1.0,1.0,1.0
ZN.v.0,surprise,medium,spread_ticks,104,30.0,1.0,1.0,1.0
ZN.v.0,surprise,medium,spread_ticks,105,30.0,1.0,1.0,1.0
ZN.v.0,surprise,medium,spread_ticks,106,30.0,1.0,1.0,1.0
ZN.v.0,surprise,medium,spread_ticks,107,30.0,1.0,1.0,1.0
ZN.v.0,surprise,medium,spread_ticks,108,30.0,1.0,1.0,1.0
ZN.v.0,surprise,medium,spread_ticks,109,30.0,1.0,1.0,1.0
ZN.v.0,surprise,medium,spread_ticks,110,30.0,1.0,1.0,1.0
ZN.v.0,surprise,medium,spread_ticks,111,30.0,1.0,1.0,1.0
ZN.v.0,surprise,medium,spread_ticks,112,30.0,1.0,1.0,1.0
ZN.v.0,surprise,medium,spread_ticks,113,30.0,1.0,1.0,1.0
ZN.v.0,surprise,medium,spread_ticks,114,30.0,1.0,1.0,1.0
ZN.v.0,surprise,medium,spread_ticks,115,30.0,1.0,1.0,1.0
ZN.v.0,surprise,medium,spread_ticks,116,30.0,1.0,1.0,1.0
ZN.v.0,surprise,medium,spread_ticks,117,30.0,1.0,1.0,1.0
ZN.v.0,surprise,medium,spread_ticks,118,30.0,1.0,1.0,1.0
ZN.v.0,surprise,medium,spread_ticks,119,30.0,1.0,1.0,1.0
ZN.v.0,surprise,medium,spread_ticks,120,30.0,1.0333333333333334,1.0,1.0
ZN.v.0,surprise,small,spread_ticks,-60,31.0,1.096774193548387,1.0,1.0
ZN.v.0,surprise,small,spread_ticks,-59,31.0,1.064516129032258,1.0,1.0
ZN.v.0,surprise,small,spread_ticks,-58,31.0,1.064516129032258,1.0,1.0
ZN.v.0,surprise,small,spread_ticks,-57,31.0,1.096774193548387,1.0,1.0
ZN.v.0,surprise,small,spread_ticks,-56,31.0,1.064516129032258,1.0,1.0
ZN.v.0,surprise,small,spread_ticks,-55,31.0,1.096774193548387,1.0,1.0
ZN.v.0,surprise,small,spread_ticks,-54,31.0,1.1290322580645162,1.0,1.0
ZN.v.0,surprise,small,spread_ticks,-53,31.0,1.1290322580645162,1.0,1.0
ZN.v.0,surprise,small,spread_ticks,-52,31.0,1.1290322580645162,1.0,1.0
ZN.v.0,surprise,small,spread_ticks,-51,31.0,1.096774193548387,1.0,1.0
ZN.v.0,surprise,small,spread_ticks,-50,31.0,1.064516129032258,1.0,1.0
ZN.v.0,surprise,small,spread_ticks,-49,31.0,1.064516129032258,1.0,1.0
ZN.v.0,surprise,small,spread_ticks,-48,31.0,1.096774193548387,1.0,1.0
ZN.v.0,surprise,small,spread_ticks,-47,31.0,1.096774193548387,1.0,1.0
ZN.v.0,surprise,small,spread_ticks,-46,31.0,1.1290322580645162,1.0,1.0
ZN.v.0,surprise,small,spread_ticks,-45,31.0,1.096774193548387,1.0,1.0
ZN.v.0,surprise,small,spread_ticks,-44,31.0,1.064516129032258,1.0,1.0
ZN.v.0,surprise,small,spread_ticks,-43,31.0,1.064516129032258,1.0,1.0
ZN.v.0,surprise,small,spread_ticks,-42,31.0,1.1290322580645162,1.0,1.0
ZN.v.0,surprise,small,spread_ticks,-41,31.0,1.1612903225806452,1.0,1.0
ZN.v.0,surprise,small,spread_ticks,-40,31.0,1.1290322580645162,1.0,1.0
ZN.v.0,surprise,small,spread_ticks,-39,31.0,1.1612903225806452,1.0,1.0
ZN.v.0,surprise,small,spread_ticks,-38,31.0,1.1290322580645162,1.0,1.0
ZN.v.0,surprise,small,spread_ticks,-37,31.0,1.096774193548387,1.0,1.0
ZN.v.0,surprise,small,spread_ticks,-36,31.0,1.1935483870967742,1.0,1.0
ZN.v.0,surprise,small,spread_ticks,-35,31.0,1.1290322580645162,1.0,1.0
ZN.v.0,surprise,small,spread_ticks,-34,31.0,1.1935483870967742,1.0,1.0
ZN.v.0,surprise,small,spread_ticks,-33,31.0,1.1290322580645162,1.0,1.0
ZN.v.0,surprise,small,spread_ticks,-32,31.0,1.032258064516129,1.0,1.0
ZN.v.0,surprise,small,spread_ticks,-31,31.0,1.064516129032258,1.0,1.0
ZN.v.0,surprise,small,spread_ticks,-30,31.0,1.064516129032258,1.0,1.0
ZN.v.0,surprise,small,spread_ticks,-29,31.0,1.096774193548387,1.0,1.0
ZN.v.0,surprise,small,spread_ticks,-28,31.0,1.0,1.0,1.0
ZN.v.0,surprise,small,spread_ticks,-27,31.0,1.0,1.0,1.0
ZN.v.0,surprise,small,spread_ticks,-26,31.0,1.064516129032258,1.0,1.0
ZN.v.0,surprise,small,spread_ticks,-25,31.0,1.1290322580645162,1.0,1.0
ZN.v.0,surprise,small,spread_ticks,-24,31.0,1.096774193548387,1.0,1.0
ZN.v.0,surprise,small,spread_ticks,-23,31.0,1.1290322580645162,1.0,1.0
ZN.v.0,surprise,small,spread_ticks,-22,31.0,1.1290322580645162,1.0,1.0
ZN.v.0,surprise,small,spread_ticks,-21,31.0,1.1612903225806452,1.0,1.0
ZN.v.0,surprise,small,spread_ticks,-20,31.0,1.1290322580645162,1.0,1.0
ZN.v.0,surprise,small,spread_ticks,-19,31.0,1.064516129032258,1.0,1.0
ZN.v.0,surprise,small,spread_ticks,-18,31.0,1.096774193548387,1.0,1.0
ZN.v.0,surprise,small,spread_ticks,-17,31.0,1.096774193548387,1.0,1.0
ZN.v.0,surprise,small,spread_ticks,-16,31.0,1.1290322580645162,1.0,1.0
ZN.v.0,surprise,small,spread_ticks,-15,31.0,1.1612903225806452,1.0,1.0
ZN.v.0,surprise,small,spread_ticks,-14,31.0,1.1935483870967742,1.0,1.0
ZN.v.0,surprise,small,spread_ticks,-13,31.0,1.1612903225806452,1.0,1.0
ZN.v.0,surprise,small,spread_ticks,-12,31.0,1.1290322580645162,1.0,1.0
ZN.v.0,surprise,small,spread_ticks,-11,31.0,1.1935483870967742,1.0,1.0
ZN.v.0,surprise,small,spread_ticks,-10,31.0,1.1290322580645162,1.0,1.0
ZN.v.0,surprise,small,spread_ticks,-9,31.0,1.1935483870967742,1.0,1.0
ZN.v.0,surprise,small,spread_ticks,-8,31.0,1.3225806451612903,1.0,2.0
ZN.v.0,surprise,small,spread_ticks,-7,31.0,1.2903225806451613,1.0,1.5
ZN.v.0,surprise,small,spread_ticks,-6,31.0,1.2580645161290323,1.0,1.0
ZN.v.0,surprise,small,spread_ticks,-5,31.0,1.3225806451612903,1.0,2.0
ZN.v.0,surprise,small,spread_ticks,-4,31.0,1.2580645161290323,1.0,1.0
ZN.v.0,surprise,small,spread_ticks,-3,31.0,1.3870967741935485,1.0,2.0
ZN.v.0,surprise,small,spread_ticks,-2,31.0,1.3870967741935485,1.0,2.0
ZN.v.0,surprise,small,spread_ticks,-1,31.0,1.3225806451612903,1.0,2.0
ZN.v.0,surprise,small,spread_ticks,0,31.0,1.4838709677419355,1.0,2.0
ZN.v.0,surprise,small,spread_ticks,1,31.0,1.3548387096774193,1.0,2.0
ZN.v.0,surprise,small,spread_ticks,2,31.0,1.5483870967741935,1.0,2.0
ZN.v.0,surprise,small,spread_ticks,3,31.0,1.6129032258064515,1.0,2.0
ZN.v.0,surprise,small,spread_ticks,4,31.0,1.4516129032258065,1.0,2.0
ZN.v.0,surprise,small,spread_ticks,5,31.0,1.3548387096774193,1.0,2.0
ZN.v.0,surprise,small,spread_ticks,6,31.0,1.3870967741935485,1.0,1.5
ZN.v.0,surprise,small,spread_ticks,7,31.0,1.1612903225806452,1.0,1.0
ZN.v.0,surprise,small,spread_ticks,8,31.0,1.1935483870967742,1.0,1.0
ZN.v.0,surprise,small,spread_ticks,9,31.0,1.2580645161290323,1.0,1.0
ZN.v.0,surprise,small,spread_ticks,10,31.0,1.1935483870967742,1.0,1.0
ZN.v.0,surprise,small,spread_ticks,11,31.0,1.1612903225806452,1.0,1.0
ZN.v.0,surprise,small,spread_ticks,12,31.0,1.1935483870967742,1.0,1.0
ZN.v.0,surprise,small,spread_ticks,13,31.0,1.1935483870967742,1.0,1.0
ZN.v.0,surprise,small,spread_ticks,14,31.0,1.064516129032258,1.0,1.0
ZN.v.0,surprise,small,spread_ticks,15,31.0,1.1612903225806452,1.0,1.0
ZN.v.0,surprise,small,spread_ticks,16,31.0,1.1290322580645162,1.0,1.0
ZN.v.0,surprise,small,spread_ticks,17,31.0,1.032258064516129,1.0,1.0
ZN.v.0,surprise,small,spread_ticks,18,31.0,1.064516129032258,1.0,1.0
ZN.v.0,surprise,small,spread_ticks,19,31.0,1.096774193548387,1.0,1.0
ZN.v.0,surprise,small,spread_ticks,20,31.0,1.064516129032258,1.0,1.0
ZN.v.0,surprise,small,spread_ticks,21,31.0,1.032258064516129,1.0,1.0
ZN.v.0,surprise,small,spread_ticks,22,31.0,1.032258064516129,1.0,1.0
ZN.v.0,surprise,small,spread_ticks,23,31.0,1.064516129032258,1.0,1.0
ZN.v.0,surprise,small,spread_ticks,24,31.0,1.064516129032258,1.0,1.0
ZN.v.0,surprise,small,spread_ticks,25,31.0,1.064516129032258,1.0,1.0
ZN.v.0,surprise,small,spread_ticks,26,31.0,1.064516129032258,1.0,1.0
ZN.v.0,surprise,small,spread_ticks,27,31.0,1.032258064516129,1.0,1.0
ZN.v.0,surprise,small,spread_ticks,28,31.0,1.064516129032258,1.0,1.0
ZN.v.0,surprise,small,spread_ticks,29,31.0,1.096774193548387,1.0,1.0
ZN.v.0,surprise,small,spread_ticks,30,31.0,1.1612903225806452,1.0,1.0
ZN.v.0,surprise,small,spread_ticks,31,31.0,1.0,1.0,1.0
ZN.v.0,surprise,small,spread_ticks,32,31.0,1.064516129032258,1.0,1.0
ZN.v.0,surprise,small,spread_ticks,33,31.0,1.064516129032258,1.0,1.0
ZN.v.0,surprise,small,spread_ticks,34,31.0,1.064516129032258,1.0,1.0
ZN.v.0,surprise,small,spread_ticks,35,31.0,1.064516129032258,1.0,1.0
ZN.v.0,surprise,small,spread_ticks,36,31.0,1.064516129032258,1.0,1.0
ZN.v.0,surprise,small,spread_ticks,37,31.0,1.096774193548387,1.0,1.0
ZN.v.0,surprise,small,spread_ticks,38,31.0,1.0,1.0,1.0
ZN.v.0,surprise,small,spread_ticks,39,31.0,1.0,1.0,1.0
ZN.v.0,surprise,small,spread_ticks,40,31.0,1.032258064516129,1.0,1.0
ZN.v.0,surprise,small,spread_ticks,41,31.0,1.0,1.0,1.0
ZN.v.0,surprise,small,spread_ticks,42,31.0,1.032258064516129,1.0,1.0
ZN.v.0,surprise,small,spread_ticks,43,31.0,1.0,1.0,1.0
ZN.v.0,surprise,small,spread_ticks,44,31.0,1.064516129032258,1.0,1.0
ZN.v.0,surprise,small,spread_ticks,45,31.0,1.0,1.0,1.0
ZN.v.0,surprise,small,spread_ticks,46,31.0,1.032258064516129,1.0,1.0
ZN.v.0,surprise,small,spread_ticks,47,31.0,1.032258064516129,1.0,1.0
ZN.v.0,surprise,small,spread_ticks,48,31.0,1.032258064516129,1.0,1.0
ZN.v.0,surprise,small,spread_ticks,49,31.0,1.032258064516129,1.0,1.0
ZN.v.0,surprise,small,spread_ticks,50,31.0,1.032258064516129,1.0,1.0
ZN.v.0,surprise,small,spread_ticks,51,31.0,1.0,1.0,1.0
ZN.v.0,surprise,small,spread_ticks,52,31.0,1.032258064516129,1.0,1.0
ZN.v.0,surprise,small,spread_ticks,53,31.0,1.0,1.0,1.0
ZN.v.0,surprise,small,spread_ticks,54,31.0,1.032258064516129,1.0,1.0
ZN.v.0,surprise,small,spread_ticks,55,31.0,1.0,1.0,1.0
ZN.v.0,surprise,small,spread_ticks,56,31.0,1.0,1.0,1.0
ZN.v.0,surprise,small,spread_ticks,57,31.0,1.0,1.0,1.0
ZN.v.0,surprise,small,spread_ticks,58,31.0,1.032258064516129,1.0,1.0
ZN.v.0,surprise,small,spread_ticks,59,31.0,1.0,1.0,1.0
ZN.v.0,surprise,small,spread_ticks,60,31.0,1.0,1.0,1.0
ZN.v.0,surprise,small,spread_ticks,61,31.0,1.032258064516129,1.0,1.0
ZN.v.0,surprise,small,spread_ticks,62,31.0,1.0,1.0,1.0
ZN.v.0,surprise,small,spread_ticks,63,31.0,1.032258064516129,1.0,1.0
ZN.v.0,surprise,small,spread_ticks,64,31.0,1.064516129032258,1.0,1.0
ZN.v.0,surprise,small,spread_ticks,65,31.0,1.0,1.0,1.0
ZN.v.0,surprise,small,spread_ticks,66,31.0,1.0,1.0,1.0
ZN.v.0,surprise,small,spread_ticks,67,31.0,1.0,1.0,1.0
ZN.v.0,surprise,small,spread_ticks,68,31.0,1.0,1.0,1.0
ZN.v.0,surprise,small,spread_ticks,69,31.0,1.0,1.0,1.0
ZN.v.0,surprise,small,spread_ticks,70,31.0,1.032258064516129,1.0,1.0
ZN.v.0,surprise,small,spread_ticks,71,31.0,1.0,1.0,1.0
ZN.v.0,surprise,small,spread_ticks,72,31.0,1.032258064516129,1.0,1.0
ZN.v.0,surprise,small,spread_ticks,73,31.0,1.0,1.0,1.0
ZN.v.0,surprise,small,spread_ticks,74,31.0,1.0,1.0,1.0
ZN.v.0,surprise,small,spread_ticks,75,31.0,1.032258064516129,1.0,1.0
ZN.v.0,surprise,small,spread_ticks,76,31.0,1.0,1.0,1.0
ZN.v.0,surprise,small,spread_ticks,77,31.0,1.0,1.0,1.0
ZN.v.0,surprise,small,spread_ticks,78,31.0,1.0,1.0,1.0
ZN.v.0,surprise,small,spread_ticks,79,31.0,1.0,1.0,1.0
ZN.v.0,surprise,small,spread_ticks,80,31.0,1.032258064516129,1.0,1.0
ZN.v.0,surprise,small,spread_ticks,81,31.0,1.0,1.0,1.0
ZN.v.0,surprise,small,spread_ticks,82,31.0,1.0,1.0,1.0
ZN.v.0,surprise,small,spread_ticks,83,31.0,1.0,1.0,1.0
ZN.v.0,surprise,small,spread_ticks,84,31.0,1.0,1.0,1.0
ZN.v.0,surprise,small,spread_ticks,85,31.0,1.0,1.0,1.0
ZN.v.0,surprise,small,spread_ticks,86,31.0,1.0,1.0,1.0
ZN.v.0,surprise,small,spread_ticks,87,31.0,1.0,1.0,1.0
ZN.v.0,surprise,small,spread_ticks,88,31.0,1.0,1.0,1.0
ZN.v.0,surprise,small,spread_ticks,89,31.0,1.0,1.0,1.0
ZN.v.0,surprise,small,spread_ticks,90,31.0,1.0,1.0,1.0
ZN.v.0,surprise,small,spread_ticks,91,31.0,1.032258064516129,1.0,1.0
ZN.v.0,surprise,small,spread_ticks,92,31.0,1.0,1.0,1.0
ZN.v.0,surprise,small,spread_ticks,93,31.0,1.0,1.0,1.0
ZN.v.0,surprise,small,spread_ticks,94,31.0,1.0,1.0,1.0
ZN.v.0,surprise,small,spread_ticks,95,31.0,1.0,1.0,1.0
ZN.v.0,surprise,small,spread_ticks,96,31.0,1.064516129032258,1.0,1.0
ZN.v.0,surprise,small,spread_ticks,97,31.0,1.0,1.0,1.0
ZN.v.0,surprise,small,spread_ticks,98,31.0,1.0,1.0,1.0
ZN.v.0,surprise,small,spread_ticks,99,31.0,1.0,1.0,1.0
ZN.v.0,surprise,small,spread_ticks,100,31.0,1.0,1.0,1.0
ZN.v.0,surprise,small,spread_ticks,101,31.0,1.0,1.0,1.0
ZN.v.0,surprise,small,spread_ticks,102,31.0,1.0,1.0,1.0
ZN.v.0,surprise,small,spread_ticks,103,31.0,1.0,1.0,1.0
ZN.v.0,surprise,small,spread_ticks,104,31.0,1.0,1.0,1.0
ZN.v.0,surprise,small,spread_ticks,105,31.0,1.032258064516129,1.0,1.0
ZN.v.0,surprise,small,spread_ticks,106,31.0,1.0,1.0,1.0
ZN.v.0,surprise,small,spread_ticks,107,31.0,1.0,1.0,1.0
ZN.v.0,surprise,small,spread_ticks,108,31.0,1.0,1.0,1.0
ZN.v.0,surprise,small,spread_ticks,109,31.0,1.0,1.0,1.0
ZN.v.0,surprise,small,spread_ticks,110,31.0,1.0,1.0,1.0
ZN.v.0,surprise,small,spread_ticks,111,31.0,1.032258064516129,1.0,1.0
ZN.v.0,surprise,small,spread_ticks,112,31.0,1.0,1.0,1.0
ZN.v.0,surprise,small,spread_ticks,113,31.0,1.0,1.0,1.0
ZN.v.0,surprise,small,spread_ticks,114,31.0,1.032258064516129,1.0,1.0
ZN.v.0,surprise,small,spread_ticks,115,31.0,1.0,1.0,1.0
ZN.v.0,surprise,small,spread_ticks,116,31.0,1.032258064516129,1.0,1.0
ZN.v.0,surprise,small,spread_ticks,117,31.0,1.0,1.0,1.0
ZN.v.0,surprise,small,spread_ticks,118,31.0,1.0,1.0,1.0
ZN.v.0,surprise,small,spread_ticks,119,31.0,1.032258064516129,1.0,1.0
ZN.v.0,surprise,small,spread_ticks,120,31.0,1.032258064516129,1.0,1.0
