instrument,grouping,group,second,n,median,q25,q75,value
ES.v.0,action,cut,1,7.0,-0.36047727194681095,-0.6752486648197202,-0.002412900516081007,R
ES.v.0,action,cut,2,7.0,-1.0427202495288563,-4.754856597359937,-0.2423058169081807,R
ES.v.0,action,cut,3,7.0,-1.0427202495288563,-4.962183531231095,0.41659723403564897,R
ES.v.0,action,cut,4,7.0,-0.41707505271624157,-4.758281579088219,0.5347643294441843,R
ES.v.0,action,cut,5,7.0,-0.833263895158127,-2.6884962492862368,0.6307840654290465,R
ES.v.0,action,cut,6,7.0,-0.8255252409030472,-6.025890711901234,1.7119430720915565,R
ES.v.0,action,cut,7,7.0,-3.302509937545596,-11.643552375767145,0.664211645435067,R
ES.v.0,action,cut,8,7.0,-3.302509937545596,-12.47567773862129,0.8302225868110105,R
ES.v.0,action,cut,9,7.0,-4.128307865262084,-11.021132822690973,1.0721097069152514,R
ES.v.0,action,cut,11,7.0,-1.6222500643921753,-13.721883021178844,-1.3490761066940777,R
ES.v.0,action,cut,12,7.0,-0.6256191024401745,-12.368214057493969,-0.4767374413673462,R
ES.v.0,action,cut,14,7.0,1.982392754538877,-8.90373373360702,2.1785584510391853,R
ES.v.0,action,cut,16,7.0,-0.5407207809322084,-5.232961075054906,2.6910733754162095,R
ES.v.0,action,cut,18,7.0,-3.754301848247825,-9.592115594074077,3.4409783215080343,R
ES.v.0,action,cut,21,7.0,-6.7247442546454534,-8.757970850866817,3.592079892187097,R
ES.v.0,action,cut,24,7.0,2.888801786385559,-8.619944081014413,8.771689718365213,R
ES.v.0,action,cut,27,7.0,3.7140204698048396,-8.728518978520954,6.446117344080761,R
ES.v.0,action,cut,30,7.0,2.0635149987586066,-11.591163168261616,5.474771985103364,R
ES.v.0,action,cut,31,7.0,1.2381600956819538,-11.591163168261616,6.322548972565427,R
ES.v.0,action,cut,35,7.0,-1.6665972289731539,-7.658216280764337,5.156916876247689,R
ES.v.0,action,cut,40,7.0,-2.9167274524990967,-7.664179211986134,2.3992452612216235,R
ES.v.0,action,cut,46,7.0,-0.2085353519625708,-7.249207014885622,3.3895970783817693,R
ES.v.0,action,cut,52,7.0,-0.2085353519625708,-12.007981626563492,8.488190437082565,R
ES.v.0,action,cut,60,7.0,-2.5027112836066743,-10.146095633101794,7.373529949632321,R
ES.v.0,action,cut,68,7.0,-0.41707505271624157,-10.157067406820476,5.40676193336196,R
ES.v.0,action,cut,78,7.0,3.604058208510409,-11.10516035927682,4.388157461103239,R
ES.v.0,action,cut,89,7.0,2.0635149987586066,-14.120965132007743,3.8863573800350855,R
ES.v.0,action,cut,101,7.0,0.20853100335395272,-15.779899789680172,2.345496628042812,R
ES.v.0,action,cut,115,7.0,0.6255799649636534,-22.04205139610769,5.879022893105809,R
ES.v.0,action,cut,132,7.0,1.459625712856504,-23.448965326807873,6.517934198582018,R
ES.v.0,action,cut,150,7.0,-1.0427202495288563,-19.112350767193412,5.82061732472824,R
ES.v.0,action,cut,171,7.0,-1.8769747393447953,-19.63946071351356,2.136134163922062,R
ES.v.0,action,cut,196,7.0,-5.769196258597256,-23.0997222078816,-1.3578749595145743,R
ES.v.0,action,cut,223,7.0,-5.214688853398657,-17.418279454514654,0.7754809482803311,R
ES.v.0,action,cut,255,7.0,-2.7112988330228855,-18.669217664692198,-0.4624492387811119,R
ES.v.0,action,cut,291,7.0,-2.7112988330228855,-18.71078322054602,3.094634003597599,R
ES.v.0,action,cut,300,7.0,-3.128486984939938,-14.124385614648808,3.3788109578597725,R
ES.v.0,action,cut,332,7.0,-4.1670139781237285,-15.586460546064362,2.573273878833171,R
ES.v.0,action,cut,378,7.0,-3.128486984939938,-15.366593451932166,0.36287160657069073,R
ES.v.0,action,cut,432,7.0,-1.441987060664978,-9.136839344244073,0.9361813893836468,R
ES.v.0,action,cut,493,7.0,2.888801786385559,-1.9618803303643473,4.627395049738107,R
ES.v.0,action,cut,562,7.0,1.0813538560795157,-11.217650211797864,3.629228132007017,R
ES.v.0,action,cut,600,7.0,2.5229771263771026,-14.969325648181448,4.454344681591891,R
ES.v.0,action,cut,641,7.0,0.3604642780288517,-17.058041347673612,6.1352626408448145,R
ES.v.0,action,cut,732,7.0,2.293601903319764,-20.811120584903037,4.167511611948241,R
ES.v.0,action,cut,835,7.0,-6.634324578868271,-22.47624524495894,-2.087250107510798,R
ES.v.0,action,cut,953,7.0,-14.103204594122467,-34.974694209706826,-2.9441619316995338,R
ES.v.0,action,cut,1087,7.0,-18.25499407500077,-29.329448450738447,1.4962984642355392,R
ES.v.0,action,cut,1200,7.0,-14.826634349379587,-30.844988244202906,0.10426550167697636,R
ES.v.0,action,cut,1240,7.0,-14.103204594122467,-35.29095173673494,-1.7549005932133748,R
ES.v.0,action,cut,1415,7.0,-9.73745027892557,-33.752206533600344,-5.118774429969135,R
ES.v.0,action,cut,1615,7.0,-5.408523965403947,-35.84193211847446,-0.15608163143665155,R
ES.v.0,action,cut,1800,7.0,-1.8769747393447953,-35.004726708171496,5.168883353655955,R
ES.v.0,action,cut,1843,7.0,0.3604642780288517,-35.43983410687845,3.823263277103548,R
ES.v.0,action,cut,2103,7.0,-13.273053506147663,-30.91770477409485,5.280310429886838,R
ES.v.0,action,cut,2399,7.0,-52.63170044274644,-62.04765226590105,-19.92278402834804,R
ES.v.0,action,hike,1,17.0,0.33032189871961287,-2.9003722347661154,1.1386649978544345,R
ES.v.0,action,hike,2,17.0,-1.9821605614950786,-11.579500066986956,1.5392114137259796,R
ES.v.0,action,hike,3,17.0,-4.295177902915375,-10.476112666551936,1.5392114137259796,R
ES.v.0,action,hike,4,17.0,-5.72964287259793,-12.221952144709546,1.5492106802573913,R
ES.v.0,action,hike,5,17.0,-4.956138278581213,-11.579500066986956,1.0261672661653507,R
ES.v.0,action,hike,6,17.0,-6.026274739444089,-20.83230751920741,1.0261672661653507,R
ES.v.0,action,hike,7,17.0,-5.122101981553415,-21.786817431359754,0.9295552085030684,R
ES.v.0,action,hike,8,17.0,-11.02779114847251,-20.623654790833225,1.0261672661653507,R
ES.v.0,action,hike,9,17.0,-10.246828900553815,-18.33853438935454,1.5816528305016337,R
ES.v.0,action,hike,11,17.0,-5.122101981553415,-15.972356704126142,4.027448665744297,R
ES.v.0,action,hike,12,17.0,-3.0126834198879173,-20.17423884609367,3.28333709389356,R
ES.v.0,action,hike,14,17.0,-5.822155705588021,-22.3684494910835,2.7884064437945564,R
ES.v.0,action,hike,16,17.0,-13.444969329625266,-21.49436187411258,0.9295552085030684,R
ES.v.0,action,hike,18,17.0,-12.891072239853239,-22.077629232524025,-0.32535667228066595,R
ES.v.0,action,hike,21,17.0,-8.958567228488166,-24.272975216230087,1.6364380235626934,R
ES.v.0,action,hike,24,17.0,-8.062349267679988,-28.13285446712805,1.0261672661653507,R
ES.v.0,action,hike,27,17.0,-7.1662116203373545,-32.89021638591605,9.542115529296588,R
ES.v.0,action,hike,30,17.0,-7.166680755486328,-26.734286492231465,5.998963995248503,R
ES.v.0,action,hike,31,17.0,-6.50914557903734,-20.274636011533907,8.179513502361036,R
ES.v.0,action,hike,35,17.0,-0.6489924394663215,-25.503555128566,8.057176544861752,R
ES.v.0,action,hike,40,17.0,0.813345371293776,-36.277593818339085,22.866780935234647,R
ES.v.0,action,hike,46,17.0,-1.0262725788969957,-28.272913732046,16.331695013763678,R
ES.v.0,action,hike,52,17.0,-5.374177208481325,-20.274636011533907,16.252825248139438,R
ES.v.0,action,hike,60,17.0,-2.3216669673038504,-25.81122376946378,13.245035048906884,R
ES.v.0,action,hike,68,17.0,-8.462715734698572,-19.65964877232471,5.453752316679026,R
ES.v.0,action,hike,78,17.0,-8.269703037654415,-29.357819250922145,4.517324014117862,R
ES.v.0,action,hike,89,17.0,-5.374177208481325,-34.299367986482665,14.749043233547376,R
ES.v.0,action,hike,101,17.0,-3.5824638778206253,-50.33623238725491,7.828731844248166,R
ES.v.0,action,hike,115,17.0,-8.289201487756888,-39.776082794756974,10.90453191309924,R
ES.v.0,action,hike,132,17.0,-9.85486551715774,-17.098264003966747,10.08710435716078,R
ES.v.0,action,hike,150,17.0,-9.372846999059613,-18.42978774507038,7.361863156447826,R
ES.v.0,action,hike,171,17.0,-7.9742874155269625,-22.65927820753123,1.0261672661653507,R
ES.v.0,action,hike,196,17.0,-5.122101981553415,-36.337777451761355,3.078185946734828,R
ES.v.0,action,hike,223,17.0,-4.067719448533213,-33.08741396664724,16.405915773905633,R
ES.v.0,action,hike,255,17.0,-6.671928516132917,-45.02573407134052,13.76765919482578,R
ES.v.0,action,hike,291,17.0,1.9519177653957756,-54.9939554324708,18.914554588086048,R
ES.v.0,action,hike,300,17.0,-0.16267701292772543,-52.07663234742415,10.465149257281142,R
ES.v.0,action,hike,332,17.0,4.066065487145419,-62.295174781863565,16.475976267155936,R
ES.v.0,action,hike,378,17.0,-7.166680755486328,-60.247282660454346,18.78999016831702,R
ES.v.0,action,hike,432,17.0,-5.218325649841465,-55.5775221926733,14.356768091776447,R
ES.v.0,action,hike,493,17.0,5.726361871660944,-53.82692406717815,17.476893562213878,R
ES.v.0,action,hike,562,17.0,-1.6533935941102778,-73.97732878273024,18.914554588086048,R
ES.v.0,action,hike,600,17.0,-0.5511008240350496,-66.28466916637066,17.476893562213878,R
ES.v.0,action,hike,641,17.0,-0.5511008240350496,-91.23964709718449,18.914554588086048,R
ES.v.0,action,hike,732,17.0,-6.569910049373907,-71.60647205265738,13.901194742851706,R
ES.v.0,action,hike,835,17.0,0.813345371293776,-58.30727136920353,11.721892655716033,R
ES.v.0,action,hike,953,17.0,-4.067719448533213,-47.01684046937043,8.452048761627205,R
ES.v.0,action,hike,1087,17.0,-6.159215921244333,-32.567025720590145,9.542115529296588,R
ES.v.0,action,hike,1200,17.0,-5.132416454277276,-38.391574541857416,8.129714552813125,R
ES.v.0,action,hike,1240,17.0,-4.067719448533213,-40.68329521714871,5.829025644024242,R
ES.v.0,action,hike,1415,17.0,-4.105722408201349,-71.60647205265738,7.90697081534568,R
ES.v.0,action,hike,1615,17.0,-7.764903030212533,-68.28001336986512,2.0522292412072045,R
ES.v.0,action,hike,1800,17.0,-7.6486817890329615,-89.25520043111588,9.935420588777356,R
ES.v.0,action,hike,1843,17.0,-23.3128206487807,-84.25711625929424,3.078185946734828,R
ES.v.0,action,hike,2103,17.0,-34.73773455843268,-85.74736234632702,7.1809605055424655,R
ES.v.0,action,hike,2399,17.0,-15.234342941010304,-38.097387547198515,20.121042557450227,R
ES.v.0,action,hold,1,45.0,0.0,-0.4773611476663284,1.1793148194569092,R
ES.v.0,action,hold,2,45.0,0.0,-2.885586515477749,4.27606266671204,R
ES.v.0,action,hold,3,45.0,0.0,-2.7517129586694673,5.157350886368902,R
ES.v.0,action,hold,4,45.0,0.0,-3.249918780635567,2.5658570103130955,R
ES.v.0,action,hold,5,45.0,0.0,-4.3286920811546645,2.3862077307041547,R
ES.v.0,action,hold,6,45.0,0.0,-7.4217625968905585,3.511235991131635,R
ES.v.0,action,hold,7,45.0,-0.7119464619265632,-9.413779043510827,4.681374068757928,R
ES.v.0,action,hold,8,45.0,-0.6661855329168875,-12.606935483331403,6.4327190612222935,R
ES.v.0,action,hold,9,45.0,-0.44510715962173114,-12.98354327575455,7.683273891531226,R
ES.v.0,action,hold,11,45.0,-0.8902341321648177,-12.622090330909066,10.105906627676575,R
ES.v.0,action,hold,12,45.0,-0.9985022474593632,-10.817958864969759,9.945301665083635,R
ES.v.0,action,hold,14,45.0,-0.3559668951167799,-9.618377498998186,4.962040492820449,R
ES.v.0,action,hold,16,45.0,-0.8554319936786487,-10.750559781554152,6.777076797994557,R
ES.v.0,action,hold,18,45.0,-1.19331742385027,-11.419299855560311,10.92233118292433,R
ES.v.0,action,hold,21,45.0,0.5852916217165919,-10.834237246124554,9.188764101508085,R
ES.v.0,action,hold,24,45.0,0.0,-11.399181049464824,9.188764101508085,R
ES.v.0,action,hold,27,45.0,0.5966053159313486,-12.0402157703406,10.500755706642668,R
ES.v.0,action,hold,30,45.0,1.7106444894823147,-6.0763597724179395,12.047468477215089,R
ES.v.0,action,hold,31,45.0,1.941464841317063,-5.763537923817644,14.45522145339203,R
ES.v.0,action,hold,35,45.0,1.941464841317063,-7.1989924520091915,10.241273222597808,R
ES.v.0,action,hold,40,45.0,2.2797218838036857,-8.399328547557227,12.047468477215089,R
ES.v.0,action,hold,46,45.0,2.9120559320520045,-10.216654033304643,9.639135633978254,R
ES.v.0,action,hold,52,45.0,3.28267081042609,-9.886762890760707,12.235248959438628,R
ES.v.0,action,hold,60,45.0,4.996787883250538,-10.804971337541406,13.385929686286001,R
ES.v.0,action,hold,68,45.0,4.2706146775271945,-9.487345271652192,13.557082344264629,R
ES.v.0,action,hold,78,45.0,3.8825528272228684,-9.014152829354066,15.90879296154953,R
ES.v.0,action,hold,89,45.0,2.564650580417619,-12.199669411012867,17.97484007032378,R
ES.v.0,action,hold,101,45.0,2.9120559320520045,-12.622090330909066,17.114650365163104,R
ES.v.0,action,hold,115,45.0,1.0500892585516048,-6.991610352725534,17.04476692031208,R
ES.v.0,action,hold,132,45.0,4.300577336077451,-6.9520888032646395,15.753450711337225,R
ES.v.0,action,hold,150,45.0,1.3546005642299606,-7.215528128916861,16.018435593666908,R
ES.v.0,action,hold,171,45.0,2.564650580417619,-9.78251453679605,13.757907418055144,R
ES.v.0,action,hold,196,45.0,3.4742328085421432,-8.040491521634333,12.822706492795977,R
ES.v.0,action,hold,223,45.0,2.2008253183746778,-8.046624875216928,15.375857243382786,R
ES.v.0,action,hold,255,45.0,4.740299404806421,-7.162041487883313,19.18841716819359,R
ES.v.0,action,hold,291,45.0,6.793478522144087,-10.52925060889396,19.74507563241259,R
ES.v.0,action,hold,300,45.0,4.662056495324123,-15.726570655863206,24.232237351982754,R
ES.v.0,action,hold,332,45.0,1.7671747339993542,-10.436421509563068,25.240640714181943,R
ES.v.0,action,hold,378,45.0,4.852955545113399,-9.886762890760707,24.552800829767584,R
ES.v.0,action,hold,432,45.0,4.401166380115628,-15.591109448945307,22.990070305899042,R
ES.v.0,action,hold,493,45.0,2.924338389285096,-15.639377612720583,22.990070305899042,R
ES.v.0,action,hold,562,45.0,5.5011553813349074,-19.184163482540573,20.783221476886347,R
ES.v.0,action,hold,600,45.0,3.8239627967022285,-17.11958341079234,23.470327403901614,R
ES.v.0,action,hold,641,45.0,6.904560422435598,-14.912729420193495,25.5767525722385,R
ES.v.0,action,hold,732,45.0,5.339741149435801,-12.474067017237196,25.240640714181943,R
ES.v.0,action,hold,835,45.0,6.083419069024588,-12.062000135615431,19.958841528602672,R
ES.v.0,action,hold,953,45.0,5.789717623517283,-13.13433024638527,26.187818931950513,R
ES.v.0,action,hold,1087,45.0,5.823264103995365,-12.988312346430561,26.604989666458376,R
ES.v.0,action,hold,1200,45.0,4.852955545113399,-15.988012398921066,24.18247949567719,R
ES.v.0,action,hold,1240,45.0,5.964452043692161,-16.948007581900526,24.552800829767584,R
ES.v.0,action,hold,1415,45.0,4.562911216472654,-20.344987114938153,24.294320139686207,R
ES.v.0,action,hold,1615,45.0,3.511235991131635,-18.87485486698626,22.201990219840347,R
ES.v.0,action,hold,1800,45.0,4.562911216472654,-23.001735270840932,20.888310145584644,R
ES.v.0,action,hold,1843,45.0,6.202975329556434,-23.688545062698843,19.790012505820393,R
ES.v.0,action,hold,2103,45.0,4.716425037317258,-16.040946035945645,22.967706706752125,R
ES.v.0,action,hold,2399,45.0,8.733625009287664,-10.855145198114375,26.888021810662533,R
ES.v.0,action_x_surprise,cut|large,1,4.0,-0.3670168384532739,-1.532460448668232,0.25693364112213324,R
ES.v.0,action_x_surprise,cut|large,2,4.0,-1.450003099732376,-8.197901474023205,4.575349550137148,R
ES.v.0,action_x_surprise,cut|large,3,4.0,-1.4490357554165383,-7.335146994782152,4.279250805443727,R
ES.v.0,action_x_surprise,cut|large,4,4.0,-1.8627825421257653,-8.013106550423766,4.544862289550026,R
ES.v.0,action_x_surprise,cut|large,5,4.0,-1.6603099243089408,-5.943072966995635,3.4507198447364837,R
ES.v.0,action_x_surprise,cut|large,6,4.0,-6.025890711901234,-9.665506854983784,0.4806172201160308,R
ES.v.0,action_x_surprise,cut|large,7,4.0,-11.643552375767145,-12.991373203084347,-3.854773075919967,R
ES.v.0,action_x_surprise,cut|large,8,4.0,-12.47567773862129,-13.209047088437393,-4.196474004703177,R
ES.v.0,action_x_surprise,cut|large,9,4.0,-11.021132822690973,-12.277364344520986,-2.45318926755084,R
ES.v.0,action_x_surprise,cut|large,11,4.0,-13.721883021178844,-14.297907674378806,-5.0405482600120575,R
ES.v.0,action_x_surprise,cut|large,12,4.0,-12.368214057493969,-13.94343958620932,-4.394931976517741,R
ES.v.0,action_x_surprise,cut|large,14,4.0,-8.903733733607018,-16.249913205270275,3.0262089158348404,R
ES.v.0,action_x_surprise,cut|large,16,4.0,-5.232961075054906,-10.847607161688027,3.072989915265545,R
ES.v.0,action_x_surprise,cut|large,18,4.0,-9.592115594074077,-13.417721381623188,-2.216075477706383,R
ES.v.0,action_x_surprise,cut|large,21,4.0,-7.32177800659612,-9.56868531458416,-1.061509358382641,R
ES.v.0,action_x_surprise,cut|large,24,4.0,-8.619944081014413,-10.352541630789368,-1.8197550091576717,R
ES.v.0,action_x_surprise,cut|large,27,4.0,-8.728518978520954,-9.701362678748676,-2.472026796178148,R
ES.v.0,action_x_surprise,cut|large,30,4.0,-11.591163168261618,-16.74182725049775,-1.8148957497723437,R
ES.v.0,action_x_surprise,cut|large,31,4.0,-11.591163168261618,-16.94945120211588,-1.253055909217819,R
ES.v.0,action_x_surprise,cut|large,35,4.0,-5.394964353472006,-11.379196119082014,2.9661416715811493,R
ES.v.0,action_x_surprise,cut|large,40,4.0,-7.264842749672621,-12.583238708230695,0.998600729880069,R
ES.v.0,action_x_surprise,cut|large,46,4.0,-4.97490959228691,-12.368868723796346,3.7173899198332,R
ES.v.0,action_x_surprise,cut|large,52,4.0,-3.0947418065404833,-15.986714491437102,9.104964869853013,R
ES.v.0,action_x_surprise,cut|large,60,4.0,-2.0558651517761897,-16.277839984886835,9.401499281667233,R
ES.v.0,action_x_surprise,cut|large,68,4.0,-6.36855035976131,-19.340367200664737,6.846245186322735,R
ES.v.0,action_x_surprise,cut|large,78,4.0,-7.426949090588412,-22.38369804671696,5.670783895576028,R
ES.v.0,action_x_surprise,cut|large,89,4.0,-9.410329557065763,-25.908023153581937,5.603206414646515,R
ES.v.0,action_x_surprise,cut|large,101,4.0,-15.77989978968017,-28.360912968978244,-1.70318685117658,R
ES.v.0,action_x_surprise,cut|large,115,4.0,-22.04205139610769,-24.99913338010345,-12.933982044954329,R
ES.v.0,action_x_surprise,cut|large,132,4.0,-23.448965326807873,-25.04529165860193,-14.337069321877907,R
ES.v.0,action_x_surprise,cut|large,150,4.0,-19.112350767193412,-21.857194884681608,-8.899090507457515,R
ES.v.0,action_x_surprise,cut|large,171,4.0,-19.63946071351356,-25.201247391550375,-6.583623352283745,R
ES.v.0,action_x_surprise,cut|large,196,4.0,-23.0997222078816,-24.574837969988124,-10.435751611387868,R
ES.v.0,action_x_surprise,cut|large,223,4.0,-17.418279454514654,-28.597008763041494,0.32090372883799034,R
ES.v.0,action_x_surprise,cut|large,255,4.0,-18.669217664692198,-29.428851718767472,-0.339686720596692,R
ES.v.0,action_x_surprise,cut|large,291,4.0,-18.71078322054602,-23.323343787595928,-5.280869747068294,R
ES.v.0,action_x_surprise,cut|large,300,4.0,-14.124385614648808,-22.90456756013896,1.9106991663954336,R
ES.v.0,action_x_surprise,cut|large,332,4.0,-13.703215916166954,-25.897922302064885,3.8508567096468056,R
ES.v.0,action_x_surprise,cut|large,378,4.0,-15.366593451932165,-31.961553944891868,2.196841707603177,R
ES.v.0,action_x_surprise,cut|large,432,4.0,-9.136839344244073,-25.997516643844065,0.6996395592850746,R
ES.v.0,action_x_surprise,cut|large,493,4.0,-0.40171031178758465,-18.559402965962352,8.074348961909266,R
ES.v.0,action_x_surprise,cut|large,562,4.0,-11.217650211797864,-28.16556904078307,-0.6147425329490019,R
ES.v.0,action_x_surprise,cut|large,600,4.0,-14.969325648181448,-29.81398990683877,-8.428580645107013,R
ES.v.0,action_x_surprise,cut|large,641,4.0,-17.058041347673612,-33.814891500633706,-8.810078111288734,R
ES.v.0,action_x_surprise,cut|large,732,4.0,-20.811120584903037,-36.76233205475419,-10.99254204711173,R
ES.v.0,action_x_surprise,cut|large,835,4.0,-22.476245244958942,-40.94385553974641,-12.215123720272128,R
ES.v.0,action_x_surprise,cut|large,953,4.0,-34.974694209706826,-55.95464075465619,-20.282438017997283,R
ES.v.0,action_x_surprise,cut|large,1087,4.0,-29.329448450738447,-51.02452470209707,-18.50152530203933,R
ES.v.0,action_x_surprise,cut|large,1200,4.0,-30.844988244202906,-55.200946151497945,-16.15221215883647,R
ES.v.0,action_x_surprise,cut|large,1240,4.0,-35.29095173673494,-57.94127579406915,-18.87287554203996,R
ES.v.0,action_x_surprise,cut|large,1415,4.0,-33.752206533600344,-52.42875809792187,-18.166414805485235,R
ES.v.0,action_x_surprise,cut|large,1615,4.0,-35.84193211847446,-53.86292058568885,-17.663999197616874,R
ES.v.0,action_x_surprise,cut|large,1800,4.0,-35.004726708171496,-57.997977816019684,-14.664879829142551,R
ES.v.0,action_x_surprise,cut|large,1843,4.0,-35.43983410687845,-64.33720337191613,-12.76744393431099,R
ES.v.0,action_x_surprise,cut|large,2103,4.0,-30.91770477409485,-51.355239891984915,-18.383457061928333,R
ES.v.0,action_x_surprise,cut|large,2399,4.0,-54.99900171215613,-66.25357921983576,-49.9510460959235,R
ES.v.0,action_x_surprise,cut|medium,1,3.0,-0.36047727194681095,-0.3866156868746474,-0.2845063119546909,R
ES.v.0,action_x_surprise,cut|medium,2,3.0,-1.0427202495288563,-3.617910666543336,-0.9719688975212621,R
ES.v.0,action_x_surprise,cut|medium,3,3.0,-1.0427202495288563,-3.617910666543336,-0.5213601247644282,R
ES.v.0,action_x_surprise,cut|medium,4,3.0,-0.41707505271624157,-2.4791537280388347,-0.29865603219567616,R
ES.v.0,action_x_surprise,cut|medium,5,3.0,0.0,-1.4448182725563592,0.6307840654290465,R
ES.v.0,action_x_surprise,cut|medium,6,3.0,0.0,-0.4127626204515236,1.7119430720915565,R
ES.v.0,action_x_surprise,cut|medium,7,3.0,-0.8341675013179845,-2.0683387194317904,0.664211645435067,R
ES.v.0,action_x_surprise,cut|medium,8,3.0,-1.0427202495288563,-2.1726150935372264,0.8302225868110105,R
ES.v.0,action_x_surprise,cut|medium,9,3.0,-1.4598387946799063,-2.794073329970995,1.0721097069152514,R
ES.v.0,action_x_surprise,cut|medium,11,3.0,-1.4598387946799063,-1.5410444295360408,-1.3490761066940777,R
ES.v.0,action_x_surprise,cut|medium,12,3.0,-0.5407207809322084,-0.5831699416861915,-0.4767374413673462,R
ES.v.0,action_x_surprise,cut|medium,14,3.0,2.0635149987586066,2.022953876648742,2.1785584510391853,R
ES.v.0,action_x_surprise,cut|medium,16,3.0,1.6681262810275792,0.5637027500476854,2.6910733754162095,R
ES.v.0,action_x_surprise,cut|medium,18,3.0,2.3427855827603734,-0.7057581327437257,3.4409783215080343,R
ES.v.0,action_x_surprise,cut|medium,21,3.0,1.2381600956819538,-4.1794849237524465,3.592079892187097,R
ES.v.0,action_x_surprise,cut|medium,24,3.0,7.747119990387015,5.3179608883862866,8.771689718365213,R
ES.v.0,action_x_surprise,cut|medium,27,3.0,6.0456342981926845,4.879827383998762,6.446117344080761,R
ES.v.0,action_x_surprise,cut|medium,30,3.0,5.003544281514487,3.533529640136547,5.474771985103364,R
ES.v.0,action_x_surprise,cut|medium,31,3.0,5.765869815049701,3.5020149553658273,6.322548972565427,R
ES.v.0,action_x_surprise,cut|medium,35,3.0,4.685022429646608,-0.7540393269556036,5.156916876247689,R
ES.v.0,action_x_surprise,cut|medium,40,3.0,0.8340979235798673,-1.4406512267731284,2.3992452612216235,R
ES.v.0,action_x_surprise,cut|medium,46,3.0,-0.2085353519625708,-1.9619678645443475,2.868732168364835,R
ES.v.0,action_x_surprise,cut|medium,52,3.0,-0.2085353519625708,-4.853096311196638,4.219511576293625,R
ES.v.0,action_x_surprise,cut|medium,60,3.0,-2.5027112836066743,-4.760924521831299,1.541512706531341,R
ES.v.0,action_x_surprise,cut|medium,68,3.0,-0.41707505271624157,-1.6533557989144798,2.854525632501032,R
ES.v.0,action_x_surprise,cut|medium,78,3.0,3.604058208510409,0.6549650617676162,3.6590393391576246,R
ES.v.0,action_x_surprise,cut|medium,89,3.0,2.0635149987586066,-1.054009258716143,2.293246062567855,R
ES.v.0,action_x_surprise,cut|medium,101,3.0,1.802191469700065,1.0053612365270088,2.345496628042812,R
ES.v.0,action_x_surprise,cut|medium,115,3.0,5.945999688692241,3.285789826827947,6.4801070374203364,R
ES.v.0,action_x_surprise,cut|medium,132,3.0,6.189268007195198,3.8244468600258514,6.517934198582018,R
ES.v.0,action_x_surprise,cut|medium,150,3.0,3.7140204698048396,1.3356501101379918,5.82061732472824,R
ES.v.0,action_x_surprise,cut|medium,171,3.0,-0.41275410180248395,-1.1448644205736396,2.136134163922062,R
ES.v.0,action_x_surprise,cut|medium,196,3.0,-3.128486984939938,-4.448841621768597,-1.3578749595145743,R
ES.v.0,action_x_surprise,cut|medium,223,3.0,-2.1630585732441774,-3.688873713321417,0.7754809482803311,R
ES.v.0,action_x_surprise,cut|medium,255,3.0,-2.1630585732441774,-2.4371787031335312,-0.4624492387811119,R
ES.v.0,action_x_surprise,cut|medium,291,3.0,0.0,-1.3556494165114428,3.094634003597599,R
ES.v.0,action_x_surprise,cut|medium,300,3.0,-1.0814708013428669,-2.1049788931414026,3.3788109578597725,R
ES.v.0,action_x_surprise,cut|medium,332,3.0,-1.0427202495288563,-4.488111743723702,2.573273878833171,R
ES.v.0,action_x_surprise,cut|medium,378,3.0,-2.1630585732441774,-2.6457727790920575,0.36287160657069073,R
ES.v.0,action_x_surprise,cut|medium,432,3.0,0.4127370659107895,-0.5146249973770943,0.9361813893836468,R
ES.v.0,action_x_surprise,cut|medium,493,3.0,2.888801786385559,2.799682852262568,3.1563439652843357,R
ES.v.0,action_x_surprise,cut|medium,562,3.0,3.5444357942091953,2.3128948251443555,3.629228132007017,R
ES.v.0,action_x_surprise,cut|medium,600,3.0,3.5444357942091953,3.033706460293149,4.454344681591891,R
ES.v.0,action_x_surprise,cut|medium,641,3.0,2.7105639181395764,1.5355140980842141,6.924244851465296,R
ES.v.0,action_x_surprise,cut|medium,732,3.0,2.5229771263771026,2.408289514848433,7.654955724261983,R
ES.v.0,action_x_surprise,cut|medium,835,3.0,-0.2085353519625708,-2.087250107510798,5.8769643459353915,R
ES.v.0,action_x_surprise,cut|medium,953,3.0,3.1275085479543145,-2.9441619316995338,13.313187669014066,R
ES.v.0,action_x_surprise,cut|medium,1087,3.0,4.79511324612408,1.4962984642355392,15.382167889993148,R
ES.v.0,action_x_surprise,cut|medium,1200,3.0,0.20853100335395272,0.10426550167697636,10.618215816545788,R
ES.v.0,action_x_surprise,cut|medium,1240,3.0,-0.6256191024401745,-1.7549005932133748,11.024830069905914,R
ES.v.0,action_x_surprise,cut|medium,1415,3.0,-4.797413660348277,-7.267431969636924,7.291418463265099,R
ES.v.0,action_x_surprise,cut|medium,1615,3.0,0.6255799649636534,-2.3914720002201464,8.766923179976455,R
ES.v.0,action_x_surprise,cut|medium,1800,3.0,-0.7209675387484173,-1.2989711390466063,8.09364942812042,R
ES.v.0,action_x_surprise,cut|medium,1843,3.0,1.459625712856504,0.9100449954426779,10.007974731985925,R
ES.v.0,action_x_surprise,cut|medium,2103,3.0,6.846600389968837,5.280310429886838,7.279676434931371,R
ES.v.0,action_x_surprise,cut|medium,2399,3.0,2.0635149987586066,-32.33274327573884,3.2208765703022957,R
ES.v.0,action_x_surprise,hike|large,1,11.0,0.6120512900899844,-3.282694842311569,1.7406604345906425,R
ES.v.0,action_x_surprise,hike|large,2,11.0,-2.603149825971671,-15.089095346792124,2.0431324895185536,R
ES.v.0,action_x_surprise,hike|large,3,11.0,-4.295177902915375,-19.836138474145706,2.0357955425020133,R
ES.v.0,action_x_surprise,hike|large,4,11.0,-3.964714096934344,-21.368402288393668,1.9827725563493603,R
ES.v.0,action_x_surprise,hike|large,5,11.0,-4.956138278581213,-20.465087131030906,-0.9416084887157521,R
ES.v.0,action_x_surprise,hike|large,6,11.0,-9.372846999059613,-22.327492590626655,1.189712965451845,R
ES.v.0,action_x_surprise,hike|large,7,11.0,-9.924464617867175,-28.762980004561804,0.3834390977876715,R
ES.v.0,action_x_surprise,hike|large,8,11.0,-11.02779114847251,-28.90020683528578,1.6578259251455387,R
ES.v.0,action_x_surprise,hike|large,9,11.0,-11.02779114847251,-25.23925626887297,2.4947997877956976,R
ES.v.0,action_x_surprise,hike|large,11,11.0,-12.221952144709546,-29.81887213116011,4.453264446646569,R
ES.v.0,action_x_surprise,hike|large,12,11.0,-13.786640174165163,-27.956690711928765,3.7370061161175903,R
ES.v.0,action_x_surprise,hike|large,14,11.0,-14.338501326039282,-23.918029111156606,2.6919775462291113,R
ES.v.0,action_x_surprise,hike|large,16,11.0,-15.962467413359633,-23.9675916436026,-6.559811621348865,R
ES.v.0,action_x_surprise,hike|large,18,11.0,-16.546250534696977,-35.27884364191524,-6.910356931838304,R
ES.v.0,action_x_surprise,hike|large,21,11.0,-15.100479115187925,-33.696681379492404,-1.962273272112054,R
ES.v.0,action_x_surprise,hike|large,24,11.0,-10.476112666551936,-38.29128082233214,-2.1152313239529605,R
ES.v.0,action_x_surprise,hike|large,27,11.0,-7.166680755486328,-45.97046367381232,9.148471631172269,R
ES.v.0,action_x_surprise,hike|large,30,11.0,-7.485882951413617,-49.359417397568706,8.431824070213946,R
ES.v.0,action_x_surprise,hike|large,31,11.0,-7.166680755486328,-50.13706334048939,6.5065223196856685,R
ES.v.0,action_x_surprise,hike|large,35,11.0,-9.372846999059613,-65.87734804277046,7.3149246705326965,R
ES.v.0,action_x_surprise,hike|large,40,11.0,-8.269703037654415,-64.10632238201771,22.99019304431747,R
ES.v.0,action_x_surprise,hike|large,46,11.0,-12.131239425453884,-62.25123022329582,21.855674462706645,R
ES.v.0,action_x_surprise,hike|large,52,11.0,-8.709031815885332,-61.48710962664445,23.20553825882438,R
ES.v.0,action_x_surprise,hike|large,60,11.0,-7.485882951413617,-53.794366479208904,18.286520568760366,R
ES.v.0,action_x_surprise,hike|large,68,11.0,-10.476112666551936,-52.1363922287433,10.317963345891059,R
ES.v.0,action_x_surprise,hike|large,78,11.0,-19.177363369795287,-47.760510414932014,8.766343074608919,R
ES.v.0,action_x_surprise,hike|large,89,11.0,-28.745318102291087,-49.09988448279937,7.1114445599426475,R
ES.v.0,action_x_surprise,hike|large,101,11.0,-32.42088785697636,-60.878035257909914,5.126627815586602,R
ES.v.0,action_x_surprise,hike|large,115,11.0,-25.798783906369266,-66.32420231752015,4.604969071698086,R
ES.v.0,action_x_surprise,hike|large,132,11.0,-14.544976284111844,-57.37089933831234,3.242732889346293,R
ES.v.0,action_x_surprise,hike|large,150,11.0,-13.022530815496117,-54.703720889200994,4.39611797737626,R
ES.v.0,action_x_surprise,hike|large,171,11.0,-18.184528328521576,-63.01509458837429,2.5158145061508463,R
ES.v.0,action_x_surprise,hike|large,196,11.0,-5.498030011126224,-70.9929045535803,11.122319210441749,R
ES.v.0,action_x_surprise,hike|large,223,11.0,-4.067719448533213,-72.29419891148623,23.935924839883974,R
ES.v.0,action_x_surprise,hike|large,255,11.0,-6.671928516132917,-70.9037865680237,23.767994564646784,R
ES.v.0,action_x_surprise,hike|large,291,11.0,1.9519177653957756,-79.87922222489749,26.038421585713028,R
ES.v.0,action_x_surprise,hike|large,300,11.0,-0.16267701292772543,-77.8943930813063,21.28817761227998,R
ES.v.0,action_x_surprise,hike|large,332,11.0,4.066065487145419,-82.49056527356692,25.344618500350663,R
ES.v.0,action_x_surprise,hike|large,378,11.0,-7.166680755486328,-90.53783438043283,32.23743265103364,R
ES.v.0,action_x_surprise,hike|large,432,11.0,-9.372846999059613,-102.84622222253645,37.88365866124033,R
ES.v.0,action_x_surprise,hike|large,493,11.0,-8.269703037654415,-111.32158101871065,33.70670394671289,R
ES.v.0,action_x_surprise,hike|large,562,11.0,-1.6533935941102778,-94.82477813824995,24.98728372511184,R
ES.v.0,action_x_surprise,hike|large,600,11.0,-0.5511008240350496,-99.07934916006022,24.62915438372576,R
ES.v.0,action_x_surprise,hike|large,641,11.0,-0.5511008240350496,-103.05184184772968,24.461631916385493,R
ES.v.0,action_x_surprise,hike|large,732,11.0,-7.942569533169059,-105.28706878766735,16.924043159549754,R
ES.v.0,action_x_surprise,hike|large,835,11.0,-30.355737083130823,-95.25793970243147,8.786245998500883,R
ES.v.0,action_x_surprise,hike|large,953,11.0,-41.417073314102254,-101.80216924188291,12.544870351586217,R
ES.v.0,action_x_surprise,hike|large,1087,11.0,-27.123594294819807,-95.35010407172429,14.00323468064041,R
ES.v.0,action_x_surprise,hike|large,1200,11.0,-22.620075298326626,-90.65286255982979,12.607527048251907,R
ES.v.0,action_x_surprise,hike|large,1240,11.0,-23.149689550004947,-100.32740250126699,16.855769332611366,R
ES.v.0,action_x_surprise,hike|large,1415,11.0,-33.67285343375917,-106.93559291627443,12.235827765419245,R
ES.v.0,action_x_surprise,hike|large,1615,11.0,-46.95233305910663,-104.85293357696176,10.697711831668734,R
ES.v.0,action_x_surprise,hike|large,1800,11.0,-66.9046757642444,-109.38140311249997,11.18001372782599,R
ES.v.0,action_x_surprise,hike|large,1843,11.0,-54.70684768276106,-119.72345372906386,8.446862874941697,R
ES.v.0,action_x_surprise,hike|large,2103,11.0,-48.05975277231006,-110.09137787334475,10.690328247673957,R
ES.v.0,action_x_surprise,hike|large,2399,11.0,-31.282611538102564,-76.98847823355726,9.755149794219449,R
ES.v.0,action_x_surprise,hike|medium,1,6.0,0.15343777332349623,-0.9037233412547849,0.4615414835284628,R
ES.v.0,action_x_surprise,hike|medium,2,6.0,-1.0628238012760178,-2.7565008475956416,0.9242377734080707,R
ES.v.0,action_x_surprise,hike|medium,3,6.0,-5.858286647733436,-9.38966170553969,0.4765650024341179,R
ES.v.0,action_x_surprise,hike|medium,4,6.0,-7.083722361632107,-9.836734054373213,-0.6627852685254694,R
ES.v.0,action_x_surprise,hike|medium,5,6.0,-5.798554996832424,-9.199140538310246,-0.32166064835025887,R
ES.v.0,action_x_surprise,hike|medium,6,6.0,-5.605047938642938,-11.58721536376548,-0.5263298348364343,R
ES.v.0,action_x_surprise,hike|medium,7,6.0,-4.607184509080382,-10.68870736616695,-0.25344130952782384,R
ES.v.0,action_x_surprise,hike|medium,8,6.0,-8.210663829719852,-12.42222768766425,-0.32166064835025887,R
ES.v.0,action_x_surprise,hike|medium,9,6.0,-7.442429047074471,-11.96988909591705,-0.3898818487747686,R
ES.v.0,action_x_surprise,hike|medium,11,6.0,-4.0614670264793995,-9.007809087094996,0.40420054244313874,R
ES.v.0,action_x_surprise,hike|medium,12,6.0,-1.7791111380142528,-7.472096276338103,1.0180238462593376,R
ES.v.0,action_x_surprise,hike|medium,14,6.0,-1.8849632321904084,-9.968593188877515,4.807828714047509,R
ES.v.0,action_x_surprise,hike|medium,16,6.0,-2.814088637982224,-8.510772593788731,2.4302388166912006,R
ES.v.0,action_x_surprise,hike|medium,18,6.0,-2.7069560779762467,-8.585460770656049,3.1720152993446504,R
ES.v.0,action_x_surprise,hike|medium,21,6.0,-3.6610646024627362,-14.564298369844105,1.9482814367960768,R
ES.v.0,action_x_surprise,hike|medium,24,6.0,-3.5180910007573187,-17.92940468272132,4.142393313964508,R
ES.v.0,action_x_surprise,hike|medium,27,6.0,-2.5569911895650748,-20.398368504487163,7.669643957274242,R
ES.v.0,action_x_surprise,hike|medium,30,6.0,-2.621993502951466,-16.135219342212597,4.755764812977715,R
ES.v.0,action_x_surprise,hike|medium,31,6.0,-1.0868153930821842,-8.512301495761589,6.262909325726349,R
ES.v.0,action_x_surprise,hike|medium,35,6.0,4.0577327249604025,0.2565418165413377,7.815206954585178,R
ES.v.0,action_x_surprise,hike|medium,40,6.0,2.1493877820814546,-0.41507992654231435,17.968237775925374,R
ES.v.0,action_x_surprise,hike|medium,46,6.0,3.758556324354221,-0.32201673991087243,8.816674687641722,R
ES.v.0,action_x_surprise,hike|medium,52,6.0,2.350044646381974,-4.287201051085242,12.171128712997902,R
ES.v.0,action_x_surprise,hike|medium,60,6.0,3.4563001971254836,-5.087477795895271,12.046788477086963,R
ES.v.0,action_x_surprise,hike|medium,68,6.0,-0.7531141283385159,-7.095482485535382,4.090314237509269,R
ES.v.0,action_x_surprise,hike|medium,78,6.0,-0.34446677156068406,-2.584890457212363,3.728922247844552,R
ES.v.0,action_x_surprise,hike|medium,89,6.0,4.36340896908073,-0.585003142906174,12.289002183497578,R
ES.v.0,action_x_surprise,hike|medium,101,6.0,1.4599151169394764,-3.301972964250747,7.37128988199825,R
ES.v.0,action_x_surprise,hike|medium,115,6.0,0.5068786617834515,-5.729046306101549,9.458268867766492,R
ES.v.0,action_x_surprise,hike|medium,132,6.0,4.66677740233279,-5.389590623063806,9.898716969036979,R
ES.v.0,action_x_surprise,hike|medium,150,6.0,-2.326607251377866,-8.930953118179389,5.897897721958019,R
ES.v.0,action_x_surprise,hike|medium,171,6.0,-0.14793389543015892,-5.523930270109919,0.8449300567658373,R
ES.v.0,action_x_surprise,hike|medium,196,6.0,-1.9640182428209856,-7.999450916754478,2.607155834028982,R
ES.v.0,action_x_surprise,hike|medium,223,6.0,-1.8887159492953023,-13.770279393722435,7.4500772229700996,R
ES.v.0,action_x_surprise,hike|medium,255,6.0,-2.2602335144464356,-10.62514033620728,6.048158964539225,R
ES.v.0,action_x_surprise,hike|medium,291,6.0,2.414278066766558,-14.192009080324416,7.212674020415957,R
ES.v.0,action_x_surprise,hike|medium,300,6.0,0.9078909741480774,-14.945202626633655,7.212674020415957,R
ES.v.0,action_x_surprise,hike|medium,332,6.0,-3.3128627291453894,-17.017948200379074,9.260592536241425,R
ES.v.0,action_x_surprise,hike|medium,378,6.0,-2.812129686003136,-8.100253873975522,13.550191870991585,R
ES.v.0,action_x_surprise,hike|medium,432,6.0,-4.266163668586048,-8.02461053416566,3.8751685940524827,R
ES.v.0,action_x_surprise,hike|medium,493,6.0,6.928038212237034,-16.723340398181875,13.568526072602491,R
ES.v.0,action_x_surprise,hike|medium,562,6.0,-2.1963691572746096,-18.628094855727674,8.764253335924591,R
ES.v.0,action_x_surprise,hike|medium,600,6.0,1.0321640196965434,-8.346309897661861,9.46451582924332,R
ES.v.0,action_x_surprise,hike|medium,641,6.0,0.8009061368404327,-13.245158532065838,14.106679505001813,R
ES.v.0,action_x_surprise,hike|medium,732,6.0,-0.20724269360429393,-11.363214936319292,11.96475222268011,R
ES.v.0,action_x_surprise,hike|medium,835,6.0,4.1875130007269545,-5.803730493421716,10.586659618172641,R
ES.v.0,action_x_surprise,hike|medium,953,6.0,2.5932622166143005,-7.089403488149911,7.108583057904111,R
ES.v.0,action_x_surprise,hike|medium,1087,6.0,-4.153804235758422,-9.60323709137991,-1.214880434355725,R
ES.v.0,action_x_surprise,hike|medium,1200,6.0,-0.2651358868339062,-12.036275900528711,7.24782208476221,R
ES.v.0,action_x_surprise,hike|medium,1240,6.0,2.860799596225519,-12.098402946119204,5.802169031130941,R
ES.v.0,action_x_surprise,hike|medium,1415,6.0,1.4750168470053118,-19.854611019765958,7.694167137062253,R
ES.v.0,action_x_surprise,hike|medium,1615,6.0,-1.824768784271755,-7.119632557119847,1.922742823229973,R
ES.v.0,action_x_surprise,hike|medium,1800,6.0,3.7921701297851755,-1.4580886781899745,8.734011350489714,R
ES.v.0,action_x_surprise,hike|medium,1843,6.0,-3.531629647717109,-19.86406946642997,2.922278616037012,R
ES.v.0,action_x_surprise,hike|medium,2103,6.0,-18.892833752214305,-31.65617193273153,1.5421745169567185,R
ES.v.0,action_x_surprise,hike|medium,2399,6.0,4.693638047463279,-11.938919828794226,38.16761042879678,R
ES.v.0,action_x_surprise,hold|large,1,16.0,0.2659928182571417,-0.12353507986999093,7.802544562044076,R
ES.v.0,action_x_surprise,hold|large,2,16.0,2.13803133335602,-12.557725972704981,14.615202475392906,R
ES.v.0,action_x_surprise,hold|large,3,16.0,0.7208274864493254,-17.057767649201814,15.822208894510634,R
ES.v.0,action_x_surprise,hold|large,4,16.0,-0.18588906041928377,-18.079560956731758,14.063125111036786,R
ES.v.0,action_x_surprise,hold|large,5,16.0,-1.4979029470927623,-17.123650048236627,16.0256172648005,R
ES.v.0,action_x_surprise,hold|large,6,16.0,-3.660890448220848,-17.86502783012954,12.085717969739866,R
ES.v.0,action_x_surprise,hold|large,7,16.0,-6.2336070908694,-18.30327119038423,11.736666550003612,R
ES.v.0,action_x_surprise,hold|large,8,16.0,-13.502210004838037,-19.359790382468763,12.521572822069006,R
ES.v.0,action_x_surprise,hold|large,9,16.0,-15.11318267901937,-20.84891567687393,12.918591227371746,R
ES.v.0,action_x_surprise,hold|large,11,16.0,-16.16851594415398,-19.764131286849143,14.708768941904758,R
ES.v.0,action_x_surprise,hold|large,12,16.0,-14.855530356489869,-17.88808148121695,16.079864075258595,R
ES.v.0,action_x_surprise,hold|large,14,16.0,-7.238289422768986,-21.746144985237343,12.584063553192404,R
ES.v.0,action_x_surprise,hold|large,16,16.0,-4.6839916114938855,-17.447483555163224,11.78473073123531,R
ES.v.0,action_x_surprise,hold|large,18,16.0,-8.294441157865505,-21.36331529968693,13.726190882784609,R
ES.v.0,action_x_surprise,hold|large,21,16.0,-7.2246929019025385,-20.62549386052486,15.666558368172431,R
ES.v.0,action_x_surprise,hold|large,24,16.0,-7.624600708286316,-18.35507991367703,19.70463902298637,R
ES.v.0,action_x_surprise,hold|large,27,16.0,-8.159053845236858,-18.956383070538905,18.257901572175747,R
ES.v.0,action_x_surprise,hold|large,30,16.0,-6.915673763711531,-16.157105555803895,18.111756963767483,R
ES.v.0,action_x_surprise,hold|large,31,16.0,-8.098960074860031,-16.482011144501637,21.166032432182064,R
ES.v.0,action_x_surprise,hold|large,35,16.0,-5.738442186071154,-21.215695315277504,21.69795811783451,R
ES.v.0,action_x_surprise,hold|large,40,16.0,-4.698915397508295,-25.366697241543676,20.817517898601867,R
ES.v.0,action_x_surprise,hold|large,46,16.0,-3.299439215082645,-21.739764090602176,18.012958981044253,R
ES.v.0,action_x_surprise,hold|large,52,16.0,-5.138346169988667,-22.93908390906343,18.344669146457267,R
ES.v.0,action_x_surprise,hold|large,60,16.0,0.4276794117741151,-27.47259138686114,19.53846144928484,R
ES.v.0,action_x_surprise,hold|large,68,16.0,-0.5708726910008182,-30.00644393461721,17.663662531326136,R
ES.v.0,action_x_surprise,hold|large,78,16.0,-4.767396502325089,-37.1904357008576,26.869431170445306,R
ES.v.0,action_x_surprise,hold|large,89,16.0,-12.867919874248079,-35.25162241525874,24.620094241549236,R
ES.v.0,action_x_surprise,hold|large,101,16.0,-10.222370578683307,-34.70766253340043,23.437428296869033,R
ES.v.0,action_x_surprise,hold|large,115,16.0,-1.9262913988393198,-29.708574025875144,28.603195646578015,R
ES.v.0,action_x_surprise,hold|large,132,16.0,1.2112589049198323,-29.561403707193996,25.354928052023503,R
ES.v.0,action_x_surprise,hold|large,150,16.0,1.2333045988833868,-35.38614546123838,25.420081777915637,R
ES.v.0,action_x_surprise,hold|large,171,16.0,-10.19215351073174,-31.45084541210806,33.70789168845926,R
ES.v.0,action_x_surprise,hold|large,196,16.0,4.03009772383075,-36.0271660077321,32.25509206515412,R
ES.v.0,action_x_surprise,hold|large,223,16.0,-2.481731793825244,-35.192817966281694,29.281801982061467,R
ES.v.0,action_x_surprise,hold|large,255,16.0,-1.8940541742336539,-38.28892964747753,26.19565989582018,R
ES.v.0,action_x_surprise,hold|large,291,16.0,2.6165592193797886,-42.185489869856085,33.27657368338778,R
ES.v.0,action_x_surprise,hold|large,300,16.0,2.7194728903647185,-44.8892675446297,33.72458897684212,R
ES.v.0,action_x_surprise,hold|large,332,16.0,3.027479467296006,-44.28154721698046,36.313964962675044,R
ES.v.0,action_x_surprise,hold|large,378,16.0,-0.8799444196120438,-39.28110878040854,40.42433717798562,R
ES.v.0,action_x_surprise,hold|large,432,16.0,0.6188565508431836,-33.39987108116802,35.51085127643498,R
ES.v.0,action_x_surprise,hold|large,493,16.0,-2.5843913077545144,-28.278857761882442,35.10649501151036,R
ES.v.0,action_x_surprise,hold|large,562,16.0,-4.28917849383088,-30.594078886160727,38.217218241665,R
ES.v.0,action_x_surprise,hold|large,600,16.0,-9.11223306687904,-29.28547522134781,37.89091624615624,R
ES.v.0,action_x_surprise,hold|large,641,16.0,1.6437439002051184,-27.282715852110094,36.59046279793117,R
ES.v.0,action_x_surprise,hold|large,732,16.0,1.0651207984000206,-29.64514514182961,34.181736897602505,R
ES.v.0,action_x_surprise,hold|large,835,16.0,3.719882350456797,-28.652975464068618,23.35086683104933,R
ES.v.0,action_x_surprise,hold|large,953,16.0,0.4376895013042641,-34.57305336338988,29.516385778863437,R
ES.v.0,action_x_surprise,hold|large,1087,16.0,6.30028252164123,-30.37953010104086,27.986479126372842,R
ES.v.0,action_x_surprise,hold|large,1200,16.0,1.9671255190743646,-32.621769207846945,24.516415260796975,R
ES.v.0,action_x_surprise,hold|large,1240,16.0,-5.553522525220528,-31.80956590185086,21.28802938108457,R
ES.v.0,action_x_surprise,hold|large,1415,16.0,-4.559671824271035,-40.06202817458525,23.382244834825265,R
ES.v.0,action_x_surprise,hold|large,1615,16.0,-0.4879769922220589,-32.589450733517275,16.39381582468225,R
ES.v.0,action_x_surprise,hold|large,1800,16.0,-13.785473516757946,-29.131631365950664,15.729740806674217,R
ES.v.0,action_x_surprise,hold|large,1843,16.0,-12.528481492036594,-33.306025960208444,18.197301231628053,R
ES.v.0,action_x_surprise,hold|large,2103,16.0,-2.4660054278017185,-30.32023270174459,27.6875075881071,R
ES.v.0,action_x_surprise,hold|large,2399,16.0,8.782174235235757,-28.48795264734583,43.494861691805795,R
ES.v.0,action_x_surprise,hold|medium,1,21.0,0.0,-0.8902341321648177,0.6006547138180753,R
ES.v.0,action_x_surprise,hold|medium,2,21.0,0.0,-1.4281123948721004,2.4024024139577325,R
ES.v.0,action_x_surprise,hold|medium,3,21.0,0.0,-2.6269127359310427,0.8836264033313824,R
ES.v.0,action_x_surprise,hold|medium,4,21.0,0.0,-0.9927036291464436,0.8836264033313824,R
ES.v.0,action_x_surprise,hold|medium,5,21.0,0.0,-1.313370109584242,0.8836264033313824,R
ES.v.0,action_x_surprise,hold|medium,6,21.0,0.5791226293783017,-2.201309788208181,1.2710517970720308,R
ES.v.0,action_x_surprise,hold|medium,7,21.0,0.0,-2.9686804433549434,2.9826707054428674,R
ES.v.0,action_x_surprise,hold|medium,8,21.0,0.0,-4.0166604628287335,1.1931750401935846,R
ES.v.0,action_x_surprise,hold|medium,9,21.0,0.0,-4.59755024354056,0.8836264033313824,R
ES.v.0,action_x_surprise,hold|medium,11,21.0,0.0,-4.500652670596838,5.930193328653614,R
ES.v.0,action_x_surprise,hold|medium,12,21.0,0.0,-4.59755024354056,7.623888552247825,R
ES.v.0,action_x_surprise,hold|medium,14,21.0,0.0,-5.763537923817644,4.962040492820449,R
ES.v.0,action_x_surprise,hold|medium,16,21.0,-1.071065175340043,-6.811810895058274,6.777076797994557,R
ES.v.0,action_x_surprise,hold|medium,18,21.0,-1.19331742385027,-6.372563434379721,7.623888552247825,R
ES.v.0,action_x_surprise,hold|medium,21,21.0,0.5852916217165919,-3.5614121375407057,8.59930597063245,R
ES.v.0,action_x_surprise,hold|medium,24,21.0,-0.5966409118442197,-4.451963389354056,9.188764101508085,R
ES.v.0,action_x_surprise,hold|medium,27,21.0,0.5966053159313486,-3.5614121375407057,10.500755706642668,R
ES.v.0,action_x_surprise,hold|medium,30,21.0,0.35699623372810785,-3.0038148674392278,11.156686965282512,R
ES.v.0,action_x_surprise,hold|medium,31,21.0,2.1000682599360028,-5.2691667153957775,10.500755706642668,R
ES.v.0,action_x_surprise,hold|medium,35,21.0,2.1000682599360028,-4.71537482868021,6.564264381699699,R
ES.v.0,action_x_surprise,hold|medium,40,21.0,3.5790981054932245,-6.112950037970564,6.564264381699699,R
ES.v.0,action_x_surprise,hold|medium,46,21.0,3.9390756811864645,-7.161259639699705,8.008542873309064,R
ES.v.0,action_x_surprise,hold|medium,52,21.0,3.8025705835025816,-7.685455654182327,8.349237126241777,R
ES.v.0,action_x_surprise,hold|medium,60,21.0,5.339741149435801,-7.161259639699705,11.114687154342665,R
ES.v.0,action_x_surprise,hold|medium,68,21.0,4.449982273504856,-8.384426420015604,13.453047974071222,R
ES.v.0,action_x_surprise,hold|medium,78,21.0,3.5790981054932245,-2.7001485245727554,15.74700148242287,R
ES.v.0,action_x_surprise,hold|medium,89,21.0,1.694699830349446,-5.401026326272185,14.128661452237633,R
ES.v.0,action_x_surprise,hold|medium,101,21.0,2.670226985157953,-4.0166604628287335,15.89334138799587,R
ES.v.0,action_x_surprise,hold|medium,115,21.0,1.0500892585516048,-5.938242454784341,14.128661452237633,R
ES.v.0,action_x_surprise,hold|medium,132,21.0,1.694699830349446,-2.475108298622812,15.74700148242287,R
ES.v.0,action_x_surprise,hold|medium,150,21.0,-1.0317894333277031,-5.793071648513909,3.301056368004881,R
ES.v.0,action_x_surprise,hold|medium,171,21.0,0.8473858152686172,-7.224762671184368,4.962040492820449,R
ES.v.0,action_x_surprise,hold|medium,196,21.0,0.0,-6.428112499039638,3.8025705835025816,R
ES.v.0,action_x_surprise,hold|medium,223,21.0,0.0,-6.811778447123142,8.832752418094424,R
ES.v.0,action_x_surprise,hold|medium,255,21.0,-4.106372969923942,-6.9520888032646395,10.91324082716395,R
ES.v.0,action_x_surprise,hold|medium,291,21.0,-1.313370109584242,-6.605383627627301,8.929900876194885,R
ES.v.0,action_x_surprise,hold|medium,300,21.0,-2.201309788208181,-9.27052618686,13.54956382933886,R
ES.v.0,action_x_surprise,hold|medium,332,21.0,-1.6545608006112502,-9.796937014442536,10.495933789596977,R
ES.v.0,action_x_surprise,hold|medium,378,21.0,-0.8902341321648177,-8.356213927802381,9.446836012722283,R
ES.v.0,action_x_surprise,hold|medium,432,21.0,2.6506450058011106,-8.463817686811865,14.395802299844807,R
ES.v.0,action_x_surprise,hold|medium,493,21.0,2.924338389285096,-4.334231206205541,16.205027103541983,R
ES.v.0,action_x_surprise,hold|medium,562,21.0,5.5011553813349074,-11.355543240899319,14.395802299844807,R
ES.v.0,action_x_surprise,hold|medium,600,21.0,4.300577336077451,-8.8768701445326,12.703253740817383,R
ES.v.0,action_x_surprise,hold|medium,641,21.0,7.119021435256729,-7.586643274399709,11.010418661231816,R
ES.v.0,action_x_surprise,hold|medium,732,21.0,5.339741149435801,-4.634188810271204,15.395615291462112,R
ES.v.0,action_x_surprise,hold|medium,835,21.0,4.962040492820449,-6.1923340885147375,17.59305528272528,R
ES.v.0,action_x_surprise,hold|medium,953,21.0,4.562911216472654,-7.586643274399709,18.69159422703572,R
ES.v.0,action_x_surprise,hold|medium,1087,21.0,5.323194042050214,-6.187572017444782,20.888310145584644,R
ES.v.0,action_x_surprise,hold|medium,1200,21.0,0.0,-5.303398718902844,20.82731444218161,R
ES.v.0,action_x_surprise,hold|medium,1240,21.0,5.964452043692161,-7.0718234991417015,24.552800829767584,R
ES.v.0,action_x_surprise,hold|medium,1415,21.0,4.562911216472654,-10.116129894962729,24.294320139686207,R
ES.v.0,action_x_surprise,hold|medium,1615,21.0,2.3202477414743963,-11.579229939002442,16.20276958838896,R
ES.v.0,action_x_surprise,hold|medium,1800,21.0,4.562911216472654,-18.87485486698626,12.591062010589376,R
ES.v.0,action_x_surprise,hold|medium,1843,21.0,6.202975329556434,-21.674162056741633,19.10520804549362,R
ES.v.0,action_x_surprise,hold|medium,2103,21.0,3.042172134348668,-15.881039936333535,12.165016348700423,R
ES.v.0,action_x_surprise,hold|medium,2399,21.0,2.1000682599360028,-16.775888600163192,17.359106314931235,R
ES.v.0,action_x_surprise,hold|small,1,8.0,0.13538944775428802,-0.0555142282989652,1.084255672225862,R
ES.v.0,action_x_surprise,hold|small,2,8.0,0.42741740184695975,-0.22206430997001897,1.1729957604818313,R
ES.v.0,action_x_surprise,hold|small,3,8.0,0.7550505364857707,-0.6093350154063595,2.324433009012496,R
ES.v.0,action_x_surprise,hold|small,4,8.0,0.4853897683644866,-2.094896341201909,2.4936606541051285,R
ES.v.0,action_x_surprise,hold|small,5,8.0,0.8260494316586832,-3.9945076115687073,1.1721541061764609,R
ES.v.0,action_x_surprise,hold|small,6,8.0,0.129416537401205,-5.25631627972513,2.957729324897475,R
ES.v.0,action_x_surprise,hold|small,7,8.0,-0.5780326096775259,-5.338374916532849,2.674696799579776,R
ES.v.0,action_x_surprise,hold|small,8,8.0,0.15229700190604284,-2.814656757479267,3.2326991846638515,R
ES.v.0,action_x_surprise,hold|small,9,8.0,-0.04857958230240106,-4.589327682679375,3.063465811778184,R
ES.v.0,action_x_surprise,hold|small,11,8.0,-0.40459083240818655,-6.636043450155228,2.6067697115900885,R
ES.v.0,action_x_surprise,hold|small,12,8.0,-0.7119718071192483,-6.945290575390091,2.149289060009373,R
ES.v.0,action_x_surprise,hold|small,14,8.0,-0.17798344755838996,-5.681077155432824,1.5574568962918964,R
ES.v.0,action_x_surprise,hold|small,16,8.0,0.8881389072594619,-1.9775465688984646,3.960822473175897,R
ES.v.0,action_x_surprise,hold|small,18,8.0,2.4049491512577483,-0.4834491729570959,5.783169564003666,R
ES.v.0,action_x_surprise,hold|small,21,8.0,2.778148373610147,-0.6973102204362512,4.251864373349754,R
ES.v.0,action_x_surprise,hold|small,24,8.0,1.8008120711190343,0.7280846525467299,3.4907246934675236,R
ES.v.0,action_x_surprise,hold|small,27,8.0,3.8426780994358714,0.6434149490519769,6.955319786690082,R
ES.v.0,action_x_surprise,hold|small,30,8.0,6.245403334047392,1.4560986309877972,9.444607370953733,R
ES.v.0,action_x_surprise,hold|small,31,8.0,6.692331641595068,1.2867563563176927,8.162232124238805,R
ES.v.0,action_x_surprise,hold|small,35,8.0,5.561158555225385,0.9480373909245742,6.448714801181599,R
ES.v.0,action_x_surprise,hold|small,40,8.0,3.5651003384786035,0.6935656612492069,7.032472187536039,R
ES.v.0,action_x_surprise,hold|small,46,8.0,5.725731125326356,-1.0894562173284907,8.973898476050405,R
ES.v.0,action_x_surprise,hold|small,52,8.0,7.616928156896661,0.6162863535077308,10.30634310661689,R
ES.v.0,action_x_surprise,hold|small,60,8.0,8.421625862209574,1.3441590248858786,14.570945793272088,R
ES.v.0,action_x_surprise,hold|small,68,8.0,4.577309829307831,-0.09665496199534163,12.008959944681795,R
ES.v.0,action_x_surprise,hold|small,78,8.0,5.55642985746176,2.9119146204171513,11.921710370301454,R
ES.v.0,action_x_surprise,hold|small,89,8.0,4.928203661138183,2.825204594143408,13.104010966186038,R
ES.v.0,action_x_surprise,hold|small,101,8.0,5.90833581013864,2.611501982567189,11.366618639470492,R
ES.v.0,action_x_surprise,hold|small,115,8.0,3.3322636220086603,-2.2090258903013673,13.249009321088778,R
ES.v.0,action_x_surprise,hold|small,132,8.0,9.253496745046348,4.62373762710007,14.69425320123471,R
ES.v.0,action_x_surprise,hold|small,150,8.0,11.814444178920873,8.748748306380492,14.06693573352843,R
ES.v.0,action_x_surprise,hold|small,171,8.0,10.10756495870432,6.463861758469927,11.355687551693336,R
ES.v.0,action_x_surprise,hold|small,196,8.0,8.666419152959692,5.740806770363612,12.287086322369245,R
ES.v.0,action_x_surprise,hold|small,223,8.0,10.389087750637163,6.356582942273876,16.063391461094675,R
ES.v.0,action_x_surprise,hold|small,255,8.0,14.09111686118812,7.432075729762452,23.83881121255972,R
ES.v.0,action_x_surprise,hold|small,291,8.0,14.731120428071861,6.859359412321663,30.722784519992825,R
ES.v.0,action_x_surprise,hold|small,300,8.0,14.233005309929831,5.532962201827555,29.351779908478882,R
ES.v.0,action_x_surprise,hold|small,332,8.0,9.822891763455784,4.151199318035677,28.07469151858143,R
ES.v.0,action_x_surprise,hold|small,378,8.0,8.976199634075906,1.3395647977404366,20.84373127275667,R
ES.v.0,action_x_surprise,hold|small,432,8.0,8.25812979306832,-2.4416787312485297,20.481667094294966,R
ES.v.0,action_x_surprise,hold|small,493,8.0,5.411448454595922,-0.9157376869252509,17.494469330764744,R
ES.v.0,action_x_surprise,hold|small,562,8.0,6.2651904659200035,-1.3047801045607903,19.195728275389154,R
ES.v.0,action_x_surprise,hold|small,600,8.0,5.812658176428503,-3.0499173527532166,20.751813243624177,R
ES.v.0,action_x_surprise,hold|small,641,8.0,8.57488559549751,-2.126530868323313,22.623055009541446,R
ES.v.0,action_x_surprise,hold|small,732,8.0,10.94886123271274,-4.237001895475132,20.140473864309918,R
ES.v.0,action_x_surprise,hold|small,835,8.0,12.08038629688759,-1.9821116915798485,21.653383333144962,R
ES.v.0,action_x_surprise,hold|small,953,8.0,12.34852390890881,-0.5003470139112105,26.816841288329652,R
ES.v.0,action_x_surprise,hold|small,1087,8.0,11.974629109112858,-3.0470289305208063,28.098809671338408,R
ES.v.0,action_x_surprise,hold|small,1200,8.0,12.390042900604794,-2.8049799379235005,26.901591099876683,R
ES.v.0,action_x_surprise,hold|small,1240,8.0,13.644686143263153,-5.3049596061540045,26.51732816273868,R
ES.v.0,action_x_surprise,hold|small,1415,8.0,13.132411728715045,-0.13800273233606575,23.770869684163745,R
ES.v.0,action_x_surprise,hold|small,1615,8.0,15.370698269220528,-1.424281220005148,28.92552244885713,R
ES.v.0,action_x_surprise,hold|small,1800,8.0,13.73540197467011,-3.2194663524790275,28.401019979631172,R
ES.v.0,action_x_surprise,hold|small,1843,8.0,15.371082533382525,-0.5268118965995696,29.474155929875927,R
ES.v.0,action_x_surprise,hold|small,2103,8.0,15.762293635337382,5.372661543631321,29.310969307677304,R
ES.v.0,action_x_surprise,hold|small,2399,8.0,16.113394942227036,11.670231372984839,25.725206374084784,R
ES.v.0,all,all,1,69.0,0.0,-0.8902341321648177,0.9707795367289732,R
ES.v.0,all,all,2,69.0,0.0,-3.316612111162059,2.7884064437945564,R
ES.v.0,all,all,3,69.0,-0.17460386748034307,-7.331378627499556,3.098181392319469,R
ES.v.0,all,all,4,69.0,-0.35700897881419363,-7.87747196406165,2.4163344324413294,R
ES.v.0,all,all,5,69.0,-0.833263895158127,-6.720225074979392,1.7762778145189237,R
ES.v.0,all,all,6,69.0,-0.8255252409030472,-9.028802491341459,2.2202979731090635,R
ES.v.0,all,all,7,69.0,-1.7375691451439421,-12.544242494371462,2.1625907921881184,R
ES.v.0,all,all,8,69.0,-1.0427202495288563,-14.065990149017242,2.7884064437945564,R
ES.v.0,all,all,9,69.0,-1.9971042055498667,-12.98354327575455,3.604058208510409,R
ES.v.0,all,all,11,69.0,-1.6222500643921753,-13.786640174165163,4.879080227548843,R
ES.v.0,all,all,12,69.0,-0.9985022474593632,-13.58157641853013,4.066065487145419,R
ES.v.0,all,all,14,69.0,-0.3559668951167799,-12.60163988059837,2.8995312627633862,R
ES.v.0,all,all,16,69.0,-1.313370109584242,-13.444969329625266,3.6421027475571397,R
ES.v.0,all,all,18,69.0,-2.9269720683132827,-13.198055202932741,4.539171060255695,R
ES.v.0,all,all,21,69.0,-2.2822366017660487,-13.903180506103316,5.945999688692241,R
ES.v.0,all,all,24,69.0,-0.9985022474593632,-11.705912822001677,8.434751674914962,R
ES.v.0,all,all,27,69.0,0.17849970994182984,-12.545979804223306,9.542115529296588,R
ES.v.0,all,all,30,69.0,0.35699623372810785,-13.80262468958458,11.156686965282512,R
ES.v.0,all,all,31,69.0,0.5130967958222863,-13.202114255534537,10.500755706642668,R
ES.v.0,all,all,35,69.0,0.7606298018427056,-9.372846999059613,8.057176544861752,R
ES.v.0,all,all,40,69.0,0.8553588235482302,-11.612958046846146,12.744585277017567,R
ES.v.0,all,all,46,69.0,1.7098401341127432,-10.834237246124554,9.846778959635314,R
ES.v.0,all,all,52,69.0,0.0,-13.508039336160348,12.235248959438628,R
ES.v.0,all,all,60,69.0,3.597553702309923,-13.273053506147663,13.197692319813438,R
ES.v.0,all,all,68,69.0,1.0500892585516048,-13.938093899418869,13.322788098274101,R
ES.v.0,all,all,78,69.0,2.670226985157953,-11.497161467887956,15.658880578583167,R
ES.v.0,all,all,89,69.0,1.780230544557081,-16.087453196328443,14.749043233547376,R
ES.v.0,all,all,101,69.0,1.802191469700065,-14.814455754925957,13.251417431233312,R
ES.v.0,all,all,115,69.0,0.6255799649636534,-14.48862733614244,14.45522145339203,R
ES.v.0,all,all,132,69.0,1.941464841317063,-14.05653401807069,15.58006067793053,R
ES.v.0,all,all,150,69.0,-0.6006907945938181,-11.988612255625256,14.866591743503669,R
ES.v.0,all,all,171,69.0,0.0,-15.988012398921066,10.554947596239401,R
ES.v.0,all,all,196,69.0,0.4127370659107895,-13.107819425144028,11.481057518319265,R
ES.v.0,all,all,223,69.0,1.3546005642299606,-10.989012094857182,15.375857243382786,R
ES.v.0,all,all,255,69.0,0.8836264033313824,-14.433783695892881,16.475976267155936,R
ES.v.0,all,all,291,69.0,0.0,-18.82226960640133,19.72840312869018,R
ES.v.0,all,all,300,69.0,-0.16267701292772543,-17.819757911877637,20.57767303813927,R
ES.v.0,all,all,332,69.0,0.6006547138180753,-15.771837402258448,18.12812987315253,R
ES.v.0,all,all,378,69.0,-0.8902341321648177,-15.055429500148524,18.78999016831702,R
ES.v.0,all,all,432,69.0,0.4127370659107895,-16.790297774659287,18.603540037027436,R
ES.v.0,all,all,493,69.0,2.924338389285096,-20.37386738475047,17.780040244070303,R
ES.v.0,all,all,562,69.0,2.6506450058011106,-22.668527211501594,20.029461777171722,R
ES.v.0,all,all,600,69.0,2.6506450058011106,-18.22581656518422,19.64553269042694,R
ES.v.0,all,all,641,69.0,4.300577336077451,-20.61671580026104,21.90936892965372,R
ES.v.0,all,all,732,69.0,3.390949766125476,-16.594071428655432,19.65476619746259,R
ES.v.0,all,all,835,69.0,1.194065495911444,-14.075390100740082,17.58539513042427,R
ES.v.0,all,all,953,69.0,2.108338486493773,-21.648613393335676,20.495893764382217,R
ES.v.0,all,all,1087,69.0,-1.0501995388772174,-20.320958491470773,20.888310145584644,R
ES.v.0,all,all,1200,69.0,-0.6894570528438748,-26.174122455530114,21.027900629737623,R
ES.v.0,all,all,1240,69.0,-0.6256191024401745,-24.6784700101113,22.675279242252003,R
ES.v.0,all,all,1415,69.0,-1.6066407853543674,-27.795399414632495,19.790012505820393,R
ES.v.0,all,all,1615,69.0,0.0,-26.459453562983562,16.90826639498926,R
ES.v.0,all,all,1800,69.0,0.0,-25.218766947857862,16.90826639498926,R
ES.v.0,all,all,1843,69.0,1.459625712856504,-29.776420726125853,17.506948331411593,R
ES.v.0,all,all,2103,69.0,1.1102106080930225,-25.993516260296172,17.359106314931235,R
ES.v.0,all,all,2399,69.0,2.1000682599360028,-31.282611538102564,20.121042557450227,R
ES.v.0,side,dovish,1,23.0,0.5970505703597079,-0.3228883748517227,2.774579111177729,R
ES.v.0,side,dovish,2,23.0,4.27606266671204,0.6489292676212757,15.006330248608753,R
ES.v.0,side,dovish,3,23.0,5.6705416886637465,0.9568063886211832,15.985537210438103,R
ES.v.0,side,dovish,4,23.0,5.776054290467094,0.7746053401286956,16.36468459078608,R
ES.v.0,side,dovish,5,23.0,8.653746269124241,0.47010154227890455,16.281663440066374,R
ES.v.0,side,dovish,6,23.0,11.231749589593713,1.1003035027875496,16.31132558970274,R
ES.v.0,side,dovish,7,23.0,10.368618579503755,1.1003035027875496,15.63735968558176,R
ES.v.0,side,dovish,8,23.0,8.190966992007846,0.6873156108825691,15.295160231920244,R
ES.v.0,side,dovish,9,23.0,11.114687154342665,1.2145193228851254,17.909765631386435,R
ES.v.0,side,dovish,11,23.0,14.037552752563267,4.978820997198955,18.596065767934803,R
ES.v.0,side,dovish,12,23.0,14.021777289106085,3.3456419194916607,19.055012329925162,R
ES.v.0,side,dovish,14,23.0,8.959393468691225,1.0691299461266996,20.3163506660271,R
ES.v.0,side,dovish,16,23.0,7.905763713212264,0.03706160741220976,19.439542246419286,R
ES.v.0,side,dovish,18,23.0,11.761965825985959,-0.7931525584264996,19.376681873372753,R
ES.v.0,side,dovish,21,23.0,11.445439639851072,2.437343246218861,19.619212813630668,R
ES.v.0,side,dovish,24,23.0,13.86832809092777,1.6555179632338501,20.563033671440586,R
ES.v.0,side,dovish,27,23.0,13.86832809092777,4.9754936316769784,22.175569650125453,R
ES.v.0,side,dovish,30,23.0,12.744585277017567,4.85928994758742,23.91675704127963,R
ES.v.0,side,dovish,31,23.0,14.991944639235665,4.0215487193719115,24.938727878299954,R
ES.v.0,side,dovish,35,23.0,15.278841780531714,5.747414452784546,26.07929575428284,R
ES.v.0,side,dovish,40,23.0,19.07578431471024,6.032709881517303,28.135231030055373,R
ES.v.0,side,dovish,46,23.0,14.433885014123597,7.300622950231087,25.514208433596245,R
ES.v.0,side,dovish,52,23.0,14.319384326776888,8.51135549195618,27.865510718292917,R
ES.v.0,side,dovish,60,23.0,16.312193842293038,10.61835733661287,30.567340825002013,R
ES.v.0,side,dovish,68,23.0,18.361098716512757,11.443665182812543,30.011369397033313,R
ES.v.0,side,dovish,78,23.0,25.802389186872254,10.506931899103105,30.20115471839079,R
ES.v.0,side,dovish,89,23.0,23.611213172873185,11.781730374077327,34.604481176468084,R
ES.v.0,side,dovish,101,23.0,20.99049639183812,11.336089357318224,35.6180785829299,R
ES.v.0,side,dovish,115,23.0,19.440645896590613,13.219489120703187,35.80611390698563,R
ES.v.0,side,dovish,132,23.0,20.541999796763275,15.01764106566128,34.59947207736175,R
ES.v.0,side,dovish,150,23.0,18.801013955843917,14.660906598447848,36.45198247323833,R
ES.v.0,side,dovish,171,23.0,18.712361462719823,2.834057521954955,38.780869420332465,R
ES.v.0,side,dovish,196,23.0,19.489589776848582,4.03009772383075,39.11801488224536,R
ES.v.0,side,dovish,223,23.0,25.22290698645412,7.56281951316698,40.08721286891158,R
ES.v.0,side,dovish,255,23.0,25.74480426494463,7.030697508917771,42.75982076213876,R
ES.v.0,side,dovish,291,23.0,26.92108704468026,7.850425623933835,45.98811017555303,R
ES.v.0,side,dovish,300,23.0,30.148424127663933,10.99215775212691,43.86235382639231,R
ES.v.0,side,dovish,332,23.0,31.13588528184153,10.663299758326666,53.00726835151934,R
ES.v.0,side,dovish,378,23.0,28.744255972984025,6.9156230212956835,52.49744158668362,R
ES.v.0,side,dovish,432,23.0,30.617075259591516,5.815694512212536,52.54540091544196,R
ES.v.0,side,dovish,493,23.0,25.628991859492828,7.910007692031569,42.70221963878387,R
ES.v.0,side,dovish,562,23.0,22.593922416596218,3.9559052442651645,40.5834567853411,R
ES.v.0,side,dovish,600,23.0,23.470327403901614,-1.3831111547874002,40.95326429982833,R
ES.v.0,side,dovish,641,23.0,28.72714496006722,8.232260892992825,40.499057643834334,R
ES.v.0,side,dovish,732,23.0,31.79234619263272,6.985734557073244,42.403425711149865,R
ES.v.0,side,dovish,835,23.0,18.801013955843917,4.408977024079634,40.93252880085602,R
ES.v.0,side,dovish,953,23.0,26.187818931950513,1.9044363453444344,39.586033501759175,R
ES.v.0,side,dovish,1087,23.0,20.888310145584644,6.248452185345785,33.83360319290797,R
ES.v.0,side,dovish,1200,23.0,23.959280703745797,1.967125519074365,35.31234589969131,R
ES.v.0,side,dovish,1240,23.0,24.552800829767584,-2.7538840733970913,33.878364371532015,R
ES.v.0,side,dovish,1415,23.0,19.790012505820393,-3.662012404615583,38.94342955058761,R
ES.v.0,side,dovish,1615,23.0,16.088064435287663,1.2867463816473395,43.164561590547876,R
ES.v.0,side,dovish,1800,23.0,17.598024018746244,6.536826832271148,54.45888427846717,R
ES.v.0,side,dovish,1843,23.0,17.506948331411593,0.9263348175725259,50.24119634051294,R
ES.v.0,side,dovish,2103,23.0,18.192658949537606,2.2056334880489517,57.4424831850165,R
ES.v.0,side,dovish,2399,23.0,26.888021810662533,4.022674888644031,41.21801745210434,R
ES.v.0,side,hawkish,1,46.0,0.0,-2.038860582862011,0.5220680086081038,R
ES.v.0,side,hawkish,2,46.0,-1.1816551691912434,-10.670267433532482,0.4979452875768588,R
ES.v.0,side,hawkish,3,46.0,-2.4221118802951915,-12.02721003741658,0.0,R
ES.v.0,side,hawkish,4,46.0,-2.8284012398002556,-15.90031348911491,0.0,R
ES.v.0,side,hawkish,5,46.0,-4.035466538166373,-15.127543022449196,0.0,R
ES.v.0,side,hawkish,6,46.0,-5.300638991387993,-18.17263894949542,0.0,R
ES.v.0,side,hawkish,7,46.0,-6.049488649864312,-18.709370301609106,-0.5404893343228728,R
ES.v.0,side,hawkish,8,46.0,-11.22354550201641,-18.7999655831779,-0.4261543106880402,R
ES.v.0,side,hawkish,9,46.0,-9.816023374077625,-17.407990034082406,-0.3594444851118322,R
ES.v.0,side,hawkish,11,46.0,-6.837235754528126,-15.784991783853695,-0.9772539538006756,R
ES.v.0,side,hawkish,12,46.0,-9.040677436312773,-16.890718134428596,-0.5419252997343034,R
ES.v.0,side,hawkish,14,46.0,-5.778304786165776,-20.994499357787404,1.1574035947830896,R
ES.v.0,side,hawkish,16,46.0,-6.8569131154634375,-15.832429310872513,0.2440095651956524,R
ES.v.0,side,hawkish,18,46.0,-8.93362689325194,-18.46934413170484,0.5813806344283703,R
ES.v.0,side,hawkish,21,46.0,-8.238994252019225,-15.700173825727349,0.4784590906818891,R
ES.v.0,side,hawkish,24,46.0,-7.324766389514234,-17.62732794281663,1.0123203338062563,R
ES.v.0,side,hawkish,27,46.0,-5.745248895268764,-16.732929200511705,2.1147087970268617,R
ES.v.0,side,hawkish,30,46.0,-5.919948848117792,-17.497006490510103,2.0330024593982206,R
ES.v.0,side,hawkish,31,46.0,-4.268022972910661,-18.505082768303264,2.060417405281268,R
ES.v.0,side,hawkish,35,46.0,-5.350632704305367,-20.065220285051975,2.762020094066151,R
ES.v.0,side,hawkish,40,46.0,-3.8901516917701766,-19.871606405587826,2.7539724199899247,R
ES.v.0,side,hawkish,46,46.0,-7.857116159461658,-19.164224500747665,3.4123375621329197,R
ES.v.0,side,hawkish,52,46.0,-8.19724373503383,-20.362614016128155,5.918961856964137,R
ES.v.0,side,hawkish,60,46.0,-7.090198699877815,-24.50123317665183,5.254002832889485,R
ES.v.0,side,hawkish,68,46.0,-9.040677436312773,-24.323867697865833,2.4465642636769047,R
ES.v.0,side,hawkish,78,46.0,-7.802845814536232,-29.679115527329884,3.3518803254094065,R
ES.v.0,side,hawkish,89,46.0,-6.368507458845117,-27.576587763674464,2.4081115944724787,R
ES.v.0,side,hawkish,101,46.0,-5.471669453824298,-28.630084265969128,2.0255990623770184,R
ES.v.0,side,hawkish,115,46.0,-7.640405920241211,-25.661959317521557,0.1842116184228927,R
ES.v.0,side,hawkish,132,46.0,-6.97779272836055,-23.617997338995046,2.4880364491977307,R
ES.v.0,side,hawkish,150,46.0,-8.3746481890276,-23.685725320250654,1.2384891450567892,R
ES.v.0,side,hawkish,171,46.0,-8.005036940874643,-22.9467295903481,2.431445945865108,R
ES.v.0,side,hawkish,196,46.0,-5.63361313486174,-27.009164203651242,3.1319992571619353,R
ES.v.0,side,hawkish,223,46.0,-7.055729978984845,-27.03073778541473,4.814356614874381,R
ES.v.0,side,hawkish,255,46.0,-6.812008659698778,-26.16814411912683,6.048158964539225,R
ES.v.0,side,hawkish,291,46.0,-4.153606793171036,-25.911759075403886,6.642425893406865,R
ES.v.0,side,hawkish,300,46.0,-5.687764107674881,-20.81382472280578,6.179977643536308,R
ES.v.0,side,hawkish,332,46.0,-5.706373744128873,-22.432092109600333,6.662998563569779,R
ES.v.0,side,hawkish,378,46.0,-7.310132798553083,-24.229284404359486,3.9251614547417857,R
ES.v.0,side,hawkish,432,46.0,-4.281018659940594,-23.110873385243664,4.932972031916538,R
ES.v.0,side,hawkish,493,46.0,0.0,-24.080683988635393,7.761468724577177,R
ES.v.0,side,hawkish,562,46.0,-3.143791202190741,-27.61383347456383,7.264400125538056,R
ES.v.0,side,hawkish,600,46.0,-2.592644817153127,-26.72354650435195,6.934239883047203,R
ES.v.0,side,hawkish,641,46.0,-0.09531827300309892,-26.341974372109043,8.109888139488646,R
ES.v.0,side,hawkish,732,46.0,-7.0031748294421945,-25.912236771908045,5.95150378398294,R
ES.v.0,side,hawkish,835,46.0,-6.4109482981565264,-28.95707681685939,6.615963658864213,R
ES.v.0,side,hawkish,953,46.0,-7.599945345998165,-38.591561103775575,5.587839844825936,R
ES.v.0,side,hawkish,1087,46.0,-6.173393969344557,-31.20616786414756,5.698246588509077,R
ES.v.0,side,hawkish,1200,46.0,-4.704200379686745,-29.77026823564682,4.790252828987415,R
ES.v.0,side,hawkish,1240,46.0,-4.0870462092285775,-27.026173540287832,5.93059544377518,R
ES.v.0,side,hawkish,1415,46.0,-7.267431969636924,-35.60803557931722,7.694167137062253,R
ES.v.0,side,hawkish,1615,46.0,-10.236343657614206,-36.326952209100725,2.2532431164075986,R
ES.v.0,side,hawkish,1800,46.0,-12.95847886805006,-38.357529560393004,4.988065530838252,R
ES.v.0,side,hawkish,1843,46.0,-15.483970482912373,-42.950486739928124,5.983030007679879,R
ES.v.0,side,hawkish,2103,46.0,-15.62761169256703,-42.912407678151006,7.097370476649059,R
ES.v.0,side,hawkish,2399,46.0,-3.9724645497815483,-45.875943681979,11.441545571698452,R
ES.v.0,surprise,large,1,31.0,0.33032189871961287,-1.9190577313015358,1.831903348366049,R
ES.v.0,surprise,large,2,31.0,-1.9821605614950786,-14.7045523781534,7.209596995146347,R
ES.v.0,surprise,large,3,31.0,-2.4068836989649447,-17.41891460689719,7.612820852595419,R
ES.v.0,surprise,large,4,31.0,-2.4068836989649447,-17.597445815282406,9.186842762287236,R
ES.v.0,surprise,large,5,31.0,-3.742240995178081,-16.361809377796995,8.348064248311523,R
ES.v.0,surprise,large,6,31.0,-5.417456844934198,-19.795680601268867,6.670282221732629,R
ES.v.0,surprise,large,7,31.0,-9.924464617867175,-19.682850183327346,5.975135705002694,R
ES.v.0,surprise,large,8,31.0,-12.027956075665134,-19.88117788272603,7.82206066386356,R
ES.v.0,surprise,large,9,31.0,-12.089127511885428,-20.352375305686664,9.019745846694065,R
ES.v.0,surprise,large,11,31.0,-13.786640174165163,-19.043639908112986,10.323662077180368,R
ES.v.0,surprise,large,12,31.0,-13.58157641853013,-19.186965878301894,10.428143389367227,R
ES.v.0,surprise,large,14,31.0,-9.618377498998186,-21.80945307090174,2.8439688532789713,R
ES.v.0,surprise,large,16,31.0,-10.750559781554152,-20.495026631451374,2.285828978030104,R
ES.v.0,surprise,large,18,31.0,-11.59978062194394,-22.31103370368254,3.7902035204657993,R
ES.v.0,surprise,large,21,31.0,-7.918811758546787,-20.84036711624703,6.988202829135361,R
ES.v.0,surprise,large,24,31.0,-10.19077211950934,-20.216684012662704,9.487190827812675,R
ES.v.0,surprise,large,27,31.0,-7.918811758546787,-19.085779518965655,10.88430938492249,R
ES.v.0,surprise,large,30,31.0,-7.485882951413617,-17.675390293578616,12.695404451802762,R
ES.v.0,surprise,large,31,31.0,-7.166680755486328,-18.775581366511094,14.723583046313848,R
ES.v.0,surprise,large,35,31.0,-7.6486817890329615,-23.885415563166013,16.071600076887886,R
ES.v.0,surprise,large,40,31.0,-8.269703037654415,-25.536263249115933,18.918116335257416,R
ES.v.0,surprise,large,46,31.0,-6.59887843016529,-23.731242783891034,16.32194442802836,R
ES.v.0,surprise,large,52,31.0,-5.998800419844219,-22.98934924801378,16.848315625482577,R
ES.v.0,surprise,large,60,31.0,-2.3216669673038504,-27.955364083127968,15.985537210438103,R
ES.v.0,surprise,large,68,31.0,-8.462715734698572,-30.48277416235044,13.877081575956614,R
ES.v.0,surprise,large,78,31.0,-10.090982448383182,-35.558876508719905,20.73063488272771,R
ES.v.0,surprise,large,89,31.0,-20.742331205705742,-35.54660364095886,20.521943264001695,R
ES.v.0,surprise,large,101,31.0,-17.098264003966747,-37.91416892634027,16.45309181434795,R
ES.v.0,surprise,large,115,31.0,-22.620075298326626,-32.22806675531712,21.435290109538926,R
ES.v.0,surprise,large,132,31.0,-14.544976284111844,-29.8223036308609,18.061030237346902,R
ES.v.0,surprise,large,150,31.0,-13.022530815496117,-32.0701451653655,19.58503002951678,R
ES.v.0,surprise,large,171,31.0,-15.988012398921066,-30.048809546600978,16.727383846131726,R
ES.v.0,surprise,large,196,31.0,-5.498030011126224,-39.70476786854631,20.73295995459759,R
ES.v.0,surprise,large,223,31.0,-7.501875820694066,-36.706667350697685,26.027241597664162,R
ES.v.0,surprise,large,255,31.0,-6.671928516132917,-38.77998942014153,26.646515526695733,R
ES.v.0,surprise,large,291,31.0,-1.9971042055498667,-54.50001070720718,29.260368779939533,R
ES.v.0,surprise,large,300,31.0,-2.9958058941855246,-53.33889736758083,30.874037321431373,R
ES.v.0,surprise,large,332,31.0,-4.1670139781237285,-48.23652771204401,32.67457300769346,R
ES.v.0,surprise,large,378,31.0,-7.166680755486328,-54.10683142566137,36.973034110580336,R
ES.v.0,surprise,large,432,31.0,-5.992509542623077,-59.87421412480329,35.64637705629869,R
ES.v.0,surprise,large,493,31.0,-6.634324578868271,-54.08078109721137,32.96735898709101,R
ES.v.0,surprise,large,562,31.0,-7.501875820694066,-56.99159414363038,25.55333509621191,R
ES.v.0,surprise,large,600,31.0,-10.989012094857182,-57.042141977303146,25.56475133583823,R
ES.v.0,surprise,large,641,31.0,-3.617072622025361,-54.42162085273359,27.79273090846172,R
ES.v.0,surprise,large,732,31.0,-7.942569533169059,-55.37134591130198,29.383791726285626,R
ES.v.0,surprise,large,835,31.0,-10.945793962811734,-55.94586910659382,18.153981143627753,R
ES.v.0,surprise,large,953,31.0,-14.103204594122467,-51.69933368928693,23.528988571270524,R
ES.v.0,surprise,large,1087,31.0,-18.25499407500077,-52.165629578873876,20.675884137270366,R
ES.v.0,surprise,large,1200,31.0,-15.988012398921066,-52.824990042852406,23.08743318871606,R
ES.v.0,surprise,large,1240,31.0,-17.988312450598023,-56.527685145979405,18.2161441293469,R
ES.v.0,surprise,large,1415,31.0,-22.408508007450315,-62.88880326108894,15.56594823502035,R
ES.v.0,surprise,large,1615,31.0,-18.634668647366453,-61.847922540833494,12.525565892914543,R
ES.v.0,surprise,large,1800,31.0,-23.08987992591448,-64.50686644343634,13.236761338418829,R
ES.v.0,surprise,large,1843,31.0,-23.688545062698843,-64.39359979462816,15.591958797977984,R
ES.v.0,surprise,large,2103,31.0,-16.96447601459999,-63.32149850098961,23.090352011309072,R
ES.v.0,surprise,large,2399,31.0,-17.191791849605362,-52.12886743901912,23.832179828746874,R
ES.v.0,surprise,medium,1,30.0,0.0,-0.7870158860401955,0.5220680086081038,R
ES.v.0,surprise,medium,2,30.0,-0.22255357981086557,-1.674782648361297,1.4827079698276133,R
ES.v.0,surprise,medium,3,30.0,-0.30985551355103713,-2.741628276862467,0.811871131481374,R
ES.v.0,surprise,medium,4,30.0,-0.26862299524465216,-3.9913015808496555,0.811871131481374,R
ES.v.0,surprise,medium,5,30.0,-0.29266294017554306,-2.826133628330804,0.9905320504568587,R
ES.v.0,surprise,medium,6,30.0,0.0,-3.358359141864053,1.2098306643453607,R
ES.v.0,surprise,medium,7,30.0,-0.595588240066089,-4.054357258547506,1.9397060434090965,R
ES.v.0,surprise,medium,8,30.0,-0.6105621962200085,-4.539448780629692,1.1514230966865262,R
ES.v.0,surprise,medium,9,30.0,-0.3879987099484652,-5.504311034784213,0.9905320504568587,R
ES.v.0,surprise,medium,11,30.0,-1.0642737754365335,-4.6008047753526125,1.5347089983735311,R
ES.v.0,surprise,medium,12,30.0,-0.5431298185363984,-4.452327798362603,1.8736366052181102,R
ES.v.0,surprise,medium,14,30.0,1.1216321493725947,-5.7856882173398425,4.745610905923782,R
ES.v.0,surprise,medium,16,30.0,0.2546842388096982,-7.078494241032389,3.467327340106865,R
ES.v.0,surprise,medium,18,30.0,-0.9249904584399511,-7.192746906464704,4.290697624872721,R
ES.v.0,surprise,medium,21,30.0,0.8428824131524169,-8.85871960773904,5.7303092995384555,R
ES.v.0,surprise,medium,24,30.0,1.3966710000823523,-5.959771618413831,8.828353073727817,R
ES.v.0,surprise,medium,27,30.0,2.351437123504158,-4.950956547974867,8.86823674446465,R
ES.v.0,surprise,medium,30,30.0,1.5448411324619786,-5.07360715972304,5.985722918609437,R
ES.v.0,surprise,medium,31,30.0,1.8532254786475395,-4.70282875340664,7.854442159291065,R
ES.v.0,surprise,medium,35,30.0,2.541369482689435,-4.596032747810547,6.958039733241516,R
ES.v.0,surprise,medium,40,30.0,2.5264194212773194,-3.5375039997044,6.298487131608502,R
ES.v.0,surprise,medium,46,30.0,3.7590868933398447,-3.0792217886811644,7.993864198087187,R
ES.v.0,surprise,medium,52,30.0,3.542620696964336,-7.107636042757076,8.57297815997281,R
ES.v.0,surprise,medium,60,30.0,5.16826451634317,-6.831891888059014,11.019378771855159,R
ES.v.0,surprise,medium,68,30.0,2.6368989679213355,-7.010728951289883,11.548853659768369,R
ES.v.0,surprise,medium,78,30.0,3.484105307051795,-2.5986434146733606,9.693716216692128,R
ES.v.0,surprise,medium,89,30.0,1.9218727716578439,-3.6418127601796666,13.820542962277056,R
ES.v.0,surprise,medium,101,30.0,2.528217357931054,-3.301972964250747,9.565161191749237,R
ES.v.0,surprise,medium,115,30.0,2.3051167409975735,-5.480275083569241,9.931952531361537,R
ES.v.0,surprise,medium,132,30.0,2.1824634077536995,-2.4530255403028742,9.898716969036979,R
ES.v.0,surprise,medium,150,30.0,-0.8162401139607607,-6.067679853061727,6.44990248478708,R
ES.v.0,surprise,medium,171,30.0,0.15060921428364857,-6.710307204349039,4.564723208009031,R
ES.v.0,surprise,medium,196,30.0,-0.30034539729690907,-6.263383438929042,3.527516191178385,R
ES.v.0,surprise,medium,223,30.0,-0.6749915636307626,-7.461822047613254,7.729513929674865,R
ES.v.0,surprise,medium,255,30.0,-2.593203565822849,-7.109553316728644,7.292636953365024,R
ES.v.0,surprise,medium,291,30.0,-0.8302457654915703,-6.446040629650127,8.329714156505089,R
ES.v.0,surprise,medium,300,30.0,-1.725448489890423,-8.923596969085864,7.890001290774864,R
ES.v.0,surprise,medium,332,30.0,-1.3486405250700533,-10.55445342347882,10.301369929659376,R
ES.v.0,surprise,medium,378,30.0,-1.5266463527044976,-8.24471119223373,9.33663567242482,R
ES.v.0,surprise,medium,432,30.0,-0.28998328161782705,-7.652444677569265,9.952168154191266,R
ES.v.0,surprise,medium,493,30.0,3.174112266734104,-3.384552966632118,15.3365010089603,R
ES.v.0,surprise,medium,562,30.0,3.629228132007017,-11.654836913472614,12.19206684217779,R
ES.v.0,surprise,medium,600,30.0,4.062270066389839,-8.346309897661861,9.798287031573567,R
ES.v.0,surprise,medium,641,30.0,6.370995142983503,-10.71261192184771,12.801791754706187,R
ES.v.0,surprise,medium,732,30.0,5.150890821128125,-6.085979739598232,13.622629637675495,R
ES.v.0,surprise,medium,835,30.0,4.706011383162653,-6.191143570747249,11.902321196804024,R
ES.v.0,surprise,medium,953,30.0,3.7887454107295855,-7.606596381797393,17.447319025442876,R
ES.v.0,surprise,medium,1087,30.0,-0.5550295495879708,-6.180482993394669,19.77224660144355,R
ES.v.0,surprise,medium,1200,30.0,0.10426550167697636,-5.260653152746452,19.612273753643365,R
ES.v.0,surprise,medium,1240,30.0,3.750914868504059,-6.330460866837262,20.77207056594199,R
ES.v.0,surprise,medium,1415,30.0,2.8065002375121293,-10.021459990953439,19.687572026084915,R
ES.v.0,surprise,medium,1615,30.0,1.5277426608072322,-7.175808264010387,16.174093300113636,R
ES.v.0,surprise,medium,1800,30.0,3.5087339202081096,-10.759660828842692,12.048066366178432,R
ES.v.0,surprise,medium,1843,30.0,2.7663712853391966,-18.63507552240067,13.914773882440826,R
ES.v.0,surprise,medium,2103,30.0,3.1716142511767744,-20.488357903791986,10.359401721876212,R
ES.v.0,surprise,medium,2399,30.0,2.084077126862764,-16.39050218537497,16.47081442259994,R
ES.v.0,surprise,small,1,8.0,0.13538944775428802,-0.0555142282989652,1.084255672225862,R
ES.v.0,surprise,small,2,8.0,0.42741740184695975,-0.22206430997001897,1.1729957604818313,R
ES.v.0,surprise,small,3,8.0,0.7550505364857707,-0.6093350154063595,2.324433009012496,R
ES.v.0,surprise,small,4,8.0,0.4853897683644866,-2.094896341201909,2.4936606541051285,R
ES.v.0,surprise,small,5,8.0,0.8260494316586832,-3.9945076115687073,1.1721541061764609,R
ES.v.0,surprise,small,6,8.0,0.129416537401205,-5.25631627972513,2.957729324897475,R
ES.v.0,surprise,small,7,8.0,-0.5780326096775259,-5.338374916532849,2.674696799579776,R
ES.v.0,surprise,small,8,8.0,0.15229700190604284,-2.814656757479267,3.2326991846638515,R
ES.v.0,surprise,small,9,8.0,-0.04857958230240106,-4.589327682679375,3.063465811778184,R
ES.v.0,surprise,small,11,8.0,-0.40459083240818655,-6.636043450155228,2.6067697115900885,R
ES.v.0,surprise,small,12,8.0,-0.7119718071192483,-6.945290575390091,2.149289060009373,R
ES.v.0,surprise,small,14,8.0,-0.17798344755838996,-5.681077155432824,1.5574568962918964,R
ES.v.0,surprise,small,16,8.0,0.8881389072594619,-1.9775465688984646,3.960822473175897,R
ES.v.0,surprise,small,18,8.0,2.4049491512577483,-0.4834491729570959,5.783169564003666,R
ES.v.0,surprise,small,21,8.0,2.778148373610147,-0.6973102204362512,4.251864373349754,R
ES.v.0,surprise,small,24,8.0,1.8008120711190343,0.7280846525467299,3.4907246934675236,R
ES.v.0,surprise,small,27,8.0,3.8426780994358714,0.6434149490519769,6.955319786690082,R
ES.v.0,surprise,small,30,8.0,6.245403334047392,1.4560986309877972,9.444607370953733,R
ES.v.0,surprise,small,31,8.0,6.692331641595068,1.2867563563176927,8.162232124238805,R
ES.v.0,surprise,small,35,8.0,5.561158555225385,0.9480373909245742,6.448714801181599,R
ES.v.0,surprise,small,40,8.0,3.5651003384786035,0.6935656612492069,7.032472187536039,R
ES.v.0,surprise,small,46,8.0,5.725731125326356,-1.0894562173284907,8.973898476050405,R
ES.v.0,surprise,small,52,8.0,7.616928156896661,0.6162863535077308,10.30634310661689,R
ES.v.0,surprise,small,60,8.0,8.421625862209574,1.3441590248858786,14.570945793272088,R
ES.v.0,surprise,small,68,8.0,4.577309829307831,-0.09665496199534163,12.008959944681795,R
ES.v.0,surprise,small,78,8.0,5.55642985746176,2.9119146204171513,11.921710370301454,R
ES.v.0,surprise,small,89,8.0,4.928203661138183,2.825204594143408,13.104010966186038,R
ES.v.0,surprise,small,101,8.0,5.90833581013864,2.611501982567189,11.366618639470492,R
ES.v.0,surprise,small,115,8.0,3.3322636220086603,-2.2090258903013673,13.249009321088778,R
ES.v.0,surprise,small,132,8.0,9.253496745046348,4.62373762710007,14.69425320123471,R
ES.v.0,surprise,small,150,8.0,11.814444178920873,8.748748306380492,14.06693573352843,R
ES.v.0,surprise,small,171,8.0,10.10756495870432,6.463861758469927,11.355687551693336,R
ES.v.0,surprise,small,196,8.0,8.666419152959692,5.740806770363612,12.287086322369245,R
ES.v.0,surprise,small,223,8.0,10.389087750637163,6.356582942273876,16.063391461094675,R
ES.v.0,surprise,small,255,8.0,14.09111686118812,7.432075729762452,23.83881121255972,R
ES.v.0,surprise,small,291,8.0,14.731120428071861,6.859359412321663,30.722784519992825,R
ES.v.0,surprise,small,300,8.0,14.233005309929831,5.532962201827555,29.351779908478882,R
ES.v.0,surprise,small,332,8.0,9.822891763455784,4.151199318035677,28.07469151858143,R
ES.v.0,surprise,small,378,8.0,8.976199634075906,1.3395647977404366,20.84373127275667,R
ES.v.0,surprise,small,432,8.0,8.25812979306832,-2.4416787312485297,20.481667094294966,R
ES.v.0,surprise,small,493,8.0,5.411448454595922,-0.9157376869252509,17.494469330764744,R
ES.v.0,surprise,small,562,8.0,6.2651904659200035,-1.3047801045607903,19.195728275389154,R
ES.v.0,surprise,small,600,8.0,5.812658176428503,-3.0499173527532166,20.751813243624177,R
ES.v.0,surprise,small,641,8.0,8.57488559549751,-2.126530868323313,22.623055009541446,R
ES.v.0,surprise,small,732,8.0,10.94886123271274,-4.237001895475132,20.140473864309918,R
ES.v.0,surprise,small,835,8.0,12.08038629688759,-1.9821116915798485,21.653383333144962,R
ES.v.0,surprise,small,953,8.0,12.34852390890881,-0.5003470139112105,26.816841288329652,R
ES.v.0,surprise,small,1087,8.0,11.974629109112858,-3.0470289305208063,28.098809671338408,R
ES.v.0,surprise,small,1200,8.0,12.390042900604794,-2.8049799379235005,26.901591099876683,R
ES.v.0,surprise,small,1240,8.0,13.644686143263153,-5.3049596061540045,26.51732816273868,R
ES.v.0,surprise,small,1415,8.0,13.132411728715045,-0.13800273233606575,23.770869684163745,R
ES.v.0,surprise,small,1615,8.0,15.370698269220528,-1.424281220005148,28.92552244885713,R
ES.v.0,surprise,small,1800,8.0,13.73540197467011,-3.2194663524790275,28.401019979631172,R
ES.v.0,surprise,small,1843,8.0,15.371082533382525,-0.5268118965995696,29.474155929875927,R
ES.v.0,surprise,small,2103,8.0,15.762293635337382,5.372661543631321,29.310969307677304,R
ES.v.0,surprise,small,2399,8.0,16.113394942227036,11.670231372984839,25.725206374084784,R
NQ.v.0,action,cut,1,7.0,-0.1180268274990762,-0.310658814996446,0.50436835324848,R
NQ.v.0,action,cut,2,7.0,-0.29506968072660195,-6.3948346035712955,1.2297499573766162,R
NQ.v.0,action,cut,3,7.0,-0.29506968072660195,-6.393018936122214,1.3408631440689684,R
NQ.v.0,action,cut,4,7.0,-0.29506968072660195,-6.007679182630376,1.8404630185350346,R
NQ.v.0,action,cut,5,7.0,-0.4759902581556216,-2.5691064192843696,0.7332644515611897,R
NQ.v.0,action,cut,6,7.0,-2.0214428505867037,-6.0808664190460995,1.5301264435821762,R
NQ.v.0,action,cut,7,7.0,-4.198838383086693,-12.712846619168186,0.8693922307672123,R
NQ.v.0,action,cut,8,7.0,-4.354384778690613,-12.398008327744996,1.7443198507416966,R
NQ.v.0,action,cut,9,7.0,-4.509933593801397,-11.215618245221718,1.3635252273771488,R
NQ.v.0,action,cut,11,7.0,-1.3994169119048554,-14.108446132310815,-0.7246444294173766,R
NQ.v.0,action,cut,12,7.0,-0.0590132396209431,-14.354860165041904,0.32844341984505193,R
NQ.v.0,action,cut,14,7.0,1.7615985838489814,-9.678843227684965,3.351300819914631,R
NQ.v.0,action,cut,16,7.0,-0.9047252855456137,-4.195525560292415,4.76072407707289,R
NQ.v.0,action,cut,18,7.0,-4.485999036367647,-9.193314955556591,4.7712695472841755,R
NQ.v.0,action,cut,21,7.0,-3.694262851870666,-8.770734125417533,4.7326228818251845,R
NQ.v.0,action,cut,24,7.0,4.041660244663705,-5.7522854705892765,8.486668814726759,R
NQ.v.0,action,cut,27,7.0,4.818715361575626,-7.420851550537236,6.7917234835005145,R
NQ.v.0,action,cut,30,7.0,1.8655846329935666,-13.051770625353544,5.854420706426616,R
NQ.v.0,action,cut,31,7.0,-0.15548109738835342,-12.578379618421213,6.659368806608821,R
NQ.v.0,action,cut,35,7.0,-1.2693577067056079,-10.07256389348267,4.998194713731737,R
NQ.v.0,action,cut,40,7.0,-4.126001804150324,-9.072350856163546,2.4534185021614943,R
NQ.v.0,action,cut,46,7.0,-0.17704076364073018,-7.5077993039586755,4.204489115551034,R
NQ.v.0,action,cut,52,7.0,-0.649164790709579,-13.054733745825194,8.185461740453848,R
NQ.v.0,action,cut,60,7.0,-2.360801266910622,-10.944246082257479,5.369360153142122,R
NQ.v.0,action,cut,68,7.0,-0.0590132396209431,-10.733131137981902,3.6323645559916975,R
NQ.v.0,action,cut,78,7.0,1.8092050497594812,-11.144548701457092,4.3198920822795746,R
NQ.v.0,action,cut,89,7.0,-0.5713959203888946,-14.53426580792579,2.068655403446031,R
NQ.v.0,action,cut,101,7.0,-1.523795014424625,-17.4528151790003,-0.531020276235628,R
NQ.v.0,action,cut,115,7.0,0.9441644741534155,-24.63205262967688,2.6349245989203807,R
NQ.v.0,action,cut,132,7.0,1.298203170618253,-26.563622604573553,5.720461099781831,R
NQ.v.0,action,cut,150,7.0,-1.3573926279007447,-20.20205097404,5.202120161345974,R
NQ.v.0,action,cut,171,7.0,-2.0656706273114964,-19.652413197511066,1.3774705249843375,R
NQ.v.0,action,cut,196,7.0,-9.050938342658212,-24.634709728017945,-1.2207166850559579,R
NQ.v.0,action,cut,223,7.0,-5.000821667760467,-20.552542438856424,0.0886550661336587,R
NQ.v.0,action,cut,255,7.0,-5.2866584549745905,-23.225594478692116,-1.6547935499624207,R
NQ.v.0,action,cut,291,7.0,-4.143360324451296,-25.336448404301045,1.7866970466924097,R
NQ.v.0,action,cut,300,7.0,-5.000821667760467,-20.646016149201785,2.6009488394504547,R
NQ.v.0,action,cut,332,7.0,-6.824692955328756,-20.8994253840358,2.609985055562055,R
NQ.v.0,action,cut,378,7.0,-5.334298713852058,-18.407650034661017,0.8305758976482602,R
NQ.v.0,action,cut,432,7.0,-6.239506757481392,-10.71327009034933,1.6975648594128445,R
NQ.v.0,action,cut,493,7.0,1.858217974314607,-0.4692229787733283,3.4318469825913995,R
NQ.v.0,action,cut,562,7.0,-4.524445177803026,-7.810147975662717,5.7771270757358115,R
NQ.v.0,action,cut,600,7.0,-5.9382884499977795,-10.836070853022683,0.8690028456129255,R
NQ.v.0,action,cut,641,7.0,-7.22968747601138,-15.836339553368767,-0.8596085527670354,R
NQ.v.0,action,cut,732,7.0,-7.370410489136433,-23.107273806858377,1.8873055727486934,R
NQ.v.0,action,cut,835,7.0,-8.526713183066391,-39.4984805953038,3.3162258054632074,R
NQ.v.0,action,cut,953,7.0,-12.959664862605518,-52.3634923935503,0.8518240338298178,R
NQ.v.0,action,cut,1087,7.0,-8.311705083662542,-42.93667329915186,2.928435899188517,R
NQ.v.0,action,cut,1200,7.0,-7.997930373878871,-42.95761321927829,0.9083204792275841,R
NQ.v.0,action,cut,1240,7.0,-4.905544554275866,-50.020187869653945,-1.0444919642287513,R
NQ.v.0,action,cut,1415,7.0,-18.671797681413807,-40.03004400002351,-6.632978079168534,R
NQ.v.0,action,cut,1615,7.0,-17.67031382822545,-40.136375249116526,-2.650986619073193,R
NQ.v.0,action,cut,1800,7.0,-5.47342562318711,-38.31101240329943,-0.10141331439181012,R
NQ.v.0,action,cut,1843,7.0,-8.625489639213107,-37.27056878991375,1.9982284282833493,R
NQ.v.0,action,cut,2103,7.0,-2.351668519644773,-44.18650219379581,5.368650827983251,R
NQ.v.0,action,cut,2399,7.0,-63.058951084643915,-64.7159550308887,-24.220512295878905,R
NQ.v.0,action,hike,1,17.0,0.20745166377042898,-0.5688875405681878,2.160480499264826,R
NQ.v.0,action,hike,2,17.0,-1.6480573561260845,-10.811710966684748,1.4442759480945653,R
NQ.v.0,action,hike,3,17.0,-3.6738884199502455,-11.645223940728235,1.8886265852558821,R
NQ.v.0,action,hike,4,17.0,-3.241596190335534,-11.935441536238462,4.158225368036614,R
NQ.v.0,action,hike,5,17.0,-4.982801401838242,-10.811710966684748,2.4177832913561783,R
NQ.v.0,action,hike,6,17.0,-6.510286079715752,-15.82061136143772,1.1606089341233552,R
NQ.v.0,action,hike,7,17.0,-5.465139778381293,-31.695747612790672,1.3899184603538428,R
NQ.v.0,action,hike,8,17.0,-8.133464925945702,-25.26568976129759,3.7714866390036073,R
NQ.v.0,action,hike,9,17.0,-5.465139778381293,-19.58824095099467,4.738305419244337,R
NQ.v.0,action,hike,11,17.0,-2.330356113065804,-21.574981400212366,6.021585248419226,R
NQ.v.0,action,hike,12,17.0,0.43372657883278865,-20.02585824638017,4.469103828906266,R
NQ.v.0,action,hike,14,17.0,-6.703507560431066,-28.4122145016934,8.908348848684039,R
NQ.v.0,action,hike,16,17.0,-13.800260112245143,-28.37228542050753,1.450740121795842,R
NQ.v.0,action,hike,18,17.0,-14.144273928105914,-30.60111677594664,0.9753304999945414,R
NQ.v.0,action,hike,21,17.0,-8.423079735112482,-27.238112078380045,4.320494331751514,R
NQ.v.0,action,hike,24,17.0,-8.423079735112482,-35.538570034185796,2.3852634202844563,R
NQ.v.0,action,hike,27,17.0,-5.302373254348917,-41.903682986265736,13.819016298838815,R
NQ.v.0,action,hike,30,17.0,-7.563256686166021,-35.305017389450335,12.214216644143397,R
NQ.v.0,action,hike,31,17.0,-4.796708035570977,-27.95625349540005,13.659148542786632,R
NQ.v.0,action,hike,35,17.0,-0.6873324629833377,-33.337918566476446,13.021392087150854,R
NQ.v.0,action,hike,40,17.0,0.6505828140002127,-42.00711111147745,28.13233484423347,R
NQ.v.0,action,hike,46,17.0,-1.399553417512707,-33.942928051738924,16.666284730886595,R
NQ.v.0,action,hike,52,17.0,-3.181086558741565,-22.741639618106817,20.617290667334174,R
NQ.v.0,action,hike,60,17.0,-6.66023293012482,-30.739737233006974,19.36127312499177,R
NQ.v.0,action,hike,68,17.0,-10.83097765187504,-24.94743215565732,9.075176002622264,R
NQ.v.0,action,hike,78,17.0,-11.456650565082281,-27.690320657527906,6.615381948783322,R
NQ.v.0,action,hike,89,17.0,-8.251109210855413,-47.21484990444936,18.983850543755906,R
NQ.v.0,action,hike,101,17.0,-5.499982951198041,-66.11988492471765,11.054684012291784,R
NQ.v.0,action,hike,115,17.0,-10.407919201304225,-41.56428743637238,16.377521503354963,R
NQ.v.0,action,hike,132,17.0,-12.379218251555947,-25.777769587791582,15.655549074366558,R
NQ.v.0,action,hike,150,17.0,-12.723304273095538,-23.304024817702963,10.680544357837874,R
NQ.v.0,action,hike,171,17.0,-11.691081724998169,-28.880290722892028,4.8202109539265985,R
NQ.v.0,action,hike,196,17.0,-3.309332821435313,-50.68841192896567,4.119643167076876,R
NQ.v.0,action,hike,223,17.0,-1.7669405470483097,-46.02090429268086,15.169988010113402,R
NQ.v.0,action,hike,255,17.0,0.0,-56.66289991088427,13.401324079369969,R
NQ.v.0,action,hike,291,17.0,4.631226838035793,-83.8292173161131,17.60587678323798,R
NQ.v.0,action,hike,300,17.0,0.8507943115357933,-79.70352104635683,12.686892449911271,R
NQ.v.0,action,hike,332,17.0,-5.301758540729443,-80.15879350175777,18.59969056561512,R
NQ.v.0,action,hike,378,17.0,-5.151081325844075,-93.00352988620482,24.476104708579705,R
NQ.v.0,action,hike,432,17.0,-1.229052921729289,-81.1702402730923,20.364840869822412,R
NQ.v.0,action,hike,493,17.0,13.328838831560898,-74.3884664877443,32.185614194645424,R
NQ.v.0,action,hike,562,17.0,-9.552770320269259,-93.89026906824697,22.74636091358711,R
NQ.v.0,action,hike,600,17.0,-5.011701955919706,-84.08014859802793,28.424875999316335,R
NQ.v.0,action,hike,641,17.0,-5.011701955919706,-119.22304814595935,28.69520106522454,R
NQ.v.0,action,hike,732,17.0,-4.822535517823389,-84.08014859802793,28.162365315159494,R
NQ.v.0,action,hike,835,17.0,1.1343763305644277,-65.68488481589883,10.567245235708723,R
NQ.v.0,action,hike,953,17.0,-4.793223407196499,-79.82304024685008,16.29730491857665,R
NQ.v.0,action,hike,1087,17.0,-17.364506978736706,-65.33157369159332,16.523332803831618,R
NQ.v.0,action,hike,1200,17.0,-11.934858795130587,-62.395256618761096,21.913927194255017,R
NQ.v.0,action,hike,1240,17.0,-6.942184897531174,-77.33621389531149,21.625509520945457,R
NQ.v.0,action,hike,1415,17.0,-13.889192536408649,-74.84450361082325,28.69442427952739,R
NQ.v.0,action,hike,1615,17.0,-9.928338582687964,-67.86007460978406,19.85832309636403,R
NQ.v.0,action,hike,1800,17.0,-7.042164186788384,-91.3823226815371,10.397097984753067,R
NQ.v.0,action,hike,1843,17.0,-19.80977839450194,-83.5354239834221,4.257524032965676,R
NQ.v.0,action,hike,2103,17.0,-36.32451307669733,-101.7752595613755,4.607608055388809,R
NQ.v.0,action,hike,2399,17.0,-27.14530913212212,-67.87037943293446,30.394586359691957,R
NQ.v.0,action,hold,1,45.0,0.0,-0.4779772005781298,1.5860891665795172,R
NQ.v.0,action,hold,2,45.0,0.310956554211652,-3.145002093470258,6.02793620734935,R
NQ.v.0,action,hold,3,45.0,0.20039477771778966,-3.727518447781546,5.390025179926575,R
NQ.v.0,action,hold,4,45.0,-0.3669893114774775,-4.20829806061471,4.936240330590974,R
NQ.v.0,action,hold,5,45.0,0.0,-5.417007789083492,3.882182985845241,R
NQ.v.0,action,hold,6,45.0,0.0,-8.624796178479663,3.7604648122658944,R
NQ.v.0,action,hold,7,45.0,-0.9075818919758668,-11.558053620472634,6.225511952956269,R
NQ.v.0,action,hold,8,45.0,-0.4869616031740078,-13.709863839115025,4.681891569683431,R
NQ.v.0,action,hold,9,45.0,-0.5286110745247908,-14.785942609119294,6.242035106051845,R
NQ.v.0,action,hold,11,45.0,-1.6585982809338506,-14.787773125110515,8.04274185940574,R
NQ.v.0,action,hold,12,45.0,-1.8502610242432358,-14.83637465789185,8.321847930396764,R
NQ.v.0,action,hold,14,45.0,-0.5931080842374495,-12.105686927630552,4.803006209102989,R
NQ.v.0,action,hold,16,45.0,-0.4414022720319593,-14.32350194022656,7.166917815552237,R
NQ.v.0,action,hold,18,45.0,-0.8016192713569391,-12.735509684634467,10.713791563913452,R
NQ.v.0,action,hold,21,45.0,-0.20039879360607,-12.533502087398936,10.638849748223304,R
NQ.v.0,action,hold,24,45.0,0.20039477771778966,-13.3340464579978,11.109333923575743,R
NQ.v.0,action,hold,27,45.0,0.8015550171620238,-11.82700457728188,11.31255516433239,R
NQ.v.0,action,hold,30,45.0,1.2023084336387355,-10.133994786886174,13.833799018771584,R
NQ.v.0,action,hold,31,45.0,2.1141649127382864,-9.28910286214298,15.526419198845412,R
NQ.v.0,action,hold,35,45.0,2.2041217165164975,-11.453860421796852,9.31874405593201,R
NQ.v.0,action,hold,40,45.0,3.8068142433872763,-11.999841442075713,13.833799018771584,R
NQ.v.0,action,hold,46,45.0,5.284574450521098,-11.999841442075713,12.547490405765807,R
NQ.v.0,action,hold,52,45.0,3.5737685769598326,-11.466209274602294,12.547490405765807,R
NQ.v.0,action,hold,60,45.0,6.870751356846691,-14.134654920856498,15.028088335300716,R
NQ.v.0,action,hold,68,45.0,4.974144912349256,-13.694333257650166,15.436750053345797,R
NQ.v.0,action,hold,78,45.0,6.274302808842904,-9.628669057213388,17.975883282141982,R
NQ.v.0,action,hold,89,45.0,3.1710797792291237,-10.31704165462753,19.298815896498756,R
NQ.v.0,action,hold,101,45.0,3.6994953253360223,-10.545482005607356,20.313512080419297,R
NQ.v.0,action,hold,115,45.0,3.4199903951800956,-9.740031656166858,18.45474563671358,R
NQ.v.0,action,hold,132,45.0,5.2394731453077314,-6.664800769226744,17.39177646193502,R
NQ.v.0,action,hold,150,45.0,2.072167966046157,-10.312959543217138,19.471918505337918,R
NQ.v.0,action,hold,171,45.0,4.138216487774335,-11.06146569331173,17.433159941433367,R
NQ.v.0,action,hold,196,45.0,4.141512348338634,-9.254730488550432,19.08207291922665,R
NQ.v.0,action,hold,223,45.0,5.118675487595076,-8.457906403594386,22.932060299952948,R
NQ.v.0,action,hold,255,45.0,0.7303979454715437,-12.753673215932526,26.226819157046734,R
NQ.v.0,action,hold,291,45.0,3.5935505611542173,-16.40973413969203,30.50894546285354,R
NQ.v.0,action,hold,300,45.0,5.118675487595076,-17.12521796352513,29.85027613931675,R
NQ.v.0,action,hold,332,45.0,6.320883476172276,-12.46933811876432,29.191563428394378,R
NQ.v.0,action,hold,378,45.0,6.054291243380599,-11.791774041462252,31.18199029124561,R
NQ.v.0,action,hold,432,45.0,6.4957991410706954,-19.553732497346285,30.637470427604345,R
NQ.v.0,action,hold,493,45.0,3.6720570993781183,-19.7217427687875,26.266431611874594,R
NQ.v.0,action,hold,562,45.0,5.561485957072881,-21.68950621980466,25.601072856489715,R
NQ.v.0,action,hold,600,45.0,5.08128458085994,-18.501758986865074,32.09902907710374,R
NQ.v.0,action,hold,641,45.0,7.7882490390763,-20.77974228820458,32.733253449691084,R
NQ.v.0,action,hold,732,45.0,8.233108685931734,-12.689543725665487,32.23774605001237,R
NQ.v.0,action,hold,835,45.0,9.614422373056911,-17.31345192692315,31.028078238806806,R
NQ.v.0,action,hold,953,45.0,7.343369601329905,-16.941413861931437,33.58573203168415,R
NQ.v.0,action,hold,1087,45.0,8.919560246780222,-13.191920429126736,28.211653790729514,R
NQ.v.0,action,hold,1200,45.0,10.302334786091464,-14.517211097762077,26.76158180809657,R
NQ.v.0,action,hold,1240,45.0,13.418259556706921,-19.140746863915663,29.03833959862441,R
NQ.v.0,action,hold,1415,45.0,11.396662011926512,-15.501620284189503,25.485687874994362,R
NQ.v.0,action,hold,1615,45.0,7.65770114955106,-17.174372900607473,30.172804764593483,R
NQ.v.0,action,hold,1800,45.0,7.979026982080608,-18.119454680708344,24.20446828451514,R
NQ.v.0,action,hold,1843,45.0,12.014619230241776,-20.118923957433122,27.11078345262579,R
NQ.v.0,action,hold,2103,45.0,9.735914119410188,-14.97505793762195,34.26680880218416,R
NQ.v.0,action,hold,2399,45.0,14.111581135480922,-9.748871766834005,33.29873724148788,R
NQ.v.0,action_x_surprise,cut|large,1,4.0,-0.04902146525775911,-1.5273837694773775,0.2805962540301257,R
NQ.v.0,action_x_surprise,cut|large,2,4.0,-1.5605160378666694,-8.611398839369048,4.060187568997884,R
NQ.v.0,action_x_surprise,cut|large,3,4.0,-1.4045994979957261,-7.404509274063015,4.701569190571435,R
NQ.v.0,action_x_surprise,cut|large,4,4.0,-1.161246261151369,-9.519549534799431,5.45016727928522,R
NQ.v.0,action_x_surprise,cut|large,5,4.0,-0.6299091590168739,-5.12372256915127,3.4858884179446408,R
NQ.v.0,action_x_surprise,cut|large,6,4.0,-6.0808664190460995,-10.054303655839426,0.41638437879886325,R
NQ.v.0,action_x_surprise,cut|large,7,4.0,-12.712846619168186,-15.01110079424095,-4.341701269781586,R
NQ.v.0,action_x_surprise,cut|large,8,4.0,-12.398008327744996,-14.39391895803202,-3.756692051261565,R
NQ.v.0,action_x_surprise,cut|large,9,4.0,-11.215618245221718,-13.139724680120526,-2.9182616696302395,R
NQ.v.0,action_x_surprise,cut|large,11,4.0,-14.108446132310815,-15.564858543578358,-5.069652511366609,R
NQ.v.0,action_x_surprise,cut|large,12,4.0,-14.354860165041904,-16.44812377408764,-6.115460522246442,R
NQ.v.0,action_x_surprise,cut|large,14,4.0,-9.678843227684965,-17.82460849502038,1.9331513093683572,R
NQ.v.0,action_x_surprise,cut|large,16,4.0,-4.195525560292415,-9.640102861547444,1.871831914923848,R
NQ.v.0,action_x_surprise,cut|large,18,4.0,-9.193314955556591,-15.090312045947236,-2.035347346775218,R
NQ.v.0,action_x_surprise,cut|large,21,4.0,-5.8945900811418355,-8.972921505976284,-0.35853449327006137,R
NQ.v.0,action_x_surprise,cut|large,24,4.0,-5.7522854705892765,-10.079600855149867,0.17132309113785738,R
NQ.v.0,action_x_surprise,cut|large,27,4.0,-7.420851550537236,-8.668696013270516,-2.9513072436936802,R
NQ.v.0,action_x_surprise,cut|large,30,4.0,-13.051770625353544,-18.570945574754028,-4.114154339709677,R
NQ.v.0,action_x_surprise,cut|large,31,4.0,-12.578379618421213,-18.446101363415764,-3.7492782774984885,R
NQ.v.0,action_x_surprise,cut|large,35,4.0,-5.418130046671147,-11.81065343912067,1.5503940478057328,R
NQ.v.0,action_x_surprise,cut|large,40,4.0,-8.180360848253454,-12.545149818604184,-1.1594268722413057,R
NQ.v.0,action_x_surprise,cut|large,46,4.0,-4.22472816331778,-11.000804796908847,3.617844010971888,R
NQ.v.0,action_x_surprise,cut|large,52,4.0,-3.792309107042986,-16.07043066822686,8.853830863754961,R
NQ.v.0,action_x_surprise,cut|large,60,4.0,-3.7251335683804268,-16.685869065442066,6.949645874505027,R
NQ.v.0,action_x_surprise,cut|large,68,4.0,-8.300249334450433,-20.108382192135267,4.608971807629585,R
NQ.v.0,action_x_surprise,cut|large,78,4.0,-8.286715710857177,-23.028325021986923,4.419339644570117,R
NQ.v.0,action_x_surprise,cut|large,89,4.0,-11.262647726523143,-28.38821395620467,3.6489323602274744,R
NQ.v.0,action_x_surprise,cut|large,101,4.0,-17.4528151790003,-31.041944380629275,-3.89624054891786,R
NQ.v.0,action_x_surprise,cut|large,115,4.0,-24.63205262967688,-25.679809084167594,-18.053958391748846,R
NQ.v.0,action_x_surprise,cut|large,132,4.0,-26.563622604573553,-30.798592259930157,-17.9827171887653,R
NQ.v.0,action_x_surprise,cut|large,150,4.0,-20.20205097404,-24.96767174700644,-11.431178366685854,R
NQ.v.0,action_x_surprise,cut|large,171,4.0,-19.652413197511066,-28.442756962459804,-6.32570047344381,R
NQ.v.0,action_x_surprise,cut|large,196,4.0,-24.634709728017945,-28.755056686980915,-11.807437465455966,R
NQ.v.0,action_x_surprise,cut|large,223,4.0,-20.552542438856424,-28.558938798533507,-5.450731780102349,R
NQ.v.0,action_x_surprise,cut|large,255,4.0,-23.225594478692116,-31.230152140954946,-8.27955436279857,R
NQ.v.0,action_x_surprise,cut|large,291,4.0,-25.336448404301045,-26.681128343413583,-13.068083138853716,R
NQ.v.0,action_x_surprise,cut|large,300,4.0,-20.646016149201785,-27.16940053326243,-5.232031909050226,R
NQ.v.0,action_x_surprise,cut|large,332,4.0,-17.069053814079837,-29.892958791066906,-0.811797587689747,R
NQ.v.0,action_x_surprise,cut|large,378,4.0,-18.407650034661014,-36.982451254827325,-2.174131669459868,R
NQ.v.0,action_x_surprise,cut|large,432,4.0,-10.71327009034933,-28.7401328706402,-4.378123572105947,R
NQ.v.0,action_x_surprise,cut|large,493,4.0,1.0074881069618313,-14.600550706544926,2.9797566693264073,R
NQ.v.0,action_x_surprise,cut|large,562,4.0,-7.810147975662717,-25.79126450281983,-3.5185766831288126,R
NQ.v.0,action_x_surprise,cut|large,600,4.0,-10.836070853022683,-32.23094428878607,-6.306475479866199,R
NQ.v.0,action_x_surprise,cut|large,641,4.0,-15.836339553368768,-39.17997087685827,-7.452886945499023,R
NQ.v.0,action_x_surprise,cut|large,732,4.0,-23.107273806858377,-41.30381994218955,-13.62165486677845,R
NQ.v.0,action_x_surprise,cut|large,835,4.0,-39.4984805953038,-49.63934771447307,-27.036468802469457,R
NQ.v.0,action_x_surprise,cut|large,953,4.0,-52.3634923935503,-62.83791793277369,-36.605533650108306,R
NQ.v.0,action_x_surprise,cut|large,1087,4.0,-42.93667329915186,-57.68284547473895,-29.383969962627788,R
NQ.v.0,action_x_surprise,cut|large,1200,4.0,-42.95761321927829,-61.47963666346264,-26.585981274109763,R
NQ.v.0,action_x_surprise,cut|large,1240,4.0,-50.020187869653945,-66.50189225688733,-29.336243348958355,R
NQ.v.0,action_x_surprise,cut|large,1415,4.0,-40.03004400002351,-60.87202246706538,-20.67492156270042,R
NQ.v.0,action_x_surprise,cut|large,1615,4.0,-40.136375249116526,-62.6621066073736,-17.950284197349163,R
NQ.v.0,action_x_surprise,cut|large,1800,4.0,-38.311012403299436,-68.72778772140535,-13.958865885370159,R
NQ.v.0,action_x_surprise,cut|large,1843,4.0,-37.27056878991375,-74.72000994021852,-10.911403026468026,R
NQ.v.0,action_x_surprise,cut|large,2103,4.0,-44.18650219379581,-59.13813550716928,-27.855103234679646,R
NQ.v.0,action_x_surprise,cut|large,2399,4.0,-63.2826879374564,-72.02666262743026,-60.492591845733074,R
NQ.v.0,action_x_surprise,cut|medium,1,3.0,-0.1180268274990762,-0.29223868608233927,0.4885287177842008,R
NQ.v.0,action_x_surprise,cut|medium,2,3.0,-0.29506968072660195,-4.347255105939524,0.4476168168849125,R
NQ.v.0,action_x_surprise,cut|medium,3,3.0,-0.29506968072660195,-4.580676361321438,0.6380503865373172,R
NQ.v.0,action_x_surprise,cut|medium,4,3.0,-0.29506968072660195,-3.724851694364923,0.42381211069434854,R
NQ.v.0,action_x_surprise,cut|medium,5,3.0,-0.29506968072660195,-2.3247272297086075,0.7332644515611897,R
NQ.v.0,action_x_surprise,cut|medium,6,3.0,-0.17704076364073018,-1.0992418071137169,1.5301264435821762,R
NQ.v.0,action_x_surprise,cut|medium,7,3.0,-0.1180268274990762,-2.158432605292885,0.8693922307672123,R
NQ.v.0,action_x_surprise,cut|medium,8,3.0,-0.17704076364073018,-2.2657127711656715,1.7443198507416966,R
NQ.v.0,action_x_surprise,cut|medium,9,3.0,-0.17704076364073018,-2.3434871787210634,1.3635252273771488,R
NQ.v.0,action_x_surprise,cut|medium,11,3.0,-1.0952041971557125,-1.247310554530284,-0.7246444294173766,R
NQ.v.0,action_x_surprise,cut|medium,12,3.0,0.1904580516207297,0.0657224059998933,0.32844341984505193,R
NQ.v.0,action_x_surprise,cut|medium,14,3.0,3.127203450066922,2.4444010169579515,3.351300819914631,R
NQ.v.0,action_x_surprise,cut|medium,16,3.0,3.3041857252969566,1.1997302198756716,4.76072407707289,R
NQ.v.0,action_x_surprise,cut|medium,18,3.0,2.2376530445712843,-1.1241729958981814,4.7712695472841755,R
NQ.v.0,action_x_surprise,cut|medium,21,3.0,3.4199726735536893,-3.0132891334341863,4.7326228818251845,R
NQ.v.0,action_x_surprise,cut|medium,24,3.0,9.233039705967768,6.637349975315736,9.9543520206583,R
NQ.v.0,action_x_surprise,cut|medium,27,3.0,6.2534292657124615,5.536072313644044,6.7917234835005145,R
NQ.v.0,action_x_surprise,cut|medium,30,3.0,5.3097659640772115,3.5876752985353892,6.343681814721602,R
NQ.v.0,action_x_surprise,cut|medium,31,3.0,6.607280046875539,3.225899474743593,6.659368806608821,R
NQ.v.0,action_x_surprise,cut|medium,35,3.0,4.189050120407251,-3.1945876399607025,4.998194713731737,R
NQ.v.0,action_x_surprise,cut|medium,40,3.0,1.003171794010968,-2.453405012979771,2.4534185021614943,R
NQ.v.0,action_x_surprise,cut|medium,46,3.0,-0.17704076364073018,-2.49903962323991,3.2434168345093197,R
NQ.v.0,action_x_surprise,cut|medium,52,3.0,-0.649164790709579,-5.613695095519118,3.8875674064811774,R
NQ.v.0,action_x_surprise,cut|medium,60,3.0,-2.360801266910622,-5.457926773376435,1.2473731457308816,R
NQ.v.0,action_x_surprise,cut|medium,68,3.0,-0.0590132396209431,-1.662312027243977,2.802781540083261,R
NQ.v.0,action_x_surprise,cut|medium,78,3.0,1.8092050497594812,-0.2757981085755705,3.547062250014711,R
NQ.v.0,action_x_surprise,cut|medium,89,3.0,-0.5713959203888946,-2.4991777931764316,0.7248191948309222,R
NQ.v.0,action_x_surprise,cut|medium,101,3.0,-0.2360550480477951,-0.87992503123621,1.0479356834611262,R
NQ.v.0,action_x_surprise,cut|medium,115,3.0,3.6180828364376842,2.28112365529555,5.694528542971375,R
NQ.v.0,action_x_surprise,cut|medium,132,3.0,5.379044230718865,3.338623700668559,5.720461099781831,R
NQ.v.0,action_x_surprise,cut|medium,150,3.0,3.264544741596163,0.9535760568477092,5.202120161345974,R
NQ.v.0,action_x_surprise,cut|medium,171,3.0,-1.2439164726133451,-1.6547935499624207,1.3774705249843375,R
NQ.v.0,action_x_surprise,cut|medium,196,3.0,-2.596912050101801,-5.8239251963800065,-1.2207166850559579,R
NQ.v.0,action_x_surprise,cut|medium,223,3.0,-4.485999036367647,-4.743410352064057,0.0886550661336587,R
NQ.v.0,action_x_surprise,cut|medium,255,3.0,-2.0656706273114964,-3.6761645411430433,-1.6547935499624207,R
NQ.v.0,action_x_surprise,cut|medium,291,3.0,-1.7115253568851212,-2.927442840668209,1.7866970466924097,R
NQ.v.0,action_x_surprise,cut|medium,300,3.0,-1.947620810287526,-3.474221239023996,2.6009488394504547,R
NQ.v.0,action_x_surprise,cut|medium,332,3.0,-0.5311316942281398,-7.508283894734413,2.609985055562055,R
NQ.v.0,action_x_surprise,cut|medium,378,3.0,-0.8262170476881286,-3.0802578807700933,0.8305758976482602,R
NQ.v.0,action_x_surprise,cut|medium,432,3.0,0.6219002163115274,-2.808803270584932,1.6975648594128445,R
NQ.v.0,action_x_surprise,cut|medium,493,3.0,3.264544741596163,1.084670272220225,3.4318469825913995,R
NQ.v.0,action_x_surprise,cut|medium,562,3.0,5.595710101711434,0.5356324619542043,5.7771270757358115,R
NQ.v.0,action_x_surprise,cut|medium,600,3.0,5.3097659640772115,0.8690028456129255,6.851078677787434,R
NQ.v.0,action_x_surprise,cut|medium,641,3.0,4.425000735953998,-0.8596085527670354,10.446151444062416,R
NQ.v.0,action_x_surprise,cut|medium,732,3.0,5.250784050881369,1.8873055727486934,12.255864565788215,R
NQ.v.0,action_x_surprise,cut|medium,835,3.0,2.714232626397008,-2.9062402783346917,11.142767153425783,R
NQ.v.0,action_x_surprise,cut|medium,953,3.0,5.3097659640772115,-3.824949449264153,19.263615501981448,R
NQ.v.0,action_x_surprise,cut|medium,1087,3.0,9.142844297209763,2.928435899188517,22.26478698244773,R
NQ.v.0,action_x_surprise,cut|medium,1200,3.0,3.2451919815839534,0.9083204792275841,16.681445514490306,R
NQ.v.0,action_x_surprise,cut|medium,1240,3.0,2.301244747532641,-1.3021499033716126,16.984473449018665,R
NQ.v.0,action_x_surprise,cut|medium,1415,3.0,-1.593479720440886,-6.632978079168534,12.09146603355991,R
NQ.v.0,action_x_surprise,cut|medium,1615,3.0,1.6522293331891982,-2.650986619073193,12.473529549742839,R
NQ.v.0,action_x_surprise,cut|medium,1800,3.0,1.4162132840872725,-0.10141331439181012,10.493757482270915,R
NQ.v.0,action_x_surprise,cut|medium,1843,3.0,4.425000735953998,1.9982284282833493,13.084264478572448,R
NQ.v.0,action_x_surprise,cut|medium,2103,3.0,7.47275691437034,5.368650827983251,9.45737158507185,R
NQ.v.0,action_x_surprise,cut|medium,2399,3.0,4.352489537242752,-30.786497867132873,7.425651006273628,R
NQ.v.0,action_x_surprise,hike|large,1,11.0,0.4444148168636142,-5.208624418531309,2.2407818409166644,R
NQ.v.0,action_x_surprise,hike|large,2,11.0,-4.62351255206127,-11.088032999987384,2.946272773948486,R
NQ.v.0,action_x_surprise,hike|large,3,11.0,-3.6738884199502455,-9.82476871838135,3.0717671493064413,R
NQ.v.0,action_x_surprise,hike|large,4,11.0,-3.241596190335534,-11.373576251461605,4.626824430820914,R
NQ.v.0,action_x_surprise,hike|large,5,11.0,-6.151013944632975,-10.28800618721947,3.1047700288371223,R
NQ.v.0,action_x_surprise,hike|large,6,11.0,-7.322215676028292,-19.57620035392682,1.9701263471740194,R
NQ.v.0,action_x_surprise,hike|large,7,11.0,-6.817063119848331,-38.04438697465652,1.71044785294194,R
NQ.v.0,action_x_surprise,hike|large,8,11.0,-10.858998251294961,-37.134037157815435,4.789830108268957,R
NQ.v.0,action_x_surprise,hike|large,9,11.0,-10.606329436930181,-32.47782153325197,5.87596269897979,R
NQ.v.0,action_x_surprise,hike|large,11,11.0,-13.63877664504556,-36.83781960794419,6.211552437008912,R
NQ.v.0,action_x_surprise,hike|large,12,11.0,-14.144273928105914,-30.961659811436355,5.996351077660012,R
NQ.v.0,action_x_surprise,hike|large,14,11.0,-13.63877664504556,-28.59554041519143,5.95315657834017,R
NQ.v.0,action_x_surprise,hike|large,16,11.0,-14.650029749877795,-30.90072180709004,-5.335848986245798,R
NQ.v.0,action_x_surprise,hike|large,18,11.0,-15.193035831679355,-40.28797274235701,-7.4449283953409,R
NQ.v.0,action_x_surprise,hike|large,21,11.0,-14.649796765207226,-41.765579900707195,0.7605957971656734,R
NQ.v.0,action_x_surprise,hike|large,24,11.0,-8.585208718615375,-39.371073122012874,-0.9436626783016733,R
NQ.v.0,action_x_surprise,hike|large,27,11.0,-5.302373254348917,-48.00540218734201,13.276355105689372,R
NQ.v.0,action_x_surprise,hike|large,30,11.0,-7.806070464347908,-58.39341018334076,13.515031523585606,R
NQ.v.0,action_x_surprise,hike|large,31,11.0,-7.7636296957448225,-53.840409104586286,11.715857531629634,R
NQ.v.0,action_x_surprise,hike|large,35,11.0,-8.782257859147892,-67.55742501917074,12.557618977268557,R
NQ.v.0,action_x_surprise,hike|large,40,11.0,-9.595718016160891,-72.00956601358952,31.291797444444022,R
NQ.v.0,action_x_surprise,hike|large,46,11.0,-13.891522092481393,-70.79037632858848,27.903271992735203,R
NQ.v.0,action_x_surprise,hike|large,52,11.0,-17.201604263402018,-72.92272279964746,27.789906378527036,R
NQ.v.0,action_x_surprise,hike|large,60,11.0,-11.100295024612649,-60.61579622351297,19.481219479744528,R
NQ.v.0,action_x_surprise,hike|large,68,11.0,-16.41932797045196,-62.455452489199374,8.69049355651958,R
NQ.v.0,action_x_surprise,hike|large,78,11.0,-24.229324995625447,-66.72021970084137,6.997271591393186,R
NQ.v.0,action_x_surprise,hike|large,89,11.0,-27.962174291548113,-66.19004681169925,4.531640926685608,R
NQ.v.0,action_x_surprise,hike|large,101,11.0,-33.12879801794978,-86.77491821633551,3.2882142356223767,R
NQ.v.0,action_x_surprise,hike|large,115,11.0,-38.534858907464006,-92.17161589572463,3.3860381132791453,R
NQ.v.0,action_x_surprise,hike|large,132,11.0,-20.65613686173758,-76.8441495192859,3.537094281401288,R
NQ.v.0,action_x_surprise,hike|large,150,11.0,-16.924965832722304,-73.51111522720387,3.6078837222791478,R
NQ.v.0,action_x_surprise,hike|large,171,11.0,-21.983100869777463,-82.84428813171692,-0.11930303819718269,R
NQ.v.0,action_x_surprise,hike|large,196,11.0,-5.965940083666614,-93.1279768211846,9.804587521179345,R
NQ.v.0,action_x_surprise,hike|large,223,11.0,-1.7669405470483097,-101.9301665150659,23.31373271756487,R
NQ.v.0,action_x_surprise,hike|large,255,11.0,0.0,-98.38210446694984,24.607448757105033,R
NQ.v.0,action_x_surprise,hike|large,291,11.0,3.280632939217478,-103.74555108597158,26.378868240147234,R
NQ.v.0,action_x_surprise,hike|large,300,11.0,-0.7572220052336325,-101.73182685913017,22.393282504210443,R
NQ.v.0,action_x_surprise,hike|large,332,11.0,-5.301758540729443,-116.87814063380979,28.029923144401337,R
NQ.v.0,action_x_surprise,hike|large,378,11.0,-21.729801106670834,-114.53360622308548,35.711384618414584,R
NQ.v.0,action_x_surprise,hike|large,432,11.0,-17.17779435179247,-129.75081008325873,41.3063230858927,R
NQ.v.0,action_x_surprise,hike|large,493,11.0,-18.44203283942528,-140.64965111422643,37.16759650323909,R
NQ.v.0,action_x_surprise,hike|large,562,11.0,-15.408128940341282,-122.40303339196478,29.641631082052797,R
NQ.v.0,action_x_surprise,hike|large,600,11.0,-15.408128940341282,-129.78087889012872,29.248304061051094,R
NQ.v.0,action_x_surprise,hike|large,641,11.0,-13.63877664504556,-132.62753634213013,30.42273956856574,R
NQ.v.0,action_x_surprise,hike|large,732,11.0,-17.430629263251372,-136.5947351642892,17.349776543550032,R
NQ.v.0,action_x_surprise,hike|large,835,11.0,-51.62216028742878,-124.65327233766607,9.10272313951724,R
NQ.v.0,action_x_surprise,hike|large,953,11.0,-51.23189525879534,-135.31832457610102,12.006822487361873,R
NQ.v.0,action_x_surprise,hike|large,1087,11.0,-20.65613686173758,-126.95786601551154,16.814335034765016,R
NQ.v.0,action_x_surprise,hike|large,1200,11.0,-34.089281912213316,-124.65385305579912,16.97320269670807,R
NQ.v.0,action_x_surprise,hike|large,1240,11.0,-13.621770990283514,-136.31015707391234,21.083570823644948,R
NQ.v.0,action_x_surprise,hike|large,1415,11.0,-52.3833014921757,-140.38810965948073,19.005144854961152,R
NQ.v.0,action_x_surprise,hike|large,1615,11.0,-59.99790158597594,-129.29020715029532,19.087111335629604,R
NQ.v.0,action_x_surprise,hike|large,1800,11.0,-67.11009675991377,-128.5254747527165,14.317900472269606,R
NQ.v.0,action_x_surprise,hike|large,1843,11.0,-53.398246559145356,-140.46967854684914,10.149008463932166,R
NQ.v.0,action_x_surprise,hike|large,2103,11.0,-44.52096800322212,-113.06910300338185,15.029400901628733,R
NQ.v.0,action_x_surprise,hike|large,2399,11.0,-28.496157865235894,-79.84464645821186,14.951211670589776,R
NQ.v.0,action_x_surprise,hike|medium,1,6.0,-0.1029961582470777,-0.26420872176041943,0.16264923067553172,R
NQ.v.0,action_x_surprise,hike|medium,2,6.0,-1.013105698610006,-4.0888247897144625,0.06811072040204988,R
NQ.v.0,action_x_surprise,hike|medium,3,6.0,-7.1463012893036915,-12.136881485667153,-0.4991954287942551,R
NQ.v.0,action_x_surprise,hike|medium,4,6.0,-4.813367779924022,-12.487055946191527,-0.07370374849333394,R
NQ.v.0,action_x_surprise,hike|medium,5,6.0,-3.5786912245033227,-11.304334228036176,-0.7062980198470946,R
NQ.v.0,action_x_surprise,hike|medium,6,6.0,-4.389712428371471,-13.493030041007227,-0.5672846942567975,R
NQ.v.0,action_x_surprise,hike|medium,7,6.0,-2.9216469097376105,-11.683009979993706,0.23075642385110962,R
NQ.v.0,action_x_surprise,hike|medium,8,6.0,-6.87969466666005,-13.640680294900537,-1.2438318711680674,R
NQ.v.0,action_x_surprise,hike|medium,9,6.0,-5.333005875429569,-11.553963290898727,-0.9749230589948696,R
NQ.v.0,action_x_surprise,hike|medium,11,6.0,-0.9483147671165076,-8.705822267172731,1.3136780138393835,R
NQ.v.0,action_x_surprise,hike|medium,12,6.0,0.8596039364160897,-7.369779018010275,3.1569359108262107,R
NQ.v.0,action_x_surprise,hike|medium,14,6.0,-3.0264623732154265,-16.45603580596414,8.53422416336884,R
NQ.v.0,action_x_surprise,hike|medium,16,6.0,-4.402191088193641,-12.713936331780731,6.1863069674735325,R
NQ.v.0,action_x_surprise,hike|medium,18,6.0,-3.6844351052723465,-13.414393198388966,6.1322491550093705,R
NQ.v.0,action_x_surprise,hike|medium,21,6.0,-2.91050119768294,-22.534353992563155,4.205064600425115,R
NQ.v.0,action_x_surprise,hike|medium,24,6.0,-3.018908157414013,-28.759697459417467,8.365934332917362,R
NQ.v.0,action_x_surprise,hike|medium,27,6.0,-2.8469391118251304,-33.44754765068298,13.12010191101637,R
NQ.v.0,action_x_surprise,hike|medium,30,6.0,-3.2394877546545495,-26.7553207453091,9.304748936289485,R
NQ.v.0,action_x_surprise,hike|medium,31,6.0,-1.5202112092774032,-13.0244393841166,11.170353221153018,R
NQ.v.0,action_x_surprise,hike|medium,35,6.0,6.548367373033928,-0.3528536437374501,12.877582048380052,R
NQ.v.0,action_x_surprise,hike|medium,40,6.0,3.136671949203975,-1.1261691055761185,22.504941404277037,R
NQ.v.0,action_x_surprise,hike|medium,46,6.0,4.858677135765514,-1.138643389922365,11.839181165628471,R
NQ.v.0,action_x_surprise,hike|medium,52,6.0,4.248165518206826,-4.7081974136906375,17.91237391439646,R
NQ.v.0,action_x_surprise,hike|medium,60,6.0,6.0018575057412376,-6.330455921994285,17.79298328565769,R
NQ.v.0,action_x_surprise,hike|medium,68,6.0,0.33917955678298123,-8.170502047166526,7.0232405886184335,R
NQ.v.0,action_x_surprise,hike|medium,78,6.0,1.4408630914000369,-2.217758265104767,5.7849652263773015,R
NQ.v.0,action_x_surprise,hike|medium,89,6.0,7.342291532758823,-0.853797283786609,16.322669126616333,R
NQ.v.0,action_x_surprise,hike|medium,101,6.0,3.347643944877387,-3.4608903263298427,10.660148572567063,R
NQ.v.0,action_x_surprise,hike|medium,115,6.0,1.3850363318268633,-6.824550642833474,14.385698811914427,R
NQ.v.0,action_x_surprise,hike|medium,132,6.0,9.25207058474238,-8.12731906932717,15.543872071125339,R
NQ.v.0,action_x_surprise,hike|medium,150,6.0,-1.418445765462629,-11.929165014136988,9.687872194962425,R
NQ.v.0,action_x_surprise,hike|medium,171,6.0,-2.69805738057134,-10.171556394259474,3.669374625670126,R
NQ.v.0,action_x_surprise,hike|medium,196,6.0,-1.6071123536426397,-9.853691257205673,3.113509403845165,R
NQ.v.0,action_x_surprise,hike|medium,223,6.0,-2.4663042697051796,-14.74685404696548,12.18769286175342,R
NQ.v.0,action_x_surprise,hike|medium,255,6.0,0.43499895575856673,-11.58161331482937,9.684861158847328,R
NQ.v.0,action_x_surprise,hike|medium,291,6.0,7.6260581531304155,-14.30739177587228,12.050021928535276,R
NQ.v.0,action_x_surprise,hike|medium,300,6.0,6.169098681451759,-16.026597568345487,12.387020100275384,R
NQ.v.0,action_x_surprise,hike|medium,332,6.0,-0.14429733728946204,-17.615705488330136,14.57440054698877,R
NQ.v.0,action_x_surprise,hike|medium,378,6.0,0.47674181618026124,-7.174991345421073,16.989109240051782,R
NQ.v.0,action_x_surprise,hike|medium,432,6.0,0.5182912736082389,-20.878900619503227,10.44267594186088,R
NQ.v.0,action_x_surprise,hike|medium,493,6.0,13.89125347900059,-27.919449746733388,19.373992161656563,R
NQ.v.0,action_x_surprise,hike|medium,562,6.0,0.8590056871952072,-36.616838673023466,14.800019532117654,R
NQ.v.0,action_x_surprise,hike|medium,600,6.0,3.6710698002586493,-25.115542784335403,17.777703411616333,R
NQ.v.0,action_x_surprise,hike|medium,641,6.0,7.351918726914201,-28.752676567173094,25.209332908260016,R
NQ.v.0,action_x_surprise,hike|medium,732,6.0,0.7323297040191199,-22.628688968549064,22.69357271783503,R
NQ.v.0,action_x_surprise,hike|medium,835,6.0,4.685983108793737,-11.924009212207729,21.498425209199382,R
NQ.v.0,action_x_surprise,hike|medium,953,6.0,5.891045907745783,-15.922051805664697,15.22271922882371,R
NQ.v.0,action_x_surprise,hike|medium,1087,6.0,-2.7771966577356997,-19.692405356914833,11.907753360374592,R
NQ.v.0,action_x_surprise,hike|medium,1200,6.0,2.58229150827845,-24.53600994193384,20.710305848613135,R
NQ.v.0,action_x_surprise,hike|medium,1240,6.0,6.602395220281425,-26.907470267300543,21.2558759752326,R
NQ.v.0,action_x_surprise,hike|medium,1415,6.0,-0.32029737447292117,-40.29058912615364,24.832967656511244,R
NQ.v.0,action_x_surprise,hike|medium,1615,6.0,-7.2406922427066505,-29.250797839619946,13.225970443755976,R
NQ.v.0,action_x_surprise,hike|medium,1800,6.0,-1.2733866477622389,-8.989380355706576,8.299946466195328,R
NQ.v.0,action_x_surprise,hike|medium,1843,6.0,-7.065653376078155,-54.61002234814436,2.806881571303692,R
NQ.v.0,action_x_surprise,hike|medium,2103,6.0,-19.84321597331594,-52.97452570036647,0.6458523970100112,R
NQ.v.0,action_x_surprise,hike|medium,2399,6.0,1.624638613784919,-42.69814084526622,57.20962894613653,R
NQ.v.0,action_x_surprise,hold|large,1,16.0,0.1343165303434673,-0.4109496418972602,7.544759894470225,R
NQ.v.0,action_x_surprise,hold|large,2,16.0,4.267216444007309,-13.272603736146394,12.77265374242192,R
NQ.v.0,action_x_surprise,hold|large,3,16.0,3.625997326639336,-15.572686501529914,14.043624186198654,R
NQ.v.0,action_x_surprise,hold|large,4,16.0,0.316039401093122,-14.857896600215556,15.188165423363465,R
NQ.v.0,action_x_surprise,hold|large,5,16.0,0.05777348287673312,-15.840785412411567,15.700386129600183,R
NQ.v.0,action_x_surprise,hold|large,6,16.0,-4.779707966403555,-16.041878464978364,12.935722623422885,R
NQ.v.0,action_x_surprise,hold|large,7,16.0,-5.749649057131272,-24.54238042557907,11.54849951572274,R
NQ.v.0,action_x_surprise,hold|large,8,16.0,-11.43039468737241,-23.858650273975254,10.635929573625004,R
NQ.v.0,action_x_surprise,hold|large,9,16.0,-16.122662914138772,-25.24607585318715,11.458988445372741,R
NQ.v.0,action_x_surprise,hold|large,11,16.0,-17.04525921101927,-26.409558635339376,12.19307785140506,R
NQ.v.0,action_x_surprise,hold|large,12,16.0,-16.187199683461376,-22.355097754745117,13.918554520170437,R
NQ.v.0,action_x_surprise,hold|large,14,16.0,-6.889786114274413,-22.03412917348076,12.491735886672249,R
NQ.v.0,action_x_surprise,hold|large,16,16.0,-6.4547617483477335,-16.19098745511551,11.957677838214442,R
NQ.v.0,action_x_surprise,hold|large,18,16.0,-8.77434266121913,-19.30657181859624,13.687981285715196,R
NQ.v.0,action_x_surprise,hold|large,21,16.0,-8.891105713701968,-20.410437330496258,19.074413723127737,R
NQ.v.0,action_x_surprise,hold|large,24,16.0,-8.089226119214947,-23.80806098679559,20.771538774502734,R
NQ.v.0,action_x_surprise,hold|large,27,16.0,-7.064334554688503,-19.38616414190132,19.976805061259018,R
NQ.v.0,action_x_surprise,hold|large,30,16.0,-7.054964984371076,-24.056148484181627,20.933954262536478,R
NQ.v.0,action_x_surprise,hold|large,31,16.0,-6.737170793234382,-22.50136663237928,26.041778336818837,R
NQ.v.0,action_x_surprise,hold|large,35,16.0,-4.802332181725326,-32.14438710449231,23.516249341003725,R
NQ.v.0,action_x_surprise,hold|large,40,16.0,-5.300657090975429,-31.856616667516548,22.16293710564472,R
NQ.v.0,action_x_surprise,hold|large,46,16.0,-3.088307578461567,-26.655393602633666,26.114412427992654,R
NQ.v.0,action_x_surprise,hold|large,52,16.0,-3.1207211335146683,-30.273770633071916,28.102069372730348,R
NQ.v.0,action_x_surprise,hold|large,60,16.0,-0.3034349808519039,-34.41627591876691,31.07222252619328,R
NQ.v.0,action_x_surprise,hold|large,68,16.0,1.0363945164896142,-41.98343187283138,29.154812351150994,R
NQ.v.0,action_x_surprise,hold|large,78,16.0,-1.2521166836846613,-42.043269765431525,28.917904282312207,R
NQ.v.0,action_x_surprise,hold|large,89,16.0,-14.138540088880617,-37.492613011547455,33.15655075323768,R
NQ.v.0,action_x_surprise,hold|large,101,16.0,-13.000454013246273,-38.063249829840004,31.728986151277116,R
NQ.v.0,action_x_surprise,hold|large,115,16.0,-6.930340265529583,-35.44085059853535,38.505893396063584,R
NQ.v.0,action_x_surprise,hold|large,132,16.0,-2.2427820687818025,-35.86438796091146,39.361497655978056,R
NQ.v.0,action_x_surprise,hold|large,150,16.0,-7.38869814543593,-40.51544626047992,37.37130174112788,R
NQ.v.0,action_x_surprise,hold|large,171,16.0,-11.657664879931886,-44.06289698376652,35.2428294309675,R
NQ.v.0,action_x_surprise,hold|large,196,16.0,6.351025887597227,-43.25223653255994,38.38758233910262,R
NQ.v.0,action_x_surprise,hold|large,223,16.0,-0.3124722904960513,-42.200014377383354,36.827451619072704,R
NQ.v.0,action_x_surprise,hold|large,255,16.0,-7.991622573910643,-45.79517469496739,37.214166927007426,R
NQ.v.0,action_x_surprise,hold|large,291,16.0,-6.377035076130982,-50.35910678642822,39.99497026166904,R
NQ.v.0,action_x_surprise,hold|large,300,16.0,-6.264099845433783,-48.82602898960567,44.4100980754168,R
NQ.v.0,action_x_surprise,hold|large,332,16.0,1.574285564849614,-50.95034399435852,47.539077615512795,R
NQ.v.0,action_x_surprise,hold|large,378,16.0,-0.3653443915139558,-48.104921684243735,54.87266559874144,R
NQ.v.0,action_x_surprise,hold|large,432,16.0,-7.852976302984615,-42.72531459833831,52.182685426889265,R
NQ.v.0,action_x_surprise,hold|large,493,16.0,-8.02484283470469,-41.26637876981943,45.68443479191615,R
NQ.v.0,action_x_surprise,hold|large,562,16.0,-9.149933591951607,-47.11957983668317,44.80309151175958,R
NQ.v.0,action_x_surprise,hold|large,600,16.0,-9.105826017098423,-43.874327476815,43.2126201696365,R
NQ.v.0,action_x_surprise,hold|large,641,16.0,6.275324105962053,-44.388266362955314,46.05998051406991,R
NQ.v.0,action_x_surprise,hold|large,732,16.0,9.408493702338612,-43.35828906448643,37.80200271418956,R
NQ.v.0,action_x_surprise,hold|large,835,16.0,2.7872075522544346,-38.02371113026586,34.38083406286361,R
NQ.v.0,action_x_surprise,hold|large,953,16.0,6.992944117500356,-43.27815345814785,38.03756515063561,R
NQ.v.0,action_x_surprise,hold|large,1087,16.0,9.449419849306931,-37.47270282649849,33.6357670939973,R
NQ.v.0,action_x_surprise,hold|large,1200,16.0,8.10443564001702,-38.303284424730634,29.079176928424022,R
NQ.v.0,action_x_surprise,hold|large,1240,16.0,-0.027257982049209595,-41.807004362164015,27.705122979839793,R
NQ.v.0,action_x_surprise,hold|large,1415,16.0,3.578998422697956,-64.88879650634537,31.802232585183948,R
NQ.v.0,action_x_surprise,hold|large,1615,16.0,2.851043846945111,-62.06633657627856,33.93212940614268,R
NQ.v.0,action_x_surprise,hold|large,1800,16.0,-3.5028188740188666,-60.226141853324435,26.7967147234587,R
NQ.v.0,action_x_surprise,hold|large,1843,16.0,-0.8028739215362561,-58.8495871996961,30.097571500712675,R
NQ.v.0,action_x_surprise,hold|large,2103,16.0,3.1725628643142727,-60.147081646084985,39.04084919954472,R
NQ.v.0,action_x_surprise,hold|large,2399,16.0,16.416013045881932,-34.47304742207605,57.18781963201238,R
NQ.v.0,action_x_surprise,hold|medium,1,21.0,0.0,-0.7805284181355863,1.1527968144330332,R
NQ.v.0,action_x_surprise,hold|medium,2,21.0,0.17437855841606162,-1.9479887078251108,2.5656010061044254,R
NQ.v.0,action_x_surprise,hold|medium,3,21.0,0.0,-2.0852882986626193,1.0571383275339072,R
NQ.v.0,action_x_surprise,hold|medium,4,21.0,-0.3669893114774775,-1.5991471249433886,0.7928642224163142,R
NQ.v.0,action_x_surprise,hold|medium,5,21.0,0.0,-1.8656965098963343,1.0571383275339072,R
NQ.v.0,action_x_surprise,hold|medium,6,21.0,0.09419876882296555,-1.8656965098963343,1.0571383275339072,R
NQ.v.0,action_x_surprise,hold|medium,7,21.0,0.09419876882296555,-3.073951497064022,1.9149751111757025,R
NQ.v.0,action_x_surprise,hold|medium,8,21.0,0.17945105921394075,-3.998347403029623,2.0517450163279065,R
NQ.v.0,action_x_surprise,hold|medium,9,21.0,0.0,-4.634228678880503,2.0517450163279065,R
NQ.v.0,action_x_surprise,hold|medium,11,21.0,-0.4869616031740078,-3.277076876779875,5.73394511122914,R
NQ.v.0,action_x_surprise,hold|medium,12,21.0,0.0,-3.7622790678379934,7.803728667023805,R
NQ.v.0,action_x_surprise,hold|medium,14,21.0,0.0,-6.240650698578533,4.803006209102989,R
NQ.v.0,action_x_surprise,hold|medium,16,21.0,-0.297871706678276,-7.464875443289346,7.166917815552237,R
NQ.v.0,action_x_surprise,hold|medium,18,21.0,-0.7929270907695829,-8.302841786510943,8.440498968271585,R
NQ.v.0,action_x_surprise,hold|medium,21,21.0,-1.585917059862119,-5.5817200123518,10.122362351690755,R
NQ.v.0,action_x_surprise,hold|medium,24,21.0,-0.7929270907695829,-7.130125079255501,11.109333923575743,R
NQ.v.0,action_x_surprise,hold|medium,27,21.0,0.7928642224163142,-4.562694350122764,11.31255516433239,R
NQ.v.0,action_x_surprise,hold|medium,30,21.0,0.5285831330361015,-5.703693295936314,12.800097004188883,R
NQ.v.0,action_x_surprise,hold|medium,31,21.0,2.1141649127382864,-6.559527949203843,13.395051787801457,R
NQ.v.0,action_x_surprise,hold|medium,35,21.0,2.2258330271975137,-5.418431354139284,9.229624771310718,R
NQ.v.0,action_x_surprise,hold|medium,40,21.0,5.020412043459703,-5.204673914559428,8.932027866296258,R
NQ.v.0,action_x_surprise,hold|medium,46,21.0,5.360174036203715,-7.658964097294146,12.547490405765807,R
NQ.v.0,action_x_surprise,hold|medium,52,21.0,4.786750366637115,-9.086946172444568,12.547490405765807,R
NQ.v.0,action_x_surprise,hold|medium,60,21.0,7.443910480851602,-8.490075153799106,13.206203551629763,R
NQ.v.0,action_x_surprise,hold|medium,68,21.0,5.586979141630563,-10.00527884828483,13.382159930883386,R
NQ.v.0,action_x_surprise,hold|medium,78,21.0,6.275713196697338,-3.1529807189401025,15.477114822345026,R
NQ.v.0,action_x_surprise,hold|medium,89,21.0,5.578606190490662,-6.306955880174475,16.316873650029276,R
NQ.v.0,action_x_surprise,hold|medium,101,21.0,6.275713196697338,-4.817806706431535,17.57091569791022,R
NQ.v.0,action_x_surprise,hold|medium,115,21.0,4.460019188299677,-7.215162666108169,15.241855284096978,R
NQ.v.0,action_x_surprise,hold|medium,132,21.0,4.59588817953132,-2.378969917250775,11.31255516433239,R
NQ.v.0,action_x_surprise,hold|medium,150,21.0,1.2205860571925076,-4.562694350122764,7.3015798994388135,R
NQ.v.0,action_x_surprise,hold|medium,171,21.0,0.704502733442576,-7.3266466426153345,12.802893696169141,R
NQ.v.0,action_x_surprise,hold|medium,196,21.0,2.1317984465300164,-6.049451228982869,9.865029274104243,R
NQ.v.0,action_x_surprise,hold|medium,223,21.0,-1.8656965098963343,-6.977636957560557,9.327187632481936,R
NQ.v.0,action_x_surprise,hold|medium,255,21.0,-3.8609293736501455,-8.93610268603498,14.21678092720668,R
NQ.v.0,action_x_surprise,hold|medium,291,21.0,-2.0589768244821482,-9.127471468558463,18.31402217545647,R
NQ.v.0,action_x_surprise,hold|medium,300,21.0,-2.907706765044559,-11.410641660274628,19.25939490525894,R
NQ.v.0,action_x_surprise,hold|medium,332,21.0,4.126559853306563,-11.470247915679964,11.850229790348115,R
NQ.v.0,action_x_surprise,hold|medium,378,21.0,6.054291243380599,-8.99019072159525,13.139007705420017,R
NQ.v.0,action_x_surprise,hold|medium,432,21.0,7.710616498481509,-11.470247915679964,14.814395461726107,R
NQ.v.0,action_x_surprise,hold|medium,493,21.0,11.124214109100329,-6.074351380782664,19.1332690149873,R
NQ.v.0,action_x_surprise,hold|medium,562,21.0,10.54560751044426,-13.927051319189165,22.213371325737896,R
NQ.v.0,action_x_surprise,hold|medium,600,21.0,7.7882490390763,-9.612836497659941,18.782337395886127,R
NQ.v.0,action_x_surprise,hold|medium,641,21.0,7.7882490390763,-9.804142234091957,17.75788928891705,R
NQ.v.0,action_x_surprise,hold|medium,732,21.0,8.233108685931734,-6.398123435451052,23.34631410603746,R
NQ.v.0,action_x_surprise,hold|medium,835,21.0,8.677948543654745,-8.346084779921151,26.989257158554434,R
NQ.v.0,action_x_surprise,hold|medium,953,21.0,7.343369601329905,-5.5518104293118915,26.503608088475662,R
NQ.v.0,action_x_surprise,hold|medium,1087,21.0,9.297874464874626,-4.42028598119018,22.095338356011695,R
NQ.v.0,action_x_surprise,hold|medium,1200,21.0,10.302334786091464,-7.884381926488345,26.30151229801392,R
NQ.v.0,action_x_surprise,hold|medium,1240,21.0,13.99802143392962,-9.592018707855615,29.03833959862441,R
NQ.v.0,action_x_surprise,hold|medium,1415,21.0,14.98545297770376,-7.480066889236013,24.07500889254843,R
NQ.v.0,action_x_surprise,hold|medium,1615,21.0,7.281995588491511,-5.449715160196566,25.188120931885948,R
NQ.v.0,action_x_surprise,hold|medium,1800,21.0,6.242035106051845,-14.919791687040297,21.91468292628222,R
NQ.v.0,action_x_surprise,hold|medium,1843,21.0,12.251639523234994,-16.055849871540385,23.920050132929884,R
NQ.v.0,action_x_surprise,hold|medium,2103,21.0,4.300767036401744,-8.913409444702657,13.470149812186841,R
NQ.v.0,action_x_surprise,hold|medium,2399,21.0,5.5706205639006585,-10.969618930449691,18.10581744455127,R
NQ.v.0,action_x_surprise,hold|small,1,8.0,0.09203295240871869,-0.7194100405263298,0.9976885545163972,R
NQ.v.0,action_x_surprise,hold|small,2,8.0,0.35116610026038975,-0.7509438447648331,0.8516087114061223,R
NQ.v.0,action_x_surprise,hold|small,3,8.0,0.5889173817093531,-0.9262397585017264,1.8252180267138045,R
NQ.v.0,action_x_surprise,hold|small,4,8.0,0.22298575058242437,-3.1472310668695034,2.6446638880362223,R
NQ.v.0,action_x_surprise,hold|small,5,8.0,-0.741317322236911,-5.780908778004379,1.238583468377608,R
NQ.v.0,action_x_surprise,hold|small,6,8.0,-0.3312735108093498,-6.697721663406974,2.5227171266076294,R
NQ.v.0,action_x_surprise,hold|small,7,8.0,-2.5995794581320646,-6.8061745472740105,2.608387327798894,R
NQ.v.0,action_x_surprise,hold|small,8,8.0,-0.21770970066239692,-4.355730422743971,1.649446684822439,R
NQ.v.0,action_x_surprise,hold|small,9,8.0,0.28670718289967817,-6.823531170906348,3.138404348373492,R
NQ.v.0,action_x_surprise,hold|small,11,8.0,-1.372994987660742,-9.705440658318011,2.1280818091097267,R
NQ.v.0,action_x_surprise,hold|small,12,8.0,-2.1049075904186108,-9.626159319703184,2.9299437001642956,R
NQ.v.0,action_x_surprise,hold|small,14,8.0,-1.7997558733174572,-7.448545275505065,0.6848269778560818,R
NQ.v.0,action_x_surprise,hold|small,16,8.0,0.03842663994854281,-3.562859310265142,2.980729432044951,R
NQ.v.0,action_x_surprise,hold|small,18,8.0,2.027218203988123,-1.6543633843486116,6.493464661489899,R
NQ.v.0,action_x_surprise,hold|small,21,8.0,1.903435924077058,-1.781836143565828,5.648165027254867,R
NQ.v.0,action_x_surprise,hold|small,24,8.0,1.7287295815722692,-0.2451288510552134,5.491731706906549,R
NQ.v.0,action_x_surprise,hold|small,27,8.0,5.568915757394444,0.08215820896831594,8.417910864879513,R
NQ.v.0,action_x_surprise,hold|small,30,8.0,7.843415097279426,0.5804533303523374,10.227804904564035,R
NQ.v.0,action_x_surprise,hold|small,31,8.0,7.311298188857387,0.4835663272297809,9.223797173629903,R
NQ.v.0,action_x_surprise,hold|small,35,8.0,5.116984368246772,1.3318132925106587,7.828593593204888,R
NQ.v.0,action_x_surprise,hold|small,40,8.0,4.015339571255183,-0.4068070563059649,8.140914507616722,R
NQ.v.0,action_x_surprise,hold|small,46,8.0,6.089221530564859,-1.4324056731779145,9.576735270927427,R
NQ.v.0,action_x_surprise,hold|small,52,8.0,6.660753382259347,0.24977597368236282,10.083387438440855,R
NQ.v.0,action_x_surprise,hold|small,60,8.0,8.408284099916246,0.7975729730162522,14.31196607683416,R
NQ.v.0,action_x_surprise,hold|small,68,8.0,4.662033955826631,0.348695769524876,11.49757153919671,R
NQ.v.0,action_x_surprise,hold|small,78,8.0,4.940397266483134,0.40479506732555226,13.153684385420174,R
NQ.v.0,action_x_surprise,hold|small,89,8.0,3.987211717427617,0.724375719546987,14.230502156997314,R
NQ.v.0,action_x_surprise,hold|small,101,8.0,3.861781297792689,0.6900577105399661,12.505454288372508,R
NQ.v.0,action_x_surprise,hold|small,115,8.0,0.40724639025212905,-5.133823206916771,14.27713269064922,R
NQ.v.0,action_x_surprise,hold|small,132,8.0,11.341248526859225,3.0410520674392645,16.906391111569953,R
NQ.v.0,action_x_surprise,hold|small,150,8.0,13.580513558718398,5.430706389493928,19.442812088346997,R
NQ.v.0,action_x_surprise,hold|small,171,8.0,11.68176726260025,6.478981213247188,16.55951905599227,R
NQ.v.0,action_x_surprise,hold|small,196,8.0,6.253870824339444,4.985977791892823,15.605658656919397,R
NQ.v.0,action_x_surprise,hold|small,223,8.0,7.603443519677443,6.3770214748763445,23.394786822604,R
NQ.v.0,action_x_surprise,hold|small,255,8.0,15.923061317961576,7.666146329376766,27.992710261751235,R
NQ.v.0,action_x_surprise,hold|small,291,8.0,15.61122863966619,5.856568819513716,34.61519933031816,R
NQ.v.0,action_x_surprise,hold|small,300,8.0,14.693312844297475,5.028667937926006,33.186100817010924,R
NQ.v.0,action_x_surprise,hold|small,332,8.0,8.120264145471594,2.7220534452574388,32.0879638406959,R
NQ.v.0,action_x_surprise,hold|small,378,8.0,10.346336284347451,-4.1086671943889,23.81475226645742,R
NQ.v.0,action_x_surprise,hold|small,432,8.0,7.642610527208807,-5.474948062514822,21.0876444130605,R
NQ.v.0,action_x_surprise,hold|small,493,8.0,5.016385627372892,-4.27885361950874,17.335891306087383,R
NQ.v.0,action_x_surprise,hold|small,562,8.0,4.4073299864287385,-2.3138516400905367,18.208248771534898,R
NQ.v.0,action_x_surprise,hold|small,600,8.0,6.159597557033091,-5.169641920653976,21.315842240769406,R
NQ.v.0,action_x_surprise,hold|small,641,8.0,11.380164271559316,-4.028921007476896,21.349136586419124,R
NQ.v.0,action_x_surprise,hold|small,732,8.0,9.460767554562127,-4.273993761630769,24.633752453128782,R
NQ.v.0,action_x_surprise,hold|small,835,8.0,11.143604045998641,-0.8308629831171075,25.253749088047996,R
NQ.v.0,action_x_surprise,hold|small,953,8.0,8.171975193161618,-1.075828511625211,33.82295314240185,R
NQ.v.0,action_x_surprise,hold|small,1087,8.0,8.065621742838335,-2.48562102114329,32.17169444966865,R
NQ.v.0,action_x_surprise,hold|small,1200,8.0,12.297089573054583,-1.6381880917900684,25.97328123978078,R
NQ.v.0,action_x_surprise,hold|small,1240,8.0,13.786270517152698,-3.424314811692724,25.37872305180695,R
NQ.v.0,action_x_surprise,hold|small,1415,8.0,17.46653003494227,0.7185754830193565,24.991293543395113,R
NQ.v.0,action_x_surprise,hold|small,1615,8.0,17.067966585268778,-2.364215471208925,32.218110423640006,R
NQ.v.0,action_x_surprise,hold|small,1800,8.0,17.408620386246383,-3.4923444315659893,31.521871654108264,R
NQ.v.0,action_x_surprise,hold|small,1843,8.0,17.292827534774673,-0.34382501052687786,31.79890544746062,R
NQ.v.0,action_x_surprise,hold|small,2103,8.0,17.957571794092576,6.57780911435316,31.259546735311936,R
NQ.v.0,action_x_surprise,hold|small,2399,8.0,18.80779888993242,15.896644554893795,26.981962882646297,R
NQ.v.0,all,all,1,69.0,0.0,-0.4779772005781298,1.4892254565931051,R
NQ.v.0,all,all,2,69.0,0.0,-4.62351255206127,3.8983555588752883,R
NQ.v.0,all,all,3,69.0,-0.1286736322008727,-8.328779014036057,4.254907713357,R
NQ.v.0,all,all,4,69.0,-0.5559622317756808,-8.68132364317258,4.158225368036614,R
NQ.v.0,all,all,5,69.0,-0.4759902581556216,-6.681031131578591,3.3452008627157492,R
NQ.v.0,all,all,6,69.0,-0.7304512974842623,-10.839800239865752,2.8673835321906727,R
NQ.v.0,all,all,7,69.0,-1.0365916874626606,-13.755633380531176,2.0309772455300372,R
NQ.v.0,all,all,8,69.0,-1.0365916874626606,-15.183613716181224,4.249578812105557,R
NQ.v.0,all,all,9,69.0,-0.8292647536137457,-14.785942609119294,5.03999892080516,R
NQ.v.0,all,all,11,69.0,-1.6585982809338506,-15.354347158598076,6.021585248419226,R
NQ.v.0,all,all,12,69.0,-1.2439229198475563,-15.038601905217126,6.867695395138962,R
NQ.v.0,all,all,14,69.0,-0.5931080842374495,-14.68514616888123,4.803006209102989,R
NQ.v.0,all,all,16,69.0,-1.918364861438949,-14.650029749877795,5.39963154765695,R
NQ.v.0,all,all,18,69.0,-3.6429872898342848,-14.562208414421523,7.304886049997067,R
NQ.v.0,all,all,21,69.0,-2.7993027374201676,-16.945303800594765,7.9281443594278915,R
NQ.v.0,all,all,24,69.0,-1.255387707218943,-13.779800995394602,9.233039705967768,R
NQ.v.0,all,all,27,69.0,0.7928642224163142,-12.375526819779166,11.31255516433239,R
NQ.v.0,all,all,30,69.0,0.5285831330361015,-14.668429507974883,12.214216644143397,R
NQ.v.0,all,all,31,69.0,1.0842811768569218,-14.679641114042159,13.395051787801457,R
NQ.v.0,all,all,35,69.0,0.8166398541122393,-12.266668204815716,10.009649311339755,R
NQ.v.0,all,all,40,69.0,1.003171794010968,-12.234719892356583,13.833799018771584,R
NQ.v.0,all,all,46,69.0,1.7451037984426998,-13.891522092481393,12.546456796994285,R
NQ.v.0,all,all,52,69.0,2.44971951936809,-15.97593874579251,12.547490405765807,R
NQ.v.0,all,all,60,69.0,3.692837987927697,-15.639926013987328,14.89782313952045,R
NQ.v.0,all,all,68,69.0,1.6001527921959295,-17.69287938707902,13.551667799522026,R
NQ.v.0,all,all,78,69.0,2.8177557001215767,-13.752114515105866,16.936717197148926,R
NQ.v.0,all,all,89,69.0,1.112978442755831,-17.070767795451538,18.983850543755906,R
NQ.v.0,all,all,101,69.0,-0.4955073996789454,-17.12084881043589,14.900827925420447,R
NQ.v.0,all,all,115,69.0,0.407613047168385,-24.622533309466153,16.377521503354963,R
NQ.v.0,all,all,132,69.0,3.8543453278730637,-15.978546498887649,17.148082071229513,R
NQ.v.0,all,all,150,69.0,1.4826163263220018,-16.924965832722304,18.45474563671358,R
NQ.v.0,all,all,171,69.0,-0.2226105539758713,-21.983100869777463,13.091471790755874,R
NQ.v.0,all,all,196,69.0,0.29115387193140657,-15.011674738292749,14.079882177724558,R
NQ.v.0,all,all,223,69.0,1.992965263275285,-13.431065056634385,18.20596967410855,R
NQ.v.0,all,all,255,69.0,0.0,-16.548264782403244,21.92436504820879,R
NQ.v.0,all,all,291,69.0,3.280632939217478,-20.943731868666276,23.304838977021106,R
NQ.v.0,all,all,300,69.0,0.8507943115357933,-21.652394861639248,22.893924549532542,R
NQ.v.0,all,all,332,69.0,4.126559853306563,-17.76855892526546,19.542867267425358,R
NQ.v.0,all,all,378,69.0,2.487368842984649,-17.3244804097084,21.167397391451118,R
NQ.v.0,all,all,432,69.0,2.2656354689457667,-22.96212260350268,20.364840869822412,R
NQ.v.0,all,all,493,69.0,3.599149223586636,-21.73586342102318,23.39294027413123,R
NQ.v.0,all,all,562,69.0,5.007845729470201,-25.215944869363422,23.750031061578444,R
NQ.v.0,all,all,600,69.0,4.126559853306563,-25.976761229394235,24.76753855067557,R
NQ.v.0,all,all,641,69.0,5.382131453925637,-26.19984826079058,28.69520106522454,R
NQ.v.0,all,all,732,69.0,2.383753178828596,-23.974328651340617,28.162365315159494,R
NQ.v.0,all,all,835,69.0,3.918218984529407,-20.204438990899984,26.989257158554434,R
NQ.v.0,all,all,953,69.0,1.0659560303226083,-26.39629470822679,26.513051106759686,R
NQ.v.0,all,all,1087,69.0,0.8475174805554511,-29.963040090912646,22.095338356011695,R
NQ.v.0,all,all,1200,69.0,3.2451919815839534,-32.78199824085339,26.30151229801392,R
NQ.v.0,all,all,1240,69.0,1.8655943008370808,-32.501545755576295,24.380094474550365,R
NQ.v.0,all,all,1415,69.0,-0.19214572332269728,-35.76567948347446,25.485687874994362,R
NQ.v.0,all,all,1615,69.0,-1.9856838664378111,-31.83086868803222,25.188120931885948,R
NQ.v.0,all,all,1800,69.0,-1.6190399128708926,-30.029944468021228,20.902509153421732,R
NQ.v.0,all,all,1843,69.0,-0.6678465291157271,-36.76614079762032,23.920050132929884,R
NQ.v.0,all,all,2103,69.0,2.7411892206597117,-36.35624813969127,19.23377418850227,R
NQ.v.0,all,all,2399,69.0,6.233315919266904,-32.91686847235191,30.394586359691957,R
NQ.v.0,side,dovish,1,23.0,0.9040365236901703,-0.4243076270149629,2.5954027265878885,R
NQ.v.0,side,dovish,2,23.0,5.095423493605213,0.5368189473213847,12.909615722674534,R
NQ.v.0,side,dovish,3,23.0,6.845473222946824,1.2222789546742394,15.920260071667025,R
NQ.v.0,side,dovish,4,23.0,7.836990996723637,1.5538854172862573,15.394941852401356,R
NQ.v.0,side,dovish,5,23.0,11.751387872639862,0.9242703867781195,16.643168025607583,R
NQ.v.0,side,dovish,6,23.0,8.599931730584501,0.9069630762653873,18.41739677829,R
NQ.v.0,side,dovish,7,23.0,8.31338646357582,1.6054572751216483,17.781360212954304,R
NQ.v.0,side,dovish,8,23.0,9.366667457681267,0.9050873374418338,15.0724988494566,R
NQ.v.0,side,dovish,9,23.0,9.992633382069073,1.1005639793373005,15.148502227406045,R
NQ.v.0,side,dovish,11,23.0,11.57652635886721,5.622819129565121,22.622170619857684,R
NQ.v.0,side,dovish,12,23.0,12.922681100535742,4.797055294543664,19.75148002866352,R
NQ.v.0,side,dovish,14,23.0,10.447698927161067,1.5530954829466397,18.995225566144498,R
NQ.v.0,side,dovish,16,23.0,7.410667067570922,-0.148935853339138,18.626674139698785,R
NQ.v.0,side,dovish,18,23.0,11.298824112337336,-1.4994316782668906,21.13383022985065,R
NQ.v.0,side,dovish,21,23.0,10.122362351690755,1.7478885356739133,26.368050451629863,R
NQ.v.0,side,dovish,24,23.0,12.039546729920763,2.0292019077517636,26.42657797735711,R
NQ.v.0,side,dovish,27,23.0,19.26840879155495,6.0485950578162,26.508200418298244,R
NQ.v.0,side,dovish,30,23.0,14.815846403027813,6.384961334182947,29.04740881365089,R
NQ.v.0,side,dovish,31,23.0,15.526419198845412,7.30132302769197,30.729048596711387,R
NQ.v.0,side,dovish,35,23.0,18.86212758102655,6.212695172156925,30.52517318513133,R
NQ.v.0,side,dovish,40,23.0,21.753225277132962,7.520938911462281,35.50588995033735,R
NQ.v.0,side,dovish,46,23.0,16.666284730886595,8.122867158475154,30.887304558494755,R
NQ.v.0,side,dovish,52,23.0,18.05388880341743,8.322289257765576,32.371829903845956,R
NQ.v.0,side,dovish,60,23.0,22.34362957709625,8.339362276199044,35.206043907193816,R
NQ.v.0,side,dovish,68,23.0,26.375472233635836,12.2971186435307,37.507564358554816,R
NQ.v.0,side,dovish,78,23.0,25.451193747868658,13.700136354018992,36.77158672313322,R
NQ.v.0,side,dovish,89,23.0,25.982814004436925,13.467508858921319,38.49954325207872,R
NQ.v.0,side,dovish,101,23.0,23.87722515977595,13.381206937070036,42.11894198964532,R
NQ.v.0,side,dovish,115,23.0,23.526037575766278,14.031016688006517,38.73773741232215,R
NQ.v.0,side,dovish,132,23.0,22.923229986267774,16.040516585639566,39.924713755395246,R
NQ.v.0,side,dovish,150,23.0,22.483287532989223,15.951306475389437,42.177759808429485,R
NQ.v.0,side,dovish,171,23.0,23.6471233430697,5.342374913970323,40.21054587806121,R
NQ.v.0,side,dovish,196,23.0,22.605211369429593,5.843193225652847,42.15209931303477,R
NQ.v.0,side,dovish,223,23.0,31.95073907059012,6.792939627139036,42.04308997609742,R
NQ.v.0,side,dovish,255,23.0,29.498960834258934,8.40119138517178,42.95215191625108,R
NQ.v.0,side,dovish,291,23.0,34.483724196178215,12.293185064948867,52.18034457821392,R
NQ.v.0,side,dovish,300,23.0,29.98867541663814,14.571316164272673,49.901609204149075,R
NQ.v.0,side,dovish,332,23.0,33.145166716997515,11.995561042118318,61.728440202057925,R
NQ.v.0,side,dovish,378,23.0,34.02379751272299,10.664334710912165,60.97268724313412,R
NQ.v.0,side,dovish,432,23.0,38.19156565781213,6.395848089448565,59.15461043620165,R
NQ.v.0,side,dovish,493,23.0,34.92703235696927,2.7651375368463627,50.880116428522385,R
NQ.v.0,side,dovish,562,23.0,38.43062557517583,6.183914415556137,44.900134723352934,R
NQ.v.0,side,dovish,600,23.0,32.09902907710374,-5.371122370804353,44.73417963503374,R
NQ.v.0,side,dovish,641,23.0,37.070363728170534,6.275324105962053,46.9334322961485,R
NQ.v.0,side,dovish,732,23.0,34.61928644361217,5.831109115833886,47.77341749075701,R
NQ.v.0,side,dovish,835,23.0,29.03138404880933,-0.35394186829769847,45.99282745865631,R
NQ.v.0,side,dovish,953,23.0,29.03138404880933,5.486739692358807,45.22869001037521,R
NQ.v.0,side,dovish,1087,23.0,28.211653790729514,8.38351589762954,42.73626140598894,R
NQ.v.0,side,dovish,1200,23.0,26.76158180809657,8.10443564001702,45.56554219642097,R
NQ.v.0,side,dovish,1240,23.0,29.682807409081143,-0.027257982049208707,42.78580656747312,R
NQ.v.0,side,dovish,1415,23.0,28.37991825053356,3.578998422697956,42.09100039706827,R
NQ.v.0,side,dovish,1615,23.0,27.474882644274434,1.8042947967204084,42.16492873341151,R
NQ.v.0,side,dovish,1800,23.0,20.902509153421732,0.38430474143236726,56.4061297663075,R
NQ.v.0,side,dovish,1843,23.0,26.017935431751688,2.2356293220687427,55.66637890487819,R
NQ.v.0,side,dovish,2103,23.0,25.451193747868658,7.018340577905966,61.162074720103575,R
NQ.v.0,side,dovish,2399,23.0,33.29873724148788,4.150056246312838,52.64945705873301,R
NQ.v.0,side,hawkish,1,46.0,0.0,-0.5432782915925414,0.6514232504108152,R
NQ.v.0,side,hawkish,2,46.0,-1.310212942282214,-11.226194016638702,0.5082237866506069,R
NQ.v.0,side,hawkish,3,46.0,-2.6563829672152943,-12.136881485667153,0.22117060913040987,R
NQ.v.0,side,hawkish,4,46.0,-2.2531052717414144,-13.300585419457997,0.22117060913040987,R
NQ.v.0,side,hawkish,5,46.0,-4.662631012369085,-10.549858576952108,0.0,R
NQ.v.0,side,hawkish,6,46.0,-5.9422316440985385,-15.731596003594692,-0.044260190910182545,R
NQ.v.0,side,hawkish,7,46.0,-6.759538178488192,-23.81274161078215,-0.02950670687476905,R
NQ.v.0,side,hawkish,8,46.0,-10.762163767401335,-22.457713743598003,0.13458829441045556,R
NQ.v.0,side,hawkish,9,46.0,-10.008161772149263,-19.149873429407293,-0.044260190910182545,R
NQ.v.0,side,hawkish,11,46.0,-8.081231431666753,-18.13177081228485,-0.7950064059519462,R
NQ.v.0,side,hawkish,12,46.0,-9.748635587226271,-18.75497218869406,0.21456871181041506,R
NQ.v.0,side,hawkish,14,46.0,-6.656146264033978,-19.22385386628261,0.6200828937591849,R
NQ.v.0,side,hawkish,16,46.0,-8.15255574161182,-16.60826928246066,0.6175009984824207,R
NQ.v.0,side,hawkish,18,46.0,-9.781483129073456,-20.27517624298606,0.5332661023035103,R
NQ.v.0,side,hawkish,21,46.0,-8.258998522762743,-21.137540005362027,0.9136104386834283,R
NQ.v.0,side,hawkish,24,46.0,-7.465773584654524,-23.371689916303957,1.5304371135691197,R
NQ.v.0,side,hawkish,27,46.0,-5.529286114452286,-20.94051902614552,2.3721007218186765,R
NQ.v.0,side,hawkish,30,46.0,-5.9033202831927785,-21.39039737737581,1.6997655831548588,R
NQ.v.0,side,hawkish,31,46.0,-5.67811799238741,-22.359647942466825,1.9362934644069902,R
NQ.v.0,side,hawkish,35,46.0,-5.9592600371531255,-26.284010374595386,2.538435488808523,R
NQ.v.0,side,hawkish,40,46.0,-5.017991812060417,-21.88766238948049,3.6396979089262795,R
NQ.v.0,side,hawkish,46,46.0,-7.844965969634513,-23.700924412770437,4.865053768921665,R
NQ.v.0,side,hawkish,52,46.0,-9.31732428044948,-20.4998000221341,7.514912294413229,R
NQ.v.0,side,hawkish,60,46.0,-8.522563716820677,-25.989467403099255,4.7758292471689705,R
NQ.v.0,side,hawkish,68,46.0,-11.080300014781027,-25.610538827852338,2.320729723313216,R
NQ.v.0,side,hawkish,78,46.0,-9.265979407037532,-30.90566121412394,3.1747252193998245,R
NQ.v.0,side,hawkish,89,46.0,-9.49901810490697,-32.82410427233897,1.794020343227012,R
NQ.v.0,side,hawkish,101,46.0,-8.145436654460202,-32.44712631503775,0.7549207984477537,R
NQ.v.0,side,hawkish,115,46.0,-9.744760083604113,-30.095485999522676,-0.15685547068452022,R
NQ.v.0,side,hawkish,132,46.0,-11.044991443243056,-27.155082735571334,3.714584022925569,R
NQ.v.0,side,hawkish,150,46.0,-10.572404955536339,-34.65495134645949,1.8292638860207555,R
NQ.v.0,side,hawkish,171,46.0,-9.194056167963533,-31.718618035609175,1.584583352228246,R
NQ.v.0,side,hawkish,196,46.0,-6.007695656324741,-35.213750194243204,2.703064364634154,R
NQ.v.0,side,hawkish,223,46.0,-5.989229312660512,-30.520415811514017,5.004833907855048,R
NQ.v.0,side,hawkish,255,46.0,-8.771323513955377,-27.245781473451487,6.489179287301736,R
NQ.v.0,side,hawkish,291,46.0,-6.5274888817531735,-27.02368675875656,6.460334310509187,R
NQ.v.0,side,hawkish,300,46.0,-8.610949054413721,-27.70651838125407,6.964799338068837,R
NQ.v.0,side,hawkish,332,46.0,-9.123525826369864,-27.605241390937817,8.358656029587173,R
NQ.v.0,side,hawkish,378,46.0,-7.382941812062018,-32.03330022145518,6.228871827421694,R
NQ.v.0,side,hawkish,432,46.0,-7.0878185997824,-31.96564607855749,9.95442678761744,R
NQ.v.0,side,hawkish,493,46.0,-0.727057988339225,-35.78699724368012,14.101493111008958,R
NQ.v.0,side,hawkish,562,46.0,-7.091178616937278,-41.02825891200585,11.08948814860582,R
NQ.v.0,side,hawkish,600,46.0,-6.280328851494044,-39.5159528822147,8.488341826733953,R
NQ.v.0,side,hawkish,641,46.0,-6.297306665515208,-35.091750976969195,13.939372329117614,R
NQ.v.0,side,hawkish,732,46.0,-5.6103294766372205,-30.022876828824295,8.127937051432907,R
NQ.v.0,side,hawkish,835,46.0,-1.9634703645247211,-35.692705111724706,9.787009938694485,R
NQ.v.0,side,hawkish,953,46.0,-5.172516918254195,-45.24017027461059,8.194208476071807,R
NQ.v.0,side,hawkish,1087,46.0,-5.308243861405807,-31.88986295248157,11.182053863667637,R
NQ.v.0,side,hawkish,1200,46.0,-6.502839419918541,-34.93024498024092,11.598757934111173,R
NQ.v.0,side,hawkish,1240,46.0,-4.647886615133006,-37.00342916418226,15.493849046227208,R
NQ.v.0,side,hawkish,1415,46.0,-9.576271663566098,-57.13391923073222,14.551239180143522,R
NQ.v.0,side,hawkish,1615,46.0,-8.86931777701654,-61.27454350093277,11.004535015296815,R
NQ.v.0,side,hawkish,1800,46.0,-12.364503288904146,-59.66957252105027,9.928940589298437,R
NQ.v.0,side,hawkish,1843,46.0,-13.94142519612539,-58.92572636160007,10.93166518876154,R
NQ.v.0,side,hawkish,2103,46.0,-7.276783759320874,-59.49041587965761,7.877684552217239,R
NQ.v.0,side,hawkish,2399,46.0,-4.392850505617049,-54.141791724742355,17.270103555111813,R
NQ.v.0,surprise,large,1,31.0,0.20745166377042898,-0.4909230914093181,2.400517519561294,R
NQ.v.0,surprise,large,2,31.0,-0.9723685284383433,-12.156152256781628,10.181010565739806,R
NQ.v.0,surprise,large,3,31.0,-1.0746044122852259,-12.529138735225311,10.187398343503478,R
NQ.v.0,surprise,large,4,31.0,-2.5023698421123814,-13.316977737581935,10.142651249233351,R
NQ.v.0,surprise,large,5,31.0,-3.7666360200917746,-13.88042150648997,8.191849160134051,R
NQ.v.0,surprise,large,6,31.0,-5.374177208481325,-16.889370005459618,9.606614835862267,R
NQ.v.0,surprise,large,7,31.0,-6.817063119848331,-24.79643230561304,8.042470535396511,R
NQ.v.0,surprise,large,8,31.0,-10.858998251294961,-24.920257545863322,8.144081407825151,R
NQ.v.0,surprise,large,9,31.0,-13.02124238307509,-25.983233585472185,8.778059176201316,R
NQ.v.0,surprise,large,11,31.0,-14.10705315203573,-25.945679861386783,7.338686490174375,R
NQ.v.0,surprise,large,12,31.0,-14.359525505984466,-22.013165426225633,9.109925925705445,R
NQ.v.0,surprise,large,14,31.0,-12.105686927630552,-26.055476776150133,8.969683768051055,R
NQ.v.0,surprise,large,16,31.0,-12.122438094287437,-23.698606480355153,2.1670254304518886,R
NQ.v.0,surprise,large,18,31.0,-12.735509684634467,-27.621344362917124,4.077248665133766,R
NQ.v.0,surprise,large,21,31.0,-8.094917310413004,-22.017802751931537,7.785153152592411,R
NQ.v.0,surprise,large,24,31.0,-8.585208718615375,-24.714486764119858,8.24725837249526,R
NQ.v.0,surprise,large,27,31.0,-6.4292044898223395,-28.091829614239362,13.276355105689372,R
NQ.v.0,surprise,large,30,31.0,-7.806070464347908,-25.892272332422692,14.3248227108997,R
NQ.v.0,surprise,large,31,31.0,-8.094917310413004,-26.51793089234416,14.592783870816021,R
NQ.v.0,surprise,large,35,31.0,-7.069636208198944,-33.68311716479235,14.841083107681865,R
NQ.v.0,surprise,large,40,31.0,-7.881108266515946,-32.47802157798067,20.773991748578233,R
NQ.v.0,surprise,large,46,31.0,-4.502729856004859,-27.17123933154337,21.003090066087896,R
NQ.v.0,surprise,large,52,31.0,-3.9397777349342102,-30.411826397327147,22.83419272424205,R
NQ.v.0,surprise,large,60,31.0,-6.66023293012482,-35.10708078882923,20.92370817841565,R
NQ.v.0,surprise,large,68,31.0,-11.56650598908028,-37.87598095605175,20.005450543783194,R
NQ.v.0,surprise,large,78,31.0,-15.913715673852588,-44.25199117003456,21.863980618800987,R
NQ.v.0,surprise,large,89,31.0,-19.706431177161416,-43.16041551597329,22.513679466652558,R
NQ.v.0,surprise,large,101,31.0,-22.532016861063383,-43.31050800664364,18.271674225242748,R
NQ.v.0,surprise,large,115,31.0,-26.39629470822679,-39.26903727944826,22.3989739190999,R
NQ.v.0,surprise,large,132,31.0,-20.65613686173758,-40.65985008878992,19.25481799121566,R
NQ.v.0,surprise,large,150,31.0,-19.300027173854115,-41.02767686952731,21.918131057165652,R
NQ.v.0,surprise,large,171,31.0,-21.983100869777463,-41.14395191525736,19.716367886900358,R
NQ.v.0,surprise,large,196,31.0,-5.965940083666614,-47.690912700914694,21.947859274360898,R
NQ.v.0,surprise,large,223,31.0,-6.273704828353719,-48.986626851943576,32.96405869999839,R
NQ.v.0,surprise,large,255,31.0,-16.548264782403244,-53.0455500231312,32.46306087183049,R
NQ.v.0,surprise,large,291,31.0,-20.943731868666276,-56.02835575659452,35.61142179133695,R
NQ.v.0,surprise,large,300,31.0,-14.607350728577815,-56.81223232916527,37.80061513752681,R
NQ.v.0,surprise,large,332,31.0,-6.824692955328756,-62.670384659810416,35.30266122009253,R
NQ.v.0,surprise,large,378,31.0,-8.920350499432224,-68.55729814951385,46.1020573391134,R
NQ.v.0,surprise,large,432,31.0,-13.49040973861525,-70.39662423764591,47.21057736499295,R
NQ.v.0,surprise,large,493,31.0,0.15675823960905585,-62.18259269889464,38.12254218250702,R
NQ.v.0,surprise,large,562,31.0,-7.936130442083408,-64.86987674731574,42.070668731650265,R
NQ.v.0,surprise,large,600,31.0,-13.407695742585917,-62.82590859611394,39.86890633871611,R
NQ.v.0,surprise,large,641,31.0,-7.527286768661571,-63.846317782765595,38.66642875025207,R
NQ.v.0,surprise,large,732,31.0,-12.519518410673285,-63.552808024056745,34.20393339108698,R
NQ.v.0,surprise,large,835,31.0,-9.49613032138737,-69.65774314818776,28.89149366363823,R
NQ.v.0,surprise,large,953,31.0,-22.387881027450753,-69.7742242949122,26.929178377195214,R
NQ.v.0,surprise,large,1087,31.0,-20.65613686173758,-73.71589925042662,25.022423525899086,R
NQ.v.0,surprise,large,1200,31.0,-32.664727139848225,-65.57700604177438,26.587126379561752,R
NQ.v.0,surprise,large,1240,31.0,-13.621770990283514,-67.91629760111525,23.78195575349308,R
NQ.v.0,surprise,large,1415,31.0,-21.34262952312929,-69.4473489556818,22.202218187874177,R
NQ.v.0,surprise,large,1615,31.0,-17.67031382822545,-64.05089402571954,24.502998045530497,R
NQ.v.0,surprise,large,1800,31.0,-16.78734597276451,-70.765024087689,20.486258067547496,R
NQ.v.0,surprise,large,1843,31.0,-19.80977839450194,-73.91182198022773,22.69377547117955,R
NQ.v.0,surprise,large,2103,31.0,-15.399785719389433,-68.10556926587564,31.62084910187981,R
NQ.v.0,surprise,large,2399,31.0,-5.65195290013278,-63.2826879374564,33.070883983169495,R
NQ.v.0,surprise,medium,1,30.0,0.0,-0.4750955365999979,1.0094213424720428,R
NQ.v.0,surprise,medium,2,30.0,-0.14753484036330097,-2.399701368494457,1.7531042657156715,R
NQ.v.0,surprise,medium,3,30.0,-0.21187165646373732,-3.4619856599740197,0.9296470373415388,R
NQ.v.0,surprise,medium,4,30.0,-0.3873094870808234,-3.826514753766439,0.7656386119328261,R
NQ.v.0,surprise,medium,5,30.0,-0.25597001239996353,-3.672217697512512,0.9980408764287806,R
NQ.v.0,surprise,medium,6,30.0,-0.08852038182036509,-2.4597773579860385,1.0322370943276145,R
NQ.v.0,surprise,medium,7,30.0,-0.0590134137495381,-4.148715638072426,1.847857489247489,R
NQ.v.0,surprise,medium,8,30.0,-0.08852038182036509,-5.400947623379653,1.8176065863184763,R
NQ.v.0,surprise,medium,9,30.0,-0.33200118340736895,-5.3990728269054316,1.857432308957022,R
NQ.v.0,surprise,medium,11,30.0,-0.5922531231570292,-3.2607109628130213,2.62519557580214,R
NQ.v.0,surprise,medium,12,30.0,0.20653182508051993,-3.640978520073464,3.659672851170969,R
NQ.v.0,surprise,medium,14,30.0,0.52445078401799,-6.587793344967933,4.4961042042678265,R
NQ.v.0,surprise,medium,16,30.0,-0.148935853339138,-8.957442603612957,6.929503968876384,R
NQ.v.0,surprise,medium,18,30.0,-0.39646354538479145,-9.269724477519446,7.307951332571987,R
NQ.v.0,surprise,medium,21,30.0,-0.306032493610907,-9.190683139094666,7.961082178686343,R
NQ.v.0,surprise,medium,24,30.0,1.9606969372912442,-7.633597837354036,10.596621077460373,R
NQ.v.0,surprise,medium,27,30.0,2.3589380233528967,-5.457822818447432,10.316920798571434,R
NQ.v.0,surprise,medium,30,30.0,1.4749329049252442,-6.00313377682101,10.878078058416753,R
NQ.v.0,surprise,medium,31,30.0,1.6063532402534735,-5.9508218607558145,11.724153232436619,R
NQ.v.0,surprise,medium,35,30.0,2.43423466827152,-5.348592606641116,11.642020141878412,R
NQ.v.0,surprise,medium,40,30.0,3.521007057927655,-4.901566359406923,8.7843057474523,R
NQ.v.0,surprise,medium,46,30.0,5.322374243362407,-4.913541525675262,11.839181165628471,R
NQ.v.0,surprise,medium,52,30.0,4.180259471798474,-8.276167715632834,12.316212721707869,R
NQ.v.0,surprise,medium,60,30.0,4.696110935965556,-8.38734177633301,13.176681105636188,R
NQ.v.0,surprise,medium,68,30.0,4.5828216892158675,-8.320361839930374,12.518566553357106,R
NQ.v.0,surprise,medium,78,30.0,4.28931725471459,-2.7049613627426305,11.992869431644685,R
NQ.v.0,surprise,medium,89,30.0,4.374842984859892,-4.1336070265951825,15.838181112970355,R
NQ.v.0,surprise,medium,101,30.0,3.015710870153035,-3.4941037068224556,12.191753650528923,R
NQ.v.0,surprise,medium,115,30.0,4.039051012368681,-6.821411518065899,13.682520221545149,R
NQ.v.0,surprise,medium,132,30.0,4.917680662419526,-1.839880076432049,14.234769587134355,R
NQ.v.0,surprise,medium,150,30.0,1.3963581338742113,-6.981475826444814,7.261108819853056,R
NQ.v.0,surprise,medium,171,30.0,-0.0028724565375811556,-6.898230082472348,4.777662681261935,R
NQ.v.0,surprise,medium,196,30.0,0.1252933970699593,-8.300566564239375,5.2274040715726,R
NQ.v.0,surprise,medium,223,30.0,-1.9623366671892413,-8.087839042085928,8.943064657782747,R
NQ.v.0,surprise,medium,255,30.0,-2.963300000480821,-8.859598950759285,11.872463601915053,R
NQ.v.0,surprise,medium,291,30.0,-0.7068312613489617,-8.711822462241184,15.429131163946405,R
NQ.v.0,surprise,medium,300,30.0,-1.0703159397393012,-11.157738835467299,17.009649094728207,R
NQ.v.0,surprise,medium,332,30.0,1.7977140795392115,-12.21956556799323,11.735575793784665,R
NQ.v.0,surprise,medium,378,30.0,4.032987516737656,-7.753439874782391,12.731653257889997,R
NQ.v.0,surprise,medium,432,30.0,3.360204557274011,-10.597914969697888,13.693424009093745,R
NQ.v.0,surprise,medium,493,30.0,7.3616816663434825,-5.793491848930911,18.91094257860839,R
NQ.v.0,surprise,medium,562,30.0,7.5406563318852395,-12.833481069459188,18.557914799474393,R
NQ.v.0,surprise,medium,600,30.0,6.549007501576756,-9.192673627245366,18.616528842797194,R
NQ.v.0,surprise,medium,641,30.0,7.495665620276737,-8.965705547954554,19.22612687954034,R
NQ.v.0,surprise,medium,732,30.0,7.034435539953115,-6.146825572567209,22.32497184970186,R
NQ.v.0,surprise,medium,835,30.0,8.29891325923897,-8.48155608228008,24.33185315755726,R
NQ.v.0,surprise,medium,953,30.0,6.967570712855903,-9.077648448628588,24.538026756658134,R
NQ.v.0,surprise,medium,1087,30.0,9.220359381042194,-5.345234430488556,21.528069922646193,R
NQ.v.0,surprise,medium,1200,30.0,8.46329163165422,-10.198309679459355,23.536872208646113,R
NQ.v.0,surprise,medium,1240,30.0,13.708140495318272,-8.929560255274506,23.69144823614914,R
NQ.v.0,surprise,medium,1415,30.0,11.956538939706553,-13.335013511780533,25.351061063807634,R
NQ.v.0,surprise,medium,1615,30.0,0.4773423450245738,-7.596273371342734,24.235912293670673,R
NQ.v.0,surprise,medium,1800,30.0,3.4694845410417963,-12.039295288917918,18.658354839016823,R
NQ.v.0,surprise,medium,1843,30.0,4.341262384459837,-15.866034767099471,21.522100670830252,R
NQ.v.0,surprise,medium,2103,30.0,3.057585949435561,-14.351199828191222,12.611294711022826,R
NQ.v.0,surprise,medium,2399,30.0,4.961555050571706,-24.278063781937654,26.449179970585,R
NQ.v.0,surprise,small,1,8.0,0.09203295240871869,-0.7194100405263298,0.9976885545163972,R
NQ.v.0,surprise,small,2,8.0,0.35116610026038975,-0.7509438447648331,0.8516087114061223,R
NQ.v.0,surprise,small,3,8.0,0.5889173817093531,-0.9262397585017264,1.8252180267138045,R
NQ.v.0,surprise,small,4,8.0,0.22298575058242437,-3.1472310668695034,2.6446638880362223,R
NQ.v.0,surprise,small,5,8.0,-0.741317322236911,-5.780908778004379,1.238583468377608,R
NQ.v.0,surprise,small,6,8.0,-0.3312735108093498,-6.697721663406974,2.5227171266076294,R
NQ.v.0,surprise,small,7,8.0,-2.5995794581320646,-6.8061745472740105,2.608387327798894,R
NQ.v.0,surprise,small,8,8.0,-0.21770970066239692,-4.355730422743971,1.649446684822439,R
NQ.v.0,surprise,small,9,8.0,0.28670718289967817,-6.823531170906348,3.138404348373492,R
NQ.v.0,surprise,small,11,8.0,-1.372994987660742,-9.705440658318011,2.1280818091097267,R
NQ.v.0,surprise,small,12,8.0,-2.1049075904186108,-9.626159319703184,2.9299437001642956,R
NQ.v.0,surprise,small,14,8.0,-1.7997558733174572,-7.448545275505065,0.6848269778560818,R
NQ.v.0,surprise,small,16,8.0,0.03842663994854281,-3.562859310265142,2.980729432044951,R
NQ.v.0,surprise,small,18,8.0,2.027218203988123,-1.6543633843486116,6.493464661489899,R
NQ.v.0,surprise,small,21,8.0,1.903435924077058,-1.781836143565828,5.648165027254867,R
NQ.v.0,surprise,small,24,8.0,1.7287295815722692,-0.2451288510552134,5.491731706906549,R
NQ.v.0,surprise,small,27,8.0,5.568915757394444,0.08215820896831594,8.417910864879513,R
NQ.v.0,surprise,small,30,8.0,7.843415097279426,0.5804533303523374,10.227804904564035,R
NQ.v.0,surprise,small,31,8.0,7.311298188857387,0.4835663272297809,9.223797173629903,R
NQ.v.0,surprise,small,35,8.0,5.116984368246772,1.3318132925106587,7.828593593204888,R
NQ.v.0,surprise,small,40,8.0,4.015339571255183,-0.4068070563059649,8.140914507616722,R
NQ.v.0,surprise,small,46,8.0,6.089221530564859,-1.4324056731779145,9.576735270927427,R
NQ.v.0,surprise,small,52,8.0,6.660753382259347,0.24977597368236282,10.083387438440855,R
NQ.v.0,surprise,small,60,8.0,8.408284099916246,0.7975729730162522,14.31196607683416,R
NQ.v.0,surprise,small,68,8.0,4.662033955826631,0.348695769524876,11.49757153919671,R
NQ.v.0,surprise,small,78,8.0,4.940397266483134,0.40479506732555226,13.153684385420174,R
NQ.v.0,surprise,small,89,8.0,3.987211717427617,0.724375719546987,14.230502156997314,R
NQ.v.0,surprise,small,101,8.0,3.861781297792689,0.6900577105399661,12.505454288372508,R
NQ.v.0,surprise,small,115,8.0,0.40724639025212905,-5.133823206916771,14.27713269064922,R
NQ.v.0,surprise,small,132,8.0,11.341248526859225,3.0410520674392645,16.906391111569953,R
NQ.v.0,surprise,small,150,8.0,13.580513558718398,5.430706389493928,19.442812088346997,R
NQ.v.0,surprise,small,171,8.0,11.68176726260025,6.478981213247188,16.55951905599227,R
NQ.v.0,surprise,small,196,8.0,6.253870824339444,4.985977791892823,15.605658656919397,R
NQ.v.0,surprise,small,223,8.0,7.603443519677443,6.3770214748763445,23.394786822604,R
NQ.v.0,surprise,small,255,8.0,15.923061317961576,7.666146329376766,27.992710261751235,R
NQ.v.0,surprise,small,291,8.0,15.61122863966619,5.856568819513716,34.61519933031816,R
NQ.v.0,surprise,small,300,8.0,14.693312844297475,5.028667937926006,33.186100817010924,R
NQ.v.0,surprise,small,332,8.0,8.120264145471594,2.7220534452574388,32.0879638406959,R
NQ.v.0,surprise,small,378,8.0,10.346336284347451,-4.1086671943889,23.81475226645742,R
NQ.v.0,surprise,small,432,8.0,7.642610527208807,-5.474948062514822,21.0876444130605,R
NQ.v.0,surprise,small,493,8.0,5.016385627372892,-4.27885361950874,17.335891306087383,R
NQ.v.0,surprise,small,562,8.0,4.4073299864287385,-2.3138516400905367,18.208248771534898,R
NQ.v.0,surprise,small,600,8.0,6.159597557033091,-5.169641920653976,21.315842240769406,R
NQ.v.0,surprise,small,641,8.0,11.380164271559316,-4.028921007476896,21.349136586419124,R
NQ.v.0,surprise,small,732,8.0,9.460767554562127,-4.273993761630769,24.633752453128782,R
NQ.v.0,surprise,small,835,8.0,11.143604045998641,-0.8308629831171075,25.253749088047996,R
NQ.v.0,surprise,small,953,8.0,8.171975193161618,-1.075828511625211,33.82295314240185,R
NQ.v.0,surprise,small,1087,8.0,8.065621742838335,-2.48562102114329,32.17169444966865,R
NQ.v.0,surprise,small,1200,8.0,12.297089573054583,-1.6381880917900684,25.97328123978078,R
NQ.v.0,surprise,small,1240,8.0,13.786270517152698,-3.424314811692724,25.37872305180695,R
NQ.v.0,surprise,small,1415,8.0,17.46653003494227,0.7185754830193565,24.991293543395113,R
NQ.v.0,surprise,small,1615,8.0,17.067966585268778,-2.364215471208925,32.218110423640006,R
NQ.v.0,surprise,small,1800,8.0,17.408620386246383,-3.4923444315659893,31.521871654108264,R
NQ.v.0,surprise,small,1843,8.0,17.292827534774673,-0.34382501052687786,31.79890544746062,R
NQ.v.0,surprise,small,2103,8.0,17.957571794092576,6.57780911435316,31.259546735311936,R
NQ.v.0,surprise,small,2399,8.0,18.80779888993242,15.896644554893795,26.981962882646297,R
ZN.v.0,action,cut,1,7.0,0.0,0.0,0.6462922792351926,R
ZN.v.0,action,cut,2,7.0,-1.3793103470139874,-8.44455750404962,0.9667912793697433,R
ZN.v.0,action,cut,3,7.0,-2.7588109699776835,-7.840619829683083,1.0631888617871161,R
ZN.v.0,action,cut,4,7.0,-1.3793103470139874,-7.236755094649933,1.0631888617871161,R
ZN.v.0,action,cut,5,7.0,-2.7588109699776835,-7.235082742561692,-0.7089181920282348,R
ZN.v.0,action,cut,6,7.0,-3.544967955164863,-7.233555812882667,-0.7670356128209743,R
ZN.v.0,action,cut,7,7.0,-3.544967955164863,-7.835820328185733,-0.7670356128209743,R
ZN.v.0,action,cut,8,7.0,-4.9633070824270655,-8.438157396737415,-0.7670356128209743,R
ZN.v.0,action,cut,9,7.0,-2.7588109699776835,-8.136979792212976,0.0,R
ZN.v.0,action,cut,11,7.0,-2.4499295767794056,-6.9297606157081475,-1.0441017053960469,R
ZN.v.0,action,cut,12,7.0,-4.223355216776962,-6.965990067430308,2.1261516975227814,R
ZN.v.0,action,cut,14,7.0,-4.900459516138426,-8.738153052445702,1.4364965240157876,R
ZN.v.0,action,cut,16,7.0,-6.125949713750754,-10.848231553178776,-2.069250960696634,R
ZN.v.0,action,cut,18,7.0,-6.125949713750754,-10.848231553178776,-2.069250960696634,R
ZN.v.0,action,cut,21,7.0,-6.637502129341539,-10.471430983686975,-5.132225817572011,R
ZN.v.0,action,cut,24,7.0,-4.223355216776962,-9.988809322677833,-3.1326659446773326,R
ZN.v.0,action,cut,27,7.0,-5.430355821742984,-9.16987968600289,-3.8681666693795687,R
ZN.v.0,action,cut,30,7.0,-6.622317451012693,-8.350888339890929,-2.820595800416716,R
ZN.v.0,action,cut,31,7.0,-5.430355821742984,-7.047882001337633,-1.504800324357024,R
ZN.v.0,action,cut,35,7.0,-5.672552091412492,-9.418598184346774,-1.856528769018738,R
ZN.v.0,action,cut,40,7.0,-8.278717271729235,-9.384925441349946,-2.149324031742384,R
ZN.v.0,action,cut,46,7.0,-8.510035262893622,-8.814806371029828,-5.042184483212222,R
ZN.v.0,action,cut,52,7.0,-8.510035262893622,-10.644614251300151,-3.1483217835285897,R
ZN.v.0,action,cut,60,7.0,-10.259815619806268,-11.801989123947198,-5.732410878565458,R
ZN.v.0,action,cut,68,7.0,-11.03981344444456,-11.801989123947198,-9.043331050712547,R
ZN.v.0,action,cut,78,7.0,-11.03981344444456,-16.192016737733155,-7.236755094649933,R
ZN.v.0,action,cut,89,7.0,-11.348323793975544,-16.13628026400956,-6.9364323159646535,R
ZN.v.0,action,cut,101,7.0,-11.348323793975544,-15.541904176541259,-9.345345340578948,R
ZN.v.0,action,cut,115,7.0,-9.929078829913154,-11.25773503686256,-6.158194255830921,R
ZN.v.0,action,cut,132,7.0,-12.767770212256359,-13.666857670964912,-7.285307623480184,R
ZN.v.0,action,cut,150,7.0,-12.767770212256359,-16.078094079139824,-6.509313294891976,R
ZN.v.0,action,cut,171,7.0,-11.348323793975544,-16.078094079139824,-4.698156549659611,R
ZN.v.0,action,cut,196,7.0,-12.25565445391885,-14.019543536779663,-7.3716245972317385,R
ZN.v.0,action,cut,223,7.0,-9.803321660071022,-14.019543536779663,-6.077942691564763,R
ZN.v.0,action,cut,255,7.0,-11.029412882794032,-13.309719571930636,-5.3880020253674035,R
ZN.v.0,action,cut,291,7.0,-6.637502129341539,-12.70709211549417,-4.519480718765847,R
ZN.v.0,action,cut,300,7.0,-6.637502129341539,-12.10453728227565,-3.9068107020703153,R
ZN.v.0,action,cut,332,7.0,-9.803321660071022,-11.394814073135242,-4.784428871568126,R
ZN.v.0,action,cut,378,7.0,-11.44130435229494,-13.931461047106426,-4.698156549659611,R
ZN.v.0,action,cut,432,7.0,-9.03152061872219,-11.995369901012719,-4.267441766532092,R
ZN.v.0,action,cut,493,7.0,-5.518383253787988,-9.253229789400216,-3.010580379002986,R
ZN.v.0,action,cut,562,7.0,-5.518383253787988,-10.575822727023283,-3.0117427717882013,R
ZN.v.0,action,cut,600,7.0,-6.622317451012693,-10.76950412717356,-2.370864593724118,R
ZN.v.0,action,cut,641,7.0,-6.898455019710838,-11.00713231178662,-3.967870343916779,R
ZN.v.0,action,cut,732,7.0,-5.518383253787988,-12.10453728227565,-4.561907366457694,R
ZN.v.0,action,cut,835,7.0,-6.898455019710838,-12.989170380974738,-0.8870128542405613,R
ZN.v.0,action,cut,953,7.0,-5.672552091412492,-11.580534828221335,-0.8870128542405613,R
ZN.v.0,action,cut,1087,7.0,-4.138501921393268,-12.776337754953833,0.9407794813565138,R
ZN.v.0,action,cut,1200,7.0,-5.518383253787988,-16.004488286857903,1.5352710312768676,R
ZN.v.0,action,cut,1240,7.0,-5.518383253787988,-17.211124793468308,2.1562041555280067,R
ZN.v.0,action,cut,1415,7.0,-5.518383253787988,-16.110800997371527,0.9407794813565138,R
ZN.v.0,action,cut,1615,7.0,-9.659170062435708,-14.408314646515699,-0.8870128542405613,R
ZN.v.0,action,cut,1800,7.0,-8.278717271729235,-15.118037855656107,0.34592173169791707,R
ZN.v.0,action,cut,1843,7.0,-8.278717271729235,-13.805469215353689,-0.25765142210136105,R
ZN.v.0,action,cut,2103,7.0,-9.929078829913154,-16.881782559872224,-1.4568810885287666,R
ZN.v.0,action,cut,2399,7.0,-18.71698659627263,-27.37074429628764,-12.318833809407522,R
ZN.v.0,action,hike,1,17.0,0.0,0.0,0.6821980423558236,R
ZN.v.0,action,hike,2,17.0,-4.410791808627078,-13.050796920551788,0.6595653466765837,R
ZN.v.0,action,hike,3,17.0,-4.040676194783925,-13.738153005642788,0.6468932951776691,R
ZN.v.0,action,hike,4,17.0,-4.410791808627078,-14.401678320559393,6.143261036059501,R
ZN.v.0,action,hike,5,17.0,-4.410791808627078,-13.050796920551788,6.348803463840831,R
ZN.v.0,action,hike,6,17.0,-4.618175902629422,-13.738153005642788,5.714104469625572,R
ZN.v.0,action,hike,7,17.0,-5.938046557221984,-14.425556339819162,6.983462176331427,R
ZN.v.0,action,hike,8,17.0,-6.598047217461892,-12.363488078053441,8.25265877658626,R
ZN.v.0,action,hike,9,17.0,-4.618175902629422,-10.561303128112783,4.91491070900211,R
ZN.v.0,action,hike,11,17.0,-1.3981125503378735,-12.436591359138045,3.2340480861427197,R
ZN.v.0,action,hike,12,17.0,-6.284565314939375,-18.384235593608118,5.820533713235849,R
ZN.v.0,action,hike,14,17.0,-5.881488186011749,-17.030556928026616,7.113525698486882,R
ZN.v.0,action,hike,16,17.0,-6.543646353113518,-15.613865566474585,6.143261036059501,R
ZN.v.0,action,hike,18,17.0,-6.616917493200724,-16.339872916550238,6.143261036059501,R
ZN.v.0,action,hike,21,17.0,-3.9583058967814204,-15.80050478141894,3.391095017067405,R
ZN.v.0,action,hike,24,17.0,-3.6755247225272947,-17.021280705304182,0.6468932951776691,R
ZN.v.0,action,hike,27,17.0,-7.541952466099363,-19.747376271836306,4.527374523537791,R
ZN.v.0,action,hike,30,17.0,-6.598047217461892,-19.238703199335266,11.876071115360833,R
ZN.v.0,action,hike,31,17.0,-5.938046557221984,-19.926484760182277,10.479618103733834,R
ZN.v.0,action,hike,35,17.0,-3.9583058967814204,-19.747376271836306,8.384572878011612,R
ZN.v.0,action,hike,40,17.0,0.0,-22.4742152007245,2.7956388216752273,R
ZN.v.0,action,hike,46,17.0,-1.3567600590650617,-17.021280705304182,5.275305100906673,R
ZN.v.0,action,hike,52,17.0,-2.2051527157607724,-12.933530273673883,10.094553163802043,R
ZN.v.0,action,hike,60,17.0,-4.91732753162527,-12.933530273673883,11.876071115360833,R
ZN.v.0,action,hike,68,17.0,-6.616917493200724,-12.933530273673883,10.479618103733834,R
ZN.v.0,action,hike,78,17.0,-6.284565314939375,-13.575891305828627,6.057954615986335,R
ZN.v.0,action,hike,89,17.0,-6.147037321664877,-14.401678320559393,4.712059593767135,R
ZN.v.0,action,hike,101,17.0,-6.147037321664877,-17.022395101593727,6.057954615986335,R
ZN.v.0,action,hike,115,17.0,-4.91732753162527,-14.934494663668548,7.911914436595631,R
ZN.v.0,action,hike,132,17.0,-4.91732753162527,-12.940577320910286,11.876071115360833,R
ZN.v.0,action,hike,150,17.0,-6.124323964006115,-14.913319112745743,10.094553163802043,R
ZN.v.0,action,hike,171,17.0,-8.799497739386423,-15.613865566474585,9.082970056771602,R
ZN.v.0,action,hike,196,17.0,-5.027336246147312,-17.401036023393008,9.082970056771602,R
ZN.v.0,action,hike,223,17.0,-4.968635590697297,-18.333011092985586,9.082970056771602,R
ZN.v.0,action,hike,255,17.0,-3.7262452300482303,-19.64379887831986,6.289088638862702,R
ZN.v.0,action,hike,291,17.0,-8.69673306149044,-19.75813962478731,5.275305100906673,R
ZN.v.0,action,hike,300,17.0,-7.453879468043518,-19.75813962478731,4.891855158876225,R
ZN.v.0,action,hike,332,17.0,-11.571318038900815,-26.421756689620594,11.876071115360833,R
ZN.v.0,action,hike,378,17.0,-8.847450129652957,-26.20031629127107,6.593696665109654,R
ZN.v.0,action,hike,432,17.0,-9.559175697581576,-24.88866886021881,7.686126919982942,R
ZN.v.0,action,hike,493,17.0,-3.6877689416094115,-23.577193448503373,4.891855158876225,R
ZN.v.0,action,hike,562,17.0,-3.3671167697494675,-25.161993523429462,3.956739698153056,R
ZN.v.0,action,hike,600,17.0,-4.968635590697297,-25.161993523429462,2.6380004109992585,R
ZN.v.0,action,hike,641,17.0,-8.69673306149044,-22.64294319207854,3.494426425465989,R
ZN.v.0,action,hike,732,17.0,-3.4019391380990918,-22.265890011009745,4.96616808269916,R
ZN.v.0,action,hike,835,17.0,-3.4019391380990918,-21.302189811189645,10.547828784640533,R
ZN.v.0,action,hike,953,17.0,-4.91732753162527,-24.88866886021881,9.229958461173457,R
ZN.v.0,action,hike,1087,17.0,-6.124323964006115,-23.577193448503373,11.865525452776145,R
ZN.v.0,action,hike,1200,17.0,-6.061626722057944,-23.577193448503373,9.929871106992339,R
ZN.v.0,action,hike,1240,17.0,-7.4091540115236905,-21.122210012933948,7.448327574187895,R
ZN.v.0,action,hike,1415,17.0,-4.763038908814191,-24.88866886021881,5.275305100906673,R
ZN.v.0,action,hike,1615,17.0,-6.124323964006115,-19.69106051287104,7.911914436595631,R
ZN.v.0,action,hike,1800,17.0,-6.29304639164979,-28.824127391924925,13.183048511334844,R
ZN.v.0,action,hike,1843,17.0,-7.692039119169678,-28.941759222957927,9.69900822856395,R
ZN.v.0,action,hike,2103,17.0,-15.49813321901688,-31.65374942291202,8.689176316318735,R
ZN.v.0,action,hike,2399,17.0,-2.0595201390887325,-27.94535438244906,10.99149885980612,R
ZN.v.0,action,hold,1,45.0,0.0,-0.7070385692490316,0.0,R
ZN.v.0,action,hold,2,45.0,0.0,-4.189233730736011,2.111115028423027,R
ZN.v.0,action,hold,3,45.0,0.0,-3.2116132209124606,2.1208158150958636,R
ZN.v.0,action,hold,4,45.0,0.0,-4.196978237319847,2.8276544794656333,R
ZN.v.0,action,hold,5,45.0,0.0,-5.668041843341536,2.433534111905893,R
ZN.v.0,action,hold,6,45.0,-1.1330160900409507,-5.815982483355155,3.5344431852769023,R
ZN.v.0,action,hold,7,45.0,-1.1941724399197626,-7.481297107043313,5.628649976226384,R
ZN.v.0,action,hold,8,45.0,0.0,-7.481297107043313,5.628649976226384,R
ZN.v.0,action,hold,9,45.0,0.0,-9.655422873109659,6.361098564142886,R
ZN.v.0,action,hold,11,45.0,0.0,-11.729518675166329,6.420133759299955,R
ZN.v.0,action,hold,12,45.0,-1.124859393762185,-10.555947496728319,5.390028577866158,R
ZN.v.0,action,hold,14,45.0,-1.124859393762185,-8.705385452147091,7.035317582992476,R
ZN.v.0,action,hold,16,45.0,-1.2495314273406677,-10.60183157577541,8.632473020066739,R
ZN.v.0,action,hold,18,45.0,-2.2498453326246213,-12.438586092817324,7.703666041897789,R
ZN.v.0,action,hold,21,45.0,-2.388487501651715,-11.84797320025976,7.703666041897789,R
ZN.v.0,action,hold,24,45.0,-2.388487501651715,-12.993150894796818,10.270236476262525,R
ZN.v.0,action,hold,27,45.0,-2.4992190070731723,-13.17207710507718,10.270236476262525,R
ZN.v.0,action,hold,30,45.0,-2.2498453326246213,-11.973898335371784,7.975215906900745,R
ZN.v.0,action,hold,31,45.0,-2.2498453326246213,-10.62950377630509,6.748673528324668,R
ZN.v.0,action,hold,35,45.0,-2.2498453326246213,-11.811257500204857,6.937655981332553,R
ZN.v.0,action,hold,40,45.0,-2.2498453326246213,-11.811257500204857,8.19853103028546,R
ZN.v.0,action,hold,46,45.0,0.0,-10.775863111702483,5.97442961969654,R
ZN.v.0,action,hold,52,45.0,-2.2498453326246213,-12.767899591328408,9.207777680691649,R
ZN.v.0,action,hold,60,45.0,-1.1941724399197626,-12.596222799140602,7.999754280354693,R
ZN.v.0,action,hold,68,45.0,0.0,-12.596222799140602,6.937655981332553,R
ZN.v.0,action,hold,78,45.0,0.0,-12.527841282155894,12.660010130917431,R
ZN.v.0,action,hold,89,45.0,0.0,-9.067725189184051,10.070494305260034,R
ZN.v.0,action,hold,101,45.0,-1.1953143691020782,-11.335941813595097,7.713569836723493,R
ZN.v.0,action,hold,115,45.0,-1.1953143691020782,-12.470243085229141,9.343757492960156,R
ZN.v.0,action,hold,132,45.0,-2.2720818047187,-11.335941813595097,8.514779738384712,R
ZN.v.0,action,hold,150,45.0,-1.1359763729134524,-14.845713376632604,11.68979122259556,R
ZN.v.0,action,hold,171,45.0,-1.4003640969531184,-15.694799792997449,11.55327471256307,R
ZN.v.0,action,hold,196,45.0,-1.4003640969531184,-13.964044859422788,10.946242883303643,R
ZN.v.0,action,hold,223,45.0,-1.4003640969531184,-9.949630818938598,8.632473020066739,R
ZN.v.0,action,hold,255,45.0,-1.2006243260912441,-9.447889690090145,12.161752791205764,R
ZN.v.0,action,hold,291,45.0,0.0,-10.775863111702483,13.240442021319467,R
ZN.v.0,action,hold,300,45.0,0.0,-12.527841282155894,13.240442021319467,R
ZN.v.0,action,hold,332,45.0,0.0,-9.949630818938598,14.836273871923035,R
ZN.v.0,action,hold,378,45.0,1.195171508533029,-9.187604448542244,14.004623814036947,R
ZN.v.0,action,hold,432,45.0,0.0,-11.635349500469342,14.004623814036947,R
ZN.v.0,action,hold,493,45.0,-1.1941724399197626,-9.795690679737946,13.170499988109547,R
ZN.v.0,action,hold,562,45.0,0.0,-11.635349500469342,14.366958472427095,R
ZN.v.0,action,hold,600,45.0,-1.2495314273406677,-11.194031019648719,14.366958472427095,R
ZN.v.0,action,hold,641,45.0,-1.2495314273406677,-11.194031019648719,14.500522668147696,R
ZN.v.0,action,hold,732,45.0,-2.2498453326246213,-9.742519907697204,14.869891215783666,R
ZN.v.0,action,hold,835,45.0,-2.3259871012584874,-13.17207710507718,15.760444554657141,R
ZN.v.0,action,hold,953,45.0,-1.2006243260912441,-13.17207710507718,18.2798122067049,R
ZN.v.0,action,hold,1087,45.0,-1.4003640969531184,-13.683296076997564,19.15136141041199,R
ZN.v.0,action,hold,1200,45.0,-3.374957845062804,-11.58152233430401,19.15136141041199,R
ZN.v.0,action,hold,1240,45.0,-2.2498453326246213,-11.313018246806916,19.15136141041199,R
ZN.v.0,action,hold,1415,45.0,-0.7086418881183789,-11.313018246806916,13.170499988109547,R
ZN.v.0,action,hold,1615,45.0,-3.374957845062804,-9.742519907697204,17.02020772084789,R
ZN.v.0,action,hold,1800,45.0,-2.2498453326246213,-12.728045842205576,15.401402004788848,R
ZN.v.0,action,hold,1843,45.0,-2.815513497869594,-11.973898335371784,14.118857434608188,R
ZN.v.0,action,hold,2103,45.0,-1.4394702774246328,-14.143273696251292,20.529935997573894,R
ZN.v.0,action,hold,2399,45.0,0.0,-9.282068425522548,21.38365594699406,R
ZN.v.0,action_x_surprise,cut|large,1,4.0,0.34469683926642986,-0.15046191813396936,0.8232301949835785,R
ZN.v.0,action_x_surprise,cut|large,2,4.0,-1.4944774125789317,-10.455909401276326,5.567796772222344,R
ZN.v.0,action_x_surprise,cut|large,3,4.0,-2.106847284746799,-9.565056667622088,4.821270176665257,R
ZN.v.0,action_x_surprise,cut|large,4,4.0,-2.106847284746799,-8.496452248701901,5.337283801256774,R
ZN.v.0,action_x_surprise,cut|large,5,4.0,-2.708966745975502,-9.399631440544955,4.993286552692076,R
ZN.v.0,action_x_surprise,cut|large,6,4.0,-2.698788853338479,-11.193391369389317,5.739824984917058,R
ZN.v.0,action_x_surprise,cut|large,7,4.0,-3.3010533686415457,-12.096788142343918,6.42781948530298,R
ZN.v.0,action_x_surprise,cut|large,8,4.0,-3.9033904371932278,-11.041673937713963,7.1156247032048086,R
ZN.v.0,action_x_surprise,cut|large,9,4.0,-4.214582704836656,-8.988540976761128,6.884685934494232,R
ZN.v.0,action_x_surprise,cut|large,11,4.0,-5.4395474932263586,-11.479999041736109,5.390975862309508,R
ZN.v.0,action_x_surprise,cut|large,12,4.0,-6.965990067430308,-10.507771105999776,3.5530784077902435,R
ZN.v.0,action_x_surprise,cut|large,14,4.0,-7.869631745844145,-12.21915617547455,3.209341297390413,R
ZN.v.0,action_x_surprise,cut|large,16,4.0,-9.988809322677833,-14.300837282545686,1.086771437377684,R
ZN.v.0,action_x_surprise,cut|large,18,4.0,-9.988809322677833,-15.54687668318481,-0.8055389918654869,R
ZN.v.0,action_x_surprise,cut|large,21,4.0,-9.988809322677833,-14.122882340661818,-0.11726037233423448,R
ZN.v.0,action_x_surprise,cut|large,24,4.0,-9.988809322677833,-15.190802049339739,-0.11726037233423448,R
ZN.v.0,action_x_surprise,cut|large,27,4.0,-8.170881934216684,-12.671031458033358,0.4577416524824933,R
ZN.v.0,action_x_surprise,cut|large,30,4.0,-8.212819555541857,-11.442544438865418,-0.4895361752806888,R
ZN.v.0,action_x_surprise,cut|large,31,4.0,-5.793490698800663,-11.591160546146584,2.2200014264432952,R
ZN.v.0,action_x_surprise,cut|large,35,4.0,-3.386027516568383,-11.947285902874418,5.831196199791714,R
ZN.v.0,action_x_surprise,cut|large,40,4.0,-2.149324031742384,-9.18959497831278,4.584444879076556,R
ZN.v.0,action_x_surprise,cut|large,46,4.0,-5.191516221791243,-11.235085912301514,2.7788475185649064,R
ZN.v.0,action_x_surprise,cut|large,52,4.0,-5.213800715070187,-14.142486097367549,4.584444879076556,R
ZN.v.0,action_x_surprise,cut|large,60,4.0,-7.03065307430703,-15.418394121568936,2.4346845224261715,R
ZN.v.0,action_x_surprise,cut|large,68,4.0,-10.041250467768839,-16.131000126536325,-1.737048571627807,R
ZN.v.0,action_x_surprise,cut|large,78,4.0,-11.914978916351773,-22.364265919315894,0.9728153624661138,R
ZN.v.0,action_x_surprise,cut|large,89,4.0,-11.30140669813172,-21.80038841392163,1.3169309858586322,R
ZN.v.0,action_x_surprise,cut|large,101,4.0,-14.32389194096607,-22.00783592156359,-1.952370287376386,R
ZN.v.0,action_x_surprise,cut|large,115,4.0,-8.836793972934927,-16.487379314595266,1.1018409747165192,R
ZN.v.0,action_x_surprise,cut|large,132,4.0,-13.666857670964912,-17.68439017285981,-3.9144649127906774,R
ZN.v.0,action_x_surprise,cut|large,150,4.0,-16.078094079139824,-20.232259592095847,-3.9144649127906774,R
ZN.v.0,action_x_surprise,cut|large,171,4.0,-16.078094079139824,-19.519856652175008,-3.226848873249452,R
ZN.v.0,action_x_surprise,cut|large,196,4.0,-13.053661692761882,-17.32801098480087,-1.6196279407283463,R
ZN.v.0,action_x_surprise,cut|large,223,4.0,-11.827495295837966,-18.040820170612115,-0.12406820015920417,R
ZN.v.0,action_x_surprise,cut|large,255,4.0,-12.440540907199471,-19.11041516696168,-1.0436366172014608,R
ZN.v.0,action_x_surprise,cut|large,291,4.0,-8.773436767435204,-18.563107363796213,4.584006257450673,R
ZN.v.0,action_x_surprise,cut|large,300,4.0,-7.5582119175211515,-18.015959377663783,5.50301128249397,R
ZN.v.0,action_x_surprise,cut|large,332,4.0,-10.622313006182981,-18.372694538086435,1.2504078154945795,R
ZN.v.0,action_x_surprise,cut|large,378,4.0,-11.848479403106897,-18.62672195388172,0.36542175866967064,R
ZN.v.0,action_x_surprise,cut|large,432,4.0,-9.417421139396605,-17.1442075189185,1.8292585965062038,R
ZN.v.0,action_x_surprise,cut|large,493,4.0,-6.997657120419141,-15.868016675108038,4.8829499039276225,R
ZN.v.0,action_x_surprise,cut|large,562,4.0,-7.008508114782311,-18.57165741852331,6.12958286743375,R
ZN.v.0,action_x_surprise,cut|large,600,4.0,-6.986953781702699,-17.089848619859097,5.009881729430491,R
ZN.v.0,action_x_surprise,cut|large,641,4.0,-6.97639809768479,-18.160423587487667,5.382157532376946,R
ZN.v.0,action_x_surprise,cut|large,732,4.0,-8.170881934216684,-19.443205545023233,6.301275180586192,R
ZN.v.0,action_x_surprise,cut|large,835,4.0,-7.509487995380008,-25.03442600593604,10.096348025776372,R
ZN.v.0,action_x_surprise,cut|large,953,4.0,-6.9066425642179965,-25.201586447020983,10.783397154112755,R
ZN.v.0,action_x_surprise,cut|large,1087,4.0,-7.4910320882529735,-27.914718033343487,12.963398226045866,R
ZN.v.0,action_x_surprise,cut|large,1200,4.0,-9.91258599110674,-29.200362018681208,11.014677891011019,R
ZN.v.0,action_x_surprise,cut|large,1240,4.0,-9.89500751945209,-31.3673576246764,12.163762363564905,R
ZN.v.0,action_x_surprise,cut|large,1415,4.0,-8.697231961420337,-27.58161965442445,10.21444598700663,R
ZN.v.0,action_x_surprise,cut|large,1615,4.0,-7.509487995380008,-24.677385159856463,7.346261808273059,R
ZN.v.0,action_x_surprise,cut|large,1800,4.0,-5.673053106958519,-24.677385159856463,9.41291964051937,R
ZN.v.0,action_x_surprise,cut|large,1843,4.0,-5.0702076757965076,-24.48724970382242,9.068851376832944,R
ZN.v.0,action_x_surprise,cut|large,2103,4.0,-9.327691837079717,-27.200381290144925,4.363267719770586,R
ZN.v.0,action_x_surprise,cut|large,2399,4.0,-20.913829025223283,-35.48816312709498,-12.06578169745305,R
ZN.v.0,action_x_surprise,cut|medium,1,3.0,0.0,0.0,0.3015954399687628,R
ZN.v.0,action_x_surprise,cut|medium,2,3.0,-1.3793103470139874,-7.027365392809813,-0.3352337663051178,R
ZN.v.0,action_x_surprise,cut|medium,3,3.0,-2.7588109699776835,-7.113178029925126,-0.3162166232017256,R
ZN.v.0,action_x_surprise,cut|medium,4,3.0,-1.3793103470139874,-5.819562983410128,0.37353368828012234,R
ZN.v.0,action_x_surprise,cut|medium,5,3.0,-2.7588109699776835,-5.9055214815750325,-2.0883236770170766,R
ZN.v.0,action_x_surprise,cut|medium,6,3.0,-3.544967955164863,-5.694881064958752,-3.1518894625712734,R
ZN.v.0,action_x_surprise,cut|medium,7,3.0,-3.544967955164863,-5.694881064958752,-3.1518894625712734,R
ZN.v.0,action_x_surprise,cut|medium,8,3.0,-4.9633070824270655,-6.404050628589853,-3.8610590262023745,R
ZN.v.0,action_x_surprise,cut|medium,9,3.0,-2.7588109699776835,-5.301802572365162,-1.3794054849888417,R
ZN.v.0,action_x_surprise,cut|medium,11,3.0,-1.3793103470139874,-3.4048330843784855,-1.0441017053960469,R
ZN.v.0,action_x_surprise,cut|medium,12,3.0,0.0,-2.111677608388481,2.1261516975227814,R
ZN.v.0,action_x_surprise,cut|medium,14,3.0,-1.3793103470139874,-4.008406238177763,1.4364965240157876,R
ZN.v.0,action_x_surprise,cut|medium,16,3.0,-4.138501921393268,-5.991648048072954,-2.069250960696634,R
ZN.v.0,action_x_surprise,cut|medium,18,3.0,-4.138501921393268,-5.991648048072954,-2.069250960696634,R
ZN.v.0,action_x_surprise,cut|medium,21,3.0,-6.637502129341539,-6.864347582555289,-5.3880020253674035,R
ZN.v.0,action_x_surprise,cut|medium,24,3.0,-4.138501921393268,-4.180928569085115,-3.1326659446773326,R
ZN.v.0,action_x_surprise,cut|medium,27,3.0,-5.430355821742984,-6.1644054207269114,-4.133114822181848,R
ZN.v.0,action_x_surprise,cut|medium,30,3.0,-4.223355216776962,-5.5609051182439,-2.820595800416716,R
ZN.v.0,action_x_surprise,cut|medium,31,3.0,-5.430355821742984,-5.474369537765487,-2.715177910871492,R
ZN.v.0,action_x_surprise,cut|medium,35,3.0,-5.672552091412492,-7.96618385560938,-5.59546767260024,R
ZN.v.0,action_x_surprise,cut|medium,40,3.0,-8.510035262893622,-9.384925441349946,-8.39437626731143,R
ZN.v.0,action_x_surprise,cut|medium,46,3.0,-8.510035262893622,-8.781133628033,-8.39437626731143,R
ZN.v.0,action_x_surprise,cut|medium,52,3.0,-8.510035262893622,-9.384925441349946,-7.70424514130223,R
ZN.v.0,action_x_surprise,cut|medium,60,3.0,-10.259815619806268,-10.804069706890907,-9.959492841120987,R
ZN.v.0,action_x_surprise,cut|medium,68,3.0,-11.03981344444456,-11.194068619210052,-10.649814532125415,R
ZN.v.0,action_x_surprise,cut|medium,78,3.0,-11.03981344444456,-11.90379182835046,-10.649814532125415,R
ZN.v.0,action_x_surprise,cut|medium,89,3.0,-11.348323793975544,-12.61588274761241,-10.503746928205626,R
ZN.v.0,action_x_surprise,cut|medium,101,3.0,-11.348323793975544,-11.407934441924056,-10.503746928205626,R
ZN.v.0,action_x_surprise,cut|medium,115,3.0,-9.929078829913154,-10.09444722485971,-8.413766924811995,R
ZN.v.0,action_x_surprise,cut|medium,132,3.0,-9.05223199317238,-10.91000110271437,-7.285307623480184,R
ZN.v.0,action_x_surprise,cut|medium,150,3.0,-10.259815619806268,-11.513792916031313,-6.509313294891976,R
ZN.v.0,action_x_surprise,cut|medium,171,3.0,-6.637502129341539,-8.992912961658542,-4.698156549659611,R
ZN.v.0,action_x_surprise,cut|medium,196,3.0,-7.84479417475264,-11.016106158353528,-7.3716245972317385,R
ZN.v.0,action_x_surprise,cut|medium,223,3.0,-6.637502129341539,-10.412460135647978,-6.077942691564763,R
ZN.v.0,action_x_surprise,cut|medium,255,3.0,-6.637502129341539,-9.702636170798948,-5.3880020253674035,R
ZN.v.0,action_x_surprise,cut|medium,291,3.0,-6.637502129341539,-9.702636170798948,-5.3880020253674035,R
ZN.v.0,action_x_surprise,cut|medium,300,3.0,-6.637502129341539,-9.702636170798948,-5.3880020253674035,R
ZN.v.0,action_x_surprise,cut|medium,332,3.0,-5.430355821742984,-8.389339807859264,-4.784428871568126,R
ZN.v.0,action_x_surprise,cut|medium,378,3.0,-6.637502129341539,-11.12238488481777,-4.698156549659611,R
ZN.v.0,action_x_surprise,cut|medium,432,3.0,-5.518383253787988,-9.852900697871203,-4.267441766532092,R
ZN.v.0,action_x_surprise,cut|medium,493,3.0,-5.518383253787988,-7.723731041850571,-3.060805259921478,R
ZN.v.0,action_x_surprise,cut|medium,562,3.0,-5.518383253787988,-8.433353523881767,-3.6640871139353957,R
ZN.v.0,action_x_surprise,cut|medium,600,3.0,-4.138501921393268,-9.16296003167384,-2.370864593724118,R
ZN.v.0,action_x_surprise,cut|medium,641,3.0,-6.898455019710838,-10.542936580832627,-4.3541229968968205,R
ZN.v.0,action_x_surprise,cut|medium,732,3.0,-5.518383253787988,-9.143076733022173,-4.870869235282475,R
ZN.v.0,action_x_surprise,cut|medium,835,3.0,-6.898455019710838,-7.70424514130223,-5.5609051182439,R
ZN.v.0,action_x_surprise,cut|medium,953,3.0,-5.672552091412492,-6.2855035555616645,-4.947953654094727,R
ZN.v.0,action_x_surprise,cut|medium,1087,3.0,-4.138501921393268,-4.90552700640288,-3.5775011003347315,R
ZN.v.0,action_x_surprise,cut|medium,1200,3.0,-5.518383253787988,-7.014209258340805,-3.060805259921478,R
ZN.v.0,action_x_surprise,cut|medium,1240,3.0,-5.518383253787988,-7.014209258340805,-3.6640871139353957,R
ZN.v.0,action_x_surprise,cut|medium,1415,3.0,-5.518383253787988,-7.723731041850571,-4.267441766532092,R
ZN.v.0,action_x_surprise,cut|medium,1615,3.0,-9.659170062435708,-10.503746928205626,-6.941262639606335,R
ZN.v.0,action_x_surprise,cut|medium,1800,3.0,-8.278717271729235,-10.523243741992797,-6.85453654673611,R
ZN.v.0,action_x_surprise,cut|medium,1843,3.0,-8.278717271729235,-9.81352053285239,-7.4581097005353865,R
ZN.v.0,action_x_surprise,cut|medium,2103,3.0,-9.929078829913154,-11.906260265581215,-7.033790375653211,R
ZN.v.0,action_x_surprise,cut|medium,2399,3.0,-18.71698659627263,-23.169702963651616,-14.323032713092893,R
ZN.v.0,action_x_surprise,hike|large,1,11.0,0.0,-4.399748869693211,0.684305253937614,R
ZN.v.0,action_x_surprise,hike|large,2,11.0,-4.410791808627078,-16.063485560361,0.6468723729832272,R
ZN.v.0,action_x_surprise,hike|large,3,11.0,-2.0352091247622033,-16.62272147984397,0.32344664758883457,R
ZN.v.0,action_x_surprise,hike|large,4,11.0,-4.410791808627078,-16.846393133086718,3.815177735754548,R
ZN.v.0,action_x_surprise,hike|large,5,11.0,-4.410791808627078,-16.745474240406068,3.1744017319204154,R
ZN.v.0,action_x_surprise,hike|large,6,11.0,-4.07083254145995,-16.50269146599853,2.857052234812786,R
ZN.v.0,action_x_surprise,hike|large,7,11.0,-10.0572011745747,-17.68732311196445,3.815177735754548,R
ZN.v.0,action_x_surprise,hike|large,8,11.0,-9.428329684255884,-17.21565200981146,5.228662664850685,R
ZN.v.0,action_x_surprise,hike|large,9,11.0,-5.655931022731158,-14.660411455733392,8.31399276235338,R
ZN.v.0,action_x_surprise,hike|large,11,11.0,-6.284565314939375,-15.687450324148813,8.280941508417484,R
ZN.v.0,action_x_surprise,hike|large,12,11.0,-11.182903749912539,-22.915586093300732,2.5427684183210304,R
ZN.v.0,action_x_surprise,hike|large,14,11.0,-12.42622092172449,-17.34140608685927,3.2426234340679687,R
ZN.v.0,action_x_surprise,hike|large,16,11.0,-14.913319112745743,-17.68600259563095,3.5200475925201866,R
ZN.v.0,action_x_surprise,hike|large,18,11.0,-6.78564184278244,-18.17875472646044,3.5200475925201866,R
ZN.v.0,action_x_surprise,hike|large,21,11.0,-5.146112960470952,-23.958618532242127,2.6658246874256353,R
ZN.v.0,action_x_surprise,hike|large,24,11.0,-3.6755247225272947,-23.884897239691846,-0.6941579147922672,R
ZN.v.0,action_x_surprise,hike|large,27,11.0,-7.541952466099363,-24.36769713019217,1.9245087519889554,R
ZN.v.0,action_x_surprise,hike|large,30,11.0,-10.0572011745747,-24.729858598465622,8.380390045566019,R
ZN.v.0,action_x_surprise,hike|large,31,11.0,-12.573082689826569,-25.389959279634972,9.042430165587016,R
ZN.v.0,action_x_surprise,hike|large,35,11.0,-14.12130433066476,-25.650327706123804,8.39576694688948,R
ZN.v.0,action_x_surprise,hike|large,40,11.0,-8.47038943846569,-23.952538467653618,2.072610455449487,R
ZN.v.0,action_x_surprise,hike|large,46,11.0,-3.6755247225272947,-24.990836079481166,2.4396995008517433,R
ZN.v.0,action_x_surprise,hike|large,52,11.0,-2.2051527157607724,-22.94473047187956,7.079502017625014,R
ZN.v.0,action_x_surprise,hike|large,60,11.0,-6.616917493200724,-20.5620663332572,5.993724935915272,R
ZN.v.0,action_x_surprise,hike|large,68,11.0,-8.143322925581963,-20.83090751157944,6.899254455270533,R
ZN.v.0,action_x_surprise,hike|large,78,11.0,-9.559175697581576,-21.571739501678422,6.9368031526348854,R
ZN.v.0,action_x_surprise,hike|large,89,11.0,-11.030629496587704,-18.996096400967406,5.325728145250837,R
ZN.v.0,action_x_surprise,hike|large,101,11.0,-11.030629496587704,-17.866423420001304,6.221849102717609,R
ZN.v.0,action_x_surprise,hike|large,115,11.0,-11.030629496587704,-15.54579743627264,8.23105023162737,R
ZN.v.0,action_x_surprise,hike|large,132,11.0,-12.42622092172449,-14.95666158606144,10.9876446705042,R
ZN.v.0,action_x_surprise,hike|large,150,11.0,-11.030629496587704,-16.62256496467767,8.945717062489853,R
ZN.v.0,action_x_surprise,hike|large,171,11.0,-9.559175697581576,-16.507450794933796,7.651302454263863,R
ZN.v.0,action_x_surprise,hike|large,196,11.0,-9.559175697581576,-20.58547725629874,11.567446070747348,R
ZN.v.0,action_x_surprise,hike|large,223,11.0,-9.559175697581576,-18.472612109824123,16.195915961063584,R
ZN.v.0,action_x_surprise,hike|large,255,11.0,-9.559175697581576,-23.623527460655644,24.281656897448386,R
ZN.v.0,action_x_surprise,hike|large,291,11.0,-11.030629496587704,-26.036394195925798,22.794542046806043,R
ZN.v.0,action_x_surprise,hike|large,300,11.0,-15.446290445579683,-26.036394195925798,22.14846374121659,R
ZN.v.0,action_x_surprise,hike|large,332,11.0,-12.50229984508674,-30.825006237742627,22.6223212408237,R
ZN.v.0,action_x_surprise,hike|large,378,11.0,-14.913319112745743,-34.025261631508236,22.045909531064027,R
ZN.v.0,action_x_surprise,hike|large,432,11.0,-14.913319112745743,-31.977759555393956,17.38591065287529,R
ZN.v.0,action_x_surprise,hike|large,493,11.0,-6.616917493200724,-34.03595332181259,15.989505269931659,R
ZN.v.0,action_x_surprise,hike|large,562,11.0,-9.559175697581576,-34.173536512815886,13.193939358460497,R
ZN.v.0,action_x_surprise,hike|large,600,11.0,-11.030629496587704,-31.443181596280194,13.83976731079211,R
ZN.v.0,action_x_surprise,hike|large,641,11.0,-13.97418680682485,-33.469268413517966,15.919292018427392,R
ZN.v.0,action_x_surprise,hike|large,732,11.0,-13.97418680682485,-30.05809215388388,21.9417713554669,R
ZN.v.0,action_x_surprise,hike|large,835,11.0,-15.446290445579683,-25.72579853266745,22.40984882810024,R
ZN.v.0,action_x_surprise,hike|large,953,11.0,-13.97418680682485,-30.62883234784305,23.16220483069,R
ZN.v.0,action_x_surprise,hike|large,1087,11.0,-16.918610825153724,-28.578169727456803,22.6223212408237,R
ZN.v.0,action_x_surprise,hike|large,1200,11.0,-12.50229984508674,-28.572318927725426,22.011372806880168,R
ZN.v.0,action_x_surprise,hike|large,1240,11.0,-7.553648427830746,-27.207969372905907,20.004537700857178,R
ZN.v.0,action_x_surprise,hike|large,1415,11.0,-10.301844941176078,-29.948652779388382,19.39318137141731,R
ZN.v.0,action_x_surprise,hike|large,1615,11.0,-2.0595201390887325,-26.207007319227596,18.71263148606051,R
ZN.v.0,action_x_surprise,hike|large,1800,11.0,-4.80620696539382,-31.697512959905545,22.83206858758223,R
ZN.v.0,action_x_surprise,hike|large,1843,11.0,-7.553648427830746,-29.076372147711236,24.011869963533094,R
ZN.v.0,action_x_surprise,hike|large,2103,11.0,-0.686459584961042,-33.21345344183503,16.774146065036255,R
ZN.v.0,action_x_surprise,hike|large,2399,11.0,2.0347950014242717,-29.79955190268054,20.290744020876993,R
ZN.v.0,action_x_surprise,hike|medium,1,6.0,0.0,0.0,0.0,R
ZN.v.0,action_x_surprise,hike|medium,2,6.0,-4.454602597205083,-5.261313952299183,-0.5540570408187432,R
ZN.v.0,action_x_surprise,hike|medium,3,6.0,-4.817149805052109,-5.99164882683466,-0.5154950386885436,R
ZN.v.0,action_x_surprise,hike|medium,4,6.0,-4.381510231626627,-6.775469708990651,3.9477716522328414,R
ZN.v.0,action_x_surprise,hike|medium,5,6.0,-4.815607394949651,-8.89439023720195,4.86892124808501,R
ZN.v.0,action_x_surprise,hike|medium,6,6.0,-5.4556111471396065,-9.740972723683507,5.295087871441336,R
ZN.v.0,action_x_surprise,hike|medium,7,6.0,-5.066485380263353,-10.163000168481107,5.40090079627251,R
ZN.v.0,action_x_surprise,hike|medium,8,6.0,-5.396485710383308,-9.503429663260196,5.40090079627251,R
ZN.v.0,action_x_surprise,hike|medium,9,6.0,-4.406550052967073,-8.026272205070274,2.637451980925402,R
ZN.v.0,action_x_surprise,hike|medium,11,6.0,-1.3586868829860306,-9.676971656938003,-0.32981530390854685,R
ZN.v.0,action_x_surprise,hike|medium,12,6.0,-2.593705554867461,-7.8613047036082735,4.933447828666674,R
ZN.v.0,action_x_surprise,hike|medium,14,6.0,-2.9236405577914617,-6.062278740492494,9.646970556345693,R
ZN.v.0,action_x_surprise,hike|medium,16,6.0,0.4325857909330737,-6.227257128383477,6.252631738161901,R
ZN.v.0,action_x_surprise,hike|medium,18,6.0,1.7522822684061816,-6.549341334097181,7.593158433882112,R
ZN.v.0,action_x_surprise,hike|medium,21,6.0,-1.3646758676123771,-6.879243683480752,5.547962672294216,R
ZN.v.0,action_x_surprise,hike|medium,24,6.0,-2.9463115884624047,-7.2091895728337345,6.658594111895837,R
ZN.v.0,action_x_surprise,hike|medium,27,6.0,-4.540997412667015,-7.901856827530788,7.552437274562001,R
ZN.v.0,action_x_surprise,hike|medium,30,6.0,-3.913576215207697,-7.53917901365087,8.59977703328225,R
ZN.v.0,action_x_surprise,hike|medium,31,6.0,-3.583575885087743,-7.374178848590892,7.552437274562001,R
ZN.v.0,action_x_surprise,hike|medium,35,6.0,-2.593705554867461,-5.897311239030493,5.981153355270334,R
ZN.v.0,action_x_surprise,hike|medium,40,6.0,2.7168196163372427,-6.212228126663104,4.38509273717039,R
ZN.v.0,action_x_surprise,hike|medium,46,6.0,2.6376525504533364,-7.853917858894722,7.083421465213875,R
ZN.v.0,action_x_surprise,hike|medium,52,6.0,2.082821262573166,-9.08324974180104,9.841657387044433,R
ZN.v.0,action_x_surprise,hike|medium,60,6.0,1.24317049380892,-9.08324974180104,10.757970466331402,R
ZN.v.0,action_x_surprise,hike|medium,68,6.0,-1.5658470873473185,-8.468508237504725,7.69138041273672,R
ZN.v.0,action_x_surprise,hike|medium,78,6.0,0.6020431086334066,-8.578910741206602,5.766429751708808,R
ZN.v.0,action_x_surprise,hike|medium,89,6.0,-1.326305448099444,-8.172346927655937,4.407651301691849,R
ZN.v.0,action_x_surprise,hike|medium,101,6.0,-0.634306241674101,-5.801037718452205,5.417072568356248,R
ZN.v.0,action_x_surprise,hike|medium,115,6.0,1.24317049380892,-7.864919480146035,7.784852957257501,R
ZN.v.0,action_x_surprise,hike|medium,132,6.0,0.9366829814037905,-4.538480433243725,10.225879611747294,R
ZN.v.0,action_x_surprise,hike|medium,150,6.0,-0.6145526064767507,-4.900519276242962,7.5709148728515325,R
ZN.v.0,action_x_surprise,hike|medium,171,6.0,1.978369849076528,-6.635587597239718,7.801412467116966,R
ZN.v.0,action_x_surprise,hike|medium,196,6.0,2.5928469298548613,-9.392909164866246,7.801412467116966,R
ZN.v.0,action_x_surprise,hike|medium,223,6.0,1.2740206775660194,-8.371249988786445,7.141999340972545,R
ZN.v.0,action_x_surprise,hike|medium,255,6.0,0.7044475990228786,-5.921622068834257,4.193544798075166,R
ZN.v.0,action_x_surprise,hike|medium,291,6.0,-0.8925370944094531,-9.293078907785615,3.8372132005624455,R
ZN.v.0,action_x_surprise,hike|medium,300,6.0,0.39531039220972,-10.007424008493787,3.4724862729580273,R
ZN.v.0,action_x_surprise,hike|medium,332,6.0,-2.180550800932017,-9.600430764577965,4.776939333768585,R
ZN.v.0,action_x_surprise,hike|medium,378,6.0,-1.332419377576049,-8.479812184469527,5.89483137758881,R
ZN.v.0,action_x_surprise,hike|medium,432,6.0,-2.122020103002081,-8.886300388710568,1.1576372265868062,R
ZN.v.0,action_x_surprise,hike|medium,493,6.0,-1.3643259062389919,-3.6163114907318317,1.1576372265868062,R
ZN.v.0,action_x_surprise,hike|medium,562,6.0,-0.9547002306769699,-2.832613880550476,2.450746006999382,R
ZN.v.0,action_x_surprise,hike|medium,600,6.0,-0.6710208106910114,-6.06712165900071,1.096461366179937,R
ZN.v.0,action_x_surprise,hike|medium,641,6.0,-3.1182943736297286,-7.796979064238197,0.1803714246310461,R
ZN.v.0,action_x_surprise,hike|medium,732,6.0,-3.3845279539242794,-3.6163114907318317,0.14753620274416246,R
ZN.v.0,action_x_surprise,hike|medium,835,6.0,-2.930150326269553,-5.39670482606823,2.0062294404894883,R
ZN.v.0,action_x_surprise,hike|medium,953,6.0,-2.798811390012854,-7.796979064238197,2.450746006999382,R
ZN.v.0,action_x_surprise,hike|medium,1087,6.0,-5.419302477555778,-10.754472671789225,-1.702844128664817,R
ZN.v.0,action_x_surprise,hike|medium,1200,6.0,-5.412332815436067,-8.893212378443115,0.38184206084014516,R
ZN.v.0,action_x_surprise,hike|medium,1240,6.0,-6.766738987764903,-9.230094200809551,-1.006843755964217,R
ZN.v.0,action_x_surprise,hike|medium,1415,6.0,-4.225403925211801,-9.780379017567597,-3.5436782008558305,R
ZN.v.0,action_x_surprise,hike|medium,1615,6.0,-6.135680642835496,-12.148895992977122,-4.152816956455006,R
ZN.v.0,action_x_surprise,hike|medium,1800,6.0,-7.449978521121429,-8.719374843980148,-5.145540779523091,R
ZN.v.0,action_x_surprise,hike|medium,1843,6.0,-8.149474884881373,-10.741346953012316,-6.516252752797006,R
ZN.v.0,action_x_surprise,hike|medium,2103,6.0,-16.975296315601053,-18.477250312211915,-9.488879070350102,R
ZN.v.0,action_x_surprise,hike|medium,2399,6.0,-13.000765232839715,-15.292735164503634,-2.6900832048563244,R
ZN.v.0,action_x_surprise,hold|large,1,16.0,0.0,-1.699772509029495,5.978705787584836,R
ZN.v.0,action_x_surprise,hold|large,2,16.0,3.9730763308958306,-12.949773579205248,20.461365488304736,R
ZN.v.0,action_x_surprise,hold|large,3,16.0,4.279777757153446,-12.742553437311084,20.10951100081035,R
ZN.v.0,action_x_surprise,hold|large,4,16.0,0.8231836266116505,-18.127278051293917,18.48740581723836,R
ZN.v.0,action_x_surprise,hold|large,5,16.0,0.5669820114425961,-17.667905183792875,13.87757389552552,R
ZN.v.0,action_x_surprise,hold|large,6,16.0,-2.910553251844291,-18.567239685966964,12.362954178276633,R
ZN.v.0,action_x_surprise,hold|large,7,16.0,-5.910006920068378,-15.418297585589613,9.485480269461561,R
ZN.v.0,action_x_surprise,hold|large,8,16.0,-6.4756290210221845,-15.961694561910129,19.09601150462139,R
ZN.v.0,action_x_surprise,hold|large,9,16.0,-2.5012608047205744,-14.595552607405475,21.624886854936396,R
ZN.v.0,action_x_surprise,hold|large,11,16.0,-4.372635039029269,-16.470912691193124,22.947166446415,R
ZN.v.0,action_x_surprise,hold|large,12,16.0,-2.5053957089625554,-18.01372841432012,23.703306987550306,R
ZN.v.0,action_x_surprise,hold|large,14,16.0,-0.9385312073498999,-16.93946664343868,23.89118789352596,R
ZN.v.0,action_x_surprise,hold|large,16,16.0,-6.2102525157974755,-15.450213754494126,24.19651275956248,R
ZN.v.0,action_x_surprise,hold|large,18,16.0,-8.079263058944436,-17.29582163673507,24.864753532593028,R
ZN.v.0,action_x_surprise,hold|large,21,16.0,-9.02380071057486,-19.375566964893878,23.720810059850436,R
ZN.v.0,action_x_surprise,hold|large,24,16.0,-11.505036416850274,-20.760610384457657,23.720810059850436,R
ZN.v.0,action_x_surprise,hold|large,27,16.0,-8.396255731250587,-19.1712431865051,22.862927232513453,R
ZN.v.0,action_x_surprise,hold|large,30,16.0,-10.260703884256213,-17.622321029729132,18.73473155162826,R
ZN.v.0,action_x_surprise,hold|large,31,16.0,-6.669809110196777,-17.83862956011675,18.00087840492084,R
ZN.v.0,action_x_surprise,hold|large,35,16.0,-8.389446377385017,-16.387219245515343,13.23879269549651,R
ZN.v.0,action_x_surprise,hold|large,40,16.0,-9.219826397725853,-19.4742731279319,15.184645691603214,R
ZN.v.0,action_x_surprise,hold|large,46,16.0,-3.6095527758236354,-18.425213499713685,14.129598510681133,R
ZN.v.0,action_x_surprise,hold|large,52,16.0,-2.0135947916889076,-17.058932078689388,16.11451021929726,R
ZN.v.0,action_x_surprise,hold|large,60,16.0,-5.343421114070059,-17.41663704424457,16.635779930114225,R
ZN.v.0,action_x_surprise,hold|large,68,16.0,-4.725127658139095,-19.779067635291078,20.586809956352365,R
ZN.v.0,action_x_surprise,hold|large,78,16.0,-3.4944341561400964,-22.057635486089332,21.964036498986395,R
ZN.v.0,action_x_surprise,hold|large,89,16.0,-0.022005621593854663,-20.568036140916178,17.003083609909922,R
ZN.v.0,action_x_surprise,hold|large,101,16.0,-1.3314183808537092,-24.04003238057922,16.896758107370715,R
ZN.v.0,action_x_surprise,hold|large,115,16.0,-3.628034602225725,-22.966763903877627,17.678816135835767,R
ZN.v.0,action_x_surprise,hold|large,132,16.0,-4.10974304197674,-23.25258145773449,17.5233981778028,R
ZN.v.0,action_x_surprise,hold|large,150,16.0,-4.226528157679264,-23.25258145773449,18.18532634637157,R
ZN.v.0,action_x_surprise,hold|large,171,16.0,-3.752835324408064,-23.682225023449178,23.441577913153797,R
ZN.v.0,action_x_surprise,hold|large,196,16.0,-3.318392103431,-25.65599048779201,25.02100660910668,R
ZN.v.0,action_x_surprise,hold|large,223,16.0,-1.9476841310445776,-26.738925870840863,24.134376982822786,R
ZN.v.0,action_x_surprise,hold|large,255,16.0,-1.2513052998355958,-22.938776454529368,23.99885226795421,R
ZN.v.0,action_x_surprise,hold|large,291,16.0,-0.3526844032212244,-25.60572729698205,25.45735815280744,R
ZN.v.0,action_x_surprise,hold|large,300,16.0,-0.5097662262459721,-27.16017978885696,25.02100660910668,R
ZN.v.0,action_x_surprise,hold|large,332,16.0,-1.27413749654349,-28.44685870867776,24.715989776796473,R
ZN.v.0,action_x_surprise,hold|large,378,16.0,2.2751673554650043,-25.01017876597233,26.422659141658414,R
ZN.v.0,action_x_surprise,hold|large,432,16.0,-1.9028149223087079,-26.15844574194895,23.762770238024856,R
ZN.v.0,action_x_surprise,hold|large,493,16.0,-1.9110807351438837,-25.273455412450435,26.340076028292216,R
ZN.v.0,action_x_surprise,hold|large,562,16.0,-2.0315275800209562,-29.35315188529274,24.93122423301281,R
ZN.v.0,action_x_surprise,hold|large,600,16.0,-2.5100265911546353,-28.866917238974537,28.914582621212293,R
ZN.v.0,action_x_surprise,hold|large,641,16.0,-3.1090442029892857,-30.193732894599805,29.86005983101713,R
ZN.v.0,action_x_surprise,hold|large,732,16.0,-0.7134042218422545,-29.037638912872826,34.165531997770714,R
ZN.v.0,action_x_surprise,hold|large,835,16.0,-0.5779525887077903,-28.02201842307344,33.74052909568625,R
ZN.v.0,action_x_surprise,hold|large,953,16.0,-0.532294657238948,-27.572082848114317,33.4294020757858,R
ZN.v.0,action_x_surprise,hold|large,1087,16.0,-0.6010820946703643,-25.825940430775013,32.14024477850041,R
ZN.v.0,action_x_surprise,hold|large,1200,16.0,-2.7593555094775093,-25.825940430775013,30.4675706199651,R
ZN.v.0,action_x_surprise,hold|large,1240,16.0,-4.1750750460129025,-26.588999817062426,33.53135648390217,R
ZN.v.0,action_x_surprise,hold|large,1415,16.0,-5.3879315558512415,-24.399351440405113,31.371541889498875,R
ZN.v.0,action_x_surprise,hold|large,1615,16.0,-3.349826159070399,-22.728243668772812,33.82789761453344,R
ZN.v.0,action_x_surprise,hold|large,1800,16.0,-1.993354989151996,-22.66026642472183,32.92414410062317,R
ZN.v.0,action_x_surprise,hold|large,1843,16.0,-0.5779525887077903,-23.016544036839672,30.778052488223068,R
ZN.v.0,action_x_surprise,hold|large,2103,16.0,-2.8068368804401542,-24.097887411481327,38.10521679792971,R
ZN.v.0,action_x_surprise,hold|large,2399,16.0,9.901765890535444,-22.572819660874718,40.30355664015901,R
ZN.v.0,action_x_surprise,hold|medium,1,21.0,0.0,-0.7066888098765562,0.0,R
ZN.v.0,action_x_surprise,hold|medium,2,21.0,0.0,-0.716922966934018,0.630894924659413,R
ZN.v.0,action_x_surprise,hold|medium,3,21.0,0.0,-1.8009905496679348,1.4336917587275884,R
ZN.v.0,action_x_surprise,hold|medium,4,21.0,0.0,-3.533943564361093,1.2860082322253055,R
ZN.v.0,action_x_surprise,hold|medium,5,21.0,0.0,-4.72282906234162,1.2860082322253055,R
ZN.v.0,action_x_surprise,hold|medium,6,21.0,-0.7001575357309737,-4.896645895468265,2.81472100936601,R
ZN.v.0,action_x_surprise,hold|medium,7,21.0,-0.6215619854686684,-5.668041843341536,3.5344431852769023,R
ZN.v.0,action_x_surprise,hold|medium,8,21.0,0.0,-5.668041843341536,4.415428841409304,R
ZN.v.0,action_x_surprise,hold|medium,9,21.0,0.0,-5.668041843341536,5.988741345595686,R
ZN.v.0,action_x_surprise,hold|medium,11,21.0,0.0,-7.069136445948459,4.791279962294757,R
ZN.v.0,action_x_surprise,hold|medium,12,21.0,0.0,-8.606469727256002,3.857528657839743,R
ZN.v.0,action_x_surprise,hold|medium,14,21.0,0.0,-7.558103275964811,3.1540766702093634,R
ZN.v.0,action_x_surprise,hold|medium,16,21.0,-1.1359763729134524,-8.705385452147091,3.857528657839743,R
ZN.v.0,action_x_surprise,hold|medium,18,21.0,-1.1359763729134524,-9.898190853387922,2.8001400252965367,R
ZN.v.0,action_x_surprise,hold|medium,21,21.0,0.0,-9.949630818938598,2.8001400252965367,R
ZN.v.0,action_x_surprise,hold|medium,24,21.0,0.0,-11.313018246806916,4.406256956066254,R
ZN.v.0,action_x_surprise,hold|medium,27,21.0,0.0,-8.705385452147091,4.86647615906246,R
ZN.v.0,action_x_surprise,hold|medium,30,21.0,0.0,-6.217359066233484,4.86647615906246,R
ZN.v.0,action_x_surprise,hold|medium,31,21.0,0.0,-6.361997881852464,4.86647615906246,R
ZN.v.0,action_x_surprise,hold|medium,35,21.0,-0.5679720559277371,-5.596362510525245,3.977724793895714,R
ZN.v.0,action_x_surprise,hold|medium,40,21.0,0.0,-7.790729426502693,3.977724793895714,R
ZN.v.0,action_x_surprise,hold|medium,46,21.0,0.0,-6.217359066233484,3.977724793895714,R
ZN.v.0,action_x_surprise,hold|medium,52,21.0,-2.388487501651715,-4.803362446000966,4.415428841409304,R
ZN.v.0,action_x_surprise,hold|medium,60,21.0,0.0,-6.359750064196587,5.143040936250347,R
ZN.v.0,action_x_surprise,hold|medium,68,21.0,0.0,-7.46129488074983,6.428387981722044,R
ZN.v.0,action_x_surprise,hold|medium,78,21.0,0.0,-6.359750064196587,7.713569836723493,R
ZN.v.0,action_x_surprise,hold|medium,89,21.0,0.0,-3.5949670848525246,6.428387981722044,R
ZN.v.0,action_x_surprise,hold|medium,101,21.0,-1.1359763729134524,-4.793576699136235,7.713569836723493,R
ZN.v.0,action_x_surprise,hold|medium,115,21.0,-1.1359763729134524,-8.407399005915842,7.713569836723493,R
ZN.v.0,action_x_surprise,hold|medium,132,21.0,0.0,-7.205909157059505,8.514779738384712,R
ZN.v.0,action_x_surprise,hold|medium,150,21.0,0.0,-7.46129488074983,7.035317582992476,R
ZN.v.0,action_x_surprise,hold|medium,171,21.0,0.0,-5.654909318715614,6.628662578655695,R
ZN.v.0,action_x_surprise,hold|medium,196,21.0,0.0,-8.26641520856546,7.552395097479409,R
ZN.v.0,action_x_surprise,hold|medium,223,21.0,-1.4003640969531184,-8.395718676891585,7.552395097479409,R
ZN.v.0,action_x_surprise,hold|medium,255,21.0,-1.2006243260912441,-8.395718676891585,7.552395097479409,R
ZN.v.0,action_x_surprise,hold|medium,291,21.0,-1.2006243260912441,-8.26641520856546,10.068593135541397,R
ZN.v.0,action_x_surprise,hold|medium,300,21.0,-1.2006243260912441,-6.033546701679522,10.068593135541397,R
ZN.v.0,action_x_surprise,hold|medium,332,21.0,0.0,-5.596362510525245,13.841703480893681,R
ZN.v.0,action_x_surprise,hold|medium,378,21.0,1.326084075674461,-2.2720818047187,12.584158207607933,R
ZN.v.0,action_x_surprise,hold|medium,432,21.0,2.4123997463345237,-2.800924323332222,10.777153479946799,R
ZN.v.0,action_x_surprise,hold|medium,493,21.0,-1.1941724399197626,-2.800924323332222,10.5995840754612,R
ZN.v.0,action_x_surprise,hold|medium,562,21.0,0.0,-6.995942638771909,10.623606650917118,R
ZN.v.0,action_x_surprise,hold|medium,600,21.0,1.1940298521654036,-5.596362510525245,7.552395097479409,R
ZN.v.0,action_x_surprise,hold|medium,641,21.0,1.1940298521654036,-9.006691293364167,10.623606650917118,R
ZN.v.0,action_x_surprise,hold|medium,732,21.0,-1.2006243260912441,-8.395718676891585,13.240442021319467,R
ZN.v.0,action_x_surprise,hold|medium,835,21.0,-2.401392819368965,-9.655422873109659,6.375518226795118,R
ZN.v.0,action_x_surprise,hold|medium,953,21.0,-1.1359763729134524,-9.006691293364167,8.81057325716728,R
ZN.v.0,action_x_surprise,hold|medium,1087,21.0,0.0,-8.395718676891585,10.068593135541397,R
ZN.v.0,action_x_surprise,hold|medium,1200,21.0,-2.1260763341482014,-7.205909157059505,7.552395097479409,R
ZN.v.0,action_x_surprise,hold|medium,1240,21.0,-2.1260763341482014,-6.995942638771909,8.81057325716728,R
ZN.v.0,action_x_surprise,hold|medium,1415,21.0,0.0,-6.995942638771909,11.326454772418746,R
ZN.v.0,action_x_surprise,hold|medium,1615,21.0,-2.1260763341482014,-6.995942638771909,11.973898335371853,R
ZN.v.0,action_x_surprise,hold|medium,1800,21.0,-0.7086418881183789,-5.145687384396131,8.259587490211313,R
ZN.v.0,action_x_surprise,hold|medium,1843,21.0,-2.815513497869594,-5.602633384175117,12.976290602242939,R
ZN.v.0,action_x_surprise,hold|medium,2103,21.0,-1.407657659982471,-4.803362446000966,10.851218812535699,R
ZN.v.0,action_x_surprise,hold|medium,2399,21.0,0.0,-6.942472430063838,11.973898335371853,R
ZN.v.0,action_x_surprise,hold|small,1,8.0,0.0,-0.8243883135931779,0.14161497723804758,R
ZN.v.0,action_x_surprise,hold|small,2,8.0,-0.2812069402611745,-2.2983222192489494,0.14161497723804758,R
ZN.v.0,action_x_surprise,hold|small,3,8.0,-0.35037314754510557,-2.147672158007397,0.14161497723804758,R
ZN.v.0,action_x_surprise,hold|small,4,8.0,-0.63158008780628,-1.1710230344726116,0.0,R
ZN.v.0,action_x_surprise,hold|small,5,8.0,-0.9819777893410666,-2.9562075621939132,0.0,R
ZN.v.0,action_x_surprise,hold|small,6,8.0,-1.1289377419015678,-3.2470743455354163,0.0,R
ZN.v.0,action_x_surprise,hold|small,7,8.0,-1.757815513345511,-3.8836007441906344,0.0,R
ZN.v.0,action_x_surprise,hold|small,8,8.0,-1.8470337247578335,-4.5869717123637965,0.0,R
ZN.v.0,action_x_surprise,hold|small,9,8.0,-1.8470337247578335,-6.757067402186866,0.3503363234430196,R
ZN.v.0,action_x_surprise,hold|small,11,8.0,-1.1871954105514262,-8.032396865370458,2.493273702533161,R
ZN.v.0,action_x_surprise,hold|small,12,8.0,-1.1871954105514262,-9.439780766070118,3.147489550880161,R
ZN.v.0,action_x_surprise,hold|small,14,8.0,-1.1871954105514262,-7.577479773716654,2.998142198764414,R
ZN.v.0,action_x_surprise,hold|small,16,8.0,-1.7496883799826444,-4.308590119569712,2.544616375253194,R
ZN.v.0,action_x_surprise,hold|small,18,8.0,-2.374532169848897,-4.308590119569712,2.976925480803506,R
ZN.v.0,action_x_surprise,hold|small,21,8.0,-2.312244636201736,-7.152321756540051,1.9259165104744473,R
ZN.v.0,action_x_surprise,hold|small,24,8.0,-2.312244636201736,-7.543976369882049,2.389343709741186,R
ZN.v.0,action_x_surprise,hold|small,27,8.0,-2.937088426067988,-6.859032220774222,4.669429797714237,R
ZN.v.0,action_x_surprise,hold|small,30,8.0,-1.7496883799826444,-5.784548762259333,3.89409251297731,R
ZN.v.0,action_x_surprise,hold|small,31,8.0,-1.7496883799826444,-5.217623197156279,3.595478083572741,R
ZN.v.0,action_x_surprise,hold|small,35,8.0,-1.7496883799826444,-5.784548762259333,2.2459662733572294,R
ZN.v.0,action_x_surprise,hold|small,40,8.0,-1.1249226663123106,-7.231265129082213,1.1949573030281704,R
ZN.v.0,action_x_surprise,hold|small,46,8.0,-1.1249226663123106,-7.231265129082213,2.544616375253194,R
ZN.v.0,action_x_surprise,hold|small,52,8.0,-1.1249226663123106,-6.947721973510208,0.5975500476612086,R
ZN.v.0,action_x_surprise,hold|small,60,8.0,-2.312244636201736,-6.380732120198002,2.493273702533161,R
ZN.v.0,action_x_surprise,hold|small,68,8.0,-2.250098479780365,-8.11103052598481,2.493273702533161,R
ZN.v.0,action_x_surprise,hold|small,78,8.0,-2.250098479780365,-7.231265129082213,2.338082310237513,R
ZN.v.0,action_x_surprise,hold|small,89,8.0,-5.801781919561321,-7.543976369882049,1.9878932075494742,R
ZN.v.0,action_x_surprise,hold|small,101,8.0,-2.8477556643314044,-8.11103052598481,1.9878932075494742,R
ZN.v.0,action_x_surprise,hold|small,115,8.0,-2.8477556643314044,-9.654686808107993,1.9878932075494742,R
ZN.v.0,action_x_surprise,hold|small,132,8.0,-4.078536413253157,-9.619384097286915,3.274996739936949,R
ZN.v.0,action_x_surprise,hold|small,150,8.0,-5.837113639303014,-9.619384097286915,3.861605040415894,R
ZN.v.0,action_x_surprise,hold|small,171,8.0,-4.6764794897850495,-9.065751055000856,5.764481528277031,R
ZN.v.0,action_x_surprise,hold|small,196,8.0,-4.05644245010127,-9.768663141812375,5.148474548967857,R
ZN.v.0,action_x_surprise,hold|small,223,8.0,-0.5273369120457961,-7.603844146954314,2.863325546166865,R
ZN.v.0,action_x_surprise,hold|small,255,8.0,-0.5273369120457961,-6.142175925195823,3.1580550926864897,R
ZN.v.0,action_x_surprise,hold|small,291,8.0,1.7925430402316154,-5.440055758914438,5.378302437409282,R
ZN.v.0,action_x_surprise,hold|small,300,8.0,2.9646698697221576,-5.731125732464813,5.6120602302611715,R
ZN.v.0,action_x_surprise,hold|small,332,8.0,0.011419282317185253,-5.731125732464813,4.094852495853474,R
ZN.v.0,action_x_surprise,hold|small,378,8.0,0.5975857542665145,-4.887291348136175,5.994182124239692,R
ZN.v.0,action_x_surprise,hold|small,432,8.0,-1.7110891382616398,-5.598616244354286,4.736659828818097,R
ZN.v.0,action_x_surprise,hold|small,493,8.0,-1.7110891382616398,-5.598616244354286,3.1837898855093476,R
ZN.v.0,action_x_surprise,hold|small,562,8.0,-1.1249226663123106,-8.289360114401308,3.4467057617323356,R
ZN.v.0,action_x_surprise,hold|small,600,8.0,-1.7496883799826444,-7.033943148707241,4.088183730483727,R
ZN.v.0,action_x_surprise,hold|small,641,8.0,-1.7496883799826444,-7.707321813652251,3.5011559535092367,R
ZN.v.0,action_x_surprise,hold|small,732,8.0,-2.9994540554265665,-5.581937154810749,5.846167916675551,R
ZN.v.0,action_x_surprise,hold|small,835,8.0,-2.2879162169415546,-4.904347725990276,7.545963965272698,R
ZN.v.0,action_x_surprise,hold|small,953,8.0,-2.8504724731606457,-6.100877811648718,4.030407564113933,R
ZN.v.0,action_x_surprise,hold|small,1087,8.0,-2.937088426067988,-8.82299149961261,1.9220672039935274,R
ZN.v.0,action_x_surprise,hold|small,1200,8.0,-3.6332369999304492,-9.792689725885007,0.27009852812041846,R
ZN.v.0,action_x_surprise,hold|small,1240,8.0,-2.9994540554265665,-9.671141324041475,1.5720742032815946,R
ZN.v.0,action_x_surprise,hold|small,1415,8.0,-3.624454056240692,-7.707321813652251,2.4513239112055887,R
ZN.v.0,action_x_surprise,hold|small,1615,8.0,-4.078536413253157,-8.889299493069561,5.088454740064117,R
ZN.v.0,action_x_surprise,hold|small,1800,8.0,-5.196584129103292,-9.253244519637926,5.088454740064117,R
ZN.v.0,action_x_surprise,hold|small,1843,8.0,-5.4999229454465,-9.970291737225763,5.967292331881485,R
ZN.v.0,action_x_surprise,hold|small,2103,8.0,-4.5293345859102185,-9.552394932822214,5.668053488889339,R
ZN.v.0,action_x_surprise,hold|small,2399,8.0,-5.139306559210884,-8.465152066523773,3.4381953309129636,R
ZN.v.0,all,all,1,69.0,0.0,-0.7007462950902111,0.621523353939667,R
ZN.v.0,all,all,2,69.0,0.0,-5.668041843341536,1.4139271851067845,R
ZN.v.0,all,all,3,69.0,0.0,-5.668041843341536,1.8252061012551393,R
ZN.v.0,all,all,4,69.0,-0.7007462950902111,-6.992518290652163,2.8276544794656333,R
ZN.v.0,all,all,5,69.0,-2.390771632928837,-7.622621964562691,2.433534111905893,R
ZN.v.0,all,all,6,69.0,-2.401392819368965,-7.84479417475264,3.5344431852769023,R
ZN.v.0,all,all,7,69.0,-2.7588109699776835,-9.307196297473112,5.628649976226384,R
ZN.v.0,all,all,8,69.0,-2.569208055753482,-9.655422873109659,5.628649976226384,R
ZN.v.0,all,all,9,69.0,-1.124859393762185,-10.209291341072333,5.988741345595686,R
ZN.v.0,all,all,11,69.0,-1.2495314273406677,-12.363488078053441,4.947870749466338,R
ZN.v.0,all,all,12,69.0,-1.2495314273406677,-12.363488078053441,5.390028577866158,R
ZN.v.0,all,all,14,69.0,-1.3793103470139874,-12.070735969809228,7.035317582992476,R
ZN.v.0,all,all,16,69.0,-3.399433460499156,-13.85166893160491,6.143261036059501,R
ZN.v.0,all,all,18,69.0,-3.399433460499156,-13.85166893160491,7.194244914610224,R
ZN.v.0,all,all,21,69.0,-4.138501921393268,-13.85166893160491,6.937655981332553,R
ZN.v.0,all,all,24,69.0,-3.6755247225272947,-13.85166893160491,9.082970056771602,R
ZN.v.0,all,all,27,69.0,-4.900459516138426,-13.4308859832144,8.19853103028546,R
ZN.v.0,all,all,30,69.0,-4.194253933681797,-12.993150894796818,7.975215906900745,R
ZN.v.0,all,all,31,69.0,-2.3965011198517914,-12.573082689826569,6.748673528324668,R
ZN.v.0,all,all,35,69.0,-3.5949670848525246,-13.92079294898602,6.937655981332553,R
ZN.v.0,all,all,40,69.0,-3.0018311395230297,-11.973898335371784,4.91491070900211,R
ZN.v.0,all,all,46,69.0,-1.8056516946952093,-11.335941813595097,5.521980690671095,R
ZN.v.0,all,all,52,69.0,-2.388487501651715,-12.767899591328408,9.207777680691649,R
ZN.v.0,all,all,60,69.0,-2.827054934370596,-12.596222799140602,7.999754280354693,R
ZN.v.0,all,all,68,69.0,-4.50019695956073,-12.596222799140602,6.937655981332553,R
ZN.v.0,all,all,78,69.0,-4.213694569493598,-13.091577440917229,7.975215906900745,R
ZN.v.0,all,all,89,69.0,-4.213694569493598,-14.401678320559393,7.999754280354693,R
ZN.v.0,all,all,101,69.0,-3.7299515538742827,-13.964044859422788,6.294058616645777,R
ZN.v.0,all,all,115,69.0,-4.50019695956073,-12.470243085229141,7.911914436595631,R
ZN.v.0,all,all,132,69.0,-4.7821149814435095,-12.767899591328408,8.514779738384712,R
ZN.v.0,all,all,150,69.0,-4.50019695956073,-14.913319112745743,10.094553163802043,R
ZN.v.0,all,all,171,69.0,-3.408316324746198,-15.694799792997449,10.094553163802043,R
ZN.v.0,all,all,196,69.0,-4.793576699136235,-14.187418141954415,10.270236476262525,R
ZN.v.0,all,all,223,69.0,-2.401392819368965,-13.85166893160491,8.632473020066739,R
ZN.v.0,all,all,255,69.0,-2.800924323332222,-13.831260849513527,8.632473020066739,R
ZN.v.0,all,all,291,69.0,-2.800924323332222,-12.767770212256359,11.205267647670086,R
ZN.v.0,all,all,300,69.0,-2.388487501651715,-13.17207710507718,12.283822459433553,R
ZN.v.0,all,all,332,69.0,-2.388487501651715,-12.79962939467084,13.841703480893681,R
ZN.v.0,all,all,378,69.0,-1.2861736352138293,-14.370399455222673,13.42424336971701,R
ZN.v.0,all,all,432,69.0,-2.2720818047187,-14.913319112745743,12.012013456341492,R
ZN.v.0,all,all,493,69.0,-2.3611357172445553,-11.635349500469342,12.919501012634727,R
ZN.v.0,all,all,562,69.0,-1.809790974082804,-12.470243085229141,10.623606650917118,R
ZN.v.0,all,all,600,69.0,-2.2498453326246213,-13.92079294898602,12.83614835126809,R
ZN.v.0,all,all,641,69.0,-2.800924323332222,-14.187418141954415,14.118857434608188,R
ZN.v.0,all,all,732,69.0,-3.408316324746198,-12.767770212256359,14.004623814036947,R
ZN.v.0,all,all,835,69.0,-2.800924323332222,-16.17318093268753,15.401402004788848,R
ZN.v.0,all,all,953,69.0,-2.3259871012584874,-14.928161010760313,17.965997774439206,R
ZN.v.0,all,all,1087,69.0,-3.0165002792761952,-15.56886542022351,16.68378210400818,R
ZN.v.0,all,all,1200,69.0,-3.61969115921224,-13.050796920551788,16.68378210400818,R
ZN.v.0,all,all,1240,69.0,-2.800924323332222,-12.438586092817324,16.159791500205795,R
ZN.v.0,all,all,1415,69.0,-3.6877689416094115,-12.50229984508674,12.83614835126809,R
ZN.v.0,all,all,1615,69.0,-4.7821149814435095,-14.143273696251292,12.584158207607933,R
ZN.v.0,all,all,1800,69.0,-4.763038908814191,-13.17207710507718,13.651032152164833,R
ZN.v.0,all,all,1843,69.0,-4.196978237319847,-12.728045842205576,13.841703480893681,R
ZN.v.0,all,all,2103,69.0,-3.859017284833834,-18.452459412185227,10.851218812535699,R
ZN.v.0,all,all,2399,69.0,-2.3448033403635162,-14.70858878890189,11.876071115360833,R
ZN.v.0,side,dovish,1,23.0,0.0,-0.7054213152443181,1.2572998898939995,R
ZN.v.0,side,dovish,2,23.0,4.908577838155864,0.3154474623297065,18.84047155674304,R
ZN.v.0,side,dovish,3,23.0,2.1208158150958636,0.0,19.840422024202844,R
ZN.v.0,side,dovish,4,23.0,6.983462176331427,0.3154474623297065,19.32588509140391,R
ZN.v.0,side,dovish,5,23.0,6.748673528324668,0.6308750244945996,17.991883895434214,R
ZN.v.0,side,dovish,6,23.0,6.748673528324668,1.407360504683005,15.57411933933038,R
ZN.v.0,side,dovish,7,23.0,7.913384823590611,1.7672215926384511,14.166334035761466,R
ZN.v.0,side,dovish,8,23.0,8.25265877658626,3.7051239134933764,19.837781086970956,R
ZN.v.0,side,dovish,9,23.0,10.78942740884566,5.202085093502495,20.672425031563463,R
ZN.v.0,side,dovish,11,23.0,13.327834930692251,4.8695753558805475,24.533820338373047,R
ZN.v.0,side,dovish,12,23.0,9.848059321526865,2.347529808104416,25.269106471671854,R
ZN.v.0,side,dovish,14,23.0,10.800166228806189,2.9782854542037525,25.100373725490233,R
ZN.v.0,side,dovish,16,23.0,10.5995840754612,1.3090931879141325,22.703468476162342,R
ZN.v.0,side,dovish,18,23.0,11.254133564562643,1.9597220712283474,22.10623106804503,R
ZN.v.0,side,dovish,21,23.0,14.609206396748698,1.5632689492452174,20.577385361255843,R
ZN.v.0,side,dovish,24,23.0,13.42424336971701,4.028168040818904,21.843756082913256,R
ZN.v.0,side,dovish,27,23.0,14.316394714378921,3.8344851986303006,22.073113888237618,R
ZN.v.0,side,dovish,30,23.0,14.836273871923035,3.8344851986303006,18.162801945162006,R
ZN.v.0,side,dovish,31,23.0,13.42424336971701,3.8344851986303006,20.452397542362856,R
ZN.v.0,side,dovish,35,23.0,10.270236476262525,2.4863652996210583,21.21908450498249,R
ZN.v.0,side,dovish,40,23.0,11.843431241653096,3.144039768285406,23.081336658032086,R
ZN.v.0,side,dovish,46,23.0,11.55327471256307,4.634034740669247,19.991413931317844,R
ZN.v.0,side,dovish,52,23.0,13.07881729733831,7.978225604508158,20.496879061999078,R
ZN.v.0,side,dovish,60,23.0,13.84174495131953,6.838188106048614,17.61463939690305,R
ZN.v.0,side,dovish,68,23.0,16.53234515834525,6.84316475482861,22.602310757743595,R
ZN.v.0,side,dovish,78,23.0,16.53234515834525,10.317613018909089,22.139537593739377,R
ZN.v.0,side,dovish,89,23.0,15.678792536648986,9.035124292807364,20.13259269655761,R
ZN.v.0,side,dovish,101,23.0,15.678792536648986,5.950680358388343,20.539939703307077,R
ZN.v.0,side,dovish,115,23.0,14.836273871923035,6.7254437032356655,23.344396866229488,R
ZN.v.0,side,dovish,132,23.0,15.8205124324931,7.423550503611077,24.77391946919378,R
ZN.v.0,side,dovish,150,23.0,17.699746204600565,8.382951396999642,26.666298449280482,R
ZN.v.0,side,dovish,171,23.0,15.378467029819106,10.073925373304775,27.860834729520626,R
ZN.v.0,side,dovish,196,23.0,16.60772333130518,10.17036539076128,28.15804047829153,R
ZN.v.0,side,dovish,223,23.0,19.00733274044703,8.033587417932061,28.104615378356897,R
ZN.v.0,side,dovish,255,23.0,18.94276301944787,8.092434058773074,30.658607237133612,R
ZN.v.0,side,dovish,291,23.0,24.275633595254156,10.737752061966304,32.5252543006088,R
ZN.v.0,side,dovish,300,23.0,22.682002061561686,12.17222859046602,32.5252543006088,R
ZN.v.0,side,dovish,332,23.0,23.357054890949335,11.823499562858018,30.224327281807405,R
ZN.v.0,side,dovish,378,23.0,19.4517111967906,13.004200788662471,31.85881382674288,R
ZN.v.0,side,dovish,432,23.0,22.487998846317026,11.76016114300272,30.995528922277387,R
ZN.v.0,side,dovish,493,23.0,18.403031469250863,11.759542544047964,32.29452595176741,R
ZN.v.0,side,dovish,562,23.0,18.2798122067049,10.446921563589822,32.313729865876056,R
ZN.v.0,side,dovish,600,23.0,15.760444554657141,11.532117783991644,32.09334306651313,R
ZN.v.0,side,dovish,641,23.0,17.75989100482035,14.061740624322567,33.84935460245232,R
ZN.v.0,side,dovish,732,23.0,23.849283901508564,13.622532917678207,35.53433681225984,R
ZN.v.0,side,dovish,835,23.0,21.893437185280842,14.003222845288882,32.70148602519318,R
ZN.v.0,side,dovish,953,23.0,22.490539783245346,15.285520730114062,36.150355674399265,R
ZN.v.0,side,dovish,1087,23.0,25.210383672222164,14.274653778392164,36.66290994005047,R
ZN.v.0,side,dovish,1200,23.0,23.304272402069063,13.944524875839132,34.6349595509281,R
ZN.v.0,side,dovish,1240,23.0,23.849283901508564,13.244538874415268,36.66209639662094,R
ZN.v.0,side,dovish,1415,23.0,25.210383672222164,12.081301561843418,32.77160549209535,R
ZN.v.0,side,dovish,1615,23.0,23.849283901508564,12.279028271489892,33.95788018081292,R
ZN.v.0,side,dovish,1800,23.0,25.522619591117298,13.512375996114262,35.17357503273454,R
ZN.v.0,side,dovish,1843,23.0,24.85502522312029,11.823499562858018,36.66209639662094,R
ZN.v.0,side,dovish,2103,23.0,23.849283901508564,5.009816070225218,37.98592130669752,R
ZN.v.0,side,dovish,2399,23.0,29.589989181947868,8.537628915339605,43.40001799862267,R
ZN.v.0,side,hawkish,1,46.0,0.0,-0.6028550780863733,0.4248449317141427,R
ZN.v.0,side,hawkish,2,46.0,-1.2899673365526159,-12.95695280006525,0.0,R
ZN.v.0,side,hawkish,3,46.0,-2.1981724210033793,-13.170501026700233,0.0,R
ZN.v.0,side,hawkish,4,46.0,-2.967668191865029,-14.320527313837434,0.0,R
ZN.v.0,side,hawkish,5,46.0,-4.687672206165381,-13.030640298026437,0.0,R
ZN.v.0,side,hawkish,6,46.0,-5.356314189411711,-13.251206913178068,-1.1483051775106536,R
ZN.v.0,side,hawkish,7,46.0,-7.0525982713649205,-13.061225688300517,-1.446917508880015,R
ZN.v.0,side,hawkish,8,46.0,-7.120340034718572,-13.563905664080451,0.0,R
ZN.v.0,side,hawkish,9,46.0,-6.40297991871016,-12.343473120562898,0.0,R
ZN.v.0,side,hawkish,11,46.0,-6.835909111748854,-14.008621070807283,-0.8324625058858875,R
ZN.v.0,side,hawkish,12,46.0,-8.818995172989096,-14.739919784566798,-0.8324625058858875,R
ZN.v.0,side,hawkish,14,46.0,-7.002201207174423,-13.907571895977789,-1.1421876553015793,R
ZN.v.0,side,hawkish,16,46.0,-8.384247242493679,-15.2637057381056,-1.208012186774989,R
ZN.v.0,side,hawkish,18,46.0,-7.8488418935665845,-16.00450364764163,-1.4580906630959773,R
ZN.v.0,side,hawkish,21,46.0,-7.472041324074784,-15.58450922802234,-1.5342704459184295,R
ZN.v.0,side,hawkish,24,46.0,-8.27913753226381,-16.71608672433287,-2.1922443513839767,R
ZN.v.0,side,hawkish,27,46.0,-7.254575834586422,-17.66566258126687,-2.5833827109600573,R
ZN.v.0,side,hawkish,30,46.0,-7.461013029164494,-16.335344824444356,-1.6258386211985076,R
ZN.v.0,side,hawkish,31,46.0,-6.581010405312149,-16.166009568031498,-1.4884367494456938,R
ZN.v.0,side,hawkish,35,46.0,-8.641383100517185,-15.549571137732826,-1.4884367494456938,R
ZN.v.0,side,hawkish,40,46.0,-9.71105996284508,-18.492500420875206,0.0,R
ZN.v.0,side,hawkish,46,46.0,-9.119918220857311,-16.942780157008645,-1.9167001041775622,R
ZN.v.0,side,hawkish,52,46.0,-10.12948518294089,-15.610439051784143,-2.2163258699767345,R
ZN.v.0,side,hawkish,60,46.0,-9.959492841120987,-14.756777326872898,-2.061002504614056,R
ZN.v.0,side,hawkish,68,46.0,-10.755851961485428,-15.98749251578069,-3.2453404406681297,R
ZN.v.0,side,hawkish,78,46.0,-10.649814532125415,-17.54923061248868,-3.819250348580458,R
ZN.v.0,side,hawkish,89,46.0,-9.36344762580988,-17.107133484255208,-4.417104988657027,R
ZN.v.0,side,hawkish,101,46.0,-10.816230536181557,-18.014209614075657,-3.3588086368788956,R
ZN.v.0,side,hawkish,115,46.0,-10.36551038253047,-16.14958387689915,-4.566555986764202,R
ZN.v.0,side,hawkish,132,46.0,-11.265900257891396,-14.465394016028835,-4.81591811898895,R
ZN.v.0,side,hawkish,150,46.0,-11.833050893708418,-18.179388572617878,-4.575988331170789,R
ZN.v.0,side,hawkish,171,46.0,-11.491836647222442,-18.308079411570723,-3.7996317360852547,R
ZN.v.0,side,hawkish,196,46.0,-12.594592363796366,-18.541073178968865,-2.960895415075853,R
ZN.v.0,side,hawkish,223,46.0,-9.72937226659034,-18.37894423329568,-2.8612651562861346,R
ZN.v.0,side,hawkish,255,46.0,-9.076637571118617,-17.50916043184303,-3.032254550011224,R
ZN.v.0,side,hawkish,291,46.0,-10.36274696532054,-18.401351636015818,-2.9444327037648677,R
ZN.v.0,side,hawkish,300,46.0,-10.695467585616768,-18.454256065607876,-2.635105087504487,R
ZN.v.0,side,hawkish,332,46.0,-10.64897730645707,-21.722741767427145,-2.635105087504487,R
ZN.v.0,side,hawkish,378,46.0,-9.56861763374042,-23.426063779700613,-1.3147212506486516,R
ZN.v.0,side,hawkish,432,46.0,-9.876476239504811,-21.469783556503398,-2.3471895325310093,R
ZN.v.0,side,hawkish,493,46.0,-8.641383100517185,-22.809651470601892,-2.3740972514383447,R
ZN.v.0,side,hawkish,562,46.0,-9.003580376135623,-24.437967645324534,-1.9198045637182584,R
ZN.v.0,side,hawkish,600,46.0,-9.928596032208368,-24.437967645324534,-2.255404450648141,R
ZN.v.0,side,hawkish,641,46.0,-9.754482744390096,-22.364727056145643,-2.986171409961539,R
ZN.v.0,side,hawkish,732,46.0,-8.421851865790629,-22.79177254561602,-3.441715411022021,R
ZN.v.0,side,hawkish,835,46.0,-9.08272906800164,-21.473106439057627,-2.9511780270239396,R
ZN.v.0,side,hawkish,953,46.0,-11.602909794773579,-23.330682102538443,-2.444721406776921,R
ZN.v.0,side,hawkish,1087,46.0,-10.096107397643062,-22.65292594100132,-3.1061146707228473,R
ZN.v.0,side,hawkish,1200,46.0,-9.867632558646381,-23.557630414083075,-3.652034063966308,R
ZN.v.0,side,hawkish,1240,46.0,-9.572135280688975,-23.947054148397594,-3.0379589370562945,R
ZN.v.0,side,hawkish,1415,46.0,-10.115461885544615,-22.041616943865606,-3.9565864334106062,R
ZN.v.0,side,hawkish,1615,46.0,-9.634101646170139,-19.59024208794674,-4.363045157943599,R
ZN.v.0,side,hawkish,1800,46.0,-9.249691408069856,-18.66194487895326,-4.773119793110885,R
ZN.v.0,side,hawkish,1843,46.0,-10.327760045724329,-19.783369338655405,-4.548392024033665,R
ZN.v.0,side,hawkish,2103,46.0,-12.049700867359729,-21.057715240109488,-2.8634338517324283,R
ZN.v.0,side,hawkish,2399,46.0,-10.200141987583914,-22.704905506206707,0.5101867285395929,R
ZN.v.0,surprise,large,1,31.0,0.0,-0.9615503074073783,0.9570667114342972,R
ZN.v.0,surprise,large,2,31.0,0.0,-14.739392665010524,11.84501079384533,R
ZN.v.0,surprise,large,3,31.0,-1.470047779200467,-15.553403479736538,11.990040678191646,R
ZN.v.0,surprise,large,4,31.0,-1.3912075704124958,-18.2883277700726,11.815030166021048,R
ZN.v.0,surprise,large,5,31.0,-4.07083254145995,-17.96715641375547,8.423151196332576,R
ZN.v.0,surprise,large,6,31.0,-3.6755247225272947,-18.31794194009228,8.859800836028079,R
ZN.v.0,surprise,large,7,31.0,-6.957974118733941,-17.68732311196445,7.944300365245677,R
ZN.v.0,surprise,large,8,31.0,-7.481297107043313,-16.743163643026516,10.992612255061601,R
ZN.v.0,surprise,large,9,31.0,-5.655931022731158,-13.256290977770053,13.14082309236235,R
ZN.v.0,surprise,large,11,31.0,-6.284565314939375,-17.004904205579997,17.14925263969281,R
ZN.v.0,surprise,large,12,31.0,-8.728724290099112,-18.05952446117015,16.499629040497197,R
ZN.v.0,surprise,large,14,31.0,-5.881488186011749,-16.695384851637613,16.45273110143651,R
ZN.v.0,surprise,large,16,31.0,-8.680556100637027,-15.631103950921297,16.405659983632354,R
ZN.v.0,surprise,large,18,31.0,-6.857641863459746,-17.90659768736849,14.05475221391138,R
ZN.v.0,surprise,large,21,31.0,-6.19962822088996,-19.879865723937606,17.2328052265009,R
ZN.v.0,surprise,large,24,31.0,-11.162099633440787,-20.803228003646794,13.666366596902126,R
ZN.v.0,surprise,large,27,31.0,-7.541952466099363,-19.507058755856974,12.985167685767093,R
ZN.v.0,surprise,large,30,31.0,-9.921250891310288,-18.800145139523146,14.279420207137985,R
ZN.v.0,surprise,large,31,31.0,-8.380223164927996,-20.910970700989772,14.475606472284817,R
ZN.v.0,surprise,large,35,31.0,-8.577380748887277,-22.023557339601943,11.812648158605658,R
ZN.v.0,surprise,large,40,31.0,-8.104991247639013,-22.82582816337229,10.956962773456565,R
ZN.v.0,surprise,large,46,31.0,-3.6755247225272947,-20.847333948906574,12.21390492114934,R
ZN.v.0,surprise,large,52,31.0,-2.2051527157607724,-20.937980510576903,14.594628507049055,R
ZN.v.0,surprise,large,60,31.0,-6.616917493200724,-19.896091537637748,13.571571522810428,R
ZN.v.0,surprise,large,68,31.0,-8.143322925581963,-21.74256595249286,17.430139616433706,R
ZN.v.0,surprise,large,78,31.0,-9.559175697581576,-22.86459266927009,17.467688313798057,R
ZN.v.0,surprise,large,89,31.0,-5.823923547665746,-20.494377221545093,15.623437445668305,R
ZN.v.0,surprise,large,101,31.0,-10.2148532835923,-21.18947115710862,15.749652484571044,R
ZN.v.0,surprise,large,115,31.0,-11.030629496587704,-19.459889629942012,17.830265988607962,R
ZN.v.0,surprise,large,132,31.0,-12.50229984508674,-19.268048262336603,19.2262839231125,R
ZN.v.0,surprise,large,150,31.0,-12.940577320910286,-20.11874621070767,18.347305405440547,R
ZN.v.0,surprise,large,171,31.0,-12.940577320910286,-21.672949822904283,21.45753193021344,R
ZN.v.0,surprise,large,196,31.0,-12.25565445391885,-24.465842949073217,23.67151203471866,R
ZN.v.0,surprise,large,223,31.0,-9.803321660071022,-22.067042303362125,24.595901577570473,R
ZN.v.0,surprise,large,255,31.0,-11.029412882794032,-23.95066988614359,24.091112710387527,R
ZN.v.0,surprise,large,291,31.0,-10.775863111702483,-27.32566060237128,25.78368465977981,R
ZN.v.0,surprise,large,300,31.0,-11.44130435229494,-28.56812814930062,25.18698799509307,R
ZN.v.0,surprise,large,332,31.0,-11.44130435229494,-29.586557148235286,24.74300863373816,R
ZN.v.0,surprise,large,378,31.0,-12.25565445391885,-29.30703438339227,26.808259961893405,R
ZN.v.0,surprise,large,432,31.0,-9.803321660071022,-26.252584808224242,22.489269314781186,R
ZN.v.0,surprise,large,493,31.0,-6.616917493200724,-27.2680516300412,22.822222949534705,R
ZN.v.0,surprise,large,562,31.0,-8.380223164927996,-30.269054521106902,22.016043478762224,R
ZN.v.0,surprise,large,600,31.0,-7.351590112392704,-29.857340240248448,23.28167140839583,R
ZN.v.0,surprise,large,641,31.0,-8.69673306149044,-30.570301884120592,22.66967630359187,R
ZN.v.0,surprise,large,732,31.0,-7.182618373077721,-29.603481241336908,27.615536228777984,R
ZN.v.0,surprise,large,835,31.0,-8.350150092025805,-27.776885472712713,28.94913592622261,R
ZN.v.0,surprise,large,953,31.0,-11.13508361973793,-28.108645718887722,27.0449319024979,R
ZN.v.0,surprise,large,1087,31.0,-6.957974118733941,-27.193108661611948,26.808259961893405,R
ZN.v.0,surprise,large,1200,31.0,-6.957974118733941,-26.030914600774953,27.687375010431314,R
ZN.v.0,surprise,large,1240,31.0,-7.553648427830746,-27.016697334473285,28.362394636283852,R
ZN.v.0,surprise,large,1415,31.0,-10.301844941176078,-25.74996002023945,26.100332271741138,R
ZN.v.0,surprise,large,1615,31.0,-2.0595201390887325,-24.1675890565729,25.534117808761923,R
ZN.v.0,surprise,large,1800,31.0,-4.80620696539382,-27.82912638497557,28.6440205993308,R
ZN.v.0,surprise,large,1843,31.0,-7.553648427830746,-27.2813627418665,26.829238517545804,R
ZN.v.0,surprise,large,2103,31.0,-1.4394702774246328,-32.08930211295958,24.528786471481062,R
ZN.v.0,surprise,large,2399,31.0,-2.0595201390887325,-25.664821905041766,32.922645258303426,R
ZN.v.0,surprise,medium,1,30.0,0.0,-0.452393159952404,0.0,R
ZN.v.0,surprise,medium,2,30.0,0.0,-3.7364770817896815,0.652397741172291,R
ZN.v.0,surprise,medium,3,30.0,0.0,-3.7202098885823647,1.2401601557148372,R
ZN.v.0,surprise,medium,4,30.0,0.0,-4.196297161410334,1.9162853507370006,R
ZN.v.0,surprise,medium,5,30.0,-1.9071687519541305,-5.475192856373218,1.279943686416279,R
ZN.v.0,surprise,medium,6,30.0,-1.7997857945371296,-6.136795254572727,2.432542815080834,R
ZN.v.0,surprise,medium,7,30.0,-1.9784948698414888,-6.78636397376684,3.293795164957311,R
ZN.v.0,surprise,medium,8,30.0,-1.2432398895410732,-6.9513641388268175,4.275953795516914,R
ZN.v.0,surprise,medium,9,30.0,0.0,-5.719628004439279,4.790040242103909,R
ZN.v.0,surprise,medium,11,30.0,-0.9515327518489345,-7.011679242283152,2.385189853312688,R
ZN.v.0,surprise,medium,12,30.0,-0.5970862199598813,-8.009192062000372,4.153609710744108,R
ZN.v.0,surprise,medium,14,30.0,-1.211638826436632,-6.614038185284533,3.9777467138365132,R
ZN.v.0,surprise,medium,16,30.0,-1.1650744064166076,-7.519507219342859,4.748916116341969,R
ZN.v.0,surprise,medium,18,30.0,-1.1650744064166076,-7.850865752973556,4.957501455131036,R
ZN.v.0,surprise,medium,21,30.0,-3.1733966992165676,-8.853925739501815,2.743067794972037,R
ZN.v.0,surprise,medium,24,30.0,-2.257658734806556,-8.49226149220545,4.35467173290352,R
ZN.v.0,surprise,medium,27,30.0,-2.612180662136213,-7.901856827530788,4.349892125620979,R
ZN.v.0,surprise,medium,30,30.0,-1.9031619428540922,-6.8233530691486015,4.644288317770773,R
ZN.v.0,surprise,medium,31,30.0,-1.808796357302608,-6.256010050694844,4.644288317770773,R
ZN.v.0,surprise,medium,35,30.0,-2.9917272932521195,-6.325872787688262,3.7701747199185296,R
ZN.v.0,surprise,medium,40,30.0,-1.5009155697615149,-8.999237045136324,3.895813376814674,R
ZN.v.0,surprise,medium,46,30.0,-0.5679881864567262,-8.91668281060269,4.771104029583435,R
ZN.v.0,surprise,medium,52,30.0,-2.6305906996289563,-8.107140202097925,4.8805300414618324,R
ZN.v.0,surprise,medium,60,30.0,-1.1973983830055035,-10.109654230463628,5.543226682869488,R
ZN.v.0,surprise,medium,68,30.0,-1.5658470873473185,-10.418871763846289,5.484289067482771,R
ZN.v.0,surprise,medium,78,30.0,0.0,-10.105891175738737,5.80235690569292,R
ZN.v.0,surprise,medium,89,30.0,-0.7001820484765592,-8.734517266462614,4.95468772955129,R
ZN.v.0,surprise,medium,101,30.0,-2.6011585713505934,-9.343307216049677,6.2350326164809164,R
ZN.v.0,surprise,medium,115,30.0,-3.8983239094678726,-9.558630542216699,7.6360945073533975,R
ZN.v.0,surprise,medium,132,30.0,-2.837010471408896,-8.590651284144162,7.9931817992190455,R
ZN.v.0,surprise,medium,150,30.0,-1.182540792933477,-9.56018543504216,6.6023085696602495,R
ZN.v.0,surprise,medium,171,30.0,-0.7001820484765592,-8.294963129575102,6.23038787769494,R
ZN.v.0,surprise,medium,196,30.0,-0.7001820484765592,-9.528826916345313,7.423125718857676,R
ZN.v.0,surprise,medium,223,30.0,-1.8984326084024548,-9.184846936790505,7.32146196777348,R
ZN.v.0,surprise,medium,255,30.0,-1.2576394240836652,-8.16823759620065,4.52847589379928,R
ZN.v.0,surprise,medium,291,30.0,-2.4234245080458647,-8.402592593158618,5.1794426153990605,R
ZN.v.0,surprise,medium,300,30.0,-1.3147346549533099,-7.85918693875948,4.658076293695433,R
ZN.v.0,surprise,medium,332,30.0,-1.303391121472374,-6.7129008516899376,5.939703697306169,R
ZN.v.0,surprise,medium,378,30.0,-0.5970862199598813,-7.050837994154321,6.517544658547916,R
ZN.v.0,surprise,medium,432,30.0,-0.5970862199598813,-7.676384821115686,7.5234245857353255,R
ZN.v.0,surprise,medium,493,30.0,-1.7331271223192313,-5.060729675743344,7.831580593085807,R
ZN.v.0,surprise,medium,562,30.0,-1.2048016922762501,-6.626552792525929,5.709728887022597,R
ZN.v.0,surprise,medium,600,30.0,-1.001795681504043,-6.955956136274079,5.421751563317961,R
ZN.v.0,surprise,medium,641,30.0,-2.040936389400752,-8.944234197133753,4.656238361006705,R
ZN.v.0,surprise,medium,732,30.0,-3.3845279539242794,-7.904919771982936,2.142802747432661,R
ZN.v.0,surprise,medium,835,30.0,-3.1014317307156567,-8.312407533678693,3.7062895054566662,R
ZN.v.0,surprise,medium,953,30.0,-1.2634421374923481,-8.666576850554776,3.5718605411217768,R
ZN.v.0,surprise,medium,1087,30.0,-2.8345980484700544,-7.827869998670217,2.3810824511313387,R
ZN.v.0,surprise,medium,1200,30.0,-3.210307741272231,-8.184003736435093,4.553458113335802,R
ZN.v.0,surprise,medium,1240,30.0,-2.6069530886759673,-8.234814950051138,3.3194196580800606,R
ZN.v.0,surprise,medium,1415,30.0,-3.5917084477736907,-8.504004129716103,4.851894308031427,R
ZN.v.0,surprise,medium,1615,30.0,-5.454364442866295,-9.646635854302923,7.139990243890408,R
ZN.v.0,surprise,medium,1800,30.0,-4.493303239143412,-8.556464893538092,6.897021648040903,R
ZN.v.0,surprise,medium,1843,30.0,-4.088142945153911,-8.524862305877111,6.624410519749175,R
ZN.v.0,surprise,medium,2103,30.0,-3.998759603113551,-14.670103456537277,2.3588292845701817,R
ZN.v.0,surprise,medium,2399,30.0,-2.7749137591830424,-13.100607982467738,6.503864067879755,R
ZN.v.0,surprise,small,1,8.0,0.0,-0.8243883135931779,0.14161497723804758,R
ZN.v.0,surprise,small,2,8.0,-0.2812069402611745,-2.2983222192489494,0.14161497723804758,R
ZN.v.0,surprise,small,3,8.0,-0.35037314754510557,-2.147672158007397,0.14161497723804758,R
ZN.v.0,surprise,small,4,8.0,-0.63158008780628,-1.1710230344726116,0.0,R
ZN.v.0,surprise,small,5,8.0,-0.9819777893410666,-2.9562075621939132,0.0,R
ZN.v.0,surprise,small,6,8.0,-1.1289377419015678,-3.2470743455354163,0.0,R
ZN.v.0,surprise,small,7,8.0,-1.757815513345511,-3.8836007441906344,0.0,R
ZN.v.0,surprise,small,8,8.0,-1.8470337247578335,-4.5869717123637965,0.0,R
ZN.v.0,surprise,small,9,8.0,-1.8470337247578335,-6.757067402186866,0.3503363234430196,R
ZN.v.0,surprise,small,11,8.0,-1.1871954105514262,-8.032396865370458,2.493273702533161,R
ZN.v.0,surprise,small,12,8.0,-1.1871954105514262,-9.439780766070118,3.147489550880161,R
ZN.v.0,surprise,small,14,8.0,-1.1871954105514262,-7.577479773716654,2.998142198764414,R
ZN.v.0,surprise,small,16,8.0,-1.7496883799826444,-4.308590119569712,2.544616375253194,R
ZN.v.0,surprise,small,18,8.0,-2.374532169848897,-4.308590119569712,2.976925480803506,R
ZN.v.0,surprise,small,21,8.0,-2.312244636201736,-7.152321756540051,1.9259165104744473,R
ZN.v.0,surprise,small,24,8.0,-2.312244636201736,-7.543976369882049,2.389343709741186,R
ZN.v.0,surprise,small,27,8.0,-2.937088426067988,-6.859032220774222,4.669429797714237,R
ZN.v.0,surprise,small,30,8.0,-1.7496883799826444,-5.784548762259333,3.89409251297731,R
ZN.v.0,surprise,small,31,8.0,-1.7496883799826444,-5.217623197156279,3.595478083572741,R
ZN.v.0,surprise,small,35,8.0,-1.7496883799826444,-5.784548762259333,2.2459662733572294,R
ZN.v.0,surprise,small,40,8.0,-1.1249226663123106,-7.231265129082213,1.1949573030281704,R
ZN.v.0,surprise,small,46,8.0,-1.1249226663123106,-7.231265129082213,2.544616375253194,R
ZN.v.0,surprise,small,52,8.0,-1.1249226663123106,-6.947721973510208,0.5975500476612086,R
ZN.v.0,surprise,small,60,8.0,-2.312244636201736,-6.380732120198002,2.493273702533161,R
ZN.v.0,surprise,small,68,8.0,-2.250098479780365,-8.11103052598481,2.493273702533161,R
ZN.v.0,surprise,small,78,8.0,-2.250098479780365,-7.231265129082213,2.338082310237513,R
ZN.v.0,surprise,small,89,8.0,-5.801781919561321,-7.543976369882049,1.9878932075494742,R
ZN.v.0,surprise,small,101,8.0,-2.8477556643314044,-8.11103052598481,1.9878932075494742,R
ZN.v.0,surprise,small,115,8.0,-2.8477556643314044,-9.654686808107993,1.9878932075494742,R
ZN.v.0,surprise,small,132,8.0,-4.078536413253157,-9.619384097286915,3.274996739936949,R
ZN.v.0,surprise,small,150,8.0,-5.837113639303014,-9.619384097286915,3.861605040415894,R
ZN.v.0,surprise,small,171,8.0,-4.6764794897850495,-9.065751055000856,5.764481528277031,R
ZN.v.0,surprise,small,196,8.0,-4.05644245010127,-9.768663141812375,5.148474548967857,R
ZN.v.0,surprise,small,223,8.0,-0.5273369120457961,-7.603844146954314,2.863325546166865,R
ZN.v.0,surprise,small,255,8.0,-0.5273369120457961,-6.142175925195823,3.1580550926864897,R
ZN.v.0,surprise,small,291,8.0,1.7925430402316154,-5.440055758914438,5.378302437409282,R
ZN.v.0,surprise,small,300,8.0,2.9646698697221576,-5.731125732464813,5.6120602302611715,R
ZN.v.0,surprise,small,332,8.0,0.011419282317185253,-5.731125732464813,4.094852495853474,R
ZN.v.0,surprise,small,378,8.0,0.5975857542665145,-4.887291348136175,5.994182124239692,R
ZN.v.0,surprise,small,432,8.0,-1.7110891382616398,-5.598616244354286,4.736659828818097,R
ZN.v.0,surprise,small,493,8.0,-1.7110891382616398,-5.598616244354286,3.1837898855093476,R
ZN.v.0,surprise,small,562,8.0,-1.1249226663123106,-8.289360114401308,3.4467057617323356,R
ZN.v.0,surprise,small,600,8.0,-1.7496883799826444,-7.033943148707241,4.088183730483727,R
ZN.v.0,surprise,small,641,8.0,-1.7496883799826444,-7.707321813652251,3.5011559535092367,R
ZN.v.0,surprise,small,732,8.0,-2.9994540554265665,-5.581937154810749,5.846167916675551,R
ZN.v.0,surprise,small,835,8.0,-2.2879162169415546,-4.904347725990276,7.545963965272698,R
ZN.v.0,surprise,small,953,8.0,-2.8504724731606457,-6.100877811648718,4.030407564113933,R
ZN.v.0,surprise,small,1087,8.0,-2.937088426067988,-8.82299149961261,1.9220672039935274,R
ZN.v.0,surprise,small,1200,8.0,-3.6332369999304492,-9.792689725885007,0.27009852812041846,R
ZN.v.0,surprise,small,1240,8.0,-2.9994540554265665,-9.671141324041475,1.5720742032815946,R
ZN.v.0,surprise,small,1415,8.0,-3.624454056240692,-7.707321813652251,2.4513239112055887,R
ZN.v.0,surprise,small,1615,8.0,-4.078536413253157,-8.889299493069561,5.088454740064117,R
ZN.v.0,surprise,small,1800,8.0,-5.196584129103292,-9.253244519637926,5.088454740064117,R
ZN.v.0,surprise,small,1843,8.0,-5.4999229454465,-9.970291737225763,5.967292331881485,R
ZN.v.0,surprise,small,2103,8.0,-4.5293345859102185,-9.552394932822214,5.668053488889339,R
ZN.v.0,surprise,small,2399,8.0,-5.139306559210884,-8.465152066523773,3.4381953309129636,R
equity_average,action,cut,1,7.0,-0.1632810897308235,-0.4929537399080831,0.24878517421571175,R
equity_average,action,cut,2,7.0,-0.6688949651277292,-5.574845600465617,0.49372207023421777,R
equity_average,action,cut,3,7.0,-0.6688949651277292,-5.677601233676654,0.8787301890523087,R
equity_average,action,cut,4,7.0,-0.35607236672142173,-5.382980380859298,1.1876136739896095,R
equity_average,action,cut,5,7.0,-0.6546270766568744,-2.6288013342853027,0.6820242584951182,R
equity_average,action,cut,6,7.0,-1.4234840457448754,-6.053378565473667,1.6210347578368662,R
equity_average,action,cut,7,7.0,-3.7506741603161444,-12.178199497467666,0.7668019381011395,R
equity_average,action,cut,8,7.0,-3.8284473581181047,-12.436843033183141,1.2872712187763535,R
equity_average,action,cut,9,7.0,-4.31912072953174,-11.236857831001778,1.2178174671462,R
equity_average,action,cut,11,7.0,-1.358727130773944,-14.125675961725111,-1.1129134467430128,R
equity_average,action,cut,12,7.0,-0.3423161710305588,-13.361537111267936,-0.07414701076114713,R
equity_average,action,cut,14,7.0,1.8719956691939292,-9.291288480645992,2.7649296354769084,R
equity_average,action,cut,16,7.0,-0.7227230332389111,-4.7142433176736604,3.7258987262445498,R
equity_average,action,cut,18,7.0,-4.120150442307736,-9.392715274815334,4.106123934396106,R
equity_average,action,cut,21,7.0,-5.20950355325806,-8.764352488142174,4.162351387006141,R
equity_average,action,cut,24,7.0,3.4652310155246315,-7.186114775801845,9.363020869511757,R
equity_average,action,cut,27,7.0,4.266367915690233,-8.074685264529094,6.618920413790638,R
equity_average,action,cut,30,7.0,1.9645498158760866,-12.32146689680758,5.909226899912483,R
equity_average,action,cut,31,7.0,0.5413394991468002,-12.084771393341416,6.490958889587124,R
equity_average,action,cut,35,7.0,-1.4679774678393809,-8.865390087123503,5.0775557949897125,R
equity_average,action,cut,40,7.0,-3.52136462832471,-8.368265034074842,2.4263318816915587,R
equity_average,action,cut,46,7.0,-0.19278805780165048,-7.378503159422149,3.7970430969664015,R
equity_average,action,cut,52,7.0,-0.4288500713360749,-12.531357686194344,9.11296858900591,R
equity_average,action,cut,60,7.0,-2.431756275258648,-10.545170857679636,6.61162113045917,R
equity_average,action,cut,68,7.0,-0.23804414616859232,-10.445099272401189,4.519563244676828,R
equity_average,action,cut,78,7.0,2.7066316291349453,-11.124854530366955,4.354024771691407,R
equity_average,action,cut,89,7.0,0.9757906029941039,-14.327615469966767,2.862640859835934,R
equity_average,action,cut,101,7.0,-0.013762022346921185,-16.616357484340238,0.6600200806945692,R
equity_average,action,cut,115,7.0,0.7848722195585345,-23.337052012892286,4.256973746013095,R
equity_average,action,cut,132,7.0,1.3789144417373786,-25.006293965690716,6.119197649181925,R
equity_average,action,cut,150,7.0,-1.2000564387148005,-19.657200870616705,5.5113687430371066,R
equity_average,action,cut,171,7.0,-1.9713226833281459,-20.65429693182312,1.7568023444531997,R
equity_average,action,cut,196,7.0,-7.410067300627734,-25.084379084781332,-1.2892958222852664,R
equity_average,action,cut,223,7.0,-4.850343944883152,-18.98541094668554,0.3033623493587898,R
equity_average,action,cut,255,7.0,-3.7248585141093837,-20.947406071692157,-1.1956814593164433,R
equity_average,action,cut,291,7.0,-2.2114120949540035,-22.023615812423532,1.8327067832534603,R
equity_average,action,cut,300,7.0,-3.041146234551667,-17.385200881925297,2.478125852755846,R
equity_average,action,cut,332,7.0,-5.495853466726242,-18.24294296505008,2.5916294671976132,R
equity_average,action,cut,378,7.0,-3.748678643548118,-16.88712174329659,0.3553666491855352,R
equity_average,action,cut,432,7.0,-3.840746909073185,-9.925054717296701,1.3168731243982457,R
equity_average,action,cut,493,7.0,3.0766732639908607,-1.0372210980579537,4.621247462845281,R
equity_average,action,cut,562,7.0,-1.721545660861755,-9.513899093730291,4.703177603871415,R
equity_average,action,cut,600,7.0,-0.5243915732371287,-12.902698250602066,2.931600996289751,R
equity_average,action,cut,641,7.0,-2.8918767817296085,-16.44719045052119,2.3664596354080616,R
equity_average,action,cut,732,7.0,-4.946678447569872,-19.875449070000037,2.1477975437985632,R
equity_average,action,cut,835,7.0,-6.246339023062708,-30.98736292013137,-0.052602079976106664,R
equity_average,action,cut,953,7.0,-10.98774863697945,-43.669093301628564,-2.3180119946271294,R
equity_average,action,cut,1087,7.0,-13.283349579331656,-36.13306087494515,2.212367181712028,R
equity_average,action,cut,1200,7.0,-12.296000901267153,-36.459441461921635,0.5062929904522802,R
equity_average,action,cut,1240,7.0,-9.246716635056305,-42.65556980319444,-1.5285252482924934,R
equity_average,action,cut,1415,7.0,-13.391382361359641,-36.223417306383055,-6.950205024402729,R
equity_average,action,cut,1615,7.0,-9.304028528031203,-37.98915368379549,-2.52122930964667,R
equity_average,action,cut,1800,7.0,-1.170003725809655,-36.65786955573546,1.2811367919039236,R
equity_average,action,cut,1843,7.0,-2.7432366571012032,-35.59323031931113,1.4541367118630137,R
equity_average,action,cut,2103,7.0,-7.812361012896218,-37.55210348394533,5.324480628935046,R
equity_average,action,cut,2399,7.0,-58.069062616507665,-63.26993522198863,-22.07164816211347,R
equity_average,action,hike,1,17.0,0.36498121836149766,-1.7346298876671515,1.2454011989922196,R
equity_average,action,hike,2,17.0,-1.477264544966711,-11.471927550138489,1.3710672416685583,R
equity_average,action,hike,3,17.0,-3.98453316143281,-10.652983199002765,1.4310181389702197,R
equity_average,action,hike,4,17.0,-4.6916068836708735,-12.078696840474004,2.853718024147003,R
equity_average,action,hike,5,17.0,-4.946627469905528,-11.633188676963279,0.40464846104601276,R
equity_average,action,hike,6,17.0,-5.84705360877877,-22.260079148497724,1.0450820713132118,R
equity_average,action,hike,7,17.0,-4.77870340749432,-26.741282522075213,1.4802662270165527,R
equity_average,action,hike,8,17.0,-10.09482409674416,-22.155194556509436,2.644465309935691,R
equity_average,action,hike,9,17.0,-7.72385043651583,-17.716161869878206,2.781769506660285,R
equity_average,action,hike,11,17.0,-2.665594092235594,-18.773669052169254,4.769570906822699,R
equity_average,action,hike,12,17.0,0.3699712189294012,-19.44876655109759,3.876220461399913,R
equity_average,action,hike,14,17.0,-6.262831633009544,-25.390331996388447,5.903940055723712,R
equity_average,action,hike,16,17.0,-13.782376548849292,-24.255331158890385,1.1901476651494551,R
equity_average,action,hike,18,17.0,-12.39103283700063,-26.339373004235334,0.3249869138569377,R
equity_average,action,hike,21,17.0,-8.690823481800324,-23.527099851159683,2.327153290476904,R
equity_average,action,hike,24,17.0,-8.242714501396236,-28.37849659429378,1.7057153432249035,R
equity_average,action,hike,27,17.0,-6.234219648107885,-33.420086120399624,11.900006954981396,R
equity_average,action,hike,30,17.0,-6.916705479117152,-33.5944395783705,9.02193442567442,R
equity_average,action,hike,31,17.0,-5.981694395528653,-23.272349580735405,11.355945369139711,R
equity_average,action,hike,35,17.0,-0.34366623149166886,-27.91502607248787,10.539284316006302,R
equity_average,action,hike,40,17.0,0.8383750400827816,-39.14235246490827,25.499557889734056,R
equity_average,action,hike,46,17.0,-1.2722318827300745,-31.107920891892462,16.498989872325136,R
equity_average,action,hike,52,17.0,-4.356795078837421,-19.67345252596239,17.719163106044775,R
equity_average,action,hike,60,17.0,-6.710980995958249,-28.27548050123538,16.303154086949327,R
equity_average,action,hike,68,17.0,-9.418174838590245,-20.65602181698198,7.264464159650645,R
equity_average,action,hike,78,17.0,-10.773816506732732,-28.524069954225027,5.566352981450592,R
equity_average,action,hike,89,17.0,-6.812643209668369,-42.47162524776783,16.86644688865164,R
equity_average,action,hike,101,17.0,-4.541223414509333,-58.22805865598628,9.441707928269974,R
equity_average,action,hike,115,17.0,-9.348560344530556,-40.67018511556468,13.641026708227102,R
equity_average,action,hike,132,17.0,-11.117041884356844,-21.438016795879165,12.871326715763669,R
equity_average,action,hike,150,17.0,-11.593833238925502,-20.866906281386672,9.02120375714285,R
equity_average,action,hike,171,17.0,-9.428646672667762,-25.961418720422877,2.5607146912469476,R
equity_average,action,hike,196,17.0,-4.215717401494365,-43.513094690363516,3.598914556905852,R
equity_average,action,hike,223,17.0,-1.0373770926289638,-39.55415912966405,17.042271299099724,R
equity_average,action,hike,255,17.0,-3.3359642580664586,-50.84431699111239,12.96595315125824,R
equity_average,action,hike,291,17.0,6.6977289325153935,-69.41158637429194,18.260215685662015,R
equity_average,action,hike,300,17.0,4.853963626023755,-65.89007669689049,10.296931632628475,R
equity_average,action,hike,332,17.0,1.4805556742573502,-71.22698414181068,16.770297854729534,R
equity_average,action,hike,378,17.0,-6.720141406800481,-76.62540627332959,20.95332165818005,R
equity_average,action,hike,432,17.0,-2.2715273045299598,-68.37388123288281,17.36080448079943,R
equity_average,action,hike,493,17.0,9.527600351610921,-64.10769527746122,24.83125387842965,R
equity_average,action,hike,562,17.0,-8.53076126722578,-84.57856208547074,20.83045775083658,R
equity_average,action,hike,600,17.0,-6.875492794786021,-75.1824088821993,24.888707193442762,R
equity_average,action,hike,641,17.0,-7.094938734540305,-107.73988292922164,23.804877826655293,R
equity_average,action,hike,732,17.0,-8.891759374895571,-77.84331032534266,21.0317800290056,R
equity_average,action,hike,835,17.0,-3.5009764129841705,-61.99607809255117,9.857842100814008,R
equity_average,action,hike,953,17.0,-4.430471427864855,-60.62005678047617,12.374676840101927,R
equity_average,action,hike,1087,17.0,-11.76186144999052,-48.949299706091736,13.962421276442257,R
equity_average,action,hike,1200,17.0,-8.533637624703932,-47.644027923260026,13.593273084424133,R
equity_average,action,hike,1240,17.0,-3.624403003637389,-59.0097545562301,15.104560059287303,R
equity_average,action,hike,1415,17.0,-8.997457472305,-71.58272776325633,17.87509019086968,R
equity_average,action,hike,1615,17.0,-9.439753246972298,-68.0700439898246,10.696303332831153,R
equity_average,action,hike,1800,17.0,-6.754183627483028,-90.31876155632649,3.8173971029259564,R
equity_average,action,hike,1843,17.0,-24.277548248396513,-83.89627012135817,3.3560403284546205,R
equity_average,action,hike,2103,17.0,-35.925422394412465,-101.16371947535308,1.3876336174353523,R
equity_average,action,hike,2399,17.0,-14.598979812134054,-51.94010153721134,21.89507498968144,R
equity_average,action,hold,1,45.0,0.0,-0.45084851854285724,1.2850620036941212,R
equity_average,action,hold,2,45.0,0.2625292064350214,-2.6250675664941903,6.230327634285821,R
equity_average,action,hold,3,45.0,0.10019738885889483,-3.276573566517105,5.320125858902976,R
equity_average,action,hold,4,45.0,-0.20381483134208467,-3.840216434004721,5.201424003518366,R
equity_average,action,hold,5,45.0,-0.27074002803280695,-4.872849935119078,2.519950346532598,R
equity_average,action,hold,6,45.0,-0.27074002803280695,-7.222243185408608,2.3194260468914503,R
equity_average,action,hold,7,45.0,-0.8742690746946119,-10.640558861814279,5.672124509312485,R
equity_average,action,hold,8,45.0,-0.31048409256644216,-13.127837256726082,6.220342721467496,R
equity_average,action,hold,9,45.0,-0.28660001631910575,-15.308053452120085,8.075671552004808,R
equity_average,action,hold,11,45.0,-1.2234509680437278,-13.734478178741956,10.392151150277106,R
equity_average,action,hold,12,45.0,-1.4829461304948324,-12.827166761430805,9.133574797740199,R
equity_average,action,hold,14,45.0,-0.9682846720213656,-11.67000774840351,4.882523350961719,R
equity_average,action,hold,16,45.0,-0.8056209081312591,-12.648489319268753,6.971997306773397,R
equity_average,action,hold,18,45.0,-0.9931222573099264,-12.095351024022529,11.204991610828957,R
equity_average,action,hold,21,45.0,-0.9177049371342667,-11.481724282706669,9.65556322659942,R
equity_average,action,hold,24,45.0,-0.6947840013069013,-13.041618436443956,10.184909388197603,R
equity_average,action,hold,27,45.0,0.6947347691738314,-11.933610173811239,10.90665543548753,R
equity_average,action,hold,30,45.0,1.5718866374778993,-10.658931877627277,12.940633747993337,R
equity_average,action,hold,31,45.0,2.2501863217212206,-7.414877490380359,14.99082032611872,R
equity_average,action,hold,35,45.0,2.0727932789167802,-9.532885250186498,9.78000863926491,R
equity_average,action,hold,40,45.0,3.3594350877196404,-10.635183814467856,12.940633747993337,R
equity_average,action,hold,46,45.0,4.431836278007161,-11.214893960045057,10.278016639537435,R
equity_average,action,hold,52,45.0,3.428219693692961,-10.948077876308346,12.809810787394916,R
equity_average,action,hold,60,45.0,4.766731098404632,-12.410943988686796,14.112799610519465,R
equity_average,action,hold,68,45.0,4.622379794938225,-12.556816556605238,14.496916198805213,R
equity_average,action,hold,78,45.0,4.472970090927646,-9.52560068645668,16.588953777727248,R
equity_average,action,hold,89,45.0,2.858608723800323,-11.501238005024055,18.544427667120775,R
equity_average,action,hold,101,45.0,3.0428515280200887,-12.387684613601486,19.435655839988538,R
equity_average,action,hold,115,45.0,2.653702501784147,-9.087643062212408,19.167733945287367,R
equity_average,action,hold,132,45.0,4.297322366339742,-6.808444786245692,16.78936497716503,R
equity_average,action,hold,150,45.0,1.7180884317459442,-8.588155084971186,17.43517199299169,R
equity_average,action,hold,171,45.0,2.0691082438871673,-10.231241258420424,13.84317892173519,R
equity_average,action,hold,196,45.0,4.636477712362613,-9.164375377457095,15.27208271032115,R
equity_average,action,hold,223,45.0,4.142922702075547,-8.252265639405657,19.153958771667867,R
equity_average,action,hold,255,45.0,2.3207252501495446,-11.780316054545054,25.495466203125673,R
equity_average,action,hold,291,45.0,5.237435135100869,-12.107970581579554,27.8996935071538,R
equity_average,action,hold,300,45.0,2.772401296449008,-16.42589430969417,27.110456384310446,R
equity_average,action,hold,332,45.0,4.868526501741533,-12.51786195208058,28.626169063984555,R
equity_average,action,hold,378,45.0,5.431526344461069,-10.83926846611148,29.28829917124529,R
equity_average,action,hold,432,45.0,5.622851005250208,-18.172015136002784,26.813770366751694,R
equity_average,action,hold,493,45.0,4.246393164009706,-17.773378597403248,24.628250958886817,R
equity_average,action,hold,562,45.0,5.92223947701093,-19.112213283472254,23.17197673908733,R
equity_average,action,hold,600,45.0,4.452623688781085,-15.81675615388507,28.759230779442262,R
equity_average,action,hold,641,45.0,7.961150825630693,-19.007320012371896,30.1800761902142,R
equity_average,action,hold,732,45.0,7.82647377290742,-12.49679271395524,29.922191739905294,R
equity_average,action,hold,835,45.0,8.2039504476005,-13.548375108437595,25.63580024487294,R
equity_average,action,hold,953,45.0,7.345839910357892,-18.192903276188556,28.867719641094833,R
equity_average,action,hold,1087,45.0,7.31053425346242,-11.271464595704234,24.477419613231014,R
equity_average,action,hold,1200,45.0,5.151167393045732,-19.302189008557576,25.185975827386365,R
equity_average,action,hold,1240,45.0,7.603301746281215,-18.12102486559133,24.668786803271864,R
equity_average,action,hold,1415,45.0,7.937803932620517,-19.82125786483799,23.309437073011523,R
equity_average,action,hold,1615,45.0,5.396615789811573,-17.904520773986963,24.18159639492954,R
equity_average,action,hold,1800,45.0,5.461704587404887,-20.48156156306196,24.424397346757623,R
equity_average,action,hold,1843,45.0,8.950304153785446,-22.889056701414376,25.161959180771813,R
equity_average,action,hold,2103,45.0,7.403069476821813,-15.72036587766754,30.005851718758393,R
equity_average,action,hold,2399,45.0,10.415909536109833,-8.253549049123578,30.67890745184451,R
equity_average,action_x_surprise,cut|large,1,4.0,-0.20801915185551648,-1.5299221090728046,0.2687649475761295,R
equity_average,action_x_surprise,cut|large,2,4.0,-1.5052595687995227,-8.404650156696126,4.317768559567516,R
equity_average,action_x_surprise,cut|large,3,4.0,-1.426817626706132,-7.369828134422582,4.490409998007581,R
equity_average,action_x_surprise,cut|large,4,4.0,-1.5120144016385673,-8.766328042611597,4.997514784417623,R
equity_average,action_x_surprise,cut|large,5,4.0,-1.1451095416629073,-5.533397768073453,3.468304131340563,R
equity_average,action_x_surprise,cut|large,6,4.0,-6.053378565473667,-9.403579855186328,-0.007824600767831313,R
equity_average,action_x_surprise,cut|large,7,4.0,-12.178199497467666,-14.001236998662648,-4.098237172850777,R
equity_average,action_x_surprise,cut|large,8,4.0,-12.436843033183141,-13.801483023234706,-3.976583027982371,R
equity_average,action_x_surprise,cut|large,9,4.0,-11.236857831001778,-12.82702680936619,-2.6857254685905403,R
equity_average,action_x_surprise,cut|large,11,4.0,-14.125675961725111,-14.855903314251147,-5.3410915653970505,R
equity_average,action_x_surprise,cut|large,12,4.0,-13.361537111267936,-15.195781680148482,-5.255196249382091,R
equity_average,action_x_surprise,cut|large,14,4.0,-9.29128848064599,-17.03726085014533,2.4796801126015993,R
equity_average,action_x_surprise,cut|large,16,4.0,-4.7142433176736604,-10.243855011617736,2.4724109150946965,R
equity_average,action_x_surprise,cut|large,18,4.0,-9.392715274815334,-14.254016713785212,-2.1257114122408005,R
equity_average,action_x_surprise,cut|large,21,4.0,-6.608184043868977,-9.270803410280221,-0.7100219258263509,R
equity_average,action_x_surprise,cut|large,24,4.0,-7.186114775801845,-10.216071242969619,-0.8242159590099067,R
equity_average,action_x_surprise,cut|large,27,4.0,-8.074685264529094,-8.577748931028971,-3.3189474349165398,R
equity_average,action_x_surprise,cut|large,30,4.0,-12.32146689680758,-17.656386412625885,-2.964525044741011,R
equity_average,action_x_surprise,cut|large,31,4.0,-12.084771393341416,-17.697776282765822,-2.501167093358154,R
equity_average,action_x_surprise,cut|large,35,4.0,-5.406547200071576,-11.59492477910134,2.2582678596934413,R
equity_average,action_x_surprise,cut|large,40,4.0,-7.722601798963037,-12.56419426341744,-0.08041307118061836,R
equity_average,action_x_surprise,cut|large,46,4.0,-4.599818877802345,-11.684836760352596,3.6676169654025443,R
equity_average,action_x_surprise,cut|large,52,4.0,-2.6673829565540332,-16.02857257983198,9.75554036704169,R
equity_average,action_x_surprise,cut|large,60,4.0,-2.6503232810063597,-16.48185452516445,8.41574865715808,R
equity_average,action_x_surprise,cut|large,68,4.0,-7.334399847105869,-19.724374696399998,5.72760849697616,R
equity_average,action_x_surprise,cut|large,78,4.0,-7.856832400722793,-22.706011534351944,5.045061770073072,R
equity_average,action_x_surprise,cut|large,89,4.0,-10.336488641794455,-27.14811855489331,4.626069387436995,R
equity_average,action_x_surprise,cut|large,101,4.0,-16.616357484340238,-29.70142867480376,-2.79971370004722,R
equity_average,action_x_surprise,cut|large,115,4.0,-23.337052012892286,-25.339471232135523,-15.493970218351585,R
equity_average,action_x_surprise,cut|large,132,4.0,-25.006293965690716,-27.921941959266043,-16.159893255321602,R
equity_average,action_x_surprise,cut|large,150,4.0,-19.657200870616705,-23.412433315844027,-10.165134437071684,R
equity_average,action_x_surprise,cut|large,171,4.0,-20.65429693182312,-27.830362153315896,-6.454661912863777,R
equity_average,action_x_surprise,cut|large,196,4.0,-25.084379084781332,-27.882110445316076,-11.121594538421917,R
equity_average,action_x_surprise,cut|large,223,4.0,-18.98541094668554,-28.5779737807875,-2.564914025632179,R
equity_average,action_x_surprise,cut|large,255,4.0,-20.947406071692157,-30.32950192986121,-4.309620541697633,R
equity_average,action_x_surprise,cut|large,291,4.0,-22.023615812423532,-25.002236065504754,-9.174476442961005,R
equity_average,action_x_surprise,cut|large,300,4.0,-17.385200881925297,-25.036984046700695,-1.6606663713273964,R
equity_average,action_x_surprise,cut|large,332,4.0,-15.386134865123394,-27.895440546565894,1.5195295609785298,R
equity_average,action_x_surprise,cut|large,378,4.0,-16.88712174329659,-34.47200259985959,0.011355019071654482,R
equity_average,action_x_surprise,cut|large,432,4.0,-9.925054717296701,-27.36882475724213,-1.8392420064104362,R
equity_average,action_x_surprise,cut|large,493,4.0,1.4244275925989236,-16.57997683625364,6.648591510629636,R
equity_average,action_x_surprise,cut|large,562,4.0,-9.513899093730291,-26.88392992198593,-2.161146457854426,R
equity_average,action_x_surprise,cut|large,600,4.0,-12.902698250602066,-30.42667617600094,-7.963318984298086,R
equity_average,action_x_surprise,cut|large,641,4.0,-16.44719045052119,-36.49743118874599,-8.131482528393878,R
equity_average,action_x_surprise,cut|large,732,4.0,-19.875449070000037,-39.03307599847187,-10.223350331064417,R
equity_average,action_x_surprise,cut|large,835,4.0,-30.98736292013137,-43.6837647292337,-21.233633159246832,R
equity_average,action_x_surprise,cut|large,953,4.0,-43.669093301628564,-59.396279343714944,-28.443985834052796,R
equity_average,action_x_surprise,cut|large,1087,4.0,-36.13306087494515,-54.353685088418004,-23.94274763233356,R
equity_average,action_x_surprise,cut|large,1200,4.0,-36.459441461921635,-58.340291407480294,-20.927237446654154,R
equity_average,action_x_surprise,cut|large,1240,4.0,-42.65556980319444,-62.221584025478236,-24.10455944549916,R
equity_average,action_x_surprise,cut|large,1415,4.0,-36.223417306383055,-56.65039028249362,-18.752960223663955,R
equity_average,action_x_surprise,cut|large,1615,4.0,-37.98915368379549,-58.26251359653123,-17.80714169748302,R
equity_average,action_x_surprise,cut|large,1800,4.0,-36.65786955573546,-63.36288276871252,-14.311872857256356,R
equity_average,action_x_surprise,cut|large,1843,4.0,-35.593230319311125,-69.52860665606732,-11.077452351304535,R
equity_average,action_x_surprise,cut|large,2103,4.0,-37.55210348394533,-55.2466876995771,-23.119280148303986,R
equity_average,action_x_surprise,cut|large,2399,4.0,-59.140844824806265,-68.97231828402363,-55.38962161043766,R
equity_average,action_x_surprise,cut|medium,1,3.0,-0.1632810897308235,-0.3014417064824333,0.10201120291475496,R
equity_average,action_x_surprise,cut|medium,2,3.0,-0.6688949651277292,-3.98258288624143,-0.2621760403181748,R
equity_average,action_x_surprise,cut|medium,3,3.0,-0.6688949651277292,-4.099293513932388,0.05834513088644455,R
equity_average,action_x_surprise,cut|medium,4,3.0,-0.35607236672142173,-3.1020027112018793,0.06257803924933625,R
equity_average,action_x_surprise,cut|medium,5,3.0,-0.14753484036330097,-1.8847727511324832,0.6820242584951182,R
equity_average,action_x_surprise,cut|medium,6,3.0,-0.08852038182036509,-0.7560022137826203,1.6210347578368662,R
equity_average,action_x_surprise,cut|medium,7,3.0,-0.47609716440853034,-2.1133856623623375,0.7668019381011395,R
equity_average,action_x_surprise,cut|medium,8,3.0,-0.6098805065847932,-2.219163932351449,1.2872712187763535,R
equity_average,action_x_surprise,cut|medium,9,3.0,-0.8184397791603182,-2.568780254346029,1.2178174671462,R
equity_average,action_x_surprise,cut|medium,11,3.0,-1.3188651653065522,-1.338796148040248,-1.1129134467430128,R
equity_average,action_x_surprise,cut|medium,12,3.0,-0.17513136465573936,-0.2587237678431491,-0.07414701076114713,R
equity_average,action_x_surprise,cut|medium,14,3.0,2.7104026766933433,2.291199172943636,2.7649296354769084,R
equity_average,action_x_surprise,cut|medium,16,3.0,2.486156003162268,0.8817164849616785,3.7258987262445498,R
equity_average,action_x_surprise,cut|medium,18,3.0,2.290219313665829,-0.9149655643209536,4.106123934396106,R
equity_average,action_x_surprise,cut|medium,21,3.0,2.3290663846178217,-3.5963870285933157,4.162351387006141,R
equity_average,action_x_surprise,cut|medium,24,3.0,8.490079848177391,5.977655431851011,9.363020869511757,R
equity_average,action_x_surprise,cut|medium,27,3.0,6.149531781952573,5.2079498488214035,6.618920413790638,R
equity_average,action_x_surprise,cut|medium,30,3.0,5.156655122795849,3.5606024693359677,5.909226899912483,R
equity_average,action_x_surprise,cut|medium,31,3.0,6.238663690695903,3.3900015949213516,6.490958889587124,R
equity_average,action_x_surprise,cut|medium,35,3.0,4.9089307216280105,-1.738366260157612,5.0775557949897125,R
equity_average,action_x_surprise,cut|medium,40,3.0,0.9186348587954176,-1.9470281198764499,2.4263318816915587,R
equity_average,action_x_surprise,cut|medium,46,3.0,-0.19278805780165048,-2.2305037438921285,3.056074501437077,R
equity_average,action_x_surprise,cut|medium,52,3.0,-0.4288500713360749,-5.2333957033578775,4.053539491387401,R
equity_average,action_x_surprise,cut|medium,60,3.0,-2.431756275258648,-5.109425647603867,1.3944429261311115,R
equity_average,action_x_surprise,cut|medium,68,3.0,-0.23804414616859232,-1.6578339130792286,2.8286535862921465,R
equity_average,action_x_surprise,cut|medium,78,3.0,2.7066316291349453,0.18958347659602293,3.603050794586168,R
equity_average,action_x_surprise,cut|medium,89,3.0,0.9757906029941039,-1.6617279940416636,1.5090326286993883,R
equity_average,action_x_surprise,cut|medium,101,3.0,0.13919822763771994,0.06271810264539937,1.3747811641577616,R
equity_average,action_x_surprise,cut|medium,115,3.0,4.782041262564962,2.783456741061748,6.087317790195856,R
equity_average,action_x_surprise,cut|medium,132,3.0,6.1128223103438515,3.7458683760406153,6.119197649181925,R
equity_average,action_x_surprise,cut|medium,150,3.0,3.4892826057005015,1.1446130834928505,5.5113687430371066,R
equity_average,action_x_surprise,cut|medium,171,3.0,-0.8283352872079146,-1.3998289852680301,1.7568023444531997,R
equity_average,action_x_surprise,cut|medium,196,3.0,-2.86269951752087,-5.136383409074302,-1.2892958222852664,R
equity_average,action_x_surprise,cut|medium,223,3.0,-3.5819401205023222,-4.216142032692737,0.3033623493587898,R
equity_average,action_x_surprise,cut|medium,255,3.0,-2.3884847301671908,-3.0566716221382872,-1.1956814593164433,R
equity_average,action_x_surprise,cut|medium,291,3.0,-2.071680162225648,-2.141546128589826,1.8327067832534603,R
equity_average,action_x_surprise,cut|medium,300,3.0,-2.5380538976137323,-2.7896000660826994,2.478125852755846,R
equity_average,action_x_surprise,cut|medium,332,3.0,-0.786925971878498,-5.998197819229057,2.5916294671976132,R
equity_average,action_x_surprise,cut|medium,378,3.0,-1.9773520163140335,-2.8630153299310757,0.3553666491855352,R
equity_average,action_x_surprise,cut|medium,432,3.0,0.5173186411111584,-1.6617141339810133,1.3168731243982457,R
equity_average,action_x_surprise,cut|medium,493,3.0,3.0766732639908607,2.1205071187522804,3.1157649174269837,R
equity_average,action_x_surprise,cut|medium,562,3.0,4.654865285758137,1.4666598124481913,4.703177603871415,R
equity_average,action_x_surprise,cut|medium,600,3.0,4.427100879143204,1.9513546529530377,5.652711679689663,R
equity_average,action_x_surprise,cut|medium,641,3.0,3.567782327046787,0.33795277265858914,8.685198147763856,R
equity_average,action_x_surprise,cut|medium,732,3.0,3.7721929771005662,2.1477975437985632,9.898066339260765,R
equity_average,action_x_surprise,cut|medium,835,3.0,1.2528486372172185,-2.496745192922745,8.509865749680586,R
equity_average,action_x_surprise,cut|medium,953,3.0,4.218637256015763,-3.384555690481844,16.28840158549776,R
equity_average,action_x_surprise,cut|medium,1087,3.0,6.968978771666921,2.212367181712028,18.82347743622044,R
equity_average,action_x_surprise,cut|medium,1200,3.0,1.7268614924689532,0.5062929904522802,13.649830665518046,R
equity_average,action_x_surprise,cut|medium,1240,3.0,0.8378128225462333,-1.5285252482924934,14.004651759462288,R
equity_average,action_x_surprise,cut|medium,1415,3.0,-3.1954466903945815,-6.950205024402729,9.691442248412503,R
equity_average,action_x_surprise,cut|medium,1615,3.0,1.1389046490764259,-2.52122930964667,10.620226364859649,R
equity_average,action_x_surprise,cut|medium,1800,3.0,-0.23038072762876138,-0.7001922267192082,9.004701655046572,R
equity_average,action_x_surprise,cut|medium,1843,3.0,2.9423132244052512,1.4541367118630137,11.546119605279186,R
equity_average,action_x_surprise,cut|medium,2103,3.0,7.159678652169589,5.324480628935046,8.368524010001611,R
equity_average,action_x_surprise,cut|medium,2399,3.0,3.208002268000679,-31.55962057143586,5.323263788287962,R
equity_average,action_x_surprise,hike|large,1,11.0,0.9085829252407698,-5.44607674376728,1.6677273995748796,R
equity_average,action_x_surprise,hike|large,2,11.0,-3.6133311890164705,-13.088564173389754,2.49470263173352,R
equity_average,action_x_surprise,hike|large,3,11.0,-3.98453316143281,-14.830453596263528,2.553781345904227,R
equity_average,action_x_surprise,hike|large,4,11.0,-3.6031551436349387,-16.684011409859927,4.018515769922943,R
equity_average,action_x_surprise,hike|large,5,11.0,-4.963507762314385,-19.81541942466579,0.9294225515743109,R
equity_average,action_x_surprise,hike|large,6,11.0,-8.347531337543952,-25.442998538178475,1.744655689180663,R
equity_average,action_x_surprise,hike|large,7,11.0,-8.370763868857754,-33.403683489609165,1.4830259362221456,R
equity_average,action_x_surprise,hike|large,8,11.0,-10.943394699883736,-32.82347843033393,2.9622059256673863,R
equity_average,action_x_surprise,hike|large,9,11.0,-10.817060292701346,-28.85853890106247,3.4274477944136668,R
equity_average,action_x_surprise,hike|large,11,11.0,-13.164502648372638,-33.33663648553994,5.204935416698209,R
equity_average,action_x_surprise,hike|large,12,11.0,-13.965457051135537,-29.133534264112896,4.866678596888802,R
equity_average,action_x_surprise,hike|large,14,11.0,-13.988638985542421,-26.256784763174018,4.39856271580957,R
equity_average,action_x_surprise,hike|large,16,11.0,-15.192134800895422,-27.095160481136485,-6.296114441849919,R
equity_average,action_x_surprise,hike|large,18,11.0,-15.848101341766828,-37.78340819213613,-7.1776426635896025,R
equity_average,action_x_surprise,hike|large,21,11.0,-15.046055884309187,-37.19515545467421,-0.60083873747319,R
equity_average,action_x_surprise,hike|large,24,11.0,-9.530660692583655,-37.241038638213624,-1.5797290406765012,R
equity_average,action_x_surprise,hike|large,27,11.0,-6.234219648107885,-46.04818341935258,11.303418674681007,R
equity_average,action_x_surprise,hike|large,30,11.0,-7.645976707880763,-54.96554582400576,10.973427796899776,R
equity_average,action_x_surprise,hike|large,31,11.0,-7.136387637391081,-54.16261989294388,9.111189925657651,R
equity_average,action_x_surprise,hike|large,35,11.0,-8.221241603629279,-66.7173865309706,9.936271823900626,R
equity_average,action_x_surprise,hike|large,40,11.0,-8.932710526907652,-70.52349503370736,27.272643993468197,R
equity_average,action_x_surprise,hike|large,46,11.0,-13.01138075896764,-67.03975833696254,24.879473227720922,R
equity_average,action_x_surprise,hike|large,52,11.0,-12.955318039643675,-67.20491621314595,25.49772231867571,R
equity_average,action_x_surprise,hike|large,60,11.0,-7.073057940769219,-57.20508135136094,18.88387002425245,R
equity_average,action_x_surprise,hike|large,68,11.0,-13.447720318501947,-57.29592235897134,9.20601043955573,R
equity_average,action_x_surprise,hike|large,78,11.0,-21.703344182710367,-57.24036505788669,7.426487480318862,R
equity_average,action_x_surprise,hike|large,89,11.0,-28.3537461969196,-56.78770749609839,5.2164416068401955,R
equity_average,action_x_surprise,hike|large,101,11.0,-32.77484293746306,-73.82647673712272,4.207421025604489,R
equity_average,action_x_surprise,hike|large,115,11.0,-32.16682140691664,-79.80678467376597,3.995503592488614,R
equity_average,action_x_surprise,hike|large,132,11.0,-17.60055657292471,-67.10752442879914,3.2818902558558563,R
equity_average,action_x_surprise,hike|large,150,11.0,-13.14890641589096,-64.10741805820243,3.525124758681441,R
equity_average,action_x_surprise,hike|large,171,11.0,-20.466749651566136,-72.9296913600456,1.1982557339768318,R
equity_average,action_x_surprise,hike|large,196,11.0,-5.731985047396419,-82.06044068738245,10.346073294338161,R
equity_average,action_x_surprise,hike|large,223,11.0,-1.0373770926289638,-87.11218271327607,23.62482877872442,R
equity_average,action_x_surprise,hike|large,255,11.0,-3.3359642580664586,-84.64294551748678,24.18772166087591,R
equity_average,action_x_surprise,hike|large,291,11.0,6.6977289325153935,-91.81238665543454,26.208644912930133,R
equity_average,action_x_surprise,hike|large,300,11.0,4.853963626023755,-89.81310997021822,21.570091639800726,R
equity_average,action_x_surprise,hike|large,332,11.0,1.4805556742573502,-99.68435295368835,26.303503041548005,R
equity_average,action_x_surprise,hike|large,378,11.0,-14.448240931078582,-102.53572030175916,33.974408634724114,R
equity_average,action_x_surprise,hike|large,432,11.0,-13.275320675426041,-116.2985161528976,39.594990873566516,R
equity_average,action_x_surprise,hike|large,493,11.0,-13.355867938539848,-125.98561606646854,35.437150224975994,R
equity_average,action_x_surprise,hike|large,562,11.0,-8.53076126722578,-108.2915241851163,27.31445740358232,R
equity_average,action_x_surprise,hike|large,600,11.0,-7.979614882188166,-114.43011402509447,26.938729222388424,R
equity_average,action_x_surprise,hike|large,641,11.0,-7.094938734540305,-116.58542144110504,27.442185742475615,R
equity_average,action_x_surprise,hike|large,732,11.0,-11.74720469448335,-120.94090197597828,17.3689091375173,R
equity_average,action_x_surprise,hike|large,835,11.0,-40.9889486852798,-109.95560602004876,8.944484569009061,R
equity_average,action_x_surprise,hike|large,953,11.0,-49.124367864082885,-118.56024690899196,12.275846419474044,R
equity_average,action_x_surprise,hike|large,1087,11.0,-23.889865578278695,-111.15398504361792,15.408784857702713,R
equity_average,action_x_surprise,hike|large,1200,11.0,-33.570521650774374,-107.65335780781444,14.656929045000455,R
equity_average,action_x_surprise,hike|large,1240,11.0,-18.38573027014423,-118.31877978758965,19.247777012857068,R
equity_average,action_x_surprise,hike|large,1415,11.0,-43.02807746296743,-123.66185128787757,16.06446226755871,R
equity_average,action_x_surprise,hike|large,1615,11.0,-53.47511732254128,-118.72872598020518,14.892411583649169,R
equity_average,action_x_surprise,hike|large,1800,11.0,-67.00738626207908,-119.14468781042213,11.758502637533194,R
equity_average,action_x_surprise,hike|large,1843,11.0,-54.05254712095321,-130.44482673924225,10.131710197212477,R
equity_average,action_x_surprise,hike|large,2103,11.0,-46.29036038776609,-111.58024043836329,13.244248410468021,R
equity_average,action_x_surprise,hike|large,2399,11.0,-29.88938470166923,-81.52485551521747,12.353180732404613,R
equity_average,action_x_surprise,hike|medium,1,6.0,0.025220807538209267,-0.5582169919458326,0.2863463175402279,R
equity_average,action_x_surprise,hike|medium,2,6.0,-1.037964749943012,-3.3871276552224616,0.46063908347246985,R
equity_average,action_x_surprise,hike|medium,3,6.0,-6.630448182356658,-10.635117381765326,-0.011315213180068562,R
equity_average,action_x_surprise,hike|medium,4,6.0,-5.9485450707780645,-10.823375128023827,-0.7067643807679459,R
equity_average,action_x_surprise,hike|medium,5,6.0,-4.688623110667873,-9.900709838839479,-0.8650068784324065,R
equity_average,action_x_surprise,hike|medium,6,6.0,-4.997380183507205,-12.434816002186068,-0.6521139647469032,R
equity_average,action_x_surprise,hike|medium,7,6.0,-3.764415709408996,-11.05712930496207,-0.14007181095661558,R
equity_average,action_x_surprise,hike|medium,8,6.0,-7.545179248189951,-13.031453991282394,-0.7827462597591631,R
equity_average,action_x_surprise,hike|medium,9,6.0,-6.38771746125202,-11.728892717669957,-0.7154359296227503,R
equity_average,action_x_surprise,hike|medium,11,6.0,-2.211573751795755,-8.59165693836536,0.3004633943705589,R
equity_average,action_x_surprise,hike|medium,12,6.0,0.37700328360150887,-7.006075237309949,0.8358605842779422,R
equity_average,action_x_surprise,hike|medium,14,6.0,-2.4557128027029176,-13.212314497420827,6.671026438708174,R
equity_average,action_x_surprise,hike|medium,16,6.0,-4.055934497787367,-10.164559828085297,4.308272892082367,R
equity_average,action_x_surprise,hike|medium,18,6.0,-3.568802049456414,-10.626820526690391,4.6521322271770105,R
equity_average,action_x_surprise,hike|medium,21,6.0,-3.18183509566171,-18.549326181203632,2.972725214199468,R
equity_average,action_x_surprise,hike|medium,24,6.0,-3.2684995790856664,-23.344551071069393,6.254163823440935,R
equity_average,action_x_surprise,hike|medium,27,6.0,-2.701965150695103,-26.97073374833373,10.394872934145306,R
equity_average,action_x_surprise,hike|medium,30,6.0,-2.9307406288030076,-21.44527004376085,7.030256874633599,R
equity_average,action_x_surprise,hike|medium,31,6.0,-1.3035133011797937,-10.768370439939096,8.716631273439685,R
equity_average,action_x_surprise,hike|medium,35,6.0,5.303050048997164,-0.048155913598056266,10.346394501482614,R
equity_average,action_x_surprise,hike|medium,40,6.0,2.6430298656427147,-0.7706245160592164,20.236589590101204,R
equity_average,action_x_surprise,hike|medium,46,6.0,4.3086167300598675,-0.7303300649166187,10.327927926635097,R
equity_average,action_x_surprise,hike|medium,52,6.0,3.2991050822944006,-4.49769923238794,15.04175131369718,R
equity_average,action_x_surprise,hike|medium,60,6.0,4.72907885143336,-5.708966858944779,14.919885881372329,R
equity_average,action_x_surprise,hike|medium,68,6.0,-0.20696728577776732,-7.6329922663509535,5.556777413063852,R
equity_average,action_x_surprise,hike|medium,78,6.0,0.37078483823088515,-2.223911039469774,4.756943737110927,R
equity_average,action_x_surprise,hike|medium,89,6.0,5.852850250919777,-0.7194002133463915,14.305835655056956,R
equity_average,action_x_surprise,hike|medium,101,6.0,2.3294997966146993,-3.3071519109965624,9.015719227282656,R
equity_average,action_x_surprise,hike|medium,115,6.0,0.9459574968051578,-6.276798474467511,11.921983839840461,R
equity_average,action_x_surprise,hike|medium,132,6.0,6.959423993537586,-6.758454846195487,12.721294520081159,R
equity_average,action_x_surprise,hike|medium,150,6.0,-1.8725265084202474,-10.430059066158188,7.792884958460222,R
equity_average,action_x_surprise,hike|medium,171,6.0,-1.241758428601236,-7.847743332184697,2.0759151318184683,R
equity_average,action_x_surprise,hike|medium,196,6.0,-1.7855652982318129,-8.926571086980076,2.8603326189370737,R
equity_average,action_x_surprise,hike|medium,223,6.0,-2.1775101095002407,-14.258566720343957,9.81888504236176,R
equity_average,action_x_surprise,hike|medium,255,6.0,-0.9126172793439347,-12.385655251795347,7.866510061693277,R
equity_average,action_x_surprise,hike|medium,291,6.0,5.020168109948487,-14.679025949815435,9.631347974475617,R
equity_average,action_x_surprise,hike|medium,300,6.0,3.5384948277999184,-16.145852925552212,9.79984706034567,R
equity_average,action_x_surprise,hike|medium,332,6.0,-1.7285800332174253,-17.316826844354605,11.917496541615098,R
equity_average,action_x_surprise,hike|medium,378,6.0,-1.3566415486928034,-7.448674995916932,15.779444890722916,R
equity_average,action_x_surprise,hike|medium,432,6.0,-1.8739361974889044,-14.213715081520588,6.920881772642828,R
equity_average,action_x_surprise,hike|medium,493,6.0,10.409645845618812,-22.321395072457634,16.471259117129527,R
equity_average,action_x_surprise,hike|medium,562,6.0,-0.20121834188077958,-29.17201397917173,11.314673040862202,R
equity_average,action_x_surprise,hike|medium,600,6.0,1.9586431739871193,-16.337952605008155,13.621109620429827,R
equity_average,action_x_surprise,hike|medium,641,6.0,4.3265010186519515,-22.65255655629988,19.40791761985628,R
equity_average,action_x_surprise,hike|medium,732,6.0,-1.3352247904410488,-15.473199666361822,17.329162470257568,R
equity_average,action_x_surprise,hike|medium,835,6.0,2.104149391649293,-6.531271189703668,16.04254241368601,R
equity_average,action_x_surprise,hike|medium,953,6.0,4.242154062180042,-11.94414133537569,11.044420210833778,R
equity_average,action_x_surprise,hike|medium,1087,6.0,-3.4329538810439653,-14.647821224147371,5.313889897306339,R
equity_average,action_x_surprise,hike|medium,1200,6.0,2.362199156364154,-18.286142921231278,13.50946379767616,R
equity_average,action_x_surprise,hike|medium,1240,6.0,5.10123095396633,-19.502936606709874,14.74680863364004,R
equity_average,action_x_surprise,hike|medium,1415,6.0,0.7901634145496219,-30.0726000729598,16.050763718503323,R
equity_average,action_x_surprise,hike|medium,1615,6.0,-4.403244095511971,-18.04281401621028,7.302469033356125,R
equity_average,action_x_surprise,hike|medium,1800,6.0,2.8984134535713366,0.7733254779007838,3.754373487171926,R
equity_average,action_x_surprise,hike|medium,1843,6.0,-5.142734181199816,-35.856894016688194,1.3285208723735629,R
equity_average,action_x_surprise,hike|medium,2103,6.0,-20.354250664816572,-39.23378619084785,-1.0013233666663361,R
equity_average,action_x_surprise,hike|medium,2399,6.0,3.159138330624099,-27.318530337030218,47.688619687466655,R
equity_average,action_x_surprise,hold|large,1,16.0,0.3590055400511134,-0.26791202766802164,7.673652228257151,R
equity_average,action_x_surprise,hold|large,2,16.0,3.54419978186477,-12.320645955102,14.02336459717386,R
equity_average,action_x_surprise,hold|large,3,16.0,2.1734124065443305,-18.256172115820092,15.017035071028904,R
equity_average,action_x_surprise,hold|large,4,16.0,0.06507517033691912,-17.474714235011927,14.784702674297261,R
equity_average,action_x_surprise,hold|large,5,16.0,-0.7107946713963709,-18.73679505823653,15.941347880837654,R
equity_average,action_x_surprise,hold|large,6,16.0,-4.549134097704228,-19.440665244134305,12.741216540187843,R
equity_average,action_x_surprise,hold|large,7,16.0,-5.991628074000335,-21.670008173252683,11.318908904079443,R
equity_average,action_x_surprise,hold|large,8,16.0,-13.2273164366026,-20.454461199523152,11.654207744289378,R
equity_average,action_x_surprise,hold|large,9,16.0,-15.716273882843652,-23.05758927599122,11.93518606034161,R
equity_average,action_x_surprise,hold|large,11,16.0,-17.31226223326195,-22.641759198076834,13.474810979009929,R
equity_average,action_x_surprise,hold|large,12,16.0,-15.727915131903572,-20.199506498845942,15.219523275163196,R
equity_average,action_x_surprise,hold|large,14,16.0,-6.729973623966044,-21.670907635008547,12.82523844564096,R
equity_average,action_x_surprise,hold|large,16,16.0,-5.5693766799208095,-16.819235505139368,11.871204284724877,R
equity_average,action_x_surprise,hold|large,18,16.0,-8.249621254784625,-20.063364063604734,13.707086084249902,R
equity_average,action_x_surprise,hold|large,21,16.0,-7.726174422292285,-19.907740015299538,17.772413767126636,R
equity_average,action_x_surprise,hold|large,24,16.0,-7.61672523871532,-21.155549561655953,20.54356423980751,R
equity_average,action_x_surprise,hold|large,27,16.0,-7.166331865505505,-18.529615788790323,19.725610185667048,R
equity_average,action_x_surprise,hold|large,30,16.0,-7.072401207824014,-20.224514984790144,20.040120575426606,R
equity_average,action_x_surprise,hold|large,31,16.0,-7.4180654340472065,-18.725277970603592,23.899779606091975,R
equity_average,action_x_surprise,hold|large,35,16.0,-4.700190255252428,-26.941966220623243,23.427650123847695,R
equity_average,action_x_surprise,hold|large,40,16.0,-4.999786244241862,-29.269952385884146,22.674471904473577,R
equity_average,action_x_surprise,hold|large,46,16.0,-3.193873396772106,-23.75229763683076,22.063685704518456,R
equity_average,action_x_surprise,hold|large,52,16.0,-3.060060671718389,-25.9096609749856,23.223369259593806,R
equity_average,action_x_surprise,hold|large,60,16.0,0.7476709351515288,-30.478961372602747,25.30534198773906,R
equity_average,action_x_surprise,hold|large,68,16.0,0.2327609127443977,-38.15902207104273,23.409237441238567,R
equity_average,action_x_surprise,hold|large,78,16.0,-3.009756593004875,-38.901657715041345,27.893667726378755,R
equity_average,action_x_surprise,hold|large,89,16.0,-13.503229981564349,-35.86178132425781,29.511073813585334,R
equity_average,action_x_surprise,hold|large,101,16.0,-11.61141229596479,-34.06218376403254,27.583207224073075,R
equity_average,action_x_surprise,hold|large,115,16.0,-4.428315832184451,-32.901109691026456,35.061794438860005,R
equity_average,action_x_surprise,hold|large,132,16.0,-2.215301027449101,-33.26916565485513,33.23196932330987,R
equity_average,action_x_surprise,hold|large,150,16.0,-3.077696773276271,-39.41503902764876,31.276482082847743,R
equity_average,action_x_surprise,hold|large,171,16.0,-10.962891552474945,-35.6688218267235,34.82264569848364,R
equity_average,action_x_surprise,hold|large,196,16.0,6.008961699277767,-38.549057150118784,37.970983341356515,R
equity_average,action_x_surprise,hold|large,223,16.0,-3.5208476996641,-38.696416171832524,33.904301675832315,R
equity_average,action_x_surprise,hold|large,255,16.0,-6.932905339606577,-42.08568398620639,29.912635550587012,R
equity_average,action_x_surprise,hold|large,291,16.0,-1.8802379283755966,-46.84232047534412,40.10179164860284,R
equity_average,action_x_surprise,hold|large,300,16.0,-1.7723134775345333,-48.349192664188635,41.96314762036831,R
equity_average,action_x_surprise,hold|large,332,16.0,1.1899045243378126,-46.50171296653534,48.20408120875199,R
equity_average,action_x_surprise,hold|large,378,16.0,-0.7295551433169494,-45.91343555273117,49.9664335048606,R
equity_average,action_x_surprise,hold|large,432,16.0,-3.6170598760707158,-37.99732764489855,45.599123380645835,R
equity_average,action_x_surprise,hold|large,493,16.0,-6.763492716696771,-35.598414038857,37.22419125957855,R
equity_average,action_x_surprise,hold|large,562,16.0,-8.10603310596191,-41.00054380048229,42.623671563659585,R
equity_average,action_x_surprise,hold|large,600,16.0,-10.91823065957049,-38.602061416944665,39.262003434686754,R
equity_average,action_x_surprise,hold|large,641,16.0,3.9595340030835855,-38.41662034246508,40.3497645629256,R
equity_average,action_x_surprise,hold|large,732,16.0,5.236807250369317,-37.254929262609124,35.67249489590357,R
equity_average,action_x_surprise,hold|large,835,16.0,3.604692101101268,-34.99532492739786,27.94639049800982,R
equity_average,action_x_surprise,hold|large,953,16.0,3.7153168094023097,-38.92560341076886,31.782852694239534,R
equity_average,action_x_surprise,hold|large,1087,16.0,8.756397708441783,-33.92611646376968,31.46234411007645,R
equity_average,action_x_surprise,hold|large,1200,16.0,5.035780579545692,-34.60178721296866,26.170425365926363,R
equity_average,action_x_surprise,hold|large,1240,16.0,-2.790390253634869,-34.475571996854974,23.400927875389453,R
equity_average,action_x_surprise,hold|large,1415,16.0,-0.49033670078654,-52.71918049679247,28.393126213177887,R
equity_average,action_x_surprise,hold|large,1615,16.0,1.1815334273615261,-47.32789365489792,24.238499701264054,R
equity_average,action_x_surprise,hold|large,1800,16.0,-8.644146195388407,-45.07819022655246,20.951039450660787,R
equity_average,action_x_surprise,hold|large,1843,16.0,-6.665677706786424,-46.76669671694813,24.147436366170368,R
equity_average,action_x_surprise,hold|large,2103,16.0,0.3532787182562771,-47.664160177833004,31.67210626276823,R
equity_average,action_x_surprise,hold|large,2399,16.0,13.419759194712173,-36.110769588520725,49.3172994571546,R
equity_average,action_x_surprise,hold|medium,1,21.0,0.0,-0.45084851854285724,0.6913026345484108,R
equity_average,action_x_surprise,hold|medium,2,21.0,0.2625292064350214,-2.311743961116849,2.484001710031079,R
equity_average,action_x_surprise,hold|medium,3,21.0,0.048152919215990825,-2.1063344567232996,0.8268718217326279,R
equity_average,action_x_surprise,hold|medium,4,21.0,-0.20381483134208467,-1.4658805428462216,0.6947347691738314,R
equity_average,action_x_surprise,hold|medium,5,21.0,-0.27074002803280695,-1.4658805428462216,0.790689162478053,R
equity_average,action_x_surprise,hold|medium,6,21.0,0.04709938441148277,-1.4658805428462216,2.0199045164883875,R
equity_average,action_x_surprise,hold|medium,7,21.0,0.04709938441148277,-3.021315970209483,2.0199045164883875,R
equity_average,action_x_surprise,hold|medium,8,21.0,-0.1654451301375996,-3.9373135601602174,1.4061874090853062,R
equity_average,action_x_surprise,hold|medium,9,21.0,-0.22255357981086557,-4.412781578167068,1.4061874090853062,R
equity_average,action_x_surprise,hold|medium,11,21.0,-0.2434808015870039,-3.8409440887312716,5.832069219941377,R
equity_average,action_x_surprise,hold|medium,12,21.0,0.0,-3.9373135601602174,7.713808609635815,R
equity_average,action_x_surprise,hold|medium,14,21.0,0.0,-6.002094311198089,4.882523350961719,R
equity_average,action_x_surprise,hold|medium,16,21.0,-0.8056209081312591,-6.939360992739705,6.971997306773397,R
equity_average,action_x_surprise,hold|medium,18,21.0,-0.9931222573099264,-8.107614925801268,8.032193760259705,R
equity_average,action_x_surprise,hold|medium,21,21.0,-1.2685938260881948,-4.5715660749462526,9.619077859427877,R
equity_average,action_x_surprise,hold|medium,24,21.0,-0.6947840013069013,-5.667859290258149,10.184909388197603,R
equity_average,action_x_surprise,hold|medium,27,21.0,0.6947347691738314,-4.65880555604818,10.90665543548753,R
equity_average,action_x_surprise,hold|medium,30,21.0,0.26429156651805075,-4.48595852132058,11.978391984735698,R
equity_average,action_x_surprise,hold|medium,31,21.0,2.2501863217212206,-4.781671408321535,11.947903747222062,R
equity_average,action_x_surprise,hold|medium,35,21.0,2.1629506435667585,-4.927225596413411,7.896944576505208,R
equity_average,action_x_surprise,hold|medium,40,21.0,4.299755074476463,-4.745256193695852,7.748146123997978,R
equity_average,action_x_surprise,hold|medium,46,21.0,4.6496248586950895,-7.596113740837293,10.278016639537435,R
equity_average,action_x_surprise,hold|medium,52,21.0,4.294660475069849,-8.386200913313449,10.278016639537435,R
equity_average,action_x_surprise,hold|medium,60,21.0,7.114586449188541,-7.825667396749406,11.969828588011204,R
equity_average,action_x_surprise,hold|medium,68,21.0,5.737893949380528,-9.194852634150216,13.096531218627366,R
equity_average,action_x_surprise,hold|medium,78,21.0,4.56391399254227,-2.926564621756429,15.612058152383948,R
equity_average,action_x_surprise,hold|medium,89,21.0,3.6794183675238714,-5.85399110322333,15.222767551133455,R
equity_average,action_x_surprise,hold|medium,101,21.0,4.472970090927646,-4.417233584630134,16.732128542953046,R
equity_average,action_x_surprise,hold|medium,115,21.0,2.653702501784147,-5.660767818016056,14.685258368167306,R
equity_average,action_x_surprise,hold|medium,132,21.0,3.427236679419593,-2.382873591296918,13.52977832337763,R
equity_average,action_x_surprise,hold|medium,150,21.0,-0.8590230339964722,-5.095000944276382,5.301318133721847,R
equity_average,action_x_surprise,hold|medium,171,21.0,1.8168012928825643,-7.2381623040553595,8.882467094494796,R
equity_average,action_x_surprise,hold|medium,196,21.0,2.070756174169317,-4.937438427114534,8.12690248712387,R
equity_average,action_x_surprise,hold|medium,223,21.0,-0.9328482549481671,-7.941773308437316,9.07997002528818,R
equity_average,action_x_surprise,hold|medium,255,21.0,-3.1680188361364787,-7.522696870563275,12.810078781021506,R
equity_average,action_x_surprise,hold|medium,291,21.0,-2.6940416773325735,-6.628973545901627,15.474129197803803,R
equity_average,action_x_surprise,hold|medium,300,21.0,-3.9694830705405018,-9.834778273952654,16.4044793672989,R
equity_average,action_x_surprise,hold|medium,332,21.0,0.9684533497830767,-9.40262973904259,11.083205322884815,R
equity_average,action_x_surprise,hold|medium,378,21.0,4.349388539432736,-8.673202324698815,10.14002040319184,R
equity_average,action_x_surprise,hold|medium,432,21.0,5.622851005250208,-10.734284972431904,16.70896774937677,R
equity_average,action_x_surprise,hold|medium,493,21.0,8.35901440350635,-5.204291293494102,17.16744165661583,R
equity_average,action_x_surprise,hold|medium,562,21.0,8.758809271626504,-13.487322440925237,19.028018217223995,R
equity_average,action_x_surprise,hold|medium,600,21.0,7.56827962923109,-10.543043247541492,15.742795568351756,R
equity_average,action_x_surprise,hold|medium,641,21.0,7.961150825630693,-8.695392754245834,13.828895549232255,R
equity_average,action_x_surprise,hold|medium,732,21.0,7.82647377290742,-5.516156122861128,19.370964698749788,R
equity_average,action_x_surprise,hold|medium,835,21.0,8.013129381520312,-7.168170221058243,22.291156220639856,R
equity_average,action_x_surprise,hold|medium,953,21.0,6.520366325395882,-7.204795397382506,22.59760115775569,R
equity_average,action_x_surprise,hold|medium,1087,21.0,7.31053425346242,-6.493500280058374,24.18159639492954,R
equity_average,action_x_surprise,hold|medium,1200,21.0,5.151167393045732,-4.6562471606802225,23.40325729735993,R
equity_average,action_x_surprise,hold|medium,1240,21.0,9.98123673881089,-7.310132110610663,27.59147561596165,R
equity_average,action_x_surprise,hold|medium,1415,21.0,7.937803932620517,-10.029672095690835,21.932510699184412,R
equity_average,action_x_surprise,hold|medium,1615,21.0,4.589451450933623,-6.138387291071246,19.900634309196562,R
equity_average,action_x_surprise,hold|medium,1800,21.0,5.461704587404887,-16.083367789188262,17.252872468435797,R
equity_average,action_x_surprise,hold|medium,1843,21.0,8.950304153785446,-19.167756653674246,22.90397396878604,R
equity_average,action_x_surprise,hold|medium,2103,21.0,7.399901137948043,-12.397224690518096,12.679288672364518,R
equity_average,action_x_surprise,hold|medium,2399,21.0,5.103475225511723,-13.872753765306442,17.73246187974125,R
equity_average,action_x_surprise,hold|small,1,8.0,0.11371120008150334,-0.38746213441264754,1.0409721133711296,R
equity_average,action_x_surprise,hold|small,2,8.0,0.5409275500500311,-0.48650407736742607,0.9575518474311336,R
equity_average,action_x_surprise,hold|small,3,8.0,0.7460813019732949,-0.7677873869540429,1.9636795035495511,R
equity_average,action_x_surprise,hold|small,4,8.0,0.3541877594734555,-2.621063704035706,2.5691622710706756,R
equity_average,action_x_surprise,hold|small,5,8.0,0.3084615636507277,-4.887708194786543,1.0438751280536323,R
equity_average,action_x_surprise,hold|small,6,8.0,0.1838846524643839,-5.977018971566053,2.313003516999868,R
equity_average,action_x_surprise,hold|small,7,8.0,-1.5888060339047951,-6.072274731903429,2.641542063689335,R
equity_average,action_x_surprise,hold|small,8,8.0,-0.04414658163059598,-3.5680332417329907,2.4410729347431452,R
equity_average,action_x_surprise,hold|small,9,8.0,0.1190638002986385,-5.7064294267928615,3.100935080075838,R
equity_average,action_x_surprise,hold|small,11,8.0,-0.6235297836648136,-8.17074205423662,1.9695310707954319,R
equity_average,action_x_surprise,hold|small,12,8.0,-1.4084396987689294,-8.285724947546637,2.5396163800868345,R
equity_average,action_x_surprise,hold|small,14,8.0,-0.8405926393785612,-6.564811215468945,0.8987264054849455,R
equity_average,action_x_surprise,hold|small,16,8.0,0.3742910498248074,-2.6367153539130106,3.470775952610424,R
equity_average,action_x_surprise,hold|small,18,8.0,2.216083677622936,-1.0689062786528538,6.138317112746783,R
equity_average,action_x_surprise,hold|small,21,8.0,2.5725256987623433,-1.2395731820010396,4.6024143754242,R
equity_average,action_x_surprise,hold|small,24,8.0,1.854310232516052,0.24147790074575826,4.356919090931435,R
equity_average,action_x_surprise,hold|small,27,8.0,4.7057969284151575,0.3627865790101463,7.686615325784798,R
equity_average,action_x_surprise,hold|small,30,8.0,7.090233241526313,1.0182759806700674,9.767470098964527,R
equity_average,action_x_surprise,hold|small,31,8.0,7.116809812619683,0.8851613417737367,8.638379090731107,R
equity_average,action_x_surprise,hold|small,35,8.0,5.339071461736078,1.1399253417176165,7.138654197193243,R
equity_average,action_x_surprise,hold|small,40,8.0,3.7902199548668936,0.143379302471621,7.5866933475763805,R
equity_average,action_x_surprise,hold|small,46,8.0,6.017942647315819,-1.260930945253202,9.151681408792554,R
equity_average,action_x_surprise,hold|small,52,8.0,7.1566522857322905,0.11573656514844544,10.16814799829744,R
equity_average,action_x_surprise,hold|small,60,8.0,8.41495498106291,0.923045691514222,14.441455935053124,R
equity_average,action_x_surprise,hold|small,68,8.0,4.619671892567231,0.08045070032541579,11.753265741939252,R
equity_average,action_x_surprise,hold|small,78,8.0,5.363831678675736,1.7009655885944073,12.321959458082826,R
equity_average,action_x_surprise,hold|small,89,8.0,4.330996458123739,1.9460176569941596,13.667256561591675,R
equity_average,action_x_surprise,hold|small,101,8.0,4.805700294265623,1.7698172361036397,11.9360364639215,R
equity_average,action_x_surprise,hold|small,115,8.0,1.8697550061303945,-3.8888695145019434,13.763071005869,R
equity_average,action_x_surprise,hold|small,132,8.0,10.297372635952787,3.6849865173252265,16.15338799310317,R
equity_average,action_x_surprise,hold|small,150,8.0,13.708498834983478,6.7106149805881765,15.504895965017027,R
equity_average,action_x_surprise,hold|small,171,8.0,11.76041233079381,6.404819168582302,13.535161352635047,R
equity_average,action_x_surprise,hold|small,196,8.0,7.460144988649568,5.1105255272576455,13.946372489644322,R
equity_average,action_x_surprise,hold|small,223,8.0,8.968435463594272,6.408547465919657,19.72908914184934,R
equity_average,action_x_surprise,hold|small,255,8.0,15.007089089574848,7.549111029569609,26.22419474937044,R
equity_average,action_x_surprise,hold|small,291,8.0,15.171174533869026,6.336003819191831,32.668991925155495,R
equity_average,action_x_surprise,hold|small,300,8.0,14.463159077113653,5.28081506987678,31.268940362744907,R
equity_average,action_x_surprise,hold|small,332,8.0,8.849006177846064,3.6204840465729946,30.304237474174933,R
equity_average,action_x_surprise,hold|small,378,8.0,9.66126795921168,-1.3845511983242318,22.329241769607044,R
equity_average,action_x_surprise,hold|small,432,8.0,7.679172600513585,-3.5515170574442068,20.784655753677733,R
equity_average,action_x_surprise,hold|small,493,8.0,4.987463479270043,-2.2576153106454497,17.415180318426064,R
equity_average,action_x_surprise,hold|small,562,8.0,4.825046491152122,-1.042495269792291,18.701988523462024,R
equity_average,action_x_surprise,hold|small,600,8.0,5.986127866730797,-4.109779636703596,21.03382774219679,R
equity_average,action_x_surprise,hold|small,641,8.0,9.977524933528413,-3.077725937900105,21.986095797980283,R
equity_average,action_x_surprise,hold|small,732,8.0,10.204814393637434,-4.255497828552951,22.387113158719348,R
equity_average,action_x_surprise,hold|small,835,8.0,11.666520436141411,-1.4064873373484783,23.371778313549036,R
equity_average,action_x_surprise,hold|small,953,8.0,10.260249551035214,-0.7880877627682112,30.319897215365753,R
equity_average,action_x_surprise,hold|small,1087,8.0,10.020125425975596,-2.766324975832047,30.135252060503532,R
equity_average,action_x_surprise,hold|small,1200,8.0,12.27622124296209,-2.120566524055384,26.437436169828732,R
equity_average,action_x_surprise,hold|small,1240,8.0,14.01302932578179,-4.364637208923364,25.501699113912018,R
equity_average,action_x_surprise,hold|small,1415,8.0,15.544032293735096,0.2902863753416458,24.01423949591977,R
equity_average,action_x_surprise,hold|small,1615,8.0,16.21933242724465,-1.8942483456070365,30.75391798291547,R
equity_average,action_x_surprise,hold|small,1800,8.0,15.572011180458244,-3.355905392022508,29.96144581686972,R
equity_average,action_x_surprise,hold|small,1843,8.0,16.3319550340786,-0.43531845356322396,30.636530688668273,R
equity_average,action_x_surprise,hold|small,2103,8.0,16.85993271471498,5.582428382949001,30.28525802149462,R
equity_average,action_x_surprise,hold|small,2399,8.0,17.137193082113996,12.781285457007685,26.353584628365542,R
equity_average,all,all,1,69.0,0.05044161507641853,-0.5463051565821231,1.0729229158799034,R
equity_average,all,all,2,69.0,-0.13536430060283478,-3.8534203935761013,3.6183380217984817,R
equity_average,all,all,3,69.0,0.0,-7.0917900590247855,3.6765445528382346,R
equity_average,all,all,4,69.0,-0.46510450572620254,-7.2054832578852555,3.1028375618785553,R
equity_average,all,all,5,69.0,-0.3935420522144102,-6.7660141931690925,1.9596316143459078,R
equity_average,all,all,6,69.0,-0.7187746802550865,-9.275096109495061,2.3194260468914503,R
equity_average,all,all,7,69.0,-2.3033429931149785,-13.189350072440044,2.0199045164883875,R
equity_average,all,all,8,69.0,-0.9952254020520026,-14.624801932599233,3.279946541399082,R
equity_average,all,all,9,69.0,-1.3441356956910944,-15.308053452120085,4.0731260821670485,R
equity_average,all,all,11,69.0,-1.7192797412395984,-14.300318414898356,5.64029992657372,R
equity_average,all,all,12,69.0,-1.3339332670430264,-13.965457051135537,5.466880441142191,R
equity_average,all,all,14,69.0,-0.9682846720213656,-13.7352491867343,4.882523350961719,R
equity_average,all,all,16,69.0,-1.7536961285670012,-14.04749953975153,4.9656414493268315,R
equity_average,all,all,18,69.0,-3.2849796790737837,-14.148448611597608,5.922028555126381,R
equity_average,all,all,21,69.0,-1.98634716260259,-15.046055884309187,6.841461670146666,R
equity_average,all,all,24,69.0,-1.126944977339153,-13.635098903080445,8.594485248209866,R
equity_average,all,all,27,69.0,0.2564256116353768,-12.552164360849659,10.706830394380617,R
equity_average,all,all,30,69.0,0.26429156651805075,-11.970719298503784,10.41498028588665,R
equity_average,all,all,31,69.0,0.7986889863396041,-13.575364533932216,11.947903747222062,R
equity_average,all,all,35,69.0,0.8383750400827816,-10.930316930209239,9.78000863926491,R
equity_average,all,all,40,69.0,1.339555976172906,-11.923838969601364,12.940633747993337,R
equity_average,all,all,46,69.0,1.3503906406390862,-13.01138075896764,10.80302046183918,R
equity_average,all,all,52,69.0,1.035485287862214,-13.70718351193901,12.809810787394916,R
equity_average,all,all,60,69.0,3.5441937368425793,-13.441922667873305,14.01932072912157,R
equity_average,all,all,68,69.0,2.858608723800323,-16.779498516065782,13.401542615377668,R
equity_average,all,all,78,69.0,2.7066316291349453,-12.091709355753501,15.612058152383948,R
equity_average,all,all,89,69.0,2.0422746544046726,-15.505221958104642,16.86644688865164,R
equity_average,all,all,101,69.0,0.6071663672168989,-14.940273904373127,14.042767788373103,R
equity_average,all,all,115,69.0,-0.8173590389734322,-16.69395253047616,14.99082032611872,R
equity_average,all,all,132,69.0,1.8479789702816805,-14.624784924875023,15.941395665082549,R
equity_average,all,all,150,69.0,0.20880358271745347,-13.14890641589096,16.246149194638424,R
equity_average,all,all,171,69.0,0.4137393522878668,-20.466749651566136,13.168838241401271,R
equity_average,all,all,196,69.0,0.6202736453550419,-14.319969884122123,12.365806629846364,R
equity_average,all,all,223,69.0,0.3313188562369474,-12.878849776612356,17.042271299099724,R
equity_average,all,all,255,69.0,-0.0028781884656956525,-14.751020593665688,18.45299564693425,R
equity_average,all,all,291,69.0,2.1649996679710615,-19.994645791548198,21.52495730471685,R
equity_average,all,all,300,69.0,1.6985224642892705,-18.980404357219424,22.613433678723773,R
equity_average,all,all,332,69.0,1.4805556742573502,-16.404177665627984,22.185215694883833,R
equity_average,all,all,378,69.0,2.3441860291629224,-15.998293643849612,19.703640417825596,R
equity_average,all,all,432,69.0,1.772255315873012,-18.334371002150043,17.94058235758491,R
equity_average,all,all,493,69.0,3.1548565708631062,-20.047805076768984,20.586490259100767,R
equity_average,all,all,562,69.0,4.106065481436996,-24.362948021078115,21.607424573885567,R
equity_average,all,all,600,69.0,3.3749157458853047,-19.4921058750822,24.118932977288594,R
equity_average,all,all,641,69.0,4.661348908381024,-23.75620661249487,25.989639081672436,R
equity_average,all,all,732,69.0,1.191876589414298,-20.597621082454694,24.797004804914575,R
equity_average,all,all,835,69.0,1.2528486372172185,-20.29568657305082,21.59148916605313,R
equity_average,all,all,953,69.0,1.4306578013307514,-22.018247210393213,23.504472435570953,R
equity_average,all,all,1087,69.0,-0.17901401512356585,-24.44102702842248,23.89236213494982,R
equity_average,all,all,1200,69.0,0.03032337133754881,-28.462254152410615,23.366088667215127,R
equity_average,all,all,1240,69.0,0.22082534329929204,-28.06934810299435,21.73208273138561,R
equity_average,all,all,1415,69.0,0.1911213647179389,-32.213683105922904,22.57833118721959,R
equity_average,all,all,1615,69.0,-2.0270988233338283,-29.14516112550789,20.420740332172088,R
equity_average,all,all,1800,69.0,-0.23038072762876138,-27.624355707939543,18.239784037721908,R
equity_average,all,all,1843,69.0,-0.03403980067922374,-33.83972072229196,20.918945177121614,R
equity_average,all,all,2103,69.0,0.7704012158016873,-35.925422394412465,17.466433680689534,R
equity_average,all,all,2399,69.0,5.103475225511723,-34.444065140423355,24.504571952665408,R
equity_average,side,dovish,1,23.0,1.033355834149161,-0.4205563638053252,2.717633095563996,R
equity_average,side,dovish,2,23.0,5.183313515698883,0.5928741074713302,14.56613205239951,R
equity_average,side,dovish,3,23.0,6.087568868713746,1.0895426716477115,16.19280057362397,R
equity_average,side,dovish,4,23.0,6.400570646949141,1.2878684541295813,15.881617215376801,R
equity_average,side,dovish,5,23.0,10.457615532299467,0.30846156365072774,16.384069549199666,R
equity_average,side,dovish,6,23.0,9.915840660089106,1.3185610829174017,17.802045991769752,R
equity_average,side,dovish,7,23.0,9.772568026584768,1.4830259362221456,17.3776084434155,R
equity_average,side,dovish,8,23.0,8.075508780861226,0.7962014741622014,15.417871283712245,R
equity_average,side,dovish,9,23.0,11.184162784665297,1.157541651111213,16.39653227730131,R
equity_average,side,dovish,11,23.0,12.714931957741264,5.300820063382037,20.665821079773075,R
equity_average,side,dovish,12,23.0,14.043238608312167,4.071348607017662,18.77625603303259,R
equity_average,side,dovish,14,23.0,8.99520607805465,1.0932906856980618,20.25095208631506,R
equity_average,side,dovish,16,23.0,7.658215390391593,0.10209362925620857,20.654884987338967,R
equity_average,side,dovish,18,23.0,11.237878694949705,-1.0718264097998955,22.108655216559416,R
equity_average,side,dovish,21,23.0,11.08767868563529,2.0926158909463872,22.65118010887525,R
equity_average,side,dovish,24,23.0,11.289588355315576,1.5648072834695512,23.147648274747052,R
equity_average,side,dovish,27,23.0,15.562483072117162,5.259030876870273,25.102546021352758,R
equity_average,side,dovish,30,23.0,13.731035014807887,6.639437364852423,26.7944722114986,R
equity_average,side,dovish,31,23.0,14.99082032611872,5.7655342263943385,27.979757042485662,R
equity_average,side,dovish,35,23.0,16.58618807967091,5.980054812470735,30.961102880083363,R
equity_average,side,dovish,40,23.0,20.095147132862188,7.074756882192419,31.90968497427674,R
equity_average,side,dovish,46,23.0,16.193905896383452,7.253721899822466,27.22137645316611,R
equity_average,side,dovish,52,23.0,17.46833749705553,8.681295164024352,29.689239928894228,R
equity_average,side,dovish,60,23.0,20.23324420492953,8.990405244203012,32.94415970742571,R
equity_average,side,dovish,68,23.0,21.44935689775404,11.879363197349935,34.8376142754492,R
equity_average,side,dovish,78,23.0,25.626791467370456,12.80344729340812,34.11690209217535,R
equity_average,side,dovish,89,23.0,25.8578664281298,12.624619616499324,35.86630694418714,R
equity_average,side,dovish,101,23.0,23.355115955582107,12.375325592171018,38.85435045854527,R
equity_average,side,dovish,115,23.0,21.483341736178446,13.295771187060929,37.27192565965389,R
equity_average,side,dovish,132,23.0,20.916441424049353,14.683382757810795,36.99499108116241,R
equity_average,side,dovish,150,23.0,21.426166818089435,15.306106536918643,41.440087809365394,R
equity_average,side,dovish,171,23.0,21.17974240289476,3.8338200212831994,40.203990576167286,R
equity_average,side,dovish,196,23.0,21.43042226438191,4.80171396786087,39.41992282463139,R
equity_average,side,dovish,223,23.0,28.58682302852212,7.068814610549309,40.133511139838454,R
equity_average,side,dovish,255,23.0,28.523593811352885,7.715944447044776,42.82530069707704,R
equity_average,side,dovish,291,23.0,30.70240562042924,10.071805344441351,47.84232435093955,R
equity_average,side,dovish,300,23.0,27.110456384310446,12.781736958199792,46.79177295024528,R
equity_average,side,dovish,332,23.0,32.14052599941952,11.58869285421831,55.756514317574016,R
equity_average,side,dovish,378,23.0,29.963123132114816,8.789978866103924,56.614596593560144,R
equity_average,side,dovish,432,23.0,37.05449713691912,7.389694536449278,55.60749355036755,R
equity_average,side,dovish,493,23.0,34.310483387139826,6.288922071022943,44.50852902102805,R
equity_average,side,dovish,562,23.0,32.47950860513704,6.414039809618521,42.31518253360434,R
equity_average,side,dovish,600,23.0,28.98875125133409,-2.291802025909807,41.72752221574295,R
equity_average,side,dovish,641,23.0,31.079493658295938,5.94082567199599,42.16308025607459,R
equity_average,side,dovish,732,23.0,34.51537436206213,3.949232614438179,46.21673895777965,R
equity_average,side,dovish,835,23.0,23.91619900232662,0.9783740548680608,42.42628711057118,R
equity_average,side,dovish,953,23.0,25.874527114635818,4.018808734206148,42.40736175606719,R
equity_average,side,dovish,1087,23.0,24.18159639492954,7.06618500631847,37.35374361553441,R
equity_average,side,dovish,1200,23.0,25.185975827386365,5.035780579545692,40.83324986778107,R
equity_average,side,dovish,1240,23.0,24.668786803271864,-1.955088595466865,38.053978534773655,R
equity_average,side,dovish,1415,23.0,23.16355353462425,-0.49033670078654,40.51721497382794,R
equity_average,side,dovish,1615,23.0,20.420740332172088,0.5103538569211894,41.5573407645155,R
equity_average,side,dovish,1800,23.0,16.87348812310882,3.1789784756732224,56.10335330508118,R
equity_average,side,dovish,1843,23.0,22.30886589201869,-0.4927867928582814,55.03313013255707,R
equity_average,side,dovish,2103,23.0,25.10086320350069,4.688276548282298,59.30227895256004,R
equity_average,side,dovish,2399,23.0,30.8448179961947,5.298023389514621,45.39281205431727,R
equity_average,side,hawkish,1,46.0,0.0,-1.4870447463989747,0.6595500684659382,R
equity_average,side,hawkish,2,46.0,-1.3808173984012906,-11.203455053647847,0.688550512145025,R
equity_average,side,hawkish,3,46.0,-2.2956215123120405,-12.848332629676136,0.15729591354329273,R
equity_average,side,hawkish,4,46.0,-2.9152447418644463,-15.900721379925706,0.3000799271932862,R
equity_average,side,hawkish,5,46.0,-4.5874017036245895,-14.11220950190641,-0.1643882482994331,R
equity_average,side,hawkish,6,46.0,-5.79728911342083,-19.129148055154335,-0.13407529337347557,R
equity_average,side,hawkish,7,46.0,-5.887346703344891,-20.82505390418727,-0.3220793121267378,R
equity_average,side,hawkish,8,46.0,-11.114925730329846,-20.930049046003496,-0.19176885461140142,R
equity_average,side,hawkish,9,46.0,-9.709563498950356,-17.616707724427307,-0.23299156917374803,R
equity_average,side,hawkish,11,46.0,-7.774924115636725,-17.40529928221731,-0.9860840381455371,R
equity_average,side,hawkish,12,46.0,-9.81520243512053,-19.182879837096777,-0.023654833813851014,R
equity_average,side,hawkish,14,46.0,-6.132462972103816,-19.575848630364952,0.7905098342249616,R
equity_average,side,hawkish,16,46.0,-7.3903109039143065,-15.420432676515697,0.8314364700918216,R
equity_average,side,hawkish,18,46.0,-9.120613916760252,-19.435282439767192,0.26488521856420755,R
equity_average,side,hawkish,21,46.0,-8.348844008140109,-17.712432100833798,1.2209591979525167,R
equity_average,side,hawkish,24,46.0,-6.465583261093392,-19.793672700031937,1.425683296724523,R
equity_average,side,hawkish,27,46.0,-5.466974281620924,-17.792591442668407,2.423408194769875,R
equity_average,side,hawkish,30,46.0,-6.020599012363455,-20.35199054464491,1.8663840212765397,R
equity_average,side,hawkish,31,46.0,-5.381682901925094,-19.84147846268166,2.1056577363821862,R
equity_average,side,hawkish,35,46.0,-5.776569685540744,-24.16497874339654,2.650227791437337,R
equity_average,side,hawkish,40,46.0,-4.262924059215521,-22.400193321297667,3.1343987470522765,R
equity_average,side,hawkish,46,46.0,-7.8510410645480855,-21.47499330661181,4.138695665527292,R
equity_average,side,hawkish,52,46.0,-9.051716776460498,-19.51508144654702,7.147333820002661,R
equity_average,side,hawkish,60,46.0,-7.480871488975293,-25.26453761287322,5.1071643702418115,R
equity_average,side,hawkish,68,46.0,-9.656473639385924,-24.48326772863117,2.3586929414437803,R
equity_average,side,hawkish,78,46.0,-8.822619930298272,-30.42400222583231,3.272574081884877,R
equity_average,side,hawkish,89,46.0,-9.317862988280076,-28.53825007750637,2.0431031147760295,R
equity_average,side,hawkish,101,46.0,-8.360343021239697,-30.932146590597856,1.523617866025226,R
equity_average,side,hawkish,115,46.0,-9.218101703371481,-28.62567807411807,-1.1426490654283612,R
equity_average,side,hawkish,132,46.0,-9.209481643215799,-25.14629706420259,1.797896741221646,R
equity_average,side,hawkish,150,46.0,-9.513578518008787,-28.522572409319444,1.3277989520482087,R
equity_average,side,hawkish,171,46.0,-8.33340448836156,-28.70814902115488,1.9203661734822828,R
equity_average,side,hawkish,196,46.0,-5.334711737255477,-29.325428343217773,2.967037668623959,R
equity_average,side,hawkish,223,46.0,-7.182218233479432,-27.66757352538112,5.328750321421862,R
equity_average,side,hawkish,255,46.0,-7.632305950911293,-26.70696279628916,6.989217167209585,R
equity_average,side,hawkish,291,46.0,-5.383942385574574,-26.90153652991653,6.701077268545462,R
equity_average,side,hawkish,300,46.0,-6.603978094043561,-23.645516399177428,6.014909451303491,R
equity_average,side,hawkish,332,46.0,-8.480458593222737,-24.77291051889559,7.806636947427322,R
equity_average,side,hawkish,378,46.0,-7.626719324335953,-27.291622868584717,5.160991893203986,R
equity_average,side,hawkish,432,46.0,-5.154562360642565,-30.21984298397284,5.579986123711867,R
equity_average,side,hawkish,493,46.0,-0.8227192208718421,-31.205346475214213,10.489455549914219,R
equity_average,side,hawkish,562,46.0,-6.6175796271249325,-33.78581967451688,8.75985110954247,R
equity_average,side,hawkish,600,46.0,-6.129156903252249,-33.8386097445366,8.34007489798999,R
equity_average,side,hawkish,641,46.0,-4.993407758134957,-28.645247189637438,10.537708917505825,R
equity_average,side,hawkish,732,46.0,-7.2039577488783495,-26.88601576323388,7.817532692845266,R
equity_average,side,hawkish,835,46.0,-3.8864023629960407,-32.520402204059664,8.160744595001404,R
equity_average,side,hawkish,953,46.0,-8.029728321326264,-41.91586568919308,7.272792513525752,R
equity_average,side,hawkish,1087,46.0,-7.839199766925138,-32.03795458792114,7.225145383013545,R
equity_average,side,hawkish,1200,46.0,-4.264874227047708,-32.954861760279556,8.365723831874249,R
equity_average,side,hawkish,1240,46.0,-4.702572096842678,-29.301709312092328,12.198860103199834,R
equity_average,side,hawkish,1415,46.0,-9.513564783997918,-48.50330010141981,10.430821600921677,R
equity_average,side,hawkish,1615,46.0,-7.8105582576710315,-49.283565332906235,8.894695096163197,R
equity_average,side,hawkish,1800,46.0,-14.050541213925431,-50.06680083666318,6.76710803470749,R
equity_average,side,hawkish,1843,46.0,-12.688222775547466,-53.32625938973324,8.448450414573744,R
equity_average,side,hawkish,2103,46.0,-10.104792851707156,-46.73455542777958,7.40227739210337,R
equity_average,side,hawkish,2399,46.0,-7.064473343289838,-43.13161323251108,13.860309839514269,R
equity_average,surprise,large,1,31.0,0.4097514769302067,-1.1404675221246374,1.9598434690815187,R
equity_average,surprise,large,2,31.0,-1.477264544966711,-13.088564173389754,9.129489566751051,R
equity_average,surprise,large,3,31.0,-1.7407440556250853,-17.963092097991506,8.406077293476208,R
equity_average,surprise,large,4,31.0,-2.227334340093954,-17.569256178584162,8.95740080090401,R
equity_average,surprise,large,5,31.0,-3.3812209571386496,-17.781449391024264,8.269956704222786,R
equity_average,surprise,large,6,31.0,-5.74752461806289,-19.554673708760156,7.973712495929716,R
equity_average,surprise,large,7,31.0,-8.370763868857754,-22.0561999912882,6.708338425482941,R
equity_average,surprise,large,8,31.0,-11.34664267958642,-22.423515682601312,7.933814499729182,R
equity_average,surprise,large,9,31.0,-12.792149541571128,-23.38410362129691,9.406110063508955,R
equity_average,surprise,large,11,31.0,-13.712708409605362,-22.474598789633664,8.677912815546426,R
equity_average,surprise,large,12,31.0,-13.965457051135537,-20.114055876380817,9.769034657536336,R
equity_average,surprise,large,14,31.0,-12.12375347374327,-24.014267559863843,6.432460402077293,R
equity_average,surprise,large,16,31.0,-12.648489319268753,-22.721163451969545,2.07185949390127,R
equity_average,surprise,large,18,31.0,-12.39103283700063,-24.93220649145215,3.9337260927997826,R
equity_average,surprise,large,21,31.0,-8.006864534479895,-21.008457668553557,7.386677990863887,R
equity_average,surprise,large,24,31.0,-9.530660692583655,-22.708482877523934,9.699399127708313,R
equity_average,surprise,large,27,31.0,-7.98371534415873,-23.525162008457887,11.303418674681007,R
equity_average,surprise,large,30,31.0,-7.645976707880763,-21.665943348203275,13.335834381400613,R
equity_average,surprise,large,31,31.0,-7.3814867012243255,-22.703942242830024,13.676777298111734,R
equity_average,surprise,large,35,31.0,-8.215469824090427,-29.308116385455854,15.456341592284875,R
equity_average,surprise,large,40,31.0,-8.140218407036587,-29.473817803717235,19.846054041917824,R
equity_average,surprise,large,46,31.0,-5.550804143085075,-24.488327534320213,18.662517247058126,R
equity_average,surprise,large,52,31.0,-4.969289077389215,-26.144039782445592,19.841254174862314,R
equity_average,surprise,large,60,31.0,-6.710980995958249,-30.60027787555605,19.981669930583095,R
equity_average,surprise,large,68,31.0,-9.418174838590245,-36.36836416657339,17.464232686928185,R
equity_average,surprise,large,78,31.0,-12.091709355753501,-39.31683587049666,20.962295177618252,R
equity_average,surprise,large,89,31.0,-15.642965622074186,-40.01010928612315,22.201147047625287,R
equity_average,surprise,large,101,31.0,-20.299424849659722,-40.87048070386787,18.698941871977606,R
equity_average,surprise,large,115,31.0,-24.771508324828716,-33.660460737032345,21.917132014319414,R
equity_average,surprise,large,132,31.0,-17.60055657292471,-36.329897614596206,18.640256399314687,R
equity_average,surprise,large,150,31.0,-18.020656572428887,-37.339810049023434,22.704587982602632,R
equity_average,surprise,large,171,31.0,-20.466749651566136,-32.7544091934095,19.987660867919047,R
equity_average,surprise,large,196,31.0,-5.731985047396419,-44.68966187363306,22.15570971385205,R
equity_average,surprise,large,223,31.0,-10.419087376100023,-42.69875844751601,28.293571053105516,R
equity_average,surprise,large,255,31.0,-14.371568709828633,-45.879665284168176,28.89195888985111,R
equity_average,surprise,large,291,31.0,-11.470418037108072,-58.34774504323644,32.42973988031375,R
equity_average,surprise,large,300,31.0,-11.05461327463594,-56.5597255204654,34.54287906244244,R
equity_average,surprise,large,332,31.0,-5.495853466726242,-57.2299883403265,33.988617113893,R
equity_average,surprise,large,378,31.0,-9.169052466990777,-59.51242096804289,43.647519895291495,R
equity_average,surprise,large,432,31.0,-13.275320675426041,-67.66610052668968,41.87530553198013,R
equity_average,surprise,large,493,31.0,-3.2387831696296074,-60.355626556793474,36.77739678520404,R
equity_average,surprise,large,562,31.0,-8.53076126722578,-60.93073544547306,33.13898283073255,R
equity_average,surprise,large,600,31.0,-11.096459016876214,-59.93402528670855,32.603638103409466,R
equity_average,surprise,large,641,31.0,-7.094938734540305,-59.13396931774959,33.78669491519713,R
equity_average,surprise,large,732,31.0,-11.74720469448335,-59.158059054805,34.556593994173625,R
equity_average,surprise,large,835,31.0,-10.69471809555403,-59.90243111553313,22.753844084189875,R
equity_average,surprise,large,953,31.0,-18.192903276188556,-59.20611516344337,24.68190677419898,R
equity_average,surprise,large,1087,31.0,-21.4756762186716,-63.30827396006971,21.786572081098956,R
equity_average,surprise,large,1200,31.0,-23.80431629511649,-61.15692673301414,23.939027280628757,R
equity_average,surprise,large,1240,31.0,-18.38573027014423,-62.87073817598322,21.544952652026268,R
equity_average,surprise,large,1415,31.0,-20.54015284443206,-70.03801753132237,18.884083211447262,R
equity_average,surprise,large,1615,31.0,-17.904520773986963,-64.03645868955228,18.51428196922252,R
equity_average,surprise,large,1800,31.0,-20.013381913487343,-67.50284665977063,16.861509702983163,R
equity_average,surprise,large,1843,31.0,-24.277548248396513,-66.51561841701874,19.14286713457877,R
equity_average,surprise,large,2103,31.0,-15.969766976110972,-61.81881656869229,28.049897538739565,R
equity_average,surprise,large,2399,31.0,-9.35220298691144,-59.140844824806265,27.186096667873205,R
equity_average,surprise,medium,1,30.0,0.0,-0.4480369697156537,0.530892807982591,R
equity_average,surprise,medium,2,30.0,-0.18543393897280042,-2.3496090002700702,1.4562993702834857,R
equity_average,surprise,medium,3,30.0,-0.06768215030141739,-3.0724556179247813,0.8165501730246254,R
equity_average,surprise,medium,4,30.0,-0.41058843622381214,-4.461978041237376,0.586444451454796,R
equity_average,surprise,medium,5,30.0,-0.285542712664858,-3.2775801637176096,0.7259015546767051,R
equity_average,surprise,medium,6,30.0,-0.044260190910182545,-3.75361778445683,1.8887896975657448,R
equity_average,surprise,medium,7,30.0,-0.37341859622066864,-3.603486876730802,1.9449395352530208,R
equity_average,surprise,medium,8,30.0,-0.29061206029962455,-4.839485516504826,1.3028954646402169,R
equity_average,surprise,medium,9,30.0,-0.2754527767907506,-5.834594277983912,1.3198755570781027,R
equity_average,surprise,medium,11,30.0,-1.0652063481116008,-3.740574917489497,2.0071240816294598,R
equity_average,surprise,medium,12,30.0,0.013418671566722551,-3.925352611453504,2.332124623931543,R
equity_average,surprise,medium,14,30.0,0.9155600238832593,-6.19764730255668,4.3667566617864075,R
equity_average,surprise,medium,16,30.0,-0.08624321547239511,-8.639914830263299,5.275958975948301,R
equity_average,surprise,medium,18,30.0,-0.5862612933655718,-8.770060131888947,5.798302717864048,R
equity_average,surprise,medium,21,30.0,-0.11571559373696072,-9.099937819609547,6.630005349958615,R
equity_average,surprise,medium,24,30.0,1.7880974948255144,-6.765888491872277,9.761202003192551,R
equity_average,surprise,medium,27,30.0,2.355187573428527,-4.842914194358185,9.952068838022823,R
equity_average,surprise,medium,30,30.0,1.5098870186936115,-5.049477118733988,8.431900488513094,R
equity_average,surprise,medium,31,30.0,1.8013242271425445,-4.727907810588312,10.20277254897437,R
equity_average,surprise,medium,35,30.0,2.4878020754804777,-4.898422304235068,9.300029937559962,R
equity_average,surprise,medium,40,30.0,3.196659314818943,-4.433449465445468,7.519151272119814,R
equity_average,surprise,medium,46,30.0,4.540730568351125,-3.9655473095661558,9.845728583303023,R
equity_average,surprise,medium,52,30.0,3.861440084381405,-7.691901879194956,10.204964579125056,R
equity_average,surprise,medium,60,30.0,4.993686612962751,-7.63398325446219,11.89379602323918,R
equity_average,surprise,medium,68,30.0,3.609860328568602,-7.665545395610128,12.274514656950192,R
equity_average,surprise,medium,78,30.0,3.9670958285312503,-2.4089906265479586,10.789754764680534,R
equity_average,surprise,medium,89,30.0,2.9307728886176125,-3.8877098933874246,14.829362037623707,R
equity_average,surprise,medium,101,30.0,2.8266078143489457,-3.3071519109965624,10.852560711659564,R
equity_average,surprise,medium,115,30.0,3.6986787487704884,-5.463810923779596,12.180757144855056,R
equity_average,surprise,medium,132,30.0,3.4911630084826006,-1.8149815127196725,12.721294520081159,R
equity_average,surprise,medium,150,30.0,-0.32510972563950935,-6.303951008347107,6.975420693710746,R
equity_average,surprise,medium,171,30.0,0.5176279029104484,-7.012276802916448,4.217978731787812,R
equity_average,surprise,medium,196,30.0,-1.2892958222852662,-6.791910082249434,4.482825669440244,R
equity_average,surprise,medium,223,30.0,-1.318664115410002,-7.967852772994796,8.432589417916294,R
equity_average,surprise,medium,255,30.0,-2.778251783151835,-7.687110491085303,9.564618090821126,R
equity_average,surprise,medium,291,30.0,-1.8318276080011837,-6.488140951425931,11.879422660225746,R
equity_average,surprise,medium,300,30.0,-1.8848287927555756,-9.478353485452715,13.789652397712597,R
equity_average,surprise,medium,332,30.0,0.09076368895228937,-11.812472106774214,10.764741792614519,R
equity_average,surprise,medium,378,30.0,2.516135671924013,-7.763923287263204,10.072519190356623,R
equity_average,surprise,medium,432,30.0,1.3168731243982457,-9.908507220060052,10.203989106406826,R
equity_average,surprise,medium,493,30.0,5.7569354871847285,-4.979607708064453,16.717423394178617,R
equity_average,surprise,medium,562,30.0,6.649314036656893,-12.778913304602217,15.95114841893388,R
equity_average,surprise,medium,600,30.0,5.665473084508603,-9.626155634352624,14.30005088187636,R
equity_average,surprise,medium,641,30.0,7.764715227430891,-8.61733249404897,16.23433920037977,R
equity_average,surprise,medium,732,30.0,7.006009623336141,-8.04785856188696,18.534208449417584,R
equity_average,surprise,medium,835,30.0,7.836627147207611,-6.937712421559359,18.05694433015131,R
equity_average,surprise,medium,953,30.0,5.369501790705822,-8.491037997895825,20.470665459621216,R
equity_average,surprise,medium,1087,30.0,5.174577827505089,-8.512049510358521,22.541331054857455,R
equity_average,surprise,medium,1200,30.0,3.4390144427573426,-7.564290008698005,19.061483045143973,R
equity_average,surprise,medium,1240,30.0,8.790240894721446,-6.860169301596531,20.62521754280414,R
equity_average,surprise,medium,1415,30.0,7.775749793415997,-10.536140542730866,21.88240370723471,R
equity_average,surprise,medium,1615,30.0,0.6359845414501673,-6.170619274045135,19.78276564917624,R
equity_average,surprise,medium,1800,30.0,3.53229211129267,-12.948116644029376,16.094255761173237,R
equity_average,surprise,medium,1843,30.0,3.149176776429936,-16.890478290961447,19.508260850679438,R
equity_average,surprise,medium,2103,30.0,2.819833061950687,-17.745848441394468,10.74773177880676,R
equity_average,surprise,medium,2399,30.0,4.4614142521784075,-23.02237272757626,20.121057824972002,R
equity_average,surprise,small,1,8.0,0.11371120008150334,-0.38746213441264754,1.0409721133711296,R
equity_average,surprise,small,2,8.0,0.5409275500500311,-0.48650407736742607,0.9575518474311336,R
equity_average,surprise,small,3,8.0,0.7460813019732949,-0.7677873869540429,1.9636795035495511,R
equity_average,surprise,small,4,8.0,0.3541877594734555,-2.621063704035706,2.5691622710706756,R
equity_average,surprise,small,5,8.0,0.3084615636507277,-4.887708194786543,1.0438751280536323,R
equity_average,surprise,small,6,8.0,0.1838846524643839,-5.977018971566053,2.313003516999868,R
equity_average,surprise,small,7,8.0,-1.5888060339047951,-6.072274731903429,2.641542063689335,R
equity_average,surprise,small,8,8.0,-0.04414658163059598,-3.5680332417329907,2.4410729347431452,R
equity_average,surprise,small,9,8.0,0.1190638002986385,-5.7064294267928615,3.100935080075838,R
equity_average,surprise,small,11,8.0,-0.6235297836648136,-8.17074205423662,1.9695310707954319,R
equity_average,surprise,small,12,8.0,-1.4084396987689294,-8.285724947546637,2.5396163800868345,R
equity_average,surprise,small,14,8.0,-0.8405926393785612,-6.564811215468945,0.8987264054849455,R
equity_average,surprise,small,16,8.0,0.3742910498248074,-2.6367153539130106,3.470775952610424,R
equity_average,surprise,small,18,8.0,2.216083677622936,-1.0689062786528538,6.138317112746783,R
equity_average,surprise,small,21,8.0,2.5725256987623433,-1.2395731820010396,4.6024143754242,R
equity_average,surprise,small,24,8.0,1.854310232516052,0.24147790074575826,4.356919090931435,R
equity_average,surprise,small,27,8.0,4.7057969284151575,0.3627865790101463,7.686615325784798,R
equity_average,surprise,small,30,8.0,7.090233241526313,1.0182759806700674,9.767470098964527,R
equity_average,surprise,small,31,8.0,7.116809812619683,0.8851613417737367,8.638379090731107,R
equity_average,surprise,small,35,8.0,5.339071461736078,1.1399253417176165,7.138654197193243,R
equity_average,surprise,small,40,8.0,3.7902199548668936,0.143379302471621,7.5866933475763805,R
equity_average,surprise,small,46,8.0,6.017942647315819,-1.260930945253202,9.151681408792554,R
equity_average,surprise,small,52,8.0,7.1566522857322905,0.11573656514844544,10.16814799829744,R
equity_average,surprise,small,60,8.0,8.41495498106291,0.923045691514222,14.441455935053124,R
equity_average,surprise,small,68,8.0,4.619671892567231,0.08045070032541579,11.753265741939252,R
equity_average,surprise,small,78,8.0,5.363831678675736,1.7009655885944073,12.321959458082826,R
equity_average,surprise,small,89,8.0,4.330996458123739,1.9460176569941596,13.667256561591675,R
equity_average,surprise,small,101,8.0,4.805700294265623,1.7698172361036397,11.9360364639215,R
equity_average,surprise,small,115,8.0,1.8697550061303945,-3.8888695145019434,13.763071005869,R
equity_average,surprise,small,132,8.0,10.297372635952787,3.6849865173252265,16.15338799310317,R
equity_average,surprise,small,150,8.0,13.708498834983478,6.7106149805881765,15.504895965017027,R
equity_average,surprise,small,171,8.0,11.76041233079381,6.404819168582302,13.535161352635047,R
equity_average,surprise,small,196,8.0,7.460144988649568,5.1105255272576455,13.946372489644322,R
equity_average,surprise,small,223,8.0,8.968435463594272,6.408547465919657,19.72908914184934,R
equity_average,surprise,small,255,8.0,15.007089089574848,7.549111029569609,26.22419474937044,R
equity_average,surprise,small,291,8.0,15.171174533869026,6.336003819191831,32.668991925155495,R
equity_average,surprise,small,300,8.0,14.463159077113653,5.28081506987678,31.268940362744907,R
equity_average,surprise,small,332,8.0,8.849006177846064,3.6204840465729946,30.304237474174933,R
equity_average,surprise,small,378,8.0,9.66126795921168,-1.3845511983242318,22.329241769607044,R
equity_average,surprise,small,432,8.0,7.679172600513585,-3.5515170574442068,20.784655753677733,R
equity_average,surprise,small,493,8.0,4.987463479270043,-2.2576153106454497,17.415180318426064,R
equity_average,surprise,small,562,8.0,4.825046491152122,-1.042495269792291,18.701988523462024,R
equity_average,surprise,small,600,8.0,5.986127866730797,-4.109779636703596,21.03382774219679,R
equity_average,surprise,small,641,8.0,9.977524933528413,-3.077725937900105,21.986095797980283,R
equity_average,surprise,small,732,8.0,10.204814393637434,-4.255497828552951,22.387113158719348,R
equity_average,surprise,small,835,8.0,11.666520436141411,-1.4064873373484783,23.371778313549036,R
equity_average,surprise,small,953,8.0,10.260249551035214,-0.7880877627682112,30.319897215365753,R
equity_average,surprise,small,1087,8.0,10.020125425975596,-2.766324975832047,30.135252060503532,R
equity_average,surprise,small,1200,8.0,12.27622124296209,-2.120566524055384,26.437436169828732,R
equity_average,surprise,small,1240,8.0,14.01302932578179,-4.364637208923364,25.501699113912018,R
equity_average,surprise,small,1415,8.0,15.544032293735096,0.2902863753416458,24.01423949591977,R
equity_average,surprise,small,1615,8.0,16.21933242724465,-1.8942483456070365,30.75391798291547,R
equity_average,surprise,small,1800,8.0,15.572011180458244,-3.355905392022508,29.96144581686972,R
equity_average,surprise,small,1843,8.0,16.3319550340786,-0.43531845356322396,30.636530688668273,R
equity_average,surprise,small,2103,8.0,16.85993271471498,5.582428382949001,30.28525802149462,R
equity_average,surprise,small,2399,8.0,17.137193082113996,12.781285457007685,26.353584628365542,R
ES.v.0,action,cut,1,8.0,0.002412900516081007,-0.5468902407322191,0.3735464794107292,aligned
ES.v.0,action,cut,2,8.0,2.179666180345458,0.5717616812109244,8.90772092903253,aligned
ES.v.0,action,cut,3,8.0,2.386993114216615,-0.045645009632274414,8.299180767058616,aligned
ES.v.0,action,cut,4,8.0,2.4791537280388347,0.18199178170096275,7.339036102738674,aligned
ES.v.0,action,cut,5,8.0,1.6603099243089408,-0.045645009632274414,6.242895174939617,aligned
ES.v.0,action,cut,6,8.0,3.1214910429186227,0.13693252878218506,9.519453287967883,aligned
ES.v.0,action,cut,7,8.0,7.250243588597229,0.2604422119696762,12.991373203084347,aligned
ES.v.0,action,cut,8,8.0,7.665233006605365,0.7363951775143678,13.209047088437393,aligned
ES.v.0,action,cut,9,8.0,7.0407229993793,1.231809124799196,12.277364344520986,aligned
ES.v.0,action,cut,11,8.0,9.316966496552649,1.581647246964108,14.297907674378806,aligned
ES.v.0,action,cut,12,8.0,10.951074099386581,0.604394522063183,13.94343958620932,aligned
ES.v.0,action,cut,14,8.0,6.229113261821805,-2.0026733155938095,16.249913205270275,aligned
ES.v.0,action,cut,16,8.0,5.232961075054906,-0.011490984557738448,12.205025306940062,aligned
ES.v.0,action,cut,18,8.0,9.217706761099034,2.2300299904957757,12.17209791340473,aligned
ES.v.0,action,cut,21,8.0,8.757970850866817,4.734018167063602,11.157155437219425,aligned
ES.v.0,action,cut,24,8.0,8.619944081014413,-4.1033813373859225,11.18470637214704,aligned
ES.v.0,action,cut,27,8.0,8.728518978520954,-4.296923926901801,11.110161112363947,aligned
ES.v.0,action,cut,30,8.0,9.706320684526608,-2.7985223194475766,16.74182725049775,aligned
ES.v.0,action,cut,31,8.0,10.830000365635657,-2.370087525523891,16.94945120211588,aligned
ES.v.0,action,cut,35,8.0,7.658216280764337,0.07869231431821344,17.184966290536913,aligned
ES.v.0,action,cut,40,8.0,7.664179211986135,1.9790211084793556,13.431959130859262,aligned
ES.v.0,action,cut,46,8.0,7.249207014885622,-0.05189710304589637,13.559090690651688,aligned
ES.v.0,action,cut,52,8.0,10.465524820498413,-1.9258040784318997,15.986714491437102,aligned
ES.v.0,action,cut,60,8.0,8.570582639469501,0.4805992885376664,16.277839984886835,aligned
ES.v.0,action,cut,68,8.0,3.788517047059166,-1.2187252898923955,18.22089935001059,aligned
ES.v.0,action,cut,78,8.0,3.6782112686884076,-3.631548773834017,21.410289114952995,aligned
ES.v.0,action,cut,89,8.0,4.71063557494198,-2.1783805306632305,21.74847484832679,aligned
ES.v.0,action,cut,101,8.0,3.260570815401919,-0.6069461199404808,22.10419202872106,aligned
ES.v.0,action,cut,115,8.0,12.29997902467598,-1.9556848958958004,20.61235474427663,aligned
ES.v.0,action,cut,132,8.0,14.941078592887092,-2.6420362864411775,23.344191590509027,aligned
ES.v.0,action,cut,150,8.0,17.050815522141434,-0.14646493030456753,18.607569892355993,aligned
ES.v.0,action,cut,171,8.0,15.205434355750741,1.5109195799592174,20.240928323480652,aligned
ES.v.0,action,cut,196,8.0,16.07446700658109,5.109018940182926,24.213831700434536,aligned
ES.v.0,action,cut,223,8.0,9.407666370351924,4.451781283360037,24.67560255515943,aligned
ES.v.0,action,cut,255,8.0,13.211159926138357,2.5742387680782084,27.664139776441605,aligned
ES.v.0,action,cut,291,8.0,14.39928442126216,2.033474124767164,22.78530508375074,aligned
ES.v.0,action,cut,300,8.0,11.32220503551635,2.6167329390406704,22.90456756013896,aligned
ES.v.0,action,cut,332,8.0,13.998491751359511,3.3859405459750107,24.405680583897237,aligned
ES.v.0,action,cut,378,8.0,13.625207755527047,2.887129882015998,24.27507221345658,aligned
ES.v.0,action,cut,432,8.0,9.136839344244073,0.9783060290210361,22.735473219134928,aligned
ES.v.0,action,cut,493,8.0,1.9618803303643473,-3.0225728758349475,19.76097798639133,aligned
ES.v.0,action,cut,562,8.0,11.217650211797864,-1.6971243406119356,23.237548614481156,aligned
ES.v.0,action,cut,600,8.0,11.492714214651592,-2.7783417933351258,20.753156060336572,aligned
ES.v.0,action,cut,641,8.0,12.246692983225856,-0.9479891880565329,23.13543051366944,aligned
ES.v.0,action,cut,732,8.0,11.203058763087405,-2.350945709084099,26.06361574962318,aligned
ES.v.0,action,cut,835,8.0,5.300144720963648,-2.83421449698641,27.68500784230153,aligned
ES.v.0,action,cut,953,8.0,11.559518502737925,-7.9311770341212915,38.692914188864876,aligned
ES.v.0,action,cut,1087,8.0,10.028755196326886,-8.242260529022772,35.172386541295424,aligned
ES.v.0,action,cut,1200,8.0,8.297035714327716,-3.8630568398603615,35.33568231498258,aligned
ES.v.0,action,cut,1240,8.0,8.49369333905452,-4.646477137672983,35.2264145519203,aligned
ES.v.0,action,cut,1415,8.0,16.072979143187943,2.2380264453637095,29.600693141390344,aligned
ES.v.0,action,cut,1615,8.0,10.002068463346975,-0.7036207806819792,29.540674986342317,aligned
ES.v.0,action,cut,1800,8.0,15.378891511970362,1.587972939195701,29.122072281190835,aligned
ES.v.0,action,cut,1843,8.0,12.636229850441055,-0.6352546367357648,33.187394575016654,aligned
ES.v.0,action,cut,2103,8.0,4.779516518171412,-7.063138412450105,42.4239097817337,aligned
ES.v.0,action,cut,2399,8.0,49.44970328658502,-2.6421957845304513,59.70697762373344,aligned
ES.v.0,action,hike,1,21.0,0.0,-0.33032189871961287,2.9003722347661154,aligned
ES.v.0,action,hike,2,21.0,2.603149825971671,0.0,7.942569533169059,aligned
ES.v.0,action,hike,3,21.0,4.295177902915375,0.32535667228066595,9.517815919377783,aligned
ES.v.0,action,hike,4,21.0,5.6705416886637465,0.314341846784407,12.221952144709546,aligned
ES.v.0,action,hike,5,21.0,4.956138278581213,1.859024017746577,11.579500066986956,aligned
ES.v.0,action,hike,6,21.0,6.026274739444089,0.9295552085030684,20.83230751920741,aligned
ES.v.0,action,hike,7,21.0,5.122101981553415,0.483336958454976,21.786817431359754,aligned
ES.v.0,action,hike,8,21.0,11.02779114847251,0.5272454064965209,20.623654790833225,aligned
ES.v.0,action,hike,9,21.0,10.246828900553815,1.4500809653946738,20.04212420215973,aligned
ES.v.0,action,hike,11,21.0,7.905763713212264,-0.9666038381705534,16.70395615839932,aligned
ES.v.0,action,hike,12,21.0,3.4079467450897614,-1.5392114137259796,20.17423884609367,aligned
ES.v.0,action,hike,14,21.0,2.5955486486636663,-5.726361871660944,21.39822905569994,aligned
ES.v.0,action,hike,16,21.0,0.9295552085030684,-7.167388689690427,15.962467413359633,aligned
ES.v.0,action,hike,18,21.0,0.32535667228066595,-5.617714674213778,16.546250534696977,aligned
ES.v.0,action,hike,21,21.0,2.603149825971671,-4.681648025584875,15.44231500341115,aligned
ES.v.0,action,hike,24,21.0,7.600416736508982,-5.181135329897561,20.623654790833225,aligned
ES.v.0,action,hike,27,21.0,7.1662116203373545,-7.594644489922421,23.8226776620459,aligned
ES.v.0,action,hike,30,21.0,6.270154272068282,-6.553693708966791,26.731768591652653,aligned
ES.v.0,action,hike,31,21.0,2.6867275819866547,-8.179513502361036,20.274636011533907,aligned
ES.v.0,action,hike,35,21.0,7.6486817890329615,-1.7078690105984775,25.503555128566,aligned
ES.v.0,action,hike,40,21.0,8.269703037654415,-3.272608297997558,36.277593818339085,aligned
ES.v.0,action,hike,46,21.0,9.846778959635314,-5.726361871660944,44.82995342072214,aligned
ES.v.0,action,hike,52,21.0,8.709031815885332,-6.284762799956313,49.764417668881606,aligned
ES.v.0,action,hike,60,21.0,7.485882951413617,-8.452048761627205,45.44689462642139,aligned
ES.v.0,action,hike,68,21.0,10.476112666551936,1.2574266779633096,35.48489498944353,aligned
ES.v.0,action,hike,78,21.0,10.75124414809177,-1.3637169490246215,31.970265844826,aligned
ES.v.0,action,hike,89,21.0,13.999904612882693,-4.908879033348187,37.728400591086306,aligned
ES.v.0,action,hike,101,21.0,17.098264003966747,-3.7713316390298215,50.33623238725491,aligned
ES.v.0,action,hike,115,21.0,18.78999016831702,-3.7713316390298215,39.776082794756974,aligned
ES.v.0,action,hike,132,21.0,14.48862733614244,-7.541241520001758,31.096992378684853,aligned
ES.v.0,action,hike,150,21.0,13.022530815496117,-1.5060014184886008,26.61304371288957,aligned
ES.v.0,action,hike,171,21.0,8.269703037654415,-1.0261672661653507,22.65927820753123,aligned
ES.v.0,action,hike,196,21.0,5.498030011126224,-3.078185946734828,36.337777451761355,aligned
ES.v.0,action,hike,223,21.0,16.405915773905633,-5.181135329897561,33.71849822027438,aligned
ES.v.0,action,hike,255,21.0,10.75124414809177,-6.155424662165319,45.02573407134052,aligned
ES.v.0,action,hike,291,21.0,18.82226960640133,-7.90697081534568,54.9939554324708,aligned
ES.v.0,action,hike,300,21.0,18.82226960640133,-7.90697081534568,52.07663234742415,aligned
ES.v.0,action,hike,332,21.0,18.39150288512622,-8.262869889244143,62.295174781863565,aligned
ES.v.0,action,hike,378,21.0,8.289201487756888,-2.4398376815698057,75.63048289866602,aligned
ES.v.0,action,hike,432,21.0,8.490700049394011,-8.960038828940391,56.54533273575871,aligned
ES.v.0,action,hike,493,21.0,8.269703037654415,-11.543309008468444,53.82692406717815,aligned
ES.v.0,action,hike,562,21.0,5.030655663396173,-9.231716729083514,73.97732878273024,aligned
ES.v.0,action,hike,600,21.0,8.739283633652338,-9.231716729083514,66.28466916637066,aligned
ES.v.0,action,hike,641,21.0,9.434556332244233,-13.35641374467791,81.11602639499766,aligned
ES.v.0,action,hike,732,21.0,7.942569533169059,-6.569910049373907,71.60647205265738,aligned
ES.v.0,action,hike,835,21.0,8.136329156532769,-7.1809605055424655,58.30727136920353,aligned
ES.v.0,action,hike,953,21.0,4.067719448533213,-8.452048761627205,47.01684046937043,aligned
ES.v.0,action,hike,1087,21.0,6.159215921244333,-10.053725437617787,32.567025720590145,aligned
ES.v.0,action,hike,1200,21.0,5.132416454277276,-8.129714552813125,38.65844706876368,aligned
ES.v.0,action,hike,1240,21.0,4.067719448533213,-8.16942168227916,34.21326073354539,aligned
ES.v.0,action,hike,1415,21.0,4.105722408201349,-7.90697081534568,71.60647205265738,aligned
ES.v.0,action,hike,1615,21.0,8.951167911256634,-2.0522292412072045,68.28001336986512,aligned
ES.v.0,action,hike,1800,21.0,17.598024018746244,-2.4545566239435654,89.25520043111588,aligned
ES.v.0,action,hike,1843,21.0,28.745318102291087,-3.078185946734828,84.25711625929424,aligned
ES.v.0,action,hike,2103,21.0,23.21299731586602,0.0,63.95753695280989,aligned
ES.v.0,action,hike,2399,21.0,17.191791849605362,-14.507597697272272,32.11120596727882,aligned
ES.v.0,action,hold,1,63.0,0.0,-0.5012097802681856,0.7734272536657597,aligned
ES.v.0,action,hold,2,63.0,0.0,-0.7984427925212747,3.8084764031831813,aligned
ES.v.0,action,hold,3,63.0,0.5951495314959209,-0.4804562377756743,9.73379973234209,aligned
ES.v.0,action,hold,4,63.0,0.6984337625718481,-0.5878639726548252,8.710628787996878,aligned
ES.v.0,action,hold,5,63.0,0.8902341321648177,-0.6015623317417318,9.36933598024583,aligned
ES.v.0,action,hold,6,63.0,2.1292451906265213,-0.7245693508702428,10.130276040467585,aligned
ES.v.0,action,hold,7,63.0,1.785554865917451,-0.6428441073563742,10.9287298086794,aligned
ES.v.0,action,hold,8,63.0,2.380810677277468,-0.8221281025870439,12.542939444230232,aligned
ES.v.0,action,hold,9,63.0,1.9971042055498667,-0.8312440486795161,12.512576630075184,aligned
ES.v.0,action,hold,11,63.0,2.8564287693774815,-1.103871155612895,14.784433371367946,aligned
ES.v.0,action,hold,12,63.0,3.579525154555235,-1.0118284489658966,14.59423101488016,aligned
ES.v.0,action,hold,14,63.0,2.1382598922533993,-1.2738878022117726,13.205139791902013,aligned
ES.v.0,action,hold,16,63.0,2.4964425823044145,-1.2532725748889133,11.872309979895237,aligned
ES.v.0,action,hold,18,63.0,4.846135302015303,-1.821787942035184,14.594890085085346,aligned
ES.v.0,action,hold,21,63.0,3.5614121375407057,-1.7950748163358907,15.635768920957254,aligned
ES.v.0,action,hold,24,63.0,2.5419420574089155,-2.0764841124359514,17.42505119631342,aligned
ES.v.0,action,hold,27,63.0,3.3891125086103653,-3.0996703546971465,15.882019761686525,aligned
ES.v.0,action,hold,30,63.0,3.3891125086103653,-2.3753566328685567,16.22319144455778,aligned
ES.v.0,action,hold,31,63.0,2.9958058941855246,-3.0301118364539468,16.055064937425524,aligned
ES.v.0,action,hold,35,63.0,2.573482119311286,-4.790061269965079,18.76901770208901,aligned
ES.v.0,action,hold,40,63.0,4.064903006414229,-4.970272429377472,19.631589079563774,aligned
ES.v.0,action,hold,46,63.0,5.5011553813349074,-5.058260163938121,16.436148493691118,aligned
ES.v.0,action,hold,52,63.0,6.271022382125091,-6.568152368850579,15.921753916232833,aligned
ES.v.0,action,hold,60,63.0,7.161259639699705,-5.16826451634317,18.258903683614413,aligned
ES.v.0,action,hold,68,63.0,9.12278764413738,-3.706441155200962,18.151224565039925,aligned
ES.v.0,action,hold,78,63.0,3.996181479817683,-3.9936201296855,23.58410300075288,aligned
ES.v.0,action,hold,89,63.0,6.437506465587717,-3.090180197747441,20.55147099950133,aligned
ES.v.0,action,hold,101,63.0,4.950829365025517,-2.8244181612548642,18.318766791567917,aligned
ES.v.0,action,hold,115,63.0,6.30148105651931,-1.720644826269032,19.66068407522588,aligned
ES.v.0,action,hold,132,63.0,4.332353464018152,-4.1378709748292035,16.30645922113404,aligned
ES.v.0,action,hold,150,63.0,3.031221605507323,-3.979328840299439,19.58503002951678,aligned
ES.v.0,action,hold,171,63.0,0.8473858152686172,-7.494180744502533,17.111814216063863,aligned
ES.v.0,action,hold,196,63.0,2.2008253183746778,-9.40631286289933,14.808138714436282,aligned
ES.v.0,action,hold,223,63.0,2.2008253183746778,-8.298175617957561,14.584123729973825,aligned
ES.v.0,action,hold,255,63.0,3.571428609389896,-8.841843904948142,18.980880871354625,aligned
ES.v.0,action,hold,291,63.0,3.0038148674392278,-8.139105547790383,20.8069153042656,aligned
ES.v.0,action,hold,300,63.0,4.662056495324123,-7.74513249442739,20.47753608790477,aligned
ES.v.0,action,hold,332,63.0,3.4754402574109355,-9.822891763455784,17.18967286890722,aligned
ES.v.0,action,hold,378,63.0,3.579525154555235,-10.64651399265557,15.216125987333623,aligned
ES.v.0,action,hold,432,63.0,1.1930326905112105,-10.659222834222636,19.99601081762934,aligned
ES.v.0,action,hold,493,63.0,0.9287206879208404,-7.972031600311123,22.0384399374518,aligned
ES.v.0,action,hold,562,63.0,3.089566558390943,-8.183036771645108,22.631224814048906,aligned
ES.v.0,action,hold,600,63.0,3.1580023111530986,-8.899481208083497,23.347029847847875,aligned
ES.v.0,action,hold,641,63.0,0.0,-8.632362334397085,25.084860950036383,aligned
ES.v.0,action,hold,732,63.0,4.634188810271204,-7.60979080557806,24.682306227221535,aligned
ES.v.0,action,hold,835,63.0,3.39210001020902,-7.834590733680009,19.941672382174893,aligned
ES.v.0,action,hold,953,63.0,6.904560422435598,-11.352259899135671,21.259385801963106,aligned
ES.v.0,action,hold,1087,63.0,5.17787807845707,-12.552427500142826,24.06042847276604,aligned
ES.v.0,action,hold,1200,63.0,3.5614121375407057,-12.457323517651297,24.070880099711495,aligned
ES.v.0,action,hold,1240,63.0,3.369101997738418,-14.159345176800503,25.63103727579771,aligned
ES.v.0,action,hold,1415,63.0,1.6066407853543674,-13.136525697805041,25.299387471725577,aligned
ES.v.0,action,hold,1615,63.0,2.068513780229846,-13.062833599573267,21.438764790776005,aligned
ES.v.0,action,hold,1800,63.0,0.0,-12.270675119825677,23.499190510968326,aligned
ES.v.0,action,hold,1843,63.0,-0.7788616940276496,-14.290842926907818,26.8275041802131,aligned
ES.v.0,action,hold,2103,63.0,2.0322449602528923,-10.380053637716951,28.039757049732742,aligned
ES.v.0,action,hold,2399,63.0,1.444326379006139,-15.513081532101566,32.30705741243969,aligned
ES.v.0,action_x_surprise,cut|large,1,4.0,-0.3101577313138577,-0.5468902407322191,0.6763708645927081,aligned
ES.v.0,action_x_surprise,cut|large,2,4.0,10.184096288309366,2.3833076054472175,18.499127739744164,aligned
ES.v.0,action_x_surprise,cut|large,3,4.0,9.174342898232695,2.5901508671604563,15.499762373774631,aligned
ES.v.0,action_x_surprise,cut|large,4,4.0,9.702741450662337,3.419056648470388,15.104222594194756,aligned
ES.v.0,action_x_surprise,cut|large,5,4.0,9.395013508940036,2.073832938884348,16.304559300216056,aligned
ES.v.0,action_x_surprise,cut|large,6,4.0,12.404581997067494,6.330107645384753,18.32089298228262,aligned
ES.v.0,action_x_surprise,cut|large,7,4.0,13.893618894283264,11.866339943826286,16.317292561327505,aligned
ES.v.0,action_x_surprise,cut|large,8,4.0,13.494694775297344,12.699538570099365,15.373985663808606,aligned
ES.v.0,action_x_surprise,cut|large,9,4.0,12.465601177156547,11.5551301672882,14.643220464392297,aligned
ES.v.0,action_x_surprise,cut|large,11,4.0,14.492610754635145,13.912543807650655,16.12638551252522,aligned
ES.v.0,action_x_surprise,cut|large,12,4.0,15.38062441580647,12.437234407053069,18.46894359851466,aligned
ES.v.0,action_x_surprise,cut|large,14,4.0,18.025831202204053,11.688864470971758,21.709563507046703,aligned
ES.v.0,action_x_surprise,cut|large,16,4.0,14.562764432143783,6.182705483143589,22.06790333921517,aligned
ES.v.0,action_x_surprise,cut|large,18,4.0,13.923403320461983,10.006454050210777,18.67163760279494,aligned
ES.v.0,action_x_surprise,cut|large,21,4.0,11.218558870621532,7.620294882571454,14.870778319623657,aligned
ES.v.0,action_x_surprise,cut|large,24,4.0,10.514311142069397,9.405358100261877,11.595469646204034,aligned
ES.v.0,action_x_surprise,cut|large,27,4.0,9.86449915900223,9.133372588508037,11.110161112363947,aligned
ES.v.0,action_x_surprise,cut|large,30,4.0,14.629427760752577,11.225452980772086,16.74182725049775,aligned
ES.v.0,action_x_surprise,cut|large,31,4.0,15.753107441861626,12.910972502435662,16.94945120211588,aligned
ES.v.0,action_x_surprise,cut|large,35,4.0,12.993844925607458,7.259147915721432,17.184966290536913,aligned
ES.v.0,action_x_surprise,cut|large,40,4.0,12.178771661931856,9.438900398259383,13.431959130859262,aligned
ES.v.0,action_x_surprise,cut|large,46,4.0,11.576494963882013,7.878961622466015,13.559090690651688,aligned
ES.v.0,action_x_surprise,cut|large,52,4.0,12.975849176631199,6.492838685520762,15.986714491437102,aligned
ES.v.0,action_x_surprise,cut|large,60,4.0,11.69754051251537,5.301189838513487,16.277839984886835,aligned
ES.v.0,action_x_surprise,cut|large,68,4.0,11.055947908766923,0.18485113718568513,19.340367200664737,aligned
ES.v.0,action_x_surprise,cut|large,78,4.0,12.48924354299005,1.9226577830264295,22.38369804671696,aligned
ES.v.0,action_x_surprise,cut|large,89,4.0,14.660067190758832,2.2714000358930875,25.908023153581937,aligned
ES.v.0,action_x_surprise,cut|large,101,4.0,15.77989978968017,3.297021537139729,28.360912968978244,aligned
ES.v.0,action_x_surprise,cut|large,115,4.0,22.04205139610769,15.840005093714018,24.99913338010345,aligned
ES.v.0,action_x_surprise,cut|large,132,4.0,23.448965326807873,20.52205745943736,25.04529165860193,aligned
ES.v.0,action_x_surprise,cut|large,150,4.0,19.112350767193412,17.237656895334833,21.857194884681608,aligned
ES.v.0,action_x_surprise,cut|large,171,4.0,21.558248020733625,17.96421497261765,25.201247391550375,aligned
ES.v.0,action_x_surprise,cut|large,196,4.0,25.069988547712505,23.228698530519083,27.14330851182204,aligned
ES.v.0,action_x_surprise,cut|large,223,4.0,25.5619627328847,19.717400738249133,28.597008763041494,aligned
ES.v.0,action_x_surprise,cut|large,255,4.0,27.993596464547963,23.00195037651372,30.417221783086553,aligned
ES.v.0,action_x_surprise,cut|large,291,4.0,23.992942971429862,20.144225208308818,26.946257450633304,aligned
ES.v.0,action_x_surprise,cut|large,300,4.0,25.062239711674373,17.435640511626183,29.570294042974876,aligned
ES.v.0,action_x_surprise,cut|large,332,4.0,25.571943313584292,18.471316885188564,29.396710491126058,aligned
ES.v.0,action_x_surprise,cut|large,378,4.0,24.760902049479,19.092088078660737,31.961553944891868,aligned
ES.v.0,action_x_surprise,cut|large,432,4.0,15.536743645154708,11.204946425195867,29.39305185235463,aligned
ES.v.0,action_x_surprise,cut|large,493,4.0,10.719504280313014,3.518017445327928,24.687172518129465,aligned
ES.v.0,action_x_surprise,cut|large,562,4.0,17.490040966593924,13.075537407349763,32.00049358632146,aligned
ES.v.0,action_x_surprise,cut|large,600,4.0,14.969325648181448,12.833825983542201,29.81398990683877,aligned
ES.v.0,action_x_surprise,cut|large,641,4.0,17.058041347673612,13.59005879306376,33.814891500633706,aligned
ES.v.0,action_x_surprise,cut|large,732,4.0,20.811120584903037,13.898565095871419,36.76233205475419,aligned
ES.v.0,action_x_surprise,cut|large,835,4.0,18.755712484023036,1.4568959089661826,40.94385553974641,aligned
ES.v.0,action_x_surprise,cut|large,953,4.0,30.855205260456945,4.991857822436295,55.95464075465619,aligned
ES.v.0,action_x_surprise,cut|large,1087,4.0,29.165094299379405,9.045319961820866,51.02452470209707,aligned
ES.v.0,action_x_surprise,cut|large,1200,4.0,30.844988244202906,8.738894984146677,55.200946151497945,aligned
ES.v.0,action_x_surprise,cut|large,1240,4.0,32.111171104789946,5.461711981088737,57.94127579406915,aligned
ES.v.0,action_x_surprise,cut|large,1415,4.0,33.752206533600344,15.446347205690238,52.42875809792187,aligned
ES.v.0,action_x_surprise,cut|large,1615,4.0,35.84193211847446,17.195127583698394,53.86292058568885,aligned
ES.v.0,action_x_surprise,cut|large,1800,4.0,35.004726708171496,20.194246952172715,57.997977816019684,aligned
ES.v.0,action_x_surprise,cut|large,1843,4.0,35.43983410687845,15.860894354986286,64.33720337191613,aligned
ES.v.0,action_x_surprise,cut|large,2103,4.0,27.51076907024107,4.933058901146941,51.355239891984915,aligned
ES.v.0,action_x_surprise,cut|large,2399,4.0,54.99900171215613,28.99650456819616,66.25357921983576,aligned
ES.v.0,action_x_surprise,cut|medium,1,3.0,0.36047727194681095,0.2845063119546909,0.3866156868746474,aligned
ES.v.0,action_x_surprise,cut|medium,2,3.0,1.0427202495288563,0.9719688975212621,3.617910666543336,aligned
ES.v.0,action_x_surprise,cut|medium,3,3.0,1.0427202495288563,0.5213601247644282,3.617910666543336,aligned
ES.v.0,action_x_surprise,cut|medium,4,3.0,0.41707505271624157,0.29865603219567616,2.4791537280388347,aligned
ES.v.0,action_x_surprise,cut|medium,5,3.0,0.0,-0.6307840654290465,1.4448182725563592,aligned
ES.v.0,action_x_surprise,cut|medium,6,3.0,0.0,-1.7119430720915565,0.4127626204515236,aligned
ES.v.0,action_x_surprise,cut|medium,7,3.0,0.8341675013179845,-0.6642116454350669,2.0683387194317904,aligned
ES.v.0,action_x_surprise,cut|medium,8,3.0,1.0427202495288563,-0.8302225868110105,2.1726150935372264,aligned
ES.v.0,action_x_surprise,cut|medium,9,3.0,1.4598387946799063,-1.0721097069152514,2.794073329970995,aligned
ES.v.0,action_x_surprise,cut|medium,11,3.0,1.4598387946799063,1.3490761066940777,1.5410444295360408,aligned
ES.v.0,action_x_surprise,cut|medium,12,3.0,0.5407207809322084,0.4767374413673462,0.5831699416861915,aligned
ES.v.0,action_x_surprise,cut|medium,14,3.0,-2.0635149987586066,-2.1785584510391853,-2.022953876648742,aligned
ES.v.0,action_x_surprise,cut|medium,16,3.0,-1.6681262810275792,-2.6910733754162095,-0.5637027500476853,aligned
ES.v.0,action_x_surprise,cut|medium,18,3.0,-2.3427855827603734,-3.4409783215080343,0.7057581327437261,aligned
ES.v.0,action_x_surprise,cut|medium,21,3.0,-1.2381600956819538,-3.5920798921870976,4.1794849237524465,aligned
ES.v.0,action_x_surprise,cut|medium,24,3.0,-7.747119990387015,-8.771689718365213,-5.3179608883862866,aligned
ES.v.0,action_x_surprise,cut|medium,27,3.0,-6.0456342981926845,-6.446117344080761,-4.879827383998762,aligned
ES.v.0,action_x_surprise,cut|medium,30,3.0,-5.003544281514487,-5.474771985103364,-3.533529640136547,aligned
ES.v.0,action_x_surprise,cut|medium,31,3.0,-5.765869815049701,-6.322548972565427,-3.5020149553658273,aligned
ES.v.0,action_x_surprise,cut|medium,35,3.0,-4.685022429646608,-5.156916876247689,0.7540393269556036,aligned
ES.v.0,action_x_surprise,cut|medium,40,3.0,-0.8340979235798673,-2.3992452612216235,1.4406512267731286,aligned
ES.v.0,action_x_surprise,cut|medium,46,3.0,0.2085353519625708,-2.8687321683648346,1.9619678645443477,aligned
ES.v.0,action_x_surprise,cut|medium,52,3.0,0.2085353519625708,-4.219511576293625,4.853096311196638,aligned
ES.v.0,action_x_surprise,cut|medium,60,3.0,2.5027112836066743,-1.5415127065313414,4.760924521831299,aligned
ES.v.0,action_x_surprise,cut|medium,68,3.0,0.41707505271624157,-2.854525632501032,1.65335579891448,aligned
ES.v.0,action_x_surprise,cut|medium,78,3.0,-3.604058208510409,-3.6590393391576246,-0.6549650617676162,aligned
ES.v.0,action_x_surprise,cut|medium,89,3.0,-2.0635149987586066,-2.293246062567855,1.0540092587161425,aligned
ES.v.0,action_x_surprise,cut|medium,101,3.0,-1.802191469700065,-2.345496628042812,-1.0053612365270088,aligned
ES.v.0,action_x_surprise,cut|medium,115,3.0,-5.945999688692241,-6.4801070374203364,-3.2857898268279473,aligned
ES.v.0,action_x_surprise,cut|medium,132,3.0,-6.189268007195198,-6.517934198582018,-3.824446860025851,aligned
ES.v.0,action_x_surprise,cut|medium,150,3.0,-3.7140204698048396,-5.820617324728241,-1.3356501101379914,aligned
ES.v.0,action_x_surprise,cut|medium,171,3.0,0.41275410180248395,-2.1361341639220623,1.1448644205736396,aligned
ES.v.0,action_x_surprise,cut|medium,196,3.0,3.128486984939938,1.3578749595145743,4.448841621768597,aligned
ES.v.0,action_x_surprise,cut|medium,223,3.0,2.1630585732441774,-0.7754809482803311,3.688873713321417,aligned
ES.v.0,action_x_surprise,cut|medium,255,3.0,2.1630585732441774,0.46244923878111166,2.4371787031335312,aligned
ES.v.0,action_x_surprise,cut|medium,291,3.0,0.0,-3.094634003597599,1.3556494165114428,aligned
ES.v.0,action_x_surprise,cut|medium,300,3.0,1.0814708013428669,-3.3788109578597725,2.1049788931414026,aligned
ES.v.0,action_x_surprise,cut|medium,332,3.0,1.0427202495288563,-2.573273878833171,4.488111743723702,aligned
ES.v.0,action_x_surprise,cut|medium,378,3.0,2.1630585732441774,-0.36287160657069073,2.6457727790920575,aligned
ES.v.0,action_x_surprise,cut|medium,432,3.0,-0.4127370659107895,-0.9361813893836467,0.5146249973770942,aligned
ES.v.0,action_x_surprise,cut|medium,493,3.0,-2.888801786385559,-3.1563439652843357,-2.799682852262568,aligned
ES.v.0,action_x_surprise,cut|medium,562,3.0,-3.5444357942091953,-3.629228132007017,-2.3128948251443555,aligned
ES.v.0,action_x_surprise,cut|medium,600,3.0,-3.5444357942091953,-4.454344681591891,-3.033706460293149,aligned
ES.v.0,action_x_surprise,cut|medium,641,3.0,-2.7105639181395764,-6.9242448514652954,-1.5355140980842141,aligned
ES.v.0,action_x_surprise,cut|medium,732,3.0,-2.5229771263771026,-7.654955724261984,-2.408289514848433,aligned
ES.v.0,action_x_surprise,cut|medium,835,3.0,0.2085353519625708,-5.8769643459353915,2.087250107510798,aligned
ES.v.0,action_x_surprise,cut|medium,953,3.0,-3.1275085479543145,-13.313187669014066,2.9441619316995347,aligned
ES.v.0,action_x_surprise,cut|medium,1087,3.0,-4.79511324612408,-15.382167889993147,-1.4962984642355397,aligned
ES.v.0,action_x_surprise,cut|medium,1200,3.0,-0.20853100335395272,-10.618215816545787,-0.10426550167697636,aligned
ES.v.0,action_x_surprise,cut|medium,1240,3.0,0.6256191024401745,-11.024830069905915,1.7549005932133748,aligned
ES.v.0,action_x_surprise,cut|medium,1415,3.0,4.797413660348277,-7.2914184632650985,7.267431969636924,aligned
ES.v.0,action_x_surprise,cut|medium,1615,3.0,-0.6255799649636534,-8.766923179976457,2.391472000220147,aligned
ES.v.0,action_x_surprise,cut|medium,1800,3.0,0.7209675387484173,-8.093649428120422,1.2989711390466063,aligned
ES.v.0,action_x_surprise,cut|medium,1843,3.0,-1.459625712856504,-10.007974731985925,-0.9100449954426778,aligned
ES.v.0,action_x_surprise,cut|medium,2103,3.0,-6.846600389968837,-7.279676434931371,-5.280310429886838,aligned
ES.v.0,action_x_surprise,cut|medium,2399,3.0,-2.0635149987586066,-3.2208765703022957,32.33274327573884,aligned
ES.v.0,action_x_surprise,cut|small,1,1.0,-1.4607336560752484,-1.4607336560752484,-1.4607336560752484,aligned
ES.v.0,action_x_surprise,cut|small,2,1.0,-1.4607336560752484,-1.4607336560752484,-1.4607336560752484,aligned
ES.v.0,action_x_surprise,cut|small,3,1.0,-0.18258003852909765,-0.18258003852909765,-0.18258003852909765,aligned
ES.v.0,action_x_surprise,cut|small,4,1.0,0.18257670504291343,0.18257670504291343,0.18257670504291343,aligned
ES.v.0,action_x_surprise,cut|small,5,1.0,-0.18258003852909765,-0.18258003852909765,-0.18258003852909765,aligned
ES.v.0,action_x_surprise,cut|small,6,1.0,0.18257670504291343,0.18257670504291343,0.18257670504291343,aligned
ES.v.0,action_x_surprise,cut|small,7,1.0,-1.4607336560752484,-1.4607336560752484,-1.4607336560752484,aligned
ES.v.0,action_x_surprise,cut|small,8,1.0,-0.18258003852909765,-0.18258003852909765,-0.18258003852909765,aligned
ES.v.0,action_x_surprise,cut|small,9,1.0,0.5477201151570655,0.5477201151570655,0.5477201151570655,aligned
ES.v.0,action_x_surprise,cut|small,11,1.0,5.293371544870078,5.293371544870078,5.293371544870078,aligned
ES.v.0,action_x_surprise,cut|small,12,1.0,9.671974840397397,9.671974840397397,9.671974840397397,aligned
ES.v.0,action_x_surprise,cut|small,14,1.0,9.124754264766072,9.124754264766072,9.124754264766072,aligned
ES.v.0,action_x_surprise,cut|small,16,1.0,8.942340751568318,8.942340751568318,8.942340751568318,aligned
ES.v.0,action_x_surprise,cut|small,18,1.0,9.671974840397397,9.671974840397397,9.671974840397397,aligned
ES.v.0,action_x_surprise,cut|small,21,1.0,10.036771922060474,10.036771922060474,10.036771922060474,aligned
ES.v.0,action_x_surprise,cut|small,24,1.0,12.2252749946998,12.2252749946998,12.2252749946998,aligned
ES.v.0,action_x_surprise,cut|small,27,1.0,16.600844800153443,16.600844800153443,16.600844800153443,aligned
ES.v.0,action_x_surprise,cut|small,30,1.0,19.516828053910565,19.516828053910565,19.516828053910565,aligned
ES.v.0,action_x_surprise,cut|small,31,1.0,19.152376644355122,19.152376644355122,19.152376644355122,aligned
ES.v.0,action_x_surprise,cut|small,35,1.0,28.2596795087756,28.2596795087756,28.2596795087756,aligned
ES.v.0,action_x_surprise,cut|small,40,1.0,31.354274005070288,31.354274005070288,31.354274005070288,aligned
ES.v.0,action_x_surprise,cut|small,46,1.0,31.172265541672076,31.172265541672076,31.172265541672076,aligned
ES.v.0,action_x_surprise,cut|small,52,1.0,29.716078564692058,29.716078564692058,29.716078564692058,aligned
ES.v.0,action_x_surprise,cut|small,60,1.0,26.074683141743083,26.074683141743083,26.074683141743083,aligned
ES.v.0,action_x_surprise,cut|small,68,1.0,20.610102594457658,20.610102594457658,20.610102594457658,aligned
ES.v.0,action_x_surprise,cut|small,78,1.0,25.892578559076593,25.892578559076593,25.892578559076593,aligned
ES.v.0,action_x_surprise,cut|small,89,1.0,20.97450088182752,20.97450088182752,20.97450088182752,aligned
ES.v.0,action_x_surprise,cut|small,101,1.0,20.063480264800475,20.063480264800475,20.063480264800475,aligned
ES.v.0,action_x_surprise,cut|small,115,1.0,18.787911951832584,18.787911951832584,18.787911951832584,aligned
ES.v.0,action_x_surprise,cut|small,132,1.0,17.512180910655278,17.512180910655278,17.512180910655278,aligned
ES.v.0,action_x_surprise,cut|small,150,1.0,17.87669210118846,17.87669210118846,17.87669210118846,aligned
ES.v.0,action_x_surprise,cut|small,171,1.0,15.324834699713929,15.324834699713929,15.324834699713929,aligned
ES.v.0,action_x_surprise,cut|small,196,1.0,9.307164450555542,9.307164450555542,9.307164450555542,aligned
ES.v.0,action_x_surprise,cut|small,223,1.0,11.313456920009783,11.313456920009783,11.313456920009783,aligned
ES.v.0,action_x_surprise,cut|small,255,1.0,16.418567611227562,16.418567611227562,16.418567611227562,aligned
ES.v.0,action_x_surprise,cut|small,291,1.0,12.954669597503887,12.954669597503887,12.954669597503887,aligned
ES.v.0,action_x_surprise,cut|small,300,1.0,15.142534250338633,15.142534250338633,15.142534250338633,aligned
ES.v.0,action_x_surprise,cut|small,332,1.0,20.063480264800475,20.063480264800475,20.063480264800475,aligned
ES.v.0,action_x_surprise,cut|small,378,1.0,22.24979032871361,22.24979032871361,22.24979032871361,aligned
ES.v.0,action_x_surprise,cut|small,432,1.0,37.540591524054456,37.540591524054456,37.540591524054456,aligned
ES.v.0,action_x_surprise,cut|small,493,1.0,34.62986000029206,34.62986000029206,34.62986000029206,aligned
ES.v.0,action_x_surprise,cut|small,562,1.0,32.81022246706606,32.81022246706606,32.81022246706606,aligned
ES.v.0,action_x_surprise,cut|small,600,1.0,35.72148360955603,35.72148360955603,35.72148360955603,aligned
ES.v.0,action_x_surprise,cut|small,641,1.0,34.99374777734106,34.99374777734106,34.99374777734106,aligned
ES.v.0,action_x_surprise,cut|small,732,1.0,29.16995377504079,29.16995377504079,29.16995377504079,aligned
ES.v.0,action_x_surprise,cut|small,835,1.0,26.620976993342776,26.620976993342776,26.620976993342776,aligned
ES.v.0,action_x_surprise,cut|small,953,1.0,35.72148360955603,35.72148360955603,35.72148360955603,aligned
ES.v.0,action_x_surprise,cut|small,1087,1.0,33.53811721380788,33.53811721380788,33.53811721380788,aligned
ES.v.0,action_x_surprise,cut|small,1200,1.0,32.082274733393305,32.082274733393305,32.082274733393305,aligned
ES.v.0,action_x_surprise,cut|small,1240,1.0,30.26217353074126,30.26217353074126,30.26217353074126,aligned
ES.v.0,action_x_surprise,cut|small,1415,1.0,24.435622501937,24.435622501937,24.435622501937,aligned
ES.v.0,action_x_surprise,cut|small,1615,1.0,14.595612961290001,14.595612961290001,14.595612961290001,aligned
ES.v.0,action_x_surprise,cut|small,1800,1.0,19.6990487778804,19.6990487778804,19.6990487778804,aligned
ES.v.0,action_x_surprise,cut|small,1843,1.0,26.985156315280406,26.985156315280406,26.985156315280406,aligned
ES.v.0,action_x_surprise,cut|small,2103,1.0,44.450185223931335,44.450185223931335,44.450185223931335,aligned
ES.v.0,action_x_surprise,cut|small,2399,1.0,46.267706130423605,46.267706130423605,46.267706130423605,aligned
ES.v.0,action_x_surprise,hike|large,1,11.0,1.859024017746577,-0.4711865944047986,3.6775758272329515,aligned
ES.v.0,action_x_surprise,hike|large,2,11.0,5.2712035377925535,2.292655193733375,15.089095346792124,aligned
ES.v.0,action_x_surprise,hike|large,3,11.0,6.325110900310939,2.0357955425020133,19.836138474145702,aligned
ES.v.0,action_x_surprise,hike|large,4,11.0,11.02779114847251,2.958506467504935,24.172829528052663,aligned
ES.v.0,action_x_surprise,hike|large,5,11.0,6.720225074979392,4.2840294803087815,27.476121858100832,aligned
ES.v.0,action_x_surprise,hike|large,6,11.0,12.833442040029485,1.7865016243633305,31.181057443450065,aligned
ES.v.0,action_x_surprise,hike|large,7,11.0,20.17423884609367,1.255604019502351,36.81604190533436,aligned
ES.v.0,action_x_surprise,hike|large,8,11.0,20.623654790833225,1.8775518616470719,33.75219665976136,aligned
ES.v.0,action_x_surprise,hike|large,9,11.0,18.33853438935454,2.4947997877956976,30.93103492214515,aligned
ES.v.0,action_x_surprise,hike|large,11,11.0,13.786640174165163,5.966606189478281,41.748845696668866,aligned
ES.v.0,action_x_surprise,hike|large,12,11.0,15.68172239472569,6.710429483694585,31.64122983890369,aligned
ES.v.0,action_x_surprise,hike|large,14,11.0,14.338501326039282,2.6919775462291113,23.918029111156606,aligned
ES.v.0,action_x_surprise,hike|large,16,11.0,15.44231500341115,4.417659460857666,23.9675916436026,aligned
ES.v.0,action_x_surprise,hike|large,18,11.0,16.5031668518543,4.1155601927464645,33.321354885470186,aligned
ES.v.0,action_x_surprise,hike|large,21,11.0,15.100479115187925,4.727586379220377,33.696681379492404,aligned
ES.v.0,action_x_surprise,hike|large,24,11.0,14.243693382000812,9.038264701530458,38.29128082233214,aligned
ES.v.0,action_x_surprise,hike|large,27,11.0,21.976330132346597,8.934489763954224,45.97046367381232,aligned
ES.v.0,action_x_surprise,hike|large,30,11.0,25.99493943850127,7.326281853449973,49.359417397568706,aligned
ES.v.0,action_x_surprise,hike|large,31,11.0,18.58844566607076,6.837913167261834,50.13706334048939,aligned
ES.v.0,action_x_surprise,hike|large,35,11.0,21.49601408710103,8.510764394046287,65.87734804277046,aligned
ES.v.0,action_x_surprise,hike|large,40,11.0,27.543317100043524,13.353386013122915,64.10632238201771,aligned
ES.v.0,action_x_surprise,hike|large,46,11.0,44.82995342072214,13.034666662436376,62.25123022329582,aligned
ES.v.0,action_x_surprise,hike|large,52,11.0,49.764417668881606,11.799712375276313,64.22270057622818,aligned
ES.v.0,action_x_surprise,hike|large,60,11.0,45.44689462642139,11.188137943040456,59.44926506068227,aligned
ES.v.0,action_x_surprise,hike|large,68,11.0,35.48489498944353,12.207103282985402,70.92703539517555,aligned
ES.v.0,action_x_surprise,hike|large,78,11.0,31.970265844826,22.48987627833377,69.617591895912,aligned
ES.v.0,action_x_surprise,hike|large,89,11.0,34.95371423024307,27.27385364458167,70.26986628205516,aligned
ES.v.0,action_x_surprise,hike|large,101,11.0,50.33623238725491,25.43505028648571,74.7841594165343,aligned
ES.v.0,action_x_surprise,hike|large,115,11.0,39.776082794756974,24.74867469295394,83.9840418952389,aligned
ES.v.0,action_x_surprise,hike|large,132,11.0,31.096992378684853,15.821620144039295,95.27286357023755,aligned
ES.v.0,action_x_surprise,hike|large,150,11.0,26.61304371288957,14.762848833675207,94.54404308821168,aligned
ES.v.0,action_x_surprise,hike|large,171,11.0,21.594299071647782,15.595222378175116,97.87292257644364,aligned
ES.v.0,action_x_surprise,hike|large,196,11.0,36.337777451761355,12.493809893987404,103.71165770364135,aligned
ES.v.0,action_x_surprise,hike|large,223,11.0,33.71849822027438,16.512507270107555,97.18700773735455,aligned
ES.v.0,action_x_surprise,hike|large,255,11.0,45.02573407134052,18.865970689135274,95.796595393892,aligned
ES.v.0,action_x_surprise,hike|large,291,11.0,54.9939554324708,15.605185408972115,85.86615593478034,aligned
ES.v.0,action_x_surprise,hike|large,300,11.0,52.07663234742415,16.136941490103275,95.82141131221432,aligned
ES.v.0,action_x_surprise,hike|large,332,11.0,62.295174781863565,15.073597623199987,97.25528545497745,aligned
ES.v.0,action_x_surprise,hike|large,378,11.0,75.63048289866602,23.316573032279017,103.68098915060622,aligned
ES.v.0,action_x_surprise,hike|large,432,11.0,56.54533273575871,23.369180810110308,113.47266746776475,aligned
ES.v.0,action_x_surprise,hike|large,493,11.0,53.82692406717815,22.292288383451652,114.1699367715362,aligned
ES.v.0,action_x_surprise,hike|large,562,11.0,73.97732878273024,16.356703228123955,110.28633833527078,aligned
ES.v.0,action_x_surprise,hike|large,600,11.0,66.28466916637066,14.228435601958688,102.55750007171432,aligned
ES.v.0,action_x_surprise,hike|large,641,11.0,81.11602639499766,15.279905034359995,103.05184184772968,aligned
ES.v.0,action_x_surprise,hike|large,732,11.0,71.60647205265738,21.139347415205634,105.28706878766735,aligned
ES.v.0,action_x_surprise,hike|large,835,11.0,58.30727136920353,21.216610120716542,95.40062869976252,aligned
ES.v.0,action_x_surprise,hike|large,953,11.0,47.01684046937043,28.99104719291409,101.80216924188291,aligned
ES.v.0,action_x_surprise,hike|large,1087,11.0,32.567025720590145,21.766514377736453,95.35010407172429,aligned
ES.v.0,action_x_surprise,hike|large,1200,11.0,38.65844706876368,25.788685195004263,94.16064297242347,aligned
ES.v.0,action_x_surprise,hike|large,1240,11.0,34.21326073354539,23.989671690109265,100.32740250126699,aligned
ES.v.0,action_x_surprise,hike|large,1415,11.0,71.60647205265738,28.682004606747114,106.93559291627443,aligned
ES.v.0,action_x_surprise,hike|large,1615,11.0,68.28001336986512,29.8568170124188,104.85293357696176,aligned
ES.v.0,action_x_surprise,hike|large,1800,11.0,89.25520043111588,32.17241727096358,115.66343707034241,aligned
ES.v.0,action_x_surprise,hike|large,1843,11.0,84.25711625929424,30.44365691172772,119.72345372906386,aligned
ES.v.0,action_x_surprise,hike|large,2103,11.0,63.95753695280989,30.13843218563016,110.09137787334475,aligned
ES.v.0,action_x_surprise,hike|large,2399,11.0,32.11120596727882,23.832179828746874,76.98847823355726,aligned
ES.v.0,action_x_surprise,hike|medium,1,6.0,0.29852528517985394,-0.23015665998524434,1.0529859838447118,aligned
ES.v.0,action_x_surprise,hike|medium,2,6.0,2.239322050065888,0.9917534744108369,4.399974971135948,aligned
ES.v.0,action_x_surprise,hike|medium,3,6.0,7.337870376344576,3.4511660957470367,9.38966170553969,aligned
ES.v.0,action_x_surprise,hike|medium,4,6.0,7.083722361632107,5.685316984647292,9.836734054373213,aligned
ES.v.0,action_x_surprise,hike|medium,5,6.0,7.942855935446001,5.081849694364756,9.554585705149366,aligned
ES.v.0,action_x_surprise,hike|medium,6,6.0,9.733568488991683,5.394434538242364,15.664652390064045,aligned
ES.v.0,action_x_surprise,hike|medium,7,6.0,8.833172237962438,4.349725772843864,18.345871687651176,aligned
ES.v.0,action_x_surprise,hike|medium,8,6.0,12.30021288095704,6.28790411080847,16.781579263585037,aligned
ES.v.0,action_x_surprise,hike|medium,9,6.0,11.395535697462638,6.040229120334798,14.422397842458766,aligned
ES.v.0,action_x_surprise,hike|medium,11,6.0,7.7125733852478024,3.531149548942391,15.103728316035037,aligned
ES.v.0,action_x_surprise,hike|medium,12,6.0,3.1480102568907387,1.1623249970774205,7.539759694839514,aligned
ES.v.0,action_x_surprise,hike|medium,14,6.0,-3.8892955564340745,-9.944644730395746,3.8535594688892147,aligned
ES.v.0,action_x_surprise,hike|medium,16,6.0,-2.1332296823694605,-6.057353505021055,6.33412256793463,aligned
ES.v.0,action_x_surprise,hike|medium,18,6.0,-2.798753279965502,-6.485925377550723,6.205868111064323,aligned
ES.v.0,action_x_surprise,hike|medium,21,6.0,-1.844333632384949,-12.837713873023866,6.3098159154754505,aligned
ES.v.0,action_x_surprise,hike|medium,24,6.0,-3.1036512980314557,-17.20910119827571,5.790220134218654,aligned
ES.v.0,action_x_surprise,hike|medium,27,6.0,-5.797172385251896,-15.026234938523736,4.861601404951214,aligned
ES.v.0,action_x_surprise,hike|medium,30,6.0,-3.512565630706927,-10.982267322960393,4.446073887509874,aligned
ES.v.0,action_x_surprise,hike|medium,31,6.0,-4.346305149091661,-9.885497975855184,1.8867714875344195,aligned
ES.v.0,action_x_surprise,hike|medium,35,6.0,-0.5130836330826753,-5.573515454357929,6.042882408646314,aligned
ES.v.0,action_x_surprise,hike|medium,40,6.0,-0.06533580436024067,-2.7109980400395064,17.891199782732333,aligned
ES.v.0,action_x_surprise,hike|medium,46,6.0,-0.3822390990752509,-4.742459098007583,7.641652364450734,aligned
ES.v.0,action_x_surprise,hike|medium,52,6.0,3.2002248936891604,-4.03820325902146,12.083082547202997,aligned
ES.v.0,action_x_surprise,hike|medium,60,6.0,3.90480131972226,-5.954174479376345,13.424894834395335,aligned
ES.v.0,action_x_surprise,hike|medium,68,6.0,5.232397742582599,0.37655706416925794,16.984378386365574,aligned
ES.v.0,action_x_surprise,hike|medium,78,6.0,2.407477135523572,-0.5096250887319687,8.754009055794116,aligned
ES.v.0,action_x_surprise,hike|medium,89,6.0,-0.8826442063336415,-4.636144001214459,4.543795529397491,aligned
ES.v.0,action_x_surprise,hike|medium,101,6.0,3.2276932299570147,-3.7294395560939897,3.530911083001589,aligned
ES.v.0,action_x_surprise,hike|medium,115,6.0,5.187938340134815,-2.813179196775852,7.784439683834736,aligned
ES.v.0,action_x_surprise,hike|medium,132,6.0,3.5930604153758705,-7.0001661034991844,9.18767934555624,aligned
ES.v.0,action_x_surprise,hike|medium,150,6.0,8.007040719201036,0.41030291644463257,15.662234393349118,aligned
ES.v.0,action_x_surprise,hike|medium,171,6.0,-0.4491523239974561,-0.9188970044809168,5.299354108111192,aligned
ES.v.0,action_x_surprise,hike|medium,196,6.0,3.1580837387324294,-2.0101230860732597,7.999450916754478,aligned
ES.v.0,action_x_surprise,hike|medium,223,6.0,12.166375338644345,-1.6462096903011294,16.147982692629355,aligned
ES.v.0,action_x_surprise,hike|medium,255,6.0,10.499036524322793,-1.733064178607254,12.085747704382827,aligned
ES.v.0,action_x_surprise,hike|medium,291,6.0,9.561748554247501,-3.772030851196672,19.680920649835503,aligned
ES.v.0,action_x_surprise,hike|medium,300,6.0,11.068135646865981,-3.0188373048874313,20.138822180204784,aligned
ES.v.0,action_x_surprise,hike|medium,332,6.0,15.644393515631926,-1.4793479793507327,18.714577926082555,aligned
ES.v.0,action_x_surprise,hike|medium,378,6.0,7.911306260194156,0.4514890126889928,16.164792998176985,aligned
ES.v.0,action_x_surprise,hike|medium,432,6.0,-1.4787785002581115,-8.287918793667007,4.742244659213757,aligned
ES.v.0,action_x_surprise,hike|medium,493,6.0,-11.755588899339369,-16.95303598312681,-6.3272000419489896,aligned
ES.v.0,action_x_surprise,hike|medium,562,6.0,-8.29678994276567,-17.997373670249292,6.9754853141358275,aligned
ES.v.0,action_x_surprise,hike|medium,600,6.0,-8.199552709386971,-9.46451582924332,4.762615552816647,aligned
ES.v.0,action_x_surprise,hike|medium,641,6.0,-13.549212315216673,-14.203078790271194,5.476847667078307,aligned
ES.v.0,action_x_surprise,hike|medium,732,6.0,-6.362667355769613,-12.068373569482256,8.181881258434483,aligned
ES.v.0,action_x_surprise,hike|medium,835,6.0,-2.993447504815511,-10.586659618172641,6.400763241377438,aligned
ES.v.0,action_x_surprise,hike|medium,953,6.0,-5.765117354181017,-9.729500300180156,-2.350800351554037,aligned
ES.v.0,action_x_surprise,hike|medium,1087,6.0,1.5260511396613199,-6.930659214709909,5.156510078501377,aligned
ES.v.0,action_x_surprise,hike|medium,1200,6.0,-6.365929616711295,-9.597756906073865,2.6987761705555915,aligned
ES.v.0,action_x_surprise,hike|medium,1240,6.0,-5.77531241823764,-9.840001098857332,-1.4303997981127594,aligned
ES.v.0,action_x_surprise,hike|medium,1415,6.0,-7.4813634587788265,-20.253749808370287,1.315352780598019,aligned
ES.v.0,action_x_surprise,hike|medium,1615,6.0,-1.7932564052527415,-6.336734582961201,3.5042949610567717,aligned
ES.v.0,action_x_surprise,hike|medium,1800,6.0,0.1538735774787945,-4.460976882705981,13.889093958784972,aligned
ES.v.0,action_x_surprise,hike|medium,1843,6.0,-2.7663712853391966,-8.221111928266724,6.524722783547446,aligned
ES.v.0,action_x_surprise,hike|medium,2103,6.0,4.096611471629029,-9.7692877404066,20.652158903921197,aligned
ES.v.0,action_x_surprise,hike|medium,2399,6.0,-20.668998257988385,-42.7821462642547,-1.3204937776586445,aligned
ES.v.0,action_x_surprise,hike|small,1,4.0,0.0,-0.2357415645555556,0.0,aligned
ES.v.0,action_x_surprise,hike|small,2,4.0,-0.7857805174034797,-2.583099444658664,0.0,aligned
ES.v.0,action_x_surprise,hike|small,3,4.0,-1.2571895593778022,-3.4072131246413506,0.11443480651077385,aligned
ES.v.0,action_x_surprise,hike|small,4,4.0,-2.028779505742399,-4.041114461725675,-0.5618927624335194,aligned
ES.v.0,action_x_surprise,hike|small,5,4.0,-2.257565339363603,-4.150298453469228,-0.5618927624335194,aligned
ES.v.0,action_x_surprise,hike|small,6,4.0,-2.4863407048722634,-4.610461618753421,-0.2475262106204562,aligned
ES.v.0,action_x_surprise,hike|small,7,4.0,-3.401337504937388,-6.099951460518159,0.06687987669595219,aligned
ES.v.0,action_x_surprise,hike|small,8,4.0,-4.557693928347998,-9.488372576705984,-1.1353048095547553,aligned
ES.v.0,action_x_surprise,hike|small,9,4.0,-5.218548382805569,-10.296190551290467,-1.5397810584203722,aligned
ES.v.0,action_x_surprise,hike|small,11,4.0,-6.072191306045156,-11.323798978446348,-4.077790741425493,aligned
ES.v.0,action_x_surprise,hike|small,12,4.0,-9.713629673014085,-15.467396155182229,-7.0045658989812445,aligned
ES.v.0,action_x_surprise,hike|small,14,4.0,-11.908023856898827,-17.942997528776424,-7.599724810785302,aligned
ES.v.0,action_x_surprise,hike|small,16,4.0,-8.454442984293895,-13.675576428581198,-7.493026276807241,aligned
ES.v.0,action_x_surprise,hike|small,18,4.0,-8.620711030132984,-16.943351182686587,-5.280567442635077,aligned
ES.v.0,action_x_surprise,hike|small,21,4.0,-9.251458064047785,-19.38978834786464,-4.578517456163399,aligned
ES.v.0,action_x_surprise,hike|small,24,4.0,-8.620711030132984,-19.45133132918183,-5.280567442635077,aligned
ES.v.0,action_x_surprise,hike|small,27,4.0,-7.67870707092949,-17.582516099720955,-4.853709542592634,aligned
ES.v.0,action_x_surprise,hike|small,30,4.0,-7.047467614484274,-15.135806354603957,-4.70175930713123,aligned
ES.v.0,action_x_surprise,hike|small,31,4.0,-8.300601544349885,-16.65556254517444,-5.403677885088635,aligned
ES.v.0,action_x_surprise,hike|small,35,4.0,-4.598727078420905,-13.614636498748393,-0.023237842099814943,aligned
ES.v.0,action_x_surprise,hike|small,40,4.0,-8.095415971753212,-14.105576375772838,-5.43661213358812,aligned
ES.v.0,action_x_surprise,hike|small,46,4.0,-9.334115289558454,-16.135804015595838,-6.083277955542326,aligned
ES.v.0,action_x_surprise,hike|small,52,4.0,-10.696336177752872,-15.40670114409151,-9.293741227843489,aligned
ES.v.0,action_x_surprise,hike|small,60,4.0,-10.269787806908958,-12.752503296947081,-6.73894256503989,aligned
ES.v.0,action_x_surprise,hike|small,68,4.0,-5.733751452333063,-7.757973184348311,-3.8040711098314572,aligned
ES.v.0,action_x_surprise,hike|small,78,4.0,-6.388275841644521,-10.679979786081207,-3.033045693584085,aligned
ES.v.0,action_x_surprise,hike|small,89,4.0,-7.822934046948974,-10.679979786081207,-5.994255158923881,aligned
ES.v.0,action_x_surprise,hike|small,101,4.0,-7.241918764884108,-12.96423230919956,-4.784882086627393,aligned
ES.v.0,action_x_surprise,hike|small,115,4.0,-9.843203044257915,-12.752503296947081,-7.985086948289917,aligned
ES.v.0,action_x_surprise,hike|small,132,4.0,-13.254862522438001,-17.189696024895262,-9.60786090785485,aligned
ES.v.0,action_x_surprise,hike|small,150,4.0,-13.942499645044217,-15.147682896419672,-11.946425571403006,aligned
ES.v.0,action_x_surprise,hike|small,171,4.0,-12.95564706895373,-14.733047697183004,-11.962565156950587,aligned
ES.v.0,action_x_surprise,hike|small,196,4.0,-16.901744161274696,-16.986246948032772,-13.548053875091908,aligned
ES.v.0,action_x_surprise,hike|small,223,4.0,-18.741995766106697,-20.35674857155981,-9.453608881757766,aligned
ES.v.0,action_x_surprise,hike|small,255,4.0,-17.33960233881271,-21.45392727255591,-9.641809706648077,aligned
ES.v.0,action_x_surprise,hike|small,291,4.0,-12.199614368922937,-15.709697209074662,-6.3825603028951345,aligned
ES.v.0,action_x_surprise,hike|small,300,4.0,-15.652869984308154,-16.515525803084163,-10.08558997697266,aligned
ES.v.0,action_x_surprise,hike|small,332,4.0,-11.12674119149135,-13.880569107447196,-7.255680690425766,aligned
ES.v.0,action_x_surprise,hike|small,378,4.0,-8.351442080065645,-11.562633204625355,-3.3896961917538246,aligned
ES.v.0,action_x_surprise,hike|small,432,4.0,-10.659058093217492,-12.539494699577439,-4.740115419375524,aligned
ES.v.0,action_x_surprise,hike|small,493,4.0,-9.801973435310167,-11.798299503177338,-3.5607296480268227,aligned
ES.v.0,action_x_surprise,hike|small,562,4.0,-9.92542177219056,-14.840868692225127,-4.504672034334588,aligned
ES.v.0,action_x_surprise,hike|small,600,4.0,-10.352079337088071,-14.384143411210951,-2.706132631019969,aligned
ES.v.0,action_x_surprise,hike|small,641,4.0,-8.989924318692028,-11.83871884852272,-3.403696867122573,aligned
ES.v.0,action_x_surprise,hike|small,732,4.0,-11.205285260407491,-14.384143411210951,-7.2105813540126,aligned
ES.v.0,action_x_surprise,hike|small,835,4.0,-11.76487619468147,-17.00696780382804,-7.297478268105588,aligned
ES.v.0,action_x_surprise,hike|small,953,4.0,-15.062494499703273,-24.677324172733485,-8.470568076063554,aligned
ES.v.0,action_x_surprise,hike|small,1087,4.0,-19.219670864796797,-29.560628602427595,-10.235981887258857,aligned
ES.v.0,action_x_surprise,hike|small,1200,4.0,-19.345277097379196,-26.73173346383265,-11.084352902062118,aligned
ES.v.0,action_x_surprise,hike|small,1240,4.0,-16.622384570038946,-24.769268158119345,-9.063184391026015,aligned
ES.v.0,action_x_surprise,hike|small,1415,4.0,-10.159630243455833,-14.465298187584633,-6.947636531517558,aligned
ES.v.0,action_x_surprise,hike|small,1615,4.0,-9.076035285454868,-11.988945180761782,-6.120356300158256,aligned
ES.v.0,action_x_surprise,hike|small,1800,4.0,-10.636258411481577,-14.51995530019071,-6.12706626170937,aligned
ES.v.0,action_x_surprise,hike|small,1843,4.0,-12.840664575306091,-15.316313809439393,-6.821642278868665,aligned
ES.v.0,action_x_surprise,hike|small,2103,4.0,-8.421842631191097,-17.32539789146436,2.6732924927462927,aligned
ES.v.0,action_x_surprise,hike|small,2399,4.0,-14.740581399493095,-25.022879887747692,-4.234805643417152,aligned
ES.v.0,action_x_surprise,hold|large,1,16.0,0.5130629779971236,0.0,12.552479805345438,aligned
ES.v.0,action_x_surprise,hold|large,2,16.0,14.799029897146681,3.955998473580411,18.51809835490556,aligned
ES.v.0,action_x_surprise,hold|large,3,16.0,16.50440726689974,3.6353554774440777,18.345384691438426,aligned
ES.v.0,action_x_surprise,hold|large,4,16.0,16.659040608043174,3.2628598603410173,18.90218146715986,aligned
ES.v.0,action_x_surprise,hold|large,5,16.0,16.337025281851574,7.068922956224121,20.047212200670078,aligned
ES.v.0,action_x_surprise,hold|large,6,16.0,14.832406089612011,7.853095619070137,23.419096708248617,aligned
ES.v.0,action_x_surprise,hold|large,7,16.0,15.713991551419195,8.539822719184809,24.485142891484884,aligned
ES.v.0,action_x_surprise,hold|large,8,16.0,15.575596105003928,12.416336360785065,19.846906749830715,aligned
ES.v.0,action_x_surprise,hold|large,9,16.0,16.507848007385437,12.411383675310482,22.04777781695027,aligned
ES.v.0,action_x_surprise,hold|large,11,16.0,18.05041620198984,13.575393277748606,21.415195622965612,aligned
ES.v.0,action_x_surprise,hold|large,12,16.0,17.981932413413304,12.89702595300636,21.158640066524107,aligned
ES.v.0,action_x_surprise,hold|large,14,16.0,19.56605620378049,7.74834809731199,22.73347903697518,aligned
ES.v.0,action_x_surprise,hold|large,16,16.0,11.872309979895237,6.064181167401802,21.762940206138254,aligned
ES.v.0,action_x_surprise,hold|large,18,16.0,15.083390841179057,11.321977068289026,25.830193650320975,aligned
ES.v.0,action_x_surprise,hold|large,21,16.0,16.898814347111934,11.773512606686142,23.32850542884681,aligned
ES.v.0,action_x_surprise,hold|large,24,16.0,18.634682910997697,10.65807370582736,24.573205428597582,aligned
ES.v.0,action_x_surprise,hold|large,27,16.0,18.114667418087237,10.837717488832812,25.442373324974945,aligned
ES.v.0,action_x_surprise,hold|large,30,16.0,17.132571672580113,11.491311379404465,26.589229158612678,aligned
ES.v.0,action_x_surprise,hold|large,31,16.0,19.077089293756224,14.076785263222366,26.52893643642168,aligned
ES.v.0,action_x_surprise,hold|large,35,16.0,22.93487143033967,14.301650183413233,30.017508329405274,aligned
ES.v.0,action_x_surprise,hold|large,40,16.0,25.134855891304326,17.561239880746335,28.54416121638973,aligned
ES.v.0,action_x_surprise,hold|large,46,16.0,21.43176989730561,14.643929290214341,33.09291835001711,aligned
ES.v.0,action_x_surprise,hold|large,52,16.0,22.98934924801378,14.058269401124035,36.35635904050742,aligned
ES.v.0,action_x_surprise,hold|large,60,16.0,27.955364083127968,16.14886552636557,33.737075245018005,aligned
ES.v.0,action_x_surprise,hold|large,68,16.0,29.225511591272802,14.136385648037674,35.31232536177746,aligned
ES.v.0,action_x_surprise,hold|large,78,16.0,32.920129560736896,23.678761048307166,40.55791296380554,aligned
ES.v.0,action_x_surprise,hold|large,89,16.0,31.764242857925606,20.34773163508605,38.032461523158204,aligned
ES.v.0,action_x_surprise,hold|large,101,16.0,34.26730898311331,16.872654845491866,39.672875956281906,aligned
ES.v.0,action_x_surprise,hold|large,115,16.0,30.2506376899596,23.37481583850152,41.86895001242647,aligned
ES.v.0,action_x_surprise,hold|large,132,16.0,29.8223036308609,19.91655420243965,42.399805630025,aligned
ES.v.0,action_x_surprise,hold|large,150,16.0,35.331263851908304,21.556658014559872,42.04452027539143,aligned
ES.v.0,action_x_surprise,hold|large,171,16.0,33.58563601088365,16.99316165571562,43.78922945462282,aligned
ES.v.0,action_x_surprise,hold|large,196,16.0,37.18782765452714,15.196685922389793,46.91051368516627,aligned
ES.v.0,action_x_surprise,hold|large,223,16.0,33.005227028214534,14.926742879800948,45.417217443813016,aligned
ES.v.0,action_x_surprise,hold|large,255,16.0,32.896762310470216,17.26991616865462,49.37367044689465,aligned
ES.v.0,action_x_surprise,hold|large,291,16.0,36.240948798620074,21.998370944587556,54.51280429241579,aligned
ES.v.0,action_x_surprise,hold|large,300,16.0,36.33160192748454,17.197891179931005,54.64868328331129,aligned
ES.v.0,action_x_surprise,hold|large,332,16.0,37.2727515207475,11.644706735302083,50.697846658842394,aligned
ES.v.0,action_x_surprise,hold|large,378,16.0,35.770145686046234,9.310843696795379,57.161580527036385,aligned
ES.v.0,action_x_surprise,hold|large,432,16.0,32.38724429943242,18.694950583665175,59.85915208062646,aligned
ES.v.0,action_x_surprise,hold|large,493,16.0,28.817626719983945,17.77777849960043,58.577120216915084,aligned
ES.v.0,action_x_surprise,hold|large,562,16.0,32.73779332522106,17.488327671811238,55.885831975827514,aligned
ES.v.0,action_x_surprise,hold|large,600,16.0,31.307635289211067,15.567221103930917,56.60036120983929,aligned
ES.v.0,action_x_surprise,hold|large,641,16.0,30.464353998588045,16.848013490597232,53.718775271330955,aligned
ES.v.0,action_x_surprise,hold|large,732,16.0,30.246348344843536,11.395406017084674,53.875434229281524,aligned
ES.v.0,action_x_surprise,hold|large,835,16.0,22.359968773323885,13.559979780932279,54.97403458348241,aligned
ES.v.0,action_x_surprise,hold|large,953,16.0,29.37580921257377,15.957769575073787,55.80833077629854,aligned
ES.v.0,action_x_surprise,hold|large,1087,16.0,26.326744123424277,15.215497801456886,59.390363036054154,aligned
ES.v.0,action_x_surprise,hold|large,1200,16.0,26.31020519256634,14.97177586611041,61.25874238807445,aligned
ES.v.0,action_x_surprise,hold|large,1240,16.0,26.31020519256634,15.87746637237885,63.58497947893728,aligned
ES.v.0,action_x_surprise,hold|large,1415,16.0,35.207029998821845,11.067636997823634,58.86184778225704,aligned
ES.v.0,action_x_surprise,hold|large,1615,16.0,27.344284944283984,10.352738288274121,59.88681302653218,aligned
ES.v.0,action_x_surprise,hold|large,1800,16.0,25.606141604077017,11.695484958166054,64.16526662454542,aligned
ES.v.0,action_x_surprise,hold|large,1843,16.0,28.88611982057821,13.254430933234435,66.8728255572309,aligned
ES.v.0,action_x_surprise,hold|large,2103,16.0,28.039757049732742,16.733593519936406,65.107723469994,aligned
ES.v.0,action_x_surprise,hold|large,2399,16.0,35.22543236029188,8.134939798540898,55.20994031507845,aligned
ES.v.0,action_x_surprise,hold|medium,1,21.0,0.0,-0.5250584128700428,0.8902341321648177,aligned
ES.v.0,action_x_surprise,hold|medium,2,21.0,0.0,-0.6983849850076582,2.5419420574089155,aligned
ES.v.0,action_x_surprise,hold|medium,3,21.0,0.0,-0.8836264033313824,1.694699830349446,aligned
ES.v.0,action_x_surprise,hold|medium,4,21.0,0.0,-0.6566634930296322,2.5419420574089155,aligned
ES.v.0,action_x_surprise,hold|medium,5,21.0,0.0,-0.7606298018427056,4.3286920811546645,aligned
ES.v.0,action_x_surprise,hold|medium,6,21.0,0.8902341321648177,-0.5791226293783017,7.4217625968905585,aligned
ES.v.0,action_x_surprise,hold|medium,7,21.0,1.7375691451439421,-0.5250584128700428,9.014152829354066,aligned
ES.v.0,action_x_surprise,hold|medium,8,21.0,3.0740179852537257,-0.5250584128700428,8.190966992007846,aligned
ES.v.0,action_x_surprise,hold|medium,9,21.0,4.1913344774536325,0.0,9.678908614658734,aligned
ES.v.0,action_x_surprise,hold|medium,11,21.0,4.500652670596838,0.0,12.622090330909066,aligned
ES.v.0,action_x_surprise,hold|medium,12,21.0,5.793071648513909,0.0,10.817958864969759,aligned
ES.v.0,action_x_surprise,hold|medium,14,21.0,5.763537923817644,0.0,12.785352204587369,aligned
ES.v.0,action_x_surprise,hold|medium,16,21.0,4.634188810271204,-1.0500892585516048,14.023512300268974,aligned
ES.v.0,action_x_surprise,hold|medium,18,21.0,6.372563434379721,1.1004732045882417,13.198055202932741,aligned
ES.v.0,action_x_surprise,hold|medium,21,21.0,5.083238132077101,1.7851723631321572,16.895417024147257,aligned
ES.v.0,action_x_surprise,hold|medium,24,21.0,4.451963389354056,1.249587191572665,17.02049770330699,aligned
ES.v.0,action_x_surprise,hold|medium,27,21.0,4.401166380115628,-0.17849970994182984,17.480913458815618,aligned
ES.v.0,action_x_surprise,hold|medium,30,21.0,5.5011553813349074,0.0,17.112171338940307,aligned
ES.v.0,action_x_surprise,hold|medium,31,21.0,5.401026326272185,-1.606382697359076,16.45502070449934,aligned
ES.v.0,action_x_surprise,hold|medium,35,21.0,4.71537482868021,-2.9826707054428674,14.310248578315278,aligned
ES.v.0,action_x_surprise,hold|medium,40,21.0,5.5011553813349074,-3.5790981054932245,17.730135559007348,aligned
ES.v.0,action_x_surprise,hold|medium,46,21.0,5.5011553813349074,-3.5790981054932245,14.071912166458935,aligned
ES.v.0,action_x_surprise,hold|medium,52,21.0,7.685455654182327,-3.8025705835025816,13.403583856183173,aligned
ES.v.0,action_x_surprise,hold|medium,60,21.0,10.804971337541406,-2.281715860219797,13.825025494154788,aligned
ES.v.0,action_x_surprise,hold|medium,68,21.0,9.899765689108532,-1.0500892585516048,17.53246532662371,aligned
ES.v.0,action_x_surprise,hold|medium,78,21.0,9.014152829354066,0.0,15.74700148242287,aligned
ES.v.0,action_x_surprise,hold|medium,89,21.0,7.70077045756709,-1.0500892585516048,17.674875353882587,aligned
ES.v.0,action_x_surprise,hold|medium,101,21.0,5.5011553813349074,0.8925463460615554,16.329913814355,aligned
ES.v.0,action_x_surprise,hold|medium,115,21.0,6.30148105651931,2.2822366017660487,12.749190414890112,aligned
ES.v.0,action_x_surprise,hold|medium,132,21.0,4.332353464018152,0.6894570528438748,10.216654033304643,aligned
ES.v.0,action_x_surprise,hold|medium,150,21.0,5.626132407522534,0.6006907945938181,8.39308245025282,aligned
ES.v.0,action_x_surprise,hold|medium,171,21.0,1.5749980345086834,-3.4742328085421432,10.515790117163867,aligned
ES.v.0,action_x_surprise,hold|medium,196,21.0,3.8254256252462002,-3.1499370273043046,12.868509028996288,aligned
ES.v.0,action_x_surprise,hold|medium,223,21.0,3.580379558476378,-5.323194042050214,10.515790117163867,aligned
ES.v.0,action_x_surprise,hold|medium,255,21.0,6.9520888032646395,-4.403104259589357,15.901449333785099,aligned
ES.v.0,action_x_surprise,hold|medium,291,21.0,5.793071648513909,-1.313370109584242,17.543864148935956,aligned
ES.v.0,action_x_surprise,hold|medium,300,21.0,6.187572017444782,-2.201309788208181,17.819757911877637,aligned
ES.v.0,action_x_surprise,hold|medium,332,21.0,4.106372969923942,-2.201309788208181,11.010418661231816,aligned
ES.v.0,action_x_surprise,hold|medium,378,21.0,6.147091302237593,-8.770450891083744,13.54956382933886,aligned
ES.v.0,action_x_surprise,hold|medium,432,21.0,3.5614121375407057,-8.320871247974138,15.055429500148524,aligned
ES.v.0,action_x_surprise,hold|medium,493,21.0,0.5355182479118504,-4.334231206205541,17.825316662833018,aligned
ES.v.0,action_x_surprise,hold|medium,562,21.0,4.634188810271204,-8.397628163685297,22.593922416596218,aligned
ES.v.0,action_x_surprise,hold|medium,600,21.0,4.401166380115628,-7.34831021938588,23.470327403901614,aligned
ES.v.0,action_x_surprise,hold|medium,641,21.0,-1.2494310642669957,-7.34831021938588,26.92497605353397,aligned
ES.v.0,action_x_surprise,hold|medium,732,21.0,4.634188810271204,-5.339741149435801,22.02413055961147,aligned
ES.v.0,action_x_surprise,hold|medium,835,21.0,6.187572017444782,-6.083419069024588,19.924503235747114,aligned
ES.v.0,action_x_surprise,hold|medium,953,21.0,7.586643274399709,-4.562911216472654,19.749554189652084,aligned
ES.v.0,action_x_surprise,hold|medium,1087,21.0,6.187572017444782,-5.323194042050214,20.743185435732517,aligned
ES.v.0,action_x_surprise,hold|medium,1200,21.0,3.5614121375407057,-6.843586306183098,24.18247949567719,aligned
ES.v.0,action_x_surprise,hold|medium,1240,21.0,4.106372969923942,-8.8768701445326,25.280294844236252,aligned
ES.v.0,action_x_surprise,hold|medium,1415,21.0,1.6066407853543674,-9.541416431420918,22.857152808559512,aligned
ES.v.0,action_x_surprise,hold|medium,1615,21.0,3.511235991131635,-3.3021009917418223,21.23049141021212,aligned
ES.v.0,action_x_surprise,hold|medium,1800,21.0,9.317296964067483,-4.562911216472654,23.001735270840932,aligned
ES.v.0,action_x_surprise,hold|medium,1843,21.0,8.470628603558225,-6.202975329556434,25.659189445395633,aligned
ES.v.0,action_x_surprise,hold|medium,2103,21.0,3.301056368004881,-3.042172134348668,22.02413055961147,aligned
ES.v.0,action_x_surprise,hold|medium,2399,21.0,1.444326379006139,-11.925348739033526,29.203560578155,aligned
ES.v.0,action_x_surprise,hold|small,1,26.0,0.0,-0.7957793764238739,-0.0,aligned
ES.v.0,action_x_surprise,hold|small,2,26.0,0.0,-0.9501489625167489,0.0,aligned
ES.v.0,action_x_surprise,hold|small,3,26.0,0.0,-0.5251771130947034,0.9426313179163452,aligned
ES.v.0,action_x_surprise,hold|small,4,26.0,0.0,-0.5611027091336871,1.7625072826609545,aligned
ES.v.0,action_x_surprise,hold|small,5,26.0,0.5975250296018726,-0.6883715298527623,2.3050466365242595,aligned
ES.v.0,action_x_surprise,hold|small,6,26.0,0.3443624355607522,-0.9602432634764395,2.678016433195692,aligned
ES.v.0,action_x_surprise,hold|small,7,26.0,0.0,-1.6210419742364863,2.2154652667268273,aligned
ES.v.0,action_x_surprise,hold|small,8,26.0,0.0,-2.1954925863401,2.2330086116516816,aligned
ES.v.0,action_x_surprise,hold|small,9,26.0,-0.5210883860747844,-3.668040851140256,2.5703425436120066,aligned
ES.v.0,action_x_surprise,hold|small,11,26.0,-0.7774657471459867,-5.252007303302824,2.5703425436120066,aligned
ES.v.0,action_x_surprise,hold|small,12,26.0,-0.4853897683644866,-5.641707077911156,3.428669346840425,aligned
ES.v.0,action_x_surprise,hold|small,14,26.0,-0.29031017622593314,-5.657774900301843,3.032370075459714,aligned
ES.v.0,action_x_surprise,hold|small,16,26.0,-0.6082474317728335,-5.460393905267331,3.1287133195461574,aligned
ES.v.0,action_x_surprise,hold|small,18,26.0,-1.1972602091467321,-6.1510075325668385,4.392406877888308,aligned
ES.v.0,action_x_surprise,hold|small,21,26.0,-1.257143580431669,-5.684726515901979,3.5884653672639413,aligned
ES.v.0,action_x_surprise,hold|small,24,26.0,-1.5372584165049132,-5.257419655922015,2.0713818880319,aligned
ES.v.0,action_x_surprise,hold|small,27,26.0,-2.6111561795439853,-6.660754358619879,3.0762500683108995,aligned
ES.v.0,action_x_surprise,hold|small,30,26.0,-1.154525543140653,-8.833922297256873,4.2706112393702735,aligned
ES.v.0,action_x_surprise,hold|small,31,26.0,-2.4546688201449047,-7.105751117132724,1.9415454744882243,aligned
ES.v.0,action_x_surprise,hold|small,35,26.0,-4.790061269965079,-7.3491661014579694,2.4381728295466876,aligned
ES.v.0,action_x_surprise,hold|small,40,26.0,-2.5958889079278453,-7.760401504198223,4.179834310282459,aligned
ES.v.0,action_x_surprise,hold|small,46,26.0,-3.792158208847021,-8.833922297256873,6.952990197097031,aligned
ES.v.0,action_x_surprise,hold|small,52,26.0,-3.7950951046810504,-9.906192964143479,7.4057296643266675,aligned
ES.v.0,action_x_surprise,hold|small,60,26.0,-3.8881274067666274,-12.342616569658203,6.728745377316914,aligned
ES.v.0,action_x_surprise,hold|small,68,26.0,-2.8189032519068213,-10.624868955238819,6.759408503406784,aligned
ES.v.0,action_x_surprise,hold|small,78,26.0,-2.817453169911163,-9.79257502007658,3.095844518861014,aligned
ES.v.0,action_x_surprise,hold|small,89,26.0,-3.090180197747441,-8.714547687372765,4.585426504768342,aligned
ES.v.0,action_x_surprise,hold|small,101,26.0,-2.8244181612548642,-8.22297223711858,2.9067093973114946,aligned
ES.v.0,action_x_surprise,hold|small,115,26.0,-1.680989965357716,-12.916053057900179,4.804505945047731,aligned
ES.v.0,action_x_surprise,hold|small,132,26.0,-4.50717584939372,-13.73507878435047,-0.0791352996003476,aligned
ES.v.0,action_x_surprise,hold|small,150,26.0,-5.3975840889107385,-16.456916558834923,1.4055923101527175,aligned
ES.v.0,action_x_surprise,hold|small,171,26.0,-8.862765416596162,-17.11646448564097,-1.2833395930387403,aligned
ES.v.0,action_x_surprise,hold|small,196,26.0,-10.214422797426382,-18.05013806559484,0.3862371098789438,aligned
ES.v.0,action_x_surprise,hold|small,223,26.0,-8.474601892296679,-18.434510343360365,0.6365246952332018,aligned
ES.v.0,action_x_surprise,hold|small,255,26.0,-6.671088610988969,-22.447798110914064,2.649360739445108,aligned
ES.v.0,action_x_surprise,hold|small,291,26.0,-6.241088151739574,-19.622809781279457,2.0343647946836247,aligned
ES.v.0,action_x_surprise,hold|small,300,26.0,-6.099264147850253,-20.72124680997404,3.572296700729205,aligned
ES.v.0,action_x_surprise,hold|small,332,26.0,-5.903540171464542,-20.498209116453324,2.27246292673144,aligned
ES.v.0,action_x_surprise,hold|small,378,26.0,-5.99599425469631,-18.24019029723337,2.896936562188182,aligned
ES.v.0,action_x_surprise,hold|small,432,26.0,-5.821647858575476,-20.814322338667743,1.0593100322067786,aligned
ES.v.0,action_x_surprise,hold|small,493,26.0,-3.3528007687297343,-21.15820331418761,1.400609221489951,aligned
ES.v.0,action_x_surprise,hold|small,562,26.0,-4.621837211213927,-20.254057076387284,3.2540549281092126,aligned
ES.v.0,action_x_surprise,hold|small,600,26.0,-4.04745630338094,-22.96437435001866,5.26444104467441,aligned
ES.v.0,action_x_surprise,hold|small,641,26.0,-4.015488116108854,-23.70646235083533,2.6471981772302686,aligned
ES.v.0,action_x_surprise,hold|small,732,26.0,-5.898432236577465,-17.500006236938383,4.967699542153347,aligned
ES.v.0,action_x_surprise,hold|small,835,26.0,-6.3782539588396805,-19.54425250531491,1.9848920146565805,aligned
ES.v.0,action_x_surprise,hold|small,953,26.0,-10.224925799696397,-19.36277602541915,6.937319626422964,aligned
ES.v.0,action_x_surprise,hold|small,1087,26.0,-8.092298704242031,-21.47993561291753,2.6147585401420543,aligned
ES.v.0,action_x_surprise,hold|small,1200,26.0,-9.501259844730075,-23.845124624156956,3.556414474690052,aligned
ES.v.0,action_x_surprise,hold|small,1240,26.0,-10.012639723993011,-20.43687259799999,4.154046052507901,aligned
ES.v.0,action_x_surprise,hold|small,1415,26.0,-10.618226043447143,-18.09012761196965,5.679722434133671,aligned
ES.v.0,action_x_surprise,hold|small,1615,26.0,-9.259869397652265,-25.395087727197758,-0.7774450327048883,aligned
ES.v.0,action_x_surprise,hold|small,1800,26.0,-10.259144056119986,-22.751756967057922,-0.3894156825570131,aligned
ES.v.0,action_x_surprise,hold|small,1843,26.0,-12.543158189664105,-25.68058031610347,-1.3121602535337384,aligned
ES.v.0,action_x_surprise,hold|small,2103,26.0,-9.259811612631754,-23.851140715895102,1.801736372212925,aligned
ES.v.0,action_x_surprise,hold|small,2399,26.0,-12.356657597981322,-24.3132367185887,5.4200128613514575,aligned
ES.v.0,all,all,1,92.0,0.0,-0.4862950597053179,1.1857272283442768,aligned
ES.v.0,all,all,2,92.0,0.8953497114536151,-0.622050233200426,6.6068572246880155,aligned
ES.v.0,all,all,3,92.0,0.9584252108602073,-0.1931798965550368,9.757390106171322,aligned
ES.v.0,all,all,4,92.0,1.720777426043806,-0.4380415226977876,11.326331397531769,aligned
ES.v.0,all,all,5,92.0,1.994134604186549,-0.4380415226977876,10.628907504437745,aligned
ES.v.0,all,all,6,92.0,2.419838073855441,-0.612836902853748,12.937935887830442,aligned
ES.v.0,all,all,7,92.0,2.9822431687702338,-0.4643536712888773,13.814024433094193,aligned
ES.v.0,all,all,8,92.0,3.108940595111158,-0.7473432907674618,13.209047088437393,aligned
ES.v.0,all,all,9,92.0,4.107761399811411,-0.7651877748889415,13.169152879521024,aligned
ES.v.0,all,all,11,92.0,3.9298818218859544,-0.9762359257663703,15.598280047226924,aligned
ES.v.0,all,all,12,92.0,3.798092808691984,-0.9714765623917769,15.793662869656668,aligned
ES.v.0,all,all,14,92.0,2.6919775462291113,-2.089142722188381,14.618500096190546,aligned
ES.v.0,all,all,16,92.0,2.914957420590977,-1.6928883942705228,13.589605072286194,aligned
ES.v.0,all,all,18,92.0,5.466628711315728,-2.7760559458995497,15.43492333745591,aligned
ES.v.0,all,all,21,92.0,4.428725709963291,-2.0914018375048666,15.453089021412135,aligned
ES.v.0,all,all,24,92.0,4.2180280745833585,-2.554563160203556,15.869182732388065,aligned
ES.v.0,all,all,27,92.0,4.32960174468686,-3.4944636991351263,16.76939937455835,aligned
ES.v.0,all,all,30,92.0,5.092448249329749,-3.0226648838390187,17.126589138070642,aligned
ES.v.0,all,all,31,92.0,2.9998103808123764,-4.409022292549924,17.243379603056084,aligned
ES.v.0,all,all,35,92.0,4.873015246038191,-4.509864822696833,19.707954366545998,aligned
ES.v.0,all,all,40,92.0,4.141523875659716,-3.911374639448635,20.679842468891106,aligned
ES.v.0,all,all,46,92.0,5.508285553857058,-4.999791034031511,17.302226625267483,aligned
ES.v.0,all,all,52,92.0,7.693113055874709,-6.49794817943147,18.575194500547234,aligned
ES.v.0,all,all,60,92.0,7.307422240659772,-5.4012400362441895,22.734795623404445,aligned
ES.v.0,all,all,68,92.0,9.040677436312773,-3.0788164754123093,22.795655099449007,aligned
ES.v.0,all,all,78,92.0,7.802845814536232,-3.5853381312475205,26.378510778152542,aligned
ES.v.0,all,all,89,92.0,6.886747528502882,-3.2458303234934984,24.50339485758651,aligned
ES.v.0,all,all,101,92.0,5.225992373180212,-2.7747857394396824,25.23090341105604,aligned
ES.v.0,all,all,115,92.0,6.899375962821551,-2.396967846915852,24.80717332855916,aligned
ES.v.0,all,all,132,92.0,6.97779272836055,-4.280683554505127,23.303676130098502,aligned
ES.v.0,all,all,150,92.0,6.941135835869684,-3.774757358584002,20.47683539385688,aligned
ES.v.0,all,all,171,92.0,4.936127448390707,-5.2646807600336505,19.611373592928054,aligned
ES.v.0,all,all,196,92.0,4.751744528747087,-3.696512430791429,22.97074588524412,aligned
ES.v.0,all,all,223,92.0,6.317566322241159,-6.934169575378272,26.422847179573697,aligned
ES.v.0,all,all,255,92.0,6.1473015137486335,-6.441252500693866,26.14227397079228,aligned
ES.v.0,all,all,291,92.0,4.653345183839788,-6.932186446454535,27.00567206063494,aligned
ES.v.0,all,all,300,92.0,5.040980543775362,-7.665364934084093,25.518574017673362,aligned
ES.v.0,all,all,332,92.0,4.1366934740238355,-8.042051507014726,28.71232290017919,aligned
ES.v.0,all,all,378,92.0,5.903378452099266,-8.829346831195917,26.485485284388893,aligned
ES.v.0,all,all,432,92.0,3.4767560738748626,-9.007625932279968,27.908565942608327,aligned
ES.v.0,all,all,493,92.0,1.2433130436335809,-8.437562238095252,24.775884129116893,aligned
ES.v.0,all,all,562,92.0,3.971536597476587,-7.75444729508486,28.50752193115858,aligned
ES.v.0,all,all,600,92.0,4.517677595193415,-8.882148906790047,25.785804541284794,aligned
ES.v.0,all,all,641,92.0,3.5545613620977967,-8.990101452538427,27.793580787963236,aligned
ES.v.0,all,all,732,92.0,6.097465604559036,-7.203484080383593,29.075444897871957,aligned
ES.v.0,all,all,835,92.0,4.429547280949129,-7.553588085109199,25.22606626186952,aligned
ES.v.0,all,all,953,92.0,7.245601848417653,-9.717795548754882,27.956564358302312,aligned
ES.v.0,all,all,1087,92.0,5.411735139993499,-10.422438937753114,27.51530055381204,aligned
ES.v.0,all,all,1200,92.0,4.704200379686745,-10.408344643483268,26.546449042552258,aligned
ES.v.0,all,all,1240,92.0,3.718410723135815,-11.768390071064236,26.575524043330212,aligned
ES.v.0,all,all,1415,92.0,4.411073722759303,-10.560565292340412,30.557376551461967,aligned
ES.v.0,all,all,1615,92.0,5.037654966314474,-9.103826643924776,29.93294116568651,aligned
ES.v.0,all,all,1800,92.0,8.183675269386832,-10.056335299819418,31.090563257824257,aligned
ES.v.0,all,all,1843,92.0,8.91559312008728,-12.729048613415706,32.525009476573295,aligned
ES.v.0,all,all,2103,92.0,9.368737982316947,-9.583138562210063,35.65453449745725,aligned
ES.v.0,all,all,2399,92.0,6.0626784879577285,-14.38087426237829,36.50279324317073,aligned
ES.v.0,surprise,large,1,31.0,0.5319856365142834,-0.37346390520845973,4.145006262116327,aligned
ES.v.0,surprise,large,2,31.0,11.579500066986956,2.695778134883114,18.21414765795857,aligned
ES.v.0,surprise,large,3,31.0,14.617419817561014,3.046993643252497,18.143999282351707,aligned
ES.v.0,surprise,large,4,31.0,13.291158021378084,3.030525576998377,18.09066422014873,aligned
ES.v.0,surprise,large,5,31.0,15.947271081163187,3.9797130433360337,20.840008452365787,aligned
ES.v.0,surprise,large,6,31.0,13.251417431233312,4.871715923595184,23.45627879398019,aligned
ES.v.0,surprise,large,7,31.0,15.698110276681101,6.488949878047574,24.893757002026966,aligned
ES.v.0,surprise,large,8,31.0,15.021707915558249,11.527873612068822,21.010941923266582,aligned
ES.v.0,surprise,large,9,31.0,15.772873932486684,10.490464640984513,22.88913863851678,aligned
ES.v.0,surprise,large,11,31.0,15.972356704126142,12.48175629292901,21.504409381834726,aligned
ES.v.0,surprise,large,12,31.0,17.144462747754925,11.536773957405405,21.735366234387097,aligned
ES.v.0,surprise,large,14,31.0,17.80613054346448,3.0609393513360477,22.409673801133703,aligned
ES.v.0,surprise,large,16,31.0,13.444969329625266,5.256821694120248,22.142727705375044,aligned
ES.v.0,surprise,large,18,31.0,15.1505112374385,9.592115594074077,24.059746615280723,aligned
ES.v.0,surprise,large,21,31.0,15.100479115187925,6.988202829135361,23.768192287580543,aligned
ES.v.0,surprise,large,24,31.0,15.276507706636604,9.312761897212152,24.73966380194413,aligned
ES.v.0,surprise,large,27,31.0,13.86832809092777,8.728518978520954,25.652406198976987,aligned
ES.v.0,surprise,large,30,31.0,16.743967447322834,9.160712292325577,27.705046243177392,aligned
ES.v.0,surprise,large,31,31.0,18.25499407500077,9.116500376454596,29.6586920355981,aligned
ES.v.0,surprise,large,35,31.0,19.529321407293008,9.248089238515234,32.87465675955538,aligned
ES.v.0,surprise,large,40,31.0,19.87413704838239,11.830213262030618,31.694244712328405,aligned
ES.v.0,surprise,large,46,31.0,19.609097771223606,11.4571265390495,43.91536873745879,aligned
ES.v.0,surprise,large,52,31.0,20.662626409213594,10.536264002272187,43.26766824483462,aligned
ES.v.0,surprise,large,60,31.0,25.292199421104346,11.69754051251537,44.42977788065592,aligned
ES.v.0,surprise,large,68,31.0,28.790195557248055,12.020099073435041,35.815507182342806,aligned
ES.v.0,surprise,large,78,31.0,29.786214286132466,17.418121974189226,41.30120342724326,aligned
ES.v.0,surprise,large,89,31.0,31.420902370853966,19.55676778016529,38.55456331157916,aligned
ES.v.0,surprise,large,101,31.0,32.42088785697636,17.5889989937724,51.49813063473432,aligned
ES.v.0,surprise,large,115,31.0,29.166510361790685,23.15932038893262,46.55506336685825,aligned
ES.v.0,surprise,large,132,31.0,29.205628236191004,16.33916234094864,43.041073030262886,aligned
ES.v.0,surprise,large,150,31.0,26.61304371288957,17.404467838600176,42.661294071079695,aligned
ES.v.0,surprise,large,171,31.0,28.226327320482802,16.65811190345077,44.872501183395705,aligned
ES.v.0,surprise,large,196,31.0,29.441227177809306,17.738801087884823,46.95335733709134,aligned
ES.v.0,surprise,large,223,31.0,32.38398578716024,13.61416595148636,49.643390740911,aligned
ES.v.0,surprise,large,255,31.0,35.71135761006416,15.68290214249592,53.58404949119191,aligned
ES.v.0,surprise,large,291,31.0,34.23659976474655,18.71078322054602,59.40052236201498,aligned
ES.v.0,surprise,large,300,31.0,32.56379949319703,14.276844678258989,58.709408916739875,aligned
ES.v.0,surprise,large,332,31.0,35.00985558682773,11.24194499338908,62.73108274612814,aligned
ES.v.0,surprise,large,378,31.0,39.46646530907171,9.203932959041431,70.70771792124326,aligned
ES.v.0,surprise,large,432,31.0,35.91742861602611,11.322950252603638,67.99524161058686,aligned
ES.v.0,surprise,large,493,31.0,35.91742861602611,9.129607440902369,66.50023175336443,aligned
ES.v.0,surprise,large,562,31.0,37.02522220334174,12.961218348879422,67.26587648400024,aligned
ES.v.0,surprise,large,600,31.0,35.351955424937586,12.581974923644996,62.71370348417396,aligned
ES.v.0,surprise,large,641,31.0,35.351955424937586,12.961218348879422,73.26790948044467,aligned
ES.v.0,surprise,large,732,31.0,33.52694273838931,10.316745016932153,71.42710366404023,aligned
ES.v.0,surprise,large,835,31.0,30.8771003891778,11.511638560556998,66.30224462727848,aligned
ES.v.0,surprise,large,953,31.0,39.50208631960221,16.025196706418704,70.86307261643579,aligned
ES.v.0,surprise,large,1087,31.0,29.940142126046997,16.047364005616966,66.50533546243061,aligned
ES.v.0,surprise,large,1200,31.0,29.30050378352709,16.29104191378825,68.98557023980842,aligned
ES.v.0,surprise,large,1240,31.0,27.004321813774354,15.44036332767684,72.10493706191014,aligned
ES.v.0,surprise,large,1415,31.0,36.00904115981259,15.56594823502035,74.18362840798608,aligned
ES.v.0,surprise,large,1615,31.0,37.35772845646172,12.525565892914543,68.46887561447383,aligned
ES.v.0,surprise,large,1800,31.0,38.54597668291414,13.236761338418829,79.46877895999097,aligned
ES.v.0,surprise,large,1843,31.0,43.894841662456216,18.296253595471555,79.5706076055759,aligned
ES.v.0,surprise,large,2103,31.0,41.74848463433448,17.5785674820688,79.69742916018974,aligned
ES.v.0,surprise,large,2399,31.0,35.9712618084948,13.298358651724882,67.86226153566115,aligned
ES.v.0,surprise,medium,1,30.0,0.0,-0.4639508198766425,0.8318306929152888,aligned
ES.v.0,surprise,medium,2,30.0,0.9817016985372562,-0.5787185901660221,3.176656362713484,aligned
ES.v.0,surprise,medium,3,30.0,0.5534493146854317,-0.503698854606725,5.542243988090036,aligned
ES.v.0,surprise,medium,4,30.0,0.3870420157652176,-0.5922346442930868,5.764451435999803,aligned
ES.v.0,surprise,medium,5,30.0,0.7368703100509874,-0.7168038214698007,6.999344465455649,aligned
ES.v.0,surprise,medium,6,30.0,1.0806429646184244,-0.43434197203372626,7.763544622268877,aligned
ES.v.0,surprise,medium,7,30.0,3.1355951904502697,-0.39379380965253213,9.05990778593311,aligned
ES.v.0,surprise,medium,8,30.0,3.3889750974782658,-0.39379380965253213,11.106192427438563,aligned
ES.v.0,surprise,medium,9,30.0,4.414681835524379,0.0,10.897722590895452,aligned
ES.v.0,surprise,medium,11,30.0,4.083987128606362,0.6700392169243692,12.042328945417346,aligned
ES.v.0,surprise,medium,12,30.0,3.1480102568907387,0.4447457715849151,10.629527953049749,aligned
ES.v.0,surprise,medium,14,30.0,0.9806496537524304,-2.0347701195401227,10.194820146908336,aligned
ES.v.0,surprise,medium,16,30.0,1.44051036382741,-1.6358975642021794,12.302233505548553,aligned
ES.v.0,surprise,medium,18,30.0,3.212621017533138,-2.0881085052538033,10.984202045334918,aligned
ES.v.0,surprise,medium,21,30.0,3.2826135024899665,-1.5368685415925085,11.049060569686398,aligned
ES.v.0,surprise,medium,24,30.0,2.412089329587482,-2.4105559995698003,12.488371016668003,aligned
ES.v.0,surprise,medium,27,30.0,2.595646576030347,-3.025114021928506,13.491921245860645,aligned
ES.v.0,surprise,medium,30,30.0,2.8373775271288393,-2.5130008193348337,13.220932333560313,aligned
ES.v.0,surprise,medium,31,30.0,2.606441122113683,-2.915815088127398,12.187081737828251,aligned
ES.v.0,surprise,medium,35,30.0,2.1027967506303984,-3.981631726307125,9.836753994726237,aligned
ES.v.0,surprise,medium,40,30.0,1.9496552624420485,-3.502475653619308,16.393019720972376,aligned
ES.v.0,surprise,medium,46,30.0,2.37083647801156,-4.316957938727796,10.37662336683696,aligned
ES.v.0,surprise,medium,52,30.0,4.328424009453707,-5.2454140496213535,13.332315319818441,aligned
ES.v.0,surprise,medium,60,30.0,7.090198699877815,-4.318019877492853,13.66819220056945,aligned
ES.v.0,surprise,medium,68,30.0,8.671496824251886,-0.7875669439137036,17.413882242665867,aligned
ES.v.0,surprise,medium,78,30.0,3.07570814375576,-2.34359947612462,14.475460015346794,aligned
ES.v.0,surprise,medium,89,30.0,4.7728553623361085,-1.7367685827575796,15.221112479973598,aligned
ES.v.0,surprise,medium,101,30.0,3.4857881932154955,-2.0255990623770184,14.149668946943276,aligned
ES.v.0,surprise,medium,115,30.0,5.719698918059624,-0.943961935154617,11.381247054127801,aligned
ES.v.0,surprise,medium,132,30.0,3.401900189888738,-1.2848767351030543,9.530943324241221,aligned
ES.v.0,surprise,medium,150,30.0,4.463594387763708,-0.9963807968800962,8.648718206155575,aligned
ES.v.0,surprise,medium,171,30.0,0.6300699585355506,-3.366217639993774,9.345832519152617,aligned
ES.v.0,surprise,medium,196,30.0,3.4769563050930694,-3.0913122854937543,9.402538549273102,aligned
ES.v.0,surprise,medium,223,30.0,4.397534205937518,-4.814356614874381,11.40344399663669,aligned
ES.v.0,surprise,medium,255,30.0,5.578841152262719,-3.611868218612506,13.660810120209078,aligned
ES.v.0,surprise,medium,291,30.0,4.153606793171036,-4.17568025411615,18.502668242034986,aligned
ES.v.0,surprise,medium,300,30.0,5.687764107674881,-4.397665173772134,18.57164168277041,aligned
ES.v.0,surprise,medium,332,30.0,6.019938103921245,-5.192278452448444,15.412732935030839,aligned
ES.v.0,surprise,medium,378,30.0,4.948160707490684,-2.643889254945457,12.633863594694322,aligned
ES.v.0,surprise,medium,432,30.0,2.3779943739978044,-7.808543107942317,14.080434286479923,aligned
ES.v.0,surprise,medium,493,30.0,-2.5132446116793434,-7.877041273424026,17.244874586232875,aligned
ES.v.0,surprise,medium,562,30.0,-1.698639580649313,-9.02319458773396,17.98707318686663,aligned
ES.v.0,surprise,medium,600,30.0,-2.5868110660891066,-8.494730163245919,16.015500993298602,aligned
ES.v.0,surprise,medium,641,30.0,-3.5055706271085136,-10.668929308749558,18.401187217945044,aligned
ES.v.0,surprise,medium,732,30.0,-2.9569634462512893,-7.153710176882886,14.107127661788134,aligned
ES.v.0,surprise,medium,835,30.0,2.293082753060232,-6.9338039012855335,13.139511571941068,aligned
ES.v.0,surprise,medium,953,30.0,0.4633220874580162,-6.958662070418731,12.814965690328236,aligned
ES.v.0,surprise,medium,1087,30.0,2.798076631932423,-6.6700645869551005,12.410040205694223,aligned
ES.v.0,surprise,medium,1200,30.0,1.0587847238579875,-8.38029190331218,16.369906795048436,aligned
ES.v.0,surprise,medium,1240,30.0,0.8379093206586959,-9.63197568538257,15.697353521080405,aligned
ES.v.0,surprise,medium,1415,30.0,0.9182272606654991,-9.972451529077276,20.206243462658712,aligned
ES.v.0,surprise,medium,1615,30.0,1.034256890114923,-6.649202520594855,20.384946325935047,aligned
ES.v.0,surprise,medium,1800,30.0,2.319639259122975,-4.988065530838252,20.567102969053856,aligned
ES.v.0,surprise,medium,1843,30.0,-0.9100449954426779,-9.002309273972125,22.12828809104149,aligned
ES.v.0,surprise,medium,2103,30.0,-0.11490422733189415,-7.579804486306045,20.488357903791986,aligned
ES.v.0,surprise,medium,2399,30.0,-0.7226225618804639,-13.335791243962918,24.3599885080377,aligned
ES.v.0,surprise,small,1,31.0,0.0,-0.9568728974755978,-0.0,aligned
ES.v.0,surprise,small,2,31.0,0.0,-1.3481465285820935,0.0,aligned
ES.v.0,surprise,small,3,31.0,0.0,-0.5938483857730549,0.9133181129595147,aligned
ES.v.0,surprise,small,4,31.0,0.0,-0.798442709624271,1.720777426043806,aligned
ES.v.0,surprise,small,5,31.0,0.0,-0.7570103362440241,1.9527615025727225,aligned
ES.v.0,surprise,small,6,31.0,0.18257670504291343,-1.412030697657987,2.1747715818677924,aligned
ES.v.0,surprise,small,7,31.0,0.0,-2.4632042155624365,2.0721617997903685,aligned
ES.v.0,surprise,small,8,31.0,-0.18258003852909765,-2.8251532293908763,2.085206546025895,aligned
ES.v.0,surprise,small,9,31.0,-0.7429144537423805,-3.8315941701847853,2.310095833999445,aligned
ES.v.0,surprise,small,11,31.0,-0.9707795367289732,-5.778041794431957,2.310095833999445,aligned
ES.v.0,surprise,small,12,31.0,-0.9735676393801883,-6.815262876010689,3.2778135391256145,aligned
ES.v.0,surprise,small,14,31.0,-1.0106114207695043,-7.8779359604002615,2.4933115415295317,aligned
ES.v.0,surprise,small,16,31.0,-1.0106114207695043,-7.1525740508579005,2.677901484537079,aligned
ES.v.0,surprise,small,18,31.0,-1.543507624134365,-6.448557351829156,3.938678453761313,aligned
ES.v.0,surprise,small,21,31.0,-1.7523535125994574,-5.686233464705618,3.402717446678402,aligned
ES.v.0,surprise,small,24,31.0,-2.315172104799579,-5.7797427483384105,1.7509914613856077,aligned
ES.v.0,surprise,small,27,31.0,-3.086777043454556,-7.0730324693761055,2.9633432429379036,aligned
ES.v.0,surprise,small,30,31.0,-1.941464841317063,-8.736010132822294,3.8574813614159567,aligned
ES.v.0,surprise,small,31,31.0,-2.967872798972747,-7.669598902759658,1.8621744564715605,aligned
ES.v.0,surprise,small,35,31.0,-4.451478953713575,-7.4581236015760055,3.8020688913537297,aligned
ES.v.0,surprise,small,40,31.0,-2.9120559320520045,-8.117376930825726,4.141523875659716,aligned
ES.v.0,surprise,small,46,31.0,-4.672260485642037,-8.94504245082422,6.473798706857757,aligned
ES.v.0,surprise,small,52,31.0,-5.9831618520652015,-10.696336177752872,7.027493903592809,aligned
ES.v.0,surprise,small,60,31.0,-3.8937019863103863,-11.705354128994738,6.576171045586306,aligned
ES.v.0,surprise,small,68,31.0,-2.9120559320520045,-10.406562155103305,6.134273995967345,aligned
ES.v.0,surprise,small,78,31.0,-3.415446389347409,-9.684392530694504,2.3593740596944164,aligned
ES.v.0,surprise,small,89,31.0,-3.4189008566886496,-9.159677866949313,3.766699400054402,aligned
ES.v.0,surprise,small,101,31.0,-3.59055687409794,-8.857856208584145,2.725688637704387,aligned
ES.v.0,surprise,small,115,31.0,-2.414270205704031,-12.162208396820837,4.192588592488161,aligned
ES.v.0,surprise,small,132,31.0,-6.923666852582954,-14.04899658533733,-0.5841559083503036,aligned
ES.v.0,surprise,small,150,31.0,-9.361105293941634,-15.218565499974375,1.3338397019002746,aligned
ES.v.0,surprise,small,171,31.0,-9.961932015371627,-16.35449751064067,-1.2889144208317043,aligned
ES.v.0,surprise,small,196,31.0,-10.539359783775298,-17.012690835898344,-0.11395892160333287,aligned
ES.v.0,surprise,small,223,31.0,-9.185604966772663,-18.741995766106697,3.1758793915971877,aligned
ES.v.0,surprise,small,255,31.0,-7.7635988178206965,-22.34695625905936,3.329579383154249,aligned
ES.v.0,surprise,small,291,31.0,-6.498630874394924,-19.158836244767187,2.5312289639641836,aligned
ES.v.0,surprise,small,300,31.0,-6.375264191705139,-18.099807624450452,4.2190735431817785,aligned
ES.v.0,surprise,small,332,31.0,-6.793478522144087,-17.76696833777445,2.1641151761854123,aligned
ES.v.0,surprise,small,378,31.0,-6.406150122992079,-16.398974264517875,3.4146979634675834,aligned
ES.v.0,surprise,small,432,31.0,-5.949548009862605,-17.238048125533503,1.1479362520733174,aligned
ES.v.0,surprise,small,493,31.0,-3.8583224492849504,-16.06363781086328,1.8130635895928957,aligned
ES.v.0,surprise,small,562,31.0,-5.385351973142905,-19.72489267588822,4.169770024039071,aligned
ES.v.0,surprise,small,600,31.0,-4.787122731517606,-20.33945975143095,6.555360236954654,aligned
ES.v.0,surprise,small,641,31.0,-4.188857699930901,-19.187021106163485,3.5545613620977967,aligned
ES.v.0,surprise,small,732,31.0,-6.943908928041529,-17.348259798062948,4.008675198694223,aligned
ES.v.0,surprise,small,835,31.0,-6.793478522144087,-18.891300047018028,1.6328349057446672,aligned
ES.v.0,surprise,small,953,31.0,-9.57195490510724,-20.91166018889257,5.793422590010386,aligned
ES.v.0,surprise,small,1087,31.0,-10.053725437617787,-23.252855880459077,2.139950521893166,aligned
ES.v.0,surprise,small,1200,31.0,-10.028543616082027,-25.369290900459134,1.6590978779155634,aligned
ES.v.0,surprise,small,1240,31.0,-9.361105293941634,-22.189778805259238,3.2440119064181,aligned
ES.v.0,surprise,small,1415,31.0,-8.895056714299693,-17.850007322356568,4.565464663945279,aligned
ES.v.0,surprise,small,1615,31.0,-8.94778389019729,-19.63378441573492,-0.6524270145778128,aligned
ES.v.0,surprise,small,1800,31.0,-8.94778389019729,-19.206636074628356,-0.0,aligned
ES.v.0,surprise,small,1843,31.0,-12.35857053592656,-17.732468386076427,2.815697467866781,aligned
ES.v.0,surprise,small,2103,31.0,-8.95825043995699,-20.94886054402636,6.362707465619032,aligned
ES.v.0,surprise,small,2399,31.0,-13.955146444180782,-24.150140634683634,7.98976195139978,aligned
NQ.v.0,action,cut,1,8.0,-0.1058456200695306,-0.9877054795307608,0.20513275679070772,aligned
NQ.v.0,action,cut,2,8.0,2.342649178358373,-1.2100266359365217,9.407870517169615,aligned
NQ.v.0,action,cut,3,8.0,2.107412255527377,-0.6436354450901532,10.518364596256115,aligned
NQ.v.0,action,cut,4,8.0,2.6011536046269153,-0.06437121498387333,8.912468459071576,aligned
NQ.v.0,action,cut,5,8.0,0.6299091590168739,0.1237036737599726,7.108669695579317,aligned
NQ.v.0,action,cut,6,8.0,3.441083753922106,0.48343240021881156,9.537684007368012,aligned
NQ.v.0,action,cut,7,8.0,7.667479494214202,-0.28969562900089374,14.727568658970693,aligned
NQ.v.0,action,cut,8,8.0,7.509857031099161,0.2638495101008211,14.39391895803202,aligned
NQ.v.0,action,cut,9,8.0,6.95996385058487,0.7396043135550392,13.139724680120526,aligned
NQ.v.0,action,cut,11,8.0,9.407085623202232,1.3233637332175696,15.564858543578358,aligned
NQ.v.0,action,cut,12,8.0,12.513614076423753,-0.0033545831894751035,15.416829725316415,aligned
NQ.v.0,action,cut,14,8.0,7.622305845867142,-2.1029998004034667,16.451416150895803,aligned
NQ.v.0,action,cut,16,8.0,4.195525560292415,-0.1475024671650288,12.96691755125634,aligned
NQ.v.0,action,cut,18,8.0,8.88944763940837,2.8050860161329143,11.60897629555681,aligned
NQ.v.0,action,cut,21,8.0,8.770734125417533,1.9157039705145773,10.138221460065346,aligned
NQ.v.0,action,cut,24,8.0,5.045983221565261,-5.33950510998972,10.079600855149867,aligned
NQ.v.0,action,cut,27,8.0,6.9557944922573185,-5.177393837609835,8.668696013270516,aligned
NQ.v.0,action,cut,30,8.0,7.008819858990465,-2.7266299657644777,18.570945574754028,aligned
NQ.v.0,action,cut,31,8.0,8.691278065829032,-1.5352091886776198,18.401901572539135,aligned
NQ.v.0,action,cut,35,8.0,9.78827584898822,-0.09524425007260695,12.569145699389647,aligned
NQ.v.0,action,cut,40,8.0,6.82513987172813,2.843708404610001,12.545149818604184,aligned
NQ.v.0,action,cut,46,8.0,7.0285515656992725,-0.3034953768801273,11.000804796908847,aligned
NQ.v.0,action,cut,52,8.0,9.262424638782209,-1.619201307885799,16.07043066822686,aligned
NQ.v.0,action,cut,60,8.0,7.219112513877053,0.5567140605898702,16.685869065442066,aligned
NQ.v.0,action,cut,68,8.0,2.4328818035314703,-1.371884150231159,19.925393502077412,aligned
NQ.v.0,action,cut,78,8.0,2.857832990599915,-2.678133649887096,22.608008604140345,aligned
NQ.v.0,action,cut,89,8.0,3.2716180814026457,-0.07671163722101382,24.853433998158618,aligned
NQ.v.0,action,cut,101,8.0,3.2217269557536423,-0.029455090070018897,26.06565416478626,aligned
NQ.v.0,action,cut,115,8.0,12.694182375194513,-1.6126440647244826,24.627292969571517,aligned
NQ.v.0,action,cut,132,8.0,14.589686867022376,-2.3184134356434063,26.388390143848653,aligned
NQ.v.0,action,cut,150,8.0,15.737697614336522,0.20190828552651774,21.202292535144498,aligned
NQ.v.0,action,cut,171,8.0,13.846275853422966,1.8602320886369585,20.225988142168045,aligned
NQ.v.0,action,cut,196,8.0,15.846522335222382,7.437431769519109,23.609723807114044,aligned
NQ.v.0,action,cut,223,8.0,12.642375660852952,4.872116009912261,20.59667374213313,aligned
NQ.v.0,action,cut,255,8.0,18.194400154410218,4.481411498058817,24.25290450816657,aligned
NQ.v.0,action,cut,291,8.0,16.031778330510665,3.5354015825597527,24.740920371188505,aligned
NQ.v.0,action,cut,300,8.0,14.71552690463775,4.237521453392231,23.841613804605846,aligned
NQ.v.0,action,cut,332,8.0,15.856162305233983,5.251302640053602,23.133661628796837,aligned
NQ.v.0,action,cut,378,8.0,10.253753022749645,4.207278297311076,24.961946650292347,aligned
NQ.v.0,action,cut,432,8.0,7.116013739954921,4.524155014033163,20.733276041787136,aligned
NQ.v.0,action,cut,493,8.0,0.4692229787733283,-3.3481958620937813,11.741864279769509,aligned
NQ.v.0,action,cut,562,8.0,7.810147975662717,1.9944063579244107,15.927403392757416,aligned
NQ.v.0,action,cut,600,8.0,5.00048238133685,-5.466896585557354,21.67105859125582,aligned
NQ.v.0,action,cut,641,8.0,6.83575230507482,-5.126172420968343,28.542287950666278,aligned
NQ.v.0,action,cut,732,8.0,4.423291697260208,-7.864438786325807,30.957127415327157,aligned
NQ.v.0,action,cut,835,8.0,2.9062402783346917,-7.831489658510694,31.740223099215747,aligned
NQ.v.0,action,cut,953,8.0,8.282891379511547,-12.286690733029332,44.96052924971907,aligned
NQ.v.0,action,cut,1087,8.0,5.798838791247635,-15.703815639828747,40.74977936047353,aligned
NQ.v.0,action,cut,1200,8.0,4.713240698503828,-9.963318748037128,40.864590188473684,aligned
NQ.v.0,action,cut,1240,8.0,4.647886615133006,-9.642859098275652,41.68329181080115,aligned
NQ.v.0,action,cut,1415,8.0,15.172137059654995,-4.140547590451658,35.69418009819199,aligned
NQ.v.0,action,cut,1615,8.0,10.474764184781767,-5.656750456948261,29.08999145142013,aligned
NQ.v.0,action,cut,1800,8.0,9.2031929428177,-2.4305163688622318,30.241368260431216,aligned
NQ.v.0,action,cut,1843,8.0,4.527016759300203,-6.237094090853748,37.27918161172424,aligned
NQ.v.0,action,cut,2103,8.0,-0.456438110975695,-8.465064249721095,48.85832908241742,aligned
NQ.v.0,action,cut,2399,8.0,54.7036982632654,-5.8890702717581895,64.1111899105788,aligned
NQ.v.0,action,hike,1,21.0,0.2059923164941554,-0.21686564090070898,2.4725170349238113,aligned
NQ.v.0,action,hike,2,21.0,4.4482695998024075,0.3781540410939274,6.085096455892549,aligned
NQ.v.0,action,hike,3,21.0,4.254907713357,0.3816769613884664,10.811710966684748,aligned
NQ.v.0,action,hike,4,21.0,5.095423493605213,-0.1638176054808348,11.935441536238462,aligned
NQ.v.0,action,hike,5,21.0,4.982801401838242,0.21687034407332514,12.261484795474693,aligned
NQ.v.0,action,hike,6,21.0,6.510286079715752,1.1606089341233552,22.894935592338356,aligned
NQ.v.0,action,hike,7,21.0,5.465139778381293,-0.43372657883278865,31.695747612790672,aligned
NQ.v.0,action,hike,8,21.0,8.133464925945702,-0.21686564090070898,28.13863540311881,aligned
NQ.v.0,action,hike,9,21.0,5.465139778381293,-0.43372657883278865,28.047444033469926,aligned
NQ.v.0,action,hike,11,21.0,6.021585248419226,-1.6069951588415818,24.697703320089687,aligned
NQ.v.0,action,hike,12,21.0,5.125006760181062,-3.7807541164351504,20.02585824638017,aligned
NQ.v.0,action,hike,14,21.0,2.997964307996301,-11.162104613158382,22.798218586812386,aligned
NQ.v.0,action,hike,16,21.0,1.450740121795842,-9.342649873130092,14.650029749877795,aligned
NQ.v.0,action,hike,18,21.0,-0.9753304999945414,-9.158669710206278,15.193035831679355,aligned
NQ.v.0,action,hike,21,21.0,2.7993027374201676,-4.7393936873179525,21.983100869777463,aligned
NQ.v.0,action,hike,24,21.0,4.199248014574019,-9.548214332590351,25.24397046388975,aligned
NQ.v.0,action,hike,27,21.0,5.302373254348917,-10.647916626324959,31.768901367999224,aligned
NQ.v.0,action,hike,30,21.0,7.563256686166021,-9.93774378106645,34.769724525922946,aligned
NQ.v.0,action,hike,31,21.0,4.796708035570977,-10.132502815458693,27.95625349540005,aligned
NQ.v.0,action,hike,35,21.0,7.138440805233483,-0.6505828140002127,33.337918566476446,aligned
NQ.v.0,action,hike,40,21.0,9.595718016160891,-5.404564531850615,41.35696460810488,aligned
NQ.v.0,action,hike,46,21.0,12.546456796994285,-9.717354271531027,49.49621517024757,aligned
NQ.v.0,action,hike,52,21.0,17.201604263402018,-9.797623655583315,54.59592421247895,aligned
NQ.v.0,action,hike,60,21.0,11.100295024612649,-8.187594614723855,46.89724992880948,aligned
NQ.v.0,action,hike,68,21.0,16.41932797045196,0.18907523304097887,40.63770994505174,aligned
NQ.v.0,action,hike,78,21.0,15.913715673852588,-1.965634169051056,48.00950433644579,aligned
NQ.v.0,action,hike,89,21.0,19.706431177161416,-6.345458190320038,52.60794685896956,aligned
NQ.v.0,action,hike,101,21.0,21.64252052506505,-4.0946352661582095,66.11988492471765,aligned
NQ.v.0,action,hike,115,21.0,21.753225277132962,-5.024014896374977,41.56428743637238,aligned
NQ.v.0,action,hike,132,21.0,15.193035831679355,-11.451073031427239,30.767794083604844,aligned
NQ.v.0,action,hike,150,21.0,16.924965832722304,-6.709855706336081,23.304024817702963,aligned
NQ.v.0,action,hike,171,21.0,11.691081724998169,-5.612980402043389,28.880290722892028,aligned
NQ.v.0,action,hike,196,21.0,5.965940083666614,-4.119643167076876,50.68841192896567,aligned
NQ.v.0,action,hike,223,21.0,15.42137063825546,-7.790695733685179,46.02090429268086,aligned
NQ.v.0,action,hike,255,21.0,12.573302972480569,-9.476542253392907,56.66289991088427,aligned
NQ.v.0,action,hike,291,21.0,20.62026464717497,-11.443540099635012,83.8292173161131,aligned
NQ.v.0,action,hike,300,21.0,21.652394861639248,-11.019938725408464,79.70352104635683,aligned
NQ.v.0,action,hike,332,21.0,19.777720086371115,-15.818845056108936,80.15879350175777,aligned
NQ.v.0,action,hike,378,21.0,20.617290667334174,-12.671882622374017,93.00352988620482,aligned
NQ.v.0,action,hike,432,21.0,11.967317581628544,-16.071512646249303,81.1702402730923,aligned
NQ.v.0,action,hike,493,21.0,18.44203283942528,-21.014100173395324,74.3884664877443,aligned
NQ.v.0,action,hike,562,21.0,9.552770320269259,-16.557423941802636,93.89026906824697,aligned
NQ.v.0,action,hike,600,21.0,15.408128940341282,-19.585657363342776,84.08014859802793,aligned
NQ.v.0,action,hike,641,21.0,13.63877664504556,-19.14847192781476,104.99770418851674,aligned
NQ.v.0,action,hike,732,21.0,5.127096818405905,-19.087320521448348,84.08014859802793,aligned
NQ.v.0,action,hike,835,21.0,-1.1343763305644277,-14.610914027920765,65.68488481589883,aligned
NQ.v.0,action,hike,953,21.0,4.793223407196499,-12.858731095541094,79.82304024685008,aligned
NQ.v.0,action,hike,1087,21.0,17.105337265698413,-14.416242195956178,65.33157369159332,aligned
NQ.v.0,action,hike,1200,21.0,11.934858795130587,-18.89273581385521,46.415885935707216,aligned
NQ.v.0,action,hike,1240,21.0,6.942184897531174,-20.146975338094023,45.78866826986906,aligned
NQ.v.0,action,hike,1415,21.0,13.889192536408649,-9.158669710206278,71.55898347385528,aligned
NQ.v.0,action,hike,1615,21.0,9.928338582687964,-13.559051738610394,67.86007460978406,aligned
NQ.v.0,action,hike,1800,21.0,12.477736096349815,-10.397097984753067,91.3823226815371,aligned
NQ.v.0,action,hike,1843,21.0,22.978325456239048,-4.257524032965676,83.5354239834221,aligned
NQ.v.0,action,hike,2103,21.0,28.97488940157546,-2.7411892206597117,61.07302909199904,aligned
NQ.v.0,action,hike,2399,21.0,27.14530913212212,-30.394586359691957,46.91740108894165,aligned
NQ.v.0,action,hold,1,63.0,0.0,-0.7058045720436679,1.6004547077235465,aligned
NQ.v.0,action,hold,2,63.0,0.0,-0.8502197510613686,6.908671062192945,aligned
NQ.v.0,action,hold,3,63.0,0.5559313240925969,-0.553048424756583,10.468651318499859,aligned
NQ.v.0,action,hold,4,63.0,0.847828852124167,-0.5887505188757929,11.021706970800235,aligned
NQ.v.0,action,hold,5,63.0,1.115013660072811,-0.4229941056622607,8.79939777511738,aligned
NQ.v.0,action,hold,6,63.0,2.0565168286207975,-0.391558388068234,10.984114930982658,aligned
NQ.v.0,action,hold,7,63.0,2.230258241287278,-0.769725484915728,11.708383464105374,aligned
NQ.v.0,action,hold,8,63.0,1.869543276024766,-0.6773692693914896,12.961253094116309,aligned
NQ.v.0,action,hold,9,63.0,2.301664532095126,-0.8463201757658614,13.071138722222926,aligned
NQ.v.0,action,hold,11,63.0,2.833473783227336,-1.4376313850420601,15.182577605861663,aligned
NQ.v.0,action,hold,12,63.0,3.292452083409744,-1.525508916601377,15.604482105515348,aligned
NQ.v.0,action,hold,14,63.0,2.585872530893401,-0.9750350847777246,15.242753188282709,aligned
NQ.v.0,action,hold,16,63.0,2.436327081793959,-1.3548438584215008,14.554312024075848,aligned
NQ.v.0,action,hold,18,63.0,4.813175637803795,-2.201162938341812,17.242162383131735,aligned
NQ.v.0,action,hold,21,63.0,4.847931881696153,-1.9955722393148236,18.642900388676708,aligned
NQ.v.0,action,hold,24,63.0,5.518558155759482,-2.529937326890838,20.56387241058297,aligned
NQ.v.0,action,hold,27,63.0,4.562694350122764,-2.794948715264429,17.93627123832855,aligned
NQ.v.0,action,hold,30,63.0,4.772629063433526,-2.908341225320507,17.660308892962334,aligned
NQ.v.0,action,hold,31,63.0,4.323962490741737,-3.7804111895952603,17.329545623294777,aligned
NQ.v.0,action,hold,35,63.0,4.404267806629079,-4.840782206133316,19.88816187040066,aligned
NQ.v.0,action,hold,40,63.0,3.9922436939494075,-5.348087678695739,19.748220783450467,aligned
NQ.v.0,action,hold,46,63.0,7.658964097294146,-5.602859179640397,21.31838016211594,aligned
NQ.v.0,action,hold,52,63.0,7.416380651916472,-5.114615577875355,19.36771401618823,aligned
NQ.v.0,action,hold,60,63.0,7.443910480851602,-4.570828772442258,22.58196216903753,aligned
NQ.v.0,action,hold,68,63.0,8.97937253708158,-3.516522233085109,21.982792729041236,aligned
NQ.v.0,action,hold,78,63.0,8.207785990359067,-4.22447347174937,21.441823494113436,aligned
NQ.v.0,action,hold,89,63.0,7.249812101272559,-3.0236128817317818,23.86006821018483,aligned
NQ.v.0,action,hold,101,63.0,7.0077087661066395,-3.720799215462552,21.842703859695746,aligned
NQ.v.0,action,hold,115,63.0,8.79275533656026,-1.0793907532688738,23.63803431867236,aligned
NQ.v.0,action,hold,132,63.0,5.41547884474177,-4.711859759494482,21.680243338141317,aligned
NQ.v.0,action,hold,150,63.0,3.8229953633915366,-4.14484912397509,30.796490788484967,aligned
NQ.v.0,action,hold,171,63.0,3.90559621100311,-8.937742275006936,30.67322745226657,aligned
NQ.v.0,action,hold,196,63.0,2.5703891315193346,-7.7550385073048815,27.772249601638997,aligned
NQ.v.0,action,hold,223,63.0,2.3295361998792266,-7.63494050215242,28.6829544838818,aligned
NQ.v.0,action,hold,255,63.0,3.8609293736501455,-8.721830608863428,23.6884855929231,aligned
NQ.v.0,action,hold,291,63.0,4.646955092200112,-11.271700985177104,25.30306522432301,aligned
NQ.v.0,action,hold,300,63.0,6.196320272609219,-10.03836931351637,23.675211101118606,aligned
NQ.v.0,action,hold,332,63.0,4.206187363533955,-10.303144843325866,22.005430220940298,aligned
NQ.v.0,action,hold,378,63.0,5.31078739592821,-12.832464234081906,24.096512660668864,aligned
NQ.v.0,action,hold,432,63.0,1.6460905386964646,-13.343463761020299,25.804747176953832,aligned
NQ.v.0,action,hold,493,63.0,2.931965103964631,-12.569671388877683,26.541070491914372,aligned
NQ.v.0,action,hold,562,63.0,6.398123435451052,-13.670106378496552,28.307835721101085,aligned
NQ.v.0,action,hold,600,63.0,6.1314532131657495,-13.260346448959158,29.163387614779513,aligned
NQ.v.0,action,hold,641,63.0,4.390177049522159,-12.225300027814306,31.000503507732645,aligned
NQ.v.0,action,hold,732,63.0,6.398123435451052,-11.706636659580314,31.71128917825822,aligned
NQ.v.0,action,hold,835,63.0,1.7946877291533152,-12.129348987541594,28.693484800863295,aligned
NQ.v.0,action,hold,953,63.0,4.206187363533955,-14.052822060028745,26.449951398351224,aligned
NQ.v.0,action,hold,1087,63.0,3.436471570582,-15.821795486806558,29.2151894163908,aligned
NQ.v.0,action,hold,1200,63.0,2.944516910181158,-15.37362764817318,27.287645445684472,aligned
NQ.v.0,action,hold,1240,63.0,1.8930032553080132,-17.565798018571638,29.79273189838409,aligned
NQ.v.0,action,hold,1415,63.0,3.785648232304697,-17.187650644383915,31.850021634626707,aligned
NQ.v.0,action,hold,1615,63.0,1.9856838664378111,-13.795238778871354,26.963436973872344,aligned
NQ.v.0,action,hold,1800,63.0,6.160691561327585,-17.34492195236524,28.995214507975916,aligned
NQ.v.0,action,hold,1843,63.0,5.047212573760379,-18.839122283154484,27.961172050850283,aligned
NQ.v.0,action,hold,2103,63.0,4.300767036401744,-16.010470219711294,37.38423492682876,aligned
NQ.v.0,action,hold,2399,63.0,0.7433404662044207,-19.479740308519663,34.050175711607366,aligned
NQ.v.0,action_x_surprise,cut|large,1,4.0,-0.1058456200695306,-0.3541284519167644,1.3686153393730816,aligned
NQ.v.0,action_x_surprise,cut|large,2,4.0,8.411694575605631,2.975372356928407,14.64359768879228,aligned
NQ.v.0,action_x_surprise,cut|large,3,4.0,9.697182044801895,2.6621771641619394,16.07065009577363,aligned
NQ.v.0,action_x_surprise,cut|large,4,4.0,9.52334868476704,3.0109854592044387,16.51348557606373,aligned
NQ.v.0,action_x_surprise,cut|large,5,4.0,8.077676253061778,0.7068686094475002,16.064494858926746,aligned
NQ.v.0,action_x_surprise,cut|large,6,4.0,11.774359833901332,6.690937299940395,16.76433113543939,aligned
NQ.v.0,action_x_surprise,cut|large,7,4.0,15.165564684946723,13.501209626081422,16.325088872169044,aligned
NQ.v.0,action_x_surprise,cut|large,8,4.0,14.657150544081755,13.26434784986364,15.630015198505134,aligned
NQ.v.0,action_x_surprise,cut|large,9,4.0,13.25820697716596,12.118430314148405,14.260612589338642,aligned
NQ.v.0,action_x_surprise,cut|large,11,4.0,15.77536992855864,14.731396645454446,16.72455084204046,aligned
NQ.v.0,action_x_surprise,cut|large,12,4.0,16.226308722055013,14.48110544680986,18.876560764303438,aligned
NQ.v.0,action_x_surprise,cut|large,14,4.0,17.036267325300052,12.772704102088259,19.57916201823313,aligned
NQ.v.0,action_x_surprise,cut|large,16,4.0,11.271597085516355,4.627084492750501,18.959533352009096,aligned
NQ.v.0,action_x_surprise,cut|large,18,4.0,11.602691428485556,10.094135875872853,15.090312045947236,aligned
NQ.v.0,action_x_surprise,cut|large,21,4.0,8.871783946472378,6.99475369577742,10.138221460065346,aligned
NQ.v.0,action_x_surprise,cut|large,24,4.0,8.446600172509765,6.393140572525505,10.079600855149867,aligned
NQ.v.0,action_x_surprise,cut|large,27,4.0,7.947441552972215,7.219089493474808,8.668696013270516,aligned
NQ.v.0,action_x_surprise,cut|large,30,4.0,13.051770625353544,7.313692064097688,18.570945574754028,aligned
NQ.v.0,action_x_surprise,cut|large,31,4.0,13.174740373837242,8.989458443537046,18.446101363415764,aligned
NQ.v.0,action_x_surprise,cut|large,35,4.0,9.78827584898822,7.492516216653916,12.142713632647974,aligned
NQ.v.0,action_x_surprise,cut|large,40,4.0,9.987508907921166,6.836723893651893,12.545149818604184,aligned
NQ.v.0,action_x_surprise,cut|large,46,4.0,9.715312386818857,6.490772536808915,11.000804796908847,aligned
NQ.v.0,action_x_surprise,cut|large,52,4.0,11.738932984278748,3.06610495209868,16.07043066822686,aligned
NQ.v.0,action_x_surprise,cut|large,60,4.0,9.608306316292284,1.8751132473627585,16.685869065442066,aligned
NQ.v.0,action_x_surprise,cut|large,68,4.0,9.90040212664636,-2.2087426193356903,20.108382192135267,aligned
NQ.v.0,action_x_surprise,cut|large,78,4.0,11.641580425146383,0.6129574268636957,23.028325021986923,aligned
NQ.v.0,action_x_surprise,cut|large,89,4.0,13.378924223364466,-0.47451761496549016,28.38821395620467,aligned
NQ.v.0,action_x_surprise,cut|large,101,4.0,17.4528151790003,3.48324779670613,31.041944380629275,aligned
NQ.v.0,action_x_surprise,cut|large,115,4.0,24.63205262967688,18.879841572450385,25.679809084167594,aligned
NQ.v.0,action_x_surprise,cut|large,132,4.0,26.563622604573553,21.33701933592034,30.798592259930157,aligned
NQ.v.0,action_x_surprise,cut|large,150,4.0,20.20205097404,17.51886239409532,24.96767174700644,aligned
NQ.v.0,action_x_surprise,cut|large,171,4.0,20.249850650778736,14.144994580056801,28.442756962459804,aligned
NQ.v.0,action_x_surprise,cut|large,196,4.0,24.634709728017945,22.069669363859244,28.755056686980915,aligned
NQ.v.0,action_x_surprise,cut|large,223,4.0,22.98737781015771,16.98855198845791,28.558938798533507,aligned
NQ.v.0,action_x_surprise,cut|large,255,4.0,25.405870931703085,22.00979985812457,31.230152140954946,aligned
NQ.v.0,action_x_surprise,cut|large,291,4.0,25.336448404301045,23.15000536826023,26.681128343413583,aligned
NQ.v.0,action_x_surprise,cut|large,300,4.0,24.78930305967915,20.82228109429386,27.16940053326243,aligned
NQ.v.0,action_x_surprise,cut|large,332,4.0,22.270151594029098,14.62633962525265,29.892958791066906,aligned
NQ.v.0,action_x_surprise,cut|large,378,4.0,21.360394876575967,11.730125443707122,36.982451254827325,aligned
NQ.v.0,action_x_surprise,cut|large,432,4.0,10.71327009034933,7.526072091019165,28.7401328706402,aligned
NQ.v.0,action_x_surprise,cut|large,493,4.0,0.8507298673527756,-1.7036618682972438,16.111782866987674,aligned
NQ.v.0,action_x_surprise,cut|large,562,4.0,8.457160118647117,7.873139208873062,26.572809017665396,aligned
NQ.v.0,action_x_surprise,cut|large,600,4.0,10.836070853022683,3.3373312548673097,32.23094428878607,aligned
NQ.v.0,action_x_surprise,cut|large,641,4.0,15.836339553368768,3.8380432074933335,39.17997087685827,aligned
NQ.v.0,action_x_surprise,cut|large,732,4.0,18.93977755509703,1.6014571186875441,41.30381994218955,aligned
NQ.v.0,action_x_surprise,cut|large,835,4.0,16.7182395401365,-13.349230019848353,46.423673918720986,aligned
NQ.v.0,action_x_surprise,cut|large,953,4.0,30.363881891089818,-9.196746303021454,62.83791793277369,aligned
NQ.v.0,action_x_surprise,cut|large,1087,4.0,28.88849671317503,-2.868235751157144,57.68284547473895,aligned
NQ.v.0,action_x_surprise,cut|large,1200,4.0,30.565579285791024,-2.1970517798041946,61.47963666346264,aligned
NQ.v.0,action_x_surprise,cut|large,1240,4.0,33.38951142100847,-6.120223886327665,66.50189225688733,aligned
NQ.v.0,action_x_surprise,cut|large,1415,4.0,38.69462807916577,8.668190880278033,60.87202246706538,aligned
NQ.v.0,action_x_surprise,cut|large,1615,4.0,40.136375249116526,9.115127283236436,62.6621066073736,aligned
NQ.v.0,action_x_surprise,cut|large,1800,4.0,38.311012403299436,11.222153073776605,68.72778772140535,aligned
NQ.v.0,action_x_surprise,cut|large,1843,4.0,35.74662653174381,3.5507736905215808,74.72000994021852,aligned
NQ.v.0,action_x_surprise,cut|large,2103,4.0,27.184212383772564,-7.325310645189237,59.13813550716928,aligned
NQ.v.0,action_x_surprise,cut|large,2399,4.0,63.2826879374564,34.095834781232796,72.02666262743026,aligned
NQ.v.0,action_x_surprise,cut|medium,1,3.0,0.1180268274990762,-0.4885287177842007,0.29223868608233927,aligned
NQ.v.0,action_x_surprise,cut|medium,2,3.0,0.29506968072660195,-0.44761681688491256,4.347255105939524,aligned
NQ.v.0,action_x_surprise,cut|medium,3,3.0,0.29506968072660195,-0.6380503865373173,4.580676361321438,aligned
NQ.v.0,action_x_surprise,cut|medium,4,3.0,0.29506968072660195,-0.4238121106943486,3.724851694364923,aligned
NQ.v.0,action_x_surprise,cut|medium,5,3.0,0.29506968072660195,-0.7332644515611897,2.3247272297086075,aligned
NQ.v.0,action_x_surprise,cut|medium,6,3.0,0.17704076364073018,-1.530126443582176,1.0992418071137169,aligned
NQ.v.0,action_x_surprise,cut|medium,7,3.0,0.1180268274990762,-0.8693922307672122,2.1584326052928846,aligned
NQ.v.0,action_x_surprise,cut|medium,8,3.0,0.17704076364073018,-1.7443198507416966,2.2657127711656715,aligned
NQ.v.0,action_x_surprise,cut|medium,9,3.0,0.17704076364073018,-1.3635252273771488,2.3434871787210634,aligned
NQ.v.0,action_x_surprise,cut|medium,11,3.0,1.0952041971557125,0.7246444294173766,1.247310554530284,aligned
NQ.v.0,action_x_surprise,cut|medium,12,3.0,-0.1904580516207297,-0.32844341984505193,-0.0657224059998933,aligned
NQ.v.0,action_x_surprise,cut|medium,14,3.0,-3.127203450066922,-3.351300819914631,-2.4444010169579515,aligned
NQ.v.0,action_x_surprise,cut|medium,16,3.0,-3.3041857252969566,-4.76072407707289,-1.1997302198756712,aligned
NQ.v.0,action_x_surprise,cut|medium,18,3.0,-2.2376530445712843,-4.7712695472841755,1.1241729958981814,aligned
NQ.v.0,action_x_surprise,cut|medium,21,3.0,-3.4199726735536893,-4.7326228818251845,3.0132891334341867,aligned
NQ.v.0,action_x_surprise,cut|medium,24,3.0,-9.233039705967768,-9.9543520206583,-6.637349975315736,aligned
NQ.v.0,action_x_surprise,cut|medium,27,3.0,-6.2534292657124615,-6.7917234835005145,-5.536072313644044,aligned
NQ.v.0,action_x_surprise,cut|medium,30,3.0,-5.3097659640772115,-6.343681814721602,-3.5876752985353892,aligned
NQ.v.0,action_x_surprise,cut|medium,31,3.0,-6.607280046875539,-6.659368806608821,-3.225899474743593,aligned
NQ.v.0,action_x_surprise,cut|medium,35,3.0,-4.189050120407251,-4.998194713731737,3.1945876399607016,aligned
NQ.v.0,action_x_surprise,cut|medium,40,3.0,-1.003171794010968,-2.453418502161494,2.4534050129797706,aligned
NQ.v.0,action_x_surprise,cut|medium,46,3.0,0.17704076364073018,-3.2434168345093197,2.49903962323991,aligned
NQ.v.0,action_x_surprise,cut|medium,52,3.0,0.649164790709579,-3.887567406481177,5.613695095519117,aligned
NQ.v.0,action_x_surprise,cut|medium,60,3.0,2.360801266910622,-1.2473731457308816,5.457926773376435,aligned
NQ.v.0,action_x_surprise,cut|medium,68,3.0,0.0590132396209431,-2.8027815400832607,1.6623120272439773,aligned
NQ.v.0,action_x_surprise,cut|medium,78,3.0,-1.8092050497594812,-3.5470622500147106,0.2757981085755703,aligned
NQ.v.0,action_x_surprise,cut|medium,89,3.0,0.5713959203888946,-0.7248191948309223,2.4991777931764316,aligned
NQ.v.0,action_x_surprise,cut|medium,101,3.0,0.2360550480477951,-1.0479356834611262,0.8799250312362101,aligned
NQ.v.0,action_x_surprise,cut|medium,115,3.0,-3.6180828364376842,-5.694528542971375,-2.28112365529555,aligned
NQ.v.0,action_x_surprise,cut|medium,132,3.0,-5.379044230718865,-5.720461099781831,-3.338623700668559,aligned
NQ.v.0,action_x_surprise,cut|medium,150,3.0,-3.264544741596163,-5.202120161345974,-0.9535760568477092,aligned
NQ.v.0,action_x_surprise,cut|medium,171,3.0,1.2439164726133451,-1.3774705249843373,1.6547935499624207,aligned
NQ.v.0,action_x_surprise,cut|medium,196,3.0,2.596912050101801,1.220716685055958,5.8239251963800065,aligned
NQ.v.0,action_x_surprise,cut|medium,223,3.0,4.485999036367647,-0.0886550661336587,4.743410352064057,aligned
NQ.v.0,action_x_surprise,cut|medium,255,3.0,2.0656706273114964,1.6547935499624207,3.6761645411430433,aligned
NQ.v.0,action_x_surprise,cut|medium,291,3.0,1.7115253568851212,-1.78669704669241,2.927442840668209,aligned
NQ.v.0,action_x_surprise,cut|medium,300,3.0,1.947620810287526,-2.6009488394504543,3.474221239023996,aligned
NQ.v.0,action_x_surprise,cut|medium,332,3.0,0.5311316942281398,-2.6099850555620554,7.508283894734413,aligned
NQ.v.0,action_x_surprise,cut|medium,378,3.0,0.8262170476881286,-0.8305758976482603,3.0802578807700933,aligned
NQ.v.0,action_x_surprise,cut|medium,432,3.0,-0.6219002163115274,-1.6975648594128443,2.8088032705849324,aligned
NQ.v.0,action_x_surprise,cut|medium,493,3.0,-3.264544741596163,-3.4318469825913995,-1.0846702722202255,aligned
NQ.v.0,action_x_surprise,cut|medium,562,3.0,-5.595710101711434,-5.7771270757358115,-0.5356324619542043,aligned
NQ.v.0,action_x_surprise,cut|medium,600,3.0,-5.3097659640772115,-6.851078677787434,-0.869002845612926,aligned
NQ.v.0,action_x_surprise,cut|medium,641,3.0,-4.425000735953998,-10.446151444062416,0.8596085527670354,aligned
NQ.v.0,action_x_surprise,cut|medium,732,3.0,-5.250784050881369,-12.255864565788215,-1.8873055727486934,aligned
NQ.v.0,action_x_surprise,cut|medium,835,3.0,-2.714232626397008,-11.142767153425782,2.9062402783346917,aligned
NQ.v.0,action_x_surprise,cut|medium,953,3.0,-5.3097659640772115,-19.263615501981448,3.824949449264153,aligned
NQ.v.0,action_x_surprise,cut|medium,1087,3.0,-9.142844297209763,-22.26478698244773,-2.9284358991885164,aligned
NQ.v.0,action_x_surprise,cut|medium,1200,3.0,-3.2451919815839534,-16.681445514490303,-0.9083204792275836,aligned
NQ.v.0,action_x_surprise,cut|medium,1240,3.0,-2.301244747532641,-16.98447344901866,1.3021499033716122,aligned
NQ.v.0,action_x_surprise,cut|medium,1415,3.0,1.593479720440886,-12.09146603355991,6.632978079168534,aligned
NQ.v.0,action_x_surprise,cut|medium,1615,3.0,-1.6522293331891982,-12.473529549742839,2.650986619073193,aligned
NQ.v.0,action_x_surprise,cut|medium,1800,3.0,-1.4162132840872725,-10.493757482270913,0.1014133143918099,aligned
NQ.v.0,action_x_surprise,cut|medium,1843,3.0,-4.425000735953998,-13.08426447857245,-1.9982284282833493,aligned
NQ.v.0,action_x_surprise,cut|medium,2103,3.0,-7.47275691437034,-9.45737158507185,-5.368650827983251,aligned
NQ.v.0,action_x_surprise,cut|medium,2399,3.0,-4.352489537242752,-7.425651006273628,30.78649786713288,aligned
NQ.v.0,action_x_surprise,cut|small,1,1.0,-3.4164674059678877,-3.4164674059678877,-3.4164674059678877,aligned
NQ.v.0,action_x_surprise,cut|small,2,1.0,-2.1961664782453276,-2.1961664782453276,-2.1961664782453276,aligned
NQ.v.0,action_x_surprise,cut|small,3,1.0,-0.48799531534130425,-0.48799531534130425,-0.48799531534130425,aligned
NQ.v.0,action_x_surprise,cut|small,4,1.0,0.3415825519963223,0.3415825519963223,0.3415825519963223,aligned
NQ.v.0,action_x_surprise,cut|small,5,1.0,-0.39039434713991544,-0.39039434713991544,-0.39039434713991544,aligned
NQ.v.0,action_x_surprise,cut|small,6,1.0,0.5855629457448387,0.5855629457448387,0.5855629457448387,aligned
NQ.v.0,action_x_surprise,cut|small,7,1.0,-1.5128629985008037,-1.5128629985008037,-1.5128629985008037,aligned
NQ.v.0,action_x_surprise,cut|small,8,1.0,0.2927857589208514,0.2927857589208514,0.2927857589208514,aligned
NQ.v.0,action_x_surprise,cut|small,9,1.0,0.9271254968598088,0.9271254968598088,0.9271254968598088,aligned
NQ.v.0,action_x_surprise,cut|small,11,1.0,5.95162614038091,5.95162614038091,5.95162614038091,aligned
NQ.v.0,action_x_surprise,cut|small,12,1.0,10.924858551341512,10.924858551341512,10.924858551341512,aligned
NQ.v.0,action_x_surprise,cut|small,14,1.0,11.75349021285591,11.75349021285591,11.75349021285591,aligned
NQ.v.0,action_x_surprise,cut|small,16,1.0,11.461039819733747,11.461039819733747,11.461039819733747,aligned
NQ.v.0,action_x_surprise,cut|small,18,1.0,11.509782145864486,11.509782145864486,11.509782145864486,aligned
NQ.v.0,action_x_surprise,cut|small,21,1.0,11.802231113539724,11.802231113539724,11.802231113539724,aligned
NQ.v.0,action_x_surprise,cut|small,24,1.0,14.09278551081904,14.09278551081904,14.09278551081904,aligned
NQ.v.0,action_x_surprise,cut|small,27,1.0,19.792526253855986,19.792526253855986,19.792526253855986,aligned
NQ.v.0,action_x_surprise,cut|small,30,1.0,23.34712962433116,23.34712962433116,23.34712962433116,aligned
NQ.v.0,action_x_surprise,cut|small,31,1.0,22.422080510868273,22.422080510868273,22.422080510868273,aligned
NQ.v.0,action_x_surprise,cut|small,35,1.0,33.27384790758213,33.27384790758213,33.27384790758213,aligned
NQ.v.0,action_x_surprise,cut|small,40,1.0,36.872282141260655,36.872282141260655,36.872282141260655,aligned
NQ.v.0,action_x_surprise,cut|small,46,1.0,37.69876659288624,37.69876659288624,37.69876659288624,aligned
NQ.v.0,action_x_surprise,cut|small,52,1.0,35.94848338287154,35.94848338287154,35.94848338287154,aligned
NQ.v.0,action_x_surprise,cut|small,60,1.0,30.355247647537798,30.355247647537798,30.355247647537798,aligned
NQ.v.0,action_x_surprise,cut|small,68,1.0,25.09961962501927,25.09961962501927,25.09961962501927,aligned
NQ.v.0,action_x_surprise,cut|small,78,1.0,30.647146008550692,30.647146008550692,30.647146008550692,aligned
NQ.v.0,action_x_surprise,cut|small,89,1.0,25.489020142971643,25.489020142971643,25.489020142971643,aligned
NQ.v.0,action_x_surprise,cut|small,101,1.0,24.758881732742363,24.758881732742363,24.758881732742363,aligned
NQ.v.0,action_x_surprise,cut|small,115,1.0,23.73659838898595,23.73659838898595,23.73659838898595,aligned
NQ.v.0,action_x_surprise,cut|small,132,1.0,22.470769439734678,22.470769439734678,22.470769439734678,aligned
NQ.v.0,action_x_surprise,cut|small,150,1.0,21.496945817900357,21.496945817900357,21.496945817900357,aligned
NQ.v.0,action_x_surprise,cut|small,171,1.0,18.282654857935114,18.282654857935114,18.282654857935114,aligned
NQ.v.0,action_x_surprise,cut|small,196,1.0,11.168580873638208,11.168580873638208,11.168580873638208,aligned
NQ.v.0,action_x_surprise,cut|small,223,1.0,11.948452390199922,11.948452390199922,11.948452390199922,aligned
NQ.v.0,action_x_surprise,cut|small,255,1.0,17.649415130212322,17.649415130212322,17.649415130212322,aligned
NQ.v.0,action_x_surprise,cut|small,291,1.0,11.899712202208304,11.899712202208304,11.899712202208304,aligned
NQ.v.0,action_x_surprise,cut|small,300,1.0,14.823703080697685,14.823703080697685,14.823703080697685,aligned
NQ.v.0,action_x_surprise,cut|small,332,1.0,21.74041061411881,21.74041061411881,21.74041061411881,aligned
NQ.v.0,action_x_surprise,cut|small,378,1.0,23.444498237560683,23.444498237560683,23.444498237560683,aligned
NQ.v.0,action_x_surprise,cut|small,432,1.0,42.461874951302796,42.461874951302796,42.461874951302796,aligned
NQ.v.0,action_x_surprise,cut|small,493,1.0,41.39280319613421,41.39280319613421,41.39280319613421,aligned
NQ.v.0,action_x_surprise,cut|small,562,1.0,36.775044185397185,36.775044185397185,36.775044185397185,aligned
NQ.v.0,action_x_surprise,cut|small,600,1.0,40.95542271635421,40.95542271635421,40.95542271635421,aligned
NQ.v.0,action_x_surprise,cut|small,641,1.0,41.73297478843721,41.73297478843721,41.73297478843721,aligned
NQ.v.0,action_x_surprise,cut|small,732,1.0,32.30107579813574,32.30107579813574,32.30107579813574,aligned
NQ.v.0,action_x_surprise,cut|small,835,1.0,29.86873144402019,29.86873144402019,29.86873144402019,aligned
NQ.v.0,action_x_surprise,cut|small,953,1.0,40.90682370437141,40.90682370437141,40.90682370437141,aligned
NQ.v.0,action_x_surprise,cut|small,1087,1.0,37.844609699735535,37.844609699735535,37.844609699735535,aligned
NQ.v.0,action_x_surprise,cut|small,1200,1.0,36.775044185397185,36.775044185397185,36.775044185397185,aligned
NQ.v.0,action_x_surprise,cut|small,1240,1.0,34.7814576923926,34.7814576923926,34.7814576923926,aligned
NQ.v.0,action_x_surprise,cut|small,1415,1.0,28.019753971950077,28.019753971950077,28.019753971950077,aligned
NQ.v.0,action_x_surprise,cut|small,1615,1.0,13.99532579822795,13.99532579822795,13.99532579822795,aligned
NQ.v.0,action_x_surprise,cut|small,1800,1.0,20.37693140263017,20.37693140263017,20.37693140263017,aligned
NQ.v.0,action_x_surprise,cut|small,1843,1.0,28.749654340874155,28.749654340874155,28.749654340874155,aligned
NQ.v.0,action_x_surprise,cut|small,2103,1.0,47.80552002725644,47.80552002725644,47.80552002725644,aligned
NQ.v.0,action_x_surprise,cut|small,2399,1.0,46.34844544188689,46.34844544188689,46.34844544188689,aligned
NQ.v.0,action_x_surprise,hike|large,1,11.0,0.5688875405681878,-0.44297625819876707,7.12455358906118,aligned
NQ.v.0,action_x_surprise,hike|large,2,11.0,5.095423493605213,2.946272773948486,11.088032999987384,aligned
NQ.v.0,action_x_surprise,hike|large,3,11.0,5.423434794106965,2.7812575026030637,9.82476871838135,aligned
NQ.v.0,action_x_surprise,hike|large,4,11.0,8.837826470077951,3.699910779186074,16.622552769022988,aligned
NQ.v.0,action_x_surprise,hike|large,5,11.0,9.343081118527698,4.801593846837898,20.991954887139624,aligned
NQ.v.0,action_x_surprise,hike|large,6,11.0,10.811710966684748,2.492544761840403,28.55850448573029,aligned
NQ.v.0,action_x_surprise,hike|large,7,11.0,18.723294256101518,1.71044785294194,49.01217037823864,aligned
NQ.v.0,action_x_surprise,hike|large,8,11.0,21.43972596813045,2.2332350087985446,45.513250344501316,aligned
NQ.v.0,action_x_surprise,hike|large,9,11.0,17.09378935040187,2.832469595537285,42.063884343039064,aligned
NQ.v.0,action_x_surprise,hike|large,11,11.0,14.10705315203573,5.7666391981601635,51.81601291590469,aligned
NQ.v.0,action_x_surprise,hike|large,12,11.0,18.723294256101518,6.730810594152773,38.25132115823051,aligned
NQ.v.0,action_x_surprise,hike|large,14,11.0,13.63877664504556,6.014491497707187,28.59554041519143,aligned
NQ.v.0,action_x_surprise,hike|large,16,11.0,14.421802188431212,4.430703594683382,28.720944991909416,aligned
NQ.v.0,action_x_surprise,hike|large,18,11.0,14.144273928105914,3.1019181651392254,38.39309295017773,aligned
NQ.v.0,action_x_surprise,hike|large,21,11.0,14.649796765207226,5.220732341588549,41.765579900707195,aligned
NQ.v.0,action_x_surprise,hike|large,24,11.0,17.39500622237948,6.392228366594697,39.371073122012874,aligned
NQ.v.0,action_x_surprise,hike|large,27,11.0,27.238761541042525,9.018033583444424,48.00540218734201,aligned
NQ.v.0,action_x_surprise,hike|large,30,11.0,29.45709365374471,10.010143554245651,58.39341018334076,aligned
NQ.v.0,action_x_surprise,hike|large,31,11.0,27.95625349540005,8.76809810810873,53.840409104586286,aligned
NQ.v.0,action_x_surprise,hike|large,35,11.0,33.337918566476446,7.925947033673419,67.55742501917074,aligned
NQ.v.0,action_x_surprise,hike|large,40,11.0,40.83036961175508,15.674471646646927,72.00956601358952,aligned
NQ.v.0,action_x_surprise,hike|large,46,11.0,49.49621517024757,15.278903411683995,76.43082520497386,aligned
NQ.v.0,action_x_surprise,hike|large,52,11.0,54.59592421247895,17.627746533409724,87.20107859522031,aligned
NQ.v.0,action_x_surprise,hike|large,60,11.0,46.89724992880948,15.909179995602733,81.95317743177372,aligned
NQ.v.0,action_x_surprise,hike|large,68,11.0,33.94482478408055,20.683380063054642,96.0024780721375,aligned
NQ.v.0,action_x_surprise,hike|large,78,11.0,35.82001155540618,24.840259371747052,83.37229201989021,aligned
NQ.v.0,action_x_surprise,hike|large,89,11.0,47.21484990444936,26.937758980467727,84.45609918274855,aligned
NQ.v.0,action_x_surprise,hike|large,101,11.0,66.11988492471765,24.244804081231386,99.38478160288594,aligned
NQ.v.0,action_x_surprise,hike|large,115,11.0,41.56428743637238,33.79962921426353,104.1990655577078,aligned
NQ.v.0,action_x_surprise,hike|large,132,11.0,28.492661896188633,20.973509956536503,111.24354191967981,aligned
NQ.v.0,action_x_surprise,hike|large,150,11.0,21.352974581342085,18.23155606286289,111.30047389746255,aligned
NQ.v.0,action_x_surprise,hike|large,171,11.0,26.39551510893951,18.06368739894169,127.87624580348552,aligned
NQ.v.0,action_x_surprise,hike|large,196,11.0,50.68841192896567,12.066677918981288,131.17824744230563,aligned
NQ.v.0,action_x_surprise,hike|large,223,11.0,46.02090429268086,16.612208986032325,131.97439889365126,aligned
NQ.v.0,action_x_surprise,hike|large,255,11.0,56.66289991088427,16.075139035953466,128.00349879670512,aligned
NQ.v.0,action_x_surprise,hike|large,291,11.0,83.8292173161131,15.935613378919506,114.91257895235569,aligned
NQ.v.0,action_x_surprise,hike|large,300,11.0,79.70352104635683,17.261924144123025,127.77035776906392,aligned
NQ.v.0,action_x_surprise,hike|large,332,11.0,80.15879350175777,21.3809571319585,127.3538361012134,aligned
NQ.v.0,action_x_surprise,hike|large,378,11.0,93.00352988620482,32.36384717209183,135.02745844280355,aligned
NQ.v.0,action_x_surprise,hike|large,432,11.0,81.1702402730923,30.549172884085337,144.12123940659058,aligned
NQ.v.0,action_x_surprise,hike|large,493,11.0,74.3884664877443,28.528068398887402,149.78536603079579,aligned
NQ.v.0,action_x_surprise,hike|large,562,11.0,93.89026906824697,25.972515095429884,143.2239646300464,aligned
NQ.v.0,action_x_surprise,hike|large,600,11.0,84.08014859802793,22.739930531563566,133.53472983369844,aligned
NQ.v.0,action_x_surprise,hike|large,641,11.0,104.99770418851674,22.894527358476246,132.62753634213013,aligned
NQ.v.0,action_x_surprise,hike|large,732,11.0,84.08014859802793,25.598627773131895,136.5947351642892,aligned
NQ.v.0,action_x_surprise,hike|large,835,11.0,65.68488481589883,21.856721545293162,127.49868422739655,aligned
NQ.v.0,action_x_surprise,hike|large,953,11.0,79.82304024685008,27.449352414183473,135.31832457610102,aligned
NQ.v.0,action_x_surprise,hike|large,1087,11.0,65.33157369159332,18.880737063717994,126.95786601551154,aligned
NQ.v.0,action_x_surprise,hike|large,1200,11.0,46.415885935707216,31.849528128929073,124.65385305579912,aligned
NQ.v.0,action_x_surprise,hike|large,1240,11.0,45.78866826986906,23.694198636647968,136.31015707391234,aligned
NQ.v.0,action_x_surprise,hike|large,1415,11.0,71.55898347385528,30.497726260381846,140.38810965948073,aligned
NQ.v.0,action_x_surprise,hike|large,1615,11.0,67.86007460978406,33.85740958718908,130.66484219746013,aligned
NQ.v.0,action_x_surprise,hike|large,1800,11.0,91.3823226815371,39.53369138370889,148.46635094821258,aligned
NQ.v.0,action_x_surprise,hike|large,1843,11.0,83.5354239834221,37.34788987093581,149.1412666916148,aligned
NQ.v.0,action_x_surprise,hike|large,2103,11.0,61.07302909199904,32.64970123913639,123.96211535809368,aligned
NQ.v.0,action_x_surprise,hike|large,2399,11.0,32.84303072485111,26.08263264357427,79.84464645821186,aligned
NQ.v.0,action_x_surprise,hike|medium,1,6.0,0.24480325333833142,0.05149807912353885,1.9252913237384854,aligned
NQ.v.0,action_x_surprise,hike|medium,2,6.0,3.275235645185003,0.6956298698519667,5.789425825480392,aligned
NQ.v.0,action_x_surprise,hike|medium,3,6.0,9.24534858183753,3.6969022841460664,12.136881485667153,aligned
NQ.v.0,action_x_surprise,hike|medium,4,6.0,7.905961624203558,2.4917088388152306,12.487055946191527,aligned
NQ.v.0,action_x_surprise,hike|medium,5,6.0,8.622143098656467,2.8766361358358625,13.124005076445288,aligned
NQ.v.0,action_x_surprise,hike|medium,6,6.0,11.165448720576736,3.3294256026993305,21.1263545346132,aligned
NQ.v.0,action_x_surprise,hike|medium,7,6.0,9.610386579456234,1.649900475415769,24.66560640287782,aligned
NQ.v.0,action_x_surprise,hike|medium,8,6.0,11.804941838582259,6.252809537017223,22.818372008777896,aligned
NQ.v.0,action_x_surprise,hike|medium,9,6.0,9.524355453392916,5.266938923953706,18.087073495347138,aligned
NQ.v.0,action_x_surprise,hike|medium,11,6.0,6.580666882470422,0.25729409414185955,21.231021903036027,aligned
NQ.v.0,action_x_surprise,hike|medium,12,6.0,2.0176886250367385,-1.0725426152077402,8.595486619945039,aligned
NQ.v.0,action_x_surprise,hike|medium,14,6.0,-5.9063437135792975,-17.57068506914597,4.864984966823246,aligned
NQ.v.0,action_x_surprise,hike|medium,16,6.0,-4.341065582982426,-12.358082172175017,6.928578039290568,aligned
NQ.v.0,action_x_surprise,hike|medium,18,6.0,-4.955525216588448,-12.748899584173715,6.827691327781821,aligned
NQ.v.0,action_x_surprise,hike|medium,21,6.0,-3.6707355135322777,-21.61343248061452,5.666790466397711,aligned
NQ.v.0,action_x_surprise,hike|medium,24,6.0,-6.372377362039726,-28.848693868633184,5.720993946263247,aligned
NQ.v.0,action_x_surprise,hike|medium,27,6.0,-9.541822414105733,-21.31341300855953,5.463040377879924,aligned
NQ.v.0,action_x_surprise,hike|medium,30,6.0,-6.56459301647863,-15.05498305286724,5.401372220410285,aligned
NQ.v.0,action_x_surprise,hike|medium,31,6.0,-7.808329206387652,-15.626357794243265,2.8224574023445657,aligned
NQ.v.0,action_x_surprise,hike|medium,35,6.0,0.018374824491562525,-9.497259652550785,9.937877181108975,aligned
NQ.v.0,action_x_surprise,hike|medium,40,6.0,0.5339184657173415,-4.379716516805856,26.207230859318514,aligned
NQ.v.0,action_x_surprise,hike|medium,46,6.0,0.7590955932815766,-7.28801570364827,9.789390394386501,aligned
NQ.v.0,action_x_surprise,hike|medium,52,6.0,3.572562482183646,-7.02289458689507,15.765159866592562,aligned
NQ.v.0,action_x_surprise,hike|medium,60,6.0,4.581770200053853,-9.544985636698351,18.123386642231736,aligned
NQ.v.0,action_x_surprise,hike|medium,68,6.0,5.51002644245801,-0.6033069516949612,18.947040559198197,aligned
NQ.v.0,action_x_surprise,hike|medium,78,6.0,1.6158351355229001,-2.3672890752796385,10.763554226248273,aligned
NQ.v.0,action_x_surprise,hike|medium,89,6.0,-1.5459545409156066,-7.840708203978216,7.001719185263766,aligned
NQ.v.0,action_x_surprise,hike|medium,101,6.0,3.2343450054326057,-6.412093099135147,5.046846125205301,aligned
NQ.v.0,action_x_surprise,hike|medium,115,6.0,6.429753119868679,-4.89763353470984,9.610776442427735,aligned
NQ.v.0,action_x_surprise,hike|medium,132,6.0,4.319779343523751,-12.23045582307203,12.268128387449607,aligned
NQ.v.0,action_x_surprise,hike|medium,150,6.0,11.13502575517844,-2.645704970436726,20.494363009484417,aligned
NQ.v.0,action_x_surprise,hike|medium,171,6.0,-2.5185382974136536,-5.414788040014192,8.71409488352345,aligned
NQ.v.0,action_x_surprise,hike|medium,196,6.0,1.7022204677926733,-3.0659553467701484,9.853691257205673,aligned
NQ.v.0,action_x_surprise,hike|medium,223,6.0,14.072337455675498,-2.66219573199,18.179272006496895,aligned
NQ.v.0,action_x_surprise,hike|medium,255,6.0,10.589923657178172,-4.955770604575736,13.194318802647619,aligned
NQ.v.0,action_x_surprise,hike|medium,291,6.0,7.994518904569588,-9.123473810677728,25.15662652339251,aligned
NQ.v.0,action_x_surprise,hike|medium,300,6.0,10.400800275051727,-8.828250866409743,22.0149324078718,aligned
NQ.v.0,action_x_surprise,hike|medium,332,6.0,15.453690890289154,-5.348384841169404,25.721317744322867,aligned
NQ.v.0,action_x_surprise,hike|medium,378,6.0,6.50035467222874,-3.290653387192429,17.42537500515398,aligned
NQ.v.0,action_x_surprise,hike|medium,432,6.0,-7.716995784222509,-18.56571967724162,0.35538082406052496,aligned
NQ.v.0,action_x_surprise,hike|medium,493,6.0,-17.733884149917802,-29.3927356893329,-13.610046155280743,aligned
NQ.v.0,action_x_surprise,hike|medium,562,6.0,-13.62360691963166,-35.290725730112854,4.346882316537026,aligned
NQ.v.0,action_x_surprise,hike|medium,600,6.0,-15.96974945988989,-28.75903163619117,0.6703160778305284,aligned
NQ.v.0,action_x_surprise,hike|medium,641,6.0,-23.378068408756047,-37.567178443494996,-1.1701083854972474,aligned
NQ.v.0,action_x_surprise,hike|medium,732,6.0,-17.224780120510562,-28.6136784370353,2.0451029069021347,aligned
NQ.v.0,action_x_surprise,hike|medium,835,6.0,-12.257197140077412,-23.508228835726563,-2.9101797196790824,aligned
NQ.v.0,action_x_surprise,hike|medium,953,6.0,-14.14813353907077,-31.945303914738503,-2.8370877818362286,aligned
NQ.v.0,action_x_surprise,hike|medium,1087,6.0,-11.875206794671497,-16.772120249210367,10.070851818236203,aligned
NQ.v.0,action_x_surprise,hike|medium,1200,6.0,-19.506684502971254,-23.536872208646113,4.676283643426069,aligned
NQ.v.0,action_x_surprise,hike|medium,1240,6.0,-20.88624242951974,-23.69144823614914,0.16989483862487464,aligned
NQ.v.0,action_x_surprise,hike|medium,1415,6.0,-20.971511033495098,-40.9180919807618,7.104744955440784,aligned
NQ.v.0,action_x_surprise,hike|medium,1615,6.0,-6.593617791147923,-32.262804370874676,7.525494607025884,aligned
NQ.v.0,action_x_surprise,hike|medium,1800,6.0,-6.202794947637589,-10.449838550383195,2.914325926904413,aligned
NQ.v.0,action_x_surprise,hike|medium,1843,6.0,-1.3562391096417081,-24.991233332340826,9.825957157276102,aligned
NQ.v.0,action_x_surprise,hike|medium,2103,6.0,1.4494844266396896,-9.418028564840647,26.944744923004365,aligned
NQ.v.0,action_x_surprise,hike|medium,2399,6.0,-48.271281417321674,-72.02359397787669,12.760335259168599,aligned
NQ.v.0,action_x_surprise,hike|small,1,4.0,-0.24572238290108528,-0.6198348056940575,0.0,aligned
NQ.v.0,action_x_surprise,hike|small,2,4.0,-2.0599392358087885,-5.525654092086782,0.20478207103462756,aligned
NQ.v.0,action_x_surprise,hike|small,3,4.0,-2.30099435505354,-6.141194115473446,0.19211760537234274,aligned
NQ.v.0,action_x_surprise,hike|small,4,4.0,-2.3997442572918732,-5.7197901567871305,-0.7947080953974973,aligned
NQ.v.0,action_x_surprise,hike|small,5,4.0,-3.7442823150702886,-7.254387384402245,-0.6030090153097534,aligned
NQ.v.0,action_x_surprise,hike|small,6,4.0,-3.3422763048637862,-7.741289713334584,0.4271850525780604,aligned
NQ.v.0,action_x_surprise,hike|small,7,4.0,-3.8505034183371087,-8.40164324032224,0.18706373916745478,aligned
NQ.v.0,action_x_surprise,hike|small,8,4.0,-6.8898905611736625,-13.685603867612809,-0.12840616901010926,aligned
NQ.v.0,action_x_surprise,hike|small,9,4.0,-7.7752221081202,-14.757046312727116,-1.2253855806326701,aligned
NQ.v.0,action_x_surprise,hike|small,11,4.0,-8.742224549352658,-15.78283404927496,-3.9780431053010465,aligned
NQ.v.0,action_x_surprise,hike|small,12,4.0,-11.77455393275883,-16.03331246494264,-9.93199058394008,aligned
NQ.v.0,action_x_surprise,hike|small,14,4.0,-15.401615884175634,-19.135753967584307,-11.356873481131466,aligned
NQ.v.0,action_x_surprise,hike|small,16,4.0,-10.711267219992397,-16.18833809168746,-8.11252082225587,aligned
NQ.v.0,action_x_surprise,hike|small,18,4.0,-11.509412496665163,-18.559530513563217,-7.810783816857587,aligned
NQ.v.0,action_x_surprise,hike|small,21,4.0,-11.671829495469908,-19.972876460939865,-7.390184621638847,aligned
NQ.v.0,action_x_surprise,hike|small,24,4.0,-10.951380610806641,-19.546011942724864,-8.184819565982316,aligned
NQ.v.0,action_x_surprise,hike|small,27,4.0,-9.805904167375608,-18.266039245701386,-7.214327323582459,aligned
NQ.v.0,action_x_surprise,hike|small,30,4.0,-9.13811317954092,-16.923357761352058,-5.5575344420965695,aligned
NQ.v.0,action_x_surprise,hike|small,31,4.0,-9.837987023977405,-19.049090597804515,-6.461275932957112,aligned
NQ.v.0,action_x_surprise,hike|small,35,4.0,-5.665944785179871,-17.866771328501375,1.907475418168392,aligned
NQ.v.0,action_x_surprise,hike|small,40,4.0,-8.742224549352658,-17.85471958358982,-3.827275699158422,aligned
NQ.v.0,action_x_surprise,hike|small,46,4.0,-11.05359354144508,-18.08080982587314,-7.70260278287313,aligned
NQ.v.0,action_x_surprise,hike|small,52,4.0,-12.334726758240947,-18.504438192306367,-9.263042128783056,aligned
NQ.v.0,action_x_surprise,hike|small,60,4.0,-11.59392046890411,-17.567535539952367,-4.808642707719449,aligned
NQ.v.0,action_x_surprise,hike|small,68,4.0,-6.3177431880546635,-11.302678899308468,-2.400990849728683,aligned
NQ.v.0,action_x_surprise,hike|small,78,4.0,-9.362265117268773,-15.392700709100826,-3.4306196654790786,aligned
NQ.v.0,action_x_surprise,hike|small,89,4.0,-11.229813438275052,-15.135096808596817,-7.447819802202348,aligned
NQ.v.0,action_x_surprise,hike|small,101,4.0,-9.17072252291159,-17.43415480770705,-4.113567670252735,aligned
NQ.v.0,action_x_surprise,hike|small,115,4.0,-14.63493379679813,-21.184346706229668,-8.746978337195207,aligned
NQ.v.0,action_x_surprise,hike|small,132,4.0,-19.592207284137515,-20.667175020259958,-17.351863065942815,aligned
NQ.v.0,action_x_surprise,hike|small,150,4.0,-18.0475761948569,-20.234025146781327,-16.366994934874675,aligned
NQ.v.0,action_x_surprise,hike|small,171,4.0,-19.861922121949522,-24.688108629379702,-15.858268883441294,aligned
NQ.v.0,action_x_surprise,hike|small,196,4.0,-23.002354309678992,-25.047394998214696,-18.8580550818141,aligned
NQ.v.0,action_x_surprise,hike|small,223,4.0,-27.459026015219653,-30.699780455978335,-15.88721743016455,aligned
NQ.v.0,action_x_surprise,hike|small,255,4.0,-26.020539320679557,-29.685397869102353,-18.055526956432583,aligned
NQ.v.0,action_x_surprise,hike|small,291,4.0,-18.343613510146334,-23.182518432759533,-11.719960243584739,aligned
NQ.v.0,action_x_surprise,hike|small,300,4.0,-22.86638748386961,-25.62340031424442,-16.351600820263123,aligned
NQ.v.0,action_x_surprise,hike|small,332,4.0,-17.731507798885367,-20.602664382215252,-14.196886354167608,aligned
NQ.v.0,action_x_surprise,hike|small,378,4.0,-13.890441037882859,-17.60144080106914,-8.213725253655275,aligned
NQ.v.0,action_x_surprise,hike|small,432,4.0,-17.287533842792556,-20.095048695056107,-9.061805089279842,aligned
NQ.v.0,action_x_surprise,hike|small,493,4.0,-17.899383814089248,-22.867819707568028,-5.137366725098851,aligned
NQ.v.0,action_x_surprise,hike|small,562,4.0,-17.60768358066342,-20.17560364774343,-10.482587232080412,aligned
NQ.v.0,action_x_surprise,hike|small,600,4.0,-18.2305488088609,-20.86096385348303,-6.365540123796503,aligned
NQ.v.0,action_x_surprise,hike|small,641,4.0,-16.326362811778427,-18.464480552654194,-6.587381068028298,aligned
NQ.v.0,action_x_surprise,hike|small,732,4.0,-20.997856685872193,-23.408509871463615,-13.033716186484785,aligned
NQ.v.0,action_x_surprise,hike|small,835,4.0,-20.030291735869245,-25.590589219841867,-12.791739130335172,aligned
NQ.v.0,action_x_surprise,hike|small,953,4.0,-24.41705521753863,-36.22652343852367,-12.807969997465959,aligned
NQ.v.0,action_x_surprise,hike|small,1087,4.0,-26.32825839689155,-40.121312493044556,-14.352494087361192,aligned
NQ.v.0,action_x_surprise,hike|small,1200,4.0,-25.144684663831526,-34.45854490164705,-15.927780442286586,aligned
NQ.v.0,action_x_surprise,hike|small,1240,4.0,-20.300681367394702,-29.62903495966264,-13.519764079121007,aligned
NQ.v.0,action_x_surprise,hike|small,1415,4.0,-6.538808937247349,-16.434089163438777,-3.797502679733313,aligned
NQ.v.0,action_x_surprise,hike|small,1615,4.0,-14.27964903084738,-19.91754693744777,-7.818772421284059,aligned
NQ.v.0,action_x_surprise,hike|small,1800,4.0,-17.556180607472733,-24.738868787268082,-7.877856286169013,aligned
NQ.v.0,action_x_surprise,hike|small,1843,4.0,-20.310067345700336,-26.88228527428663,-7.40332126098818,aligned
NQ.v.0,action_x_surprise,hike|small,2103,4.0,-8.63753121110774,-28.77042190263152,10.811465521745589,aligned
NQ.v.0,action_x_surprise,hike|small,2399,4.0,-27.446443348039537,-43.950804621075285,-3.3157901792578315,aligned
NQ.v.0,action_x_surprise,hold|large,1,16.0,0.6584975829703094,-0.06715826517173365,10.692457343643126,aligned
NQ.v.0,action_x_surprise,hold|large,2,16.0,13.065744581726499,8.270387231126525,20.107592766967244,aligned
NQ.v.0,action_x_surprise,hold|large,3,16.0,15.306238693912142,7.134284608885094,21.568096857959176,aligned
NQ.v.0,action_x_surprise,hold|large,4,16.0,15.394941852401356,6.924052928624174,19.787948024418043,aligned
NQ.v.0,action_x_surprise,hold|large,5,16.0,16.43852795472337,4.808865614248853,21.566027974356174,aligned
NQ.v.0,action_x_surprise,hold|large,6,16.0,13.93688892900408,6.360681879657406,21.934396840266448,aligned
NQ.v.0,action_x_surprise,hold|large,7,16.0,15.689938498373966,7.92540769295207,25.594828482800096,aligned
NQ.v.0,action_x_surprise,hold|large,8,16.0,15.635197295898049,10.343907924440632,27.251430139620343,aligned
NQ.v.0,action_x_surprise,hold|large,9,16.0,16.209253118802454,10.623975995863347,28.19148992711608,aligned
NQ.v.0,action_x_surprise,hold|large,11,16.0,20.11689392177872,10.693080234001842,26.44293562433092,aligned
NQ.v.0,action_x_surprise,hold|large,12,16.0,18.78153243744064,12.162820181223408,23.46487095147246,aligned
NQ.v.0,action_x_surprise,hold|large,14,16.0,18.995225566144498,8.693134025442658,29.961451553223217,aligned
NQ.v.0,action_x_surprise,hold|large,16,16.0,14.434960398604957,7.903472003097257,23.061875545289325,aligned
NQ.v.0,action_x_surprise,hold|large,18,16.0,17.759693103826304,12.40083279454571,26.996343402469684,aligned
NQ.v.0,action_x_surprise,hold|large,21,16.0,20.957793098359375,15.39145728330095,26.008816541754424,aligned
NQ.v.0,action_x_surprise,hold|large,24,16.0,23.234975703488352,14.091817272898243,27.87062997845648,aligned
NQ.v.0,action_x_surprise,hold|large,27,16.0,20.685201330963086,11.129374788543597,28.835721641294455,aligned
NQ.v.0,action_x_surprise,hold|large,30,16.0,24.17403644897901,11.79423350716485,29.55498927992557,aligned
NQ.v.0,action_x_surprise,hold|large,31,16.0,24.917864064479424,14.75936723535001,30.3139012124875,aligned
NQ.v.0,action_x_surprise,hold|large,35,16.0,30.391942323731012,14.629894446532875,36.22124036642473,aligned
NQ.v.0,action_x_surprise,hold|large,40,16.0,30.495351547624935,17.777011761145186,36.81876049978948,aligned
NQ.v.0,action_x_surprise,hold|large,46,16.0,27.17123933154337,17.798010353637537,42.56658133698761,aligned
NQ.v.0,action_x_surprise,hold|large,52,16.0,29.850251212269022,14.734986202133172,45.287705090250604,aligned
NQ.v.0,action_x_surprise,hold|large,60,16.0,33.74797342984863,21.56092120494978,41.538574406428765,aligned
NQ.v.0,action_x_surprise,hold|large,68,16.0,33.393042430161074,24.168862898625278,43.61887014149585,aligned
NQ.v.0,action_x_surprise,hold|large,78,16.0,37.09284097813106,25.851779729673783,47.57362999312195,aligned
NQ.v.0,action_x_surprise,hold|large,89,16.0,35.12519611812962,22.272104628702948,44.86541162400679,aligned
NQ.v.0,action_x_surprise,hold|large,101,16.0,34.54572015148135,22.187360360379564,51.10111684405842,aligned
NQ.v.0,action_x_surprise,hold|large,115,16.0,37.323944211101555,26.571917049866116,50.08477146327639,aligned
NQ.v.0,action_x_surprise,hold|large,132,16.0,38.83293763624508,25.53587502656921,49.091005534594075,aligned
NQ.v.0,action_x_surprise,hold|large,150,16.0,40.452149101936484,34.695384971114656,48.151074432446975,aligned
NQ.v.0,action_x_surprise,hold|large,171,16.0,41.14395191525736,33.60320068963111,50.51784296188308,aligned
NQ.v.0,action_x_surprise,hold|large,196,16.0,43.56388722105636,34.707026643093705,54.90961577089659,aligned
NQ.v.0,action_x_surprise,hold|large,223,16.0,38.34923342312082,32.13187506643018,52.234470718053515,aligned
NQ.v.0,action_x_surprise,hold|large,255,16.0,41.864177276464545,25.51291907924344,57.0410295553846,aligned
NQ.v.0,action_x_surprise,hold|large,291,16.0,40.56510146663338,28.948506870079797,58.830072511765266,aligned
NQ.v.0,action_x_surprise,hold|large,300,16.0,43.8432950927522,22.826186899089542,58.88429385435142,aligned
NQ.v.0,action_x_surprise,hold|large,332,16.0,46.897846360804365,23.1471074149468,64.38599508726305,aligned
NQ.v.0,action_x_surprise,hold|large,378,16.0,51.57720143243587,22.499308572273012,69.97732773863042,aligned
NQ.v.0,action_x_surprise,hold|large,432,16.0,50.28522395607179,26.666639522805916,67.26560919361712,aligned
NQ.v.0,action_x_surprise,hold|large,493,16.0,41.632958794376805,24.098369705189008,55.766421347448265,aligned
NQ.v.0,action_x_surprise,hold|large,562,16.0,44.7734822853559,26.311817321797438,54.78393972467778,aligned
NQ.v.0,action_x_surprise,hold|large,600,16.0,41.346433102681466,25.331789795358638,56.59819846770447,aligned
NQ.v.0,action_x_surprise,hold|large,641,16.0,42.7948341641533,26.352693470751277,60.14734857039155,aligned
NQ.v.0,action_x_surprise,hold|large,732,16.0,36.37015793759214,21.57268697164563,62.52228008781,aligned
NQ.v.0,action_x_surprise,hold|large,835,16.0,32.23568920541294,18.80431768811262,63.80323794141425,aligned
NQ.v.0,action_x_surprise,hold|large,953,16.0,39.20984922967209,21.661553803350294,56.179258425155965,aligned
NQ.v.0,action_x_surprise,hold|large,1087,16.0,31.936122827476375,24.67202527138268,62.33489078000959,aligned
NQ.v.0,action_x_surprise,hold|large,1200,16.0,34.06291319848996,24.608587847218143,67.99874706273778,aligned
NQ.v.0,action_x_surprise,hold|large,1240,16.0,31.5542434061326,20.330711886063476,69.6610094882709,aligned
NQ.v.0,action_x_surprise,hold|large,1415,16.0,41.35337530370633,15.0154504804995,75.50896433227871,aligned
NQ.v.0,action_x_surprise,hold|large,1615,16.0,37.69145404769188,15.941429894907282,65.18690573566198,aligned
NQ.v.0,action_x_surprise,hold|large,1800,16.0,44.60209902535962,18.356269195708254,64.4638917399258,aligned
NQ.v.0,action_x_surprise,hold|large,1843,16.0,45.901307757900796,17.643477470466717,67.34916779419909,aligned
NQ.v.0,action_x_surprise,hold|large,2103,16.0,50.689142334385046,15.293603773947563,74.31812707259897,aligned
NQ.v.0,action_x_surprise,hold|large,2399,16.0,43.98915159400147,9.708983427437943,68.58358704424985,aligned
NQ.v.0,action_x_surprise,hold|medium,1,21.0,0.0,-0.7805284181355863,1.4892254565931051,aligned
NQ.v.0,action_x_surprise,hold|medium,2,21.0,0.47100715468553217,-1.6512852541064231,3.296348965103521,aligned
NQ.v.0,action_x_surprise,hold|medium,3,21.0,0.0,-1.0571383275339072,2.8673835321906727,aligned
NQ.v.0,action_x_surprise,hold|medium,4,21.0,0.3669893114774775,-0.7304512974842623,3.6637330663481955,aligned
NQ.v.0,action_x_surprise,hold|medium,5,21.0,0.429896944215659,-0.34875407609920384,5.417007789083492,aligned
NQ.v.0,action_x_surprise,hold|medium,6,21.0,1.8656965098963343,-0.4298784638718559,9.484774262081515,aligned
NQ.v.0,action_x_surprise,hold|medium,7,21.0,2.230258241287278,-0.17945105921394075,8.299669336583143,aligned
NQ.v.0,action_x_surprise,hold|medium,8,21.0,3.998347403029623,-0.22260559854031017,9.366667457681267,aligned
NQ.v.0,action_x_surprise,hold|medium,9,21.0,4.634228678880503,-0.17945105921394075,11.587263033397463,aligned
NQ.v.0,action_x_surprise,hold|medium,11,21.0,4.825459408085061,-0.17945105921394075,11.599405309069859,aligned
NQ.v.0,action_x_surprise,hold|medium,12,21.0,6.664800769226744,0.0,14.510196102541112,aligned
NQ.v.0,action_x_surprise,hold|medium,14,21.0,6.240650698578533,-0.24347783744141197,14.223789989524132,aligned
NQ.v.0,action_x_surprise,hold|medium,16,21.0,7.0669110904211365,-0.297871706678276,14.83637465789185,aligned
NQ.v.0,action_x_surprise,hold|medium,18,21.0,8.302841786510943,0.29786283418719783,14.043677555429243,aligned
NQ.v.0,action_x_surprise,hold|medium,21,21.0,8.599685208216231,1.585917059862119,17.115443650703384,aligned
NQ.v.0,action_x_surprise,hold|medium,24,21.0,7.130125079255501,1.947609315729592,13.779800995394602,aligned
NQ.v.0,action_x_surprise,hold|medium,27,21.0,5.41547884474177,-0.3343515133289237,15.469144814076484,aligned
NQ.v.0,action_x_surprise,hold|medium,30,21.0,5.703693295936314,0.19106302692216462,16.954586760395056,aligned
NQ.v.0,action_x_surprise,hold|medium,31,21.0,5.841690361821336,-1.0985415677686607,17.307918524718705,aligned
NQ.v.0,action_x_surprise,hold|medium,35,21.0,5.418431354139284,-2.2258330271975137,18.86212758102655,aligned
NQ.v.0,action_x_surprise,hold|medium,40,21.0,6.791483374112091,-5.020412043459703,18.427541056154173,aligned
NQ.v.0,action_x_surprise,hold|medium,46,21.0,5.841690361821336,-5.284574450521098,15.190898639278203,aligned
NQ.v.0,action_x_surprise,hold|medium,52,21.0,9.004515033889662,-4.786750366637115,14.461400512134999,aligned
NQ.v.0,action_x_surprise,hold|medium,60,21.0,8.841733555674448,-3.692837987927697,15.639926013987328,aligned
NQ.v.0,action_x_surprise,hold|medium,68,21.0,11.854222823877889,-0.6839617804823619,16.026531705507853,aligned
NQ.v.0,action_x_surprise,hold|medium,78,21.0,11.214678945647908,-1.094316395319555,15.477114822345026,aligned
NQ.v.0,action_x_surprise,hold|medium,89,21.0,9.004515033889662,0.9075818919758668,17.070767795451538,aligned
NQ.v.0,action_x_surprise,hold|medium,101,21.0,7.058279776561823,2.052166068479752,17.12084881043589,aligned
NQ.v.0,action_x_surprise,hold|medium,115,21.0,8.79275533656026,1.8502610242432358,14.83637465789185,aligned
NQ.v.0,action_x_surprise,hold|medium,132,21.0,5.41547884474177,-1.231097524997039,11.337011043500812,aligned
NQ.v.0,action_x_surprise,hold|medium,150,21.0,3.8229953633915366,-1.5324322283457696,10.831850367855537,aligned
NQ.v.0,action_x_surprise,hold|medium,171,21.0,3.9605344909468525,-2.9311057139926415,11.635903359722608,aligned
NQ.v.0,action_x_surprise,hold|medium,196,21.0,5.133177549547674,-2.893486337335533,15.011674738292749,aligned
NQ.v.0,action_x_surprise,hold|medium,223,21.0,3.7008644584291197,-5.118675487595076,13.431065056634385,aligned
NQ.v.0,action_x_surprise,hold|medium,255,21.0,8.93610268603498,0.0,17.630696663449893,aligned
NQ.v.0,action_x_surprise,hold|medium,291,21.0,7.464875443289346,1.2173002729621538,18.044289150830796,aligned
NQ.v.0,action_x_surprise,hold|medium,300,21.0,10.39903036104531,0.1930110691910762,19.361214392616684,aligned
NQ.v.0,action_x_surprise,hold|medium,332,21.0,8.548276472844506,-8.874484511901972,14.228765011003578,aligned
NQ.v.0,action_x_surprise,hold|medium,378,21.0,6.465799931096055,-9.12276861401029,13.139007705420017,aligned
NQ.v.0,action_x_surprise,hold|medium,432,21.0,7.710616498481509,-10.417069501754623,19.19324693249182,aligned
NQ.v.0,action_x_surprise,hold|medium,493,21.0,4.950913253375649,-11.124214109100329,21.73586342102318,aligned
NQ.v.0,action_x_surprise,hold|medium,562,21.0,6.498191724632531,-14.76317676380635,23.750031061578444,aligned
NQ.v.0,action_x_surprise,hold|medium,600,21.0,7.932185016001643,-12.209216350550385,24.76753855067557,aligned
NQ.v.0,action_x_surprise,hold|medium,641,21.0,6.450395489542347,-10.801130383359173,26.19984826079058,aligned
NQ.v.0,action_x_surprise,hold|medium,732,21.0,6.398123435451052,-8.233108685931734,23.34631410603746,aligned
NQ.v.0,action_x_surprise,hold|medium,835,21.0,2.132252999896127,-8.677948543654745,20.204438990899984,aligned
NQ.v.0,action_x_surprise,hold|medium,953,21.0,5.5518104293118915,-7.343369601329905,17.30976452069776,aligned
NQ.v.0,action_x_surprise,hold|medium,1087,21.0,4.42028598119018,-9.297874464874626,27.474882644274434,aligned
NQ.v.0,action_x_surprise,hold|medium,1200,21.0,5.121296913348737,-11.413743725753616,26.30151229801392,aligned
NQ.v.0,action_x_surprise,hold|medium,1240,21.0,3.948738249966568,-13.99802143392962,22.09417443750683,aligned
NQ.v.0,action_x_surprise,hold|medium,1415,21.0,6.163622876306734,-14.98545297770376,24.07500889254843,aligned
NQ.v.0,action_x_surprise,hold|medium,1615,21.0,4.675862614834589,-7.65770114955106,26.764098460990024,aligned
NQ.v.0,action_x_surprise,hold|medium,1800,21.0,12.563254138915033,-8.524468402934545,27.960484547930605,aligned
NQ.v.0,action_x_surprise,hold|medium,1843,21.0,15.296589453776729,-12.251639523234994,26.017935431751688,aligned
NQ.v.0,action_x_surprise,hold|medium,2103,21.0,8.913409444702657,-2.8506271572749586,17.03331549042838,aligned
NQ.v.0,action_x_surprise,hold|medium,2399,21.0,4.2304481566081185,-14.489982577361642,29.3388495874252,aligned
NQ.v.0,action_x_surprise,hold|small,1,26.0,-0.2283044675017833,-0.8275227522860673,0.192759852362344,aligned
NQ.v.0,action_x_surprise,hold|small,2,26.0,-0.38100684988046174,-0.8745521180110409,0.05366975923783743,aligned
NQ.v.0,action_x_surprise,hold|small,3,26.0,-0.11391466818082577,-0.6057926323500638,1.5072317467896374,aligned
NQ.v.0,action_x_surprise,hold|small,4,26.0,0.36083341614063313,-0.605144662425849,2.169809189904549,aligned
NQ.v.0,action_x_surprise,hold|small,5,26.0,0.08542139607168393,-0.6769348167625706,2.469003228432568,aligned
NQ.v.0,action_x_surprise,hold|small,6,26.0,0.254286992686463,-0.9181306654578978,2.3973158478196988,aligned
NQ.v.0,action_x_surprise,hold|small,7,26.0,0.1797307884909255,-1.5384289953015258,2.2927067719340872,aligned
NQ.v.0,action_x_surprise,hold|small,8,26.0,0.015284015476106666,-1.7851403965492467,1.812241040428135,aligned
NQ.v.0,action_x_surprise,hold|small,9,26.0,0.06022965372708402,-3.2873702848435986,3.1873925442197826,aligned
NQ.v.0,action_x_surprise,hold|small,11,26.0,-0.7374647541669732,-4.426231099427249,2.6738172384408614,aligned
NQ.v.0,action_x_surprise,hold|small,12,26.0,-0.2742039098769177,-7.398616712730693,3.210812127804724,aligned
NQ.v.0,action_x_surprise,hold|small,14,26.0,-0.4301482293451091,-7.114894628037204,2.59032067514295,aligned
NQ.v.0,action_x_surprise,hold|small,16,26.0,-1.225790961078202,-5.868648929234969,2.1235471780933417,aligned
NQ.v.0,action_x_surprise,hold|small,18,26.0,-1.8852490413061864,-6.710512368444391,4.016971016638732,aligned
NQ.v.0,action_x_surprise,hold|small,21,26.0,-1.42451123076808,-6.600753623596247,3.9861860036450683,aligned
NQ.v.0,action_x_surprise,hold|small,24,26.0,-2.246345892639667,-6.415636894538195,1.328146947891981,aligned
NQ.v.0,action_x_surprise,hold|small,27,26.0,-3.073455525891316,-7.306040805026631,4.88779642308212,aligned
NQ.v.0,action_x_surprise,hold|small,30,26.0,-2.017338153407136,-10.124967903734113,4.137009712463862,aligned
NQ.v.0,action_x_surprise,hold|small,31,26.0,-3.084616676188903,-9.13909572054756,3.1154823612091205,aligned
NQ.v.0,action_x_surprise,hold|small,35,26.0,-4.720129655975265,-8.769140930382013,3.6760013328473082,aligned
NQ.v.0,action_x_surprise,hold|small,40,26.0,-2.6207656415127873,-9.31796991407536,3.357411781559067,aligned
NQ.v.0,action_x_surprise,hold|small,46,26.0,-3.6172415562768814,-9.484475794195745,8.669822434907546,aligned
NQ.v.0,action_x_surprise,hold|small,52,26.0,-3.9031383173500958,-9.562144892774391,7.718277697394049,aligned
NQ.v.0,action_x_surprise,hold|small,60,26.0,-3.5935375471532476,-11.369842393316292,6.075044241794326,aligned
NQ.v.0,action_x_surprise,hold|small,68,26.0,-2.217394608917809,-9.557593255092884,7.724508236258439,aligned
NQ.v.0,action_x_surprise,hold|small,78,26.0,-2.4403305633350483,-11.522428409068073,4.757401189636217,aligned
NQ.v.0,action_x_surprise,hold|small,89,26.0,-2.371695809673561,-9.858733069330452,5.581108249262336,aligned
NQ.v.0,action_x_surprise,hold|small,101,26.0,-1.595913968319035,-10.115543113551382,3.8296919570718995,aligned
NQ.v.0,action_x_surprise,hold|small,115,26.0,0.2922295232168056,-12.698334895131614,6.40587998501418,aligned
NQ.v.0,action_x_surprise,hold|small,132,26.0,-4.689589798908434,-18.43876988287618,2.9837597625829373,aligned
NQ.v.0,action_x_surprise,hold|small,150,26.0,-4.257242112630264,-20.492985277741496,1.4635166260116832,aligned
NQ.v.0,action_x_surprise,hold|small,171,26.0,-8.74263012692393,-18.795741074081995,2.921872637342469,aligned
NQ.v.0,action_x_surprise,hold|small,196,26.0,-7.034235034684783,-21.291645219312393,0.7567919969463162,aligned
NQ.v.0,action_x_surprise,hold|small,223,26.0,-6.927664042456678,-22.64597475400109,0.48953526619001225,aligned
NQ.v.0,action_x_surprise,hold|small,255,26.0,-7.3096779043237685,-23.27664161232783,2.380460297347153,aligned
NQ.v.0,action_x_surprise,hold|small,291,26.0,-8.874065287830383,-24.01471142815304,3.6089277986924113,aligned
NQ.v.0,action_x_surprise,hold|small,300,26.0,-9.505580562279352,-25.597201605286998,4.58572027487601,aligned
NQ.v.0,action_x_surprise,hold|small,332,26.0,-7.631625581088264,-19.85759082089346,2.0730987144055053,aligned
NQ.v.0,action_x_surprise,hold|small,378,26.0,-7.984708984098207,-20.738128551741777,2.8228961979657976,aligned
NQ.v.0,action_x_surprise,hold|small,432,26.0,-5.6128813507919215,-20.950460165828897,0.8051129020446033,aligned
NQ.v.0,action_x_surprise,hold|small,493,26.0,-4.829597220294402,-15.527603115290542,1.0453398765305049,aligned
NQ.v.0,action_x_surprise,hold|small,562,26.0,-4.681789884470264,-18.900853841215458,6.654286898415513,aligned
NQ.v.0,action_x_surprise,hold|small,600,26.0,-6.4094557142916475,-20.88832778193225,6.353441861788665,aligned
NQ.v.0,action_x_surprise,hold|small,641,26.0,-7.9745360229368245,-18.63276702248621,4.360453218594756,aligned
NQ.v.0,action_x_surprise,hold|small,732,26.0,-6.871783561311622,-22.285023654675676,5.332970295169583,aligned
NQ.v.0,action_x_surprise,hold|small,835,26.0,-10.321205367006296,-25.740191619928066,1.0932682345413236,aligned
NQ.v.0,action_x_surprise,hold|small,953,26.0,-10.152955540278922,-25.824011145072678,2.915729954657806,aligned
NQ.v.0,action_x_surprise,hold|small,1087,26.0,-8.930244956109286,-27.16641574686021,2.289157000090278,aligned
NQ.v.0,action_x_surprise,hold|small,1200,26.0,-13.438201144373435,-26.815649493881477,2.4174498299653813,aligned
NQ.v.0,action_x_surprise,hold|small,1240,26.0,-13.302265182348677,-24.364927987577992,1.4034121919594564,aligned
NQ.v.0,action_x_surprise,hold|small,1415,26.0,-15.893318853271104,-22.77391093804903,2.9089216141572347,aligned
NQ.v.0,action_x_surprise,hold|small,1615,26.0,-11.364372923553217,-28.71615750798309,-0.45953392591021536,aligned
NQ.v.0,action_x_surprise,hold|small,1800,26.0,-15.534705232105575,-25.952298961017853,-0.7964861230753293,aligned
NQ.v.0,action_x_surprise,hold|small,1843,26.0,-14.291431671261751,-27.42840138110428,-3.006302402432342,aligned
NQ.v.0,action_x_surprise,hold|small,2103,26.0,-14.165665576548077,-27.405031817743463,-2.367117855548184,aligned
NQ.v.0,action_x_surprise,hold|small,2399,26.0,-18.76387072199555,-30.251312837436224,1.232108293198655,aligned
NQ.v.0,all,all,1,92.0,0.0,-0.6429357576205883,1.7749286262938222,aligned
NQ.v.0,all,all,2,92.0,0.5674132903656669,-0.673699298754318,8.707606248379362,aligned
NQ.v.0,all,all,3,92.0,1.192620937728077,-0.5027897781970865,11.02008921019562,aligned
NQ.v.0,all,all,4,92.0,1.496466813492031,-0.5157784164104409,11.481077167324878,aligned
NQ.v.0,all,all,5,92.0,2.2961821692622904,-0.25414271793003357,11.046630193173527,aligned
NQ.v.0,all,all,6,92.0,2.517119536262493,-0.11551184142070935,12.935722623422885,aligned
NQ.v.0,all,all,7,92.0,2.893984708094683,-0.5772776672429891,13.889118193647047,aligned
NQ.v.0,all,all,8,92.0,3.884917021016615,-0.5155142739149725,14.923184422464194,aligned
NQ.v.0,all,all,9,92.0,4.68626704906242,-0.4749791290116504,13.942764628464754,aligned
NQ.v.0,all,all,11,92.0,4.047630548966641,-1.3220293903122362,16.033008048795537,aligned
NQ.v.0,all,all,12,92.0,4.385848318834091,-1.4640940180072395,16.92641336584061,aligned
NQ.v.0,all,all,14,92.0,3.002183985196883,-2.836281796084976,15.931323564058493,aligned
NQ.v.0,all,all,16,92.0,2.7915769716769496,-3.1485871373566843,14.584161330845706,aligned
NQ.v.0,all,all,18,92.0,5.334192424994406,-2.820087245056067,16.651463652871467,aligned
NQ.v.0,all,all,21,92.0,5.214825947023977,-3.1765004006409363,17.352887823205847,aligned
NQ.v.0,all,all,24,92.0,4.858903085166751,-2.998845207541199,18.0699394346123,aligned
NQ.v.0,all,all,27,92.0,5.358926049545344,-4.333512989917909,19.950061533345043,aligned
NQ.v.0,all,all,30,92.0,5.780757874135838,-3.2981136697395717,19.379095460574003,aligned
NQ.v.0,all,all,31,92.0,4.8477735543521625,-4.602340288527859,21.83698468777428,aligned
NQ.v.0,all,all,35,92.0,5.509516511184098,-4.671840891099285,20.35387850305439,aligned
NQ.v.0,all,all,40,92.0,5.0669233595467995,-5.066477511234634,23.1771257011277,aligned
NQ.v.0,all,all,46,92.0,7.66637353861905,-5.443716815080747,23.21338753158735,aligned
NQ.v.0,all,all,52,92.0,7.882766961561168,-6.187935492753179,20.706878921179424,aligned
NQ.v.0,all,all,60,92.0,7.80852355558917,-4.6676243130874395,23.81245379685211,aligned
NQ.v.0,all,all,68,92.0,9.628278407570033,-2.7716617848097824,25.96754884734697,aligned
NQ.v.0,all,all,78,92.0,8.634462110186178,-3.3719092254002714,28.917904282312207,aligned
NQ.v.0,all,all,89,92.0,7.95383577649381,-3.6475844098658134,27.426003121893302,aligned
NQ.v.0,all,all,101,92.0,7.032994271334231,-2.673818642561541,26.23825971556204,aligned
NQ.v.0,all,all,115,92.0,9.375593393959408,-1.9732322810508105,27.171473494561305,aligned
NQ.v.0,all,all,132,92.0,9.625801097357389,-5.274365916660515,26.994419262539342,aligned
NQ.v.0,all,all,150,92.0,8.621448362429689,-4.106716217055786,25.018246557661218,aligned
NQ.v.0,all,all,171,92.0,4.809559429760624,-6.2129004094074265,28.73136850423669,aligned
NQ.v.0,all,all,196,92.0,3.9020823363864663,-5.543249826934962,28.248333135831416,aligned
NQ.v.0,all,all,223,92.0,5.866890166569016,-7.599075352139274,31.580792836409785,aligned
NQ.v.0,all,all,255,92.0,5.154796109101008,-8.417489807443893,28.15859304264682,aligned
NQ.v.0,all,all,291,92.0,5.114737609223711,-10.739867575144237,29.842153892755334,aligned
NQ.v.0,all,all,300,92.0,6.709214888219753,-9.91886781898625,28.199783549718415,aligned
NQ.v.0,all,all,332,92.0,6.344741528660158,-9.782285036132377,32.295064739589755,aligned
NQ.v.0,all,all,378,92.0,6.852409277951789,-11.361561279491653,33.16067662751409,aligned
NQ.v.0,all,all,432,92.0,5.3769530581253075,-13.045653218413772,38.50018670532392,aligned
NQ.v.0,all,all,493,92.0,1.62600223817764,-13.726456077327693,37.858493083460715,aligned
NQ.v.0,all,all,562,92.0,7.713044203164143,-13.123571185841653,39.12606610299608,aligned
NQ.v.0,all,all,600,92.0,6.280328851494044,-13.186671802145778,35.04494245214781,aligned
NQ.v.0,all,all,641,92.0,5.999713526836542,-14.512007802175205,37.8683962392113,aligned
NQ.v.0,all,all,732,92.0,5.762610126928479,-12.39098916453034,33.97979132316236,aligned
NQ.v.0,all,all,835,92.0,1.7766149260123576,-13.120359904249025,31.471207728952262,aligned
NQ.v.0,all,all,953,92.0,4.4997053853652265,-13.96413537077174,36.95188463057808,aligned
NQ.v.0,all,all,1087,92.0,4.691611561873556,-15.509683400484365,31.907488705126887,aligned
NQ.v.0,all,all,1200,92.0,3.437983501676637,-15.887848306682113,32.77429155234462,aligned
NQ.v.0,all,all,1240,92.0,3.5649124043540663,-18.461916644489072,33.613580613670855,aligned
NQ.v.0,all,all,1415,92.0,5.221141774832413,-16.683289113004765,37.35254076712086,aligned
NQ.v.0,all,all,1615,92.0,6.841626699133377,-13.689638522978173,35.218937787445064,aligned
NQ.v.0,all,all,1800,92.0,6.642099646420115,-14.743456492786052,45.497918356058406,aligned
NQ.v.0,all,all,1843,92.0,11.420436355991793,-15.156623914654574,44.19858368070208,aligned
NQ.v.0,all,all,2103,92.0,8.377958115633966,-12.022013948835967,47.25747405688078,aligned
NQ.v.0,all,all,2399,92.0,2.956567706059621,-20.02164955207932,47.158655337451464,aligned
NQ.v.0,surprise,large,1,31.0,0.4444148168636142,-0.2380423622286818,9.147103872368824,aligned
NQ.v.0,surprise,large,2,31.0,10.811710966684748,4.287733700157964,19.71481674346427,aligned
NQ.v.0,surprise,large,3,31.0,10.811710966684748,3.615614829399466,19.032016114869045,aligned
NQ.v.0,surprise,large,4,31.0,12.324273209797386,4.171732046181199,19.698372642991828,aligned
NQ.v.0,surprise,large,5,31.0,11.751387872639862,4.275786838160028,20.137284928852132,aligned
NQ.v.0,surprise,large,6,31.0,13.627211354242288,5.117450932869417,22.340260069521968,aligned
NQ.v.0,surprise,large,7,31.0,16.041556736898787,6.789267250464574,29.08072667347406,aligned
NQ.v.0,surprise,large,8,31.0,15.183613716181224,10.2401169217202,27.988664066409562,aligned
NQ.v.0,surprise,large,9,31.0,14.785942609119294,9.434756188678136,29.220378295903743,aligned
NQ.v.0,surprise,large,11,31.0,17.47664624434935,9.809634109136475,26.504886634110946,aligned
NQ.v.0,surprise,large,12,31.0,18.723294256101518,11.402959261911075,23.6770147094669,aligned
NQ.v.0,surprise,large,14,31.0,18.28399853295884,6.261070083148224,28.59554041519143,aligned
NQ.v.0,surprise,large,16,31.0,14.421802188431212,4.307992332028636,23.698606480355153,aligned
NQ.v.0,surprise,large,18,31.0,15.193035831679355,9.238995471305163,28.112682814297052,aligned
NQ.v.0,surprise,large,21,31.0,17.056315149982368,7.785153152592411,24.809293721810732,aligned
NQ.v.0,surprise,large,24,31.0,17.39500622237948,8.162753321050563,27.961475499147873,aligned
NQ.v.0,surprise,large,27,31.0,19.26840879155495,7.947441552972215,30.23862777640133,aligned
NQ.v.0,surprise,large,30,31.0,18.828851354509577,9.14419629318246,31.308167040275936,aligned
NQ.v.0,surprise,large,31,31.0,22.598879674374786,9.530102670858847,31.671107986456732,aligned
NQ.v.0,surprise,large,35,31.0,21.599174533835512,9.05050095753995,37.51623282699693,aligned
NQ.v.0,surprise,large,40,31.0,29.267473762508363,10.915218954258737,39.79125971513849,aligned
NQ.v.0,surprise,large,46,31.0,25.339895401289198,10.462238928248883,47.918584474446725,aligned
NQ.v.0,surprise,large,52,31.0,27.614496645066676,13.271685331238444,49.94074175606017,aligned
NQ.v.0,surprise,large,60,31.0,30.172804764593483,12.21686745464268,48.482985734377834,aligned
NQ.v.0,surprise,large,68,31.0,29.813579330205975,14.985497884986993,44.725424175734986,aligned
NQ.v.0,surprise,large,78,31.0,32.32841167993701,19.102531812868435,49.861721601413585,aligned
NQ.v.0,surprise,large,89,31.0,34.444747599269256,21.515616130396378,49.396363685656624,aligned
NQ.v.0,surprise,large,101,31.0,33.12879801794978,22.087268693064217,59.177996303507996,aligned
NQ.v.0,surprise,large,115,31.0,37.265564795240465,25.518933329057198,59.21765770412929,aligned
NQ.v.0,surprise,large,132,31.0,34.86331937590552,20.973509956536503,51.86637348256281,aligned
NQ.v.0,surprise,large,150,31.0,36.55846266534813,20.503901439065267,48.432145172236275,aligned
NQ.v.0,surprise,large,171,31.0,35.60306386523871,23.486061668443767,51.41400452841699,aligned
NQ.v.0,surprise,large,196,31.0,38.54103111384931,21.554600841508346,56.941304718391216,aligned
NQ.v.0,surprise,large,223,31.0,36.5201918876083,21.810569785641018,53.20642891629848,aligned
NQ.v.0,surprise,large,255,31.0,41.78519722749143,23.80423536458551,62.31173178890613,aligned
NQ.v.0,surprise,large,291,31.0,39.92899582911665,22.54456210337112,75.42455378375854,aligned
NQ.v.0,surprise,large,300,31.0,41.8346039920412,22.652680831843256,74.17023441730475,aligned
NQ.v.0,surprise,large,332,31.0,46.35201432006945,14.6838904045579,70.56609444149748,aligned
NQ.v.0,surprise,large,378,31.0,53.94818142415776,17.468149485667716,82.21998840968749,aligned
NQ.v.0,surprise,large,432,31.0,50.5006033136077,15.33410204520386,85.05050477118942,aligned
NQ.v.0,surprise,large,493,31.0,44.7248864749043,11.0570449694017,81.82524441381062,aligned
NQ.v.0,surprise,large,562,31.0,44.910926225969526,12.193159367776055,79.85417794420016,aligned
NQ.v.0,surprise,large,600,31.0,41.48047851890611,15.325533078282156,76.9052031951961,aligned
NQ.v.0,surprise,large,641,31.0,41.80713712802294,19.336930358042828,76.10516343618487,aligned
NQ.v.0,surprise,large,732,31.0,35.668684514180924,19.396841753510774,73.10673676066241,aligned
NQ.v.0,surprise,large,835,31.0,36.2293797764516,12.198990740694434,75.34662704435985,aligned
NQ.v.0,surprise,large,953,31.0,42.29714504991648,20.935226579249836,86.13692671127784,aligned
NQ.v.0,surprise,large,1087,31.0,32.02339880960126,19.353729539897998,82.21787084007657,aligned
NQ.v.0,surprise,large,1200,31.0,36.03196228940638,22.804504743409353,90.35765919899436,aligned
NQ.v.0,surprise,large,1240,31.0,38.15038375539068,16.69528426192848,81.36907168960028,aligned
NQ.v.0,surprise,large,1415,31.0,52.3833014921757,17.348157903314302,78.73954574446884,aligned
NQ.v.0,surprise,large,1615,31.0,59.99790158597594,17.608990277165603,71.30053820509173,aligned
NQ.v.0,surprise,large,1800,31.0,59.18953587428515,18.428676477218886,82.95928426667837,aligned
NQ.v.0,surprise,large,1843,31.0,58.81151761874411,19.043272942117625,84.39348611136651,aligned
NQ.v.0,surprise,large,2103,31.0,52.016756247900354,20.425489733629046,79.9478805295405,aligned
NQ.v.0,surprise,large,2399,31.0,39.586445952172674,17.548000520143958,75.4773347581131,aligned
NQ.v.0,surprise,medium,1,30.0,0.0590134137495381,-0.5644361245125673,1.3050272376162635,aligned
NQ.v.0,surprise,medium,2,30.0,0.5046898273741187,-0.9296470373415388,3.790052178870864,aligned
NQ.v.0,surprise,medium,3,30.0,0.41672109039465355,-0.5021238360373873,6.481611212191762,aligned
NQ.v.0,surprise,medium,4,30.0,0.4904148476611904,-0.6001598543865724,7.148625182311067,aligned
NQ.v.0,surprise,medium,5,30.0,1.2912664325604764,-0.21181696370871783,6.905320419287667,aligned
NQ.v.0,surprise,medium,6,30.0,2.145290813806947,-0.30642832187788804,10.501043745419693,aligned
NQ.v.0,surprise,medium,7,30.0,2.65210486917565,-0.15813798661619693,10.667981431769425,aligned
NQ.v.0,surprise,medium,8,30.0,4.518138174187023,-0.20751199547901691,9.623320405817623,aligned
NQ.v.0,surprise,medium,9,30.0,4.917550325679174,-0.13458829441045556,12.596277189547536,aligned
NQ.v.0,surprise,medium,11,30.0,2.7709846669891323,-0.046067128990695344,11.407298394771153,aligned
NQ.v.0,surprise,medium,12,30.0,3.0754146623683907,-0.380946333759669,13.041261833211511,aligned
NQ.v.0,surprise,medium,14,30.0,0.7833268234388959,-1.635221386418413,12.674926692048535,aligned
NQ.v.0,surprise,medium,16,30.0,2.177345971616454,-1.3548833464111603,14.055259310610248,aligned
NQ.v.0,surprise,medium,18,30.0,4.074325680400973,-2.234698040227842,13.016900468135884,aligned
NQ.v.0,surprise,medium,21,30.0,5.214825947023977,-2.992378790356387,12.232532159970956,aligned
NQ.v.0,surprise,medium,24,30.0,4.3642734369558704,-2.8144116157485866,12.828673634581447,aligned
NQ.v.0,surprise,medium,27,30.0,3.9352120981397176,-2.766430608072764,14.269421920581578,aligned
NQ.v.0,surprise,medium,30,30.0,3.560382846183144,-3.08995489766481,14.201346382028383,aligned
NQ.v.0,surprise,medium,31,30.0,3.7846527571850173,-3.707017160857791,14.149916936681104,aligned
NQ.v.0,surprise,medium,35,30.0,2.913204413564974,-2.988856068660736,12.832711116567069,aligned
NQ.v.0,surprise,medium,40,30.0,2.8553317196921517,-4.741225335172782,16.830193330586415,aligned
NQ.v.0,surprise,medium,46,30.0,4.481275415588862,-5.7620015442000465,13.621487734637858,aligned
NQ.v.0,surprise,medium,52,30.0,4.708800461078731,-7.514912294413229,14.322632306030668,aligned
NQ.v.0,surprise,medium,60,30.0,8.284608398866911,-4.325715232150969,15.486966594315675,aligned
NQ.v.0,surprise,medium,68,30.0,10.418128250079935,-0.8215662050757965,15.889177484717147,aligned
NQ.v.0,surprise,medium,78,30.0,5.398755237440616,-2.5656180375310527,13.666963845521604,aligned
NQ.v.0,surprise,medium,89,30.0,6.020450495701807,-1.794020343227012,15.621533114780698,aligned
NQ.v.0,surprise,medium,101,30.0,5.158894828814788,-1.109587591478052,16.03666851057832,aligned
NQ.v.0,surprise,medium,115,30.0,7.217255415953218,-0.8750738381642363,12.202237117978402,aligned
NQ.v.0,surprise,medium,132,30.0,4.00314948702049,-3.9620098072816963,11.785396857223144,aligned
NQ.v.0,surprise,medium,150,30.0,3.6731268545608975,-1.8292638860207555,10.952006205035993,aligned
NQ.v.0,surprise,medium,171,30.0,1.6547935499624207,-4.487227778096464,11.492293943119888,aligned
NQ.v.0,surprise,medium,196,30.0,3.9020823363864663,-2.703064364634154,12.001517615815484,aligned
NQ.v.0,surprise,medium,223,30.0,4.743410352064057,-5.004833907855048,13.755164219361575,aligned
NQ.v.0,surprise,medium,255,30.0,8.56914280056488,0.18259948636788592,13.24120899950815,aligned
NQ.v.0,surprise,medium,291,30.0,4.866731322334148,-3.398954419980045,19.976270773088928,aligned
NQ.v.0,surprise,medium,300,30.0,6.143866833147531,-4.051705193580255,21.079599744383607,aligned
NQ.v.0,surprise,medium,332,30.0,8.90150348069747,-8.093638835264542,16.634630250494343,aligned
NQ.v.0,surprise,medium,378,30.0,5.694294978616329,-6.228871827421694,12.802199289430575,aligned
NQ.v.0,surprise,medium,432,30.0,0.3035763527088808,-11.7830716051738,13.773414679821213,aligned
NQ.v.0,surprise,medium,493,30.0,-1.1071066153272529,-14.440776970278609,20.560767634812592,aligned
NQ.v.0,surprise,medium,562,30.0,-0.5185203896349275,-14.774557439030895,19.019107505278736,aligned
NQ.v.0,surprise,medium,600,30.0,-0.2773997902276013,-13.546139248809475,18.157110214421582,aligned
NQ.v.0,surprise,medium,641,30.0,-4.903566094939817,-16.45420383265878,17.558360867598957,aligned
NQ.v.0,surprise,medium,732,30.0,-1.8873055727486934,-13.531553580088593,20.323891771462932,aligned
NQ.v.0,surprise,medium,835,30.0,-0.963620276490371,-13.308446626941326,19.084244364106244,aligned
NQ.v.0,surprise,medium,953,30.0,-0.7124274642711159,-13.848658022219652,16.367781741390655,aligned
NQ.v.0,surprise,medium,1087,30.0,2.644822953385649,-16.772120249210367,17.003258812728436,aligned
NQ.v.0,surprise,medium,1200,30.0,0.38430252313514274,-16.685894439972618,19.74332458593428,aligned
NQ.v.0,surprise,medium,1240,30.0,2.3118841211401038,-19.005318748804992,19.945267956684912,aligned
NQ.v.0,surprise,medium,1415,30.0,1.1306631247783065,-18.151923036861927,21.532722500693907,aligned
NQ.v.0,surprise,medium,1615,30.0,3.364990744330584,-18.089737111284546,20.723602815840593,aligned
NQ.v.0,surprise,medium,1800,30.0,2.0340143020521007,-10.449838550383195,18.079937974352006,aligned
NQ.v.0,surprise,medium,1843,30.0,1.1064461713989933,-12.495970579949258,19.692178287682115,aligned
NQ.v.0,surprise,medium,2103,30.0,4.897642897539378,-10.449678920422606,16.815935773493138,aligned
NQ.v.0,surprise,medium,2399,30.0,-1.6227020427121817,-17.60667041255788,28.79046447359943,aligned
NQ.v.0,surprise,small,1,31.0,-0.2696738295203913,-0.9205917946819,0.07455509248715275,aligned
NQ.v.0,surprise,small,2,31.0,-0.3913756463091275,-1.1037242712480664,0.03577983949189162,aligned
NQ.v.0,surprise,small,3,31.0,-0.18072234722718572,-0.7154515558366517,0.973891525576898,aligned
NQ.v.0,surprise,small,4,31.0,-0.1638176054808348,-0.9504091089506215,1.6988136017055604,aligned
NQ.v.0,surprise,small,5,31.0,0.0,-1.00316022702587,1.7727440409732127,aligned
NQ.v.0,surprise,small,6,31.0,0.21035139200754552,-1.0784080484001006,1.8826285194665195,aligned
NQ.v.0,surprise,small,7,31.0,-0.1004787813948652,-2.85180140387909,2.2139767908296575,aligned
NQ.v.0,surprise,small,8,31.0,-0.17978336105533219,-1.9325406691428113,1.754938804831504,aligned
NQ.v.0,surprise,small,9,31.0,-0.08989208455337748,-3.571667782240648,2.7481094548214435,aligned
NQ.v.0,surprise,small,11,31.0,-1.2951461472786143,-6.707947183952228,2.5141606936543868,aligned
NQ.v.0,surprise,small,12,31.0,-1.402679119413102,-7.666874616808206,3.1291721721997043,aligned
NQ.v.0,surprise,small,14,31.0,-1.059677505803703,-11.31291471338514,2.1742376878884353,aligned
NQ.v.0,surprise,small,16,31.0,-2.1744287268409512,-8.632723517407454,2.016942696631814,aligned
NQ.v.0,surprise,small,18,31.0,-2.17649284948611,-7.677001964524283,3.821346309953835,aligned
NQ.v.0,surprise,small,21,31.0,-2.0173599197767507,-7.8323731992070265,3.4980990019992193,aligned
NQ.v.0,surprise,small,24,31.0,-2.889970583699282,-7.71614663349475,1.0745941584097394,aligned
NQ.v.0,surprise,small,27,31.0,-3.4504999585893072,-8.70029592614845,4.336072505620332,aligned
NQ.v.0,surprise,small,30,31.0,-2.3141573940669717,-10.079143877871209,3.778969514546711,aligned
NQ.v.0,surprise,small,31,31.0,-3.4342625258839585,-9.226659064123382,3.0991838320023497,aligned
NQ.v.0,surprise,small,35,31.0,-4.623552126223303,-9.925140251989468,4.990289889242069,aligned
NQ.v.0,surprise,small,40,31.0,-3.768947632354557,-9.5744962631528,3.3534125297669144,aligned
NQ.v.0,surprise,small,46,31.0,-3.627991388430398,-11.035850474942084,8.63719873560715,aligned
NQ.v.0,surprise,small,52,31.0,-4.623552126223303,-10.6759572596164,7.617645348901523,aligned
NQ.v.0,surprise,small,60,31.0,-3.981240447844205,-12.589640515916143,5.877712530307814,aligned
NQ.v.0,surprise,small,68,31.0,-2.7604952078968292,-9.423633220131265,7.489905980354433,aligned
NQ.v.0,surprise,small,78,31.0,-3.6064917241233645,-13.402826901786907,4.075282038728526,aligned
NQ.v.0,surprise,small,89,31.0,-2.87614598423444,-12.157319808288431,5.443826139277088,aligned
NQ.v.0,surprise,small,101,31.0,-3.7421031055890825,-10.916448716770375,3.8085069363043402,aligned
NQ.v.0,surprise,small,115,31.0,-3.4199903951800956,-15.636338004891572,5.66229377265042,aligned
NQ.v.0,surprise,small,132,31.0,-8.726440952898031,-19.228027873987134,2.1818712928611776,aligned
NQ.v.0,surprise,small,150,31.0,-5.809818756842962,-20.152629686940305,0.9756777506744554,aligned
NQ.v.0,surprise,small,171,31.0,-10.256464284052313,-20.583959081479676,2.292066243053087,aligned
NQ.v.0,surprise,small,196,31.0,-8.252777527882971,-23.27778001781887,0.22979355808083746,aligned
NQ.v.0,surprise,small,223,31.0,-7.594707184601106,-24.870952428303653,1.5027924186396358,aligned
NQ.v.0,surprise,small,255,31.0,-8.346623828281123,-25.963883941768895,3.0055518418849827,aligned
NQ.v.0,surprise,small,291,31.0,-8.942544749750434,-23.46808972912047,3.603802052846347,aligned
NQ.v.0,surprise,small,300,31.0,-9.77066923060889,-26.352438187099647,3.754408632055323,aligned
NQ.v.0,surprise,small,332,31.0,-8.074436647487072,-19.568670349282016,2.0222209120068158,aligned
NQ.v.0,surprise,small,378,31.0,-8.446325901315168,-20.188131195001883,4.164413532451262,aligned
NQ.v.0,surprise,small,432,31.0,-5.93114497468682,-20.670324584372615,1.3009120723053154,aligned
NQ.v.0,surprise,small,493,31.0,-6.052702716465439,-19.33122850973813,2.4843631065036185,aligned
NQ.v.0,surprise,small,562,31.0,-5.007845729470201,-19.244206610131346,7.760989505770482,aligned
NQ.v.0,surprise,small,600,31.0,-7.510828463612636,-20.82780497704757,7.83715952521098,aligned
NQ.v.0,surprise,small,641,31.0,-9.538430161163607,-18.692477677707718,5.1226931308535875,aligned
NQ.v.0,surprise,small,732,31.0,-7.812422147936423,-22.62769754145943,5.805055899048974,aligned
NQ.v.0,surprise,small,835,31.0,-11.02798836095568,-25.731508995866008,0.4279943462112472,aligned
NQ.v.0,surprise,small,953,31.0,-12.655686703240553,-31.244215223147926,1.625272545781657,aligned
NQ.v.0,surprise,small,1087,31.0,-10.960874373506769,-29.695318806241353,1.9232728579963125,aligned
NQ.v.0,surprise,small,1200,31.0,-14.119808904525847,-29.978573988227176,1.8903827497496046,aligned
NQ.v.0,surprise,small,1240,31.0,-14.01340485517942,-25.846906337455895,1.107679262217943,aligned
NQ.v.0,surprise,small,1415,31.0,-13.432940132444182,-21.699572090861786,2.032194996009772,aligned
NQ.v.0,surprise,small,1615,31.0,-12.120146303878734,-26.482700627541668,0.20298737602628458,aligned
NQ.v.0,surprise,small,1800,31.0,-14.663053747008624,-25.76524902338657,3.3809499952255755,aligned
NQ.v.0,surprise,small,1843,31.0,-14.602023037352545,-26.24850560954892,1.1210255291058688,aligned
NQ.v.0,surprise,small,2103,31.0,-12.815165370701616,-27.17513561287758,4.552274386084655,aligned
NQ.v.0,surprise,small,2399,31.0,-18.862820634612373,-33.3593436211263,1.5388590788539285,aligned
ZN.v.0,action,cut,1,8.0,0.0,-0.1507977199843814,0.15046191813396936,aligned
ZN.v.0,action,cut,2,8.0,2.796502458253793,0.3452371389001663,14.155807292924772,aligned
ZN.v.0,action,cut,3,8.0,3.486252769735641,0.0,13.421928994069683,aligned
ZN.v.0,action,cut,4,8.0,2.796502458253793,0.5224478425011042,13.031043036436404,aligned
ZN.v.0,action,cut,5,8.0,4.088372230964344,1.0633772880423522,11.782460547571361,aligned
ZN.v.0,action,cut,6,8.0,5.083642703088778,2.0691082274832624,10.704865807729737,aligned
ZN.v.0,action,cut,7,8.0,5.685907218391844,2.0691082274832624,11.39286030811566,aligned
ZN.v.0,action,cut,8,8.0,6.404050628589853,2.0691082274832624,11.041673937713963,aligned
ZN.v.0,action,cut,9,8.0,5.301802572365162,1.0448592939724297,8.988540976761128,aligned
ZN.v.0,action,cut,11,8.0,4.804605438143385,2.182274769338051,11.479999041736109,aligned
ZN.v.0,action,cut,12,8.0,4.561907366457694,3.1341412909078388,10.507771105999776,aligned
ZN.v.0,action,cut,14,8.0,5.768980822739982,2.434400630846942,12.21915617547455,aligned
ZN.v.0,action,cut,16,8.0,6.985371944251697,3.8004007890760994,14.300837282545686,aligned
ZN.v.0,action,cut,18,8.0,6.985371944251697,3.8004007890760994,14.17767499215126,aligned
ZN.v.0,action,cut,21,8.0,6.864347582555289,5.6290877656613825,14.122882340661818,aligned
ZN.v.0,action,cut,24,8.0,5.848684240167691,4.202141892931039,14.865953611682514,aligned
ZN.v.0,action,cut,27,8.0,6.931121800982936,5.2978817453418445,12.671031458033358,aligned
ZN.v.0,action,cut,30,8.0,7.627209787628925,6.02257689245376,11.442544438865418,aligned
ZN.v.0,action,cut,31,8.0,6.9371739046675005,4.82516702848575,10.910237474644289,aligned
ZN.v.0,action,cut,35,8.0,9.418598184346774,5.634009882006366,13.35386949981677,aligned
ZN.v.0,action,cut,40,8.0,9.384925441349946,7.434152832831533,13.53158376009219,aligned
ZN.v.0,action,cut,46,8.0,8.814806371029828,8.452205765102525,14.575134617488006,aligned
ZN.v.0,action,cut,52,8.0,10.644614251300151,8.107140202097925,14.575134617488006,aligned
ZN.v.0,action,cut,60,8.0,11.244029492399974,10.109654230463628,12.980664133886716,aligned
ZN.v.0,action,cut,68,8.0,11.194068619210052,9.783852853741454,13.32482713002545,aligned
ZN.v.0,action,cut,78,8.0,11.953752701540381,10.844813988284987,17.303324684561424,aligned
ZN.v.0,action,cut,89,8.0,12.61588274761241,9.72575257092646,18.028885445628955,aligned
ZN.v.0,action,cut,101,8.0,11.407934441924056,9.502257701507329,19.36787634579826,aligned
ZN.v.0,action,cut,115,8.0,10.09444722485971,6.947455191618984,14.357031934118911,aligned
ZN.v.0,action,cut,132,8.0,13.124908311290636,8.87816513376604,16.58582159365669,aligned
ZN.v.0,action,cut,150,8.0,13.124908311290636,9.43580886041846,20.202676205919055,aligned
ZN.v.0,action,cut,171,8.0,12.415185102150229,6.8822169690266595,19.519856652175008,aligned
ZN.v.0,action,cut,196,8.0,13.053661692761882,7.60820938599219,17.579822892562998,aligned
ZN.v.0,action,cut,223,8.0,11.827495295837966,7.926348948995645,17.868986651359876,aligned
ZN.v.0,action,cut,255,8.0,11.898591547525196,8.970335587652919,17.617174743597747,aligned
ZN.v.0,action,cut,291,8.0,11.19718037957768,6.203241476040761,17.83517855374676,aligned
ZN.v.0,action,cut,300,8.0,10.59462554635916,6.012752077354471,17.83517855374676,aligned
ZN.v.0,action,cut,332,8.0,10.575822727023283,8.66854901075328,17.18387732476905,aligned
ZN.v.0,action,cut,378,8.0,11.848479403106897,7.926348948995645,20.651850753111376,aligned
ZN.v.0,action,cut,432,8.0,11.167325810372763,8.15323627748864,19.24346266701366,aligned
ZN.v.0,action,cut,493,8.0,9.253229789400216,5.493270813328742,17.301201416009178,aligned
ZN.v.0,action,cut,562,8.0,9.079643107809018,5.19221108271439,17.801096640035606,aligned
ZN.v.0,action,cut,600,8.0,7.853777333969859,6.001363568607837,20.617183424155822,aligned
ZN.v.0,action,cut,641,8.0,8.09140551858292,6.7053286932208165,20.617183424155822,aligned
ZN.v.0,action,cut,732,8.0,8.479843803041465,4.73118344129806,19.55244747688228,aligned
ZN.v.0,action,cut,835,8.0,7.70424514130223,4.212230176218668,21.360580018846385,aligned
ZN.v.0,action,cut,953,8.0,6.931121800982936,5.31025287275361,21.14336100043975,aligned
ZN.v.0,action,cut,1087,8.0,7.014258323479753,3.858001510864,24.199946358425326,aligned
ZN.v.0,action,cut,1200,8.0,8.432999909220317,4.289594256854733,25.88355687767113,aligned
ZN.v.0,action,cut,1240,8.0,7.736911922574327,4.591235183861692,27.00627364274304,aligned
ZN.v.0,action,cut,1415,8.0,7.723731041850571,3.8882663607268877,23.260293929137138,aligned
ZN.v.0,action,cut,1615,8.0,10.503746928205626,4.212230176218668,18.610493801343072,aligned
ZN.v.0,action,cut,1800,8.0,10.523243741992797,3.72443190684732,17.92249930095715,aligned
ZN.v.0,action,cut,1843,8.0,9.81352053285239,4.629791637546235,16.674162890527704,aligned
ZN.v.0,action,cut,2103,8.0,11.853965237994146,6.257466917039592,15.38261213056075,aligned
ZN.v.0,action,cut,2399,8.0,16.71278769258726,8.839663814081023,27.244906778916157,aligned
ZN.v.0,action,hike,1,21.0,0.0,0.0,0.6821980423558236,aligned
ZN.v.0,action,hike,2,21.0,4.410791808627078,0.0,13.050796920551788,aligned
ZN.v.0,action,hike,3,21.0,2.0352091247622033,0.0,13.738153005642788,aligned
ZN.v.0,action,hike,4,21.0,6.124323964006115,-0.6468932951776691,14.401678320559393,aligned
ZN.v.0,action,hike,5,21.0,6.348803463840831,0.0,13.050796920551788,aligned
ZN.v.0,action,hike,6,21.0,5.714104469625572,0.0,13.635126192125638,aligned
ZN.v.0,action,hike,7,21.0,6.983462176331427,-0.6468932951776691,14.316394714378921,aligned
ZN.v.0,action,hike,8,21.0,8.25265877658626,-1.3170025042080107,13.396793824554507,aligned
ZN.v.0,action,hike,9,21.0,5.655931022731158,-1.9526800595784675,12.953811254032447,aligned
ZN.v.0,action,hike,11,21.0,6.284565314939375,-1.3192612156341874,13.327834930692251,aligned
ZN.v.0,action,hike,12,21.0,4.552401470355563,-4.555660486847327,14.596226611743532,aligned
ZN.v.0,action,hike,14,21.0,5.881488186011749,-4.555660486847327,15.86445743145246,aligned
ZN.v.0,action,hike,16,21.0,6.543646353113518,-5.266969639173744,15.613865566474585,aligned
ZN.v.0,action,hike,18,21.0,5.853468347028142,-5.266969639173744,14.425556339819162,aligned
ZN.v.0,action,hike,21,21.0,0.6282788303509446,-5.026704472793214,15.80050478141894,aligned
ZN.v.0,action,hike,24,21.0,2.0352091247622033,-5.278089454193354,15.80050478141894,aligned
ZN.v.0,action,hike,27,21.0,1.950775439421503,-6.583278710443483,19.238703199335266,aligned
ZN.v.0,action,hike,30,21.0,1.950775439421503,-6.598047217461892,19.238703199335266,aligned
ZN.v.0,action,hike,31,21.0,1.950775439421503,-6.583278710443483,19.926484760182277,aligned
ZN.v.0,action,hike,35,21.0,2.2051527157607724,-6.583278710443483,21.99011331436805,aligned
ZN.v.0,action,hike,40,21.0,2.6380004109992585,-3.770265219979437,23.850909122572986,aligned
ZN.v.0,action,hike,46,21.0,4.232505706525817,-0.6468932951776691,22.486466495268928,aligned
ZN.v.0,action,hike,52,21.0,10.0572011745747,0.6469351449773436,18.39425528006571,aligned
ZN.v.0,action,hike,60,21.0,7.541952466099363,0.0,13.84174495131953,aligned
ZN.v.0,action,hike,68,21.0,10.0572011745747,0.6733326602546227,18.327934074522158,aligned
ZN.v.0,action,hike,78,21.0,10.209291341072333,3.6877689416094115,18.45140556437178,aligned
ZN.v.0,action,hike,89,21.0,11.072395047906538,5.027336246147312,18.45140556437178,aligned
ZN.v.0,action,hike,101,21.0,11.030629496587704,3.2350943312137668,17.401036023393008,aligned
ZN.v.0,action,hike,115,21.0,11.030629496587704,1.9409310059961227,16.287179078474708,aligned
ZN.v.0,action,hike,132,21.0,12.42622092172449,3.2350943312137668,18.895591222379768,aligned
ZN.v.0,action,hike,150,21.0,11.030629496587704,0.0,21.126528456193473,aligned
ZN.v.0,action,hike,171,21.0,9.559175697581576,0.0,18.895591222379768,aligned
ZN.v.0,action,hike,196,21.0,12.933530273673883,-0.6468932951776691,22.487998846317026,aligned
ZN.v.0,action,hike,223,21.0,11.571318038900815,-0.6501739217535341,18.550968939582535,aligned
ZN.v.0,action,hike,255,21.0,9.559175697581576,1.2291052129535014,26.80690336105094,aligned
ZN.v.0,action,hike,291,21.0,11.030629496587704,2.458361514440014,32.01310502299963,aligned
ZN.v.0,action,hike,300,21.0,12.933530273673883,1.2291052129535014,32.01310502299963,aligned
ZN.v.0,action,hike,332,21.0,12.42622092172449,3.6877689416094115,26.580353015328647,aligned
ZN.v.0,action,hike,378,21.0,12.50229984508674,6.593696665109654,29.310542097879562,aligned
ZN.v.0,action,hike,432,21.0,12.375836134215726,1.3190871935753723,25.215537945651,aligned
ZN.v.0,action,hike,493,21.0,8.456110043025758,1.3190871935753723,31.93262896216365,aligned
ZN.v.0,action,hike,562,21.0,9.559175697581576,1.2291052129535014,33.69205923756176,aligned
ZN.v.0,action,hike,600,21.0,10.228087216715199,2.0410246014317717,30.571714425496104,aligned
ZN.v.0,action,hike,641,21.0,11.072395047906538,-0.680248971386124,29.560396873318627,aligned
ZN.v.0,action,hike,732,21.0,13.679447138538405,1.3190871935753723,28.18355534560411,aligned
ZN.v.0,action,hike,835,21.0,11.072395047906538,2.458361514440014,23.769918489204475,aligned
ZN.v.0,action,hike,953,21.0,12.375836134215726,0.6802952484004382,27.85044085267887,aligned
ZN.v.0,action,hike,1087,21.0,14.983228105182858,4.714280991105442,27.94535438244906,aligned
ZN.v.0,action,hike,1200,21.0,12.50229984508674,4.763038908814191,26.571298208891314,aligned
ZN.v.0,action,hike,1240,21.0,9.837074263904839,3.956739698153056,24.88866886021881,aligned
ZN.v.0,action,hike,1415,21.0,11.452825720485398,3.6877689416094115,26.49008171576953,aligned
ZN.v.0,action,hike,1615,21.0,12.50229984508674,3.4956479539379703,27.512135786789596,aligned
ZN.v.0,action,hike,1800,21.0,12.50229984508674,4.763038908814191,31.93262896216365,aligned
ZN.v.0,action,hike,1843,21.0,11.452825720485398,6.124323964006115,30.136291151845366,aligned
ZN.v.0,action,hike,2103,21.0,18.873455864334414,0.686459584961042,34.77315746075803,aligned
ZN.v.0,action,hike,2399,21.0,12.80107973358367,-2.0347950014242717,31.65374942291202,aligned
ZN.v.0,action,hold,1,63.0,0.0,-0.5836294859432556,-0.0,aligned
ZN.v.0,action,hold,2,63.0,0.6031908799365386,-0.0,8.349473236969887,aligned
ZN.v.0,action,hold,3,63.0,0.5597067138281465,0.0,10.688709625344751,aligned
ZN.v.0,action,hold,4,63.0,1.162925922929456,0.0,12.343890155797705,aligned
ZN.v.0,action,hold,5,63.0,1.2617500489891993,-0.0,8.639022418836175,aligned
ZN.v.0,action,hold,6,63.0,1.8496254561198864,0.0,8.858666035559853,aligned
ZN.v.0,action,hold,7,63.0,3.0018311395230297,0.0,9.214948624727851,aligned
ZN.v.0,action,hold,8,63.0,3.6023055144596032,-0.0,10.319200181867789,aligned
ZN.v.0,action,hold,9,63.0,3.7299515538742827,-0.0,11.75994365547512,aligned
ZN.v.0,action,hold,11,63.0,4.791279962294757,-0.0,13.867130706844982,aligned
ZN.v.0,action,hold,12,63.0,4.803362446000966,-0.0,13.774097419171582,aligned
ZN.v.0,action,hold,14,63.0,3.6523009901969976,0.0,12.674051694663781,aligned
ZN.v.0,action,hold,16,63.0,4.740740829529512,0.2809225497272229,13.319350133281757,aligned
ZN.v.0,action,hold,18,63.0,5.6766219317425355,0.5813401302544758,14.225338720304052,aligned
ZN.v.0,action,hold,21,63.0,5.755809929393212,-0.0,15.040188426297085,aligned
ZN.v.0,action,hold,24,63.0,6.937655981332553,-0.0,14.66617297890896,aligned
ZN.v.0,action,hold,27,63.0,7.036060096781382,0.5594092644010552,14.505728932510987,aligned
ZN.v.0,action,hold,30,63.0,6.217359066233484,1.184174978071389,15.787339823156476,aligned
ZN.v.0,action,hold,31,63.0,5.755809929393212,1.184174978071389,15.035810529733432,aligned
ZN.v.0,action,hold,35,63.0,5.596362510525245,1.325438360556373,14.235686627284764,aligned
ZN.v.0,action,hold,40,63.0,6.748673528324668,-0.0,13.88623870587745,aligned
ZN.v.0,action,hold,46,63.0,5.8630395675779186,1.2686608333427656,14.257075170357362,aligned
ZN.v.0,action,hold,52,63.0,5.8630395675779186,0.0,14.190050429695116,aligned
ZN.v.0,action,hold,60,63.0,5.926277286163824,1.1564954843609365,14.877730583269987,aligned
ZN.v.0,action,hold,68,63.0,6.937655981332553,-0.0,16.187569950114263,aligned
ZN.v.0,action,hold,78,63.0,6.0532689499701196,-0.0,15.82885600002324,aligned
ZN.v.0,action,hold,89,63.0,5.978001134507295,1.6014889459151154,16.358902639567226,aligned
ZN.v.0,action,hold,101,63.0,5.6073021001309105,1.8091169507125757,15.79047849357512,aligned
ZN.v.0,action,hold,115,63.0,6.0879095999357675,2.3954786874652116,15.486374128799511,aligned
ZN.v.0,action,hold,132,63.0,7.205909157059505,2.267198647130472,14.661453226554176,aligned
ZN.v.0,action,hold,150,63.0,7.46129488074983,1.632467081787968,17.46004958605235,aligned
ZN.v.0,action,hold,171,63.0,9.201607863305906,1.265728932916377,16.623473972548055,aligned
ZN.v.0,action,hold,196,63.0,9.949630818938598,1.2595913128776144,16.85800688062897,aligned
ZN.v.0,action,hold,223,63.0,8.395718676891585,1.2972682684364405,17.422781896697078,aligned
ZN.v.0,action,hold,255,63.0,6.9795849980495355,1.2433989806525367,16.888105141822173,aligned
ZN.v.0,action,hold,291,63.0,9.898190853387922,0.8601399588124289,16.713801193703894,aligned
ZN.v.0,action,hold,300,63.0,9.898190853387922,1.160034541330798,16.713801193703894,aligned
ZN.v.0,action,hold,332,63.0,7.085080298744835,0.5861664719493292,18.258449664076622,aligned
ZN.v.0,action,hold,378,63.0,7.069136445948459,-0.0,17.954270912445914,aligned
ZN.v.0,action,hold,432,63.0,8.483563605308575,1.1832526919092106,20.190147638217454,aligned
ZN.v.0,action,hold,493,63.0,8.987033600128472,1.1832526919092106,17.750082587104515,aligned
ZN.v.0,action,hold,562,63.0,8.380223164927996,-0.0,18.468267018101123,aligned
ZN.v.0,action,hold,600,63.0,7.930940232080642,1.2334084411410389,16.760167779738744,aligned
ZN.v.0,action,hold,641,63.0,9.006691293364167,0.5655468844398178,17.717929915449545,aligned
ZN.v.0,action,hold,732,63.0,8.077293924505287,-0.06272987479160852,19.60844606373287,aligned
ZN.v.0,action,hold,835,63.0,8.350150092025805,1.7880526407590365,21.419083011961888,aligned
ZN.v.0,action,hold,953,63.0,9.006691293364167,-0.018109575321076488,20.522399297846416,aligned
ZN.v.0,action,hold,1087,63.0,8.395718676891585,-0.5924170623042975,20.010830473503923,aligned
ZN.v.0,action,hold,1200,63.0,7.552395097479409,-1.0630381670741007,20.73236652808491,aligned
ZN.v.0,action,hold,1240,63.0,8.81057325716728,-0.5970149260827018,20.1027229055429,aligned
ZN.v.0,action,hold,1415,63.0,9.006691293364167,-0.35432094405918946,19.661454794191446,aligned
ZN.v.0,action,hold,1615,63.0,9.307196297473112,-2.181668967646072,20.288342547073285,aligned
ZN.v.0,action,hold,1800,63.0,8.405127622373161,-2.303394741900896,18.660203862467952,aligned
ZN.v.0,action,hold,1843,63.0,8.350150092025805,-3.179612609285973,20.445921166981805,aligned
ZN.v.0,action,hold,2103,63.0,5.604203299041133,-2.329741418517174,20.90941713927331,aligned
ZN.v.0,action,hold,2399,63.0,8.0553627438131,-4.499415896006166,22.638862583540714,aligned
ZN.v.0,action_x_surprise,cut|large,1,4.0,0.3009238362679387,-0.3061849360839337,0.623734174035123,aligned
ZN.v.0,action_x_surprise,cut|large,2,4.0,11.405331212687885,2.854085991036265,21.24336436606776,aligned
ZN.v.0,action_x_surprise,cut|large,3,4.0,11.749387638077312,3.160270927120199,20.86859627049766,aligned
ZN.v.0,action_x_surprise,cut|large,4,4.0,12.779209927910204,3.160270927120199,21.345827766001882,aligned
ZN.v.0,action_x_surprise,cut|large,5,4.0,12.695539851359655,4.063450118963253,20.31604097965793,aligned
ZN.v.0,action_x_surprise,cut|large,6,4.0,12.95369907883686,4.660553152175586,20.690463811125568,aligned
ZN.v.0,action_x_surprise,cut|large,7,4.0,14.931952594911772,5.563949925130186,22.754447312283336,aligned
ZN.v.0,action_x_surprise,cut|large,8,4.0,13.051827256705733,6.467455527957709,19.001170315969965,aligned
ZN.v.0,action_x_surprise,cut|large,9,4.0,9.547916543848945,6.321874057254984,14.884686693012664,aligned
ZN.v.0,action_x_surprise,cut|large,11,4.0,14.530832673798908,6.934356451449835,22.70279799833744,aligned
ZN.v.0,action_x_surprise,cut|large,12,4.0,11.984021593277362,7.998755343076249,18.430814970768463,aligned
ZN.v.0,action_x_surprise,cut|large,14,4.0,13.599508375399235,9.354217860697004,19.15484551593069,aligned
ZN.v.0,action_x_surprise,cut|large,16,4.0,14.75000563348646,11.920239127141372,17.417490474216756,aligned
ZN.v.0,action_x_surprise,cut|large,18,4.0,14.503681052697612,11.920239127141372,16.52489486482386,aligned
ZN.v.0,action_x_surprise,cut|large,21,4.0,14.394095749718723,11.920239127141372,15.679593838853233,aligned
ZN.v.0,action_x_surprise,cut|large,24,4.0,15.880238291760119,11.920239127141372,18.23365608957255,aligned
ZN.v.0,action_x_surprise,cut|large,27,4.0,13.900758563771774,9.806093143255811,16.40324587102277,aligned
ZN.v.0,action_x_surprise,cut|large,30,4.0,13.081767217659817,9.00807060780644,16.747361494415287,aligned
ZN.v.0,action_x_surprise,cut|large,31,4.0,13.243094200401302,7.18543572384397,18.58973072341762,aligned
ZN.v.0,action_x_surprise,cut|large,35,4.0,13.243094200401302,5.98170413272783,18.945856080145454,aligned
ZN.v.0,action_x_surprise,cut|large,40,4.0,10.716402337241838,3.524891773940405,17.9135092099679,aligned
ZN.v.0,action_x_surprise,cut|large,46,4.0,12.554862953616265,6.88444848533926,17.201309219394993,aligned
ZN.v.0,action_x_surprise,cut|large,52,4.0,13.780879020569643,8.12160679893211,18.26968530403096,aligned
ZN.v.0,action_x_surprise,cut|large,60,4.0,13.705673813854581,9.64315376411294,17.593423161472533,aligned
ZN.v.0,action_x_surprise,cut|large,68,4.0,14.39399980613205,11.148452460843846,19.338518154856125,aligned
ZN.v.0,action_x_surprise,cut|large,78,4.0,18.074304210777598,13.452682511132338,22.364265919315894,aligned
ZN.v.0,action_x_surprise,cut|large,89,4.0,18.148963239342585,14.485029381309893,21.80038841392163,aligned
ZN.v.0,action_x_surprise,cut|large,101,4.0,19.45067198493549,16.721690684676318,22.00783592156359,aligned
ZN.v.0,action_x_surprise,cut|large,115,4.0,16.45840941431897,10.546224213426889,22.791511755195444,aligned
ZN.v.0,action_x_surprise,cut|large,132,4.0,19.31997425570847,13.75926330128491,25.886848159015152,aligned
ZN.v.0,action_x_surprise,cut|large,150,4.0,21.73121066388338,17.376117913547276,24.81786296598882,aligned
ZN.v.0,action_x_surprise,cut|large,171,4.0,20.365571556395288,17.376117913547276,23.427436958121113,aligned
ZN.v.0,action_x_surprise,cut|large,196,4.0,20.80435303799683,13.452665312183395,28.389890758002352,aligned
ZN.v.0,action_x_surprise,cut|large,223,4.0,21.382680555590582,12.839582113721438,29.337337606590623,aligned
ZN.v.0,action_x_surprise,cut|large,255,4.0,21.382680555590582,13.146104919402191,30.406932602940188,aligned
ZN.v.0,action_x_surprise,cut|large,291,4.0,22.841908798474975,10.709925393083592,33.85634953341071,aligned
ZN.v.0,action_x_surprise,cut|large,300,4.0,22.239353965256456,9.499758134908046,34.21303379710606,aligned
ZN.v.0,action_x_surprise,cut|large,332,4.0,22.926450297243164,11.03180867923896,35.60041345550877,aligned
ZN.v.0,action_x_surprise,cut|large,378,4.0,24.020627272741176,12.052066928512874,36.27418118211521,aligned
ZN.v.0,action_x_surprise,cut|large,432,4.0,22.107458951131203,9.610371399733815,35.60041345550877,aligned
ZN.v.0,action_x_surprise,cut|large,493,4.0,22.18149042022539,7.7875189346532085,36.27418118211521,aligned
ZN.v.0,action_x_surprise,cut|large,562,4.0,23.481368419143408,8.405914887426666,39.08872755713189,aligned
ZN.v.0,action_x_surprise,cut|large,600,4.0,23.629034691576376,7.169271947047701,41.5060154886346,aligned
ZN.v.0,action_x_surprise,cut|large,641,4.0,23.866662876189437,7.401622289651808,42.22014817934358,aligned
ZN.v.0,action_x_surprise,cut|large,732,4.0,25.673891811527493,9.806093143255811,40.79208673387206,aligned
ZN.v.0,action_x_surprise,cut|large,835,4.0,25.25285453863691,12.488896747217932,36.711249565307625,aligned
ZN.v.0,action_x_surprise,cut|large,953,4.0,26.024107364147667,11.584628600474915,39.843825538144735,aligned
ZN.v.0,action_x_surprise,cut|large,1087,4.0,28.519769298355484,13.685577753374073,40.874186853133956,aligned
ZN.v.0,action_x_surprise,cut|large,1200,4.0,28.268172444520076,16.70576365096446,36.35420871922805,aligned
ZN.v.0,action_x_surprise,cut|large,1240,4.0,28.100332961443083,17.903610921747543,34.64953558077653,aligned
ZN.v.0,action_x_surprise,cut|large,1415,4.0,24.228064693444374,15.494877563125119,30.484931947346166,aligned
ZN.v.0,action_x_surprise,cut|large,1615,4.0,19.752682103630285,12.488896747217932,28.10395006671811,aligned
ZN.v.0,action_x_surprise,cut|large,1800,4.0,18.37669310285844,11.570679303007187,26.03996656556034,aligned
ZN.v.0,action_x_surprise,cut|large,1843,4.0,17.08571114432358,10.66641115626417,25.721894465210042,aligned
ZN.v.0,action_x_surprise,cut|large,2103,4.0,16.829487532285157,10.02795379847242,27.200381290144925,aligned
ZN.v.0,action_x_surprise,cut|large,2399,4.0,20.913829025223283,9.997101485899787,35.48816312709498,aligned
ZN.v.0,action_x_surprise,cut|medium,1,3.0,0.0,-0.3015954399687628,-0.0,aligned
ZN.v.0,action_x_surprise,cut|medium,2,3.0,1.3793103470139874,0.3352337663051179,7.027365392809813,aligned
ZN.v.0,action_x_surprise,cut|medium,3,3.0,2.7588109699776835,0.3162166232017256,7.113178029925125,aligned
ZN.v.0,action_x_surprise,cut|medium,4,3.0,1.3793103470139874,-0.37353368828012257,5.819562983410128,aligned
ZN.v.0,action_x_surprise,cut|medium,5,3.0,2.7588109699776835,2.0883236770170766,5.9055214815750325,aligned
ZN.v.0,action_x_surprise,cut|medium,6,3.0,3.544967955164863,3.1518894625712734,5.694881064958752,aligned
ZN.v.0,action_x_surprise,cut|medium,7,3.0,3.544967955164863,3.1518894625712734,5.694881064958752,aligned
ZN.v.0,action_x_surprise,cut|medium,8,3.0,4.9633070824270655,3.8610590262023745,6.404050628589853,aligned
ZN.v.0,action_x_surprise,cut|medium,9,3.0,2.7588109699776835,1.3794054849888417,5.301802572365162,aligned
ZN.v.0,action_x_surprise,cut|medium,11,3.0,1.3793103470139874,1.0441017053960469,3.404833084378486,aligned
ZN.v.0,action_x_surprise,cut|medium,12,3.0,0.0,-2.1261516975227814,2.111677608388481,aligned
ZN.v.0,action_x_surprise,cut|medium,14,3.0,1.3793103470139874,-1.4364965240157879,4.008406238177763,aligned
ZN.v.0,action_x_surprise,cut|medium,16,3.0,4.138501921393268,2.069250960696634,5.991648048072954,aligned
ZN.v.0,action_x_surprise,cut|medium,18,3.0,4.138501921393268,2.069250960696634,5.991648048072954,aligned
ZN.v.0,action_x_surprise,cut|medium,21,3.0,6.637502129341539,5.3880020253674035,6.864347582555289,aligned
ZN.v.0,action_x_surprise,cut|medium,24,3.0,4.138501921393268,3.1326659446773326,4.180928569085115,aligned
ZN.v.0,action_x_surprise,cut|medium,27,3.0,5.430355821742984,4.133114822181848,6.1644054207269114,aligned
ZN.v.0,action_x_surprise,cut|medium,30,3.0,4.223355216776962,2.820595800416716,5.5609051182439,aligned
ZN.v.0,action_x_surprise,cut|medium,31,3.0,5.430355821742984,2.715177910871492,5.474369537765487,aligned
ZN.v.0,action_x_surprise,cut|medium,35,3.0,5.672552091412492,5.59546767260024,7.96618385560938,aligned
ZN.v.0,action_x_surprise,cut|medium,40,3.0,8.510035262893622,8.39437626731143,9.384925441349946,aligned
ZN.v.0,action_x_surprise,cut|medium,46,3.0,8.510035262893622,8.39437626731143,8.781133628033,aligned
ZN.v.0,action_x_surprise,cut|medium,52,3.0,8.510035262893622,7.70424514130223,9.384925441349946,aligned
ZN.v.0,action_x_surprise,cut|medium,60,3.0,10.259815619806268,9.959492841120987,10.804069706890907,aligned
ZN.v.0,action_x_surprise,cut|medium,68,3.0,11.03981344444456,10.649814532125415,11.194068619210052,aligned
ZN.v.0,action_x_surprise,cut|medium,78,3.0,11.03981344444456,10.649814532125415,11.90379182835046,aligned
ZN.v.0,action_x_surprise,cut|medium,89,3.0,11.348323793975544,10.503746928205626,12.61588274761241,aligned
ZN.v.0,action_x_surprise,cut|medium,101,3.0,11.348323793975544,10.503746928205626,11.407934441924056,aligned
ZN.v.0,action_x_surprise,cut|medium,115,3.0,9.929078829913154,8.413766924811995,10.09444722485971,aligned
ZN.v.0,action_x_surprise,cut|medium,132,3.0,9.05223199317238,7.285307623480184,10.91000110271437,aligned
ZN.v.0,action_x_surprise,cut|medium,150,3.0,10.259815619806268,6.509313294891976,11.513792916031313,aligned
ZN.v.0,action_x_surprise,cut|medium,171,3.0,6.637502129341539,4.698156549659611,8.992912961658542,aligned
ZN.v.0,action_x_surprise,cut|medium,196,3.0,7.84479417475264,7.3716245972317385,11.016106158353528,aligned
ZN.v.0,action_x_surprise,cut|medium,223,3.0,6.637502129341539,6.077942691564763,10.412460135647978,aligned
ZN.v.0,action_x_surprise,cut|medium,255,3.0,6.637502129341539,5.3880020253674035,9.702636170798948,aligned
ZN.v.0,action_x_surprise,cut|medium,291,3.0,6.637502129341539,5.3880020253674035,9.702636170798948,aligned
ZN.v.0,action_x_surprise,cut|medium,300,3.0,6.637502129341539,5.3880020253674035,9.702636170798948,aligned
ZN.v.0,action_x_surprise,cut|medium,332,3.0,5.430355821742984,4.784428871568126,8.389339807859264,aligned
ZN.v.0,action_x_surprise,cut|medium,378,3.0,6.637502129341539,4.698156549659611,11.12238488481777,aligned
ZN.v.0,action_x_surprise,cut|medium,432,3.0,5.518383253787988,4.267441766532092,9.852900697871203,aligned
ZN.v.0,action_x_surprise,cut|medium,493,3.0,5.518383253787988,3.060805259921478,7.723731041850571,aligned
ZN.v.0,action_x_surprise,cut|medium,562,3.0,5.518383253787988,3.664087113935396,8.433353523881767,aligned
ZN.v.0,action_x_surprise,cut|medium,600,3.0,4.138501921393268,2.370864593724118,9.162960031673842,aligned
ZN.v.0,action_x_surprise,cut|medium,641,3.0,6.898455019710838,4.354122996896821,10.542936580832627,aligned
ZN.v.0,action_x_surprise,cut|medium,732,3.0,5.518383253787988,4.870869235282475,9.143076733022173,aligned
ZN.v.0,action_x_surprise,cut|medium,835,3.0,6.898455019710838,5.5609051182439,7.70424514130223,aligned
ZN.v.0,action_x_surprise,cut|medium,953,3.0,5.672552091412492,4.947953654094727,6.2855035555616645,aligned
ZN.v.0,action_x_surprise,cut|medium,1087,3.0,4.138501921393268,3.5775011003347315,4.90552700640288,aligned
ZN.v.0,action_x_surprise,cut|medium,1200,3.0,5.518383253787988,3.060805259921478,7.014209258340805,aligned
ZN.v.0,action_x_surprise,cut|medium,1240,3.0,5.518383253787988,3.664087113935396,7.014209258340805,aligned
ZN.v.0,action_x_surprise,cut|medium,1415,3.0,5.518383253787988,4.267441766532092,7.723731041850571,aligned
ZN.v.0,action_x_surprise,cut|medium,1615,3.0,9.659170062435708,6.941262639606335,10.503746928205626,aligned
ZN.v.0,action_x_surprise,cut|medium,1800,3.0,8.278717271729235,6.85453654673611,10.523243741992797,aligned
ZN.v.0,action_x_surprise,cut|medium,1843,3.0,8.278717271729235,7.4581097005353865,9.81352053285239,aligned
ZN.v.0,action_x_surprise,cut|medium,2103,3.0,9.929078829913154,7.033790375653211,11.906260265581215,aligned
ZN.v.0,action_x_surprise,cut|medium,2399,3.0,18.71698659627263,14.323032713092893,23.169702963651616,aligned
ZN.v.0,action_x_surprise,cut|small,1,1.0,0.0,0.0,0.0,aligned
ZN.v.0,action_x_surprise,cut|small,2,1.0,0.6965971233348056,0.6965971233348056,0.6965971233348056,aligned
ZN.v.0,action_x_surprise,cut|small,3,1.0,0.0,0.0,0.0,aligned
ZN.v.0,action_x_surprise,cut|small,4,1.0,0.6965971233348056,0.6965971233348056,0.6965971233348056,aligned
ZN.v.0,action_x_surprise,cut|small,5,1.0,0.0,0.0,0.0,aligned
ZN.v.0,action_x_surprise,cut|small,6,1.0,0.0,0.0,0.0,aligned
ZN.v.0,action_x_surprise,cut|small,7,1.0,0.0,0.0,0.0,aligned
ZN.v.0,action_x_surprise,cut|small,8,1.0,0.0,0.0,0.0,aligned
ZN.v.0,action_x_surprise,cut|small,9,1.0,1.393145725296573,1.393145725296573,1.393145725296573,aligned
ZN.v.0,action_x_surprise,cut|small,11,1.0,4.178855054543785,4.178855054543785,4.178855054543785,aligned
ZN.v.0,action_x_surprise,cut|small,12,1.0,4.178855054543785,4.178855054543785,4.178855054543785,aligned
ZN.v.0,action_x_surprise,cut|small,14,1.0,2.7860973921245935,2.7860973921245935,2.7860973921245935,aligned
ZN.v.0,action_x_surprise,cut|small,16,1.0,2.7860973921245935,2.7860973921245935,2.7860973921245935,aligned
ZN.v.0,action_x_surprise,cut|small,18,1.0,2.7860973921245935,2.7860973921245935,2.7860973921245935,aligned
ZN.v.0,action_x_surprise,cut|small,21,1.0,2.7860973921245935,2.7860973921245935,2.7860973921245935,aligned
ZN.v.0,action_x_surprise,cut|small,24,1.0,5.571418766584627,5.571418766584627,5.571418766584627,aligned
ZN.v.0,action_x_surprise,cut|small,27,1.0,6.963788582255034,6.963788582255034,6.963788582255034,aligned
ZN.v.0,action_x_surprise,cut|small,30,1.0,8.355964555547013,8.355964555547013,8.355964555547013,aligned
ZN.v.0,action_x_surprise,cut|small,31,1.0,8.355964555547013,8.355964555547013,8.355964555547013,aligned
ZN.v.0,action_x_surprise,cut|small,35,1.0,11.835556782450585,11.835556782450585,11.835556782450585,aligned
ZN.v.0,action_x_surprise,cut|small,40,1.0,12.531329960674501,12.531329960674501,12.531329960674501,aligned
ZN.v.0,action_x_surprise,cut|small,46,1.0,13.922731103868925,13.922731103868925,13.922731103868925,aligned
ZN.v.0,action_x_surprise,cut|small,52,1.0,13.922731103868925,13.922731103868925,13.922731103868925,aligned
ZN.v.0,action_x_surprise,cut|small,60,1.0,11.139735190824403,11.139735190824403,11.139735190824403,aligned
ZN.v.0,action_x_surprise,cut|small,68,1.0,8.355964555547013,8.355964555547013,8.355964555547013,aligned
ZN.v.0,action_x_surprise,cut|small,78,1.0,11.139735190824403,11.139735190824403,11.139735190824403,aligned
ZN.v.0,action_x_surprise,cut|small,89,1.0,9.747946740423378,9.747946740423378,9.747946740423378,aligned
ZN.v.0,action_x_surprise,cut|small,101,1.0,8.355964555547013,8.355964555547013,8.355964555547013,aligned
ZN.v.0,action_x_surprise,cut|small,115,1.0,6.963788582255034,6.963788582255034,6.963788582255034,aligned
ZN.v.0,action_x_surprise,cut|small,132,1.0,8.355964555547013,8.355964555547013,8.355964555547013,aligned
ZN.v.0,action_x_surprise,cut|small,150,1.0,6.963788582255034,6.963788582255034,6.963788582255034,aligned
ZN.v.0,action_x_surprise,cut|small,171,1.0,6.963788582255034,6.963788582255034,6.963788582255034,aligned
ZN.v.0,action_x_surprise,cut|small,196,1.0,5.571418766584627,5.571418766584627,5.571418766584627,aligned
ZN.v.0,action_x_surprise,cut|small,223,1.0,8.355964555547013,8.355964555547013,8.355964555547013,aligned
ZN.v.0,action_x_surprise,cut|small,255,1.0,9.747946740423378,9.747946740423378,9.747946740423378,aligned
ZN.v.0,action_x_surprise,cut|small,291,1.0,9.747946740423378,9.747946740423378,9.747946740423378,aligned
ZN.v.0,action_x_surprise,cut|small,300,1.0,9.747946740423378,9.747946740423378,9.747946740423378,aligned
ZN.v.0,action_x_surprise,cut|small,332,1.0,9.747946740423378,9.747946740423378,9.747946740423378,aligned
ZN.v.0,action_x_surprise,cut|small,378,1.0,8.355964555547013,8.355964555547013,8.355964555547013,aligned
ZN.v.0,action_x_surprise,cut|small,432,1.0,12.531329960674501,12.531329960674501,12.531329960674501,aligned
ZN.v.0,action_x_surprise,cut|small,493,1.0,11.139735190824403,11.139735190824403,11.139735190824403,aligned
ZN.v.0,action_x_surprise,cut|small,562,1.0,8.355964555547013,8.355964555547013,8.355964555547013,aligned
ZN.v.0,action_x_surprise,cut|small,600,1.0,8.355964555547013,8.355964555547013,8.355964555547013,aligned
ZN.v.0,action_x_surprise,cut|small,641,1.0,8.355964555547013,8.355964555547013,8.355964555547013,aligned
ZN.v.0,action_x_surprise,cut|small,732,1.0,4.178855054543785,4.178855054543785,4.178855054543785,aligned
ZN.v.0,action_x_surprise,cut|small,835,1.0,4.178855054543785,4.178855054543785,4.178855054543785,aligned
ZN.v.0,action_x_surprise,cut|small,953,1.0,6.963788582255034,6.963788582255034,6.963788582255034,aligned
ZN.v.0,action_x_surprise,cut|small,1087,1.0,8.355964555547013,8.355964555547013,8.355964555547013,aligned
ZN.v.0,action_x_surprise,cut|small,1200,1.0,8.355964555547013,8.355964555547013,8.355964555547013,aligned
ZN.v.0,action_x_surprise,cut|small,1240,1.0,6.963788582255034,6.963788582255034,6.963788582255034,aligned
ZN.v.0,action_x_surprise,cut|small,1415,1.0,4.178855054543785,4.178855054543785,4.178855054543785,aligned
ZN.v.0,action_x_surprise,cut|small,1615,1.0,4.178855054543785,4.178855054543785,4.178855054543785,aligned
ZN.v.0,action_x_surprise,cut|small,1800,1.0,-1.393339837839674,-1.393339837839674,-1.393339837839674,aligned
ZN.v.0,action_x_surprise,cut|small,1843,1.0,-1.393339837839674,-1.393339837839674,-1.393339837839674,aligned
ZN.v.0,action_x_surprise,cut|small,2103,1.0,6.963788582255034,6.963788582255034,6.963788582255034,aligned
ZN.v.0,action_x_surprise,cut|small,2399,1.0,5.571418766584627,5.571418766584627,5.571418766584627,aligned
ZN.v.0,action_x_surprise,hike|large,1,11.0,0.0,-0.32344664758883457,7.256801104505998,aligned
ZN.v.0,action_x_surprise,hike|large,2,11.0,8.799497739386423,2.205395904313539,19.080074728887055,aligned
ZN.v.0,action_x_surprise,hike|large,3,11.0,9.428329684255884,1.3700654856784755,18.614665631669403,aligned
ZN.v.0,action_x_surprise,hike|large,4,11.0,8.799497739386423,5.6971269924792525,19.516051303512064,aligned
ZN.v.0,action_x_surprise,hike|large,5,11.0,9.428329684255884,5.379797636233954,18.740578165840454,aligned
ZN.v.0,action_x_surprise,hike|large,6,11.0,11.987449871830544,4.892468505542761,16.50269146599853,aligned
ZN.v.0,action_x_surprise,hike|large,7,11.0,14.316394714378921,8.520331675453065,17.68732311196445,aligned
ZN.v.0,action_x_surprise,hike|large,8,11.0,13.396793824554507,8.840494230421072,17.21565200981146,aligned
ZN.v.0,action_x_surprise,hike|large,9,11.0,12.953811254032447,8.108617075421972,15.864302320582055,aligned
ZN.v.0,action_x_surprise,hike|large,11,11.0,13.327834930692251,6.558537953574926,20.430050765487497,aligned
ZN.v.0,action_x_surprise,hike|large,12,11.0,12.363488078053441,3.5097810957665816,19.04704599106095,aligned
ZN.v.0,action_x_surprise,hike|large,14,11.0,13.738153005642788,3.2548835081813468,17.035780849723587,aligned
ZN.v.0,action_x_surprise,hike|large,16,11.0,15.113006929578301,2.787608861423874,16.405659983632354,aligned
ZN.v.0,action_x_surprise,hike|large,18,11.0,12.953811254032447,2.0520984158490707,17.422455144373203,aligned
ZN.v.0,action_x_surprise,hike|large,21,11.0,15.80050478141894,-0.6561377637164607,20.103673229202446,aligned
ZN.v.0,action_x_surprise,hike|large,24,11.0,15.678792536648986,2.588499042612244,23.758062963947168,aligned
ZN.v.0,action_x_surprise,hike|large,27,11.0,14.316394714378921,2.912234990015416,25.581589992604293,aligned
ZN.v.0,action_x_surprise,hike|large,30,11.0,15.678792536648986,0.6326903734829505,30.01270262700843,aligned
ZN.v.0,action_x_surprise,hike|large,31,11.0,19.926484760182277,-1.1611109038885092,31.157402044762947,aligned
ZN.v.0,action_x_surprise,hike|large,35,11.0,21.99011331436805,-0.5144476851909738,30.645854457663376,aligned
ZN.v.0,action_x_surprise,hike|large,40,11.0,23.850909122572986,-0.9702771788919331,32.2304949984492,aligned
ZN.v.0,action_x_surprise,hike|large,46,11.0,22.486466495268928,3.9540152145265557,33.180646710763725,aligned
ZN.v.0,action_x_surprise,hike|large,52,11.0,18.39425528006571,6.131176945167736,30.87374166773379,aligned
ZN.v.0,action_x_surprise,hike|large,60,11.0,12.940577320910286,7.079434979650044,28.393491191843168,aligned
ZN.v.0,action_x_surprise,hike|large,68,11.0,18.327934074522158,9.100262050078332,32.18111562093196,aligned
ZN.v.0,action_x_surprise,hike|large,78,11.0,18.403031469250863,11.567533501705102,32.428365093313,aligned
ZN.v.0,action_x_surprise,hike|large,89,11.0,15.678792536648986,12.667173747863636,29.4534489474047,aligned
ZN.v.0,action_x_surprise,hike|large,101,11.0,17.401036023393008,11.801856093207135,28.27888088257769,aligned
ZN.v.0,action_x_surprise,hike|large,115,11.0,16.15710020887673,11.17284615402053,31.655751727495293,aligned
ZN.v.0,action_x_surprise,hike|large,132,11.0,16.972745851212593,12.464260383405616,31.151978066223087,aligned
ZN.v.0,action_x_surprise,hike|large,150,11.0,18.331810816609604,11.985603408748995,31.626292590610465,aligned
ZN.v.0,action_x_surprise,hike|large,171,11.0,17.401036023393008,11.249876509245931,29.560176858731197,aligned
ZN.v.0,action_x_surprise,hike|large,196,11.0,22.487998846317026,11.249876509245931,28.62975088618553,aligned
ZN.v.0,action_x_surprise,hike|large,223,11.0,18.550968939582535,12.95363393488112,31.549934434120242,aligned
ZN.v.0,action_x_surprise,hike|large,255,11.0,26.80690336105094,11.695218273547551,32.88830821993653,aligned
ZN.v.0,action_x_surprise,hike|large,291,11.0,32.01310502299963,14.948093297448413,35.16928135862946,aligned
ZN.v.0,action_x_surprise,hike|large,300,11.0,32.01310502299963,17.1559237719444,38.22785544267522,aligned
ZN.v.0,action_x_surprise,hike|large,332,11.0,26.580353015328647,18.85634175865445,38.42792967286982,aligned
ZN.v.0,action_x_surprise,hike|large,378,11.0,29.310542097879562,19.4078540751589,41.76899539025776,aligned
ZN.v.0,action_x_surprise,hike|large,432,11.0,25.215537945651,15.630705642463203,40.71066704256686,aligned
ZN.v.0,action_x_surprise,hike|large,493,11.0,31.93262896216365,12.509974481225793,38.46867675472019,aligned
ZN.v.0,action_x_surprise,hike|large,562,11.0,33.69205923756176,9.893631457148388,36.38080797886254,aligned
ZN.v.0,action_x_surprise,hike|large,600,11.0,30.571714425496104,10.629358356651451,36.34103509681365,aligned
ZN.v.0,action_x_surprise,hike|large,641,11.0,29.560396873318627,14.826489671736919,40.17540978421806,aligned
ZN.v.0,action_x_surprise,hike|large,732,11.0,28.18355534560411,17.04935703460202,34.954553425400604,aligned
ZN.v.0,action_x_surprise,hike|large,835,11.0,23.769918489204475,16.24364760850012,29.47110453518768,aligned
ZN.v.0,action_x_surprise,hike|large,953,11.0,27.85044085267887,14.887345794121895,35.68942595492897,aligned
ZN.v.0,action_x_surprise,hike|large,1087,11.0,27.94535438244906,17.73478988236813,33.47237924408756,aligned
ZN.v.0,action_x_surprise,hike|large,1200,11.0,26.571298208891314,12.776548382819264,35.15778568522236,aligned
ZN.v.0,action_x_surprise,hike|large,1240,11.0,23.849283901508564,10.027974136458743,37.194555339566065,aligned
ZN.v.0,action_x_surprise,hike|large,1415,11.0,26.49008171576953,11.402072393131409,38.135104923475026,aligned
ZN.v.0,action_x_surprise,hike|large,1615,11.0,23.849283901508564,7.280909992087737,33.0650889842957,aligned
ZN.v.0,action_x_surprise,hike|large,1800,11.0,31.93262896216365,8.654253405240281,33.5883398777245,aligned
ZN.v.0,action_x_surprise,hike|large,1843,11.0,29.210985072464545,10.763917617327799,35.014781059635396,aligned
ZN.v.0,action_x_surprise,hike|large,2103,11.0,31.65374942291202,12.267871743234803,35.05659466690526,aligned
ZN.v.0,action_x_surprise,hike|large,2399,11.0,29.589989181947868,0.012362568832230636,37.589512935658604,aligned
ZN.v.0,action_x_surprise,hike|medium,1,6.0,0.0,0.0,-0.0,aligned
ZN.v.0,action_x_surprise,hike|medium,2,6.0,4.454602597205083,1.5434050608336187,5.261313952299183,aligned
ZN.v.0,action_x_surprise,hike|medium,3,6.0,4.817149805052109,1.5048430587034192,5.99164882683466,aligned
ZN.v.0,action_x_surprise,hike|medium,4,6.0,1.7428137323794888,-5.26711990185641,6.775469708990651,aligned
ZN.v.0,action_x_surprise,hike|medium,5,6.0,2.1769108957025125,-6.188269497708578,8.89439023720195,aligned
ZN.v.0,action_x_surprise,hike|medium,6,6.0,0.8374352445101843,-7.604175822756047,9.740972723683507,aligned
ZN.v.0,action_x_surprise,hike|medium,7,6.0,-0.8715611769586302,-7.934143486404187,9.727219580001792,aligned
ZN.v.0,action_x_surprise,hike|medium,8,6.0,-1.2015615070785843,-8.099143651464164,8.902648909720902,aligned
ZN.v.0,action_x_surprise,hike|medium,9,6.0,-0.2116258496623491,-4.840727007408939,7.9204592802391,aligned
ZN.v.0,action_x_surprise,hike|medium,11,6.0,0.6990562751689368,-0.9894459117256406,9.676971656938003,aligned
ZN.v.0,action_x_surprise,hike|medium,12,6.0,-1.3646003419139596,-6.230300606100404,7.179004532651294,aligned
ZN.v.0,action_x_surprise,hike|medium,14,6.0,-1.69453534483796,-11.108790835241424,5.215011068073514,aligned
ZN.v.0,action_x_surprise,hike|medium,16,6.0,-5.710675245126428,-6.252631738161901,3.5882124012867997,aligned
ZN.v.0,action_x_surprise,hike|medium,18,6.0,-4.390978767653319,-7.593158433882112,5.229993084473612,aligned
ZN.v.0,action_x_surprise,hike|medium,21,6.0,-2.5936300291690433,-6.230300606100404,5.58242866889623,aligned
ZN.v.0,action_x_surprise,hike|medium,24,6.0,-2.331777865730949,-8.13174990612704,6.04330063996826,aligned
ZN.v.0,action_x_surprise,hike|medium,27,6.0,-3.3445370098136866,-9.839258385945595,6.196943512523772,aligned
ZN.v.0,action_x_surprise,hike|medium,30,6.0,-2.6844710022541953,-10.556565140886098,6.196943512523772,aligned
ZN.v.0,action_x_surprise,hike|medium,31,6.0,-2.354470672134241,-9.344225217105873,6.196943512523772,aligned
ZN.v.0,action_x_surprise,hike|medium,35,6.0,-1.3646003419139596,-7.278006132704064,5.215011068073514,aligned
ZN.v.0,action_x_surprise,hike|medium,40,6.0,-0.07881920533798437,-4.38509273717039,7.531228332162733,aligned
ZN.v.0,action_x_surprise,hike|medium,46,6.0,2.6376525504533364,-5.764595189987206,9.172744134121391,aligned
ZN.v.0,action_x_surprise,hike|medium,52,6.0,7.694609005075783,-5.582895659672384,10.528844208111973,aligned
ZN.v.0,action_x_surprise,hike|medium,60,6.0,7.694609005075783,-4.323419506526015,12.318120324886987,aligned
ZN.v.0,action_x_surprise,hike|medium,68,6.0,6.465125996483155,1.1195898738009706,12.318120324886987,aligned
ZN.v.0,action_x_surprise,hike|medium,78,6.0,6.948530141340872,-2.7469491337548155,12.371005915956005,aligned
ZN.v.0,action_x_surprise,hike|medium,89,6.0,7.497243725658917,-1.0840604886832725,13.013121272832784,aligned
ZN.v.0,action_x_surprise,hike|medium,101,6.0,5.4550381152395335,-1.4300600918959439,10.43590341999833,aligned
ZN.v.0,action_x_surprise,hike|medium,115,6.0,6.414620984110451,-4.323419506526015,8.613566206388626,aligned
ZN.v.0,action_x_surprise,hike|medium,132,6.0,4.159633334862181,-8.056568551995852,5.185810708586322,aligned
ZN.v.0,action_x_surprise,hike|medium,150,6.0,0.6145526064767507,-7.5709148728515325,4.900519276242962,aligned
ZN.v.0,action_x_surprise,hike|medium,171,6.0,1.978369849076528,-6.812227542578702,7.624772521777982,aligned
ZN.v.0,action_x_surprise,hike|medium,196,6.0,1.3638927682981947,-7.119466082967868,10.689332629793675,aligned
ZN.v.0,action_x_surprise,hike|medium,223,6.0,0.045066516009352964,-7.119466082967868,9.008260327569454,aligned
ZN.v.0,action_x_surprise,hike|medium,255,6.0,1.93355281197638,-3.226768392086976,6.2738458683456955,aligned
ZN.v.0,action_x_surprise,hike|medium,291,6.0,3.8668333076733434,0.1096248843941724,9.99731480440228,aligned
ZN.v.0,action_x_surprise,hike|medium,300,6.0,2.592922455553279,-1.2075181947913307,10.689332629793675,aligned
ZN.v.0,action_x_surprise,hike|medium,332,6.0,5.1407328033595325,1.4269417305933199,10.326912695453025,aligned
ZN.v.0,action_x_surprise,hike|medium,378,6.0,6.985297507014444,-1.8856205290479378,8.479812184469527,aligned
ZN.v.0,action_x_surprise,hike|medium,432,6.0,3.1182073626003213,-0.17519369582198807,8.886300388710568,aligned
ZN.v.0,action_x_surprise,hike|medium,493,6.0,2.360513165837232,-0.17519369582198807,3.6163114907318317,aligned
ZN.v.0,action_x_surprise,hike|medium,562,6.0,2.2981109913514843,0.817497739538704,3.809333966052159,aligned
ZN.v.0,action_x_surprise,hike|medium,600,6.0,2.339512506215515,-0.013981084679368871,6.2163656113925825,aligned
ZN.v.0,action_x_surprise,hike|medium,641,6.0,2.118539280119573,-1.1595081545721715,7.796979064238197,aligned
ZN.v.0,action_x_surprise,hike|medium,732,6.0,3.3845279539242794,1.831094587618896,3.6163114907318317,aligned
ZN.v.0,action_x_surprise,hike|medium,835,6.0,4.731782930078518,2.6942559203547836,9.426278268994885,aligned
ZN.v.0,action_x_surprise,hike|medium,953,6.0,6.837095220033889,1.7395533192066464,9.111684572990718,aligned
ZN.v.0,action_x_surprise,hike|medium,1087,6.0,8.99492470839113,5.06679173433061,12.189773043981733,aligned
ZN.v.0,action_x_surprise,hike|medium,1200,6.0,5.668465911482308,4.891105456837312,8.893212378443115,aligned
ZN.v.0,action_x_surprise,hike|medium,1240,6.0,6.766738987764903,4.498635764616321,9.230094200809551,aligned
ZN.v.0,action_x_surprise,hike|medium,1415,6.0,5.019172004860431,3.9565864334106062,9.908445565590718,aligned
ZN.v.0,action_x_surprise,hike|medium,1615,6.0,7.0294758791302545,6.130002303420806,12.590115271709811,aligned
ZN.v.0,action_x_surprise,hike|medium,1800,6.0,8.681886779517788,6.871512456385609,12.07650211061176,aligned
ZN.v.0,action_x_surprise,hike|medium,1843,6.0,8.918434555883263,7.920757002025526,10.897108905657413,aligned
ZN.v.0,action_x_surprise,hike|medium,2103,6.0,11.491963786572361,4.493184553985438,17.713877863893142,aligned
ZN.v.0,action_x_surprise,hike|medium,2399,6.0,6.060415381098773,-9.077115579367156,15.192892414875612,aligned
ZN.v.0,action_x_surprise,hike|small,1,4.0,0.0,-0.0,0.32549964241013774,aligned
ZN.v.0,action_x_surprise,hike|small,2,4.0,-0.3292614666500255,-2.692661031243916,0.32549964241013774,aligned
ZN.v.0,action_x_surprise,hike|small,3,4.0,-0.3292614666500255,-4.2620270589256615,0.16274452370421214,aligned
ZN.v.0,action_x_surprise,hike|small,4,4.0,-0.6585012521040053,-4.755886737106631,0.16274452370421214,aligned
ZN.v.0,action_x_surprise,hike|small,5,4.0,-0.008263914559782926,-3.814385345110214,1.3008556487264713,aligned
ZN.v.0,action_x_surprise,hike|small,6,4.0,-0.007501967283729871,-3.814385345110214,1.464192787085789,aligned
ZN.v.0,action_x_surprise,hike|small,7,4.0,0.31802946289075285,-3.5004727379678124,2.115075696395167,aligned
ZN.v.0,action_x_surprise,hike|small,8,4.0,-0.33301220469558107,-3.1865207094248857,1.6263339387015272,aligned
ZN.v.0,action_x_surprise,hike|small,9,4.0,-1.6348412818932392,-3.663278875952728,0.15034848943288281,aligned
ZN.v.0,action_x_surprise,hike|small,11,4.0,-3.2655496026429605,-4.987491835505885,-0.34347867124005393,aligned
ZN.v.0,action_x_surprise,hike|small,12,4.0,-2.936331495527669,-5.615514196404373,0.15034848943288281,aligned
ZN.v.0,action_x_surprise,hike|small,14,4.0,-3.8603762490567863,-4.101780580312434,-1.0390227841771487,aligned
ZN.v.0,action_x_surprise,hike|small,16,4.0,-3.53466428510691,-4.733487774928932,0.06609546558118629,aligned
ZN.v.0,action_x_surprise,hike|small,18,4.0,-5.146837055983479,-5.414451395142488,-2.306661267837875,aligned
ZN.v.0,action_x_surprise,hike|small,21,4.0,-5.146837055983479,-6.7152644326211375,-3.6074743053161518,aligned
ZN.v.0,action_x_surprise,hike|small,24,4.0,-5.17677196521146,-8.352649025642222,-2.340005055129202,aligned
ZN.v.0,action_x_surprise,hike|small,27,4.0,-5.804991591618348,-9.327561295893563,-3.2823344947395348,aligned
ZN.v.0,action_x_surprise,hike|small,30,4.0,-5.146837055983479,-7.690430223167623,-3.2823344947395348,aligned
ZN.v.0,action_x_surprise,hike|small,31,4.0,-5.804991591618348,-8.677662026619927,-3.2823344947395348,aligned
ZN.v.0,action_x_surprise,hike|small,35,4.0,-5.804991591618348,-8.677662026619927,-2.306661267837875,aligned
ZN.v.0,action_x_surprise,hike|small,40,4.0,-4.51861742957659,-7.690430223167623,-1.6895985473956872,aligned
ZN.v.0,action_x_surprise,hike|small,46,4.0,-5.7447983819153645,-9.069522107082054,-2.149989496309674,aligned
ZN.v.0,action_x_surprise,hike|small,52,4.0,-6.196710576176768,-9.832413037804578,-0.8372733186834873,aligned
ZN.v.0,action_x_surprise,hike|small,60,4.0,-2.293255820637486,-3.5461201566427674,-0.9768161848284749,aligned
ZN.v.0,action_x_surprise,hike|small,68,4.0,-2.293255820637486,-3.2320498044706816,-1.3019559954050917,aligned
ZN.v.0,action_x_surprise,hike|small,78,4.0,-1.6501355405095501,-4.533611928970991,2.2784348614007652,aligned
ZN.v.0,action_x_surprise,hike|small,89,4.0,-1.6580970998761204,-5.520973699750697,4.231180341542761,aligned
ZN.v.0,action_x_surprise,hike|small,101,4.0,-2.9585717804636387,-5.8350046008044565,1.9546505175156517,aligned
ZN.v.0,action_x_surprise,hike|small,115,4.0,-5.416657929456132,-6.6870930455012045,0.659047286545646,aligned
ZN.v.0,action_x_surprise,hike|small,132,4.0,-3.4885497169768303,-6.402820015020539,3.2611015847246065,aligned
ZN.v.0,action_x_surprise,hike|small,150,4.0,-2.253679994173562,-4.741679515334495,4.759686631843047,aligned
ZN.v.0,action_x_surprise,hike|small,171,4.0,-2.8603300905699416,-4.473518592595449,3.2611015847246065,aligned
ZN.v.0,action_x_surprise,hike|small,196,4.0,-0.3033484130797645,-2.9175384018459605,5.211559953431219,aligned
ZN.v.0,action_x_surprise,hike|small,223,4.0,0.30344855220726286,-2.4624840757051873,5.3406282953144375,aligned
ZN.v.0,action_x_surprise,hike|small,255,4.0,1.0416015635243523,-5.131543206514653,8.13590828656682,aligned
ZN.v.0,action_x_surprise,hike|small,291,4.0,0.3689178828986097,-3.8601046969149055,4.555133499920807,aligned
ZN.v.0,action_x_surprise,hike|small,300,4.0,-0.25938068540786285,-4.802552549374615,3.903710136193221,aligned
ZN.v.0,action_x_surprise,hike|small,332,4.0,-0.23448381787408135,-5.744881988984947,5.532330138540228,aligned
ZN.v.0,action_x_surprise,hike|small,378,4.0,1.714702785116272,-5.415848032205782,8.78436349110012,aligned
ZN.v.0,action_x_surprise,hike|small,432,4.0,2.245357655662598,-5.8350046008044565,10.412222746428135,aligned
ZN.v.0,action_x_surprise,hike|small,493,4.0,3.5695537694088735,-3.5004727379678124,10.087889558565033,aligned
ZN.v.0,action_x_surprise,hike|small,562,4.0,2.911139230664627,-4.174142517541256,9.110181294245953,aligned
ZN.v.0,action_x_surprise,hike|small,600,4.0,2.916095435247794,-3.8601510576965263,9.765373449160936,aligned
ZN.v.0,action_x_surprise,hike|small,641,4.0,0.9438674420279867,-6.462948089192112,8.134127154398922,aligned
ZN.v.0,action_x_surprise,hike|small,732,4.0,3.5544710058080633,-4.84764283002475,11.714433751947299,aligned
ZN.v.0,action_x_surprise,hike|small,835,4.0,2.252811382445811,-5.16163428986948,9.110181294245953,aligned
ZN.v.0,action_x_surprise,hike|small,953,4.0,4.228055021512879,-2.5127208598118043,9.436041565823249,aligned
ZN.v.0,action_x_surprise,hike|small,1087,4.0,4.228055021512879,-2.1987688312688776,10.087889558565033,aligned
ZN.v.0,action_x_surprise,hike|small,1200,4.0,3.5773522616148585,-2.5127208598118043,9.111835418718002,aligned
ZN.v.0,action_x_surprise,hike|small,1240,4.0,3.5773522616148585,-2.5127208598118043,9.111835418718002,aligned
ZN.v.0,action_x_surprise,hike|small,1415,4.0,4.228055021512879,-1.8847773714241483,10.087889558565033,aligned
ZN.v.0,action_x_surprise,hike|small,1615,4.0,3.585322161821186,-0.8968953889634756,9.113999065866048,aligned
ZN.v.0,action_x_surprise,hike|small,1800,4.0,1.6339757080178665,-0.8968953889634756,6.51309469999859,aligned
ZN.v.0,action_x_surprise,hike|small,1843,4.0,2.2843399128889708,-0.8968953889634756,7.8147988681725,aligned
ZN.v.0,action_x_surprise,hike|small,2103,4.0,8.119812141318954,-3.8601510576965263,20.18370628378849,aligned
ZN.v.0,action_x_surprise,hike|small,2399,4.0,1.6423708342277912,-1.0830843225341127,6.699791909100352,aligned
ZN.v.0,action_x_surprise,hold|large,1,16.0,0.0,-0.3068802557098084,12.54330114669592,aligned
ZN.v.0,action_x_surprise,hold|large,2,16.0,17.672285535947687,4.7287418113009005,23.42728909680692,aligned
ZN.v.0,action_x_surprise,hold|large,3,16.0,19.840422024202844,9.013169661831387,21.173901484322734,aligned
ZN.v.0,action_x_surprise,hold|large,4,16.0,18.482334564950893,9.645197895524054,23.595080455791766,aligned
ZN.v.0,action_x_surprise,hold|large,5,16.0,17.96715641375547,9.032009218813329,23.395294143278164,aligned
ZN.v.0,action_x_surprise,hold|large,6,16.0,16.953843117871173,6.4389578120250786,24.3903087504321,aligned
ZN.v.0,action_x_surprise,hold|large,7,16.0,13.493221893797198,7.674532147376443,23.898020152646552,aligned
ZN.v.0,action_x_surprise,hold|large,8,16.0,17.530760217196928,8.657524746869944,22.913492607591934,aligned
ZN.v.0,action_x_surprise,hold|large,9,16.0,18.975613216342083,11.756261641126748,22.585735611392423,aligned
ZN.v.0,action_x_surprise,hold|large,11,16.0,21.205850632619985,14.786324739379253,27.721489723805895,aligned
ZN.v.0,action_x_surprise,hold|large,12,16.0,22.454227966150725,13.956658981971973,29.096078180237456,aligned
ZN.v.0,action_x_surprise,hold|large,14,16.0,22.72234055628449,13.956658981971973,27.604306982875677,aligned
ZN.v.0,action_x_surprise,hold|large,16,16.0,19.452491268968593,15.235052965939976,30.017599610386235,aligned
ZN.v.0,action_x_surprise,hold|large,18,16.0,20.14213915363406,16.32520523611028,30.64878810459481,aligned
ZN.v.0,action_x_surprise,hold|large,21,16.0,21.82010124764294,16.459640168078067,27.469721087521023,aligned
ZN.v.0,action_x_surprise,hold|large,24,16.0,21.82010124764294,12.792542993096703,27.003370301251113,aligned
ZN.v.0,action_x_surprise,hold|large,27,16.0,21.280853955857655,12.792542993096703,30.727643337701004,aligned
ZN.v.0,action_x_surprise,hold|large,30,16.0,18.90478087956036,11.460736474356409,31.286769187190913,aligned
ZN.v.0,action_x_surprise,hold|large,31,16.0,18.969980608111463,7.972335755777164,30.676492118372046,aligned
ZN.v.0,action_x_surprise,hold|large,35,16.0,18.368239963322516,10.031170605008878,30.52389957094471,aligned
ZN.v.0,action_x_surprise,hold|large,40,16.0,20.847733739257514,11.466238818192995,31.59334203675293,aligned
ZN.v.0,action_x_surprise,hold|large,46,16.0,17.233584758471192,11.325197400173582,32.76018281785261,aligned
ZN.v.0,action_x_surprise,hold|large,52,16.0,18.096828663166562,13.001087870835834,33.657388369158,aligned
ZN.v.0,action_x_surprise,hold|large,60,16.0,16.694680805208623,13.620515825577133,33.657388369158,aligned
ZN.v.0,action_x_surprise,hold|large,68,16.0,22.230856893256863,12.901412387377103,33.33006928700105,aligned
ZN.v.0,action_x_surprise,hold|large,78,16.0,22.139537593739377,12.901412387377103,34.06875486665911,aligned
ZN.v.0,action_x_surprise,hold|large,89,16.0,19.95925729160339,14.193685342330724,30.218686531864652,aligned
ZN.v.0,action_x_surprise,hold|large,101,16.0,21.444087091505423,13.140790912445883,30.829075352573618,aligned
ZN.v.0,action_x_surprise,hold|large,115,16.0,20.85272103522758,12.283682601986413,28.729354321920564,aligned
ZN.v.0,action_x_surprise,hold|large,132,16.0,22.097703043596255,12.70788501403528,29.45202414553321,aligned
ZN.v.0,action_x_surprise,hold|large,150,16.0,23.800204497442017,15.285886466631823,31.1521365630801,aligned
ZN.v.0,action_x_surprise,hold|large,171,16.0,24.601770995891066,18.13464003375298,30.301756349805792,aligned
ZN.v.0,action_x_surprise,hold|large,196,16.0,25.340359088003908,18.13464003375298,30.829075352573618,aligned
ZN.v.0,action_x_surprise,hold|large,223,16.0,25.84012653335871,19.641099195608078,32.06755217199038,aligned
ZN.v.0,action_x_surprise,hold|large,255,16.0,24.091112710387527,18.398941023213013,34.48195425561437,aligned
ZN.v.0,action_x_surprise,hold|large,291,16.0,25.78368465977981,20.85722111282668,35.81776588690402,aligned
ZN.v.0,action_x_surprise,hold|large,300,16.0,25.18698799509307,21.116218330739233,36.49670099508771,aligned
ZN.v.0,action_x_surprise,hold|large,332,16.0,26.672109295271824,19.27899620139718,36.164476566698404,aligned
ZN.v.0,action_x_surprise,hold|large,378,16.0,26.808259961893405,18.627544703016284,35.90904031381335,aligned
ZN.v.0,action_x_surprise,hold|large,432,16.0,26.252584808224242,20.15854246935665,32.964263378900476,aligned
ZN.v.0,action_x_surprise,hold|large,493,16.0,25.791628721369754,18.323996602161348,34.07733426979614,aligned
ZN.v.0,action_x_surprise,hold|large,562,16.0,28.926847509589013,18.938738106457443,34.74198367795867,aligned
ZN.v.0,action_x_surprise,hold|large,600,16.0,29.025713430453273,17.16453501107004,35.31438545235996,aligned
ZN.v.0,action_x_surprise,hold|large,641,16.0,30.570301884120592,17.47184908644156,39.12573304923382,aligned
ZN.v.0,action_x_surprise,hold|large,732,16.0,30.885623703011433,23.016440968239223,40.32132444611107,aligned
ZN.v.0,action_x_surprise,hold|large,835,16.0,29.14448024474388,24.875251850649445,41.25892001652487,aligned
ZN.v.0,action_x_surprise,hold|large,953,16.0,28.48262272270005,24.470908680187645,43.64332315070354,aligned
ZN.v.0,action_x_surprise,hold|large,1087,16.0,27.010162271569115,25.1419614589403,45.88226076303614,aligned
ZN.v.0,action_x_surprise,hold|large,1200,16.0,27.622157376373075,23.41623759803901,42.89458207448105,aligned
ZN.v.0,action_x_surprise,hold|large,1240,16.0,30.0761061367211,25.93303530626133,41.8539271539828,aligned
ZN.v.0,action_x_surprise,hold|large,1415,16.0,28.536853225388896,23.307291755481515,40.31958853051381,aligned
ZN.v.0,action_x_surprise,hold|large,1615,16.0,30.458433382134622,20.788620414023004,39.92584263465319,aligned
ZN.v.0,action_x_surprise,hold|large,1800,16.0,28.6440205993308,17.379045277737088,40.51752360303829,aligned
ZN.v.0,action_x_surprise,hold|large,1843,16.0,27.212209036373192,20.855825078557075,38.74577788993791,aligned
ZN.v.0,action_x_surprise,hold|large,2103,16.0,33.350375681912055,21.057715240109488,40.45780294239091,aligned
ZN.v.0,action_x_surprise,hold|large,2399,16.0,30.555163278889637,20.173101829925837,49.75991656587266,aligned
ZN.v.0,action_x_surprise,hold|medium,1,21.0,0.0,-0.6430247888261952,0.0,aligned
ZN.v.0,action_x_surprise,hold|medium,2,21.0,0.630894924659413,0.0,1.8252061012551393,aligned
ZN.v.0,action_x_surprise,hold|medium,3,21.0,0.6993740605016499,0.0,2.1208158150958636,aligned
ZN.v.0,action_x_surprise,hold|medium,4,21.0,1.1804981715989988,0.0,4.196978237319847,aligned
ZN.v.0,action_x_surprise,hold|medium,5,21.0,2.401392819368965,0.0,4.896645895468265,aligned
ZN.v.0,action_x_surprise,hold|medium,6,21.0,3.5344431852769023,0.0,7.675730309253043,aligned
ZN.v.0,action_x_surprise,hold|medium,7,21.0,4.196978237319847,0.0,8.606469727256002,aligned
ZN.v.0,action_x_surprise,hold|medium,8,21.0,4.415428841409304,0.0,7.171543623488684,aligned
ZN.v.0,action_x_surprise,hold|medium,9,21.0,5.7368233914718605,0.0,8.259999834249307,aligned
ZN.v.0,action_x_surprise,hold|medium,11,21.0,6.004563648646673,0.0,7.171543623488684,aligned
ZN.v.0,action_x_surprise,hold|medium,12,21.0,4.947870749466338,0.608439049805819,9.848059321526865,aligned
ZN.v.0,action_x_surprise,hold|medium,14,21.0,5.390028577866158,0.0,9.186955170725863,aligned
ZN.v.0,action_x_surprise,hold|medium,16,21.0,5.0460452691760445,1.1359763729134524,10.60183157577541,aligned
ZN.v.0,action_x_surprise,hold|medium,18,21.0,6.995942638771909,1.1359763729134524,12.438586092817324,aligned
ZN.v.0,action_x_surprise,hold|medium,21,21.0,6.937655981332553,0.608439049805819,13.42424336971701,aligned
ZN.v.0,action_x_surprise,hold|medium,24,21.0,7.205909157059505,2.388487501651715,13.42424336971701,aligned
ZN.v.0,action_x_surprise,hold|medium,27,21.0,7.069136445948459,2.388487501651715,14.175183993098939,aligned
ZN.v.0,action_x_surprise,hold|medium,30,21.0,6.217359066233484,2.388487501651715,14.836273871923035,aligned
ZN.v.0,action_x_surprise,hold|medium,31,21.0,6.361997881852464,2.388487501651715,13.4308859832144,aligned
ZN.v.0,action_x_surprise,hold|medium,35,21.0,5.596362510525245,1.8252061012551393,13.454663361735552,aligned
ZN.v.0,action_x_surprise,hold|medium,40,21.0,7.46129488074983,2.518098848684616,13.42424336971701,aligned
ZN.v.0,action_x_surprise,hold|medium,46,21.0,5.035563774812675,1.1359763729134524,12.993150894796818,aligned
ZN.v.0,action_x_surprise,hold|medium,52,21.0,4.803362446000966,0.0,13.42424336971701,aligned
ZN.v.0,action_x_surprise,hold|medium,60,21.0,5.6766219317425355,0.0,14.175183993098939,aligned
ZN.v.0,action_x_surprise,hold|medium,68,21.0,6.937655981332553,0.0,14.175183993098939,aligned
ZN.v.0,action_x_surprise,hold|medium,78,21.0,5.035563774812675,0.0,16.284918811182504,aligned
ZN.v.0,action_x_surprise,hold|medium,89,21.0,5.035563774812675,0.0,16.29893814086257,aligned
ZN.v.0,action_x_surprise,hold|medium,101,21.0,6.294058616645777,1.2168410820561864,15.760444554657141,aligned
ZN.v.0,action_x_surprise,hold|medium,115,21.0,8.407399005915842,2.433534111905893,14.845713376632604,aligned
ZN.v.0,action_x_surprise,hold|medium,132,21.0,8.514779738384712,3.776910532120225,14.836273871923035,aligned
ZN.v.0,action_x_surprise,hold|medium,150,21.0,7.46129488074983,2.518098848684616,17.699746204600565,aligned
ZN.v.0,action_x_surprise,hold|medium,171,21.0,5.654909318715614,3.408316324746198,15.694799792997449,aligned
ZN.v.0,action_x_surprise,hold|medium,196,21.0,8.26641520856546,1.4003640969531184,13.278611318542545,aligned
ZN.v.0,action_x_surprise,hold|medium,223,21.0,8.395718676891585,2.401392819368965,11.980202574157255,aligned
ZN.v.0,action_x_surprise,hold|medium,255,21.0,8.395718676891585,2.800924323332222,13.240442021319467,aligned
ZN.v.0,action_x_surprise,hold|medium,291,21.0,8.44798505468967,2.3959269356894874,15.7841903914329,aligned
ZN.v.0,action_x_surprise,hold|medium,300,21.0,8.26641520856546,2.388487501651715,14.845713376632604,aligned
ZN.v.0,action_x_surprise,hold|medium,332,21.0,7.085080298744835,2.388487501651715,14.836273871923035,aligned
ZN.v.0,action_x_surprise,hold|medium,378,21.0,7.069136445948459,1.2861736352138293,13.42424336971701,aligned
ZN.v.0,action_x_surprise,hold|medium,432,21.0,8.483563605308575,2.2720818047187,15.760444554657141,aligned
ZN.v.0,action_x_surprise,hold|medium,493,21.0,9.190852214720131,2.4129818540197125,14.869891215783666,aligned
ZN.v.0,action_x_surprise,hold|medium,562,21.0,8.44798505468967,2.2720818047187,14.836273871923035,aligned
ZN.v.0,action_x_surprise,hold|medium,600,21.0,7.552395097479409,2.3611357172445553,14.836273871923035,aligned
ZN.v.0,action_x_surprise,hold|medium,641,21.0,10.623606650917118,3.541912669849491,15.55870186563553,aligned
ZN.v.0,action_x_surprise,hold|medium,732,21.0,8.44798505468967,2.800924323332222,17.659736868021806,aligned
ZN.v.0,action_x_surprise,hold|medium,835,21.0,9.655422873109659,3.408316324746198,17.95547525734877,aligned
ZN.v.0,action_x_surprise,hold|medium,953,21.0,9.006691293364167,2.800924323332222,18.2798122067049,aligned
ZN.v.0,action_x_surprise,hold|medium,1087,21.0,9.898190853387922,1.4074595378610752,18.656721829497343,aligned
ZN.v.0,action_x_surprise,hold|medium,1200,21.0,7.552395097479409,2.800924323332222,19.15136141041199,aligned
ZN.v.0,action_x_surprise,hold|medium,1240,21.0,8.81057325716728,2.4129818540197125,15.7841903914329,aligned
ZN.v.0,action_x_surprise,hold|medium,1415,21.0,9.006691293364167,1.4074595378610752,17.02020772084789,aligned
ZN.v.0,action_x_surprise,hold|medium,1615,21.0,9.60903322990457,0.0,17.02020772084789,aligned
ZN.v.0,action_x_surprise,hold|medium,1800,21.0,7.186059354688503,-0.7086418881183789,18.656721829497343,aligned
ZN.v.0,action_x_surprise,hold|medium,1843,21.0,5.602633384175117,0.0,18.663685895438565,aligned
ZN.v.0,action_x_surprise,hold|medium,2103,21.0,4.2016807340832205,-2.2715656864111584,18.663685895438565,aligned
ZN.v.0,action_x_surprise,hold|medium,2399,21.0,1.326259948893452,-4.223567569472633,14.845713376632604,aligned
ZN.v.0,action_x_surprise,hold|small,1,26.0,0.0,0.0,-0.0,aligned
ZN.v.0,action_x_surprise,hold|small,2,26.0,0.0,-0.4248449317141427,0.6029813254601479,aligned
ZN.v.0,action_x_surprise,hold|small,3,26.0,0.0,-0.5959523598305827,0.6023045337865973,aligned
ZN.v.0,action_x_surprise,hold|small,4,26.0,0.0,-0.4505992972007407,1.1531091006197873,aligned
ZN.v.0,action_x_surprise,hold|small,5,26.0,0.0,-0.6996704425605755,0.5617370888487984,aligned
ZN.v.0,action_x_surprise,hold|small,6,26.0,0.0,-0.4505992972007407,1.204014147830068,aligned
ZN.v.0,action_x_surprise,hold|small,7,26.0,0.559722378285176,0.0,2.3856010951895454,aligned
ZN.v.0,action_x_surprise,hold|small,8,26.0,0.0,-0.9128529709415176,1.793604231871335,aligned
ZN.v.0,action_x_surprise,hold|small,9,26.0,0.8601399588124289,-1.6938361455663429,2.1989272630420893,aligned
ZN.v.0,action_x_surprise,hold|small,11,26.0,0.8403318141282781,-1.9298640289668674,3.8555768827175467,aligned
ZN.v.0,action_x_surprise,hold|small,12,26.0,0.8403318141282781,-1.1961830788995063,2.922648284718024,aligned
ZN.v.0,action_x_surprise,hold|small,14,26.0,1.1871954105514262,-1.6835509684699395,3.367132238977285,aligned
ZN.v.0,action_x_surprise,hold|small,16,26.0,1.184174978071389,-2.378445282340057,3.3061192076693153,aligned
ZN.v.0,action_x_surprise,hold|small,18,26.0,1.1191316426862312,-3.868972924760775,3.3104479746078233,aligned
ZN.v.0,action_x_surprise,hold|small,21,26.0,0.9056882633975567,-2.0311278869177785,4.8169266983581185,aligned
ZN.v.0,action_x_surprise,hold|small,24,26.0,1.965152151077316,-3.856071228642577,4.8169266983581185,aligned
ZN.v.0,action_x_surprise,hold|small,27,26.0,2.560311391899263,-4.001755188462724,6.581586518119833,aligned
ZN.v.0,action_x_surprise,hold|small,30,26.0,2.248518176658571,-5.068847013089166,5.896613631566111,aligned
ZN.v.0,action_x_surprise,hold|small,31,26.0,1.9676429694389812,-5.41997060917174,5.617247119610641,aligned
ZN.v.0,action_x_surprise,hold|small,35,26.0,1.961601426677082,-4.361969301186023,4.804280645963514,aligned
ZN.v.0,action_x_surprise,hold|small,40,26.0,1.961601426677082,-2.7818644042522256,6.0057116043720695,aligned
ZN.v.0,action_x_surprise,hold|small,46,26.0,2.2560804110834325,-5.203602600680558,6.0057116043720695,aligned
ZN.v.0,action_x_surprise,hold|small,52,26.0,2.2438037898627226,-2.319502029306989,5.811466838634027,aligned
ZN.v.0,action_x_surprise,hold|small,60,26.0,2.4302093097762274,-2.2499811604485314,5.910467856517347,aligned
ZN.v.0,action_x_surprise,hold|small,68,26.0,2.5207545405126215,-2.2499811604485314,6.790362310078566,aligned
ZN.v.0,action_x_surprise,hold|small,78,26.0,3.9323081758758507,-0.4505992972007407,6.021521034018546,aligned
ZN.v.0,action_x_surprise,hold|small,89,26.0,3.7819425242552516,-0.5597849590050312,6.77154535621286,aligned
ZN.v.0,action_x_surprise,hold|small,101,26.0,3.7818872990842474,-0.8394895912055588,6.430956458595556,aligned
ZN.v.0,action_x_surprise,hold|small,115,26.0,3.2768283637151,-0.8394895912055588,5.697217925461407,aligned
ZN.v.0,action_x_surprise,hold|small,132,26.0,3.465151375483235,-0.9815469193439299,6.35943066698785,aligned
ZN.v.0,action_x_surprise,hold|small,150,26.0,2.9088301977229545,-1.9629653975831558,7.033316020026495,aligned
ZN.v.0,action_x_surprise,hold|small,171,26.0,2.2530258069712197,-3.2426060295587895,7.651413963510345,aligned
ZN.v.0,action_x_surprise,hold|small,196,26.0,2.9025951192641433,-2.9616854739551752,7.7434118188511585,aligned
ZN.v.0,action_x_surprise,hold|small,223,26.0,2.4091967374582985,-2.6225557071543544,6.308441778539544,aligned
ZN.v.0,action_x_surprise,hold|small,255,26.0,2.3099674072981466,-2.2015569757946936,5.6436123136120475,aligned
ZN.v.0,action_x_surprise,hold|small,291,26.0,0.5969511037287457,-3.0164256209654514,7.4848984354494945,aligned
ZN.v.0,action_x_surprise,hold|small,300,26.0,0.559722378285176,-3.3052233657877355,7.7656395923983474,aligned
ZN.v.0,action_x_surprise,hold|small,332,26.0,0.5861664719493292,-3.6496695007126334,6.375471029422668,aligned
ZN.v.0,action_x_surprise,hold|small,378,26.0,1.1249226663123106,-3.787039427876314,6.039248977010974,aligned
ZN.v.0,action_x_surprise,hold|small,432,26.0,2.05720769962372,-4.0497780221256034,7.457386792969307,aligned
ZN.v.0,action_x_surprise,hold|small,493,26.0,0.8670890216765521,-4.403295809695835,5.286388721370269,aligned
ZN.v.0,action_x_surprise,hold|small,562,26.0,-0.5654829230181311,-3.219203322035177,7.67256723130218,aligned
ZN.v.0,action_x_surprise,hold|small,600,26.0,1.2334084411410389,-3.1719577423658945,7.9078917245741005,aligned
ZN.v.0,action_x_surprise,hold|small,641,26.0,0.5655468844398178,-3.577151842577435,7.85147802314029,aligned
ZN.v.0,action_x_surprise,hold|small,732,26.0,-2.9063979299823757,-5.423487873062145,6.411407015377187,aligned
ZN.v.0,action_x_surprise,hold|small,835,26.0,-3.5711512745174625,-5.792756989218503,6.432408914348145,aligned
ZN.v.0,action_x_surprise,hold|small,953,26.0,-1.2847145017713595,-6.628645071788611,6.432408914348145,aligned
ZN.v.0,action_x_surprise,hold|small,1087,26.0,-1.6461208349510235,-7.118662299102484,7.693101423572866,aligned
ZN.v.0,action_x_surprise,hold|small,1200,26.0,-1.3103583905178882,-7.3767317046836105,8.511540993411929,aligned
ZN.v.0,action_x_surprise,hold|small,1240,26.0,-1.3103583905178882,-6.7684221938049545,8.628205697569902,aligned
ZN.v.0,action_x_surprise,hold|small,1415,26.0,0.0,-6.1578367075911355,6.662245402580559,aligned
ZN.v.0,action_x_surprise,hold|small,1615,26.0,0.012763282176732282,-7.176945172035796,8.210308893166351,aligned
ZN.v.0,action_x_surprise,hold|small,1800,26.0,-1.7271994478663162,-7.424097335233368,8.598331150096776,aligned
ZN.v.0,action_x_surprise,hold|small,1843,26.0,-2.303394741900896,-7.360227124245511,9.16789736267193,aligned
ZN.v.0,action_x_surprise,hold|small,2103,26.0,-0.5924170623042975,-7.8186032534768275,8.545952863215847,aligned
ZN.v.0,action_x_surprise,hold|small,2399,26.0,3.1264627120945003,-10.214452829969533,8.291492612909954,aligned
ZN.v.0,all,all,1,92.0,0.0,-0.14161497723804758,0.15046191813396936,aligned
ZN.v.0,all,all,2,92.0,0.7046283478935129,0.0,12.769264559092175,aligned
ZN.v.0,all,all,3,92.0,0.9115163470962157,0.0,11.935580703076276,aligned
ZN.v.0,all,all,4,92.0,1.2217031566059922,-0.0,14.15822530039352,aligned
ZN.v.0,all,all,5,92.0,2.4174634656374288,-0.0,9.689847433742965,aligned
ZN.v.0,all,all,6,92.0,2.798664861486407,0.0,10.910443161703931,aligned
ZN.v.0,all,all,7,92.0,3.5871684238803088,-0.0,11.469159775317857,aligned
ZN.v.0,all,all,8,92.0,4.3854148035617015,-0.0,11.795590851889147,aligned
ZN.v.0,all,all,9,92.0,4.483915155882434,-0.0,11.744731165320724,aligned
ZN.v.0,all,all,11,92.0,4.8695753558805475,-0.0,13.725640342882679,aligned
ZN.v.0,all,all,12,92.0,4.677881958178265,-0.0,14.010561503259488,aligned
ZN.v.0,all,all,14,92.0,4.851910981069696,-0.17502712927666392,13.466764469095052,aligned
ZN.v.0,all,all,16,92.0,4.958038205938459,-0.7450908128259199,15.027048613081433,aligned
ZN.v.0,all,all,18,92.0,5.953368648499131,-1.4186632585136678,14.440825400160701,aligned
ZN.v.0,all,all,21,92.0,5.676086219959229,-1.2325255923516398,15.070184539835768,aligned
ZN.v.0,all,all,24,92.0,5.22072495464275,0.0,15.709220597841474,aligned
ZN.v.0,all,all,27,92.0,6.849238974241336,-0.0,15.217258597754428,aligned
ZN.v.0,all,all,30,92.0,6.419838258623088,-0.3500420056122135,16.266785431819315,aligned
ZN.v.0,all,all,31,92.0,5.474369537765487,-0.5654509495411206,15.49134295055827,aligned
ZN.v.0,all,all,35,92.0,5.763010219220317,-1.2995558134648246,14.94096725531393,aligned
ZN.v.0,all,all,40,92.0,7.104984204537249,-0.8014005951024571,16.263464096555325,aligned
ZN.v.0,all,all,46,92.0,6.135314008101801,1.3015641375271594,15.922205004822453,aligned
ZN.v.0,all,all,52,92.0,7.70424514130223,0.48520135873300774,14.825846872859605,aligned
ZN.v.0,all,all,60,92.0,7.731148424685937,1.1990113545483738,14.873810899526825,aligned
ZN.v.0,all,all,68,92.0,7.9850847036003945,0.6675535444697259,16.625037116070732,aligned
ZN.v.0,all,all,78,92.0,9.677433188659762,1.0016679458803417,17.203448156180638,aligned
ZN.v.0,all,all,89,92.0,8.621584403272271,2.7419111455484835,16.88069451775736,aligned
ZN.v.0,all,all,101,92.0,8.418753011551011,2.756044186680505,17.265523731476353,aligned
ZN.v.0,all,all,115,92.0,8.999546744124387,2.4303675571691072,16.189619926276226,aligned
ZN.v.0,all,all,132,92.0,8.925864866279401,3.339991966600545,16.108570787172972,aligned
ZN.v.0,all,all,150,92.0,10.158508397190484,1.748518574205393,18.401464914364695,aligned
ZN.v.0,all,all,171,92.0,10.25270929044261,2.1511356387650036,18.626355842711153,aligned
ZN.v.0,all,all,196,92.0,10.144802464892454,1.3299777049153665,18.681718211317413,aligned
ZN.v.0,all,all,223,92.0,8.969834658769926,1.303583151723544,18.433433694944917,aligned
ZN.v.0,all,all,255,92.0,7.9931514879468715,2.0089274082719233,17.99266737442102,aligned
ZN.v.0,all,all,291,92.0,9.923910836163259,1.3557507349186175,19.08870272992867,aligned
ZN.v.0,all,all,300,92.0,9.923910836163259,1.357549375953214,19.08870272992867,aligned
ZN.v.0,all,all,332,92.0,9.74523332406029,1.3518776092127462,22.53868123099464,aligned
ZN.v.0,all,all,378,92.0,9.087319024335358,1.2631733363903126,23.064563765600916,aligned
ZN.v.0,all,all,432,92.0,9.876476239504811,1.7281993483609566,21.963401264754314,aligned
ZN.v.0,all,all,493,92.0,8.84620952613778,1.28785850516147,20.22087773322703,aligned
ZN.v.0,all,all,562,92.0,8.452047548857713,1.2169534526148758,22.00861338309474,aligned
ZN.v.0,all,all,600,92.0,8.410993503869552,1.3626559295500056,22.00861338309474,aligned
ZN.v.0,all,all,641,92.0,8.982880074757233,1.1905439589414535,20.642848086741818,aligned
ZN.v.0,all,all,732,92.0,8.382960623083578,1.3040975663354932,23.187621018240723,aligned
ZN.v.0,all,all,835,92.0,8.48307265295969,2.306951659100021,21.620918282580426,aligned
ZN.v.0,all,all,953,92.0,9.118324877268812,1.0220560917851989,23.09007205248871,aligned
ZN.v.0,all,all,1087,92.0,9.70873405360474,0.7062017160542696,25.00930629391377,aligned
ZN.v.0,all,all,1200,92.0,8.830839310744718,-0.0,23.51850434524248,aligned
ZN.v.0,all,all,1240,92.0,8.66030426003045,0.0,24.109130141186125,aligned
ZN.v.0,all,all,1415,92.0,9.556245971147733,-0.0,24.03403113831426,aligned
ZN.v.0,all,all,1615,92.0,9.593502314792776,0.9077705167215446,22.215728844468742,aligned
ZN.v.0,all,all,1800,92.0,8.753431733355443,-1.1561698311512627,20.68714018517936,aligned
ZN.v.0,all,all,1843,92.0,8.989979509720918,-1.604320278665741,21.679529341293147,aligned
ZN.v.0,all,all,2103,92.0,9.339539694090767,-1.4156108143430115,23.9155773116691,aligned
ZN.v.0,all,all,2399,92.0,9.016034491895464,-3.0289697296146456,25.421036232726387,aligned
ZN.v.0,surprise,large,1,31.0,0.0,-0.32344664758883457,7.256801104505998,aligned
ZN.v.0,surprise,large,2,31.0,16.42798840946926,4.201464150114805,20.385579674396325,aligned
ZN.v.0,surprise,large,3,31.0,17.368653953830286,1.752628451981335,20.53705976718595,aligned
ZN.v.0,surprise,large,4,31.0,17.966228332515236,5.579732668475873,21.34693024567695,aligned
ZN.v.0,surprise,large,5,31.0,13.050796920551788,5.883368477895917,21.45597573756634,aligned
ZN.v.0,surprise,large,6,31.0,13.635126192125638,5.61195756637594,22.91792463522605,aligned
ZN.v.0,surprise,large,7,31.0,14.016273357144012,7.405154328975127,22.766813739939998,aligned
ZN.v.0,surprise,large,8,31.0,15.71316657850616,8.634493393102861,22.041999651338692,aligned
ZN.v.0,surprise,large,9,31.0,13.327834930692251,10.61398540306868,22.11078387542082,aligned
ZN.v.0,surprise,large,11,31.0,17.257500507965066,10.396326743863376,25.70740376415949,aligned
ZN.v.0,surprise,large,12,31.0,16.42798840946926,10.107212184317365,25.811122833121637,aligned
ZN.v.0,surprise,large,14,31.0,16.36021277524861,11.632512448637176,26.657415471432248,aligned
ZN.v.0,surprise,large,16,31.0,15.64834233536801,11.26611251612097,22.703468476162342,aligned
ZN.v.0,surprise,large,18,31.0,17.027491343444662,8.247564584519676,22.30629475912114,aligned
ZN.v.0,surprise,large,21,31.0,18.40043665001449,6.162788967320357,25.561380200019794,aligned
ZN.v.0,surprise,large,24,31.0,18.87126820585015,11.335204231552368,26.10065963805186,aligned
ZN.v.0,surprise,large,27,31.0,18.10081251660629,7.490983844661874,26.470034764161714,aligned
ZN.v.0,surprise,large,30,31.0,16.418867138271878,8.889268783485884,29.85095391591938,aligned
ZN.v.0,surprise,large,31,31.0,17.908807651915325,6.25224172885894,29.74399683531639,aligned
ZN.v.0,surprise,large,35,31.0,17.908807651915325,8.604926884477008,30.05926528650693,aligned
ZN.v.0,surprise,large,40,31.0,18.86555709830912,8.40958391679235,31.52043530046651,aligned
ZN.v.0,surprise,large,46,31.0,16.707278512122034,9.456021148349985,31.68172352491121,aligned
ZN.v.0,surprise,large,52,31.0,16.53234515834525,10.902637997248258,30.87374166773379,aligned
ZN.v.0,surprise,large,60,31.0,15.155693173790313,11.747879350747247,28.461850424319174,aligned
ZN.v.0,surprise,large,68,31.0,18.327934074522158,12.391747868037372,33.03077280481514,aligned
ZN.v.0,surprise,large,78,31.0,19.616263263209948,12.856908122027537,32.18578336277896,aligned
ZN.v.0,surprise,large,89,31.0,18.38911882676984,12.667173747863636,30.539856488311422,aligned
ZN.v.0,surprise,large,101,31.0,19.285080706661027,11.801856093207135,29.699772054936947,aligned
ZN.v.0,surprise,large,115,31.0,18.403031469250863,11.433134686465664,29.34229071554026,aligned
ZN.v.0,surprise,large,132,31.0,21.56335067346061,12.647870436742151,29.431961771111805,aligned
ZN.v.0,surprise,large,150,31.0,21.126528456193473,14.648318473308242,30.316341236841474,aligned
ZN.v.0,surprise,large,171,31.0,21.78853540423341,15.496166298146846,29.180950309300975,aligned
ZN.v.0,surprise,large,196,31.0,24.85502522312029,15.229696131455047,29.728956724368253,aligned
ZN.v.0,surprise,large,223,31.0,23.769918489204475,17.092460358219455,30.671719892949397,aligned
ZN.v.0,surprise,large,255,31.0,24.275633595254156,14.526699387644054,33.48607676309243,aligned
ZN.v.0,surprise,large,291,31.0,26.436337673724537,15.169830043628949,35.95780874288136,aligned
ZN.v.0,surprise,large,300,31.0,25.518950767065853,15.932578791925781,36.94022568348022,aligned
ZN.v.0,surprise,large,332,31.0,26.580353015328647,14.795472121674528,36.26424214023049,aligned
ZN.v.0,surprise,large,378,31.0,27.932027561922258,15.760521222025462,39.842412009356565,aligned
ZN.v.0,surprise,large,432,31.0,26.064306675673652,15.831015423231015,39.87441200652404,aligned
ZN.v.0,surprise,large,493,31.0,26.064306675673652,12.723671147395311,37.18113136501694,aligned
ZN.v.0,surprise,large,562,31.0,29.303526668904983,12.074440082850609,36.89087672723967,aligned
ZN.v.0,surprise,large,600,31.0,29.247975048935228,12.475711222786861,39.3892787032388,aligned
ZN.v.0,surprise,large,641,31.0,29.817163905079013,15.496365605465176,41.43957944273943,aligned
ZN.v.0,surprise,large,732,31.0,30.735165898265066,17.04935703460202,39.061928735760354,aligned
ZN.v.0,surprise,large,835,31.0,27.872092369295004,17.254655135238206,39.80140316857106,aligned
ZN.v.0,surprise,large,953,31.0,28.36685058509657,16.03155970907539,36.37832246158847,aligned
ZN.v.0,surprise,large,1087,31.0,27.57946160236339,19.215546179038853,39.177385417770864,aligned
ZN.v.0,surprise,large,1200,31.0,26.571298208891314,19.029702601734428,38.21795641514316,aligned
ZN.v.0,surprise,large,1240,31.0,27.872092369295004,18.944842523721192,39.306412969286725,aligned
ZN.v.0,surprise,large,1415,31.0,26.163606222058853,17.60484561497937,40.495076865577495,aligned
ZN.v.0,surprise,large,1615,31.0,27.046279832173074,14.985302672071299,37.73508468635731,aligned
ZN.v.0,surprise,large,1800,31.0,31.250982877238187,14.88990021819118,38.30438955030341,aligned
ZN.v.0,surprise,large,1843,31.0,28.803451811971314,15.118400721778341,36.66209639662094,aligned
ZN.v.0,surprise,large,2103,31.0,31.65374942291202,16.829487532285157,37.98592130669752,aligned
ZN.v.0,surprise,large,2399,31.0,27.94535438244906,11.621285705168606,43.40001799862267,aligned
ZN.v.0,surprise,medium,1,30.0,0.0,-0.6169402354391316,0.0,aligned
ZN.v.0,surprise,medium,2,30.0,0.7118058884052871,0.0,3.7364770817896815,aligned
ZN.v.0,surprise,medium,3,30.0,1.6072090569289932,0.0,3.7202098885823647,aligned
ZN.v.0,surprise,medium,4,30.0,1.279904259306493,0.0,5.648689090566775,aligned
ZN.v.0,surprise,medium,5,30.0,2.4174634656374288,0.0,7.1267872902795535,aligned
ZN.v.0,surprise,medium,6,30.0,3.5397055702208826,0.0,7.8025282083777405,aligned
ZN.v.0,surprise,medium,7,30.0,3.8699460792347935,0.0,8.416050839130161,aligned
ZN.v.0,surprise,medium,8,30.0,4.305176522357014,0.0,7.676481536936651,aligned
ZN.v.0,surprise,medium,9,30.0,4.609395643705135,0.0,8.15619841937514,aligned
ZN.v.0,surprise,medium,11,30.0,4.8695753558805475,0.0,7.145941829103627,aligned
ZN.v.0,surprise,medium,12,30.0,3.5105724905636366,0.0,9.02334566122692,aligned
ZN.v.0,surprise,medium,14,30.0,3.9787195581051646,-0.5250813878299918,8.649929990437462,aligned
ZN.v.0,surprise,medium,16,30.0,4.167740079356557,-0.9945630567558457,10.42423576994288,aligned
ZN.v.0,surprise,medium,18,30.0,4.907561926567902,-0.9945630567558457,11.421238230966557,aligned
ZN.v.0,surprise,medium,21,30.0,6.321032888994106,-0.9217156211674997,11.435959401527626,aligned
ZN.v.0,surprise,medium,24,30.0,5.351192522703801,0.15363343068286406,12.793534686956002,aligned
ZN.v.0,surprise,medium,27,30.0,5.717459735194829,0.30727630323837535,13.301285452436636,aligned
ZN.v.0,surprise,medium,30,30.0,5.4355199038545665,0.30727630323837535,14.009463255227622,aligned
ZN.v.0,surprise,medium,31,30.0,5.148415990402722,0.0,12.72555847136403,aligned
ZN.v.0,surprise,medium,35,30.0,5.557372882156617,0.7332553451841782,13.020996902338972,aligned
ZN.v.0,surprise,medium,40,30.0,7.829912955517646,0.629524712171154,11.965008426402266,aligned
ZN.v.0,surprise,medium,46,30.0,5.746332083570078,0.2839940932283631,10.567660676227474,aligned
ZN.v.0,surprise,medium,52,30.0,5.626461420523079,0.5971218754129287,11.077557369582117,aligned
ZN.v.0,surprise,medium,60,30.0,6.910522472473208,0.29854310997994066,12.849203405040562,aligned
ZN.v.0,surprise,medium,68,30.0,7.617436088806892,0.0,12.849203405040562,aligned
ZN.v.0,surprise,medium,78,30.0,8.077720371967267,0.0,13.203225876218907,aligned
ZN.v.0,surprise,medium,89,30.0,8.08464798687777,0.3500910242382796,14.272119165731864,aligned
ZN.v.0,surprise,medium,101,30.0,7.3448886467686805,1.512979016384381,13.0573788844957,aligned
ZN.v.0,surprise,medium,115,30.0,8.159656721255736,2.875570767450225,14.490871244376164,aligned
ZN.v.0,surprise,medium,132,30.0,7.137522801503982,3.4956819866043753,13.993201293483635,aligned
ZN.v.0,surprise,medium,150,30.0,7.052227014470468,1.2719199339534057,15.495391488499072,aligned
ZN.v.0,surprise,medium,171,30.0,5.345236546764145,2.490747357021145,14.23905784154466,aligned
ZN.v.0,surprise,medium,196,30.0,7.698594636116025,0.3500910242382796,13.192341057325379,aligned
ZN.v.0,surprise,medium,223,30.0,7.094948613410474,1.3394064194198088,11.877981440343145,aligned
ZN.v.0,surprise,medium,255,30.0,7.06164824173469,1.6241303291601867,12.61626585699371,aligned
ZN.v.0,surprise,medium,291,30.0,7.4519586689535,2.411535580377119,13.12227406905369,aligned
ZN.v.0,surprise,medium,300,30.0,6.33552441551053,1.652716528808735,13.16371408440807,aligned
ZN.v.0,surprise,medium,332,30.0,6.09502958781745,2.4950458785802887,13.73899910647386,aligned
ZN.v.0,surprise,medium,378,30.0,7.032539542360183,1.3147212506486516,13.21422207918974,aligned
ZN.v.0,surprise,medium,432,30.0,7.71551812994203,1.5573358463612044,13.643566970551184,aligned
ZN.v.0,surprise,medium,493,30.0,6.980085299999214,2.294345282850164,12.527771009947461,aligned
ZN.v.0,surprise,medium,562,30.0,6.645000627708843,1.5027208162355397,14.311037278383145,aligned
ZN.v.0,surprise,medium,600,30.0,6.002084101510752,2.098788902253504,14.322073389808924,aligned
ZN.v.0,surprise,medium,641,30.0,8.576290792667045,2.4042924343720804,14.7523360709792,aligned
ZN.v.0,surprise,medium,732,30.0,5.975453155522487,2.9424724349365334,15.386499203172564,aligned
ZN.v.0,surprise,medium,835,30.0,7.308989682872371,3.4035334347608686,16.774043038474744,aligned
ZN.v.0,surprise,medium,953,30.0,8.576290792667045,2.804373494840669,17.146652085967936,aligned
ZN.v.0,surprise,medium,1087,30.0,7.26002132044885,2.743646933066984,16.677800638808442,aligned
ZN.v.0,surprise,medium,1200,30.0,7.100925897915706,3.0056160323022265,13.182811010615131,aligned
ZN.v.0,surprise,medium,1240,30.0,7.2025483251477995,2.50996747134784,12.333004253396677,aligned
ZN.v.0,surprise,medium,1415,30.0,6.5002531437092905,3.5436782008558305,12.881939674865844,aligned
ZN.v.0,surprise,medium,1615,30.0,8.760473833250101,4.49404028797209,14.147955086623726,aligned
ZN.v.0,surprise,medium,1800,30.0,8.341922447051198,4.175240466944529,13.73899910647386,aligned
ZN.v.0,surprise,medium,1843,30.0,7.9853781954494565,4.033725299070943,13.563289071221655,aligned
ZN.v.0,surprise,medium,2103,30.0,4.609395643705135,-0.7060439857791267,17.713877863893142,aligned
ZN.v.0,surprise,medium,2399,30.0,8.56749399348633,-3.8669274822364663,15.93867007933792,aligned
ZN.v.0,surprise,small,1,31.0,0.0,-0.0,-0.0,aligned
ZN.v.0,surprise,small,2,31.0,0.0,-0.5739360797357793,0.6565504652204432,aligned
ZN.v.0,surprise,small,3,31.0,0.0,-0.6296609981171859,0.5881052604671138,aligned
ZN.v.0,surprise,small,4,31.0,0.0,-0.611199842367488,0.9101278785127935,aligned
ZN.v.0,surprise,small,5,31.0,0.0,-0.9317967075694613,0.8430362571065653,aligned
ZN.v.0,surprise,small,6,31.0,0.0,-0.6046931140098442,1.215048003955429,aligned
ZN.v.0,surprise,small,7,31.0,0.0,0.0,2.3804305574502544,aligned
ZN.v.0,surprise,small,8,31.0,0.0,-1.2670698993983505,1.7575496899986702,aligned
ZN.v.0,surprise,small,9,31.0,0.6008351610545057,-1.8726918801689434,2.0277650441125066,aligned
ZN.v.0,surprise,small,11,31.0,0.5618450994544458,-2.2488038679691433,4.192729742717233,aligned
ZN.v.0,surprise,small,12,31.0,0.5618450994544458,-1.7523205126402828,3.570777344050885,aligned
ZN.v.0,surprise,small,14,31.0,1.124859393762185,-3.4523065515426357,3.1789195720509036,aligned
ZN.v.0,surprise,small,16,31.0,1.1188185288021104,-3.21116194986657,3.2128049548394753,aligned
ZN.v.0,surprise,small,18,31.0,1.1188185288021104,-5.146837055983479,3.2214624887164907,aligned
ZN.v.0,surprise,small,21,31.0,0.5618450994544458,-3.6442541354788482,4.548070797621806,aligned
ZN.v.0,surprise,small,24,31.0,1.3089005254292791,-4.236369006820243,4.7915314087485825,aligned
ZN.v.0,surprise,small,27,31.0,2.2471910206925214,-5.256836530193846,6.363150107467829,aligned
ZN.v.0,surprise,small,30,31.0,1.950775439421503,-5.427366292015838,5.866949976968398,aligned
ZN.v.0,surprise,small,31,31.0,1.685440606253341,-5.781096282277237,5.3082169530574586,aligned
ZN.v.0,surprise,small,35,31.0,1.685440606253341,-4.971649037453186,5.347895167497898,aligned
ZN.v.0,surprise,small,40,31.0,1.685440606253341,-4.275047216046059,5.9581542587740195,aligned
ZN.v.0,surprise,small,46,31.0,2.2498453326246213,-5.7306991036455095,5.9581542587740195,aligned
ZN.v.0,surprise,small,52,31.0,2.2377622471008234,-4.060400084645492,5.759894109690135,aligned
ZN.v.0,surprise,small,60,31.0,1.950775439421503,-2.512015886170669,5.894658426870871,aligned
ZN.v.0,surprise,small,68,31.0,1.864570066622818,-2.512015886170669,6.544664523375751,aligned
ZN.v.0,surprise,small,78,31.0,3.932252950704847,-0.9250871884519805,6.420875709593622,aligned
ZN.v.0,surprise,small,89,31.0,3.631521647463648,-1.1843473844551924,7.0740072029566665,aligned
ZN.v.0,surprise,small,101,31.0,3.631521647463648,-1.1843473844551924,6.87322309788528,aligned
ZN.v.0,surprise,small,115,31.0,2.621403776725353,-2.720245105932353,6.525849091095401,aligned
ZN.v.0,surprise,small,132,31.0,3.374957845062804,-2.224494757364667,7.483568839258551,aligned
ZN.v.0,surprise,small,150,31.0,2.2623154895422437,-2.93386708092505,7.068909450650166,aligned
ZN.v.0,surprise,small,171,31.0,1.1310937688796356,-3.6411822188811502,7.586503411049865,aligned
ZN.v.0,surprise,small,196,31.0,2.2498453326246213,-2.4112717301274875,7.1166210684267455,aligned
ZN.v.0,surprise,small,223,31.0,2.2498453326246213,-2.4508396532007204,6.780866458783328,aligned
ZN.v.0,surprise,small,255,31.0,2.370089481971672,-3.005346885675875,5.85825395730303,aligned
ZN.v.0,surprise,small,291,31.0,0.6008351610545057,-3.0493770819148613,8.193183417732302,aligned
ZN.v.0,surprise,small,300,31.0,1.119444756570352,-3.666371919127382,7.6109348015241824,aligned
ZN.v.0,surprise,small,332,31.0,1.1723329438986585,-4.387181115292374,6.811770183640229,aligned
ZN.v.0,surprise,small,378,31.0,2.2498453326246213,-4.4237056313947996,8.406037299286385,aligned
ZN.v.0,surprise,small,432,31.0,2.2498453326246213,-4.170799837399346,8.839014666885726,aligned
ZN.v.0,surprise,small,493,31.0,1.1723329438986585,-4.332568839095579,8.721571821577115,aligned
ZN.v.0,surprise,small,562,31.0,0.0,-3.0827019145944208,8.406037299286385,aligned
ZN.v.0,surprise,small,600,31.0,1.2495314273406677,-2.994768155586219,8.410993503869552,aligned
ZN.v.0,surprise,small,641,31.0,1.1310937688796356,-3.7923836836327967,8.216629240026151,aligned
ZN.v.0,surprise,small,732,31.0,-2.420281974662343,-5.259212801266357,7.397921485344574,aligned
ZN.v.0,surprise,small,835,31.0,-3.512099217782863,-5.725909920003048,7.5402943341323745,aligned
ZN.v.0,surprise,small,953,31.0,0.0,-6.473412897712519,7.509575663034067,aligned
ZN.v.0,surprise,small,1087,31.0,0.0,-6.982536119824679,8.406037299286385,aligned
ZN.v.0,surprise,small,1200,31.0,0.0,-6.945889666608815,8.753803957071415,aligned
ZN.v.0,surprise,small,1240,31.0,0.0,-5.729270644851503,8.230950410351415,aligned
ZN.v.0,surprise,small,1415,31.0,0.0,-6.133293001880498,7.815070181035527,aligned
ZN.v.0,surprise,small,1615,31.0,1.3106159913914697,-6.563436215277264,7.670617228064324,aligned
ZN.v.0,surprise,small,1800,31.0,-1.2171372945886902,-7.030263321430697,8.44666174192517,aligned
ZN.v.0,surprise,small,1843,31.0,-1.393339837839674,-6.930000119696693,9.028598427870746,aligned
ZN.v.0,surprise,small,2103,31.0,0.0,-7.632050106809742,10.354789307376047,aligned
ZN.v.0,surprise,small,2399,31.0,2.6345254713405466,-7.93045006936347,8.212782656544336,aligned
equity_average,action,cut,1,8.0,-0.24878517421571175,-0.5807936753594042,0.23236139810662843,aligned
equity_average,action,cut,2,8.0,2.261157679351915,-0.31913247736279865,9.157795723101072,aligned
equity_average,action,cut,3,8.0,2.247202684871996,-0.44786206442655524,9.408772681657364,aligned
equity_average,action,cut,4,8.0,2.6370500363788403,0.07625261008468984,7.962965399110032,aligned
equity_average,action,cut,5,8.0,1.1451095416629073,0.03902933206384909,6.6757824352594675,aligned
equity_average,action,cut,6,8.0,3.585504331903883,0.31018246450049836,9.07224324744267,aligned
equity_average,action,cut,7,8.0,7.458861541405716,-0.014626708515608766,14.001236998662648,aligned
equity_average,action,cut,8,8.0,7.587545018852262,0.47118609498756414,13.801483023234706,aligned
equity_average,action,cut,9,8.0,7.000343424982085,0.798185535872348,12.82702680936619,aligned
equity_average,action,cut,11,8.0,9.552686846349252,1.348761639407096,14.855903314251147,aligned
equity_average,action,cut,12,8.0,11.732344087905165,0.30051996943685394,14.787109417519812,aligned
equity_average,action,cut,14,8.0,6.925709553844474,-2.081597421068783,16.416612833570586,aligned
equity_average,action,cut,16,8.0,4.7142433176736604,-0.07949672586138368,12.62338361217814,aligned
equity_average,action,cut,18,8.0,9.10631670863549,2.5175580033143445,11.963361499982199,aligned
equity_average,action,cut,21,8.0,8.764352488142174,3.3248610687890894,11.38673187746727,aligned
equity_average,action,cut,24,8.0,7.186114775801845,-4.721443223687821,11.065428045483518,aligned
equity_average,action,cut,27,8.0,8.074685264529094,-4.737158882255818,10.029361700265634,aligned
equity_average,action,cut,30,8.0,8.357570271758537,-2.762576142606027,17.656386412625885,aligned
equity_average,action,cut,31,8.0,9.760639215732343,-1.965670547034076,17.697776282765822,aligned
equity_average,action,cut,35,8.0,8.865390087123503,-0.12624957952746696,14.663839961592444,aligned
equity_average,action,cut,40,8.0,7.527566349399987,2.4113647565446783,12.56419426341744,aligned
equity_average,action,cut,46,8.0,7.378503159422149,-0.17769623996301187,11.920511940085715,aligned
equity_average,action,cut,52,8.0,9.863974729640312,-1.812344710025663,16.02857257983198,aligned
equity_average,action,cut,60,8.0,7.8948475766732775,0.5186566745637682,16.48185452516445,aligned
equity_average,action,cut,68,8.0,3.1106994252953184,-1.295304720061777,19.073146426043998,aligned
equity_average,action,cut,78,8.0,3.2680221296441614,-3.1548412118605564,22.00914885954667,aligned
equity_average,action,cut,89,8.0,3.9911268281723133,-1.2424116158467462,23.512816471513712,aligned
equity_average,action,cut,101,8.0,2.653703755865759,-0.0244780401492391,24.08492309675366,aligned
equity_average,action,cut,115,8.0,12.497080699935248,-1.7841644803101415,22.61982385692407,aligned
equity_average,action,cut,132,8.0,14.765382729954734,-2.5623914088889967,24.86629086717884,aligned
equity_average,action,cut,150,8.0,16.394256568238976,0.027721677610974993,20.003148974668868,aligned
equity_average,action,cut,171,8.0,15.425548586215292,1.685575834298088,19.3880979985371,aligned
equity_average,action,cut,196,8.0,16.475563193252633,6.273225354851018,24.603913375941698,aligned
equity_average,action,cut,223,8.0,11.025021015602437,4.533242988787944,22.63613814864628,aligned
equity_average,action,cut,255,8.0,15.702780040274288,3.3907650681238355,26.28797883041045,aligned
equity_average,action,cut,291,8.0,16.210918345702147,2.176479111771915,23.477670160425145,aligned
equity_average,action,cut,300,8.0,13.01886597007705,2.9153731503171834,24.41713495156055,aligned
equity_average,action,cut,332,8.0,16.05570755301963,4.318621593014306,23.24336304894977,aligned
equity_average,action,cut,378,8.0,12.324343401318483,3.3058469867395965,24.041214913604257,aligned
equity_average,action,cut,432,8.0,9.25827161160302,2.7512305215270993,20.03660702620575,aligned
equity_average,action,cut,493,8.0,1.0372210980579535,-3.096219090708922,15.75142113308042,aligned
equity_average,action,cut,562,8.0,9.513899093730291,0.12744292420678205,19.582476003619284,aligned
equity_average,action,cut,600,8.0,6.266280065156256,-0.7134815398579544,20.61631640398472,aligned
equity_average,action,cut,641,8.0,7.061116233755612,-0.01809287393469483,25.838859232167856,aligned
equity_average,action,cut,732,8.0,5.729419424199686,-4.065814344717893,28.51037158247517,aligned
equity_average,action,cut,835,8.0,3.80219591011607,-4.881357193448903,29.71261547075864,aligned
equity_average,action,cut,953,8.0,9.921204941124735,-10.25351942075676,41.82672171929198,aligned
equity_average,action,cut,1087,8.0,7.91379699378726,-12.100704157917072,37.961082950884474,aligned
equity_average,action,cut,1200,8.0,6.505138206415773,-7.2462251931308375,38.10013625172813,aligned
equity_average,action,cut,1240,8.0,6.570789977093763,-7.4212322910042605,38.454853181360726,aligned
equity_average,action,cut,1415,8.0,15.622558101421468,-0.951260572543974,32.647436619791165,aligned
equity_average,action,cut,1615,8.0,10.23841632406437,-3.18018561881512,29.315333218881225,aligned
equity_average,action,cut,1800,8.0,11.403018112461975,0.9350979762644316,28.35408186718736,aligned
equity_average,action,cut,1843,8.0,6.944782025025768,-2.793005798927215,35.23328809337045,aligned
equity_average,action,cut,2103,8.0,2.1615392035978584,-7.7641013310856,46.31654457947477,aligned
equity_average,action,cut,2399,8.0,52.188569201331454,-4.26563302814432,61.74128112754675,aligned
equity_average,action,hike,1,21.0,0.0,-0.36498121836149766,2.09005360015754,aligned
equity_average,action,hike,2,21.0,3.6133311890164705,0.4095641420692551,6.954254808417836,aligned
equity_average,action,hike,3,21.0,3.98453316143281,0.35351681683456615,10.581519930053009,aligned
equity_average,action,hike,4,21.0,5.183313515698883,-0.3453315392926556,12.078696840474004,aligned
equity_average,action,hike,5,21.0,4.946627469905528,0.2795585514027559,11.633188676963279,aligned
equity_average,action,hike,6,21.0,5.84705360877877,1.0450820713132118,22.260079148497724,aligned
equity_average,action,hike,7,21.0,4.77870340749432,-0.19430421822837868,26.741282522075213,aligned
equity_average,action,hike,8,21.0,10.09482409674416,-0.6215164535330299,23.200724356186086,aligned
equity_average,action,hike,9,21.0,7.72385043651583,-0.7299469224990697,24.044784117814828,aligned
equity_average,action,hike,11,21.0,6.963674480815745,-0.9864689962793841,20.700829739244504,aligned
equity_average,action,hike,12,21.0,4.266476752635412,-2.094844368740182,19.44876655109759,aligned
equity_average,action,hike,14,21.0,2.8931853758954285,-8.444233242409663,22.098223821256163,aligned
equity_average,action,hike,16,21.0,1.1901476651494551,-8.913073419639836,15.192134800895422,aligned
equity_average,action,hike,18,21.0,-0.3249869138569377,-7.3881921922100275,15.848101341766828,aligned
equity_average,action,hike,21,21.0,2.701226281695919,-5.139451509135556,19.613740363333882,aligned
equity_average,action,hike,24,21.0,5.799268296443132,-7.5829645034020645,26.114089295279257,aligned
equity_average,action,hike,27,21.0,6.234219648107885,-10.19380804698508,29.675288537471722,aligned
equity_average,action,hike,30,21.0,6.916705479117152,-8.245718745016621,30.752005509077208,aligned
equity_average,action,hike,31,21.0,5.859645581210555,-9.327544587476275,23.272349580735405,aligned
equity_average,action,hike,35,21.0,8.215469824090427,-0.8383750400827816,27.91502607248787,aligned
equity_average,action,hike,40,21.0,8.932710526907652,-4.447684691202648,39.14235246490827,aligned
equity_average,action,hike,46,21.0,11.1966178783148,-7.721858071595985,47.16308429548485,aligned
equity_average,action,hike,52,21.0,12.955318039643675,-7.76199276362213,52.18017094068028,aligned
equity_average,action,hike,60,21.0,7.1746479580015,-9.215218095701278,46.172072277615435,aligned
equity_average,action,hike,68,21.0,13.447720318501947,0.8476517448590053,35.588517552972476,aligned
equity_average,action,hike,78,21.0,12.091709355753501,-2.328716004091931,39.65328429340786,aligned
equity_average,action,hike,89,21.0,15.642965622074186,-5.099915268801233,43.45365742272611,aligned
equity_average,action,hike,101,21.0,20.299424849659722,-3.945605055323699,58.22805865598628,aligned
equity_average,action,hike,115,21.0,22.50278082274921,-4.397673267702399,40.67018511556468,aligned
equity_average,action,hike,132,21.0,14.624784924875023,-9.496157275714499,30.179024987323103,aligned
equity_average,action,hike,150,21.0,13.14890641589096,-4.107928562412341,23.98300914711583,aligned
equity_average,action,hike,171,21.0,9.428646672667762,-3.105033310735502,25.961418720422877,aligned
equity_average,action,hike,196,21.0,5.731985047396419,-3.598914556905852,43.513094690363516,aligned
equity_average,action,hike,223,21.0,15.673265717739483,-6.48591553179137,39.55415912966405,aligned
equity_average,action,hike,255,21.0,12.96595315125824,-7.954862728082061,50.84431699111239,aligned
equity_average,action,hike,291,21.0,20.293701155744266,-7.973788333939983,69.41158637429194,aligned
equity_average,action,hike,300,21.0,21.11726933810381,-8.308593343497256,65.89007669689049,aligned
equity_average,action,hike,332,21.0,19.084611485748667,-11.33287802638027,71.22698414181068,aligned
equity_average,action,hike,378,21.0,14.448240931078582,-7.5558601519719115,82.44657345393802,aligned
equity_average,action,hike,432,21.0,10.229008815511278,-12.610949944274003,68.37388123288281,aligned
equity_average,action,hike,493,21.0,13.355867938539848,-16.73905863609629,64.10769527746122,aligned
equity_average,action,hike,562,21.0,8.53076126722578,-13.170528909884522,84.57856208547074,aligned
equity_average,action,hike,600,21.0,7.979614882188166,-14.41468753935455,75.1824088821993,aligned
equity_average,action,hike,641,21.0,8.383151713458375,-17.036153750762278,93.05686529175719,aligned
equity_average,action,hike,732,21.0,8.891759374895571,-15.627524732792313,77.84331032534266,aligned
equity_average,action,hike,835,21.0,3.5009764129841705,-8.031127037204115,61.99607809255117,aligned
equity_average,action,hike,953,21.0,4.430471427864855,-10.72662454462209,60.62005678047617,aligned
equity_average,action,hike,1087,21.0,11.76186144999052,-12.356488116547695,48.949299706091736,aligned
equity_average,action,hike,1200,21.0,8.533637624703932,-13.593273084424133,42.53716650223545,aligned
equity_average,action,hike,1240,21.0,3.624403003637389,-13.673554356698247,36.72477323993394,aligned
equity_average,action,hike,1415,21.0,8.997457472305,-8.792029356322242,71.58272776325633,aligned
equity_average,action,hike,1615,21.0,9.439753246972298,-10.696303332831153,68.0700439898246,aligned
equity_average,action,hike,1800,21.0,7.345422987910673,-2.2315242672328375,90.31876155632649,aligned
equity_average,action,hike,1843,21.0,24.277548248396513,-3.3560403284546205,83.89627012135817,aligned
equity_average,action,hike,2103,21.0,26.09394335872074,-0.7704012158016873,62.51528302240446,aligned
equity_average,action,hike,2399,21.0,21.89507498968144,-20.917256473382253,34.46871155665053,aligned
equity_average,action,hold,1,63.0,0.003669043249185877,-0.6383626066692105,0.9643824476534487,aligned
equity_average,action,hold,2,63.0,0.13536430060283478,-0.9008982519985049,5.2868529413254395,aligned
equity_average,action,hold,3,63.0,0.3185727939914339,-0.2739524512139182,9.939676448579165,aligned
equity_average,action,hold,4,63.0,0.5327115370246628,-0.3918970459534361,9.866167879398555,aligned
equity_average,action,hold,5,63.0,0.8035209585364352,-0.37821297082118194,9.497999760345946,aligned
equity_average,action,hold,6,63.0,2.069217664631352,-0.5470248417686026,10.312605597529485,aligned
equity_average,action,hold,7,63.0,2.2076427811420416,-0.8413675747864414,10.788775459012008,aligned
equity_average,action,hold,8,63.0,1.6115946171413638,-0.8894977713691846,12.32396139307324,aligned
equity_average,action,hold,9,63.0,2.350066264624667,-1.0805129645605427,12.039577298661222,aligned
equity_average,action,hold,11,63.0,3.2154655113641346,-1.0871704013697097,15.02738322885714,aligned
equity_average,action,hold,12,63.0,3.4359886189824893,-1.255998302829302,15.109118439819586,aligned
equity_average,action,hold,14,63.0,2.0644599493665163,-1.053202684487434,14.400770331135565,aligned
equity_average,action,hold,16,63.0,2.7145317316629947,-1.4599576520437827,13.22574112912022,aligned
equity_average,action,hold,18,63.0,4.529365512669466,-1.9815337545460294,15.936868782778326,aligned
equity_average,action,hold,21,63.0,3.925873374567691,-1.8581159470941238,16.679098231109528,aligned
equity_average,action,hold,24,63.0,3.9551652352188373,-1.9434701853976564,17.99223855446918,aligned
equity_average,action,hold,27,63.0,4.402295676676068,-3.0825978329827755,17.317720567025646,aligned
equity_average,action,hold,30,63.0,4.353754081687771,-2.66281998012556,17.294189143046953,aligned
equity_average,action,hold,31,63.0,3.978710451075343,-3.4052615130246036,17.358599704817962,aligned
equity_average,action,hold,35,63.0,3.4888749629701827,-4.932758274367318,19.507222745497824,aligned
equity_average,action,hold,40,63.0,3.7131570198827246,-4.905492770773666,19.965115084408474,aligned
equity_average,action,hold,46,63.0,5.671422871578121,-5.419128080557371,18.27002383539501,aligned
equity_average,action,hold,52,63.0,8.112879910807187,-6.0361159345182305,17.487861515533744,aligned
equity_average,action,hold,60,63.0,7.2725931902460985,-5.132225640820601,21.42508054388273,aligned
equity_average,action,hold,68,63.0,9.194852634150216,-3.381049625928862,21.037362522067333,aligned
equity_average,action,hold,78,63.0,5.812886631381628,-4.108746183300381,22.512963247433156,aligned
equity_average,action,hold,89,63.0,7.545340572908737,-2.8963959203920466,22.918755620327257,aligned
equity_average,action,hold,101,63.0,5.725459042596242,-3.3627579789556354,20.400906592395124,aligned
equity_average,action,hold,115,63.0,7.61534143010674,-1.400017789768953,21.295855193240744,aligned
equity_average,action,hold,132,63.0,4.815568890996797,-3.8522223824023394,18.432801098597835,aligned
equity_average,action,hold,150,63.0,2.9506890053207986,-3.991130889542377,24.241753751199276,aligned
equity_average,action,hold,171,63.0,2.0691082438871673,-8.385298359577456,23.614280861231638,aligned
equity_average,action,hold,196,63.0,2.866934172070746,-8.973869431146479,21.534881811950708,aligned
equity_average,action,hold,223,63.0,3.6406220084527487,-8.528257976567735,22.978413567888303,aligned
equity_average,action,hold,255,63.0,4.503020784590038,-8.19249831576434,19.504021316655543,aligned
equity_average,action,hold,291,63.0,4.0875268546461605,-10.452843483363965,21.948926929616263,aligned
equity_average,action,hold,300,63.0,4.79887706813423,-10.852888707852294,22.07756046661299,aligned
equity_average,action,hold,332,63.0,3.0684898982571953,-9.564646644449148,16.707032530295834,aligned
equity_average,action,hold,378,63.0,3.726957763100034,-11.690146234765978,17.68317515855253,aligned
equity_average,action,hold,432,63.0,1.8411136759345506,-11.504219303532416,23.359912194339323,aligned
equity_average,action,hold,493,63.0,1.4659825519823155,-10.303085699696137,23.297347759258088,aligned
equity_average,action,hold,562,63.0,3.18327290434444,-9.574808601768346,26.9373623252013,aligned
equity_average,action,hold,600,63.0,4.055343956108052,-10.741006112647865,27.0551151973334,aligned
equity_average,action,hold,641,63.0,2.9276046060925083,-10.219285583262007,29.089120844203897,aligned
equity_average,action,hold,732,63.0,5.516156122861128,-10.174220885849222,26.800329073560036,aligned
equity_average,action,hold,835,63.0,3.7816748526930333,-10.295591338059953,23.10367761148324,aligned
equity_average,action,hold,953,63.0,6.143702013184748,-12.049839291884677,22.716398344627702,aligned
equity_average,action,hold,1087,63.0,4.054386106824392,-14.422906633730623,24.459223320826744,aligned
equity_average,action,hold,1200,63.0,3.873501293415192,-14.002433533031917,25.392632514152645,aligned
equity_average,action,hold,1240,63.0,3.3816126601493366,-15.629180218854167,26.130131209616756,aligned
equity_average,action,hold,1415,63.0,3.8851318308305505,-14.820570129158284,28.208314400814963,aligned
equity_average,action,hold,1615,63.0,2.3379313074172945,-13.73586906603869,24.28803651631673,aligned
equity_average,action,hold,1800,63.0,1.2244943456166546,-14.235888084730277,25.763930006710993,aligned
equity_average,action,hold,1843,63.0,1.7576630713846404,-17.119835723832267,28.21137815785429,aligned
equity_average,action,hold,2103,63.0,2.150383518200872,-13.174577241345045,31.838680137952377,aligned
equity_average,action,hold,2399,63.0,1.0651899483360578,-17.07803536652788,33.4745766910561,aligned
equity_average,action_x_surprise,cut|large,1,4.0,-0.33828600472660664,-0.5807936753594042,1.0224931019828947,aligned
equity_average,action_x_surprise,cut|large,2,4.0,9.2978954319575,2.679339981187812,16.571362714268222,aligned
equity_average,action_x_surprise,cut|large,3,4.0,9.435762471517295,2.626164015661198,15.78520623477413,aligned
equity_average,action_x_surprise,cut|large,4,4.0,9.613045067714689,3.2150210538374133,15.808854085129243,aligned
equity_average,action_x_surprise,cut|large,5,4.0,8.736344881000907,1.390350774165924,16.184527079571403,aligned
equity_average,action_x_surprise,cut|large,6,4.0,11.785253982000896,6.206305539179056,17.542612058861003,aligned
equity_average,action_x_surprise,cut|large,7,4.0,14.81312392488525,12.683774784953854,16.604722852018533,aligned
equity_average,action_x_surprise,cut|large,8,4.0,14.07592265968955,12.981943209981504,15.502000431156869,aligned
equity_average,action_x_surprise,cut|large,9,4.0,12.861904077161253,12.014503686286453,14.274193081297316,aligned
equity_average,action_x_surprise,cut|large,11,4.0,14.94332955512508,14.447076517551162,16.10970109981242,aligned
equity_average,action_x_surprise,cut|large,12,4.0,16.017416092444634,13.459169926931464,18.88670170492294,aligned
equity_average,action_x_surprise,cut|large,14,4.0,17.662945574727146,12.230784286530007,20.77625907361501,aligned
equity_average,action_x_surprise,cut|large,16,4.0,12.992005124989944,5.404894987947045,20.58854271177201,aligned
equity_average,action_x_surprise,cut|large,18,4.0,12.76304737447377,10.278195450152982,16.653074337259923,aligned
equity_average,action_x_surprise,cut|large,21,4.0,10.397643745474335,7.307524289174436,12.85697222677188,aligned
equity_average,action_x_surprise,cut|large,24,4.0,10.238075138864161,8.428976023161702,11.065428045483518,aligned
equity_average,action_x_surprise,cut|large,27,4.0,8.989842677158482,8.120170224714277,10.029361700265634,aligned
equity_average,action_x_surprise,cut|large,30,4.0,13.535726987945838,8.964700317327665,17.656386412625885,aligned
equity_average,action_x_surprise,cut|large,31,4.0,14.463923907849434,10.950215472986352,17.697776282765822,aligned
equity_average,action_x_surprise,cut|large,35,4.0,11.39106038729784,7.375832066187673,14.663839961592444,aligned
equity_average,action_x_surprise,cut|large,40,4.0,11.083140284926511,8.56217235726992,12.56419426341744,aligned
equity_average,action_x_surprise,cut|large,46,4.0,10.645903675350436,7.544302883332017,11.920511940085715,aligned
equity_average,action_x_surprise,cut|large,52,4.0,12.357391080454974,4.779471818809721,16.02857257983198,aligned
equity_average,action_x_surprise,cut|large,60,4.0,10.652923414403828,3.5881515429381237,16.48185452516445,aligned
equity_average,action_x_surprise,cut|large,68,4.0,10.478175017706642,-1.011945741075003,19.724374696399998,aligned
equity_average,action_x_surprise,cut|large,78,4.0,12.065411984068216,1.2678076049450633,22.706011534351944,aligned
equity_average,action_x_surprise,cut|large,89,4.0,14.01949570706165,0.8984412104637984,27.14811855489331,aligned
equity_average,action_x_surprise,cut|large,101,4.0,16.616357484340238,3.390134666922929,29.70142867480376,aligned
equity_average,action_x_surprise,cut|large,115,4.0,23.337052012892286,17.3599233330822,25.339471232135523,aligned
equity_average,action_x_surprise,cut|large,132,4.0,25.006293965690716,20.929538397678847,27.921941959266043,aligned
equity_average,action_x_surprise,cut|large,150,4.0,19.657200870616705,17.378259644715072,23.412433315844027,aligned
equity_average,action_x_surprise,cut|large,171,4.0,21.91240931206699,16.05460477633723,27.830362153315896,aligned
equity_average,action_x_surprise,cut|large,196,4.0,25.55444373234589,23.418350695755226,27.882110445316076,aligned
equity_average,action_x_surprise,cut|large,223,4.0,24.274670271521202,18.35297636335352,28.5779737807875,aligned
equity_average,action_x_surprise,cut|large,255,4.0,26.699733698125527,23.000060149478685,30.32950192986121,aligned
equity_average,action_x_surprise,cut|large,291,4.0,23.66930871804972,22.463185149987478,25.002236065504754,aligned
equity_average,action_x_surprise,cut|large,300,4.0,25.118481413906444,20.550494685569973,27.141023433738383,aligned
equity_average,action_x_surprise,cut|large,332,4.0,23.921047453806693,18.298222349751192,27.895440546565894,aligned
equity_average,action_x_surprise,cut|large,378,4.0,23.060648463027484,15.41110676118393,34.47200259985959,aligned
equity_average,action_x_surprise,cut|large,432,4.0,12.714948516687775,10.653218511298556,27.36882475724213,aligned
equity_average,action_x_surprise,cut|large,493,4.0,5.785117073832895,0.9071777885153418,20.39947769255857,aligned
equity_average,action_x_surprise,cut|large,562,4.0,12.910609309410177,10.411347074901068,29.28665130199343,aligned
equity_average,action_x_surprise,cut|large,600,4.0,12.902698250602066,8.681369541016235,30.42667617600094,aligned
equity_average,action_x_surprise,cut|large,641,4.0,16.44719045052119,8.714051000278545,36.49743118874599,aligned
equity_average,action_x_surprise,cut|large,732,4.0,19.875449070000037,7.750011107279481,39.03307599847187,aligned
equity_average,action_x_surprise,cut|large,835,4.0,17.736976012079772,-5.946167055441084,43.6837647292337,aligned
equity_average,action_x_surprise,cut|large,953,4.0,30.609543575773383,-2.1024442402925807,59.396279343714944,aligned
equity_average,action_x_surprise,cut|large,1087,4.0,29.026795506277217,3.088542105331861,54.353685088418004,aligned
equity_average,action_x_surprise,cut|large,1200,4.0,30.705283764996963,3.270921602171242,58.340291407480294,aligned
equity_average,action_x_surprise,cut|large,1240,4.0,32.750341262899205,-0.32925595261946583,62.221584025478236,aligned
equity_average,action_x_surprise,cut|large,1415,4.0,36.223417306383055,12.057269042984135,56.65039028249362,aligned
equity_average,action_x_surprise,cut|large,1615,4.0,37.98915368379549,13.155127433467417,58.26251359653123,aligned
equity_average,action_x_surprise,cut|large,1800,4.0,36.65786955573546,15.70820001297466,63.36288276871252,aligned
equity_average,action_x_surprise,cut|large,1843,4.0,35.593230319311125,9.705834022753933,69.52860665606732,aligned
equity_average,action_x_surprise,cut|large,2103,4.0,27.347490727006818,-1.1961258720211472,55.2466876995771,aligned
equity_average,action_x_surprise,cut|large,2399,4.0,59.140844824806265,31.713972314323843,68.97231828402363,aligned
equity_average,action_x_surprise,cut|medium,1,3.0,0.1632810897308235,-0.1020112029147549,0.3014417064824333,aligned
equity_average,action_x_surprise,cut|medium,2,3.0,0.6688949651277292,0.2621760403181749,3.9825828862414303,aligned
equity_average,action_x_surprise,cut|medium,3,3.0,0.6688949651277292,-0.05834513088644444,4.099293513932387,aligned
equity_average,action_x_surprise,cut|medium,4,3.0,0.35607236672142173,-0.06257803924933625,3.102002711201879,aligned
equity_average,action_x_surprise,cut|medium,5,3.0,0.14753484036330097,-0.6820242584951182,1.8847727511324832,aligned
equity_average,action_x_surprise,cut|medium,6,3.0,0.08852038182036509,-1.6210347578368662,0.7560022137826202,aligned
equity_average,action_x_surprise,cut|medium,7,3.0,0.47609716440853034,-0.7668019381011397,2.1133856623623375,aligned
equity_average,action_x_surprise,cut|medium,8,3.0,0.6098805065847932,-1.2872712187763535,2.219163932351449,aligned
equity_average,action_x_surprise,cut|medium,9,3.0,0.8184397791603182,-1.2178174671462,2.568780254346029,aligned
equity_average,action_x_surprise,cut|medium,11,3.0,1.3188651653065522,1.1129134467430128,1.338796148040248,aligned
equity_average,action_x_surprise,cut|medium,12,3.0,0.17513136465573936,0.07414701076114713,0.2587237678431491,aligned
equity_average,action_x_surprise,cut|medium,14,3.0,-2.7104026766933433,-2.7649296354769084,-2.291199172943636,aligned
equity_average,action_x_surprise,cut|medium,16,3.0,-2.486156003162268,-3.7258987262445498,-0.8817164849616784,aligned
equity_average,action_x_surprise,cut|medium,18,3.0,-2.290219313665829,-4.106123934396106,0.9149655643209536,aligned
equity_average,action_x_surprise,cut|medium,21,3.0,-2.3290663846178217,-4.162351387006141,3.596387028593316,aligned
equity_average,action_x_surprise,cut|medium,24,3.0,-8.490079848177391,-9.363020869511757,-5.977655431851011,aligned
equity_average,action_x_surprise,cut|medium,27,3.0,-6.149531781952573,-6.618920413790638,-5.2079498488214035,aligned
equity_average,action_x_surprise,cut|medium,30,3.0,-5.156655122795849,-5.909226899912483,-3.5606024693359677,aligned
equity_average,action_x_surprise,cut|medium,31,3.0,-6.238663690695903,-6.490958889587124,-3.3900015949213516,aligned
equity_average,action_x_surprise,cut|medium,35,3.0,-4.9089307216280105,-5.0775557949897125,1.738366260157612,aligned
equity_average,action_x_surprise,cut|medium,40,3.0,-0.9186348587954176,-2.426331881691559,1.9470281198764496,aligned
equity_average,action_x_surprise,cut|medium,46,3.0,0.19278805780165048,-3.0560745014370774,2.230503743892129,aligned
equity_average,action_x_surprise,cut|medium,52,3.0,0.4288500713360749,-4.053539491387402,5.233395703357878,aligned
equity_average,action_x_surprise,cut|medium,60,3.0,2.431756275258648,-1.3944429261311115,5.109425647603867,aligned
equity_average,action_x_surprise,cut|medium,68,3.0,0.23804414616859232,-2.8286535862921465,1.6578339130792286,aligned
equity_average,action_x_surprise,cut|medium,78,3.0,-2.7066316291349453,-3.603050794586168,-0.18958347659602293,aligned
equity_average,action_x_surprise,cut|medium,89,3.0,-0.9757906029941039,-1.5090326286993883,1.6617279940416632,aligned
equity_average,action_x_surprise,cut|medium,101,3.0,-0.13919822763771994,-1.3747811641577614,-0.06271810264539938,aligned
equity_average,action_x_surprise,cut|medium,115,3.0,-4.782041262564962,-6.087317790195856,-2.783456741061748,aligned
equity_average,action_x_surprise,cut|medium,132,3.0,-6.1128223103438515,-6.119197649181925,-3.745868376040615,aligned
equity_average,action_x_surprise,cut|medium,150,3.0,-3.4892826057005015,-5.5113687430371066,-1.1446130834928505,aligned
equity_average,action_x_surprise,cut|medium,171,3.0,0.8283352872079146,-1.7568023444531995,1.3998289852680301,aligned
equity_average,action_x_surprise,cut|medium,196,3.0,2.86269951752087,1.2892958222852662,5.136383409074302,aligned
equity_average,action_x_surprise,cut|medium,223,3.0,3.5819401205023222,-0.3033623493587898,4.216142032692737,aligned
equity_average,action_x_surprise,cut|medium,255,3.0,2.3884847301671908,1.195681459316443,3.0566716221382872,aligned
equity_average,action_x_surprise,cut|medium,291,3.0,2.071680162225648,-1.8327067832534607,2.141546128589826,aligned
equity_average,action_x_surprise,cut|medium,300,3.0,2.5380538976137323,-2.478125852755846,2.7896000660826994,aligned
equity_average,action_x_surprise,cut|medium,332,3.0,0.786925971878498,-2.5916294671976132,5.998197819229057,aligned
equity_average,action_x_surprise,cut|medium,378,3.0,1.9773520163140335,-0.3553666491855352,2.8630153299310757,aligned
equity_average,action_x_surprise,cut|medium,432,3.0,-0.5173186411111584,-1.3168731243982457,1.6617141339810133,aligned
equity_average,action_x_surprise,cut|medium,493,3.0,-3.0766732639908607,-3.1157649174269837,-2.1205071187522804,aligned
equity_average,action_x_surprise,cut|medium,562,3.0,-4.654865285758137,-4.703177603871415,-1.4666598124481909,aligned
equity_average,action_x_surprise,cut|medium,600,3.0,-4.427100879143204,-5.652711679689663,-1.9513546529530374,aligned
equity_average,action_x_surprise,cut|medium,641,3.0,-3.567782327046787,-8.685198147763856,-0.3379527726585896,aligned
equity_average,action_x_surprise,cut|medium,732,3.0,-3.7721929771005662,-9.898066339260765,-2.1477975437985632,aligned
equity_average,action_x_surprise,cut|medium,835,3.0,-1.2528486372172185,-8.509865749680587,2.4967451929227447,aligned
equity_average,action_x_surprise,cut|medium,953,3.0,-4.218637256015763,-16.28840158549776,3.384555690481844,aligned
equity_average,action_x_surprise,cut|medium,1087,3.0,-6.968978771666921,-18.82347743622044,-2.212367181712028,aligned
equity_average,action_x_surprise,cut|medium,1200,3.0,-1.7268614924689532,-13.649830665518046,-0.5062929904522802,aligned
equity_average,action_x_surprise,cut|medium,1240,3.0,-0.8378128225462333,-14.004651759462288,1.5285252482924938,aligned
equity_average,action_x_surprise,cut|medium,1415,3.0,3.1954466903945815,-9.691442248412505,6.950205024402728,aligned
equity_average,action_x_surprise,cut|medium,1615,3.0,-1.1389046490764259,-10.620226364859649,2.52122930964667,aligned
equity_average,action_x_surprise,cut|medium,1800,3.0,0.23038072762876138,-9.004701655046574,0.7001922267192082,aligned
equity_average,action_x_surprise,cut|medium,1843,3.0,-2.9423132244052512,-11.546119605279188,-1.4541367118630137,aligned
equity_average,action_x_surprise,cut|medium,2103,3.0,-7.159678652169589,-8.368524010001611,-5.324480628935046,aligned
equity_average,action_x_surprise,cut|medium,2399,3.0,-3.208002268000679,-5.323263788287962,31.559620571435858,aligned
equity_average,action_x_surprise,cut|small,1,1.0,-2.438600531021568,-2.438600531021568,-2.438600531021568,aligned
equity_average,action_x_surprise,cut|small,2,1.0,-1.8284500671602881,-1.8284500671602881,-1.8284500671602881,aligned
equity_average,action_x_surprise,cut|small,3,1.0,-0.33528767693520095,-0.33528767693520095,-0.33528767693520095,aligned
equity_average,action_x_surprise,cut|small,4,1.0,0.26207962851961786,0.26207962851961786,0.26207962851961786,aligned
equity_average,action_x_surprise,cut|small,5,1.0,-0.2864871928345065,-0.2864871928345065,-0.2864871928345065,aligned
equity_average,action_x_surprise,cut|small,6,1.0,0.3840698253938761,0.3840698253938761,0.3840698253938761,aligned
equity_average,action_x_surprise,cut|small,7,1.0,-1.486798327288026,-1.486798327288026,-1.486798327288026,aligned
equity_average,action_x_surprise,cut|small,8,1.0,0.055102860195876874,0.055102860195876874,0.055102860195876874,aligned
equity_average,action_x_surprise,cut|small,9,1.0,0.7374228060084371,0.7374228060084371,0.7374228060084371,aligned
equity_average,action_x_surprise,cut|small,11,1.0,5.622498842625494,5.622498842625494,5.622498842625494,aligned
equity_average,action_x_surprise,cut|small,12,1.0,10.298416695869454,10.298416695869454,10.298416695869454,aligned
equity_average,action_x_surprise,cut|small,14,1.0,10.439122238810992,10.439122238810992,10.439122238810992,aligned
equity_average,action_x_surprise,cut|small,16,1.0,10.201690285651033,10.201690285651033,10.201690285651033,aligned
equity_average,action_x_surprise,cut|small,18,1.0,10.59087849313094,10.59087849313094,10.59087849313094,aligned
equity_average,action_x_surprise,cut|small,21,1.0,10.9195015178001,10.9195015178001,10.9195015178001,aligned
equity_average,action_x_surprise,cut|small,24,1.0,13.15903025275942,13.15903025275942,13.15903025275942,aligned
equity_average,action_x_surprise,cut|small,27,1.0,18.196685527004714,18.196685527004714,18.196685527004714,aligned
equity_average,action_x_surprise,cut|small,30,1.0,21.431978839120863,21.431978839120863,21.431978839120863,aligned
equity_average,action_x_surprise,cut|small,31,1.0,20.7872285776117,20.7872285776117,20.7872285776117,aligned
equity_average,action_x_surprise,cut|small,35,1.0,30.766763708178864,30.766763708178864,30.766763708178864,aligned
equity_average,action_x_surprise,cut|small,40,1.0,34.113278073165475,34.113278073165475,34.113278073165475,aligned
equity_average,action_x_surprise,cut|small,46,1.0,34.43551606727915,34.43551606727915,34.43551606727915,aligned
equity_average,action_x_surprise,cut|small,52,1.0,32.8322809737818,32.8322809737818,32.8322809737818,aligned
equity_average,action_x_surprise,cut|small,60,1.0,28.21496539464044,28.21496539464044,28.21496539464044,aligned
equity_average,action_x_surprise,cut|small,68,1.0,22.854861109738465,22.854861109738465,22.854861109738465,aligned
equity_average,action_x_surprise,cut|small,78,1.0,28.269862283813644,28.269862283813644,28.269862283813644,aligned
equity_average,action_x_surprise,cut|small,89,1.0,23.231760512399582,23.231760512399582,23.231760512399582,aligned
equity_average,action_x_surprise,cut|small,101,1.0,22.41118099877142,22.41118099877142,22.41118099877142,aligned
equity_average,action_x_surprise,cut|small,115,1.0,21.26225517040927,21.26225517040927,21.26225517040927,aligned
equity_average,action_x_surprise,cut|small,132,1.0,19.991475175194978,19.991475175194978,19.991475175194978,aligned
equity_average,action_x_surprise,cut|small,150,1.0,19.68681895954441,19.68681895954441,19.68681895954441,aligned
equity_average,action_x_surprise,cut|small,171,1.0,16.803744778824523,16.803744778824523,16.803744778824523,aligned
equity_average,action_x_surprise,cut|small,196,1.0,10.237872662096875,10.237872662096875,10.237872662096875,aligned
equity_average,action_x_surprise,cut|small,223,1.0,11.630954655104851,11.630954655104851,11.630954655104851,aligned
equity_average,action_x_surprise,cut|small,255,1.0,17.033991370719942,17.033991370719942,17.033991370719942,aligned
equity_average,action_x_surprise,cut|small,291,1.0,12.427190899856097,12.427190899856097,12.427190899856097,aligned
equity_average,action_x_surprise,cut|small,300,1.0,14.983118665518159,14.983118665518159,14.983118665518159,aligned
equity_average,action_x_surprise,cut|small,332,1.0,20.901945439459645,20.901945439459645,20.901945439459645,aligned
equity_average,action_x_surprise,cut|small,378,1.0,22.847144283137148,22.847144283137148,22.847144283137148,aligned
equity_average,action_x_surprise,cut|small,432,1.0,40.001233237678626,40.001233237678626,40.001233237678626,aligned
equity_average,action_x_surprise,cut|small,493,1.0,38.01133159821313,38.01133159821313,38.01133159821313,aligned
equity_average,action_x_surprise,cut|small,562,1.0,34.79263332623162,34.79263332623162,34.79263332623162,aligned
equity_average,action_x_surprise,cut|small,600,1.0,38.33845316295512,38.33845316295512,38.33845316295512,aligned
equity_average,action_x_surprise,cut|small,641,1.0,38.36336128288914,38.36336128288914,38.36336128288914,aligned
equity_average,action_x_surprise,cut|small,732,1.0,30.735514786588265,30.735514786588265,30.735514786588265,aligned
equity_average,action_x_surprise,cut|small,835,1.0,28.244854218681482,28.244854218681482,28.244854218681482,aligned
equity_average,action_x_surprise,cut|small,953,1.0,38.314153656963725,38.314153656963725,38.314153656963725,aligned
equity_average,action_x_surprise,cut|small,1087,1.0,35.69136345677171,35.69136345677171,35.69136345677171,aligned
equity_average,action_x_surprise,cut|small,1200,1.0,34.42865945939525,34.42865945939525,34.42865945939525,aligned
equity_average,action_x_surprise,cut|small,1240,1.0,32.52181561156693,32.52181561156693,32.52181561156693,aligned
equity_average,action_x_surprise,cut|small,1415,1.0,26.22768823694354,26.22768823694354,26.22768823694354,aligned
equity_average,action_x_surprise,cut|small,1615,1.0,14.295469379758977,14.295469379758977,14.295469379758977,aligned
equity_average,action_x_surprise,cut|small,1800,1.0,20.037990090255285,20.037990090255285,20.037990090255285,aligned
equity_average,action_x_surprise,cut|small,1843,1.0,27.867405328077282,27.867405328077282,27.867405328077282,aligned
equity_average,action_x_surprise,cut|small,2103,1.0,46.12785262559389,46.12785262559389,46.12785262559389,aligned
equity_average,action_x_surprise,cut|small,2399,1.0,46.30807578615524,46.30807578615524,46.30807578615524,aligned
equity_average,action_x_surprise,hike|large,1,11.0,1.7346298876671515,-0.6591672010854882,6.601481821492907,aligned
equity_average,action_x_surprise,hike|large,2,11.0,5.183313515698883,2.5452978669915907,13.088564173389754,aligned
equity_average,action_x_surprise,hike|large,3,11.0,5.941812996759607,2.553781345904227,14.830453596263528,aligned
equity_average,action_x_surprise,hike|large,4,11.0,9.93280880927523,3.2284365838909705,20.42978064608169,aligned
equity_average,action_x_surprise,hike|large,5,11.0,8.242263241366791,4.68568761973332,28.77821621046746,aligned
equity_average,action_x_surprise,hike|large,6,11.0,14.148995985047545,2.1395231931018666,30.02462064792057,aligned
equity_average,action_x_surprise,hike|large,7,11.0,19.44876655109759,1.4830259362221456,42.914106141786505,aligned
equity_average,action_x_surprise,hike|large,8,11.0,21.418977511915195,1.9455304669720417,39.63272350213134,aligned
equity_average,action_x_surprise,hike|large,9,11.0,17.716161869878206,2.6636346916664912,36.49745963259211,aligned
equity_average,action_x_surprise,hike|large,11,11.0,13.712708409605362,5.866622693819222,46.79071992227457,aligned
equity_average,action_x_surprise,hike|large,12,11.0,17.853790320552932,6.720620038923679,34.946275498567104,aligned
equity_average,action_x_surprise,hike|large,14,11.0,13.988638985542421,4.927083062163151,26.256784763174018,aligned
equity_average,action_x_surprise,hike|large,16,11.0,14.04749953975153,4.424181527770524,26.344268317756008,aligned
equity_average,action_x_surprise,hike|large,18,11.0,15.345262231401446,3.608739178942845,35.85722391782396,aligned
equity_average,action_x_surprise,hike|large,21,11.0,15.046055884309187,4.974159360404464,37.19515545467421,aligned
equity_average,action_x_surprise,hike|large,24,11.0,15.819349802190146,7.664964494513393,37.241038638213624,aligned
equity_average,action_x_surprise,hike|large,27,11.0,24.607545836694563,9.06711330154464,46.04818341935258,aligned
equity_average,action_x_surprise,hike|large,30,11.0,27.72601654612299,7.930898643436214,54.96554582400576,aligned
equity_average,action_x_surprise,hike|large,31,11.0,23.272349580735405,6.559041016459867,54.16261989294388,aligned
equity_average,action_x_surprise,hike|large,35,11.0,27.41696632678874,8.218355713859854,66.7173865309706,aligned
equity_average,action_x_surprise,hike|large,40,11.0,34.450140854074206,14.51392882988492,70.52349503370736,aligned
equity_average,action_x_surprise,hike|large,46,11.0,47.16308429548485,14.755185315646388,67.97507945765157,aligned
equity_average,action_x_surprise,hike|large,52,11.0,52.18017094068028,15.337240572844225,75.71188958572425,aligned
equity_average,action_x_surprise,hike|large,60,11.0,46.172072277615435,12.438643445699636,70.65406493924806,aligned
equity_average,action_x_surprise,hike|large,68,11.0,34.71485988676204,16.44524167302002,83.46475673365654,aligned
equity_average,action_x_surprise,hike|large,78,11.0,35.386862892824624,23.66506782504041,76.49494195790109,aligned
equity_average,action_x_surprise,hike|large,89,11.0,42.47162524776783,27.1058063125247,77.36298273240186,aligned
equity_average,action_x_surprise,hike|large,101,11.0,58.22805865598628,24.375410891286634,87.08447050971013,aligned
equity_average,action_x_surprise,hike|large,115,11.0,40.67018511556468,29.321852936361626,94.09155372647334,aligned
equity_average,action_x_surprise,hike|large,132,11.0,30.179024987323103,19.25849899848703,103.25820274495868,aligned
equity_average,action_x_surprise,hike|large,150,11.0,23.98300914711583,15.584781494159923,102.92225849283712,aligned
equity_average,action_x_surprise,hike|large,171,11.0,23.29166076937893,15.83686906722315,112.87458418996458,aligned
equity_average,action_x_surprise,hike|large,196,11.0,43.513094690363516,12.901928995358851,118.61613079088394,aligned
equity_average,action_x_surprise,hike|large,223,11.0,39.55415912966405,15.622381675489041,114.5807033155029,aligned
equity_average,action_x_surprise,hike|large,255,11.0,50.84431699111239,17.47055486254437,111.90004709529856,aligned
equity_average,action_x_surprise,hike|large,291,11.0,69.41158637429194,13.729672603841426,100.389367443568,aligned
equity_average,action_x_surprise,hike|large,300,11.0,65.89007669689049,14.042476249560934,111.79588454063912,aligned
equity_average,action_x_surprise,hike|large,332,11.0,71.22698414181068,17.17807627705456,112.30456077809544,aligned
equity_average,action_x_surprise,hike|large,378,11.0,82.44657345393802,27.840210102185424,119.35422379670487,aligned
equity_average,action_x_surprise,hike|large,432,11.0,68.37388123288281,26.959176847097822,128.79695343717765,aligned
equity_average,action_x_surprise,hike|large,493,11.0,64.10769527746122,25.410178391169524,131.97765140116599,aligned
equity_average,action_x_surprise,hike|large,562,11.0,84.57856208547074,21.16460916177692,126.75515148265859,aligned
equity_average,action_x_surprise,hike|large,600,11.0,75.1824088821993,18.484183066761126,118.04611495270638,aligned
equity_average,action_x_surprise,hike|large,641,11.0,93.05686529175719,19.087216196418122,116.58542144110504,aligned
equity_average,action_x_surprise,hike|large,732,11.0,77.84331032534266,23.13128952827274,120.94090197597828,aligned
equity_average,action_x_surprise,hike|large,835,11.0,61.99607809255117,23.026449994534367,110.02621315163965,aligned
equity_average,action_x_surprise,hike|large,953,11.0,60.62005678047617,28.22019980354878,118.56024690899196,aligned
equity_average,action_x_surprise,hike|large,1087,11.0,48.949299706091736,20.323625720727225,111.15398504361792,aligned
equity_average,action_x_surprise,hike|large,1200,11.0,42.53716650223545,31.427028184718868,107.65335780781444,aligned
equity_average,action_x_surprise,hike|large,1240,11.0,36.72477323993394,26.187836889211567,118.31877978758965,aligned
equity_average,action_x_surprise,hike|large,1415,11.0,71.58272776325633,29.589865433564484,123.66185128787757,aligned
equity_average,action_x_surprise,hike|large,1615,11.0,68.0700439898246,31.857113299803938,118.72872598020518,aligned
equity_average,action_x_surprise,hike|large,1800,11.0,90.31876155632649,35.85305432733624,133.35026760402056,aligned
equity_average,action_x_surprise,hike|large,1843,11.0,83.89627012135817,33.895773391331765,131.86112153601877,aligned
equity_average,action_x_surprise,hike|large,2103,11.0,62.51528302240446,31.0096828765666,115.22355022985963,aligned
equity_average,action_x_surprise,hike|large,2399,11.0,33.564881526108095,25.892229845675335,81.52485551521747,aligned
equity_average,action_x_surprise,hike|medium,1,6.0,0.3721446612972218,-0.0378312113073139,1.3371601826299306,aligned
equity_average,action_x_surprise,hike|medium,2,6.0,2.6862085207602644,0.9147619989965828,5.09470039830817,aligned
equity_average,action_x_surprise,hike|medium,3,6.0,8.419763692929147,3.574034189946552,10.635117381765326,aligned
equity_average,action_x_surprise,hike|medium,4,6.0,6.8030269524171985,5.11884782449044,10.823375128023827,aligned
equity_average,action_x_surprise,hike|medium,5,6.0,7.580444428383775,4.681298003767769,11.339295390797325,aligned
equity_average,action_x_surprise,hike|medium,6,6.0,10.238895204383635,4.572543470871421,18.39550346233862,aligned
equity_average,action_x_surprise,hike|medium,7,6.0,8.96432067247282,3.2572718603663335,21.505739045264498,aligned
equity_average,action_x_surprise,hike|medium,8,6.0,12.05257735976965,6.270356823912847,20.11897857308086,aligned
equity_average,action_x_surprise,hike|medium,9,6.0,10.393878623951915,5.719650973620115,16.254735668902953,aligned
equity_average,action_x_surprise,hike|medium,11,6.0,6.616302656322104,1.984563581575836,18.16737510953553,aligned
equity_average,action_x_surprise,hike|medium,12,6.0,1.7531246212352558,-0.3805193159375627,8.067623157392276,aligned
equity_average,action_x_surprise,hike|medium,14,6.0,-4.897819635006686,-13.757664899770855,4.359272217856231,aligned
equity_average,action_x_surprise,hike|medium,16,6.0,-3.2371476326759434,-9.207717838598036,6.631350303612598,aligned
equity_average,action_x_surprise,hike|medium,18,6.0,-3.877139248276975,-9.61741248086222,6.516779719423073,aligned
equity_average,action_x_surprise,hike|medium,21,6.0,-2.7575345729586136,-17.17359927461363,5.936329288731017,aligned
equity_average,action_x_surprise,hike|medium,24,6.0,-4.7380143300355915,-23.226450774931905,5.755607040240951,aligned
equity_average,action_x_surprise,hike|medium,27,6.0,-7.669497399678814,-18.169823973541632,5.16232089141557,aligned
equity_average,action_x_surprise,hike|medium,30,6.0,-5.038579323592778,-13.018625187913816,4.92372305396008,aligned
equity_average,action_x_surprise,hike|medium,31,6.0,-6.0773171777396575,-12.755927885049225,2.3546144449394926,aligned
equity_average,action_x_surprise,hike|medium,35,6.0,-0.24735440429555638,-7.535387553454356,7.990379794877644,aligned
equity_average,action_x_surprise,hike|medium,40,6.0,0.23429133067855046,-3.5453572784226814,22.049215321025425,aligned
equity_average,action_x_surprise,hike|medium,46,6.0,0.18842824710316286,-6.015237400827926,8.715521379418618,aligned
equity_average,action_x_surprise,hike|medium,52,6.0,3.386393687936403,-5.530548922958266,14.503504317001516,aligned
equity_average,action_x_surprise,hike|medium,60,6.0,4.243285759888057,-7.749580058037347,15.774140738313534,aligned
equity_average,action_x_surprise,hike|medium,68,6.0,5.371212092520304,-0.11337494376285168,17.965709472781885,aligned
equity_average,action_x_surprise,hike|medium,78,6.0,2.011656135523236,-1.349750421161408,9.670074980176798,aligned
equity_average,action_x_surprise,hike|medium,89,6.0,-1.2142993736246241,-6.238426102596337,5.772757357330629,aligned
equity_average,action_x_surprise,hike|medium,101,6.0,3.23101911769481,-5.033626460467702,4.251738736956579,aligned
equity_average,action_x_surprise,hike|medium,115,6.0,5.808845730001748,-3.8554063657428466,8.697608063131236,aligned
equity_average,action_x_surprise,hike|medium,132,6.0,3.9564198794498107,-9.615310963285609,10.727903866502924,aligned
equity_average,action_x_surprise,hike|medium,150,6.0,9.571033237189738,-1.1177010269960466,18.078298701416767,aligned
equity_average,action_x_surprise,hike|medium,171,6.0,-1.5911155723899888,-2.9689536558633636,6.916105891117564,aligned
equity_average,action_x_surprise,hike|medium,196,6.0,2.430152103262552,-2.538039216421704,8.926571086980076,aligned
equity_average,action_x_surprise,hike|medium,223,6.0,13.119356397159923,-2.1542027111455653,17.163627349563125,aligned
equity_average,action_x_surprise,hike|medium,255,6.0,11.196319886236518,-3.344417391591495,13.270471884306207,aligned
equity_average,action_x_surprise,hike|medium,291,6.0,9.064350743886603,-6.447752330937199,22.132556572135954,aligned
equity_average,action_x_surprise,hike|medium,300,6.0,11.174436513000614,-5.923544085648587,21.296861570059175,aligned
equity_average,action_x_surprise,hike|medium,332,6.0,15.549042202960539,-3.413866410260068,22.21794783520271,aligned
equity_average,action_x_surprise,hike|medium,378,6.0,7.205830466211448,-1.3251083803610353,16.7006101947748,aligned
equity_average,action_x_surprise,hike|medium,432,6.0,-4.121806151612602,-15.450592709017837,2.072731751009432,aligned
equity_average,action_x_surprise,hike|medium,493,6.0,-14.744736524628586,-23.172885836229852,-9.968623098614867,aligned
equity_average,action_x_surprise,hike|medium,562,6.0,-10.960198431198666,-27.18668558357318,5.427452118756966,aligned
equity_average,action_x_surprise,hike|medium,600,6.0,-12.67833279453997,-18.26005101789157,2.4584248103994515,aligned
equity_average,action_x_surprise,hike|medium,641,6.0,-18.617329663491613,-25.606395021990522,2.0283253474032117,aligned
equity_average,action_x_surprise,hike|medium,732,6.0,-11.944161445432023,-20.19058829596684,5.11349208266831,aligned
equity_average,action_x_surprise,hike|medium,835,6.0,-7.625322322446462,-16.04254241368601,0.740389947585586,aligned
equity_average,action_x_surprise,hike|medium,953,6.0,-9.714163581565629,-20.83740210745933,-2.8364059317553965,aligned
equity_average,action_x_surprise,hike|medium,1087,6.0,-5.174577827505089,-11.83511644910859,7.597407665517242,aligned
equity_average,action_x_surprise,hike|medium,1200,6.0,-13.425654510928187,-15.476156433452132,3.085719234169889,aligned
equity_average,action_x_surprise,hike|medium,1240,6.0,-14.389057207992774,-15.522628110532722,-0.815069252600372,aligned
equity_average,action_x_surprise,hike|medium,1415,6.0,-14.226437246136962,-30.479519055424333,4.103647028877688,aligned
equity_average,action_x_surprise,hike|medium,1615,6.0,-3.9086347338810983,-19.23502626792932,5.165349210733478,aligned
equity_average,action_x_surprise,hike|medium,1800,6.0,-1.2593917410114683,-3.4209288940026767,2.6021621762348524,aligned
equity_average,action_x_surprise,hike|medium,1843,6.0,0.698998583707495,-16.528218964954867,5.337082523864918,aligned
equity_average,action_x_surprise,hike|medium,2103,6.0,2.7730479491343596,-8.545989740798774,27.373127440189656,aligned
equity_average,action_x_surprise,hike|medium,2399,6.0,-36.4286790052968,-55.44433095342393,5.7199207407549775,aligned
equity_average,action_x_surprise,hike|small,1,4.0,-0.12286119145054264,-0.42778818512480654,0.0,aligned
equity_average,action_x_surprise,hike|small,2,4.0,-1.422859876606134,-4.054376768372723,0.10239103551731378,aligned
equity_average,action_x_surprise,hike|small,3,4.0,-1.6646571507048973,-4.774203620057398,0.26771101245233214,aligned
equity_average,action_x_surprise,hike|small,4,4.0,-2.003965051544915,-4.880452309256403,-0.46800359894328747,aligned
equity_average,action_x_surprise,hike|small,5,4.0,-2.7999208221136946,-5.702342918935736,-0.38144788376838523,aligned
equity_average,action_x_surprise,hike|small,6,4.0,-2.914308504868025,-6.1758756660440035,0.08982942097880214,aligned
equity_average,action_x_surprise,hike|small,7,4.0,-3.6259204616372487,-7.2507973504202,0.12697180793170337,aligned
equity_average,action_x_surprise,hike|small,8,4.0,-5.723792244760831,-11.586988222159396,-0.6318554892824324,aligned
equity_average,action_x_surprise,hike|small,9,4.0,-6.4968852454628845,-12.526618432008792,-1.3825833195265211,aligned
equity_average,action_x_surprise,hike|small,11,4.0,-7.407207927698906,-13.553316513860654,-4.02791692336327,aligned
equity_average,action_x_surprise,hike|small,12,4.0,-10.744091802886457,-15.750354310062432,-8.468278241460663,aligned
equity_average,action_x_surprise,hike|small,14,4.0,-13.65481987053723,-18.539375748180365,-9.478299145958385,aligned
equity_average,action_x_surprise,hike|small,16,4.0,-9.582855102143146,-14.910166773742565,-7.82456403592332,aligned
equity_average,action_x_surprise,hike|small,18,4.0,-10.065061763399074,-17.7514408481249,-6.545675629746332,aligned
equity_average,action_x_surprise,hike|small,21,4.0,-10.461643779758846,-19.681332404402255,-5.9843510389011225,aligned
equity_average,action_x_surprise,hike|small,24,4.0,-9.786045820469813,-19.498671635953347,-6.732693504308696,aligned
equity_average,action_x_surprise,hike|small,27,4.0,-8.74230561915255,-17.92427767271117,-6.034018433087547,aligned
equity_average,action_x_surprise,hike|small,30,4.0,-8.092790397012598,-15.659251628839897,-5.499977303752012,aligned
equity_average,action_x_surprise,hike|small,31,4.0,-9.069294284163643,-17.631439727878508,-6.15336375263384,aligned
equity_average,action_x_surprise,hike|small,35,4.0,-5.132335931800388,-15.740703913624884,0.9421187880342884,aligned
equity_average,action_x_surprise,hike|small,40,4.0,-8.418820260552934,-15.98014797968133,-4.631943916373271,aligned
equity_average,action_x_surprise,hike|small,46,4.0,-10.193854415501768,-16.922769046877722,-7.078478243064495,aligned
equity_average,action_x_surprise,hike|small,52,4.0,-11.51553146799691,-16.655868062738698,-9.578093283773516,aligned
equity_average,action_x_surprise,hike|small,60,4.0,-10.931854137906534,-15.160019418449721,-5.773792636379669,aligned
equity_average,action_x_surprise,hike|small,68,4.0,-6.025747320193863,-9.348440231900875,-3.2844167897075836,aligned
equity_average,action_x_surprise,hike|small,78,4.0,-7.4928697836933225,-13.036340247591015,-2.849431983768257,aligned
equity_average,action_x_surprise,hike|small,89,4.0,-9.526373742612012,-12.907538297339013,-6.721037480563114,aligned
equity_average,action_x_surprise,hike|small,101,4.0,-8.200009842533007,-15.199193558453306,-4.442914077075222,aligned
equity_average,action_x_surprise,hike|small,115,4.0,-12.239068420528023,-16.968425001588376,-8.366032642742562,aligned
equity_average,action_x_surprise,hike|small,132,4.0,-17.36179553606545,-19.66163550033818,-13.68492264191596,aligned
equity_average,action_x_surprise,hike|small,150,4.0,-15.486234996480897,-17.7617366251552,-13.577024726114477,aligned
equity_average,action_x_surprise,hike|small,171,4.0,-16.299427203327944,-19.710578163281355,-13.80105962807226,aligned
equity_average,action_x_surprise,hike|small,196,4.0,-20.007522572788666,-20.98908430446782,-16.28626448442074,aligned
equity_average,action_x_surprise,hike|small,223,4.0,-23.100510890663173,-25.506859504315955,-12.691818165414274,aligned
equity_average,action_x_surprise,hike|small,255,4.0,-21.680070829746136,-25.56966257082913,-13.848668331540331,aligned
equity_average,action_x_surprise,hike|small,291,4.0,-15.271613939534634,-19.4461078209171,-9.051260273239937,aligned
equity_average,action_x_surprise,hike|small,300,4.0,-19.25962873408888,-21.069463058664294,-13.218595398617893,aligned
equity_average,action_x_surprise,hike|small,332,4.0,-14.429124495188358,-17.241616744831223,-10.726283522296686,aligned
equity_average,action_x_surprise,hike|small,378,4.0,-11.120941558974252,-14.582037002847246,-5.801710722704549,aligned
equity_average,action_x_surprise,hike|small,432,4.0,-13.973295968005022,-16.317271697316773,-6.900960254327682,aligned
equity_average,action_x_surprise,hike|small,493,4.0,-13.97316395401499,-17.455544934687964,-4.349048186562837,aligned
equity_average,action_x_surprise,hike|small,562,4.0,-13.76655267642699,-16.72054144083869,-8.281324362353088,aligned
equity_average,action_x_surprise,hike|small,600,4.0,-14.291314072974485,-16.260816427060835,-5.897573582694395,aligned
equity_average,action_x_surprise,hike|small,641,4.0,-12.886140690288748,-14.399489536806591,-5.975646256410824,aligned
equity_average,action_x_surprise,hike|small,732,4.0,-16.101570973139843,-18.17449387854069,-10.843981533045284,aligned
equity_average,action_x_surprise,hike|small,835,4.0,-15.166560327125929,-21.439698287859095,-9.17266528504681,aligned
equity_average,action_x_surprise,hike|small,953,4.0,-19.689013760545816,-30.451923805628578,-10.58850793868962,aligned
equity_average,action_x_surprise,hike|small,1087,4.0,-24.191985540817388,-36.25899145770929,-12.294237987310023,aligned
equity_average,action_x_surprise,hike|small,1200,4.0,-23.38925529036362,-31.73941359249811,-13.506066672174352,aligned
equity_average,action_x_surprise,hike|small,1240,4.0,-19.34713728069991,-28.08475587087408,-11.29147423507351,aligned
equity_average,action_x_surprise,hike|small,1415,4.0,-8.227774105796485,-14.149012744748486,-6.551805051833547,aligned
equity_average,action_x_surprise,hike|small,1615,4.0,-11.677842158151122,-15.953246059104776,-6.969564360721158,aligned
equity_average,action_x_surprise,hike|small,1800,4.0,-14.096219509477155,-19.629412043729396,-7.002461273939192,aligned
equity_average,action_x_surprise,hike|small,1843,4.0,-16.575365960503213,-21.09929954186301,-7.112481769928424,aligned
equity_average,action_x_surprise,hike|small,2103,4.0,-5.856394428403126,-23.047909897047937,9.415671499992232,aligned
equity_average,action_x_surprise,hike|small,2399,4.0,-21.093512373766316,-34.31210447774587,-3.9500356880031084,aligned
equity_average,action_x_surprise,hold|large,1,16.0,0.5851106136993204,-0.0408343269722392,11.846454917892581,aligned
equity_average,action_x_surprise,hold|large,2,16.0,14.145540942935948,6.113192852353468,18.751139882718803,aligned
equity_average,action_x_surprise,hold|large,3,16.0,17.044058137238657,5.384820043164586,19.562021512395606,aligned
equity_average,action_x_surprise,hold|large,4,16.0,16.83355983382293,4.861122111139955,18.694182423312277,aligned
equity_average,action_x_surprise,hold|large,5,16.0,17.600214788010838,5.919815884161482,20.055094311542312,aligned
equity_average,action_x_surprise,hold|large,6,16.0,16.15248934251666,6.778053858971744,21.95271221617518,aligned
equity_average,action_x_surprise,hold|large,7,16.0,15.62680010308021,8.556289334852174,24.02067763908401,aligned
equity_average,action_x_surprise,hold|large,8,16.0,16.08946669622553,11.475369790194767,23.253763847366187,aligned
equity_average,action_x_surprise,hold|large,9,16.0,15.716273882843652,11.771283611617546,26.008820114295716,aligned
equity_average,action_x_surprise,hold|large,11,16.0,19.245296040330267,12.134236755875225,22.641759198076834,aligned
equity_average,action_x_surprise,hold|large,12,16.0,19.20432153599595,13.124338687911422,20.964979893789547,aligned
equity_average,action_x_surprise,hold|large,14,16.0,19.673880636717783,8.680114957916146,26.90649913617582,aligned
equity_average,action_x_surprise,hold|large,16,16.0,12.685369541554365,6.840619064592939,22.13464051738454,aligned
equity_average,action_x_surprise,hold|large,18,16.0,16.89062653523765,11.872761170724136,25.748560936225335,aligned
equity_average,action_x_surprise,hold|large,21,16.0,19.27379490966114,13.582484944993546,23.86074269022444,aligned
equity_average,action_x_surprise,hold|large,24,16.0,21.064727408452526,12.374945489362801,26.919108632717403,aligned
equity_average,action_x_surprise,hold|large,27,16.0,20.807499785007064,10.983546138688205,25.849508184704113,aligned
equity_average,action_x_surprise,hold|large,30,16.0,20.392916059397038,11.642772443284658,27.921763414864028,aligned
equity_average,action_x_surprise,hold|large,31,16.0,22.77021118661913,14.86023882056539,28.130458060077736,aligned
equity_average,action_x_surprise,hold|large,35,16.0,28.07156881638341,14.465772314973051,31.89856532446047,aligned
equity_average,action_x_surprise,hold|large,40,16.0,29.473817803717235,17.847240833367874,32.127984511983165,aligned
equity_average,action_x_surprise,hold|large,46,16.0,24.396438346020886,17.4573087952749,39.139490602170916,aligned
equity_average,action_x_surprise,hold|large,52,16.0,26.144039782445592,14.396627801628604,41.76908895326549,aligned
equity_average,action_x_surprise,hold|large,60,16.0,30.60027787555605,21.14289780155768,40.424177664334486,aligned
equity_average,action_x_surprise,hold|large,68,16.0,33.63353474026236,19.43740332715995,38.930612573764506,aligned
equity_average,action_x_surprise,hold|large,78,16.0,35.06054622197575,24.597764102417425,45.77413945251688,aligned
equity_average,action_x_surprise,hold|large,89,16.0,33.84399448009754,21.309918131894495,42.344333686868396,aligned
equity_average,action_x_surprise,hold|large,101,16.0,32.85766628890555,18.740098513833814,45.27224010459592,aligned
equity_average,action_x_surprise,hold|large,115,16.0,33.65478699807656,25.943250680321263,45.976860737851425,aligned
equity_average,action_x_surprise,hold|large,132,16.0,34.45641972999396,22.33517442578296,43.95575171322775,aligned
equity_average,action_x_surprise,hold|large,150,16.0,39.434310412234765,27.31668740366759,43.387282510208244,aligned
equity_average,action_x_surprise,hold|large,171,16.0,36.20983115879011,28.56363266735064,45.738252154984956,aligned
equity_average,action_x_surprise,hold|large,196,16.0,38.679335537261224,27.75519552259795,49.47337368455423,aligned
equity_average,action_x_surprise,hold|large,223,16.0,35.59635339670008,23.127673130739225,49.04485716178873,aligned
equity_average,action_x_surprise,hold|large,255,16.0,36.68578297546497,21.881345811783618,50.66774918972884,aligned
equity_average,action_x_surprise,hold|large,291,16.0,41.253466046140666,24.946176626420748,56.31380449899086,aligned
equity_average,action_x_surprise,hold|large,300,16.0,42.959291063829994,19.332170816919092,55.279428108999,aligned
equity_average,action_x_surprise,hold|large,332,16.0,45.78848763890276,15.32667834560894,56.38392571107902,aligned
equity_average,action_x_surprise,hold|large,378,16.0,48.09923580381984,15.798165396780245,59.878312365049354,aligned
equity_average,action_x_surprise,hold|large,432,16.0,40.23432986488916,23.922025319669963,60.09289942805137,aligned
equity_average,action_x_surprise,hold|large,493,16.0,36.673460812643384,19.47919845692755,57.17177078218168,aligned
equity_average,action_x_surprise,hold|large,562,16.0,41.033013386308944,22.106635726779075,55.571186659623926,aligned
equity_average,action_x_surprise,hold|large,600,16.0,38.31438328353738,21.89524767981397,57.41408027618597,aligned
equity_average,action_x_surprise,hold|large,641,16.0,38.4709289871368,22.56898496246413,57.479698822466915,aligned
equity_average,action_x_surprise,hold|large,732,16.0,34.99574678174346,14.844978491188606,52.170236028186,aligned
equity_average,action_x_surprise,hold|large,835,16.0,26.68485569007064,16.459853535335963,57.03687076246857,aligned
equity_average,action_x_surprise,hold|large,953,16.0,33.149095956325795,21.06191122684205,57.809931215704296,aligned
equity_average,action_x_surprise,hold|large,1087,16.0,29.782654475341708,21.491540066647666,63.04232846731689,aligned
equity_average,action_x_surprise,hold|large,1200,16.0,29.336216639030773,21.854640059875237,66.3113764328765,aligned
equity_average,action_x_surprise,hold|large,1240,16.0,28.437489769112993,19.745640144900168,68.3722682078311,aligned
equity_average,action_x_surprise,hold|large,1415,16.0,40.801570588446566,13.041543739161567,70.4644727718379,aligned
equity_average,action_x_surprise,hold|large,1615,16.0,35.79340488454078,15.161808496161104,62.89780891730288,aligned
equity_average,action_x_surprise,hold|large,1800,16.0,35.104120314718315,15.338065391342829,64.68099878866605,aligned
equity_average,action_x_surprise,hold|large,1843,16.0,37.431783370191496,15.448954201850576,67.05776764513908,aligned
equity_average,action_x_surprise,hold|large,2103,16.0,38.06194451972617,15.907416701500114,64.36701994991716,aligned
equity_average,action_x_surprise,hold|large,2399,16.0,42.458036465945,9.389025026945905,67.54274598628642,aligned
equity_average,action_x_surprise,hold|medium,1,21.0,0.0,-0.5854225787900103,1.0729229158799034,aligned
equity_average,action_x_surprise,hold|medium,2,21.0,0.23550357734276609,-1.1748351195570406,2.704662794799794,aligned
equity_average,action_x_surprise,hold|medium,3,21.0,-0.048152919215990825,-0.8268718217326279,2.281041681270059,aligned
equity_average,action_x_surprise,hold|medium,4,21.0,0.20381483134208467,-0.6947347691738314,3.1028375618785553,aligned
equity_average,action_x_surprise,hold|medium,5,21.0,0.27074002803280695,-0.5315387312726616,4.872849935119078,aligned
equity_average,action_x_surprise,hold|medium,6,21.0,1.4954452407978163,-0.4468208698106769,8.251134071270656,aligned
equity_average,action_x_surprise,hold|medium,7,21.0,2.8679582740867824,-0.2625292064350214,9.675063422465822,aligned
equity_average,action_x_surprise,hold|medium,8,21.0,3.7368938302202794,-0.3738320057051765,8.075508780861226,aligned
equity_average,action_x_surprise,hold|medium,9,21.0,4.412781578167068,-0.07004735534116605,10.633085824028099,aligned
equity_average,action_x_surprise,hold|medium,11,21.0,3.8409440887312716,-0.2434808015870039,11.569609492844531,aligned
equity_average,action_x_surprise,hold|medium,12,21.0,6.228936208870326,0.0,12.827166761430805,aligned
equity_average,action_x_surprise,hold|medium,14,21.0,6.002094311198089,-0.12173891872070598,13.7352491867343,aligned
equity_average,action_x_surprise,hold|medium,16,21.0,6.049532126780274,-0.8056209081312591,15.01471440761055,aligned
equity_average,action_x_surprise,hold|medium,18,21.0,8.032193760259705,0.5502366022941209,13.620866379180992,aligned
equity_average,action_x_surprise,hold|medium,21,21.0,6.841461670146666,1.98634716260259,17.988865789655655,aligned
equity_average,action_x_surprise,hold|medium,24,21.0,5.667859290258149,1.9146230588223117,15.400149349350796,aligned
equity_average,action_x_surprise,hold|medium,27,21.0,4.65880555604818,-0.2564256116353768,16.36797881574013,aligned
equity_average,action_x_surprise,hold|medium,30,21.0,4.879979864100119,-0.08296660340297161,17.03337904966768,aligned
equity_average,action_x_surprise,hold|medium,31,21.0,4.781671408321535,-1.3524621325638684,17.128673750472686,aligned
equity_average,action_x_surprise,hold|medium,35,21.0,4.927225596413411,-2.812653507394197,16.58618807967091,aligned
equity_average,action_x_surprise,hold|medium,40,21.0,6.4013676403868605,-4.299755074476463,18.07883830758076,aligned
equity_average,action_x_surprise,hold|medium,46,21.0,5.671422871578121,-4.431836278007161,14.957650243681892,aligned
equity_average,action_x_surprise,hold|medium,52,21.0,8.352642745728376,-4.294660475069849,13.932492184159086,aligned
equity_average,action_x_surprise,hold|medium,60,21.0,9.978210355008557,-2.987276924073747,15.47293715229534,aligned
equity_average,action_x_surprise,hold|medium,68,21.0,10.87699425649321,-0.8589455943741519,16.779498516065782,aligned
equity_average,action_x_surprise,hold|medium,78,21.0,10.35511371002245,-0.5471581976597775,15.612058152383948,aligned
equity_average,action_x_surprise,hold|medium,89,21.0,8.352642745728376,-0.3494004026916046,17.810211205048148,aligned
equity_average,action_x_surprise,hold|medium,101,21.0,6.279717578948365,1.9033271158350704,16.72267873252919,aligned
equity_average,action_x_surprise,hold|medium,115,21.0,7.252835207612285,2.1672013351229005,13.127837256726082,aligned
equity_average,action_x_surprise,hold|medium,132,21.0,4.464120821774737,-0.45539053207653346,13.097600266096146,aligned
equity_average,action_x_surprise,hold|medium,150,21.0,4.495810833226958,-0.20880358271745347,9.692570300507814,aligned
equity_average,action_x_surprise,hold|medium,171,21.0,2.5740764258351807,-3.2026692612673924,10.421990115053891,aligned
equity_average,action_x_surprise,hold|medium,196,21.0,4.057307856894177,-3.0217116823199186,14.319969884122123,aligned
equity_average,action_x_surprise,hold|medium,223,21.0,4.142922702075547,-5.708778822155849,10.554784152205505,aligned
equity_average,action_x_surprise,hold|medium,255,21.0,7.522696870563275,-1.8363531570589067,16.766072998617496,aligned
equity_average,action_x_surprise,hold|medium,291,21.0,6.065643167998846,-0.5077536376985221,19.589259748408185,aligned
equity_average,action_x_surprise,hold|medium,300,21.0,8.409079119952892,-0.24095607927408833,17.84556410348584,aligned
equity_average,action_x_surprise,hold|medium,332,21.0,7.788310442801953,-4.868526501741533,14.180723481738688,aligned
equity_average,action_x_surprise,hold|medium,378,21.0,7.561919123049491,-7.638171051013245,10.83926846611148,aligned
equity_average,action_x_surprise,hold|medium,432,21.0,7.431173962944492,-9.36897037486438,17.94058235758491,aligned
equity_average,action_x_surprise,hold|medium,493,21.0,4.305556951775506,-8.35901440350635,20.210284968130015,aligned
equity_average,action_x_surprise,hold|medium,562,21.0,5.516156122861128,-8.760198388847794,23.17197673908733,aligned
equity_average,action_x_surprise,hold|medium,600,21.0,5.382821011718477,-10.385933451350688,24.118932977288594,aligned
equity_average,action_x_surprise,hold|medium,641,21.0,2.600482212637676,-9.58243891477437,26.841120495692913,aligned
equity_average,action_x_surprise,hold|medium,732,21.0,5.516156122861128,-7.82647377290742,22.999229605476046,aligned
equity_average,action_x_surprise,hold|medium,835,21.0,3.9911298732990486,-8.013129381520312,21.6271930449631,aligned
equity_average,action_x_surprise,hold|medium,953,21.0,7.204795397382506,-6.520366325395882,19.899071486241535,aligned
equity_average,action_x_surprise,hold|medium,1087,21.0,6.493500280058374,-7.31053425346242,24.18159639492954,aligned
equity_average,action_x_surprise,hold|medium,1200,21.0,3.873501293415192,-9.437242644817086,23.40325729735993,aligned
equity_average,action_x_surprise,hold|medium,1240,21.0,5.510280874554135,-10.372580953784311,24.563815943316243,aligned
equity_average,action_x_surprise,hold|medium,1415,21.0,3.8851318308305505,-12.299236954233734,21.932510699184412,aligned
equity_average,action_x_surprise,hold|medium,1615,21.0,5.396615789811573,-4.589451450933623,24.18159639492954,aligned
equity_average,action_x_surprise,hold|medium,1800,21.0,12.618405639385555,-7.750345011968001,24.424397346757623,aligned
equity_average,action_x_surprise,hold|medium,1843,21.0,10.920366989467173,-8.950304153785446,22.90397396878604,aligned
equity_average,action_x_surprise,hold|medium,2103,21.0,8.098452967759755,-7.399901137948043,19.528723025019925,aligned
equity_average,action_x_surprise,hold|medium,2399,21.0,1.0651899483360578,-9.526446896917149,30.8448179961947,aligned
equity_average,action_x_surprise,hold|small,1,26.0,-0.03107771292959625,-0.9669604123410467,0.11422589535122875,aligned
equity_average,action_x_surprise,hold|small,2,26.0,-0.24179596518561905,-0.9251340309500042,0.2992286584641646,aligned
equity_average,action_x_surprise,hold|small,3,26.0,-0.0330365220301229,-0.35505798217274576,1.1934019039887187,aligned
equity_average,action_x_surprise,hold|small,4,26.0,0.1375364861174672,-0.4546591362290682,2.361695633377907,aligned
equity_average,action_x_surprise,hold|small,5,26.0,0.18078839066802782,-0.4238142057430886,2.321357630817309,aligned
equity_average,action_x_surprise,hold|small,6,26.0,0.2913828937852929,-0.8633717047953157,2.412684869631077,aligned
equity_average,action_x_surprise,hold|small,7,26.0,0.1611579901013333,-2.1390264922982136,2.058630740141872,aligned
equity_average,action_x_surprise,hold|small,8,26.0,0.16743827777945838,-1.950156816374165,1.5759837086835984,aligned
equity_average,action_x_surprise,hold|small,9,26.0,-0.23890968622522132,-3.5908256911983676,2.5863070864272997,aligned
equity_average,action_x_surprise,hold|small,11,26.0,-0.4779391464014129,-4.839119201365037,2.316040335474514,aligned
equity_average,action_x_surprise,hold|small,12,26.0,-0.5038694492094731,-6.573105880039757,3.1289021595223776,aligned
equity_average,action_x_surprise,hold|small,14,26.0,-0.40544723467068233,-6.316509614355606,1.9241454198245704,aligned
equity_average,action_x_surprise,hold|small,16,26.0,-1.1465834179384136,-5.496451904840875,2.870731766959474,aligned
equity_average,action_x_surprise,hold|small,18,26.0,-0.9604316045354137,-6.299138744310355,4.025092660677702,aligned
equity_average,action_x_surprise,hold|small,21,26.0,-1.2019624922072234,-6.143801945890397,3.119642397222837,aligned
equity_average,action_x_surprise,hold|small,24,26.0,-1.480700582720123,-5.80263113209077,0.8268496624986323,aligned
equity_average,action_x_surprise,hold|small,27,26.0,-3.219655881705734,-6.770021972793692,4.382853326536834,aligned
equity_average,action_x_surprise,hold|small,30,26.0,-1.2055539268292723,-9.392260299137224,3.9642657305998044,aligned
equity_average,action_x_surprise,hold|small,31,26.0,-2.5459658907029152,-8.155190433518523,2.8510521170970717,aligned
equity_average,action_x_surprise,hold|small,35,26.0,-4.767132973173217,-7.98165756046928,3.0313258396976055,aligned
equity_average,action_x_surprise,hold|small,40,26.0,-2.394163248821355,-8.607407717343595,4.094042871481291,aligned
equity_average,action_x_surprise,hold|small,46,26.0,-3.9124227367691953,-9.01223336340539,7.696242996793368,aligned
equity_average,action_x_surprise,hold|small,52,26.0,-3.8491167110155726,-10.098607851823306,8.452398102863581,aligned
equity_average,action_x_surprise,hold|small,60,26.0,-3.7408324769599375,-11.958212781025649,6.924307716589913,aligned
equity_average,action_x_surprise,hold|small,68,26.0,-2.7485809986264895,-9.662559745719758,7.725392920073336,aligned
equity_average,action_x_surprise,hold|small,78,26.0,-2.628891866623105,-10.549319225190251,3.329453323953712,aligned
equity_average,action_x_surprise,hold|small,89,26.0,-2.7108969242902274,-9.052300405310799,5.333492588069629,aligned
equity_average,action_x_surprise,hold|small,101,26.0,-2.3471462933902423,-9.025259132099205,3.042304824132776,aligned
equity_average,action_x_surprise,hold|small,115,26.0,-0.5618654730951609,-12.807193976515897,6.490467633748366,aligned
equity_average,action_x_surprise,hold|small,132,26.0,-4.226280916308715,-16.166745577264322,1.4923465160550577,aligned
equity_average,action_x_surprise,hold|small,150,26.0,-5.19534506043056,-18.474950918288208,1.5570364457175274,aligned
equity_average,action_x_surprise,hold|small,171,26.0,-8.988874552517752,-18.825642843475425,0.6773227451938131,aligned
equity_average,action_x_surprise,hold|small,196,26.0,-8.969400900037396,-19.670891642453615,0.5178699734668201,aligned
equity_average,action_x_surprise,hold|small,223,26.0,-7.378466852783244,-21.284685502580203,-0.17923267192825593,aligned
equity_average,action_x_surprise,hold|small,255,26.0,-7.529505801220091,-24.807239717175207,2.7420736368507344,aligned
equity_average,action_x_surprise,hold|small,291,26.0,-7.327563602225558,-21.456278451239683,3.4772796022850967,aligned
equity_average,action_x_surprise,hold|small,300,26.0,-7.844930026705379,-23.23681404770827,4.267832630372859,aligned
equity_average,action_x_surprise,hold|small,332,26.0,-6.83903254642629,-20.799395715781518,2.5714209471489458,aligned
equity_average,action_x_surprise,hold|small,378,26.0,-6.599960992369054,-19.12518502476179,3.019399142854228,aligned
equity_average,action_x_surprise,hold|small,432,26.0,-4.892289633500775,-22.166888234240275,1.1242429762057333,aligned
equity_average,action_x_surprise,hold|small,493,26.0,-4.247816891079044,-19.156398676147568,0.6528037824524813,aligned
equity_average,action_x_surprise,hold|small,562,26.0,-3.919106602659828,-21.327396332849627,4.968741137549314,aligned
equity_average,action_x_surprise,hold|small,600,26.0,-6.063650153059527,-22.749191168885226,5.808941453231537,aligned
equity_average,action_x_surprise,hold|small,641,26.0,-5.893612361902443,-20.376785791569862,3.6572308873179664,aligned
equity_average,action_x_surprise,hold|small,732,26.0,-5.70942887030154,-23.744552128279352,5.150334918661465,aligned
equity_average,action_x_surprise,hold|small,835,26.0,-8.729370000981692,-22.61495943027234,1.1870230156870387,aligned
equity_average,action_x_surprise,hold|small,953,26.0,-10.739098608601115,-22.429679774738723,4.926524790540385,aligned
equity_average,action_x_surprise,hold|small,1087,26.0,-9.021600361857296,-24.505916086234997,3.5759234716432093,aligned
equity_average,action_x_surprise,hold|small,1200,26.0,-11.469730494551754,-22.921125912980422,2.818546076909019,aligned
equity_average,action_x_surprise,hold|small,1240,26.0,-11.657452453170842,-22.23638380350266,2.4810031592871793,aligned
equity_average,action_x_surprise,hold|small,1415,26.0,-12.824050106161547,-20.558741103255915,4.21873079357864,aligned
equity_average,action_x_surprise,hold|small,1615,26.0,-9.952253774192386,-27.386092979943314,-1.5904011784655074,aligned
equity_average,action_x_surprise,hold|small,1800,26.0,-13.061752961326295,-23.840927819831936,-0.5929509028161712,aligned
equity_average,action_x_surprise,hold|small,1843,26.0,-13.770200050626176,-25.985470284806837,-2.360372214866741,aligned
equity_average,action_x_surprise,hold|small,2103,26.0,-11.165254329955584,-26.888737320057288,-0.28269074166762964,aligned
equity_average,action_x_surprise,hold|small,2399,26.0,-15.59479511928476,-29.23713317735152,3.1631379682769785,aligned
equity_average,all,all,1,92.0,0.0,-0.5560845121340949,1.485567848391866,aligned
equity_average,all,all,2,92.0,0.6745470497021729,-0.830879180293735,7.03975880815216,aligned
equity_average,all,all,3,92.0,1.0449570041008802,-0.2737695172980674,10.599385747290448,aligned
equity_average,all,all,4,92.0,1.9279123238731712,-0.3694519548859145,12.041678523671013,aligned
equity_average,all,all,5,92.0,1.988411106975779,-0.2750336331771315,11.22064697204053,aligned
equity_average,all,all,6,92.0,2.3818166983394713,-0.4319443295174798,13.270990425405536,aligned
equity_average,all,all,7,92.0,2.9446371221481327,-0.5811407790792636,13.293657903183076,aligned
equity_average,all,all,8,92.0,3.5088558288112957,-0.7576742427536649,14.163948450246162,aligned
equity_average,all,all,9,92.0,4.365951153849403,-0.7910343421368142,13.420747125457872,aligned
equity_average,all,all,11,92.0,3.9612048915374993,-0.7238778204793141,15.78508824287052,aligned
equity_average,all,all,12,92.0,4.077973258984388,-1.0365340792272975,17.62000922295349,aligned
equity_average,all,all,14,92.0,2.5460849481936227,-2.5171008456365978,15.222720831277815,aligned
equity_average,all,all,16,92.0,2.870711821119772,-2.559690270845696,14.240127908515722,aligned
equity_average,all,all,18,92.0,5.724042475752,-2.6598185897477364,15.859420661431376,aligned
equity_average,all,all,21,92.0,4.890534814102156,-2.2203028374670826,16.434682075643376,aligned
equity_average,all,all,24,92.0,4.45762380616105,-2.7034264459074993,15.930722518016387,aligned
equity_average,all,all,27,92.0,4.876531232681261,-3.650466886465859,18.214379724831325,aligned
equity_average,all,all,30,92.0,4.97151700740665,-3.4718194725442344,18.568316088475967,aligned
equity_average,all,all,31,92.0,4.538227659426699,-4.505681290538892,18.481909705090963,aligned
equity_average,all,all,35,92.0,5.364635331832812,-4.8843060725719605,20.326014818807728,aligned
equity_average,all,all,40,92.0,4.516847960281232,-4.3367374786580095,22.660852575530487,aligned
equity_average,all,all,46,92.0,6.244156850270949,-5.354606537708298,20.11768828004796,aligned
equity_average,all,all,52,92.0,8.369421829520913,-7.01715435082469,19.33493562880429,aligned
equity_average,all,all,60,92.0,7.466424300732768,-5.2899116414497955,23.29094622112025,aligned
equity_average,all,all,68,92.0,9.535384057873925,-2.7801815115178896,23.506089380094465,aligned
equity_average,all,all,78,92.0,8.822619930298272,-3.0421023055021625,28.33341420141649,aligned
equity_average,all,all,89,92.0,7.809533137788168,-3.1204919296187956,26.84795474051797,aligned
equity_average,all,all,101,92.0,6.002588310772303,-2.7184859575133746,25.437875504176805,aligned
equity_average,all,all,115,92.0,7.818634660423086,-2.2598967617358876,26.618503337868944,aligned
equity_average,all,all,132,92.0,8.847305895997915,-4.190760191293201,24.86629086717884,aligned
equity_average,all,all,150,92.0,7.279957971145092,-3.942175593629768,22.27850805742616,aligned
equity_average,all,all,171,92.0,4.756075283476814,-6.07812298003514,24.658048782203657,aligned
equity_average,all,all,196,92.0,4.136512629194271,-5.628462109093285,24.603913375941698,aligned
equity_average,all,all,223,92.0,6.129908767902851,-7.223755611031247,27.926345653193884,aligned
equity_average,all,all,255,92.0,6.065018728158652,-7.68980472891571,27.773331028004982,aligned
equity_average,all,all,291,92.0,4.969838369125585,-7.8999494974294295,28.247914110639723,aligned
equity_average,all,all,300,92.0,5.343044122054463,-7.988634843811775,26.66849485002629,aligned
equity_average,all,all,332,92.0,5.819777739955494,-8.806385792783217,29.504758297843296,aligned
equity_average,all,all,378,92.0,6.584741760092356,-9.434950485374918,29.45700516146267,aligned
equity_average,all,all,432,92.0,3.324683247637754,-10.819622333176042,32.59893596038605,aligned
equity_average,all,all,493,92.0,1.78118544198884,-11.228374788856943,34.55127412714542,aligned
equity_average,all,all,562,92.0,5.975093247762745,-10.189129718246797,33.95139987846429,aligned
equity_average,all,all,600,92.0,6.104076111444182,-10.829326601508754,30.199275347309836,aligned
equity_average,all,all,641,92.0,3.942645374882575,-11.15254588168635,32.43309428674653,aligned
equity_average,all,all,732,92.0,5.91161957720426,-9.90721689381536,33.469410502576174,aligned
equity_average,all,all,835,92.0,3.641325632838602,-9.708826915206085,27.861646906121628,aligned
equity_average,all,all,953,92.0,6.6742487052836275,-11.752893598041883,30.883101220031257,aligned
equity_average,all,all,1087,92.0,5.181398446573731,-13.98686192038911,30.538966282296876,aligned
equity_average,all,all,1200,92.0,4.043606778414022,-13.861913020587924,29.34981586312632,aligned
equity_average,all,all,1240,92.0,3.759633161384305,-15.10702859271523,28.970990727518533,aligned
equity_average,all,all,1415,92.0,5.146353319991373,-13.302938472825327,33.87937997468799,aligned
equity_average,all,all,1615,92.0,5.662035057883279,-10.699026033670979,33.738124388731464,aligned
equity_average,all,all,1800,92.0,6.496525837828967,-12.322633199481192,41.38317026216316,aligned
equity_average,all,all,1843,92.0,10.187871594238455,-14.558309151917829,40.314682861328954,aligned
equity_average,all,all,2103,92.0,7.955406990327987,-11.138949332325126,42.15574088285859,aligned
equity_average,all,all,2399,92.0,6.35235507180073,-17.570772608824655,41.784459699378914,aligned
equity_average,surprise,large,1,31.0,0.7180110801022268,-0.47802831675616486,7.840192991900452,aligned
equity_average,surprise,large,2,31.0,11.471927550138489,3.6019267491360623,17.97094408882387,aligned
equity_average,surprise,large,3,31.0,13.791784028444585,3.47655905967767,19.16664486768547,aligned
equity_average,surprise,large,4,31.0,14.13627350785183,3.72168578881983,19.94073218262757,aligned
equity_average,surprise,large,5,31.0,15.611450060094718,3.9029843633498817,20.171259579423122,aligned
equity_average,surprise,large,6,31.0,14.148995985047545,5.627635252107846,22.299657937727822,aligned
equity_average,surprise,large,7,31.0,16.436897777330458,6.639108564256075,26.110184233229063,aligned
equity_average,surprise,large,8,31.0,15.88781405833139,11.099566930293966,23.726962924586914,aligned
equity_average,surprise,large,9,31.0,15.308053452120085,10.249313206566889,26.217775451730773,aligned
equity_average,surprise,large,11,31.0,17.914729428611643,11.553541554009186,22.651789745634943,aligned
equity_average,surprise,large,12,31.0,18.744044338867816,11.764788734900801,21.20526407503987,aligned
equity_average,surprise,large,14,31.0,19.364343557169672,5.186638808654415,26.061854693812474,aligned
equity_average,surprise,large,16,31.0,13.782376548849292,4.7142433176736604,22.721163451969545,aligned
equity_average,surprise,large,18,31.0,15.345262231401446,9.392715274815334,25.829504834571374,aligned
equity_average,surprise,large,21,31.0,16.42122095824089,7.386677990863887,23.156552575159157,aligned
equity_average,surprise,large,24,31.0,15.878303791216618,9.062572970396761,26.48168463169987,aligned
equity_average,surprise,large,27,31.0,15.562483072117162,8.149504609109279,27.232927207176154,aligned
equity_average,surprise,large,30,31.0,18.126674811518903,8.893825470944229,29.669361740051492,aligned
equity_average,surprise,large,31,31.0,20.426936874687776,9.760639215732343,31.103536875833306,aligned
equity_average,surprise,large,35,31.0,21.03010966958243,8.783179267966524,32.76446711969558,aligned
equity_average,surprise,large,40,31.0,26.07994595671154,11.083140284926511,34.9114811485544,aligned
equity_average,surprise,large,46,31.0,22.94391663551864,10.645903675350436,43.07611791321297,aligned
equity_average,surprise,large,52,31.0,21.963345243679857,11.64047507110519,44.495006669740306,aligned
equity_average,surprise,large,60,31.0,28.179729498992266,10.652923414403828,45.16493909255767,aligned
equity_average,surprise,large,68,31.0,29.288879071692147,13.424631466939807,39.087925784702406,aligned
equity_average,surprise,large,78,31.0,31.91493850470689,18.11002163632853,45.829126485198465,aligned
equity_average,surprise,large,89,31.0,33.90038942412184,20.38808797696992,45.402731397414584,aligned
equity_average,surprise,large,101,31.0,32.07565728871997,20.30265013599022,56.667458425407304,aligned
equity_average,surprise,large,115,31.0,33.40787765273471,23.74870185158225,56.1613634903515,aligned
equity_average,surprise,large,132,31.0,30.179024987323103,19.25849899848703,44.4137004131141,aligned
equity_average,surprise,large,150,31.0,32.32539082824026,19.79811088816531,43.80781336886564,aligned
equity_average,surprise,large,171,31.0,30.01031284442399,21.378385685148338,45.88010795685649,aligned
equity_average,surprise,large,196,31.0,36.10999984785751,22.07183799439515,52.74682420395921,aligned
equity_average,surprise,large,223,31.0,34.094569097627414,21.838750233978907,52.4902800155848,aligned
equity_average,surprise,large,255,31.0,38.748277418777796,19.504570739077643,60.153366490324416,aligned
equity_average,surprise,large,291,31.0,38.95011725106502,21.640338697174386,67.0969449486002,aligned
equity_average,surprise,large,300,31.0,40.96700417690663,17.122654379335977,65.64223012109329,aligned
equity_average,surprise,large,332,31.0,43.48966292810327,14.249179025589894,67.57584232315682,aligned
equity_average,surprise,large,378,31.0,50.135611090348945,16.228055318894324,74.42739769748721,aligned
equity_average,surprise,large,432,31.0,43.4141625928592,13.328526148903748,73.99219184542306,aligned
equity_average,surprise,large,493,31.0,36.78058905906277,10.843659458288016,71.93879842484705,aligned
equity_average,surprise,large,562,31.0,41.09795255796226,12.910609309410177,73.56002721410019,aligned
equity_average,surprise,large,600,31.0,38.41621697192185,12.902698250602066,69.9207537394985,aligned
equity_average,surprise,large,641,31.0,38.57954627648026,15.118837849076755,74.68653645831476,aligned
equity_average,surprise,large,732,31.0,34.692544836909164,13.586862666181412,72.35650694807819,aligned
equity_average,surprise,large,835,31.0,34.87816125742046,11.884668625268574,70.4098475872156,aligned
equity_average,surprise,large,953,31.0,40.52825185367363,20.105575243290886,77.26556502814715,aligned
equity_average,surprise,large,1087,31.0,31.489681359035195,19.583742825339367,77.62579004439482,aligned
equity_average,surprise,large,1200,31.0,33.570521650774374,21.017201385879325,83.69563898623504,aligned
equity_average,surprise,large,1240,31.0,33.989943508278905,18.516749817936624,81.11941719463798,aligned
equity_average,surprise,large,1415,31.0,44.081844248838806,17.57238286635117,75.18801751608935,aligned
equity_average,surprise,large,1615,31.0,48.13755203538709,17.25617219012996,69.766806312537,aligned
equity_average,surprise,large,1800,31.0,52.56110614171854,16.861509702983163,80.06188515233384,aligned
equity_average,surprise,large,1843,31.0,54.05254712095321,19.14286713457877,81.9820468584712,aligned
equity_average,surprise,large,2103,31.0,46.29036038776609,20.53531508980583,79.82265484486513,aligned
equity_average,surprise,large,2399,31.0,41.110882932812835,15.572494832583663,72.21004512077167,aligned
equity_average,surprise,medium,1,30.0,0.044863569885276365,-0.3845240306909282,0.9907645175585384,aligned
equity_average,surprise,medium,2,30.0,0.7302271065889414,-0.688550512145025,3.468540713067105,aligned
equity_average,surprise,medium,3,30.0,0.37443282970226405,-0.6575855660210178,6.011927600140899,aligned
equity_average,surprise,medium,4,30.0,0.487558376754373,-0.47137463433149346,6.262411249132439,aligned
equity_average,surprise,medium,5,30.0,0.4718161687779626,-0.4018718588381121,6.356802115982908,aligned
equity_average,surprise,medium,6,30.0,1.7823314527145842,-0.3468904984608784,9.01910559993896,aligned
equity_average,surprise,medium,7,30.0,2.9446371221481327,-0.20867175092913676,10.118482693725571,aligned
equity_average,surprise,medium,8,30.0,4.099893112615091,-0.23901272174448246,9.942925421097952,aligned
equity_average,surprise,medium,9,30.0,4.732183032077639,0.0031028784468418585,11.046393544505998,aligned
equity_average,surprise,medium,11,30.0,3.327466457564154,0.822157472784194,11.564368143590569,aligned
equity_average,surprise,medium,12,30.0,2.8030140887596646,-0.2841877499804122,11.77143458350629,aligned
equity_average,surprise,medium,14,30.0,1.3609904002941833,-1.7819048179112047,11.434873419478436,aligned
equity_average,surprise,medium,16,30.0,1.8015761604098823,-1.4822990640767957,13.281559958100717,aligned
equity_average,surprise,medium,18,30.0,3.643473348967055,-2.2584021461410613,11.890863560877193,aligned
equity_average,surprise,medium,21,30.0,4.248719724756972,-2.2682029910140216,11.434425000938012,aligned
equity_average,surprise,medium,24,30.0,3.4262376579910114,-2.490098909184055,12.427193693982241,aligned
equity_average,surprise,medium,27,30.0,3.7260644653657637,-2.889190965767745,13.960959323750554,aligned
equity_average,surprise,medium,30,30.0,3.8038865390147314,-2.8014778584998217,13.711139357794348,aligned
equity_average,surprise,medium,31,30.0,3.329867292520442,-3.275648690646576,13.168499337254678,aligned
equity_average,surprise,medium,35,30.0,2.5778393295958546,-3.0777895981534646,11.14605158506287,aligned
equity_average,surprise,medium,40,30.0,2.4024934910671,-4.208323532004273,16.611606525779393,aligned
equity_average,surprise,medium,46,30.0,3.1694878020759623,-5.075522815646209,11.87740552019515,aligned
equity_average,surprise,medium,52,30.0,4.518612235266219,-6.89515969148406,13.876165016104068,aligned
equity_average,surprise,medium,60,30.0,7.723675215584263,-4.32186755482191,15.132902766851371,aligned
equity_average,surprise,medium,68,30.0,9.54481253716591,-0.7526384891064816,16.651529863691508,aligned
equity_average,surprise,medium,78,30.0,4.221692877016088,-2.6121527228741916,13.977972265459675,aligned
equity_average,surprise,medium,89,30.0,5.07661884715038,-1.8020894534669338,14.77874606816212,aligned
equity_average,surprise,medium,101,30.0,4.479228499569734,-1.4066258311304314,14.492271829653031,aligned
equity_average,surprise,medium,115,30.0,6.1505311209492906,-0.8404272506702475,12.206965102659606,aligned
equity_average,surprise,medium,132,30.0,3.2489244420559222,-1.5804661509655014,10.824804886891693,aligned
equity_average,surprise,medium,150,30.0,3.6587548962037157,-1.2254257412187752,9.760310259868964,aligned
equity_average,surprise,medium,171,30.0,1.7864236504141062,-3.17826027363442,10.030592611982257,aligned
equity_average,surprise,medium,196,30.0,3.96598834087282,-2.967037668623959,10.223299171367131,aligned
equity_average,surprise,medium,223,30.0,4.496633323479349,-5.328750321421862,12.757280784736494,aligned
equity_average,surprise,medium,255,30.0,7.0219673492713675,-1.4877181682106029,13.470652032803926,aligned
equity_average,surprise,medium,291,30.0,4.394884228898231,-2.5617811749921957,20.117590803910247,aligned
equity_average,surprise,medium,300,30.0,4.6183681342579055,-4.3418231364354085,19.45786117037177,aligned
equity_average,surprise,medium,332,30.0,8.480458593222737,-5.694770305140676,15.724975743385338,aligned
equity_average,surprise,medium,378,30.0,6.410416339804788,-4.263755981928271,10.819605028489182,aligned
equity_average,surprise,medium,432,30.0,1.8273965205529534,-9.632210638970884,12.863036589785423,aligned
equity_average,surprise,medium,493,30.0,-1.9565363366224346,-11.17128699205719,18.367300541833792,aligned
equity_average,surprise,medium,562,30.0,-1.1922599102876206,-11.314673040862202,16.81923109431976,aligned
equity_average,surprise,medium,600,30.0,-1.432105428158354,-10.730345168955568,15.250661341246094,aligned
equity_average,surprise,medium,641,30.0,-4.233761883993928,-13.115019777980756,18.5601157937301,aligned
equity_average,surprise,medium,732,30.0,-2.244191653996778,-10.445516372161812,17.609684651625674,aligned
equity_average,surprise,medium,835,30.0,1.9939985258669233,-8.258697800165965,18.93522528116909,aligned
equity_average,surprise,medium,953,30.0,-0.4599600023616951,-10.495684365605875,15.61477546094906,aligned
equity_average,surprise,medium,1087,30.0,3.133077106009055,-12.299449520697298,13.67400338331801,aligned
equity_average,surprise,medium,1200,30.0,0.7216532805607365,-13.50946379767616,20.061681399957155,aligned
equity_average,surprise,medium,1240,30.0,1.7057723197593908,-14.74680863364004,22.065747748987597,aligned
equity_average,surprise,medium,1415,30.0,1.7032132100221227,-15.41157360510771,20.533884607322396,aligned
equity_average,surprise,medium,1615,30.0,2.6084825862431256,-13.544106612370935,19.413505420974932,aligned
equity_average,surprise,medium,1800,30.0,1.1972490357131549,-7.076420275420744,19.58550199154979,aligned
equity_average,surprise,medium,1843,30.0,2.3940386482744174,-11.606799705956192,22.17755544295712,aligned
equity_average,surprise,medium,2103,30.0,1.9466075903178106,-7.646277479531596,18.51318012021868,aligned
equity_average,surprise,medium,2399,30.0,-1.4841288779264292,-16.803668666757343,29.591156088660274,aligned
equity_average,surprise,small,1,31.0,-0.0621554258591925,-0.9839385246344332,0.08910498161649891,aligned
equity_average,surprise,small,2,31.0,-0.27431831904561976,-1.2176798611340196,0.22020450515198814,aligned
equity_average,surprise,small,3,31.0,-0.05504092292675163,-0.5630333014182539,0.7016929679553335,aligned
equity_average,surprise,small,4,31.0,-0.10517790843571763,-0.5657717090045178,1.9279123238731712,aligned
equity_average,surprise,small,5,31.0,-0.06028127313113302,-0.5434511781195599,1.882551384140395,aligned
equity_average,surprise,small,6,31.0,0.14911129668269024,-1.0140575193120034,1.9801772439653553,aligned
equity_average,surprise,small,7,31.0,-0.0502393906974326,-2.296119849837212,1.9096186991417028,aligned
equity_average,surprise,small,8,31.0,-0.08989168052766609,-2.191099018580466,1.5403728002258332,aligned
equity_average,surprise,small,9,31.0,-0.28324217097015975,-3.78575232927826,2.507560145826422,aligned
equity_average,surprise,small,11,31.0,-0.48365811889285454,-6.1339736736926,2.282014406324361,aligned
equity_average,surprise,small,12,31.0,-1.1867293280710376,-7.149646297470825,2.8218157000622655,aligned
equity_average,surprise,small,14,31.0,-0.7227883737799273,-9.888975520166031,1.7838308902826245,aligned
equity_average,surprise,small,16,31.0,-1.7707161063288925,-7.907175775060519,2.305474914936458,aligned
equity_average,surprise,small,18,31.0,-1.8001168655253004,-7.135917743901262,3.5208198086859372,aligned
equity_average,surprise,small,21,31.0,-1.884856716188104,-6.681758581781625,3.0912156511671736,aligned
equity_average,surprise,small,24,31.0,-2.4600066033797368,-6.898649990484158,0.8148497312281253,aligned
equity_average,surprise,small,27,31.0,-3.295827779765836,-7.611242145854838,3.916927928172667,aligned
equity_average,surprise,small,30,31.0,-1.5718866374778993,-9.233207402630212,3.836910716751823,aligned
equity_average,surprise,small,31,31.0,-3.2010676624283527,-8.676020866522087,2.688406778604159,aligned
equity_average,surprise,small,35,31.0,-4.658168090126489,-8.778947463835701,4.6454600151111975,aligned
equity_average,surprise,small,40,31.0,-3.3594350877196404,-8.735163490784352,3.9670809209484355,aligned
equity_average,surprise,small,46,31.0,-4.565571645450706,-9.980923019407967,7.403125607516837,aligned
equity_average,surprise,small,52,31.0,-5.303356989144252,-10.623238873961528,8.339225372178117,aligned
equity_average,surprise,small,60,31.0,-3.9374712170772956,-12.53882427677545,6.908216988708977,aligned
equity_average,surprise,small,68,31.0,-2.754039107423745,-9.325675038648338,7.352492772376921,aligned
equity_average,surprise,small,78,31.0,-2.9023958852912655,-11.40869666236145,3.305294039542011,aligned
equity_average,surprise,small,89,31.0,-2.93418311698377,-10.424158864578063,4.863600983692104,aligned
equity_average,surprise,small,101,31.0,-3.682664429891182,-10.257670078035435,2.9773476001007366,aligned
equity_average,surprise,small,115,31.0,-3.216317091452288,-14.128062385978213,5.397979363172397,aligned
equity_average,surprise,small,132,31.0,-7.825053902740493,-16.638512229662233,0.6794958730683038,aligned
equity_average,surprise,small,150,31.0,-6.846937094286393,-18.171142751288336,1.5432278980629055,aligned
equity_average,surprise,small,171,31.0,-10.10919814971197,-19.075603753884636,0.6160532386649141,aligned
equity_average,surprise,small,196,31.0,-9.820836375169087,-20.709077190904264,-0.049371841652867454,aligned
equity_average,surprise,small,223,31.0,-7.687889336287238,-21.947494951346226,1.7770182748364853,aligned
equity_average,surprise,small,255,31.0,-8.096410486221,-24.119013231224745,3.911014238039695,aligned
equity_average,surprise,small,291,31.0,-7.394565627497279,-20.41973641272662,3.2055737666701525,aligned
equity_average,surprise,small,300,31.0,-7.881982010583282,-21.525657463182796,3.769355519064909,aligned
equity_average,surprise,small,332,31.0,-6.875740540459151,-19.76801379457934,2.392846663415556,aligned
equity_average,surprise,small,378,31.0,-7.331062515580233,-18.887498184306764,3.512870087432405,aligned
equity_average,surprise,small,432,31.0,-5.622082868379815,-19.01855584835602,1.630337645269194,aligned
equity_average,surprise,small,493,31.0,-5.330269460711014,-18.172031233279643,1.3966407915078505,aligned
equity_average,surprise,small,562,31.0,-4.10702824437764,-20.014692428155826,5.975093247762745,aligned
equity_average,surprise,small,600,31.0,-8.143373333710056,-20.987674559516133,7.917871425913803,aligned
equity_average,surprise,small,641,31.0,-7.125875815423862,-18.451488705583852,3.942645374882575,aligned
equity_average,surprise,small,732,31.0,-6.332688846524912,-21.42327208601234,4.906865548871599,aligned
equity_average,surprise,small,835,31.0,-9.254789554362885,-22.192556948219156,1.0304146259779572,aligned
equity_average,surprise,small,953,31.0,-10.72662454462209,-26.077937706020247,3.7093475678960215,aligned
equity_average,surprise,small,1087,31.0,-12.107487599597011,-24.96196268473284,3.097460836462027,aligned
equity_average,surprise,small,1200,31.0,-12.074176260303936,-26.784710523792285,1.423379890405187,aligned
equity_average,surprise,small,1240,31.0,-11.986009660931199,-22.858613420918815,1.5803936584250222,aligned
equity_average,surprise,small,1415,31.0,-12.128194130519649,-20.019351118515615,2.901141148317203,aligned
equity_average,surprise,small,1615,31.0,-10.126315831672274,-23.988201119666662,0.6908481663186041,aligned
equity_average,surprise,small,1800,31.0,-12.84735028944533,-22.718132607391667,3.2697361313683455,aligned
equity_average,surprise,small,1843,31.0,-14.264244468045089,-23.429273203624206,3.1945007880492025,aligned
equity_average,surprise,small,2103,31.0,-11.142239581907099,-25.031449404124608,7.726927193984508,aligned
equity_average,surprise,small,2399,31.0,-15.806104039401983,-27.79535890285853,4.9422740307493624,aligned
