baseline,group,instrument,minute,measure,median,q25,q75,N_sessions
quiet,control,ES,-30,depth_ratio,0.9888277582648688,0.8924691008437292,1.0662707159982483,174
quiet,control,ES,-30,spread_ratio,1.0,1.0,1.0,174
quiet,control,ES,-29,depth_ratio,1.0075113843947692,0.9171704717206268,1.0796450546394736,174
quiet,control,ES,-29,spread_ratio,1.0,1.0,1.0,174
quiet,control,ES,-28,depth_ratio,0.9928163965077768,0.9331050893550894,1.0738646548404658,174
quiet,control,ES,-28,spread_ratio,1.0,1.0,1.0,174
quiet,control,ES,-27,depth_ratio,0.9909611261832705,0.917291868471209,1.0752665273289308,174
quiet,control,ES,-27,spread_ratio,1.0,1.0,1.0,174
quiet,control,ES,-26,depth_ratio,0.9891553740399217,0.917670061793273,1.0862668000559579,174
quiet,control,ES,-26,spread_ratio,1.0,1.0,1.0,174
quiet,control,ES,-25,depth_ratio,0.984245568714015,0.9176942460166191,1.052881372698904,174
quiet,control,ES,-25,spread_ratio,1.0,1.0,1.0,174
quiet,control,ES,-24,depth_ratio,0.9681768305737939,0.905274493701919,1.0523604651822387,174
quiet,control,ES,-24,spread_ratio,1.0,1.0,1.0,174
quiet,control,ES,-23,depth_ratio,0.9766833064638212,0.9098287576351125,1.0667009312733349,174
quiet,control,ES,-23,spread_ratio,1.0,1.0,1.0,174
quiet,control,ES,-22,depth_ratio,0.9786452903412464,0.9182690098465758,1.0598931215333753,174
quiet,control,ES,-22,spread_ratio,1.0,1.0,1.0,174
quiet,control,ES,-21,depth_ratio,0.9935130960121612,0.9092564254787763,1.0507212237790133,174
quiet,control,ES,-21,spread_ratio,1.0,1.0,1.0,174
quiet,control,ES,-20,depth_ratio,0.9675276476219629,0.9087889384174169,1.0492465334294279,174
quiet,control,ES,-20,spread_ratio,1.0,1.0,1.0,174
quiet,control,ES,-19,depth_ratio,0.9786008267759365,0.9037175869573236,1.0579427170459748,174
quiet,control,ES,-19,spread_ratio,1.0,1.0,1.0,174
quiet,control,ES,-18,depth_ratio,0.9709558671494106,0.9000923690461063,1.0593761056374387,174
quiet,control,ES,-18,spread_ratio,1.0,1.0,1.0,174
quiet,control,ES,-17,depth_ratio,0.977448025742056,0.8981844447598508,1.0486192394162157,174
quiet,control,ES,-17,spread_ratio,1.0,1.0,1.0,174
quiet,control,ES,-16,depth_ratio,0.9931572428870783,0.9146844216076536,1.0793410578791782,174
quiet,control,ES,-16,spread_ratio,1.0,1.0,1.0,174
quiet,control,ES,-15,depth_ratio,0.9990403027947385,0.9124915450537812,1.0888722216546074,174
quiet,control,ES,-15,spread_ratio,1.0,1.0,1.0,174
quiet,control,ES,-14,depth_ratio,0.9884972340876824,0.9048527648801046,1.0990630581425722,174
quiet,control,ES,-14,spread_ratio,1.0,1.0,1.0,174
quiet,control,ES,-13,depth_ratio,0.9747355362358945,0.9000331807313937,1.06665002684601,174
quiet,control,ES,-13,spread_ratio,1.0,1.0,1.0,174
quiet,control,ES,-12,depth_ratio,0.9801556895346533,0.892641225331887,1.0904543767264214,174
quiet,control,ES,-12,spread_ratio,1.0,1.0,1.0,174
quiet,control,ES,-11,depth_ratio,0.9680447869272732,0.9079726171100483,1.0713596723789753,174
quiet,control,ES,-11,spread_ratio,1.0,1.0,1.0,174
quiet,control,ES,-10,depth_ratio,0.9936885049578301,0.8854183839374943,1.1082379999833127,174
quiet,control,ES,-10,spread_ratio,1.0,1.0,1.0,174
quiet,control,ES,-9,depth_ratio,0.974689410492239,0.8884606970075568,1.065832432805279,174
quiet,control,ES,-9,spread_ratio,1.0,1.0,1.0,174
quiet,control,ES,-8,depth_ratio,0.9859935068051926,0.9014275809907979,1.102167968460524,174
quiet,control,ES,-8,spread_ratio,1.0,1.0,1.0,174
quiet,control,ES,-7,depth_ratio,0.987845877151645,0.9047823254885721,1.1031607712836016,174
quiet,control,ES,-7,spread_ratio,1.0,1.0,1.0,174
quiet,control,ES,-6,depth_ratio,0.9869708915908642,0.8950144600185764,1.1553884790191846,174
quiet,control,ES,-6,spread_ratio,1.0,1.0,1.0,174
quiet,control,ES,-5,depth_ratio,1.0005953037089361,0.9084148701571072,1.1482969979393032,174
quiet,control,ES,-5,spread_ratio,1.0,1.0,1.0,174
quiet,control,ES,-4,depth_ratio,0.995083283905539,0.8773972116643273,1.0924798168738796,174
quiet,control,ES,-4,spread_ratio,1.0,1.0,1.0,174
quiet,control,ES,-3,depth_ratio,0.9741453399541634,0.86633585849292,1.1339332908237603,174
quiet,control,ES,-3,spread_ratio,1.0,1.0,1.0,174
quiet,control,ES,-2,depth_ratio,0.9933676216851846,0.8860970531615908,1.1304473312185825,174
quiet,control,ES,-2,spread_ratio,1.0,1.0,1.0,174
quiet,control,ES,-1,depth_ratio,0.9820325585014245,0.8754148230088495,1.1111167544830738,174
quiet,control,ES,-1,spread_ratio,1.0,1.0,1.0,174
quiet,control,ES,0,depth_ratio,0.9695900886822812,0.8899901050844503,1.057904385718177,174
quiet,control,ES,0,spread_ratio,1.0,1.0,1.0,174
quiet,control,ES,1,depth_ratio,0.9744675591140598,0.8609969271214681,1.1099791712094376,174
quiet,control,ES,1,spread_ratio,1.0,1.0,1.0,174
quiet,control,ES,2,depth_ratio,0.9848637159581186,0.8981469303715663,1.1145041621425986,174
quiet,control,ES,2,spread_ratio,1.0,1.0,1.0,174
quiet,control,ES,3,depth_ratio,0.9814704355568054,0.8870593455093159,1.085700274522676,174
quiet,control,ES,3,spread_ratio,1.0,1.0,1.0,174
quiet,control,ES,4,depth_ratio,0.9873821836580958,0.8945934167434233,1.1092141995043256,174
quiet,control,ES,4,spread_ratio,1.0,1.0,1.0,174
quiet,control,ES,5,depth_ratio,0.9696444879020727,0.8714506296623085,1.0985708372646663,174
quiet,control,ES,5,spread_ratio,1.0,1.0,1.0,174
quiet,control,ES,6,depth_ratio,0.9892245121033737,0.8820925211196875,1.0946862702390632,174
quiet,control,ES,6,spread_ratio,1.0,1.0,1.0,174
quiet,control,ES,7,depth_ratio,0.9668224950373965,0.867392953080507,1.07805784222177,174
quiet,control,ES,7,spread_ratio,1.0,1.0,1.0,174
quiet,control,ES,8,depth_ratio,0.9749472989832648,0.8883946918645992,1.1063185919109007,174
quiet,control,ES,8,spread_ratio,1.0,1.0,1.0,174
quiet,control,ES,9,depth_ratio,0.9645045447689731,0.8637906754667918,1.096919634220093,174
quiet,control,ES,9,spread_ratio,1.0,1.0,1.0,174
quiet,control,ES,10,depth_ratio,0.9729429087148066,0.8562914932406865,1.1178235422742595,174
quiet,control,ES,10,spread_ratio,1.0,1.0,1.0,174
quiet,control,ES,11,depth_ratio,0.9824630241585438,0.8851478435832386,1.1285642994980334,174
quiet,control,ES,11,spread_ratio,1.0,1.0,1.0,174
quiet,control,ES,12,depth_ratio,0.9891225081530142,0.8649302898199274,1.092601967916335,174
quiet,control,ES,12,spread_ratio,1.0,1.0,1.0,174
quiet,control,ES,13,depth_ratio,0.971554193497457,0.8748116190647115,1.09586963339129,174
quiet,control,ES,13,spread_ratio,1.0,1.0,1.0,174
quiet,control,ES,14,depth_ratio,0.9756388065576806,0.8305823573556175,1.10718483146322,174
quiet,control,ES,14,spread_ratio,1.0,1.0,1.0,174
quiet,control,ES,15,depth_ratio,0.9727340481068165,0.8408454106981172,1.133595069667939,174
quiet,control,ES,15,spread_ratio,1.0,1.0,1.0,174
quiet,control,ES,16,depth_ratio,0.9851446875545431,0.8616234929661211,1.1056050205331098,174
quiet,control,ES,16,spread_ratio,1.0,1.0,1.0,174
quiet,control,ES,17,depth_ratio,0.9657591527025268,0.8357694174217579,1.105938374326638,174
quiet,control,ES,17,spread_ratio,1.0,1.0,1.0,174
quiet,control,ES,18,depth_ratio,0.9690535689799238,0.861120387402764,1.1514219691610907,174
quiet,control,ES,18,spread_ratio,1.0,1.0,1.0,174
quiet,control,ES,19,depth_ratio,0.9890169278948024,0.8719376069585805,1.1656205957441892,174
quiet,control,ES,19,spread_ratio,1.0,1.0,1.0,174
quiet,control,ES,20,depth_ratio,0.9659115994380896,0.8465381711071519,1.1684886646257637,174
quiet,control,ES,20,spread_ratio,1.0,1.0,1.0,174
quiet,control,ES,21,depth_ratio,0.9813776525479703,0.849686254575899,1.1463263747833028,174
quiet,control,ES,21,spread_ratio,1.0,1.0,1.0,174
quiet,control,ES,22,depth_ratio,0.967570118760697,0.8700642858953018,1.1783319250155104,174
quiet,control,ES,22,spread_ratio,1.0,1.0,1.0,174
quiet,control,ES,23,depth_ratio,0.9781229154486955,0.8385391804667679,1.1412100587365215,174
quiet,control,ES,23,spread_ratio,1.0,1.0,1.0,174
quiet,control,ES,24,depth_ratio,0.9993052937428601,0.8693547666433211,1.160329924420029,174
quiet,control,ES,24,spread_ratio,1.0,1.0,1.0,174
quiet,control,ES,25,depth_ratio,0.9843298168361796,0.8442717916522406,1.1278610054731044,174
quiet,control,ES,25,spread_ratio,1.0,1.0,1.0,174
quiet,control,ES,26,depth_ratio,0.9761342776473171,0.8719617994329163,1.1097635469503897,174
quiet,control,ES,26,spread_ratio,1.0,1.0,1.0,174
quiet,control,ES,27,depth_ratio,0.9747067708583916,0.8574414203148668,1.1498208744436742,174
quiet,control,ES,27,spread_ratio,1.0,1.0,1.0,174
quiet,control,ES,28,depth_ratio,0.9676932469271928,0.8531468531468531,1.1446524898622137,174
quiet,control,ES,28,spread_ratio,1.0,1.0,1.0,174
quiet,control,ES,29,depth_ratio,0.9766769194810103,0.8533549112994521,1.140250965767424,174
quiet,control,ES,29,spread_ratio,1.0,1.0,1.0,174
quiet,control,ES,30,depth_ratio,1.0206325235753486,0.8670318387343747,1.1739053847668568,174
quiet,control,ES,30,spread_ratio,1.0,1.0,1.0,174
quiet,control,ES,31,depth_ratio,1.0078858386672223,0.8824171964154144,1.1584939239892384,174
quiet,control,ES,31,spread_ratio,1.0,1.0,1.0,174
quiet,control,ES,32,depth_ratio,1.0111874033010877,0.8691073167133124,1.1851028201844498,174
quiet,control,ES,32,spread_ratio,1.0,1.0,1.0,174
quiet,control,ES,33,depth_ratio,0.9895803275843403,0.8657397682022383,1.1562847317527527,174
quiet,control,ES,33,spread_ratio,1.0,1.0,1.0,174
quiet,control,ES,34,depth_ratio,0.9975202997271031,0.8859667421504842,1.174035439352978,174
quiet,control,ES,34,spread_ratio,1.0,1.0,1.0,174
quiet,control,ES,35,depth_ratio,0.9982877590806485,0.8624603488363358,1.1413072618378737,174
quiet,control,ES,35,spread_ratio,1.0,1.0,1.0,174
quiet,control,ES,36,depth_ratio,1.0167345342381746,0.8659245142257559,1.1666189449814532,174
quiet,control,ES,36,spread_ratio,1.0,1.0,1.0,174
quiet,control,ES,37,depth_ratio,1.0196173978361815,0.8599836168373113,1.1668295631525207,174
quiet,control,ES,37,spread_ratio,1.0,1.0,1.0,174
quiet,control,ES,38,depth_ratio,0.9900811960609813,0.858044328682261,1.1673301997698555,174
quiet,control,ES,38,spread_ratio,1.0,1.0,1.0,174
quiet,control,ES,39,depth_ratio,1.0068645065860506,0.8759052586509404,1.1593038963111033,174
quiet,control,ES,39,spread_ratio,1.0,1.0,1.0,174
quiet,control,ES,40,depth_ratio,1.0006994714799111,0.8679591777340262,1.1517226949748145,174
quiet,control,ES,40,spread_ratio,1.0,1.0,1.0,174
quiet,control,ES,41,depth_ratio,1.0118218882742793,0.862126011967617,1.1953626324900297,174
quiet,control,ES,41,spread_ratio,1.0,1.0,1.0,174
quiet,control,ES,42,depth_ratio,1.0330113895490607,0.885749767278676,1.2143299106691874,174
quiet,control,ES,42,spread_ratio,1.0,1.0,1.0,174
quiet,control,ES,43,depth_ratio,1.0152461008893463,0.9036927193686743,1.206211675505469,174
quiet,control,ES,43,spread_ratio,1.0,1.0,1.0,174
quiet,control,ES,44,depth_ratio,1.0142545846837432,0.9155164575601169,1.207163902657667,174
quiet,control,ES,44,spread_ratio,1.0,1.0,1.0,174
quiet,control,ES,45,depth_ratio,1.010498906677232,0.8871295871710654,1.1971447326275244,174
quiet,control,ES,45,spread_ratio,1.0,1.0,1.0,174
quiet,control,ES,46,depth_ratio,1.0256293052130283,0.9167555068394421,1.1960967574770507,174
quiet,control,ES,46,spread_ratio,1.0,1.0,1.0,174
quiet,control,ES,47,depth_ratio,1.028398443985863,0.9194717878161607,1.2177735146294917,174
quiet,control,ES,47,spread_ratio,1.0,1.0,1.0,174
quiet,control,ES,48,depth_ratio,1.057611654951403,0.9309649964936051,1.199995636941022,174
quiet,control,ES,48,spread_ratio,1.0,1.0,1.0,174
quiet,control,ES,49,depth_ratio,1.05805695482871,0.9272161251594704,1.2264686285652646,174
quiet,control,ES,49,spread_ratio,1.0,1.0,1.0,174
quiet,control,ES,50,depth_ratio,1.0201038570262866,0.9051085155222012,1.1786453791662688,174
quiet,control,ES,50,spread_ratio,1.0,1.0,1.0,174
quiet,control,ES,51,depth_ratio,1.025820635442762,0.894933559204443,1.181299868111225,174
quiet,control,ES,51,spread_ratio,1.0,1.0,1.0,174
quiet,control,ES,52,depth_ratio,1.0158559943892331,0.8826648125331737,1.1596497074962098,174
quiet,control,ES,52,spread_ratio,1.0,1.0,1.0,174
quiet,control,ES,53,depth_ratio,1.0144240614688709,0.8857714975128428,1.1804483969887767,174
quiet,control,ES,53,spread_ratio,1.0,1.0,1.0,174
quiet,control,ES,54,depth_ratio,1.011669658886894,0.8883880005272055,1.1985954789641178,174
quiet,control,ES,54,spread_ratio,1.0,1.0,1.0,174
quiet,control,ES,55,depth_ratio,1.0301694566410537,0.9101927445875353,1.2167508502876088,174
quiet,control,ES,55,spread_ratio,1.0,1.0,1.0,174
quiet,control,ES,56,depth_ratio,0.9911269339411857,0.8715437759679597,1.2013504660725984,174
quiet,control,ES,56,spread_ratio,1.0,1.0,1.0,174
quiet,control,ES,57,depth_ratio,1.0083806574248984,0.875718563150513,1.17134740252268,174
quiet,control,ES,57,spread_ratio,1.0,1.0,1.0,174
quiet,control,ES,58,depth_ratio,1.0132990983422148,0.8688884676988777,1.218214666419774,174
quiet,control,ES,58,spread_ratio,1.0,1.0,1.0,174
quiet,control,ES,59,depth_ratio,1.0163014608233731,0.8870106155243915,1.1742947563926065,174
quiet,control,ES,59,spread_ratio,1.0,1.0,1.0,174
quiet,control,ES,60,depth_ratio,0.9970944022770398,0.8841952015633244,1.1614069048524067,174
quiet,control,ES,60,spread_ratio,1.0,1.0,1.0,174
quiet,control,ES,61,depth_ratio,1.001448778664008,0.8765185710761856,1.1814559179870525,174
quiet,control,ES,61,spread_ratio,1.0,1.0,1.0,174
quiet,control,ES,62,depth_ratio,1.0211428772621647,0.8458148986366829,1.205068941571076,174
quiet,control,ES,62,spread_ratio,1.0,1.0,1.0,174
quiet,control,ES,63,depth_ratio,1.0086818934857593,0.8584000137412212,1.1830614502223167,174
quiet,control,ES,63,spread_ratio,1.0,1.0,1.0,174
quiet,control,ES,64,depth_ratio,1.0122683929350935,0.863181317004982,1.2323385712622736,174
quiet,control,ES,64,spread_ratio,1.0,1.0,1.0,174
quiet,control,ES,65,depth_ratio,1.025778308844981,0.8702179707425544,1.2310253073141344,174
quiet,control,ES,65,spread_ratio,1.0,1.0,1.0,174
quiet,control,ES,66,depth_ratio,1.0264347432322782,0.8741147483727659,1.1960554920672846,174
quiet,control,ES,66,spread_ratio,1.0,1.0,1.0,174
quiet,control,ES,67,depth_ratio,1.0015310071999495,0.8538017476777333,1.2006032384756657,174
quiet,control,ES,67,spread_ratio,1.0,1.0,1.0,174
quiet,control,ES,68,depth_ratio,0.9999680737814909,0.8831193531374966,1.2321399224345013,174
quiet,control,ES,68,spread_ratio,1.0,1.0,1.0,174
quiet,control,ES,69,depth_ratio,1.0210589693932641,0.8613606797827349,1.2332490050872118,174
quiet,control,ES,69,spread_ratio,1.0,1.0,1.0,174
quiet,control,ES,70,depth_ratio,1.0392209348626151,0.8808591156552914,1.2069867180648932,174
quiet,control,ES,70,spread_ratio,1.0,1.0,1.0,174
quiet,control,ES,71,depth_ratio,1.0311126156542727,0.8937524689754839,1.2273769190259647,174
quiet,control,ES,71,spread_ratio,1.0,1.0,1.0,174
quiet,control,ES,72,depth_ratio,1.0170889457726526,0.8731411268902933,1.2028511087645195,174
quiet,control,ES,72,spread_ratio,1.0,1.0,1.0,174
quiet,control,ES,73,depth_ratio,1.0241373589913736,0.8898274148813077,1.2023976964053205,174
quiet,control,ES,73,spread_ratio,1.0,1.0,1.0,174
quiet,control,ES,74,depth_ratio,1.0297971529114087,0.8746112451311258,1.2330575596264122,174
quiet,control,ES,74,spread_ratio,1.0,1.0,1.0,174
quiet,control,ES,75,depth_ratio,1.0389134165317264,0.9067537506344274,1.233094686051583,174
quiet,control,ES,75,spread_ratio,1.0,1.0,1.0,174
quiet,control,ES,76,depth_ratio,1.048068927176574,0.8982452753323347,1.2198281537056128,174
quiet,control,ES,76,spread_ratio,1.0,1.0,1.0,174
quiet,control,ES,77,depth_ratio,1.0243204392136356,0.8871996827328212,1.1990440180250888,174
quiet,control,ES,77,spread_ratio,1.0,1.0,1.0,174
quiet,control,ES,78,depth_ratio,1.0378231877441115,0.8614199568938066,1.243366173951805,174
quiet,control,ES,78,spread_ratio,1.0,1.0,1.0,174
quiet,control,ES,79,depth_ratio,1.0526549260903055,0.8671483584805794,1.258803239808219,174
quiet,control,ES,79,spread_ratio,1.0,1.0,1.0,174
quiet,control,ES,80,depth_ratio,1.0403370618774619,0.9097971064331507,1.259087230863987,174
quiet,control,ES,80,spread_ratio,1.0,1.0,1.0,174
quiet,control,ES,81,depth_ratio,1.053682189327338,0.8850146992159091,1.255049284887731,174
quiet,control,ES,81,spread_ratio,1.0,1.0,1.0,174
quiet,control,ES,82,depth_ratio,1.0570952932162625,0.9156682517775019,1.29348414839052,174
quiet,control,ES,82,spread_ratio,1.0,1.0,1.0,174
quiet,control,ES,83,depth_ratio,1.0658993072483671,0.8968957672797573,1.3174611292962357,174
quiet,control,ES,83,spread_ratio,1.0,1.0,1.0,174
quiet,control,ES,84,depth_ratio,1.0604755986085892,0.8874496754711119,1.3172606176199038,174
quiet,control,ES,84,spread_ratio,1.0,1.0,1.0,174
quiet,control,ES,85,depth_ratio,1.0479806029128445,0.8845972388250694,1.252127809496372,174
quiet,control,ES,85,spread_ratio,1.0,1.0,1.0,174
quiet,control,ES,86,depth_ratio,1.0695136542279866,0.8989072357247694,1.2450630201151616,174
quiet,control,ES,86,spread_ratio,1.0,1.0,1.0,174
quiet,control,ES,87,depth_ratio,1.0969569779643233,0.9002404210051167,1.3081169627977045,174
quiet,control,ES,87,spread_ratio,1.0,1.0,1.0,174
quiet,control,ES,88,depth_ratio,1.0829863737352308,0.9092587228627325,1.2792871371623764,174
quiet,control,ES,88,spread_ratio,1.0,1.0,1.0,174
quiet,control,ES,89,depth_ratio,1.0939698619943174,0.9209986324311639,1.2780479697321603,174
quiet,control,ES,89,spread_ratio,1.0,1.0,1.0,174
quiet,control,ES,90,depth_ratio,1.057351237279513,0.9177409167805686,1.2858274285146378,174
quiet,control,ES,90,spread_ratio,1.0,1.0,1.0,174
quiet,control,ES,91,depth_ratio,1.064365013357528,0.9178312112313607,1.278087427597108,174
quiet,control,ES,91,spread_ratio,1.0,1.0,1.0,174
quiet,control,ES,92,depth_ratio,1.0777281799328884,0.9053543508582483,1.332257421347054,174
quiet,control,ES,92,spread_ratio,1.0,1.0,1.0,174
quiet,control,ES,93,depth_ratio,1.0651303752549122,0.8990615704758347,1.3204171243738938,174
quiet,control,ES,93,spread_ratio,1.0,1.0,1.0,174
quiet,control,ES,94,depth_ratio,1.1014402051403018,0.9387493287020776,1.2906421154197674,174
quiet,control,ES,94,spread_ratio,1.0,1.0,1.0,174
quiet,control,ES,95,depth_ratio,1.0748713476486356,0.9354457655991181,1.293026510382377,174
quiet,control,ES,95,spread_ratio,1.0,1.0,1.0,174
quiet,control,ES,96,depth_ratio,1.02667067597761,0.9052429087167941,1.2593915983224617,174
quiet,control,ES,96,spread_ratio,1.0,1.0,1.0,174
quiet,control,ES,97,depth_ratio,1.0321235755563345,0.9139687558528797,1.2872911118555912,174
quiet,control,ES,97,spread_ratio,1.0,1.0,1.0,174
quiet,control,ES,98,depth_ratio,1.0544091823160748,0.9097204443306594,1.3498666833473063,174
quiet,control,ES,98,spread_ratio,1.0,1.0,1.0,174
quiet,control,ES,99,depth_ratio,1.1021319135928789,0.9291764828827025,1.3444752333555625,174
quiet,control,ES,99,spread_ratio,1.0,1.0,1.0,174
quiet,control,ES,100,depth_ratio,1.1202588238638114,0.9428108969128259,1.3520938526743274,174
quiet,control,ES,100,spread_ratio,1.0,1.0,1.0,174
quiet,control,ES,101,depth_ratio,1.1318696905634478,0.9413619907553514,1.3458992772934812,174
quiet,control,ES,101,spread_ratio,1.0,1.0,1.0,174
quiet,control,ES,102,depth_ratio,1.117250390618703,0.9208066723921735,1.3081237028981427,174
quiet,control,ES,102,spread_ratio,1.0,1.0,1.0,174
quiet,control,ES,103,depth_ratio,1.130460343703113,0.928638661538195,1.3528949197311921,174
quiet,control,ES,103,spread_ratio,1.0,1.0,1.0,174
quiet,control,ES,104,depth_ratio,1.1203719651635016,0.9577317099964104,1.364649970655712,174
quiet,control,ES,104,spread_ratio,1.0,1.0,1.0,174
quiet,control,ES,105,depth_ratio,1.117436380002751,0.933032515799868,1.3823962280647346,174
quiet,control,ES,105,spread_ratio,1.0,1.0,1.0,174
quiet,control,ES,106,depth_ratio,1.1105424818100493,0.9439291861714723,1.3746426080194083,174
quiet,control,ES,106,spread_ratio,1.0,1.0,1.0,174
quiet,control,ES,107,depth_ratio,1.0889202565926053,0.9208098283001582,1.4113655617830823,174
quiet,control,ES,107,spread_ratio,1.0,1.0,1.0,174
quiet,control,ES,108,depth_ratio,1.1128814844725554,0.9282175394931034,1.3677645721666947,174
quiet,control,ES,108,spread_ratio,1.0,1.0,1.0,174
quiet,control,ES,109,depth_ratio,1.1221180328032436,0.8560404649495449,1.3357755990814346,174
quiet,control,ES,109,spread_ratio,1.0,1.0,1.0,174
quiet,control,ES,110,depth_ratio,1.0604379281420384,0.8258950738133543,1.3128691451386711,174
quiet,control,ES,110,spread_ratio,1.0,1.0,1.0,174
quiet,control,ES,111,depth_ratio,1.1968475267100511,0.9364703744187605,1.4519051428183811,174
quiet,control,ES,111,spread_ratio,1.0,1.0,1.0,174
quiet,control,ES,112,depth_ratio,1.2418375798805874,0.9934190154575799,1.4895512326656395,174
quiet,control,ES,112,spread_ratio,1.0,1.0,1.0,174
quiet,control,ES,113,depth_ratio,1.2646153577112078,1.039087287051491,1.5364920983272046,174
quiet,control,ES,113,spread_ratio,1.0,1.0,1.0,174
quiet,control,ES,114,depth_ratio,1.3098489483945905,1.0451468476274588,1.5715988018410776,174
quiet,control,ES,114,spread_ratio,1.0,1.0,1.0,174
quiet,control,ES,115,depth_ratio,1.3509596574282874,1.0963222674842867,1.7034133901226467,174
quiet,control,ES,115,spread_ratio,1.0,1.0,1.0,174
quiet,control,ES,116,depth_ratio,1.5775340220737024,1.2753039660163927,1.9601185745720016,174
quiet,control,ES,116,spread_ratio,1.0,1.0,1.0,174
quiet,control,ES,117,depth_ratio,1.6642235944536643,1.3557556320062,2.058739306232326,174
quiet,control,ES,117,spread_ratio,1.0,1.0,1.0,174
quiet,control,ES,118,depth_ratio,2.02427035702942,1.576406435216914,2.515826570815749,174
quiet,control,ES,118,spread_ratio,1.0,1.0,1.0,174
quiet,control,ES,119,depth_ratio,2.718191738451755,2.2152758658221634,3.4045699693362304,174
quiet,control,ES,119,spread_ratio,1.0,1.0,1.0,174
quiet,control,NQ,-30,depth_ratio,0.9879265471370735,0.9121784786506165,1.0572755417956656,174
quiet,control,NQ,-30,spread_ratio,1.0,1.0,1.0,174
quiet,control,NQ,-29,depth_ratio,0.9836065573770493,0.9146542672866357,1.0572290684111771,174
quiet,control,NQ,-29,spread_ratio,1.0,1.0,1.0,174
quiet,control,NQ,-28,depth_ratio,1.0044207420635305,0.9162115550445531,1.0714285714285714,174
quiet,control,NQ,-28,spread_ratio,1.0,1.0,1.0,174
quiet,control,NQ,-27,depth_ratio,0.9875762067229711,0.91991833030853,1.053892719017992,174
quiet,control,NQ,-27,spread_ratio,1.0,1.0,1.0,174
quiet,control,NQ,-26,depth_ratio,0.9875762067229711,0.9338706806619236,1.0637305493807558,174
quiet,control,NQ,-26,spread_ratio,1.0,1.0,1.0,174
quiet,control,NQ,-25,depth_ratio,0.9951429333570445,0.9191629568148092,1.0637978211947627,174
quiet,control,NQ,-25,spread_ratio,1.0,1.0,1.0,174
quiet,control,NQ,-24,depth_ratio,0.9875762067229711,0.9281343531759229,1.0714285714285714,174
quiet,control,NQ,-24,spread_ratio,1.0,1.0,1.0,174
quiet,control,NQ,-23,depth_ratio,0.9930122711336191,0.9332238005696945,1.0483411936900309,174
quiet,control,NQ,-23,spread_ratio,1.0,1.0,1.0,174
quiet,control,NQ,-22,depth_ratio,1.0,0.9309280071213976,1.0714285714285714,174
quiet,control,NQ,-22,spread_ratio,1.0,1.0,1.0,174
quiet,control,NQ,-21,depth_ratio,1.0,0.9312776548672567,1.0714285714285714,174
quiet,control,NQ,-21,spread_ratio,1.0,1.0,1.0,174
quiet,control,NQ,-20,depth_ratio,0.986842105263158,0.9149634957896323,1.0572755417956656,174
quiet,control,NQ,-20,spread_ratio,1.0,1.0,1.0,174
quiet,control,NQ,-19,depth_ratio,0.9942255208680024,0.9306289640591966,1.0714285714285714,174
quiet,control,NQ,-19,spread_ratio,1.0,1.0,1.0,174
quiet,control,NQ,-18,depth_ratio,0.9861217825585863,0.9100790513833993,1.0636203719215949,174
quiet,control,NQ,-18,spread_ratio,1.0,1.0,1.0,174
quiet,control,NQ,-17,depth_ratio,0.9828323017978191,0.8986772851525033,1.0638297872340425,174
quiet,control,NQ,-17,spread_ratio,1.0,1.0,1.0,174
quiet,control,NQ,-16,depth_ratio,0.9836065573770493,0.9049835706462213,1.0619469026548674,174
quiet,control,NQ,-16,spread_ratio,1.0,1.0,1.0,174
quiet,control,NQ,-15,depth_ratio,0.9919717605897789,0.888094857872884,1.0755494505494505,174
quiet,control,NQ,-15,spread_ratio,1.0,1.0,1.0,174
quiet,control,NQ,-14,depth_ratio,1.0,0.9210526315789475,1.0907255597699743,174
quiet,control,NQ,-14,spread_ratio,1.0,1.0,1.0,174
quiet,control,NQ,-13,depth_ratio,0.9828747072599533,0.9008320126782885,1.0633590660892487,174
quiet,control,NQ,-13,spread_ratio,1.0,1.0,1.0,174
quiet,control,NQ,-12,depth_ratio,0.9936766935290833,0.9153061224489796,1.1065573770491803,174
quiet,control,NQ,-12,spread_ratio,1.0,1.0,1.0,174
quiet,control,NQ,-11,depth_ratio,0.9971590909090908,0.9106401417650787,1.088800374882849,174
quiet,control,NQ,-11,spread_ratio,1.0,1.0,1.0,174
quiet,control,NQ,-10,depth_ratio,0.9854014598540146,0.8866296403564066,1.0832530120481927,174
quiet,control,NQ,-10,spread_ratio,1.0,1.0,1.0,174
quiet,control,NQ,-9,depth_ratio,0.9863787991104522,0.8894389438943894,1.0879079886005163,174
quiet,control,NQ,-9,spread_ratio,1.0,1.0,1.0,174
quiet,control,NQ,-8,depth_ratio,0.9957381713796489,0.9113931067331302,1.0785966071821989,174
quiet,control,NQ,-8,spread_ratio,1.0,1.0,1.0,174
quiet,control,NQ,-7,depth_ratio,0.9852243313201037,0.8884402572154928,1.095066713483146,174
quiet,control,NQ,-7,spread_ratio,1.0,1.0,1.0,174
quiet,control,NQ,-6,depth_ratio,0.9863787991104522,0.8839869281045751,1.078219533275713,174
quiet,control,NQ,-6,spread_ratio,1.0,1.0,1.0,174
quiet,control,NQ,-5,depth_ratio,0.9901097943534334,0.8929353264948712,1.0909090909090908,174
quiet,control,NQ,-5,spread_ratio,1.0,1.0,1.0,174
quiet,control,NQ,-4,depth_ratio,1.0026455026455028,0.894877408056042,1.0853183542372142,174
quiet,control,NQ,-4,spread_ratio,1.0,1.0,1.0,174
quiet,control,NQ,-3,depth_ratio,1.002092050209205,0.9082654633502091,1.0922636965683323,174
quiet,control,NQ,-3,spread_ratio,1.0,1.0,1.0,174
quiet,control,NQ,-2,depth_ratio,1.0,0.9210526315789475,1.1025117777923183,174
quiet,control,NQ,-2,spread_ratio,1.0,1.0,1.0,174
quiet,control,NQ,-1,depth_ratio,1.007462686567164,0.9090909090909091,1.0843373493975903,174
quiet,control,NQ,-1,spread_ratio,1.0,1.0,1.0,174
quiet,control,NQ,0,depth_ratio,0.9861217825585863,0.9090909090909091,1.0625839565785653,174
quiet,control,NQ,0,spread_ratio,1.0,1.0,1.0,174
quiet,control,NQ,1,depth_ratio,0.9836065573770493,0.8909305736636246,1.1032309158339344,174
quiet,control,NQ,1,spread_ratio,1.0,1.0,1.0,174
quiet,control,NQ,2,depth_ratio,0.9809337134711333,0.8914836754663777,1.0762873490146216,174
quiet,control,NQ,2,spread_ratio,1.0,1.0,1.0,174
quiet,control,NQ,3,depth_ratio,0.9836065573770493,0.8869412886640683,1.0764036097147356,174
quiet,control,NQ,3,spread_ratio,1.0,1.0,1.0,174
quiet,control,NQ,4,depth_ratio,0.9930523780854907,0.9036144578313253,1.0922636965683323,174
quiet,control,NQ,4,spread_ratio,1.0,1.0,1.0,174
quiet,control,NQ,5,depth_ratio,0.9861217825585863,0.8966417910447761,1.0935918522267207,174
quiet,control,NQ,5,spread_ratio,1.0,1.0,1.0,174
quiet,control,NQ,6,depth_ratio,0.9836065573770493,0.8875299349982894,1.0808108108108105,174
quiet,control,NQ,6,spread_ratio,1.0,1.0,1.0,174
quiet,control,NQ,7,depth_ratio,0.9933774834437087,0.8975454055026075,1.0930168646271818,174
quiet,control,NQ,7,spread_ratio,1.0,1.0,1.0,174
quiet,control,NQ,8,depth_ratio,0.9926470588235294,0.8957550265497285,1.0785832872163807,174
quiet,control,NQ,8,spread_ratio,1.0,1.0,1.0,174
quiet,control,NQ,9,depth_ratio,0.9756493506493507,0.8966278819219995,1.0714285714285714,174
quiet,control,NQ,9,spread_ratio,1.0,1.0,1.0,174
quiet,control,NQ,10,depth_ratio,0.9836065573770493,0.8795840511936992,1.0672251049145516,174
quiet,control,NQ,10,spread_ratio,1.0,1.0,1.0,174
quiet,control,NQ,11,depth_ratio,0.9840168493225625,0.8870145891439605,1.0714285714285714,174
quiet,control,NQ,11,spread_ratio,1.0,1.0,1.0,174
quiet,control,NQ,12,depth_ratio,0.9887040714995035,0.8823529411764706,1.0808108108108105,174
quiet,control,NQ,12,spread_ratio,1.0,1.0,1.0,174
quiet,control,NQ,13,depth_ratio,0.9961122950646719,0.8891242937853108,1.092524929588186,174
quiet,control,NQ,13,spread_ratio,1.0,1.0,1.0,174
quiet,control,NQ,14,depth_ratio,0.9894381729593167,0.8800709939148074,1.0935918522267207,174
quiet,control,NQ,14,spread_ratio,1.0,1.0,1.0,174
quiet,control,NQ,15,depth_ratio,0.9933774834437087,0.9100790513833992,1.0935918522267207,174
quiet,control,NQ,15,spread_ratio,1.0,1.0,1.0,174
quiet,control,NQ,16,depth_ratio,1.009819658200359,0.8874170896987692,1.1355187995566545,174
quiet,control,NQ,16,spread_ratio,1.0,1.0,1.0,174
quiet,control,NQ,17,depth_ratio,1.0,0.8929353264948712,1.0934913079470199,174
quiet,control,NQ,17,spread_ratio,1.0,1.0,1.0,174
quiet,control,NQ,18,depth_ratio,1.018183314135264,0.9411091675851824,1.1099726775956285,174
quiet,control,NQ,18,spread_ratio,1.0,1.0,1.0,174
quiet,control,NQ,19,depth_ratio,1.0112359550561798,0.9141699461690143,1.1173300165837479,174
quiet,control,NQ,19,spread_ratio,1.0,1.0,1.0,174
quiet,control,NQ,20,depth_ratio,1.010700569650072,0.915315395580898,1.1167608286252353,174
quiet,control,NQ,20,spread_ratio,1.0,1.0,1.0,174
quiet,control,NQ,21,depth_ratio,1.0,0.8937580050709674,1.098201394513505,174
quiet,control,NQ,21,spread_ratio,1.0,1.0,1.0,174
quiet,control,NQ,22,depth_ratio,0.9854014598540146,0.9030235615330165,1.0843373493975903,174
quiet,control,NQ,22,spread_ratio,1.0,1.0,1.0,174
quiet,control,NQ,23,depth_ratio,1.002760273297389,0.8912898046561413,1.096594865429445,174
quiet,control,NQ,23,spread_ratio,1.0,1.0,1.0,174
quiet,control,NQ,24,depth_ratio,1.0129636133209141,0.8891242937853108,1.1200802233844518,174
quiet,control,NQ,24,spread_ratio,1.0,1.0,1.0,174
quiet,control,NQ,25,depth_ratio,1.0,0.8834395827296435,1.109831029185868,174
quiet,control,NQ,25,spread_ratio,1.0,1.0,1.0,174
quiet,control,NQ,26,depth_ratio,0.9930122711336191,0.8760354301648487,1.1061437135516496,174
quiet,control,NQ,26,spread_ratio,1.0,1.0,1.0,174
quiet,control,NQ,27,depth_ratio,0.9936766935290833,0.8863357083571375,1.1029411764705883,174
quiet,control,NQ,27,spread_ratio,1.0,1.0,1.0,174
quiet,control,NQ,28,depth_ratio,0.9836065573770493,0.8759124087591241,1.1090686274509804,174
quiet,control,NQ,28,spread_ratio,1.0,1.0,1.0,174
quiet,control,NQ,29,depth_ratio,0.9854014598540146,0.8975454055026075,1.082125940373363,174
quiet,control,NQ,29,spread_ratio,1.0,1.0,1.0,174
quiet,control,NQ,30,depth_ratio,0.9973045070427023,0.8935234541577826,1.0935918522267207,174
quiet,control,NQ,30,spread_ratio,1.0,1.0,1.0,174
quiet,control,NQ,31,depth_ratio,0.9836065573770493,0.8737864077669903,1.1099439775910365,174
quiet,control,NQ,31,spread_ratio,1.0,1.0,1.0,174
quiet,control,NQ,32,depth_ratio,0.984081270966517,0.8913875712330075,1.1100861008610088,174
quiet,control,NQ,32,spread_ratio,1.0,1.0,1.0,174
quiet,control,NQ,33,depth_ratio,1.0123747342848466,0.9212364010585123,1.1194236630645609,174
quiet,control,NQ,33,spread_ratio,1.0,1.0,1.0,174
quiet,control,NQ,34,depth_ratio,1.0037313432835822,0.8892473118279569,1.1239697802197801,174
quiet,control,NQ,34,spread_ratio,1.0,1.0,1.0,174
quiet,control,NQ,35,depth_ratio,1.0142433681672025,0.8944103983394287,1.1252264688120093,174
quiet,control,NQ,35,spread_ratio,1.0,1.0,1.0,174
quiet,control,NQ,36,depth_ratio,1.0135135135135134,0.8955223880597015,1.1284643343934575,174
quiet,control,NQ,36,spread_ratio,1.0,1.0,1.0,174
quiet,control,NQ,37,depth_ratio,1.042572463768116,0.8942716584674394,1.1678855125457068,174
quiet,control,NQ,37,spread_ratio,1.0,1.0,1.0,174
quiet,control,NQ,38,depth_ratio,1.0225292506845904,0.8918918918918919,1.1427388836329233,174
quiet,control,NQ,38,spread_ratio,1.0,1.0,1.0,174
quiet,control,NQ,39,depth_ratio,0.9893894716488616,0.8623994784733493,1.128024193548387,174
quiet,control,NQ,39,spread_ratio,1.0,1.0,1.0,174
quiet,control,NQ,40,depth_ratio,1.0037313432835822,0.8894389438943894,1.1471725916375024,174
quiet,control,NQ,40,spread_ratio,1.0,1.0,1.0,174
quiet,control,NQ,41,depth_ratio,0.9887040714995035,0.8921974286980937,1.1545422205858937,174
quiet,control,NQ,41,spread_ratio,1.0,1.0,1.0,174
quiet,control,NQ,42,depth_ratio,1.009928322355676,0.9109848484848484,1.1134920634920635,174
quiet,control,NQ,42,spread_ratio,1.0,1.0,1.0,174
quiet,control,NQ,43,depth_ratio,1.0334655681009055,0.8823529411764706,1.1797752808988764,174
quiet,control,NQ,43,spread_ratio,1.0,1.0,1.0,174
quiet,control,NQ,44,depth_ratio,1.018183314135264,0.890547263681592,1.1993373031117942,174
quiet,control,NQ,44,spread_ratio,1.0,1.0,1.0,174
quiet,control,NQ,45,depth_ratio,1.0123747342848466,0.8966278819219995,1.1797752808988764,174
quiet,control,NQ,45,spread_ratio,1.0,1.0,1.0,174
quiet,control,NQ,46,depth_ratio,1.0169491525423728,0.8800709939148074,1.1122119815668203,174
quiet,control,NQ,46,spread_ratio,1.0,1.0,1.0,174
quiet,control,NQ,47,depth_ratio,1.015231333027943,0.8955223880597015,1.147420443587271,174
quiet,control,NQ,47,spread_ratio,1.0,1.0,1.0,174
quiet,control,NQ,48,depth_ratio,1.0284045124899275,0.9033996524926966,1.1119032530629487,174
quiet,control,NQ,48,spread_ratio,1.0,1.0,1.0,174
quiet,control,NQ,49,depth_ratio,1.0169491525423728,0.8983167082294263,1.1519014693171998,174
quiet,control,NQ,49,spread_ratio,1.0,1.0,1.0,174
quiet,control,NQ,50,depth_ratio,1.0235120664235275,0.9089663582319174,1.1400691699604741,174
quiet,control,NQ,50,spread_ratio,1.0,1.0,1.0,174
quiet,control,NQ,51,depth_ratio,1.0022321428571428,0.8992203226872577,1.1266403884055185,174
quiet,control,NQ,51,spread_ratio,1.0,1.0,1.0,174
quiet,control,NQ,52,depth_ratio,1.015231333027943,0.8924288526937534,1.1492545838807335,174
quiet,control,NQ,52,spread_ratio,1.0,1.0,1.0,174
quiet,control,NQ,53,depth_ratio,0.9871226366207193,0.8614918032786886,1.1185456742545479,174
quiet,control,NQ,53,spread_ratio,1.0,1.0,1.0,174
quiet,control,NQ,54,depth_ratio,1.0122524769249535,0.8921332046332047,1.1379355343860107,174
quiet,control,NQ,54,spread_ratio,1.0,1.0,1.0,174
quiet,control,NQ,55,depth_ratio,1.0123747342848466,0.9049835706462213,1.175529135092762,174
quiet,control,NQ,55,spread_ratio,1.0,1.0,1.0,174
quiet,control,NQ,56,depth_ratio,1.018183314135264,0.8660232558139536,1.1561823147189,174
quiet,control,NQ,56,spread_ratio,1.0,1.0,1.0,174
quiet,control,NQ,57,depth_ratio,0.9856584764058806,0.8894389438943894,1.1067559984355606,174
quiet,control,NQ,57,spread_ratio,1.0,1.0,1.0,174
quiet,control,NQ,58,depth_ratio,0.9969879518072289,0.8823529411764706,1.1335343318420543,174
quiet,control,NQ,58,spread_ratio,1.0,1.0,1.0,174
quiet,control,NQ,59,depth_ratio,1.0037313432835822,0.861319141408185,1.1342530264518353,174
quiet,control,NQ,59,spread_ratio,1.0,1.0,1.0,174
quiet,control,NQ,60,depth_ratio,0.9981549815498155,0.8877969077695947,1.1326322436489047,174
quiet,control,NQ,60,spread_ratio,1.0,1.0,1.0,174
quiet,control,NQ,61,depth_ratio,0.9926470588235294,0.8683367071524967,1.103657372039725,174
quiet,control,NQ,61,spread_ratio,1.0,1.0,1.0,174
quiet,control,NQ,62,depth_ratio,0.986842105263158,0.8658014673188084,1.0953518412203722,174
quiet,control,NQ,62,spread_ratio,1.0,1.0,1.0,174
quiet,control,NQ,63,depth_ratio,0.9861217825585863,0.8759280411193604,1.1458895606175106,174
quiet,control,NQ,63,spread_ratio,1.0,1.0,1.0,174
quiet,control,NQ,64,depth_ratio,1.0112359550561798,0.8912898046561413,1.1481292650403954,174
quiet,control,NQ,64,spread_ratio,1.0,1.0,1.0,174
quiet,control,NQ,65,depth_ratio,1.0162870762711864,0.8845369831100757,1.1311296558588217,174
quiet,control,NQ,65,spread_ratio,1.0,1.0,1.0,174
quiet,control,NQ,66,depth_ratio,1.0169491525423728,0.8606557377049181,1.1495825992113433,174
quiet,control,NQ,66,spread_ratio,1.0,1.0,1.0,174
quiet,control,NQ,67,depth_ratio,1.0140925537992764,0.9100790513833992,1.0956404359564043,174
quiet,control,NQ,67,spread_ratio,1.0,1.0,1.0,174
quiet,control,NQ,68,depth_ratio,1.0112359550561798,0.8953975261922282,1.1097152428810722,174
quiet,control,NQ,68,spread_ratio,1.0,1.0,1.0,174
quiet,control,NQ,69,depth_ratio,0.996083414845341,0.8931527909176916,1.0931174089068827,174
quiet,control,NQ,69,spread_ratio,1.0,1.0,1.0,174
quiet,control,NQ,70,depth_ratio,0.9981549815498155,0.8931527909176916,1.1006433823529411,174
quiet,control,NQ,70,spread_ratio,1.0,1.0,1.0,174
quiet,control,NQ,71,depth_ratio,1.0084419758542416,0.9049835706462213,1.1285661010628378,174
quiet,control,NQ,71,spread_ratio,1.0,1.0,1.0,174
quiet,control,NQ,72,depth_ratio,1.0032467532467533,0.8834395827296436,1.1017874723111003,174
quiet,control,NQ,72,spread_ratio,1.0,1.0,1.0,174
quiet,control,NQ,73,depth_ratio,0.9950251796802425,0.8944103983394287,1.1111111111111112,174
quiet,control,NQ,73,spread_ratio,1.0,1.0,1.0,174
quiet,control,NQ,74,depth_ratio,0.9863787991104522,0.875228102189781,1.109831029185868,174
quiet,control,NQ,74,spread_ratio,1.0,1.0,1.0,174
quiet,control,NQ,75,depth_ratio,1.026601855943438,0.8883406432748538,1.1122119815668203,174
quiet,control,NQ,75,spread_ratio,1.0,1.0,1.0,174
quiet,control,NQ,76,depth_ratio,1.0221494741241206,0.8940397350993378,1.1134920634920635,174
quiet,control,NQ,76,spread_ratio,1.0,1.0,1.0,174
quiet,control,NQ,77,depth_ratio,1.0047375528547078,0.8833556149732621,1.1307467446186554,174
quiet,control,NQ,77,spread_ratio,1.0,1.0,1.0,174
quiet,control,NQ,78,depth_ratio,0.986842105263158,0.8639430284857572,1.146225925049492,174
quiet,control,NQ,78,spread_ratio,1.0,1.0,1.0,174
quiet,control,NQ,79,depth_ratio,0.9917986983104332,0.8644693996827253,1.1285303347280333,174
quiet,control,NQ,79,spread_ratio,1.0,1.0,1.0,174
quiet,control,NQ,80,depth_ratio,1.0273972602739727,0.9090909090909091,1.164484082185595,174
quiet,control,NQ,80,spread_ratio,1.0,1.0,1.0,174
quiet,control,NQ,81,depth_ratio,1.0162870762711864,0.9100790513833993,1.1633084665905198,174
quiet,control,NQ,81,spread_ratio,1.0,1.0,1.0,174
quiet,control,NQ,82,depth_ratio,1.0140925537992764,0.9147139474012215,1.1408721883949176,174
quiet,control,NQ,82,spread_ratio,1.0,1.0,1.0,174
quiet,control,NQ,83,depth_ratio,0.9987124953144608,0.9090909090909091,1.125052978189287,174
quiet,control,NQ,83,spread_ratio,1.0,1.0,1.0,174
quiet,control,NQ,84,depth_ratio,1.040033194070852,0.897934894493052,1.1810739572110207,174
quiet,control,NQ,84,spread_ratio,1.0,1.0,1.0,174
quiet,control,NQ,85,depth_ratio,1.0344827586206897,0.8697507048523521,1.158231296952648,174
quiet,control,NQ,85,spread_ratio,1.0,1.0,1.0,174
quiet,control,NQ,86,depth_ratio,1.0169491525423728,0.9100790513833992,1.153846153846154,174
quiet,control,NQ,86,spread_ratio,1.0,1.0,1.0,174
quiet,control,NQ,87,depth_ratio,1.0250622665006226,0.9178565753331366,1.164484082185595,174
quiet,control,NQ,87,spread_ratio,1.0,1.0,1.0,174
quiet,control,NQ,88,depth_ratio,1.0112359550561798,0.8683122731549939,1.1300295179687052,174
quiet,control,NQ,88,spread_ratio,1.0,1.0,1.0,174
quiet,control,NQ,89,depth_ratio,1.0169491525423728,0.8935234541577826,1.157622191849385,174
quiet,control,NQ,89,spread_ratio,1.0,1.0,1.0,174
quiet,control,NQ,90,depth_ratio,1.030940009447331,0.9090909090909091,1.1787503795930763,174
quiet,control,NQ,90,spread_ratio,1.0,1.0,1.0,174
quiet,control,NQ,91,depth_ratio,1.0199128194967306,0.9137769447047798,1.1562301335028609,174
quiet,control,NQ,91,spread_ratio,1.0,1.0,1.0,174
quiet,control,NQ,92,depth_ratio,1.0339366515837105,0.9213222605694565,1.2008189262966333,174
quiet,control,NQ,92,spread_ratio,1.0,1.0,1.0,174
quiet,control,NQ,93,depth_ratio,1.0321667524446734,0.8931065442936952,1.1749338624338626,174
quiet,control,NQ,93,spread_ratio,1.0,1.0,1.0,174
quiet,control,NQ,94,depth_ratio,1.0287740070214086,0.9242664551942903,1.1760619428779333,174
quiet,control,NQ,94,spread_ratio,1.0,1.0,1.0,174
quiet,control,NQ,95,depth_ratio,1.0394619831036016,0.9231505102040817,1.1417410714285714,174
quiet,control,NQ,95,spread_ratio,1.0,1.0,1.0,174
quiet,control,NQ,96,depth_ratio,1.0123747342848466,0.8921332046332047,1.1672867260862647,174
quiet,control,NQ,96,spread_ratio,1.0,1.0,1.0,174
quiet,control,NQ,97,depth_ratio,1.0247659053119804,0.9091424682395645,1.1714400736139865,174
quiet,control,NQ,97,spread_ratio,1.0,1.0,1.0,174
quiet,control,NQ,98,depth_ratio,1.031658249509579,0.8920765027322404,1.164484082185595,174
quiet,control,NQ,98,spread_ratio,1.0,1.0,1.0,174
quiet,control,NQ,99,depth_ratio,1.0169491525423728,0.8991579456879142,1.1760935965964874,174
quiet,control,NQ,99,spread_ratio,1.0,1.0,1.0,174
quiet,control,NQ,100,depth_ratio,1.018183314135264,0.8887722772277228,1.1920529801324504,174
quiet,control,NQ,100,spread_ratio,1.0,1.0,1.0,174
quiet,control,NQ,101,depth_ratio,1.0410645472061657,0.9114100185528756,1.1836124401913877,174
quiet,control,NQ,101,spread_ratio,1.0,1.0,1.0,174
quiet,control,NQ,102,depth_ratio,1.0169491525423728,0.9309280071213976,1.166245270197942,174
quiet,control,NQ,102,spread_ratio,1.0,1.0,1.0,174
quiet,control,NQ,103,depth_ratio,1.044387214058476,0.9198106862287908,1.1816361556064074,174
quiet,control,NQ,103,spread_ratio,1.0,1.0,1.0,174
quiet,control,NQ,104,depth_ratio,1.023774327887282,0.8762325521833781,1.153846153846154,174
quiet,control,NQ,104,spread_ratio,1.0,1.0,1.0,174
quiet,control,NQ,105,depth_ratio,0.9819993571198973,0.8455422966387605,1.1246334045403528,174
quiet,control,NQ,105,spread_ratio,1.0,1.0,1.0,174
quiet,control,NQ,106,depth_ratio,0.9761434217955957,0.8371777003484321,1.1289704755731038,174
quiet,control,NQ,106,spread_ratio,1.0,1.0,1.0,174
quiet,control,NQ,107,depth_ratio,0.9734994734994734,0.835,1.1428571428571428,174
quiet,control,NQ,107,spread_ratio,1.0,1.0,1.0,174
quiet,control,NQ,108,depth_ratio,0.9836065573770493,0.8372641509433962,1.1560046951801042,174
quiet,control,NQ,108,spread_ratio,1.0,1.0,1.0,174
quiet,control,NQ,109,depth_ratio,0.986842105263158,0.8035714285714286,1.2160877281947262,174
quiet,control,NQ,109,spread_ratio,1.0,1.0,1.0,174
quiet,control,NQ,110,depth_ratio,0.9437524202917258,0.7702220459952419,1.1416256157635467,174
quiet,control,NQ,110,spread_ratio,1.0,1.0,1.0,174
quiet,control,NQ,111,depth_ratio,1.0130858706808072,0.8931527909176916,1.2439832894378349,174
quiet,control,NQ,111,spread_ratio,1.0,1.0,1.0,174
quiet,control,NQ,112,depth_ratio,1.0169491525423728,0.8823529411764706,1.2692823608316566,174
quiet,control,NQ,112,spread_ratio,1.0,1.0,1.0,174
quiet,control,NQ,113,depth_ratio,1.038235159921522,0.9001938352780207,1.292573487846241,174
quiet,control,NQ,113,spread_ratio,1.0,1.0,1.0,174
quiet,control,NQ,114,depth_ratio,1.0801088858642816,0.8944103983394287,1.3396140986347174,174
quiet,control,NQ,114,spread_ratio,1.0,1.0,1.0,174
quiet,control,NQ,115,depth_ratio,1.0486690728626211,0.8975454055026075,1.3783374951978487,174
quiet,control,NQ,115,spread_ratio,1.0,1.0,1.0,174
quiet,control,NQ,116,depth_ratio,1.1367639961389961,0.96,1.439617083946981,174
quiet,control,NQ,116,spread_ratio,1.0,1.0,1.0,174
quiet,control,NQ,117,depth_ratio,1.1724119122940984,0.9836065573770493,1.5163480781883978,174
quiet,control,NQ,117,spread_ratio,1.0,1.0,1.0,174
quiet,control,NQ,118,depth_ratio,1.2719568567026194,1.0112359550561798,1.7072623797593642,174
quiet,control,NQ,118,spread_ratio,1.0,0.983695652173913,1.0,174
quiet,control,NQ,119,depth_ratio,1.3268954297820823,1.1037035782054758,1.7504995004995005,174
quiet,control,NQ,119,spread_ratio,1.0,0.8333333333333334,1.0,174
quiet,control,ZN,-30,depth_ratio,0.9708586562524467,0.8858244741273307,1.0864458669776724,174
quiet,control,ZN,-30,spread_ratio,1.0,1.0,1.0,174
quiet,control,ZN,-29,depth_ratio,0.9688382445278939,0.8831018124575484,1.06250006345744,174
quiet,control,ZN,-29,spread_ratio,1.0,1.0,1.0,174
quiet,control,ZN,-28,depth_ratio,0.9733480556820955,0.8838075893369952,1.0813732386411918,174
quiet,control,ZN,-28,spread_ratio,1.0,1.0,1.0,174
quiet,control,ZN,-27,depth_ratio,0.9736703722314005,0.8916852901317408,1.0364618673212096,174
quiet,control,ZN,-27,spread_ratio,1.0,1.0,1.0,174
quiet,control,ZN,-26,depth_ratio,0.9823079336858531,0.888169451696349,1.0549854016679348,174
quiet,control,ZN,-26,spread_ratio,1.0,1.0,1.0,174
quiet,control,ZN,-25,depth_ratio,0.9765090871787943,0.9127716984704709,1.0520618394916934,174
quiet,control,ZN,-25,spread_ratio,1.0,1.0,1.0,174
quiet,control,ZN,-24,depth_ratio,0.968529698527594,0.9155917105365898,1.039340935676731,174
quiet,control,ZN,-24,spread_ratio,1.0,1.0,1.0,174
quiet,control,ZN,-23,depth_ratio,0.977733125204871,0.9245537147824214,1.0655112405375269,174
quiet,control,ZN,-23,spread_ratio,1.0,1.0,1.0,174
quiet,control,ZN,-22,depth_ratio,0.9972740079359544,0.9423483716260188,1.077563227766924,174
quiet,control,ZN,-22,spread_ratio,1.0,1.0,1.0,174
quiet,control,ZN,-21,depth_ratio,0.988713375439508,0.9325495283697892,1.0746620796046296,174
quiet,control,ZN,-21,spread_ratio,1.0,1.0,1.0,174
quiet,control,ZN,-20,depth_ratio,0.9980904011923782,0.9236569572966337,1.0828963211537197,174
quiet,control,ZN,-20,spread_ratio,1.0,1.0,1.0,174
quiet,control,ZN,-19,depth_ratio,0.9998236233533072,0.9307607910972935,1.0772563717370258,174
quiet,control,ZN,-19,spread_ratio,1.0,1.0,1.0,174
quiet,control,ZN,-18,depth_ratio,0.9894917147960548,0.9245719684131128,1.1032951454668867,174
quiet,control,ZN,-18,spread_ratio,1.0,1.0,1.0,174
quiet,control,ZN,-17,depth_ratio,0.9956203139158566,0.9193976468584043,1.0908801627983036,174
quiet,control,ZN,-17,spread_ratio,1.0,1.0,1.0,174
quiet,control,ZN,-16,depth_ratio,0.9966118402876285,0.9314074160944714,1.0881928992249619,174
quiet,control,ZN,-16,spread_ratio,1.0,1.0,1.0,174
quiet,control,ZN,-15,depth_ratio,1.0067601328572506,0.9309168265917817,1.0943384710021862,174
quiet,control,ZN,-15,spread_ratio,1.0,1.0,1.0,174
quiet,control,ZN,-14,depth_ratio,1.0140953760364204,0.9222959417094732,1.118461444418021,174
quiet,control,ZN,-14,spread_ratio,1.0,1.0,1.0,174
quiet,control,ZN,-13,depth_ratio,1.010098118036188,0.9277118923402459,1.118374689500106,174
quiet,control,ZN,-13,spread_ratio,1.0,1.0,1.0,174
quiet,control,ZN,-12,depth_ratio,1.0007585612781789,0.9216256072114682,1.103275459080776,174
quiet,control,ZN,-12,spread_ratio,1.0,1.0,1.0,174
quiet,control,ZN,-11,depth_ratio,0.9932987457599858,0.8970836556867061,1.0970204494569484,174
quiet,control,ZN,-11,spread_ratio,1.0,1.0,1.0,174
quiet,control,ZN,-10,depth_ratio,0.9850226318466716,0.9135961853537374,1.1208747470344749,174
quiet,control,ZN,-10,spread_ratio,1.0,1.0,1.0,174
quiet,control,ZN,-9,depth_ratio,1.0036918497788205,0.8901462677307449,1.114525323084513,174
quiet,control,ZN,-9,spread_ratio,1.0,1.0,1.0,174
quiet,control,ZN,-8,depth_ratio,1.0091600486381989,0.8973849124600582,1.1224743370456367,174
quiet,control,ZN,-8,spread_ratio,1.0,1.0,1.0,174
quiet,control,ZN,-7,depth_ratio,0.9712524131087118,0.8831768992594435,1.1192590850406023,174
quiet,control,ZN,-7,spread_ratio,1.0,1.0,1.0,174
quiet,control,ZN,-6,depth_ratio,1.0148256053357447,0.8948237761447437,1.1143968452439328,174
quiet,control,ZN,-6,spread_ratio,1.0,1.0,1.0,174
quiet,control,ZN,-5,depth_ratio,1.015558758936256,0.8974512585858658,1.1470830748084337,174
quiet,control,ZN,-5,spread_ratio,1.0,1.0,1.0,174
quiet,control,ZN,-4,depth_ratio,1.0179496354572,0.921218672202179,1.144475574774227,174
quiet,control,ZN,-4,spread_ratio,1.0,1.0,1.0,174
quiet,control,ZN,-3,depth_ratio,1.01034400354358,0.9116618732244491,1.1675325478095417,174
quiet,control,ZN,-3,spread_ratio,1.0,1.0,1.0,174
quiet,control,ZN,-2,depth_ratio,1.008797399245603,0.9156788775157014,1.145050769048535,174
quiet,control,ZN,-2,spread_ratio,1.0,1.0,1.0,174
quiet,control,ZN,-1,depth_ratio,1.005240809714844,0.8856292983041232,1.1271011187524733,174
quiet,control,ZN,-1,spread_ratio,1.0,1.0,1.0,174
quiet,control,ZN,0,depth_ratio,1.01157483128484,0.8896480832074831,1.1261486072602236,174
quiet,control,ZN,0,spread_ratio,1.0,1.0,1.0,174
quiet,control,ZN,1,depth_ratio,1.0074543640291527,0.8934349281032599,1.1423015206070148,174
quiet,control,ZN,1,spread_ratio,1.0,1.0,1.0,174
quiet,control,ZN,2,depth_ratio,0.9985625355053445,0.8880472174566594,1.1539952346044307,174
quiet,control,ZN,2,spread_ratio,1.0,1.0,1.0,174
quiet,control,ZN,3,depth_ratio,0.9995564759209253,0.8952471961972607,1.1326282271281487,174
quiet,control,ZN,3,spread_ratio,1.0,1.0,1.0,174
quiet,control,ZN,4,depth_ratio,1.015119489504508,0.8742337433233275,1.1581437039076254,174
quiet,control,ZN,4,spread_ratio,1.0,1.0,1.0,174
quiet,control,ZN,5,depth_ratio,0.9944911741161562,0.8954322344209598,1.1408489426485817,174
quiet,control,ZN,5,spread_ratio,1.0,1.0,1.0,174
quiet,control,ZN,6,depth_ratio,1.0052087864099946,0.8918077521276926,1.1576596606691905,174
quiet,control,ZN,6,spread_ratio,1.0,1.0,1.0,174
quiet,control,ZN,7,depth_ratio,1.0120275292637753,0.890305579841154,1.1536584034579656,174
quiet,control,ZN,7,spread_ratio,1.0,1.0,1.0,174
quiet,control,ZN,8,depth_ratio,1.028541723004686,0.9120811437506333,1.1591221408107686,174
quiet,control,ZN,8,spread_ratio,1.0,1.0,1.0,174
quiet,control,ZN,9,depth_ratio,1.0615731388570433,0.9446003967045674,1.153615248831175,174
quiet,control,ZN,9,spread_ratio,1.0,1.0,1.0,174
quiet,control,ZN,10,depth_ratio,1.0433773324017874,0.9148147236548847,1.1741387876957519,174
quiet,control,ZN,10,spread_ratio,1.0,1.0,1.0,174
quiet,control,ZN,11,depth_ratio,1.0275351610154801,0.9228656632644,1.1812891764989306,174
quiet,control,ZN,11,spread_ratio,1.0,1.0,1.0,174
quiet,control,ZN,12,depth_ratio,1.0366377749034716,0.9099901015262193,1.2137756127590864,174
quiet,control,ZN,12,spread_ratio,1.0,1.0,1.0,174
quiet,control,ZN,13,depth_ratio,1.0261392878055875,0.9027338760310408,1.155092272869678,174
quiet,control,ZN,13,spread_ratio,1.0,1.0,1.0,174
quiet,control,ZN,14,depth_ratio,1.0262755026661114,0.8986295662390206,1.194134997846314,174
quiet,control,ZN,14,spread_ratio,1.0,1.0,1.0,174
quiet,control,ZN,15,depth_ratio,1.025891733188284,0.9022085230406919,1.1556054796612858,174
quiet,control,ZN,15,spread_ratio,1.0,1.0,1.0,174
quiet,control,ZN,16,depth_ratio,1.0303165532804863,0.9069120418742376,1.1653877565323292,174
quiet,control,ZN,16,spread_ratio,1.0,1.0,1.0,174
quiet,control,ZN,17,depth_ratio,1.044918307677792,0.9265516158644342,1.184599879999043,174
quiet,control,ZN,17,spread_ratio,1.0,1.0,1.0,174
quiet,control,ZN,18,depth_ratio,1.0288027220870035,0.9160083842092549,1.19395628204606,174
quiet,control,ZN,18,spread_ratio,1.0,1.0,1.0,174
quiet,control,ZN,19,depth_ratio,1.0364769320483824,0.9116886945420932,1.1812628826772205,174
quiet,control,ZN,19,spread_ratio,1.0,1.0,1.0,174
quiet,control,ZN,20,depth_ratio,1.0413276980650772,0.9148514719582891,1.2123605433979545,174
quiet,control,ZN,20,spread_ratio,1.0,1.0,1.0,174
quiet,control,ZN,21,depth_ratio,1.0709278336173838,0.9521445977156875,1.2073096263021519,174
quiet,control,ZN,21,spread_ratio,1.0,1.0,1.0,174
quiet,control,ZN,22,depth_ratio,1.0930718146909482,0.9610472669741615,1.2340366133383924,174
quiet,control,ZN,22,spread_ratio,1.0,1.0,1.0,174
quiet,control,ZN,23,depth_ratio,1.07592932739618,0.9479378571610801,1.2134946646664102,174
quiet,control,ZN,23,spread_ratio,1.0,1.0,1.0,174
quiet,control,ZN,24,depth_ratio,1.0685419198772856,0.9286280753559124,1.213230492659103,174
quiet,control,ZN,24,spread_ratio,1.0,1.0,1.0,174
quiet,control,ZN,25,depth_ratio,1.0720040777095257,0.9364291761008183,1.204463463527274,174
quiet,control,ZN,25,spread_ratio,1.0,1.0,1.0,174
quiet,control,ZN,26,depth_ratio,1.0575719273491218,0.9477573132528814,1.1774064303532445,174
quiet,control,ZN,26,spread_ratio,1.0,1.0,1.0,174
quiet,control,ZN,27,depth_ratio,1.0592195906306476,0.9328640467711882,1.18776082710815,174
quiet,control,ZN,27,spread_ratio,1.0,1.0,1.0,174
quiet,control,ZN,28,depth_ratio,1.0498674848322538,0.9392039914141794,1.1798020543306191,174
quiet,control,ZN,28,spread_ratio,1.0,1.0,1.0,174
quiet,control,ZN,29,depth_ratio,1.0454918041270274,0.934360620632738,1.1717733645889008,174
quiet,control,ZN,29,spread_ratio,1.0,1.0,1.0,174
quiet,control,ZN,30,depth_ratio,1.0598041301148766,0.949668024692973,1.1834055514957345,174
quiet,control,ZN,30,spread_ratio,1.0,1.0,1.0,174
quiet,control,ZN,31,depth_ratio,1.060225014525901,0.9550030883410863,1.2081120809565404,174
quiet,control,ZN,31,spread_ratio,1.0,1.0,1.0,174
quiet,control,ZN,32,depth_ratio,1.0509164456043854,0.9357732078148063,1.2706815901458688,174
quiet,control,ZN,32,spread_ratio,1.0,1.0,1.0,174
quiet,control,ZN,33,depth_ratio,1.0734771178048756,0.9391970497736437,1.2458171931496005,174
quiet,control,ZN,33,spread_ratio,1.0,1.0,1.0,174
quiet,control,ZN,34,depth_ratio,1.0794626896962094,0.9642609047584338,1.2645963477498954,174
quiet,control,ZN,34,spread_ratio,1.0,1.0,1.0,174
quiet,control,ZN,35,depth_ratio,1.090932653006011,0.9469397156053447,1.246738718779376,174
quiet,control,ZN,35,spread_ratio,1.0,1.0,1.0,174
quiet,control,ZN,36,depth_ratio,1.085485581023141,0.9511455969547942,1.2835444040041724,174
quiet,control,ZN,36,spread_ratio,1.0,1.0,1.0,174
quiet,control,ZN,37,depth_ratio,1.0982337243968439,0.9597304272176965,1.2898058284064198,174
quiet,control,ZN,37,spread_ratio,1.0,1.0,1.0,174
quiet,control,ZN,38,depth_ratio,1.1104916779001632,0.9618260738058027,1.2801315483124458,174
quiet,control,ZN,38,spread_ratio,1.0,1.0,1.0,174
quiet,control,ZN,39,depth_ratio,1.1053042223489102,0.9836385966991725,1.2603313787304071,174
quiet,control,ZN,39,spread_ratio,1.0,1.0,1.0,174
quiet,control,ZN,40,depth_ratio,1.1278589935262973,0.9846898292385894,1.308684887789749,174
quiet,control,ZN,40,spread_ratio,1.0,1.0,1.0,174
quiet,control,ZN,41,depth_ratio,1.1549161697229104,0.9815611501614773,1.3355889668250516,174
quiet,control,ZN,41,spread_ratio,1.0,1.0,1.0,174
quiet,control,ZN,42,depth_ratio,1.1338806054802137,0.9860744947833446,1.332624983250837,174
quiet,control,ZN,42,spread_ratio,1.0,1.0,1.0,174
quiet,control,ZN,43,depth_ratio,1.1237050586724147,0.980214152110551,1.3418371388864998,174
quiet,control,ZN,43,spread_ratio,1.0,1.0,1.0,174
quiet,control,ZN,44,depth_ratio,1.131378991335453,0.9748515396329467,1.3248999562982096,174
quiet,control,ZN,44,spread_ratio,1.0,1.0,1.0,174
quiet,control,ZN,45,depth_ratio,1.1636826654692534,1.0125598464455061,1.326182573701071,174
quiet,control,ZN,45,spread_ratio,1.0,1.0,1.0,174
quiet,control,ZN,46,depth_ratio,1.2179297255929398,1.064752600583777,1.3778529813805047,174
quiet,control,ZN,46,spread_ratio,1.0,1.0,1.0,174
quiet,control,ZN,47,depth_ratio,1.2115566373328215,1.0145428817335926,1.4124153612078933,174
quiet,control,ZN,47,spread_ratio,1.0,1.0,1.0,174
quiet,control,ZN,48,depth_ratio,1.2549777060531522,1.0416447609005648,1.4222344007777248,174
quiet,control,ZN,48,spread_ratio,1.0,1.0,1.0,174
quiet,control,ZN,49,depth_ratio,1.26368175162971,1.0854212601946132,1.5118576738355576,174
quiet,control,ZN,49,spread_ratio,1.0,1.0,1.0,174
quiet,control,ZN,50,depth_ratio,1.2482220350964015,1.0800127956730348,1.522085830813745,174
quiet,control,ZN,50,spread_ratio,1.0,1.0,1.0,174
quiet,control,ZN,51,depth_ratio,1.3170324825315614,1.1049987553579594,1.5482633191738744,174
quiet,control,ZN,51,spread_ratio,1.0,1.0,1.0,174
quiet,control,ZN,52,depth_ratio,1.3091953325728714,1.1385033127912894,1.5995321882983529,174
quiet,control,ZN,52,spread_ratio,1.0,1.0,1.0,174
quiet,control,ZN,53,depth_ratio,1.3486103881032134,1.1245149962045324,1.6980109738298248,174
quiet,control,ZN,53,spread_ratio,1.0,1.0,1.0,174
quiet,control,ZN,54,depth_ratio,1.4126114460632957,1.1870540919356773,1.7090619039438628,174
quiet,control,ZN,54,spread_ratio,1.0,1.0,1.0,174
quiet,control,ZN,55,depth_ratio,1.5153017664232393,1.2460509364650747,1.8696032864959886,174
quiet,control,ZN,55,spread_ratio,1.0,1.0,1.0,174
quiet,control,ZN,56,depth_ratio,1.662938964690833,1.3440668713385322,2.01082088614191,174
quiet,control,ZN,56,spread_ratio,1.0,1.0,1.0,174
quiet,control,ZN,57,depth_ratio,1.743678221319608,1.450673099688975,2.1411150112975452,174
quiet,control,ZN,57,spread_ratio,1.0,1.0,1.0,174
quiet,control,ZN,58,depth_ratio,1.9158400849362287,1.6096473633527597,2.3789858030241744,174
quiet,control,ZN,58,spread_ratio,1.0,1.0,1.0,174
quiet,control,ZN,59,depth_ratio,2.4191252921234065,2.0664164644146887,2.9097243580444716,174
quiet,control,ZN,59,spread_ratio,1.0,1.0,1.0,174
quiet,control,ZN,60,depth_ratio,1.769253145141085,1.5046767590626473,2.126724899827962,174
quiet,control,ZN,60,spread_ratio,1.0,1.0,1.0,174
quiet,control,ZN,61,depth_ratio,1.61753870808582,1.366904553223514,1.9260315081847903,174
quiet,control,ZN,61,spread_ratio,1.0,1.0,1.0,174
quiet,control,ZN,62,depth_ratio,1.5422096056389896,1.2577587326145827,1.7690381806297404,174
quiet,control,ZN,62,spread_ratio,1.0,1.0,1.0,174
quiet,control,ZN,63,depth_ratio,1.4752559979916628,1.2081123923320805,1.6837179329977352,174
quiet,control,ZN,63,spread_ratio,1.0,1.0,1.0,174
quiet,control,ZN,64,depth_ratio,1.4016096718970008,1.2171434028436643,1.6734220323903475,174
quiet,control,ZN,64,spread_ratio,1.0,1.0,1.0,174
quiet,control,ZN,65,depth_ratio,1.3573115911135991,1.1645415404817272,1.6472960562276435,174
quiet,control,ZN,65,spread_ratio,1.0,1.0,1.0,174
quiet,control,ZN,66,depth_ratio,1.3412310959174163,1.133337621993748,1.6020526628141947,174
quiet,control,ZN,66,spread_ratio,1.0,1.0,1.0,174
quiet,control,ZN,67,depth_ratio,1.3913034023251138,1.144866828653705,1.6108446182707172,174
quiet,control,ZN,67,spread_ratio,1.0,1.0,1.0,174
quiet,control,ZN,68,depth_ratio,1.361274922622513,1.114518911885323,1.5596659265387118,174
quiet,control,ZN,68,spread_ratio,1.0,1.0,1.0,174
quiet,control,ZN,69,depth_ratio,1.3202229153780087,1.099816411345111,1.5199217431797214,174
quiet,control,ZN,69,spread_ratio,1.0,1.0,1.0,174
quiet,control,ZN,70,depth_ratio,1.2999364444926025,1.1085708145003161,1.4984966580079273,174
quiet,control,ZN,70,spread_ratio,1.0,1.0,1.0,174
quiet,control,ZN,71,depth_ratio,1.2879454743444159,1.1275593479150157,1.5161943744739208,174
quiet,control,ZN,71,spread_ratio,1.0,1.0,1.0,174
quiet,control,ZN,72,depth_ratio,1.262180757372367,1.0873350870112652,1.4807698431732152,174
quiet,control,ZN,72,spread_ratio,1.0,1.0,1.0,174
quiet,control,ZN,73,depth_ratio,1.269744291872623,1.0753922821754702,1.5413115497987597,174
quiet,control,ZN,73,spread_ratio,1.0,1.0,1.0,174
quiet,control,ZN,74,depth_ratio,1.234861235538577,1.022613603403384,1.4792280695422324,174
quiet,control,ZN,74,spread_ratio,1.0,1.0,1.0,174
quiet,control,ZN,75,depth_ratio,1.253788279383285,1.0108401693577125,1.4971072906568978,174
quiet,control,ZN,75,spread_ratio,1.0,1.0,1.0,174
quiet,control,ZN,76,depth_ratio,1.272674162302458,1.0532103184885695,1.5075838753065502,174
quiet,control,ZN,76,spread_ratio,1.0,1.0,1.0,174
quiet,control,ZN,77,depth_ratio,1.2472300261437816,1.0665824780288387,1.4797182383283491,174
quiet,control,ZN,77,spread_ratio,1.0,1.0,1.0,174
quiet,control,ZN,78,depth_ratio,1.2529667767135617,1.0335236695803736,1.459692893808243,174
quiet,control,ZN,78,spread_ratio,1.0,1.0,1.0,174
quiet,control,ZN,79,depth_ratio,1.2254835381608056,1.0519792618369712,1.430487413703832,174
quiet,control,ZN,79,spread_ratio,1.0,1.0,1.0,174
quiet,control,ZN,80,depth_ratio,1.2258440047967498,1.0483895762459394,1.4645488204210988,174
quiet,control,ZN,80,spread_ratio,1.0,1.0,1.0,174
quiet,control,ZN,81,depth_ratio,1.2329640261294623,1.0395690870774903,1.4408410205843607,174
quiet,control,ZN,81,spread_ratio,1.0,1.0,1.0,174
quiet,control,ZN,82,depth_ratio,1.2303270600333454,1.0232444286438795,1.4633227194141554,174
quiet,control,ZN,82,spread_ratio,1.0,1.0,1.0,174
quiet,control,ZN,83,depth_ratio,1.2236031745200506,0.9849467446085248,1.4416688290075315,174
quiet,control,ZN,83,spread_ratio,1.0,1.0,1.0,174
quiet,control,ZN,84,depth_ratio,1.1914432226471143,1.0107648057091083,1.4401384231242762,174
quiet,control,ZN,84,spread_ratio,1.0,1.0,1.0,174
quiet,control,ZN,85,depth_ratio,1.1779489911616465,1.0053039177558338,1.4598589108194489,174
quiet,control,ZN,85,spread_ratio,1.0,1.0,1.0,174
quiet,control,ZN,86,depth_ratio,1.205233971467828,1.0351813394656901,1.4419507078352092,174
quiet,control,ZN,86,spread_ratio,1.0,1.0,1.0,174
quiet,control,ZN,87,depth_ratio,1.1728691754560157,1.0207197493208489,1.4300740575770696,174
quiet,control,ZN,87,spread_ratio,1.0,1.0,1.0,174
quiet,control,ZN,88,depth_ratio,1.2317217389663422,1.0144490426801873,1.449620619060654,174
quiet,control,ZN,88,spread_ratio,1.0,1.0,1.0,174
quiet,control,ZN,89,depth_ratio,1.1939568423873586,1.0200480143678106,1.4374604597827543,174
quiet,control,ZN,89,spread_ratio,1.0,1.0,1.0,174
quiet,control,ZN,90,depth_ratio,1.1856408595782222,0.992390262673196,1.401349988050927,174
quiet,control,ZN,90,spread_ratio,1.0,1.0,1.0,174
quiet,control,ZN,91,depth_ratio,1.230239285745864,0.9860510478725013,1.4502617045835817,174
quiet,control,ZN,91,spread_ratio,1.0,1.0,1.0,174
quiet,control,ZN,92,depth_ratio,1.2280610708390567,1.0382358597676076,1.4680519084424868,174
quiet,control,ZN,92,spread_ratio,1.0,1.0,1.0,174
quiet,control,ZN,93,depth_ratio,1.210732028452595,1.020483433683858,1.4791669597994157,174
quiet,control,ZN,93,spread_ratio,1.0,1.0,1.0,174
quiet,control,ZN,94,depth_ratio,1.1935045634427228,1.0458993724576002,1.4072040713480862,174
quiet,control,ZN,94,spread_ratio,1.0,1.0,1.0,174
quiet,control,ZN,95,depth_ratio,1.2266144945433193,1.020477384529201,1.4463870650731396,174
quiet,control,ZN,95,spread_ratio,1.0,1.0,1.0,174
quiet,control,ZN,96,depth_ratio,1.238114335580582,1.0218512010752794,1.4329979645963171,174
quiet,control,ZN,96,spread_ratio,1.0,1.0,1.0,174
quiet,control,ZN,97,depth_ratio,1.2364940218031544,1.0227101315043945,1.402581531914987,174
quiet,control,ZN,97,spread_ratio,1.0,1.0,1.0,174
quiet,control,ZN,98,depth_ratio,1.200682379705278,0.9945027094419853,1.4080374212576476,174
quiet,control,ZN,98,spread_ratio,1.0,1.0,1.0,174
quiet,control,ZN,99,depth_ratio,1.212279566683943,0.9996581140711924,1.4250204167586593,174
quiet,control,ZN,99,spread_ratio,1.0,1.0,1.0,174
quiet,control,ZN,100,depth_ratio,1.180206366036777,0.9930791061681279,1.4233565880495307,174
quiet,control,ZN,100,spread_ratio,1.0,1.0,1.0,174
quiet,control,ZN,101,depth_ratio,1.1809444517034182,1.002139054376444,1.3990354159034246,174
quiet,control,ZN,101,spread_ratio,1.0,1.0,1.0,174
quiet,control,ZN,102,depth_ratio,1.1837044781551431,0.9978403608830841,1.361303337369867,174
quiet,control,ZN,102,spread_ratio,1.0,1.0,1.0,174
quiet,control,ZN,103,depth_ratio,1.1525271997629107,0.994961347590565,1.3575380940116792,174
quiet,control,ZN,103,spread_ratio,1.0,1.0,1.0,174
quiet,control,ZN,104,depth_ratio,1.1467424986562778,0.9730020665255976,1.3572159012497167,174
quiet,control,ZN,104,spread_ratio,1.0,1.0,1.0,174
quiet,control,ZN,105,depth_ratio,1.1391029269800539,0.992934798842017,1.3647502288572726,174
quiet,control,ZN,105,spread_ratio,1.0,1.0,1.0,174
quiet,control,ZN,106,depth_ratio,1.1417080621496907,0.9676994562005342,1.350830539272288,174
quiet,control,ZN,106,spread_ratio,1.0,1.0,1.0,174
quiet,control,ZN,107,depth_ratio,1.1701223942339982,0.959890467380959,1.3967877804347013,174
quiet,control,ZN,107,spread_ratio,1.0,1.0,1.0,174
quiet,control,ZN,108,depth_ratio,1.1570016464919088,0.9478746751095571,1.3972879280260568,174
quiet,control,ZN,108,spread_ratio,1.0,1.0,1.0,174
quiet,control,ZN,109,depth_ratio,1.1608026294445393,0.9762886670199875,1.3705107683958668,174
quiet,control,ZN,109,spread_ratio,1.0,1.0,1.0,174
quiet,control,ZN,110,depth_ratio,1.183085011634288,0.9463135268108287,1.3925787812923476,174
quiet,control,ZN,110,spread_ratio,1.0,1.0,1.0,174
quiet,control,ZN,111,depth_ratio,1.1318332285178567,0.9665410217849535,1.3804222642922843,174
quiet,control,ZN,111,spread_ratio,1.0,1.0,1.0,174
quiet,control,ZN,112,depth_ratio,1.135221752742762,0.9531239929064518,1.3810970280334716,174
quiet,control,ZN,112,spread_ratio,1.0,1.0,1.0,174
quiet,control,ZN,113,depth_ratio,1.1604943931373737,0.952856762646126,1.3856543481234884,174
quiet,control,ZN,113,spread_ratio,1.0,1.0,1.0,174
quiet,control,ZN,114,depth_ratio,1.148460171055663,0.9292825753405362,1.4330196072981296,174
quiet,control,ZN,114,spread_ratio,1.0,1.0,1.0,174
quiet,control,ZN,115,depth_ratio,1.1438334354537092,0.9446459648714655,1.4303128730059318,174
quiet,control,ZN,115,spread_ratio,1.0,1.0,1.0,174
quiet,control,ZN,116,depth_ratio,1.1282512924397556,0.8977028376828735,1.4413504903406626,174
quiet,control,ZN,116,spread_ratio,1.0,1.0,1.0,174
quiet,control,ZN,117,depth_ratio,1.1425419499549097,0.8916743884040841,1.448735158062698,174
quiet,control,ZN,117,spread_ratio,1.0,1.0,1.0,174
quiet,control,ZN,118,depth_ratio,1.1289635916462029,0.9212868370809357,1.5449613777139415,174
quiet,control,ZN,118,spread_ratio,1.0,1.0,1.0,174
quiet,control,ZN,119,depth_ratio,1.1411000208244553,0.9071773051625022,1.5489996410963585,174
quiet,control,ZN,119,spread_ratio,1.0,1.0,1.0,174
quiet,fomc_no_pc,ES,-30,depth_ratio,0.970088077187083,0.8855456853166027,1.0762081412031579,16
quiet,fomc_no_pc,ES,-30,spread_ratio,1.0,1.0,1.0,16
quiet,fomc_no_pc,ES,-29,depth_ratio,1.0455795452364507,0.9202766905406216,1.1173801638925152,16
quiet,fomc_no_pc,ES,-29,spread_ratio,1.0,1.0,1.0,16
quiet,fomc_no_pc,ES,-28,depth_ratio,0.9391116293907049,0.8731683926538228,1.0428847725748052,16
quiet,fomc_no_pc,ES,-28,spread_ratio,1.0,1.0,1.0,16
quiet,fomc_no_pc,ES,-27,depth_ratio,0.9961626307296414,0.8945361381169126,1.0726354862704488,16
quiet,fomc_no_pc,ES,-27,spread_ratio,1.0,1.0,1.0,16
quiet,fomc_no_pc,ES,-26,depth_ratio,1.0028032630951058,0.9212454329186777,1.0958726453055334,16
quiet,fomc_no_pc,ES,-26,spread_ratio,1.0,1.0,1.0,16
quiet,fomc_no_pc,ES,-25,depth_ratio,0.9606804787222468,0.9027350161545004,1.0848614698473045,16
quiet,fomc_no_pc,ES,-25,spread_ratio,1.0,1.0,1.0,16
quiet,fomc_no_pc,ES,-24,depth_ratio,0.9761654042561427,0.9211530969118782,1.0396109467033279,16
quiet,fomc_no_pc,ES,-24,spread_ratio,1.0,1.0,1.0,16
quiet,fomc_no_pc,ES,-23,depth_ratio,0.9854623932371805,0.9219753821360344,1.1364598849837324,16
quiet,fomc_no_pc,ES,-23,spread_ratio,1.0,1.0,1.0,16
quiet,fomc_no_pc,ES,-22,depth_ratio,1.0066575275743959,0.9401318903141392,1.0977131343425608,16
quiet,fomc_no_pc,ES,-22,spread_ratio,1.0,1.0,1.0,16
quiet,fomc_no_pc,ES,-21,depth_ratio,0.9503117422169476,0.8719124815950849,1.0048360110267158,16
quiet,fomc_no_pc,ES,-21,spread_ratio,1.0,1.0,1.0,16
quiet,fomc_no_pc,ES,-20,depth_ratio,0.9146392118242515,0.8645314176812164,1.087678419235911,16
quiet,fomc_no_pc,ES,-20,spread_ratio,1.0,1.0,1.0,16
quiet,fomc_no_pc,ES,-19,depth_ratio,0.9631835687103809,0.8680015283664468,1.0493276978324415,16
quiet,fomc_no_pc,ES,-19,spread_ratio,1.0,1.0,1.0,16
quiet,fomc_no_pc,ES,-18,depth_ratio,0.9598656266166607,0.9100368313949444,1.0394537514720819,16
quiet,fomc_no_pc,ES,-18,spread_ratio,1.0,1.0,1.0,16
quiet,fomc_no_pc,ES,-17,depth_ratio,1.045493092083438,0.9259193420460852,1.084305415764875,16
quiet,fomc_no_pc,ES,-17,spread_ratio,1.0,1.0,1.0,16
quiet,fomc_no_pc,ES,-16,depth_ratio,0.9435797961787767,0.8666604946930421,1.0986392476095186,16
quiet,fomc_no_pc,ES,-16,spread_ratio,1.0,1.0,1.0,16
quiet,fomc_no_pc,ES,-15,depth_ratio,0.9400633597161708,0.8368622375146277,1.088646452082841,16
quiet,fomc_no_pc,ES,-15,spread_ratio,1.0,1.0,1.0,16
quiet,fomc_no_pc,ES,-14,depth_ratio,0.8974772909380535,0.8240440520551932,1.0754000244422153,16
quiet,fomc_no_pc,ES,-14,spread_ratio,1.0,1.0,1.0,16
quiet,fomc_no_pc,ES,-13,depth_ratio,0.9073562846276597,0.7453252168243094,1.1696874152360377,16
quiet,fomc_no_pc,ES,-13,spread_ratio,1.0,1.0,1.0,16
quiet,fomc_no_pc,ES,-12,depth_ratio,0.8257270023337936,0.7706683857165835,0.9952323626319611,16
quiet,fomc_no_pc,ES,-12,spread_ratio,1.0,1.0,1.0,16
quiet,fomc_no_pc,ES,-11,depth_ratio,0.843812861467108,0.772458787019228,0.9439215177138346,16
quiet,fomc_no_pc,ES,-11,spread_ratio,1.0,1.0,1.0,16
quiet,fomc_no_pc,ES,-10,depth_ratio,0.8057004137039439,0.7193646591540349,0.8591754430161411,16
quiet,fomc_no_pc,ES,-10,spread_ratio,1.0,1.0,1.0,16
quiet,fomc_no_pc,ES,-9,depth_ratio,0.8310653276121449,0.6938555468735286,1.0200432973775815,16
quiet,fomc_no_pc,ES,-9,spread_ratio,1.0,1.0,1.0,16
quiet,fomc_no_pc,ES,-8,depth_ratio,0.7298970182724946,0.669241460045678,0.8372394001448671,16
quiet,fomc_no_pc,ES,-8,spread_ratio,1.0,1.0,1.0,16
quiet,fomc_no_pc,ES,-7,depth_ratio,0.7596818595534802,0.6521441690098548,0.832808259479472,16
quiet,fomc_no_pc,ES,-7,spread_ratio,1.0,1.0,1.0,16
quiet,fomc_no_pc,ES,-6,depth_ratio,0.7105391222201525,0.5816299963684932,0.9546921079947406,16
quiet,fomc_no_pc,ES,-6,spread_ratio,1.0,1.0,1.0,16
quiet,fomc_no_pc,ES,-5,depth_ratio,0.7081817919222946,0.5038032751475388,0.9778523617286846,16
quiet,fomc_no_pc,ES,-5,spread_ratio,1.0,1.0,1.0,16
quiet,fomc_no_pc,ES,-4,depth_ratio,0.5961944153062526,0.38187144545670026,0.9237325018892346,16
quiet,fomc_no_pc,ES,-4,spread_ratio,1.0,1.0,1.0,16
quiet,fomc_no_pc,ES,-3,depth_ratio,0.4824208497684422,0.296126068513331,0.555925215918027,16
quiet,fomc_no_pc,ES,-3,spread_ratio,1.0,1.0,1.0,16
quiet,fomc_no_pc,ES,-2,depth_ratio,0.34081631086421965,0.2397597558797677,0.46577695194372065,16
quiet,fomc_no_pc,ES,-2,spread_ratio,1.0,1.0,1.0,16
quiet,fomc_no_pc,ES,-1,depth_ratio,0.18345553686170618,0.15012783093900844,0.286377753341388,16
quiet,fomc_no_pc,ES,-1,spread_ratio,1.0,1.0,1.0,16
quiet,fomc_no_pc,ES,0,depth_ratio,0.16102711339159267,0.12178117759597078,0.2269089420046911,16
quiet,fomc_no_pc,ES,0,spread_ratio,1.0,1.0,1.0,16
quiet,fomc_no_pc,ES,1,depth_ratio,0.2806884222881454,0.25195854544155527,0.3338307507040722,16
quiet,fomc_no_pc,ES,1,spread_ratio,1.0,1.0,1.0,16
quiet,fomc_no_pc,ES,2,depth_ratio,0.3013226624561752,0.26002844194291636,0.47507368720348137,16
quiet,fomc_no_pc,ES,2,spread_ratio,1.0,1.0,1.0,16
quiet,fomc_no_pc,ES,3,depth_ratio,0.3530082195676826,0.27835290891861963,0.468188779846027,16
quiet,fomc_no_pc,ES,3,spread_ratio,1.0,1.0,1.0,16
quiet,fomc_no_pc,ES,4,depth_ratio,0.3453133331751545,0.28516211092135413,0.48705961564719735,16
quiet,fomc_no_pc,ES,4,spread_ratio,1.0,1.0,1.0,16
quiet,fomc_no_pc,ES,5,depth_ratio,0.35005743399159717,0.30068923743742737,0.46191106464881415,16
quiet,fomc_no_pc,ES,5,spread_ratio,1.0,1.0,1.0,16
quiet,fomc_no_pc,ES,6,depth_ratio,0.38713081843132,0.33719985954124715,0.5119254144324166,16
quiet,fomc_no_pc,ES,6,spread_ratio,1.0,1.0,1.0,16
quiet,fomc_no_pc,ES,7,depth_ratio,0.4319415272494679,0.36865174808325674,0.538084838639876,16
quiet,fomc_no_pc,ES,7,spread_ratio,1.0,1.0,1.0,16
quiet,fomc_no_pc,ES,8,depth_ratio,0.4570467670835726,0.34530434214346506,0.5801615623755396,16
quiet,fomc_no_pc,ES,8,spread_ratio,1.0,1.0,1.0,16
quiet,fomc_no_pc,ES,9,depth_ratio,0.5345140894155134,0.4106225930252554,0.621110232627119,16
quiet,fomc_no_pc,ES,9,spread_ratio,1.0,1.0,1.0,16
quiet,fomc_no_pc,ES,10,depth_ratio,0.5276041859321012,0.424395966014903,0.6216102106801937,16
quiet,fomc_no_pc,ES,10,spread_ratio,1.0,1.0,1.0,16
quiet,fomc_no_pc,ES,11,depth_ratio,0.5786413402685129,0.47683720142737307,0.6375610758629493,16
quiet,fomc_no_pc,ES,11,spread_ratio,1.0,1.0,1.0,16
quiet,fomc_no_pc,ES,12,depth_ratio,0.55108159374731,0.4613978989035157,0.7085171376432113,16
quiet,fomc_no_pc,ES,12,spread_ratio,1.0,1.0,1.0,16
quiet,fomc_no_pc,ES,13,depth_ratio,0.5503062023595955,0.4326443001633024,0.666357398439519,16
quiet,fomc_no_pc,ES,13,spread_ratio,1.0,1.0,1.0,16
quiet,fomc_no_pc,ES,14,depth_ratio,0.5431132583956123,0.454178753593063,0.6835472704070986,16
quiet,fomc_no_pc,ES,14,spread_ratio,1.0,1.0,1.0,16
quiet,fomc_no_pc,ES,15,depth_ratio,0.558226079938809,0.48877483280772527,0.6526880750716575,16
quiet,fomc_no_pc,ES,15,spread_ratio,1.0,1.0,1.0,16
quiet,fomc_no_pc,ES,16,depth_ratio,0.5586655373799203,0.49032065131512115,0.6574407782198891,16
quiet,fomc_no_pc,ES,16,spread_ratio,1.0,1.0,1.0,16
quiet,fomc_no_pc,ES,17,depth_ratio,0.5347311546271836,0.4936315197184789,0.7498422764147818,16
quiet,fomc_no_pc,ES,17,spread_ratio,1.0,1.0,1.0,16
quiet,fomc_no_pc,ES,18,depth_ratio,0.5424511886562091,0.486926602570361,0.655088875061418,16
quiet,fomc_no_pc,ES,18,spread_ratio,1.0,1.0,1.0,16
quiet,fomc_no_pc,ES,19,depth_ratio,0.5508139963640553,0.4463350537995563,0.72003270711858,16
quiet,fomc_no_pc,ES,19,spread_ratio,1.0,1.0,1.0,16
quiet,fomc_no_pc,ES,20,depth_ratio,0.5755976218682902,0.48091438942317827,0.7867155190148188,16
quiet,fomc_no_pc,ES,20,spread_ratio,1.0,1.0,1.0,16
quiet,fomc_no_pc,ES,21,depth_ratio,0.5505584740173262,0.49389083579286575,0.7730843752838243,16
quiet,fomc_no_pc,ES,21,spread_ratio,1.0,1.0,1.0,16
quiet,fomc_no_pc,ES,22,depth_ratio,0.5526777297659794,0.48097361083263696,0.7129682349853306,16
quiet,fomc_no_pc,ES,22,spread_ratio,1.0,1.0,1.0,16
quiet,fomc_no_pc,ES,23,depth_ratio,0.6025398610654289,0.5186219654700531,0.6872718128137845,16
quiet,fomc_no_pc,ES,23,spread_ratio,1.0,1.0,1.0,16
quiet,fomc_no_pc,ES,24,depth_ratio,0.5650242965080055,0.4891406488637494,0.6948444896540836,16
quiet,fomc_no_pc,ES,24,spread_ratio,1.0,1.0,1.0,16
quiet,fomc_no_pc,ES,25,depth_ratio,0.6392162716937408,0.5195443120308169,0.7342410871971564,16
quiet,fomc_no_pc,ES,25,spread_ratio,1.0,1.0,1.0,16
quiet,fomc_no_pc,ES,26,depth_ratio,0.5801212568337022,0.5212473902455981,0.7645695140111006,16
quiet,fomc_no_pc,ES,26,spread_ratio,1.0,1.0,1.0,16
quiet,fomc_no_pc,ES,27,depth_ratio,0.5960272832485379,0.49795801117782373,0.7276024545674522,16
quiet,fomc_no_pc,ES,27,spread_ratio,1.0,1.0,1.0,16
quiet,fomc_no_pc,ES,28,depth_ratio,0.5481399434678075,0.46592453504115067,0.7075633347159934,16
quiet,fomc_no_pc,ES,28,spread_ratio,1.0,1.0,1.0,16
quiet,fomc_no_pc,ES,29,depth_ratio,0.5687975474978682,0.48488680195541867,0.7784193529931123,16
quiet,fomc_no_pc,ES,29,spread_ratio,1.0,1.0,1.0,16
quiet,fomc_no_pc,ES,30,depth_ratio,0.5596702271360204,0.5345679273640417,0.7058512689859762,16
quiet,fomc_no_pc,ES,30,spread_ratio,1.0,1.0,1.0,16
quiet,fomc_no_pc,ES,31,depth_ratio,0.5986784908308147,0.5004319529585061,0.6923007799711771,16
quiet,fomc_no_pc,ES,31,spread_ratio,1.0,1.0,1.0,16
quiet,fomc_no_pc,ES,32,depth_ratio,0.6729814484959836,0.572006670168416,0.7495812014975831,16
quiet,fomc_no_pc,ES,32,spread_ratio,1.0,1.0,1.0,16
quiet,fomc_no_pc,ES,33,depth_ratio,0.6012531386166551,0.4916072035870574,0.7562787584087114,16
quiet,fomc_no_pc,ES,33,spread_ratio,1.0,1.0,1.0,16
quiet,fomc_no_pc,ES,34,depth_ratio,0.6238385960028596,0.5006940470828903,0.7761985978645478,16
quiet,fomc_no_pc,ES,34,spread_ratio,1.0,1.0,1.0,16
quiet,fomc_no_pc,ES,35,depth_ratio,0.612628124542068,0.5366223421131735,0.7912352586126845,16
quiet,fomc_no_pc,ES,35,spread_ratio,1.0,1.0,1.0,16
quiet,fomc_no_pc,ES,36,depth_ratio,0.6380220504617096,0.5447436608405241,0.7737956229056926,16
quiet,fomc_no_pc,ES,36,spread_ratio,1.0,1.0,1.0,16
quiet,fomc_no_pc,ES,37,depth_ratio,0.6412685333288314,0.5689084930647829,0.7881508326080733,16
quiet,fomc_no_pc,ES,37,spread_ratio,1.0,1.0,1.0,16
quiet,fomc_no_pc,ES,38,depth_ratio,0.7584520057666839,0.6034080143499594,0.7813845134107233,16
quiet,fomc_no_pc,ES,38,spread_ratio,1.0,1.0,1.0,16
quiet,fomc_no_pc,ES,39,depth_ratio,0.6853003992942706,0.5675732337030648,0.7803623057788599,16
quiet,fomc_no_pc,ES,39,spread_ratio,1.0,1.0,1.0,16
quiet,fomc_no_pc,ES,40,depth_ratio,0.6799093989716374,0.5844907286353821,0.7807285566866177,16
quiet,fomc_no_pc,ES,40,spread_ratio,1.0,1.0,1.0,16
quiet,fomc_no_pc,ES,41,depth_ratio,0.6312609990523894,0.5108313352314817,0.8424613155108559,16
quiet,fomc_no_pc,ES,41,spread_ratio,1.0,1.0,1.0,16
quiet,fomc_no_pc,ES,42,depth_ratio,0.67420730802212,0.536701627718204,0.7937010675141059,16
quiet,fomc_no_pc,ES,42,spread_ratio,1.0,1.0,1.0,16
quiet,fomc_no_pc,ES,43,depth_ratio,0.6538345207964644,0.5320838616150033,0.8021360073475521,16
quiet,fomc_no_pc,ES,43,spread_ratio,1.0,1.0,1.0,16
quiet,fomc_no_pc,ES,44,depth_ratio,0.6586857253514753,0.5238037164888844,0.8138015498205484,16
quiet,fomc_no_pc,ES,44,spread_ratio,1.0,1.0,1.0,16
quiet,fomc_no_pc,ES,45,depth_ratio,0.6821597550534998,0.6183258536400953,0.7837035572290856,16
quiet,fomc_no_pc,ES,45,spread_ratio,1.0,1.0,1.0,16
quiet,fomc_no_pc,ES,46,depth_ratio,0.6475406828619283,0.5388164020375559,0.7479311138626183,16
quiet,fomc_no_pc,ES,46,spread_ratio,1.0,1.0,1.0,16
quiet,fomc_no_pc,ES,47,depth_ratio,0.688349424588758,0.5992737766697243,0.8940207482595721,16
quiet,fomc_no_pc,ES,47,spread_ratio,1.0,1.0,1.0,16
quiet,fomc_no_pc,ES,48,depth_ratio,0.6728302623919011,0.5534183478276122,0.8662088305211654,16
quiet,fomc_no_pc,ES,48,spread_ratio,1.0,1.0,1.0,16
quiet,fomc_no_pc,ES,49,depth_ratio,0.6951755872787266,0.5514630387159866,0.8281364288280217,16
quiet,fomc_no_pc,ES,49,spread_ratio,1.0,1.0,1.0,16
quiet,fomc_no_pc,ES,50,depth_ratio,0.7023307015842084,0.59089643226488,0.871206457796843,16
quiet,fomc_no_pc,ES,50,spread_ratio,1.0,1.0,1.0,16
quiet,fomc_no_pc,ES,51,depth_ratio,0.6987518900865154,0.6132740151508458,0.8236190643138172,16
quiet,fomc_no_pc,ES,51,spread_ratio,1.0,1.0,1.0,16
quiet,fomc_no_pc,ES,52,depth_ratio,0.6938866108093579,0.6113646900114011,0.7850122013506612,16
quiet,fomc_no_pc,ES,52,spread_ratio,1.0,1.0,1.0,16
quiet,fomc_no_pc,ES,53,depth_ratio,0.6950951371706672,0.6033009277051594,0.7994438438094009,16
quiet,fomc_no_pc,ES,53,spread_ratio,1.0,1.0,1.0,16
quiet,fomc_no_pc,ES,54,depth_ratio,0.6845215032932972,0.598043884647185,0.7460399902845047,16
quiet,fomc_no_pc,ES,54,spread_ratio,1.0,1.0,1.0,16
quiet,fomc_no_pc,ES,55,depth_ratio,0.7289024160765116,0.6011638304231186,0.7724707646159645,16
quiet,fomc_no_pc,ES,55,spread_ratio,1.0,1.0,1.0,16
quiet,fomc_no_pc,ES,56,depth_ratio,0.6989757416616096,0.5993669212182005,0.788357874553237,16
quiet,fomc_no_pc,ES,56,spread_ratio,1.0,1.0,1.0,16
quiet,fomc_no_pc,ES,57,depth_ratio,0.7313331876384856,0.6026974355171316,0.8717389938095088,16
quiet,fomc_no_pc,ES,57,spread_ratio,1.0,1.0,1.0,16
quiet,fomc_no_pc,ES,58,depth_ratio,0.6835564795658351,0.6169483568367741,0.7974471963070515,16
quiet,fomc_no_pc,ES,58,spread_ratio,1.0,1.0,1.0,16
quiet,fomc_no_pc,ES,59,depth_ratio,0.666343922125182,0.5456064722654813,0.7463914902130389,16
quiet,fomc_no_pc,ES,59,spread_ratio,1.0,1.0,1.0,16
quiet,fomc_no_pc,ES,60,depth_ratio,0.6867180459882616,0.5863506851965798,0.8931961381246446,16
quiet,fomc_no_pc,ES,60,spread_ratio,1.0,1.0,1.0,16
quiet,fomc_no_pc,ES,61,depth_ratio,0.7708910931550115,0.6058483037243791,0.9377620325339595,16
quiet,fomc_no_pc,ES,61,spread_ratio,1.0,1.0,1.0,16
quiet,fomc_no_pc,ES,62,depth_ratio,0.7219727875652392,0.614533439126236,0.8874448426484449,16
quiet,fomc_no_pc,ES,62,spread_ratio,1.0,1.0,1.0,16
quiet,fomc_no_pc,ES,63,depth_ratio,0.7257702349503481,0.6445874262141896,0.9041266355680406,16
quiet,fomc_no_pc,ES,63,spread_ratio,1.0,1.0,1.0,16
quiet,fomc_no_pc,ES,64,depth_ratio,0.7480395557711219,0.6246253732023612,1.0011650403852819,16
quiet,fomc_no_pc,ES,64,spread_ratio,1.0,1.0,1.0,16
quiet,fomc_no_pc,ES,65,depth_ratio,0.8068297622144118,0.7228698024058346,0.9371049318252234,16
quiet,fomc_no_pc,ES,65,spread_ratio,1.0,1.0,1.0,16
quiet,fomc_no_pc,ES,66,depth_ratio,0.7476402172581402,0.6521014856117395,0.9120695242429261,16
quiet,fomc_no_pc,ES,66,spread_ratio,1.0,1.0,1.0,16
quiet,fomc_no_pc,ES,67,depth_ratio,0.7816528492812147,0.6145922872990165,0.9096633730603481,16
quiet,fomc_no_pc,ES,67,spread_ratio,1.0,1.0,1.0,16
quiet,fomc_no_pc,ES,68,depth_ratio,0.754989076058542,0.5824807646850895,0.8905462772445977,16
quiet,fomc_no_pc,ES,68,spread_ratio,1.0,1.0,1.0,16
quiet,fomc_no_pc,ES,69,depth_ratio,0.814908144443918,0.6894087449005173,0.986841187943384,16
quiet,fomc_no_pc,ES,69,spread_ratio,1.0,1.0,1.0,16
quiet,fomc_no_pc,ES,70,depth_ratio,0.8517467003880865,0.6444229041137876,0.9066863824656015,16
quiet,fomc_no_pc,ES,70,spread_ratio,1.0,1.0,1.0,16
quiet,fomc_no_pc,ES,71,depth_ratio,0.7989209504584207,0.6383865333679781,0.9452081696779262,16
quiet,fomc_no_pc,ES,71,spread_ratio,1.0,1.0,1.0,16
quiet,fomc_no_pc,ES,72,depth_ratio,0.7475264027937734,0.6072049660655268,0.9317076301286941,16
quiet,fomc_no_pc,ES,72,spread_ratio,1.0,1.0,1.0,16
quiet,fomc_no_pc,ES,73,depth_ratio,0.7959454774603324,0.6361151999094989,0.9446813830881116,16
quiet,fomc_no_pc,ES,73,spread_ratio,1.0,1.0,1.0,16
quiet,fomc_no_pc,ES,74,depth_ratio,0.8279594063273613,0.6578151587456615,0.8982713321990008,16
quiet,fomc_no_pc,ES,74,spread_ratio,1.0,1.0,1.0,16
quiet,fomc_no_pc,ES,75,depth_ratio,0.8013881246190451,0.7125142151264403,0.9526793920417258,16
quiet,fomc_no_pc,ES,75,spread_ratio,1.0,1.0,1.0,16
quiet,fomc_no_pc,ES,76,depth_ratio,0.8270634184608731,0.685891605968806,0.8938571841284068,16
quiet,fomc_no_pc,ES,76,spread_ratio,1.0,1.0,1.0,16
quiet,fomc_no_pc,ES,77,depth_ratio,0.8144447878764128,0.6574887581040834,0.8933328488828833,16
quiet,fomc_no_pc,ES,77,spread_ratio,1.0,1.0,1.0,16
quiet,fomc_no_pc,ES,78,depth_ratio,0.8519947516155741,0.6131473058534533,0.9865491168969616,16
quiet,fomc_no_pc,ES,78,spread_ratio,1.0,1.0,1.0,16
quiet,fomc_no_pc,ES,79,depth_ratio,0.8181013559763347,0.6744903125961924,1.0265051654200266,16
quiet,fomc_no_pc,ES,79,spread_ratio,1.0,1.0,1.0,16
quiet,fomc_no_pc,ES,80,depth_ratio,0.8829386392184032,0.7108187809355766,1.1788597466124329,16
quiet,fomc_no_pc,ES,80,spread_ratio,1.0,1.0,1.0,16
quiet,fomc_no_pc,ES,81,depth_ratio,0.8330815731254293,0.7287572131285442,1.1274814475538868,16
quiet,fomc_no_pc,ES,81,spread_ratio,1.0,1.0,1.0,16
quiet,fomc_no_pc,ES,82,depth_ratio,0.8304448226340131,0.725945325692068,1.0087340151157917,16
quiet,fomc_no_pc,ES,82,spread_ratio,1.0,1.0,1.0,16
quiet,fomc_no_pc,ES,83,depth_ratio,0.8061495611843658,0.7767986426803999,1.0011496556614994,16
quiet,fomc_no_pc,ES,83,spread_ratio,1.0,1.0,1.0,16
quiet,fomc_no_pc,ES,84,depth_ratio,0.8312889965216452,0.7304975759308857,1.0769578762149532,16
quiet,fomc_no_pc,ES,84,spread_ratio,1.0,1.0,1.0,16
quiet,fomc_no_pc,ES,85,depth_ratio,0.7547913957836352,0.6866699821493251,1.261824861186412,16
quiet,fomc_no_pc,ES,85,spread_ratio,1.0,1.0,1.0,16
quiet,fomc_no_pc,ES,86,depth_ratio,0.8812966225701672,0.7661803972276278,1.0891199592439567,16
quiet,fomc_no_pc,ES,86,spread_ratio,1.0,1.0,1.0,16
quiet,fomc_no_pc,ES,87,depth_ratio,0.8927943565819847,0.760574724841954,0.9886109297926542,16
quiet,fomc_no_pc,ES,87,spread_ratio,1.0,1.0,1.0,16
quiet,fomc_no_pc,ES,88,depth_ratio,0.8768614584445348,0.7454179659685295,0.9912390911886602,16
quiet,fomc_no_pc,ES,88,spread_ratio,1.0,1.0,1.0,16
quiet,fomc_no_pc,ES,89,depth_ratio,0.8844616152601706,0.6592156066339603,0.9861864583252995,16
quiet,fomc_no_pc,ES,89,spread_ratio,1.0,1.0,1.0,16
quiet,fomc_no_pc,ES,90,depth_ratio,0.7958587642652277,0.6894739245549525,0.9558900009427145,16
quiet,fomc_no_pc,ES,90,spread_ratio,1.0,1.0,1.0,16
quiet,fomc_no_pc,ES,91,depth_ratio,0.910142604443492,0.7092723301069083,0.9953732181848478,16
quiet,fomc_no_pc,ES,91,spread_ratio,1.0,1.0,1.0,16
quiet,fomc_no_pc,ES,92,depth_ratio,0.9029973754092048,0.76051779879735,0.9953091987952307,16
quiet,fomc_no_pc,ES,92,spread_ratio,1.0,1.0,1.0,16
quiet,fomc_no_pc,ES,93,depth_ratio,0.9538385778024467,0.7692794303532616,1.0072162970310186,16
quiet,fomc_no_pc,ES,93,spread_ratio,1.0,1.0,1.0,16
quiet,fomc_no_pc,ES,94,depth_ratio,0.8247189509749085,0.7533770091803909,1.0911767847225189,16
quiet,fomc_no_pc,ES,94,spread_ratio,1.0,1.0,1.0,16
quiet,fomc_no_pc,ES,95,depth_ratio,0.9350593932103254,0.7590497249350734,1.1040442270731547,16
quiet,fomc_no_pc,ES,95,spread_ratio,1.0,1.0,1.0,16
quiet,fomc_no_pc,ES,96,depth_ratio,0.9293030490029259,0.8369033584696992,1.063586645388194,16
quiet,fomc_no_pc,ES,96,spread_ratio,1.0,1.0,1.0,16
quiet,fomc_no_pc,ES,97,depth_ratio,0.901050934352916,0.7394745781342476,1.0490853595112672,16
quiet,fomc_no_pc,ES,97,spread_ratio,1.0,1.0,1.0,16
quiet,fomc_no_pc,ES,98,depth_ratio,0.9519547190397372,0.75257125692716,1.1021834345979058,16
quiet,fomc_no_pc,ES,98,spread_ratio,1.0,1.0,1.0,16
quiet,fomc_no_pc,ES,99,depth_ratio,0.8922290910353973,0.7744831877335552,1.0465461806857506,16
quiet,fomc_no_pc,ES,99,spread_ratio,1.0,1.0,1.0,16
quiet,fomc_no_pc,ES,100,depth_ratio,0.8767078749485941,0.7614846448548283,1.1118449926546516,16
quiet,fomc_no_pc,ES,100,spread_ratio,1.0,1.0,1.0,16
quiet,fomc_no_pc,ES,101,depth_ratio,0.92952415783869,0.859418095166137,1.07076955917166,16
quiet,fomc_no_pc,ES,101,spread_ratio,1.0,1.0,1.0,16
quiet,fomc_no_pc,ES,102,depth_ratio,0.9234503359198619,0.8606753890106755,1.2077948636292406,16
quiet,fomc_no_pc,ES,102,spread_ratio,1.0,1.0,1.0,16
quiet,fomc_no_pc,ES,103,depth_ratio,0.9311976527395758,0.8193716028219762,1.0401402708589205,16
quiet,fomc_no_pc,ES,103,spread_ratio,1.0,1.0,1.0,16
quiet,fomc_no_pc,ES,104,depth_ratio,1.011326716023934,0.7741095823253815,1.1500300201031286,16
quiet,fomc_no_pc,ES,104,spread_ratio,1.0,1.0,1.0,16
quiet,fomc_no_pc,ES,105,depth_ratio,1.0441558185381103,0.8790382946193233,1.1603932897516496,16
quiet,fomc_no_pc,ES,105,spread_ratio,1.0,1.0,1.0,16
quiet,fomc_no_pc,ES,106,depth_ratio,1.1641331420627485,0.9182242627523686,1.3510670094716315,16
quiet,fomc_no_pc,ES,106,spread_ratio,1.0,1.0,1.0,16
quiet,fomc_no_pc,ES,107,depth_ratio,1.088139979345997,0.8704686308593405,1.377461014267082,16
quiet,fomc_no_pc,ES,107,spread_ratio,1.0,1.0,1.0,16
quiet,fomc_no_pc,ES,108,depth_ratio,1.2711773525587773,0.8614398346893608,1.3700036312107313,16
quiet,fomc_no_pc,ES,108,spread_ratio,1.0,1.0,1.0,16
quiet,fomc_no_pc,ES,109,depth_ratio,1.0941234906545998,0.9603654725570058,1.4819635359572645,16
quiet,fomc_no_pc,ES,109,spread_ratio,1.0,1.0,1.0,16
quiet,fomc_no_pc,ES,110,depth_ratio,1.149122027178593,1.0396641837285896,1.2517355270267274,16
quiet,fomc_no_pc,ES,110,spread_ratio,1.0,1.0,1.0,16
quiet,fomc_no_pc,ES,111,depth_ratio,1.3253309373146647,1.1237125428404902,1.5351413240958458,16
quiet,fomc_no_pc,ES,111,spread_ratio,1.0,1.0,1.0,16
quiet,fomc_no_pc,ES,112,depth_ratio,1.3869701225740552,1.111890613484967,1.4996197107555478,16
quiet,fomc_no_pc,ES,112,spread_ratio,1.0,1.0,1.0,16
quiet,fomc_no_pc,ES,113,depth_ratio,1.4059834638054909,1.1840377091899177,1.6426139752550846,16
quiet,fomc_no_pc,ES,113,spread_ratio,1.0,1.0,1.0,16
quiet,fomc_no_pc,ES,114,depth_ratio,1.5327365365270897,1.1927669186796976,1.7064882126201097,16
quiet,fomc_no_pc,ES,114,spread_ratio,1.0,1.0,1.0,16
quiet,fomc_no_pc,ES,115,depth_ratio,1.4637374165623451,1.11120375204709,1.729637259967921,16
quiet,fomc_no_pc,ES,115,spread_ratio,1.0,1.0,1.0,16
quiet,fomc_no_pc,ES,116,depth_ratio,1.5800672449937347,1.2321882184589754,1.9811463267087832,16
quiet,fomc_no_pc,ES,116,spread_ratio,1.0,1.0,1.0,16
quiet,fomc_no_pc,ES,117,depth_ratio,1.767570553296962,1.2733979403358262,1.8981469218609819,16
quiet,fomc_no_pc,ES,117,spread_ratio,1.0,1.0,1.0,16
quiet,fomc_no_pc,ES,118,depth_ratio,1.7169936211436567,1.3797900580210074,2.2605115742747346,16
quiet,fomc_no_pc,ES,118,spread_ratio,1.0,1.0,1.0,16
quiet,fomc_no_pc,ES,119,depth_ratio,3.012862736599217,2.1507268358683835,3.410152399773118,16
quiet,fomc_no_pc,ES,119,spread_ratio,1.0,1.0,1.0,16
quiet,fomc_no_pc,NQ,-30,depth_ratio,0.9444497930104939,0.8450052428401549,1.0267963714490331,16
quiet,fomc_no_pc,NQ,-30,spread_ratio,1.0,0.9919354838709677,1.0,16
quiet,fomc_no_pc,NQ,-29,depth_ratio,1.0539589581316267,0.9359443787924246,1.0844489903388492,16
quiet,fomc_no_pc,NQ,-29,spread_ratio,1.0,0.9919354838709677,1.0,16
quiet,fomc_no_pc,NQ,-28,depth_ratio,0.9166481782878124,0.8381624899259317,1.0660672784805518,16
quiet,fomc_no_pc,NQ,-28,spread_ratio,1.0,0.9601814516129031,1.0,16
quiet,fomc_no_pc,NQ,-27,depth_ratio,0.9408494409760728,0.8569848775385688,1.1004073490227808,16
quiet,fomc_no_pc,NQ,-27,spread_ratio,1.0,0.9919354838709677,1.0,16
quiet,fomc_no_pc,NQ,-26,depth_ratio,0.9500126783614947,0.8836530683000117,0.9944624140189977,16
quiet,fomc_no_pc,NQ,-26,spread_ratio,1.0,0.9601814516129031,1.0,16
quiet,fomc_no_pc,NQ,-25,depth_ratio,0.968556338028169,0.8812990558525765,1.0219533137351924,16
quiet,fomc_no_pc,NQ,-25,spread_ratio,1.0,1.0,1.0,16
quiet,fomc_no_pc,NQ,-24,depth_ratio,0.9615996568803786,0.8922817137221624,1.0466086956521738,16
quiet,fomc_no_pc,NQ,-24,spread_ratio,1.0,0.9919354838709677,1.0,16
quiet,fomc_no_pc,NQ,-23,depth_ratio,0.9095412180757283,0.8154864113564034,0.9831552876581523,16
quiet,fomc_no_pc,NQ,-23,spread_ratio,1.0,0.9601814516129031,1.0,16
quiet,fomc_no_pc,NQ,-22,depth_ratio,0.9479190554228729,0.8769910075025382,1.1026627564116163,16
quiet,fomc_no_pc,NQ,-22,spread_ratio,1.0,0.9601814516129031,1.0,16
quiet,fomc_no_pc,NQ,-21,depth_ratio,1.0090926232427564,0.8802275821824548,1.1411020654126098,16
quiet,fomc_no_pc,NQ,-21,spread_ratio,1.0,0.9601814516129031,1.0,16
quiet,fomc_no_pc,NQ,-20,depth_ratio,0.9939970065674877,0.8862743030537348,1.2211275386719982,16
quiet,fomc_no_pc,NQ,-20,spread_ratio,1.0,0.9919354838709677,1.0,16
quiet,fomc_no_pc,NQ,-19,depth_ratio,1.0017289653303743,0.928673041594046,1.0855456440745836,16
quiet,fomc_no_pc,NQ,-19,spread_ratio,1.0,0.9601814516129031,1.0,16
quiet,fomc_no_pc,NQ,-18,depth_ratio,0.9715952907305537,0.932038250333277,1.0255404000763666,16
quiet,fomc_no_pc,NQ,-18,spread_ratio,1.0,0.9601814516129031,1.0,16
quiet,fomc_no_pc,NQ,-17,depth_ratio,1.0319874302603207,0.911132262051916,1.0581204051205595,16
quiet,fomc_no_pc,NQ,-17,spread_ratio,1.0,0.9919354838709677,1.0,16
quiet,fomc_no_pc,NQ,-16,depth_ratio,0.9272892741061756,0.8679959419385047,1.0267963714490331,16
quiet,fomc_no_pc,NQ,-16,spread_ratio,1.0,0.9601814516129031,1.0,16
quiet,fomc_no_pc,NQ,-15,depth_ratio,0.9220662062340005,0.8858056265984655,1.024854795790049,16
quiet,fomc_no_pc,NQ,-15,spread_ratio,1.0,0.9601814516129031,1.0,16
quiet,fomc_no_pc,NQ,-14,depth_ratio,0.9199175257731959,0.8166989285758319,1.127548299811384,16
quiet,fomc_no_pc,NQ,-14,spread_ratio,1.0,0.9601814516129031,1.0,16
quiet,fomc_no_pc,NQ,-13,depth_ratio,0.9910832719233603,0.8622110018602179,1.0935730074271826,16
quiet,fomc_no_pc,NQ,-13,spread_ratio,1.0,1.0,1.0,16
quiet,fomc_no_pc,NQ,-12,depth_ratio,0.9364123080543625,0.8149679050768333,1.102647501698588,16
quiet,fomc_no_pc,NQ,-12,spread_ratio,1.0,0.9919354838709677,1.0,16
quiet,fomc_no_pc,NQ,-11,depth_ratio,0.9243094083343635,0.7876385917136743,1.117883146335641,16
quiet,fomc_no_pc,NQ,-11,spread_ratio,1.0,0.9919354838709677,1.0,16
quiet,fomc_no_pc,NQ,-10,depth_ratio,0.9466258923094704,0.8182253987623114,1.0232098763758055,16
quiet,fomc_no_pc,NQ,-10,spread_ratio,1.0,1.0,1.0,16
quiet,fomc_no_pc,NQ,-9,depth_ratio,0.9113798928424774,0.7798358027559088,0.9942050050556117,16
quiet,fomc_no_pc,NQ,-9,spread_ratio,1.0,0.9919354838709677,1.0,16
quiet,fomc_no_pc,NQ,-8,depth_ratio,0.9080788512037021,0.8132087837333356,1.0541531819406411,16
quiet,fomc_no_pc,NQ,-8,spread_ratio,1.0,0.9919354838709677,1.0,16
quiet,fomc_no_pc,NQ,-7,depth_ratio,0.8971344824767734,0.7307208516861367,0.9910512023188079,16
quiet,fomc_no_pc,NQ,-7,spread_ratio,1.0,0.9919354838709677,1.0,16
quiet,fomc_no_pc,NQ,-6,depth_ratio,0.8432863306324319,0.7376187664157662,0.9435388421646456,16
quiet,fomc_no_pc,NQ,-6,spread_ratio,1.0,1.0,1.1554054054054053,16
quiet,fomc_no_pc,NQ,-5,depth_ratio,0.5977569351709542,0.41681706316652994,0.7653328673772497,16
quiet,fomc_no_pc,NQ,-5,spread_ratio,1.3108108108108107,1.0,1.9516129032258063,16
quiet,fomc_no_pc,NQ,-4,depth_ratio,0.4515184445645948,0.3265547372090996,0.5982371134020619,16
quiet,fomc_no_pc,NQ,-4,spread_ratio,1.967741935483871,1.0,2.0,16
quiet,fomc_no_pc,NQ,-3,depth_ratio,0.3466286095562887,0.32493914536168056,0.44703488372093025,16
quiet,fomc_no_pc,NQ,-3,spread_ratio,2.0,1.0,2.0067567567567566,16
quiet,fomc_no_pc,NQ,-2,depth_ratio,0.4108678081934844,0.3610188679245283,0.5354503350413875,16
quiet,fomc_no_pc,NQ,-2,spread_ratio,2.0,1.875,2.108108108108108,16
quiet,fomc_no_pc,NQ,-1,depth_ratio,0.3776955477006936,0.32627286499681485,0.4554892781636968,16
quiet,fomc_no_pc,NQ,-1,spread_ratio,2.25,1.9838709677419355,3.0,16
quiet,fomc_no_pc,NQ,0,depth_ratio,0.35416570452131346,0.2599111833691127,0.43486956521739134,16
quiet,fomc_no_pc,NQ,0,spread_ratio,2.0,2.0,2.578125,16
quiet,fomc_no_pc,NQ,1,depth_ratio,0.46674137158225004,0.4085172598458083,0.5139688988045686,16
quiet,fomc_no_pc,NQ,1,spread_ratio,1.875,1.0,2.0,16
quiet,fomc_no_pc,NQ,2,depth_ratio,0.5049718673696875,0.40344137660421026,0.582773430605401,16
quiet,fomc_no_pc,NQ,2,spread_ratio,1.0,1.0,1.5304054054054053,16
quiet,fomc_no_pc,NQ,3,depth_ratio,0.5338431760631022,0.4937498244332706,0.6050867002647988,16
quiet,fomc_no_pc,NQ,3,spread_ratio,1.0,1.0,1.875,16
quiet,fomc_no_pc,NQ,4,depth_ratio,0.4833268457246659,0.4258720391444564,0.6342504177608022,16
quiet,fomc_no_pc,NQ,4,spread_ratio,1.0,1.0,1.6849662162162162,16
quiet,fomc_no_pc,NQ,5,depth_ratio,0.5417212449255752,0.4753169583250191,0.6966953520880657,16
quiet,fomc_no_pc,NQ,5,spread_ratio,1.0,1.0,1.6849662162162162,16
quiet,fomc_no_pc,NQ,6,depth_ratio,0.5296675749318802,0.4995443129415124,0.6835704951357631,16
quiet,fomc_no_pc,NQ,6,spread_ratio,1.0,1.0,1.1554054054054053,16
quiet,fomc_no_pc,NQ,7,depth_ratio,0.6039738318514167,0.47911807264949124,0.7271953724821114,16
quiet,fomc_no_pc,NQ,7,spread_ratio,1.0,1.0,1.1015625,16
quiet,fomc_no_pc,NQ,8,depth_ratio,0.5702713365509766,0.5074885821447708,0.7465774647887324,16
quiet,fomc_no_pc,NQ,8,spread_ratio,1.0,1.0,1.0,16
quiet,fomc_no_pc,NQ,9,depth_ratio,0.6739515502147235,0.5278497340397228,0.7326852418860992,16
quiet,fomc_no_pc,NQ,9,spread_ratio,1.0,1.0,1.1015625,16
quiet,fomc_no_pc,NQ,10,depth_ratio,0.5885099143256436,0.5181788150139405,0.6754122000326495,16
quiet,fomc_no_pc,NQ,10,spread_ratio,1.0,1.0,1.1015625,16
quiet,fomc_no_pc,NQ,11,depth_ratio,0.6222428674178854,0.533457153175463,0.7332401784274736,16
quiet,fomc_no_pc,NQ,11,spread_ratio,1.0,1.0,1.0,16
quiet,fomc_no_pc,NQ,12,depth_ratio,0.6212783505154639,0.5158714288830557,0.7479920473987707,16
quiet,fomc_no_pc,NQ,12,spread_ratio,1.0,1.0,1.0,16
quiet,fomc_no_pc,NQ,13,depth_ratio,0.5873918417799753,0.5136833346182783,0.7333930972658,16
quiet,fomc_no_pc,NQ,13,spread_ratio,1.0,1.0,1.1015625,16
quiet,fomc_no_pc,NQ,14,depth_ratio,0.6295401468330257,0.5027623580912699,0.7543056546945456,16
quiet,fomc_no_pc,NQ,14,spread_ratio,1.0,1.0,1.0,16
quiet,fomc_no_pc,NQ,15,depth_ratio,0.7001739130434783,0.523677825978033,0.7761178374490529,16
quiet,fomc_no_pc,NQ,15,spread_ratio,1.0,1.0,1.0,16
quiet,fomc_no_pc,NQ,16,depth_ratio,0.6607208414869503,0.601893195213431,0.7785928062251728,16
quiet,fomc_no_pc,NQ,16,spread_ratio,1.0,1.0,1.0,16
quiet,fomc_no_pc,NQ,17,depth_ratio,0.6548035010032518,0.5973477406679764,0.7488925189184028,16
quiet,fomc_no_pc,NQ,17,spread_ratio,1.0,1.0,1.0,16
quiet,fomc_no_pc,NQ,18,depth_ratio,0.686299746409593,0.5850949931210955,0.7956831900493871,16
quiet,fomc_no_pc,NQ,18,spread_ratio,1.0,0.9919354838709677,1.0,16
quiet,fomc_no_pc,NQ,19,depth_ratio,0.6748998035363458,0.5877371546862104,0.7632091660967962,16
quiet,fomc_no_pc,NQ,19,spread_ratio,1.0,1.0,1.0,16
quiet,fomc_no_pc,NQ,20,depth_ratio,0.6880769623200429,0.6146787484815655,0.7507983950212905,16
quiet,fomc_no_pc,NQ,20,spread_ratio,1.0,1.0,1.0,16
quiet,fomc_no_pc,NQ,21,depth_ratio,0.6643712150365584,0.5849532270400659,0.743844049247606,16
quiet,fomc_no_pc,NQ,21,spread_ratio,1.0,1.0,1.0,16
quiet,fomc_no_pc,NQ,22,depth_ratio,0.6393689849701663,0.6062153680835801,0.8049075519657303,16
quiet,fomc_no_pc,NQ,22,spread_ratio,1.0,0.9919354838709677,1.0,16
quiet,fomc_no_pc,NQ,23,depth_ratio,0.7236354710581514,0.6367254037745652,0.7831774519716885,16
quiet,fomc_no_pc,NQ,23,spread_ratio,1.0,1.0,1.0,16
quiet,fomc_no_pc,NQ,24,depth_ratio,0.751304347826087,0.5741395337871291,0.8515514523023909,16
quiet,fomc_no_pc,NQ,24,spread_ratio,1.0,1.0,1.0,16
quiet,fomc_no_pc,NQ,25,depth_ratio,0.6942584906502431,0.5285121966340065,0.7867261709793645,16
quiet,fomc_no_pc,NQ,25,spread_ratio,1.0,1.0,1.0,16
quiet,fomc_no_pc,NQ,26,depth_ratio,0.7203143612539585,0.5993550814209706,0.8391625526354001,16
quiet,fomc_no_pc,NQ,26,spread_ratio,1.0,1.0,1.0,16
quiet,fomc_no_pc,NQ,27,depth_ratio,0.7462262375305853,0.6167228243474348,0.9050489376939604,16
quiet,fomc_no_pc,NQ,27,spread_ratio,1.0,1.0,1.0,16
quiet,fomc_no_pc,NQ,28,depth_ratio,0.6762061855670103,0.6033451613137784,0.8793513694443635,16
quiet,fomc_no_pc,NQ,28,spread_ratio,1.0,1.0,1.0,16
quiet,fomc_no_pc,NQ,29,depth_ratio,0.6505616165959047,0.5646745102669125,0.8887381028611345,16
quiet,fomc_no_pc,NQ,29,spread_ratio,1.0,1.0,1.0,16
quiet,fomc_no_pc,NQ,30,depth_ratio,0.7172275814611395,0.5860432220039293,0.8790726428938993,16
quiet,fomc_no_pc,NQ,30,spread_ratio,1.0,0.9919354838709677,1.0,16
quiet,fomc_no_pc,NQ,31,depth_ratio,0.844046511627907,0.5513660558669744,0.9415615673437951,16
quiet,fomc_no_pc,NQ,31,spread_ratio,1.0,0.9919354838709677,1.0,16
quiet,fomc_no_pc,NQ,32,depth_ratio,0.7210286957856116,0.6178964905680657,0.8537051184110007,16
quiet,fomc_no_pc,NQ,32,spread_ratio,1.0,0.9919354838709677,1.0,16
quiet,fomc_no_pc,NQ,33,depth_ratio,0.7461082810093591,0.6288059332509272,0.8687062167591612,16
quiet,fomc_no_pc,NQ,33,spread_ratio,1.0,1.0,1.0,16
quiet,fomc_no_pc,NQ,34,depth_ratio,0.8037928916844566,0.6780118422515098,0.8891762307459982,16
quiet,fomc_no_pc,NQ,34,spread_ratio,1.0,1.0,1.0,16
quiet,fomc_no_pc,NQ,35,depth_ratio,0.7079568768875919,0.5756359380429018,0.918154274484114,16
quiet,fomc_no_pc,NQ,35,spread_ratio,1.0,0.9919354838709677,1.0,16
quiet,fomc_no_pc,NQ,36,depth_ratio,0.7361867756347318,0.6451304347826087,0.8993212669683258,16
quiet,fomc_no_pc,NQ,36,spread_ratio,1.0,1.0,1.0,16
quiet,fomc_no_pc,NQ,37,depth_ratio,0.8233084479371318,0.6853949549144639,0.9679681123143059,16
quiet,fomc_no_pc,NQ,37,spread_ratio,1.0,1.0,1.0,16
quiet,fomc_no_pc,NQ,38,depth_ratio,0.8151508202406188,0.6309623093049934,0.9101673022511994,16
quiet,fomc_no_pc,NQ,38,spread_ratio,1.0,0.9919354838709677,1.0,16
quiet,fomc_no_pc,NQ,39,depth_ratio,0.821529531896598,0.5452550335570471,0.8926544833584353,16
quiet,fomc_no_pc,NQ,39,spread_ratio,1.0,1.0,1.0,16
quiet,fomc_no_pc,NQ,40,depth_ratio,0.7613441518677281,0.603963530454603,0.887041097168447,16
quiet,fomc_no_pc,NQ,40,spread_ratio,1.0,1.0,1.0,16
quiet,fomc_no_pc,NQ,41,depth_ratio,0.7400988875154513,0.585853921694128,0.846876895087932,16
quiet,fomc_no_pc,NQ,41,spread_ratio,1.0,0.9919354838709677,1.0,16
quiet,fomc_no_pc,NQ,42,depth_ratio,0.7253585926928282,0.6126169885084705,0.8765273945605045,16
quiet,fomc_no_pc,NQ,42,spread_ratio,1.0,0.9919354838709677,1.0,16
quiet,fomc_no_pc,NQ,43,depth_ratio,0.7358127794095097,0.6471184709658593,0.8163189886967491,16
quiet,fomc_no_pc,NQ,43,spread_ratio,1.0,1.0,1.40625,16
quiet,fomc_no_pc,NQ,44,depth_ratio,0.7318083763022203,0.5867579871046005,0.8498028169014085,16
quiet,fomc_no_pc,NQ,44,spread_ratio,1.0,0.9919354838709677,1.0,16
quiet,fomc_no_pc,NQ,45,depth_ratio,0.7480642554808191,0.6003678748961644,0.8259583272832873,16
quiet,fomc_no_pc,NQ,45,spread_ratio,1.0,1.0,1.0,16
quiet,fomc_no_pc,NQ,46,depth_ratio,0.7233079336620349,0.6223878656554713,0.9209988497946378,16
quiet,fomc_no_pc,NQ,46,spread_ratio,1.0,1.0,1.0,16
quiet,fomc_no_pc,NQ,47,depth_ratio,0.760289271909258,0.6006129666011788,0.9398297485258635,16
quiet,fomc_no_pc,NQ,47,spread_ratio,1.0,1.0,1.0,16
quiet,fomc_no_pc,NQ,48,depth_ratio,0.7621601703242712,0.6560433928418894,0.8695460776186683,16
quiet,fomc_no_pc,NQ,48,spread_ratio,1.0,1.0,1.0,16
quiet,fomc_no_pc,NQ,49,depth_ratio,0.7524418604651163,0.6579618809481285,0.8333173556254314,16
quiet,fomc_no_pc,NQ,49,spread_ratio,1.0,1.0,1.0,16
quiet,fomc_no_pc,NQ,50,depth_ratio,0.7806739399150857,0.5992602196461256,0.9251805938725134,16
quiet,fomc_no_pc,NQ,50,spread_ratio,1.0,1.0,1.054054054054054,16
quiet,fomc_no_pc,NQ,51,depth_ratio,0.7176273854023214,0.6078488372093023,0.8841528715017483,16
quiet,fomc_no_pc,NQ,51,spread_ratio,1.0,1.0,1.0,16
quiet,fomc_no_pc,NQ,52,depth_ratio,0.7626845637583892,0.6167616621738933,0.8926544833584353,16
quiet,fomc_no_pc,NQ,52,spread_ratio,1.0,1.0,1.0,16
quiet,fomc_no_pc,NQ,53,depth_ratio,0.7103946876706816,0.6525457299936297,0.8860320633843152,16
quiet,fomc_no_pc,NQ,53,spread_ratio,1.0,0.9919354838709677,1.0,16
quiet,fomc_no_pc,NQ,54,depth_ratio,0.7573031674208145,0.6890457368718238,0.9349389714138614,16
quiet,fomc_no_pc,NQ,54,spread_ratio,1.0,1.0,1.0,16
quiet,fomc_no_pc,NQ,55,depth_ratio,0.7699586389886062,0.6990693806272072,0.862151937334426,16
quiet,fomc_no_pc,NQ,55,spread_ratio,1.0,1.0,1.0,16
quiet,fomc_no_pc,NQ,56,depth_ratio,0.7818114525541151,0.6786149911469604,0.8660053276136441,16
quiet,fomc_no_pc,NQ,56,spread_ratio,1.0,1.0,1.0,16
quiet,fomc_no_pc,NQ,57,depth_ratio,0.7419622035604603,0.7016836630930591,0.8155252214645338,16
quiet,fomc_no_pc,NQ,57,spread_ratio,1.0,0.9919354838709677,1.0,16
quiet,fomc_no_pc,NQ,58,depth_ratio,0.7387935509072716,0.6792128683980156,0.9220623129848101,16
quiet,fomc_no_pc,NQ,58,spread_ratio,1.0,1.0,1.0,16
quiet,fomc_no_pc,NQ,59,depth_ratio,0.7363489932885906,0.642769283334757,0.8917175334191378,16
quiet,fomc_no_pc,NQ,59,spread_ratio,1.0,1.0,1.0,16
quiet,fomc_no_pc,NQ,60,depth_ratio,0.8032398190045249,0.6472935512109717,0.8971522433570495,16
quiet,fomc_no_pc,NQ,60,spread_ratio,1.0,1.0,1.0,16
quiet,fomc_no_pc,NQ,61,depth_ratio,0.863911001236094,0.6817932447012782,0.9528537504094333,16
quiet,fomc_no_pc,NQ,61,spread_ratio,1.0,1.0,1.0,16
quiet,fomc_no_pc,NQ,62,depth_ratio,0.8841930448671409,0.6684393989354185,0.9946081694063953,16
quiet,fomc_no_pc,NQ,62,spread_ratio,1.0,1.0,1.0,16
quiet,fomc_no_pc,NQ,63,depth_ratio,0.8613217768147345,0.7476449921603439,0.9524952646532674,16
quiet,fomc_no_pc,NQ,63,spread_ratio,1.0,1.0,1.0,16
quiet,fomc_no_pc,NQ,64,depth_ratio,0.794284940411701,0.6407718120805369,0.9526696832579187,16
quiet,fomc_no_pc,NQ,64,spread_ratio,1.0,1.0,1.0,16
quiet,fomc_no_pc,NQ,65,depth_ratio,0.873622082384969,0.7653372156013001,1.0563769335999158,16
quiet,fomc_no_pc,NQ,65,spread_ratio,1.0,1.0,1.0,16
quiet,fomc_no_pc,NQ,66,depth_ratio,0.8163060417166147,0.69060600466766,0.9737212449255752,16
quiet,fomc_no_pc,NQ,66,spread_ratio,1.0,0.9919354838709677,1.0,16
quiet,fomc_no_pc,NQ,67,depth_ratio,0.8541040404682547,0.7777932254802831,0.9242783505154639,16
quiet,fomc_no_pc,NQ,67,spread_ratio,1.0,0.9919354838709677,1.0,16
quiet,fomc_no_pc,NQ,68,depth_ratio,0.809972856906197,0.6469849543892904,0.9216437632135306,16
quiet,fomc_no_pc,NQ,68,spread_ratio,1.0,0.9919354838709677,1.0,16
quiet,fomc_no_pc,NQ,69,depth_ratio,0.8254995973019228,0.7741791888454472,0.959097441717401,16
quiet,fomc_no_pc,NQ,69,spread_ratio,1.0,1.0,1.0,16
quiet,fomc_no_pc,NQ,70,depth_ratio,0.7945037161352193,0.6980887073241903,0.9393579118521143,16
quiet,fomc_no_pc,NQ,70,spread_ratio,1.0,1.0,1.0,16
quiet,fomc_no_pc,NQ,71,depth_ratio,0.828819068255688,0.6722862562007587,0.9467654609623636,16
quiet,fomc_no_pc,NQ,71,spread_ratio,1.0,0.9601814516129031,1.0,16
quiet,fomc_no_pc,NQ,72,depth_ratio,0.9089113453034802,0.7904454448525057,0.9682251797304771,16
quiet,fomc_no_pc,NQ,72,spread_ratio,1.0,1.0,1.0,16
quiet,fomc_no_pc,NQ,73,depth_ratio,0.8763059572407113,0.6969615360243331,1.0201942587729769,16
quiet,fomc_no_pc,NQ,73,spread_ratio,1.0,0.9919354838709677,1.0,16
quiet,fomc_no_pc,NQ,74,depth_ratio,0.9145470780753375,0.7741349416381148,0.9821912242686891,16
quiet,fomc_no_pc,NQ,74,spread_ratio,1.0,0.9601814516129031,1.0,16
quiet,fomc_no_pc,NQ,75,depth_ratio,0.957839082253785,0.7947834342288582,0.9942680412371133,16
quiet,fomc_no_pc,NQ,75,spread_ratio,1.0,0.9601814516129031,1.0,16
quiet,fomc_no_pc,NQ,76,depth_ratio,0.9165285832642917,0.7546139714541429,1.0469497800350303,16
quiet,fomc_no_pc,NQ,76,spread_ratio,1.0,0.9601814516129031,1.0,16
quiet,fomc_no_pc,NQ,77,depth_ratio,0.9444497930104939,0.7279456138105079,1.0029270704573547,16
quiet,fomc_no_pc,NQ,77,spread_ratio,1.0,0.9601814516129031,1.0,16
quiet,fomc_no_pc,NQ,78,depth_ratio,0.9089113453034802,0.7582280080889787,0.984443258432714,16
quiet,fomc_no_pc,NQ,78,spread_ratio,1.0,0.9919354838709677,1.0,16
quiet,fomc_no_pc,NQ,79,depth_ratio,0.8519770607399473,0.7184653068915163,0.9962494835669757,16
quiet,fomc_no_pc,NQ,79,spread_ratio,1.0,0.9601814516129031,1.0,16
quiet,fomc_no_pc,NQ,80,depth_ratio,0.9462177241468794,0.8688265462339253,1.0264612585716286,16
quiet,fomc_no_pc,NQ,80,spread_ratio,1.0,1.0,1.0,16
quiet,fomc_no_pc,NQ,81,depth_ratio,0.8748330771750359,0.8101798768380605,1.2224357854272234,16
quiet,fomc_no_pc,NQ,81,spread_ratio,1.0,0.9601814516129031,1.0,16
quiet,fomc_no_pc,NQ,82,depth_ratio,0.8826353576436273,0.7898423147581138,1.0671298434397083,16
quiet,fomc_no_pc,NQ,82,spread_ratio,1.0,0.9601814516129031,1.0,16
quiet,fomc_no_pc,NQ,83,depth_ratio,0.9729486200074435,0.8005457471371599,1.1574782608695653,16
quiet,fomc_no_pc,NQ,83,spread_ratio,1.0,1.0,1.0,16
quiet,fomc_no_pc,NQ,84,depth_ratio,1.0033199370959287,0.8159092077528148,1.0979098705671895,16
quiet,fomc_no_pc,NQ,84,spread_ratio,1.0,1.0,1.0,16
quiet,fomc_no_pc,NQ,85,depth_ratio,0.9626537505576446,0.8092999493061277,1.0102372881355932,16
quiet,fomc_no_pc,NQ,85,spread_ratio,1.0,0.9919354838709677,1.0,16
quiet,fomc_no_pc,NQ,86,depth_ratio,0.9222643553629469,0.849721941354904,1.0648605101246769,16
quiet,fomc_no_pc,NQ,86,spread_ratio,1.0,0.9919354838709677,1.0,16
quiet,fomc_no_pc,NQ,87,depth_ratio,0.9667959530478019,0.841852528618262,1.018729299808742,16
quiet,fomc_no_pc,NQ,87,spread_ratio,1.0,0.9919354838709677,1.0,16
quiet,fomc_no_pc,NQ,88,depth_ratio,0.9544945654709147,0.7516892592561867,1.0145626948940414,16
quiet,fomc_no_pc,NQ,88,spread_ratio,1.0,0.9919354838709677,1.0,16
quiet,fomc_no_pc,NQ,89,depth_ratio,0.9180188256387269,0.7728127773952431,1.0430908739433773,16
quiet,fomc_no_pc,NQ,89,spread_ratio,1.0,1.0,1.0,16
quiet,fomc_no_pc,NQ,90,depth_ratio,0.8919318691169879,0.7513575032909171,1.0939345396534401,16
quiet,fomc_no_pc,NQ,90,spread_ratio,1.0,0.9601814516129031,1.0,16
quiet,fomc_no_pc,NQ,91,depth_ratio,0.9513006473267802,0.8005457471371599,1.0276591676757378,16
quiet,fomc_no_pc,NQ,91,spread_ratio,1.0,1.0,1.0,16
quiet,fomc_no_pc,NQ,92,depth_ratio,0.887903176635571,0.7929792799378627,1.0248561141567805,16
quiet,fomc_no_pc,NQ,92,spread_ratio,1.0,0.9601814516129031,1.0,16
quiet,fomc_no_pc,NQ,93,depth_ratio,0.9336319263718711,0.7526893195594639,1.0862535211267605,16
quiet,fomc_no_pc,NQ,93,spread_ratio,1.0,0.9919354838709677,1.0,16
quiet,fomc_no_pc,NQ,94,depth_ratio,0.9435558848310526,0.7793670453574785,1.0144365095453824,16
quiet,fomc_no_pc,NQ,94,spread_ratio,1.0,0.9919354838709677,1.0,16
quiet,fomc_no_pc,NQ,95,depth_ratio,0.9707652960849892,0.7679080737165422,1.106121137206428,16
quiet,fomc_no_pc,NQ,95,spread_ratio,1.0,1.0,1.0,16
quiet,fomc_no_pc,NQ,96,depth_ratio,0.9255548986940398,0.6931383642890588,1.0867335014505615,16
quiet,fomc_no_pc,NQ,96,spread_ratio,1.0,1.0,1.0,16
quiet,fomc_no_pc,NQ,97,depth_ratio,0.9479190554228729,0.7913017215342796,1.1376382204559823,16
quiet,fomc_no_pc,NQ,97,spread_ratio,1.0,1.0,1.0,16
quiet,fomc_no_pc,NQ,98,depth_ratio,0.9337739365308082,0.8122020103859819,1.1847267202559901,16
quiet,fomc_no_pc,NQ,98,spread_ratio,1.0,0.9601814516129031,1.0,16
quiet,fomc_no_pc,NQ,99,depth_ratio,0.9257507844016135,0.7802148535660438,1.130116976396409,16
quiet,fomc_no_pc,NQ,99,spread_ratio,1.0,0.9919354838709677,1.0,16
quiet,fomc_no_pc,NQ,100,depth_ratio,0.9567100076484085,0.7634145778668531,1.1196761102893769,16
quiet,fomc_no_pc,NQ,100,spread_ratio,1.0,0.9601814516129031,1.0,16
quiet,fomc_no_pc,NQ,101,depth_ratio,0.9690896248374616,0.802946295539352,1.1954788732394366,16
quiet,fomc_no_pc,NQ,101,spread_ratio,1.0,0.9919354838709677,1.0,16
quiet,fomc_no_pc,NQ,102,depth_ratio,0.966460464569968,0.7499614415711275,1.191725663651944,16
quiet,fomc_no_pc,NQ,102,spread_ratio,1.0,1.0,1.0,16
quiet,fomc_no_pc,NQ,103,depth_ratio,0.9113986243039633,0.7365162916558551,1.075060593537434,16
quiet,fomc_no_pc,NQ,103,spread_ratio,1.0,1.0,1.0,16
quiet,fomc_no_pc,NQ,104,depth_ratio,0.9623650996890434,0.8504741756638459,1.086689822191065,16
quiet,fomc_no_pc,NQ,104,spread_ratio,1.0,1.0,1.0,16
quiet,fomc_no_pc,NQ,105,depth_ratio,0.9560250874841136,0.7759676472839537,1.1385858571767364,16
quiet,fomc_no_pc,NQ,105,spread_ratio,1.0,1.0,1.0,16
quiet,fomc_no_pc,NQ,106,depth_ratio,0.9444497930104939,0.8333305863583023,1.01939342239001,16
quiet,fomc_no_pc,NQ,106,spread_ratio,1.0,0.9919354838709677,1.0,16
quiet,fomc_no_pc,NQ,107,depth_ratio,1.0260430606242972,0.7442085931493978,1.167100698386174,16
quiet,fomc_no_pc,NQ,107,spread_ratio,1.0,0.9601814516129031,1.0,16
quiet,fomc_no_pc,NQ,108,depth_ratio,0.9439227863278312,0.8219408337068579,1.0499093959731545,16
quiet,fomc_no_pc,NQ,108,spread_ratio,1.0,0.9601814516129031,1.0,16
quiet,fomc_no_pc,NQ,109,depth_ratio,0.9910527194873819,0.8236408797257271,1.0685265438786566,16
quiet,fomc_no_pc,NQ,109,spread_ratio,1.0,0.9601814516129031,1.0,16
quiet,fomc_no_pc,NQ,110,depth_ratio,1.027091010869058,0.8292288850157803,1.0882057760880346,16
quiet,fomc_no_pc,NQ,110,spread_ratio,1.0,0.9919354838709677,1.0,16
quiet,fomc_no_pc,NQ,111,depth_ratio,1.180759609864157,1.003514060954355,1.4587963582808943,16
quiet,fomc_no_pc,NQ,111,spread_ratio,1.0,0.9919354838709677,1.0,16
quiet,fomc_no_pc,NQ,112,depth_ratio,1.116895280174043,1.0396007020623081,1.2951858880556064,16
quiet,fomc_no_pc,NQ,112,spread_ratio,1.0,0.9919354838709677,1.0,16
quiet,fomc_no_pc,NQ,113,depth_ratio,1.2808303096846436,1.1140407888839086,1.5578441558441558,16
quiet,fomc_no_pc,NQ,113,spread_ratio,1.0,0.9601814516129031,1.0,16
quiet,fomc_no_pc,NQ,114,depth_ratio,1.2330022723210865,1.0436041695869915,1.4090657404610893,16
quiet,fomc_no_pc,NQ,114,spread_ratio,1.0,0.9601814516129031,1.0,16
quiet,fomc_no_pc,NQ,115,depth_ratio,1.3454268735958876,1.1728876127973749,1.6020400755045738,16
quiet,fomc_no_pc,NQ,115,spread_ratio,1.0,0.9601814516129031,1.0,16
quiet,fomc_no_pc,NQ,116,depth_ratio,1.4265781601999155,1.1894295302013422,1.6784005412719893,16
quiet,fomc_no_pc,NQ,116,spread_ratio,1.0,0.9601814516129031,1.0,16
quiet,fomc_no_pc,NQ,117,depth_ratio,1.4589640133404855,1.2421258847320527,1.8193200244315662,16
quiet,fomc_no_pc,NQ,117,spread_ratio,1.0,0.9601814516129031,1.0,16
quiet,fomc_no_pc,NQ,118,depth_ratio,1.5972272717357319,1.1676121125432766,1.8566942738043002,16
quiet,fomc_no_pc,NQ,118,spread_ratio,1.0,0.9601814516129031,1.0,16
quiet,fomc_no_pc,NQ,119,depth_ratio,1.354752157758113,1.1951672154043242,1.7778041114642666,16
quiet,fomc_no_pc,NQ,119,spread_ratio,1.0,0.9601814516129031,1.0,16
quiet,fomc_no_pc,ZN,-30,depth_ratio,1.0495399576629287,0.9899222535838906,1.080583616872237,16
quiet,fomc_no_pc,ZN,-30,spread_ratio,1.0,1.0,1.0,16
quiet,fomc_no_pc,ZN,-29,depth_ratio,1.001828700178464,0.9393487073679351,1.0758890891794513,16
quiet,fomc_no_pc,ZN,-29,spread_ratio,1.0,1.0,1.0,16
quiet,fomc_no_pc,ZN,-28,depth_ratio,0.9802057629446587,0.9022621136171021,1.085250010118358,16
quiet,fomc_no_pc,ZN,-28,spread_ratio,1.0,1.0,1.0,16
quiet,fomc_no_pc,ZN,-27,depth_ratio,0.9953743247252713,0.9325391884246809,1.079502038996884,16
quiet,fomc_no_pc,ZN,-27,spread_ratio,1.0,1.0,1.0,16
quiet,fomc_no_pc,ZN,-26,depth_ratio,0.9780474534774138,0.9398887809004068,1.0535531156419249,16
quiet,fomc_no_pc,ZN,-26,spread_ratio,1.0,1.0,1.0,16
quiet,fomc_no_pc,ZN,-25,depth_ratio,0.94516798149506,0.9012655527049152,1.0829640953174007,16
quiet,fomc_no_pc,ZN,-25,spread_ratio,1.0,1.0,1.0,16
quiet,fomc_no_pc,ZN,-24,depth_ratio,0.9419427919437771,0.890172126653366,1.0192096481965596,16
quiet,fomc_no_pc,ZN,-24,spread_ratio,1.0,1.0,1.0,16
quiet,fomc_no_pc,ZN,-23,depth_ratio,0.9614833940808807,0.8886067885056261,1.0632303549728952,16
quiet,fomc_no_pc,ZN,-23,spread_ratio,1.0,1.0,1.0,16
quiet,fomc_no_pc,ZN,-22,depth_ratio,1.0184256524726958,0.8910173950526428,1.0714529631265457,16
quiet,fomc_no_pc,ZN,-22,spread_ratio,1.0,1.0,1.0,16
quiet,fomc_no_pc,ZN,-21,depth_ratio,1.0424916422851942,1.0008102846670102,1.0904120697954935,16
quiet,fomc_no_pc,ZN,-21,spread_ratio,1.0,1.0,1.0,16
quiet,fomc_no_pc,ZN,-20,depth_ratio,1.0010892338889978,0.9767706150305444,1.0612248039029155,16
quiet,fomc_no_pc,ZN,-20,spread_ratio,1.0,1.0,1.0,16
quiet,fomc_no_pc,ZN,-19,depth_ratio,1.0129676584852514,0.9527893949313655,1.0403493401738975,16
quiet,fomc_no_pc,ZN,-19,spread_ratio,1.0,1.0,1.0,16
quiet,fomc_no_pc,ZN,-18,depth_ratio,0.9675009485076249,0.8395354265343156,1.017121479502179,16
quiet,fomc_no_pc,ZN,-18,spread_ratio,1.0,1.0,1.0,16
quiet,fomc_no_pc,ZN,-17,depth_ratio,0.9417055648620889,0.8556826350166702,1.0143818223307015,16
quiet,fomc_no_pc,ZN,-17,spread_ratio,1.0,1.0,1.0,16
quiet,fomc_no_pc,ZN,-16,depth_ratio,0.9588369874228344,0.9080230663507278,1.0298191412901265,16
quiet,fomc_no_pc,ZN,-16,spread_ratio,1.0,1.0,1.0,16
quiet,fomc_no_pc,ZN,-15,depth_ratio,0.8937500608567901,0.8247237981278195,0.9750778739614268,16
quiet,fomc_no_pc,ZN,-15,spread_ratio,1.0,1.0,1.0,16
quiet,fomc_no_pc,ZN,-14,depth_ratio,0.8854586309814491,0.8423315870728207,0.9700129743937194,16
quiet,fomc_no_pc,ZN,-14,spread_ratio,1.0,1.0,1.0,16
quiet,fomc_no_pc,ZN,-13,depth_ratio,0.9132895142956365,0.7971763179483845,1.0057370111697577,16
quiet,fomc_no_pc,ZN,-13,spread_ratio,1.0,1.0,1.0,16
quiet,fomc_no_pc,ZN,-12,depth_ratio,0.8859584989589827,0.8117402745336185,1.0059536147304504,16
quiet,fomc_no_pc,ZN,-12,spread_ratio,1.0,1.0,1.0,16
quiet,fomc_no_pc,ZN,-11,depth_ratio,0.8488679093279685,0.7924100141425908,0.9346759979088213,16
quiet,fomc_no_pc,ZN,-11,spread_ratio,1.0,1.0,1.0,16
quiet,fomc_no_pc,ZN,-10,depth_ratio,0.9294358808677268,0.7840191227081343,1.0986635698016727,16
quiet,fomc_no_pc,ZN,-10,spread_ratio,1.0,1.0,1.0,16
quiet,fomc_no_pc,ZN,-9,depth_ratio,0.7206573125816815,0.6540571906799523,0.9684717399872362,16
quiet,fomc_no_pc,ZN,-9,spread_ratio,1.0,1.0,1.0,16
quiet,fomc_no_pc,ZN,-8,depth_ratio,0.684407937194346,0.5819685787088895,0.7141044793316568,16
quiet,fomc_no_pc,ZN,-8,spread_ratio,1.0,1.0,1.0,16
quiet,fomc_no_pc,ZN,-7,depth_ratio,0.6655679003339054,0.6199237571118906,0.7780577153234103,16
quiet,fomc_no_pc,ZN,-7,spread_ratio,1.0,1.0,1.0,16
quiet,fomc_no_pc,ZN,-6,depth_ratio,0.5768535972587315,0.5351260964267746,0.6643135633107886,16
quiet,fomc_no_pc,ZN,-6,spread_ratio,1.0,1.0,1.0,16
quiet,fomc_no_pc,ZN,-5,depth_ratio,0.5192891826315427,0.3540519506302123,0.6167405411847409,16
quiet,fomc_no_pc,ZN,-5,spread_ratio,1.0,1.0,1.0,16
quiet,fomc_no_pc,ZN,-4,depth_ratio,0.41336550079981216,0.31297409701653656,0.5584391920078099,16
quiet,fomc_no_pc,ZN,-4,spread_ratio,1.0,1.0,1.0,16
quiet,fomc_no_pc,ZN,-3,depth_ratio,0.31635934256792875,0.19664199247970984,0.38949194123062736,16
quiet,fomc_no_pc,ZN,-3,spread_ratio,1.0,1.0,1.0,16
quiet,fomc_no_pc,ZN,-2,depth_ratio,0.25583324378567823,0.13990726122024985,0.4057684306533196,16
quiet,fomc_no_pc,ZN,-2,spread_ratio,1.0,1.0,1.0,16
quiet,fomc_no_pc,ZN,-1,depth_ratio,0.11693480961330135,0.06572776593060933,0.22469354957670612,16
quiet,fomc_no_pc,ZN,-1,spread_ratio,1.0,1.0,1.0,16
quiet,fomc_no_pc,ZN,0,depth_ratio,0.1084532393578449,0.07348321354136758,0.13382438673396024,16
quiet,fomc_no_pc,ZN,0,spread_ratio,1.0,1.0,1.0,16
quiet,fomc_no_pc,ZN,1,depth_ratio,0.262429150783732,0.21600567181656596,0.33898070704126493,16
quiet,fomc_no_pc,ZN,1,spread_ratio,1.0,1.0,1.0,16
quiet,fomc_no_pc,ZN,2,depth_ratio,0.3578087645089049,0.28812445198337405,0.40868159907600543,16
quiet,fomc_no_pc,ZN,2,spread_ratio,1.0,1.0,1.0,16
quiet,fomc_no_pc,ZN,3,depth_ratio,0.3845863957996336,0.2829706346250154,0.4718185279753727,16
quiet,fomc_no_pc,ZN,3,spread_ratio,1.0,1.0,1.0,16
quiet,fomc_no_pc,ZN,4,depth_ratio,0.4534457725520125,0.31769488358083264,0.5084299818506482,16
quiet,fomc_no_pc,ZN,4,spread_ratio,1.0,1.0,1.0,16
quiet,fomc_no_pc,ZN,5,depth_ratio,0.4511952268222472,0.3406330332846469,0.606533011153345,16
quiet,fomc_no_pc,ZN,5,spread_ratio,1.0,1.0,1.0,16
quiet,fomc_no_pc,ZN,6,depth_ratio,0.5061557001316865,0.3679657266687103,0.6365644943350379,16
quiet,fomc_no_pc,ZN,6,spread_ratio,1.0,1.0,1.0,16
quiet,fomc_no_pc,ZN,7,depth_ratio,0.4869718759789395,0.3813859285037997,0.659099544694393,16
quiet,fomc_no_pc,ZN,7,spread_ratio,1.0,1.0,1.0,16
quiet,fomc_no_pc,ZN,8,depth_ratio,0.5644989020203801,0.38381471561971714,0.654371533930463,16
quiet,fomc_no_pc,ZN,8,spread_ratio,1.0,1.0,1.0,16
quiet,fomc_no_pc,ZN,9,depth_ratio,0.5377965571775722,0.38177924475599084,0.6544206933928416,16
quiet,fomc_no_pc,ZN,9,spread_ratio,1.0,1.0,1.0,16
quiet,fomc_no_pc,ZN,10,depth_ratio,0.5244980659992478,0.4196661811314699,0.7119618405291622,16
quiet,fomc_no_pc,ZN,10,spread_ratio,1.0,1.0,1.0,16
quiet,fomc_no_pc,ZN,11,depth_ratio,0.5149831764653827,0.43109787278081213,0.7276610208326395,16
quiet,fomc_no_pc,ZN,11,spread_ratio,1.0,1.0,1.0,16
quiet,fomc_no_pc,ZN,12,depth_ratio,0.5457482939862655,0.42920672218619194,0.8234647897140085,16
quiet,fomc_no_pc,ZN,12,spread_ratio,1.0,1.0,1.0,16
quiet,fomc_no_pc,ZN,13,depth_ratio,0.6200300693977564,0.4634452503161117,0.8935077678661174,16
quiet,fomc_no_pc,ZN,13,spread_ratio,1.0,1.0,1.0,16
quiet,fomc_no_pc,ZN,14,depth_ratio,0.6553009320597436,0.45598797941848035,0.8216110408525334,16
quiet,fomc_no_pc,ZN,14,spread_ratio,1.0,1.0,1.0,16
quiet,fomc_no_pc,ZN,15,depth_ratio,0.6367764542926522,0.45546447441483484,0.7346332831763436,16
quiet,fomc_no_pc,ZN,15,spread_ratio,1.0,1.0,1.0,16
quiet,fomc_no_pc,ZN,16,depth_ratio,0.6340466112363896,0.5104853650353125,0.7937425118391938,16
quiet,fomc_no_pc,ZN,16,spread_ratio,1.0,1.0,1.0,16
quiet,fomc_no_pc,ZN,17,depth_ratio,0.6397588518143049,0.4969920474961254,0.8357101011143743,16
quiet,fomc_no_pc,ZN,17,spread_ratio,1.0,1.0,1.0,16
quiet,fomc_no_pc,ZN,18,depth_ratio,0.670362213147469,0.547378224277613,0.9356070380980903,16
quiet,fomc_no_pc,ZN,18,spread_ratio,1.0,1.0,1.0,16
quiet,fomc_no_pc,ZN,19,depth_ratio,0.6402074687806731,0.5158922707097718,0.9401870705738047,16
quiet,fomc_no_pc,ZN,19,spread_ratio,1.0,1.0,1.0,16
quiet,fomc_no_pc,ZN,20,depth_ratio,0.6235512506633292,0.5520760972545025,0.9426822273504415,16
quiet,fomc_no_pc,ZN,20,spread_ratio,1.0,1.0,1.0,16
quiet,fomc_no_pc,ZN,21,depth_ratio,0.6780560094336916,0.6068415767937785,0.9974346516807424,16
quiet,fomc_no_pc,ZN,21,spread_ratio,1.0,1.0,1.0,16
quiet,fomc_no_pc,ZN,22,depth_ratio,0.7297471664627346,0.5495989377182069,0.8932204171587073,16
quiet,fomc_no_pc,ZN,22,spread_ratio,1.0,1.0,1.0,16
quiet,fomc_no_pc,ZN,23,depth_ratio,0.6693782691895,0.594908003485746,0.9880126772442082,16
quiet,fomc_no_pc,ZN,23,spread_ratio,1.0,1.0,1.0,16
quiet,fomc_no_pc,ZN,24,depth_ratio,0.7464031964600537,0.6463182576055992,0.9871130300462595,16
quiet,fomc_no_pc,ZN,24,spread_ratio,1.0,1.0,1.0,16
quiet,fomc_no_pc,ZN,25,depth_ratio,0.7720955421845556,0.6061338279664682,0.872791343024486,16
quiet,fomc_no_pc,ZN,25,spread_ratio,1.0,1.0,1.0,16
quiet,fomc_no_pc,ZN,26,depth_ratio,0.7916609383341792,0.656998836029878,0.9683137759923591,16
quiet,fomc_no_pc,ZN,26,spread_ratio,1.0,1.0,1.0,16
quiet,fomc_no_pc,ZN,27,depth_ratio,0.7306268843442576,0.6062666039719631,0.957079250200196,16
quiet,fomc_no_pc,ZN,27,spread_ratio,1.0,1.0,1.0,16
quiet,fomc_no_pc,ZN,28,depth_ratio,0.7732950257063262,0.5999392908502174,0.9654992112719905,16
quiet,fomc_no_pc,ZN,28,spread_ratio,1.0,1.0,1.0,16
quiet,fomc_no_pc,ZN,29,depth_ratio,0.8960036301695052,0.6678124303876797,0.9868416892537594,16
quiet,fomc_no_pc,ZN,29,spread_ratio,1.0,1.0,1.0,16
quiet,fomc_no_pc,ZN,30,depth_ratio,0.8978174686968112,0.6758840177618541,1.0483484552879592,16
quiet,fomc_no_pc,ZN,30,spread_ratio,1.0,1.0,1.0,16
quiet,fomc_no_pc,ZN,31,depth_ratio,0.9117467221463134,0.7090445714414951,0.9887575663702274,16
quiet,fomc_no_pc,ZN,31,spread_ratio,1.0,1.0,1.0,16
quiet,fomc_no_pc,ZN,32,depth_ratio,0.9271074374013455,0.6852234754374124,1.181105951214441,16
quiet,fomc_no_pc,ZN,32,spread_ratio,1.0,1.0,1.0,16
quiet,fomc_no_pc,ZN,33,depth_ratio,0.8999214057626698,0.6655843957943707,1.1336837475852035,16
quiet,fomc_no_pc,ZN,33,spread_ratio,1.0,1.0,1.0,16
quiet,fomc_no_pc,ZN,34,depth_ratio,0.951147759894669,0.7190407277396402,1.2058974272322818,16
quiet,fomc_no_pc,ZN,34,spread_ratio,1.0,1.0,1.0,16
quiet,fomc_no_pc,ZN,35,depth_ratio,0.9459213499537922,0.7908147635644127,1.1429962109486085,16
quiet,fomc_no_pc,ZN,35,spread_ratio,1.0,1.0,1.0,16
quiet,fomc_no_pc,ZN,36,depth_ratio,0.8924883385343543,0.6308373196096884,1.159097862110571,16
quiet,fomc_no_pc,ZN,36,spread_ratio,1.0,1.0,1.0,16
quiet,fomc_no_pc,ZN,37,depth_ratio,0.985221848268583,0.7086936860542282,1.0742052781553104,16
quiet,fomc_no_pc,ZN,37,spread_ratio,1.0,1.0,1.0,16
quiet,fomc_no_pc,ZN,38,depth_ratio,0.8881141465018614,0.8079716136094365,1.0650046808571498,16
quiet,fomc_no_pc,ZN,38,spread_ratio,1.0,1.0,1.0,16
quiet,fomc_no_pc,ZN,39,depth_ratio,0.956809776448462,0.7689177500533626,1.159936461205117,16
quiet,fomc_no_pc,ZN,39,spread_ratio,1.0,1.0,1.0,16
quiet,fomc_no_pc,ZN,40,depth_ratio,1.030119989485006,0.758899264803952,1.1096229329267542,16
quiet,fomc_no_pc,ZN,40,spread_ratio,1.0,1.0,1.0,16
quiet,fomc_no_pc,ZN,41,depth_ratio,0.9660955267455305,0.8549200864383777,1.1113669780624456,16
quiet,fomc_no_pc,ZN,41,spread_ratio,1.0,1.0,1.0,16
quiet,fomc_no_pc,ZN,42,depth_ratio,0.9682390789300399,0.8318309677332375,1.140276956092168,16
quiet,fomc_no_pc,ZN,42,spread_ratio,1.0,1.0,1.0,16
quiet,fomc_no_pc,ZN,43,depth_ratio,0.8919406095167157,0.7626539376241337,1.0446677660815706,16
quiet,fomc_no_pc,ZN,43,spread_ratio,1.0,1.0,1.0,16
quiet,fomc_no_pc,ZN,44,depth_ratio,0.9409981896618731,0.8074274300617993,1.0577199221861429,16
quiet,fomc_no_pc,ZN,44,spread_ratio,1.0,1.0,1.0,16
quiet,fomc_no_pc,ZN,45,depth_ratio,0.9557553378457645,0.7195971927015827,1.0598030007278059,16
quiet,fomc_no_pc,ZN,45,spread_ratio,1.0,1.0,1.0,16
quiet,fomc_no_pc,ZN,46,depth_ratio,0.9511828668079745,0.7310505846333616,1.1715428581216056,16
quiet,fomc_no_pc,ZN,46,spread_ratio,1.0,1.0,1.0,16
quiet,fomc_no_pc,ZN,47,depth_ratio,1.004108188193496,0.694249681034554,1.1318280037236197,16
quiet,fomc_no_pc,ZN,47,spread_ratio,1.0,1.0,1.0,16
quiet,fomc_no_pc,ZN,48,depth_ratio,0.9646410347472973,0.7099241313805462,1.2532554720402758,16
quiet,fomc_no_pc,ZN,48,spread_ratio,1.0,1.0,1.0,16
quiet,fomc_no_pc,ZN,49,depth_ratio,1.0081413619217918,0.805457965824081,1.2972409768736908,16
quiet,fomc_no_pc,ZN,49,spread_ratio,1.0,1.0,1.0,16
quiet,fomc_no_pc,ZN,50,depth_ratio,1.0386818726569316,0.7996425756148582,1.340048869534848,16
quiet,fomc_no_pc,ZN,50,spread_ratio,1.0,1.0,1.0,16
quiet,fomc_no_pc,ZN,51,depth_ratio,1.088413274856138,0.7459524341487205,1.4712043802726562,16
quiet,fomc_no_pc,ZN,51,spread_ratio,1.0,1.0,1.0,16
quiet,fomc_no_pc,ZN,52,depth_ratio,1.0868750502541609,0.8436485628198279,1.545509739365769,16
quiet,fomc_no_pc,ZN,52,spread_ratio,1.0,1.0,1.0,16
quiet,fomc_no_pc,ZN,53,depth_ratio,1.189651633758499,0.9867798814656947,1.37261115321852,16
quiet,fomc_no_pc,ZN,53,spread_ratio,1.0,1.0,1.0,16
quiet,fomc_no_pc,ZN,54,depth_ratio,1.2030177530104238,0.9460516189230838,1.4252781965803165,16
quiet,fomc_no_pc,ZN,54,spread_ratio,1.0,1.0,1.0,16
quiet,fomc_no_pc,ZN,55,depth_ratio,1.4001649210229563,1.1867222035189053,1.6313580867841597,16
quiet,fomc_no_pc,ZN,55,spread_ratio,1.0,1.0,1.0,16
quiet,fomc_no_pc,ZN,56,depth_ratio,1.410095776609242,1.0360708784341481,1.6889996569738197,16
quiet,fomc_no_pc,ZN,56,spread_ratio,1.0,1.0,1.0,16
quiet,fomc_no_pc,ZN,57,depth_ratio,1.5387245986511229,1.1028648009579554,1.8832478374006254,16
quiet,fomc_no_pc,ZN,57,spread_ratio,1.0,1.0,1.0,16
quiet,fomc_no_pc,ZN,58,depth_ratio,1.4871263227565321,1.1317634067237217,2.017226766473114,16
quiet,fomc_no_pc,ZN,58,spread_ratio,1.0,1.0,1.0,16
quiet,fomc_no_pc,ZN,59,depth_ratio,1.7480947020677646,1.4348972995215985,2.3151976299796773,16
quiet,fomc_no_pc,ZN,59,spread_ratio,1.0,1.0,1.0,16
quiet,fomc_no_pc,ZN,60,depth_ratio,1.3117696230488334,1.094967557415895,1.6637532074775478,16
quiet,fomc_no_pc,ZN,60,spread_ratio,1.0,1.0,1.0,16
quiet,fomc_no_pc,ZN,61,depth_ratio,1.1046735522500812,0.9961072821421042,1.7850984266455165,16
quiet,fomc_no_pc,ZN,61,spread_ratio,1.0,1.0,1.0,16
quiet,fomc_no_pc,ZN,62,depth_ratio,1.2125553015540314,1.0130743771853963,1.5567279366820579,16
quiet,fomc_no_pc,ZN,62,spread_ratio,1.0,1.0,1.0,16
quiet,fomc_no_pc,ZN,63,depth_ratio,1.1528989175993951,1.039422421849843,1.3988541509091488,16
quiet,fomc_no_pc,ZN,63,spread_ratio,1.0,1.0,1.0,16
quiet,fomc_no_pc,ZN,64,depth_ratio,1.0384303862788253,0.9134960014561258,1.3343722414304042,16
quiet,fomc_no_pc,ZN,64,spread_ratio,1.0,1.0,1.0,16
quiet,fomc_no_pc,ZN,65,depth_ratio,1.0262935575343275,0.841061430254837,1.5027925462226546,16
quiet,fomc_no_pc,ZN,65,spread_ratio,1.0,1.0,1.0,16
quiet,fomc_no_pc,ZN,66,depth_ratio,1.0826491309982167,0.8204113345130437,1.4661915291671224,16
quiet,fomc_no_pc,ZN,66,spread_ratio,1.0,1.0,1.0,16
quiet,fomc_no_pc,ZN,67,depth_ratio,1.04541216666271,0.8073330620564962,1.4753834465034052,16
quiet,fomc_no_pc,ZN,67,spread_ratio,1.0,1.0,1.0,16
quiet,fomc_no_pc,ZN,68,depth_ratio,1.137467194644881,0.9447568979953699,1.3614853312062092,16
quiet,fomc_no_pc,ZN,68,spread_ratio,1.0,1.0,1.0,16
quiet,fomc_no_pc,ZN,69,depth_ratio,1.0674948280770753,0.8973858447978557,1.3648576568478954,16
quiet,fomc_no_pc,ZN,69,spread_ratio,1.0,1.0,1.0,16
quiet,fomc_no_pc,ZN,70,depth_ratio,0.9300251142261471,0.7905222082196999,1.367304105917765,16
quiet,fomc_no_pc,ZN,70,spread_ratio,1.0,1.0,1.0,16
quiet,fomc_no_pc,ZN,71,depth_ratio,0.9278479140963858,0.7860800475332919,1.376567888698578,16
quiet,fomc_no_pc,ZN,71,spread_ratio,1.0,1.0,1.0,16
quiet,fomc_no_pc,ZN,72,depth_ratio,1.0523554024639274,0.8627936431699628,1.419937598528479,16
quiet,fomc_no_pc,ZN,72,spread_ratio,1.0,1.0,1.0,16
quiet,fomc_no_pc,ZN,73,depth_ratio,1.042233728565523,0.8413292154897718,1.3661036292412176,16
quiet,fomc_no_pc,ZN,73,spread_ratio,1.0,1.0,1.0,16
quiet,fomc_no_pc,ZN,74,depth_ratio,0.97342935045357,0.7797408837563095,1.4519268177581137,16
quiet,fomc_no_pc,ZN,74,spread_ratio,1.0,1.0,1.0,16
quiet,fomc_no_pc,ZN,75,depth_ratio,0.9872507993677497,0.8884245166844196,1.3967968834960622,16
quiet,fomc_no_pc,ZN,75,spread_ratio,1.0,1.0,1.0,16
quiet,fomc_no_pc,ZN,76,depth_ratio,1.0808023588561575,0.8354846930021788,1.5056505511131413,16
quiet,fomc_no_pc,ZN,76,spread_ratio,1.0,1.0,1.0,16
quiet,fomc_no_pc,ZN,77,depth_ratio,1.0115168449242575,0.8511024624260085,1.48874243214939,16
quiet,fomc_no_pc,ZN,77,spread_ratio,1.0,1.0,1.0,16
quiet,fomc_no_pc,ZN,78,depth_ratio,0.9907200570144908,0.7517297938377774,1.4988328691507267,16
quiet,fomc_no_pc,ZN,78,spread_ratio,1.0,1.0,1.0,16
quiet,fomc_no_pc,ZN,79,depth_ratio,1.0554576157381104,0.8001952307589542,1.539803481698178,16
quiet,fomc_no_pc,ZN,79,spread_ratio,1.0,1.0,1.0,16
quiet,fomc_no_pc,ZN,80,depth_ratio,1.1245398762399954,0.8996800661398652,1.4207309585396382,16
quiet,fomc_no_pc,ZN,80,spread_ratio,1.0,1.0,1.0,16
quiet,fomc_no_pc,ZN,81,depth_ratio,1.0619890714226876,0.8991318025013965,1.4548478152711704,16
quiet,fomc_no_pc,ZN,81,spread_ratio,1.0,1.0,1.0,16
quiet,fomc_no_pc,ZN,82,depth_ratio,1.1005338033874206,0.8807440818313331,1.5149891104418511,16
quiet,fomc_no_pc,ZN,82,spread_ratio,1.0,1.0,1.0,16
quiet,fomc_no_pc,ZN,83,depth_ratio,1.1383944538502901,1.0128097288934061,1.4203606490894165,16
quiet,fomc_no_pc,ZN,83,spread_ratio,1.0,1.0,1.0,16
quiet,fomc_no_pc,ZN,84,depth_ratio,1.099127473941023,0.8577556670053508,1.2733776451090266,16
quiet,fomc_no_pc,ZN,84,spread_ratio,1.0,1.0,1.0,16
quiet,fomc_no_pc,ZN,85,depth_ratio,1.10803926719972,0.845720519646511,1.242030314438046,16
quiet,fomc_no_pc,ZN,85,spread_ratio,1.0,1.0,1.0,16
quiet,fomc_no_pc,ZN,86,depth_ratio,1.1567011580455335,0.7550929502866011,1.319340091409655,16
quiet,fomc_no_pc,ZN,86,spread_ratio,1.0,1.0,1.0,16
quiet,fomc_no_pc,ZN,87,depth_ratio,1.1512260141071278,0.7632129996845951,1.4128365713850606,16
quiet,fomc_no_pc,ZN,87,spread_ratio,1.0,1.0,1.0,16
quiet,fomc_no_pc,ZN,88,depth_ratio,1.1707356655746786,0.8211963451637866,1.4217722951784748,16
quiet,fomc_no_pc,ZN,88,spread_ratio,1.0,1.0,1.0,16
quiet,fomc_no_pc,ZN,89,depth_ratio,1.2113113161262967,0.884166718020376,1.3706026194840293,16
quiet,fomc_no_pc,ZN,89,spread_ratio,1.0,1.0,1.0,16
quiet,fomc_no_pc,ZN,90,depth_ratio,1.1539959707220102,0.8611753389348106,1.3627526566065273,16
quiet,fomc_no_pc,ZN,90,spread_ratio,1.0,1.0,1.0,16
quiet,fomc_no_pc,ZN,91,depth_ratio,1.1267751104425292,0.938018225915136,1.2876882144274744,16
quiet,fomc_no_pc,ZN,91,spread_ratio,1.0,1.0,1.0,16
quiet,fomc_no_pc,ZN,92,depth_ratio,1.105626345645868,0.8796162930145836,1.340680817033581,16
quiet,fomc_no_pc,ZN,92,spread_ratio,1.0,1.0,1.0,16
quiet,fomc_no_pc,ZN,93,depth_ratio,1.1197004032675302,1.0229258944653352,1.2812848506360366,16
quiet,fomc_no_pc,ZN,93,spread_ratio,1.0,1.0,1.0,16
quiet,fomc_no_pc,ZN,94,depth_ratio,1.0135394241154227,0.8732948761614364,1.1744548782279804,16
quiet,fomc_no_pc,ZN,94,spread_ratio,1.0,1.0,1.0,16
quiet,fomc_no_pc,ZN,95,depth_ratio,0.9715768208030062,0.8564724080467931,1.2180156981045378,16
quiet,fomc_no_pc,ZN,95,spread_ratio,1.0,1.0,1.0,16
quiet,fomc_no_pc,ZN,96,depth_ratio,1.029130588404223,0.8552560370491974,1.2486289700128894,16
quiet,fomc_no_pc,ZN,96,spread_ratio,1.0,1.0,1.0,16
quiet,fomc_no_pc,ZN,97,depth_ratio,1.0718301345025645,0.8561773378160936,1.2648122400673474,16
quiet,fomc_no_pc,ZN,97,spread_ratio,1.0,1.0,1.0,16
quiet,fomc_no_pc,ZN,98,depth_ratio,1.1285086199535903,0.9402861696885929,1.3234546333972736,16
quiet,fomc_no_pc,ZN,98,spread_ratio,1.0,1.0,1.0,16
quiet,fomc_no_pc,ZN,99,depth_ratio,1.1393770955130638,0.9791269848448358,1.3109142088367638,16
quiet,fomc_no_pc,ZN,99,spread_ratio,1.0,1.0,1.0,16
quiet,fomc_no_pc,ZN,100,depth_ratio,1.0867708481241767,0.886949564052125,1.2688075621877775,16
quiet,fomc_no_pc,ZN,100,spread_ratio,1.0,1.0,1.0,16
quiet,fomc_no_pc,ZN,101,depth_ratio,1.0394337719948976,0.9155847133357995,1.2265656085114445,16
quiet,fomc_no_pc,ZN,101,spread_ratio,1.0,1.0,1.0,16
quiet,fomc_no_pc,ZN,102,depth_ratio,1.067860423582592,0.8989317929281642,1.2039551761371876,16
quiet,fomc_no_pc,ZN,102,spread_ratio,1.0,1.0,1.0,16
quiet,fomc_no_pc,ZN,103,depth_ratio,1.0812770401846254,0.9151357045123517,1.1813197781427485,16
quiet,fomc_no_pc,ZN,103,spread_ratio,1.0,1.0,1.0,16
quiet,fomc_no_pc,ZN,104,depth_ratio,1.0073153774730983,0.9066258928328166,1.122295821157625,16
quiet,fomc_no_pc,ZN,104,spread_ratio,1.0,1.0,1.0,16
quiet,fomc_no_pc,ZN,105,depth_ratio,0.9500685394736508,0.8227534209545848,1.1044017911082615,16
quiet,fomc_no_pc,ZN,105,spread_ratio,1.0,1.0,1.0,16
quiet,fomc_no_pc,ZN,106,depth_ratio,0.9656380604940565,0.8209434719875822,1.1475047778964502,16
quiet,fomc_no_pc,ZN,106,spread_ratio,1.0,1.0,1.0,16
quiet,fomc_no_pc,ZN,107,depth_ratio,0.9918715145150263,0.7758646954382806,1.2525408030366905,16
quiet,fomc_no_pc,ZN,107,spread_ratio,1.0,1.0,1.0,16
quiet,fomc_no_pc,ZN,108,depth_ratio,0.9720104095573916,0.8186847033061437,1.2011194704910366,16
quiet,fomc_no_pc,ZN,108,spread_ratio,1.0,1.0,1.0,16
quiet,fomc_no_pc,ZN,109,depth_ratio,0.9663767501863891,0.7777489236918161,1.226028803383006,16
quiet,fomc_no_pc,ZN,109,spread_ratio,1.0,1.0,1.0,16
quiet,fomc_no_pc,ZN,110,depth_ratio,1.0119582503288338,0.787910498081224,1.170884377710939,16
quiet,fomc_no_pc,ZN,110,spread_ratio,1.0,1.0,1.0,16
quiet,fomc_no_pc,ZN,111,depth_ratio,0.9142452123726111,0.7457161694880318,1.1496680594238355,16
quiet,fomc_no_pc,ZN,111,spread_ratio,1.0,1.0,1.0,16
quiet,fomc_no_pc,ZN,112,depth_ratio,0.937875655172788,0.80369115744794,1.1211922040653641,16
quiet,fomc_no_pc,ZN,112,spread_ratio,1.0,1.0,1.0,16
quiet,fomc_no_pc,ZN,113,depth_ratio,1.0146718921151079,0.8556038812155528,1.1903314142637837,16
quiet,fomc_no_pc,ZN,113,spread_ratio,1.0,1.0,1.0,16
quiet,fomc_no_pc,ZN,114,depth_ratio,1.0517507608596497,0.9088378650468305,1.1679791137378885,16
quiet,fomc_no_pc,ZN,114,spread_ratio,1.0,1.0,1.0,16
quiet,fomc_no_pc,ZN,115,depth_ratio,1.0230233720043338,0.8524073250108732,1.1859690825560156,16
quiet,fomc_no_pc,ZN,115,spread_ratio,1.0,1.0,1.0,16
quiet,fomc_no_pc,ZN,116,depth_ratio,0.9467811501730228,0.762465868834427,1.0296772073890996,16
quiet,fomc_no_pc,ZN,116,spread_ratio,1.0,1.0,1.0,16
quiet,fomc_no_pc,ZN,117,depth_ratio,0.9216234549774276,0.7994967540534723,1.065205510594972,16
quiet,fomc_no_pc,ZN,117,spread_ratio,1.0,1.0,1.0,16
quiet,fomc_no_pc,ZN,118,depth_ratio,0.8689662058187196,0.7934751693158408,1.1034041417638063,16
quiet,fomc_no_pc,ZN,118,spread_ratio,1.0,1.0,1.0,16
quiet,fomc_no_pc,ZN,119,depth_ratio,0.9601975757127296,0.8261204868425456,1.0883300499977842,16
quiet,fomc_no_pc,ZN,119,spread_ratio,1.0,1.0,1.0,16
quiet,fomc_pc,ES,-30,depth_ratio,1.0240963855421688,0.9406457705151898,1.0986678564786376,75
quiet,fomc_pc,ES,-30,spread_ratio,1.0,1.0,1.0,75
quiet,fomc_pc,ES,-29,depth_ratio,1.0230073952341823,0.9356044417202187,1.0956917743817476,75
quiet,fomc_pc,ES,-29,spread_ratio,1.0,1.0,1.0,75
quiet,fomc_pc,ES,-28,depth_ratio,0.9977827050997783,0.9314744145072796,1.0673292936478151,75
quiet,fomc_pc,ES,-28,spread_ratio,1.0,1.0,1.0,75
quiet,fomc_pc,ES,-27,depth_ratio,1.0055154857870174,0.9257347395075697,1.0889218509179073,75
quiet,fomc_pc,ES,-27,spread_ratio,1.0,1.0,1.0,75
quiet,fomc_pc,ES,-26,depth_ratio,1.008,0.9279837498755945,1.0749284792403424,75
quiet,fomc_pc,ES,-26,spread_ratio,1.0,1.0,1.0,75
quiet,fomc_pc,ES,-25,depth_ratio,1.005464480874317,0.919569805100215,1.0663006574892395,75
quiet,fomc_pc,ES,-25,spread_ratio,1.0,1.0,1.0,75
quiet,fomc_pc,ES,-24,depth_ratio,0.9972163091534305,0.9426241147011468,1.0800955875613831,75
quiet,fomc_pc,ES,-24,spread_ratio,1.0,1.0,1.0,75
quiet,fomc_pc,ES,-23,depth_ratio,0.986275135652729,0.9311986568699122,1.0450784973027891,75
quiet,fomc_pc,ES,-23,spread_ratio,1.0,1.0,1.0,75
quiet,fomc_pc,ES,-22,depth_ratio,0.9775667267070575,0.9074775901406165,1.0611173636488647,75
quiet,fomc_pc,ES,-22,spread_ratio,1.0,1.0,1.0,75
quiet,fomc_pc,ES,-21,depth_ratio,0.9875776397515529,0.9081745228888274,1.053431215034893,75
quiet,fomc_pc,ES,-21,spread_ratio,1.0,1.0,1.0,75
quiet,fomc_pc,ES,-20,depth_ratio,0.965090795241077,0.8936729927863247,1.0553639846743295,75
quiet,fomc_pc,ES,-20,spread_ratio,1.0,1.0,1.0,75
quiet,fomc_pc,ES,-19,depth_ratio,0.9480000000000001,0.8880886469396378,1.008998540534156,75
quiet,fomc_pc,ES,-19,spread_ratio,1.0,1.0,1.0,75
quiet,fomc_pc,ES,-18,depth_ratio,0.9329951948745329,0.8676869033182915,0.9969324254240144,75
quiet,fomc_pc,ES,-18,spread_ratio,1.0,1.0,1.0,75
quiet,fomc_pc,ES,-17,depth_ratio,0.9601567602873939,0.877981090792006,1.0243947252466339,75
quiet,fomc_pc,ES,-17,spread_ratio,1.0,1.0,1.0,75
quiet,fomc_pc,ES,-16,depth_ratio,0.9633197480548352,0.8865431421205017,1.0499048382249825,75
quiet,fomc_pc,ES,-16,spread_ratio,1.0,1.0,1.0,75
quiet,fomc_pc,ES,-15,depth_ratio,0.9124502558271745,0.8185186205811584,1.033538530432969,75
quiet,fomc_pc,ES,-15,spread_ratio,1.0,1.0,1.0,75
quiet,fomc_pc,ES,-14,depth_ratio,0.8977298784682411,0.8003994533988716,1.0048283383331877,75
quiet,fomc_pc,ES,-14,spread_ratio,1.0,1.0,1.0,75
quiet,fomc_pc,ES,-13,depth_ratio,0.8951798010711552,0.7590337501217662,1.012936993877148,75
quiet,fomc_pc,ES,-13,spread_ratio,1.0,1.0,1.0,75
quiet,fomc_pc,ES,-12,depth_ratio,0.9259259259259259,0.7422596399830135,1.033632586780761,75
quiet,fomc_pc,ES,-12,spread_ratio,1.0,1.0,1.0,75
quiet,fomc_pc,ES,-11,depth_ratio,0.8687132593076421,0.7527733230838558,0.9819975702555662,75
quiet,fomc_pc,ES,-11,spread_ratio,1.0,1.0,1.0,75
quiet,fomc_pc,ES,-10,depth_ratio,0.8254987388213711,0.6872984557410539,0.9886554922065285,75
quiet,fomc_pc,ES,-10,spread_ratio,1.0,1.0,1.0,75
quiet,fomc_pc,ES,-9,depth_ratio,0.832632464255677,0.7065533653058597,0.9899676185754867,75
quiet,fomc_pc,ES,-9,spread_ratio,1.0,1.0,1.0,75
quiet,fomc_pc,ES,-8,depth_ratio,0.8200168208578638,0.6453098988907775,0.9646863315330287,75
quiet,fomc_pc,ES,-8,spread_ratio,1.0,1.0,1.0,75
quiet,fomc_pc,ES,-7,depth_ratio,0.7692307692307693,0.6471088346623248,0.946278825995807,75
quiet,fomc_pc,ES,-7,spread_ratio,1.0,1.0,1.0,75
quiet,fomc_pc,ES,-6,depth_ratio,0.7352522086064406,0.5206894564953191,0.8189176192401466,75
quiet,fomc_pc,ES,-6,spread_ratio,1.0,1.0,1.0,75
quiet,fomc_pc,ES,-5,depth_ratio,0.5903723887375114,0.4199739371732455,0.7358910096013012,75
quiet,fomc_pc,ES,-5,spread_ratio,1.0,1.0,1.0,75
quiet,fomc_pc,ES,-4,depth_ratio,0.45430809399477806,0.3813218248866396,0.6430940267571132,75
quiet,fomc_pc,ES,-4,spread_ratio,1.0,1.0,1.0,75
quiet,fomc_pc,ES,-3,depth_ratio,0.3946308724832215,0.25537895350476186,0.5721697518089197,75
quiet,fomc_pc,ES,-3,spread_ratio,1.0,1.0,1.0,75
quiet,fomc_pc,ES,-2,depth_ratio,0.3532608695652174,0.22639544159887548,0.49028877279574373,75
quiet,fomc_pc,ES,-2,spread_ratio,1.0,1.0,1.0,75
quiet,fomc_pc,ES,-1,depth_ratio,0.22374521265873815,0.15232018672916586,0.3465135777773234,75
quiet,fomc_pc,ES,-1,spread_ratio,1.0,1.0,2.0,75
quiet,fomc_pc,ES,0,depth_ratio,0.10533707865168539,0.08601351402516523,0.17514736376132894,75
quiet,fomc_pc,ES,0,spread_ratio,1.5,1.0,2.0,75
quiet,fomc_pc,ES,1,depth_ratio,0.17514970059880242,0.13228368161787674,0.24858638051015625,75
quiet,fomc_pc,ES,1,spread_ratio,1.0,1.0,1.0,75
quiet,fomc_pc,ES,2,depth_ratio,0.20496894409937888,0.15087717493001507,0.33256147005633385,75
quiet,fomc_pc,ES,2,spread_ratio,1.0,1.0,1.0,75
quiet,fomc_pc,ES,3,depth_ratio,0.25226908702616124,0.16825810172355932,0.3378600748630224,75
quiet,fomc_pc,ES,3,spread_ratio,1.0,1.0,1.0,75
quiet,fomc_pc,ES,4,depth_ratio,0.25896259429193563,0.19187854647051564,0.37052477856802957,75
quiet,fomc_pc,ES,4,spread_ratio,1.0,1.0,1.0,75
quiet,fomc_pc,ES,5,depth_ratio,0.2910737386804657,0.23319788441692466,0.402846872860695,75
quiet,fomc_pc,ES,5,spread_ratio,1.0,1.0,1.0,75
quiet,fomc_pc,ES,6,depth_ratio,0.306506932032269,0.24517147904400907,0.4374335483940749,75
quiet,fomc_pc,ES,6,spread_ratio,1.0,1.0,1.0,75
quiet,fomc_pc,ES,7,depth_ratio,0.3275204096420463,0.25696471975722357,0.43374042562951265,75
quiet,fomc_pc,ES,7,spread_ratio,1.0,1.0,1.0,75
quiet,fomc_pc,ES,8,depth_ratio,0.32835024025627335,0.2692538391761199,0.447520158123462,75
quiet,fomc_pc,ES,8,spread_ratio,1.0,1.0,1.0,75
quiet,fomc_pc,ES,9,depth_ratio,0.34771215480749845,0.2583109979954503,0.4472436594810042,75
quiet,fomc_pc,ES,9,spread_ratio,1.0,1.0,1.0,75
quiet,fomc_pc,ES,10,depth_ratio,0.3638684966485796,0.2735728346456693,0.4671042372736819,75
quiet,fomc_pc,ES,10,spread_ratio,1.0,1.0,1.0,75
quiet,fomc_pc,ES,11,depth_ratio,0.3671849156467086,0.29352181785995124,0.49472607825307624,75
quiet,fomc_pc,ES,11,spread_ratio,1.0,1.0,1.0,75
quiet,fomc_pc,ES,12,depth_ratio,0.38289982803095446,0.29645669291338583,0.4831791421362489,75
quiet,fomc_pc,ES,12,spread_ratio,1.0,1.0,1.0,75
quiet,fomc_pc,ES,13,depth_ratio,0.3911725067385445,0.3070520790164387,0.5051405208905555,75
quiet,fomc_pc,ES,13,spread_ratio,1.0,1.0,1.0,75
quiet,fomc_pc,ES,14,depth_ratio,0.4099496969937022,0.3116957876202086,0.5472153447803365,75
quiet,fomc_pc,ES,14,spread_ratio,1.0,1.0,1.0,75
quiet,fomc_pc,ES,15,depth_ratio,0.4497978436657682,0.3338032975717201,0.5834764578870741,75
quiet,fomc_pc,ES,15,spread_ratio,1.0,1.0,1.0,75
quiet,fomc_pc,ES,16,depth_ratio,0.45004787743376956,0.3367152637469657,0.5628239252569331,75
quiet,fomc_pc,ES,16,spread_ratio,1.0,1.0,1.0,75
quiet,fomc_pc,ES,17,depth_ratio,0.4376012965964344,0.34668740678345106,0.5849322420501811,75
quiet,fomc_pc,ES,17,spread_ratio,1.0,1.0,1.0,75
quiet,fomc_pc,ES,18,depth_ratio,0.44575471698113206,0.3535206776488014,0.5813286203505916,75
quiet,fomc_pc,ES,18,spread_ratio,1.0,1.0,1.0,75
quiet,fomc_pc,ES,19,depth_ratio,0.4636858291932813,0.3574851891502805,0.6097602721617028,75
quiet,fomc_pc,ES,19,spread_ratio,1.0,1.0,1.0,75
quiet,fomc_pc,ES,20,depth_ratio,0.46044181864885686,0.35281122127346876,0.584587305589787,75
quiet,fomc_pc,ES,20,spread_ratio,1.0,1.0,1.0,75
quiet,fomc_pc,ES,21,depth_ratio,0.45930701047542305,0.35571607671669125,0.6101347622989031,75
quiet,fomc_pc,ES,21,spread_ratio,1.0,1.0,1.0,75
quiet,fomc_pc,ES,22,depth_ratio,0.4883158742949234,0.367777643844423,0.5747738942013284,75
quiet,fomc_pc,ES,22,spread_ratio,1.0,1.0,1.0,75
quiet,fomc_pc,ES,23,depth_ratio,0.4844690455717971,0.3763746057523233,0.5980175239250695,75
quiet,fomc_pc,ES,23,spread_ratio,1.0,1.0,1.0,75
quiet,fomc_pc,ES,24,depth_ratio,0.5022701475595914,0.37722804616460426,0.6054966975585935,75
quiet,fomc_pc,ES,24,spread_ratio,1.0,1.0,1.0,75
quiet,fomc_pc,ES,25,depth_ratio,0.4983792544570502,0.3739337408328193,0.6210982669671183,75
quiet,fomc_pc,ES,25,spread_ratio,1.0,1.0,1.0,75
quiet,fomc_pc,ES,26,depth_ratio,0.5003548616039745,0.4131859031828351,0.6312417766607068,75
quiet,fomc_pc,ES,26,spread_ratio,1.0,1.0,1.0,75
quiet,fomc_pc,ES,27,depth_ratio,0.48059724706431295,0.3862518400282168,0.6422968137139999,75
quiet,fomc_pc,ES,27,spread_ratio,1.0,1.0,1.0,75
quiet,fomc_pc,ES,28,depth_ratio,0.4753521126760563,0.36664563213345036,0.5986025887938371,75
quiet,fomc_pc,ES,28,spread_ratio,1.0,1.0,1.0,75
quiet,fomc_pc,ES,29,depth_ratio,0.4497568881685575,0.3229274857984412,0.5664481732937043,75
quiet,fomc_pc,ES,29,spread_ratio,1.0,1.0,1.0,75
quiet,fomc_pc,ES,30,depth_ratio,0.41418861512319455,0.3209938036243943,0.5276080129522622,75
quiet,fomc_pc,ES,30,spread_ratio,1.0,1.0,1.0,75
quiet,fomc_pc,ES,31,depth_ratio,0.39655172413793105,0.30475831840633993,0.5369657550298403,75
quiet,fomc_pc,ES,31,spread_ratio,1.0,1.0,1.0,75
quiet,fomc_pc,ES,32,depth_ratio,0.3902065799540933,0.2971907020011174,0.5201788005395269,75
quiet,fomc_pc,ES,32,spread_ratio,1.0,1.0,1.0,75
quiet,fomc_pc,ES,33,depth_ratio,0.391304347826087,0.29758991963003334,0.5406068896024169,75
quiet,fomc_pc,ES,33,spread_ratio,1.0,1.0,1.0,75
quiet,fomc_pc,ES,34,depth_ratio,0.37239722370528566,0.28830988917306055,0.5089066720765573,75
quiet,fomc_pc,ES,34,spread_ratio,1.0,1.0,1.0,75
quiet,fomc_pc,ES,35,depth_ratio,0.37786667722897765,0.26402389085854067,0.5225841888011631,75
quiet,fomc_pc,ES,35,spread_ratio,1.0,1.0,1.0,75
quiet,fomc_pc,ES,36,depth_ratio,0.37037037037037035,0.2561636508478434,0.46840527293770007,75
quiet,fomc_pc,ES,36,spread_ratio,1.0,1.0,1.0,75
quiet,fomc_pc,ES,37,depth_ratio,0.3830670524594289,0.26886333296250975,0.4918319781649976,75
quiet,fomc_pc,ES,37,spread_ratio,1.0,1.0,1.0,75
quiet,fomc_pc,ES,38,depth_ratio,0.39028620988725066,0.2571982763228016,0.48638483543208477,75
quiet,fomc_pc,ES,38,spread_ratio,1.0,1.0,1.0,75
quiet,fomc_pc,ES,39,depth_ratio,0.36838580040187546,0.2567967779877609,0.4785517310209152,75
quiet,fomc_pc,ES,39,spread_ratio,1.0,1.0,1.0,75
quiet,fomc_pc,ES,40,depth_ratio,0.3697617091207888,0.24249821056385285,0.46896690884632924,75
quiet,fomc_pc,ES,40,spread_ratio,1.0,1.0,1.0,75
quiet,fomc_pc,ES,41,depth_ratio,0.3766784172376916,0.25340043516119104,0.5051536032496936,75
quiet,fomc_pc,ES,41,spread_ratio,1.0,1.0,1.0,75
quiet,fomc_pc,ES,42,depth_ratio,0.3836317135549872,0.261399770805932,0.5213163458734325,75
quiet,fomc_pc,ES,42,spread_ratio,1.0,1.0,1.0,75
quiet,fomc_pc,ES,43,depth_ratio,0.4087292018326501,0.27415653206019647,0.538084829634832,75
quiet,fomc_pc,ES,43,spread_ratio,1.0,1.0,1.0,75
quiet,fomc_pc,ES,44,depth_ratio,0.38280684832408973,0.2924679521032766,0.5349220902131111,75
quiet,fomc_pc,ES,44,spread_ratio,1.0,1.0,1.0,75
quiet,fomc_pc,ES,45,depth_ratio,0.39441248972884135,0.2775092724749789,0.5235062655162215,75
quiet,fomc_pc,ES,45,spread_ratio,1.0,1.0,1.0,75
quiet,fomc_pc,ES,46,depth_ratio,0.4084158415841584,0.27818038048847593,0.4879632522400613,75
quiet,fomc_pc,ES,46,spread_ratio,1.0,1.0,1.0,75
quiet,fomc_pc,ES,47,depth_ratio,0.39612676056338025,0.2840605299724147,0.5031469544512088,75
quiet,fomc_pc,ES,47,spread_ratio,1.0,1.0,1.0,75
quiet,fomc_pc,ES,48,depth_ratio,0.4226675015654352,0.2994423495183186,0.520901799458156,75
quiet,fomc_pc,ES,48,spread_ratio,1.0,1.0,1.0,75
quiet,fomc_pc,ES,49,depth_ratio,0.41630529054640075,0.2679474388748686,0.5494298212290064,75
quiet,fomc_pc,ES,49,spread_ratio,1.0,1.0,1.0,75
quiet,fomc_pc,ES,50,depth_ratio,0.41420498330336497,0.2879488358766188,0.524756910746254,75
quiet,fomc_pc,ES,50,spread_ratio,1.0,1.0,1.0,75
quiet,fomc_pc,ES,51,depth_ratio,0.4134644943129419,0.2732839564102052,0.5380352471430538,75
quiet,fomc_pc,ES,51,spread_ratio,1.0,1.0,1.0,75
quiet,fomc_pc,ES,52,depth_ratio,0.41793103448275865,0.315515335383845,0.5660138510073758,75
quiet,fomc_pc,ES,52,spread_ratio,1.0,1.0,1.0,75
quiet,fomc_pc,ES,53,depth_ratio,0.4389224338132838,0.3152086885972147,0.5975702529851886,75
quiet,fomc_pc,ES,53,spread_ratio,1.0,1.0,1.0,75
quiet,fomc_pc,ES,54,depth_ratio,0.4497568881685575,0.316377658223464,0.5681743690593248,75
quiet,fomc_pc,ES,54,spread_ratio,1.0,1.0,1.0,75
quiet,fomc_pc,ES,55,depth_ratio,0.4657856332090157,0.31967898409134643,0.6049068536964057,75
quiet,fomc_pc,ES,55,spread_ratio,1.0,1.0,1.0,75
quiet,fomc_pc,ES,56,depth_ratio,0.43195541105434276,0.3136283055687739,0.5975081859067131,75
quiet,fomc_pc,ES,56,spread_ratio,1.0,1.0,1.0,75
quiet,fomc_pc,ES,57,depth_ratio,0.44371405094494654,0.31689958592132506,0.596670133159815,75
quiet,fomc_pc,ES,57,spread_ratio,1.0,1.0,1.0,75
quiet,fomc_pc,ES,58,depth_ratio,0.4649236957293269,0.29562737140957374,0.6002660548356367,75
quiet,fomc_pc,ES,58,spread_ratio,1.0,1.0,1.0,75
quiet,fomc_pc,ES,59,depth_ratio,0.4458894565722248,0.3160723467813681,0.6040919146154197,75
quiet,fomc_pc,ES,59,spread_ratio,1.0,1.0,1.0,75
quiet,fomc_pc,ES,60,depth_ratio,0.4706502351224258,0.340516441896921,0.6207999803709164,75
quiet,fomc_pc,ES,60,spread_ratio,1.0,1.0,1.0,75
quiet,fomc_pc,ES,61,depth_ratio,0.4789053591790194,0.32437454580499636,0.6082940327378243,75
quiet,fomc_pc,ES,61,spread_ratio,1.0,1.0,1.0,75
quiet,fomc_pc,ES,62,depth_ratio,0.46834345186470083,0.3220052642795964,0.5815930840187931,75
quiet,fomc_pc,ES,62,spread_ratio,1.0,1.0,1.0,75
quiet,fomc_pc,ES,63,depth_ratio,0.46834345186470083,0.33528042416756465,0.595628794615005,75
quiet,fomc_pc,ES,63,spread_ratio,1.0,1.0,1.0,75
quiet,fomc_pc,ES,64,depth_ratio,0.4806902218570254,0.33937535567269395,0.5828506474386511,75
quiet,fomc_pc,ES,64,spread_ratio,1.0,1.0,1.0,75
quiet,fomc_pc,ES,65,depth_ratio,0.4719538062691492,0.3305514464015581,0.6079139510403369,75
quiet,fomc_pc,ES,65,spread_ratio,1.0,1.0,1.0,75
quiet,fomc_pc,ES,66,depth_ratio,0.4878623615366486,0.35068306256979215,0.6333008082184215,75
quiet,fomc_pc,ES,66,spread_ratio,1.0,1.0,1.0,75
quiet,fomc_pc,ES,67,depth_ratio,0.49173318129988597,0.3522324629002366,0.6373050794410591,75
quiet,fomc_pc,ES,67,spread_ratio,1.0,1.0,1.0,75
quiet,fomc_pc,ES,68,depth_ratio,0.4960091220068415,0.3555162875250148,0.6260275452445488,75
quiet,fomc_pc,ES,68,spread_ratio,1.0,1.0,1.0,75
quiet,fomc_pc,ES,69,depth_ratio,0.505093708686523,0.35850528778621715,0.6321280194537167,75
quiet,fomc_pc,ES,69,spread_ratio,1.0,1.0,1.0,75
quiet,fomc_pc,ES,70,depth_ratio,0.48745724059293044,0.34889198724388126,0.6298473831377776,75
quiet,fomc_pc,ES,70,spread_ratio,1.0,1.0,1.0,75
quiet,fomc_pc,ES,71,depth_ratio,0.4717241379310345,0.32979893634403357,0.6203386305635028,75
quiet,fomc_pc,ES,71,spread_ratio,1.0,1.0,1.0,75
quiet,fomc_pc,ES,72,depth_ratio,0.4742647058823529,0.3226495528835083,0.629169288535437,75
quiet,fomc_pc,ES,72,spread_ratio,1.0,1.0,1.0,75
quiet,fomc_pc,ES,73,depth_ratio,0.47862453531598514,0.3404173385781266,0.6374057737202556,75
quiet,fomc_pc,ES,73,spread_ratio,1.0,1.0,1.0,75
quiet,fomc_pc,ES,74,depth_ratio,0.4980018444512757,0.32721311322601393,0.6672984830326094,75
quiet,fomc_pc,ES,74,spread_ratio,1.0,1.0,1.0,75
quiet,fomc_pc,ES,75,depth_ratio,0.5094980500691911,0.32587842433258873,0.6335861617181124,75
quiet,fomc_pc,ES,75,spread_ratio,1.0,1.0,1.0,75
quiet,fomc_pc,ES,76,depth_ratio,0.5400902837489252,0.3243007430610684,0.6623592204331485,75
quiet,fomc_pc,ES,76,spread_ratio,1.0,1.0,1.0,75
quiet,fomc_pc,ES,77,depth_ratio,0.5348460291734198,0.3432584107837331,0.6807188932895485,75
quiet,fomc_pc,ES,77,spread_ratio,1.0,1.0,1.0,75
quiet,fomc_pc,ES,78,depth_ratio,0.5592428711897738,0.35851070882766434,0.728206915372442,75
quiet,fomc_pc,ES,78,spread_ratio,1.0,1.0,1.0,75
quiet,fomc_pc,ES,79,depth_ratio,0.5299401197604791,0.3534183635261001,0.7206569479487899,75
quiet,fomc_pc,ES,79,spread_ratio,1.0,1.0,1.0,75
quiet,fomc_pc,ES,80,depth_ratio,0.5541916167664671,0.37269936309897944,0.7100747104818765,75
quiet,fomc_pc,ES,80,spread_ratio,1.0,1.0,1.0,75
quiet,fomc_pc,ES,81,depth_ratio,0.554164057608015,0.3602138949434295,0.6846849070499615,75
quiet,fomc_pc,ES,81,spread_ratio,1.0,1.0,1.0,75
quiet,fomc_pc,ES,82,depth_ratio,0.5409238249594813,0.3750372306979515,0.6896551724137931,75
quiet,fomc_pc,ES,82,spread_ratio,1.0,1.0,1.0,75
quiet,fomc_pc,ES,83,depth_ratio,0.5473204104903079,0.3983739392879013,0.6711331006656608,75
quiet,fomc_pc,ES,83,spread_ratio,1.0,1.0,1.0,75
quiet,fomc_pc,ES,84,depth_ratio,0.5412215279177585,0.4161148769285705,0.6837374885174166,75
quiet,fomc_pc,ES,84,spread_ratio,1.0,1.0,1.0,75
quiet,fomc_pc,ES,85,depth_ratio,0.5351743600080628,0.3839285714285714,0.7515736372107205,75
quiet,fomc_pc,ES,85,spread_ratio,1.0,1.0,1.0,75
quiet,fomc_pc,ES,86,depth_ratio,0.5841572220882566,0.403138631973494,0.7253277348801745,75
quiet,fomc_pc,ES,86,spread_ratio,1.0,1.0,1.0,75
quiet,fomc_pc,ES,87,depth_ratio,0.5901197604790419,0.4209166714053479,0.7309474907728828,75
quiet,fomc_pc,ES,87,spread_ratio,1.0,1.0,1.0,75
quiet,fomc_pc,ES,88,depth_ratio,0.584524810765349,0.4334652095662079,0.7223822814441343,75
quiet,fomc_pc,ES,88,spread_ratio,1.0,1.0,1.0,75
quiet,fomc_pc,ES,89,depth_ratio,0.5855018587360595,0.4595757995858385,0.7088459396128253,75
quiet,fomc_pc,ES,89,spread_ratio,1.0,1.0,1.0,75
quiet,fomc_pc,ES,90,depth_ratio,0.6059488692232055,0.46125297179496416,0.6999408384857806,75
quiet,fomc_pc,ES,90,spread_ratio,1.0,1.0,1.0,75
quiet,fomc_pc,ES,91,depth_ratio,0.598314606741573,0.4444848578752233,0.7088583807128799,75
quiet,fomc_pc,ES,91,spread_ratio,1.0,1.0,1.0,75
quiet,fomc_pc,ES,92,depth_ratio,0.6282305202647216,0.5158500536619859,0.7991673716672798,75
quiet,fomc_pc,ES,92,spread_ratio,1.0,1.0,1.0,75
quiet,fomc_pc,ES,93,depth_ratio,0.632094943240454,0.45726583560869494,0.778805729264765,75
quiet,fomc_pc,ES,93,spread_ratio,1.0,1.0,1.0,75
quiet,fomc_pc,ES,94,depth_ratio,0.6852791878172589,0.4829667519181586,0.7551661182163492,75
quiet,fomc_pc,ES,94,spread_ratio,1.0,1.0,1.0,75
quiet,fomc_pc,ES,95,depth_ratio,0.6320224719101123,0.5021903382201905,0.7656149489697798,75
quiet,fomc_pc,ES,95,spread_ratio,1.0,1.0,1.0,75
quiet,fomc_pc,ES,96,depth_ratio,0.6547802028896403,0.5197177503781527,0.7718036819842008,75
quiet,fomc_pc,ES,96,spread_ratio,1.0,1.0,1.0,75
quiet,fomc_pc,ES,97,depth_ratio,0.6520724784197838,0.5104241171294068,0.8203457391276234,75
quiet,fomc_pc,ES,97,spread_ratio,1.0,1.0,1.0,75
quiet,fomc_pc,ES,98,depth_ratio,0.6657303370786517,0.4893187279941877,0.8568742739141412,75
quiet,fomc_pc,ES,98,spread_ratio,1.0,1.0,1.0,75
quiet,fomc_pc,ES,99,depth_ratio,0.6485045898726681,0.5297187715665976,0.8038036766971742,75
quiet,fomc_pc,ES,99,spread_ratio,1.0,1.0,1.0,75
quiet,fomc_pc,ES,100,depth_ratio,0.6573033707865168,0.536951804095835,0.8291983500394833,75
quiet,fomc_pc,ES,100,spread_ratio,1.0,1.0,1.0,75
quiet,fomc_pc,ES,101,depth_ratio,0.684976836532098,0.5222695955824453,0.8272551570483853,75
quiet,fomc_pc,ES,101,spread_ratio,1.0,1.0,1.0,75
quiet,fomc_pc,ES,102,depth_ratio,0.6626506024096386,0.522454631534732,0.8807587922027948,75
quiet,fomc_pc,ES,102,spread_ratio,1.0,1.0,1.0,75
quiet,fomc_pc,ES,103,depth_ratio,0.6531599637133353,0.49076161738532176,0.8218710436659199,75
quiet,fomc_pc,ES,103,spread_ratio,1.0,1.0,1.0,75
quiet,fomc_pc,ES,104,depth_ratio,0.6440233823825842,0.4531175239549483,0.7882029819292622,75
quiet,fomc_pc,ES,104,spread_ratio,1.0,1.0,1.0,75
quiet,fomc_pc,ES,105,depth_ratio,0.6206896551724138,0.451274524459885,0.7950394273376544,75
quiet,fomc_pc,ES,105,spread_ratio,1.0,1.0,1.0,75
quiet,fomc_pc,ES,106,depth_ratio,0.6336853807670928,0.46477620235244677,0.8008395096627532,75
quiet,fomc_pc,ES,106,spread_ratio,1.0,1.0,1.0,75
quiet,fomc_pc,ES,107,depth_ratio,0.642570281124498,0.46683397679942296,0.8086307798791614,75
quiet,fomc_pc,ES,107,spread_ratio,1.0,1.0,1.0,75
quiet,fomc_pc,ES,108,depth_ratio,0.6206896551724138,0.46636342171007644,0.8005447054642028,75
quiet,fomc_pc,ES,108,spread_ratio,1.0,1.0,1.0,75
quiet,fomc_pc,ES,109,depth_ratio,0.5622489959839357,0.45162587798330456,0.8721448734862947,75
quiet,fomc_pc,ES,109,spread_ratio,1.0,1.0,1.0,75
quiet,fomc_pc,ES,110,depth_ratio,0.5796344647519582,0.45589683869939934,0.8083408860459331,75
quiet,fomc_pc,ES,110,spread_ratio,1.0,1.0,1.0,75
quiet,fomc_pc,ES,111,depth_ratio,0.7126641803145776,0.49809941627193943,0.936202136400986,75
quiet,fomc_pc,ES,111,spread_ratio,1.0,1.0,1.0,75
quiet,fomc_pc,ES,112,depth_ratio,0.760094048970326,0.5268809885892953,0.9963937208315656,75
quiet,fomc_pc,ES,112,spread_ratio,1.0,1.0,1.0,75
quiet,fomc_pc,ES,113,depth_ratio,0.7821698906644239,0.5668216886581585,1.00939568136805,75
quiet,fomc_pc,ES,113,spread_ratio,1.0,1.0,1.0,75
quiet,fomc_pc,ES,114,depth_ratio,0.7629427792915532,0.5952153751595299,1.0031437183228382,75
quiet,fomc_pc,ES,114,spread_ratio,1.0,1.0,1.0,75
quiet,fomc_pc,ES,115,depth_ratio,0.8426966292134831,0.5975145339211339,1.067503304416617,75
quiet,fomc_pc,ES,115,spread_ratio,1.0,1.0,1.0,75
quiet,fomc_pc,ES,116,depth_ratio,0.9799401197604791,0.7188151633913625,1.2796680242729062,75
quiet,fomc_pc,ES,116,spread_ratio,1.0,1.0,1.0,75
quiet,fomc_pc,ES,117,depth_ratio,1.064388961892247,0.8074338671673742,1.3726202278022748,75
quiet,fomc_pc,ES,117,spread_ratio,1.0,1.0,1.0,75
quiet,fomc_pc,ES,118,depth_ratio,1.2382824312065317,1.0049594494244212,1.5272873527026247,75
quiet,fomc_pc,ES,118,spread_ratio,1.0,1.0,1.0,75
quiet,fomc_pc,ES,119,depth_ratio,1.8822768434670116,1.4119523477807014,2.3595955411069527,75
quiet,fomc_pc,ES,119,spread_ratio,1.0,1.0,1.0,75
quiet,fomc_pc,NQ,-30,depth_ratio,1.0084033613445378,0.9589904288293198,1.1194029850746268,75
quiet,fomc_pc,NQ,-30,spread_ratio,1.0,1.0,1.0,75
quiet,fomc_pc,NQ,-29,depth_ratio,1.007462686567164,0.9338662790697674,1.072627037392138,75
quiet,fomc_pc,NQ,-29,spread_ratio,1.0,1.0,1.0,75
quiet,fomc_pc,NQ,-28,depth_ratio,1.0,0.9234073951179473,1.069187089061566,75
quiet,fomc_pc,NQ,-28,spread_ratio,1.0,1.0,1.0,75
quiet,fomc_pc,NQ,-27,depth_ratio,1.0,0.9479925109215727,1.0657197341484617,75
quiet,fomc_pc,NQ,-27,spread_ratio,1.0,1.0,1.0,75
quiet,fomc_pc,NQ,-26,depth_ratio,1.0092348284960422,0.9502728392888575,1.0761284379523621,75
quiet,fomc_pc,NQ,-26,spread_ratio,1.0,1.0,1.0,75
quiet,fomc_pc,NQ,-25,depth_ratio,1.0135135135135134,0.9480860951449187,1.0782781862745099,75
quiet,fomc_pc,NQ,-25,spread_ratio,1.0,1.0,1.0,75
quiet,fomc_pc,NQ,-24,depth_ratio,1.0084033613445378,0.9666295884315906,1.0619561434041072,75
quiet,fomc_pc,NQ,-24,spread_ratio,1.0,1.0,1.0,75
quiet,fomc_pc,NQ,-23,depth_ratio,1.0,0.9276713451490626,1.0386699047263217,75
quiet,fomc_pc,NQ,-23,spread_ratio,1.0,1.0,1.0,75
quiet,fomc_pc,NQ,-22,depth_ratio,1.0,0.9297900795791247,1.0507913139492087,75
quiet,fomc_pc,NQ,-22,spread_ratio,1.0,1.0,1.0,75
quiet,fomc_pc,NQ,-21,depth_ratio,1.021671826625387,0.9914236155724014,1.0969864176570459,75
quiet,fomc_pc,NQ,-21,spread_ratio,1.0,1.0,1.0,75
quiet,fomc_pc,NQ,-20,depth_ratio,1.0,0.9446631671041119,1.0507913139492087,75
quiet,fomc_pc,NQ,-20,spread_ratio,1.0,1.0,1.0,75
quiet,fomc_pc,NQ,-19,depth_ratio,0.9952606635071091,0.8823529411764706,1.047731338429013,75
quiet,fomc_pc,NQ,-19,spread_ratio,1.0,1.0,1.0,75
quiet,fomc_pc,NQ,-18,depth_ratio,0.9782608695652173,0.884963452836756,1.0212950890916992,75
quiet,fomc_pc,NQ,-18,spread_ratio,1.0,1.0,1.0,75
quiet,fomc_pc,NQ,-17,depth_ratio,0.9545454545454546,0.8842144452717796,1.0406353135313533,75
quiet,fomc_pc,NQ,-17,spread_ratio,1.0,1.0,1.0,75
quiet,fomc_pc,NQ,-16,depth_ratio,0.9731012658227848,0.8955223880597015,1.0140031335683508,75
quiet,fomc_pc,NQ,-16,spread_ratio,1.0,1.0,1.0,75
quiet,fomc_pc,NQ,-15,depth_ratio,0.9554140127388535,0.8285881336112664,1.0157209530827807,75
quiet,fomc_pc,NQ,-15,spread_ratio,1.0,1.0,1.0,75
quiet,fomc_pc,NQ,-14,depth_ratio,0.9684684684684685,0.8581697054698456,1.0169491525423728,75
quiet,fomc_pc,NQ,-14,spread_ratio,1.0,1.0,1.0,75
quiet,fomc_pc,NQ,-13,depth_ratio,0.9307875894988067,0.8067929177939088,1.0250562089242476,75
quiet,fomc_pc,NQ,-13,spread_ratio,1.0,1.0,1.0,75
quiet,fomc_pc,NQ,-12,depth_ratio,0.9302325581395349,0.8088864180636333,1.0135754907356447,75
quiet,fomc_pc,NQ,-12,spread_ratio,1.0,1.0,1.0,75
quiet,fomc_pc,NQ,-11,depth_ratio,0.9302325581395349,0.8010695187165775,1.0130858706808072,75
quiet,fomc_pc,NQ,-11,spread_ratio,1.0,1.0,1.0,75
quiet,fomc_pc,NQ,-10,depth_ratio,0.8495575221238939,0.7508949880668258,0.9759483232545354,75
quiet,fomc_pc,NQ,-10,spread_ratio,1.0,1.0,1.0,75
quiet,fomc_pc,NQ,-9,depth_ratio,0.8300395256916996,0.7093602944602339,0.993421052631579,75
quiet,fomc_pc,NQ,-9,spread_ratio,1.0,1.0,1.0,75
quiet,fomc_pc,NQ,-8,depth_ratio,0.8108108108108107,0.6658942451556399,0.9890157662879666,75
quiet,fomc_pc,NQ,-8,spread_ratio,1.0,1.0,1.0,75
quiet,fomc_pc,NQ,-7,depth_ratio,0.8108108108108107,0.6728995472077812,0.994867900814328,75
quiet,fomc_pc,NQ,-7,spread_ratio,1.0,1.0,1.026315789473684,75
quiet,fomc_pc,NQ,-6,depth_ratio,0.8,0.6656438194319096,0.919661733615222,75
quiet,fomc_pc,NQ,-6,spread_ratio,1.0,1.0,1.3095238095238093,75
quiet,fomc_pc,NQ,-5,depth_ratio,0.6818181818181818,0.5610391124409815,0.8867210250436808,75
quiet,fomc_pc,NQ,-5,spread_ratio,1.0,1.0,1.3859275053304905,75
quiet,fomc_pc,NQ,-4,depth_ratio,0.7142857142857143,0.6012048192771084,0.9023066485753053,75
quiet,fomc_pc,NQ,-4,spread_ratio,1.5,1.0,1.8330223880597014,75
quiet,fomc_pc,NQ,-3,depth_ratio,0.7009345794392523,0.5067877453678223,0.8649052841475573,75
quiet,fomc_pc,NQ,-3,spread_ratio,1.5789473684210527,1.4043715846994536,2.0,75
quiet,fomc_pc,NQ,-2,depth_ratio,0.6766917293233082,0.5252811983581214,0.8957219251336899,75
quiet,fomc_pc,NQ,-2,spread_ratio,2.0,1.6091954022988504,2.5,75
quiet,fomc_pc,NQ,-1,depth_ratio,0.5898876404494382,0.4289460539460539,0.8430959589311571,75
quiet,fomc_pc,NQ,-1,spread_ratio,2.5,2.0,3.0,75
quiet,fomc_pc,NQ,0,depth_ratio,0.4743083003952569,0.3267388122408045,0.6741667601840422,75
quiet,fomc_pc,NQ,0,spread_ratio,3.0,2.5,4.3638059701492535,75
quiet,fomc_pc,NQ,1,depth_ratio,0.42792792792792794,0.3503716838300484,0.5960526315789474,75
quiet,fomc_pc,NQ,1,spread_ratio,2.0,1.5866728797763279,2.90625,75
quiet,fomc_pc,NQ,2,depth_ratio,0.4562737642585551,0.37483414418398936,0.6327059268235738,75
quiet,fomc_pc,NQ,2,spread_ratio,1.8181818181818181,1.4166666666666665,2.0,75
quiet,fomc_pc,NQ,3,depth_ratio,0.5221518987341772,0.3800908090258668,0.679254955570745,75
quiet,fomc_pc,NQ,3,spread_ratio,1.6981132075471699,1.189358372456964,2.0,75
quiet,fomc_pc,NQ,4,depth_ratio,0.5575221238938054,0.39473684210526316,0.6741667601840422,75
quiet,fomc_pc,NQ,4,spread_ratio,1.5,1.0,2.0,75
quiet,fomc_pc,NQ,5,depth_ratio,0.547752808988764,0.41783080564394137,0.6960594315245479,75
quiet,fomc_pc,NQ,5,spread_ratio,1.5,1.0,1.7662337662337662,75
quiet,fomc_pc,NQ,6,depth_ratio,0.5781584582441114,0.461162590510912,0.7072718851320055,75
quiet,fomc_pc,NQ,6,spread_ratio,1.5,1.0,2.0,75
quiet,fomc_pc,NQ,7,depth_ratio,0.6,0.4908532327887166,0.7050538525269263,75
quiet,fomc_pc,NQ,7,spread_ratio,1.4754098360655739,1.0,1.6931637519872813,75
quiet,fomc_pc,NQ,8,depth_ratio,0.6206896551724138,0.4854419773774612,0.7353603603603605,75
quiet,fomc_pc,NQ,8,spread_ratio,1.1320754716981132,1.0,1.5,75
quiet,fomc_pc,NQ,9,depth_ratio,0.6371681415929203,0.5059735457260702,0.7539275282229415,75
quiet,fomc_pc,NQ,9,spread_ratio,1.3888888888888888,1.0,1.600284495021337,75
quiet,fomc_pc,NQ,10,depth_ratio,0.65625,0.5109610045170113,0.7633003766478343,75
quiet,fomc_pc,NQ,10,spread_ratio,1.1320754716981132,1.0,1.5394736842105263,75
quiet,fomc_pc,NQ,11,depth_ratio,0.6428571428571428,0.5022892382442944,0.7813559322033898,75
quiet,fomc_pc,NQ,11,spread_ratio,1.0526315789473684,1.0,1.5,75
quiet,fomc_pc,NQ,12,depth_ratio,0.65625,0.5079966866318337,0.7846153846153847,75
quiet,fomc_pc,NQ,12,spread_ratio,1.1111111111111112,1.0,1.5,75
quiet,fomc_pc,NQ,13,depth_ratio,0.6666666666666666,0.5250055681354171,0.7692307692307692,75
quiet,fomc_pc,NQ,13,spread_ratio,1.1320754716981132,1.0,1.5,75
quiet,fomc_pc,NQ,14,depth_ratio,0.6818181818181818,0.5581516095534786,0.8272086775812256,75
quiet,fomc_pc,NQ,14,spread_ratio,1.0,1.0,1.487704918032787,75
quiet,fomc_pc,NQ,15,depth_ratio,0.6976744186046512,0.5660601265822784,0.8272086775812256,75
quiet,fomc_pc,NQ,15,spread_ratio,1.0526315789473684,1.0,1.5,75
quiet,fomc_pc,NQ,16,depth_ratio,0.6944444444444444,0.5444362506443668,0.8375549741134555,75
quiet,fomc_pc,NQ,16,spread_ratio,1.0,1.0,1.5,75
quiet,fomc_pc,NQ,17,depth_ratio,0.6976744186046512,0.5730203852059043,0.8272086775812256,75
quiet,fomc_pc,NQ,17,spread_ratio,1.0,1.0,1.5,75
quiet,fomc_pc,NQ,18,depth_ratio,0.6976744186046512,0.5507208157524613,0.8293844037298277,75
quiet,fomc_pc,NQ,18,spread_ratio,1.0,1.0,1.5,75
quiet,fomc_pc,NQ,19,depth_ratio,0.7086614173228346,0.5794169966144489,0.8272086775812256,75
quiet,fomc_pc,NQ,19,spread_ratio,1.0,1.0,1.4519906323185012,75
quiet,fomc_pc,NQ,20,depth_ratio,0.6981981981981982,0.5797101449275363,0.8513190454221365,75
quiet,fomc_pc,NQ,20,spread_ratio,1.0,1.0,1.5,75
quiet,fomc_pc,NQ,21,depth_ratio,0.6968215158924206,0.5700744752877454,0.8462640248269278,75
quiet,fomc_pc,NQ,21,spread_ratio,1.0,1.0,1.5,75
quiet,fomc_pc,NQ,22,depth_ratio,0.6968215158924206,0.5723384895359418,0.8278637995430975,75
quiet,fomc_pc,NQ,22,spread_ratio,1.0,1.0,1.487704918032787,75
quiet,fomc_pc,NQ,23,depth_ratio,0.6976744186046512,0.5700744752877454,0.8490754956277953,75
quiet,fomc_pc,NQ,23,spread_ratio,1.0,1.0,1.5,75
quiet,fomc_pc,NQ,24,depth_ratio,0.6844106463878327,0.5813953488372093,0.8272086775812256,75
quiet,fomc_pc,NQ,24,spread_ratio,1.0,1.0,1.380952380952381,75
quiet,fomc_pc,NQ,25,depth_ratio,0.6976744186046512,0.5680094852069374,0.8858405022087886,75
quiet,fomc_pc,NQ,25,spread_ratio,1.0,1.0,1.4642857142857144,75
quiet,fomc_pc,NQ,26,depth_ratio,0.6938325991189428,0.5772113943028486,0.8502690979195116,75
quiet,fomc_pc,NQ,26,spread_ratio,1.0,1.0,1.487704918032787,75
quiet,fomc_pc,NQ,27,depth_ratio,0.6976744186046512,0.5690820829098622,0.8462640248269278,75
quiet,fomc_pc,NQ,27,spread_ratio,1.0,1.0,1.5,75
quiet,fomc_pc,NQ,28,depth_ratio,0.6944444444444444,0.5856063252151271,0.8346001824262694,75
quiet,fomc_pc,NQ,28,spread_ratio,1.0,1.0,1.5,75
quiet,fomc_pc,NQ,29,depth_ratio,0.6666666666666666,0.5637078790882062,0.818791232177059,75
quiet,fomc_pc,NQ,29,spread_ratio,1.0,1.0,1.5,75
quiet,fomc_pc,NQ,30,depth_ratio,0.6666666666666666,0.5260124490893721,0.7563559322033899,75
quiet,fomc_pc,NQ,30,spread_ratio,1.0344827586206897,1.0,1.5,75
quiet,fomc_pc,NQ,31,depth_ratio,0.6598240469208211,0.5242338441039307,0.7476708618394938,75
quiet,fomc_pc,NQ,31,spread_ratio,1.1111111111111112,1.0,1.5,75
quiet,fomc_pc,NQ,32,depth_ratio,0.6428571428571428,0.5270875135051705,0.7659713168187745,75
quiet,fomc_pc,NQ,32,spread_ratio,1.1320754716981132,1.0,1.5,75
quiet,fomc_pc,NQ,33,depth_ratio,0.6392467789890981,0.5067877453678223,0.7338358684434871,75
quiet,fomc_pc,NQ,33,spread_ratio,1.2857142857142856,1.0,1.5,75
quiet,fomc_pc,NQ,34,depth_ratio,0.6417112299465241,0.5058900277251571,0.7700543567781255,75
quiet,fomc_pc,NQ,34,spread_ratio,1.3333333333333333,1.0,1.5,75
quiet,fomc_pc,NQ,35,depth_ratio,0.5898876404494382,0.49941182458799444,0.7146910690217777,75
quiet,fomc_pc,NQ,35,spread_ratio,1.3333333333333333,1.0,1.7156862745098038,75
quiet,fomc_pc,NQ,36,depth_ratio,0.6040268456375839,0.4669331395348837,0.7032832446182109,75
quiet,fomc_pc,NQ,36,spread_ratio,1.3333333333333333,1.0,1.7394957983193278,75
quiet,fomc_pc,NQ,37,depth_ratio,0.6060606060606061,0.44610281923714756,0.7365392148000843,75
quiet,fomc_pc,NQ,37,spread_ratio,1.5,1.0,1.8614718614718613,75
quiet,fomc_pc,NQ,38,depth_ratio,0.5797101449275363,0.45515813005457295,0.7635215372989312,75
quiet,fomc_pc,NQ,38,spread_ratio,1.3333333333333333,1.0,1.6466165413533833,75
quiet,fomc_pc,NQ,39,depth_ratio,0.5732484076433121,0.4554489672457005,0.7173484263785267,75
quiet,fomc_pc,NQ,39,spread_ratio,1.4285714285714286,1.0,1.7061994609164421,75
quiet,fomc_pc,NQ,40,depth_ratio,0.6,0.44944450678936143,0.7692307692307692,75
quiet,fomc_pc,NQ,40,spread_ratio,1.5,1.0,1.6941270263087962,75
quiet,fomc_pc,NQ,41,depth_ratio,0.6206896551724138,0.46178997914955455,0.7453684608995836,75
quiet,fomc_pc,NQ,41,spread_ratio,1.3888888888888888,1.0,1.7394957983193278,75
quiet,fomc_pc,NQ,42,depth_ratio,0.6106194690265487,0.45515813005457295,0.760604830525675,75
quiet,fomc_pc,NQ,42,spread_ratio,1.3888888888888888,1.0,1.7394957983193278,75
quiet,fomc_pc,NQ,43,depth_ratio,0.5797101449275363,0.4580328230791875,0.7906312702577558,75
quiet,fomc_pc,NQ,43,spread_ratio,1.4705882352941178,1.0,1.644144144144144,75
quiet,fomc_pc,NQ,44,depth_ratio,0.6417112299465241,0.4577294685990338,0.7929669306008384,75
quiet,fomc_pc,NQ,44,spread_ratio,1.3888888888888888,1.0,1.7061994609164421,75
quiet,fomc_pc,NQ,45,depth_ratio,0.6666666666666666,0.47872108249672635,0.7843472317156527,75
quiet,fomc_pc,NQ,45,spread_ratio,1.3333333333333333,1.0,1.7061994609164421,75
quiet,fomc_pc,NQ,46,depth_ratio,0.6398104265402844,0.4744959223495272,0.7528729600671669,75
quiet,fomc_pc,NQ,46,spread_ratio,1.267605633802817,1.0,1.777875329236172,75
quiet,fomc_pc,NQ,47,depth_ratio,0.6423982869379015,0.5109610045170113,0.7523584905660378,75
quiet,fomc_pc,NQ,47,spread_ratio,1.25,1.0,1.7526652452025586,75
quiet,fomc_pc,NQ,48,depth_ratio,0.6501547987616099,0.5079966866318337,0.7659713168187745,75
quiet,fomc_pc,NQ,48,spread_ratio,1.3333333333333333,1.0,1.7914438502673797,75
quiet,fomc_pc,NQ,49,depth_ratio,0.6293706293706294,0.5026448064422747,0.766559829059829,75
quiet,fomc_pc,NQ,49,spread_ratio,1.3333333333333333,1.0,1.9523809523809523,75
quiet,fomc_pc,NQ,50,depth_ratio,0.6417112299465241,0.5039785764242506,0.7659713168187745,75
quiet,fomc_pc,NQ,50,spread_ratio,1.3333333333333333,1.0,1.7445789918332864,75
quiet,fomc_pc,NQ,51,depth_ratio,0.6541129831516352,0.5069239554582659,0.7742257742257742,75
quiet,fomc_pc,NQ,51,spread_ratio,1.3333333333333333,1.0,1.8614718614718613,75
quiet,fomc_pc,NQ,52,depth_ratio,0.6293706293706294,0.5109610045170113,0.7314463573582336,75
quiet,fomc_pc,NQ,52,spread_ratio,1.267605633802817,1.0,1.758147512864494,75
quiet,fomc_pc,NQ,53,depth_ratio,0.6716417910447761,0.5096562677010662,0.7659713168187745,75
quiet,fomc_pc,NQ,53,spread_ratio,1.3333333333333333,1.0,1.5394736842105263,75
quiet,fomc_pc,NQ,54,depth_ratio,0.6521739130434783,0.5293057126696833,0.7659713168187745,75
quiet,fomc_pc,NQ,54,spread_ratio,1.3333333333333333,1.0,1.6228070175438596,75
quiet,fomc_pc,NQ,55,depth_ratio,0.65625,0.5069239554582659,0.7806056502738967,75
quiet,fomc_pc,NQ,55,spread_ratio,1.3333333333333333,1.0,1.7662337662337662,75
quiet,fomc_pc,NQ,56,depth_ratio,0.6666666666666666,0.5417073965461062,0.7793522267206479,75
quiet,fomc_pc,NQ,56,spread_ratio,1.267605633802817,1.0,1.758147512864494,75
quiet,fomc_pc,NQ,57,depth_ratio,0.6601466992665037,0.5069239554582659,0.8064749241219829,75
quiet,fomc_pc,NQ,57,spread_ratio,1.3333333333333333,1.0,1.8046132971506106,75
quiet,fomc_pc,NQ,58,depth_ratio,0.65625,0.5023734177215189,0.7587144227694276,75
quiet,fomc_pc,NQ,58,spread_ratio,1.3333333333333333,1.0,1.7061994609164421,75
quiet,fomc_pc,NQ,59,depth_ratio,0.6716417910447761,0.5074018450976185,0.7659713168187745,75
quiet,fomc_pc,NQ,59,spread_ratio,1.3333333333333333,1.0,1.7061994609164421,75
quiet,fomc_pc,NQ,60,depth_ratio,0.6666666666666666,0.5040006773633631,0.7793522267206479,75
quiet,fomc_pc,NQ,60,spread_ratio,1.3888888888888888,1.0,1.5394736842105263,75
quiet,fomc_pc,NQ,61,depth_ratio,0.6766917293233082,0.5492709904474611,0.7745661418227789,75
quiet,fomc_pc,NQ,61,spread_ratio,1.3333333333333333,1.0,1.5,75
quiet,fomc_pc,NQ,62,depth_ratio,0.6716417910447761,0.502034644963787,0.7605694153494573,75
quiet,fomc_pc,NQ,62,spread_ratio,1.0526315789473684,1.0,1.5,75
quiet,fomc_pc,NQ,63,depth_ratio,0.6666666666666666,0.49201806014673866,0.7659713168187745,75
quiet,fomc_pc,NQ,63,spread_ratio,1.1764705882352942,1.0,1.5,75
quiet,fomc_pc,NQ,64,depth_ratio,0.6521739130434783,0.5250055681354171,0.7857321027687703,75
quiet,fomc_pc,NQ,64,spread_ratio,1.1111111111111112,1.0,1.5,75
quiet,fomc_pc,NQ,65,depth_ratio,0.6716417910447761,0.5361990950226245,0.7785697949226196,75
quiet,fomc_pc,NQ,65,spread_ratio,1.1764705882352942,1.0,1.5,75
quiet,fomc_pc,NQ,66,depth_ratio,0.6666666666666666,0.5074018450976185,0.7976383725192439,75
quiet,fomc_pc,NQ,66,spread_ratio,1.1111111111111112,1.0,1.5,75
quiet,fomc_pc,NQ,67,depth_ratio,0.6818181818181818,0.566998035597357,0.8004329004329005,75
quiet,fomc_pc,NQ,67,spread_ratio,1.25,1.0,1.5,75
quiet,fomc_pc,NQ,68,depth_ratio,0.6766917293233082,0.5432323431044659,0.7756106452788918,75
quiet,fomc_pc,NQ,68,spread_ratio,1.1111111111111112,1.0,1.5,75
quiet,fomc_pc,NQ,69,depth_ratio,0.6838453914767096,0.5212764953919007,0.7742257742257742,75
quiet,fomc_pc,NQ,69,spread_ratio,1.1842105263157896,1.0,1.5,75
quiet,fomc_pc,NQ,70,depth_ratio,0.7042253521126761,0.5581516095534786,0.8182494421026532,75
quiet,fomc_pc,NQ,70,spread_ratio,1.3333333333333333,1.0,1.5,75
quiet,fomc_pc,NQ,71,depth_ratio,0.6896551724137931,0.5655449344372978,0.8182494421026532,75
quiet,fomc_pc,NQ,71,spread_ratio,1.25,1.0,1.5,75
quiet,fomc_pc,NQ,72,depth_ratio,0.6818181818181818,0.5274750753535822,0.7659713168187745,75
quiet,fomc_pc,NQ,72,spread_ratio,1.3333333333333333,1.0,1.5,75
quiet,fomc_pc,NQ,73,depth_ratio,0.6666666666666666,0.5346511074065254,0.7947368421052632,75
quiet,fomc_pc,NQ,73,spread_ratio,1.1111111111111112,1.0,1.5,75
quiet,fomc_pc,NQ,74,depth_ratio,0.6716417910447761,0.5354228314380117,0.8197700462893833,75
quiet,fomc_pc,NQ,74,spread_ratio,1.1320754716981132,1.0,1.5,75
quiet,fomc_pc,NQ,75,depth_ratio,0.6818181818181818,0.5695312922350566,0.8067929177939088,75
quiet,fomc_pc,NQ,75,spread_ratio,1.1320754716981132,1.0,1.5,75
quiet,fomc_pc,NQ,76,depth_ratio,0.6944444444444444,0.5346511074065254,0.8380934544432999,75
quiet,fomc_pc,NQ,76,spread_ratio,1.1111111111111112,1.0,1.5,75
quiet,fomc_pc,NQ,77,depth_ratio,0.6666666666666666,0.5473552816352005,0.7900211332716947,75
quiet,fomc_pc,NQ,77,spread_ratio,1.0344827586206897,1.0,1.5,75
quiet,fomc_pc,NQ,78,depth_ratio,0.6645569620253164,0.5518670444453841,0.8067929177939088,75
quiet,fomc_pc,NQ,78,spread_ratio,1.1111111111111112,1.0,1.5,75
quiet,fomc_pc,NQ,79,depth_ratio,0.6818181818181818,0.5651839583579794,0.8454675420946733,75
quiet,fomc_pc,NQ,79,spread_ratio,1.0,1.0,1.5,75
quiet,fomc_pc,NQ,80,depth_ratio,0.6787330316742082,0.5602222585389769,0.8808170574364906,75
quiet,fomc_pc,NQ,80,spread_ratio,1.0,1.0,1.5,75
quiet,fomc_pc,NQ,81,depth_ratio,0.6818181818181818,0.5723384895359418,0.8466611443863896,75
quiet,fomc_pc,NQ,81,spread_ratio,1.0526315789473684,1.0,1.5,75
quiet,fomc_pc,NQ,82,depth_ratio,0.6818181818181818,0.571795306483253,0.8608283608283609,75
quiet,fomc_pc,NQ,82,spread_ratio,1.0,1.0,1.5,75
quiet,fomc_pc,NQ,83,depth_ratio,0.6779661016949152,0.5708853883758827,0.884963452836756,75
quiet,fomc_pc,NQ,83,spread_ratio,1.0,1.0,1.5,75
quiet,fomc_pc,NQ,84,depth_ratio,0.6896551724137931,0.5499816749129558,0.8702693885160329,75
quiet,fomc_pc,NQ,84,spread_ratio,1.0,1.0,1.5,75
quiet,fomc_pc,NQ,85,depth_ratio,0.7086614173228346,0.5723384895359418,0.8915481762783715,75
quiet,fomc_pc,NQ,85,spread_ratio,1.0,1.0,1.5,75
quiet,fomc_pc,NQ,86,depth_ratio,0.7478005865102639,0.5708853883758827,0.9151162790697674,75
quiet,fomc_pc,NQ,86,spread_ratio,1.0,1.0,1.5,75
quiet,fomc_pc,NQ,87,depth_ratio,0.7246376811594203,0.5760978880321823,0.9029063127633601,75
quiet,fomc_pc,NQ,87,spread_ratio,1.0,1.0,1.5,75
quiet,fomc_pc,NQ,88,depth_ratio,0.7547169811320755,0.5840962074259397,0.9128774730996182,75
quiet,fomc_pc,NQ,88,spread_ratio,1.0,1.0,1.5,75
quiet,fomc_pc,NQ,89,depth_ratio,0.7433102081268583,0.5805527468823728,0.8683916604616531,75
quiet,fomc_pc,NQ,89,spread_ratio,1.0,1.0,1.5,75
quiet,fomc_pc,NQ,90,depth_ratio,0.7066381156316917,0.5914744752526562,0.8901769243669294,75
quiet,fomc_pc,NQ,90,spread_ratio,1.0,1.0,1.5,75
quiet,fomc_pc,NQ,91,depth_ratio,0.7120253164556962,0.5805527468823728,0.9128915976067487,75
quiet,fomc_pc,NQ,91,spread_ratio,1.0,1.0,1.5,75
quiet,fomc_pc,NQ,92,depth_ratio,0.7627118644067797,0.6148108758623585,0.9285994251371832,75
quiet,fomc_pc,NQ,92,spread_ratio,1.0,1.0,1.5,75
quiet,fomc_pc,NQ,93,depth_ratio,0.7882882882882883,0.6133477528164435,0.9441390580894369,75
quiet,fomc_pc,NQ,93,spread_ratio,1.0,1.0,1.5,75
quiet,fomc_pc,NQ,94,depth_ratio,0.7433628318584071,0.5820628646715603,0.912291933418694,75
quiet,fomc_pc,NQ,94,spread_ratio,1.0,1.0,1.5,75
quiet,fomc_pc,NQ,95,depth_ratio,0.7692307692307692,0.6135033444816054,0.92793273476597,75
quiet,fomc_pc,NQ,95,spread_ratio,1.0,1.0,1.5,75
quiet,fomc_pc,NQ,96,depth_ratio,0.7246376811594203,0.6239579073206027,0.8915481762783715,75
quiet,fomc_pc,NQ,96,spread_ratio,1.0,1.0,1.5,75
quiet,fomc_pc,NQ,97,depth_ratio,0.7627118644067797,0.6250301422715216,0.9069523476491719,75
quiet,fomc_pc,NQ,97,spread_ratio,1.0,1.0,1.5,75
quiet,fomc_pc,NQ,98,depth_ratio,0.7627118644067797,0.63000063000063,0.8955223880597015,75
quiet,fomc_pc,NQ,98,spread_ratio,1.0,1.0,1.4642857142857144,75
quiet,fomc_pc,NQ,99,depth_ratio,0.8021390374331551,0.6350312636903103,0.929435862666133,75
quiet,fomc_pc,NQ,99,spread_ratio,1.0,1.0,1.5,75
quiet,fomc_pc,NQ,100,depth_ratio,0.7484407484407484,0.6284928460660678,0.9151162790697674,75
quiet,fomc_pc,NQ,100,spread_ratio,1.0,1.0,1.348088531187123,75
quiet,fomc_pc,NQ,101,depth_ratio,0.7484407484407484,0.6148108758623585,0.9059343434343434,75
quiet,fomc_pc,NQ,101,spread_ratio,1.0,1.0,1.4642857142857144,75
quiet,fomc_pc,NQ,102,depth_ratio,0.7246376811594203,0.6223518351782215,0.9007813282580387,75
quiet,fomc_pc,NQ,102,spread_ratio,1.0,1.0,1.5,75
quiet,fomc_pc,NQ,103,depth_ratio,0.7792207792207791,0.62219568927549,0.9351812592749629,75
quiet,fomc_pc,NQ,103,spread_ratio,1.0,1.0,1.4642857142857144,75
quiet,fomc_pc,NQ,104,depth_ratio,0.759493670886076,0.5805527468823728,0.909101215309269,75
quiet,fomc_pc,NQ,104,spread_ratio,1.0,1.0,1.5,75
quiet,fomc_pc,NQ,105,depth_ratio,0.6818181818181818,0.5723384895359418,0.8432233146067416,75
quiet,fomc_pc,NQ,105,spread_ratio,1.0,1.0,1.5,75
quiet,fomc_pc,NQ,106,depth_ratio,0.7120253164556962,0.5708853883758827,0.8890376418791276,75
quiet,fomc_pc,NQ,106,spread_ratio,1.0,1.0,1.5,75
quiet,fomc_pc,NQ,107,depth_ratio,0.7009345794392523,0.6045052057993578,0.8499197431781701,75
quiet,fomc_pc,NQ,107,spread_ratio,1.0,1.0,1.5,75
quiet,fomc_pc,NQ,108,depth_ratio,0.7142857142857143,0.5836141180968768,0.8346233230134158,75
quiet,fomc_pc,NQ,108,spread_ratio,1.0,1.0,1.5,75
quiet,fomc_pc,NQ,109,depth_ratio,0.7058823529411764,0.5982345222474055,0.9712971588262693,75
quiet,fomc_pc,NQ,109,spread_ratio,1.0,1.0,1.5,75
quiet,fomc_pc,NQ,110,depth_ratio,0.7086614173228346,0.5930306905370843,0.8878659296169418,75
quiet,fomc_pc,NQ,110,spread_ratio,1.0,1.0,1.5,75
quiet,fomc_pc,NQ,111,depth_ratio,0.7894736842105263,0.6351858925388337,0.8915481762783715,75
quiet,fomc_pc,NQ,111,spread_ratio,1.0,1.0,1.3095238095238093,75
quiet,fomc_pc,NQ,112,depth_ratio,0.7917888563049853,0.6637298091042585,0.9505678884873515,75
quiet,fomc_pc,NQ,112,spread_ratio,1.0,1.0,1.300469483568075,75
quiet,fomc_pc,NQ,113,depth_ratio,0.8287292817679558,0.6614583333333333,1.0,75
quiet,fomc_pc,NQ,113,spread_ratio,1.0,1.0,1.2220381110190557,75
quiet,fomc_pc,NQ,114,depth_ratio,0.8108108108108107,0.680275606746195,0.9302325581395349,75
quiet,fomc_pc,NQ,114,spread_ratio,1.0,1.0,1.3660862354892205,75
quiet,fomc_pc,NQ,115,depth_ratio,0.7708779443254818,0.6741667601840422,0.9214818266542405,75
quiet,fomc_pc,NQ,115,spread_ratio,1.0,1.0,1.1542730299667037,75
quiet,fomc_pc,NQ,116,depth_ratio,0.8786610878661087,0.7028162830082167,1.0,75
quiet,fomc_pc,NQ,116,spread_ratio,1.0,1.0,1.0172413793103448,75
quiet,fomc_pc,NQ,117,depth_ratio,0.8955223880597015,0.7338358684434871,1.0300618921308577,75
quiet,fomc_pc,NQ,117,spread_ratio,1.0,1.0,1.043557168784029,75
quiet,fomc_pc,NQ,118,depth_ratio,0.9302325581395349,0.7753269085044785,1.115257048092869,75
quiet,fomc_pc,NQ,118,spread_ratio,1.0,1.0,1.0,75
quiet,fomc_pc,NQ,119,depth_ratio,1.021671826625387,0.872835706040785,1.2428487364738958,75
quiet,fomc_pc,NQ,119,spread_ratio,1.0,1.0,1.0,75
quiet,fomc_pc,ZN,-30,depth_ratio,1.014676177410128,0.9384523013606691,1.1168177034598987,75
quiet,fomc_pc,ZN,-30,spread_ratio,1.0,1.0,1.0,75
quiet,fomc_pc,ZN,-29,depth_ratio,1.0523687915397963,0.9045837134865589,1.1473554961526906,75
quiet,fomc_pc,ZN,-29,spread_ratio,1.0,1.0,1.0,75
quiet,fomc_pc,ZN,-28,depth_ratio,1.031420388830754,0.9251304654576666,1.1218732315220745,75
quiet,fomc_pc,ZN,-28,spread_ratio,1.0,1.0,1.0,75
quiet,fomc_pc,ZN,-27,depth_ratio,1.0068630280292918,0.9219565060102806,1.0988258224468175,75
quiet,fomc_pc,ZN,-27,spread_ratio,1.0,1.0,1.0,75
quiet,fomc_pc,ZN,-26,depth_ratio,0.9968646312136616,0.9036663668255986,1.0963811360362679,75
quiet,fomc_pc,ZN,-26,spread_ratio,1.0,1.0,1.0,75
quiet,fomc_pc,ZN,-25,depth_ratio,0.9986241452245518,0.9143780357182596,1.087038408256963,75
quiet,fomc_pc,ZN,-25,spread_ratio,1.0,1.0,1.0,75
quiet,fomc_pc,ZN,-24,depth_ratio,1.0112462144846373,0.9466422034531252,1.1018024102336363,75
quiet,fomc_pc,ZN,-24,spread_ratio,1.0,1.0,1.0,75
quiet,fomc_pc,ZN,-23,depth_ratio,0.9666859059918473,0.9016180490196841,1.0491601719516934,75
quiet,fomc_pc,ZN,-23,spread_ratio,1.0,1.0,1.0,75
quiet,fomc_pc,ZN,-22,depth_ratio,0.9608054457132442,0.8831493983289216,1.0321690943709645,75
quiet,fomc_pc,ZN,-22,spread_ratio,1.0,1.0,1.0,75
quiet,fomc_pc,ZN,-21,depth_ratio,0.9784883818284318,0.9069471342201024,1.0455345510611136,75
quiet,fomc_pc,ZN,-21,spread_ratio,1.0,1.0,1.0,75
quiet,fomc_pc,ZN,-20,depth_ratio,0.9620930578266687,0.8734007760089556,1.0476592745751665,75
quiet,fomc_pc,ZN,-20,spread_ratio,1.0,1.0,1.0,75
quiet,fomc_pc,ZN,-19,depth_ratio,0.9768461840181617,0.8802385029292323,1.0548217012715462,75
quiet,fomc_pc,ZN,-19,spread_ratio,1.0,1.0,1.0,75
quiet,fomc_pc,ZN,-18,depth_ratio,0.953493326840255,0.8726972814216429,1.0354601190332433,75
quiet,fomc_pc,ZN,-18,spread_ratio,1.0,1.0,1.0,75
quiet,fomc_pc,ZN,-17,depth_ratio,0.9689621726479146,0.8909522217614592,1.062678025704209,75
quiet,fomc_pc,ZN,-17,spread_ratio,1.0,1.0,1.0,75
quiet,fomc_pc,ZN,-16,depth_ratio,0.9533588752881587,0.8638614160353796,1.0564956802216348,75
quiet,fomc_pc,ZN,-16,spread_ratio,1.0,1.0,1.0,75
quiet,fomc_pc,ZN,-15,depth_ratio,0.8853161778892532,0.7993627516489333,0.9835273587312205,75
quiet,fomc_pc,ZN,-15,spread_ratio,1.0,1.0,1.0,75
quiet,fomc_pc,ZN,-14,depth_ratio,0.904354377834326,0.7973476811133089,1.0310486062618298,75
quiet,fomc_pc,ZN,-14,spread_ratio,1.0,1.0,1.0,75
quiet,fomc_pc,ZN,-13,depth_ratio,0.9308074474242716,0.7474137681468294,1.0203315693932296,75
quiet,fomc_pc,ZN,-13,spread_ratio,1.0,1.0,1.0,75
quiet,fomc_pc,ZN,-12,depth_ratio,0.8602797344084343,0.7390191524413718,1.0385088729458012,75
quiet,fomc_pc,ZN,-12,spread_ratio,1.0,1.0,1.0,75
quiet,fomc_pc,ZN,-11,depth_ratio,0.8371751796878323,0.722630247310297,1.002398264373427,75
quiet,fomc_pc,ZN,-11,spread_ratio,1.0,1.0,1.0,75
quiet,fomc_pc,ZN,-10,depth_ratio,0.7785418530617341,0.6662818373835953,0.9532140087327934,75
quiet,fomc_pc,ZN,-10,spread_ratio,1.0,1.0,1.0,75
quiet,fomc_pc,ZN,-9,depth_ratio,0.7529484272063092,0.6214125080165421,0.9072830356900012,75
quiet,fomc_pc,ZN,-9,spread_ratio,1.0,1.0,1.0,75
quiet,fomc_pc,ZN,-8,depth_ratio,0.7239526321026967,0.5921538111650582,0.8420735724881021,75
quiet,fomc_pc,ZN,-8,spread_ratio,1.0,1.0,1.0,75
quiet,fomc_pc,ZN,-7,depth_ratio,0.6853147943198291,0.5848499561572204,0.8564110391609017,75
quiet,fomc_pc,ZN,-7,spread_ratio,1.0,1.0,1.0,75
quiet,fomc_pc,ZN,-6,depth_ratio,0.6144098900932006,0.4691592473792534,0.7952162167232784,75
quiet,fomc_pc,ZN,-6,spread_ratio,1.0,1.0,1.0,75
quiet,fomc_pc,ZN,-5,depth_ratio,0.5532583916358778,0.41444468490442354,0.7022564331174594,75
quiet,fomc_pc,ZN,-5,spread_ratio,1.0,1.0,1.0,75
quiet,fomc_pc,ZN,-4,depth_ratio,0.4637314773921386,0.320434606946134,0.610984012570307,75
quiet,fomc_pc,ZN,-4,spread_ratio,1.0,1.0,1.0,75
quiet,fomc_pc,ZN,-3,depth_ratio,0.2625240230621397,0.18336924362727203,0.40598537687869357,75
quiet,fomc_pc,ZN,-3,spread_ratio,1.0,1.0,1.0,75
quiet,fomc_pc,ZN,-2,depth_ratio,0.15813823455142312,0.10821875034817034,0.24602054523039452,75
quiet,fomc_pc,ZN,-2,spread_ratio,1.0,1.0,1.0,75
quiet,fomc_pc,ZN,-1,depth_ratio,0.06593068686089137,0.043802870503011695,0.10246337166448721,75
quiet,fomc_pc,ZN,-1,spread_ratio,1.0,1.0,1.0,75
quiet,fomc_pc,ZN,0,depth_ratio,0.06805095096841739,0.04652516277426472,0.0938370472069919,75
quiet,fomc_pc,ZN,0,spread_ratio,1.0,1.0,1.0,75
quiet,fomc_pc,ZN,1,depth_ratio,0.15490135635018495,0.09744375308409602,0.2057472952380745,75
quiet,fomc_pc,ZN,1,spread_ratio,1.0,1.0,1.0,75
quiet,fomc_pc,ZN,2,depth_ratio,0.1904224266123258,0.1459079230207368,0.26580432614297345,75
quiet,fomc_pc,ZN,2,spread_ratio,1.0,1.0,1.0,75
quiet,fomc_pc,ZN,3,depth_ratio,0.22055362546228846,0.16711606464417142,0.29410594851244065,75
quiet,fomc_pc,ZN,3,spread_ratio,1.0,1.0,1.0,75
quiet,fomc_pc,ZN,4,depth_ratio,0.2595455859749509,0.1847385173888076,0.33906366438296714,75
quiet,fomc_pc,ZN,4,spread_ratio,1.0,1.0,1.0,75
quiet,fomc_pc,ZN,5,depth_ratio,0.3039240830982303,0.22293328592604814,0.4196198877470926,75
quiet,fomc_pc,ZN,5,spread_ratio,1.0,1.0,1.0,75
quiet,fomc_pc,ZN,6,depth_ratio,0.3216280143878851,0.22505828742786596,0.4284208626750934,75
quiet,fomc_pc,ZN,6,spread_ratio,1.0,1.0,1.0,75
quiet,fomc_pc,ZN,7,depth_ratio,0.34545871822824026,0.23410260097875413,0.46140706242987206,75
quiet,fomc_pc,ZN,7,spread_ratio,1.0,1.0,1.0,75
quiet,fomc_pc,ZN,8,depth_ratio,0.3725115802128638,0.2518714649898338,0.494135895429341,75
quiet,fomc_pc,ZN,8,spread_ratio,1.0,1.0,1.0,75
quiet,fomc_pc,ZN,9,depth_ratio,0.39132808016907167,0.2601883162349727,0.5071240800626411,75
quiet,fomc_pc,ZN,9,spread_ratio,1.0,1.0,1.0,75
quiet,fomc_pc,ZN,10,depth_ratio,0.402419618083891,0.3047180581472115,0.5117357326156887,75
quiet,fomc_pc,ZN,10,spread_ratio,1.0,1.0,1.0,75
quiet,fomc_pc,ZN,11,depth_ratio,0.4464327467148847,0.3204013376112456,0.5180725662247392,75
quiet,fomc_pc,ZN,11,spread_ratio,1.0,1.0,1.0,75
quiet,fomc_pc,ZN,12,depth_ratio,0.4389370758900743,0.3181120271303626,0.5324652990032137,75
quiet,fomc_pc,ZN,12,spread_ratio,1.0,1.0,1.0,75
quiet,fomc_pc,ZN,13,depth_ratio,0.46338531169336306,0.33516847841681235,0.5381921662410887,75
quiet,fomc_pc,ZN,13,spread_ratio,1.0,1.0,1.0,75
quiet,fomc_pc,ZN,14,depth_ratio,0.4566671621822506,0.3496363950329544,0.5590614312674804,75
quiet,fomc_pc,ZN,14,spread_ratio,1.0,1.0,1.0,75
quiet,fomc_pc,ZN,15,depth_ratio,0.50890531545437,0.3919957557360771,0.5587504713823213,75
quiet,fomc_pc,ZN,15,spread_ratio,1.0,1.0,1.0,75
quiet,fomc_pc,ZN,16,depth_ratio,0.5098702637298617,0.42283102163803127,0.6035828938267039,75
quiet,fomc_pc,ZN,16,spread_ratio,1.0,1.0,1.0,75
quiet,fomc_pc,ZN,17,depth_ratio,0.5192174559626677,0.4379904643102832,0.5946834566107377,75
quiet,fomc_pc,ZN,17,spread_ratio,1.0,1.0,1.0,75
quiet,fomc_pc,ZN,18,depth_ratio,0.5238806454755024,0.425272505914589,0.6355887007499317,75
quiet,fomc_pc,ZN,18,spread_ratio,1.0,1.0,1.0,75
quiet,fomc_pc,ZN,19,depth_ratio,0.5283831091606506,0.41077248734160476,0.6456056964925898,75
quiet,fomc_pc,ZN,19,spread_ratio,1.0,1.0,1.0,75
quiet,fomc_pc,ZN,20,depth_ratio,0.539222056721282,0.4417605620899099,0.6462091865514842,75
quiet,fomc_pc,ZN,20,spread_ratio,1.0,1.0,1.0,75
quiet,fomc_pc,ZN,21,depth_ratio,0.5633299782460469,0.43931430868638266,0.6453139731298938,75
quiet,fomc_pc,ZN,21,spread_ratio,1.0,1.0,1.0,75
quiet,fomc_pc,ZN,22,depth_ratio,0.5588611233596973,0.42915697907317407,0.6820568243547903,75
quiet,fomc_pc,ZN,22,spread_ratio,1.0,1.0,1.0,75
quiet,fomc_pc,ZN,23,depth_ratio,0.5550873850437841,0.4424002038190816,0.6492608314910848,75
quiet,fomc_pc,ZN,23,spread_ratio,1.0,1.0,1.0,75
quiet,fomc_pc,ZN,24,depth_ratio,0.5729132190375322,0.4439420016295965,0.6670050099580003,75
quiet,fomc_pc,ZN,24,spread_ratio,1.0,1.0,1.0,75
quiet,fomc_pc,ZN,25,depth_ratio,0.5812485414933911,0.42838578970459784,0.6510703832132627,75
quiet,fomc_pc,ZN,25,spread_ratio,1.0,1.0,1.0,75
quiet,fomc_pc,ZN,26,depth_ratio,0.5503913894324853,0.4555610288314508,0.6484969163379368,75
quiet,fomc_pc,ZN,26,spread_ratio,1.0,1.0,1.0,75
quiet,fomc_pc,ZN,27,depth_ratio,0.5383291665313809,0.4487151277619803,0.6593500960158187,75
quiet,fomc_pc,ZN,27,spread_ratio,1.0,1.0,1.0,75
quiet,fomc_pc,ZN,28,depth_ratio,0.5402943616752642,0.4293639986456345,0.6621488553586388,75
quiet,fomc_pc,ZN,28,spread_ratio,1.0,1.0,1.0,75
quiet,fomc_pc,ZN,29,depth_ratio,0.481237242895274,0.39156200864042334,0.5894903071571017,75
quiet,fomc_pc,ZN,29,spread_ratio,1.0,1.0,1.0,75
quiet,fomc_pc,ZN,30,depth_ratio,0.4515613652868555,0.3688778131362459,0.5688458410218837,75
quiet,fomc_pc,ZN,30,spread_ratio,1.0,1.0,1.0,75
quiet,fomc_pc,ZN,31,depth_ratio,0.42868134686549664,0.33494427591742004,0.5206630437855511,75
quiet,fomc_pc,ZN,31,spread_ratio,1.0,1.0,1.0,75
quiet,fomc_pc,ZN,32,depth_ratio,0.4260563940266226,0.3149550240182057,0.5288211689760498,75
quiet,fomc_pc,ZN,32,spread_ratio,1.0,1.0,1.0,75
quiet,fomc_pc,ZN,33,depth_ratio,0.4116327235070763,0.32172933281831795,0.5291808732585455,75
quiet,fomc_pc,ZN,33,spread_ratio,1.0,1.0,1.0,75
quiet,fomc_pc,ZN,34,depth_ratio,0.4232138495585046,0.3316324205259646,0.5475255828427672,75
quiet,fomc_pc,ZN,34,spread_ratio,1.0,1.0,1.0,75
quiet,fomc_pc,ZN,35,depth_ratio,0.43520553121807165,0.30810862031401326,0.5433609572454898,75
quiet,fomc_pc,ZN,35,spread_ratio,1.0,1.0,1.0,75
quiet,fomc_pc,ZN,36,depth_ratio,0.40788747931605074,0.2878936371443993,0.5224804164404628,75
quiet,fomc_pc,ZN,36,spread_ratio,1.0,1.0,1.0,75
quiet,fomc_pc,ZN,37,depth_ratio,0.39316437209468,0.29330865581430043,0.5075614058264879,75
quiet,fomc_pc,ZN,37,spread_ratio,1.0,1.0,1.0,75
quiet,fomc_pc,ZN,38,depth_ratio,0.4082396154543806,0.29817116671351984,0.5344285580881813,75
quiet,fomc_pc,ZN,38,spread_ratio,1.0,1.0,1.0,75
quiet,fomc_pc,ZN,39,depth_ratio,0.402425578831312,0.2875694141753514,0.5205045819180536,75
quiet,fomc_pc,ZN,39,spread_ratio,1.0,1.0,1.0,75
quiet,fomc_pc,ZN,40,depth_ratio,0.40640725693052426,0.31153995480038926,0.5463082765289282,75
quiet,fomc_pc,ZN,40,spread_ratio,1.0,1.0,1.0,75
quiet,fomc_pc,ZN,41,depth_ratio,0.4151971428444036,0.29261541381260536,0.5564165034788964,75
quiet,fomc_pc,ZN,41,spread_ratio,1.0,1.0,1.0,75
quiet,fomc_pc,ZN,42,depth_ratio,0.432074737251849,0.30424630166950084,0.5722328208076952,75
quiet,fomc_pc,ZN,42,spread_ratio,1.0,1.0,1.0,75
quiet,fomc_pc,ZN,43,depth_ratio,0.39019048669429174,0.31544712900865784,0.5590662222118041,75
quiet,fomc_pc,ZN,43,spread_ratio,1.0,1.0,1.0,75
quiet,fomc_pc,ZN,44,depth_ratio,0.44175424810922304,0.30849924335823475,0.6096534262257898,75
quiet,fomc_pc,ZN,44,spread_ratio,1.0,1.0,1.0,75
quiet,fomc_pc,ZN,45,depth_ratio,0.45381168415486095,0.2956612905546093,0.594538945177372,75
quiet,fomc_pc,ZN,45,spread_ratio,1.0,1.0,1.0,75
quiet,fomc_pc,ZN,46,depth_ratio,0.42257474588525495,0.31209612744626186,0.5952154531551919,75
quiet,fomc_pc,ZN,46,spread_ratio,1.0,1.0,1.0,75
quiet,fomc_pc,ZN,47,depth_ratio,0.422483138766273,0.3123952271391636,0.6062642128050266,75
quiet,fomc_pc,ZN,47,spread_ratio,1.0,1.0,1.0,75
quiet,fomc_pc,ZN,48,depth_ratio,0.42127124945514216,0.30890551998310867,0.5722668350574543,75
quiet,fomc_pc,ZN,48,spread_ratio,1.0,1.0,1.0,75
quiet,fomc_pc,ZN,49,depth_ratio,0.42542236076706835,0.32007197885773647,0.5660686966314575,75
quiet,fomc_pc,ZN,49,spread_ratio,1.0,1.0,1.0,75
quiet,fomc_pc,ZN,50,depth_ratio,0.44343681736943136,0.31220140335952584,0.6554722548240268,75
quiet,fomc_pc,ZN,50,spread_ratio,1.0,1.0,1.0,75
quiet,fomc_pc,ZN,51,depth_ratio,0.4786671957695549,0.3157202635025508,0.6196508333622857,75
quiet,fomc_pc,ZN,51,spread_ratio,1.0,1.0,1.0,75
quiet,fomc_pc,ZN,52,depth_ratio,0.49459308995208856,0.3458832771469499,0.6537612247884514,75
quiet,fomc_pc,ZN,52,spread_ratio,1.0,1.0,1.0,75
quiet,fomc_pc,ZN,53,depth_ratio,0.496937009960563,0.35527963296494347,0.6159191214085951,75
quiet,fomc_pc,ZN,53,spread_ratio,1.0,1.0,1.0,75
quiet,fomc_pc,ZN,54,depth_ratio,0.522682029826574,0.36214144070736487,0.7009849027855289,75
quiet,fomc_pc,ZN,54,spread_ratio,1.0,1.0,1.0,75
quiet,fomc_pc,ZN,55,depth_ratio,0.5583294347807596,0.405363458685711,0.7548359040338793,75
quiet,fomc_pc,ZN,55,spread_ratio,1.0,1.0,1.0,75
quiet,fomc_pc,ZN,56,depth_ratio,0.5910094483587129,0.4324094568747187,0.7822890860608177,75
quiet,fomc_pc,ZN,56,spread_ratio,1.0,1.0,1.0,75
quiet,fomc_pc,ZN,57,depth_ratio,0.6177511377960928,0.45498313251101724,0.8124328387668224,75
quiet,fomc_pc,ZN,57,spread_ratio,1.0,1.0,1.0,75
quiet,fomc_pc,ZN,58,depth_ratio,0.7275984037729005,0.5039385291899737,0.9115892991161254,75
quiet,fomc_pc,ZN,58,spread_ratio,1.0,1.0,1.0,75
quiet,fomc_pc,ZN,59,depth_ratio,0.846177558569667,0.6181591697148057,1.11284023589536,75
quiet,fomc_pc,ZN,59,spread_ratio,1.0,1.0,1.0,75
quiet,fomc_pc,ZN,60,depth_ratio,0.7310230076309598,0.49938574565445526,0.9967331426458463,75
quiet,fomc_pc,ZN,60,spread_ratio,1.0,1.0,1.0,75
quiet,fomc_pc,ZN,61,depth_ratio,0.6737191753619526,0.4587247437637534,0.877396592441277,75
quiet,fomc_pc,ZN,61,spread_ratio,1.0,1.0,1.0,75
quiet,fomc_pc,ZN,62,depth_ratio,0.5984717939415927,0.44961727411902375,0.8405788690543399,75
quiet,fomc_pc,ZN,62,spread_ratio,1.0,1.0,1.0,75
quiet,fomc_pc,ZN,63,depth_ratio,0.5765534913516976,0.4195009041822424,0.7742703741023317,75
quiet,fomc_pc,ZN,63,spread_ratio,1.0,1.0,1.0,75
quiet,fomc_pc,ZN,64,depth_ratio,0.6177408126625875,0.4266006336723853,0.7809027787580416,75
quiet,fomc_pc,ZN,64,spread_ratio,1.0,1.0,1.0,75
quiet,fomc_pc,ZN,65,depth_ratio,0.5849035597984914,0.4150786717015043,0.765344301766969,75
quiet,fomc_pc,ZN,65,spread_ratio,1.0,1.0,1.0,75
quiet,fomc_pc,ZN,66,depth_ratio,0.5575198747987997,0.39192285957715856,0.7494121628840256,75
quiet,fomc_pc,ZN,66,spread_ratio,1.0,1.0,1.0,75
quiet,fomc_pc,ZN,67,depth_ratio,0.5460769851651869,0.394885921619097,0.7660718517547258,75
quiet,fomc_pc,ZN,67,spread_ratio,1.0,1.0,1.0,75
quiet,fomc_pc,ZN,68,depth_ratio,0.6047391805167023,0.4004583824191832,0.7639305249002698,75
quiet,fomc_pc,ZN,68,spread_ratio,1.0,1.0,1.0,75
quiet,fomc_pc,ZN,69,depth_ratio,0.5715751291539956,0.37695114040511074,0.7819965219580909,75
quiet,fomc_pc,ZN,69,spread_ratio,1.0,1.0,1.0,75
quiet,fomc_pc,ZN,70,depth_ratio,0.5694530608977566,0.3894304768602414,0.7627124412898738,75
quiet,fomc_pc,ZN,70,spread_ratio,1.0,1.0,1.0,75
quiet,fomc_pc,ZN,71,depth_ratio,0.5513668243571623,0.39330530397620167,0.755261955532178,75
quiet,fomc_pc,ZN,71,spread_ratio,1.0,1.0,1.0,75
quiet,fomc_pc,ZN,72,depth_ratio,0.5764332911820756,0.3887116976257925,0.722690885797142,75
quiet,fomc_pc,ZN,72,spread_ratio,1.0,1.0,1.0,75
quiet,fomc_pc,ZN,73,depth_ratio,0.5616131711015634,0.3787204491201745,0.6925556572825649,75
quiet,fomc_pc,ZN,73,spread_ratio,1.0,1.0,1.0,75
quiet,fomc_pc,ZN,74,depth_ratio,0.5785977351736481,0.410125939087156,0.7250350560456783,75
quiet,fomc_pc,ZN,74,spread_ratio,1.0,1.0,1.0,75
quiet,fomc_pc,ZN,75,depth_ratio,0.5657011269316419,0.4143735478498733,0.7398960302483659,75
quiet,fomc_pc,ZN,75,spread_ratio,1.0,1.0,1.0,75
quiet,fomc_pc,ZN,76,depth_ratio,0.5876960350980585,0.454922831650435,0.7457721735129782,75
quiet,fomc_pc,ZN,76,spread_ratio,1.0,1.0,1.0,75
quiet,fomc_pc,ZN,77,depth_ratio,0.634711111817936,0.45421912193940606,0.7498095789169705,75
quiet,fomc_pc,ZN,77,spread_ratio,1.0,1.0,1.0,75
quiet,fomc_pc,ZN,78,depth_ratio,0.6357483129230349,0.44110107462813375,0.7724249297918808,75
quiet,fomc_pc,ZN,78,spread_ratio,1.0,1.0,1.0,75
quiet,fomc_pc,ZN,79,depth_ratio,0.6690773545450087,0.4286688149526722,0.8048766265837717,75
quiet,fomc_pc,ZN,79,spread_ratio,1.0,1.0,1.0,75
quiet,fomc_pc,ZN,80,depth_ratio,0.6537913495184157,0.4592685916852358,0.7809243502253129,75
quiet,fomc_pc,ZN,80,spread_ratio,1.0,1.0,1.0,75
quiet,fomc_pc,ZN,81,depth_ratio,0.6274124310089824,0.44931064309182595,0.8234309668840045,75
quiet,fomc_pc,ZN,81,spread_ratio,1.0,1.0,1.0,75
quiet,fomc_pc,ZN,82,depth_ratio,0.6308695713026075,0.4848035864685876,0.8499024612514648,75
quiet,fomc_pc,ZN,82,spread_ratio,1.0,1.0,1.0,75
quiet,fomc_pc,ZN,83,depth_ratio,0.6676393120900687,0.5172597413487666,0.825285967552823,75
quiet,fomc_pc,ZN,83,spread_ratio,1.0,1.0,1.0,75
quiet,fomc_pc,ZN,84,depth_ratio,0.6702921663689717,0.5248759261825213,0.8614251558551695,75
quiet,fomc_pc,ZN,84,spread_ratio,1.0,1.0,1.0,75
quiet,fomc_pc,ZN,85,depth_ratio,0.6631338367429249,0.5135734074278209,0.8231919890284941,75
quiet,fomc_pc,ZN,85,spread_ratio,1.0,1.0,1.0,75
quiet,fomc_pc,ZN,86,depth_ratio,0.6781958744000294,0.5364571360034638,0.8246110759145479,75
quiet,fomc_pc,ZN,86,spread_ratio,1.0,1.0,1.0,75
quiet,fomc_pc,ZN,87,depth_ratio,0.6718165262462726,0.5356412999160161,0.8507985763492929,75
quiet,fomc_pc,ZN,87,spread_ratio,1.0,1.0,1.0,75
quiet,fomc_pc,ZN,88,depth_ratio,0.6843741565283457,0.557467224798976,0.8706763955278098,75
quiet,fomc_pc,ZN,88,spread_ratio,1.0,1.0,1.0,75
quiet,fomc_pc,ZN,89,depth_ratio,0.7339491651844626,0.5835720998800056,0.8571838341386001,75
quiet,fomc_pc,ZN,89,spread_ratio,1.0,1.0,1.0,75
quiet,fomc_pc,ZN,90,depth_ratio,0.7281832100025517,0.5645280662038485,0.8571727865723472,75
quiet,fomc_pc,ZN,90,spread_ratio,1.0,1.0,1.0,75
quiet,fomc_pc,ZN,91,depth_ratio,0.7185819416926125,0.5935228724307746,0.9229923482676514,75
quiet,fomc_pc,ZN,91,spread_ratio,1.0,1.0,1.0,75
quiet,fomc_pc,ZN,92,depth_ratio,0.7340856700805694,0.5978218343881736,0.9346530146699767,75
quiet,fomc_pc,ZN,92,spread_ratio,1.0,1.0,1.0,75
quiet,fomc_pc,ZN,93,depth_ratio,0.7511464079218448,0.6034181471080688,0.8670219900615966,75
quiet,fomc_pc,ZN,93,spread_ratio,1.0,1.0,1.0,75
quiet,fomc_pc,ZN,94,depth_ratio,0.7548934832167283,0.6020219093501167,0.923644732416484,75
quiet,fomc_pc,ZN,94,spread_ratio,1.0,1.0,1.0,75
quiet,fomc_pc,ZN,95,depth_ratio,0.763968953918201,0.6010588936022239,0.9058734243640065,75
quiet,fomc_pc,ZN,95,spread_ratio,1.0,1.0,1.0,75
quiet,fomc_pc,ZN,96,depth_ratio,0.7761269281066348,0.5978878199383371,0.9141820308608783,75
quiet,fomc_pc,ZN,96,spread_ratio,1.0,1.0,1.0,75
quiet,fomc_pc,ZN,97,depth_ratio,0.7494179769215197,0.610909680619186,0.9170818070220317,75
quiet,fomc_pc,ZN,97,spread_ratio,1.0,1.0,1.0,75
quiet,fomc_pc,ZN,98,depth_ratio,0.7270098322729901,0.6155043958984234,0.9436299157106236,75
quiet,fomc_pc,ZN,98,spread_ratio,1.0,1.0,1.0,75
quiet,fomc_pc,ZN,99,depth_ratio,0.7649179116189357,0.6391264567874962,0.9253500822380921,75
quiet,fomc_pc,ZN,99,spread_ratio,1.0,1.0,1.0,75
quiet,fomc_pc,ZN,100,depth_ratio,0.7570141717826611,0.6196538999368043,0.9200645264090043,75
quiet,fomc_pc,ZN,100,spread_ratio,1.0,1.0,1.0,75
quiet,fomc_pc,ZN,101,depth_ratio,0.76232370605304,0.5965112734968837,0.8968169189894845,75
quiet,fomc_pc,ZN,101,spread_ratio,1.0,1.0,1.0,75
quiet,fomc_pc,ZN,102,depth_ratio,0.7735644379691509,0.5954219149865306,0.9072967790413722,75
quiet,fomc_pc,ZN,102,spread_ratio,1.0,1.0,1.0,75
quiet,fomc_pc,ZN,103,depth_ratio,0.790705792964659,0.6405175732104593,0.9155962309691137,75
quiet,fomc_pc,ZN,103,spread_ratio,1.0,1.0,1.0,75
quiet,fomc_pc,ZN,104,depth_ratio,0.7964312352974926,0.5827259644423672,0.9277540492678025,75
quiet,fomc_pc,ZN,104,spread_ratio,1.0,1.0,1.0,75
quiet,fomc_pc,ZN,105,depth_ratio,0.8000259748693139,0.5882529415794192,0.9171954129033592,75
quiet,fomc_pc,ZN,105,spread_ratio,1.0,1.0,1.0,75
quiet,fomc_pc,ZN,106,depth_ratio,0.8211924240726213,0.6076872790353031,0.9827661569296529,75
quiet,fomc_pc,ZN,106,spread_ratio,1.0,1.0,1.0,75
quiet,fomc_pc,ZN,107,depth_ratio,0.7379136860309725,0.6302656293239293,0.9748697906595885,75
quiet,fomc_pc,ZN,107,spread_ratio,1.0,1.0,1.0,75
quiet,fomc_pc,ZN,108,depth_ratio,0.8177749727465717,0.6154854671247998,0.9760125910605202,75
quiet,fomc_pc,ZN,108,spread_ratio,1.0,1.0,1.0,75
quiet,fomc_pc,ZN,109,depth_ratio,0.7873950962646042,0.6213798503678492,1.0584277288051247,75
quiet,fomc_pc,ZN,109,spread_ratio,1.0,1.0,1.0,75
quiet,fomc_pc,ZN,110,depth_ratio,0.787661925899085,0.6623417940989502,0.9617040935500198,75
quiet,fomc_pc,ZN,110,spread_ratio,1.0,1.0,1.0,75
quiet,fomc_pc,ZN,111,depth_ratio,0.7608005442793968,0.6664852511136035,0.95006346369028,75
quiet,fomc_pc,ZN,111,spread_ratio,1.0,1.0,1.0,75
quiet,fomc_pc,ZN,112,depth_ratio,0.7705159964159596,0.6158367589330602,0.9237286690624364,75
quiet,fomc_pc,ZN,112,spread_ratio,1.0,1.0,1.0,75
quiet,fomc_pc,ZN,113,depth_ratio,0.7961214595560092,0.6538192824683211,0.9271808628325997,75
quiet,fomc_pc,ZN,113,spread_ratio,1.0,1.0,1.0,75
quiet,fomc_pc,ZN,114,depth_ratio,0.7980068149342322,0.6173098548045114,0.9492266647722536,75
quiet,fomc_pc,ZN,114,spread_ratio,1.0,1.0,1.0,75
quiet,fomc_pc,ZN,115,depth_ratio,0.7983826081262482,0.5931776262553865,0.9918916529260923,75
quiet,fomc_pc,ZN,115,spread_ratio,1.0,1.0,1.0,75
quiet,fomc_pc,ZN,116,depth_ratio,0.8140935297885971,0.6103340765562751,1.0897685945430458,75
quiet,fomc_pc,ZN,116,spread_ratio,1.0,1.0,1.0,75
quiet,fomc_pc,ZN,117,depth_ratio,0.8288734996483784,0.6412615944429179,1.13737325887551,75
quiet,fomc_pc,ZN,117,spread_ratio,1.0,1.0,1.0,75
quiet,fomc_pc,ZN,118,depth_ratio,0.893228304759383,0.690551211645598,1.2299314160365178,75
quiet,fomc_pc,ZN,118,spread_ratio,1.0,1.0,1.0,75
quiet,fomc_pc,ZN,119,depth_ratio,0.8846544216350718,0.72041167639321,1.3553443728707784,75
quiet,fomc_pc,ZN,119,spread_ratio,1.0,1.0,1.0,75
h4,control,ES,-30,depth_ratio,0.9718075874039177,0.8649908200734394,1.1335922755586396,174
h4,control,ES,-30,spread_ratio,1.0,1.0,1.0,174
h4,control,ES,-29,depth_ratio,0.9802586045898469,0.855253386853989,1.13815698016361,174
h4,control,ES,-29,spread_ratio,1.0,1.0,1.0,174
h4,control,ES,-28,depth_ratio,0.9976706529165255,0.8653310020122473,1.1287773495149804,174
h4,control,ES,-28,spread_ratio,1.0,1.0,1.0,174
h4,control,ES,-27,depth_ratio,0.9714256660565386,0.8731292517006803,1.1260389893433136,174
h4,control,ES,-27,spread_ratio,1.0,1.0,1.0,174
h4,control,ES,-26,depth_ratio,0.9805961480380085,0.8562079785376795,1.112704325184435,174
h4,control,ES,-26,spread_ratio,1.0,1.0,1.0,174
h4,control,ES,-25,depth_ratio,0.9558845448869016,0.8693405511811024,1.1254745146916265,174
h4,control,ES,-25,spread_ratio,1.0,1.0,1.0,174
h4,control,ES,-24,depth_ratio,0.9680485605577427,0.8528501559484946,1.11072888055202,174
h4,control,ES,-24,spread_ratio,1.0,1.0,1.0,174
h4,control,ES,-23,depth_ratio,0.9735341204722834,0.8677246157639371,1.1234427020506634,174
h4,control,ES,-23,spread_ratio,1.0,1.0,1.0,174
h4,control,ES,-22,depth_ratio,0.9786206687114701,0.8524965379940341,1.1104460756634669,174
h4,control,ES,-22,spread_ratio,1.0,1.0,1.0,174
h4,control,ES,-21,depth_ratio,0.9877149877149878,0.8693736832024517,1.1326525252348394,174
h4,control,ES,-21,spread_ratio,1.0,1.0,1.0,174
h4,control,ES,-20,depth_ratio,0.9844408371900255,0.870135252495384,1.1108359874268823,174
h4,control,ES,-20,spread_ratio,1.0,1.0,1.0,174
h4,control,ES,-19,depth_ratio,0.9662449921985345,0.851769679491381,1.1044170223884908,174
h4,control,ES,-19,spread_ratio,1.0,1.0,1.0,174
h4,control,ES,-18,depth_ratio,0.9904056145245308,0.8543747661538112,1.0867316009631,174
h4,control,ES,-18,spread_ratio,1.0,1.0,1.0,174
h4,control,ES,-17,depth_ratio,0.9632238577192705,0.8578059525088643,1.0995558444372224,174
h4,control,ES,-17,spread_ratio,1.0,1.0,1.0,174
h4,control,ES,-16,depth_ratio,0.987012987012987,0.8642253654831973,1.096279922672296,174
h4,control,ES,-16,spread_ratio,1.0,1.0,1.0,174
h4,control,ES,-15,depth_ratio,0.9767914996196028,0.8866736024188435,1.0938973640594614,174
h4,control,ES,-15,spread_ratio,1.0,1.0,1.0,174
h4,control,ES,-14,depth_ratio,0.9806643339884005,0.8769824633301098,1.1101593026750827,174
h4,control,ES,-14,spread_ratio,1.0,1.0,1.0,174
h4,control,ES,-13,depth_ratio,0.9587147276055804,0.8690084495571617,1.084657473783541,174
h4,control,ES,-13,spread_ratio,1.0,1.0,1.0,174
h4,control,ES,-12,depth_ratio,0.97192337969037,0.8730665468672532,1.0757178371741123,174
h4,control,ES,-12,spread_ratio,1.0,1.0,1.0,174
h4,control,ES,-11,depth_ratio,0.9654388000603116,0.8880481995236094,1.1012547417566385,174
h4,control,ES,-11,spread_ratio,1.0,1.0,1.0,174
h4,control,ES,-10,depth_ratio,0.9850613154960981,0.8856186922072908,1.105538783491715,174
h4,control,ES,-10,spread_ratio,1.0,1.0,1.0,174
h4,control,ES,-9,depth_ratio,0.9649296906388107,0.8879578717119568,1.0666329966329966,174
h4,control,ES,-9,spread_ratio,1.0,1.0,1.0,174
h4,control,ES,-8,depth_ratio,0.9830465949820788,0.9041699715604274,1.0982471812257761,174
h4,control,ES,-8,spread_ratio,1.0,1.0,1.0,174
h4,control,ES,-7,depth_ratio,1.0016012586788934,0.9127519476888157,1.10660336873726,174
h4,control,ES,-7,spread_ratio,1.0,1.0,1.0,174
h4,control,ES,-6,depth_ratio,1.0024119545569556,0.9205759670875949,1.0824795961901805,174
h4,control,ES,-6,spread_ratio,1.0,1.0,1.0,174
h4,control,ES,-5,depth_ratio,1.0016144979335162,0.9488137138688794,1.0583646975399552,174
h4,control,ES,-5,spread_ratio,1.0,1.0,1.0,174
h4,control,ES,-4,depth_ratio,0.9867414258558169,0.93660175205786,1.0352292195583548,174
h4,control,ES,-4,spread_ratio,1.0,1.0,1.0,174
h4,control,ES,-3,depth_ratio,0.9838331160365059,0.9432037467949194,1.0424277052072248,174
h4,control,ES,-3,spread_ratio,1.0,1.0,1.0,174
h4,control,ES,-2,depth_ratio,0.9997301672962763,0.9368804877362934,1.0584963464107027,174
h4,control,ES,-2,spread_ratio,1.0,1.0,1.0,174
h4,control,ES,-1,depth_ratio,0.9814869638351555,0.9074959536843391,1.0670296430732003,174
h4,control,ES,-1,spread_ratio,1.0,1.0,1.0,174
h4,control,ES,0,depth_ratio,0.9764168897924913,0.8942716584674393,1.0485558586037906,174
h4,control,ES,0,spread_ratio,1.0,1.0,1.0,174
h4,control,ES,1,depth_ratio,0.9621881864054616,0.8895071542130365,1.0733576642335767,174
h4,control,ES,1,spread_ratio,1.0,1.0,1.0,174
h4,control,ES,2,depth_ratio,0.9660619536638442,0.8888888888888888,1.0960975181969657,174
h4,control,ES,2,spread_ratio,1.0,1.0,1.0,174
h4,control,ES,3,depth_ratio,0.9646479892752692,0.8778288665203043,1.108498023715415,174
h4,control,ES,3,spread_ratio,1.0,1.0,1.0,174
h4,control,ES,4,depth_ratio,0.975301501617291,0.8770382842963488,1.0880097752191633,174
h4,control,ES,4,spread_ratio,1.0,1.0,1.0,174
h4,control,ES,5,depth_ratio,0.9681506961898585,0.8727487157388613,1.0945812316271908,174
h4,control,ES,5,spread_ratio,1.0,1.0,1.0,174
h4,control,ES,6,depth_ratio,0.9821481812760882,0.8963909430011126,1.1063923331365193,174
h4,control,ES,6,spread_ratio,1.0,1.0,1.0,174
h4,control,ES,7,depth_ratio,0.9710675708021966,0.8778989606244265,1.095507641061421,174
h4,control,ES,7,spread_ratio,1.0,1.0,1.0,174
h4,control,ES,8,depth_ratio,0.9723760570386337,0.8585016581248115,1.1314585871794112,174
h4,control,ES,8,spread_ratio,1.0,1.0,1.0,174
h4,control,ES,9,depth_ratio,0.9587792814618303,0.8702289308320733,1.1141485341089794,174
h4,control,ES,9,spread_ratio,1.0,1.0,1.0,174
h4,control,ES,10,depth_ratio,0.9691325360708365,0.8641310582162317,1.087132356322485,174
h4,control,ES,10,spread_ratio,1.0,1.0,1.0,174
h4,control,ES,11,depth_ratio,0.9650936732845816,0.8696130750380683,1.0894236482471775,174
h4,control,ES,11,spread_ratio,1.0,1.0,1.0,174
h4,control,ES,12,depth_ratio,0.97383381254349,0.8583172424763277,1.0990174672489084,174
h4,control,ES,12,spread_ratio,1.0,1.0,1.0,174
h4,control,ES,13,depth_ratio,0.9557922131287881,0.864909125953809,1.0991074934947889,174
h4,control,ES,13,spread_ratio,1.0,1.0,1.0,174
h4,control,ES,14,depth_ratio,0.9848589598458274,0.845831665118304,1.1317846735024284,174
h4,control,ES,14,spread_ratio,1.0,1.0,1.0,174
h4,control,ES,15,depth_ratio,0.972668906308324,0.8705916676014545,1.0997603833865814,174
h4,control,ES,15,spread_ratio,1.0,1.0,1.0,174
h4,control,ES,16,depth_ratio,0.9644052195570957,0.8616926932716407,1.1120623002200174,174
h4,control,ES,16,spread_ratio,1.0,1.0,1.0,174
h4,control,ES,17,depth_ratio,0.9475356600849358,0.8583286172420298,1.0791100679876486,174
h4,control,ES,17,spread_ratio,1.0,1.0,1.0,174
h4,control,ES,18,depth_ratio,0.9717936808807099,0.8628709583145142,1.1584624482554702,174
h4,control,ES,18,spread_ratio,1.0,1.0,1.0,174
h4,control,ES,19,depth_ratio,0.9809196988448092,0.8718078087402003,1.1317413962387652,174
h4,control,ES,19,spread_ratio,1.0,1.0,1.0,174
h4,control,ES,20,depth_ratio,0.9672820512820512,0.8589366604062723,1.1045440398381574,174
h4,control,ES,20,spread_ratio,1.0,1.0,1.0,174
h4,control,ES,21,depth_ratio,0.9631703334043351,0.8673901510813433,1.1216329160209644,174
h4,control,ES,21,spread_ratio,1.0,1.0,1.0,174
h4,control,ES,22,depth_ratio,0.9720238399873449,0.8826128143549513,1.1413868006177135,174
h4,control,ES,22,spread_ratio,1.0,1.0,1.0,174
h4,control,ES,23,depth_ratio,0.9812971823245169,0.8559627715468251,1.1076554465521549,174
h4,control,ES,23,spread_ratio,1.0,1.0,1.0,174
h4,control,ES,24,depth_ratio,1.0030625417584975,0.8715493931962522,1.1283070410749882,174
h4,control,ES,24,spread_ratio,1.0,1.0,1.0,174
h4,control,ES,25,depth_ratio,0.983455248290217,0.8704707050645482,1.0881087267434202,174
h4,control,ES,25,spread_ratio,1.0,1.0,1.0,174
h4,control,ES,26,depth_ratio,0.9890020632668912,0.8602553447868098,1.1101317823281014,174
h4,control,ES,26,spread_ratio,1.0,1.0,1.0,174
h4,control,ES,27,depth_ratio,0.9771343410687673,0.8724602230604415,1.12238333369729,174
h4,control,ES,27,spread_ratio,1.0,1.0,1.0,174
h4,control,ES,28,depth_ratio,0.976575228330494,0.8654579270698304,1.101212716248034,174
h4,control,ES,28,spread_ratio,1.0,1.0,1.0,174
h4,control,ES,29,depth_ratio,0.9780014538724561,0.8626899837871507,1.0906502091856782,174
h4,control,ES,29,spread_ratio,1.0,1.0,1.0,174
h4,control,ES,30,depth_ratio,0.9939004337134765,0.8852926511681296,1.1200939401487386,174
h4,control,ES,30,spread_ratio,1.0,1.0,1.0,174
h4,control,ES,31,depth_ratio,1.0029397781803735,0.8815208951540577,1.1436782392887337,174
h4,control,ES,31,spread_ratio,1.0,1.0,1.0,174
h4,control,ES,32,depth_ratio,1.011515007992422,0.8887278368404329,1.1507650765076507,174
h4,control,ES,32,spread_ratio,1.0,1.0,1.0,174
h4,control,ES,33,depth_ratio,0.9894591716892915,0.8657473077138431,1.1572154125873146,174
h4,control,ES,33,spread_ratio,1.0,1.0,1.0,174
h4,control,ES,34,depth_ratio,1.0098804704067863,0.8735786871738533,1.1394513317513473,174
h4,control,ES,34,spread_ratio,1.0,1.0,1.0,174
h4,control,ES,35,depth_ratio,0.9925116136619214,0.8470593201910723,1.143357595563478,174
h4,control,ES,35,spread_ratio,1.0,1.0,1.0,174
h4,control,ES,36,depth_ratio,0.9955628933431786,0.8685885167464116,1.1332474833492572,174
h4,control,ES,36,spread_ratio,1.0,1.0,1.0,174
h4,control,ES,37,depth_ratio,0.9938116617299334,0.8766651292632601,1.1566456505505223,174
h4,control,ES,37,spread_ratio,1.0,1.0,1.0,174
h4,control,ES,38,depth_ratio,0.9949649784797472,0.8648104712940163,1.1357540826128723,174
h4,control,ES,38,spread_ratio,1.0,1.0,1.0,174
h4,control,ES,39,depth_ratio,0.9920601772064638,0.873439985470286,1.1360917986755994,174
h4,control,ES,39,spread_ratio,1.0,1.0,1.0,174
h4,control,ES,40,depth_ratio,1.0015209379488492,0.8786712537546338,1.1601174484327974,174
h4,control,ES,40,spread_ratio,1.0,1.0,1.0,174
h4,control,ES,41,depth_ratio,1.0170789946140038,0.8947219031934612,1.1697948167564878,174
h4,control,ES,41,spread_ratio,1.0,1.0,1.0,174
h4,control,ES,42,depth_ratio,1.0048729670988532,0.8904751475193882,1.2073813611810178,174
h4,control,ES,42,spread_ratio,1.0,1.0,1.0,174
h4,control,ES,43,depth_ratio,1.0525692137402367,0.8868204226566001,1.230964880816513,174
h4,control,ES,43,spread_ratio,1.0,1.0,1.0,174
h4,control,ES,44,depth_ratio,1.0323841596475178,0.8854915681767326,1.1810378634698826,174
h4,control,ES,44,spread_ratio,1.0,1.0,1.0,174
h4,control,ES,45,depth_ratio,1.023571773430516,0.856964367894876,1.196798051711281,174
h4,control,ES,45,spread_ratio,1.0,1.0,1.0,174
h4,control,ES,46,depth_ratio,1.020466056866802,0.8912814780721942,1.2082325608053126,174
h4,control,ES,46,spread_ratio,1.0,1.0,1.0,174
h4,control,ES,47,depth_ratio,1.0473943710196534,0.8882340167186487,1.2259408297438223,174
h4,control,ES,47,spread_ratio,1.0,1.0,1.0,174
h4,control,ES,48,depth_ratio,1.0315555295357415,0.9155764539475889,1.2125370104306914,174
h4,control,ES,48,spread_ratio,1.0,1.0,1.0,174
h4,control,ES,49,depth_ratio,1.0324478175128269,0.9150126047618994,1.1836080948984176,174
h4,control,ES,49,spread_ratio,1.0,1.0,1.0,174
h4,control,ES,50,depth_ratio,1.0202853181066793,0.8974745134383688,1.1820926433696983,174
h4,control,ES,50,spread_ratio,1.0,1.0,1.0,174
h4,control,ES,51,depth_ratio,1.0311113196407555,0.8935031810626468,1.1813872597398978,174
h4,control,ES,51,spread_ratio,1.0,1.0,1.0,174
h4,control,ES,52,depth_ratio,0.9939171263810282,0.8711745244003308,1.1755884494054842,174
h4,control,ES,52,spread_ratio,1.0,1.0,1.0,174
h4,control,ES,53,depth_ratio,1.0218609800151488,0.8788250763558891,1.1991369834740495,174
h4,control,ES,53,spread_ratio,1.0,1.0,1.0,174
h4,control,ES,54,depth_ratio,1.017615207852434,0.8807357859531773,1.2095278227052175,174
h4,control,ES,54,spread_ratio,1.0,1.0,1.0,174
h4,control,ES,55,depth_ratio,1.0343994399188008,0.8899443838317833,1.2271966993755576,174
h4,control,ES,55,spread_ratio,1.0,1.0,1.0,174
h4,control,ES,56,depth_ratio,1.0051570809328112,0.8495829128826102,1.1875295353111053,174
h4,control,ES,56,spread_ratio,1.0,1.0,1.0,174
h4,control,ES,57,depth_ratio,0.9894550626105658,0.8492001789707728,1.2057798391364458,174
h4,control,ES,57,spread_ratio,1.0,1.0,1.0,174
h4,control,ES,58,depth_ratio,0.9989710295215337,0.8464309480880688,1.1828370405909117,174
h4,control,ES,58,spread_ratio,1.0,1.0,1.0,174
h4,control,ES,59,depth_ratio,1.0129382005796397,0.8856691563720402,1.1831331855999787,174
h4,control,ES,59,spread_ratio,1.0,1.0,1.0,174
h4,control,ES,60,depth_ratio,1.001992039275879,0.8668646479704131,1.1790805478812691,174
h4,control,ES,60,spread_ratio,1.0,1.0,1.0,174
h4,control,ES,61,depth_ratio,1.0030713146502621,0.8740576496674057,1.183006236519085,174
h4,control,ES,61,spread_ratio,1.0,1.0,1.0,174
h4,control,ES,62,depth_ratio,0.9984048209854661,0.8592168789528039,1.166096709947353,174
h4,control,ES,62,spread_ratio,1.0,1.0,1.0,174
h4,control,ES,63,depth_ratio,0.9792162849872773,0.8439158394206155,1.1790211143581506,174
h4,control,ES,63,spread_ratio,1.0,1.0,1.0,174
h4,control,ES,64,depth_ratio,0.9905085744331752,0.8629125014473735,1.2063253028298941,174
h4,control,ES,64,spread_ratio,1.0,1.0,1.0,174
h4,control,ES,65,depth_ratio,1.019014595504619,0.8602444284687275,1.2494990394244692,174
h4,control,ES,65,spread_ratio,1.0,1.0,1.0,174
h4,control,ES,66,depth_ratio,1.0250724563697546,0.8780089303836005,1.2253226157906205,174
h4,control,ES,66,spread_ratio,1.0,1.0,1.0,174
h4,control,ES,67,depth_ratio,1.0067849536340905,0.8522759623199054,1.1910211466696823,174
h4,control,ES,67,spread_ratio,1.0,1.0,1.0,174
h4,control,ES,68,depth_ratio,1.0315763921620706,0.8725642222579737,1.1869031047955845,174
h4,control,ES,68,spread_ratio,1.0,1.0,1.0,174
h4,control,ES,69,depth_ratio,1.000808799741184,0.8780175109443402,1.2146694666710602,174
h4,control,ES,69,spread_ratio,1.0,1.0,1.0,174
h4,control,ES,70,depth_ratio,1.012068147924155,0.8683465692368151,1.2257538584294865,174
h4,control,ES,70,spread_ratio,1.0,1.0,1.0,174
h4,control,ES,71,depth_ratio,1.0010724623523242,0.8863655032674966,1.2091395717684377,174
h4,control,ES,71,spread_ratio,1.0,1.0,1.0,174
h4,control,ES,72,depth_ratio,1.0011900441169455,0.8606081859898654,1.2110550865032443,174
h4,control,ES,72,spread_ratio,1.0,1.0,1.0,174
h4,control,ES,73,depth_ratio,0.9872000099504344,0.8682642876056074,1.2183758723889713,174
h4,control,ES,73,spread_ratio,1.0,1.0,1.0,174
h4,control,ES,74,depth_ratio,1.0051376733121482,0.8849156382273904,1.2087999601811756,174
h4,control,ES,74,spread_ratio,1.0,1.0,1.0,174
h4,control,ES,75,depth_ratio,1.02772942467819,0.8884878490032381,1.182178095749041,174
h4,control,ES,75,spread_ratio,1.0,1.0,1.0,174
h4,control,ES,76,depth_ratio,1.0343739670026655,0.8832957101382334,1.2105966986060117,174
h4,control,ES,76,spread_ratio,1.0,1.0,1.0,174
h4,control,ES,77,depth_ratio,1.01783050086937,0.8692556634304207,1.203576124870458,174
h4,control,ES,77,spread_ratio,1.0,1.0,1.0,174
h4,control,ES,78,depth_ratio,1.0345210960204843,0.8641338080552553,1.2215185851953827,174
h4,control,ES,78,spread_ratio,1.0,1.0,1.0,174
h4,control,ES,79,depth_ratio,1.0232246672099974,0.8791638815520497,1.236841103348499,174
h4,control,ES,79,spread_ratio,1.0,1.0,1.0,174
h4,control,ES,80,depth_ratio,1.0330125281079345,0.8912812389042144,1.236683898101366,174
h4,control,ES,80,spread_ratio,1.0,1.0,1.0,174
h4,control,ES,81,depth_ratio,1.0511329108239371,0.8838536421617993,1.2621832358674463,174
h4,control,ES,81,spread_ratio,1.0,1.0,1.0,174
h4,control,ES,82,depth_ratio,1.057724421091518,0.8993760501728437,1.2646531100478469,174
h4,control,ES,82,spread_ratio,1.0,1.0,1.0,174
h4,control,ES,83,depth_ratio,1.054108518895775,0.8728145149197781,1.3152764296691741,174
h4,control,ES,83,spread_ratio,1.0,1.0,1.0,174
h4,control,ES,84,depth_ratio,1.0440738386205304,0.894969644969645,1.3378040425444295,174
h4,control,ES,84,spread_ratio,1.0,1.0,1.0,174
h4,control,ES,85,depth_ratio,1.045593607567176,0.8869316600945993,1.2229919658013924,174
h4,control,ES,85,spread_ratio,1.0,1.0,1.0,174
h4,control,ES,86,depth_ratio,1.0618046962799832,0.8903967611336032,1.2714142914145383,174
h4,control,ES,86,spread_ratio,1.0,1.0,1.0,174
h4,control,ES,87,depth_ratio,1.0810552052502895,0.888355816226784,1.314692551868578,174
h4,control,ES,87,spread_ratio,1.0,1.0,1.0,174
h4,control,ES,88,depth_ratio,1.069615075861727,0.8895006741672378,1.280853073862596,174
h4,control,ES,88,spread_ratio,1.0,1.0,1.0,174
h4,control,ES,89,depth_ratio,1.0801380599264485,0.8956425388975717,1.286320964518482,174
h4,control,ES,89,spread_ratio,1.0,1.0,1.0,174
h4,control,ES,90,depth_ratio,1.073032054495195,0.9314875867470538,1.282971066848771,174
h4,control,ES,90,spread_ratio,1.0,1.0,1.0,174
h4,control,ES,91,depth_ratio,1.0553789075861841,0.8935754002813694,1.2715696415607112,174
h4,control,ES,91,spread_ratio,1.0,1.0,1.0,174
h4,control,ES,92,depth_ratio,1.0449290626799899,0.8946516319020552,1.3459123731295553,174
h4,control,ES,92,spread_ratio,1.0,1.0,1.0,174
h4,control,ES,93,depth_ratio,1.0900536018435028,0.8867064914619747,1.2983532301329708,174
h4,control,ES,93,spread_ratio,1.0,1.0,1.0,174
h4,control,ES,94,depth_ratio,1.0804867433494691,0.9047172623404136,1.293329683952923,174
h4,control,ES,94,spread_ratio,1.0,1.0,1.0,174
h4,control,ES,95,depth_ratio,1.0802597402597403,0.8932307692307693,1.3027055783553732,174
h4,control,ES,95,spread_ratio,1.0,1.0,1.0,174
h4,control,ES,96,depth_ratio,1.0561259047745533,0.8712443561336167,1.264236187975339,174
h4,control,ES,96,spread_ratio,1.0,1.0,1.0,174
h4,control,ES,97,depth_ratio,1.066149153754706,0.8994731850871893,1.2836197351888634,174
h4,control,ES,97,spread_ratio,1.0,1.0,1.0,174
h4,control,ES,98,depth_ratio,1.0507706422018348,0.8978692069567844,1.3313521545319464,174
h4,control,ES,98,spread_ratio,1.0,1.0,1.0,174
h4,control,ES,99,depth_ratio,1.0824760244115084,0.9041299896284871,1.3520093909680984,174
h4,control,ES,99,spread_ratio,1.0,1.0,1.0,174
h4,control,ES,100,depth_ratio,1.1122741504610345,0.9141837494080238,1.3798401088094714,174
h4,control,ES,100,spread_ratio,1.0,1.0,1.0,174
h4,control,ES,101,depth_ratio,1.096371905511552,0.9396622923740479,1.3576694346738223,174
h4,control,ES,101,spread_ratio,1.0,1.0,1.0,174
h4,control,ES,102,depth_ratio,1.0661518661518663,0.8901026150281364,1.3361978821821103,174
h4,control,ES,102,spread_ratio,1.0,1.0,1.0,174
h4,control,ES,103,depth_ratio,1.1051916592470343,0.897377191133154,1.3833960893567394,174
h4,control,ES,103,spread_ratio,1.0,1.0,1.0,174
h4,control,ES,104,depth_ratio,1.0962218276027467,0.9249380652178292,1.3844178307231414,174
h4,control,ES,104,spread_ratio,1.0,1.0,1.0,174
h4,control,ES,105,depth_ratio,1.107958707958708,0.8877379753512684,1.3853669724770643,174
h4,control,ES,105,spread_ratio,1.0,1.0,1.0,174
h4,control,ES,106,depth_ratio,1.1138687905472358,0.9097688849565987,1.3464288349848972,174
h4,control,ES,106,spread_ratio,1.0,1.0,1.0,174
h4,control,ES,107,depth_ratio,1.1197342047930285,0.8998090420571592,1.356137331334939,174
h4,control,ES,107,spread_ratio,1.0,1.0,1.0,174
h4,control,ES,108,depth_ratio,1.1192274266534807,0.912180090171579,1.3463863185774674,174
h4,control,ES,108,spread_ratio,1.0,1.0,1.0,174
h4,control,ES,109,depth_ratio,1.0728573478798906,0.8523523642736909,1.3774651084912115,174
h4,control,ES,109,spread_ratio,1.0,1.0,1.0,174
h4,control,ES,110,depth_ratio,1.031353569618279,0.8548333859392051,1.3134629709491512,174
h4,control,ES,110,spread_ratio,1.0,1.0,1.0,174
h4,control,ES,111,depth_ratio,1.1535307592709405,0.9325197595458088,1.4937130020723586,174
h4,control,ES,111,spread_ratio,1.0,1.0,1.0,174
h4,control,ES,112,depth_ratio,1.199085449085449,1.0002694704008388,1.471984533971506,174
h4,control,ES,112,spread_ratio,1.0,1.0,1.0,174
h4,control,ES,113,depth_ratio,1.2345321637426903,1.028352386872427,1.479866778069639,174
h4,control,ES,113,spread_ratio,1.0,1.0,1.0,174
h4,control,ES,114,depth_ratio,1.2255275226242808,1.055663261201834,1.567302749799277,174
h4,control,ES,114,spread_ratio,1.0,1.0,1.0,174
h4,control,ES,115,depth_ratio,1.371336932051996,1.0722082594476434,1.7387740555951532,174
h4,control,ES,115,spread_ratio,1.0,1.0,1.0,174
h4,control,ES,116,depth_ratio,1.5280464432019427,1.259923255657003,1.9231525856476153,174
h4,control,ES,116,spread_ratio,1.0,1.0,1.0,174
h4,control,ES,117,depth_ratio,1.65765076023112,1.3543541168646764,2.0392106241076493,174
h4,control,ES,117,spread_ratio,1.0,1.0,1.0,174
h4,control,ES,118,depth_ratio,2.0508211932819895,1.5467443010310862,2.43124319733115,174
h4,control,ES,118,spread_ratio,1.0,1.0,1.0,174
h4,control,ES,119,depth_ratio,2.712008758230966,2.0355100181490826,3.57263081722418,174
h4,control,ES,119,spread_ratio,1.0,1.0,1.0,174
h4,control,NQ,-30,depth_ratio,1.0,0.8826949384404925,1.1173050615595075,174
h4,control,NQ,-30,spread_ratio,1.0,1.0,1.0,174
h4,control,NQ,-29,depth_ratio,0.9968944099378882,0.8664704308268665,1.089557282865833,174
h4,control,NQ,-29,spread_ratio,1.0,1.0,1.0,174
h4,control,NQ,-28,depth_ratio,1.0,0.8807588075880759,1.1273277247376878,174
h4,control,NQ,-28,spread_ratio,1.0,1.0,1.0,174
h4,control,NQ,-27,depth_ratio,1.0,0.8699956952216961,1.100503355704698,174
h4,control,NQ,-27,spread_ratio,1.0,1.0,1.0,174
h4,control,NQ,-26,depth_ratio,1.0,0.9018627896410722,1.0752979414951245,174
h4,control,NQ,-26,spread_ratio,1.0,1.0,1.0,174
h4,control,NQ,-25,depth_ratio,1.0,0.8888888888888888,1.1016746411483254,174
h4,control,NQ,-25,spread_ratio,1.0,1.0,1.0,174
h4,control,NQ,-24,depth_ratio,1.0,0.8900709219858156,1.1083333333333334,174
h4,control,NQ,-24,spread_ratio,1.0,1.0,1.0,174
h4,control,NQ,-23,depth_ratio,1.0,0.8888888888888888,1.0778672427337,174
h4,control,NQ,-23,spread_ratio,1.0,1.0,1.0,174
h4,control,NQ,-22,depth_ratio,1.0,0.8850129198966408,1.1363413036357681,174
h4,control,NQ,-22,spread_ratio,1.0,1.0,1.0,174
h4,control,NQ,-21,depth_ratio,1.0,0.891832229580574,1.1099290780141844,174
h4,control,NQ,-21,spread_ratio,1.0,1.0,1.0,174
h4,control,NQ,-20,depth_ratio,0.9794047115248977,0.8825439266615737,1.0835164835164834,174
h4,control,NQ,-20,spread_ratio,1.0,1.0,1.0,174
h4,control,NQ,-19,depth_ratio,1.0,0.9090909090909091,1.0850840336134453,174
h4,control,NQ,-19,spread_ratio,1.0,1.0,1.0,174
h4,control,NQ,-18,depth_ratio,1.0,0.8888888888888888,1.0832961641391614,174
h4,control,NQ,-18,spread_ratio,1.0,1.0,1.0,174
h4,control,NQ,-17,depth_ratio,0.9900450948693951,0.8888888888888888,1.0526315789473684,174
h4,control,NQ,-17,spread_ratio,1.0,1.0,1.0,174
h4,control,NQ,-16,depth_ratio,1.0,0.8888888888888888,1.0666666666666667,174
h4,control,NQ,-16,spread_ratio,1.0,1.0,1.0,174
h4,control,NQ,-15,depth_ratio,1.0,0.8761081560283688,1.0909090909090908,174
h4,control,NQ,-15,spread_ratio,1.0,1.0,1.0,174
h4,control,NQ,-14,depth_ratio,1.0112439341933956,0.9241917502787068,1.0884520884520885,174
h4,control,NQ,-14,spread_ratio,1.0,1.0,1.0,174
h4,control,NQ,-13,depth_ratio,0.980361956103196,0.9008488014177782,1.0856236786469344,174
h4,control,NQ,-13,spread_ratio,1.0,1.0,1.0,174
h4,control,NQ,-12,depth_ratio,1.0,0.8961595660922055,1.0918762088974856,174
h4,control,NQ,-12,spread_ratio,1.0,1.0,1.0,174
h4,control,NQ,-11,depth_ratio,1.0,0.9059119496855346,1.0909090909090908,174
h4,control,NQ,-11,spread_ratio,1.0,1.0,1.0,174
h4,control,NQ,-10,depth_ratio,1.0,0.8821965436138665,1.0926030491247882,174
h4,control,NQ,-10,spread_ratio,1.0,1.0,1.0,174
h4,control,NQ,-9,depth_ratio,0.9790045514608721,0.9004335260115607,1.0765998707175177,174
h4,control,NQ,-9,spread_ratio,1.0,1.0,1.0,174
h4,control,NQ,-8,depth_ratio,1.0,0.9090909090909091,1.0666666666666667,174
h4,control,NQ,-8,spread_ratio,1.0,1.0,1.0,174
h4,control,NQ,-7,depth_ratio,0.9898521564167615,0.8900709219858156,1.0666666666666667,174
h4,control,NQ,-7,spread_ratio,1.0,1.0,1.0,174
h4,control,NQ,-6,depth_ratio,1.0,0.9056603773584906,1.0666666666666667,174
h4,control,NQ,-6,spread_ratio,1.0,1.0,1.0,174
h4,control,NQ,-5,depth_ratio,1.0,0.9230769230769231,1.0503432494279177,174
h4,control,NQ,-5,spread_ratio,1.0,1.0,1.0,174
h4,control,NQ,-4,depth_ratio,1.0,0.9397475589426054,1.04978354978355,174
h4,control,NQ,-4,spread_ratio,1.0,1.0,1.0,174
h4,control,NQ,-3,depth_ratio,1.0,0.9557341497640005,1.0526315789473684,174
h4,control,NQ,-3,spread_ratio,1.0,1.0,1.0,174
h4,control,NQ,-2,depth_ratio,1.0,0.9421028253821213,1.0659574468085107,174
h4,control,NQ,-2,spread_ratio,1.0,1.0,1.0,174
h4,control,NQ,-1,depth_ratio,1.0,0.9222190448956248,1.0588235294117647,174
h4,control,NQ,-1,spread_ratio,1.0,1.0,1.0,174
h4,control,NQ,0,depth_ratio,0.9749843652282677,0.9056603773584906,1.0647058823529412,174
h4,control,NQ,0,spread_ratio,1.0,1.0,1.0,174
h4,control,NQ,1,depth_ratio,0.9870919387075283,0.9038344491783323,1.0659574468085107,174
h4,control,NQ,1,spread_ratio,1.0,1.0,1.0,174
h4,control,NQ,2,depth_ratio,0.968069961358552,0.8888888888888888,1.0769230769230769,174
h4,control,NQ,2,spread_ratio,1.0,1.0,1.0,174
h4,control,NQ,3,depth_ratio,0.9792473951605959,0.8825439266615737,1.0769230769230769,174
h4,control,NQ,3,spread_ratio,1.0,1.0,1.0,174
h4,control,NQ,4,depth_ratio,1.0,0.8888888888888888,1.080126582278481,174
h4,control,NQ,4,spread_ratio,1.0,1.0,1.0,174
h4,control,NQ,5,depth_ratio,0.9746444032158318,0.8916666666666666,1.0753794054935406,174
h4,control,NQ,5,spread_ratio,1.0,1.0,1.0,174
h4,control,NQ,6,depth_ratio,0.9813635837481189,0.8801169590643274,1.0694835680751174,174
h4,control,NQ,6,spread_ratio,1.0,1.0,1.0,174
h4,control,NQ,7,depth_ratio,1.0,0.8725961538461539,1.0965532479010163,174
h4,control,NQ,7,spread_ratio,1.0,1.0,1.0,174
h4,control,NQ,8,depth_ratio,1.0,0.8902691511387163,1.0804186539480658,174
h4,control,NQ,8,spread_ratio,1.0,1.0,1.0,174
h4,control,NQ,9,depth_ratio,0.9799919967987194,0.8949318670810422,1.0666666666666667,174
h4,control,NQ,9,spread_ratio,1.0,1.0,1.0,174
h4,control,NQ,10,depth_ratio,0.9780009564801531,0.8888888888888888,1.057754010695187,174
h4,control,NQ,10,spread_ratio,1.0,1.0,1.0,174
h4,control,NQ,11,depth_ratio,0.9767441860465116,0.8701226309921962,1.0666666666666667,174
h4,control,NQ,11,spread_ratio,1.0,1.0,1.0,174
h4,control,NQ,12,depth_ratio,1.0,0.8759031791907514,1.0874125874125873,174
h4,control,NQ,12,spread_ratio,1.0,1.0,1.0,174
h4,control,NQ,13,depth_ratio,1.0,0.8888888888888888,1.126153846153846,174
h4,control,NQ,13,spread_ratio,1.0,1.0,1.0,174
h4,control,NQ,14,depth_ratio,1.0,0.8808588957055214,1.0942589904854056,174
h4,control,NQ,14,spread_ratio,1.0,1.0,1.0,174
h4,control,NQ,15,depth_ratio,1.0,0.8888888888888888,1.0996718621821164,174
h4,control,NQ,15,spread_ratio,1.0,1.0,1.0,174
h4,control,NQ,16,depth_ratio,0.9976958525345623,0.8801169590643274,1.12375,174
h4,control,NQ,16,spread_ratio,1.0,1.0,1.0,174
h4,control,NQ,17,depth_ratio,1.0,0.8774481566820277,1.092239467849224,174
h4,control,NQ,17,spread_ratio,1.0,1.0,1.0,174
h4,control,NQ,18,depth_ratio,1.0236279069767442,0.9168253968253968,1.1221052631578947,174
h4,control,NQ,18,spread_ratio,1.0,1.0,1.0,174
h4,control,NQ,19,depth_ratio,1.0,0.9187877480586712,1.0909090909090908,174
h4,control,NQ,19,spread_ratio,1.0,1.0,1.0,174
h4,control,NQ,20,depth_ratio,1.0,0.9062391480495428,1.118301886792453,174
h4,control,NQ,20,spread_ratio,1.0,1.0,1.0,174
h4,control,NQ,21,depth_ratio,0.980361956103196,0.8888888888888888,1.1046600458365163,174
h4,control,NQ,21,spread_ratio,1.0,1.0,1.0,174
h4,control,NQ,22,depth_ratio,1.0,0.8839869281045751,1.095727332028702,174
h4,control,NQ,22,spread_ratio,1.0,1.0,1.0,174
h4,control,NQ,23,depth_ratio,1.0,0.9001655629139074,1.092239467849224,174
h4,control,NQ,23,spread_ratio,1.0,1.0,1.0,174
h4,control,NQ,24,depth_ratio,1.0,0.8944916639424649,1.1091954022988506,174
h4,control,NQ,24,spread_ratio,1.0,1.0,1.0,174
h4,control,NQ,25,depth_ratio,1.0,0.8888888888888888,1.109831029185868,174
h4,control,NQ,25,spread_ratio,1.0,1.0,1.0,174
h4,control,NQ,26,depth_ratio,1.0,0.8888888888888888,1.0996478873239437,174
h4,control,NQ,26,spread_ratio,1.0,1.0,1.0,174
h4,control,NQ,27,depth_ratio,1.0,0.892018779342723,1.117777777777778,174
h4,control,NQ,27,spread_ratio,1.0,1.0,1.0,174
h4,control,NQ,28,depth_ratio,0.97716658017644,0.8826949384404925,1.1043096872616325,174
h4,control,NQ,28,spread_ratio,1.0,1.0,1.0,174
h4,control,NQ,29,depth_ratio,0.988663967611336,0.891832229580574,1.0890151515151514,174
h4,control,NQ,29,spread_ratio,1.0,1.0,1.0,174
h4,control,NQ,30,depth_ratio,1.0,0.875,1.129056603773585,174
h4,control,NQ,30,spread_ratio,1.0,1.0,1.0,174
h4,control,NQ,31,depth_ratio,0.9823693164243736,0.8888888888888888,1.1428571428571428,174
h4,control,NQ,31,spread_ratio,1.0,1.0,1.0,174
h4,control,NQ,32,depth_ratio,1.0,0.8888888888888888,1.1337651365812447,174
h4,control,NQ,32,spread_ratio,1.0,1.0,1.0,174
h4,control,NQ,33,depth_ratio,1.0030674846625767,0.9059894690653796,1.151098901098901,174
h4,control,NQ,33,spread_ratio,1.0,1.0,1.0,174
h4,control,NQ,34,depth_ratio,1.0,0.8967191011235955,1.1228197674418605,174
h4,control,NQ,34,spread_ratio,1.0,1.0,1.0,174
h4,control,NQ,35,depth_ratio,1.0,0.9003521126760563,1.163049853372434,174
h4,control,NQ,35,spread_ratio,1.0,1.0,1.0,174
h4,control,NQ,36,depth_ratio,1.0,0.8962381886254234,1.137030365414308,174
h4,control,NQ,36,spread_ratio,1.0,1.0,1.0,174
h4,control,NQ,37,depth_ratio,1.0,0.9065180102915952,1.1474164133738602,174
h4,control,NQ,37,spread_ratio,1.0,1.0,1.0,174
h4,control,NQ,38,depth_ratio,1.0,0.8888888888888888,1.1598864711447492,174
h4,control,NQ,38,spread_ratio,1.0,1.0,1.0,174
h4,control,NQ,39,depth_ratio,0.9759001161440186,0.8713179758308157,1.1149870801033592,174
h4,control,NQ,39,spread_ratio,1.0,1.0,1.0,174
h4,control,NQ,40,depth_ratio,1.0,0.8917210870023172,1.1428571428571428,174
h4,control,NQ,40,spread_ratio,1.0,1.0,1.0,174
h4,control,NQ,41,depth_ratio,1.0,0.8888888888888888,1.1457048126193108,174
h4,control,NQ,41,spread_ratio,1.0,1.0,1.0,174
h4,control,NQ,42,depth_ratio,1.024448419797257,0.9065180102915952,1.1428571428571428,174
h4,control,NQ,42,spread_ratio,1.0,1.0,1.0,174
h4,control,NQ,43,depth_ratio,1.0109792613951425,0.9058441558441559,1.1680711610486891,174
h4,control,NQ,43,spread_ratio,1.0,1.0,1.0,174
h4,control,NQ,44,depth_ratio,1.013949556150486,0.906195637628797,1.1666666666666667,174
h4,control,NQ,44,spread_ratio,1.0,1.0,1.0,174
h4,control,NQ,45,depth_ratio,1.0106382978723403,0.9065180102915952,1.1609305672142942,174
h4,control,NQ,45,spread_ratio,1.0,1.0,1.0,174
h4,control,NQ,46,depth_ratio,1.0,0.8844076730320574,1.1428571428571428,174
h4,control,NQ,46,spread_ratio,1.0,1.0,1.0,174
h4,control,NQ,47,depth_ratio,1.0,0.8903508771929824,1.1190697674418606,174
h4,control,NQ,47,spread_ratio,1.0,1.0,1.0,174
h4,control,NQ,48,depth_ratio,1.0,0.8942127659574468,1.1255656108597285,174
h4,control,NQ,48,spread_ratio,1.0,1.0,1.0,174
h4,control,NQ,49,depth_ratio,1.0112439341933956,0.8945702864756828,1.1666666666666667,174
h4,control,NQ,49,spread_ratio,1.0,1.0,1.0,174
h4,control,NQ,50,depth_ratio,1.0,0.9033290653008963,1.165909090909091,174
h4,control,NQ,50,spread_ratio,1.0,1.0,1.0,174
h4,control,NQ,51,depth_ratio,1.0,0.8888888888888888,1.1740196078431373,174
h4,control,NQ,51,spread_ratio,1.0,1.0,1.0,174
h4,control,NQ,52,depth_ratio,1.0,0.8960526315789474,1.1541353383458648,174
h4,control,NQ,52,spread_ratio,1.0,1.0,1.0,174
h4,control,NQ,53,depth_ratio,0.9883720930232558,0.8734982083889552,1.115690314983809,174
h4,control,NQ,53,spread_ratio,1.0,1.0,1.0,174
h4,control,NQ,54,depth_ratio,1.0,0.8903508771929824,1.1428571428571428,174
h4,control,NQ,54,spread_ratio,1.0,1.0,1.0,174
h4,control,NQ,55,depth_ratio,1.0,0.9090909090909091,1.163,174
h4,control,NQ,55,spread_ratio,1.0,1.0,1.0,174
h4,control,NQ,56,depth_ratio,1.0256410256410255,0.8660399529964747,1.1428571428571428,174
h4,control,NQ,56,spread_ratio,1.0,1.0,1.0,174
h4,control,NQ,57,depth_ratio,0.9736348375629504,0.8888888888888888,1.1071873701703365,174
h4,control,NQ,57,spread_ratio,1.0,1.0,1.0,174
h4,control,NQ,58,depth_ratio,1.0,0.8768382352941176,1.1401617250673854,174
h4,control,NQ,58,spread_ratio,1.0,1.0,1.0,174
h4,control,NQ,59,depth_ratio,1.0,0.8704837721984078,1.1428571428571428,174
h4,control,NQ,59,spread_ratio,1.0,1.0,1.0,174
h4,control,NQ,60,depth_ratio,1.0,0.8709239130434783,1.1428571428571428,174
h4,control,NQ,60,spread_ratio,1.0,1.0,1.0,174
h4,control,NQ,61,depth_ratio,1.0,0.8679937139863803,1.1221052631578947,174
h4,control,NQ,61,spread_ratio,1.0,1.0,1.0,174
h4,control,NQ,62,depth_ratio,0.9776007964161274,0.8743961352657005,1.124451754385965,174
h4,control,NQ,62,spread_ratio,1.0,1.0,1.0,174
h4,control,NQ,63,depth_ratio,0.9875327074034169,0.8574912891986062,1.1329548576137716,174
h4,control,NQ,63,spread_ratio,1.0,1.0,1.0,174
h4,control,NQ,64,depth_ratio,1.0,0.8906666666666666,1.1225285435811752,174
h4,control,NQ,64,spread_ratio,1.0,1.0,1.0,174
h4,control,NQ,65,depth_ratio,1.0,0.8961379310344828,1.140724946695096,174
h4,control,NQ,65,spread_ratio,1.0,1.0,1.0,174
h4,control,NQ,66,depth_ratio,1.0,0.8861566484517304,1.127972027972028,174
h4,control,NQ,66,spread_ratio,1.0,1.0,1.0,174
h4,control,NQ,67,depth_ratio,1.0,0.8850129198966408,1.1111111111111112,174
h4,control,NQ,67,spread_ratio,1.0,1.0,1.0,174
h4,control,NQ,68,depth_ratio,1.0,0.8888888888888888,1.12375,174
h4,control,NQ,68,spread_ratio,1.0,1.0,1.0,174
h4,control,NQ,69,depth_ratio,0.9862775751259336,0.8777528928704741,1.0909090909090908,174
h4,control,NQ,69,spread_ratio,1.0,1.0,1.0,174
h4,control,NQ,70,depth_ratio,1.0,0.8888888888888888,1.1428571428571428,174
h4,control,NQ,70,spread_ratio,1.0,1.0,1.0,174
h4,control,NQ,71,depth_ratio,1.005952380952381,0.9081237911025145,1.1428571428571428,174
h4,control,NQ,71,spread_ratio,1.0,1.0,1.0,174
h4,control,NQ,72,depth_ratio,1.0,0.8811817597944765,1.1286770489224476,174
h4,control,NQ,72,spread_ratio,1.0,1.0,1.0,174
h4,control,NQ,73,depth_ratio,1.0,0.8732954545454545,1.1329744816586922,174
h4,control,NQ,73,spread_ratio,1.0,1.0,1.0,174
h4,control,NQ,74,depth_ratio,1.0,0.8696965716537501,1.1428571428571428,174
h4,control,NQ,74,spread_ratio,1.0,1.0,1.0,174
h4,control,NQ,75,depth_ratio,1.0,0.8760219646125686,1.1428571428571428,174
h4,control,NQ,75,spread_ratio,1.0,1.0,1.0,174
h4,control,NQ,76,depth_ratio,1.0226382978723403,0.8839869281045751,1.1666666666666667,174
h4,control,NQ,76,spread_ratio,1.0,1.0,1.0,174
h4,control,NQ,77,depth_ratio,1.0,0.8888888888888888,1.1248559907834101,174
h4,control,NQ,77,spread_ratio,1.0,1.0,1.0,174
h4,control,NQ,78,depth_ratio,0.9837167226673559,0.8707169594010942,1.12,174
h4,control,NQ,78,spread_ratio,1.0,1.0,1.0,174
h4,control,NQ,79,depth_ratio,1.0,0.8428465530022238,1.1428571428571428,174
h4,control,NQ,79,spread_ratio,1.0,1.0,1.0,174
h4,control,NQ,80,depth_ratio,1.0050505050505052,0.87625,1.1764705882352942,174
h4,control,NQ,80,spread_ratio,1.0,1.0,1.0,174
h4,control,NQ,81,depth_ratio,1.0,0.9244505494505495,1.1463700234192036,174
h4,control,NQ,81,spread_ratio,1.0,1.0,1.0,174
h4,control,NQ,82,depth_ratio,1.0,0.8888888888888888,1.1764705882352942,174
h4,control,NQ,82,spread_ratio,1.0,1.0,1.0,174
h4,control,NQ,83,depth_ratio,1.0,0.8888888888888888,1.1578073089700998,174
h4,control,NQ,83,spread_ratio,1.0,1.0,1.0,174
h4,control,NQ,84,depth_ratio,1.0304147465437787,0.9124599664480707,1.174085483249904,174
h4,control,NQ,84,spread_ratio,1.0,1.0,1.0,174
h4,control,NQ,85,depth_ratio,1.0,0.90975935828877,1.1653225806451615,174
h4,control,NQ,85,spread_ratio,1.0,1.0,1.0,174
h4,control,NQ,86,depth_ratio,1.004201680672269,0.87625,1.1428571428571428,174
h4,control,NQ,86,spread_ratio,1.0,1.0,1.0,174
h4,control,NQ,87,depth_ratio,1.0276719979690276,0.8747901980530379,1.1666666666666667,174
h4,control,NQ,87,spread_ratio,1.0,1.0,1.0,174
h4,control,NQ,88,depth_ratio,1.0125802310654686,0.8653153153153154,1.1428571428571428,174
h4,control,NQ,88,spread_ratio,1.0,1.0,1.0,174
h4,control,NQ,89,depth_ratio,1.0177404295051353,0.8888888888888888,1.1703023016145653,174
h4,control,NQ,89,spread_ratio,1.0,1.0,1.0,174
h4,control,NQ,90,depth_ratio,1.0149787614576347,0.8888888888888888,1.1740196078431373,174
h4,control,NQ,90,spread_ratio,1.0,1.0,1.0,174
h4,control,NQ,91,depth_ratio,1.0112439341933956,0.9065180102915952,1.160822814399252,174
h4,control,NQ,91,spread_ratio,1.0,1.0,1.0,174
h4,control,NQ,92,depth_ratio,1.0526315789473684,0.8963608921683717,1.1666666666666667,174
h4,control,NQ,92,spread_ratio,1.0,1.0,1.0,174
h4,control,NQ,93,depth_ratio,1.03168458781362,0.8999637549836897,1.1740196078431373,174
h4,control,NQ,93,spread_ratio,1.0,1.0,1.0,174
h4,control,NQ,94,depth_ratio,1.050125313283208,0.9090909090909091,1.1764705882352942,174
h4,control,NQ,94,spread_ratio,1.0,1.0,1.0,174
h4,control,NQ,95,depth_ratio,1.0304147465437787,0.8956948640483384,1.1787330316742082,174
h4,control,NQ,95,spread_ratio,1.0,1.0,1.0,174
h4,control,NQ,96,depth_ratio,1.0361290322580645,0.8971655629139073,1.1740196078431373,174
h4,control,NQ,96,spread_ratio,1.0,1.0,1.0,174
h4,control,NQ,97,depth_ratio,1.029642545771578,0.9090909090909091,1.1697154471544715,174
h4,control,NQ,97,spread_ratio,1.0,1.0,1.0,174
h4,control,NQ,98,depth_ratio,1.030896964747516,0.8993228662846938,1.1666666666666667,174
h4,control,NQ,98,spread_ratio,1.0,1.0,1.0,174
h4,control,NQ,99,depth_ratio,1.0149787614576347,0.8903508771929824,1.1666666666666667,174
h4,control,NQ,99,spread_ratio,1.0,1.0,1.0,174
h4,control,NQ,100,depth_ratio,1.0217484008528785,0.907505285412262,1.1899802241265656,174
h4,control,NQ,100,spread_ratio,1.0,1.0,1.0,174
h4,control,NQ,101,depth_ratio,1.0249240121580545,0.9291873530180298,1.1491289198606272,174
h4,control,NQ,101,spread_ratio,1.0,1.0,1.0,174
h4,control,NQ,102,depth_ratio,1.031918505942275,0.8971655629139073,1.195081721397511,174
h4,control,NQ,102,spread_ratio,1.0,1.0,1.0,174
h4,control,NQ,103,depth_ratio,1.0480549199084668,0.9098883572567783,1.2114164904862579,174
h4,control,NQ,103,spread_ratio,1.0,1.0,1.0,174
h4,control,NQ,104,depth_ratio,1.0,0.8861949529935675,1.1597948717948718,174
h4,control,NQ,104,spread_ratio,1.0,1.0,1.0,174
h4,control,NQ,105,depth_ratio,0.980361956103196,0.851063829787234,1.1607142857142858,174
h4,control,NQ,105,spread_ratio,1.0,1.0,1.0,174
h4,control,NQ,106,depth_ratio,0.9676071055381401,0.8421052631578947,1.147100424328147,174
h4,control,NQ,106,spread_ratio,1.0,1.0,1.0,174
h4,control,NQ,107,depth_ratio,0.9717398706162752,0.8028985507246378,1.1474164133738602,174
h4,control,NQ,107,spread_ratio,1.0,1.0,1.0,174
h4,control,NQ,108,depth_ratio,1.0,0.8017543859649123,1.1666666666666667,174
h4,control,NQ,108,spread_ratio,1.0,1.0,1.0,174
h4,control,NQ,109,depth_ratio,1.0,0.7921052631578948,1.2113131313131313,174
h4,control,NQ,109,spread_ratio,1.0,1.0,1.0,174
h4,control,NQ,110,depth_ratio,0.9312430011198208,0.8,1.1405436668594562,174
h4,control,NQ,110,spread_ratio,1.0,1.0,1.0,174
h4,control,NQ,111,depth_ratio,1.0,0.8709239130434783,1.23000761614623,174
h4,control,NQ,111,spread_ratio,1.0,1.0,1.0,174
h4,control,NQ,112,depth_ratio,1.020991202856894,0.8888888888888888,1.2497676579925652,174
h4,control,NQ,112,spread_ratio,1.0,1.0,1.0,174
h4,control,NQ,113,depth_ratio,1.0434782608695652,0.8888888888888888,1.2619751626256652,174
h4,control,NQ,113,spread_ratio,1.0,1.0,1.0,174
h4,control,NQ,114,depth_ratio,1.0757749712973594,0.8888888888888888,1.2913429522752498,174
h4,control,NQ,114,spread_ratio,1.0,1.0,1.0,174
h4,control,NQ,115,depth_ratio,1.0596491228070175,0.9079449961802903,1.3663967611336032,174
h4,control,NQ,115,spread_ratio,1.0,1.0,1.0,174
h4,control,NQ,116,depth_ratio,1.10727969348659,0.9499596448748991,1.442743597291728,174
h4,control,NQ,116,spread_ratio,1.0,1.0,1.0,174
h4,control,NQ,117,depth_ratio,1.1428571428571428,0.9846938775510203,1.5037128712871288,174
h4,control,NQ,117,spread_ratio,1.0,1.0,1.0,174
h4,control,NQ,118,depth_ratio,1.25,1.0,1.6313131313131315,174
h4,control,NQ,118,spread_ratio,1.0,1.0,1.0,174
h4,control,NQ,119,depth_ratio,1.3333333333333333,1.0810810810810811,1.7338867924528303,174
h4,control,NQ,119,spread_ratio,1.0,0.9558823529411764,1.0,174
h4,control,ZN,-30,depth_ratio,0.9686175999025574,0.8383926608250577,1.0842649734428704,174
h4,control,ZN,-30,spread_ratio,1.0,1.0,1.0,174
h4,control,ZN,-29,depth_ratio,0.9405266753096071,0.820178206374395,1.071805715888693,174
h4,control,ZN,-29,spread_ratio,1.0,1.0,1.0,174
h4,control,ZN,-28,depth_ratio,0.9428259201053549,0.8333982303937492,1.083312028111371,174
h4,control,ZN,-28,spread_ratio,1.0,1.0,1.0,174
h4,control,ZN,-27,depth_ratio,0.9506163500911506,0.8033705010114157,1.1087955128124825,174
h4,control,ZN,-27,spread_ratio,1.0,1.0,1.0,174
h4,control,ZN,-26,depth_ratio,0.9478684460777332,0.8161817762810509,1.0894789387457704,174
h4,control,ZN,-26,spread_ratio,1.0,1.0,1.0,174
h4,control,ZN,-25,depth_ratio,0.9565794654064522,0.820871587411411,1.1019885076716776,174
h4,control,ZN,-25,spread_ratio,1.0,1.0,1.0,174
h4,control,ZN,-24,depth_ratio,0.9613330856423645,0.820287284979985,1.0798548749546795,174
h4,control,ZN,-24,spread_ratio,1.0,1.0,1.0,174
h4,control,ZN,-23,depth_ratio,0.9675297128452749,0.8396884048673248,1.1032513315279933,174
h4,control,ZN,-23,spread_ratio,1.0,1.0,1.0,174
h4,control,ZN,-22,depth_ratio,0.9826057691369003,0.8439868760851394,1.1166459584137918,174
h4,control,ZN,-22,spread_ratio,1.0,1.0,1.0,174
h4,control,ZN,-21,depth_ratio,0.9823697550196757,0.8536338460520793,1.1147153767477274,174
h4,control,ZN,-21,spread_ratio,1.0,1.0,1.0,174
h4,control,ZN,-20,depth_ratio,0.9691172459736994,0.8569656638942491,1.097774373864619,174
h4,control,ZN,-20,spread_ratio,1.0,1.0,1.0,174
h4,control,ZN,-19,depth_ratio,0.9696478776586785,0.8283443393306945,1.1100687699814693,174
h4,control,ZN,-19,spread_ratio,1.0,1.0,1.0,174
h4,control,ZN,-18,depth_ratio,0.9786788346702524,0.8611330489064545,1.1114050543896141,174
h4,control,ZN,-18,spread_ratio,1.0,1.0,1.0,174
h4,control,ZN,-17,depth_ratio,0.9746325561197631,0.8533977153294201,1.0936958692522363,174
h4,control,ZN,-17,spread_ratio,1.0,1.0,1.0,174
h4,control,ZN,-16,depth_ratio,0.9978562651913294,0.866801002813686,1.1054061519755698,174
h4,control,ZN,-16,spread_ratio,1.0,1.0,1.0,174
h4,control,ZN,-15,depth_ratio,0.9803982748208198,0.8770695821479602,1.0933837744240757,174
h4,control,ZN,-15,spread_ratio,1.0,1.0,1.0,174
h4,control,ZN,-14,depth_ratio,0.9781104004953294,0.8710193707402776,1.1254895891872851,174
h4,control,ZN,-14,spread_ratio,1.0,1.0,1.0,174
h4,control,ZN,-13,depth_ratio,0.9839013673760391,0.8791386605037983,1.0868464532692645,174
h4,control,ZN,-13,spread_ratio,1.0,1.0,1.0,174
h4,control,ZN,-12,depth_ratio,0.9667601819036518,0.8673408916624895,1.0943986065712599,174
h4,control,ZN,-12,spread_ratio,1.0,1.0,1.0,174
h4,control,ZN,-11,depth_ratio,0.9608853103173502,0.853532407155795,1.0918180690093942,174
h4,control,ZN,-11,spread_ratio,1.0,1.0,1.0,174
h4,control,ZN,-10,depth_ratio,0.9739854453615531,0.8618367550274166,1.0981610171341298,174
h4,control,ZN,-10,spread_ratio,1.0,1.0,1.0,174
h4,control,ZN,-9,depth_ratio,0.9747753588767889,0.8755471831180924,1.0706178938623374,174
h4,control,ZN,-9,spread_ratio,1.0,1.0,1.0,174
h4,control,ZN,-8,depth_ratio,0.9816885676948086,0.8786314600508334,1.1009057658905423,174
h4,control,ZN,-8,spread_ratio,1.0,1.0,1.0,174
h4,control,ZN,-7,depth_ratio,0.9637045601931331,0.8940150475918478,1.0529057656679113,174
h4,control,ZN,-7,spread_ratio,1.0,1.0,1.0,174
h4,control,ZN,-6,depth_ratio,0.9751430932645697,0.9047338019433101,1.0834916797944811,174
h4,control,ZN,-6,spread_ratio,1.0,1.0,1.0,174
h4,control,ZN,-5,depth_ratio,0.9886161331066738,0.9417400843836232,1.0509597546863998,174
h4,control,ZN,-5,spread_ratio,1.0,1.0,1.0,174
h4,control,ZN,-4,depth_ratio,1.003488612209578,0.9612730659476615,1.047695185217045,174
h4,control,ZN,-4,spread_ratio,1.0,1.0,1.0,174
h4,control,ZN,-3,depth_ratio,0.9984628131491753,0.9556008616995998,1.0417973304046337,174
h4,control,ZN,-3,spread_ratio,1.0,1.0,1.0,174
h4,control,ZN,-2,depth_ratio,0.9941122451814937,0.9401285091518302,1.0515270539126542,174
h4,control,ZN,-2,spread_ratio,1.0,1.0,1.0,174
h4,control,ZN,-1,depth_ratio,0.9816692611898105,0.9076834017674864,1.06616185685344,174
h4,control,ZN,-1,spread_ratio,1.0,1.0,1.0,174
h4,control,ZN,0,depth_ratio,0.9940186175480293,0.8918311766161477,1.0829268559184577,174
h4,control,ZN,0,spread_ratio,1.0,1.0,1.0,174
h4,control,ZN,1,depth_ratio,0.9890359349896234,0.8845265946718528,1.0815146134554419,174
h4,control,ZN,1,spread_ratio,1.0,1.0,1.0,174
h4,control,ZN,2,depth_ratio,0.9634919859394606,0.8682731662959797,1.07356052964276,174
h4,control,ZN,2,spread_ratio,1.0,1.0,1.0,174
h4,control,ZN,3,depth_ratio,0.9693503826302781,0.877317001414673,1.083763445512656,174
h4,control,ZN,3,spread_ratio,1.0,1.0,1.0,174
h4,control,ZN,4,depth_ratio,0.9694172689462232,0.8848219740369493,1.0991785895841,174
h4,control,ZN,4,spread_ratio,1.0,1.0,1.0,174
h4,control,ZN,5,depth_ratio,0.9697936401990495,0.8664628545169025,1.093739810408712,174
h4,control,ZN,5,spread_ratio,1.0,1.0,1.0,174
h4,control,ZN,6,depth_ratio,0.9810532767701392,0.8763932213878025,1.1164791308437063,174
h4,control,ZN,6,spread_ratio,1.0,1.0,1.0,174
h4,control,ZN,7,depth_ratio,0.9877631341558297,0.8587680538864688,1.124123276605752,174
h4,control,ZN,7,spread_ratio,1.0,1.0,1.0,174
h4,control,ZN,8,depth_ratio,0.9926659202979085,0.8729380513430582,1.1146000189034238,174
h4,control,ZN,8,spread_ratio,1.0,1.0,1.0,174
h4,control,ZN,9,depth_ratio,1.018471671616736,0.8954676538247215,1.1544304096047449,174
h4,control,ZN,9,spread_ratio,1.0,1.0,1.0,174
h4,control,ZN,10,depth_ratio,0.99887350981666,0.8938542853374956,1.167469501719158,174
h4,control,ZN,10,spread_ratio,1.0,1.0,1.0,174
h4,control,ZN,11,depth_ratio,1.000746062880569,0.8926885190637518,1.1636496121033717,174
h4,control,ZN,11,spread_ratio,1.0,1.0,1.0,174
h4,control,ZN,12,depth_ratio,1.023627732487097,0.8783415252386167,1.1795428783135042,174
h4,control,ZN,12,spread_ratio,1.0,1.0,1.0,174
h4,control,ZN,13,depth_ratio,1.0103734600900414,0.8788684327509774,1.1422297319289916,174
h4,control,ZN,13,spread_ratio,1.0,1.0,1.0,174
h4,control,ZN,14,depth_ratio,1.0157376731481595,0.8771631096169497,1.1670959138928405,174
h4,control,ZN,14,spread_ratio,1.0,1.0,1.0,174
h4,control,ZN,15,depth_ratio,1.0074528711806074,0.8666117945920775,1.1659444323471089,174
h4,control,ZN,15,spread_ratio,1.0,1.0,1.0,174
h4,control,ZN,16,depth_ratio,1.0099264165198116,0.8575906345438201,1.1349803489234263,174
h4,control,ZN,16,spread_ratio,1.0,1.0,1.0,174
h4,control,ZN,17,depth_ratio,1.0421312396509939,0.8734008257094268,1.1686413958094832,174
h4,control,ZN,17,spread_ratio,1.0,1.0,1.0,174
h4,control,ZN,18,depth_ratio,1.0076751939639672,0.8774428547227756,1.155739241454122,174
h4,control,ZN,18,spread_ratio,1.0,1.0,1.0,174
h4,control,ZN,19,depth_ratio,0.9914719606535323,0.8735693051242173,1.1422728808802363,174
h4,control,ZN,19,spread_ratio,1.0,1.0,1.0,174
h4,control,ZN,20,depth_ratio,1.0184730745361157,0.8708529648806019,1.178742388672878,174
h4,control,ZN,20,spread_ratio,1.0,1.0,1.0,174
h4,control,ZN,21,depth_ratio,1.035317442778366,0.9119277739212877,1.1932348256909517,174
h4,control,ZN,21,spread_ratio,1.0,1.0,1.0,174
h4,control,ZN,22,depth_ratio,1.0562781206759442,0.9077778622737206,1.194291071443389,174
h4,control,ZN,22,spread_ratio,1.0,1.0,1.0,174
h4,control,ZN,23,depth_ratio,1.041057271684139,0.9243991908051901,1.1985710955821127,174
h4,control,ZN,23,spread_ratio,1.0,1.0,1.0,174
h4,control,ZN,24,depth_ratio,1.0353837240243622,0.8977045359158373,1.183398887742718,174
h4,control,ZN,24,spread_ratio,1.0,1.0,1.0,174
h4,control,ZN,25,depth_ratio,1.0420111564948225,0.9146387422530938,1.171338006964995,174
h4,control,ZN,25,spread_ratio,1.0,1.0,1.0,174
h4,control,ZN,26,depth_ratio,1.0306324086548035,0.9053177418350015,1.1574990918172854,174
h4,control,ZN,26,spread_ratio,1.0,1.0,1.0,174
h4,control,ZN,27,depth_ratio,1.014375247880185,0.9020909086660248,1.1490950735787753,174
h4,control,ZN,27,spread_ratio,1.0,1.0,1.0,174
h4,control,ZN,28,depth_ratio,1.0324679778845027,0.9167437857637742,1.1511220684701593,174
h4,control,ZN,28,spread_ratio,1.0,1.0,1.0,174
h4,control,ZN,29,depth_ratio,1.046186813571894,0.899227723635948,1.1699080638098487,174
h4,control,ZN,29,spread_ratio,1.0,1.0,1.0,174
h4,control,ZN,30,depth_ratio,1.0349359646744622,0.9034978223502201,1.1685456300132582,174
h4,control,ZN,30,spread_ratio,1.0,1.0,1.0,174
h4,control,ZN,31,depth_ratio,1.0165989746975477,0.9164002751588233,1.1874715275119652,174
h4,control,ZN,31,spread_ratio,1.0,1.0,1.0,174
h4,control,ZN,32,depth_ratio,1.0398651680769129,0.9211640761394315,1.2135599467964937,174
h4,control,ZN,32,spread_ratio,1.0,1.0,1.0,174
h4,control,ZN,33,depth_ratio,1.0640131765034817,0.9180264829642235,1.229550066189669,174
h4,control,ZN,33,spread_ratio,1.0,1.0,1.0,174
h4,control,ZN,34,depth_ratio,1.0552401253495645,0.9273872178200416,1.207227350896319,174
h4,control,ZN,34,spread_ratio,1.0,1.0,1.0,174
h4,control,ZN,35,depth_ratio,1.0809687988736405,0.9324600550196893,1.237187085453716,174
h4,control,ZN,35,spread_ratio,1.0,1.0,1.0,174
h4,control,ZN,36,depth_ratio,1.0569633656364399,0.9201869223572285,1.2286418332053781,174
h4,control,ZN,36,spread_ratio,1.0,1.0,1.0,174
h4,control,ZN,37,depth_ratio,1.0598082060321579,0.934644580591167,1.2556005176257425,174
h4,control,ZN,37,spread_ratio,1.0,1.0,1.0,174
h4,control,ZN,38,depth_ratio,1.0447141990356945,0.9497643845121055,1.2428682063349792,174
h4,control,ZN,38,spread_ratio,1.0,1.0,1.0,174
h4,control,ZN,39,depth_ratio,1.0624642930876718,0.936593985024248,1.2339147012062337,174
h4,control,ZN,39,spread_ratio,1.0,1.0,1.0,174
h4,control,ZN,40,depth_ratio,1.1116291767279711,0.9284439571600069,1.2938655688440726,174
h4,control,ZN,40,spread_ratio,1.0,1.0,1.0,174
h4,control,ZN,41,depth_ratio,1.1080556749532042,0.9336319923476302,1.2863385041506574,174
h4,control,ZN,41,spread_ratio,1.0,1.0,1.0,174
h4,control,ZN,42,depth_ratio,1.1184366282773603,0.9499120195353935,1.2763564706102213,174
h4,control,ZN,42,spread_ratio,1.0,1.0,1.0,174
h4,control,ZN,43,depth_ratio,1.0937352242854164,0.9330848445299551,1.2609598564610518,174
h4,control,ZN,43,spread_ratio,1.0,1.0,1.0,174
h4,control,ZN,44,depth_ratio,1.095057964016156,0.9331577345295985,1.3089477422308775,174
h4,control,ZN,44,spread_ratio,1.0,1.0,1.0,174
h4,control,ZN,45,depth_ratio,1.1206885617266813,0.9567926085229361,1.3027151462673077,174
h4,control,ZN,45,spread_ratio,1.0,1.0,1.0,174
h4,control,ZN,46,depth_ratio,1.196590785720355,1.0086549728042251,1.3432056082574597,174
h4,control,ZN,46,spread_ratio,1.0,1.0,1.0,174
h4,control,ZN,47,depth_ratio,1.1787977594447043,0.9938097864829354,1.4083513807376078,174
h4,control,ZN,47,spread_ratio,1.0,1.0,1.0,174
h4,control,ZN,48,depth_ratio,1.1802240626407348,1.022487267073955,1.419561995699159,174
h4,control,ZN,48,spread_ratio,1.0,1.0,1.0,174
h4,control,ZN,49,depth_ratio,1.2259459215362862,1.0503311158736606,1.416967595458653,174
h4,control,ZN,49,spread_ratio,1.0,1.0,1.0,174
h4,control,ZN,50,depth_ratio,1.2215725478148793,1.061177314595394,1.4518273238000372,174
h4,control,ZN,50,spread_ratio,1.0,1.0,1.0,174
h4,control,ZN,51,depth_ratio,1.2721598917647055,1.0702852101321978,1.5303230145715379,174
h4,control,ZN,51,spread_ratio,1.0,1.0,1.0,174
h4,control,ZN,52,depth_ratio,1.3197114777843053,1.0953276476877256,1.5032525243160295,174
h4,control,ZN,52,spread_ratio,1.0,1.0,1.0,174
h4,control,ZN,53,depth_ratio,1.2872901562925398,1.0996795259775722,1.523882592687425,174
h4,control,ZN,53,spread_ratio,1.0,1.0,1.0,174
h4,control,ZN,54,depth_ratio,1.3500668744080793,1.1358706108434902,1.6454799843848669,174
h4,control,ZN,54,spread_ratio,1.0,1.0,1.0,174
h4,control,ZN,55,depth_ratio,1.4367836500294602,1.2170101525531591,1.7573110651370503,174
h4,control,ZN,55,spread_ratio,1.0,1.0,1.0,174
h4,control,ZN,56,depth_ratio,1.558299624311667,1.297872257648874,1.9361478628418278,174
h4,control,ZN,56,spread_ratio,1.0,1.0,1.0,174
h4,control,ZN,57,depth_ratio,1.6631425018077963,1.4112750043868219,2.1179355066066514,174
h4,control,ZN,57,spread_ratio,1.0,1.0,1.0,174
h4,control,ZN,58,depth_ratio,1.8612897396211348,1.5490704801562027,2.2927920329047753,174
h4,control,ZN,58,spread_ratio,1.0,1.0,1.0,174
h4,control,ZN,59,depth_ratio,2.314301309488906,1.942024340778049,2.873829913749095,174
h4,control,ZN,59,spread_ratio,1.0,1.0,1.0,174
h4,control,ZN,60,depth_ratio,1.7517555506758398,1.3903671905580697,2.0926646859148352,174
h4,control,ZN,60,spread_ratio,1.0,1.0,1.0,174
h4,control,ZN,61,depth_ratio,1.5137764974136774,1.2902074948745503,1.8869691081834499,174
h4,control,ZN,61,spread_ratio,1.0,1.0,1.0,174
h4,control,ZN,62,depth_ratio,1.4638532577966266,1.2230256560435189,1.7510590231890688,174
h4,control,ZN,62,spread_ratio,1.0,1.0,1.0,174
h4,control,ZN,63,depth_ratio,1.4373319135713856,1.2040865461145815,1.6196369438239726,174
h4,control,ZN,63,spread_ratio,1.0,1.0,1.0,174
h4,control,ZN,64,depth_ratio,1.3740088190333184,1.1939682561992138,1.6571017020287824,174
h4,control,ZN,64,spread_ratio,1.0,1.0,1.0,174
h4,control,ZN,65,depth_ratio,1.3335168687197876,1.1371440835749198,1.6519188247242427,174
h4,control,ZN,65,spread_ratio,1.0,1.0,1.0,174
h4,control,ZN,66,depth_ratio,1.3540896784674274,1.1356654219314166,1.5833151347595036,174
h4,control,ZN,66,spread_ratio,1.0,1.0,1.0,174
h4,control,ZN,67,depth_ratio,1.359261283719972,1.1329802900486625,1.5908074945280857,174
h4,control,ZN,67,spread_ratio,1.0,1.0,1.0,174
h4,control,ZN,68,depth_ratio,1.3058953043668398,1.0918028631076804,1.5075506557068674,174
h4,control,ZN,68,spread_ratio,1.0,1.0,1.0,174
h4,control,ZN,69,depth_ratio,1.2782758618649428,1.0708455139949964,1.510548410873757,174
h4,control,ZN,69,spread_ratio,1.0,1.0,1.0,174
h4,control,ZN,70,depth_ratio,1.2618335456901706,1.0653398995381418,1.4791421647024277,174
h4,control,ZN,70,spread_ratio,1.0,1.0,1.0,174
h4,control,ZN,71,depth_ratio,1.2615688810767423,1.041267821878935,1.4827119365451267,174
h4,control,ZN,71,spread_ratio,1.0,1.0,1.0,174
h4,control,ZN,72,depth_ratio,1.2184502836658189,1.0411119682265866,1.5002266345722823,174
h4,control,ZN,72,spread_ratio,1.0,1.0,1.0,174
h4,control,ZN,73,depth_ratio,1.22652366612897,1.0167556194318415,1.5240204283666572,174
h4,control,ZN,73,spread_ratio,1.0,1.0,1.0,174
h4,control,ZN,74,depth_ratio,1.206880049556233,1.0113691397835178,1.3999019322766113,174
h4,control,ZN,74,spread_ratio,1.0,1.0,1.0,174
h4,control,ZN,75,depth_ratio,1.2077963386698836,1.0053215988729978,1.4260166385362554,174
h4,control,ZN,75,spread_ratio,1.0,1.0,1.0,174
h4,control,ZN,76,depth_ratio,1.2163697379418077,1.0243135816854985,1.4189376108261567,174
h4,control,ZN,76,spread_ratio,1.0,1.0,1.0,174
h4,control,ZN,77,depth_ratio,1.198441885118809,1.0199687167237546,1.4345147356250343,174
h4,control,ZN,77,spread_ratio,1.0,1.0,1.0,174
h4,control,ZN,78,depth_ratio,1.1880683827245813,1.001937102272741,1.440077013282215,174
h4,control,ZN,78,spread_ratio,1.0,1.0,1.0,174
h4,control,ZN,79,depth_ratio,1.1909004366390001,1.0155405980051533,1.3909693154314338,174
h4,control,ZN,79,spread_ratio,1.0,1.0,1.0,174
h4,control,ZN,80,depth_ratio,1.2016208853094974,0.9849657376139569,1.381642323016697,174
h4,control,ZN,80,spread_ratio,1.0,1.0,1.0,174
h4,control,ZN,81,depth_ratio,1.192184328000002,1.01249004845506,1.3946005726948087,174
h4,control,ZN,81,spread_ratio,1.0,1.0,1.0,174
h4,control,ZN,82,depth_ratio,1.1619978053552331,0.9747410447465605,1.4286471685703932,174
h4,control,ZN,82,spread_ratio,1.0,1.0,1.0,174
h4,control,ZN,83,depth_ratio,1.1769327411777584,0.9588603126667934,1.4117363371128389,174
h4,control,ZN,83,spread_ratio,1.0,1.0,1.0,174
h4,control,ZN,84,depth_ratio,1.1613974165050973,0.990374461606578,1.4138397834923349,174
h4,control,ZN,84,spread_ratio,1.0,1.0,1.0,174
h4,control,ZN,85,depth_ratio,1.1697367230901041,0.9702772151256012,1.4108393962998034,174
h4,control,ZN,85,spread_ratio,1.0,1.0,1.0,174
h4,control,ZN,86,depth_ratio,1.1859817326072293,0.9783556469527181,1.4197647364900021,174
h4,control,ZN,86,spread_ratio,1.0,1.0,1.0,174
h4,control,ZN,87,depth_ratio,1.1669430970263548,0.9732127753839154,1.3946493721382232,174
h4,control,ZN,87,spread_ratio,1.0,1.0,1.0,174
h4,control,ZN,88,depth_ratio,1.1836271059314527,0.9901266536591758,1.4021732403470235,174
h4,control,ZN,88,spread_ratio,1.0,1.0,1.0,174
h4,control,ZN,89,depth_ratio,1.1587844901152176,0.9969765776555507,1.3804622648514415,174
h4,control,ZN,89,spread_ratio,1.0,1.0,1.0,174
h4,control,ZN,90,depth_ratio,1.1594681208092679,0.987535394431448,1.3465240470973698,174
h4,control,ZN,90,spread_ratio,1.0,1.0,1.0,174
h4,control,ZN,91,depth_ratio,1.1903069867476457,0.9862443617951202,1.3635014194905564,174
h4,control,ZN,91,spread_ratio,1.0,1.0,1.0,174
h4,control,ZN,92,depth_ratio,1.2229394528552562,0.9926239327949746,1.370674976236042,174
h4,control,ZN,92,spread_ratio,1.0,1.0,1.0,174
h4,control,ZN,93,depth_ratio,1.1786375995484843,0.9529029310235148,1.429719418764417,174
h4,control,ZN,93,spread_ratio,1.0,1.0,1.0,174
h4,control,ZN,94,depth_ratio,1.165826308321094,0.9963498989502133,1.3599594346737784,174
h4,control,ZN,94,spread_ratio,1.0,1.0,1.0,174
h4,control,ZN,95,depth_ratio,1.2167649066006607,0.9777866023820666,1.3791494772346264,174
h4,control,ZN,95,spread_ratio,1.0,1.0,1.0,174
h4,control,ZN,96,depth_ratio,1.1922940476580324,0.9820575449847412,1.3816034228048064,174
h4,control,ZN,96,spread_ratio,1.0,1.0,1.0,174
h4,control,ZN,97,depth_ratio,1.167244383470696,0.9852531597198311,1.3565634301633787,174
h4,control,ZN,97,spread_ratio,1.0,1.0,1.0,174
h4,control,ZN,98,depth_ratio,1.1612182038091632,0.9800720818883779,1.4021801487974246,174
h4,control,ZN,98,spread_ratio,1.0,1.0,1.0,174
h4,control,ZN,99,depth_ratio,1.144272204704376,0.9968641228906387,1.414114664201907,174
h4,control,ZN,99,spread_ratio,1.0,1.0,1.0,174
h4,control,ZN,100,depth_ratio,1.1426426251568627,0.9819738828218051,1.4128303826777788,174
h4,control,ZN,100,spread_ratio,1.0,1.0,1.0,174
h4,control,ZN,101,depth_ratio,1.1382862779561211,0.9635189672075494,1.3822346756021808,174
h4,control,ZN,101,spread_ratio,1.0,1.0,1.0,174
h4,control,ZN,102,depth_ratio,1.1440668157606666,0.9606717736113123,1.378953175534738,174
h4,control,ZN,102,spread_ratio,1.0,1.0,1.0,174
h4,control,ZN,103,depth_ratio,1.131598194035085,0.9455043389112603,1.3550632111934242,174
h4,control,ZN,103,spread_ratio,1.0,1.0,1.0,174
h4,control,ZN,104,depth_ratio,1.1303643388656428,0.9267718493722971,1.352782382909387,174
h4,control,ZN,104,spread_ratio,1.0,1.0,1.0,174
h4,control,ZN,105,depth_ratio,1.1315325007544503,0.9515283459144839,1.3247373131882292,174
h4,control,ZN,105,spread_ratio,1.0,1.0,1.0,174
h4,control,ZN,106,depth_ratio,1.1234472185567776,0.9479600219715678,1.3199874485836713,174
h4,control,ZN,106,spread_ratio,1.0,1.0,1.0,174
h4,control,ZN,107,depth_ratio,1.1442654085414508,0.9253141211952303,1.3412846522844444,174
h4,control,ZN,107,spread_ratio,1.0,1.0,1.0,174
h4,control,ZN,108,depth_ratio,1.1269739141566175,0.9354300367395517,1.3522686668513677,174
h4,control,ZN,108,spread_ratio,1.0,1.0,1.0,174
h4,control,ZN,109,depth_ratio,1.1204065565421817,0.9214784158080231,1.3350210971617225,174
h4,control,ZN,109,spread_ratio,1.0,1.0,1.0,174
h4,control,ZN,110,depth_ratio,1.1174600390800777,0.9117265387433535,1.4091564808694073,174
h4,control,ZN,110,spread_ratio,1.0,1.0,1.0,174
h4,control,ZN,111,depth_ratio,1.1342199963349522,0.9073849186490083,1.3832561647582553,174
h4,control,ZN,111,spread_ratio,1.0,1.0,1.0,174
h4,control,ZN,112,depth_ratio,1.1122066368119339,0.8872327375103966,1.3870428200090115,174
h4,control,ZN,112,spread_ratio,1.0,1.0,1.0,174
h4,control,ZN,113,depth_ratio,1.1581950666421446,0.9326280768559112,1.3916798445441578,174
h4,control,ZN,113,spread_ratio,1.0,1.0,1.0,174
h4,control,ZN,114,depth_ratio,1.1027775592386566,0.9129383468130015,1.4028140888318679,174
h4,control,ZN,114,spread_ratio,1.0,1.0,1.0,174
h4,control,ZN,115,depth_ratio,1.1194577415885467,0.9069907788581855,1.4480508555782117,174
h4,control,ZN,115,spread_ratio,1.0,1.0,1.0,174
h4,control,ZN,116,depth_ratio,1.1093002244273134,0.9017744266933966,1.416361803539479,174
h4,control,ZN,116,spread_ratio,1.0,1.0,1.0,174
h4,control,ZN,117,depth_ratio,1.082544626223487,0.9034941274607879,1.4515768080636837,174
h4,control,ZN,117,spread_ratio,1.0,1.0,1.0,174
h4,control,ZN,118,depth_ratio,1.1289250255930543,0.8776171111946444,1.544901557320853,174
h4,control,ZN,118,spread_ratio,1.0,1.0,1.0,174
h4,control,ZN,119,depth_ratio,1.168203451265217,0.8980548671372832,1.5543343244885257,174
h4,control,ZN,119,spread_ratio,1.0,1.0,1.0,174
h4,fomc_no_pc,ES,-30,depth_ratio,1.842867231638418,1.4527882812767319,2.27294331105899,16
h4,fomc_no_pc,ES,-30,spread_ratio,1.0,1.0,1.0,16
h4,fomc_no_pc,ES,-29,depth_ratio,2.3544074395279124,1.4577486398619957,2.712067430869646,16
h4,fomc_no_pc,ES,-29,spread_ratio,1.0,1.0,1.0,16
h4,fomc_no_pc,ES,-28,depth_ratio,1.8134980486793235,1.2993473690816102,2.2359369144309884,16
h4,fomc_no_pc,ES,-28,spread_ratio,1.0,1.0,1.0,16
h4,fomc_no_pc,ES,-27,depth_ratio,1.729912944703154,1.4406973711942328,2.295749021824573,16
h4,fomc_no_pc,ES,-27,spread_ratio,1.0,1.0,1.0,16
h4,fomc_no_pc,ES,-26,depth_ratio,1.8227025906797552,1.4158133160606297,2.4188550291155515,16
h4,fomc_no_pc,ES,-26,spread_ratio,1.0,1.0,1.0,16
h4,fomc_no_pc,ES,-25,depth_ratio,1.647892479866123,1.5535629157113346,2.349781989795768,16
h4,fomc_no_pc,ES,-25,spread_ratio,1.0,1.0,1.0,16
h4,fomc_no_pc,ES,-24,depth_ratio,1.8396892655367232,1.3595305942162992,2.3826368166497627,16
h4,fomc_no_pc,ES,-24,spread_ratio,1.0,1.0,1.0,16
h4,fomc_no_pc,ES,-23,depth_ratio,1.614968931127108,1.388263498610104,2.2990785167945873,16
h4,fomc_no_pc,ES,-23,spread_ratio,1.0,1.0,1.0,16
h4,fomc_no_pc,ES,-22,depth_ratio,1.6711254544921417,1.3995345815530675,2.6550376537827183,16
h4,fomc_no_pc,ES,-22,spread_ratio,1.0,1.0,1.0,16
h4,fomc_no_pc,ES,-21,depth_ratio,1.5984247364064919,1.3584145718500948,2.351497329971796,16
h4,fomc_no_pc,ES,-21,spread_ratio,1.0,1.0,1.0,16
h4,fomc_no_pc,ES,-20,depth_ratio,1.587704020700637,1.4242011474373502,2.5265009998244987,16
h4,fomc_no_pc,ES,-20,spread_ratio,1.0,1.0,1.0,16
h4,fomc_no_pc,ES,-19,depth_ratio,1.55399672542007,1.3878984820111564,2.4858247953816615,16
h4,fomc_no_pc,ES,-19,spread_ratio,1.0,1.0,1.0,16
h4,fomc_no_pc,ES,-18,depth_ratio,1.6542497888597205,1.4503591096072186,2.128180791403637,16
h4,fomc_no_pc,ES,-18,spread_ratio,1.0,1.0,1.0,16
h4,fomc_no_pc,ES,-17,depth_ratio,1.9318061440677967,1.4107077318203047,2.299662872747904,16
h4,fomc_no_pc,ES,-17,spread_ratio,1.0,1.0,1.0,16
h4,fomc_no_pc,ES,-16,depth_ratio,2.010018577494692,1.4199837820652506,2.2714086002860983,16
h4,fomc_no_pc,ES,-16,spread_ratio,1.0,1.0,1.0,16
h4,fomc_no_pc,ES,-15,depth_ratio,1.8693967790817152,1.192013767613842,2.1528212464057104,16
h4,fomc_no_pc,ES,-15,spread_ratio,1.0,1.0,1.0,16
h4,fomc_no_pc,ES,-14,depth_ratio,1.5427426376745905,1.323411439448876,2.3948203240920476,16
h4,fomc_no_pc,ES,-14,spread_ratio,1.0,1.0,1.0,16
h4,fomc_no_pc,ES,-13,depth_ratio,1.7008992502548246,1.230690588865563,2.2787625930909288,16
h4,fomc_no_pc,ES,-13,spread_ratio,1.0,1.0,1.0,16
h4,fomc_no_pc,ES,-12,depth_ratio,1.5407410795137522,1.243321311333794,2.0364366831083434,16
h4,fomc_no_pc,ES,-12,spread_ratio,1.0,1.0,1.0,16
h4,fomc_no_pc,ES,-11,depth_ratio,1.663763933121019,1.3050382764693484,2.0641985088165953,16
h4,fomc_no_pc,ES,-11,spread_ratio,1.0,1.0,1.0,16
h4,fomc_no_pc,ES,-10,depth_ratio,1.3874293785310736,1.1357573311137863,1.9393250622603257,16
h4,fomc_no_pc,ES,-10,spread_ratio,1.0,1.0,1.0,16
h4,fomc_no_pc,ES,-9,depth_ratio,1.6073446327683616,1.3197737348046168,2.1661400559895982,16
h4,fomc_no_pc,ES,-9,spread_ratio,1.0,1.0,1.0,16
h4,fomc_no_pc,ES,-8,depth_ratio,1.3783422903397027,1.1392083482588942,1.8827014754330027,16
h4,fomc_no_pc,ES,-8,spread_ratio,1.0,1.0,1.0,16
h4,fomc_no_pc,ES,-7,depth_ratio,1.3614347609413884,1.2337554910352369,1.9499422535277207,16
h4,fomc_no_pc,ES,-7,spread_ratio,1.0,1.0,1.0,16
h4,fomc_no_pc,ES,-6,depth_ratio,1.3824513112497878,1.182288025498043,1.6325595484101172,16
h4,fomc_no_pc,ES,-6,spread_ratio,1.0,1.0,1.0,16
h4,fomc_no_pc,ES,-5,depth_ratio,1.3097727448294652,1.1144158157117157,1.513524910935982,16
h4,fomc_no_pc,ES,-5,spread_ratio,1.0,1.0,1.0,16
h4,fomc_no_pc,ES,-4,depth_ratio,1.0976038705973112,0.8916942821568815,1.3390530815809454,16
h4,fomc_no_pc,ES,-4,spread_ratio,1.0,1.0,1.0,16
h4,fomc_no_pc,ES,-3,depth_ratio,0.7889037706294977,0.6211864406779661,0.9493023750678395,16
h4,fomc_no_pc,ES,-3,spread_ratio,1.0,1.0,1.0,16
h4,fomc_no_pc,ES,-2,depth_ratio,0.6793220250644854,0.48391681483642607,0.8215760423430647,16
h4,fomc_no_pc,ES,-2,spread_ratio,1.0,1.0,1.0,16
h4,fomc_no_pc,ES,-1,depth_ratio,0.3961044955229392,0.23823494467046047,0.5832390019838607,16
h4,fomc_no_pc,ES,-1,spread_ratio,1.0,1.0,1.0,16
h4,fomc_no_pc,ES,0,depth_ratio,0.2603970780431247,0.2047600551352429,0.4793803944207436,16
h4,fomc_no_pc,ES,0,spread_ratio,1.0,1.0,1.0,16
h4,fomc_no_pc,ES,1,depth_ratio,0.4550215808873658,0.40422786123603854,0.6417689243198406,16
h4,fomc_no_pc,ES,1,spread_ratio,1.0,1.0,1.0,16
h4,fomc_no_pc,ES,2,depth_ratio,0.5606159003407531,0.5370056497175142,0.7165427000477095,16
h4,fomc_no_pc,ES,2,spread_ratio,1.0,1.0,1.0,16
h4,fomc_no_pc,ES,3,depth_ratio,0.6692013927676808,0.5387550841493816,1.0340575880603136,16
h4,fomc_no_pc,ES,3,spread_ratio,1.0,1.0,1.0,16
h4,fomc_no_pc,ES,4,depth_ratio,0.6556796558599054,0.4947265090969399,1.0578319726676766,16
h4,fomc_no_pc,ES,4,spread_ratio,1.0,1.0,1.0,16
h4,fomc_no_pc,ES,5,depth_ratio,0.6741488074004287,0.5600741441082803,0.9413814983641965,16
h4,fomc_no_pc,ES,5,spread_ratio,1.0,1.0,1.0,16
h4,fomc_no_pc,ES,6,depth_ratio,0.7588912982549305,0.5941851991795315,0.9438576072776863,16
h4,fomc_no_pc,ES,6,spread_ratio,1.0,1.0,1.0,16
h4,fomc_no_pc,ES,7,depth_ratio,0.7639243654430989,0.6262238903394256,1.044268760080318,16
h4,fomc_no_pc,ES,7,spread_ratio,1.0,1.0,1.0,16
h4,fomc_no_pc,ES,8,depth_ratio,0.8358890099603214,0.6797290778136945,1.0000150826718954,16
h4,fomc_no_pc,ES,8,spread_ratio,1.0,1.0,1.0,16
h4,fomc_no_pc,ES,9,depth_ratio,0.9372532978597855,0.817117258693911,1.2120485300230741,16
h4,fomc_no_pc,ES,9,spread_ratio,1.0,1.0,1.0,16
h4,fomc_no_pc,ES,10,depth_ratio,0.9248598470140856,0.7588657776008493,1.344039533302126,16
h4,fomc_no_pc,ES,10,spread_ratio,1.0,1.0,1.0,16
h4,fomc_no_pc,ES,11,depth_ratio,1.0044878176685799,0.8374373903804642,1.4821463924907445,16
h4,fomc_no_pc,ES,11,spread_ratio,1.0,1.0,1.0,16
h4,fomc_no_pc,ES,12,depth_ratio,1.0084336773700306,0.819143690860926,1.5095787021100455,16
h4,fomc_no_pc,ES,12,spread_ratio,1.0,1.0,1.0,16
h4,fomc_no_pc,ES,13,depth_ratio,0.9652085561059148,0.8673955613577023,1.3054725198356174,16
h4,fomc_no_pc,ES,13,spread_ratio,1.0,1.0,1.0,16
h4,fomc_no_pc,ES,14,depth_ratio,1.013265369221083,0.8916666666666666,1.1520582259757295,16
h4,fomc_no_pc,ES,14,spread_ratio,1.0,1.0,1.0,16
h4,fomc_no_pc,ES,15,depth_ratio,1.0361196370750134,0.833230457583384,1.338266588438222,16
h4,fomc_no_pc,ES,15,spread_ratio,1.0,1.0,1.0,16
h4,fomc_no_pc,ES,16,depth_ratio,1.1126003768653423,0.8206252723210917,1.3968783413095611,16
h4,fomc_no_pc,ES,16,spread_ratio,1.0,1.0,1.0,16
h4,fomc_no_pc,ES,17,depth_ratio,1.0928701111592658,0.8493434902299472,1.3533003282755254,16
h4,fomc_no_pc,ES,17,spread_ratio,1.0,1.0,1.0,16
h4,fomc_no_pc,ES,18,depth_ratio,1.1305069500977192,0.8442796610169492,1.4379499343380873,16
h4,fomc_no_pc,ES,18,spread_ratio,1.0,1.0,1.0,16
h4,fomc_no_pc,ES,19,depth_ratio,1.2070794497242219,0.8749507985543721,1.3751171159135331,16
h4,fomc_no_pc,ES,19,spread_ratio,1.0,1.0,1.0,16
h4,fomc_no_pc,ES,20,depth_ratio,1.140421659372079,0.8976883482266579,1.4095152180734232,16
h4,fomc_no_pc,ES,20,spread_ratio,1.0,1.0,1.0,16
h4,fomc_no_pc,ES,21,depth_ratio,1.1987715558511676,0.8660860832757429,1.370177457184582,16
h4,fomc_no_pc,ES,21,spread_ratio,1.0,1.0,1.0,16
h4,fomc_no_pc,ES,22,depth_ratio,1.0225993143427938,0.8203039514224832,1.3549986309960167,16
h4,fomc_no_pc,ES,22,spread_ratio,1.0,1.0,1.0,16
h4,fomc_no_pc,ES,23,depth_ratio,1.1200464388386209,0.853614936440678,1.5612246983212252,16
h4,fomc_no_pc,ES,23,spread_ratio,1.0,1.0,1.0,16
h4,fomc_no_pc,ES,24,depth_ratio,1.1774534062790856,0.7947684447983016,1.5280330819658186,16
h4,fomc_no_pc,ES,24,spread_ratio,1.0,1.0,1.0,16
h4,fomc_no_pc,ES,25,depth_ratio,1.2030073513917547,0.9568170714470078,1.3870505259208221,16
h4,fomc_no_pc,ES,25,spread_ratio,1.0,1.0,1.0,16
h4,fomc_no_pc,ES,26,depth_ratio,1.1538332250953562,0.8834304378531074,1.4277978057789833,16
h4,fomc_no_pc,ES,26,spread_ratio,1.0,1.0,1.0,16
h4,fomc_no_pc,ES,27,depth_ratio,1.1431497175141243,0.829965370386303,1.6160017805522644,16
h4,fomc_no_pc,ES,27,spread_ratio,1.0,1.0,1.0,16
h4,fomc_no_pc,ES,28,depth_ratio,0.9799435028248588,0.7749105836948907,1.56343267572433,16
h4,fomc_no_pc,ES,28,spread_ratio,1.0,1.0,1.0,16
h4,fomc_no_pc,ES,29,depth_ratio,1.2014454227233022,0.8325032214639484,1.5152367600501981,16
h4,fomc_no_pc,ES,29,spread_ratio,1.0,1.0,1.0,16
h4,fomc_no_pc,ES,30,depth_ratio,1.1541263060969995,0.9154094339195069,1.6465851707999541,16
h4,fomc_no_pc,ES,30,spread_ratio,1.0,1.0,1.0,16
h4,fomc_no_pc,ES,31,depth_ratio,1.1956893844460503,0.8113203515779626,1.5336507940738884,16
h4,fomc_no_pc,ES,31,spread_ratio,1.0,1.0,1.0,16
h4,fomc_no_pc,ES,32,depth_ratio,1.3169668079096044,0.905408073278352,1.5833032319862232,16
h4,fomc_no_pc,ES,32,spread_ratio,1.0,1.0,1.0,16
h4,fomc_no_pc,ES,33,depth_ratio,1.147683917615258,0.9323958192500093,1.5052082970436382,16
h4,fomc_no_pc,ES,33,spread_ratio,1.0,1.0,1.0,16
h4,fomc_no_pc,ES,34,depth_ratio,1.2749252852265538,0.8567791232900284,1.5459296985889621,16
h4,fomc_no_pc,ES,34,spread_ratio,1.0,1.0,1.0,16
h4,fomc_no_pc,ES,35,depth_ratio,1.357626708940457,0.8615459354420814,1.5842758143584728,16
h4,fomc_no_pc,ES,35,spread_ratio,1.0,1.0,1.0,16
h4,fomc_no_pc,ES,36,depth_ratio,1.214023008859507,0.8865488665159921,1.8120953855496527,16
h4,fomc_no_pc,ES,36,spread_ratio,1.0,1.0,1.0,16
h4,fomc_no_pc,ES,37,depth_ratio,1.2768273305084747,0.9810506259308837,1.7845500458814025,16
h4,fomc_no_pc,ES,37,spread_ratio,1.0,1.0,1.0,16
h4,fomc_no_pc,ES,38,depth_ratio,1.2907623476936467,0.9522385371103403,1.8474407004571773,16
h4,fomc_no_pc,ES,38,spread_ratio,1.0,1.0,1.0,16
h4,fomc_no_pc,ES,39,depth_ratio,1.2225988700564971,1.0319287202352898,1.6591806572198513,16
h4,fomc_no_pc,ES,39,spread_ratio,1.0,1.0,1.0,16
h4,fomc_no_pc,ES,40,depth_ratio,1.2840117136954894,1.015371476160261,1.4786410524000377,16
h4,fomc_no_pc,ES,40,spread_ratio,1.0,1.0,1.0,16
h4,fomc_no_pc,ES,41,depth_ratio,1.2369715245019048,0.9185225367113851,1.6844446098591286,16
h4,fomc_no_pc,ES,41,spread_ratio,1.0,1.0,1.0,16
h4,fomc_no_pc,ES,42,depth_ratio,1.2608536995423,0.9513786568007525,1.7999451698591367,16
h4,fomc_no_pc,ES,42,spread_ratio,1.0,1.0,1.0,16
h4,fomc_no_pc,ES,43,depth_ratio,1.237975961863413,0.8565100714539753,1.5579386230451548,16
h4,fomc_no_pc,ES,43,spread_ratio,1.0,1.0,1.0,16
h4,fomc_no_pc,ES,44,depth_ratio,1.2237940415014472,0.8413371424884158,1.6251435949406081,16
h4,fomc_no_pc,ES,44,spread_ratio,1.0,1.0,1.0,16
h4,fomc_no_pc,ES,45,depth_ratio,1.312252824858757,0.9957447507885209,1.6913058356175739,16
h4,fomc_no_pc,ES,45,spread_ratio,1.0,1.0,1.0,16
h4,fomc_no_pc,ES,46,depth_ratio,1.2511078742937851,0.9026731272346409,1.659622110384796,16
h4,fomc_no_pc,ES,46,spread_ratio,1.0,1.0,1.0,16
h4,fomc_no_pc,ES,47,depth_ratio,1.3065768291455908,0.9831588168909129,1.9883453416296155,16
h4,fomc_no_pc,ES,47,spread_ratio,1.0,1.0,1.0,16
h4,fomc_no_pc,ES,48,depth_ratio,1.3167152189265536,0.9843413920674524,1.8694135198394917,16
h4,fomc_no_pc,ES,48,spread_ratio,1.0,1.0,1.0,16
h4,fomc_no_pc,ES,49,depth_ratio,1.2673243290960452,1.0145355268494733,1.663329383301935,16
h4,fomc_no_pc,ES,49,spread_ratio,1.0,1.0,1.0,16
h4,fomc_no_pc,ES,50,depth_ratio,1.3821998401001112,0.9920112274641044,1.6919282681812995,16
h4,fomc_no_pc,ES,50,spread_ratio,1.0,1.0,1.0,16
h4,fomc_no_pc,ES,51,depth_ratio,1.3260992940001362,1.0385623179410282,1.8745993888749344,16
h4,fomc_no_pc,ES,51,spread_ratio,1.0,1.0,1.0,16
h4,fomc_no_pc,ES,52,depth_ratio,1.21435822740113,0.9720170751342782,1.9867508231852773,16
h4,fomc_no_pc,ES,52,spread_ratio,1.0,1.0,1.0,16
h4,fomc_no_pc,ES,53,depth_ratio,1.0999735169491527,0.9702187930091816,1.8508393678299817,16
h4,fomc_no_pc,ES,53,spread_ratio,1.0,1.0,1.0,16
h4,fomc_no_pc,ES,54,depth_ratio,1.082864556178559,0.9208819336045526,1.9251220342831195,16
h4,fomc_no_pc,ES,54,spread_ratio,1.0,1.0,1.0,16
h4,fomc_no_pc,ES,55,depth_ratio,1.1665637909167175,0.9437715912771241,1.651639871724644,16
h4,fomc_no_pc,ES,55,spread_ratio,1.0,1.0,1.0,16
h4,fomc_no_pc,ES,56,depth_ratio,1.2338608014861996,0.9998650836481382,1.706441056660352,16
h4,fomc_no_pc,ES,56,spread_ratio,1.0,1.0,1.0,16
h4,fomc_no_pc,ES,57,depth_ratio,1.2830479906166832,1.0566888783191708,1.570941289093291,16
h4,fomc_no_pc,ES,57,spread_ratio,1.0,1.0,1.0,16
h4,fomc_no_pc,ES,58,depth_ratio,1.2328742937853105,0.9877145873334137,1.5702471138811156,16
h4,fomc_no_pc,ES,58,spread_ratio,1.0,1.0,1.0,16
h4,fomc_no_pc,ES,59,depth_ratio,1.2405367231638418,0.9282595193054798,1.7937875549941673,16
h4,fomc_no_pc,ES,59,spread_ratio,1.0,1.0,1.0,16
h4,fomc_no_pc,ES,60,depth_ratio,1.2016949152542373,0.9914923199152542,1.820319600281246,16
h4,fomc_no_pc,ES,60,spread_ratio,1.0,1.0,1.0,16
h4,fomc_no_pc,ES,61,depth_ratio,1.3629943502824857,0.9286949938154495,2.2444332767982966,16
h4,fomc_no_pc,ES,61,spread_ratio,1.0,1.0,1.0,16
h4,fomc_no_pc,ES,62,depth_ratio,1.3540675041083214,0.9940001332499073,1.7932952412245557,16
h4,fomc_no_pc,ES,62,spread_ratio,1.0,1.0,1.0,16
h4,fomc_no_pc,ES,63,depth_ratio,1.3076514436049649,1.040492373495901,1.8922587888130853,16
h4,fomc_no_pc,ES,63,spread_ratio,1.0,1.0,1.0,16
h4,fomc_no_pc,ES,64,depth_ratio,1.496244828206512,1.0351350019784176,2.0165078304846196,16
h4,fomc_no_pc,ES,64,spread_ratio,1.0,1.0,1.0,16
h4,fomc_no_pc,ES,65,depth_ratio,1.375426853994591,1.113568765862944,2.1291453482405718,16
h4,fomc_no_pc,ES,65,spread_ratio,1.0,1.0,1.0,16
h4,fomc_no_pc,ES,66,depth_ratio,1.2383270677264842,1.012302751843123,1.7435312784659802,16
h4,fomc_no_pc,ES,66,spread_ratio,1.0,1.0,1.0,16
h4,fomc_no_pc,ES,67,depth_ratio,1.3454532368922956,1.1830896661493133,1.5653548898899392,16
h4,fomc_no_pc,ES,67,spread_ratio,1.0,1.0,1.0,16
h4,fomc_no_pc,ES,68,depth_ratio,1.2258402605347438,1.0155740119651921,1.9293742227644946,16
h4,fomc_no_pc,ES,68,spread_ratio,1.0,1.0,1.0,16
h4,fomc_no_pc,ES,69,depth_ratio,1.533017461377336,1.1527021545949534,2.00348609548326,16
h4,fomc_no_pc,ES,69,spread_ratio,1.0,1.0,1.0,16
h4,fomc_no_pc,ES,70,depth_ratio,1.4793408306794054,1.053086322070771,1.7073104402485715,16
h4,fomc_no_pc,ES,70,spread_ratio,1.0,1.0,1.0,16
h4,fomc_no_pc,ES,71,depth_ratio,1.548094569793803,1.051079184322034,1.9732802959842588,16
h4,fomc_no_pc,ES,71,spread_ratio,1.0,1.0,1.0,16
h4,fomc_no_pc,ES,72,depth_ratio,1.3768007903658506,1.0797188481991782,1.7406198966040534,16
h4,fomc_no_pc,ES,72,spread_ratio,1.0,1.0,1.0,16
h4,fomc_no_pc,ES,73,depth_ratio,1.3022920178904767,1.0663606263904337,1.7977616616107144,16
h4,fomc_no_pc,ES,73,spread_ratio,1.0,1.0,1.0,16
h4,fomc_no_pc,ES,74,depth_ratio,1.4297966056618123,1.1262931132160985,1.79883170332345,16
h4,fomc_no_pc,ES,74,spread_ratio,1.0,1.0,1.0,16
h4,fomc_no_pc,ES,75,depth_ratio,1.3810045643038045,1.2667505296610169,1.8234343862164084,16
h4,fomc_no_pc,ES,75,spread_ratio,1.0,1.0,1.0,16
h4,fomc_no_pc,ES,76,depth_ratio,1.4388462217514124,1.1657816115872566,1.79509027266028,16
h4,fomc_no_pc,ES,76,spread_ratio,1.0,1.0,1.0,16
h4,fomc_no_pc,ES,77,depth_ratio,1.4107006039719978,1.1582442598424365,2.122514184468202,16
h4,fomc_no_pc,ES,77,spread_ratio,1.0,1.0,1.0,16
h4,fomc_no_pc,ES,78,depth_ratio,1.5781393976042386,0.9843775461765727,1.9555339204319158,16
h4,fomc_no_pc,ES,78,spread_ratio,1.0,1.0,1.0,16
h4,fomc_no_pc,ES,79,depth_ratio,1.4574284805110125,1.085144316706928,2.5361508617523523,16
h4,fomc_no_pc,ES,79,spread_ratio,1.0,1.0,1.0,16
h4,fomc_no_pc,ES,80,depth_ratio,1.7120899537552163,1.2479571034602615,2.7078061875221198,16
h4,fomc_no_pc,ES,80,spread_ratio,1.0,1.0,1.0,16
h4,fomc_no_pc,ES,81,depth_ratio,1.5500947617288479,1.184503123986695,2.2355209733119485,16
h4,fomc_no_pc,ES,81,spread_ratio,1.0,1.0,1.0,16
h4,fomc_no_pc,ES,82,depth_ratio,1.4517828790696912,1.1427950192649734,2.2772047139830507,16
h4,fomc_no_pc,ES,82,spread_ratio,1.0,1.0,1.0,16
h4,fomc_no_pc,ES,83,depth_ratio,1.6658589626998097,1.1626373998665829,2.1196106991525423,16
h4,fomc_no_pc,ES,83,spread_ratio,1.0,1.0,1.0,16
h4,fomc_no_pc,ES,84,depth_ratio,1.6321948324786633,1.3753357901415915,2.253997376403146,16
h4,fomc_no_pc,ES,84,spread_ratio,1.0,1.0,1.0,16
h4,fomc_no_pc,ES,85,depth_ratio,1.5077399534478877,1.0884280481497488,2.581312391707381,16
h4,fomc_no_pc,ES,85,spread_ratio,1.0,1.0,1.0,16
h4,fomc_no_pc,ES,86,depth_ratio,1.5794882867321602,1.1685529825983674,2.391524136828645,16
h4,fomc_no_pc,ES,86,spread_ratio,1.0,1.0,1.0,16
h4,fomc_no_pc,ES,87,depth_ratio,1.706801528326117,1.248923590905352,2.5505792872262996,16
h4,fomc_no_pc,ES,87,spread_ratio,1.0,1.0,1.0,16
h4,fomc_no_pc,ES,88,depth_ratio,1.500464263494278,1.193073033572688,2.4576373348252343,16
h4,fomc_no_pc,ES,88,spread_ratio,1.0,1.0,1.0,16
h4,fomc_no_pc,ES,89,depth_ratio,1.4654137550595736,1.2652684634889426,2.392827885230179,16
h4,fomc_no_pc,ES,89,spread_ratio,1.0,1.0,1.0,16
h4,fomc_no_pc,ES,90,depth_ratio,1.3872969725029873,1.1289717605816147,2.2021546591164562,16
h4,fomc_no_pc,ES,90,spread_ratio,1.0,1.0,1.0,16
h4,fomc_no_pc,ES,91,depth_ratio,1.4400612747053265,1.269998448273743,2.1073682347214233,16
h4,fomc_no_pc,ES,91,spread_ratio,1.0,1.0,1.0,16
h4,fomc_no_pc,ES,92,depth_ratio,1.555880906155214,1.2356110538883986,2.1463648382528655,16
h4,fomc_no_pc,ES,92,spread_ratio,1.0,1.0,1.0,16
h4,fomc_no_pc,ES,93,depth_ratio,1.536043786304703,1.276582772525092,2.276809591183504,16
h4,fomc_no_pc,ES,93,spread_ratio,1.0,1.0,1.0,16
h4,fomc_no_pc,ES,94,depth_ratio,1.5357641829379327,1.252936448917567,2.063539244977264,16
h4,fomc_no_pc,ES,94,spread_ratio,1.0,1.0,1.0,16
h4,fomc_no_pc,ES,95,depth_ratio,1.6351694915254238,1.2705314473658145,2.195087021072477,16
h4,fomc_no_pc,ES,95,spread_ratio,1.0,1.0,1.0,16
h4,fomc_no_pc,ES,96,depth_ratio,1.7088814646390034,1.262313775234805,2.193015182362491,16
h4,fomc_no_pc,ES,96,spread_ratio,1.0,1.0,1.0,16
h4,fomc_no_pc,ES,97,depth_ratio,1.464331013076977,1.1833784671863667,2.2117872787703963,16
h4,fomc_no_pc,ES,97,spread_ratio,1.0,1.0,1.0,16
h4,fomc_no_pc,ES,98,depth_ratio,1.3842274781161104,1.1777254721021908,2.75426665393378,16
h4,fomc_no_pc,ES,98,spread_ratio,1.0,1.0,1.0,16
h4,fomc_no_pc,ES,99,depth_ratio,1.594390007062147,1.1434906983582984,2.262566703875586,16
h4,fomc_no_pc,ES,99,spread_ratio,1.0,1.0,1.0,16
h4,fomc_no_pc,ES,100,depth_ratio,1.6675112277845363,1.3265659136363006,2.354386117011285,16
h4,fomc_no_pc,ES,100,spread_ratio,1.0,1.0,1.0,16
h4,fomc_no_pc,ES,101,depth_ratio,1.677041657900915,1.3119121157099056,2.421738755938113,16
h4,fomc_no_pc,ES,101,spread_ratio,1.0,1.0,1.0,16
h4,fomc_no_pc,ES,102,depth_ratio,1.7966101694915255,1.2469596264254998,2.4355061890627803,16
h4,fomc_no_pc,ES,102,spread_ratio,1.0,1.0,1.0,16
h4,fomc_no_pc,ES,103,depth_ratio,1.6955647654704085,1.1373067004592163,2.363800721108354,16
h4,fomc_no_pc,ES,103,spread_ratio,1.0,1.0,1.0,16
h4,fomc_no_pc,ES,104,depth_ratio,1.8207003845116028,1.2203197332302995,2.26696820716668,16
h4,fomc_no_pc,ES,104,spread_ratio,1.0,1.0,1.0,16
h4,fomc_no_pc,ES,105,depth_ratio,1.7851238683667505,1.3130265050339016,2.761066043265132,16
h4,fomc_no_pc,ES,105,spread_ratio,1.0,1.0,1.0,16
h4,fomc_no_pc,ES,106,depth_ratio,1.9219836276418243,1.4714403997751047,2.9450963807304342,16
h4,fomc_no_pc,ES,106,spread_ratio,1.0,1.0,1.0,16
h4,fomc_no_pc,ES,107,depth_ratio,2.096917223073981,1.386281442297312,3.022360971839935,16
h4,fomc_no_pc,ES,107,spread_ratio,1.0,1.0,1.0,16
h4,fomc_no_pc,ES,108,depth_ratio,2.1592378350422736,1.3735785742560005,2.9625847826639062,16
h4,fomc_no_pc,ES,108,spread_ratio,1.0,1.0,1.0,16
h4,fomc_no_pc,ES,109,depth_ratio,2.2884395548682885,1.4837577308397574,2.8286111999147483,16
h4,fomc_no_pc,ES,109,spread_ratio,1.0,1.0,1.0,16
h4,fomc_no_pc,ES,110,depth_ratio,2.032949329096045,1.680764970317474,2.8213793402401492,16
h4,fomc_no_pc,ES,110,spread_ratio,1.0,1.0,1.0,16
h4,fomc_no_pc,ES,111,depth_ratio,2.2521274098194715,1.8743788781047166,3.255477047119511,16
h4,fomc_no_pc,ES,111,spread_ratio,1.0,1.0,1.0,16
h4,fomc_no_pc,ES,112,depth_ratio,2.408743820621469,1.8677335464995755,3.4025940618436983,16
h4,fomc_no_pc,ES,112,spread_ratio,1.0,1.0,1.0,16
h4,fomc_no_pc,ES,113,depth_ratio,2.331212783667347,1.9719761809978769,3.5138862027669417,16
h4,fomc_no_pc,ES,113,spread_ratio,1.0,1.0,1.0,16
h4,fomc_no_pc,ES,114,depth_ratio,2.358385574692784,2.0436902866242037,3.552788785380556,16
h4,fomc_no_pc,ES,114,spread_ratio,1.0,1.0,1.0,16
h4,fomc_no_pc,ES,115,depth_ratio,2.5146910435993277,1.9674398907722987,3.4437855884228186,16
h4,fomc_no_pc,ES,115,spread_ratio,1.0,1.0,1.0,16
h4,fomc_no_pc,ES,116,depth_ratio,2.977664815556291,2.174730329949239,3.4277398147518663,16
h4,fomc_no_pc,ES,116,spread_ratio,1.0,1.0,1.0,16
h4,fomc_no_pc,ES,117,depth_ratio,2.9213353371740283,2.3909008651129944,3.636442580528989,16
h4,fomc_no_pc,ES,117,spread_ratio,1.0,1.0,1.0,16
h4,fomc_no_pc,ES,118,depth_ratio,3.2525165296977936,2.2542703919491527,4.659893030666265,16
h4,fomc_no_pc,ES,118,spread_ratio,1.0,1.0,1.0,16
h4,fomc_no_pc,ES,119,depth_ratio,5.262806093817947,3.5778003076169846,6.13038811195006,16
h4,fomc_no_pc,ES,119,spread_ratio,1.0,1.0,1.0,16
h4,fomc_no_pc,NQ,-30,depth_ratio,1.9166666666666665,1.4679072276159655,2.413245306375077,16
h4,fomc_no_pc,NQ,-30,spread_ratio,0.5714285714285714,0.4861111111111111,0.6666666666666666,16
h4,fomc_no_pc,NQ,-29,depth_ratio,2.1520356234096694,1.340846047156727,2.508783783783784,16
h4,fomc_no_pc,NQ,-29,spread_ratio,0.5714285714285714,0.4861111111111111,0.6666666666666666,16
h4,fomc_no_pc,NQ,-28,depth_ratio,1.9453463203463204,1.5258899676375406,2.594800907778007,16
h4,fomc_no_pc,NQ,-28,spread_ratio,0.5714285714285714,0.4444444444444444,0.6666666666666666,16
h4,fomc_no_pc,NQ,-27,depth_ratio,2.0346320346320343,1.5109223300970873,2.397058823529412,16
h4,fomc_no_pc,NQ,-27,spread_ratio,0.5714285714285714,0.4444444444444444,0.6666666666666666,16
h4,fomc_no_pc,NQ,-26,depth_ratio,1.916030534351145,1.6383495145631068,2.7406976744186045,16
h4,fomc_no_pc,NQ,-26,spread_ratio,0.5714285714285714,0.4444444444444444,0.6666666666666666,16
h4,fomc_no_pc,NQ,-25,depth_ratio,2.009009009009009,1.6249907359371527,2.675324675324675,16
h4,fomc_no_pc,NQ,-25,spread_ratio,0.5857142857142856,0.5,0.6666666666666666,16
h4,fomc_no_pc,NQ,-24,depth_ratio,2.1531007751937983,1.629379485014774,2.254623044096728,16
h4,fomc_no_pc,NQ,-24,spread_ratio,0.5714285714285714,0.4861111111111111,0.6666666666666666,16
h4,fomc_no_pc,NQ,-23,depth_ratio,1.9262187088274045,1.5416666666666667,2.292923991953118,16
h4,fomc_no_pc,NQ,-23,spread_ratio,0.5714285714285714,0.4444444444444444,0.6666666666666666,16
h4,fomc_no_pc,NQ,-22,depth_ratio,2.0622168529145273,1.6937334510150044,2.470833333333333,16
h4,fomc_no_pc,NQ,-22,spread_ratio,0.5714285714285714,0.4444444444444444,0.6666666666666666,16
h4,fomc_no_pc,NQ,-21,depth_ratio,2.2591362126245844,1.6340718105423988,2.7472222222222222,16
h4,fomc_no_pc,NQ,-21,spread_ratio,0.5714285714285714,0.4444444444444444,0.6666666666666666,16
h4,fomc_no_pc,NQ,-20,depth_ratio,2.242857142857143,1.8419507789568752,3.0080213903743314,16
h4,fomc_no_pc,NQ,-20,spread_ratio,0.5714285714285714,0.4444444444444444,0.6666666666666666,16
h4,fomc_no_pc,NQ,-19,depth_ratio,2.0221442816862663,1.7992424242424243,2.672582619339045,16
h4,fomc_no_pc,NQ,-19,spread_ratio,0.5714285714285714,0.4444444444444444,0.6666666666666666,16
h4,fomc_no_pc,NQ,-18,depth_ratio,2.0935887343654334,1.643939393939394,2.4407894736842106,16
h4,fomc_no_pc,NQ,-18,spread_ratio,0.5714285714285714,0.4444444444444444,0.6666666666666666,16
h4,fomc_no_pc,NQ,-17,depth_ratio,2.1132376395534287,1.4597372929754426,2.3081521739130433,16
h4,fomc_no_pc,NQ,-17,spread_ratio,0.5714285714285714,0.4444444444444444,0.6666666666666666,16
h4,fomc_no_pc,NQ,-16,depth_ratio,2.071360834518729,1.454622203461376,2.4351656095842142,16
h4,fomc_no_pc,NQ,-16,spread_ratio,0.5714285714285714,0.4444444444444444,0.6666666666666666,16
h4,fomc_no_pc,NQ,-15,depth_ratio,2.041666666666667,1.5330681891077043,2.3218349928876245,16
h4,fomc_no_pc,NQ,-15,spread_ratio,0.5714285714285714,0.4444444444444444,0.6666666666666666,16
h4,fomc_no_pc,NQ,-14,depth_ratio,1.866030534351145,1.5564320388349513,2.3478682170542635,16
h4,fomc_no_pc,NQ,-14,spread_ratio,0.5714285714285714,0.4444444444444444,0.6666666666666666,16
h4,fomc_no_pc,NQ,-13,depth_ratio,1.9777777777777776,1.4680223234331902,2.515892002734108,16
h4,fomc_no_pc,NQ,-13,spread_ratio,0.6190476190476191,0.4861111111111111,0.7105263157894737,16
h4,fomc_no_pc,NQ,-12,depth_ratio,1.9446969696969698,1.5040189989039092,2.4160739687055477,16
h4,fomc_no_pc,NQ,-12,spread_ratio,0.5714285714285714,0.4861111111111111,0.6666666666666666,16
h4,fomc_no_pc,NQ,-11,depth_ratio,1.9287659752776032,1.392156862745098,2.340909090909091,16
h4,fomc_no_pc,NQ,-11,spread_ratio,0.5714285714285714,0.4444444444444444,0.6666666666666666,16
h4,fomc_no_pc,NQ,-10,depth_ratio,1.9141414141414141,1.5698757763975155,2.183558558558558,16
h4,fomc_no_pc,NQ,-10,spread_ratio,0.6666666666666666,0.5535714285714286,0.7105263157894737,16
h4,fomc_no_pc,NQ,-9,depth_ratio,1.844155844155844,1.5836968375136313,2.114864864864865,16
h4,fomc_no_pc,NQ,-9,spread_ratio,0.5714285714285714,0.4444444444444444,0.6666666666666666,16
h4,fomc_no_pc,NQ,-8,depth_ratio,2.0825825825825826,1.3537350054525628,2.278985507246377,16
h4,fomc_no_pc,NQ,-8,spread_ratio,0.5714285714285714,0.4861111111111111,0.6666666666666666,16
h4,fomc_no_pc,NQ,-7,depth_ratio,1.8287878787878786,1.202240507584019,2.2665238678090573,16
h4,fomc_no_pc,NQ,-7,spread_ratio,0.5714285714285714,0.4861111111111111,0.6666666666666666,16
h4,fomc_no_pc,NQ,-6,depth_ratio,1.5966921119592876,1.2749653259361997,2.3013565891472867,16
h4,fomc_no_pc,NQ,-6,spread_ratio,0.6666666666666666,0.5535714285714286,0.881578947368421,16
h4,fomc_no_pc,NQ,-5,depth_ratio,1.1920289855072466,1.051890756302521,1.35465236228595,16
h4,fomc_no_pc,NQ,-5,spread_ratio,0.8654970760233918,0.6666666666666666,1.0,16
h4,fomc_no_pc,NQ,-4,depth_ratio,0.9410194174757281,0.8308080808080809,1.0255754475703325,16
h4,fomc_no_pc,NQ,-4,spread_ratio,1.0,0.831578947368421,1.1904761904761905,16
h4,fomc_no_pc,NQ,-3,depth_ratio,0.8452380952380952,0.7256347256347256,0.9087662337662338,16
h4,fomc_no_pc,NQ,-3,spread_ratio,1.0,0.8888888888888888,1.157142857142857,16
h4,fomc_no_pc,NQ,-2,depth_ratio,1.0116279069767442,0.7489495798319328,1.0924369747899159,16
h4,fomc_no_pc,NQ,-2,spread_ratio,1.1428571428571428,1.0,1.3333333333333333,16
h4,fomc_no_pc,NQ,-1,depth_ratio,0.8125309804699118,0.7104715672676838,0.9542237947810703,16
h4,fomc_no_pc,NQ,-1,spread_ratio,1.5833333333333335,1.25,1.7142857142857142,16
h4,fomc_no_pc,NQ,0,depth_ratio,0.699514563106796,0.5752895752895753,0.8400281888653982,16
h4,fomc_no_pc,NQ,0,spread_ratio,1.3333333333333333,1.1428571428571428,1.3888888888888888,16
h4,fomc_no_pc,NQ,1,depth_ratio,1.0045045045045045,0.8463486703250316,1.0931818181818183,16
h4,fomc_no_pc,NQ,1,spread_ratio,0.8888888888888888,0.6666666666666666,1.0357142857142856,16
h4,fomc_no_pc,NQ,2,depth_ratio,1.0152456239412762,0.8861191288375755,1.1948529411764706,16
h4,fomc_no_pc,NQ,2,spread_ratio,0.6666666666666666,0.5714285714285714,1.0,16
h4,fomc_no_pc,NQ,3,depth_ratio,1.0217391304347827,0.9343084100365654,1.167895167895168,16
h4,fomc_no_pc,NQ,3,spread_ratio,0.7543859649122806,0.5714285714285714,1.0,16
h4,fomc_no_pc,NQ,4,depth_ratio,1.041219649915302,0.9772727272727273,1.1584973885094416,16
h4,fomc_no_pc,NQ,4,spread_ratio,0.6666666666666666,0.5714285714285714,0.9166666666666666,16
h4,fomc_no_pc,NQ,5,depth_ratio,1.292857142857143,0.9343084100365654,1.3742843511450382,16
h4,fomc_no_pc,NQ,5,spread_ratio,0.6666666666666666,0.5714285714285714,0.8888888888888888,16
h4,fomc_no_pc,NQ,6,depth_ratio,1.2080745341614907,0.9625668449197862,1.4184726522187823,16
h4,fomc_no_pc,NQ,6,spread_ratio,0.6666666666666666,0.5535714285714286,0.8538011695906432,16
h4,fomc_no_pc,NQ,7,depth_ratio,1.2193826750746766,1.0314730314730314,1.4199346405228759,16
h4,fomc_no_pc,NQ,7,spread_ratio,0.6666666666666666,0.5535714285714286,0.8538011695906432,16
h4,fomc_no_pc,NQ,8,depth_ratio,1.2447358466775942,1.0872093023255813,1.4802631578947367,16
h4,fomc_no_pc,NQ,8,spread_ratio,0.6190476190476191,0.4861111111111111,0.7105263157894737,16
h4,fomc_no_pc,NQ,9,depth_ratio,1.2158385093167703,1.1428571428571428,1.4140866873065017,16
h4,fomc_no_pc,NQ,9,spread_ratio,0.6666666666666666,0.5535714285714286,0.7730263157894737,16
h4,fomc_no_pc,NQ,10,depth_ratio,1.1634860050890585,1.1129568106312293,1.3223684210526314,16
h4,fomc_no_pc,NQ,10,spread_ratio,0.6190476190476191,0.4861111111111111,0.7105263157894737,16
h4,fomc_no_pc,NQ,11,depth_ratio,1.1658576051779934,1.0997899159663866,1.3278201865988126,16
h4,fomc_no_pc,NQ,11,spread_ratio,0.6190476190476191,0.4861111111111111,0.7105263157894737,16
h4,fomc_no_pc,NQ,12,depth_ratio,1.215729039707486,1.1298701298701297,1.516304347826087,16
h4,fomc_no_pc,NQ,12,spread_ratio,0.6190476190476191,0.4861111111111111,0.7105263157894737,16
h4,fomc_no_pc,NQ,13,depth_ratio,1.2554697554697554,1.021939225822721,1.551388888888889,16
h4,fomc_no_pc,NQ,13,spread_ratio,0.6666666666666666,0.5535714285714286,0.7730263157894737,16
h4,fomc_no_pc,NQ,14,depth_ratio,1.2081555239449977,1.1022359517505147,1.6070261437908497,16
h4,fomc_no_pc,NQ,14,spread_ratio,0.6190476190476191,0.4861111111111111,0.7105263157894737,16
h4,fomc_no_pc,NQ,15,depth_ratio,1.2915057915057915,1.1173874669020298,1.5371950306840294,16
h4,fomc_no_pc,NQ,15,spread_ratio,0.6190476190476191,0.4861111111111111,0.7105263157894737,16
h4,fomc_no_pc,NQ,16,depth_ratio,1.3178294573643412,1.1426939707922004,1.6397058823529411,16
h4,fomc_no_pc,NQ,16,spread_ratio,0.6190476190476191,0.4861111111111111,0.7105263157894737,16
h4,fomc_no_pc,NQ,17,depth_ratio,1.2900516795865633,1.0667293233082706,1.40916149068323,16
h4,fomc_no_pc,NQ,17,spread_ratio,0.6190476190476191,0.4861111111111111,0.7105263157894737,16
h4,fomc_no_pc,NQ,18,depth_ratio,1.2625805973467723,1.2007575757575757,1.6028151774785802,16
h4,fomc_no_pc,NQ,18,spread_ratio,0.5714285714285714,0.4861111111111111,0.6666666666666666,16
h4,fomc_no_pc,NQ,19,depth_ratio,1.3636363636363638,1.1987577639751552,1.471329664477188,16
h4,fomc_no_pc,NQ,19,spread_ratio,0.6190476190476191,0.4861111111111111,0.7105263157894737,16
h4,fomc_no_pc,NQ,20,depth_ratio,1.3513513513513513,1.159500693481276,1.5367647058823528,16
h4,fomc_no_pc,NQ,20,spread_ratio,0.6190476190476191,0.4861111111111111,0.7105263157894737,16
h4,fomc_no_pc,NQ,21,depth_ratio,1.3178294573643412,1.1428571428571428,1.3358778625954197,16
h4,fomc_no_pc,NQ,21,spread_ratio,0.6190476190476191,0.4861111111111111,0.7105263157894737,16
h4,fomc_no_pc,NQ,22,depth_ratio,1.3333333333333333,1.159500693481276,1.4974200206398347,16
h4,fomc_no_pc,NQ,22,spread_ratio,0.5714285714285714,0.4861111111111111,0.6666666666666666,16
h4,fomc_no_pc,NQ,23,depth_ratio,1.4522900763358777,1.2857142857142858,1.5718194254445965,16
h4,fomc_no_pc,NQ,23,spread_ratio,0.6190476190476191,0.4861111111111111,0.7105263157894737,16
h4,fomc_no_pc,NQ,24,depth_ratio,1.4642857142857144,1.198825161132414,1.6813725490196079,16
h4,fomc_no_pc,NQ,24,spread_ratio,0.6190476190476191,0.5,0.7,16
h4,fomc_no_pc,NQ,25,depth_ratio,1.3449176376054641,1.1156832298136645,1.5,16
h4,fomc_no_pc,NQ,25,spread_ratio,0.6666666666666666,0.5,0.8105263157894738,16
h4,fomc_no_pc,NQ,26,depth_ratio,1.36231884057971,1.1289875173370318,1.5906266642996627,16
h4,fomc_no_pc,NQ,26,spread_ratio,0.6190476190476191,0.4861111111111111,0.7105263157894737,16
h4,fomc_no_pc,NQ,27,depth_ratio,1.4437437769664787,1.1505791505791505,1.5888242894056848,16
h4,fomc_no_pc,NQ,27,spread_ratio,0.6666666666666666,0.4861111111111111,0.881578947368421,16
h4,fomc_no_pc,NQ,28,depth_ratio,1.3384223918575064,1.1298701298701297,1.553030303030303,16
h4,fomc_no_pc,NQ,28,spread_ratio,0.6190476190476191,0.5,0.7,16
h4,fomc_no_pc,NQ,29,depth_ratio,1.3611111111111112,1.1428571428571428,1.6813725490196079,16
h4,fomc_no_pc,NQ,29,spread_ratio,0.6190476190476191,0.4861111111111111,0.7105263157894737,16
h4,fomc_no_pc,NQ,30,depth_ratio,1.4414205111184866,1.2219492219492218,1.6027131782945736,16
h4,fomc_no_pc,NQ,30,spread_ratio,0.5714285714285714,0.4861111111111111,0.6666666666666666,16
h4,fomc_no_pc,NQ,31,depth_ratio,1.3930186022381976,1.1607142857142858,1.8196969696969698,16
h4,fomc_no_pc,NQ,31,spread_ratio,0.5714285714285714,0.4861111111111111,0.6666666666666666,16
h4,fomc_no_pc,NQ,32,depth_ratio,1.4295628036086052,1.3019795738242341,1.6313725490196078,16
h4,fomc_no_pc,NQ,32,spread_ratio,0.6190476190476191,0.4861111111111111,0.7105263157894737,16
h4,fomc_no_pc,NQ,33,depth_ratio,1.6555555555555554,1.2832572832572833,1.8486842105263157,16
h4,fomc_no_pc,NQ,33,spread_ratio,0.6190476190476191,0.4861111111111111,0.7105263157894737,16
h4,fomc_no_pc,NQ,34,depth_ratio,1.5357142857142856,1.3385004487231786,1.8375,16
h4,fomc_no_pc,NQ,34,spread_ratio,0.6190476190476191,0.4861111111111111,0.6875,16
h4,fomc_no_pc,NQ,35,depth_ratio,1.3745589838989032,1.0858042508527945,1.886764705882353,16
h4,fomc_no_pc,NQ,35,spread_ratio,0.5714285714285714,0.4861111111111111,0.6666666666666666,16
h4,fomc_no_pc,NQ,36,depth_ratio,1.4772727272727273,1.2394127611518915,1.9210526315789473,16
h4,fomc_no_pc,NQ,36,spread_ratio,0.6190476190476191,0.4861111111111111,0.7105263157894737,16
h4,fomc_no_pc,NQ,37,depth_ratio,1.5744400527009224,1.333375362501576,2.1114341085271318,16
h4,fomc_no_pc,NQ,37,spread_ratio,0.5714285714285714,0.4444444444444444,0.6666666666666666,16
h4,fomc_no_pc,NQ,38,depth_ratio,1.3928819272330721,1.2642894995836171,1.9651162790697674,16
h4,fomc_no_pc,NQ,38,spread_ratio,0.5714285714285714,0.4444444444444444,0.6666666666666666,16
h4,fomc_no_pc,NQ,39,depth_ratio,1.4884910485933505,0.9842342342342343,1.8541666666666667,16
h4,fomc_no_pc,NQ,39,spread_ratio,0.5714285714285714,0.4444444444444444,0.6666666666666666,16
h4,fomc_no_pc,NQ,40,depth_ratio,1.5219638242894056,1.1260386600192425,1.9325980392156863,16
h4,fomc_no_pc,NQ,40,spread_ratio,0.6190476190476191,0.4861111111111111,0.7105263157894737,16
h4,fomc_no_pc,NQ,41,depth_ratio,1.4198966408268734,1.139751552795031,1.7072294566681636,16
h4,fomc_no_pc,NQ,41,spread_ratio,0.5714285714285714,0.4444444444444444,0.6666666666666666,16
h4,fomc_no_pc,NQ,42,depth_ratio,1.3643410852713178,1.1237864077669903,1.7332261952591401,16
h4,fomc_no_pc,NQ,42,spread_ratio,0.5714285714285714,0.4861111111111111,0.6666666666666666,16
h4,fomc_no_pc,NQ,43,depth_ratio,1.5063025210084033,1.233892321270962,1.6222122436760964,16
h4,fomc_no_pc,NQ,43,spread_ratio,0.6666666666666666,0.5535714285714286,0.6875,16
h4,fomc_no_pc,NQ,44,depth_ratio,1.3643410852713178,1.1260504201680672,1.6189193234545727,16
h4,fomc_no_pc,NQ,44,spread_ratio,0.5714285714285714,0.4444444444444444,0.6666666666666666,16
h4,fomc_no_pc,NQ,45,depth_ratio,1.380952380952381,1.0675922542930216,1.6843286933093848,16
h4,fomc_no_pc,NQ,45,spread_ratio,0.5714285714285714,0.4444444444444444,0.6666666666666666,16
h4,fomc_no_pc,NQ,46,depth_ratio,1.4284766013939594,1.1680672268907564,1.924264705882353,16
h4,fomc_no_pc,NQ,46,spread_ratio,0.6190476190476191,0.4444444444444444,0.75,16
h4,fomc_no_pc,NQ,47,depth_ratio,1.4054621848739495,1.106060606060606,1.9263583295913786,16
h4,fomc_no_pc,NQ,47,spread_ratio,0.6190476190476191,0.4444444444444444,0.75,16
h4,fomc_no_pc,NQ,48,depth_ratio,1.4722222222222223,1.2380952380952381,1.871946564885496,16
h4,fomc_no_pc,NQ,48,spread_ratio,0.6190476190476191,0.4861111111111111,0.7105263157894737,16
h4,fomc_no_pc,NQ,49,depth_ratio,1.4709302325581395,1.159500693481276,1.8023317435082142,16
h4,fomc_no_pc,NQ,49,spread_ratio,0.6190476190476191,0.4861111111111111,0.7105263157894737,16
h4,fomc_no_pc,NQ,50,depth_ratio,1.4253246753246753,1.1680672268907564,1.8109564436461607,16
h4,fomc_no_pc,NQ,50,spread_ratio,0.6491228070175439,0.4861111111111111,0.75,16
h4,fomc_no_pc,NQ,51,depth_ratio,1.466011466011466,1.1477272727272727,1.7922466696602304,16
h4,fomc_no_pc,NQ,51,spread_ratio,0.6190476190476191,0.4444444444444444,0.6875,16
h4,fomc_no_pc,NQ,52,depth_ratio,1.3264874660223498,1.2047101449275364,1.9240458015267174,16
h4,fomc_no_pc,NQ,52,spread_ratio,0.6190476190476191,0.4444444444444444,0.6875,16
h4,fomc_no_pc,NQ,53,depth_ratio,1.3969508752117448,1.3255813953488371,1.9723039215686273,16
h4,fomc_no_pc,NQ,53,spread_ratio,0.5714285714285714,0.4861111111111111,0.6666666666666666,16
h4,fomc_no_pc,NQ,54,depth_ratio,1.5234068257324072,1.2350691379817593,1.9198473282442747,16
h4,fomc_no_pc,NQ,54,spread_ratio,0.6491228070175439,0.4861111111111111,0.75,16
h4,fomc_no_pc,NQ,55,depth_ratio,1.5067567567567568,1.1855213170113972,1.905916030534351,16
h4,fomc_no_pc,NQ,55,spread_ratio,0.6666666666666666,0.4861111111111111,0.881578947368421,16
h4,fomc_no_pc,NQ,56,depth_ratio,1.4722222222222223,1.2166149068322982,1.8532442748091604,16
h4,fomc_no_pc,NQ,56,spread_ratio,0.6666666666666666,0.4861111111111111,0.881578947368421,16
h4,fomc_no_pc,NQ,57,depth_ratio,1.4770104739925438,1.1735476799415419,1.6891891891891893,16
h4,fomc_no_pc,NQ,57,spread_ratio,0.5714285714285714,0.4444444444444444,0.6666666666666666,16
h4,fomc_no_pc,NQ,58,depth_ratio,1.4397794741306191,1.1987577639751552,1.8783783783783785,16
h4,fomc_no_pc,NQ,58,spread_ratio,0.6666666666666666,0.4861111111111111,0.881578947368421,16
h4,fomc_no_pc,NQ,59,depth_ratio,1.3333333333333333,1.1347402597402598,1.8772638826522976,16
h4,fomc_no_pc,NQ,59,spread_ratio,0.6666666666666666,0.4861111111111111,0.881578947368421,16
h4,fomc_no_pc,NQ,60,depth_ratio,1.375,1.2655128746306459,1.9051527587779298,16
h4,fomc_no_pc,NQ,60,spread_ratio,0.6190476190476191,0.4861111111111111,0.7105263157894737,16
h4,fomc_no_pc,NQ,61,depth_ratio,1.6480201131363923,1.2191876750700281,1.9459661727286335,16
h4,fomc_no_pc,NQ,61,spread_ratio,0.6666666666666666,0.4861111111111111,0.881578947368421,16
h4,fomc_no_pc,NQ,62,depth_ratio,1.514038310154815,1.1987577639751552,2.3577291381668948,16
h4,fomc_no_pc,NQ,62,spread_ratio,0.6666666666666666,0.4861111111111111,0.881578947368421,16
h4,fomc_no_pc,NQ,63,depth_ratio,1.7245979396724227,1.1948051948051948,1.969263381028087,16
h4,fomc_no_pc,NQ,63,spread_ratio,0.6190476190476191,0.4444444444444444,0.75,16
h4,fomc_no_pc,NQ,64,depth_ratio,1.4942562810346105,1.1987577639751552,1.8702690378476972,16
h4,fomc_no_pc,NQ,64,spread_ratio,0.6190476190476191,0.4444444444444444,0.75,16
h4,fomc_no_pc,NQ,65,depth_ratio,1.7634328911287334,1.268633540372671,2.1858925388337154,16
h4,fomc_no_pc,NQ,65,spread_ratio,0.6190476190476191,0.4444444444444444,0.7142857142857142,16
h4,fomc_no_pc,NQ,66,depth_ratio,1.5683656957928802,1.3333333333333333,1.9792521659826723,16
h4,fomc_no_pc,NQ,66,spread_ratio,0.5714285714285714,0.4444444444444444,0.6666666666666666,16
h4,fomc_no_pc,NQ,67,depth_ratio,1.6367243867243868,1.329192546583851,2.017747858017136,16
h4,fomc_no_pc,NQ,67,spread_ratio,0.5714285714285714,0.4444444444444444,0.6666666666666666,16
h4,fomc_no_pc,NQ,68,depth_ratio,1.4895453036840358,1.2857142857142856,2.015116279069767,16
h4,fomc_no_pc,NQ,68,spread_ratio,0.5714285714285714,0.4444444444444444,0.6666666666666666,16
h4,fomc_no_pc,NQ,69,depth_ratio,1.614715860899067,1.3214285714285714,2.0690094219505983,16
h4,fomc_no_pc,NQ,69,spread_ratio,0.6015037593984962,0.4861111111111111,0.6666666666666666,16
h4,fomc_no_pc,NQ,70,depth_ratio,1.586685922563785,1.3975155279503106,1.9443684450524397,16
h4,fomc_no_pc,NQ,70,spread_ratio,0.6190476190476191,0.4444444444444444,0.75,16
h4,fomc_no_pc,NQ,71,depth_ratio,1.5133587786259541,1.2160737812911726,2.0098039215686274,16
h4,fomc_no_pc,NQ,71,spread_ratio,0.5714285714285714,0.4444444444444444,0.6666666666666666,16
h4,fomc_no_pc,NQ,72,depth_ratio,1.7771416454622562,1.3878294036061027,2.0410396716826265,16
h4,fomc_no_pc,NQ,72,spread_ratio,0.6190476190476191,0.4861111111111111,0.7105263157894737,16
h4,fomc_no_pc,NQ,73,depth_ratio,1.711511789181692,1.3277310924369747,2.249418604651163,16
h4,fomc_no_pc,NQ,73,spread_ratio,0.5714285714285714,0.4444444444444444,0.6666666666666666,16
h4,fomc_no_pc,NQ,74,depth_ratio,1.8517441860465116,1.319327731092437,2.1530405405405406,16
h4,fomc_no_pc,NQ,74,spread_ratio,0.5714285714285714,0.4444444444444444,0.6666666666666666,16
h4,fomc_no_pc,NQ,75,depth_ratio,1.7322006472491909,1.419467787114846,2.1447674418604654,16
h4,fomc_no_pc,NQ,75,spread_ratio,0.5714285714285714,0.4444444444444444,0.6666666666666666,16
h4,fomc_no_pc,NQ,76,depth_ratio,1.7220077220077221,1.431159420289855,2.35202918376653,16
h4,fomc_no_pc,NQ,76,spread_ratio,0.5714285714285714,0.4444444444444444,0.6666666666666666,16
h4,fomc_no_pc,NQ,77,depth_ratio,1.5981426762346982,1.3025210084033612,2.1885544915640676,16
h4,fomc_no_pc,NQ,77,spread_ratio,0.5714285714285714,0.4444444444444444,0.6666666666666666,16
h4,fomc_no_pc,NQ,78,depth_ratio,1.7856817145462838,1.4861111111111112,1.978049810046433,16
h4,fomc_no_pc,NQ,78,spread_ratio,0.5714285714285714,0.4444444444444444,0.6666666666666666,16
h4,fomc_no_pc,NQ,79,depth_ratio,1.696315964155327,1.4376561435384965,2.024271844660194,16
h4,fomc_no_pc,NQ,79,spread_ratio,0.5714285714285714,0.4444444444444444,0.6666666666666666,16
h4,fomc_no_pc,NQ,80,depth_ratio,2.009009009009009,1.5346320346320348,2.2775556824671614,16
h4,fomc_no_pc,NQ,80,spread_ratio,0.6190476190476191,0.4444444444444444,0.6875,16
h4,fomc_no_pc,NQ,81,depth_ratio,2.0215166622933616,1.375776397515528,2.3601257296811857,16
h4,fomc_no_pc,NQ,81,spread_ratio,0.5714285714285714,0.4444444444444444,0.6666666666666666,16
h4,fomc_no_pc,NQ,82,depth_ratio,1.9476179724542786,1.3035714285714284,2.201581027667984,16
h4,fomc_no_pc,NQ,82,spread_ratio,0.5714285714285714,0.4444444444444444,0.6666666666666666,16
h4,fomc_no_pc,NQ,83,depth_ratio,1.9411764705882353,1.548913043478261,2.2085585585585585,16
h4,fomc_no_pc,NQ,83,spread_ratio,0.6190476190476191,0.4861111111111111,0.6875,16
h4,fomc_no_pc,NQ,84,depth_ratio,2.0221442816862663,1.4848484848484849,2.3716370269037848,16
h4,fomc_no_pc,NQ,84,spread_ratio,0.6190476190476191,0.4861111111111111,0.7105263157894737,16
h4,fomc_no_pc,NQ,85,depth_ratio,1.820561118271042,1.4886363636363638,2.204954954954955,16
h4,fomc_no_pc,NQ,85,spread_ratio,0.5714285714285714,0.4444444444444444,0.6666666666666666,16
h4,fomc_no_pc,NQ,86,depth_ratio,1.870303120136367,1.5072463768115942,2.585373317013464,16
h4,fomc_no_pc,NQ,86,spread_ratio,0.5714285714285714,0.4444444444444444,0.6666666666666666,16
h4,fomc_no_pc,NQ,87,depth_ratio,1.9946465747992463,1.5375494071146245,2.3111250785669393,16
h4,fomc_no_pc,NQ,87,spread_ratio,0.5714285714285714,0.4444444444444444,0.6666666666666666,16
h4,fomc_no_pc,NQ,88,depth_ratio,1.839768768991329,1.4583333333333333,2.257071024512885,16
h4,fomc_no_pc,NQ,88,spread_ratio,0.5714285714285714,0.4444444444444444,0.6666666666666666,16
h4,fomc_no_pc,NQ,89,depth_ratio,1.8584691561790798,1.3649068322981366,2.133139534883721,16
h4,fomc_no_pc,NQ,89,spread_ratio,0.6190476190476191,0.4444444444444444,0.75,16
h4,fomc_no_pc,NQ,90,depth_ratio,1.954153182308522,1.4154411764705883,2.2445945945945946,16
h4,fomc_no_pc,NQ,90,spread_ratio,0.5714285714285714,0.4444444444444444,0.6666666666666666,16
h4,fomc_no_pc,NQ,91,depth_ratio,1.8724741805118994,1.4821428571428572,2.0816973723950465,16
h4,fomc_no_pc,NQ,91,spread_ratio,0.6015037593984962,0.4861111111111111,0.6666666666666666,16
h4,fomc_no_pc,NQ,92,depth_ratio,1.8339996192651817,1.4821428571428572,2.1030534351145036,16
h4,fomc_no_pc,NQ,92,spread_ratio,0.5714285714285714,0.4444444444444444,0.6666666666666666,16
h4,fomc_no_pc,NQ,93,depth_ratio,1.9500722096141945,1.3986344537815127,2.1182170542635657,16
h4,fomc_no_pc,NQ,93,spread_ratio,0.5714285714285714,0.4444444444444444,0.6666666666666666,16
h4,fomc_no_pc,NQ,94,depth_ratio,1.8296817686130664,1.4047619047619047,2.1635135135135135,16
h4,fomc_no_pc,NQ,94,spread_ratio,0.5714285714285714,0.4444444444444444,0.6666666666666666,16
h4,fomc_no_pc,NQ,95,depth_ratio,1.9172455451525219,1.486344537815126,2.062128922815946,16
h4,fomc_no_pc,NQ,95,spread_ratio,0.6190476190476191,0.4444444444444444,0.75,16
h4,fomc_no_pc,NQ,96,depth_ratio,1.8795093795093796,1.3417366946778713,2.238235294117647,16
h4,fomc_no_pc,NQ,96,spread_ratio,0.6190476190476191,0.4444444444444444,0.75,16
h4,fomc_no_pc,NQ,97,depth_ratio,1.792811839323467,1.4075630252100841,2.2901767778224187,16
h4,fomc_no_pc,NQ,97,spread_ratio,0.6190476190476191,0.4444444444444444,0.7142857142857142,16
h4,fomc_no_pc,NQ,98,depth_ratio,2.0800362428269406,1.5535714285714286,2.4827141382868936,16
h4,fomc_no_pc,NQ,98,spread_ratio,0.5714285714285714,0.4444444444444444,0.6666666666666666,16
h4,fomc_no_pc,NQ,99,depth_ratio,1.86529749320447,1.5568181818181817,2.4928612221587665,16
h4,fomc_no_pc,NQ,99,spread_ratio,0.5714285714285714,0.4444444444444444,0.6666666666666666,16
h4,fomc_no_pc,NQ,100,depth_ratio,2.0076335877862594,1.4255952380952381,2.3962848297213624,16
h4,fomc_no_pc,NQ,100,spread_ratio,0.5714285714285714,0.4444444444444444,0.6666666666666666,16
h4,fomc_no_pc,NQ,101,depth_ratio,1.86598812553011,1.6185770750988144,2.5323529411764705,16
h4,fomc_no_pc,NQ,101,spread_ratio,0.5714285714285714,0.4444444444444444,0.6666666666666666,16
h4,fomc_no_pc,NQ,102,depth_ratio,1.9318181818181817,1.5375494071146245,2.666889312977099,16
h4,fomc_no_pc,NQ,102,spread_ratio,0.6190476190476191,0.4444444444444444,0.75,16
h4,fomc_no_pc,NQ,103,depth_ratio,1.918862690707351,1.4974747474747474,2.1976480297090983,16
h4,fomc_no_pc,NQ,103,spread_ratio,0.6190476190476191,0.4861111111111111,0.6875,16
h4,fomc_no_pc,NQ,104,depth_ratio,1.8709229701596115,1.5654761904761905,2.435810810810811,16
h4,fomc_no_pc,NQ,104,spread_ratio,0.6015037593984962,0.4861111111111111,0.6666666666666666,16
h4,fomc_no_pc,NQ,105,depth_ratio,1.8857529916459699,1.5119047619047619,2.484558823529412,16
h4,fomc_no_pc,NQ,105,spread_ratio,0.6015037593984962,0.4861111111111111,0.6666666666666666,16
h4,fomc_no_pc,NQ,106,depth_ratio,2.0664221274908297,1.5698757763975155,2.2310679611650484,16
h4,fomc_no_pc,NQ,106,spread_ratio,0.5714285714285714,0.4444444444444444,0.6666666666666666,16
h4,fomc_no_pc,NQ,107,depth_ratio,1.813349441256418,1.4438502673796791,2.8368421052631576,16
h4,fomc_no_pc,NQ,107,spread_ratio,0.5714285714285714,0.4444444444444444,0.6666666666666666,16
h4,fomc_no_pc,NQ,108,depth_ratio,1.8325978228890851,1.6279455692001328,2.2756756756756755,16
h4,fomc_no_pc,NQ,108,spread_ratio,0.5714285714285714,0.4444444444444444,0.6666666666666666,16
h4,fomc_no_pc,NQ,109,depth_ratio,1.9864529239105893,1.3417366946778713,2.337612612612612,16
h4,fomc_no_pc,NQ,109,spread_ratio,0.5714285714285714,0.4444444444444444,0.6666666666666666,16
h4,fomc_no_pc,NQ,110,depth_ratio,1.9238016642596794,1.6071428571428572,2.6902597402597404,16
h4,fomc_no_pc,NQ,110,spread_ratio,0.5714285714285714,0.4444444444444444,0.6666666666666666,16
h4,fomc_no_pc,NQ,111,depth_ratio,2.3671171171171173,1.995798319327731,3.108017135862913,16
h4,fomc_no_pc,NQ,111,spread_ratio,0.5714285714285714,0.4861111111111111,0.6666666666666666,16
h4,fomc_no_pc,NQ,112,depth_ratio,2.4491094147582695,1.732919254658385,2.866396103896104,16
h4,fomc_no_pc,NQ,112,spread_ratio,0.5714285714285714,0.4861111111111111,0.6666666666666666,16
h4,fomc_no_pc,NQ,113,depth_ratio,2.3816073354908305,2.027310924369748,3.2487163998791906,16
h4,fomc_no_pc,NQ,113,spread_ratio,0.5714285714285714,0.4444444444444444,0.6666666666666666,16
h4,fomc_no_pc,NQ,114,depth_ratio,2.5555555555555554,1.8130252100840336,3.152998776009792,16
h4,fomc_no_pc,NQ,114,spread_ratio,0.5714285714285714,0.4444444444444444,0.6666666666666666,16
h4,fomc_no_pc,NQ,115,depth_ratio,2.858527131782946,2.111344537815126,3.2280844155844157,16
h4,fomc_no_pc,NQ,115,spread_ratio,0.5714285714285714,0.4444444444444444,0.6666666666666666,16
h4,fomc_no_pc,NQ,116,depth_ratio,2.904485049833887,2.4128498727735366,3.6808823529411763,16
h4,fomc_no_pc,NQ,116,spread_ratio,0.5714285714285714,0.4444444444444444,0.6666666666666666,16
h4,fomc_no_pc,NQ,117,depth_ratio,2.8600742622630446,2.144083969465649,3.9589329589329587,16
h4,fomc_no_pc,NQ,117,spread_ratio,0.5714285714285714,0.4444444444444444,0.6666666666666666,16
h4,fomc_no_pc,NQ,118,depth_ratio,3.6087837837837835,2.322478991596639,3.8854166666666665,16
h4,fomc_no_pc,NQ,118,spread_ratio,0.5714285714285714,0.4444444444444444,0.6666666666666666,16
h4,fomc_no_pc,NQ,119,depth_ratio,3.0664414414414414,2.2707509881422925,4.076001213592233,16
h4,fomc_no_pc,NQ,119,spread_ratio,0.5714285714285714,0.4444444444444444,0.6666666666666666,16
h4,fomc_no_pc,ZN,-30,depth_ratio,3.0240579034392434,2.1160236206804712,3.9079985844356377,16
h4,fomc_no_pc,ZN,-30,spread_ratio,1.0,1.0,1.0,16
h4,fomc_no_pc,ZN,-29,depth_ratio,2.831671683735558,2.0926943163499514,3.4649900773081366,16
h4,fomc_no_pc,ZN,-29,spread_ratio,1.0,1.0,1.0,16
h4,fomc_no_pc,ZN,-28,depth_ratio,2.7463782636196425,2.150935432107353,3.59372703528266,16
h4,fomc_no_pc,ZN,-28,spread_ratio,1.0,1.0,1.0,16
h4,fomc_no_pc,ZN,-27,depth_ratio,2.876774090236946,2.1802601934881407,3.846391313474884,16
h4,fomc_no_pc,ZN,-27,spread_ratio,1.0,1.0,1.0,16
h4,fomc_no_pc,ZN,-26,depth_ratio,2.9170187362011264,1.911233789138017,3.9148409995134097,16
h4,fomc_no_pc,ZN,-26,spread_ratio,1.0,1.0,1.0,16
h4,fomc_no_pc,ZN,-25,depth_ratio,2.698860075079984,2.1328953548450813,3.405712379478225,16
h4,fomc_no_pc,ZN,-25,spread_ratio,1.0,1.0,1.0,16
h4,fomc_no_pc,ZN,-24,depth_ratio,2.4737309942693733,1.8553778878322489,3.4588795906929932,16
h4,fomc_no_pc,ZN,-24,spread_ratio,1.0,1.0,1.0,16
h4,fomc_no_pc,ZN,-23,depth_ratio,2.570695312751551,1.7857793679891283,3.8081348454212756,16
h4,fomc_no_pc,ZN,-23,spread_ratio,1.0,1.0,1.0,16
h4,fomc_no_pc,ZN,-22,depth_ratio,2.4973437394821043,2.0082592286543486,3.6703368896365487,16
h4,fomc_no_pc,ZN,-22,spread_ratio,1.0,1.0,1.0,16
h4,fomc_no_pc,ZN,-21,depth_ratio,3.0498216776851654,2.0719923595475436,3.838444571454059,16
h4,fomc_no_pc,ZN,-21,spread_ratio,1.0,1.0,1.0,16
h4,fomc_no_pc,ZN,-20,depth_ratio,2.8963267815469074,2.007380123356737,3.509744655347087,16
h4,fomc_no_pc,ZN,-20,spread_ratio,1.0,1.0,1.0,16
h4,fomc_no_pc,ZN,-19,depth_ratio,2.772926084666569,2.0353492309702785,3.7714551330293506,16
h4,fomc_no_pc,ZN,-19,spread_ratio,1.0,1.0,1.0,16
h4,fomc_no_pc,ZN,-18,depth_ratio,2.597092640308283,1.9638945749791712,3.391072645187372,16
h4,fomc_no_pc,ZN,-18,spread_ratio,1.0,1.0,1.0,16
h4,fomc_no_pc,ZN,-17,depth_ratio,2.44862692695751,1.8956162527495648,3.3613958222930496,16
h4,fomc_no_pc,ZN,-17,spread_ratio,1.0,1.0,1.0,16
h4,fomc_no_pc,ZN,-16,depth_ratio,2.3909027034466424,2.0234302218905538,3.4167727720249617,16
h4,fomc_no_pc,ZN,-16,spread_ratio,1.0,1.0,1.0,16
h4,fomc_no_pc,ZN,-15,depth_ratio,2.1327654480927567,1.8691903605398414,3.325520470469405,16
h4,fomc_no_pc,ZN,-15,spread_ratio,1.0,1.0,1.0,16
h4,fomc_no_pc,ZN,-14,depth_ratio,2.3662638367814512,1.7602776341994326,3.277723488685998,16
h4,fomc_no_pc,ZN,-14,spread_ratio,1.0,1.0,1.0,16
h4,fomc_no_pc,ZN,-13,depth_ratio,2.5528723289676756,1.7245315708533773,3.331945696211715,16
h4,fomc_no_pc,ZN,-13,spread_ratio,1.0,1.0,1.0,16
h4,fomc_no_pc,ZN,-12,depth_ratio,2.451206564375621,1.6253856581132622,3.724218329521868,16
h4,fomc_no_pc,ZN,-12,spread_ratio,1.0,1.0,1.0,16
h4,fomc_no_pc,ZN,-11,depth_ratio,2.214275662913686,1.637435214671315,3.364652155742343,16
h4,fomc_no_pc,ZN,-11,spread_ratio,1.0,1.0,1.0,16
h4,fomc_no_pc,ZN,-10,depth_ratio,2.856584026757005,1.5626211266767607,3.74848354324309,16
h4,fomc_no_pc,ZN,-10,spread_ratio,1.0,1.0,1.0,16
h4,fomc_no_pc,ZN,-9,depth_ratio,2.186563249938927,1.4479930822348537,2.924519578330967,16
h4,fomc_no_pc,ZN,-9,spread_ratio,1.0,1.0,1.0,16
h4,fomc_no_pc,ZN,-8,depth_ratio,1.869962804453043,1.427043336470143,2.3759964210568345,16
h4,fomc_no_pc,ZN,-8,spread_ratio,1.0,1.0,1.0,16
h4,fomc_no_pc,ZN,-7,depth_ratio,1.8482659133384582,1.4247796525905976,2.625181676800534,16
h4,fomc_no_pc,ZN,-7,spread_ratio,1.0,1.0,1.0,16
h4,fomc_no_pc,ZN,-6,depth_ratio,1.6645611892095018,1.2885135617294576,2.0511690239828653,16
h4,fomc_no_pc,ZN,-6,spread_ratio,1.0,1.0,1.0,16
h4,fomc_no_pc,ZN,-5,depth_ratio,1.2863953065751859,1.167214594605395,1.47826586145373,16
h4,fomc_no_pc,ZN,-5,spread_ratio,1.0,1.0,1.0,16
h4,fomc_no_pc,ZN,-4,depth_ratio,1.140071401326083,1.0571613030451976,1.2700199151055043,16
h4,fomc_no_pc,ZN,-4,spread_ratio,1.0,1.0,1.0,16
h4,fomc_no_pc,ZN,-3,depth_ratio,0.7885158636555138,0.7229226311336193,0.8692813531961796,16
h4,fomc_no_pc,ZN,-3,spread_ratio,1.0,1.0,1.0,16
h4,fomc_no_pc,ZN,-2,depth_ratio,0.7276260253513834,0.5202948163837765,0.8086842585651849,16
h4,fomc_no_pc,ZN,-2,spread_ratio,1.0,1.0,1.0,16
h4,fomc_no_pc,ZN,-1,depth_ratio,0.3131504838171505,0.2608496056132811,0.4132187573699179,16
h4,fomc_no_pc,ZN,-1,spread_ratio,1.0,1.0,1.0,16
h4,fomc_no_pc,ZN,0,depth_ratio,0.28600918021280314,0.2234593143566562,0.35121227705436386,16
h4,fomc_no_pc,ZN,0,spread_ratio,1.0,1.0,1.0,16
h4,fomc_no_pc,ZN,1,depth_ratio,0.7363785924053792,0.6531244470721446,0.8348176271697033,16
h4,fomc_no_pc,ZN,1,spread_ratio,1.0,1.0,1.0,16
h4,fomc_no_pc,ZN,2,depth_ratio,0.9572793700462493,0.8439076703673256,1.0980831458133313,16
h4,fomc_no_pc,ZN,2,spread_ratio,1.0,1.0,1.0,16
h4,fomc_no_pc,ZN,3,depth_ratio,1.0617372120901276,0.8172897668310513,1.2849131337099322,16
h4,fomc_no_pc,ZN,3,spread_ratio,1.0,1.0,1.0,16
h4,fomc_no_pc,ZN,4,depth_ratio,1.2257614349521442,0.8692163111123357,1.4829311810657384,16
h4,fomc_no_pc,ZN,4,spread_ratio,1.0,1.0,1.0,16
h4,fomc_no_pc,ZN,5,depth_ratio,1.2940235400057798,1.0071615958466111,1.5903965542194307,16
h4,fomc_no_pc,ZN,5,spread_ratio,1.0,1.0,1.0,16
h4,fomc_no_pc,ZN,6,depth_ratio,1.4702490633430547,1.0312317672882818,1.7234014571268448,16
h4,fomc_no_pc,ZN,6,spread_ratio,1.0,1.0,1.0,16
h4,fomc_no_pc,ZN,7,depth_ratio,1.4775112934587469,1.0658686209144925,1.8161967019448146,16
h4,fomc_no_pc,ZN,7,spread_ratio,1.0,1.0,1.0,16
h4,fomc_no_pc,ZN,8,depth_ratio,1.491099896683103,1.1376054954036605,1.9188651835784292,16
h4,fomc_no_pc,ZN,8,spread_ratio,1.0,1.0,1.0,16
h4,fomc_no_pc,ZN,9,depth_ratio,1.5782300757904304,1.1814674001218344,1.8526561908599197,16
h4,fomc_no_pc,ZN,9,spread_ratio,1.0,1.0,1.0,16
h4,fomc_no_pc,ZN,10,depth_ratio,1.5284390139822386,1.1086024862783272,1.8724242788943717,16
h4,fomc_no_pc,ZN,10,spread_ratio,1.0,1.0,1.0,16
h4,fomc_no_pc,ZN,11,depth_ratio,1.6500995961706488,1.0572254211397942,1.8794711414473118,16
h4,fomc_no_pc,ZN,11,spread_ratio,1.0,1.0,1.0,16
h4,fomc_no_pc,ZN,12,depth_ratio,1.6273478000068429,1.2099973385958833,2.008349963942398,16
h4,fomc_no_pc,ZN,12,spread_ratio,1.0,1.0,1.0,16
h4,fomc_no_pc,ZN,13,depth_ratio,1.867952808257205,1.4611690062189095,2.008811443701322,16
h4,fomc_no_pc,ZN,13,spread_ratio,1.0,1.0,1.0,16
h4,fomc_no_pc,ZN,14,depth_ratio,1.856743807377074,1.2795867707278863,2.387199387517292,16
h4,fomc_no_pc,ZN,14,spread_ratio,1.0,1.0,1.0,16
h4,fomc_no_pc,ZN,15,depth_ratio,1.7442444955752179,1.3014663707075589,2.174161162287847,16
h4,fomc_no_pc,ZN,15,spread_ratio,1.0,1.0,1.0,16
h4,fomc_no_pc,ZN,16,depth_ratio,1.82546662786307,1.2832065242544275,2.3425797589212607,16
h4,fomc_no_pc,ZN,16,spread_ratio,1.0,1.0,1.0,16
h4,fomc_no_pc,ZN,17,depth_ratio,1.9112583068251463,1.386887509423302,2.396169865740567,16
h4,fomc_no_pc,ZN,17,spread_ratio,1.0,1.0,1.0,16
h4,fomc_no_pc,ZN,18,depth_ratio,2.015472549947443,1.5173851895305184,2.4335994777543437,16
h4,fomc_no_pc,ZN,18,spread_ratio,1.0,1.0,1.0,16
h4,fomc_no_pc,ZN,19,depth_ratio,2.0006541918347587,1.3852422203056574,2.646371114281866,16
h4,fomc_no_pc,ZN,19,spread_ratio,1.0,1.0,1.0,16
h4,fomc_no_pc,ZN,20,depth_ratio,2.2035893576519543,1.4093980212780672,2.4668302881278352,16
h4,fomc_no_pc,ZN,20,spread_ratio,1.0,1.0,1.0,16
h4,fomc_no_pc,ZN,21,depth_ratio,2.332567471774574,1.4754624328064252,2.5889736281872584,16
h4,fomc_no_pc,ZN,21,spread_ratio,1.0,1.0,1.0,16
h4,fomc_no_pc,ZN,22,depth_ratio,2.198388200811523,1.5809508785287332,2.8161595713009824,16
h4,fomc_no_pc,ZN,22,spread_ratio,1.0,1.0,1.0,16
h4,fomc_no_pc,ZN,23,depth_ratio,2.1526848158009675,1.5398235082341991,2.606417847877466,16
h4,fomc_no_pc,ZN,23,spread_ratio,1.0,1.0,1.0,16
h4,fomc_no_pc,ZN,24,depth_ratio,2.178676582162515,1.5893126382029854,2.891726522106312,16
h4,fomc_no_pc,ZN,24,spread_ratio,1.0,1.0,1.0,16
h4,fomc_no_pc,ZN,25,depth_ratio,2.1709176974134503,1.6153230406103969,2.6892288036172083,16
h4,fomc_no_pc,ZN,25,spread_ratio,1.0,1.0,1.0,16
h4,fomc_no_pc,ZN,26,depth_ratio,2.1341831882147995,1.5077798780220926,2.7464436776161842,16
h4,fomc_no_pc,ZN,26,spread_ratio,1.0,1.0,1.0,16
h4,fomc_no_pc,ZN,27,depth_ratio,2.3386058281444244,1.740139221790598,2.6075768385997553,16
h4,fomc_no_pc,ZN,27,spread_ratio,1.0,1.0,1.0,16
h4,fomc_no_pc,ZN,28,depth_ratio,2.2605509765367824,1.7714702228312316,2.6071712766341153,16
h4,fomc_no_pc,ZN,28,spread_ratio,1.0,1.0,1.0,16
h4,fomc_no_pc,ZN,29,depth_ratio,2.2735728257742336,1.9646290608571781,2.8185481242813486,16
h4,fomc_no_pc,ZN,29,spread_ratio,1.0,1.0,1.0,16
h4,fomc_no_pc,ZN,30,depth_ratio,2.376224421415336,1.7956562324378416,3.01738248142365,16
h4,fomc_no_pc,ZN,30,spread_ratio,1.0,1.0,1.0,16
h4,fomc_no_pc,ZN,31,depth_ratio,2.336231964253366,1.8599401258920003,3.234544567837469,16
h4,fomc_no_pc,ZN,31,spread_ratio,1.0,1.0,1.0,16
h4,fomc_no_pc,ZN,32,depth_ratio,2.6538506243866724,1.915922959715978,3.0500473919611384,16
h4,fomc_no_pc,ZN,32,spread_ratio,1.0,1.0,1.0,16
h4,fomc_no_pc,ZN,33,depth_ratio,2.4322921652633767,1.716475655355264,3.7372188489044262,16
h4,fomc_no_pc,ZN,33,spread_ratio,1.0,1.0,1.0,16
h4,fomc_no_pc,ZN,34,depth_ratio,2.4681763895087294,1.5669719851798363,4.650990771062816,16
h4,fomc_no_pc,ZN,34,spread_ratio,1.0,1.0,1.0,16
h4,fomc_no_pc,ZN,35,depth_ratio,2.365785568460776,1.9113573463711844,3.599440919938907,16
h4,fomc_no_pc,ZN,35,spread_ratio,1.0,1.0,1.0,16
h4,fomc_no_pc,ZN,36,depth_ratio,2.4040757265473034,1.7365712304002376,3.4520311600674805,16
h4,fomc_no_pc,ZN,36,spread_ratio,1.0,1.0,1.0,16
h4,fomc_no_pc,ZN,37,depth_ratio,2.2943059565318284,1.8531639154226218,3.1512330649060982,16
h4,fomc_no_pc,ZN,37,spread_ratio,1.0,1.0,1.0,16
h4,fomc_no_pc,ZN,38,depth_ratio,2.536179149967967,1.9268607725562101,3.264525323133648,16
h4,fomc_no_pc,ZN,38,spread_ratio,1.0,1.0,1.0,16
h4,fomc_no_pc,ZN,39,depth_ratio,2.3758353154377616,1.9064415062728686,3.100466015085062,16
h4,fomc_no_pc,ZN,39,spread_ratio,1.0,1.0,1.0,16
h4,fomc_no_pc,ZN,40,depth_ratio,2.369654566952337,1.9051184338540659,3.886884525479196,16
h4,fomc_no_pc,ZN,40,spread_ratio,1.0,1.0,1.0,16
h4,fomc_no_pc,ZN,41,depth_ratio,2.5206443764242294,1.9854570775165523,3.6263771066574195,16
h4,fomc_no_pc,ZN,41,spread_ratio,1.0,1.0,1.0,16
h4,fomc_no_pc,ZN,42,depth_ratio,2.4543535902863876,2.1093814960706285,3.8405828507379036,16
h4,fomc_no_pc,ZN,42,spread_ratio,1.0,1.0,1.0,16
h4,fomc_no_pc,ZN,43,depth_ratio,2.2843285249918175,1.9272729962385133,3.151096695861325,16
h4,fomc_no_pc,ZN,43,spread_ratio,1.0,1.0,1.0,16
h4,fomc_no_pc,ZN,44,depth_ratio,2.4011360052945445,1.9710265441799115,3.2696971537924124,16
h4,fomc_no_pc,ZN,44,spread_ratio,1.0,1.0,1.0,16
h4,fomc_no_pc,ZN,45,depth_ratio,2.3690828760109675,2.0669414973849647,3.411486616628717,16
h4,fomc_no_pc,ZN,45,spread_ratio,1.0,1.0,1.0,16
h4,fomc_no_pc,ZN,46,depth_ratio,2.422792715249135,2.0796142129877193,3.3087123151731666,16
h4,fomc_no_pc,ZN,46,spread_ratio,1.0,1.0,1.0,16
h4,fomc_no_pc,ZN,47,depth_ratio,2.421296479979099,2.021471369528474,3.4366192549588774,16
h4,fomc_no_pc,ZN,47,spread_ratio,1.0,1.0,1.0,16
h4,fomc_no_pc,ZN,48,depth_ratio,2.6092261126627685,2.0389256638774387,3.3887101319837254,16
h4,fomc_no_pc,ZN,48,spread_ratio,1.0,1.0,1.0,16
h4,fomc_no_pc,ZN,49,depth_ratio,2.8537608569413626,2.2860427465730266,4.161341497523236,16
h4,fomc_no_pc,ZN,49,spread_ratio,1.0,1.0,1.0,16
h4,fomc_no_pc,ZN,50,depth_ratio,2.9603665524354446,2.2073688880243743,3.716301946032404,16
h4,fomc_no_pc,ZN,50,spread_ratio,1.0,1.0,1.0,16
h4,fomc_no_pc,ZN,51,depth_ratio,3.245961315070553,2.1393795064609846,4.00308645946666,16
h4,fomc_no_pc,ZN,51,spread_ratio,1.0,1.0,1.0,16
h4,fomc_no_pc,ZN,52,depth_ratio,3.3039876115402516,2.2376864077735097,4.375175641509805,16
h4,fomc_no_pc,ZN,52,spread_ratio,1.0,1.0,1.0,16
h4,fomc_no_pc,ZN,53,depth_ratio,3.7801340988021828,2.450580674718606,4.064438290429172,16
h4,fomc_no_pc,ZN,53,spread_ratio,1.0,1.0,1.0,16
h4,fomc_no_pc,ZN,54,depth_ratio,3.1688370709223657,2.7822721895822435,4.494348623853211,16
h4,fomc_no_pc,ZN,54,spread_ratio,1.0,1.0,1.0,16
h4,fomc_no_pc,ZN,55,depth_ratio,3.750257455405514,2.7935344377804743,5.340554989240005,16
h4,fomc_no_pc,ZN,55,spread_ratio,1.0,1.0,1.0,16
h4,fomc_no_pc,ZN,56,depth_ratio,3.7760279238768146,2.863797626427801,4.8756845670053215,16
h4,fomc_no_pc,ZN,56,spread_ratio,1.0,1.0,1.0,16
h4,fomc_no_pc,ZN,57,depth_ratio,3.628298933693417,3.1489107365877476,4.835621190130624,16
h4,fomc_no_pc,ZN,57,spread_ratio,1.0,1.0,1.0,16
h4,fomc_no_pc,ZN,58,depth_ratio,4.347098768057387,3.177495211390963,5.1446690856313495,16
h4,fomc_no_pc,ZN,58,spread_ratio,1.0,1.0,1.0,16
h4,fomc_no_pc,ZN,59,depth_ratio,4.82165119269521,3.815775505918724,6.995689404934688,16
h4,fomc_no_pc,ZN,59,spread_ratio,1.0,1.0,1.0,16
h4,fomc_no_pc,ZN,60,depth_ratio,3.37713998814934,2.8690981622016105,4.616233125550373,16
h4,fomc_no_pc,ZN,60,spread_ratio,1.0,1.0,1.0,16
h4,fomc_no_pc,ZN,61,depth_ratio,3.42040952094102,2.5733136144176996,4.650370943733254,16
h4,fomc_no_pc,ZN,61,spread_ratio,1.0,1.0,1.0,16
h4,fomc_no_pc,ZN,62,depth_ratio,3.313966183621832,2.4677143023394077,4.526874799402518,16
h4,fomc_no_pc,ZN,62,spread_ratio,1.0,1.0,1.0,16
h4,fomc_no_pc,ZN,63,depth_ratio,3.676295068738017,2.3855206659466295,4.463246998114519,16
h4,fomc_no_pc,ZN,63,spread_ratio,1.0,1.0,1.0,16
h4,fomc_no_pc,ZN,64,depth_ratio,3.240349423891982,2.242380553724713,4.29128845254792,16
h4,fomc_no_pc,ZN,64,spread_ratio,1.0,1.0,1.0,16
h4,fomc_no_pc,ZN,65,depth_ratio,2.8396247283890883,2.0706479521358414,4.6299525499719785,16
h4,fomc_no_pc,ZN,65,spread_ratio,1.0,1.0,1.0,16
h4,fomc_no_pc,ZN,66,depth_ratio,2.5285793025451513,2.077791695438754,5.046134642356241,16
h4,fomc_no_pc,ZN,66,spread_ratio,1.0,1.0,1.0,16
h4,fomc_no_pc,ZN,67,depth_ratio,2.896812439292754,2.150070207541472,4.3967599483973405,16
h4,fomc_no_pc,ZN,67,spread_ratio,1.0,1.0,1.0,16
h4,fomc_no_pc,ZN,68,depth_ratio,2.9121208011374273,2.150772464438408,5.037850084196014,16
h4,fomc_no_pc,ZN,68,spread_ratio,1.0,1.0,1.0,16
h4,fomc_no_pc,ZN,69,depth_ratio,2.85666029935314,2.2106188618119207,4.538870733245491,16
h4,fomc_no_pc,ZN,69,spread_ratio,1.0,1.0,1.0,16
h4,fomc_no_pc,ZN,70,depth_ratio,2.873789440684826,2.2512414408230192,3.7108454513546643,16
h4,fomc_no_pc,ZN,70,spread_ratio,1.0,1.0,1.0,16
h4,fomc_no_pc,ZN,71,depth_ratio,2.6829290553799443,2.241873212724097,3.633796918914627,16
h4,fomc_no_pc,ZN,71,spread_ratio,1.0,1.0,1.0,16
h4,fomc_no_pc,ZN,72,depth_ratio,2.679081279539396,2.2699523234804877,3.5198936827181884,16
h4,fomc_no_pc,ZN,72,spread_ratio,1.0,1.0,1.0,16
h4,fomc_no_pc,ZN,73,depth_ratio,3.0175105655644447,2.0892968044063776,3.845767081609103,16
h4,fomc_no_pc,ZN,73,spread_ratio,1.0,1.0,1.0,16
h4,fomc_no_pc,ZN,74,depth_ratio,2.7547727399069823,2.097265378176441,3.689130867734102,16
h4,fomc_no_pc,ZN,74,spread_ratio,1.0,1.0,1.0,16
h4,fomc_no_pc,ZN,75,depth_ratio,2.8709574855193676,2.2259124949350375,3.91634420565976,16
h4,fomc_no_pc,ZN,75,spread_ratio,1.0,1.0,1.0,16
h4,fomc_no_pc,ZN,76,depth_ratio,3.0654585738050195,2.1591279861176056,3.7688524774331986,16
h4,fomc_no_pc,ZN,76,spread_ratio,1.0,1.0,1.0,16
h4,fomc_no_pc,ZN,77,depth_ratio,3.3328744984624556,2.0365365365365364,4.02175928586459,16
h4,fomc_no_pc,ZN,77,spread_ratio,1.0,1.0,1.0,16
h4,fomc_no_pc,ZN,78,depth_ratio,3.0704053473945487,1.9893971445695584,3.626285695416599,16
h4,fomc_no_pc,ZN,78,spread_ratio,1.0,1.0,1.0,16
h4,fomc_no_pc,ZN,79,depth_ratio,2.7784896393260983,2.2872958939856285,3.8172989701356532,16
h4,fomc_no_pc,ZN,79,spread_ratio,1.0,1.0,1.0,16
h4,fomc_no_pc,ZN,80,depth_ratio,2.8596075678069446,2.371117242425561,4.074595605423095,16
h4,fomc_no_pc,ZN,80,spread_ratio,1.0,1.0,1.0,16
h4,fomc_no_pc,ZN,81,depth_ratio,2.8761490583481106,2.4165544766052163,3.8398055142107874,16
h4,fomc_no_pc,ZN,81,spread_ratio,1.0,1.0,1.0,16
h4,fomc_no_pc,ZN,82,depth_ratio,3.1144502411465416,2.605653467245163,4.3563430259596085,16
h4,fomc_no_pc,ZN,82,spread_ratio,1.0,1.0,1.0,16
h4,fomc_no_pc,ZN,83,depth_ratio,3.4320726789010605,2.776094905852691,4.006711518858308,16
h4,fomc_no_pc,ZN,83,spread_ratio,1.0,1.0,1.0,16
h4,fomc_no_pc,ZN,84,depth_ratio,3.160652507551638,2.433656756082481,3.7004672117470383,16
h4,fomc_no_pc,ZN,84,spread_ratio,1.0,1.0,1.0,16
h4,fomc_no_pc,ZN,85,depth_ratio,3.214497811389397,2.241870526562091,3.6096788442709213,16
h4,fomc_no_pc,ZN,85,spread_ratio,1.0,1.0,1.0,16
h4,fomc_no_pc,ZN,86,depth_ratio,3.0577573074855207,2.2946581530768833,3.7462533188670424,16
h4,fomc_no_pc,ZN,86,spread_ratio,1.0,1.0,1.0,16
h4,fomc_no_pc,ZN,87,depth_ratio,3.201396960338837,2.2530584795231015,3.676447528143789,16
h4,fomc_no_pc,ZN,87,spread_ratio,1.0,1.0,1.0,16
h4,fomc_no_pc,ZN,88,depth_ratio,3.250872978988495,2.291884565928997,3.6780777134317204,16
h4,fomc_no_pc,ZN,88,spread_ratio,1.0,1.0,1.0,16
h4,fomc_no_pc,ZN,89,depth_ratio,2.7559021907090124,2.4915337913487132,3.6190369806435325,16
h4,fomc_no_pc,ZN,89,spread_ratio,1.0,1.0,1.0,16
h4,fomc_no_pc,ZN,90,depth_ratio,2.7497954421818784,2.369216357722105,3.6450586786618806,16
h4,fomc_no_pc,ZN,90,spread_ratio,1.0,1.0,1.0,16
h4,fomc_no_pc,ZN,91,depth_ratio,2.6352673766692796,2.2920452629057113,3.7910849767086727,16
h4,fomc_no_pc,ZN,91,spread_ratio,1.0,1.0,1.0,16
h4,fomc_no_pc,ZN,92,depth_ratio,2.571556863338153,2.27267022374056,3.912297432911897,16
h4,fomc_no_pc,ZN,92,spread_ratio,1.0,1.0,1.0,16
h4,fomc_no_pc,ZN,93,depth_ratio,2.8944116929655612,2.3880413188956897,4.054067453189441,16
h4,fomc_no_pc,ZN,93,spread_ratio,1.0,1.0,1.0,16
h4,fomc_no_pc,ZN,94,depth_ratio,2.578459620688795,2.1662099978215696,3.5431691217105787,16
h4,fomc_no_pc,ZN,94,spread_ratio,1.0,1.0,1.0,16
h4,fomc_no_pc,ZN,95,depth_ratio,2.7820736840231843,2.271938408501172,3.7674251969946484,16
h4,fomc_no_pc,ZN,95,spread_ratio,1.0,1.0,1.0,16
h4,fomc_no_pc,ZN,96,depth_ratio,2.7647538060912575,1.9994332003731858,3.4744207573632537,16
h4,fomc_no_pc,ZN,96,spread_ratio,1.0,1.0,1.0,16
h4,fomc_no_pc,ZN,97,depth_ratio,2.6783805147497763,2.0315611345257043,3.9376066763425253,16
h4,fomc_no_pc,ZN,97,spread_ratio,1.0,1.0,1.0,16
h4,fomc_no_pc,ZN,98,depth_ratio,3.11968008349974,2.4814982487992867,4.100123764139748,16
h4,fomc_no_pc,ZN,98,spread_ratio,1.0,1.0,1.0,16
h4,fomc_no_pc,ZN,99,depth_ratio,2.9246552007333113,2.4740816390918674,4.357817781333949,16
h4,fomc_no_pc,ZN,99,spread_ratio,1.0,1.0,1.0,16
h4,fomc_no_pc,ZN,100,depth_ratio,2.7577339160784176,2.2844510415158927,3.540121283536191,16
h4,fomc_no_pc,ZN,100,spread_ratio,1.0,1.0,1.0,16
h4,fomc_no_pc,ZN,101,depth_ratio,2.8847806785422265,2.2713387143935426,3.920699852673351,16
h4,fomc_no_pc,ZN,101,spread_ratio,1.0,1.0,1.0,16
h4,fomc_no_pc,ZN,102,depth_ratio,2.7495687833734976,2.2583077927905513,4.104707422236045,16
h4,fomc_no_pc,ZN,102,spread_ratio,1.0,1.0,1.0,16
h4,fomc_no_pc,ZN,103,depth_ratio,2.80492942249049,2.266399865588014,4.044768210493038,16
h4,fomc_no_pc,ZN,103,spread_ratio,1.0,1.0,1.0,16
h4,fomc_no_pc,ZN,104,depth_ratio,2.811514987548735,2.1394779822195624,3.4916477592488375,16
h4,fomc_no_pc,ZN,104,spread_ratio,1.0,1.0,1.0,16
h4,fomc_no_pc,ZN,105,depth_ratio,2.7303473918326024,2.109798789249762,3.7413243091140664,16
h4,fomc_no_pc,ZN,105,spread_ratio,1.0,1.0,1.0,16
h4,fomc_no_pc,ZN,106,depth_ratio,2.7399303242474753,2.078715952683939,3.7661790033865503,16
h4,fomc_no_pc,ZN,106,spread_ratio,1.0,1.0,1.0,16
h4,fomc_no_pc,ZN,107,depth_ratio,2.7531400354295164,2.0805392789245154,3.9377595597005275,16
h4,fomc_no_pc,ZN,107,spread_ratio,1.0,1.0,1.0,16
h4,fomc_no_pc,ZN,108,depth_ratio,2.7482830483156016,2.040900394994974,3.873562991277357,16
h4,fomc_no_pc,ZN,108,spread_ratio,1.0,1.0,1.0,16
h4,fomc_no_pc,ZN,109,depth_ratio,2.648956198133296,2.0629593628440226,4.244426202417049,16
h4,fomc_no_pc,ZN,109,spread_ratio,1.0,1.0,1.0,16
h4,fomc_no_pc,ZN,110,depth_ratio,2.672611278729987,2.157410262648301,3.991022288005288,16
h4,fomc_no_pc,ZN,110,spread_ratio,1.0,1.0,1.0,16
h4,fomc_no_pc,ZN,111,depth_ratio,2.3761227775873897,1.8679732530588062,4.126734693877551,16
h4,fomc_no_pc,ZN,111,spread_ratio,1.0,1.0,1.0,16
h4,fomc_no_pc,ZN,112,depth_ratio,2.565306059772948,1.9232442619596557,3.9303547626300093,16
h4,fomc_no_pc,ZN,112,spread_ratio,1.0,1.0,1.0,16
h4,fomc_no_pc,ZN,113,depth_ratio,2.5459534813264106,2.186886110011703,4.278593073572609,16
h4,fomc_no_pc,ZN,113,spread_ratio,1.0,1.0,1.0,16
h4,fomc_no_pc,ZN,114,depth_ratio,2.5115083461899843,2.1707789252454157,4.068025680518942,16
h4,fomc_no_pc,ZN,114,spread_ratio,1.0,1.0,1.0,16
h4,fomc_no_pc,ZN,115,depth_ratio,2.488537736488353,2.2410065499366256,4.175212373759517,16
h4,fomc_no_pc,ZN,115,spread_ratio,1.0,1.0,1.0,16
h4,fomc_no_pc,ZN,116,depth_ratio,2.2563884449490237,2.0292717345230784,3.3664227192838654,16
h4,fomc_no_pc,ZN,116,spread_ratio,1.0,1.0,1.0,16
h4,fomc_no_pc,ZN,117,depth_ratio,2.363057318592862,2.1502755890803074,3.5919613732055353,16
h4,fomc_no_pc,ZN,117,spread_ratio,1.0,1.0,1.0,16
h4,fomc_no_pc,ZN,118,depth_ratio,2.4580341114175415,1.9914154671641844,3.228437399371776,16
h4,fomc_no_pc,ZN,118,spread_ratio,1.0,1.0,1.0,16
h4,fomc_no_pc,ZN,119,depth_ratio,2.3884677465133737,1.7317848132867955,3.2239947073715265,16
h4,fomc_no_pc,ZN,119,spread_ratio,1.0,1.0,1.0,16
h4,fomc_pc,ES,-30,depth_ratio,2.1560283687943262,1.6365649854021949,3.182570325427468,75
h4,fomc_pc,ES,-30,spread_ratio,1.0,1.0,1.0,75
h4,fomc_pc,ES,-29,depth_ratio,2.1575037147102525,1.6019736842105263,3.009223999323009,75
h4,fomc_pc,ES,-29,spread_ratio,1.0,1.0,1.0,75
h4,fomc_pc,ES,-28,depth_ratio,2.136125654450262,1.6008849557522125,3.0071255103947054,75
h4,fomc_pc,ES,-28,spread_ratio,1.0,1.0,1.0,75
h4,fomc_pc,ES,-27,depth_ratio,2.223864836325238,1.6487215218054536,2.943755176003593,75
h4,fomc_pc,ES,-27,spread_ratio,1.0,1.0,1.0,75
h4,fomc_pc,ES,-26,depth_ratio,2.1989528795811517,1.605141463059389,3.1201082972736516,75
h4,fomc_pc,ES,-26,spread_ratio,1.0,1.0,1.0,75
h4,fomc_pc,ES,-25,depth_ratio,2.1376518218623484,1.6204834027073352,2.8415820973198023,75
h4,fomc_pc,ES,-25,spread_ratio,1.0,1.0,1.0,75
h4,fomc_pc,ES,-24,depth_ratio,2.1778975741239894,1.596958555556094,3.0561528708160814,75
h4,fomc_pc,ES,-24,spread_ratio,1.0,1.0,1.0,75
h4,fomc_pc,ES,-23,depth_ratio,2.221024258760108,1.5929395202772212,2.897007335830655,75
h4,fomc_pc,ES,-23,spread_ratio,1.0,1.0,1.0,75
h4,fomc_pc,ES,-22,depth_ratio,2.1799485861182517,1.639347688486021,2.9411847133071403,75
h4,fomc_pc,ES,-22,spread_ratio,1.0,1.0,1.0,75
h4,fomc_pc,ES,-21,depth_ratio,2.1587301587301586,1.642113482561166,2.7503170664460987,75
h4,fomc_pc,ES,-21,spread_ratio,1.0,1.0,1.0,75
h4,fomc_pc,ES,-20,depth_ratio,2.1749408983451537,1.6620257113303891,2.8144650505306243,75
h4,fomc_pc,ES,-20,spread_ratio,1.0,1.0,1.0,75
h4,fomc_pc,ES,-19,depth_ratio,2.194331983805668,1.5650040225261463,2.731874731874732,75
h4,fomc_pc,ES,-19,spread_ratio,1.0,1.0,1.0,75
h4,fomc_pc,ES,-18,depth_ratio,2.0273972602739727,1.6003445305770887,2.6011684371075794,75
h4,fomc_pc,ES,-18,spread_ratio,1.0,1.0,1.0,75
h4,fomc_pc,ES,-17,depth_ratio,2.0927643784786643,1.6731204898179164,2.671506688161736,75
h4,fomc_pc,ES,-17,spread_ratio,1.0,1.0,1.0,75
h4,fomc_pc,ES,-16,depth_ratio,2.137115839243499,1.6683001380398343,2.8029692889814157,75
h4,fomc_pc,ES,-16,spread_ratio,1.0,1.0,1.0,75
h4,fomc_pc,ES,-15,depth_ratio,2.0242914979757085,1.705174119171868,2.473746238188438,75
h4,fomc_pc,ES,-15,spread_ratio,1.0,1.0,1.0,75
h4,fomc_pc,ES,-14,depth_ratio,1.94331983805668,1.5558300188402763,2.405739069821477,75
h4,fomc_pc,ES,-14,spread_ratio,1.0,1.0,1.0,75
h4,fomc_pc,ES,-13,depth_ratio,1.9487179487179487,1.5726275811583594,2.4999822161520022,75
h4,fomc_pc,ES,-13,spread_ratio,1.0,1.0,1.0,75
h4,fomc_pc,ES,-12,depth_ratio,1.9257773319959879,1.6299648003118035,2.3630674171685966,75
h4,fomc_pc,ES,-12,spread_ratio,1.0,1.0,1.0,75
h4,fomc_pc,ES,-11,depth_ratio,1.858712715855573,1.468171104916983,2.3229575701248244,75
h4,fomc_pc,ES,-11,spread_ratio,1.0,1.0,1.0,75
h4,fomc_pc,ES,-10,depth_ratio,1.8219895287958114,1.4444260274861092,2.245060186236657,75
h4,fomc_pc,ES,-10,spread_ratio,1.0,1.0,1.0,75
h4,fomc_pc,ES,-9,depth_ratio,1.8177874186550975,1.5025948182531437,2.180595725500507,75
h4,fomc_pc,ES,-9,spread_ratio,1.0,1.0,1.0,75
h4,fomc_pc,ES,-8,depth_ratio,1.7272727272727273,1.3971428571428572,2.06468653443636,75
h4,fomc_pc,ES,-8,spread_ratio,1.0,1.0,1.0,75
h4,fomc_pc,ES,-7,depth_ratio,1.6389324960753533,1.3501458735103595,2.0675521821631877,75
h4,fomc_pc,ES,-7,spread_ratio,1.0,1.0,1.0,75
h4,fomc_pc,ES,-6,depth_ratio,1.490909090909091,1.2380648708081363,1.8127929418252,75
h4,fomc_pc,ES,-6,spread_ratio,1.0,1.0,1.0,75
h4,fomc_pc,ES,-5,depth_ratio,1.247787610619469,1.101010101010101,1.4008299398875315,75
h4,fomc_pc,ES,-5,spread_ratio,1.0,1.0,1.0,75
h4,fomc_pc,ES,-4,depth_ratio,1.0948275862068966,0.9644185231652594,1.2184873949579833,75
h4,fomc_pc,ES,-4,spread_ratio,1.0,1.0,1.0,75
h4,fomc_pc,ES,-3,depth_ratio,0.8468848996832101,0.737415614018887,0.9521030230273928,75
h4,fomc_pc,ES,-3,spread_ratio,1.0,1.0,1.0,75
h4,fomc_pc,ES,-2,depth_ratio,0.7223719676549866,0.5952286806379332,0.9414213894979293,75
h4,fomc_pc,ES,-2,spread_ratio,1.0,1.0,1.0,75
h4,fomc_pc,ES,-1,depth_ratio,0.5026178010471204,0.4059402160425649,0.6256072800612079,75
h4,fomc_pc,ES,-1,spread_ratio,1.0,1.0,1.55,75
h4,fomc_pc,ES,0,depth_ratio,0.25930372148859543,0.2059266167836022,0.3435546899861254,75
h4,fomc_pc,ES,0,spread_ratio,1.5,1.0,2.0,75
h4,fomc_pc,ES,1,depth_ratio,0.4094488188976378,0.2980110300658246,0.490502479385281,75
h4,fomc_pc,ES,1,spread_ratio,1.0,1.0,1.0,75
h4,fomc_pc,ES,2,depth_ratio,0.47058823529411764,0.33813765182186234,0.6591909882232463,75
h4,fomc_pc,ES,2,spread_ratio,1.0,1.0,1.0,75
h4,fomc_pc,ES,3,depth_ratio,0.5289617486338798,0.3668797413060408,0.7177195643558945,75
h4,fomc_pc,ES,3,spread_ratio,1.0,1.0,1.0,75
h4,fomc_pc,ES,4,depth_ratio,0.6,0.39814405179390344,0.7818504218504219,75
h4,fomc_pc,ES,4,spread_ratio,1.0,1.0,1.0,75
h4,fomc_pc,ES,5,depth_ratio,0.6469002695417789,0.4937990057910111,0.8712659298143757,75
h4,fomc_pc,ES,5,spread_ratio,1.0,1.0,1.0,75
h4,fomc_pc,ES,6,depth_ratio,0.6917293233082706,0.5457604469381676,0.9268114076743506,75
h4,fomc_pc,ES,6,spread_ratio,1.0,1.0,1.0,75
h4,fomc_pc,ES,7,depth_ratio,0.7082833133253301,0.5401476542033818,0.9890723992677731,75
h4,fomc_pc,ES,7,spread_ratio,1.0,1.0,1.0,75
h4,fomc_pc,ES,8,depth_ratio,0.7539015606242497,0.548216067349951,1.012143611404435,75
h4,fomc_pc,ES,8,spread_ratio,1.0,1.0,1.0,75
h4,fomc_pc,ES,9,depth_ratio,0.7464607464607464,0.5823269799699307,0.9689829785025615,75
h4,fomc_pc,ES,9,spread_ratio,1.0,1.0,1.0,75
h4,fomc_pc,ES,10,depth_ratio,0.7906730259671436,0.6076167340600545,1.04559364384177,75
h4,fomc_pc,ES,10,spread_ratio,1.0,1.0,1.0,75
h4,fomc_pc,ES,11,depth_ratio,0.8677248677248677,0.6472180451127819,1.108571214518497,75
h4,fomc_pc,ES,11,spread_ratio,1.0,1.0,1.0,75
h4,fomc_pc,ES,12,depth_ratio,0.8997050147492626,0.6464659925705052,1.1669659756328872,75
h4,fomc_pc,ES,12,spread_ratio,1.0,1.0,1.0,75
h4,fomc_pc,ES,13,depth_ratio,0.9225413402959095,0.6626452494873547,1.1998120607670186,75
h4,fomc_pc,ES,13,spread_ratio,1.0,1.0,1.0,75
h4,fomc_pc,ES,14,depth_ratio,0.8941176470588236,0.6631712813190245,1.2024205002715,75
h4,fomc_pc,ES,14,spread_ratio,1.0,1.0,1.0,75
h4,fomc_pc,ES,15,depth_ratio,0.9763387297633873,0.7370010200612036,1.2487902552978474,75
h4,fomc_pc,ES,15,spread_ratio,1.0,1.0,1.0,75
h4,fomc_pc,ES,16,depth_ratio,0.9376558603491272,0.7584313725490196,1.302585293145901,75
h4,fomc_pc,ES,16,spread_ratio,1.0,1.0,1.0,75
h4,fomc_pc,ES,17,depth_ratio,1.0396158463385354,0.7762053462671362,1.230823764941412,75
h4,fomc_pc,ES,17,spread_ratio,1.0,1.0,1.0,75
h4,fomc_pc,ES,18,depth_ratio,1.0197802197802197,0.7537433155080213,1.2654173250302074,75
h4,fomc_pc,ES,18,spread_ratio,1.0,1.0,1.0,75
h4,fomc_pc,ES,19,depth_ratio,1.0340740740740741,0.7428929833993125,1.3495292338050837,75
h4,fomc_pc,ES,19,spread_ratio,1.0,1.0,1.0,75
h4,fomc_pc,ES,20,depth_ratio,1.0583115752828547,0.7831343063541205,1.2523368371454904,75
h4,fomc_pc,ES,20,spread_ratio,1.0,1.0,1.0,75
h4,fomc_pc,ES,21,depth_ratio,1.0044444444444445,0.7729856320020254,1.3900402029290706,75
h4,fomc_pc,ES,21,spread_ratio,1.0,1.0,1.0,75
h4,fomc_pc,ES,22,depth_ratio,0.9734513274336283,0.7677919133392115,1.3979123028718818,75
h4,fomc_pc,ES,22,spread_ratio,1.0,1.0,1.0,75
h4,fomc_pc,ES,23,depth_ratio,0.9863013698630136,0.7900626219074016,1.3956452779138386,75
h4,fomc_pc,ES,23,spread_ratio,1.0,1.0,1.0,75
h4,fomc_pc,ES,24,depth_ratio,1.025,0.8240410035068788,1.346163511252025,75
h4,fomc_pc,ES,24,spread_ratio,1.0,1.0,1.0,75
h4,fomc_pc,ES,25,depth_ratio,1.0518518518518518,0.7912846600781305,1.387075616078958,75
h4,fomc_pc,ES,25,spread_ratio,1.0,1.0,1.0,75
h4,fomc_pc,ES,26,depth_ratio,1.0913770913770913,0.8339064900856077,1.3395210679310248,75
h4,fomc_pc,ES,26,spread_ratio,1.0,1.0,1.0,75
h4,fomc_pc,ES,27,depth_ratio,1.0561797752808988,0.7889120249869859,1.3910724933980747,75
h4,fomc_pc,ES,27,spread_ratio,1.0,1.0,1.0,75
h4,fomc_pc,ES,28,depth_ratio,1.0118577075098814,0.7865961199294532,1.2983735864861092,75
h4,fomc_pc,ES,28,spread_ratio,1.0,1.0,1.0,75
h4,fomc_pc,ES,29,depth_ratio,0.9916434540389972,0.6843033509700176,1.3371738718033517,75
h4,fomc_pc,ES,29,spread_ratio,1.0,1.0,1.0,75
h4,fomc_pc,ES,30,depth_ratio,0.951310861423221,0.6939247830279653,1.1325698768263721,75
h4,fomc_pc,ES,30,spread_ratio,1.0,1.0,1.0,75
h4,fomc_pc,ES,31,depth_ratio,0.8288288288288288,0.651884388726494,1.1642528735632185,75
h4,fomc_pc,ES,31,spread_ratio,1.0,1.0,1.0,75
h4,fomc_pc,ES,32,depth_ratio,0.9032258064516129,0.6438784400143494,1.0980262550364275,75
h4,fomc_pc,ES,32,spread_ratio,1.0,1.0,1.0,75
h4,fomc_pc,ES,33,depth_ratio,0.9195402298850575,0.6408257110011496,1.1596192593621901,75
h4,fomc_pc,ES,33,spread_ratio,1.0,1.0,1.0,75
h4,fomc_pc,ES,34,depth_ratio,0.8363636363636363,0.6257032060735157,1.0854231930686082,75
h4,fomc_pc,ES,34,spread_ratio,1.0,1.0,1.0,75
h4,fomc_pc,ES,35,depth_ratio,0.8288854003139717,0.598701565563164,0.9946023040218923,75
h4,fomc_pc,ES,35,spread_ratio,1.0,1.0,1.0,75
h4,fomc_pc,ES,36,depth_ratio,0.8184438040345822,0.5323586081831576,0.9577624251946671,75
h4,fomc_pc,ES,36,spread_ratio,1.0,1.0,1.0,75
h4,fomc_pc,ES,37,depth_ratio,0.7905604719764012,0.5425296323325868,1.070387887801335,75
h4,fomc_pc,ES,37,spread_ratio,1.0,1.0,1.0,75
h4,fomc_pc,ES,38,depth_ratio,0.8083209509658247,0.5368494692338108,1.073921552877655,75
h4,fomc_pc,ES,38,spread_ratio,1.0,1.0,1.0,75
h4,fomc_pc,ES,39,depth_ratio,0.8141592920353983,0.5459803354540196,1.1064686280110445,75
h4,fomc_pc,ES,39,spread_ratio,1.0,1.0,1.0,75
h4,fomc_pc,ES,40,depth_ratio,0.8016194331983806,0.5326728155656226,1.0663962745981674,75
h4,fomc_pc,ES,40,spread_ratio,1.0,1.0,1.0,75
h4,fomc_pc,ES,41,depth_ratio,0.7927927927927928,0.5696687521218293,1.1236212322393802,75
h4,fomc_pc,ES,41,spread_ratio,1.0,1.0,1.0,75
h4,fomc_pc,ES,42,depth_ratio,0.8010973936899863,0.5596934865900383,1.1626758020864156,75
h4,fomc_pc,ES,42,spread_ratio,1.0,1.0,1.0,75
h4,fomc_pc,ES,43,depth_ratio,0.8457142857142858,0.5746381990351974,1.1727070286319643,75
h4,fomc_pc,ES,43,spread_ratio,1.0,1.0,1.0,75
h4,fomc_pc,ES,44,depth_ratio,0.831858407079646,0.5581461675579322,1.1964957293071499,75
h4,fomc_pc,ES,44,spread_ratio,1.0,1.0,1.0,75
h4,fomc_pc,ES,45,depth_ratio,0.8023598820058997,0.5843760963629985,1.0999001480563302,75
h4,fomc_pc,ES,45,spread_ratio,1.0,1.0,1.0,75
h4,fomc_pc,ES,46,depth_ratio,0.8059259259259259,0.5646936562443521,1.174407340763178,75
h4,fomc_pc,ES,46,spread_ratio,1.0,1.0,1.0,75
h4,fomc_pc,ES,47,depth_ratio,0.8387096774193549,0.5761270906881185,1.1524567021313226,75
h4,fomc_pc,ES,47,spread_ratio,1.0,1.0,1.0,75
h4,fomc_pc,ES,48,depth_ratio,0.8205128205128205,0.6057397504456328,1.21395082214512,75
h4,fomc_pc,ES,48,spread_ratio,1.0,1.0,1.0,75
h4,fomc_pc,ES,49,depth_ratio,0.8376068376068376,0.6005377469369355,1.387519169517518,75
h4,fomc_pc,ES,49,spread_ratio,1.0,1.0,1.0,75
h4,fomc_pc,ES,50,depth_ratio,0.797752808988764,0.5970481759955444,1.2075658662362758,75
h4,fomc_pc,ES,50,spread_ratio,1.0,1.0,1.0,75
h4,fomc_pc,ES,51,depth_ratio,0.7868852459016393,0.6326923076923077,1.2254976888274938,75
h4,fomc_pc,ES,51,spread_ratio,1.0,1.0,1.0,75
h4,fomc_pc,ES,52,depth_ratio,0.8503703703703703,0.6540997389265012,1.2501826543500054,75
h4,fomc_pc,ES,52,spread_ratio,1.0,1.0,1.0,75
h4,fomc_pc,ES,53,depth_ratio,0.863013698630137,0.6368450286983891,1.3469717313613434,75
h4,fomc_pc,ES,53,spread_ratio,1.0,1.0,1.0,75
h4,fomc_pc,ES,54,depth_ratio,0.9041095890410958,0.6220633551090842,1.290738184447512,75
h4,fomc_pc,ES,54,spread_ratio,1.0,1.0,1.0,75
h4,fomc_pc,ES,55,depth_ratio,0.8888888888888888,0.6447616101807255,1.3179811392470544,75
h4,fomc_pc,ES,55,spread_ratio,1.0,1.0,1.0,75
h4,fomc_pc,ES,56,depth_ratio,0.8972972972972973,0.6034226090085228,1.2840610154990921,75
h4,fomc_pc,ES,56,spread_ratio,1.0,1.0,1.0,75
h4,fomc_pc,ES,57,depth_ratio,0.8727272727272727,0.6110331700673575,1.288086776763524,75
h4,fomc_pc,ES,57,spread_ratio,1.0,1.0,1.0,75
h4,fomc_pc,ES,58,depth_ratio,0.8703170028818443,0.5958073843416369,1.3095262933150844,75
h4,fomc_pc,ES,58,spread_ratio,1.0,1.0,1.0,75
h4,fomc_pc,ES,59,depth_ratio,0.8767123287671232,0.6470588235294117,1.3362142891554656,75
h4,fomc_pc,ES,59,spread_ratio,1.0,1.0,1.0,75
h4,fomc_pc,ES,60,depth_ratio,0.8786127167630058,0.68457253879687,1.3722433855431937,75
h4,fomc_pc,ES,60,spread_ratio,1.0,1.0,1.0,75
h4,fomc_pc,ES,61,depth_ratio,0.91005291005291,0.6641604010025062,1.3507268535072687,75
h4,fomc_pc,ES,61,spread_ratio,1.0,1.0,1.0,75
h4,fomc_pc,ES,62,depth_ratio,0.9063670411985019,0.6946218248900242,1.3519588920057304,75
h4,fomc_pc,ES,62,spread_ratio,1.0,1.0,1.0,75
h4,fomc_pc,ES,63,depth_ratio,0.9493670886075949,0.6649395509499136,1.2608104436712273,75
h4,fomc_pc,ES,63,spread_ratio,1.0,1.0,1.0,75
h4,fomc_pc,ES,64,depth_ratio,0.9337175792507204,0.6750432777900843,1.3746464775782403,75
h4,fomc_pc,ES,64,spread_ratio,1.0,1.0,1.0,75
h4,fomc_pc,ES,65,depth_ratio,0.9312169312169312,0.6819923371647509,1.3715297879965815,75
h4,fomc_pc,ES,65,spread_ratio,1.0,1.0,1.0,75
h4,fomc_pc,ES,66,depth_ratio,0.9018181818181819,0.6650862068965517,1.5322610059452164,75
h4,fomc_pc,ES,66,spread_ratio,1.0,1.0,1.0,75
h4,fomc_pc,ES,67,depth_ratio,0.8933717579250721,0.6817250126839167,1.4443587868245402,75
h4,fomc_pc,ES,67,spread_ratio,1.0,1.0,1.0,75
h4,fomc_pc,ES,68,depth_ratio,0.9572649572649573,0.690948275862069,1.4304880972960312,75
h4,fomc_pc,ES,68,spread_ratio,1.0,1.0,1.0,75
h4,fomc_pc,ES,69,depth_ratio,0.9818181818181818,0.6774624977408278,1.4179179019626593,75
h4,fomc_pc,ES,69,spread_ratio,1.0,1.0,1.0,75
h4,fomc_pc,ES,70,depth_ratio,0.9942857142857143,0.6849249821386045,1.3859979687413022,75
h4,fomc_pc,ES,70,spread_ratio,1.0,1.0,1.0,75
h4,fomc_pc,ES,71,depth_ratio,0.9721706864564007,0.6850196301026441,1.398194946823598,75
h4,fomc_pc,ES,71,spread_ratio,1.0,1.0,1.0,75
h4,fomc_pc,ES,72,depth_ratio,0.9736008447729673,0.6391902363425029,1.421582282764738,75
h4,fomc_pc,ES,72,spread_ratio,1.0,1.0,1.0,75
h4,fomc_pc,ES,73,depth_ratio,0.9739368998628258,0.6200184785956268,1.3413608081215205,75
h4,fomc_pc,ES,73,spread_ratio,1.0,1.0,1.0,75
h4,fomc_pc,ES,74,depth_ratio,0.9609375,0.6304989816700611,1.4099741552598832,75
h4,fomc_pc,ES,74,spread_ratio,1.0,1.0,1.0,75
h4,fomc_pc,ES,75,depth_ratio,1.0094637223974763,0.64079722423949,1.4715694923410056,75
h4,fomc_pc,ES,75,spread_ratio,1.0,1.0,1.0,75
h4,fomc_pc,ES,76,depth_ratio,1.0678466076696165,0.659192424513132,1.5213371311323942,75
h4,fomc_pc,ES,76,spread_ratio,1.0,1.0,1.0,75
h4,fomc_pc,ES,77,depth_ratio,1.0514285714285714,0.6749564611633577,1.579254337393872,75
h4,fomc_pc,ES,77,spread_ratio,1.0,1.0,1.0,75
h4,fomc_pc,ES,78,depth_ratio,1.1049250535331905,0.6866457680250784,1.5019654248446022,75
h4,fomc_pc,ES,78,spread_ratio,1.0,1.0,1.0,75
h4,fomc_pc,ES,79,depth_ratio,1.1232876712328768,0.7079545454545455,1.6238671906327693,75
h4,fomc_pc,ES,79,spread_ratio,1.0,1.0,1.0,75
h4,fomc_pc,ES,80,depth_ratio,1.0793650793650793,0.732694576081783,1.6430555273987877,75
h4,fomc_pc,ES,80,spread_ratio,1.0,1.0,1.0,75
h4,fomc_pc,ES,81,depth_ratio,1.0919881305637982,0.7769633507853404,1.607591557138825,75
h4,fomc_pc,ES,81,spread_ratio,1.0,1.0,1.0,75
h4,fomc_pc,ES,82,depth_ratio,1.0018552875695732,0.7608122252459703,1.588606551873577,75
h4,fomc_pc,ES,82,spread_ratio,1.0,1.0,1.0,75
h4,fomc_pc,ES,83,depth_ratio,1.0801186943620178,0.774223624757943,1.6327540361939168,75
h4,fomc_pc,ES,83,spread_ratio,1.0,1.0,1.0,75
h4,fomc_pc,ES,84,depth_ratio,1.0966057441253263,0.8545935228023793,1.5992695431241777,75
h4,fomc_pc,ES,84,spread_ratio,1.0,1.0,1.0,75
h4,fomc_pc,ES,85,depth_ratio,1.2046332046332047,0.8174246799947831,1.5903438500032216,75
h4,fomc_pc,ES,85,spread_ratio,1.0,1.0,1.0,75
h4,fomc_pc,ES,86,depth_ratio,1.1560693641618498,0.8445695241621922,1.6812533389078577,75
h4,fomc_pc,ES,86,spread_ratio,1.0,1.0,1.0,75
h4,fomc_pc,ES,87,depth_ratio,1.1796875,0.908013276434329,1.7502351924738409,75
h4,fomc_pc,ES,87,spread_ratio,1.0,1.0,1.0,75
h4,fomc_pc,ES,88,depth_ratio,1.1292719167904903,0.8607125090881261,1.6794087898372956,75
h4,fomc_pc,ES,88,spread_ratio,1.0,1.0,1.0,75
h4,fomc_pc,ES,89,depth_ratio,1.140625,0.9458147001906198,1.6026030368763557,75
h4,fomc_pc,ES,89,spread_ratio,1.0,1.0,1.0,75
h4,fomc_pc,ES,90,depth_ratio,1.1991434689507494,0.8934723027987277,1.6312296522831744,75
h4,fomc_pc,ES,90,spread_ratio,1.0,1.0,1.0,75
h4,fomc_pc,ES,91,depth_ratio,1.25,0.8799450160706705,1.5922446724166925,75
h4,fomc_pc,ES,91,spread_ratio,1.0,1.0,1.0,75
h4,fomc_pc,ES,92,depth_ratio,1.3533834586466165,0.97560251817623,1.7484586445496886,75
h4,fomc_pc,ES,92,spread_ratio,1.0,1.0,1.0,75
h4,fomc_pc,ES,93,depth_ratio,1.35,0.9182494302051261,1.720090618821266,75
h4,fomc_pc,ES,93,spread_ratio,1.0,1.0,1.0,75
h4,fomc_pc,ES,94,depth_ratio,1.3400200601805417,0.9871550671550672,1.8793523745295373,75
h4,fomc_pc,ES,94,spread_ratio,1.0,1.0,1.0,75
h4,fomc_pc,ES,95,depth_ratio,1.3256484149855907,0.9771199771199771,1.6305833906262803,75
h4,fomc_pc,ES,95,spread_ratio,1.0,1.0,1.0,75
h4,fomc_pc,ES,96,depth_ratio,1.336048879837067,0.9434862181798014,1.6592257004765094,75
h4,fomc_pc,ES,96,spread_ratio,1.0,1.0,1.0,75
h4,fomc_pc,ES,97,depth_ratio,1.319755600814664,0.9397210976158344,1.782598216437696,75
h4,fomc_pc,ES,97,spread_ratio,1.0,1.0,1.0,75
h4,fomc_pc,ES,98,depth_ratio,1.3879310344827587,0.9951212808355665,1.915806085045294,75
h4,fomc_pc,ES,98,spread_ratio,1.0,1.0,1.0,75
h4,fomc_pc,ES,99,depth_ratio,1.446808510638298,1.0008517156458183,1.8012368152008578,75
h4,fomc_pc,ES,99,spread_ratio,1.0,1.0,1.0,75
h4,fomc_pc,ES,100,depth_ratio,1.45010183299389,0.9465039549324996,1.8821484075416022,75
h4,fomc_pc,ES,100,spread_ratio,1.0,1.0,1.0,75
h4,fomc_pc,ES,101,depth_ratio,1.45610278372591,0.9730491329479769,1.842675144561937,75
h4,fomc_pc,ES,101,spread_ratio,1.0,1.0,1.0,75
h4,fomc_pc,ES,102,depth_ratio,1.38801261829653,0.9438189533239039,1.8382247673586256,75
h4,fomc_pc,ES,102,spread_ratio,1.0,1.0,1.0,75
h4,fomc_pc,ES,103,depth_ratio,1.4050179211469533,1.0207803389034555,1.818491499163768,75
h4,fomc_pc,ES,103,spread_ratio,1.0,1.0,1.0,75
h4,fomc_pc,ES,104,depth_ratio,1.3580246913580247,0.9953617810760668,1.7199830733324508,75
h4,fomc_pc,ES,104,spread_ratio,1.0,1.0,1.0,75
h4,fomc_pc,ES,105,depth_ratio,1.2330827067669172,0.8973302107728337,1.737622067854626,75
h4,fomc_pc,ES,105,spread_ratio,1.0,1.0,1.0,75
h4,fomc_pc,ES,106,depth_ratio,1.2413793103448276,0.9283798477709315,1.8590009032168415,75
h4,fomc_pc,ES,106,spread_ratio,1.0,1.0,1.0,75
h4,fomc_pc,ES,107,depth_ratio,1.2839506172839505,0.9381412236740734,1.7313636668587442,75
h4,fomc_pc,ES,107,spread_ratio,1.0,1.0,1.0,75
h4,fomc_pc,ES,108,depth_ratio,1.2870662460567823,0.9408772828127667,1.8054517780545178,75
h4,fomc_pc,ES,108,spread_ratio,1.0,1.0,1.0,75
h4,fomc_pc,ES,109,depth_ratio,1.197563098346388,0.9089605734767026,1.7875448549421153,75
h4,fomc_pc,ES,109,spread_ratio,1.0,1.0,1.0,75
h4,fomc_pc,ES,110,depth_ratio,1.2184508268059182,0.8794911937377691,1.781326929275541,75
h4,fomc_pc,ES,110,spread_ratio,1.0,1.0,1.0,75
h4,fomc_pc,ES,111,depth_ratio,1.450222882615156,1.086438101672015,2.0823977823977824,75
h4,fomc_pc,ES,111,spread_ratio,1.0,1.0,1.0,75
h4,fomc_pc,ES,112,depth_ratio,1.6,1.0903274650515562,2.1777254478704178,75
h4,fomc_pc,ES,112,spread_ratio,1.0,1.0,1.0,75
h4,fomc_pc,ES,113,depth_ratio,1.6495956873315365,1.17751619998811,2.2907430849201433,75
h4,fomc_pc,ES,113,spread_ratio,1.0,1.0,1.0,75
h4,fomc_pc,ES,114,depth_ratio,1.6790123456790123,1.1315058762753454,2.2577597840755734,75
h4,fomc_pc,ES,114,spread_ratio,1.0,1.0,1.0,75
h4,fomc_pc,ES,115,depth_ratio,1.6774193548387097,1.2679370910343244,2.313257061354726,75
h4,fomc_pc,ES,115,spread_ratio,1.0,1.0,1.0,75
h4,fomc_pc,ES,116,depth_ratio,2.1012658227848102,1.5179466842916942,2.7902785190456423,75
h4,fomc_pc,ES,116,spread_ratio,1.0,1.0,1.0,75
h4,fomc_pc,ES,117,depth_ratio,2.2127659574468086,1.7311305022299788,3.032189531964205,75
h4,fomc_pc,ES,117,spread_ratio,1.0,1.0,1.0,75
h4,fomc_pc,ES,118,depth_ratio,2.9348659003831417,2.063903509932023,3.5384615384615383,75
h4,fomc_pc,ES,118,spread_ratio,1.0,1.0,1.0,75
h4,fomc_pc,ES,119,depth_ratio,4.153256704980843,3.0162472502898034,5.412070291526998,75
h4,fomc_pc,ES,119,spread_ratio,1.0,1.0,1.0,75
h4,fomc_pc,NQ,-30,depth_ratio,1.4545454545454546,1.1588411588411587,1.8244853737811484,75
h4,fomc_pc,NQ,-30,spread_ratio,0.5714285714285714,0.5714285714285714,0.7272727272727273,75
h4,fomc_pc,NQ,-29,depth_ratio,1.4222222222222223,1.1045751633986929,1.8142857142857143,75
h4,fomc_pc,NQ,-29,spread_ratio,0.5925925925925926,0.5714285714285714,0.7386363636363636,75
h4,fomc_pc,NQ,-28,depth_ratio,1.3333333333333333,1.0940970192869668,1.8419958419958422,75
h4,fomc_pc,NQ,-28,spread_ratio,0.5714285714285714,0.5393939393939393,0.7272727272727273,75
h4,fomc_pc,NQ,-27,depth_ratio,1.368421052631579,1.0666666666666667,1.8323185011709602,75
h4,fomc_pc,NQ,-27,spread_ratio,0.5714285714285714,0.5714285714285714,0.7386363636363636,75
h4,fomc_pc,NQ,-26,depth_ratio,1.3333333333333333,1.1231527093596059,1.899749373433584,75
h4,fomc_pc,NQ,-26,spread_ratio,0.6,0.5714285714285714,0.7559523809523809,75
h4,fomc_pc,NQ,-25,depth_ratio,1.435897435897436,1.1007437457741718,1.8110516934046346,75
h4,fomc_pc,NQ,-25,spread_ratio,0.6153846153846154,0.5714285714285714,0.7559523809523809,75
h4,fomc_pc,NQ,-24,depth_ratio,1.4285714285714286,1.1736194839643115,1.7966976264189887,75
h4,fomc_pc,NQ,-24,spread_ratio,0.5925925925925926,0.5714285714285714,0.7559523809523809,75
h4,fomc_pc,NQ,-23,depth_ratio,1.4193548387096775,1.1399594320486814,1.8303134886396317,75
h4,fomc_pc,NQ,-23,spread_ratio,0.6153846153846154,0.5714285714285714,0.7559523809523809,75
h4,fomc_pc,NQ,-22,depth_ratio,1.3333333333333333,1.1047619047619048,1.8046132971506106,75
h4,fomc_pc,NQ,-22,spread_ratio,0.6153846153846154,0.5714285714285714,0.780952380952381,75
h4,fomc_pc,NQ,-21,depth_ratio,1.435897435897436,1.195744680851064,1.9181879648411089,75
h4,fomc_pc,NQ,-21,spread_ratio,0.6153846153846154,0.5714285714285714,0.780952380952381,75
h4,fomc_pc,NQ,-20,depth_ratio,1.3953488372093024,1.183979974968711,1.7030337290371207,75
h4,fomc_pc,NQ,-20,spread_ratio,0.6666666666666666,0.5714285714285714,0.8,75
h4,fomc_pc,NQ,-19,depth_ratio,1.3617021276595744,1.0666666666666667,1.6626180836707152,75
h4,fomc_pc,NQ,-19,spread_ratio,0.6153846153846154,0.5714285714285714,0.780952380952381,75
h4,fomc_pc,NQ,-18,depth_ratio,1.3333333333333333,1.1047619047619048,1.6205128205128205,75
h4,fomc_pc,NQ,-18,spread_ratio,0.6153846153846154,0.5714285714285714,0.7559523809523809,75
h4,fomc_pc,NQ,-17,depth_ratio,1.3617021276595744,1.1567944250871078,1.6282051282051282,75
h4,fomc_pc,NQ,-17,spread_ratio,0.6153846153846154,0.5714285714285714,0.780952380952381,75
h4,fomc_pc,NQ,-16,depth_ratio,1.3333333333333333,1.1372549019607843,1.6440422322775263,75
h4,fomc_pc,NQ,-16,spread_ratio,0.6153846153846154,0.5714285714285714,0.7559523809523809,75
h4,fomc_pc,NQ,-15,depth_ratio,1.302325581395349,1.1295681063122922,1.486842105263158,75
h4,fomc_pc,NQ,-15,spread_ratio,0.6153846153846154,0.5714285714285714,0.7559523809523809,75
h4,fomc_pc,NQ,-14,depth_ratio,1.3333333333333333,1.1246200607902734,1.6,75
h4,fomc_pc,NQ,-14,spread_ratio,0.6153846153846154,0.5714285714285714,0.7593307593307593,75
h4,fomc_pc,NQ,-13,depth_ratio,1.2972972972972974,1.1547619047619047,1.4923976608187135,75
h4,fomc_pc,NQ,-13,spread_ratio,0.631578947368421,0.5714285714285714,0.780952380952381,75
h4,fomc_pc,NQ,-12,depth_ratio,1.2765957446808511,1.0666666666666667,1.5192307692307692,75
h4,fomc_pc,NQ,-12,spread_ratio,0.6486486486486487,0.5714285714285714,0.780952380952381,75
h4,fomc_pc,NQ,-11,depth_ratio,1.2307692307692308,1.0666666666666667,1.4452214452214451,75
h4,fomc_pc,NQ,-11,spread_ratio,0.6486486486486487,0.5714285714285714,0.7559523809523809,75
h4,fomc_pc,NQ,-10,depth_ratio,1.2,1.0,1.4169934640522877,75
h4,fomc_pc,NQ,-10,spread_ratio,0.6666666666666666,0.5714285714285714,0.8,75
h4,fomc_pc,NQ,-9,depth_ratio,1.2,0.9942528735632183,1.381926683716965,75
h4,fomc_pc,NQ,-9,spread_ratio,0.6666666666666666,0.5714285714285714,0.8,75
h4,fomc_pc,NQ,-8,depth_ratio,1.1056910569105691,1.0,1.3224043715846994,75
h4,fomc_pc,NQ,-8,spread_ratio,0.6666666666666666,0.5714285714285714,0.8,75
h4,fomc_pc,NQ,-7,depth_ratio,1.1428571428571428,1.0034965034965035,1.2851612903225806,75
h4,fomc_pc,NQ,-7,spread_ratio,0.6666666666666666,0.5714285714285714,0.8,75
h4,fomc_pc,NQ,-6,depth_ratio,1.0526315789473684,0.9648484848484848,1.2153846153846155,75
h4,fomc_pc,NQ,-6,spread_ratio,0.7272727272727273,0.5714285714285714,0.8888888888888888,75
h4,fomc_pc,NQ,-5,depth_ratio,1.0,0.8888888888888888,1.1231527093596059,75
h4,fomc_pc,NQ,-5,spread_ratio,0.7619047619047619,0.582010582010582,0.8888888888888888,75
h4,fomc_pc,NQ,-4,depth_ratio,1.0256410256410255,0.9561904761904761,1.1295681063122922,75
h4,fomc_pc,NQ,-4,spread_ratio,0.8888888888888888,0.8,1.0128205128205128,75
h4,fomc_pc,NQ,-3,depth_ratio,0.9795918367346939,0.8672150411280846,1.0577843209422157,75
h4,fomc_pc,NQ,-3,spread_ratio,1.0,0.8888888888888888,1.1428571428571428,75
h4,fomc_pc,NQ,-2,depth_ratio,1.0,0.8610038610038611,1.085995085995086,75
h4,fomc_pc,NQ,-2,spread_ratio,1.3333333333333333,1.1428571428571428,1.4285714285714286,75
h4,fomc_pc,NQ,-1,depth_ratio,0.9142857142857143,0.7111111111111111,1.0596491228070175,75
h4,fomc_pc,NQ,-1,spread_ratio,1.7142857142857142,1.3333333333333333,2.0,75
h4,fomc_pc,NQ,0,depth_ratio,0.6956521739130435,0.5333333333333333,0.8648648648648649,75
h4,fomc_pc,NQ,0,spread_ratio,2.0,1.6,2.792207792207792,75
h4,fomc_pc,NQ,1,depth_ratio,0.6666666666666666,0.5581395348837209,0.8,75
h4,fomc_pc,NQ,1,spread_ratio,1.25,1.0,1.7777777777777777,75
h4,fomc_pc,NQ,2,depth_ratio,0.7111111111111111,0.5783972125435539,0.8421052631578947,75
h4,fomc_pc,NQ,2,spread_ratio,1.1428571428571428,0.8571428571428571,1.3333333333333333,75
h4,fomc_pc,NQ,3,depth_ratio,0.75,0.6274509803921569,0.8579643473260494,75
h4,fomc_pc,NQ,3,spread_ratio,1.0,0.8571428571428571,1.2982456140350878,75
h4,fomc_pc,NQ,4,depth_ratio,0.75,0.6280112044817927,0.921951219512195,75
h4,fomc_pc,NQ,4,spread_ratio,1.0,0.7272727272727273,1.2,75
h4,fomc_pc,NQ,5,depth_ratio,0.8,0.6401137980085349,0.9015873015873015,75
h4,fomc_pc,NQ,5,spread_ratio,0.8888888888888888,0.696969696969697,1.1428571428571428,75
h4,fomc_pc,NQ,6,depth_ratio,0.8,0.7126984126984127,0.9893617021276595,75
h4,fomc_pc,NQ,6,spread_ratio,0.9230769230769231,0.696969696969697,1.1428571428571428,75
h4,fomc_pc,NQ,7,depth_ratio,0.8235294117647058,0.7137645107794361,1.0,75
h4,fomc_pc,NQ,7,spread_ratio,0.8888888888888888,0.7100840336134454,1.0787878787878786,75
h4,fomc_pc,NQ,8,depth_ratio,0.8205128205128205,0.7084967320261438,1.0424448217317486,75
h4,fomc_pc,NQ,8,spread_ratio,0.8571428571428571,0.6666666666666666,1.0,75
h4,fomc_pc,NQ,9,depth_ratio,0.8484848484848485,0.7226107226107226,1.032258064516129,75
h4,fomc_pc,NQ,9,spread_ratio,0.8571428571428571,0.6666666666666666,1.0,75
h4,fomc_pc,NQ,10,depth_ratio,0.8571428571428571,0.719630096679277,1.0724554341575618,75
h4,fomc_pc,NQ,10,spread_ratio,0.8571428571428571,0.6666666666666666,1.0,75
h4,fomc_pc,NQ,11,depth_ratio,0.8888888888888888,0.736517719568567,1.0596491228070175,75
h4,fomc_pc,NQ,11,spread_ratio,0.8421052631578947,0.5934065934065934,1.0,75
h4,fomc_pc,NQ,12,depth_ratio,0.9230769230769231,0.736517719568567,1.0526315789473684,75
h4,fomc_pc,NQ,12,spread_ratio,0.8421052631578947,0.6076923076923078,1.0,75
h4,fomc_pc,NQ,13,depth_ratio,0.9230769230769231,0.7694497153700189,1.0526315789473684,75
h4,fomc_pc,NQ,13,spread_ratio,0.8205128205128205,0.6234817813765182,1.0,75
h4,fomc_pc,NQ,14,depth_ratio,0.9411764705882353,0.7855994856959176,1.1428571428571428,75
h4,fomc_pc,NQ,14,spread_ratio,0.75,0.5714285714285714,0.9615384615384616,75
h4,fomc_pc,NQ,15,depth_ratio,0.96,0.7792536369386465,1.1970149253731344,75
h4,fomc_pc,NQ,15,spread_ratio,0.8,0.5714285714285714,1.0,75
h4,fomc_pc,NQ,16,depth_ratio,0.9333333333333333,0.7953488372093023,1.186206896551724,75
h4,fomc_pc,NQ,16,spread_ratio,0.8,0.5714285714285714,1.0,75
h4,fomc_pc,NQ,17,depth_ratio,0.9696969696969697,0.8,1.256578947368421,75
h4,fomc_pc,NQ,17,spread_ratio,0.8,0.5714285714285714,1.0,75
h4,fomc_pc,NQ,18,depth_ratio,0.9696969696969697,0.8,1.1305091998288403,75
h4,fomc_pc,NQ,18,spread_ratio,0.8,0.5714285714285714,1.0,75
h4,fomc_pc,NQ,19,depth_ratio,1.0,0.7921568627450981,1.1963763880771479,75
h4,fomc_pc,NQ,19,spread_ratio,0.7619047619047619,0.5714285714285714,0.905982905982906,75
h4,fomc_pc,NQ,20,depth_ratio,0.96,0.8102564102564103,1.2590299277605779,75
h4,fomc_pc,NQ,20,spread_ratio,0.8,0.5714285714285714,0.8888888888888888,75
h4,fomc_pc,NQ,21,depth_ratio,0.96,0.8,1.2601503759398496,75
h4,fomc_pc,NQ,21,spread_ratio,0.75,0.5714285714285714,0.8888888888888888,75
h4,fomc_pc,NQ,22,depth_ratio,0.9696969696969697,0.8,1.2351029252437704,75
h4,fomc_pc,NQ,22,spread_ratio,0.7619047619047619,0.5714285714285714,0.8888888888888888,75
h4,fomc_pc,NQ,23,depth_ratio,0.96,0.7934426229508197,1.25,75
h4,fomc_pc,NQ,23,spread_ratio,0.75,0.5714285714285714,0.8888888888888888,75
h4,fomc_pc,NQ,24,depth_ratio,0.9846153846153847,0.8,1.25,75
h4,fomc_pc,NQ,24,spread_ratio,0.7272727272727273,0.5714285714285714,0.8888888888888888,75
h4,fomc_pc,NQ,25,depth_ratio,0.96,0.8,1.1428571428571428,75
h4,fomc_pc,NQ,25,spread_ratio,0.7272727272727273,0.5714285714285714,0.8888888888888888,75
h4,fomc_pc,NQ,26,depth_ratio,1.0,0.7934426229508197,1.1833333333333333,75
h4,fomc_pc,NQ,26,spread_ratio,0.8,0.5714285714285714,0.8888888888888888,75
h4,fomc_pc,NQ,27,depth_ratio,0.96,0.788791460160122,1.256578947368421,75
h4,fomc_pc,NQ,27,spread_ratio,0.7619047619047619,0.5714285714285714,0.8888888888888888,75
h4,fomc_pc,NQ,28,depth_ratio,1.0,0.8,1.1961538461538461,75
h4,fomc_pc,NQ,28,spread_ratio,0.8,0.5714285714285714,0.8888888888888888,75
h4,fomc_pc,NQ,29,depth_ratio,0.9411764705882353,0.7850140056022409,1.1348088531187122,75
h4,fomc_pc,NQ,29,spread_ratio,0.8,0.5714285714285714,0.8888888888888888,75
h4,fomc_pc,NQ,30,depth_ratio,0.9333333333333333,0.7405140758873929,1.1204481792717087,75
h4,fomc_pc,NQ,30,spread_ratio,0.8,0.5714285714285714,1.0,75
h4,fomc_pc,NQ,31,depth_ratio,0.8888888888888888,0.7862997658079625,1.104872881355932,75
h4,fomc_pc,NQ,31,spread_ratio,0.8571428571428571,0.5714285714285714,1.0,75
h4,fomc_pc,NQ,32,depth_ratio,0.8888888888888888,0.747093023255814,1.114594998133632,75
h4,fomc_pc,NQ,32,spread_ratio,0.8205128205128205,0.5714285714285714,1.0,75
h4,fomc_pc,NQ,33,depth_ratio,0.8571428571428571,0.7226107226107226,1.0600240096038416,75
h4,fomc_pc,NQ,33,spread_ratio,0.8571428571428571,0.5857142857142856,1.0,75
h4,fomc_pc,NQ,34,depth_ratio,0.9333333333333333,0.747093023255814,1.0699186991869918,75
h4,fomc_pc,NQ,34,spread_ratio,0.8571428571428571,0.5714285714285714,1.0217391304347827,75
h4,fomc_pc,NQ,35,depth_ratio,0.851063829787234,0.7040618955512572,1.0639455782312925,75
h4,fomc_pc,NQ,35,spread_ratio,0.8888888888888888,0.5714285714285714,1.0909090909090908,75
h4,fomc_pc,NQ,36,depth_ratio,0.8205128205128205,0.7126984126984127,1.0,75
h4,fomc_pc,NQ,36,spread_ratio,0.8888888888888888,0.5714285714285714,1.1428571428571428,75
h4,fomc_pc,NQ,37,depth_ratio,0.8,0.6576576576576576,1.044172932330827,75
h4,fomc_pc,NQ,37,spread_ratio,0.8888888888888888,0.641025641025641,1.1428571428571428,75
h4,fomc_pc,NQ,38,depth_ratio,0.8421052631578947,0.631578947368421,1.0666666666666667,75
h4,fomc_pc,NQ,38,spread_ratio,0.8571428571428571,0.5714285714285714,1.1168831168831168,75
h4,fomc_pc,NQ,39,depth_ratio,0.8205128205128205,0.6576576576576576,1.0526315789473684,75
h4,fomc_pc,NQ,39,spread_ratio,0.8888888888888888,0.6190476190476191,1.1428571428571428,75
h4,fomc_pc,NQ,40,depth_ratio,0.8421052631578947,0.6888888888888889,1.0391363022941968,75
h4,fomc_pc,NQ,40,spread_ratio,0.8571428571428571,0.6190476190476191,1.1428571428571428,75
h4,fomc_pc,NQ,41,depth_ratio,0.8571428571428571,0.6808510638297872,1.0787878787878786,75
h4,fomc_pc,NQ,41,spread_ratio,0.8888888888888888,0.6190476190476191,1.1428571428571428,75
h4,fomc_pc,NQ,42,depth_ratio,0.8695652173913043,0.6666666666666666,1.0596491228070175,75
h4,fomc_pc,NQ,42,spread_ratio,0.8571428571428571,0.5714285714285714,1.1428571428571428,75
h4,fomc_pc,NQ,43,depth_ratio,0.8695652173913043,0.6461634047840945,1.0596491228070175,75
h4,fomc_pc,NQ,43,spread_ratio,0.8888888888888888,0.6333333333333333,1.1428571428571428,75
h4,fomc_pc,NQ,44,depth_ratio,0.8888888888888888,0.6737588652482269,1.1168831168831168,75
h4,fomc_pc,NQ,44,spread_ratio,0.8571428571428571,0.6666666666666666,1.1428571428571428,75
h4,fomc_pc,NQ,45,depth_ratio,0.8888888888888888,0.7058823529411765,1.0757062146892655,75
h4,fomc_pc,NQ,45,spread_ratio,0.8571428571428571,0.6190476190476191,1.0405405405405406,75
h4,fomc_pc,NQ,46,depth_ratio,0.8421052631578947,0.6957983193277311,1.1155165840640486,75
h4,fomc_pc,NQ,46,spread_ratio,0.8421052631578947,0.5714285714285714,1.1428571428571428,75
h4,fomc_pc,NQ,47,depth_ratio,0.8695652173913043,0.7025915261209379,1.1247837904620708,75
h4,fomc_pc,NQ,47,spread_ratio,0.8421052631578947,0.5714285714285714,1.1428571428571428,75
h4,fomc_pc,NQ,48,depth_ratio,0.8,0.7025915261209379,1.2183760683760685,75
h4,fomc_pc,NQ,48,spread_ratio,0.8888888888888888,0.5857142857142856,1.1428571428571428,75
h4,fomc_pc,NQ,49,depth_ratio,0.851063829787234,0.6977687626774849,1.1156914893617023,75
h4,fomc_pc,NQ,49,spread_ratio,0.8888888888888888,0.6666666666666666,1.1047619047619048,75
h4,fomc_pc,NQ,50,depth_ratio,0.8,0.6906832298136646,1.0762548262548264,75
h4,fomc_pc,NQ,50,spread_ratio,0.8571428571428571,0.6333333333333333,1.1428571428571428,75
h4,fomc_pc,NQ,51,depth_ratio,0.8205128205128205,0.6832826747720364,1.1079545454545454,75
h4,fomc_pc,NQ,51,spread_ratio,0.8571428571428571,0.5857142857142856,1.1428571428571428,75
h4,fomc_pc,NQ,52,depth_ratio,0.8421052631578947,0.6933667083854819,1.0706467661691543,75
h4,fomc_pc,NQ,52,spread_ratio,0.8571428571428571,0.6333333333333333,1.1428571428571428,75
h4,fomc_pc,NQ,53,depth_ratio,0.8888888888888888,0.7272727272727273,1.1328320802005012,75
h4,fomc_pc,NQ,53,spread_ratio,0.8571428571428571,0.6491228070175439,1.0596491228070175,75
h4,fomc_pc,NQ,54,depth_ratio,0.8627450980392157,0.6957983193277311,1.1734972677595628,75
h4,fomc_pc,NQ,54,spread_ratio,0.8571428571428571,0.6666666666666666,1.1428571428571428,75
h4,fomc_pc,NQ,55,depth_ratio,0.8888888888888888,0.6808510638297872,1.1936507936507936,75
h4,fomc_pc,NQ,55,spread_ratio,0.8571428571428571,0.696969696969697,1.1428571428571428,75
h4,fomc_pc,NQ,56,depth_ratio,0.8695652173913043,0.6832826747720364,1.1068580542264752,75
h4,fomc_pc,NQ,56,spread_ratio,0.8571428571428571,0.6333333333333333,1.1047619047619048,75
h4,fomc_pc,NQ,57,depth_ratio,0.8695652173913043,0.6933667083854819,1.1783992285438765,75
h4,fomc_pc,NQ,57,spread_ratio,0.8571428571428571,0.6666666666666666,1.1047619047619048,75
h4,fomc_pc,NQ,58,depth_ratio,0.8571428571428571,0.7165775401069518,1.0944741532976827,75
h4,fomc_pc,NQ,58,spread_ratio,0.8421052631578947,0.6190476190476191,1.0217391304347827,75
h4,fomc_pc,NQ,59,depth_ratio,0.8671328671328671,0.7165775401069518,1.1428571428571428,75
h4,fomc_pc,NQ,59,spread_ratio,0.8571428571428571,0.6666666666666666,1.0931677018633539,75
h4,fomc_pc,NQ,60,depth_ratio,0.8648648648648649,0.6808510638297872,1.1970149253731344,75
h4,fomc_pc,NQ,60,spread_ratio,0.8571428571428571,0.5982142857142857,1.1428571428571428,75
h4,fomc_pc,NQ,61,depth_ratio,0.8695652173913043,0.7058823529411765,1.1068580542264752,75
h4,fomc_pc,NQ,61,spread_ratio,0.8571428571428571,0.5934065934065934,1.0717703349282295,75
h4,fomc_pc,NQ,62,depth_ratio,0.8571428571428571,0.736237144585602,1.101010101010101,75
h4,fomc_pc,NQ,62,spread_ratio,0.8,0.5714285714285714,1.0,75
h4,fomc_pc,NQ,63,depth_ratio,0.8627450980392157,0.7207792207792207,1.101010101010101,75
h4,fomc_pc,NQ,63,spread_ratio,0.8421052631578947,0.5934065934065934,1.0,75
h4,fomc_pc,NQ,64,depth_ratio,0.8571428571428571,0.7058823529411765,1.1859086152772933,75
h4,fomc_pc,NQ,64,spread_ratio,0.8421052631578947,0.5714285714285714,1.0,75
h4,fomc_pc,NQ,65,depth_ratio,0.8888888888888888,0.7272727272727273,1.1247837904620708,75
h4,fomc_pc,NQ,65,spread_ratio,0.8571428571428571,0.5714285714285714,1.0,75
h4,fomc_pc,NQ,66,depth_ratio,0.896551724137931,0.7165775401069518,1.0827679782903663,75
h4,fomc_pc,NQ,66,spread_ratio,0.8,0.5714285714285714,1.0,75
h4,fomc_pc,NQ,67,depth_ratio,0.8888888888888888,0.747093023255814,1.1428571428571428,75
h4,fomc_pc,NQ,67,spread_ratio,0.8421052631578947,0.6190476190476191,1.0,75
h4,fomc_pc,NQ,68,depth_ratio,0.8888888888888888,0.75,1.073873873873874,75
h4,fomc_pc,NQ,68,spread_ratio,0.8,0.5714285714285714,1.0,75
h4,fomc_pc,NQ,69,depth_ratio,0.8888888888888888,0.7272727272727273,1.1428571428571428,75
h4,fomc_pc,NQ,69,spread_ratio,0.8,0.5857142857142856,1.0,75
h4,fomc_pc,NQ,70,depth_ratio,0.9302325581395349,0.7368421052631579,1.2101694915254237,75
h4,fomc_pc,NQ,70,spread_ratio,0.8205128205128205,0.5714285714285714,1.0217391304347827,75
h4,fomc_pc,NQ,71,depth_ratio,1.0,0.7272727272727273,1.1428571428571428,75
h4,fomc_pc,NQ,71,spread_ratio,0.8571428571428571,0.5714285714285714,1.0,75
h4,fomc_pc,NQ,72,depth_ratio,0.9014084507042254,0.7921568627450981,1.1204481792717087,75
h4,fomc_pc,NQ,72,spread_ratio,0.8205128205128205,0.5934065934065934,1.0,75
h4,fomc_pc,NQ,73,depth_ratio,0.8888888888888888,0.7272727272727273,1.1068580542264752,75
h4,fomc_pc,NQ,73,spread_ratio,0.8,0.5934065934065934,1.0,75
h4,fomc_pc,NQ,74,depth_ratio,0.9411764705882353,0.7134646962233169,1.1328320802005012,75
h4,fomc_pc,NQ,74,spread_ratio,0.8333333333333334,0.5934065934065934,1.0,75
h4,fomc_pc,NQ,75,depth_ratio,0.9302325581395349,0.7272727272727273,1.1428571428571428,75
h4,fomc_pc,NQ,75,spread_ratio,0.8,0.5934065934065934,1.0,75
h4,fomc_pc,NQ,76,depth_ratio,0.9302325581395349,0.7398496240601504,1.1953781512605042,75
h4,fomc_pc,NQ,76,spread_ratio,0.8,0.5934065934065934,1.0,75
h4,fomc_pc,NQ,77,depth_ratio,0.9302325581395349,0.7579787234042553,1.1125,75
h4,fomc_pc,NQ,77,spread_ratio,0.8,0.5714285714285714,1.0,75
h4,fomc_pc,NQ,78,depth_ratio,0.8837209302325582,0.7386363636363636,1.073873873873874,75
h4,fomc_pc,NQ,78,spread_ratio,0.8,0.5934065934065934,1.0,75
h4,fomc_pc,NQ,79,depth_ratio,0.9473684210526315,0.7272727272727273,1.1596638655462184,75
h4,fomc_pc,NQ,79,spread_ratio,0.8,0.5714285714285714,0.9282051282051282,75
h4,fomc_pc,NQ,80,depth_ratio,0.9411764705882353,0.7207792207792207,1.1348088531187122,75
h4,fomc_pc,NQ,80,spread_ratio,0.8,0.5714285714285714,1.0,75
h4,fomc_pc,NQ,81,depth_ratio,0.9473684210526315,0.7902439024390244,1.1428571428571428,75
h4,fomc_pc,NQ,81,spread_ratio,0.8,0.5934065934065934,1.0,75
h4,fomc_pc,NQ,82,depth_ratio,0.96,0.7824007651841225,1.149638802889577,75
h4,fomc_pc,NQ,82,spread_ratio,0.8,0.5714285714285714,1.0,75
h4,fomc_pc,NQ,83,depth_ratio,0.9836065573770492,0.7642498860009119,1.1892857142857143,75
h4,fomc_pc,NQ,83,spread_ratio,0.8,0.5714285714285714,0.9321266968325792,75
h4,fomc_pc,NQ,84,depth_ratio,0.96,0.7902439024390244,1.2351029252437704,75
h4,fomc_pc,NQ,84,spread_ratio,0.8,0.5714285714285714,1.0,75
h4,fomc_pc,NQ,85,depth_ratio,0.9696969696969697,0.7902439024390244,1.2590299277605779,75
h4,fomc_pc,NQ,85,spread_ratio,0.8,0.5714285714285714,0.905982905982906,75
h4,fomc_pc,NQ,86,depth_ratio,1.0,0.8,1.2261735419630155,75
h4,fomc_pc,NQ,86,spread_ratio,0.8205128205128205,0.641025641025641,1.0,75
h4,fomc_pc,NQ,87,depth_ratio,1.0,0.8,1.3017098731384444,75
h4,fomc_pc,NQ,87,spread_ratio,0.8,0.5714285714285714,0.9615384615384616,75
h4,fomc_pc,NQ,88,depth_ratio,1.0,0.8,1.3205741626794258,75
h4,fomc_pc,NQ,88,spread_ratio,0.8,0.5714285714285714,0.916083916083916,75
h4,fomc_pc,NQ,89,depth_ratio,1.0,0.8,1.3224043715846994,75
h4,fomc_pc,NQ,89,spread_ratio,0.7619047619047619,0.5714285714285714,0.905982905982906,75
h4,fomc_pc,NQ,90,depth_ratio,1.0,0.8,1.2512972572275758,75
h4,fomc_pc,NQ,90,spread_ratio,0.8,0.5714285714285714,0.916083916083916,75
h4,fomc_pc,NQ,91,depth_ratio,1.0,0.8,1.2921440261865795,75
h4,fomc_pc,NQ,91,spread_ratio,0.7619047619047619,0.5714285714285714,0.8888888888888888,75
h4,fomc_pc,NQ,92,depth_ratio,1.0,0.8,1.3262411347517729,75
h4,fomc_pc,NQ,92,spread_ratio,0.8,0.5714285714285714,0.8888888888888888,75
h4,fomc_pc,NQ,93,depth_ratio,1.0344827586206897,0.8380355276907001,1.2903225806451613,75
h4,fomc_pc,NQ,93,spread_ratio,0.75,0.5714285714285714,0.8888888888888888,75
h4,fomc_pc,NQ,94,depth_ratio,1.0491803278688525,0.8,1.2767402376910018,75
h4,fomc_pc,NQ,94,spread_ratio,0.7619047619047619,0.5714285714285714,0.8888888888888888,75
h4,fomc_pc,NQ,95,depth_ratio,1.0212765957446808,0.8220211161387632,1.2921440261865795,75
h4,fomc_pc,NQ,95,spread_ratio,0.8,0.5714285714285714,0.8888888888888888,75
h4,fomc_pc,NQ,96,depth_ratio,1.0526315789473684,0.8,1.2679425837320575,75
h4,fomc_pc,NQ,96,spread_ratio,0.75,0.5714285714285714,0.8888888888888888,75
h4,fomc_pc,NQ,97,depth_ratio,1.0526315789473684,0.8,1.2982456140350878,75
h4,fomc_pc,NQ,97,spread_ratio,0.8,0.5714285714285714,0.8888888888888888,75
h4,fomc_pc,NQ,98,depth_ratio,1.032258064516129,0.8,1.3197278911564625,75
h4,fomc_pc,NQ,98,spread_ratio,0.7272727272727273,0.5714285714285714,0.8888888888888888,75
h4,fomc_pc,NQ,99,depth_ratio,1.0666666666666667,0.8102564102564103,1.3333333333333333,75
h4,fomc_pc,NQ,99,spread_ratio,0.7619047619047619,0.5714285714285714,0.8888888888888888,75
h4,fomc_pc,NQ,100,depth_ratio,1.032258064516129,0.8298368298368298,1.274436090225564,75
h4,fomc_pc,NQ,100,spread_ratio,0.7272727272727273,0.5714285714285714,0.8888888888888888,75
h4,fomc_pc,NQ,101,depth_ratio,1.032258064516129,0.8,1.2811550151975686,75
h4,fomc_pc,NQ,101,spread_ratio,0.75,0.5714285714285714,0.8888888888888888,75
h4,fomc_pc,NQ,102,depth_ratio,1.0,0.8,1.2940355772584584,75
h4,fomc_pc,NQ,102,spread_ratio,0.7619047619047619,0.5714285714285714,0.8888888888888888,75
h4,fomc_pc,NQ,103,depth_ratio,1.0847457627118644,0.8,1.263157894736842,75
h4,fomc_pc,NQ,103,spread_ratio,0.7272727272727273,0.5714285714285714,0.8888888888888888,75
h4,fomc_pc,NQ,104,depth_ratio,1.0,0.8,1.263157894736842,75
h4,fomc_pc,NQ,104,spread_ratio,0.8,0.5714285714285714,0.8888888888888888,75
h4,fomc_pc,NQ,105,depth_ratio,0.9302325581395349,0.734006734006734,1.2376068376068377,75
h4,fomc_pc,NQ,105,spread_ratio,0.8,0.5714285714285714,1.0,75
h4,fomc_pc,NQ,106,depth_ratio,1.0,0.7207792207792207,1.249673202614379,75
h4,fomc_pc,NQ,106,spread_ratio,0.8,0.5714285714285714,1.0,75
h4,fomc_pc,NQ,107,depth_ratio,0.9552238805970149,0.8,1.2590299277605779,75
h4,fomc_pc,NQ,107,spread_ratio,0.8,0.5714285714285714,1.0,75
h4,fomc_pc,NQ,108,depth_ratio,1.0,0.747093023255814,1.2767402376910018,75
h4,fomc_pc,NQ,108,spread_ratio,0.8,0.5714285714285714,1.0,75
h4,fomc_pc,NQ,109,depth_ratio,1.0,0.8240495137046862,1.2982456140350878,75
h4,fomc_pc,NQ,109,spread_ratio,0.8571428571428571,0.5714285714285714,1.0,75
h4,fomc_pc,NQ,110,depth_ratio,1.0,0.8,1.3077731092436975,75
h4,fomc_pc,NQ,110,spread_ratio,0.8,0.5714285714285714,1.0,75
h4,fomc_pc,NQ,111,depth_ratio,1.0526315789473684,0.8,1.3532338308457712,75
h4,fomc_pc,NQ,111,spread_ratio,0.7272727272727273,0.5714285714285714,0.8888888888888888,75
h4,fomc_pc,NQ,112,depth_ratio,1.0666666666666667,0.8792270531400965,1.3996357012750456,75
h4,fomc_pc,NQ,112,spread_ratio,0.7272727272727273,0.5714285714285714,0.8888888888888888,75
h4,fomc_pc,NQ,113,depth_ratio,1.0909090909090908,0.9411764705882353,1.4489795918367347,75
h4,fomc_pc,NQ,113,spread_ratio,0.7272727272727273,0.5714285714285714,0.8888888888888888,75
h4,fomc_pc,NQ,114,depth_ratio,1.0666666666666667,0.8819444444444444,1.5,75
h4,fomc_pc,NQ,114,spread_ratio,0.7272727272727273,0.5714285714285714,0.8888888888888888,75
h4,fomc_pc,NQ,115,depth_ratio,1.0666666666666667,0.8,1.4132387706855791,75
h4,fomc_pc,NQ,115,spread_ratio,0.7058823529411765,0.5714285714285714,0.8888888888888888,75
h4,fomc_pc,NQ,116,depth_ratio,1.2,0.9505882352941176,1.4253968253968254,75
h4,fomc_pc,NQ,116,spread_ratio,0.6666666666666666,0.5714285714285714,0.8888888888888888,75
h4,fomc_pc,NQ,117,depth_ratio,1.2444444444444445,0.9696969696969697,1.582608695652174,75
h4,fomc_pc,NQ,117,spread_ratio,0.6666666666666666,0.5714285714285714,0.8888888888888888,75
h4,fomc_pc,NQ,118,depth_ratio,1.3061224489795917,1.0084367245657568,1.642130750605327,75
h4,fomc_pc,NQ,118,spread_ratio,0.6666666666666666,0.5714285714285714,0.8819444444444444,75
h4,fomc_pc,NQ,119,depth_ratio,1.411764705882353,1.206060606060606,1.746031746031746,75
h4,fomc_pc,NQ,119,spread_ratio,0.5714285714285714,0.5333333333333333,0.8,75
h4,fomc_pc,ZN,-30,depth_ratio,2.6643086105891456,1.9533418851366036,3.6087348840763784,75
h4,fomc_pc,ZN,-30,spread_ratio,1.0,1.0,1.0,75
h4,fomc_pc,ZN,-29,depth_ratio,2.7054648687012066,1.965952605117212,3.69326812532512,75
h4,fomc_pc,ZN,-29,spread_ratio,1.0,1.0,1.0,75
h4,fomc_pc,ZN,-28,depth_ratio,2.665018541409147,2.1097090813720363,3.5670380959238663,75
h4,fomc_pc,ZN,-28,spread_ratio,1.0,1.0,1.0,75
h4,fomc_pc,ZN,-27,depth_ratio,2.74357509994289,2.0611675519683956,3.5435310316911144,75
h4,fomc_pc,ZN,-27,spread_ratio,1.0,1.0,1.0,75
h4,fomc_pc,ZN,-26,depth_ratio,2.615580448065173,2.0607781160143186,3.614369125871397,75
h4,fomc_pc,ZN,-26,spread_ratio,1.0,1.0,1.0,75
h4,fomc_pc,ZN,-25,depth_ratio,2.6973486743371686,2.005634381880575,3.570254479128099,75
h4,fomc_pc,ZN,-25,spread_ratio,1.0,1.0,1.0,75
h4,fomc_pc,ZN,-24,depth_ratio,2.7957141592136723,2.088307121210288,3.6297875265883945,75
h4,fomc_pc,ZN,-24,spread_ratio,1.0,1.0,1.0,75
h4,fomc_pc,ZN,-23,depth_ratio,2.657601977750309,2.045340360348762,3.4943689970694245,75
h4,fomc_pc,ZN,-23,spread_ratio,1.0,1.0,1.0,75
h4,fomc_pc,ZN,-22,depth_ratio,2.5869898314528488,1.9772792106831947,3.5394504089564887,75
h4,fomc_pc,ZN,-22,spread_ratio,1.0,1.0,1.0,75
h4,fomc_pc,ZN,-21,depth_ratio,2.6188300332825634,1.9915396808278998,3.6274823481418412,75
h4,fomc_pc,ZN,-21,spread_ratio,1.0,1.0,1.0,75
h4,fomc_pc,ZN,-20,depth_ratio,2.561458660798491,1.9290833535389682,3.5567684398504475,75
h4,fomc_pc,ZN,-20,spread_ratio,1.0,1.0,1.0,75
h4,fomc_pc,ZN,-19,depth_ratio,2.7143571785892946,1.9494485565474071,3.601429322515397,75
h4,fomc_pc,ZN,-19,spread_ratio,1.0,1.0,1.0,75
h4,fomc_pc,ZN,-18,depth_ratio,2.6875326030255606,2.002255286674782,3.3353846912813623,75
h4,fomc_pc,ZN,-18,spread_ratio,1.0,1.0,1.0,75
h4,fomc_pc,ZN,-17,depth_ratio,2.636937315944468,1.9834960552113117,3.559552367812536,75
h4,fomc_pc,ZN,-17,spread_ratio,1.0,1.0,1.0,75
h4,fomc_pc,ZN,-16,depth_ratio,2.552599547904712,1.9459227640012098,3.4592500643562856,75
h4,fomc_pc,ZN,-16,spread_ratio,1.0,1.0,1.0,75
h4,fomc_pc,ZN,-15,depth_ratio,2.3687721788502483,1.8838440132931709,3.332352245575888,75
h4,fomc_pc,ZN,-15,spread_ratio,1.0,1.0,1.0,75
h4,fomc_pc,ZN,-14,depth_ratio,2.3231441048034935,1.876461979370533,3.436063970608678,75
h4,fomc_pc,ZN,-14,spread_ratio,1.0,1.0,1.0,75
h4,fomc_pc,ZN,-13,depth_ratio,2.4050889896460714,1.8658135312215904,3.3514287735052175,75
h4,fomc_pc,ZN,-13,spread_ratio,1.0,1.0,1.0,75
h4,fomc_pc,ZN,-12,depth_ratio,2.298269706124691,1.861097280884414,3.198049524566486,75
h4,fomc_pc,ZN,-12,spread_ratio,1.0,1.0,1.0,75
h4,fomc_pc,ZN,-11,depth_ratio,2.309804998626751,1.794946895629948,3.188128032448824,75
h4,fomc_pc,ZN,-11,spread_ratio,1.0,1.0,1.0,75
h4,fomc_pc,ZN,-10,depth_ratio,2.201392726870786,1.6643649826603095,2.8455763896598976,75
h4,fomc_pc,ZN,-10,spread_ratio,1.0,1.0,1.0,75
h4,fomc_pc,ZN,-9,depth_ratio,1.9950504473634114,1.6122873331473695,2.538174681395824,75
h4,fomc_pc,ZN,-9,spread_ratio,1.0,1.0,1.0,75
h4,fomc_pc,ZN,-8,depth_ratio,1.9842418395240393,1.6014473477838074,2.4100553641166047,75
h4,fomc_pc,ZN,-8,spread_ratio,1.0,1.0,1.0,75
h4,fomc_pc,ZN,-7,depth_ratio,1.9049524762381191,1.6130183318070905,2.3654093693751435,75
h4,fomc_pc,ZN,-7,spread_ratio,1.0,1.0,1.0,75
h4,fomc_pc,ZN,-6,depth_ratio,1.6414310598954844,1.449321680002528,1.9987794941561723,75
h4,fomc_pc,ZN,-6,spread_ratio,1.0,1.0,1.0,75
h4,fomc_pc,ZN,-5,depth_ratio,1.4942723004694836,1.2945300822097872,1.6851142983919036,75
h4,fomc_pc,ZN,-5,spread_ratio,1.0,1.0,1.0,75
h4,fomc_pc,ZN,-4,depth_ratio,1.2125984251968505,1.09433149008899,1.3681418507979652,75
h4,fomc_pc,ZN,-4,spread_ratio,1.0,1.0,1.0,75
h4,fomc_pc,ZN,-3,depth_ratio,0.7607505863956215,0.6122024121020548,0.9329275252515437,75
h4,fomc_pc,ZN,-3,spread_ratio,1.0,1.0,1.0,75
h4,fomc_pc,ZN,-2,depth_ratio,0.4564112587959343,0.294000087675772,0.6587643391686937,75
h4,fomc_pc,ZN,-2,spread_ratio,1.0,1.0,1.0,75
h4,fomc_pc,ZN,-1,depth_ratio,0.18865406006674082,0.12602720378334328,0.29611777417784413,75
h4,fomc_pc,ZN,-1,spread_ratio,1.0,1.0,1.0,75
h4,fomc_pc,ZN,0,depth_ratio,0.17562279278419396,0.13037351521329826,0.2564985282223954,75
h4,fomc_pc,ZN,0,spread_ratio,1.0,1.0,1.0,75
h4,fomc_pc,ZN,1,depth_ratio,0.38824269097768,0.272435440068852,0.5159699087192278,75
h4,fomc_pc,ZN,1,spread_ratio,1.0,1.0,1.0,75
h4,fomc_pc,ZN,2,depth_ratio,0.4980453479280688,0.3849773143835104,0.7251903438500068,75
h4,fomc_pc,ZN,2,spread_ratio,1.0,1.0,1.0,75
h4,fomc_pc,ZN,3,depth_ratio,0.5853565283884534,0.45117777408127363,0.8541179619985411,75
h4,fomc_pc,ZN,3,spread_ratio,1.0,1.0,1.0,75
h4,fomc_pc,ZN,4,depth_ratio,0.6681868435599779,0.500461194054973,0.9664865235271918,75
h4,fomc_pc,ZN,4,spread_ratio,1.0,1.0,1.0,75
h4,fomc_pc,ZN,5,depth_ratio,0.811175520288891,0.5499247437880508,1.13305748651648,75
h4,fomc_pc,ZN,5,spread_ratio,1.0,1.0,1.0,75
h4,fomc_pc,ZN,6,depth_ratio,0.8152333124084536,0.6504305775326784,1.1766344259703707,75
h4,fomc_pc,ZN,6,spread_ratio,1.0,1.0,1.0,75
h4,fomc_pc,ZN,7,depth_ratio,0.9055242390078918,0.6493255904557029,1.1697482487488395,75
h4,fomc_pc,ZN,7,spread_ratio,1.0,1.0,1.0,75
h4,fomc_pc,ZN,8,depth_ratio,0.9530097488007427,0.7048332261867996,1.2934358542988726,75
h4,fomc_pc,ZN,8,spread_ratio,1.0,1.0,1.0,75
h4,fomc_pc,ZN,9,depth_ratio,1.0647153853463842,0.7203737403916669,1.3345286667115763,75
h4,fomc_pc,ZN,9,spread_ratio,1.0,1.0,1.0,75
h4,fomc_pc,ZN,10,depth_ratio,1.0658174097664543,0.8394566550639282,1.360094550657545,75
h4,fomc_pc,ZN,10,spread_ratio,1.0,1.0,1.0,75
h4,fomc_pc,ZN,11,depth_ratio,1.068524019256376,0.8520020779233309,1.3858357450925685,75
h4,fomc_pc,ZN,11,spread_ratio,1.0,1.0,1.0,75
h4,fomc_pc,ZN,12,depth_ratio,1.0901050304035378,0.8372628995500497,1.4226757208190735,75
h4,fomc_pc,ZN,12,spread_ratio,1.0,1.0,1.0,75
h4,fomc_pc,ZN,13,depth_ratio,1.2046503044842223,0.8852761791470393,1.4298749368397716,75
h4,fomc_pc,ZN,13,spread_ratio,1.0,1.0,1.0,75
h4,fomc_pc,ZN,14,depth_ratio,1.1994141033689056,0.9201068182797089,1.50013387918899,75
h4,fomc_pc,ZN,14,spread_ratio,1.0,1.0,1.0,75
h4,fomc_pc,ZN,15,depth_ratio,1.2676437429537768,1.0031600966632452,1.6109188949201694,75
h4,fomc_pc,ZN,15,spread_ratio,1.0,1.0,1.0,75
h4,fomc_pc,ZN,16,depth_ratio,1.3060314807076194,1.0902491621397554,1.6590631507909892,75
h4,fomc_pc,ZN,16,spread_ratio,1.0,1.0,1.0,75
h4,fomc_pc,ZN,17,depth_ratio,1.3382584093052499,1.0913932578529981,1.693004378435529,75
h4,fomc_pc,ZN,17,spread_ratio,1.0,1.0,1.0,75
h4,fomc_pc,ZN,18,depth_ratio,1.4558314995284503,1.1121621533601707,1.8328234114049804,75
h4,fomc_pc,ZN,18,spread_ratio,1.0,1.0,1.0,75
h4,fomc_pc,ZN,19,depth_ratio,1.3600866560066023,1.084292097450552,1.7211027552460618,75
h4,fomc_pc,ZN,19,spread_ratio,1.0,1.0,1.0,75
h4,fomc_pc,ZN,20,depth_ratio,1.3640068086862331,1.111974717282407,1.8812400870718853,75
h4,fomc_pc,ZN,20,spread_ratio,1.0,1.0,1.0,75
h4,fomc_pc,ZN,21,depth_ratio,1.4362625139043381,1.1133853434777907,1.8026236780578753,75
h4,fomc_pc,ZN,21,spread_ratio,1.0,1.0,1.0,75
h4,fomc_pc,ZN,22,depth_ratio,1.4071310116086235,1.1471477061836912,1.8772461957172935,75
h4,fomc_pc,ZN,22,spread_ratio,1.0,1.0,1.0,75
h4,fomc_pc,ZN,23,depth_ratio,1.4368600682593857,1.1459529184042871,1.793695222490673,75
h4,fomc_pc,ZN,23,spread_ratio,1.0,1.0,1.0,75
h4,fomc_pc,ZN,24,depth_ratio,1.4700872455338596,1.113432501907727,2.003511606086792,75
h4,fomc_pc,ZN,24,spread_ratio,1.0,1.0,1.0,75
h4,fomc_pc,ZN,25,depth_ratio,1.4970680218921033,1.134553510666937,2.0084556895498937,75
h4,fomc_pc,ZN,25,spread_ratio,1.0,1.0,1.0,75
h4,fomc_pc,ZN,26,depth_ratio,1.4843159065628475,1.1635079292671802,1.8574807292636493,75
h4,fomc_pc,ZN,26,spread_ratio,1.0,1.0,1.0,75
h4,fomc_pc,ZN,27,depth_ratio,1.3984614422415411,1.1322735423666845,1.8953101042850036,75
h4,fomc_pc,ZN,27,spread_ratio,1.0,1.0,1.0,75
h4,fomc_pc,ZN,28,depth_ratio,1.3647626709573613,1.1313946173183005,1.9229339180665175,75
h4,fomc_pc,ZN,28,spread_ratio,1.0,1.0,1.0,75
h4,fomc_pc,ZN,29,depth_ratio,1.2148629580536194,0.9954987159729983,1.6976905828563456,75
h4,fomc_pc,ZN,29,spread_ratio,1.0,1.0,1.0,75
h4,fomc_pc,ZN,30,depth_ratio,1.1173660157872871,0.9097996319316352,1.4877290913270405,75
h4,fomc_pc,ZN,30,spread_ratio,1.0,1.0,1.0,75
h4,fomc_pc,ZN,31,depth_ratio,1.0995600456248982,0.8662898163188675,1.4608042036738087,75
h4,fomc_pc,ZN,31,spread_ratio,1.0,1.0,1.0,75
h4,fomc_pc,ZN,32,depth_ratio,1.0725843735552474,0.8091990618892138,1.4773810824134608,75
h4,fomc_pc,ZN,32,spread_ratio,1.0,1.0,1.0,75
h4,fomc_pc,ZN,33,depth_ratio,1.1000879745550518,0.8017267789281629,1.4630297938930914,75
h4,fomc_pc,ZN,33,spread_ratio,1.0,1.0,1.0,75
h4,fomc_pc,ZN,34,depth_ratio,1.0809358558155155,0.8115367441623114,1.483456912270079,75
h4,fomc_pc,ZN,34,spread_ratio,1.0,1.0,1.0,75
h4,fomc_pc,ZN,35,depth_ratio,1.0344208320862018,0.805139994836486,1.5712385937681668,75
h4,fomc_pc,ZN,35,spread_ratio,1.0,1.0,1.0,75
h4,fomc_pc,ZN,36,depth_ratio,0.9976482661307564,0.7956696283232209,1.5313769424604087,75
h4,fomc_pc,ZN,36,spread_ratio,1.0,1.0,1.0,75
h4,fomc_pc,ZN,37,depth_ratio,1.0324232081911262,0.7059635010587001,1.4761969201572152,75
h4,fomc_pc,ZN,37,spread_ratio,1.0,1.0,1.0,75
h4,fomc_pc,ZN,38,depth_ratio,0.963767419509851,0.7292575109855985,1.5322557659752039,75
h4,fomc_pc,ZN,38,spread_ratio,1.0,1.0,1.0,75
h4,fomc_pc,ZN,39,depth_ratio,1.0158515259209115,0.7005593680211162,1.3858693823085066,75
h4,fomc_pc,ZN,39,spread_ratio,1.0,1.0,1.0,75
h4,fomc_pc,ZN,40,depth_ratio,1.021718282845377,0.7386983994619997,1.4415529106033738,75
h4,fomc_pc,ZN,40,spread_ratio,1.0,1.0,1.0,75
h4,fomc_pc,ZN,41,depth_ratio,1.1430239346176299,0.7670691266532603,1.4497304275749534,75
h4,fomc_pc,ZN,41,spread_ratio,1.0,1.0,1.0,75
h4,fomc_pc,ZN,42,depth_ratio,1.1035776497387109,0.7767967511546607,1.4759143811419115,75
h4,fomc_pc,ZN,42,spread_ratio,1.0,1.0,1.0,75
h4,fomc_pc,ZN,43,depth_ratio,1.0040077390823658,0.7762241868073997,1.5054257097896295,75
h4,fomc_pc,ZN,43,spread_ratio,1.0,1.0,1.0,75
h4,fomc_pc,ZN,44,depth_ratio,1.065495286511031,0.8129544125546835,1.6680144422601697,75
h4,fomc_pc,ZN,44,spread_ratio,1.0,1.0,1.0,75
h4,fomc_pc,ZN,45,depth_ratio,1.1328485096794019,0.7982563875151434,1.5902819332237652,75
h4,fomc_pc,ZN,45,spread_ratio,1.0,1.0,1.0,75
h4,fomc_pc,ZN,46,depth_ratio,1.0917056074766356,0.7823101754247672,1.5478870592750105,75
h4,fomc_pc,ZN,46,spread_ratio,1.0,1.0,1.0,75
h4,fomc_pc,ZN,47,depth_ratio,1.0668559261887864,0.8386715051764149,1.553407987813903,75
h4,fomc_pc,ZN,47,spread_ratio,1.0,1.0,1.0,75
h4,fomc_pc,ZN,48,depth_ratio,1.1411194526275776,0.8576579045710393,1.5421541296886994,75
h4,fomc_pc,ZN,48,spread_ratio,1.0,1.0,1.0,75
h4,fomc_pc,ZN,49,depth_ratio,1.077962904746935,0.833779232871393,1.4587140185422354,75
h4,fomc_pc,ZN,49,spread_ratio,1.0,1.0,1.0,75
h4,fomc_pc,ZN,50,depth_ratio,1.2149843144491603,0.8755931516915227,1.7540926575787945,75
h4,fomc_pc,ZN,50,spread_ratio,1.0,1.0,1.0,75
h4,fomc_pc,ZN,51,depth_ratio,1.2045145960624575,0.8405795172819459,1.7880882783193393,75
h4,fomc_pc,ZN,51,spread_ratio,1.0,1.0,1.0,75
h4,fomc_pc,ZN,52,depth_ratio,1.2030789698755109,0.8787463830515936,1.8195832695441294,75
h4,fomc_pc,ZN,52,spread_ratio,1.0,1.0,1.0,75
h4,fomc_pc,ZN,53,depth_ratio,1.1933259176863182,0.8649528650591443,1.7591037592187773,75
h4,fomc_pc,ZN,53,spread_ratio,1.0,1.0,1.0,75
h4,fomc_pc,ZN,54,depth_ratio,1.2830594562294593,0.9447349212070157,1.863620131977802,75
h4,fomc_pc,ZN,54,spread_ratio,1.0,1.0,1.0,75
h4,fomc_pc,ZN,55,depth_ratio,1.4183108587650817,0.9978451772094352,2.002097439221148,75
h4,fomc_pc,ZN,55,spread_ratio,1.0,1.0,1.0,75
h4,fomc_pc,ZN,56,depth_ratio,1.4360264067903175,1.0681058764147497,2.3322170646668363,75
h4,fomc_pc,ZN,56,spread_ratio,1.0,1.0,1.0,75
h4,fomc_pc,ZN,57,depth_ratio,1.5486785199423354,1.0724351825130058,2.3565364563239912,75
h4,fomc_pc,ZN,57,spread_ratio,1.0,1.0,1.0,75
h4,fomc_pc,ZN,58,depth_ratio,1.725708793849111,1.1780632485439848,2.894539973847575,75
h4,fomc_pc,ZN,58,spread_ratio,1.0,1.0,1.0,75
h4,fomc_pc,ZN,59,depth_ratio,2.0,1.5207719216762727,3.3262075503791944,75
h4,fomc_pc,ZN,59,spread_ratio,1.0,1.0,1.0,75
h4,fomc_pc,ZN,60,depth_ratio,1.8404179043326847,1.270832372126541,2.965074821515408,75
h4,fomc_pc,ZN,60,spread_ratio,1.0,1.0,1.0,75
h4,fomc_pc,ZN,61,depth_ratio,1.6265492164293762,1.1783346012004818,2.725109821649087,75
h4,fomc_pc,ZN,61,spread_ratio,1.0,1.0,1.0,75
h4,fomc_pc,ZN,62,depth_ratio,1.5358361774744027,1.066914784321136,2.449091410079036,75
h4,fomc_pc,ZN,62,spread_ratio,1.0,1.0,1.0,75
h4,fomc_pc,ZN,63,depth_ratio,1.5295954577714692,0.9617800926392135,2.2976637739850783,75
h4,fomc_pc,ZN,63,spread_ratio,1.0,1.0,1.0,75
h4,fomc_pc,ZN,64,depth_ratio,1.4131870592186275,1.0774419255211116,2.2357142750074575,75
h4,fomc_pc,ZN,64,spread_ratio,1.0,1.0,1.0,75
h4,fomc_pc,ZN,65,depth_ratio,1.4322540081735304,1.0093693947594375,2.1177728868715926,75
h4,fomc_pc,ZN,65,spread_ratio,1.0,1.0,1.0,75
h4,fomc_pc,ZN,66,depth_ratio,1.3916183597833318,0.9269176722503514,2.0114114937358414,75
h4,fomc_pc,ZN,66,spread_ratio,1.0,1.0,1.0,75
h4,fomc_pc,ZN,67,depth_ratio,1.361466762265697,1.0076253091366234,1.9945071038013822,75
h4,fomc_pc,ZN,67,spread_ratio,1.0,1.0,1.0,75
h4,fomc_pc,ZN,68,depth_ratio,1.4415297281147297,1.0104501910157526,2.150666238055574,75
h4,fomc_pc,ZN,68,spread_ratio,1.0,1.0,1.0,75
h4,fomc_pc,ZN,69,depth_ratio,1.447098976109215,0.9934074737941176,2.270746383161308,75
h4,fomc_pc,ZN,69,spread_ratio,1.0,1.0,1.0,75
h4,fomc_pc,ZN,70,depth_ratio,1.3873051224944322,1.0022122019683855,2.1449500865719817,75
h4,fomc_pc,ZN,70,spread_ratio,1.0,1.0,1.0,75
h4,fomc_pc,ZN,71,depth_ratio,1.3832128261552972,0.9890975610932012,2.0642256281009503,75
h4,fomc_pc,ZN,71,spread_ratio,1.0,1.0,1.0,75
h4,fomc_pc,ZN,72,depth_ratio,1.3632491139075862,1.0191857347389361,2.065484099935741,75
h4,fomc_pc,ZN,72,spread_ratio,1.0,1.0,1.0,75
h4,fomc_pc,ZN,73,depth_ratio,1.3543937708565073,0.9970383876966915,1.9484702341665203,75
h4,fomc_pc,ZN,73,spread_ratio,1.0,1.0,1.0,75
h4,fomc_pc,ZN,74,depth_ratio,1.4354140127388535,0.9602298528516633,2.2126273096502462,75
h4,fomc_pc,ZN,74,spread_ratio,1.0,1.0,1.0,75
h4,fomc_pc,ZN,75,depth_ratio,1.4331857877736571,1.0545053535366882,2.2366670848126295,75
h4,fomc_pc,ZN,75,spread_ratio,1.0,1.0,1.0,75
h4,fomc_pc,ZN,76,depth_ratio,1.4373708920187793,1.1846433205188343,2.139240866661551,75
h4,fomc_pc,ZN,76,spread_ratio,1.0,1.0,1.0,75
h4,fomc_pc,ZN,77,depth_ratio,1.5901423615264985,1.0900186550038709,2.2930070270655447,75
h4,fomc_pc,ZN,77,spread_ratio,1.0,1.0,1.0,75
h4,fomc_pc,ZN,78,depth_ratio,1.5985385772619816,1.1210533293342644,2.3031479574476377,75
h4,fomc_pc,ZN,78,spread_ratio,1.0,1.0,1.0,75
h4,fomc_pc,ZN,79,depth_ratio,1.609654062751408,1.1639984714928473,2.2141569917136703,75
h4,fomc_pc,ZN,79,spread_ratio,1.0,1.0,1.0,75
h4,fomc_pc,ZN,80,depth_ratio,1.5324840764331211,1.1954679657831608,2.116006307424054,75
h4,fomc_pc,ZN,80,spread_ratio,1.0,1.0,1.0,75
h4,fomc_pc,ZN,81,depth_ratio,1.5907919189497033,1.1456634126865652,2.0810905424975825,75
h4,fomc_pc,ZN,81,spread_ratio,1.0,1.0,1.0,75
h4,fomc_pc,ZN,82,depth_ratio,1.6899254444656853,1.2360851847283327,2.2551365858526076,75
h4,fomc_pc,ZN,82,spread_ratio,1.0,1.0,1.0,75
h4,fomc_pc,ZN,83,depth_ratio,1.6858475894245724,1.2522295765800076,2.196350307024395,75
h4,fomc_pc,ZN,83,spread_ratio,1.0,1.0,1.0,75
h4,fomc_pc,ZN,84,depth_ratio,1.7142857142857142,1.3368010734798617,2.168764715054756,75
h4,fomc_pc,ZN,84,spread_ratio,1.0,1.0,1.0,75
h4,fomc_pc,ZN,85,depth_ratio,1.7522826018512687,1.338739432041402,2.0842483835283057,75
h4,fomc_pc,ZN,85,spread_ratio,1.0,1.0,1.0,75
h4,fomc_pc,ZN,86,depth_ratio,1.710209220070739,1.326051298577998,2.256904609197041,75
h4,fomc_pc,ZN,86,spread_ratio,1.0,1.0,1.0,75
h4,fomc_pc,ZN,87,depth_ratio,1.7557779155228903,1.2852482327082395,2.4354385253299764,75
h4,fomc_pc,ZN,87,spread_ratio,1.0,1.0,1.0,75
h4,fomc_pc,ZN,88,depth_ratio,1.9541308775347561,1.3198635488302268,2.375776893057491,75
h4,fomc_pc,ZN,88,spread_ratio,1.0,1.0,1.0,75
h4,fomc_pc,ZN,89,depth_ratio,1.9114345348902804,1.2828777410548224,2.5318014628787147,75
h4,fomc_pc,ZN,89,spread_ratio,1.0,1.0,1.0,75
h4,fomc_pc,ZN,90,depth_ratio,1.9132097113362645,1.3595931530770957,2.5617596158075946,75
h4,fomc_pc,ZN,90,spread_ratio,1.0,1.0,1.0,75
h4,fomc_pc,ZN,91,depth_ratio,1.8452686221777472,1.3496954146446498,2.8689283447295697,75
h4,fomc_pc,ZN,91,spread_ratio,1.0,1.0,1.0,75
h4,fomc_pc,ZN,92,depth_ratio,1.869328629864525,1.5263251383186938,2.8208763499179623,75
h4,fomc_pc,ZN,92,spread_ratio,1.0,1.0,1.0,75
h4,fomc_pc,ZN,93,depth_ratio,1.8607356177302734,1.4640319956620504,2.668534197335319,75
h4,fomc_pc,ZN,93,spread_ratio,1.0,1.0,1.0,75
h4,fomc_pc,ZN,94,depth_ratio,1.9664762966058411,1.5000299153021688,2.521769063482886,75
h4,fomc_pc,ZN,94,spread_ratio,1.0,1.0,1.0,75
h4,fomc_pc,ZN,95,depth_ratio,1.8609881564780477,1.4602878843412714,2.516501424068347,75
h4,fomc_pc,ZN,95,spread_ratio,1.0,1.0,1.0,75
h4,fomc_pc,ZN,96,depth_ratio,2.05599184701157,1.5164261494834457,2.865097940686578,75
h4,fomc_pc,ZN,96,spread_ratio,1.0,1.0,1.0,75
h4,fomc_pc,ZN,97,depth_ratio,2.039610185476265,1.571205885040625,2.681964374102418,75
h4,fomc_pc,ZN,97,spread_ratio,1.0,1.0,1.0,75
h4,fomc_pc,ZN,98,depth_ratio,1.973747016706444,1.5591647599964096,2.7080757058761353,75
h4,fomc_pc,ZN,98,spread_ratio,1.0,1.0,1.0,75
h4,fomc_pc,ZN,99,depth_ratio,1.9695064445143038,1.513357591662169,2.7206192637370226,75
h4,fomc_pc,ZN,99,spread_ratio,1.0,1.0,1.0,75
h4,fomc_pc,ZN,100,depth_ratio,2.0223320024362184,1.513773949515163,2.5583227324513764,75
h4,fomc_pc,ZN,100,spread_ratio,1.0,1.0,1.0,75
h4,fomc_pc,ZN,101,depth_ratio,2.0040067807058097,1.438969708069409,2.568300227125697,75
h4,fomc_pc,ZN,101,spread_ratio,1.0,1.0,1.0,75
h4,fomc_pc,ZN,102,depth_ratio,1.9625093050010152,1.5079829778919125,2.654580415765511,75
h4,fomc_pc,ZN,102,spread_ratio,1.0,1.0,1.0,75
h4,fomc_pc,ZN,103,depth_ratio,2.168202983939941,1.5821210747203893,2.6442138512788254,75
h4,fomc_pc,ZN,103,spread_ratio,1.0,1.0,1.0,75
h4,fomc_pc,ZN,104,depth_ratio,1.9805092738132664,1.476875467463501,2.629761304827203,75
h4,fomc_pc,ZN,104,spread_ratio,1.0,1.0,1.0,75
h4,fomc_pc,ZN,105,depth_ratio,1.9925559991879271,1.5018322841513692,2.7622273140108895,75
h4,fomc_pc,ZN,105,spread_ratio,1.0,1.0,1.0,75
h4,fomc_pc,ZN,106,depth_ratio,2.080808080808081,1.5005413817930786,2.8219620540797483,75
h4,fomc_pc,ZN,106,spread_ratio,1.0,1.0,1.0,75
h4,fomc_pc,ZN,107,depth_ratio,1.9738375288556667,1.5181449429091596,2.855488164330411,75
h4,fomc_pc,ZN,107,spread_ratio,1.0,1.0,1.0,75
h4,fomc_pc,ZN,108,depth_ratio,2.077982512102676,1.5599950277984491,2.8879161343813626,75
h4,fomc_pc,ZN,108,spread_ratio,1.0,1.0,1.0,75
h4,fomc_pc,ZN,109,depth_ratio,2.1257466205595725,1.6337264173120583,2.880658198567125,75
h4,fomc_pc,ZN,109,spread_ratio,1.0,1.0,1.0,75
h4,fomc_pc,ZN,110,depth_ratio,2.149567367119901,1.528536297062378,2.695109869895819,75
h4,fomc_pc,ZN,110,spread_ratio,1.0,1.0,1.0,75
h4,fomc_pc,ZN,111,depth_ratio,2.0809306398148726,1.596529305468259,2.796412729943635,75
h4,fomc_pc,ZN,111,spread_ratio,1.0,1.0,1.0,75
h4,fomc_pc,ZN,112,depth_ratio,2.042775169535733,1.595086215863966,2.9817806664467374,75
h4,fomc_pc,ZN,112,spread_ratio,1.0,1.0,1.0,75
h4,fomc_pc,ZN,113,depth_ratio,2.102815768302494,1.568522339713566,3.0524196424636543,75
h4,fomc_pc,ZN,113,spread_ratio,1.0,1.0,1.0,75
h4,fomc_pc,ZN,114,depth_ratio,2.123690970163999,1.5256893071826598,3.1115344843399826,75
h4,fomc_pc,ZN,114,spread_ratio,1.0,1.0,1.0,75
h4,fomc_pc,ZN,115,depth_ratio,2.1876386307775313,1.53955655164677,2.9827958010313833,75
h4,fomc_pc,ZN,115,spread_ratio,1.0,1.0,1.0,75
h4,fomc_pc,ZN,116,depth_ratio,2.3419041000694927,1.5300062931033933,3.0990038810897858,75
h4,fomc_pc,ZN,116,spread_ratio,1.0,1.0,1.0,75
h4,fomc_pc,ZN,117,depth_ratio,2.3698645471845965,1.6003626979720362,3.1651922960300753,75
h4,fomc_pc,ZN,117,spread_ratio,1.0,1.0,1.0,75
h4,fomc_pc,ZN,118,depth_ratio,2.6706622715013486,1.8063062484921395,3.5172637123431243,75
h4,fomc_pc,ZN,118,spread_ratio,1.0,1.0,1.0,75
h4,fomc_pc,ZN,119,depth_ratio,2.94957103996652,1.7488211241958673,3.806978796888076,75
h4,fomc_pc,ZN,119,spread_ratio,1.0,1.0,1.0,75
