instrument,grouping,group,metric,minute,n,median,q25,q75
ES.v.0,action,cut,ask_rel,-5,8.0,1.1789928946555452,1.1402856781696373,1.254177097281248
ES.v.0,action,cut,ask_rel,-4,8.0,1.1480735227599819,1.0938279205787285,1.349661219609406
ES.v.0,action,cut,ask_rel,-3,8.0,0.9751187084520418,0.8729066826999593,1.0275760576552786
ES.v.0,action,cut,ask_rel,-2,8.0,0.6194006796416435,0.5029105098189727,0.8723626183993557
ES.v.0,action,cut,ask_rel,-1,8.0,0.37929958174667583,0.29401709401709397,0.6684315838079113
ES.v.0,action,cut,ask_rel,0,8.0,0.16780721478150357,0.14778568197705497,0.21820800921924519
ES.v.0,action,cut,ask_rel,1,8.0,0.2881680568427556,0.229664570230608,0.3480197317055859
ES.v.0,action,cut,ask_rel,2,8.0,0.30355267222737103,0.2623107384113673,0.41499679804389594
ES.v.0,action,cut,ask_rel,3,8.0,0.36277302943969614,0.2851268555450471,0.47868904819362623
ES.v.0,action,cut,ask_rel,4,8.0,0.43304843304843305,0.33109797681291203,0.5217441928159748
ES.v.0,action,cut,ask_rel,5,8.0,0.5450009595087315,0.32592246764118743,0.6302218380870066
ES.v.0,action,cut,ask_rel,6,8.0,0.496590545640632,0.4019902134133805,0.6823681936041487
ES.v.0,action,cut,ask_rel,7,8.0,0.4857417002494723,0.3865290513590197,0.7101662305679545
ES.v.0,action,cut,ask_rel,8,8.0,0.558021311956203,0.385033497661484,0.8618841832324979
ES.v.0,action,cut,ask_rel,9,8.0,0.5679089414653432,0.39593524341952013,0.9625756266205705
ES.v.0,action,cut,ask_rel,10,8.0,0.5400580551523948,0.4149040606871932,0.8112708854864062
ES.v.0,action,cut,ask_rel,11,8.0,0.5702395072518052,0.44579548101560684,0.7325842696629215
ES.v.0,action,cut,ask_rel,12,8.0,0.6239365444892215,0.44983579110052163,0.9813310285220398
ES.v.0,action,cut,ask_rel,13,8.0,0.6051282051282052,0.4662233841024475,0.9142690807475112
ES.v.0,action,cut,ask_rel,14,8.0,0.5632188319580375,0.448056376449193,0.9995678478824547
ES.v.0,action,cut,ask_rel,15,8.0,0.7862218103181959,0.5913347309573724,0.8755079466728766
ES.v.0,action,cut,ask_rel,16,8.0,0.7157308479199818,0.5703703703703704,1.1116609419572685
ES.v.0,action,cut,ask_rel,17,8.0,0.8046957059005252,0.6003144654088051,1.033754439075508
ES.v.0,action,cut,ask_rel,18,8.0,0.7088534107402031,0.6294808865089989,0.949292658787914
ES.v.0,action,cut,ask_rel,19,8.0,0.7174649250120948,0.683177153056671,0.8482039937125225
ES.v.0,action,cut,ask_rel,20,8.0,0.6945308002302821,0.5209138440554671,0.8619706136560069
ES.v.0,action,cut,ask_rel,21,8.0,0.642039857543381,0.6053266749895964,0.717457154244719
ES.v.0,action,cut,ask_rel,22,8.0,0.7239226648031679,0.6580784677170219,1.0227047796472026
ES.v.0,action,cut,ask_rel,23,8.0,0.7517819706498952,0.6332097621254248,1.025138266286313
ES.v.0,action,cut,ask_rel,24,8.0,0.823512336719884,0.5911646586345382,1.0227047796472026
ES.v.0,action,cut,ask_rel,25,8.0,0.7467408093914119,0.664325646401118,1.0110030855213368
ES.v.0,action,cut,ask_rel,26,8.0,0.6661828737300435,0.5562695225345828,0.9356232170926239
ES.v.0,action,cut,ask_rel,27,8.0,0.7251648101841328,0.5330484330484331,0.9347848867671887
ES.v.0,action,cut,ask_rel,28,8.0,0.7145024542614904,0.5912917271407837,1.0011410607207312
ES.v.0,action,cut,ask_rel,29,8.0,0.7584905660377359,0.5872298181490005,0.834657455382844
ES.v.0,action,cut,ask_rel,30,8.0,0.6538945331398162,0.4216867469879518,0.8139954590440706
ES.v.0,action,cut,ask_rel,31,8.0,0.7369514521941912,0.3975903614457831,0.9512156237544839
ES.v.0,action,cut,ask_rel,32,8.0,0.6171746492501209,0.38402498884426595,0.9712405725719563
ES.v.0,action,cut,ask_rel,33,8.0,0.7860005865676019,0.34901085824780603,1.232152117545376
ES.v.0,action,cut,ask_rel,34,8.0,0.6495571326401496,0.39774050780340087,0.966759665205261
ES.v.0,action,cut,ask_rel,35,8.0,0.5169990503323837,0.2876221868606501,0.7830460212405725
ES.v.0,action,cut,ask_rel,36,8.0,0.5466286799620133,0.21201529668160699,0.9743958750192396
ES.v.0,action,cut,ask_rel,37,8.0,0.6888888888888889,0.27419666430549294,0.9783341614025126
ES.v.0,action,cut,ask_rel,38,8.0,0.654320987654321,0.21201529668160699,1.0045425509262544
ES.v.0,action,cut,ask_rel,39,8.0,0.5990867579908675,0.24420322800636507,0.9370210314030539
ES.v.0,action,cut,bid_rel,-5,8.0,1.2219953722607868,1.1251406289253219,1.379496951219512
ES.v.0,action,cut,bid_rel,-4,8.0,1.2003336416490487,1.0367193781827928,1.29644752960392
ES.v.0,action,cut,bid_rel,-3,8.0,0.7713313087774294,0.6224760728619945,0.9282904349780825
ES.v.0,action,cut,bid_rel,-2,8.0,0.674470305340048,0.572525766384778,0.8469579201286519
ES.v.0,action,cut,bid_rel,-1,8.0,0.30706422687176493,0.22090592334494774,0.36751714135021096
ES.v.0,action,cut,bid_rel,0,8.0,0.1711482558139535,0.1332034518501867,0.22390689479297074
ES.v.0,action,cut,bid_rel,1,8.0,0.2665940746790073,0.18931021341463417,0.3887750180853629
ES.v.0,action,cut,bid_rel,2,8.0,0.26995145410825283,0.230297256097561,0.3765889283130663
ES.v.0,action,cut,bid_rel,3,8.0,0.3155029263645025,0.24912891986062718,0.5397974118904352
ES.v.0,action,cut,bid_rel,4,8.0,0.3368735206339405,0.2777715334757034,0.5070452803010943
ES.v.0,action,cut,bid_rel,5,8.0,0.3866771570941516,0.2848762845675473,0.5110587087331273
ES.v.0,action,cut,bid_rel,6,8.0,0.471750540290213,0.37773032108201265,0.564737587993402
ES.v.0,action,cut,bid_rel,7,8.0,0.5201215915793295,0.39407665505226486,0.8639674279209163
ES.v.0,action,cut,bid_rel,8,8.0,0.43404342904188536,0.3977654569892473,0.7743675730844937
ES.v.0,action,cut,bid_rel,9,8.0,0.43914677856455986,0.3422006856540084,0.7304323583393351
ES.v.0,action,cut,bid_rel,10,8.0,0.4948235051970773,0.4024202914840208,0.8361057547104058
ES.v.0,action,cut,bid_rel,11,8.0,0.5165791911083668,0.4599677794012963,0.7785296099249588
ES.v.0,action,cut,bid_rel,12,8.0,0.5752598538643614,0.4270833333333333,0.8904027007475284
ES.v.0,action,cut,bid_rel,13,8.0,0.5508824463499842,0.437157012195122,0.9762504936923542
ES.v.0,action,cut,bid_rel,14,8.0,0.6156258375770571,0.5580477150537635,0.8276286563010142
ES.v.0,action,cut,bid_rel,15,8.0,0.5685293814963466,0.4515288978494624,0.7640440954394443
ES.v.0,action,cut,bid_rel,16,8.0,0.5055058145518164,0.43783602150537637,0.9418139999535349
ES.v.0,action,cut,bid_rel,17,8.0,0.5905358196089107,0.46741615853658536,1.1104476918430408
ES.v.0,action,cut,bid_rel,18,8.0,0.6705708925221121,0.485215585443038,0.804746641205756
ES.v.0,action,cut,bid_rel,19,8.0,0.5960486056473469,0.5056863132911393,0.7718560509258183
ES.v.0,action,cut,bid_rel,20,8.0,0.7067233841427389,0.5971989329268292,0.8654427703588728
ES.v.0,action,cut,bid_rel,21,8.0,0.7440678735084616,0.5201219512195122,1.0294995701972447
ES.v.0,action,cut,bid_rel,22,8.0,0.653289748226457,0.6166834677419355,0.6972670551229826
ES.v.0,action,cut,bid_rel,23,8.0,0.5577057089252211,0.43848892405063294,0.8403237172929596
ES.v.0,action,cut,bid_rel,24,8.0,0.7045767852219464,0.6041337025316456,0.832888155520033
ES.v.0,action,cut,bid_rel,25,8.0,0.6142620820040174,0.5231408227848101,0.8005311194760996
ES.v.0,action,cut,bid_rel,26,8.0,0.6399917670062776,0.5671762992831542,0.7729305578142787
ES.v.0,action,cut,bid_rel,27,8.0,0.7604918107163922,0.5301448170731707,0.9480809887786632
ES.v.0,action,cut,bid_rel,28,8.0,0.6168587510050925,0.485215585443038,0.7920616517765805
ES.v.0,action,cut,bid_rel,29,8.0,0.7077718796787804,0.47522865853658536,0.88050321771252
ES.v.0,action,cut,bid_rel,30,8.0,0.5086883535229799,0.452782012195122,0.9342169458448528
ES.v.0,action,cut,bid_rel,31,8.0,0.5666208791208791,0.32782751878151695,0.8457545420837967
ES.v.0,action,cut,bid_rel,32,8.0,0.5356381289415181,0.32641006097560976,0.8762748879027948
ES.v.0,action,cut,bid_rel,33,8.0,0.6014336917562724,0.37407700421940926,1.0030056150745805
ES.v.0,action,cut,bid_rel,34,8.0,0.5953741039426523,0.36872491509725225,0.8367718888969891
ES.v.0,action,cut,bid_rel,35,8.0,0.5559635486464755,0.25828077448948084,0.8493612431320996
ES.v.0,action,cut,bid_rel,36,8.0,0.4924953095684803,0.21924446202531647,0.8025977236210828
ES.v.0,action,cut,bid_rel,37,8.0,0.5541393478450913,0.2241138505417604,0.8284215784215785
ES.v.0,action,cut,bid_rel,38,8.0,0.5931921736799786,0.23502831010452963,0.8834058044291637
ES.v.0,action,cut,bid_rel,39,8.0,0.4887315324766151,0.26391155412458284,0.827155603017672
ES.v.0,action,cut,bid_share,-5,8.0,0.5438611660079051,0.4984567901234568,0.5868325917686318
ES.v.0,action,cut,bid_share,-4,8.0,0.5364378226228821,0.47452997952897513,0.5847813452156055
ES.v.0,action,cut,bid_share,-3,8.0,0.472881876671727,0.41346471828702963,0.5090903328416005
ES.v.0,action,cut,bid_share,-2,8.0,0.4789991728701406,0.4549390988415379,0.5858705593530373
ES.v.0,action,cut,bid_share,-1,8.0,0.380650413659567,0.34280762648308755,0.4883508407484034
ES.v.0,action,cut,bid_share,0,8.0,0.5,0.49728260869565216,0.5628722726548814
ES.v.0,action,cut,bid_share,1,8.0,0.5119047619047619,0.49407679738562094,0.5530409946236559
ES.v.0,action,cut,bid_share,2,8.0,0.5,0.47002304147465435,0.5030780780780781
ES.v.0,action,cut,bid_share,3,8.0,0.4975238236835025,0.46688790900975774,0.5260233918128656
ES.v.0,action,cut,bid_share,4,8.0,0.47932233880096814,0.4715023486708658,0.4972222222222222
ES.v.0,action,cut,bid_share,5,8.0,0.4793137254901961,0.45268089960886576,0.493076653005073
ES.v.0,action,cut,bid_share,6,8.0,0.49404761904761907,0.4777123998170153,0.5395085725677831
ES.v.0,action,cut,bid_share,7,8.0,0.5377922077922077,0.5010710498409332,0.5514511145277465
ES.v.0,action,cut,bid_share,8,8.0,0.4990881458966565,0.49351499798877546,0.5074634718752365
ES.v.0,action,cut,bid_share,9,8.0,0.47788502046863446,0.4347701149425287,0.48194023143467024
ES.v.0,action,cut,bid_share,10,8.0,0.5190667027342167,0.47829861111111105,0.5528559811242956
ES.v.0,action,cut,bid_share,11,8.0,0.5249625769061744,0.4983203445447088,0.5417410714285713
ES.v.0,action,cut,bid_share,12,8.0,0.5,0.4700966000109944,0.5264477557027226
ES.v.0,action,cut,bid_share,13,8.0,0.4976739926739927,0.47267383805373997,0.5550642106155568
ES.v.0,action,cut,bid_share,14,8.0,0.5257505175983437,0.4767716435504235,0.5749656593406594
ES.v.0,action,cut,bid_share,15,8.0,0.4729374791874792,0.4633293370715971,0.5189811814017803
ES.v.0,action,cut,bid_share,16,8.0,0.4710760753595723,0.4107205421353495,0.535314068762129
ES.v.0,action,cut,bid_share,17,8.0,0.4766384778012685,0.4619119501260857,0.5170339770523594
ES.v.0,action,cut,bid_share,18,8.0,0.46692186482075315,0.4464647928136772,0.5022826086956522
ES.v.0,action,cut,bid_share,19,8.0,0.4774047833258359,0.4701566951566951,0.4821322088763949
ES.v.0,action,cut,bid_share,20,8.0,0.5022727272727272,0.48178857597691616,0.5620682417304637
ES.v.0,action,cut,bid_share,21,8.0,0.4935525467440361,0.47435552625296973,0.5529303245595718
ES.v.0,action,cut,bid_share,22,8.0,0.4895328643171611,0.47006211180124224,0.5098117059891107
ES.v.0,action,cut,bid_share,23,8.0,0.44416195856873825,0.40949084756191356,0.49922468384177676
ES.v.0,action,cut,bid_share,24,8.0,0.513263818141867,0.4639236669795298,0.5356758348925867
ES.v.0,action,cut,bid_share,25,8.0,0.5134138563342103,0.4631105312458183,0.5362168856571842
ES.v.0,action,cut,bid_share,26,8.0,0.5226307189542483,0.49236183524504695,0.5455659065995078
ES.v.0,action,cut,bid_share,27,8.0,0.4968098912522289,0.46644759810082387,0.5393720975232198
ES.v.0,action,cut,bid_share,28,8.0,0.469025974025974,0.4596615300627807,0.47765804597701145
ES.v.0,action,cut,bid_share,29,8.0,0.5351639686882504,0.48695553539019965,0.6095888908388908
ES.v.0,action,cut,bid_share,30,8.0,0.5282176028306059,0.48715537198779335,0.5569813780514501
ES.v.0,action,cut,bid_share,31,8.0,0.4637896825396825,0.4458424193466114,0.5036764705882353
ES.v.0,action,cut,bid_share,32,8.0,0.5034722222222222,0.47205851638901175,0.5468241552922265
ES.v.0,action,cut,bid_share,33,8.0,0.4903030303030303,0.45599723386851876,0.527137297633873
ES.v.0,action,cut,bid_share,34,8.0,0.4937460913070669,0.4701469851098334,0.5008561643835616
ES.v.0,action,cut,bid_share,35,8.0,0.5153882575757576,0.47638319947143476,0.5346167632649268
ES.v.0,action,cut,bid_share,36,8.0,0.4715296345811052,0.46196096841258133,0.4857098074339454
ES.v.0,action,cut,bid_share,37,8.0,0.5418026829012629,0.4770890745512252,0.5635888501742161
ES.v.0,action,cut,bid_share,38,8.0,0.4705316742081448,0.46244579847510353,0.5029761904761905
ES.v.0,action,cut,bid_share,39,8.0,0.49629629629629635,0.471951933844431,0.5365953947368421
ES.v.0,action,cut,total_rel,-5,8.0,1.2093726808192824,1.1199493082690886,1.3284309675287118
ES.v.0,action,cut,total_rel,-4,8.0,1.171764705882353,1.0310081206082728,1.2952344623707184
ES.v.0,action,cut,total_rel,-3,8.0,0.9292555737498425,0.847888953152111,0.995433055384258
ES.v.0,action,cut,total_rel,-2,8.0,0.6768278161467016,0.6133289056327222,0.7572496938423674
ES.v.0,action,cut,total_rel,-1,8.0,0.4487949025764152,0.2824835107039547,0.5204890053187268
ES.v.0,action,cut,total_rel,0,8.0,0.19739112984146095,0.14736716656607168,0.24560768436929428
ES.v.0,action,cut,total_rel,1,8.0,0.3158684972918504,0.21456002473040292,0.40295794431132775
ES.v.0,action,cut,total_rel,2,8.0,0.29535205945333165,0.25288386529237,0.43452036685119394
ES.v.0,action,cut,total_rel,3,8.0,0.33516563798967125,0.29199119882291,0.47748492109394364
ES.v.0,action,cut,total_rel,4,8.0,0.37149933657673595,0.3162052752778536,0.4855820870858465
ES.v.0,action,cut,total_rel,5,8.0,0.45546414215410047,0.341843911711902,0.6125700924462534
ES.v.0,action,cut,total_rel,6,8.0,0.47057644110275687,0.42381371602997087,0.5868280326484661
ES.v.0,action,cut,total_rel,7,8.0,0.5042045597682328,0.41666554177184434,0.803462084134353
ES.v.0,action,cut,total_rel,8,8.0,0.46999370197757906,0.41291971650981757,0.8223415387502075
ES.v.0,action,cut,total_rel,9,8.0,0.5324902380652474,0.389707712991087,0.8101149624369439
ES.v.0,action,cut,total_rel,10,8.0,0.5701372968887769,0.43171670899102055,0.7380804953560371
ES.v.0,action,cut,total_rel,11,8.0,0.5752664063484065,0.4354761074872612,0.7456392936269097
ES.v.0,action,cut,total_rel,12,8.0,0.5572893311500189,0.46465501502099615,0.8830868379740561
ES.v.0,action,cut,total_rel,13,8.0,0.6317873787630683,0.5006971070059254,0.860919266492022
ES.v.0,action,cut,total_rel,14,8.0,0.6454817987152035,0.52522033560723,0.838918357184611
ES.v.0,action,cut,total_rel,15,8.0,0.6839753117521099,0.5298760145396604,0.7873519669185304
ES.v.0,action,cut,total_rel,16,8.0,0.7123829999971102,0.5079752361035038,0.8879144385026738
ES.v.0,action,cut,total_rel,17,8.0,0.761063106184658,0.5092864611860778,0.9663339756219014
ES.v.0,action,cut,total_rel,18,8.0,0.7139223624672542,0.5340503576822851,0.8198628176207217
ES.v.0,action,cut,total_rel,19,8.0,0.7041189066633078,0.6096532722534813,0.7397605490484747
ES.v.0,action,cut,total_rel,20,8.0,0.7259554100012596,0.5873375491709406,0.7960596678862932
ES.v.0,action,cut,total_rel,21,8.0,0.7088247890162489,0.5804743647197463,0.7984281971898071
ES.v.0,action,cut,total_rel,22,8.0,0.7148164528969483,0.6116488368143997,0.8123830571745927
ES.v.0,action,cut,total_rel,23,8.0,0.6478743020386963,0.6144206670522461,0.8787344410218827
ES.v.0,action,cut,total_rel,24,8.0,0.7567804509384053,0.6416952978472672,0.9281387343306848
ES.v.0,action,cut,total_rel,25,8.0,0.69232991982218,0.6087569918172915,0.8241408924870317
ES.v.0,action,cut,total_rel,26,8.0,0.6667238231324919,0.6171720692459626,0.7556436006366728
ES.v.0,action,cut,total_rel,27,8.0,0.7281283422459892,0.5856694716924762,0.9073767436215312
ES.v.0,action,cut,total_rel,28,8.0,0.6524133864071944,0.5998784531374284,0.8633420742250569
ES.v.0,action,cut,total_rel,29,8.0,0.6954860384365624,0.5559797428905338,0.8096559786962264
ES.v.0,action,cut,total_rel,30,8.0,0.5890112104799093,0.48010755365234276,0.8659594275693346
ES.v.0,action,cut,total_rel,31,8.0,0.6237172123979561,0.3732330827067669,0.8718396154928663
ES.v.0,action,cut,total_rel,32,8.0,0.5708948887756835,0.3638478549314462,0.832731395069221
ES.v.0,action,cut,total_rel,33,8.0,0.6827478953065691,0.372578505086245,1.1771677239169498
ES.v.0,action,cut,total_rel,34,8.0,0.6358794154442216,0.4086657821023146,0.887310105274717
ES.v.0,action,cut,total_rel,35,8.0,0.5829244532625502,0.33431814831195633,0.8657753992718814
ES.v.0,action,cut,total_rel,36,8.0,0.5320994794679006,0.236509544215037,0.8152284690099816
ES.v.0,action,cut,total_rel,37,8.0,0.6020243327805594,0.22245473028404295,0.8702054248272736
ES.v.0,action,cut,total_rel,38,8.0,0.6072874493927125,0.21099165698595415,0.8988634491846483
ES.v.0,action,cut,total_rel,39,8.0,0.5194141671094223,0.2427753722673989,0.8272181599912692
ES.v.0,action,hike,ask_rel,-5,21.0,1.3862815884476534,1.2996389891696751,1.565891472868217
ES.v.0,action,hike,ask_rel,-4,21.0,1.0613718411552346,0.9240924092409241,1.1776
ES.v.0,action,hike,ask_rel,-3,21.0,0.8,0.7058823529411765,0.9682539682539683
ES.v.0,action,hike,ask_rel,-2,21.0,0.6829268292682927,0.5555555555555556,0.9166666666666666
ES.v.0,action,hike,ask_rel,-1,21.0,0.5126353790613718,0.3063063063063063,0.5853658536585366
ES.v.0,action,hike,ask_rel,0,21.0,0.2926829268292683,0.21818181818181817,0.38095238095238093
ES.v.0,action,hike,ask_rel,1,21.0,0.4790697674418605,0.32608695652173914,0.6642599277978339
ES.v.0,action,hike,ask_rel,2,21.0,0.4888888888888889,0.3779527559055118,0.7804878048780488
ES.v.0,action,hike,ask_rel,3,21.0,0.5194805194805194,0.4074074074074074,0.9603174603174603
ES.v.0,action,hike,ask_rel,4,21.0,0.6299212598425197,0.5405405405405406,1.1913357400722022
ES.v.0,action,hike,ask_rel,5,21.0,0.8050314465408805,0.5882352941176471,1.069767441860465
ES.v.0,action,hike,ask_rel,6,21.0,0.8311688311688312,0.6956521739130435,1.2195121951219512
ES.v.0,action,hike,ask_rel,7,21.0,0.8222222222222222,0.7058823529411765,1.2936507936507937
ES.v.0,action,hike,ask_rel,8,21.0,0.8888888888888888,0.7272727272727273,1.1007751937984496
ES.v.0,action,hike,ask_rel,9,21.0,0.9523809523809523,0.8235294117647058,1.3212996389891696
ES.v.0,action,hike,ask_rel,10,21.0,0.927536231884058,0.7272727272727273,1.1111111111111112
ES.v.0,action,hike,ask_rel,11,21.0,0.9555555555555556,0.7222222222222222,1.1209302325581396
ES.v.0,action,hike,ask_rel,12,21.0,0.8444444444444444,0.7295597484276729,1.3209302325581396
ES.v.0,action,hike,ask_rel,13,21.0,0.9292929292929293,0.7559055118110236,1.3055555555555556
ES.v.0,action,hike,ask_rel,14,21.0,0.8888888888888888,0.7065217391304348,1.3333333333333333
ES.v.0,action,hike,ask_rel,15,21.0,1.0078740157480315,0.8052805280528053,1.4841269841269842
ES.v.0,action,hike,ask_rel,16,21.0,1.1111111111111112,0.8888888888888888,1.441860465116279
ES.v.0,action,hike,ask_rel,17,21.0,1.1851851851851851,0.8976897689768977,1.4603174603174602
ES.v.0,action,hike,ask_rel,18,21.0,1.2072072072072073,0.8888888888888888,1.3611111111111112
ES.v.0,action,hike,ask_rel,19,21.0,1.0810810810810811,0.8888888888888888,1.5767441860465117
ES.v.0,action,hike,ask_rel,20,21.0,1.0708661417322836,0.9444444444444444,1.4604651162790698
ES.v.0,action,hike,ask_rel,21,21.0,1.1666666666666667,0.9411764705882353,1.5813953488372092
ES.v.0,action,hike,ask_rel,22,21.0,1.1014492753623188,0.9629629629629629,1.2467532467532467
ES.v.0,action,hike,ask_rel,23,21.0,1.1968503937007875,0.8648648648648649,1.7073170731707317
ES.v.0,action,hike,ask_rel,24,21.0,1.2173913043478262,0.935064935064935,1.9456
ES.v.0,action,hike,ask_rel,25,21.0,1.1594202898550725,0.9454545454545454,1.7560975609756098
ES.v.0,action,hike,ask_rel,26,21.0,1.1666666666666667,0.935064935064935,1.7380952380952381
ES.v.0,action,hike,ask_rel,27,21.0,1.2277227722772277,0.9111111111111111,1.6744186046511629
ES.v.0,action,hike,ask_rel,28,21.0,1.2222222222222223,0.9111111111111111,1.507936507936508
ES.v.0,action,hike,ask_rel,29,21.0,1.1111111111111112,0.8695652173913043,1.3333333333333333
ES.v.0,action,hike,ask_rel,30,21.0,1.1111111111111112,0.8080808080808081,1.4806201550387597
ES.v.0,action,hike,ask_rel,31,21.0,0.8888888888888888,0.75,1.3693693693693694
ES.v.0,action,hike,ask_rel,32,21.0,0.8888888888888888,0.7559055118110236,1.5116279069767442
ES.v.0,action,hike,ask_rel,33,21.0,0.8888888888888888,0.6666666666666666,1.7222222222222223
ES.v.0,action,hike,ask_rel,34,21.0,0.782608695652174,0.6944444444444444,1.4603174603174602
ES.v.0,action,hike,ask_rel,35,21.0,0.8235294117647058,0.7407407407407407,1.2790697674418605
ES.v.0,action,hike,ask_rel,36,21.0,0.7804878048780488,0.6233766233766234,1.5426356589147288
ES.v.0,action,hike,ask_rel,37,21.0,0.9444444444444444,0.6444444444444445,1.5953488372093023
ES.v.0,action,hike,ask_rel,38,21.0,0.7777777777777778,0.528052805280528,1.4444444444444444
ES.v.0,action,hike,ask_rel,39,21.0,0.8115942028985508,0.4888888888888889,1.3650793650793651
ES.v.0,action,hike,bid_rel,-5,21.0,1.2857142857142858,1.0238611713665944,1.4896551724137932
ES.v.0,action,hike,bid_rel,-4,21.0,1.2137931034482758,0.96,1.4
ES.v.0,action,hike,bid_rel,-3,21.0,0.7777777777777778,0.6933333333333334,0.9032258064516129
ES.v.0,action,hike,bid_rel,-2,21.0,0.6581352833638026,0.5333333333333333,0.8329718004338394
ES.v.0,action,hike,bid_rel,-1,21.0,0.46258503401360546,0.32727272727272727,0.5333333333333333
ES.v.0,action,hike,bid_rel,0,21.0,0.21621621621621623,0.17204301075268819,0.2909090909090909
ES.v.0,action,hike,bid_rel,1,21.0,0.3826086956521739,0.2545454545454545,0.5
ES.v.0,action,hike,bid_rel,2,21.0,0.4413793103448276,0.3333333333333333,0.6486486486486487
ES.v.0,action,hike,bid_rel,3,21.0,0.5,0.40860215053763443,0.6956521739130435
ES.v.0,action,hike,bid_rel,4,21.0,0.6620689655172414,0.4731182795698925,0.7142857142857143
ES.v.0,action,hike,bid_rel,5,21.0,0.6666666666666666,0.5454545454545454,0.8275862068965517
ES.v.0,action,hike,bid_rel,6,21.0,0.7368421052631579,0.6236345580933466,0.9103448275862069
ES.v.0,action,hike,bid_rel,7,21.0,0.7652173913043478,0.5925925925925926,1.0714285714285714
ES.v.0,action,hike,bid_rel,8,21.0,0.8571428571428571,0.631578947368421,1.1141732283464567
ES.v.0,action,hike,bid_rel,9,21.0,0.7652173913043478,0.6666666666666666,1.0
ES.v.0,action,hike,bid_rel,10,21.0,0.7300613496932515,0.6434955312810328,0.926829268292683
ES.v.0,action,hike,bid_rel,11,21.0,0.7781036168132942,0.6486486486486487,0.9285714285714286
ES.v.0,action,hike,bid_rel,12,21.0,0.7883435582822086,0.6846846846846847,1.0433070866141732
ES.v.0,action,hike,bid_rel,13,21.0,0.7526881720430108,0.5765765765765766,1.1272727272727272
ES.v.0,action,hike,bid_rel,14,21.0,0.9473684210526315,0.7207207207207207,1.1553930530164533
ES.v.0,action,hike,bid_rel,15,21.0,0.9473684210526315,0.6944444444444444,1.1428571428571428
ES.v.0,action,hike,bid_rel,16,21.0,1.0,0.7652173913043478,1.118279569892473
ES.v.0,action,hike,bid_rel,17,21.0,1.010752688172043,0.7222222222222222,1.2545454545454546
ES.v.0,action,hike,bid_rel,18,21.0,0.9739130434782609,0.7172413793103448,1.2266666666666666
ES.v.0,action,hike,bid_rel,19,21.0,1.0277777777777777,0.7927927927927928,1.3333333333333333
ES.v.0,action,hike,bid_rel,20,21.0,1.0,0.7037037037037037,1.1578947368421053
ES.v.0,action,hike,bid_rel,21,21.0,0.9655172413793104,0.7207207207207207,1.2222222222222223
ES.v.0,action,hike,bid_rel,22,21.0,1.0,0.7346938775510204,1.2258064516129032
ES.v.0,action,hike,bid_rel,23,21.0,1.0363636363636364,0.8159509202453987,1.1382113821138211
ES.v.0,action,hike,bid_rel,24,21.0,0.9391304347826087,0.8421052631578947,1.1809815950920246
ES.v.0,action,hike,bid_rel,25,21.0,1.1428571428571428,0.8275862068965517,1.3008130081300813
ES.v.0,action,hike,bid_rel,26,21.0,1.0833333333333333,0.7724137931034483,1.2032520325203253
ES.v.0,action,hike,bid_rel,27,21.0,1.04,0.7825223435948362,1.2903225806451613
ES.v.0,action,hike,bid_rel,28,21.0,0.9795918367346939,0.8611111111111112,1.2545454545454546
ES.v.0,action,hike,bid_rel,29,21.0,1.0,0.7172413793103448,1.1818181818181819
ES.v.0,action,hike,bid_rel,30,21.0,0.9251700680272109,0.7642276422764228,1.1428571428571428
ES.v.0,action,hike,bid_rel,31,21.0,0.7804878048780488,0.631578947368421,1.0363636363636364
ES.v.0,action,hike,bid_rel,32,21.0,0.8,0.6068965517241379,1.2857142857142858
ES.v.0,action,hike,bid_rel,33,21.0,0.7804878048780488,0.5161290322580645,1.1257668711656441
ES.v.0,action,hike,bid_rel,34,21.0,0.7030784508440914,0.613880742913001,1.0122699386503067
ES.v.0,action,hike,bid_rel,35,21.0,0.7311827956989247,0.5555555555555556,0.9777777777777777
ES.v.0,action,hike,bid_rel,36,21.0,0.7368421052631579,0.5591397849462365,0.9739130434782609
ES.v.0,action,hike,bid_rel,37,21.0,0.7269116186693148,0.5845511482254697,1.0782608695652174
ES.v.0,action,hike,bid_rel,38,21.0,0.7642276422764228,0.5517241379310345,0.9
ES.v.0,action,hike,bid_rel,39,21.0,0.7142857142857143,0.5263157894736842,0.9447852760736196
ES.v.0,action,hike,bid_share,-5,21.0,0.5294117647058824,0.4666666666666667,0.5757575757575758
ES.v.0,action,hike,bid_share,-4,21.0,0.5300120048019208,0.4583011583011583,0.6413974950560317
ES.v.0,action,hike,bid_share,-3,21.0,0.5,0.4494949494949495,0.5428571428571429
ES.v.0,action,hike,bid_share,-2,21.0,0.5,0.4226190476190476,0.6
ES.v.0,action,hike,bid_share,-1,21.0,0.5,0.4232954545454546,0.5753787878787879
ES.v.0,action,hike,bid_share,0,21.0,0.5,0.4627868357487923,0.5
ES.v.0,action,hike,bid_share,1,21.0,0.5,0.5,0.5657142857142857
ES.v.0,action,hike,bid_share,2,21.0,0.5,0.4772321428571429,0.5278514588859416
ES.v.0,action,hike,bid_share,3,21.0,0.5,0.47623367198838895,0.5339080459770115
ES.v.0,action,hike,bid_share,4,21.0,0.5,0.4722049108812165,0.5468461538461539
ES.v.0,action,hike,bid_share,5,21.0,0.5,0.4722222222222222,0.5419580419580419
ES.v.0,action,hike,bid_share,6,21.0,0.5078815380941009,0.4928571428571429,0.5255754475703325
ES.v.0,action,hike,bid_share,7,21.0,0.502104377104377,0.4681818181818182,0.5393023827069516
ES.v.0,action,hike,bid_share,8,21.0,0.5,0.47150997150997154,0.5472906403940887
ES.v.0,action,hike,bid_share,9,21.0,0.5,0.4807407407407407,0.5433006535947713
ES.v.0,action,hike,bid_share,10,21.0,0.4936758893280632,0.47368421052631576,0.5511194029850747
ES.v.0,action,hike,bid_share,11,21.0,0.4944160144491271,0.4666666666666667,0.535544193864687
ES.v.0,action,hike,bid_share,12,21.0,0.494594008488491,0.4757566852776961,0.5280398322851153
ES.v.0,action,hike,bid_share,13,21.0,0.5,0.4670995670995671,0.5351515151515152
ES.v.0,action,hike,bid_share,14,21.0,0.5166266025641025,0.5,0.55
ES.v.0,action,hike,bid_share,15,21.0,0.49519058697208307,0.4660633484162896,0.5180124223602485
ES.v.0,action,hike,bid_share,16,21.0,0.4807407407407407,0.4564393939393939,0.510750366980399
ES.v.0,action,hike,bid_share,17,21.0,0.47214854111405835,0.4616804348858187,0.5208034433285509
ES.v.0,action,hike,bid_share,18,21.0,0.4958139534883721,0.4735221674876847,0.5177738927738927
ES.v.0,action,hike,bid_share,19,21.0,0.5,0.4891304347826087,0.5295138888888888
ES.v.0,action,hike,bid_share,20,21.0,0.4958830306316075,0.456575682382134,0.5
ES.v.0,action,hike,bid_share,21,21.0,0.4948591065292096,0.47110072248193796,0.5259574468085106
ES.v.0,action,hike,bid_share,22,21.0,0.5,0.48380355276907006,0.531986531986532
ES.v.0,action,hike,bid_share,23,21.0,0.5151515151515151,0.48367863479803774,0.5375
ES.v.0,action,hike,bid_share,24,21.0,0.479004329004329,0.45454545454545453,0.5384615384615384
ES.v.0,action,hike,bid_share,25,21.0,0.5117071094082588,0.48686835106382975,0.5189340813464236
ES.v.0,action,hike,bid_share,26,21.0,0.5,0.46014943960149435,0.5128543177323666
ES.v.0,action,hike,bid_share,27,21.0,0.484375,0.4375,0.5492413499716393
ES.v.0,action,hike,bid_share,28,21.0,0.49603174603174605,0.4617248062015504,0.5526477832512315
ES.v.0,action,hike,bid_share,29,21.0,0.5,0.45141065830721006,0.5243212669683258
ES.v.0,action,hike,bid_share,30,21.0,0.5166666666666666,0.4759725400457666,0.5343468468468469
ES.v.0,action,hike,bid_share,31,21.0,0.5,0.46153846153846156,0.5325396825396825
ES.v.0,action,hike,bid_share,32,21.0,0.5,0.4733893557422969,0.5289758559873502
ES.v.0,action,hike,bid_share,33,21.0,0.49585055096418734,0.4095280028178936,0.5092592592592593
ES.v.0,action,hike,bid_share,34,21.0,0.49468085106382975,0.4744245524296675,0.5263157894736842
ES.v.0,action,hike,bid_share,35,21.0,0.5,0.49193548387096775,0.5207270408163265
ES.v.0,action,hike,bid_share,36,21.0,0.5,0.47338531003729983,0.5147058823529411
ES.v.0,action,hike,bid_share,37,21.0,0.5,0.46439002326182477,0.513157894736842
ES.v.0,action,hike,bid_share,38,21.0,0.5,0.46875,0.5294117647058824
ES.v.0,action,hike,bid_share,39,21.0,0.5201288244766505,0.479089722363729,0.5384615384615384
ES.v.0,action,hike,total_rel,-5,21.0,1.2474323062558357,1.093167701863354,1.5042735042735043
ES.v.0,action,hike,total_rel,-4,21.0,1.0980392156862746,0.9244249726177437,1.3281853281853282
ES.v.0,action,hike,total_rel,-3,21.0,0.8245125348189415,0.7104247104247104,0.8581818181818182
ES.v.0,action,hike,total_rel,-2,21.0,0.7133520074696545,0.5549132947976878,0.8327645051194539
ES.v.0,action,hike,total_rel,-1,21.0,0.5052631578947369,0.4155844155844156,0.6365503080082136
ES.v.0,action,hike,total_rel,0,21.0,0.2857142857142857,0.2322015334063527,0.3699421965317919
ES.v.0,action,hike,total_rel,1,21.0,0.42105263157894735,0.32764505119453924,0.5317919075144508
ES.v.0,action,hike,total_rel,2,21.0,0.467966573816156,0.3116883116883117,0.7453416149068323
ES.v.0,action,hike,total_rel,3,21.0,0.5301204819277109,0.3912175648702595,0.7254901960784313
ES.v.0,action,hike,total_rel,4,21.0,0.6015037593984962,0.49025069637883006,0.789087093389297
ES.v.0,action,hike,total_rel,5,21.0,0.7450980392156863,0.5571030640668524,0.8273195876288659
ES.v.0,action,hike,total_rel,6,21.0,0.7254901960784313,0.6736842105263158,0.968944099378882
ES.v.0,action,hike,total_rel,7,21.0,0.7218045112781954,0.6637168141592921,1.0325288562434418
ES.v.0,action,hike,total_rel,8,21.0,0.8690807799442897,0.6616541353383458,1.0178384050367262
ES.v.0,action,hike,total_rel,9,21.0,0.7581699346405228,0.6027944111776448,0.9569779643231899
ES.v.0,action,hike,total_rel,10,21.0,0.7863247863247863,0.6274509803921569,0.9419795221843004
ES.v.0,action,hike,total_rel,11,21.0,0.8226652675760755,0.6701030927835051,1.0029498525073746
ES.v.0,action,hike,total_rel,12,21.0,0.7835051546391752,0.6616541353383458,1.10580204778157
ES.v.0,action,hike,total_rel,13,21.0,0.7576601671309192,0.6616541353383458,1.2286689419795223
ES.v.0,action,hike,total_rel,14,21.0,0.84472049689441,0.6956521739130435,1.2150170648464165
ES.v.0,action,hike,total_rel,15,21.0,0.8436363636363636,0.7817109144542773,1.1194539249146758
ES.v.0,action,hike,total_rel,16,21.0,0.8731563421828908,0.8120300751879699,1.10580204778157
ES.v.0,action,hike,total_rel,17,21.0,0.9022556390977443,0.7950310559006211,1.174061433447099
ES.v.0,action,hike,total_rel,18,21.0,0.9937888198757764,0.7860824742268041,1.2013651877133107
ES.v.0,action,hike,total_rel,19,21.0,0.9783549783549783,0.7525773195876289,1.2670807453416149
ES.v.0,action,hike,total_rel,20,21.0,0.8938053097345132,0.7843137254901961,1.3416149068322982
ES.v.0,action,hike,total_rel,21,21.0,0.9440993788819876,0.7843137254901961,1.4373716632443532
ES.v.0,action,hike,total_rel,22,21.0,0.9230769230769231,0.7854545454545454,1.2479108635097493
ES.v.0,action,hike,total_rel,23,21.0,0.9572649572649573,0.7843137254901961,1.261280167890871
ES.v.0,action,hike,total_rel,24,21.0,0.9572649572649573,0.8290909090909091,1.3704735376044568
ES.v.0,action,hike,total_rel,25,21.0,1.0186335403726707,0.8421052631578947,1.3036211699164346
ES.v.0,action,hike,total_rel,26,21.0,0.9646017699115044,0.8421052631578947,1.3370473537604457
ES.v.0,action,hike,total_rel,27,21.0,1.0434782608695652,0.810126582278481,1.367965367965368
ES.v.0,action,hike,total_rel,28,21.0,0.972972972972973,0.8227848101265823,1.2832764505119454
ES.v.0,action,hike,total_rel,29,21.0,0.8944099378881988,0.7450980392156863,1.3494228751311648
ES.v.0,action,hike,total_rel,30,21.0,0.904639175257732,0.7058823529411765,1.0683229813664596
ES.v.0,action,hike,total_rel,31,21.0,0.7963917525773195,0.6274509803921569,1.1688311688311688
ES.v.0,action,hike,total_rel,32,21.0,0.8205128205128205,0.6075949367088608,1.0501474926253687
ES.v.0,action,hike,total_rel,33,21.0,0.7863247863247863,0.5405405405405406,0.9793510324483776
ES.v.0,action,hike,total_rel,34,21.0,0.8479381443298969,0.6239554317548747,1.1179941002949854
ES.v.0,action,hike,total_rel,35,21.0,0.7950310559006211,0.5868725868725869,1.0147492625368733
ES.v.0,action,hike,total_rel,36,21.0,0.7098976109215017,0.5098039215686274,0.9616519174041298
ES.v.0,action,hike,total_rel,37,21.0,0.7218045112781954,0.5443037974683544,1.0085470085470085
ES.v.0,action,hike,total_rel,38,21.0,0.7781569965870307,0.47904191616766467,1.0427350427350428
ES.v.0,action,hike,total_rel,39,21.0,0.7508532423208191,0.4720496894409938,1.198321091290661
ES.v.0,action,hold,ask_rel,-5,63.0,1.3407821229050279,1.1175390266299359,1.5789037269791395
ES.v.0,action,hold,ask_rel,-4,63.0,1.0909090909090908,0.9561891683530885,1.2597875270509542
ES.v.0,action,hold,ask_rel,-3,63.0,0.8177613320999075,0.657129963898917,0.9128625472887768
ES.v.0,action,hold,ask_rel,-2,63.0,0.6963562753036437,0.5046646327983375,0.8799323360547047
ES.v.0,action,hold,ask_rel,-1,63.0,0.4628099173553719,0.2954895967306397,0.6333720203553255
ES.v.0,action,hold,ask_rel,0,63.0,0.23880597014925373,0.15439758824972832,0.31645679548415107
ES.v.0,action,hold,ask_rel,1,63.0,0.4272844272844273,0.3065402132834153,0.515316573556797
ES.v.0,action,hold,ask_rel,2,63.0,0.5065176908752328,0.3792847503373819,0.7484959647835656
ES.v.0,action,hold,ask_rel,3,63.0,0.5447470817120622,0.3651515151515151,0.7755247845866023
ES.v.0,action,hold,ask_rel,4,63.0,0.5644768856447688,0.4618136576978732,0.8708241623868918
ES.v.0,action,hold,ask_rel,5,63.0,0.6751054852320675,0.4883207703992434,0.9703683328748969
ES.v.0,action,hold,ask_rel,6,63.0,0.6403940886699507,0.5108261314004274,1.0751318232234262
ES.v.0,action,hold,ask_rel,7,63.0,0.6842105263157895,0.5522690224535942,1.0898313527360706
ES.v.0,action,hold,ask_rel,8,63.0,0.7346938775510204,0.5865153078775369,1.0706306444011362
ES.v.0,action,hold,ask_rel,9,63.0,0.7772511848341233,0.5808602667307461,1.1779818927154349
ES.v.0,action,hold,ask_rel,10,63.0,0.8695652173913043,0.652519858036167,1.2709529899624075
ES.v.0,action,hold,ask_rel,11,63.0,0.8670886075949367,0.6794120478448171,1.2605869887237495
ES.v.0,action,hold,ask_rel,12,63.0,0.8319623971797885,0.6638118613928626,1.2825876868853392
ES.v.0,action,hold,ask_rel,13,63.0,0.9782608695652174,0.7305712123324504,1.2877663732236446
ES.v.0,action,hold,ask_rel,14,63.0,0.9282700421940928,0.7042502951593861,1.3173593323969264
ES.v.0,action,hold,ask_rel,15,63.0,0.9494163424124513,0.7910833012850496,1.4316635745207176
ES.v.0,action,hold,ask_rel,16,63.0,1.0245338567222768,0.7809499331079434,1.3831248078553395
ES.v.0,action,hold,ask_rel,17,63.0,1.121212121212121,0.7919948898849782,1.4030271365694564
ES.v.0,action,hold,ask_rel,18,63.0,1.1265822784810127,0.757513669671308,1.5465344250951447
ES.v.0,action,hold,ask_rel,19,63.0,1.1012658227848102,0.7766439909297052,1.4752833373523029
ES.v.0,action,hold,ask_rel,20,63.0,1.1563981042654028,0.8635452462772051,1.5057774143231415
ES.v.0,action,hold,ask_rel,21,63.0,1.105058365758755,0.7896281194910477,1.391245116435956
ES.v.0,action,hold,ask_rel,22,63.0,1.0885149963423555,0.7758371227780074,1.4437195021656888
ES.v.0,action,hold,ask_rel,23,63.0,1.0862290862290862,0.7890587956377431,1.5303798842818805
ES.v.0,action,hold,ask_rel,24,63.0,1.1024208566108007,0.775501536382503,1.5320689217221966
ES.v.0,action,hold,ask_rel,25,63.0,1.1428571428571428,0.8255942745164864,1.4550730244704517
ES.v.0,action,hold,ask_rel,26,63.0,1.029535864978903,0.8602160656478205,1.5268058278553032
ES.v.0,action,hold,ask_rel,27,63.0,1.0039525691699605,0.7916523531432498,1.5047163389540423
ES.v.0,action,hold,ask_rel,28,63.0,1.0397779833487513,0.7607897153351699,1.4603663850437112
ES.v.0,action,hold,ask_rel,29,63.0,1.1361867704280155,0.7068029930884789,1.556271864067966
ES.v.0,action,hold,ask_rel,30,63.0,1.0593220338983051,0.682695642122298,1.4155972268318768
ES.v.0,action,hold,ask_rel,31,63.0,0.9746835443037974,0.6819024446761672,1.3625202000038024
ES.v.0,action,hold,ask_rel,32,63.0,0.9343065693430657,0.6461295418641391,1.3229000884173296
ES.v.0,action,hold,ask_rel,33,63.0,0.935933147632312,0.6995713127099988,1.2949710388134033
ES.v.0,action,hold,ask_rel,34,63.0,0.9029850746268657,0.6147944762981508,1.2792700219897655
ES.v.0,action,hold,ask_rel,35,63.0,0.9391304347826087,0.6456998738965952,1.2775337983294583
ES.v.0,action,hold,ask_rel,36,63.0,0.9050632911392406,0.6519274376417233,1.2039306539524786
ES.v.0,action,hold,ask_rel,37,63.0,0.8468468468468469,0.6516537649542575,1.1521685620046276
ES.v.0,action,hold,ask_rel,38,63.0,0.9272030651340997,0.5590974681883772,1.3826008125440687
ES.v.0,action,hold,ask_rel,39,63.0,0.9459459459459459,0.6138147566718996,1.3013663092355587
ES.v.0,action,hold,bid_rel,-5,63.0,1.2392807745504841,0.9630361483572494,1.42195862326624
ES.v.0,action,hold,bid_rel,-4,63.0,1.0472727272727274,0.9217914089047661,1.2609226263119355
ES.v.0,action,hold,bid_rel,-3,63.0,0.8260869565217391,0.6648396881612898,0.993305545029683
ES.v.0,action,hold,bid_rel,-2,63.0,0.8,0.5927487159977174,0.9540665823851664
ES.v.0,action,hold,bid_rel,-1,63.0,0.4521193092621664,0.3090366581415175,0.5982372053781392
ES.v.0,action,hold,bid_rel,0,63.0,0.24242424242424243,0.18878555472328468,0.3453416149068323
ES.v.0,action,hold,bid_rel,1,63.0,0.4273789649415693,0.29934123847167327,0.5809780362309545
ES.v.0,action,hold,bid_rel,2,63.0,0.5625,0.4010870363569592,0.7571644042232277
ES.v.0,action,hold,bid_rel,3,63.0,0.658855961405927,0.41656082071323886,0.8342999171499585
ES.v.0,action,hold,bid_rel,4,63.0,0.6699507389162561,0.4291680931187949,0.9138444381319109
ES.v.0,action,hold,bid_rel,5,63.0,0.7586206896551724,0.5094294010744768,1.061425870456525
ES.v.0,action,hold,bid_rel,6,63.0,0.8178438661710037,0.5624138750296983,1.0528476498625752
ES.v.0,action,hold,bid_rel,7,63.0,0.7863247863247863,0.5579391100702575,1.1600393444519983
ES.v.0,action,hold,bid_rel,8,63.0,0.7843986998916577,0.5712982475345978,1.1426797576918641
ES.v.0,action,hold,bid_rel,9,63.0,0.9243816254416961,0.6471054451021062,1.1986688253282964
ES.v.0,action,hold,bid_rel,10,63.0,0.9101123595505618,0.648320662454938,1.2370018975332069
ES.v.0,action,hold,bid_rel,11,63.0,1.038560411311054,0.7469650468883205,1.434774945862679
ES.v.0,action,hold,bid_rel,12,63.0,1.065217391304348,0.7368020907578998,1.3620429517576518
ES.v.0,action,hold,bid_rel,13,63.0,0.9490790899241603,0.7449180327868853,1.3622584312239483
ES.v.0,action,hold,bid_rel,14,63.0,1.0739299610894941,0.7899859703138392,1.4151445367432602
ES.v.0,action,hold,bid_rel,15,63.0,1.0765027322404372,0.8146279949558638,1.5410150015959145
ES.v.0,action,hold,bid_rel,16,63.0,1.1348314606741574,0.8598140471302542,1.4662531017369727
ES.v.0,action,hold,bid_rel,17,63.0,1.0561797752808988,0.8524590163934426,1.469235970250169
ES.v.0,action,hold,bid_rel,18,63.0,1.1466666666666667,0.8637443573295319,1.436607739505498
ES.v.0,action,hold,bid_rel,19,63.0,1.1794871794871795,0.8566338113164171,1.5033333333333334
ES.v.0,action,hold,bid_rel,20,63.0,1.2134831460674158,0.903550059832469,1.4205601320670052
ES.v.0,action,hold,bid_rel,21,63.0,1.1662241104620288,0.8713417917923573,1.619138959931799
ES.v.0,action,hold,bid_rel,22,63.0,1.158841158841159,0.9150638957015619,1.754420421734652
ES.v.0,action,hold,bid_rel,23,63.0,1.2043010752688172,0.8849567364370399,1.6451588055562687
ES.v.0,action,hold,bid_rel,24,63.0,1.2941176470588236,0.891475522081479,1.6637964026023728
ES.v.0,action,hold,bid_rel,25,63.0,1.2333333333333334,0.8677653037540161,1.7009429125521054
ES.v.0,action,hold,bid_rel,26,63.0,1.2266666666666666,0.8578621378621378,1.6195820433436532
ES.v.0,action,hold,bid_rel,27,63.0,1.2173913043478262,0.851455841488462,1.5588235294117647
ES.v.0,action,hold,bid_rel,28,63.0,1.0662695457930007,0.8641833218470021,1.5521255060728745
ES.v.0,action,hold,bid_rel,29,63.0,1.1085141903171953,0.7747930295837434,1.6043774031351672
ES.v.0,action,hold,bid_rel,30,63.0,1.1372549019607843,0.7547756899797535,1.518210366149762
ES.v.0,action,hold,bid_rel,31,63.0,0.9985528219971056,0.7589743589743589,1.4894989979959918
ES.v.0,action,hold,bid_rel,32,63.0,1.0895522388059702,0.8274925517910344,1.4282639877345746
ES.v.0,action,hold,bid_rel,33,63.0,1.0246020260492041,0.6971014492753622,1.4530472636815919
ES.v.0,action,hold,bid_rel,34,63.0,0.9974293059125964,0.7379862700228832,1.3840825533275314
ES.v.0,action,hold,bid_rel,35,63.0,0.9868173258003766,0.6572649572649573,1.3044451158659964
ES.v.0,action,hold,bid_rel,36,63.0,0.94,0.7092474151040871,1.257461118116856
ES.v.0,action,hold,bid_rel,37,63.0,0.9377713458755427,0.6420923214485302,1.471700738267351
ES.v.0,action,hold,bid_rel,38,63.0,1.0188133140376265,0.6922727960078634,1.4425935203740816
ES.v.0,action,hold,bid_rel,39,63.0,1.0440386680988185,0.6826686986707307,1.431533269045323
ES.v.0,action,hold,bid_share,-5,63.0,0.4594594594594595,0.387085956835745,0.5344165456232726
ES.v.0,action,hold,bid_share,-4,63.0,0.4595918367346939,0.40246217868134726,0.5596779751530832
ES.v.0,action,hold,bid_share,-3,63.0,0.48814016172506736,0.42794589224122354,0.5510486289383812
ES.v.0,action,hold,bid_share,-2,63.0,0.5092624356775299,0.4113520277484968,0.5781671826508783
ES.v.0,action,hold,bid_share,-1,63.0,0.49444444444444446,0.4116130918471431,0.5499780326683428
ES.v.0,action,hold,bid_share,0,63.0,0.5,0.46520246784845326,0.5396349695320756
ES.v.0,action,hold,bid_share,1,63.0,0.5,0.4567111899738402,0.526748361287835
ES.v.0,action,hold,bid_share,2,63.0,0.4968085106382979,0.4531117946752415,0.5265837104072397
ES.v.0,action,hold,bid_share,3,63.0,0.5124568469505177,0.4719139830630597,0.5484605838144583
ES.v.0,action,hold,bid_share,4,63.0,0.5,0.47038183694530444,0.5375533258912841
ES.v.0,action,hold,bid_share,5,63.0,0.5,0.4786128364389234,0.5425365846949441
ES.v.0,action,hold,bid_share,6,63.0,0.5104744525547446,0.4706727294121602,0.5522217008195333
ES.v.0,action,hold,bid_share,7,63.0,0.5024427444531827,0.4649156217039728,0.5416649655291829
ES.v.0,action,hold,bid_share,8,63.0,0.5,0.45821415497421103,0.5418648696264975
ES.v.0,action,hold,bid_share,9,63.0,0.515422077922078,0.4785976368159204,0.5498556998556998
ES.v.0,action,hold,bid_share,10,63.0,0.5011111111111111,0.462182253358724,0.5284976481057717
ES.v.0,action,hold,bid_share,11,63.0,0.5157700059801988,0.4665803783469534,0.5524734341208956
ES.v.0,action,hold,bid_share,12,63.0,0.5,0.4685180582469739,0.5411249596837806
ES.v.0,action,hold,bid_share,13,63.0,0.49179445789615284,0.45786850358422937,0.5336007429508585
ES.v.0,action,hold,bid_share,14,63.0,0.5031314576378954,0.47364766081871346,0.5397442285334662
ES.v.0,action,hold,bid_share,15,63.0,0.5057605177993527,0.46599952270443556,0.554314895719561
ES.v.0,action,hold,bid_share,16,63.0,0.5,0.45227184271725407,0.530835078899595
ES.v.0,action,hold,bid_share,17,63.0,0.5,0.46268212047822244,0.5410141526021981
ES.v.0,action,hold,bid_share,18,63.0,0.4814919019425552,0.4499773190469144,0.5334562367457104
ES.v.0,action,hold,bid_share,19,63.0,0.5092624356775299,0.468969150479395,0.5368691374043737
ES.v.0,action,hold,bid_share,20,63.0,0.4939168986493453,0.4597763347763348,0.5175711959108283
ES.v.0,action,hold,bid_share,21,63.0,0.51,0.4587763381168036,0.5459721355385656
ES.v.0,action,hold,bid_share,22,63.0,0.5014753677728361,0.47768414546623317,0.5453203001335414
ES.v.0,action,hold,bid_share,23,63.0,0.5,0.4660400595289813,0.5367595064382866
ES.v.0,action,hold,bid_share,24,63.0,0.5191361107147953,0.463192371202358,0.5679939273689274
ES.v.0,action,hold,bid_share,25,63.0,0.49540784557907847,0.45719225002313235,0.5343117360580596
ES.v.0,action,hold,bid_share,26,63.0,0.49350621969217795,0.4647338489998374,0.5556846240179574
ES.v.0,action,hold,bid_share,27,63.0,0.5113636363636364,0.4770239852570887,0.5437559239974038
ES.v.0,action,hold,bid_share,28,63.0,0.49615384615384617,0.43590332125739834,0.5448660047268479
ES.v.0,action,hold,bid_share,29,63.0,0.5,0.44703628577867927,0.5629493464052288
ES.v.0,action,hold,bid_share,30,63.0,0.5,0.4647352647352647,0.5418782730483498
ES.v.0,action,hold,bid_share,31,63.0,0.5080645161290323,0.4622632991678268,0.5469058050383351
ES.v.0,action,hold,bid_share,32,63.0,0.5031645569620253,0.4687948350071736,0.5431439393939393
ES.v.0,action,hold,bid_share,33,63.0,0.4941860465116279,0.46381148950808393,0.5402097902097902
ES.v.0,action,hold,bid_share,34,63.0,0.5027472527472527,0.4653367275111714,0.5474277997804555
ES.v.0,action,hold,bid_share,35,63.0,0.5,0.46862291598561623,0.53423023055376
ES.v.0,action,hold,bid_share,36,63.0,0.4849151000606428,0.44234546393394364,0.5362182194975774
ES.v.0,action,hold,bid_share,37,63.0,0.5075757575757576,0.4745718462823726,0.5431451264784597
ES.v.0,action,hold,bid_share,38,63.0,0.5080645161290323,0.4777877727238764,0.5453162313629301
ES.v.0,action,hold,bid_share,39,63.0,0.5,0.4667514044503029,0.5582345969442744
ES.v.0,action,hold,total_rel,-5,63.0,1.2396878483835005,1.083999536554281,1.4336516432495996
ES.v.0,action,hold,total_rel,-4,63.0,1.0746268656716418,0.9523560356316195,1.1893667861409796
ES.v.0,action,hold,total_rel,-3,63.0,0.8452380952380952,0.7332095763994899,0.9552232571738858
ES.v.0,action,hold,total_rel,-2,63.0,0.7586206896551724,0.6032802104285935,0.9389183696511234
ES.v.0,action,hold,total_rel,-1,63.0,0.4716981132075472,0.3625141036702728,0.6369437887927266
ES.v.0,action,hold,total_rel,0,63.0,0.2601626016260163,0.2031013042159539,0.35144290274249235
ES.v.0,action,hold,total_rel,1,63.0,0.4416135881104034,0.349833147942158,0.510770971644567
ES.v.0,action,hold,total_rel,2,63.0,0.5454545454545454,0.39754305977710236,0.6740312642862504
ES.v.0,action,hold,total_rel,3,63.0,0.5765969474279253,0.42003152962874,0.7476245999652683
ES.v.0,action,hold,total_rel,4,63.0,0.605992085924251,0.417485248473686,0.8283588841417442
ES.v.0,action,hold,total_rel,5,63.0,0.6557377049180327,0.5022501218218821,0.9292289988492519
ES.v.0,action,hold,total_rel,6,63.0,0.673992673992674,0.5545281162622113,0.9419251930686234
ES.v.0,action,hold,total_rel,7,63.0,0.7013372956909361,0.5934396747204629,1.0390380761523046
ES.v.0,action,hold,total_rel,8,63.0,0.7584541062801933,0.5659119163168599,1.0298186570193835
ES.v.0,action,hold,total_rel,9,63.0,0.8756218905472637,0.600976008255224,1.1021536154678981
ES.v.0,action,hold,total_rel,10,63.0,0.8705882352941177,0.688781628492625,1.1803564639846142
ES.v.0,action,hold,total_rel,11,63.0,0.8951759158505622,0.6959479912934428,1.1875950554037211
ES.v.0,action,hold,total_rel,12,63.0,0.9495652173913044,0.7256721215663355,1.2322316986496091
ES.v.0,action,hold,total_rel,13,63.0,0.9590134203844759,0.7164691271014543,1.2172738333810478
ES.v.0,action,hold,total_rel,14,63.0,0.9978308026030369,0.735021561611157,1.2003818958672061
ES.v.0,action,hold,total_rel,15,63.0,1.0539130434782609,0.7651421608779458,1.2873283680397223
ES.v.0,action,hold,total_rel,16,63.0,1.001618996222342,0.799905233553436,1.341486510343942
ES.v.0,action,hold,total_rel,17,63.0,1.092783505154639,0.8104621158808352,1.2630258177023521
ES.v.0,action,hold,total_rel,18,63.0,1.0987124463519313,0.8088960631333513,1.3084546374696655
ES.v.0,action,hold,total_rel,19,63.0,1.1272727272727272,0.8438192668371696,1.3672506738544474
ES.v.0,action,hold,total_rel,20,63.0,1.1308523409363747,0.8433717474813365,1.312392010505218
ES.v.0,action,hold,total_rel,21,63.0,1.0747217806041336,0.8557755135377956,1.3779748130465497
ES.v.0,action,hold,total_rel,22,63.0,1.0862068965517242,0.8339618397374828,1.448007767016057
ES.v.0,action,hold,total_rel,23,63.0,1.1896551724137931,0.8529665802936682,1.5021657916898103
ES.v.0,action,hold,total_rel,24,63.0,1.1884753901560625,0.8295032937078821,1.4186005530151005
ES.v.0,action,hold,total_rel,25,63.0,1.1766361717100633,0.840813421204423,1.4059726465880984
ES.v.0,action,hold,total_rel,26,63.0,1.164179104477612,0.8519572375106703,1.374409029100847
ES.v.0,action,hold,total_rel,27,63.0,1.1666666666666667,0.8072813959806835,1.4475045648204503
ES.v.0,action,hold,total_rel,28,63.0,1.0773067331670823,0.7839899591803836,1.4110443481974013
ES.v.0,action,hold,total_rel,29,63.0,1.0833333333333333,0.7884034677576466,1.4196278249405392
ES.v.0,action,hold,total_rel,30,63.0,1.0141987829614605,0.7364981892615337,1.2013354940293532
ES.v.0,action,hold,total_rel,31,63.0,1.0078037904124861,0.7396802711145036,1.1976542813616808
ES.v.0,action,hold,total_rel,32,63.0,0.9565217391304348,0.7516661432708748,1.3087221825196527
ES.v.0,action,hold,total_rel,33,63.0,1.0,0.7268887526398256,1.2147321151281836
ES.v.0,action,hold,total_rel,34,63.0,0.8735632183908046,0.6784124375042805,1.249555634553857
ES.v.0,action,hold,total_rel,35,63.0,0.9319955406911928,0.7326586558444288,1.214113947465779
ES.v.0,action,hold,total_rel,36,63.0,0.9033457249070632,0.7118697124216389,1.152365533369311
ES.v.0,action,hold,total_rel,37,63.0,0.9453734671125975,0.6039021344050726,1.2328883982336412
ES.v.0,action,hold,total_rel,38,63.0,0.9310344827586207,0.611935523915929,1.3057035416457907
ES.v.0,action,hold,total_rel,39,63.0,1.0173410404624277,0.6556285349388797,1.240481127539368
ES.v.0,action_x_surprise,cut|large,ask_rel,-5,4.0,1.1673314339981007,1.1402856781696373,1.21400172860847
ES.v.0,action_x_surprise,cut|large,ask_rel,-4,4.0,1.265651527084974,1.162695095294704,1.360778727445394
ES.v.0,action_x_surprise,cut|large,ask_rel,-3,4.0,0.8983985297978472,0.8283238102542471,0.9490978157644825
ES.v.0,action_x_surprise,cut|large,ask_rel,-2,4.0,0.7180063382310573,0.5218423551756886,0.8723626183993557
ES.v.0,action_x_surprise,cut|large,ask_rel,-1,4.0,0.2917378917378917,0.24951430821737988,0.39750312109862673
ES.v.0,action_x_surprise,cut|large,ask_rel,0,4.0,0.16247267707174906,0.1016643492183879,0.21820800921924519
ES.v.0,action_x_surprise,cut|large,ask_rel,1,4.0,0.2621082621082621,0.2255593477436481,0.334485738980121
ES.v.0,action_x_surprise,cut|large,ask_rel,2,4.0,0.28736942070275406,0.2472001011250158,0.40475367329299916
ES.v.0,action_x_surprise,cut|large,ask_rel,3,4.0,0.36277302943969614,0.32011123751738085,0.48107173725151253
ES.v.0,action_x_surprise,cut|large,ask_rel,4,4.0,0.43304843304843305,0.3725445582100872,0.5182368193604149
ES.v.0,action_x_surprise,cut|large,ask_rel,5,4.0,0.6019142738243861,0.5263557072430792,0.6302218380870066
ES.v.0,action_x_surprise,cut|large,ask_rel,6,4.0,0.5502374169040836,0.4294779421059285,0.6823681936041487
ES.v.0,action_x_surprise,cut|large,ask_rel,7,4.0,0.6505201831044527,0.4408797876374668,0.8715067703831748
ES.v.0,action_x_surprise,cut|large,ask_rel,8,4.0,0.6283000949667616,0.385033497661484,0.8618841832324979
ES.v.0,action_x_surprise,cut|large,ask_rel,9,4.0,0.6744539411206079,0.3782075590949311,0.9625756266205705
ES.v.0,action_x_surprise,cut|large,ask_rel,10,4.0,0.5354226020892687,0.39360384275060045,0.7363007778738117
ES.v.0,action_x_surprise,cut|large,ask_rel,11,4.0,0.5674018587876266,0.38677790418404756,0.7325842696629215
ES.v.0,action_x_surprise,cut|large,ask_rel,12,4.0,0.6921177587844254,0.4893186702060422,0.9813310285220398
ES.v.0,action_x_surprise,cut|large,ask_rel,13,4.0,0.6051282051282052,0.47167235494880544,0.8312878133102852
ES.v.0,action_x_surprise,cut|large,ask_rel,14,4.0,0.6881291547958215,0.43804828719504485,0.9995678478824547
ES.v.0,action_x_surprise,cut|large,ask_rel,15,4.0,0.6907882241215575,0.5343445834913412,0.8151253241140882
ES.v.0,action_x_surprise,cut|large,ask_rel,16,4.0,0.5580246913580247,0.4614334470989761,0.740407823553891
ES.v.0,action_x_surprise,cut|large,ask_rel,17,4.0,0.717948717948718,0.4614334470989761,0.9645635263612792
ES.v.0,action_x_surprise,cut|large,ask_rel,18,4.0,0.6161443494776828,0.4249778789027936,0.8347450302506483
ES.v.0,action_x_surprise,cut|large,ask_rel,19,4.0,0.704653371320038,0.5799519656174946,0.7452031114952463
ES.v.0,action_x_surprise,cut|large,ask_rel,20,4.0,0.7059829059829059,0.5212741751990899,0.8619706136560069
ES.v.0,action_x_surprise,cut|large,ask_rel,21,4.0,0.598307670966847,0.49280975572343444,0.6310541310541311
ES.v.0,action_x_surprise,cut|large,ask_rel,22,4.0,0.6936372269705603,0.5537411394066685,0.8402829796088223
ES.v.0,action_x_surprise,cut|large,ask_rel,23,4.0,0.6786324786324787,0.5597007088474666,0.8434456928838951
ES.v.0,action_x_surprise,cut|large,ask_rel,24,4.0,0.7128205128205128,0.468259385665529,0.9613656006914434
ES.v.0,action_x_surprise,cut|large,ask_rel,25,4.0,0.6507122507122507,0.473416761471369,0.8010371650821089
ES.v.0,action_x_surprise,cut|large,ask_rel,26,4.0,0.6089268755935423,0.5064593603842751,0.7132238547968885
ES.v.0,action_x_surprise,cut|large,ask_rel,27,4.0,0.5228869895536562,0.4485954318718824,0.6343736995422389
ES.v.0,action_x_surprise,cut|large,ask_rel,28,4.0,0.6621082621082621,0.5007088474665267,0.818227215980025
ES.v.0,action_x_surprise,cut|large,ask_rel,29,4.0,0.7325842696629215,0.573961728726464,0.8074074074074075
ES.v.0,action_x_surprise,cut|large,ask_rel,30,4.0,0.611965811965812,0.3947667804323094,0.7868625756266205
ES.v.0,action_x_surprise,cut|large,ask_rel,31,4.0,0.6761548064918852,0.3879408418657565,0.9167963123019303
ES.v.0,action_x_surprise,cut|large,ask_rel,32,4.0,0.5460588793922128,0.3446593351030211,0.7580812445980986
ES.v.0,action_x_surprise,cut|large,ask_rel,33,4.0,0.7431821334443058,0.3098723296675515,1.232152117545376
ES.v.0,action_x_surprise,cut|large,ask_rel,34,4.0,0.6446343779677113,0.31386676779168243,1.0515125324114087
ES.v.0,action_x_surprise,cut|large,ask_rel,35,4.0,0.5169990503323837,0.2882315762861838,0.7564390665514261
ES.v.0,action_x_surprise,cut|large,ask_rel,36,4.0,0.5466286799620133,0.3360889900139047,0.7834053586862576
ES.v.0,action_x_surprise,cut|large,ask_rel,37,4.0,0.6888888888888889,0.3811149032992036,0.9831460674157304
ES.v.0,action_x_surprise,cut|large,ask_rel,38,4.0,0.654320987654321,0.3360889900139047,1.010112359550562
ES.v.0,action_x_surprise,cut|large,ask_rel,39,4.0,0.600749063670412,0.2546075085324232,0.9370210314030539
ES.v.0,action_x_surprise,cut|large,bid_rel,-5,4.0,1.3477351916376308,1.099973197534173,1.6800804413963801
ES.v.0,action_x_surprise,cut|large,bid_rel,-4,4.0,1.1526692252727422,1.0367193781827928,1.3352756149125975
ES.v.0,action_x_surprise,cut|large,bid_rel,-3,4.0,0.7846689895470382,0.5343268189552931,1.0163495041543822
ES.v.0,action_x_surprise,cut|large,bid_rel,-2,4.0,0.5787949996685107,0.3141855308616511,0.8469579201286519
ES.v.0,action_x_surprise,cut|large,bid_rel,-1,4.0,0.2806314502287276,0.22090592334494774,0.4267767116604326
ES.v.0,action_x_surprise,cut|large,bid_rel,0,4.0,0.16270966696377925,0.1264808362369338,0.19447993866598517
ES.v.0,action_x_surprise,cut|large,bid_rel,1,4.0,0.2898686679174484,0.18292682926829268,0.39416978370466743
ES.v.0,action_x_surprise,cut|large,bid_rel,2,4.0,0.2928973465558832,0.22439024390243903,0.4222986316009572
ES.v.0,action_x_surprise,cut|large,bid_rel,3,4.0,0.3781827928169391,0.24912891986062718,0.5397974118904352
ES.v.0,action_x_surprise,cut|large,bid_rel,4,4.0,0.3764942374698472,0.28954703832752615,0.5070452803010943
ES.v.0,action_x_surprise,cut|large,bid_rel,5,4.0,0.4454033771106942,0.3916376306620209,0.5110587087331273
ES.v.0,action_x_surprise,cut|large,bid_rel,6,4.0,0.5076387027606539,0.4425087108013937,0.564737587993402
ES.v.0,action_x_surprise,cut|large,bid_rel,7,4.0,0.6312896405919661,0.39407665505226486,0.8639674279209163
ES.v.0,action_x_surprise,cut|large,bid_rel,8,4.0,0.5824988397875522,0.40557491289198605,0.782566270938364
ES.v.0,action_x_surprise,cut|large,bid_rel,9,4.0,0.5614044492093273,0.39128919860627176,0.7304323583393351
ES.v.0,action_x_surprise,cut|large,bid_rel,10,4.0,0.6651299919592603,0.47839721254355405,0.8361057547104058
ES.v.0,action_x_surprise,cut|large,bid_rel,11,4.0,0.597452689114629,0.47874564459930313,0.7785296099249588
ES.v.0,action_x_surprise,cut|large,bid_rel,12,4.0,0.6138836772983115,0.41358885017421604,0.898276142462189
ES.v.0,action_x_surprise,cut|large,bid_rel,13,4.0,0.6792012865183596,0.4139372822299652,0.9762504936923542
ES.v.0,action_x_surprise,cut|large,bid_rel,14,4.0,0.6156258375770571,0.5372822299651567,0.7657633064609809
ES.v.0,action_x_surprise,cut|large,bid_rel,15,4.0,0.6303135888501743,0.4829268292682927,0.7640440954394443
ES.v.0,action_x_surprise,cut|large,bid_rel,16,4.0,0.6504958456177968,0.4355400696864111,0.9418139999535349
ES.v.0,action_x_surprise,cut|large,bid_rel,17,4.0,0.7713749664969177,0.42857142857142855,1.1104476918430408
ES.v.0,action_x_surprise,cut|large,bid_rel,18,4.0,0.6705708925221121,0.5059233449477352,0.7762992821132356
ES.v.0,action_x_surprise,cut|large,bid_rel,19,4.0,0.6614312516751542,0.4944250871080139,0.7718560509258183
ES.v.0,action_x_surprise,cut|large,bid_rel,20,4.0,0.6748324845885821,0.5170731707317073,0.7638291940617522
ES.v.0,action_x_surprise,cut|large,bid_rel,21,4.0,0.7524256231573305,0.4508710801393728,1.0294995701972447
ES.v.0,action_x_surprise,cut|large,bid_rel,22,4.0,0.6607611900294827,0.5733717502010185,0.6972670551229826
ES.v.0,action_x_surprise,cut|large,bid_rel,23,4.0,0.5577057089252211,0.4282229965156794,0.759205910368701
ES.v.0,action_x_surprise,cut|large,bid_rel,24,4.0,0.7266416510318949,0.5749798981506299,0.832888155520033
ES.v.0,action_x_surprise,cut|large,bid_rel,25,4.0,0.6692843741624229,0.5429509514875368,0.8005311194760996
ES.v.0,action_x_surprise,cut|large,bid_rel,26,4.0,0.64859287054409,0.5163763066202091,0.7729305578142787
ES.v.0,action_x_surprise,cut|large,bid_rel,27,4.0,0.703160934357758,0.4578397212543554,0.9480809887786632
ES.v.0,action_x_surprise,cut|large,bid_rel,28,4.0,0.6168587510050925,0.5087108013937282,0.6976802267499942
ES.v.0,action_x_surprise,cut|large,bid_rel,29,4.0,0.6504958456177968,0.43902439024390244,0.88050321771252
ES.v.0,action_x_surprise,cut|large,bid_rel,30,4.0,0.6187617260787993,0.42439024390243907,0.9342169458448528
ES.v.0,action_x_surprise,cut|large,bid_rel,31,4.0,0.5498525864379523,0.3118466898954704,0.8667785702669424
ES.v.0,action_x_surprise,cut|large,bid_rel,32,4.0,0.5773251139104798,0.3118466898954704,0.8762748879027948
ES.v.0,action_x_surprise,cut|large,bid_rel,33,4.0,0.645054945054945,0.35574912891986066,1.0248762865041934
ES.v.0,action_x_surprise,cut|large,bid_rel,34,4.0,0.6878873820450677,0.3264808362369338,1.0413191459703088
ES.v.0,action_x_surprise,cut|large,bid_rel,35,4.0,0.5559635486464755,0.30452961672473866,0.8790337569407337
ES.v.0,action_x_surprise,cut|large,bid_rel,36,4.0,0.4924953095684803,0.27177700348432055,0.7221906000975769
ES.v.0,action_x_surprise,cut|large,bid_rel,37,4.0,0.7903243098365049,0.3958188153310105,1.1575691750110355
ES.v.0,action_x_surprise,cut|large,bid_rel,38,4.0,0.5931921736799786,0.32613240418118467,0.8991008991008991
ES.v.0,action_x_surprise,cut|large,bid_rel,39,4.0,0.6310372554274993,0.34041811846689896,0.9147248100736474
ES.v.0,action_x_surprise,cut|large,bid_share,-5,4.0,0.5500366568914956,0.5011697860962567,0.5968352883675465
ES.v.0,action_x_surprise,cut|large,bid_share,-4,4.0,0.5012676819570815,0.47452997952897513,0.5320179215893246
ES.v.0,action_x_surprise,cut|large,bid_share,-3,4.0,0.45602242585001207,0.39922537716655365,0.5014204545454546
ES.v.0,action_x_surprise,cut|large,bid_share,-2,4.0,0.45473817641402214,0.4012671895904085,0.49645124799299367
ES.v.0,action_x_surprise,cut|large,bid_share,-1,4.0,0.41755020393118775,0.34280762648308755,0.4999547834007332
ES.v.0,action_x_surprise,cut|large,bid_share,0,4.0,0.4945652173913043,0.4888716356107661,0.5178571428571428
ES.v.0,action_x_surprise,cut|large,bid_share,1,4.0,0.5127503689647902,0.4598373440285205,0.5669788163739776
ES.v.0,action_x_surprise,cut|large,bid_share,2,4.0,0.5,0.495,0.5030780780780781
ES.v.0,action_x_surprise,cut|large,bid_share,3,4.0,0.4975238236835025,0.4805161943319838,0.5177331039463064
ES.v.0,action_x_surprise,cut|large,bid_share,4,4.0,0.4708684744315149,0.45393214619621153,0.49119367045063644
ES.v.0,action_x_surprise,cut|large,bid_share,5,4.0,0.4714574565184322,0.444582117295532,0.5003752873417507
ES.v.0,action_x_surprise,cut|large,bid_share,6,4.0,0.47208223780309666,0.4488640974453858,0.49107142857142855
ES.v.0,action_x_surprise,cut|large,bid_share,7,4.0,0.4885189112760693,0.4510720478708284,0.5235219541079564
ES.v.0,action_x_surprise,cut|large,bid_share,8,4.0,0.4990881458966565,0.49769604170398835,0.5006624271330153
ES.v.0,action_x_surprise,cut|large,bid_share,9,4.0,0.4811774602499519,0.4592788294042504,0.49206438117269763
ES.v.0,action_x_surprise,cut|large,bid_share,10,4.0,0.5561950540360308,0.5384865087170049,0.5710185362582623
ES.v.0,action_x_surprise,cut|large,bid_share,11,4.0,0.5488501082251082,0.5303823977604465,0.5649688852813852
ES.v.0,action_x_surprise,cut|large,bid_share,12,4.0,0.49284024988844266,0.46760485283093833,0.5264477557027226
ES.v.0,action_x_surprise,cut|large,bid_share,13,4.0,0.5126330542314658,0.4595393713040772,0.5562454455147205
ES.v.0,action_x_surprise,cut|large,bid_share,14,4.0,0.5067310856822499,0.46590887560600236,0.54026069039656
ES.v.0,action_x_surprise,cut|large,bid_share,15,4.0,0.4940920908593322,0.47426635864135863,0.5189811814017803
ES.v.0,action_x_surprise,cut|large,bid_share,16,4.0,0.5356519849010463,0.5218447991964726,0.5581802063185042
ES.v.0,action_x_surprise,cut|large,bid_share,17,4.0,0.5211599062702004,0.5063336081098564,0.5353438476840011
ES.v.0,action_x_surprise,cut|large,bid_share,18,4.0,0.48541756349548,0.47431327851455224,0.5038303968930568
ES.v.0,action_x_surprise,cut|large,bid_share,19,4.0,0.4774047833258359,0.47617740040985657,0.4800964751622646
ES.v.0,action_x_surprise,cut|large,bid_share,20,4.0,0.47857125746517915,0.47076913199794557,0.48989078450285345
ES.v.0,action_x_surprise,cut|large,bid_share,21,4.0,0.5416371367824238,0.486663218560662,0.6097526694945503
ES.v.0,action_x_surprise,cut|large,bid_share,22,4.0,0.4912027914614121,0.46471295060080103,0.5179287045666356
ES.v.0,action_x_surprise,cut|large,bid_share,23,4.0,0.4716687336364889,0.43112108250719544,0.49922468384177676
ES.v.0,action_x_surprise,cut|large,bid_share,24,4.0,0.4562731853937606,0.43447495791245794,0.4976815451307903
ES.v.0,action_x_surprise,cut|large,bid_share,25,4.0,0.5313625742829282,0.5076994008535167,0.5362168856571842
ES.v.0,action_x_surprise,cut|large,bid_share,26,4.0,0.5382790937672499,0.5270016339869281,0.5455659065995078
ES.v.0,action_x_surprise,cut|large,bid_share,27,4.0,0.4968098912522289,0.4851986695272841,0.5674727204597863
ES.v.0,action_x_surprise,cut|large,bid_share,28,4.0,0.4673584213057897,0.4465643274853801,0.4953837771895227
ES.v.0,action_x_surprise,cut|large,bid_share,29,4.0,0.5034722222222222,0.46830357142857143,0.5391456797706797
ES.v.0,action_x_surprise,cut|large,bid_share,30,4.0,0.5301262205286973,0.516277106321611,0.5574712686554791
ES.v.0,action_x_surprise,cut|large,bid_share,31,4.0,0.4813947530231605,0.4458424193466114,0.5371092995995606
ES.v.0,action_x_surprise,cut|large,bid_share,32,4.0,0.5034722222222222,0.49295634920634923,0.5201844025011579
ES.v.0,action_x_surprise,cut|large,bid_share,33,4.0,0.5041666666666667,0.42526299444581744,0.5523067210567211
ES.v.0,action_x_surprise,cut|large,bid_share,34,4.0,0.4937460913070669,0.47599168598020825,0.5008561643835616
ES.v.0,action_x_surprise,cut|large,bid_share,35,4.0,0.5178738006396588,0.5155066287878788,0.5440077815057536
ES.v.0,action_x_surprise,cut|large,bid_share,36,4.0,0.45981937272259854,0.45443035540284116,0.4727522477522478
ES.v.0,action_x_surprise,cut|large,bid_share,37,4.0,0.5526031894934335,0.5430167260660161,0.5769817073170732
ES.v.0,action_x_surprise,cut|large,bid_share,38,4.0,0.4592722891177845,0.4492615334698575,0.4771906713505074
ES.v.0,action_x_surprise,cut|large,bid_share,39,4.0,0.5419407894736843,0.508484328437633,0.5605600539811066
ES.v.0,action_x_surprise,cut|large,total_rel,-5,4.0,1.2074351048176997,1.0804798212905555,1.4117325399059144
ES.v.0,action_x_surprise,cut|large,total_rel,-4,4.0,1.2097801063745335,1.0966099904953004,1.3310198573356469
ES.v.0,action_x_surprise,cut|large,total_rel,-3,4.0,0.9334875650665124,0.7866913272486027,1.0178660987505361
ES.v.0,action_x_surprise,cut|large,total_rel,-2,4.0,0.6254909177509796,0.5451382466862342,0.7066558122969349
ES.v.0,action_x_surprise,cut|large,total_rel,-1,4.0,0.35058233819843726,0.2160203021017535,0.48519488767166785
ES.v.0,action_x_surprise,cut|large,total_rel,0,4.0,0.18449485882160926,0.13566231557349387,0.22571463624095203
ES.v.0,action_x_surprise,cut|large,total_rel,1,4.0,0.30205191199238257,0.20919893989911942,0.41449262811491916
ES.v.0,action_x_surprise,cut|large,total_rel,2,4.0,0.3111625216888375,0.24575802162497806,0.4348914243651086
ES.v.0,action_x_surprise,cut|large,total_rel,3,4.0,0.3609022556390977,0.29199119882291,0.49760765550239233
ES.v.0,action_x_surprise,cut|large,total_rel,4,4.0,0.4038943512627723,0.3412008477207381,0.4928705968953647
ES.v.0,action_x_surprise,cut|large,total_rel,5,4.0,0.5506072874493927,0.44202967022583384,0.6125700924462534
ES.v.0,action_x_surprise,cut|large,total_rel,6,4.0,0.5112781954887218,0.43563126847639744,0.5868280326484661
ES.v.0,action_x_surprise,cut|large,total_rel,7,4.0,0.5962875102193987,0.41666554177184434,0.8059408084175885
ES.v.0,action_x_surprise,cut|large,total_rel,8,4.0,0.6148043906557839,0.4091467447793631,0.8223415387502075
ES.v.0,action_x_surprise,cut|large,total_rel,9,4.0,0.5947561210719106,0.3795777594794887,0.8101149624369439
ES.v.0,action_x_surprise,cut|large,total_rel,10,4.0,0.5739348370927317,0.41717174444189464,0.7380804953560371
ES.v.0,action_x_surprise,cut|large,total_rel,11,4.0,0.5571147119134735,0.41913581080169005,0.7456392936269097
ES.v.0,action_x_surprise,cut|large,total_rel,12,4.0,0.634663582032003,0.4363062053697979,0.9151572885319015
ES.v.0,action_x_surprise,cut|large,total_rel,13,4.0,0.641025641025641,0.4593687990172919,0.860919266492022
ES.v.0,action_x_surprise,cut|large,total_rel,14,4.0,0.6431463273568536,0.4921909801433566,0.838918357184611
ES.v.0,action_x_surprise,cut|large,total_rel,15,4.0,0.6533641796799692,0.4926971828134069,0.7873519669185304
ES.v.0,action_x_surprise,cut|large,total_rel,16,4.0,0.6304222093695777,0.45920006479394176,0.8637467795362532
ES.v.0,action_x_surprise,cut|large,total_rel,17,4.0,0.7144785039521881,0.45168126780146056,0.9663339756219014
ES.v.0,action_x_surprise,cut|large,total_rel,18,4.0,0.626951995373048,0.4652609980966779,0.7825412977115763
ES.v.0,action_x_surprise,cut|large,total_rel,19,4.0,0.6670522459996144,0.5236160419000824,0.7397605490484747
ES.v.0,action_x_surprise,cut|large,total_rel,20,4.0,0.6892230576441103,0.50874718213847,0.7960596678862932
ES.v.0,action_x_surprise,cut|large,total_rel,21,4.0,0.6790052053209947,0.5010596509226387,0.7984281971898071
ES.v.0,action_x_surprise,cut|large,total_rel,22,4.0,0.6460381723539619,0.5333517469962713,0.7417433959229625
ES.v.0,action_x_surprise,cut|large,total_rel,23,4.0,0.6134567187198766,0.530459901999163,0.7235705470999589
ES.v.0,action_x_surprise,cut|large,total_rel,24,4.0,0.7659533449007133,0.5531850271999568,0.9281387343306848
ES.v.0,action_x_surprise,cut|large,total_rel,25,4.0,0.6404472720262193,0.5196879091804916,0.7544307086102752
ES.v.0,action_x_surprise,cut|large,total_rel,26,4.0,0.5991902834008097,0.4785032599451951,0.7066097988698608
ES.v.0,action_x_surprise,cut|large,total_rel,27,4.0,0.6599815045635479,0.47064699450601366,0.809328339359299
ES.v.0,action_x_surprise,cut|large,total_rel,28,4.0,0.6313861577019472,0.5594022343526265,0.6902778336214869
ES.v.0,action_x_surprise,cut|large,total_rel,29,4.0,0.7079236552920763,0.5340505662720535,0.8096559786962264
ES.v.0,action_x_surprise,cut|large,total_rel,30,4.0,0.634663582032003,0.4327155410969074,0.8659594275693346
ES.v.0,action_x_surprise,cut|large,total_rel,31,4.0,0.6084441873915558,0.34709304680012415,0.8718396154928663
ES.v.0,action_x_surprise,cut|large,total_rel,32,4.0,0.5419317524580682,0.32291005790958544,0.767338543809132
ES.v.0,action_x_surprise,cut|large,total_rel,33,4.0,0.7634470792365529,0.3209459915497901,1.1771677239169498
ES.v.0,action_x_surprise,cut|large,total_rel,34,4.0,0.683439367649894,0.30573966334147756,1.0502846998203035
ES.v.0,action_x_surprise,cut|large,total_rel,35,4.0,0.5490649701176017,0.2926661357163105,0.8279157375132608
ES.v.0,action_x_surprise,cut|large,total_rel,36,4.0,0.5320994794679006,0.3059083975648277,0.7596224209227306
ES.v.0,action_x_surprise,cut|large,total_rel,37,4.0,0.7427794084140833,0.3622993750084367,1.0760931534925344
ES.v.0,action_x_surprise,cut|large,total_rel,38,4.0,0.6072874493927125,0.31701785883019934,0.9301262205286973
ES.v.0,action_x_surprise,cut|large,total_rel,39,4.0,0.585334995242116,0.29232866726961027,0.871640433869536
ES.v.0,action_x_surprise,cut|medium,ask_rel,-5,3.0,1.2227979274611398,1.1397008505230226,1.3785222514018027
ES.v.0,action_x_surprise,cut|medium,ask_rel,-4,3.0,1.095890410958904,1.0102093564228483,1.231883029313649
ES.v.0,action_x_surprise,cut|medium,ask_rel,-3,3.0,1.0273972602739727,0.948931790758748,1.070302403721892
ES.v.0,action_x_surprise,cut|medium,ask_rel,-2,3.0,0.538860103626943,0.44066292852580025,0.7222602404927168
ES.v.0,action_x_surprise,cut|medium,ask_rel,-1,3.0,0.6575342465753424,0.5152956206969976,0.687257689325407
ES.v.0,action_x_surprise,cut|medium,ask_rel,0,3.0,0.16981132075471697,0.16780721478150357,0.23559059188420778
ES.v.0,action_x_surprise,cut|medium,ask_rel,1,3.0,0.3316062176165803,0.26957669371395054,0.3644332457945915
ES.v.0,action_x_surprise,cut|medium,ask_rel,2,3.0,0.3316062176165803,0.29787858050640337,0.5288168074384272
ES.v.0,action_x_surprise,cut|medium,ask_rel,3,3.0,0.41450777202072536,0.3393293577084759,0.542870324366527
ES.v.0,action_x_surprise,cut|medium,ask_rel,4,3.0,0.45595854922279794,0.3600547463095122,0.6320888636524948
ES.v.0,action_x_surprise,cut|medium,ask_rel,5,3.0,0.49740932642487046,0.40908202170300123,0.7213074029384626
ES.v.0,action_x_surprise,cut|medium,ask_rel,6,3.0,0.538860103626943,0.4392413725681885,0.7420327915394989
ES.v.0,action_x_surprise,cut|medium,ask_rel,7,3.0,0.49740932642487046,0.3996480594388503,0.5843211015685996
ES.v.0,action_x_surprise,cut|medium,ask_rel,8,3.0,0.6632124352331606,0.558021311956203,0.8384555326850736
ES.v.0,action_x_surprise,cut|medium,ask_rel,9,3.0,0.6217616580310881,0.5089940365627139,1.180743842714174
ES.v.0,action_x_surprise,cut|medium,ask_rel,10,3.0,0.7461139896373057,0.5900381268941246,1.2429200085172831
ES.v.0,action_x_surprise,cut|medium,ask_rel,11,3.0,0.6424870466321243,0.5476586176556848,1.0130243452338703
ES.v.0,action_x_surprise,cut|medium,ask_rel,12,3.0,0.7046632124352331,0.5976146250855411,1.1057562637518632
ES.v.0,action_x_surprise,cut|medium,ask_rel,13,3.0,0.7875647668393783,0.6296314400234627,1.434878273830648
ES.v.0,action_x_surprise,cut|medium,ask_rel,14,3.0,0.6424870466321243,0.5476586176556848,1.5541202356448294
ES.v.0,action_x_surprise,cut|medium,ask_rel,15,3.0,0.8497409326424871,0.68902140971747,1.363226630704805
ES.v.0,action_x_surprise,cut|medium,ask_rel,16,3.0,1.077720207253886,0.869048782872226,1.5114628433529704
ES.v.0,action_x_surprise,cut|medium,ask_rel,17,3.0,0.9948186528497409,0.8087300811418516,1.5522038469728157
ES.v.0,action_x_surprise,cut|medium,ask_rel,18,3.0,0.8911917098445595,0.7852184964317137,1.6168287316346086
ES.v.0,action_x_surprise,cut|medium,ask_rel,19,3.0,0.9119170984455959,0.8144491152605338,1.229931151962524
ES.v.0,action_x_surprise,cut|medium,ask_rel,20,3.0,0.7668393782383419,0.6664385570436993,1.061501880899993
ES.v.0,action_x_surprise,cut|medium,ask_rel,21,3.0,0.8082901554404145,0.7248997947013394,1.7260628859393852
ES.v.0,action_x_surprise,cut|medium,ask_rel,22,3.0,0.9740932642487047,0.8455371981620882,1.5760877280147632
ES.v.0,action_x_surprise,cut|medium,ask_rel,23,3.0,0.9533678756476683,0.8729103529181739,1.8123003761799985
ES.v.0,action_x_surprise,cut|medium,ask_rel,24,3.0,0.9740932642487047,0.8644051226903902,1.425402796507914
ES.v.0,action_x_surprise,cut|medium,ask_rel,25,3.0,1.077720207253886,0.8879167074005279,1.3676272269146144
ES.v.0,action_x_surprise,cut|medium,ask_rel,26,3.0,0.9119170984455959,0.8144491152605338,1.408013343743346
ES.v.0,action_x_surprise,cut|medium,ask_rel,27,3.0,1.0155440414507773,0.8473946622348225,1.7885939385336078
ES.v.0,action_x_surprise,cut|medium,ask_rel,28,3.0,1.1191709844559585,0.8614722846808094,1.7856128894882533
ES.v.0,action_x_surprise,cut|medium,ask_rel,29,3.0,0.8497409326424871,0.7833610323589794,1.0207608772801477
ES.v.0,action_x_surprise,cut|medium,ask_rel,30,3.0,0.8290155440414507,0.6786587154169518,0.9213570870892185
ES.v.0,action_x_surprise,cut|medium,ask_rel,31,3.0,0.9740932642487047,0.7700655000488806,1.206224714316133
ES.v.0,action_x_surprise,cut|medium,ask_rel,32,3.0,0.9726027397260274,0.759886275523391,0.9837106962878841
ES.v.0,action_x_surprise,cut|medium,ask_rel,33,3.0,1.1191709844559585,0.7860005865676019,1.5321882319540068
ES.v.0,action_x_surprise,cut|medium,ask_rel,34,3.0,0.8493150684931506,0.6322047040578961,0.9427922492724821
ES.v.0,action_x_surprise,cut|medium,ask_rel,35,3.0,0.7534246575342466,0.5182217627293875,1.0088366810987295
ES.v.0,action_x_surprise,cut|medium,ask_rel,36,3.0,0.9726027397260274,0.5806409925045232,1.0873376392930656
ES.v.0,action_x_surprise,cut|medium,ask_rel,37,3.0,0.9452054794520548,0.6235461359524425,1.0114628433529704
ES.v.0,action_x_surprise,cut|medium,ask_rel,38,3.0,0.9740932642487047,0.5813862547658618,1.0349918376038043
ES.v.0,action_x_surprise,cut|medium,ask_rel,39,3.0,0.9315068493150684,0.5883949340914965,0.9424373624813684
ES.v.0,action_x_surprise,cut|medium,bid_rel,-5,3.0,1.1612903225806452,1.144908484174335,1.2368951612903225
ES.v.0,action_x_surprise,cut|medium,bid_rel,-4,3.0,1.140625,1.0217231583072102,1.2011368727598566
ES.v.0,action_x_surprise,cut|medium,bid_rel,-3,3.0,0.890625,0.7713313087774294,0.8969254032258065
ES.v.0,action_x_surprise,cut|medium,bid_rel,-2,3.0,0.6738351254480287,0.6650425627240144,0.9952247727553623
ES.v.0,action_x_surprise,cut|medium,bid_rel,-1,3.0,0.27586206896551724,0.23828945742182672,0.3098060344827586
ES.v.0,action_x_surprise,cut|medium,bid_rel,0,3.0,0.15625,0.13547267025089604,0.22859521943573669
ES.v.0,action_x_surprise,cut|medium,bid_rel,1,3.0,0.22939068100358423,0.20063284050179211,0.31532229974944104
ES.v.0,action_x_surprise,cut|medium,bid_rel,2,3.0,0.2867383512544803,0.25274417562724016,0.36907450478084514
ES.v.0,action_x_surprise,cut|medium,bid_rel,3,3.0,0.34408602150537637,0.2579805107526882,0.5168705969595848
ES.v.0,action_x_surprise,cut|medium,bid_rel,4,3.0,0.2867383512544803,0.25274417562724016,0.4944663543106257
ES.v.0,action_x_surprise,cut|medium,bid_rel,5,3.0,0.34408602150537637,0.2814180107526882,0.5732969292479859
ES.v.0,action_x_surprise,cut|medium,bid_rel,6,3.0,0.4014336917562724,0.3413418458781362,0.6709362816148133
ES.v.0,action_x_surprise,cut|medium,bid_rel,7,3.0,0.4157706093189964,0.36413530465949817,0.847383737261379
ES.v.0,action_x_surprise,cut|medium,bid_rel,8,3.0,0.4157706093189964,0.37976030465949817,0.6530263704902192
ES.v.0,action_x_surprise,cut|medium,bid_rel,9,3.0,0.45878136200716846,0.40126568100358423,0.7058797092167504
ES.v.0,action_x_surprise,cut|medium,bid_rel,10,3.0,0.4157706093189964,0.37976030465949817,0.8097661824024449
ES.v.0,action_x_surprise,cut|medium,bid_rel,11,3.0,0.5017921146953405,0.41495855734767023,0.8778553049965732
ES.v.0,action_x_surprise,cut|medium,bid_rel,12,3.0,0.4444444444444444,0.4097222222222222,0.8491814698711251
ES.v.0,action_x_surprise,cut|medium,bid_rel,13,3.0,0.5448028673835126,0.4442764336917563,1.1689531578296872
ES.v.0,action_x_surprise,cut|medium,bid_rel,14,3.0,0.5878136200716846,0.5282818100358423,1.1591105717913281
ES.v.0,action_x_surprise,cut|medium,bid_rel,15,3.0,0.4874551971326165,0.4156025985663082,1.2468623948045527
ES.v.0,action_x_surprise,cut|medium,bid_rel,16,3.0,0.45878136200716846,0.41689068100358423,1.082055257806092
ES.v.0,action_x_surprise,cut|medium,bid_rel,17,3.0,0.5734767025089605,0.4898633512544803,1.3024123324457029
ES.v.0,action_x_surprise,cut|medium,bid_rel,18,3.0,0.7741935483870968,0.5980342741935484,1.0955607240368086
ES.v.0,action_x_surprise,cut|medium,bid_rel,19,3.0,0.6164874551971327,0.5348062275985663,1.2110650442129864
ES.v.0,action_x_surprise,cut|medium,bid_rel,20,3.0,0.6881720430107527,0.6018985215053764,1.190481005831395
ES.v.0,action_x_surprise,cut|medium,bid_rel,21,3.0,0.7455197132616488,0.6227598566308243,1.1251109538095079
ES.v.0,action_x_surprise,cut|medium,bid_rel,22,3.0,0.6451612903225806,0.5882056451612903,1.2880978865406008
ES.v.0,action_x_surprise,cut|medium,bid_rel,23,3.0,0.7455197132616488,0.5915098566308243,1.2630419882922663
ES.v.0,action_x_surprise,cut|medium,bid_rel,24,3.0,0.7168458781362007,0.6552979390681004,1.6374198042718622
ES.v.0,action_x_surprise,cut|medium,bid_rel,25,3.0,0.6021505376344086,0.5823252688172043,1.2728621026730036
ES.v.0,action_x_surprise,cut|medium,bid_rel,26,3.0,0.59375,0.5406025985663082,1.00533894984326
ES.v.0,action_x_surprise,cut|medium,bid_rel,27,3.0,0.8458781362007168,0.6885640681003584,1.432343456815092
ES.v.0,action_x_surprise,cut|medium,bid_rel,28,3.0,0.7741935483870968,0.5980342741935484,1.6033977146324196
ES.v.0,action_x_surprise,cut|medium,bid_rel,29,3.0,0.7741935483870968,0.6058467741935484,1.4466579027201942
ES.v.0,action_x_surprise,cut|medium,bid_rel,30,3.0,0.5448028673835126,0.4755264336917563,1.1940315277356435
ES.v.0,action_x_surprise,cut|medium,bid_rel,31,3.0,0.7598566308243727,0.5674283154121864,0.9316524533432209
ES.v.0,action_x_surprise,cut|medium,bid_rel,32,3.0,0.7168458781362007,0.49904793906810035,0.9289558544286018
ES.v.0,action_x_surprise,cut|medium,bid_rel,33,3.0,0.8028673835125448,0.5889336917562724,1.0722800867405984
ES.v.0,action_x_surprise,cut|medium,bid_rel,34,3.0,0.6594982078853047,0.5953741039426523,0.7184638374849721
ES.v.0,action_x_surprise,cut|medium,bid_rel,35,3.0,0.8315412186379928,0.5251456093189963,0.8671812676262065
ES.v.0,action_x_surprise,cut|medium,bid_rel,36,3.0,0.8025078369905956,0.5106289184952978,0.8026876102515702
ES.v.0,action_x_surprise,cut|medium,bid_rel,37,3.0,0.6594982078853047,0.40787410394265233,0.693385467579016
ES.v.0,action_x_surprise,cut|medium,bid_rel,38,3.0,0.8602150537634409,0.5238575268817205,0.9065965550948866
ES.v.0,action_x_surprise,cut|medium,bid_rel,39,3.0,0.6164874551971327,0.40199372759856633,0.7094976460938641
ES.v.0,action_x_surprise,cut|medium,bid_share,-5,3.0,0.5763586956521739,0.5350929280730006,0.581282796101949
ES.v.0,action_x_surprise,cut|medium,bid_share,-4,3.0,0.5873257839721254,0.5106542339774047,0.5877904464437317
ES.v.0,action_x_surprise,cut|medium,bid_share,-3,3.0,0.5073529411764706,0.45822828478467215,0.550419055333998
ES.v.0,action_x_surprise,cut|medium,bid_share,-2,3.0,0.5957446808510638,0.5275426700958616,0.6444409678765123
ES.v.0,action_x_surprise,cut|medium,bid_share,-1,3.0,0.3689931350114416,0.3363410997850357,0.380650413659567
ES.v.0,action_x_surprise,cut|medium,bid_share,0,3.0,0.5,0.5,0.5351648351648352
ES.v.0,action_x_surprise,cut|medium,bid_share,1,3.0,0.5238095238095238,0.5119047619047619,0.5441964285714286
ES.v.0,action_x_surprise,cut|medium,bid_share,2,3.0,0.5,0.45731396534148827,0.5166666666666666
ES.v.0,action_x_surprise,cut|medium,bid_share,3,3.0,0.46862745098039216,0.4651483670391233,0.5078179989944696
ES.v.0,action_x_surprise,cut|medium,bid_share,4,3.0,0.48272017837235226,0.47932233880096814,0.4867304595565465
ES.v.0,action_x_surprise,cut|medium,bid_share,5,3.0,0.4752941176470588,0.4593550118874147,0.4930818414322251
ES.v.0,action_x_surprise,cut|medium,bid_share,6,3.0,0.543560606060606,0.5408592503987241,0.5549864845639493
ES.v.0,action_x_surprise,cut|medium,bid_share,7,3.0,0.5508620689655173,0.549294670846395,0.6077095154954169
ES.v.0,action_x_surprise,cut|medium,bid_share,8,3.0,0.4852941176470588,0.47120098039215685,0.5035994397759104
ES.v.0,action_x_surprise,cut|medium,bid_share,9,3.0,0.47673160173160173,0.4198789186205294,0.4791065416065416
ES.v.0,action_x_surprise,cut|medium,bid_share,10,3.0,0.4409722222222222,0.43039389338731443,0.46585648148148145
ES.v.0,action_x_surprise,cut|medium,bid_share,11,3.0,0.4791304347826087,0.4717347089167281,0.5057110507246376
ES.v.0,action_x_surprise,cut|medium,bid_share,12,3.0,0.5,0.4766724503566609,0.5
ES.v.0,action_x_surprise,cut|medium,bid_share,13,3.0,0.49725274725274726,0.4854319291819292,0.4976739926739927
ES.v.0,action_x_surprise,cut|medium,bid_share,14,3.0,0.5287267080745341,0.48187487477459423,0.5488871635610766
ES.v.0,action_x_surprise,cut|medium,bid_share,15,3.0,0.46411483253588515,0.4604110748045279,0.5085595552360525
ES.v.0,action_x_surprise,cut|medium,bid_share,16,3.0,0.4127789046653144,0.4086621796053845,0.43624015823410145
ES.v.0,action_x_surprise,cut|medium,bid_share,17,3.0,0.45264780050434295,0.438305467072448,0.4596572335855048
ES.v.0,action_x_surprise,cut|medium,bid_share,18,3.0,0.43487394957983194,0.41703374898346435,0.4883065400073073
ES.v.0,action_x_surprise,cut|medium,bid_share,19,3.0,0.480297157622739,0.4578569121447028,0.5424859771853533
ES.v.0,action_x_surprise,cut|medium,bid_share,20,3.0,0.5540697674418604,0.5270348837209302,0.5700667160190669
ES.v.0,action_x_surprise,cut|medium,bid_share,21,3.0,0.4871050934880722,0.43564111191674265,0.5149603841896093
ES.v.0,action_x_surprise,cut|medium,bid_share,22,3.0,0.4922236233711643,0.46909317814520946,0.5092697064224243
ES.v.0,action_x_surprise,cut|medium,bid_share,23,3.0,0.41265446341588474,0.4063272317079424,0.4845603828919132
ES.v.0,action_x_surprise,cut|medium,bid_share,24,3.0,0.5222332015810276,0.518282857956771,0.5564601284532513
ES.v.0,action_x_surprise,cut|medium,bid_share,25,3.0,0.5,0.4836879432624114,0.5433471933471934
ES.v.0,action_x_surprise,cut|medium,bid_share,26,3.0,0.4716451431779899,0.44533145351167,0.4854562712226946
ES.v.0,action_x_surprise,cut|medium,bid_share,27,3.0,0.5298245614035088,0.4418645248277455,0.5489196336429308
ES.v.0,action_x_surprise,cut|medium,bid_share,28,3.0,0.475,0.46091662737702344,0.480316091954023
ES.v.0,action_x_surprise,cut|medium,bid_share,29,3.0,0.5633834929320565,0.5056028172464275,0.6124580445979383
ES.v.0,action_x_surprise,cut|medium,bid_share,30,3.0,0.4877757901013715,0.4865349538742152,0.559267655202169
ES.v.0,action_x_surprise,cut|medium,bid_share,31,3.0,0.45138888888888884,0.4407268740460236,0.4637896825396825
ES.v.0,action_x_surprise,cut|medium,bid_share,32,3.0,0.5424641148325359,0.46725478468899523,0.5584010071879575
ES.v.0,action_x_surprise,cut|medium,bid_share,33,3.0,0.52,0.4836498731424429,0.5201369863013698
ES.v.0,action_x_surprise,cut|medium,bid_share,34,3.0,0.5,0.48984962406015037,0.5428885630498534
ES.v.0,action_x_surprise,cut|medium,bid_share,35,3.0,0.47674622674622674,0.4711112086112086,0.5274227379839905
ES.v.0,action_x_surprise,cut|medium,bid_share,36,3.0,0.4813793103448276,0.4779055642633229,0.5105425963488844
ES.v.0,action_x_surprise,cut|medium,bid_share,37,3.0,0.4735054347826087,0.4510384316770186,0.47589452796168635
ES.v.0,action_x_surprise,cut|medium,bid_share,38,3.0,0.475,0.4705316742081448,0.5228095632946379
ES.v.0,action_x_surprise,cut|medium,bid_share,39,3.0,0.4723076923076923,0.47159617538116977,0.47782051282051285
ES.v.0,action_x_surprise,cut|medium,total_rel,-5,3.0,1.2538631346578366,1.2093726808192824,1.2988310963713046
ES.v.0,action_x_surprise,cut|medium,total_rel,-4,3.0,1.0419426048565121,0.935414002585242,1.1762175551049157
ES.v.0,action_x_surprise,cut|medium,total_rel,-3,3.0,0.9079229122055674,0.8715438736852013,0.9484426923058742
ES.v.0,action_x_surprise,cut|medium,total_rel,-2,3.0,0.7152317880794702,0.6659670717699278,0.8536912472579454
ES.v.0,action_x_surprise,cut|medium,total_rel,-1,3.0,0.42700156985871274,0.3633937185482,0.522551557556288
ES.v.0,action_x_surprise,cut|medium,total_rel,0,3.0,0.17660044150110377,0.15682270469059473,0.24214637459670574
ES.v.0,action_x_surprise,cut|medium,total_rel,1,3.0,0.2740899357601713,0.24300523278074793,0.35996490508573714
ES.v.0,action_x_surprise,cut|medium,total_rel,2,3.0,0.3083511777301927,0.2689658758408138,0.4807062011099943
ES.v.0,action_x_surprise,cut|medium,total_rel,3,3.0,0.35974304068522484,0.2858317852432747,0.5032624151620787
ES.v.0,action_x_surprise,cut|medium,total_rel,4,3.0,0.3426124197002141,0.2860964968258245,0.4946971046695733
ES.v.0,action_x_surprise,cut|medium,total_rel,5,3.0,0.4197002141327623,0.35113046026726413,0.6180133723725036
ES.v.0,action_x_surprise,cut|medium,total_rel,6,3.0,0.44539614561027835,0.377223459118605,0.6716776646418738
ES.v.0,action_x_surprise,cut|medium,total_rel,7,3.0,0.4625267665952891,0.3990338027236931,0.6959415622615378
ES.v.0,action_x_surprise,cut|medium,total_rel,8,3.0,0.48822269807280516,0.4383718346876167,0.7119292454257276
ES.v.0,action_x_surprise,cut|medium,total_rel,9,3.0,0.556745182012848,0.4638030545825829,0.9157352283690613
ES.v.0,action_x_surprise,cut|medium,total_rel,10,3.0,0.556745182012848,0.4726330766576381,0.9565515548996736
ES.v.0,action_x_surprise,cut|medium,total_rel,11,3.0,0.5481798715203426,0.46835042141138544,0.8486582246141745
ES.v.0,action_x_surprise,cut|medium,total_rel,12,3.0,0.5310492505353319,0.4730301440314629,0.8495120663979643
ES.v.0,action_x_surprise,cut|medium,total_rel,13,3.0,0.6423982869379015,0.5331196732702752,1.0621724558708345
ES.v.0,action_x_surprise,cut|medium,total_rel,14,3.0,0.6509635974304069,0.5638923947416935,1.3678679839585315
ES.v.0,action_x_surprise,cut|medium,total_rel,15,3.0,0.6338329764453962,0.5420820511366053,1.27453030297937
ES.v.0,action_x_surprise,cut|medium,total_rel,16,3.0,0.6852248394004282,0.5766080046891766,1.312785104158613
ES.v.0,action_x_surprise,cut|medium,total_rel,17,3.0,0.7880085653104925,0.6456599117943191,1.4740670770037547
ES.v.0,action_x_surprise,cut|medium,total_rel,18,3.0,0.7623126338329764,0.6372269570930886,1.275975783164526
ES.v.0,action_x_surprise,cut|medium,total_rel,19,3.0,0.702355460385439,0.6381534476320131,1.1361070865506473
ES.v.0,action_x_surprise,cut|medium,total_rel,20,3.0,0.7366167023554604,0.6332090134293858,1.118700815855909
ES.v.0,action_x_surprise,cut|medium,total_rel,21,3.0,0.702355460385439,0.6249084145194304,1.3590270237562987
ES.v.0,action_x_surprise,cut|medium,total_rel,22,3.0,0.7708779443254818,0.6856597227146173,1.3775896785991617
ES.v.0,action_x_surprise,cut|medium,total_rel,23,3.0,0.8222698072805139,0.7201856762671885,1.3624692835460654
ES.v.0,action_x_surprise,cut|medium,total_rel,24,3.0,0.7794432548179872,0.7031874110734527,1.485483008884661
ES.v.0,action_x_surprise,cut|medium,total_rel,25,3.0,0.7623126338329764,0.6813770674683646,1.175504825550711
ES.v.0,action_x_surprise,cut|medium,total_rel,26,3.0,0.702355460385439,0.6690585248947063,1.1141290645726252
ES.v.0,action_x_surprise,cut|medium,total_rel,27,3.0,0.9250535331905781,0.7627475171471654,1.602244192027
ES.v.0,action_x_surprise,cut|medium,total_rel,28,3.0,0.8993576017130621,0.7101644520706591,1.3539174193808639
ES.v.0,action_x_surprise,cut|medium,total_rel,29,3.0,0.7794432548179872,0.6546222896606493,1.1746509837669215
ES.v.0,action_x_surprise,cut|medium,total_rel,30,3.0,0.6509635974304069,0.5638923947416935,1.0727345459679507
ES.v.0,action_x_surprise,cut|medium,total_rel,31,3.0,0.7794432548179872,0.6237172123979561,1.0113856776444723
ES.v.0,action_x_surprise,cut|medium,total_rel,32,3.0,0.8051391862955032,0.6144901229490761,0.9237626857694157
ES.v.0,action_x_surprise,cut|medium,total_rel,33,3.0,0.9593147751605996,0.6827478953065691,1.19551296057873
ES.v.0,action_x_surprise,cut|medium,total_rel,34,3.0,0.8037676609105181,0.6358794154442216,0.8215840445880214
ES.v.0,action_x_surprise,cut|medium,total_rel,35,3.0,0.8288854003139717,0.6087031858081999,0.902665398229791
ES.v.0,action_x_surprise,cut|medium,total_rel,36,3.0,0.7974882260596546,0.5047043779304896,0.8612708796251164
ES.v.0,action_x_surprise,cut|medium,total_rel,37,3.0,0.7880085653104925,0.5087945696309637,0.7958881131105053
ES.v.0,action_x_surprise,cut|medium,total_rel,38,3.0,0.8907922912205567,0.5425263884358854,0.9069346071487399
ES.v.0,action_x_surprise,cut|medium,total_rel,39,3.0,0.728051391862955,0.46115593875708455,0.7721889612376
ES.v.0,action_x_surprise,cut|small,ask_rel,-5,1.0,1.1887550200803212,1.1887550200803212,1.1887550200803212
ES.v.0,action_x_surprise,cut|small,ask_rel,-4,1.0,1.108433734939759,1.108433734939759,1.108433734939759
ES.v.0,action_x_surprise,cut|small,ask_rel,-3,1.0,1.0281124497991967,1.0281124497991967,1.0281124497991967
ES.v.0,action_x_surprise,cut|small,ask_rel,-2,1.0,0.6746987951807228,0.6746987951807228,0.6746987951807228
ES.v.0,action_x_surprise,cut|small,ask_rel,-1,1.0,0.3855421686746988,0.3855421686746988,0.3855421686746988
ES.v.0,action_x_surprise,cut|small,ask_rel,0,1.0,0.1606425702811245,0.1606425702811245,0.1606425702811245
ES.v.0,action_x_surprise,cut|small,ask_rel,1,1.0,0.2891566265060241,0.2891566265060241,0.2891566265060241
ES.v.0,action_x_surprise,cut|small,ask_rel,2,1.0,0.2891566265060241,0.2891566265060241,0.2891566265060241
ES.v.0,action_x_surprise,cut|small,ask_rel,3,1.0,0.2891566265060241,0.2891566265060241,0.2891566265060241
ES.v.0,action_x_surprise,cut|small,ask_rel,4,1.0,0.3534136546184739,0.3534136546184739,0.3534136546184739
ES.v.0,action_x_surprise,cut|small,ask_rel,5,1.0,0.27309236947791166,0.27309236947791166,0.27309236947791166
ES.v.0,action_x_surprise,cut|small,ask_rel,6,1.0,0.41767068273092367,0.41767068273092367,0.41767068273092367
ES.v.0,action_x_surprise,cut|small,ask_rel,7,1.0,0.40160642570281124,0.40160642570281124,0.40160642570281124
ES.v.0,action_x_surprise,cut|small,ask_rel,8,1.0,0.321285140562249,0.321285140562249,0.321285140562249
ES.v.0,action_x_surprise,cut|small,ask_rel,9,1.0,0.5140562248995983,0.5140562248995983,0.5140562248995983
ES.v.0,action_x_surprise,cut|small,ask_rel,10,1.0,0.3855421686746988,0.3855421686746988,0.3855421686746988
ES.v.0,action_x_surprise,cut|small,ask_rel,11,1.0,0.4979919678714859,0.4979919678714859,0.4979919678714859
ES.v.0,action_x_surprise,cut|small,ask_rel,12,1.0,0.321285140562249,0.321285140562249,0.321285140562249
ES.v.0,action_x_surprise,cut|small,ask_rel,13,1.0,0.4497991967871486,0.4497991967871486,0.4497991967871486
ES.v.0,action_x_surprise,cut|small,ask_rel,14,1.0,0.43373493975903615,0.43373493975903615,0.43373493975903615
ES.v.0,action_x_surprise,cut|small,ask_rel,15,1.0,0.8032128514056225,0.8032128514056225,0.8032128514056225
ES.v.0,action_x_surprise,cut|small,ask_rel,16,1.0,0.7710843373493976,0.7710843373493976,0.7710843373493976
ES.v.0,action_x_surprise,cut|small,ask_rel,17,1.0,0.7068273092369478,0.7068273092369478,0.7068273092369478
ES.v.0,action_x_surprise,cut|small,ask_rel,18,1.0,0.6746987951807228,0.6746987951807228,0.6746987951807228
ES.v.0,action_x_surprise,cut|small,ask_rel,19,1.0,0.6586345381526104,0.6586345381526104,0.6586345381526104
ES.v.0,action_x_surprise,cut|small,ask_rel,20,1.0,0.3855421686746988,0.3855421686746988,0.3855421686746988
ES.v.0,action_x_surprise,cut|small,ask_rel,21,1.0,0.642570281124498,0.642570281124498,0.642570281124498
ES.v.0,action_x_surprise,cut|small,ask_rel,22,1.0,0.6586345381526104,0.6586345381526104,0.6586345381526104
ES.v.0,action_x_surprise,cut|small,ask_rel,23,1.0,0.5943775100401606,0.5943775100401606,0.5943775100401606
ES.v.0,action_x_surprise,cut|small,ask_rel,24,1.0,0.6104417670682731,0.6104417670682731,0.6104417670682731
ES.v.0,action_x_surprise,cut|small,ask_rel,25,1.0,0.7550200803212851,0.7550200803212851,0.7550200803212851
ES.v.0,action_x_surprise,cut|small,ask_rel,26,1.0,0.41767068273092367,0.41767068273092367,0.41767068273092367
ES.v.0,action_x_surprise,cut|small,ask_rel,27,1.0,0.7710843373493976,0.7710843373493976,0.7710843373493976
ES.v.0,action_x_surprise,cut|small,ask_rel,28,1.0,0.6586345381526104,0.6586345381526104,0.6586345381526104
ES.v.0,action_x_surprise,cut|small,ask_rel,29,1.0,0.3534136546184739,0.3534136546184739,0.3534136546184739
ES.v.0,action_x_surprise,cut|small,ask_rel,30,1.0,0.3534136546184739,0.3534136546184739,0.3534136546184739
ES.v.0,action_x_surprise,cut|small,ask_rel,31,1.0,0.2570281124497992,0.2570281124497992,0.2570281124497992
ES.v.0,action_x_surprise,cut|small,ask_rel,32,1.0,0.321285140562249,0.321285140562249,0.321285140562249
ES.v.0,action_x_surprise,cut|small,ask_rel,33,1.0,0.3534136546184739,0.3534136546184739,0.3534136546184739
ES.v.0,action_x_surprise,cut|small,ask_rel,34,1.0,0.4497991967871486,0.4497991967871486,0.4497991967871486
ES.v.0,action_x_surprise,cut|small,ask_rel,35,1.0,0.2891566265060241,0.2891566265060241,0.2891566265060241
ES.v.0,action_x_surprise,cut|small,ask_rel,36,1.0,0.1927710843373494,0.1927710843373494,0.1927710843373494
ES.v.0,action_x_surprise,cut|small,ask_rel,37,1.0,0.1606425702811245,0.1606425702811245,0.1606425702811245
ES.v.0,action_x_surprise,cut|small,ask_rel,38,1.0,0.1927710843373494,0.1927710843373494,0.1927710843373494
ES.v.0,action_x_surprise,cut|small,ask_rel,39,1.0,0.24096385542168675,0.24096385542168675,0.24096385542168675
ES.v.0,action_x_surprise,cut|small,bid_rel,-5,1.0,1.2827004219409284,1.2827004219409284,1.2827004219409284
ES.v.0,action_x_surprise,cut|small,bid_rel,-4,1.0,1.40084388185654,1.40084388185654,1.40084388185654
ES.v.0,action_x_surprise,cut|small,bid_rel,-3,1.0,0.6413502109704642,0.6413502109704642,0.6413502109704642
ES.v.0,action_x_surprise,cut|small,bid_rel,-2,1.0,0.6751054852320675,0.6751054852320675,0.6751054852320675
ES.v.0,action_x_surprise,cut|small,bid_rel,-1,1.0,0.4388185654008439,0.4388185654008439,0.4388185654008439
ES.v.0,action_x_surprise,cut|small,bid_rel,0,1.0,0.23628691983122363,0.23628691983122363,0.23628691983122363
ES.v.0,action_x_surprise,cut|small,bid_rel,1,1.0,0.3037974683544304,0.3037974683544304,0.3037974683544304
ES.v.0,action_x_surprise,cut|small,bid_rel,2,1.0,0.25316455696202533,0.25316455696202533,0.25316455696202533
ES.v.0,action_x_surprise,cut|small,bid_rel,3,1.0,0.2869198312236287,0.2869198312236287,0.2869198312236287
ES.v.0,action_x_surprise,cut|small,bid_rel,4,1.0,0.37130801687763715,0.37130801687763715,0.37130801687763715
ES.v.0,action_x_surprise,cut|small,bid_rel,5,1.0,0.2869198312236287,0.2869198312236287,0.2869198312236287
ES.v.0,action_x_surprise,cut|small,bid_rel,6,1.0,0.45569620253164556,0.45569620253164556,0.45569620253164556
ES.v.0,action_x_surprise,cut|small,bid_rel,7,1.0,0.6244725738396625,0.6244725738396625,0.6244725738396625
ES.v.0,action_x_surprise,cut|small,bid_rel,8,1.0,0.4388185654008439,0.4388185654008439,0.4388185654008439
ES.v.0,action_x_surprise,cut|small,bid_rel,9,1.0,0.33755274261603374,0.33755274261603374,0.33755274261603374
ES.v.0,action_x_surprise,cut|small,bid_rel,10,1.0,0.47257383966244726,0.47257383966244726,0.47257383966244726
ES.v.0,action_x_surprise,cut|small,bid_rel,11,1.0,0.5063291139240507,0.5063291139240507,0.5063291139240507
ES.v.0,action_x_surprise,cut|small,bid_rel,12,1.0,0.6919831223628692,0.6919831223628692,0.6919831223628692
ES.v.0,action_x_surprise,cut|small,bid_rel,13,1.0,0.5569620253164557,0.5569620253164557,0.5569620253164557
ES.v.0,action_x_surprise,cut|small,bid_rel,14,1.0,0.7088607594936709,0.7088607594936709,0.7088607594936709
ES.v.0,action_x_surprise,cut|small,bid_rel,15,1.0,0.5907172995780591,0.5907172995780591,0.5907172995780591
ES.v.0,action_x_surprise,cut|small,bid_rel,16,1.0,0.5232067510548524,0.5232067510548524,0.5232067510548524
ES.v.0,action_x_surprise,cut|small,bid_rel,17,1.0,0.6075949367088608,0.6075949367088608,0.6075949367088608
ES.v.0,action_x_surprise,cut|small,bid_rel,18,1.0,0.5063291139240507,0.5063291139240507,0.5063291139240507
ES.v.0,action_x_surprise,cut|small,bid_rel,19,1.0,0.5232067510548524,0.5232067510548524,0.5232067510548524
ES.v.0,action_x_surprise,cut|small,bid_rel,20,1.0,0.8607594936708861,0.8607594936708861,0.8607594936708861
ES.v.0,action_x_surprise,cut|small,bid_rel,21,1.0,0.7426160337552743,0.7426160337552743,0.7426160337552743
ES.v.0,action_x_surprise,cut|small,bid_rel,22,1.0,0.6582278481012658,0.6582278481012658,0.6582278481012658
ES.v.0,action_x_surprise,cut|small,bid_rel,23,1.0,0.4388185654008439,0.4388185654008439,0.4388185654008439
ES.v.0,action_x_surprise,cut|small,bid_rel,24,1.0,0.6075949367088608,0.6075949367088608,0.6075949367088608
ES.v.0,action_x_surprise,cut|small,bid_rel,25,1.0,0.4050632911392405,0.4050632911392405,0.4050632911392405
ES.v.0,action_x_surprise,cut|small,bid_rel,26,1.0,0.6751054852320675,0.6751054852320675,0.6751054852320675
ES.v.0,action_x_surprise,cut|small,bid_rel,27,1.0,0.6751054852320675,0.6751054852320675,0.6751054852320675
ES.v.0,action_x_surprise,cut|small,bid_rel,28,1.0,0.5063291139240507,0.5063291139240507,0.5063291139240507
ES.v.0,action_x_surprise,cut|small,bid_rel,29,1.0,0.6413502109704642,0.6413502109704642,0.6413502109704642
ES.v.0,action_x_surprise,cut|small,bid_rel,30,1.0,0.47257383966244726,0.47257383966244726,0.47257383966244726
ES.v.0,action_x_surprise,cut|small,bid_rel,31,1.0,0.2869198312236287,0.2869198312236287,0.2869198312236287
ES.v.0,action_x_surprise,cut|small,bid_rel,32,1.0,0.35443037974683544,0.35443037974683544,0.35443037974683544
ES.v.0,action_x_surprise,cut|small,bid_rel,33,1.0,0.37130801687763715,0.37130801687763715,0.37130801687763715
ES.v.0,action_x_surprise,cut|small,bid_rel,34,1.0,0.37130801687763715,0.37130801687763715,0.37130801687763715
ES.v.0,action_x_surprise,cut|small,bid_rel,35,1.0,0.270042194092827,0.270042194092827,0.270042194092827
ES.v.0,action_x_surprise,cut|small,bid_rel,36,1.0,0.21940928270042195,0.21940928270042195,0.21940928270042195
ES.v.0,action_x_surprise,cut|small,bid_rel,37,1.0,0.18565400843881857,0.18565400843881857,0.18565400843881857
ES.v.0,action_x_surprise,cut|small,bid_rel,38,1.0,0.18565400843881857,0.18565400843881857,0.18565400843881857
ES.v.0,action_x_surprise,cut|small,bid_rel,39,1.0,0.21940928270042195,0.21940928270042195,0.21940928270042195
ES.v.0,action_x_surprise,cut|small,bid_share,-5,1.0,0.5,0.5,0.5
ES.v.0,action_x_surprise,cut|small,bid_share,-4,1.0,0.5839331989634322,0.5839331989634322,0.5839331989634322
ES.v.0,action_x_surprise,cut|small,bid_share,-3,1.0,0.44863731656184486,0.44863731656184486,0.44863731656184486
ES.v.0,action_x_surprise,cut|small,bid_share,-2,1.0,0.49025641025641026,0.49025641025641026,0.49025641025641026
ES.v.0,action_x_surprise,cut|small,bid_share,-1,1.0,0.5055555555555555,0.5055555555555555,0.5055555555555555
ES.v.0,action_x_surprise,cut|small,bid_share,0,1.0,0.5603864734299517,0.5603864734299517,0.5603864734299517
ES.v.0,action_x_surprise,cut|small,bid_share,1,1.0,0.5,0.5,0.5
ES.v.0,action_x_surprise,cut|small,bid_share,2,1.0,0.4400921658986175,0.4400921658986175,0.4400921658986175
ES.v.0,action_x_surprise,cut|small,bid_share,3,1.0,0.5192592592592593,0.5192592592592593,0.5192592592592593
ES.v.0,action_x_surprise,cut|small,bid_share,4,1.0,0.5166666666666666,0.5166666666666666,0.5166666666666666
ES.v.0,action_x_surprise,cut|small,bid_share,5,1.0,0.48333333333333334,0.48333333333333334,0.48333333333333334
ES.v.0,action_x_surprise,cut|small,bid_share,6,1.0,0.4849267872523686,0.4849267872523686,0.4849267872523686
ES.v.0,action_x_surprise,cut|small,bid_share,7,1.0,0.5278571428571428,0.5278571428571428,0.5278571428571428
ES.v.0,action_x_surprise,cut|small,bid_share,8,1.0,0.5382907880133185,0.5382907880133185,0.5382907880133185
ES.v.0,action_x_surprise,cut|small,bid_share,9,1.0,0.446360153256705,0.446360153256705,0.446360153256705
ES.v.0,action_x_surprise,cut|small,bid_share,10,1.0,0.5327380952380952,0.5327380952380952,0.5327380952380952
ES.v.0,action_x_surprise,cut|small,bid_share,11,1.0,0.5047169811320755,0.5047169811320755,0.5047169811320755
ES.v.0,action_x_surprise,cut|small,bid_share,12,1.0,0.6545092838196287,0.6545092838196287,0.6545092838196287
ES.v.0,action_x_surprise,cut|small,bid_share,13,1.0,0.554950917626974,0.554950917626974,0.554950917626974
ES.v.0,action_x_surprise,cut|small,bid_share,14,1.0,0.6176470588235294,0.6176470588235294,0.6176470588235294
ES.v.0,action_x_surprise,cut|small,bid_share,15,1.0,0.46097285067873306,0.46097285067873306,0.46097285067873306
ES.v.0,action_x_surprise,cut|small,bid_share,16,1.0,0.3965802537231109,0.3965802537231109,0.3965802537231109
ES.v.0,action_x_surprise,cut|small,bid_share,17,1.0,0.46499999999999997,0.46499999999999997,0.46499999999999997
ES.v.0,action_x_surprise,cut|small,bid_share,18,1.0,0.4503284072249589,0.4503284072249589,0.4503284072249589
ES.v.0,action_x_surprise,cut|small,bid_share,19,1.0,0.46153846153846156,0.46153846153846156,0.46153846153846156
ES.v.0,action_x_surprise,cut|small,bid_share,20,1.0,0.6869328493647913,0.6869328493647913,0.6869328493647913
ES.v.0,action_x_surprise,cut|small,bid_share,21,1.0,0.4835897435897436,0.4835897435897436,0.4835897435897436
ES.v.0,action_x_surprise,cut|small,bid_share,22,1.0,0.48684210526315785,0.48684210526315785,0.48684210526315785
ES.v.0,action_x_surprise,cut|small,bid_share,23,1.0,0.4388888888888889,0.4388888888888889,0.4388888888888889
ES.v.0,action_x_surprise,cut|small,bid_share,24,1.0,0.5121951219512195,0.5121951219512195,0.5121951219512195
ES.v.0,action_x_surprise,cut|small,bid_share,25,1.0,0.34755067567567566,0.34755067567567566,0.34755067567567566
ES.v.0,action_x_surprise,cut|small,bid_share,26,1.0,0.5743534482758621,0.5743534482758621,0.5743534482758621
ES.v.0,action_x_surprise,cut|small,bid_share,27,1.0,0.46998207885304655,0.46998207885304655,0.46998207885304655
ES.v.0,action_x_surprise,cut|small,bid_share,28,1.0,0.4672727272727273,0.4672727272727273,0.4672727272727273
ES.v.0,action_x_surprise,cut|small,bid_share,29,1.0,0.6008687258687259,0.6008687258687259,0.6008687258687259
ES.v.0,action_x_surprise,cut|small,bid_share,30,1.0,0.5285714285714286,0.5285714285714286,0.5285714285714286
ES.v.0,action_x_surprise,cut|small,bid_share,31,1.0,0.5,0.5,0.5
ES.v.0,action_x_surprise,cut|small,bid_share,32,1.0,0.47213622291021673,0.47213622291021673,0.47213622291021673
ES.v.0,action_x_surprise,cut|small,bid_share,33,1.0,0.4588963963963964,0.4588963963963964,0.4588963963963964
ES.v.0,action_x_surprise,cut|small,bid_share,34,1.0,0.41568627450980394,0.41568627450980394,0.41568627450980394
ES.v.0,action_x_surprise,cut|small,bid_share,35,1.0,0.4752941176470588,0.4752941176470588,0.4752941176470588
ES.v.0,action_x_surprise,cut|small,bid_share,36,1.0,0.46862745098039216,0.46862745098039216,0.46862745098039216
ES.v.0,action_x_surprise,cut|small,bid_share,37,1.0,0.5714285714285714,0.5714285714285714,0.5714285714285714
ES.v.0,action_x_surprise,cut|small,bid_share,38,1.0,0.5,0.5,0.5
ES.v.0,action_x_surprise,cut|small,bid_share,39,1.0,0.5092592592592593,0.5092592592592593,0.5092592592592593
ES.v.0,action_x_surprise,cut|small,total_rel,-5,1.0,1.1294117647058823,1.1294117647058823,1.1294117647058823
ES.v.0,action_x_surprise,cut|small,total_rel,-4,1.0,1.2141176470588235,1.2141176470588235,1.2141176470588235
ES.v.0,action_x_surprise,cut|small,total_rel,-3,1.0,0.9505882352941176,0.9505882352941176,0.9505882352941176
ES.v.0,action_x_surprise,cut|small,total_rel,-2,1.0,0.7058823529411765,0.7058823529411765,0.7058823529411765
ES.v.0,action_x_surprise,cut|small,total_rel,-1,1.0,0.5176470588235295,0.5176470588235295,0.5176470588235295
ES.v.0,action_x_surprise,cut|small,total_rel,0,1.0,0.2447058823529412,0.2447058823529412,0.2447058823529412
ES.v.0,action_x_surprise,cut|small,total_rel,1,1.0,0.35764705882352943,0.35764705882352943,0.35764705882352943
ES.v.0,action_x_surprise,cut|small,total_rel,2,1.0,0.2823529411764706,0.2823529411764706,0.2823529411764706
ES.v.0,action_x_surprise,cut|small,total_rel,3,1.0,0.31058823529411766,0.31058823529411766,0.31058823529411766
ES.v.0,action_x_surprise,cut|small,total_rel,4,1.0,0.36705882352941177,0.36705882352941177,0.36705882352941177
ES.v.0,action_x_surprise,cut|small,total_rel,5,1.0,0.35764705882352943,0.35764705882352943,0.35764705882352943
ES.v.0,action_x_surprise,cut|small,total_rel,6,1.0,0.48,0.48,0.48
ES.v.0,action_x_surprise,cut|small,total_rel,7,1.0,0.5458823529411765,0.5458823529411765,0.5458823529411765
ES.v.0,action_x_surprise,cut|small,total_rel,8,1.0,0.45176470588235296,0.45176470588235296,0.45176470588235296
ES.v.0,action_x_surprise,cut|small,total_rel,9,1.0,0.508235294117647,0.508235294117647,0.508235294117647
ES.v.0,action_x_surprise,cut|small,total_rel,10,1.0,0.5835294117647059,0.5835294117647059,0.5835294117647059
ES.v.0,action_x_surprise,cut|small,total_rel,11,1.0,0.6023529411764705,0.6023529411764705,0.6023529411764705
ES.v.0,action_x_surprise,cut|small,total_rel,12,1.0,0.5835294117647059,0.5835294117647059,0.5835294117647059
ES.v.0,action_x_surprise,cut|small,total_rel,13,1.0,0.6211764705882353,0.6211764705882353,0.6211764705882353
ES.v.0,action_x_surprise,cut|small,total_rel,14,1.0,0.64,0.64,0.64
ES.v.0,action_x_surprise,cut|small,total_rel,15,1.0,0.7341176470588235,0.7341176470588235,0.7341176470588235
ES.v.0,action_x_surprise,cut|small,total_rel,16,1.0,0.7717647058823529,0.7717647058823529,0.7717647058823529
ES.v.0,action_x_surprise,cut|small,total_rel,17,1.0,0.7341176470588235,0.7341176470588235,0.7341176470588235
ES.v.0,action_x_surprise,cut|small,total_rel,18,1.0,0.7152941176470589,0.7152941176470589,0.7152941176470589
ES.v.0,action_x_surprise,cut|small,total_rel,19,1.0,0.7058823529411765,0.7058823529411765,0.7058823529411765
ES.v.0,action_x_surprise,cut|small,total_rel,20,1.0,0.7152941176470589,0.7152941176470589,0.7152941176470589
ES.v.0,action_x_surprise,cut|small,total_rel,21,1.0,0.7152941176470589,0.7152941176470589,0.7152941176470589
ES.v.0,action_x_surprise,cut|small,total_rel,22,1.0,0.7529411764705882,0.7529411764705882,0.7529411764705882
ES.v.0,action_x_surprise,cut|small,total_rel,23,1.0,0.6776470588235294,0.6776470588235294,0.6776470588235294
ES.v.0,action_x_surprise,cut|small,total_rel,24,1.0,0.7341176470588235,0.7341176470588235,0.7341176470588235
ES.v.0,action_x_surprise,cut|small,total_rel,25,1.0,0.7152941176470589,0.7152941176470589,0.7152941176470589
ES.v.0,action_x_surprise,cut|small,total_rel,26,1.0,0.6964705882352941,0.6964705882352941,0.6964705882352941
ES.v.0,action_x_surprise,cut|small,total_rel,27,1.0,0.6776470588235294,0.6776470588235294,0.6776470588235294
ES.v.0,action_x_surprise,cut|small,total_rel,28,1.0,0.668235294117647,0.668235294117647,0.668235294117647
ES.v.0,action_x_surprise,cut|small,total_rel,29,1.0,0.5647058823529412,0.5647058823529412,0.5647058823529412
ES.v.0,action_x_surprise,cut|small,total_rel,30,1.0,0.5270588235294118,0.5270588235294118,0.5270588235294118
ES.v.0,action_x_surprise,cut|small,total_rel,31,1.0,0.32,0.32,0.32
ES.v.0,action_x_surprise,cut|small,total_rel,32,1.0,0.35764705882352943,0.35764705882352943,0.35764705882352943
ES.v.0,action_x_surprise,cut|small,total_rel,33,1.0,0.3764705882352941,0.3764705882352941,0.3764705882352941
ES.v.0,action_x_surprise,cut|small,total_rel,34,1.0,0.4329411764705882,0.4329411764705882,0.4329411764705882
ES.v.0,action_x_surprise,cut|small,total_rel,35,1.0,0.3388235294117647,0.3388235294117647,0.3388235294117647
ES.v.0,action_x_surprise,cut|small,total_rel,36,1.0,0.2447058823529412,0.2447058823529412,0.2447058823529412
ES.v.0,action_x_surprise,cut|small,total_rel,37,1.0,0.16941176470588235,0.16941176470588235,0.16941176470588235
ES.v.0,action_x_surprise,cut|small,total_rel,38,1.0,0.1976470588235294,0.1976470588235294,0.1976470588235294
ES.v.0,action_x_surprise,cut|small,total_rel,39,1.0,0.2447058823529412,0.2447058823529412,0.2447058823529412
ES.v.0,action_x_surprise,hike|large,ask_rel,-5,11.0,1.5238095238095237,1.3535353535353534,1.7252525252525253
ES.v.0,action_x_surprise,hike|large,ask_rel,-4,11.0,1.0,0.9372294372294372,1.1585623678646935
ES.v.0,action_x_surprise,hike|large,ask_rel,-3,11.0,0.7567567567567568,0.6862745098039216,0.8841269841269841
ES.v.0,action_x_surprise,hike|large,ask_rel,-2,11.0,0.6031746031746031,0.5041928721174005,0.7087551299589603
ES.v.0,action_x_surprise,hike|large,ask_rel,-1,11.0,0.5,0.3040965493795682,0.5861513687600644
ES.v.0,action_x_surprise,hike|large,ask_rel,0,11.0,0.24242424242424243,0.22020202020202018,0.3386243386243386
ES.v.0,action_x_surprise,hike|large,ask_rel,1,11.0,0.3611111111111111,0.330188679245283,0.5322793148880105
ES.v.0,action_x_surprise,hike|large,ask_rel,2,11.0,0.4325581395348837,0.35185185185185186,0.6370851370851371
ES.v.0,action_x_surprise,hike|large,ask_rel,3,11.0,0.5,0.4049615653389238,0.7858585858585858
ES.v.0,action_x_surprise,hike|large,ask_rel,4,11.0,0.5882352941176471,0.5295295295295295,0.802020202020202
ES.v.0,action_x_surprise,hike|large,ask_rel,5,11.0,0.8050314465408805,0.6552287581699346,0.8300395256916997
ES.v.0,action_x_surprise,hike|large,ask_rel,6,11.0,0.8080808080808081,0.730299667036626,0.9129129129129129
ES.v.0,action_x_surprise,hike|large,ask_rel,7,11.0,0.7953488372093023,0.6983957219251338,1.0217391304347827
ES.v.0,action_x_surprise,hike|large,ask_rel,8,11.0,0.8888888888888888,0.7823529411764706,0.9682539682539683
ES.v.0,action_x_surprise,hike|large,ask_rel,9,11.0,0.9523809523809523,0.8006535947712419,1.053359173126615
ES.v.0,action_x_surprise,hike|large,ask_rel,10,11.0,0.927536231884058,0.6906803887935964,1.0972222222222223
ES.v.0,action_x_surprise,hike|large,ask_rel,11,11.0,0.8553459119496856,0.7651515151515151,1.073326432022084
ES.v.0,action_x_surprise,hike|large,ask_rel,12,11.0,0.8235294117647058,0.7536687631027253,1.2996031746031746
ES.v.0,action_x_surprise,hike|large,ask_rel,13,11.0,0.9292929292929293,0.7418300653594772,1.1898326898326899
ES.v.0,action_x_surprise,hike|large,ask_rel,14,11.0,0.8727272727272727,0.6862745098039216,1.2202842377260983
ES.v.0,action_x_surprise,hike|large,ask_rel,15,11.0,0.9411764705882353,0.7914046121593292,1.2198067632850242
ES.v.0,action_x_surprise,hike|large,ask_rel,16,11.0,0.9818181818181818,0.8856209150326797,1.2718253968253967
ES.v.0,action_x_surprise,hike|large,ask_rel,17,11.0,1.1594202898550725,0.8808080808080807,1.217850408548083
ES.v.0,action_x_surprise,hike|large,ask_rel,18,11.0,1.018181818181818,0.8856209150326797,1.3131782945736434
ES.v.0,action_x_surprise,hike|large,ask_rel,19,11.0,1.018181818181818,0.8888888888888888,1.3107315389924086
ES.v.0,action_x_surprise,hike|large,ask_rel,20,11.0,0.9696969696969697,0.9087301587301587,1.0496314496314496
ES.v.0,action_x_surprise,hike|large,ask_rel,21,11.0,0.990990990990991,0.8888888888888888,1.1388888888888888
ES.v.0,action_x_surprise,hike|large,ask_rel,22,11.0,1.0,0.9251336898395721,1.1111897539602293
ES.v.0,action_x_surprise,hike|large,ask_rel,23,11.0,0.8888888888888888,0.8191721132897603,1.2765700483091786
ES.v.0,action_x_surprise,hike|large,ask_rel,24,11.0,1.018181818181818,0.9316816816816818,1.2198067632850242
ES.v.0,action_x_surprise,hike|large,ask_rel,25,11.0,1.1111111111111112,0.9171717171717171,1.219349784567176
ES.v.0,action_x_surprise,hike|large,ask_rel,26,11.0,1.037037037037037,0.9150326797385621,1.3031400966183575
ES.v.0,action_x_surprise,hike|large,ask_rel,27,11.0,1.2222222222222223,0.8481283422459893,1.3621447028423772
ES.v.0,action_x_surprise,hike|large,ask_rel,28,11.0,1.2222222222222223,0.9251336898395721,1.2593027810419115
ES.v.0,action_x_surprise,hike|large,ask_rel,29,11.0,1.018181818181818,0.8839869281045751,1.1983147960903269
ES.v.0,action_x_surprise,hike|large,ask_rel,30,11.0,1.1111111111111112,0.8746286393345217,1.2251204693065159
ES.v.0,action_x_surprise,hike|large,ask_rel,31,11.0,0.8888888888888888,0.7941919191919192,1.2141380583241048
ES.v.0,action_x_surprise,hike|large,ask_rel,32,11.0,0.8148148148148148,0.6658167601563828,1.1091219096334186
ES.v.0,action_x_surprise,hike|large,ask_rel,33,11.0,0.75,0.6787878787878787,1.145319232275754
ES.v.0,action_x_surprise,hike|large,ask_rel,34,11.0,0.7272727272727273,0.6990740740740741,1.2702702702702702
ES.v.0,action_x_surprise,hike|large,ask_rel,35,11.0,0.8235294117647058,0.6531986531986531,1.1253427340383864
ES.v.0,action_x_surprise,hike|large,ask_rel,36,11.0,0.8333333333333334,0.5721364589289117,0.9682726204465335
ES.v.0,action_x_surprise,hike|large,ask_rel,37,11.0,0.9444444444444444,0.48148148148148145,1.2424598511555032
ES.v.0,action_x_surprise,hike|large,ask_rel,38,11.0,0.7777777777777778,0.4939965694682676,1.2935298935298936
ES.v.0,action_x_surprise,hike|large,ask_rel,39,11.0,0.8,0.44368210405946257,0.993993993993994
ES.v.0,action_x_surprise,hike|large,bid_rel,-5,11.0,1.3,1.2428571428571429,1.565217391304348
ES.v.0,action_x_surprise,hike|large,bid_rel,-4,11.0,1.2137931034482758,1.0454545454545454,1.3605442176870748
ES.v.0,action_x_surprise,hike|large,bid_rel,-3,11.0,0.7304347826086957,0.7038095238095239,0.843820529024104
ES.v.0,action_x_surprise,hike|large,bid_rel,-2,11.0,0.6260869565217392,0.45254515599343187,0.7233333333333334
ES.v.0,action_x_surprise,hike|large,bid_rel,-1,11.0,0.46258503401360546,0.4093196644920783,0.5092592592592593
ES.v.0,action_x_surprise,hike|large,bid_rel,0,11.0,0.21621621621621623,0.1969404186795491,0.28338557993730407
ES.v.0,action_x_surprise,hike|large,bid_rel,1,11.0,0.3826086956521739,0.3006060606060606,0.4188537381188821
ES.v.0,action_x_surprise,hike|large,bid_rel,2,11.0,0.4413793103448276,0.33632653061224493,0.5465838509316769
ES.v.0,action_x_surprise,hike|large,bid_rel,3,11.0,0.496551724137931,0.371805524593154,0.5523809523809524
ES.v.0,action_x_surprise,hike|large,bid_rel,4,11.0,0.6666666666666666,0.6522727272727273,0.6994851994851995
ES.v.0,action_x_surprise,hike|large,bid_rel,5,11.0,0.7,0.5805723571364088,0.7964017991004497
ES.v.0,action_x_surprise,hike|large,bid_rel,6,11.0,0.85,0.681159420289855,0.8882432799348358
ES.v.0,action_x_surprise,hike|large,bid_rel,7,11.0,0.7652173913043478,0.6462962962962963,1.004679802955665
ES.v.0,action_x_surprise,hike|large,bid_rel,8,11.0,0.8571428571428571,0.6936936936936937,1.0570866141732282
ES.v.0,action_x_surprise,hike|large,bid_rel,9,11.0,0.7652173913043478,0.7181043043522926,0.98
ES.v.0,action_x_surprise,hike|large,bid_rel,10,11.0,0.8582677165354331,0.6460720899648407,0.9283333333333332
ES.v.0,action_x_surprise,hike|large,bid_rel,11,11.0,0.8695652173913043,0.6142945328645428,0.9190101237345332
ES.v.0,action_x_surprise,hike|large,bid_rel,12,11.0,0.8571428571428571,0.6283403562450236,1.008610065046217
ES.v.0,action_x_surprise,hike|large,bid_rel,13,11.0,0.7142857142857143,0.6001055673349616,1.0853754940711462
ES.v.0,action_x_surprise,hike|large,bid_rel,14,11.0,1.0,0.6662193474507278,1.0762845849802372
ES.v.0,action_x_surprise,hike|large,bid_rel,15,11.0,0.9043478260869565,0.6900525152759511,1.0216666666666665
ES.v.0,action_x_surprise,hike|large,bid_rel,16,11.0,1.0,0.7429690560125343,1.0833333333333335
ES.v.0,action_x_surprise,hike|large,bid_rel,17,11.0,1.1,0.6715458597231996,1.1646376811594203
ES.v.0,action_x_surprise,hike|large,bid_rel,18,11.0,0.8648648648648649,0.6851513019000703,1.109090909090909
ES.v.0,action_x_surprise,hike|large,bid_rel,19,11.0,0.9379310344827586,0.7101997727618383,1.1094861660079052
ES.v.0,action_x_surprise,hike|large,bid_rel,20,11.0,0.8347826086956521,0.701404979955129,1.0566666666666666
ES.v.0,action_x_surprise,hike|large,bid_rel,21,11.0,0.9,0.7141018569589999,0.9827586206896552
ES.v.0,action_x_surprise,hike|large,bid_rel,22,11.0,0.8571428571428571,0.7327888454289362,0.9521739130434783
ES.v.0,action_x_surprise,hike|large,bid_rel,23,11.0,0.8571428571428571,0.7142857142857142,1.038181818181818
ES.v.0,action_x_surprise,hike|large,bid_rel,24,11.0,0.9066666666666666,0.7852852852852853,1.0
ES.v.0,action_x_surprise,hike|large,bid_rel,25,11.0,0.8648648648648649,0.7841634738186463,1.158095238095238
ES.v.0,action_x_surprise,hike|large,bid_rel,26,11.0,0.8363636363636363,0.757607095161456,1.1214285714285714
ES.v.0,action_x_surprise,hike|large,bid_rel,27,11.0,0.9251700680272109,0.7616315421677884,1.2428571428571429
ES.v.0,action_x_surprise,hike|large,bid_rel,28,11.0,0.9215491559086395,0.8944444444444444,1.1272727272727274
ES.v.0,action_x_surprise,hike|large,bid_rel,29,11.0,0.9096325719960278,0.7412293853073464,1.135126777983921
ES.v.0,action_x_surprise,hike|large,bid_rel,30,11.0,0.9066666666666666,0.789758645999741,1.035064935064935
ES.v.0,action_x_surprise,hike|large,bid_rel,31,11.0,0.7652173913043478,0.6193227710469089,1.0
ES.v.0,action_x_surprise,hike|large,bid_rel,32,11.0,0.8,0.5483462350457424,1.192857142857143
ES.v.0,action_x_surprise,hike|large,bid_rel,33,11.0,0.8347826086956521,0.4971502114359257,0.9468718967229395
ES.v.0,action_x_surprise,hike|large,bid_rel,34,11.0,0.6956521739130435,0.5243610957896672,0.9042949176807444
ES.v.0,action_x_surprise,hike|large,bid_rel,35,11.0,0.6871896722939425,0.5005281143212177,0.9164596273291925
ES.v.0,action_x_surprise,hike|large,bid_rel,36,11.0,0.7070506454816285,0.47975604034717334,0.9512422360248447
ES.v.0,action_x_surprise,hike|large,bid_rel,37,11.0,0.7269116186693148,0.40086983535259396,1.0391304347826087
ES.v.0,action_x_surprise,hike|large,bid_rel,38,11.0,0.730883813306852,0.5281143212177695,0.9543478260869565
ES.v.0,action_x_surprise,hike|large,bid_rel,39,11.0,0.7142857142857143,0.5472506989748369,0.8500000000000001
ES.v.0,action_x_surprise,hike|large,bid_share,-5,11.0,0.5493273542600897,0.44992609016999263,0.5723232323232323
ES.v.0,action_x_surprise,hike|large,bid_share,-4,11.0,0.5669642857142857,0.46149184899184903,0.6173654141946825
ES.v.0,action_x_surprise,hike|large,bid_share,-3,11.0,0.5,0.4502259436469963,0.5950726321210017
ES.v.0,action_x_surprise,hike|large,bid_share,-2,11.0,0.5,0.4078457453726907,0.5857142857142856
ES.v.0,action_x_surprise,hike|large,bid_share,-1,11.0,0.5192307692307692,0.45472630817458404,0.5651709401709402
ES.v.0,action_x_surprise,hike|large,bid_share,0,11.0,0.5,0.49019607843137253,0.5
ES.v.0,action_x_surprise,hike|large,bid_share,1,11.0,0.5,0.5,0.550093984962406
ES.v.0,action_x_surprise,hike|large,bid_share,2,11.0,0.5,0.5,0.5372864922433888
ES.v.0,action_x_surprise,hike|large,bid_share,3,11.0,0.49731182795698925,0.4534438775510204,0.5096153846153846
ES.v.0,action_x_surprise,hike|large,bid_share,4,11.0,0.5442444306503897,0.4812834224598931,0.5665410914957194
ES.v.0,action_x_surprise,hike|large,bid_share,5,11.0,0.4748427672955975,0.45296256946714614,0.5230392156862744
ES.v.0,action_x_surprise,hike|large,bid_share,6,11.0,0.5152833556448014,0.5,0.5248031248031247
ES.v.0,action_x_surprise,hike|large,bid_share,7,11.0,0.502104377104377,0.473241418344733,0.5401856915014809
ES.v.0,action_x_surprise,hike|large,bid_share,8,11.0,0.51,0.4880952380952381,0.5471057307542291
ES.v.0,action_x_surprise,hike|large,bid_share,9,11.0,0.49475117337250546,0.4563620589936379,0.5197128851540616
ES.v.0,action_x_surprise,hike|large,bid_share,10,11.0,0.5,0.4838186007356198,0.5346362954630671
ES.v.0,action_x_surprise,hike|large,bid_share,11,11.0,0.4944160144491271,0.4667211328976035,0.5177720969323435
ES.v.0,action_x_surprise,hike|large,bid_share,12,11.0,0.5,0.48052540146237743,0.5202772431874598
ES.v.0,action_x_surprise,hike|large,bid_share,13,11.0,0.5071428571428571,0.4811253561253561,0.5293551367331855
ES.v.0,action_x_surprise,hike|large,bid_share,14,11.0,0.5313725490196078,0.5,0.5583501626457035
ES.v.0,action_x_surprise,hike|large,bid_share,15,11.0,0.4891304347826087,0.46493785105055124,0.5
ES.v.0,action_x_surprise,hike|large,bid_share,16,11.0,0.4847902097902098,0.4649413086913087,0.5128906565229139
ES.v.0,action_x_surprise,hike|large,bid_share,17,11.0,0.5,0.46369381719269465,0.5307672353463451
ES.v.0,action_x_surprise,hike|large,bid_share,18,11.0,0.4958139534883721,0.46220337411939194,0.5054347826086957
ES.v.0,action_x_surprise,hike|large,bid_share,19,11.0,0.5,0.4895918822479929,0.5270687724014337
ES.v.0,action_x_surprise,hike|large,bid_share,20,11.0,0.5,0.4633017159220671,0.5127877237851662
ES.v.0,action_x_surprise,hike|large,bid_share,21,11.0,0.5,0.45832409388755224,0.5132051282051282
ES.v.0,action_x_surprise,hike|large,bid_share,22,11.0,0.5,0.4792702218447188,0.515993265993266
ES.v.0,action_x_surprise,hike|large,bid_share,23,11.0,0.4941860465116279,0.4605863295441483,0.5363636363636364
ES.v.0,action_x_surprise,hike|large,bid_share,24,11.0,0.479004329004329,0.4744891640866873,0.5093339854895247
ES.v.0,action_x_surprise,hike|large,bid_share,25,11.0,0.5119047619047619,0.49158249158249157,0.518587854070341
ES.v.0,action_x_surprise,hike|large,bid_share,26,11.0,0.5,0.47491941450010566,0.5114271588661833
ES.v.0,action_x_surprise,hike|large,bid_share,27,11.0,0.49211846190589925,0.4441045205873885,0.5434150652711649
ES.v.0,action_x_surprise,hike|large,bid_share,28,11.0,0.5513722730471499,0.4819150246305419,0.5584906085371154
ES.v.0,action_x_surprise,hike|large,bid_share,29,11.0,0.5,0.4764916243177113,0.5524603154316097
ES.v.0,action_x_surprise,hike|large,bid_share,30,11.0,0.5,0.47353678313430636,0.5222764557570838
ES.v.0,action_x_surprise,hike|large,bid_share,31,11.0,0.5,0.46222527472527475,0.505
ES.v.0,action_x_surprise,hike|large,bid_share,32,11.0,0.5,0.5,0.5508974358974359
ES.v.0,action_x_surprise,hike|large,bid_share,33,11.0,0.49585055096418734,0.441948199737158,0.5
ES.v.0,action_x_surprise,hike|large,bid_share,34,11.0,0.4913793103448276,0.4793466299563304,0.5195375405085898
ES.v.0,action_x_surprise,hike|large,bid_share,35,11.0,0.5,0.4855329593267882,0.5179037943188887
ES.v.0,action_x_surprise,hike|large,bid_share,36,11.0,0.5,0.4583333333333333,0.5123529411764706
ES.v.0,action_x_surprise,hike|large,bid_share,37,11.0,0.5,0.4884210526315789,0.506578947368421
ES.v.0,action_x_surprise,hike|large,bid_share,38,11.0,0.5,0.4695144414972001,0.5
ES.v.0,action_x_surprise,hike|large,bid_share,39,11.0,0.5227272727272727,0.49152045619436924,0.5384615384615384
ES.v.0,action_x_surprise,hike|large,total_rel,-5,11.0,1.3894736842105264,1.2093468966533982,1.5532935532935532
ES.v.0,action_x_surprise,hike|large,total_rel,-4,11.0,1.0980392156862746,1.0781954887218044,1.2832176348800388
ES.v.0,action_x_surprise,hike|large,total_rel,-3,11.0,0.7792207792207793,0.7101611606731061,0.8463293206121534
ES.v.0,action_x_surprise,hike|large,total_rel,-2,11.0,0.6947368421052632,0.4718014718014718,0.7742551566080977
ES.v.0,action_x_surprise,hike|large,total_rel,-1,11.0,0.5187713310580204,0.43137254901960786,0.5937996820349762
ES.v.0,action_x_surprise,hike|large,total_rel,0,11.0,0.27450980392156865,0.23896766090112856,0.29198672596186237
ES.v.0,action_x_surprise,hike|large,total_rel,1,11.0,0.42105263157894735,0.35336500925740033,0.47514098158428053
ES.v.0,action_x_surprise,hike|large,total_rel,2,11.0,0.44587628865979384,0.31028431028431025,0.5641309155241043
ES.v.0,action_x_surprise,hike|large,total_rel,3,11.0,0.49146757679180886,0.40305308726361355,0.5413331625792406
ES.v.0,action_x_surprise,hike|large,total_rel,4,11.0,0.6015037593984962,0.5606192420085212,0.7284465332524763
ES.v.0,action_x_surprise,hike|large,total_rel,5,11.0,0.7453416149068323,0.6600592390066073,0.780519821475453
ES.v.0,action_x_surprise,hike|large,total_rel,6,11.0,0.7254901960784313,0.6877450035344772,0.883738491041423
ES.v.0,action_x_surprise,hike|large,total_rel,7,11.0,0.7218045112781954,0.681159420289855,0.8170147074346434
ES.v.0,action_x_surprise,hike|large,total_rel,8,11.0,0.8205128205128205,0.6860689093868693,0.9620558120859265
ES.v.0,action_x_surprise,hike|large,total_rel,9,11.0,0.8421052631578947,0.7070446735395188,0.9203914634647806
ES.v.0,action_x_surprise,hike|large,total_rel,10,11.0,0.7863247863247863,0.6666666666666667,0.9181947300362496
ES.v.0,action_x_surprise,hike|large,total_rel,11,11.0,0.7843137254901961,0.6879927228623408,0.9250206686028024
ES.v.0,action_x_surprise,hike|large,total_rel,12,11.0,0.7835051546391752,0.6706963487149246,1.0249507133317788
ES.v.0,action_x_surprise,hike|large,total_rel,13,11.0,0.7204968944099379,0.6772322964273428,1.0752580752580752
ES.v.0,action_x_surprise,hike|large,total_rel,14,11.0,0.7843137254901961,0.7099120349894343,1.036963036963037
ES.v.0,action_x_surprise,hike|large,total_rel,15,11.0,0.8235294117647058,0.7896702540665389,0.9883305100696405
ES.v.0,action_x_surprise,hike|large,total_rel,16,11.0,0.8627450980392157,0.792115423694371,0.9872012045925089
ES.v.0,action_x_surprise,hike|large,total_rel,17,11.0,0.9022556390977443,0.8254244996967859,1.0885780885780885
ES.v.0,action_x_surprise,hike|large,total_rel,18,11.0,0.9019607843137255,0.7636976077697727,1.0842490842490842
ES.v.0,action_x_surprise,hike|large,total_rel,19,11.0,0.8366013071895425,0.767266103402837,1.0850453893932155
ES.v.0,action_x_surprise,hike|large,total_rel,20,11.0,0.8104575163398693,0.7831343063541205,1.0243995505903802
ES.v.0,action_x_surprise,hike|large,total_rel,21,11.0,0.8421052631578947,0.7717213011330659,0.909279126670431
ES.v.0,action_x_surprise,hike|large,total_rel,22,11.0,0.8421052631578947,0.761437908496732,0.9550449550449551
ES.v.0,action_x_surprise,hike|large,total_rel,23,11.0,0.8,0.7651853534206475,0.9719870573112894
ES.v.0,action_x_surprise,hike|large,total_rel,24,11.0,0.9019607843137255,0.8247104247104247,0.9591519591519592
ES.v.0,action_x_surprise,hike|large,total_rel,25,11.0,0.8547008547008547,0.82805208898535,1.0331262939958592
ES.v.0,action_x_surprise,hike|large,total_rel,26,11.0,0.9019607843137255,0.8421052631578947,1.0745302807158477
ES.v.0,action_x_surprise,hike|large,total_rel,27,11.0,0.9884169884169884,0.8332883490778228,1.2191997114809472
ES.v.0,action_x_surprise,hike|large,total_rel,28,11.0,0.9440993788819876,0.831578947368421,1.1732717454366939
ES.v.0,action_x_surprise,hike|large,total_rel,29,11.0,0.8944099378881988,0.7635264632168657,1.073008073008073
ES.v.0,action_x_surprise,hike|large,total_rel,30,11.0,0.904639175257732,0.7739938080495357,0.9963729963729964
ES.v.0,action_x_surprise,hike|large,total_rel,31,11.0,0.7963917525773195,0.6457718222424105,0.9816849816849816
ES.v.0,action_x_surprise,hike|large,total_rel,32,11.0,0.8205128205128205,0.5744820450702803,0.994729907773386
ES.v.0,action_x_surprise,hike|large,total_rel,33,11.0,0.7863247863247863,0.5317081787670024,0.9231545945463471
ES.v.0,action_x_surprise,hike|large,total_rel,34,11.0,0.7521367521367521,0.5608297373003255,0.965675057208238
ES.v.0,action_x_surprise,hike|large,total_rel,35,11.0,0.7218045112781954,0.5581421757892346,0.8713322759714512
ES.v.0,action_x_surprise,hike|large,total_rel,36,11.0,0.7098976109215017,0.49019607843137253,0.8735681557846506
ES.v.0,action_x_surprise,hike|large,total_rel,37,11.0,0.7218045112781954,0.40522875816993464,0.9836549475724734
ES.v.0,action_x_surprise,hike|large,total_rel,38,11.0,0.7781569965870307,0.47058823529411764,0.9466252533262842
ES.v.0,action_x_surprise,hike|large,total_rel,39,11.0,0.7508532423208191,0.477124183006536,0.8393801215966163
ES.v.0,action_x_surprise,hike|medium,ask_rel,-5,6.0,1.341991341991342,1.3080625752105897,1.4242765108906843
ES.v.0,action_x_surprise,hike|medium,ask_rel,-4,6.0,1.0698435422844872,0.9292897793716379,1.2289338568408334
ES.v.0,action_x_surprise,hike|medium,ask_rel,-3,6.0,0.848917748917749,0.79834338889457,0.9098074608904934
ES.v.0,action_x_surprise,hike|medium,ask_rel,-2,6.0,0.7660379661844595,0.6458270411758784,0.8978652036726457
ES.v.0,action_x_surprise,hike|medium,ask_rel,-1,6.0,0.5155542132286318,0.32790697674418606,0.5655136942265655
ES.v.0,action_x_surprise,hike|medium,ask_rel,0,6.0,0.2503323448205338,0.14724409448818898,0.32210812443370584
ES.v.0,action_x_surprise,hike|medium,ask_rel,1,6.0,0.46724386724386724,0.2667541557305337,0.7731726756997516
ES.v.0,action_x_surprise,hike|medium,ask_rel,2,6.0,0.6080808080808081,0.4056867891513561,0.9957716701902748
ES.v.0,action_x_surprise,hike|medium,ask_rel,3,6.0,0.5117087636772676,0.425984251968504,1.1821957112654786
ES.v.0,action_x_surprise,hike|medium,ask_rel,4,6.0,0.6266489416095715,0.5725108225108225,1.3900384544955138
ES.v.0,action_x_surprise,hike|medium,ask_rel,5,6.0,0.696969696969697,0.568241469816273,1.3329809725158563
ES.v.0,action_x_surprise,hike|medium,ask_rel,6,6.0,0.7305450455056754,0.5908136482939632,1.1961643008154637
ES.v.0,action_x_surprise,hike|medium,ask_rel,7,6.0,0.7747474747474747,0.725125268432355,1.1009043927648579
ES.v.0,action_x_surprise,hike|medium,ask_rel,8,6.0,0.8080808080808081,0.725125268432355,1.0478036175710594
ES.v.0,action_x_surprise,hike|medium,ask_rel,9,6.0,0.847419072615923,0.6786435786435786,1.2649240065921994
ES.v.0,action_x_surprise,hike|medium,ask_rel,10,6.0,0.7872265966754155,0.6564213564213564,1.524491851309284
ES.v.0,action_x_surprise,hike|medium,ask_rel,11,6.0,0.8414141414141414,0.7015032211882606,0.9888888888888889
ES.v.0,action_x_surprise,hike|medium,ask_rel,12,6.0,0.8378066378066378,0.7274772471622866,1.2401808785529715
ES.v.0,action_x_surprise,hike|medium,ask_rel,13,6.0,0.7896103896103897,0.7617343286634626,0.9325581395348836
ES.v.0,action_x_surprise,hike|medium,ask_rel,14,6.0,0.8853893263342082,0.7650268963904264,1.5361757105943152
ES.v.0,action_x_surprise,hike|medium,ask_rel,15,6.0,0.9817147856517936,0.9401875901875902,1.5299468432871883
ES.v.0,action_x_surprise,hike|medium,ask_rel,16,6.0,1.0437445319335084,0.9453931894876777,1.8184754521963824
ES.v.0,action_x_surprise,hike|medium,ask_rel,17,6.0,1.1305916305916306,1.0156457715512834,1.7893100681909346
ES.v.0,action_x_surprise,hike|medium,ask_rel,18,6.0,1.1567099567099568,0.9753280839895013,1.9221534279673813
ES.v.0,action_x_surprise,hike|medium,ask_rel,19,6.0,1.1753246753246753,0.8877952755905512,1.5818483841739657
ES.v.0,action_x_surprise,hike|medium,ask_rel,20,6.0,1.3236652236652238,1.0753718285214349,1.6861220175173663
ES.v.0,action_x_surprise,hike|medium,ask_rel,21,6.0,1.358115119331014,1.1325459317585302,1.7661265496879635
ES.v.0,action_x_surprise,hike|medium,ask_rel,22,6.0,1.178932178932179,1.0809273840769904,1.6256418000604047
ES.v.0,action_x_surprise,hike|medium,ask_rel,23,6.0,1.3762029746281716,1.0394723386849372,1.8656330749354004
ES.v.0,action_x_surprise,hike|medium,ask_rel,24,6.0,1.4132983377077866,1.0457431457431456,2.2866233290606117
ES.v.0,action_x_surprise,hike|medium,ask_rel,25,6.0,1.24750656167979,1.0473463544329686,1.8282945736434109
ES.v.0,action_x_surprise,hike|medium,ask_rel,26,6.0,1.1127612761276127,0.9521237838069521,1.2939276485788114
ES.v.0,action_x_surprise,hike|medium,ask_rel,27,6.0,1.1852899575671851,1.1124859392575928,1.5524180576902455
ES.v.0,action_x_surprise,hike|medium,ask_rel,28,6.0,1.0355759985447364,0.9176567656765676,1.9346273576268083
ES.v.0,action_x_surprise,hike|medium,ask_rel,29,6.0,1.1243219597550307,0.8910931588096943,1.6915563578018453
ES.v.0,action_x_surprise,hike|medium,ask_rel,30,6.0,0.9168853893263342,0.7676767676767677,1.3466855887200146
ES.v.0,action_x_surprise,hike|medium,ask_rel,31,6.0,0.8161716171617162,0.7111041812842702,0.9957364341085272
ES.v.0,action_x_surprise,hike|medium,ask_rel,32,6.0,0.8451659451659452,0.7617343286634626,1.361498708010336
ES.v.0,action_x_surprise,hike|medium,ask_rel,33,6.0,0.7909011373578303,0.6484758712091682,1.5826873385012918
ES.v.0,action_x_surprise,hike|medium,ask_rel,34,6.0,0.696969696969697,0.641914191419142,1.1818181818181817
ES.v.0,action_x_surprise,hike|medium,ask_rel,35,6.0,0.7856499935707857,0.7781385281385281,1.1573221275615935
ES.v.0,action_x_surprise,hike|medium,ask_rel,36,6.0,0.678987898789879,0.6292486391496293,1.3347545219638244
ES.v.0,action_x_surprise,hike|medium,ask_rel,37,6.0,0.7100930565497494,0.6565616797900262,1.4667019027484143
ES.v.0,action_x_surprise,hike|medium,ask_rel,38,6.0,0.5951528786174456,0.537771887424963,1.3302627604953186
ES.v.0,action_x_surprise,hike|medium,ask_rel,39,6.0,0.5747008896615196,0.4965367965367965,1.4365500824024904
ES.v.0,action_x_surprise,hike|medium,bid_rel,-5,6.0,1.0382463751569815,1.0059652928416485,1.238767650834403
ES.v.0,action_x_surprise,hike|medium,bid_rel,-4,6.0,1.1260162601626016,0.846774193548387,1.4258063947233832
ES.v.0,action_x_surprise,hike|medium,bid_rel,-3,6.0,0.8438168592212238,0.793859649122807,0.8888014686598479
ES.v.0,action_x_surprise,hike|medium,bid_rel,-2,6.0,0.8358407389265972,0.6594624623035819,1.0630498533724342
ES.v.0,action_x_surprise,hike|medium,bid_rel,-1,6.0,0.4625588361146769,0.3471986417657046,0.5945628979066363
ES.v.0,action_x_surprise,hike|medium,bid_rel,0,6.0,0.16935483870967744,0.15603616813294233,0.25125370279663195
ES.v.0,action_x_surprise,hike|medium,bid_rel,1,6.0,0.30303030303030304,0.23216031280547408,0.5202320316921336
ES.v.0,action_x_surprise,hike|medium,bid_rel,2,6.0,0.3939155520587464,0.3394308943089431,0.5812110922467458
ES.v.0,action_x_surprise,hike|medium,bid_rel,3,6.0,0.45430107526881724,0.39540566959921797,0.6776315789473684
ES.v.0,action_x_surprise,hike|medium,bid_rel,4,6.0,0.514336917562724,0.45974298452661944,0.652046783625731
ES.v.0,action_x_surprise,hike|medium,bid_rel,5,6.0,0.6504065040650406,0.5295043273013376,0.6798245614035088
ES.v.0,action_x_surprise,hike|medium,bid_rel,6,6.0,0.6307588075880759,0.6043906810035843,0.7152332049636285
ES.v.0,action_x_surprise,hike|medium,bid_rel,7,6.0,0.7017543859649122,0.6056910569105691,0.7971137521222411
ES.v.0,action_x_surprise,hike|medium,bid_rel,8,6.0,0.6352339181286549,0.6213093709884467,0.8048835125448028
ES.v.0,action_x_surprise,hike|medium,bid_rel,9,6.0,0.6666666666666666,0.6403508771929824,0.7032520325203252
ES.v.0,action_x_surprise,hike|medium,bid_rel,10,6.0,0.686217008797654,0.634974533106961,0.876940133037694
ES.v.0,action_x_surprise,hike|medium,bid_rel,11,6.0,0.7653958944281525,0.7408036219581211,0.8896478554228358
ES.v.0,action_x_surprise,hike|medium,bid_rel,12,6.0,0.7340124504810412,0.7244623655913979,0.9037227214377407
ES.v.0,action_x_surprise,hike|medium,bid_rel,13,6.0,0.7235663082437276,0.6046961550993809,0.8954891161814844
ES.v.0,action_x_surprise,hike|medium,bid_rel,14,6.0,0.8636244426960399,0.8363821138211383,0.9309564233163554
ES.v.0,action_x_surprise,hike|medium,bid_rel,15,6.0,0.9614890885750962,0.7576754385964912,1.082612116443745
ES.v.0,action_x_surprise,hike|medium,bid_rel,16,6.0,0.870132648694908,0.7322154471544715,1.0623938879456705
ES.v.0,action_x_surprise,hike|medium,bid_rel,17,6.0,0.9370988446726572,0.7733739837398375,0.9949066213921901
ES.v.0,action_x_surprise,hike|medium,bid_rel,18,6.0,0.9897304236200257,0.8983739837398373,1.1018675721561968
ES.v.0,action_x_surprise,hike|medium,bid_rel,19,6.0,1.1805555555555554,0.8788956639566395,1.3596491228070176
ES.v.0,action_x_surprise,hike|medium,bid_rel,20,6.0,1.0483870967741935,0.8475609756097561,1.1426146010186757
ES.v.0,action_x_surprise,hike|medium,bid_rel,21,6.0,1.1917562724014337,0.8025177025963809,1.4378765967703062
ES.v.0,action_x_surprise,hike|medium,bid_rel,22,6.0,1.1684587813620073,1.0582655826558267,1.2538200339558574
ES.v.0,action_x_surprise,hike|medium,bid_rel,23,6.0,1.1246612466124661,1.1067251461988306,1.4458431681091004
ES.v.0,action_x_surprise,hike|medium,bid_rel,24,6.0,0.9671409214092141,0.8468567251461988,1.316679779701023
ES.v.0,action_x_surprise,hike|medium,bid_rel,25,6.0,1.2754065040650406,1.0625,1.3252032520325203
ES.v.0,action_x_surprise,hike|medium,bid_rel,26,6.0,1.1805733846812152,1.1019736842105263,1.3330710726462105
ES.v.0,action_x_surprise,hike|medium,bid_rel,27,6.0,1.064826700898588,0.9227642276422764,1.244057724957555
ES.v.0,action_x_surprise,hike|medium,bid_rel,28,6.0,0.9568713450292398,0.7884485094850949,1.166383701188455
ES.v.0,action_x_surprise,hike|medium,bid_rel,29,6.0,0.8845500848896435,0.606497916345115,1.049731182795699
ES.v.0,action_x_surprise,hike|medium,bid_rel,30,6.0,0.8543360433604337,0.7436884895164741,0.9780465949820789
ES.v.0,action_x_surprise,hike|medium,bid_rel,31,6.0,0.7558353002884868,0.656479909451047,0.8201219512195123
ES.v.0,action_x_surprise,hike|medium,bid_rel,32,6.0,0.7573099415204678,0.6416885321808921,0.877371273712737
ES.v.0,action_x_surprise,hike|medium,bid_rel,33,6.0,0.6372382569326542,0.521505376344086,0.769576379974326
ES.v.0,action_x_surprise,hike|medium,bid_rel,34,6.0,0.7697351167060058,0.6217008797653959,1.0130509199828839
ES.v.0,action_x_surprise,hike|medium,bid_rel,35,6.0,0.6907946498819827,0.5966192213241781,0.7749009620826259
ES.v.0,action_x_surprise,hike|medium,bid_rel,36,6.0,0.7125070741369552,0.6095430107526882,0.7573812580231065
ES.v.0,action_x_surprise,hike|medium,bid_rel,37,6.0,0.6855494361395227,0.6290650406504066,0.8036219581211093
ES.v.0,action_x_surprise,hike|medium,bid_rel,38,6.0,0.6876693766937669,0.5398745519713262,0.8226358579375267
ES.v.0,action_x_surprise,hike|medium,bid_rel,39,6.0,0.5548245614035088,0.4864176570458404,0.7433943089430894
ES.v.0,action_x_surprise,hike|medium,bid_share,-5,6.0,0.49930279373496345,0.47293906810035846,0.5124266144814089
ES.v.0,action_x_surprise,hike|medium,bid_share,-4,6.0,0.5220283725438364,0.42422319948093146,0.592823385243598
ES.v.0,action_x_surprise,hike|medium,bid_share,-3,6.0,0.5213494132985659,0.5010593220338984,0.5608576206402294
ES.v.0,action_x_surprise,hike|medium,bid_share,-2,6.0,0.5780946366109599,0.4661306516388133,0.6810168997668997
ES.v.0,action_x_surprise,hike|medium,bid_share,-1,6.0,0.5612058080808081,0.4700915404040404,0.5763731060606061
ES.v.0,action_x_surprise,hike|medium,bid_share,0,6.0,0.5,0.5,0.5
ES.v.0,action_x_surprise,hike|medium,bid_share,1,6.0,0.5156862745098039,0.5,0.5571288515406163
ES.v.0,action_x_surprise,hike|medium,bid_share,2,6.0,0.5073529411764706,0.48292410714285716,0.5245650647526915
ES.v.0,action_x_surprise,hike|medium,bid_share,3,6.0,0.5,0.4821752539912917,0.5413461538461539
ES.v.0,action_x_surprise,hike|medium,bid_share,4,6.0,0.47519854623771707,0.4562895502330487,0.4945652173913043
ES.v.0,action_x_surprise,hike|medium,bid_share,5,6.0,0.5158420346776511,0.4847629254307336,0.5613136863136863
ES.v.0,action_x_surprise,hike|medium,bid_share,6,6.0,0.5225328512214481,0.5107837172887166,0.5364456414036273
ES.v.0,action_x_surprise,hike|medium,bid_share,7,6.0,0.4840909090909091,0.4468056289640592,0.5223684210526316
ES.v.0,action_x_surprise,hike|medium,bid_share,8,6.0,0.48572184029613963,0.45498213226928197,0.5141826923076922
ES.v.0,action_x_surprise,hike|medium,bid_share,9,6.0,0.4982456140350877,0.49283248443689864,0.5091681574239714
ES.v.0,action_x_surprise,hike|medium,bid_share,10,6.0,0.4743107769423559,0.4683094454887218,0.5788118552194439
ES.v.0,action_x_surprise,hike|medium,bid_share,11,6.0,0.5578027235921972,0.5230063795853269,0.603905538905539
ES.v.0,action_x_surprise,hike|medium,bid_share,12,6.0,0.4939186258658671,0.49015863689776734,0.5130929465665672
ES.v.0,action_x_surprise,hike|medium,bid_share,13,6.0,0.5124501334178754,0.4651300509371978,0.5678653982930298
ES.v.0,action_x_surprise,hike|medium,bid_share,14,6.0,0.5142690585140421,0.5034107790488959,0.5175666123268494
ES.v.0,action_x_surprise,hike|medium,bid_share,15,6.0,0.49380741469816275,0.4870766488413547,0.5328049996841973
ES.v.0,action_x_surprise,hike|medium,bid_share,16,6.0,0.4642358005366727,0.45673552394702194,0.4768416132478632
ES.v.0,action_x_surprise,hike|medium,bid_share,17,6.0,0.46940321583178723,0.44511685056797834,0.471806211030349
ES.v.0,action_x_surprise,hike|medium,bid_share,18,6.0,0.4769231207808794,0.455732062659011,0.4950810185185185
ES.v.0,action_x_surprise,hike|medium,bid_share,19,6.0,0.500664750026995,0.4705728158472061,0.5608069120505345
ES.v.0,action_x_surprise,hike|medium,bid_share,20,6.0,0.48306655124566866,0.45275732315973766,0.4989707576579019
ES.v.0,action_x_surprise,hike|medium,bid_share,21,6.0,0.4899547321504779,0.4749054720392565,0.5178655210038189
ES.v.0,action_x_surprise,hike|medium,bid_share,22,6.0,0.534098437023969,0.5023395779020885,0.5449862637362638
ES.v.0,action_x_surprise,hike|medium,bid_share,23,6.0,0.5237844981252688,0.5146852056913938,0.5558462094515226
ES.v.0,action_x_surprise,hike|medium,bid_share,24,6.0,0.4921479823813583,0.4134006473402758,0.5327096200184814
ES.v.0,action_x_surprise,hike|medium,bid_share,25,6.0,0.5026325013511499,0.48102105227087866,0.5120176864429737
ES.v.0,action_x_surprise,hike|medium,bid_share,26,6.0,0.5111475409836066,0.4701120797011208,0.5474958949901383
ES.v.0,action_x_surprise,hike|medium,bid_share,27,6.0,0.48483455882352944,0.4717854928515853,0.5522263071895425
ES.v.0,action_x_surprise,hike|medium,bid_share,28,6.0,0.46464729636842705,0.4257418426607643,0.5200174466338259
ES.v.0,action_x_surprise,hike|medium,bid_share,29,6.0,0.46006624985537303,0.42890524453024453,0.49383621373077535
ES.v.0,action_x_surprise,hike|medium,bid_share,30,6.0,0.5265444680767262,0.5174923195084484,0.5418356445142158
ES.v.0,action_x_surprise,hike|medium,bid_share,31,6.0,0.4778788727136991,0.45645917141580067,0.5510312042380912
ES.v.0,action_x_surprise,hike|medium,bid_share,32,6.0,0.4845016954150081,0.44610157622370983,0.5142975974418806
ES.v.0,action_x_surprise,hike|medium,bid_share,33,6.0,0.4736852769791231,0.4210047696352398,0.5049283154121864
ES.v.0,action_x_surprise,hike|medium,bid_share,34,6.0,0.4991451367781155,0.47367021276595744,0.5529856889564336
ES.v.0,action_x_surprise,hike|medium,bid_share,35,6.0,0.5,0.45027537646402677,0.5155452806122449
ES.v.0,action_x_surprise,hike|medium,bid_share,36,6.0,0.49201388888888886,0.4760459269724193,0.5
ES.v.0,action_x_surprise,hike|medium,bid_share,37,6.0,0.4918139293139293,0.4649410555660556,0.5142005610098177
ES.v.0,action_x_surprise,hike|medium,bid_share,38,6.0,0.506446452098626,0.47680953557312256,0.5250350140056023
ES.v.0,action_x_surprise,hike|medium,bid_share,39,6.0,0.49025487256371814,0.4794447280546558,0.5
ES.v.0,action_x_surprise,hike|medium,total_rel,-5,6.0,1.1647656691134953,1.0517729381240664,1.2762366996453238
ES.v.0,action_x_surprise,hike|medium,total_rel,-4,6.0,1.078804760698911,0.8807249712313003,1.3691951748239748
ES.v.0,action_x_surprise,hike|medium,total_rel,-3,6.0,0.8221941556082285,0.7461081846057079,0.8497644973410989
ES.v.0,action_x_surprise,hike|medium,total_rel,-2,6.0,0.8094381183498227,0.7268107279518169,1.0755591311343524
ES.v.0,action_x_surprise,hike|medium,total_rel,-1,6.0,0.5429926595143987,0.40903372906675056,0.6246854582788874
ES.v.0,action_x_surprise,hike|medium,total_rel,0,6.0,0.23662911561942795,0.15849229575825957,0.36019395128806186
ES.v.0,action_x_surprise,hike|medium,total_rel,1,6.0,0.35297162718465747,0.2639452064454709,0.5773924036717419
ES.v.0,action_x_surprise,hike|medium,total_rel,2,6.0,0.4994700125717948,0.35153709799949356,0.6358489528939703
ES.v.0,action_x_surprise,hike|medium,total_rel,3,6.0,0.5006682915323531,0.38538838545890486,0.6136700928928709
ES.v.0,action_x_surprise,hike|medium,total_rel,4,6.0,0.5432619941521479,0.4548411551073657,0.6203072610344638
ES.v.0,action_x_surprise,hike|medium,total_rel,5,6.0,0.5891105382446062,0.5429121296530768,0.7017396800967405
ES.v.0,action_x_surprise,hike|medium,total_rel,6,6.0,0.6511575381140599,0.5799949354266903,0.890301214752927
ES.v.0,action_x_surprise,hike|medium,total_rel,7,6.0,0.6796844940361677,0.5646633807550129,0.8507932663194865
ES.v.0,action_x_surprise,hike|medium,total_rel,8,6.0,0.7326770359348778,0.5908865047995483,0.911960460472798
ES.v.0,action_x_surprise,hike|medium,total_rel,9,6.0,0.6510914155482401,0.583981588032221,0.7357951043951981
ES.v.0,action_x_surprise,hike|medium,total_rel,10,6.0,0.7000658394530261,0.5922669735327963,0.8989387926146868
ES.v.0,action_x_surprise,hike|medium,total_rel,11,6.0,0.7889693593314764,0.664472049689441,0.9666970690462691
ES.v.0,action_x_surprise,hike|medium,total_rel,12,6.0,0.7608812357558876,0.6326595143986449,0.8697648334853453
ES.v.0,action_x_surprise,hike|medium,total_rel,13,6.0,0.7424664472018232,0.6103896103896104,0.9018044223137032
ES.v.0,action_x_surprise,hike|medium,total_rel,14,6.0,0.8045374094931617,0.707193675889328,0.8686247442502526
ES.v.0,action_x_surprise,hike|medium,total_rel,15,6.0,0.8126736390453204,0.7544339397936936,0.9629982273993416
ES.v.0,action_x_surprise,hike|medium,total_rel,16,6.0,0.8465160592902032,0.8158780350084698,1.0372305897239957
ES.v.0,action_x_surprise,hike|medium,total_rel,17,6.0,0.8266064370412196,0.7938905073379872,1.0502000506457332
ES.v.0,action_x_surprise,hike|medium,total_rel,18,6.0,0.9349475072830209,0.8299356395816573,1.0088928874201977
ES.v.0,action_x_surprise,hike|medium,total_rel,19,6.0,0.998267915928083,0.7433601841196777,1.25671724424298
ES.v.0,action_x_surprise,hike|medium,total_rel,20,6.0,1.015147780215446,0.831046264142489,1.2903337427983184
ES.v.0,action_x_surprise,hike|medium,total_rel,21,6.0,1.0492577835760375,0.8623245109321058,1.3621513101073597
ES.v.0,action_x_surprise,hike|medium,total_rel,22,6.0,1.0457318748969384,0.9269071356558753,1.2154362532223741
ES.v.0,action_x_surprise,hike|medium,total_rel,23,6.0,0.9426645756319779,0.8853714132475194,1.4020662176933112
ES.v.0,action_x_surprise,hike|medium,total_rel,24,6.0,1.0610880848362645,0.8654890678941312,1.3147283095455256
ES.v.0,action_x_surprise,hike|medium,total_rel,25,6.0,1.0369106999195496,0.9591688137112132,1.2395340592555077
ES.v.0,action_x_surprise,hike|medium,total_rel,26,6.0,1.013209975864843,0.9305914362666959,1.2682400607748798
ES.v.0,action_x_surprise,hike|medium,total_rel,27,6.0,1.0138678712591758,0.8436197814293577,1.1065636870093696
ES.v.0,action_x_surprise,hike|medium,total_rel,28,6.0,0.9726513041276272,0.844361334867664,1.0599378805432986
ES.v.0,action_x_surprise,hike|medium,total_rel,29,6.0,0.8517792464807139,0.7337644468904788,0.9575968973139086
ES.v.0,action_x_surprise,hike|medium,total_rel,30,6.0,0.8079581114911322,0.7084479911942763,0.9893940887913821
ES.v.0,action_x_surprise,hike|medium,total_rel,31,6.0,0.7536085084831603,0.6375143843498274,0.887463948529593
ES.v.0,action_x_surprise,hike|medium,total_rel,32,6.0,0.7437022030893896,0.6972265956158411,0.9839742558326628
ES.v.0,action_x_surprise,hike|medium,total_rel,33,6.0,0.6720722755505364,0.6378138030069724,0.9090587288817378
ES.v.0,action_x_surprise,hike|medium,total_rel,34,6.0,0.7962958780350085,0.6425120283616106,1.0620980596932887
ES.v.0,action_x_surprise,hike|medium,total_rel,35,6.0,0.7808469791078487,0.7369865788807293,0.9660308910020339
ES.v.0,action_x_surprise,hike|medium,total_rel,36,6.0,0.6799493542669031,0.6144776962168267,0.8939408879138215
ES.v.0,action_x_surprise,hike|medium,total_rel,37,6.0,0.6358470498860471,0.6035686053077358,0.7544802425616881
ES.v.0,action_x_surprise,hike|medium,total_rel,38,6.0,0.6284359119141728,0.5134867663981588,0.7499862584510526
ES.v.0,action_x_surprise,hike|medium,total_rel,39,6.0,0.5232975719932242,0.46927824514505856,0.7542558326629123
ES.v.0,action_x_surprise,hike|small,ask_rel,-5,4.0,1.0953147072673048,0.7983828207847297,1.42371119133574
ES.v.0,action_x_surprise,hike|small,ask_rel,-4,4.0,1.1194859205776173,0.9101593156490346,1.2734439024390243
ES.v.0,action_x_surprise,hike|small,ask_rel,-3,4.0,1.0638048780487805,0.8725015408998855,1.2553043478260868
ES.v.0,action_x_surprise,hike|small,ask_rel,-2,4.0,0.8360482521792727,0.5457951219512196,1.0353555171872548
ES.v.0,action_x_surprise,hike|small,ask_rel,-1,4.0,0.5490006163599541,0.5012765342960288,0.6156548250265111
ES.v.0,action_x_surprise,hike|small,ask_rel,0,4.0,0.4248744310155392,0.3584968186638388,0.489585559566787
ES.v.0,action_x_surprise,hike|small,ask_rel,1,4.0,0.6735933785330633,0.5797166849788102,0.7121951219512196
ES.v.0,action_x_surprise,hike|small,ask_rel,2,4.0,0.9137096064101435,0.6994962884411453,1.1435985559566788
ES.v.0,action_x_surprise,hike|small,ask_rel,3,4.0,1.1454960288808664,0.9155744781039084,1.2826536585365853
ES.v.0,action_x_surprise,hike|small,ask_rel,4,4.0,1.290067870036101,1.0076322398367603,1.4196487804878049
ES.v.0,action_x_surprise,hike|small,ask_rel,5,4.0,1.2242669719115964,0.8539899257688229,1.499893140794224
ES.v.0,action_x_surprise,hike|small,ask_rel,6,4.0,1.4978427401602534,1.0885471898197243,1.831329963898917
ES.v.0,action_x_surprise,hike|small,ask_rel,7,4.0,1.4765268292682927,1.1765641569459173,1.634443321299639
ES.v.0,action_x_surprise,hike|small,ask_rel,8,4.0,1.3649560975609756,1.0803950159066809,1.616554512635379
ES.v.0,action_x_surprise,hike|small,ask_rel,9,4.0,1.2460156731531213,1.0872879109225875,1.3397747292418771
ES.v.0,action_x_surprise,hike|small,ask_rel,10,4.0,1.0889319362507703,1.0005302226935313,1.1517198555956678
ES.v.0,action_x_surprise,hike|small,ask_rel,11,4.0,1.4408975609756096,1.2011130434782609,1.661222153737783
ES.v.0,action_x_surprise,hike|small,ask_rel,12,4.0,1.3505170731707317,1.0979521739130436,1.5772210971207183
ES.v.0,action_x_surprise,hike|small,ask_rel,13,4.0,1.7101347186757065,1.4205328738069989,1.9612996389891697
ES.v.0,action_x_surprise,hike|small,ask_rel,14,4.0,2.006009756097561,1.64004506892895,2.186394223826715
ES.v.0,action_x_surprise,hike|small,ask_rel,15,4.0,1.9249801884300433,1.4991383881230118,2.1751971119133575
ES.v.0,action_x_surprise,hike|small,ask_rel,16,4.0,2.021229268292683,1.585896076352068,2.3166902527075814
ES.v.0,action_x_surprise,hike|small,ask_rel,17,4.0,2.3095007484370873,1.585896076352068,2.8340072202166064
ES.v.0,action_x_surprise,hike|small,ask_rel,18,4.0,1.5106982477767015,1.1947986972217863,2.0420878048780486
ES.v.0,action_x_surprise,hike|small,ask_rel,19,4.0,2.046829268292683,1.6239395546129376,2.3099638989169677
ES.v.0,action_x_surprise,hike|small,ask_rel,20,4.0,1.564849872325438,1.3303739601318474,1.9348878048780487
ES.v.0,action_x_surprise,hike|small,ask_rel,21,4.0,1.7877960729065774,1.635007953340403,2.070220938628159
ES.v.0,action_x_surprise,hike|small,ask_rel,22,4.0,1.930439376595932,1.661983032873807,2.052615162454874
ES.v.0,action_x_surprise,hike|small,ask_rel,23,4.0,1.8680989697983623,1.511466065747614,2.0416606498194945
ES.v.0,action_x_surprise,hike|small,ask_rel,24,4.0,1.997190243902439,1.6575695652173912,2.067271286431276
ES.v.0,action_x_surprise,hike|small,ask_rel,25,4.0,1.7625253147838338,1.5480514316012726,2.0227148014440433
ES.v.0,action_x_surprise,hike|small,ask_rel,26,4.0,2.279648780487805,1.5507688229056205,2.8514974729241875
ES.v.0,action_x_surprise,hike|small,ask_rel,27,4.0,2.142751219512195,1.7540260869565216,2.8002553491238884
ES.v.0,action_x_surprise,hike|small,ask_rel,28,4.0,1.937248780487805,1.5317470837751856,2.46966642599278
ES.v.0,action_x_surprise,hike|small,ask_rel,29,4.0,1.7924682926829267,1.4612937433722162,2.356352346570397
ES.v.0,action_x_surprise,hike|small,ask_rel,30,4.0,1.5644878048780488,1.3419273594909862,2.1110180505415164
ES.v.0,action_x_surprise,hike|small,ask_rel,31,4.0,2.1697170731707316,1.2484756097560976,3.3037083032490973
ES.v.0,action_x_surprise,hike|small,ask_rel,32,4.0,2.0304780487804877,1.4029692470837754,2.5008548736462095
ES.v.0,action_x_surprise,hike|small,ask_rel,33,4.0,1.7261268292682925,1.1738467656415694,2.6027061371841156
ES.v.0,action_x_surprise,hike|small,ask_rel,34,4.0,1.9132878048780488,1.3663838812301168,2.3183335740072204
ES.v.0,action_x_surprise,hike|small,ask_rel,35,4.0,1.5637853658536585,0.9706389183457053,2.324193501805054
ES.v.0,action_x_surprise,hike|small,ask_rel,36,4.0,1.4526439024390245,0.7592788971367974,2.1477516245487367
ES.v.0,action_x_surprise,hike|small,ask_rel,37,4.0,1.4926048780487804,0.9164899257688228,2.256297472924188
ES.v.0,action_x_surprise,hike|small,ask_rel,38,4.0,1.2686048780487806,0.8893160127253447,1.7524274368231048
ES.v.0,action_x_surprise,hike|small,ask_rel,39,4.0,1.2280531830589063,1.0242112698163552,1.435590243902439
ES.v.0,action_x_surprise,hike|small,bid_rel,-5,4.0,1.0578406414948875,1.0085363024820229,1.38095131279371
ES.v.0,action_x_surprise,hike|small,bid_rel,-4,4.0,1.209185803757829,0.7173063129987064,1.7045703839122486
ES.v.0,action_x_surprise,hike|small,bid_rel,-3,4.0,0.7511929107021131,0.516795459898386,0.8983994432846207
ES.v.0,action_x_surprise,hike|small,bid_rel,-2,4.0,0.698699543522392,0.6269347958561853,0.8634248882513416
ES.v.0,action_x_surprise,hike|small,bid_rel,-1,4.0,0.3835768963117606,0.2060401910934078,0.5407678244972578
ES.v.0,action_x_surprise,hike|small,bid_rel,0,4.0,0.3035446489434219,0.23875469088207796,0.37818403412553325
ES.v.0,action_x_surprise,hike|small,bid_rel,1,4.0,0.454601226993865,0.3563674321503132,0.6232181110575251
ES.v.0,action_x_surprise,hike|small,bid_rel,2,4.0,0.6707566462167689,0.5751565762004175,0.7894987718845684
ES.v.0,action_x_surprise,hike|small,bid_rel,3,4.0,0.9780163599182004,0.5693209908167578,1.3802559414990858
ES.v.0,action_x_surprise,hike|small,bid_rel,4,4.0,1.0516902008725788,0.5367281657850583,1.5243144424131627
ES.v.0,action_x_surprise,hike|small,bid_rel,5,4.0,0.7351056578050443,0.5737092869859242,1.0336989640463132
ES.v.0,action_x_surprise,hike|small,bid_rel,6,4.0,0.9229379686434901,0.7471070225546576,1.0349786715417428
ES.v.0,action_x_surprise,hike|small,bid_rel,7,4.0,0.9842194955691888,0.7411865850378472,1.2359536867763559
ES.v.0,action_x_surprise,hike|small,bid_rel,8,4.0,1.0271642808452623,0.8160421763131268,1.2578915295551492
ES.v.0,action_x_surprise,hike|small,bid_rel,9,4.0,1.018881929946648,0.7890079664946142,1.4634978671541743
ES.v.0,action_x_surprise,hike|small,bid_rel,10,4.0,0.8094751192910702,0.683245385965137,1.0834856794637415
ES.v.0,action_x_surprise,hike|small,bid_rel,11,4.0,0.9107513374681755,0.6188282080510266,1.1941092829575464
ES.v.0,action_x_surprise,hike|small,bid_rel,12,4.0,0.9941717791411042,0.7102555810289842,1.2016453382084094
ES.v.0,action_x_surprise,hike|small,bid_rel,13,4.0,1.2532379004771643,0.838451144383109,1.6840341255332114
ES.v.0,action_x_surprise,hike|small,bid_rel,14,4.0,1.1651198393916622,0.9876303847519016,1.325579413769598
ES.v.0,action_x_surprise,hike|small,bid_rel,15,4.0,1.3134946893821289,1.0521120176236278,1.5136299004671947
ES.v.0,action_x_surprise,hike|small,bid_rel,16,4.0,1.5001363326516701,1.2152010195063847,1.6647775746496039
ES.v.0,action_x_surprise,hike|small,bid_rel,17,4.0,1.6066462167689162,1.2020361309988856,1.8881170018281535
ES.v.0,action_x_surprise,hike|small,bid_rel,18,4.0,1.6097477845944104,1.2378645439758187,2.0060938452163315
ES.v.0,action_x_surprise,hike|small,bid_rel,19,4.0,1.3644171779141105,1.0115526979776375,1.8581352833638025
ES.v.0,action_x_surprise,hike|small,bid_rel,20,4.0,1.42266530334015,1.0197321234166272,1.932114564290067
ES.v.0,action_x_surprise,hike|small,bid_rel,21,4.0,1.4870143149284254,1.030939008927085,1.9923217550274224
ES.v.0,action_x_surprise,hike|small,bid_rel,22,4.0,1.2747443762781185,0.9603420341457791,1.6191956124314442
ES.v.0,action_x_surprise,hike|small,bid_rel,23,4.0,1.2357225701693342,0.9242382519820177,1.6196221815965874
ES.v.0,action_x_surprise,hike|small,bid_rel,24,4.0,1.3238241308793457,1.1049428769035696,1.5149908592321755
ES.v.0,action_x_surprise,hike|small,bid_rel,25,4.0,1.2648261758691206,1.0266755894821777,1.5904936014625228
ES.v.0,action_x_surprise,hike|small,bid_rel,26,4.0,1.257021131561009,0.7900550097980199,1.8498476538695916
ES.v.0,action_x_surprise,hike|small,bid_rel,27,4.0,1.3736196319018406,0.9648135814644518,2.0427787934186474
ES.v.0,action_x_surprise,hike|small,bid_rel,28,4.0,1.4073619631901841,1.0592684145138773,1.920292504570384
ES.v.0,action_x_surprise,hike|small,bid_rel,29,4.0,1.3812542603953646,0.9805800683940213,1.7694088970140158
ES.v.0,action_x_surprise,hike|small,bid_rel,30,4.0,1.3077027948193591,0.9952354726744113,1.784156002437538
ES.v.0,action_x_surprise,hike|small,bid_rel,31,4.0,1.3982617586912065,1.1544885177453026,2.059001413173921
ES.v.0,action_x_surprise,hike|small,bid_rel,32,4.0,1.2503067484662576,1.0419624217118997,1.5293906528639205
ES.v.0,action_x_surprise,hike|small,bid_rel,33,4.0,1.362883435582822,0.9800245270694314,1.7648994515539305
ES.v.0,action_x_surprise,hike|small,bid_rel,34,4.0,1.0394683026584866,0.922041702421968,2.1382084095063987
ES.v.0,action_x_surprise,hike|small,bid_rel,35,4.0,1.0471710974778459,0.8606819763395963,1.645467188568993
ES.v.0,action_x_surprise,hike|small,bid_rel,36,4.0,0.9,0.7315240083507307,1.5653564899451555
ES.v.0,action_x_surprise,hike|small,bid_rel,37,4.0,0.9490797546012271,0.7461377870563675,1.4744423010060452
ES.v.0,action_x_surprise,hike|small,bid_rel,38,4.0,0.8486025903203818,0.7940848990953375,1.2794242998620473
ES.v.0,action_x_surprise,hike|small,bid_rel,39,4.0,1.1390593047034765,0.8463760134226469,1.7111517367458866
ES.v.0,action_x_surprise,hike|small,bid_share,-5,4.0,0.6264367816091954,0.546634577448118,0.6871633752244165
ES.v.0,action_x_surprise,hike|small,bid_share,-4,4.0,0.6022876820739445,0.5071569536905671,0.6810891244706017
ES.v.0,action_x_surprise,hike|small,bid_share,-3,4.0,0.4262869313708427,0.35200214328654694,0.4962636705427277
ES.v.0,action_x_surprise,hike|small,bid_share,-2,4.0,0.48682445090973214,0.4084708676827535,0.6433958120050771
ES.v.0,action_x_surprise,hike|small,bid_share,-1,4.0,0.36374824552394647,0.2957853338288121,0.42067700115305257
ES.v.0,action_x_surprise,hike|small,bid_share,0,4.0,0.4426536714165289,0.4051256744308462,0.48670051642198386
ES.v.0,action_x_surprise,hike|small,bid_share,1,4.0,0.5216190042946123,0.46708603896103895,0.5677932425122996
ES.v.0,action_x_surprise,hike|small,bid_share,2,4.0,0.4616957860808381,0.4540476545603699,0.47392571537585715
ES.v.0,action_x_surprise,hike|small,bid_share,3,4.0,0.5257434734409445,0.5147867397812222,0.5380739294785948
ES.v.0,action_x_surprise,hike|small,bid_share,4,4.0,0.5239583333333333,0.5047699777203041,0.5381180503498251
ES.v.0,action_x_surprise,hike|small,bid_share,5,4.0,0.5250345065562456,0.4991109045848823,0.5445798847054972
ES.v.0,action_x_surprise,hike|small,bid_share,6,4.0,0.4437735049525928,0.4241327996715928,0.45084377963091454
ES.v.0,action_x_surprise,hike|small,bid_share,7,4.0,0.5198623927946997,0.49950126262626265,0.532674740424343
ES.v.0,action_x_surprise,hike|small,bid_share,8,4.0,0.5308198380566802,0.4855011531808572,0.5625988047040679
ES.v.0,action_x_surprise,hike|small,bid_share,9,4.0,0.5790011354358032,0.5491064133986928,0.6120787616557517
ES.v.0,action_x_surprise,hike|small,bid_share,10,4.0,0.5130283731717353,0.4712765369305617,0.5623372508822169
ES.v.0,action_x_surprise,hike|small,bid_share,11,4.0,0.4689008471336058,0.4309734284532672,0.4789519507580559
ES.v.0,action_x_surprise,hike|small,bid_share,12,4.0,0.49055950558537287,0.4328800363381359,0.5326989483829107
ES.v.0,action_x_surprise,hike|small,bid_share,13,4.0,0.47268021833239227,0.45738010548975894,0.4856931022376615
ES.v.0,action_x_surprise,hike|small,bid_share,14,4.0,0.4856984776339615,0.4230254351002415,0.5119168118886134
ES.v.0,action_x_surprise,hike|small,bid_share,15,4.0,0.5090855086631634,0.47403423548075707,0.5198763676036912
ES.v.0,action_x_surprise,hike|small,bid_share,16,4.0,0.5292422073791349,0.4706309041835358,0.5766566254421223
ES.v.0,action_x_surprise,hike|small,bid_share,17,4.0,0.49124193910718483,0.4520835447260022,0.5287469584456672
ES.v.0,action_x_surprise,hike|small,bid_share,18,4.0,0.5287116681146206,0.5105515170800805,0.5703773873763321
ES.v.0,action_x_surprise,hike|small,bid_share,19,4.0,0.4998982926503935,0.47064215757224875,0.5414395641780129
ES.v.0,action_x_surprise,hike|small,bid_share,20,4.0,0.49730857870392753,0.4708781342612295,0.5367952160117159
ES.v.0,action_x_surprise,hike|small,bid_share,21,4.0,0.5178808408609346,0.46264519612849453,0.5648925459854713
ES.v.0,action_x_surprise,hike|small,bid_share,22,4.0,0.4897268974277548,0.47245394677056307,0.5051589381280173
ES.v.0,action_x_surprise,hike|small,bid_share,23,4.0,0.49941507497477644,0.4697928218872525,0.5313956876456876
ES.v.0,action_x_surprise,hike|small,bid_share,24,4.0,0.49543143349305097,0.4456631865336371,0.5640220547320299
ES.v.0,action_x_surprise,hike|small,bid_share,25,4.0,0.49498505880084825,0.45753975640889266,0.5387208868452333
ES.v.0,action_x_surprise,hike|small,bid_share,26,4.0,0.4575463924602774,0.41617601941779275,0.48955962541488857
ES.v.0,action_x_surprise,hike|small,bid_share,27,4.0,0.4223678672691831,0.4001358695652174,0.4555212293057753
ES.v.0,action_x_surprise,hike|small,bid_share,28,4.0,0.48205931916145456,0.4618838826686647,0.5087456836906984
ES.v.0,action_x_surprise,hike|small,bid_share,29,4.0,0.4940934065934066,0.43625985680087137,0.5263866947642851
ES.v.0,action_x_surprise,hike|small,bid_share,30,4.0,0.5447527281170188,0.4765761247593222,0.595091002949939
ES.v.0,action_x_surprise,hike|small,bid_share,31,4.0,0.52505772005772,0.5123225453265431,0.5353851540616247
ES.v.0,action_x_surprise,hike|small,bid_share,32,4.0,0.4903960184132598,0.45770547804952877,0.5206539256826613
ES.v.0,action_x_surprise,hike|small,bid_share,33,4.0,0.5415921871748237,0.4857009750816229,0.5546220476827094
ES.v.0,action_x_surprise,hike|small,bid_share,34,4.0,0.498167340748472,0.4679337308885904,0.5575161494055553
ES.v.0,action_x_surprise,hike|small,bid_share,35,4.0,0.5206306138908698,0.4948880972193329,0.5469555840872358
ES.v.0,action_x_surprise,hike|small,bid_share,36,4.0,0.526844262295082,0.4998065015479876,0.5649903661128841
ES.v.0,action_x_surprise,hike|small,bid_share,37,4.0,0.48759312229218094,0.45819589908888064,0.514748669207824
ES.v.0,action_x_surprise,hike|small,bid_share,38,4.0,0.5409369842217155,0.5148673783542205,0.5588558858243096
ES.v.0,action_x_surprise,hike|small,bid_share,39,4.0,0.5359750598939406,0.5005701598353365,0.6035809427602671
ES.v.0,action_x_surprise,hike|small,total_rel,-5,4.0,1.0708219415510716,0.8787511681838635,1.4193098015701557
ES.v.0,action_x_surprise,hike|small,total_rel,-4,4.0,1.1418823429510703,0.657633316787202,1.6209690041719964
ES.v.0,action_x_surprise,hike|small,total_rel,-3,4.0,0.9178863218676646,0.7338724926836772,1.058039989385391
ES.v.0,action_x_surprise,hike|small,total_rel,-2,4.0,0.6357945766624243,0.5574061830908176,0.8404032271591272
ES.v.0,action_x_surprise,hike|small,total_rel,-1,4.0,0.44236457057873046,0.3539657306583056,0.5259953692459642
ES.v.0,action_x_surprise,hike|small,total_rel,0,4.0,0.3654537845198309,0.33858830083798824,0.4091093084632697
ES.v.0,action_x_surprise,hike|small,total_rel,1,4.0,0.5701981573249064,0.45872417015679623,0.6572002708043694
ES.v.0,action_x_surprise,hike|small,total_rel,2,4.0,0.8432391777714427,0.6797907076021368,0.904420949911969
ES.v.0,action_x_surprise,hike|small,total_rel,3,4.0,1.0823386367488583,0.6848977805145219,1.4063567623581223
ES.v.0,action_x_surprise,hike|small,total_rel,4,4.0,1.0985584860037054,0.6736516473872821,1.460646686420233
ES.v.0,action_x_surprise,hike|small,total_rel,5,4.0,0.9052763102827093,0.7204091292755517,1.09527047813345
ES.v.0,action_x_surprise,hike|small,total_rel,6,4.0,1.2076072518181102,0.9545014018206363,1.356657878261483
ES.v.0,action_x_surprise,hike|small,total_rel,7,4.0,1.0711777229194088,0.9001451451765934,1.254405423055542
ES.v.0,action_x_surprise,hike|small,total_rel,8,4.0,1.0753931909576695,0.8851352908034927,1.2876194793909859
ES.v.0,action_x_surprise,hike|small,total_rel,9,4.0,1.0218415833176642,0.8684320760368036,1.2594733461785483
ES.v.0,action_x_surprise,hike|small,total_rel,10,4.0,0.9325221842796402,0.8293701614112815,1.064618782105357
ES.v.0,action_x_surprise,hike|small,total_rel,11,4.0,1.0124887031521996,0.7447434616601005,1.3134988099285958
ES.v.0,action_x_surprise,hike|small,total_rel,12,4.0,1.0995820924491566,0.8554234657652167,1.3191010508249543
ES.v.0,action_x_surprise,hike|small,total_rel,13,4.0,1.533223347020968,1.2567477845986934,1.6212334644840594
ES.v.0,action_x_surprise,hike|small,total_rel,14,4.0,1.593216432440301,1.1783170280634954,1.7890416282119785
ES.v.0,action_x_surprise,hike|small,total_rel,15,4.0,1.6371968047358814,1.3489568606752917,1.7340824576458715
ES.v.0,action_x_surprise,hike|small,total_rel,16,4.0,1.611903996506317,1.3081813252108498,1.82983658661086
ES.v.0,action_x_surprise,hike|small,total_rel,17,4.0,1.8229988657661538,1.4746057018910157,2.046831324345058
ES.v.0,action_x_surprise,hike|small,total_rel,18,4.0,1.8365490177049657,1.383908483610813,2.0894359842572916
ES.v.0,action_x_surprise,hike|small,total_rel,19,4.0,1.5374388150592289,1.2926361338184071,1.8001057841248254
ES.v.0,action_x_surprise,hike|small,total_rel,20,4.0,1.6014836021326024,1.354021233503612,1.737682356179466
ES.v.0,action_x_surprise,hike|small,total_rel,21,4.0,1.6854654301293754,1.5010499232748375,1.8146572375015064
ES.v.0,action_x_surprise,hike|small,total_rel,22,4.0,1.4744433459291924,1.2398110389923196,1.6244339739749463
ES.v.0,action_x_surprise,hike|small,total_rel,23,4.0,1.3705244770090192,1.134582880409171,1.5953541339464494
ES.v.0,action_x_surprise,hike|small,total_rel,24,4.0,1.529044271512534,1.2800443184983652,1.662850882164041
ES.v.0,action_x_surprise,hike|small,total_rel,25,4.0,1.5720299146595176,1.278241205450371,1.7121356412449553
ES.v.0,action_x_surprise,hike|small,total_rel,26,4.0,1.4943439943227652,1.2715032363019625,1.787151586762722
ES.v.0,action_x_surprise,hike|small,total_rel,27,4.0,1.5984448258920718,1.2174727145918027,2.3029797660875526
ES.v.0,action_x_surprise,hike|small,total_rel,28,4.0,1.527976757304284,1.2778200157921302,1.9592353318976916
ES.v.0,action_x_surprise,hike|small,total_rel,29,4.0,1.4377172179124031,1.1807298309990721,1.8737336938629015
ES.v.0,action_x_surprise,hike|small,total_rel,30,4.0,1.355797633272477,1.0962764921363988,1.887469438642509
ES.v.0,action_x_surprise,hike|small,total_rel,31,4.0,1.5739829804268843,1.1464989096950609,2.2889009398792743
ES.v.0,action_x_surprise,hike|small,total_rel,32,4.0,1.5100109784131643,1.1622189147716129,1.8520050202662386
ES.v.0,action_x_surprise,hike|small,total_rel,33,4.0,1.436595114909413,1.1889169637603405,1.8491225801268392
ES.v.0,action_x_surprise,hike|small,total_rel,34,4.0,1.3125936349465332,1.0414546629284784,2.0522170393166013
ES.v.0,action_x_surprise,hike|small,total_rel,35,4.0,1.1885921549836538,0.8540722024159773,1.8622209289452052
ES.v.0,action_x_surprise,hike|small,total_rel,36,4.0,1.1161164318337589,0.7837100365742503,1.7070918608786643
ES.v.0,action_x_surprise,hike|small,total_rel,37,4.0,1.0793903038169699,0.794688080486426,1.6548037893016598
ES.v.0,action_x_surprise,hike|small,total_rel,38,4.0,1.0217506019930975,0.8480841784638815,1.4233498226153
ES.v.0,action_x_surprise,hike|small,total_rel,39,4.0,1.2118773086511108,1.0374633733582153,1.4531554432948517
ES.v.0,action_x_surprise,hold|large,ask_rel,-5,16.0,1.238331854480923,0.9243577883725895,1.6482758620689655
ES.v.0,action_x_surprise,hold|large,ask_rel,-4,16.0,1.119149157478677,0.977933094721416,1.3087585034013605
ES.v.0,action_x_surprise,hold|large,ask_rel,-3,16.0,0.7677394804830666,0.5952078705172961,0.9710884353741497
ES.v.0,action_x_surprise,hold|large,ask_rel,-2,16.0,0.7160059426069278,0.500173792144595,1.0540059158423714
ES.v.0,action_x_surprise,hold|large,ask_rel,-1,16.0,0.4634640247986666,0.2911335138456552,0.5850931677018634
ES.v.0,action_x_surprise,hold|large,ask_rel,0,16.0,0.22489207523897625,0.13043024227234754,0.27419842202450895
ES.v.0,action_x_surprise,hold|large,ask_rel,1,16.0,0.3319232848827963,0.2972524468194332,0.41294355580069864
ES.v.0,action_x_surprise,hold|large,ask_rel,2,16.0,0.44833407815681015,0.29160986416086465,0.5817245817245817
ES.v.0,action_x_surprise,hold|large,ask_rel,3,16.0,0.4802960222016651,0.337418415190741,0.655819084390513
ES.v.0,action_x_surprise,hold|large,ask_rel,4,16.0,0.5471196208214144,0.38972431077694236,0.6244010647737356
ES.v.0,action_x_surprise,hold|large,ask_rel,5,16.0,0.5987577639751553,0.443859649122807,0.7432345200854065
ES.v.0,action_x_surprise,hold|large,ask_rel,6,16.0,0.5843409198672356,0.4721897098268715,0.6938775510204082
ES.v.0,action_x_surprise,hold|large,ask_rel,7,16.0,0.6558553115973493,0.5196119413383495,0.8322054328640922
ES.v.0,action_x_surprise,hold|large,ask_rel,8,16.0,0.7005935861856306,0.5363408521303258,0.8986946129803273
ES.v.0,action_x_surprise,hold|large,ask_rel,9,16.0,0.7067530064754857,0.4894775419193337,0.943957807842238
ES.v.0,action_x_surprise,hold|large,ask_rel,10,16.0,0.7428410099217553,0.6151394675741866,0.9246963334554575
ES.v.0,action_x_surprise,hold|large,ask_rel,11,16.0,0.7681621954979957,0.7245409638234194,0.8790528977935275
ES.v.0,action_x_surprise,hold|large,ask_rel,12,16.0,0.8152778898120513,0.6640200492041124,0.9602031101237702
ES.v.0,action_x_surprise,hold|large,ask_rel,13,16.0,0.9319790821046272,0.7453831569204127,1.2313540880223832
ES.v.0,action_x_surprise,hold|large,ask_rel,14,16.0,0.7924220837244058,0.6287864084917067,0.9498645467868722
ES.v.0,action_x_surprise,hold|large,ask_rel,15,16.0,0.8979591836734694,0.7925453959608769,1.0457509881422926
ES.v.0,action_x_surprise,hold|large,ask_rel,16,16.0,0.9603574682226368,0.7649469931840086,1.194858774992066
ES.v.0,action_x_surprise,hold|large,ask_rel,17,16.0,0.947718162195498,0.813422523081853,1.2952569169960473
ES.v.0,action_x_surprise,hold|large,ask_rel,18,16.0,0.8772034361189731,0.7153822055137844,1.5697463768115942
ES.v.0,action_x_surprise,hold|large,ask_rel,19,16.0,1.018109072451219,0.8129251700680271,1.5942528735632184
ES.v.0,action_x_surprise,hold|large,ask_rel,20,16.0,1.0617153429364345,0.7913917800238295,1.5038768494540609
ES.v.0,action_x_surprise,hold|large,ask_rel,21,16.0,1.0908353609083536,0.753609124703283,1.3975546975546975
ES.v.0,action_x_surprise,hold|large,ask_rel,22,16.0,1.1414260953397748,0.8265462927391471,1.3888339920948616
ES.v.0,action_x_surprise,hold|large,ask_rel,23,16.0,1.0540634482240323,0.8585623715470094,1.5073448124422637
ES.v.0,action_x_surprise,hold|large,ask_rel,24,16.0,0.9015343363622821,0.7665979051090506,1.302920933355716
ES.v.0,action_x_surprise,hold|large,ask_rel,25,16.0,1.1135192282278314,0.800562122203827,1.4518115942028986
ES.v.0,action_x_surprise,hold|large,ask_rel,26,16.0,0.9957247721222876,0.8016910593385514,1.5129190723787043
ES.v.0,action_x_surprise,hold|large,ask_rel,27,16.0,0.9485170571466329,0.7187835660580022,1.324456498342589
ES.v.0,action_x_surprise,hold|large,ask_rel,28,16.0,1.0601188767318468,0.7220730397422127,1.3932806324110671
ES.v.0,action_x_surprise,hold|large,ask_rel,29,16.0,1.24527246080739,0.7142857142857143,1.3384813384813383
ES.v.0,action_x_surprise,hold|large,ask_rel,30,16.0,0.8760627154787739,0.641156462585034,1.1187265917602995
ES.v.0,action_x_surprise,hold|large,ask_rel,31,16.0,0.8429458740017746,0.6638384442462849,1.109602213050489
ES.v.0,action_x_surprise,hold|large,ask_rel,32,16.0,0.8979833241972246,0.5209750566893424,1.0974213691026826
ES.v.0,action_x_surprise,hold|large,ask_rel,33,16.0,0.8764606723704716,0.6442108616021659,1.1289959910649565
ES.v.0,action_x_surprise,hold|large,ask_rel,34,16.0,0.76174951674793,0.4897959183673469,0.956060243844131
ES.v.0,action_x_surprise,hold|large,ask_rel,35,16.0,0.8932469935245144,0.6224489795918366,1.0162935380326683
ES.v.0,action_x_surprise,hold|large,ask_rel,36,16.0,0.8129562043795621,0.638881547068411,0.9538005691096958
ES.v.0,action_x_surprise,hold|large,ask_rel,37,16.0,0.8208467344302535,0.647074630876491,1.0708969839404623
ES.v.0,action_x_surprise,hold|large,ask_rel,38,16.0,0.6518349183126066,0.5330513784461153,0.9683912895441962
ES.v.0,action_x_surprise,hold|large,ask_rel,39,16.0,0.8181249511298773,0.6336757087619247,0.9673631825357729
ES.v.0,action_x_surprise,hold|large,bid_rel,-5,16.0,1.4805686883124571,1.2058231093206373,1.812051567356022
ES.v.0,action_x_surprise,hold|large,bid_rel,-4,16.0,0.9776674937965261,0.7571653543307086,1.1789358129923801
ES.v.0,action_x_surprise,hold|large,bid_rel,-3,16.0,0.699250645994832,0.5503759398496241,0.8970069009789761
ES.v.0,action_x_surprise,hold|large,bid_rel,-2,16.0,0.7187303233453091,0.5438169051912674,0.8968664631206813
ES.v.0,action_x_surprise,hold|large,bid_rel,-1,16.0,0.3970148117649908,0.24396914206274142,0.6331381449014241
ES.v.0,action_x_surprise,hold|large,bid_rel,0,16.0,0.20003213883978788,0.14631194190166247,0.2849584628950666
ES.v.0,action_x_surprise,hold|large,bid_rel,1,16.0,0.3866718326230143,0.2557941825395219,0.531317941815923
ES.v.0,action_x_surprise,hold|large,bid_rel,2,16.0,0.5339265850945495,0.373016805735104,0.7310832025117739
ES.v.0,action_x_surprise,hold|large,bid_rel,3,16.0,0.630124112004865,0.47244094488188976,0.7219518928805604
ES.v.0,action_x_surprise,hold|large,bid_rel,4,16.0,0.6079393334201653,0.4127982136561288,0.9452228358782008
ES.v.0,action_x_surprise,hold|large,bid_rel,5,16.0,0.7233963663329626,0.5395223153496791,0.995185766614338
ES.v.0,action_x_surprise,hold|large,bid_rel,6,16.0,0.7821763689837076,0.6410725914899735,0.933566332572716
ES.v.0,action_x_surprise,hold|large,bid_rel,7,16.0,0.7340744587276523,0.6415589028815007,0.8938622640067263
ES.v.0,action_x_surprise,hold|large,bid_rel,8,16.0,0.7502067824648471,0.5017040780350217,1.058117487226439
ES.v.0,action_x_surprise,hold|large,bid_rel,9,16.0,0.8486352357320099,0.5249081364829397,1.0529158603159932
ES.v.0,action_x_surprise,hold|large,bid_rel,10,16.0,0.9388269005340164,0.6174463154511701,1.134862034701521
ES.v.0,action_x_surprise,hold|large,bid_rel,11,16.0,0.8786278772819822,0.5905511811023623,1.1108961121319045
ES.v.0,action_x_surprise,hold|large,bid_rel,12,16.0,0.8744519083309934,0.6726431463273568,1.2915787004456956
ES.v.0,action_x_surprise,hold|large,bid_rel,13,16.0,0.866774193548387,0.6573069343775637,1.3827896463079514
ES.v.0,action_x_surprise,hold|large,bid_rel,14,16.0,1.0218179421264253,0.6782267502444811,1.3996073780213487
ES.v.0,action_x_surprise,hold|large,bid_rel,15,16.0,1.086759576839028,0.7926134016359581,1.3861013370865587
ES.v.0,action_x_surprise,hold|large,bid_rel,16,16.0,1.1583240637745642,0.8864179104477612,1.3355361263826562
ES.v.0,action_x_surprise,hold|large,bid_rel,17,16.0,1.1555386333637934,0.8196856906534326,1.4607387317577167
ES.v.0,action_x_surprise,hold|large,bid_rel,18,16.0,1.1459083890890374,0.9424591156874621,1.4381348507168097
ES.v.0,action_x_surprise,hold|large,bid_rel,19,16.0,1.326919387637647,0.8573507501472576,1.6651296444800856
ES.v.0,action_x_surprise,hold|large,bid_rel,20,16.0,1.281644476844569,0.8502894954507858,1.4576984763432237
ES.v.0,action_x_surprise,hold|large,bid_rel,21,16.0,1.2358064516129033,0.9697260043240676,1.9701674591689062
ES.v.0,action_x_surprise,hold|large,bid_rel,22,16.0,1.168734858681023,1.0420533522568816,1.6848276389207368
ES.v.0,action_x_surprise,hold|large,bid_rel,23,16.0,1.226645827001838,0.9206541490006057,1.5187135086581167
ES.v.0,action_x_surprise,hold|large,bid_rel,24,16.0,1.3339298137269855,1.0209488343045656,1.704201858922442
ES.v.0,action_x_surprise,hold|large,bid_rel,25,16.0,1.2403225806451612,1.0181711308642811,1.378129252435363
ES.v.0,action_x_surprise,hold|large,bid_rel,26,16.0,1.4401462077368261,0.9073767094902611,1.5471147079521463
ES.v.0,action_x_surprise,hold|large,bid_rel,27,16.0,1.1404573730037457,0.9088431253785585,1.879711307137129
ES.v.0,action_x_surprise,hold|large,bid_rel,28,16.0,1.0298289800185267,0.8277956989247311,1.5365704902650714
ES.v.0,action_x_surprise,hold|large,bid_rel,29,16.0,0.8512437810945274,0.6854203708407417,1.4806517956019618
ES.v.0,action_x_surprise,hold|large,bid_rel,30,16.0,0.988136056492992,0.8120430107526883,1.2953755680299386
ES.v.0,action_x_surprise,hold|large,bid_rel,31,16.0,1.0019616956387245,0.7116898849182314,1.2085620455078583
ES.v.0,action_x_surprise,hold|large,bid_rel,32,16.0,0.9672952652353617,0.5931884112572052,1.2509792072953003
ES.v.0,action_x_surprise,hold|large,bid_rel,33,16.0,0.9747027667691397,0.6154164939908827,1.457913918778202
ES.v.0,action_x_surprise,hold|large,bid_rel,34,16.0,0.9350060078871978,0.6232905097389142,1.1349209537775455
ES.v.0,action_x_surprise,hold|large,bid_rel,35,16.0,0.9378696741854636,0.5899483856383981,1.30256269398742
ES.v.0,action_x_surprise,hold|large,bid_rel,36,16.0,0.8692105575822973,0.7330685283261114,1.2071651998212585
ES.v.0,action_x_surprise,hold|large,bid_rel,37,16.0,0.8502564102564103,0.6108337313130436,1.15624609697
ES.v.0,action_x_surprise,hold|large,bid_rel,38,16.0,0.9490484452890469,0.6595350637145148,1.2214482562877103
ES.v.0,action_x_surprise,hold|large,bid_rel,39,16.0,0.908222614895601,0.7205504734392554,1.158744294779027
ES.v.0,action_x_surprise,hold|large,bid_share,-5,16.0,0.51,0.37120588235294116,0.632943469785575
ES.v.0,action_x_surprise,hold|large,bid_share,-4,16.0,0.395915665253594,0.3509312790350566,0.44554312486472747
ES.v.0,action_x_surprise,hold|large,bid_share,-3,16.0,0.4981075966477426,0.4206995455217263,0.53326116250908
ES.v.0,action_x_surprise,hold|large,bid_share,-2,16.0,0.4433035714285714,0.3826079397557467,0.5483656477170628
ES.v.0,action_x_surprise,hold|large,bid_share,-1,16.0,0.4821415011371077,0.42231213843134435,0.5312929832439203
ES.v.0,action_x_surprise,hold|large,bid_share,0,16.0,0.5,0.46912024756852344,0.5594951923076923
ES.v.0,action_x_surprise,hold|large,bid_share,1,16.0,0.5,0.4462481962481962,0.5234875160051217
ES.v.0,action_x_surprise,hold|large,bid_share,2,16.0,0.4843597262952102,0.4416172429832427,0.5
ES.v.0,action_x_surprise,hold|large,bid_share,3,16.0,0.5216330652004209,0.4740765370046994,0.5750652749099165
ES.v.0,action_x_surprise,hold|large,bid_share,4,16.0,0.5030227379812442,0.47833904171135017,0.5278537011768718
ES.v.0,action_x_surprise,hold|large,bid_share,5,16.0,0.4905329593267882,0.4810253371993555,0.54596483872824
ES.v.0,action_x_surprise,hold|large,bid_share,6,16.0,0.5250089343898876,0.4690454430516924,0.5570365484816843
ES.v.0,action_x_surprise,hold|large,bid_share,7,16.0,0.49569060773480667,0.4640758785616839,0.5559581599630143
ES.v.0,action_x_surprise,hold|large,bid_share,8,16.0,0.500179841328565,0.4422160033167496,0.5371234472049689
ES.v.0,action_x_surprise,hold|large,bid_share,9,16.0,0.5084812454962642,0.45606848250052706,0.5635261292016808
ES.v.0,action_x_surprise,hold|large,bid_share,10,16.0,0.5005555555555555,0.4876859487428248,0.5240540332130423
ES.v.0,action_x_surprise,hold|large,bid_share,11,16.0,0.49764150943396224,0.43206944537589703,0.5346435668156979
ES.v.0,action_x_surprise,hold|large,bid_share,12,16.0,0.5,0.4695859501640577,0.531811617931653
ES.v.0,action_x_surprise,hold|large,bid_share,13,16.0,0.48220175542351107,0.44665495120679755,0.5129068607391261
ES.v.0,action_x_surprise,hold|large,bid_share,14,16.0,0.5098207475209764,0.47829572734030523,0.5436441205779771
ES.v.0,action_x_surprise,hold|large,bid_share,15,16.0,0.521812865497076,0.47744721173978544,0.5414391220679253
ES.v.0,action_x_surprise,hold|large,bid_share,16,16.0,0.5004629629629629,0.4791815442621894,0.5471741121197643
ES.v.0,action_x_surprise,hold|large,bid_share,17,16.0,0.5,0.46234175994527005,0.5254522642390289
ES.v.0,action_x_surprise,hold|large,bid_share,18,16.0,0.48438576539486766,0.45458122726344985,0.5390287256990797
ES.v.0,action_x_surprise,hold|large,bid_share,19,16.0,0.48589477933694186,0.46143288367738006,0.5271522796761726
ES.v.0,action_x_surprise,hold|large,bid_share,20,16.0,0.49019753610875105,0.45491600790513836,0.5150878560537195
ES.v.0,action_x_surprise,hold|large,bid_share,21,16.0,0.5056403731976251,0.4810745221027479,0.5554128672200955
ES.v.0,action_x_surprise,hold|large,bid_share,22,16.0,0.4977332334207568,0.488309368532296,0.5207716796699848
ES.v.0,action_x_surprise,hold|large,bid_share,23,16.0,0.49368545477168096,0.46118659110167676,0.526835487625582
ES.v.0,action_x_surprise,hold|large,bid_share,24,16.0,0.5279013886907309,0.5008106479798591,0.5674791065416065
ES.v.0,action_x_surprise,hold|large,bid_share,25,16.0,0.5085432859823104,0.45511350373482723,0.524739374404553
ES.v.0,action_x_surprise,hold|large,bid_share,26,16.0,0.501958015112488,0.4759535756941582,0.5741231049968016
ES.v.0,action_x_surprise,hold|large,bid_share,27,16.0,0.5133600633600633,0.495521350458702,0.5443236240640472
ES.v.0,action_x_surprise,hold|large,bid_share,28,16.0,0.4750673854447439,0.4237767885282067,0.512817988647508
ES.v.0,action_x_surprise,hold|large,bid_share,29,16.0,0.46711867680168284,0.4316331227053081,0.5102039851784633
ES.v.0,action_x_surprise,hold|large,bid_share,30,16.0,0.4944547014770127,0.461599245172939,0.5180961134453781
ES.v.0,action_x_surprise,hold|large,bid_share,31,16.0,0.5083964434125012,0.4665821545857844,0.5309376014281078
ES.v.0,action_x_surprise,hold|large,bid_share,32,16.0,0.4978038379530917,0.4630925046699875,0.5118268807223068
ES.v.0,action_x_surprise,hold|large,bid_share,33,16.0,0.4984280425456896,0.47682203363801656,0.5381174601879798
ES.v.0,action_x_surprise,hold|large,bid_share,34,16.0,0.5148858922894338,0.4988989598364598,0.538150506608266
ES.v.0,action_x_surprise,hold|large,bid_share,35,16.0,0.5008538335890709,0.46213315217391304,0.5299064905682552
ES.v.0,action_x_surprise,hold|large,bid_share,36,16.0,0.5054347826086957,0.4334797916975578,0.5488269794721407
ES.v.0,action_x_surprise,hold|large,bid_share,37,16.0,0.48939636717389196,0.46255745177817964,0.5282711436258043
ES.v.0,action_x_surprise,hold|large,bid_share,38,16.0,0.4979166666666667,0.4754169232348112,0.5274267399267399
ES.v.0,action_x_surprise,hold|large,bid_share,39,16.0,0.5169534891528781,0.4901682469935245,0.5483070673288064
ES.v.0,action_x_surprise,hold|large,total_rel,-5,16.0,1.3065968087639914,1.1009874326750448,1.5437952294800992
ES.v.0,action_x_surprise,hold|large,total_rel,-4,16.0,1.063232069786256,0.9268693592817352,1.1823342472582254
ES.v.0,action_x_surprise,hold|large,total_rel,-3,16.0,0.7465744918657118,0.6406506287588847,0.95718282309057
ES.v.0,action_x_surprise,hold|large,total_rel,-2,16.0,0.75779947606573,0.5621978361877097,0.9884042278104597
ES.v.0,action_x_surprise,hold|large,total_rel,-1,16.0,0.46419745092325787,0.29999640305560427,0.6515010255454037
ES.v.0,action_x_surprise,hold|large,total_rel,0,16.0,0.246617003827228,0.1453813926319818,0.2787446594621764
ES.v.0,action_x_surprise,hold|large,total_rel,1,16.0,0.44515788362023445,0.30416423221968447,0.4919508963641267
ES.v.0,action_x_surprise,hold|large,total_rel,2,16.0,0.48966613672496023,0.40673912385334987,0.5713695258156167
ES.v.0,action_x_surprise,hold|large,total_rel,3,16.0,0.5142554319024908,0.43088650357676506,0.6120713994754096
ES.v.0,action_x_surprise,hold|large,total_rel,4,16.0,0.5808998485831711,0.37439307274482403,0.731849496555379
ES.v.0,action_x_surprise,hold|large,total_rel,5,16.0,0.6494501026216939,0.48966242598008847,0.7857203751065643
ES.v.0,action_x_surprise,hold|large,total_rel,6,16.0,0.6602689026787698,0.5397953406985521,0.7500390289594879
ES.v.0,action_x_surprise,hold|large,total_rel,7,16.0,0.7092213697073032,0.5298419746637064,0.872604677758337
ES.v.0,action_x_surprise,hold|large,total_rel,8,16.0,0.7491692496718885,0.49512297030558877,0.8651854938685649
ES.v.0,action_x_surprise,hold|large,total_rel,9,16.0,0.7908460681569925,0.5169826970296705,0.8887620510372454
ES.v.0,action_x_surprise,hold|large,total_rel,10,16.0,0.7713969577753227,0.6783763004645685,0.9915257643559581
ES.v.0,action_x_surprise,hold|large,total_rel,11,16.0,0.8461118902914134,0.6245390982225736,1.0400997222210147
ES.v.0,action_x_surprise,hold|large,total_rel,12,16.0,0.8349322953785429,0.6703242872538454,0.9990996398559424
ES.v.0,action_x_surprise,hold|large,total_rel,13,16.0,0.85589656152316,0.6851762829907726,1.0298786964056124
ES.v.0,action_x_surprise,hold|large,total_rel,14,16.0,0.8798946444249341,0.6990773369546532,1.007676823440873
ES.v.0,action_x_surprise,hold|large,total_rel,15,16.0,1.005209247878256,0.732879396492603,1.1608760115039032
ES.v.0,action_x_surprise,hold|large,total_rel,16,16.0,0.9496189901869415,0.8559597580092093,1.20022869523351
ES.v.0,action_x_surprise,hold|large,total_rel,17,16.0,1.079769838970071,0.8178241647888704,1.223665061022392
ES.v.0,action_x_surprise,hold|large,total_rel,18,16.0,1.0158982511923689,0.7778306698401904,1.3073713349620133
ES.v.0,action_x_surprise,hold|large,total_rel,19,16.0,1.0387558008277937,0.8454390451832907,1.3992853861881978
ES.v.0,action_x_surprise,hold|large,total_rel,20,16.0,1.083073229291717,0.91704770942973,1.2807206172644914
ES.v.0,action_x_surprise,hold|large,total_rel,21,16.0,1.1138314785373609,0.9431671124148046,1.4271688538367058
ES.v.0,action_x_surprise,hold|large,total_rel,22,16.0,1.146860541969597,0.8691585425473787,1.4505624830577393
ES.v.0,action_x_surprise,hold|large,total_rel,23,16.0,1.2142024377318494,0.8255486430880769,1.428295396249606
ES.v.0,action_x_surprise,hold|large,total_rel,24,16.0,1.1665747380033094,0.9074097344391387,1.2735869750664164
ES.v.0,action_x_surprise,hold|large,total_rel,25,16.0,1.2008479067302598,0.9215458753796415,1.3614221071536865
ES.v.0,action_x_surprise,hold|large,total_rel,26,16.0,1.1530641285099925,0.8512084275781184,1.5307592873373521
ES.v.0,action_x_surprise,hold|large,total_rel,27,16.0,1.054572938487907,0.8407681997151712,1.4842472027743243
ES.v.0,action_x_surprise,hold|large,total_rel,28,16.0,1.0323271757760426,0.8202652159129548,1.2943139435974613
ES.v.0,action_x_surprise,hold|large,total_rel,29,16.0,1.0230150952283277,0.7089085345120707,1.2516282886301862
ES.v.0,action_x_surprise,hold|large,total_rel,30,16.0,0.9292855314005347,0.6675960557633458,1.0633090756420125
ES.v.0,action_x_surprise,hold|large,total_rel,31,16.0,0.8582346391335155,0.6893307930459633,1.0672861859232436
ES.v.0,action_x_surprise,hold|large,total_rel,32,16.0,0.9102993439037725,0.5662776851631341,1.1019490254872564
ES.v.0,action_x_surprise,hold|large,total_rel,33,16.0,0.839383768171142,0.6129975895719735,1.1568340708974918
ES.v.0,action_x_surprise,hold|large,total_rel,34,16.0,0.838830494140389,0.5495711746790263,0.9412954614942104
ES.v.0,action_x_surprise,hold|large,total_rel,35,16.0,0.8846579837494025,0.5765603426084107,0.9699851299939096
ES.v.0,action_x_surprise,hold|large,total_rel,36,16.0,0.8991094675237898,0.5416910439727598,0.9853403841581467
ES.v.0,action_x_surprise,hold|large,total_rel,37,16.0,0.8736633555881235,0.5920435226113567,1.0098751332769587
ES.v.0,action_x_surprise,hold|large,total_rel,38,16.0,0.8297255055567077,0.5872210953346856,0.9174689447301502
ES.v.0,action_x_surprise,hold|large,total_rel,39,16.0,0.8547361946418808,0.6669316375198728,1.031913343372031
ES.v.0,action_x_surprise,hold|medium,ask_rel,-5,21.0,1.3407821229050279,1.1546391752577319,1.4645308924485125
ES.v.0,action_x_surprise,hold|medium,ask_rel,-4,21.0,1.0875232774674115,0.978562421185372,1.3479052823315119
ES.v.0,action_x_surprise,hold|medium,ask_rel,-3,21.0,0.842809364548495,0.715927750410509,0.9180327868852459
ES.v.0,action_x_surprise,hold|medium,ask_rel,-2,21.0,0.6056338028169014,0.4444444444444444,0.8474148802017655
ES.v.0,action_x_surprise,hold|medium,ask_rel,-1,21.0,0.3987341772151899,0.2990083905415713,0.5547445255474452
ES.v.0,action_x_surprise,hold|medium,ask_rel,0,21.0,0.24742268041237114,0.14084507042253522,0.32891246684350134
ES.v.0,action_x_surprise,hold|medium,ask_rel,1,21.0,0.4701691896705254,0.35036496350364965,0.5284280936454849
ES.v.0,action_x_surprise,hold|medium,ask_rel,2,21.0,0.5065176908752328,0.3508771929824561,0.6835443037974683
ES.v.0,action_x_surprise,hold|medium,ask_rel,3,21.0,0.5414069456812111,0.36363636363636365,0.777103209019948
ES.v.0,action_x_surprise,hold|medium,ask_rel,4,21.0,0.5948352626892253,0.47692307692307695,0.9162011173184358
ES.v.0,action_x_surprise,hold|medium,ask_rel,5,21.0,0.5318761384335154,0.46715328467153283,1.062937062937063
ES.v.0,action_x_surprise,hold|medium,ask_rel,6,21.0,0.5773195876288659,0.46923076923076923,1.1458885941644563
ES.v.0,action_x_surprise,hold|medium,ask_rel,7,21.0,0.6611570247933884,0.5489824893516327,1.0903010033444815
ES.v.0,action_x_surprise,hold|medium,ask_rel,8,21.0,0.8153846153846154,0.5847953216374269,1.1362889983579638
ES.v.0,action_x_surprise,hold|medium,ask_rel,9,21.0,0.7923076923076923,0.5584477046852816,1.2021857923497268
ES.v.0,action_x_surprise,hold|medium,ask_rel,10,21.0,0.7764915405164737,0.6081871345029239,1.3114754098360655
ES.v.0,action_x_surprise,hold|medium,ask_rel,11,21.0,0.8670886075949367,0.5433033601514434,1.2604735883424407
ES.v.0,action_x_surprise,hold|medium,ask_rel,12,21.0,0.7871772039180766,0.6081871345029239,1.4301675977653632
ES.v.0,action_x_surprise,hold|medium,ask_rel,13,21.0,0.8987341772151899,0.583941605839416,1.2575250836120402
ES.v.0,action_x_surprise,hold|medium,ask_rel,14,21.0,0.9047195013357079,0.6163234172387491,1.565217391304348
ES.v.0,action_x_surprise,hold|medium,ask_rel,15,21.0,0.9072164948453608,0.6942148760330579,1.5270018621973929
ES.v.0,action_x_surprise,hold|medium,ask_rel,16,21.0,1.1012658227848102,0.6081871345029239,1.6021220159151193
ES.v.0,action_x_surprise,hold|medium,ask_rel,17,21.0,0.9896907216494846,0.6742944317315027,1.5737704918032787
ES.v.0,action_x_surprise,hold|medium,ask_rel,18,21.0,1.006993006993007,0.7017543859649122,1.595725734639359
ES.v.0,action_x_surprise,hold|medium,ask_rel,19,21.0,0.9230769230769231,0.647887323943662,1.3252385082393756
ES.v.0,action_x_surprise,hold|medium,ask_rel,20,21.0,0.9790209790209791,0.6619718309859155,1.4353369763205828
ES.v.0,action_x_surprise,hold|medium,ask_rel,21,21.0,0.9484536082474226,0.6,1.3460537727666955
ES.v.0,action_x_surprise,hold|medium,ask_rel,22,21.0,0.8524590163934426,0.6944444444444444,1.3156498673740054
ES.v.0,action_x_surprise,hold|medium,ask_rel,23,21.0,0.9617486338797814,0.6619718309859155,1.4078212290502794
ES.v.0,action_x_surprise,hold|medium,ask_rel,24,21.0,0.8888888888888888,0.7222222222222222,1.5451505016722409
ES.v.0,action_x_surprise,hold|medium,ask_rel,25,21.0,0.9444444444444444,0.7591240875912408,1.378026070763501
ES.v.0,action_x_surprise,hold|medium,ask_rel,26,21.0,1.005464480874317,0.7761476573592049,1.5317725752508362
ES.v.0,action_x_surprise,hold|medium,ask_rel,27,21.0,0.951048951048951,0.7007299270072993,1.4448160535117056
ES.v.0,action_x_surprise,hold|medium,ask_rel,28,21.0,0.9790209790209791,0.6619718309859155,1.438423645320197
ES.v.0,action_x_surprise,hold|medium,ask_rel,29,21.0,0.8888888888888888,0.5950413223140496,1.6748768472906403
ES.v.0,action_x_surprise,hold|medium,ask_rel,30,21.0,0.9163879598662207,0.5619834710743802,1.6349065004452359
ES.v.0,action_x_surprise,hold|medium,ask_rel,31,21.0,0.8087431693989071,0.5289256198347108,1.4748603351955307
ES.v.0,action_x_surprise,hold|medium,ask_rel,32,21.0,0.7868852459016393,0.601067887109077,1.4084995663486557
ES.v.0,action_x_surprise,hold|medium,ask_rel,33,21.0,0.802675585284281,0.6153846153846154,1.2838196286472148
ES.v.0,action_x_surprise,hold|medium,ask_rel,34,21.0,0.9113924050632911,0.5255474452554745,1.2217275155832592
ES.v.0,action_x_surprise,hold|medium,ask_rel,35,21.0,0.7974683544303798,0.5594405594405595,1.3929236499068902
ES.v.0,action_x_surprise,hold|medium,ask_rel,36,21.0,0.8087431693989071,0.5555555555555556,1.2750455373406193
ES.v.0,action_x_surprise,hold|medium,ask_rel,37,21.0,0.9367088607594937,0.494279176201373,1.151183970856102
ES.v.0,action_x_surprise,hold|medium,ask_rel,38,21.0,0.8,0.46715328467153283,1.5493482309124766
ES.v.0,action_x_surprise,hold|medium,ask_rel,39,21.0,0.9723953695458593,0.5243729294841457,1.5865921787709498
ES.v.0,action_x_surprise,hold|medium,bid_rel,-5,21.0,1.250909090909091,1.0619469026548674,1.3860640301318268
ES.v.0,action_x_surprise,hold|medium,bid_rel,-4,21.0,1.1788413098236776,0.9347826086956522,1.2942743009320905
ES.v.0,action_x_surprise,hold|medium,bid_rel,-3,21.0,0.7846153846153846,0.6657789613848203,0.8916797488226059
ES.v.0,action_x_surprise,hold|medium,bid_rel,-2,21.0,0.8298755186721992,0.5942857142857143,0.9890909090909091
ES.v.0,action_x_surprise,hold|medium,bid_rel,-1,21.0,0.4606741573033708,0.28211586901763225,0.6260869565217392
ES.v.0,action_x_surprise,hold|medium,bid_rel,0,21.0,0.2619647355163728,0.20224719101123595,0.3893249607535322
ES.v.0,action_x_surprise,hold|medium,bid_rel,1,21.0,0.5059920106524634,0.3138231631382316,0.6274509803921569
ES.v.0,action_x_surprise,hold|medium,bid_rel,2,21.0,0.6067415730337079,0.47152847152847155,0.7859922178988327
ES.v.0,action_x_surprise,hold|medium,bid_rel,3,21.0,0.6854990583804144,0.4157303370786517,0.9019607843137255
ES.v.0,action_x_surprise,hold|medium,bid_rel,4,21.0,0.7137150466045273,0.41739130434782606,1.0196078431372548
ES.v.0,action_x_surprise,hold|medium,bid_rel,5,21.0,0.797752808988764,0.5683060109289617,1.214380825565912
ES.v.0,action_x_surprise,hold|medium,bid_rel,6,21.0,0.9394495412844037,0.5565217391304348,1.345132743362832
ES.v.0,action_x_surprise,hold|medium,bid_rel,7,21.0,0.9834862385321101,0.6260869565217392,1.3709981167608287
ES.v.0,action_x_surprise,hold|medium,bid_rel,8,21.0,0.8954128440366973,0.64,1.1554160125588697
ES.v.0,action_x_surprise,hold|medium,bid_rel,9,21.0,1.057421451787649,0.7085714285714285,1.5221238938053097
ES.v.0,action_x_surprise,hold|medium,bid_rel,10,21.0,0.9101123595505618,0.6120218579234973,1.5221238938053097
ES.v.0,action_x_surprise,hold|medium,bid_rel,11,21.0,1.1504660452729694,0.6857142857142857,1.592920353982301
ES.v.0,action_x_surprise,hold|medium,bid_rel,12,21.0,1.101123595505618,0.7431693989071039,1.3073929961089494
ES.v.0,action_x_surprise,hold|medium,bid_rel,13,21.0,0.9490790899241603,0.7431693989071039,1.6862745098039216
ES.v.0,action_x_surprise,hold|medium,bid_rel,14,21.0,1.0568807339449542,0.7712287712287712,1.4867256637168142
ES.v.0,action_x_surprise,hold|medium,bid_rel,15,21.0,1.0561797752808988,0.8087431693989071,1.6991150442477876
ES.v.0,action_x_surprise,hold|medium,bid_rel,16,21.0,1.0909090909090908,0.782608695652174,1.592920353982301
ES.v.0,action_x_surprise,hold|medium,bid_rel,17,21.0,1.0561797752808988,0.8524590163934426,1.6120906801007557
ES.v.0,action_x_surprise,hold|medium,bid_rel,18,21.0,1.0434782608695652,0.6690909090909091,1.4538606403013183
ES.v.0,action_x_surprise,hold|medium,bid_rel,19,21.0,1.1130434782608696,0.8539325842696629,1.733477789815818
ES.v.0,action_x_surprise,hold|medium,bid_rel,20,21.0,1.1628371628371628,0.7431693989071039,1.6523929471032746
ES.v.0,action_x_surprise,hold|medium,bid_rel,21,21.0,1.1398135818908122,0.782608695652174,1.664783427495292
ES.v.0,action_x_surprise,hold|medium,bid_rel,22,21.0,0.9883268482490273,0.8,1.7551462621885157
ES.v.0,action_x_surprise,hold|medium,bid_rel,23,21.0,1.022977022977023,0.7563636363636363,1.6138147566718994
ES.v.0,action_x_surprise,hold|medium,bid_rel,24,21.0,1.1130434782608696,0.8202247191011236,1.4011299435028248
ES.v.0,action_x_surprise,hold|medium,bid_rel,25,21.0,0.8949416342412452,0.7431693989071039,1.6991150442477876
ES.v.0,action_x_surprise,hold|medium,bid_rel,26,21.0,1.0116731517509727,0.8471528471528471,1.7345132743362832
ES.v.0,action_x_surprise,hold|medium,bid_rel,27,21.0,0.9828571428571429,0.7137150466045273,1.6452119309262165
ES.v.0,action_x_surprise,hold|medium,bid_rel,28,21.0,0.9550561797752809,0.6545454545454545,1.7647058823529411
ES.v.0,action_x_surprise,hold|medium,bid_rel,29,21.0,1.046953046953047,0.7272727272727273,1.81360201511335
ES.v.0,action_x_surprise,hold|medium,bid_rel,30,21.0,0.9550561797752809,0.6557377049180327,1.7421451787648972
ES.v.0,action_x_surprise,hold|medium,bid_rel,31,21.0,0.9411764705882353,0.6956521739130435,1.38865836791148
ES.v.0,action_x_surprise,hold|medium,bid_rel,32,21.0,0.980544747081712,0.7843137254901961,1.2787212787212787
ES.v.0,action_x_surprise,hold|medium,bid_rel,33,21.0,0.9614678899082569,0.6608695652173913,1.3477789815817984
ES.v.0,action_x_surprise,hold|medium,bid_rel,34,21.0,0.9411764705882353,0.7391304347826086,1.391115926327194
ES.v.0,action_x_surprise,hold|medium,bid_rel,35,21.0,0.8627450980392157,0.6307692307692307,1.4691224268689058
ES.v.0,action_x_surprise,hold|medium,bid_rel,36,21.0,0.9190207156308852,0.6956521739130435,1.5601300108342362
ES.v.0,action_x_surprise,hold|medium,bid_rel,37,21.0,0.8255659121171771,0.6260869565217392,1.4734561213434454
ES.v.0,action_x_surprise,hold|medium,bid_rel,38,21.0,0.8793774319066148,0.5901639344262295,2.018832391713748
ES.v.0,action_x_surprise,hold|medium,bid_rel,39,21.0,0.9427430093209055,0.5901639344262295,1.8257261410788381
ES.v.0,action_x_surprise,hold|medium,bid_share,-5,21.0,0.4594594594594595,0.4270833333333333,0.5
ES.v.0,action_x_surprise,hold|medium,bid_share,-4,21.0,0.465721434528774,0.41459794927145166,0.5179924242424243
ES.v.0,action_x_surprise,hold|medium,bid_share,-3,21.0,0.455090642739425,0.4124939231891104,0.5219047619047619
ES.v.0,action_x_surprise,hold|medium,bid_share,-2,21.0,0.5,0.41421383647798743,0.5799059929494712
ES.v.0,action_x_surprise,hold|medium,bid_share,-1,21.0,0.5,0.42857142857142855,0.5513722730471499
ES.v.0,action_x_surprise,hold|medium,bid_share,0,21.0,0.5,0.45227272727272727,0.5370879120879121
ES.v.0,action_x_surprise,hold|medium,bid_share,1,21.0,0.5,0.45062603354594855,0.5278637770897833
ES.v.0,action_x_surprise,hold|medium,bid_share,2,21.0,0.5066137566137566,0.4508064516129032,0.5336700336700337
ES.v.0,action_x_surprise,hold|medium,bid_share,3,21.0,0.517287265926583,0.49282051282051287,0.5496065896238014
ES.v.0,action_x_surprise,hold|medium,bid_share,4,21.0,0.5,0.4472648203250172,0.5386918470750806
ES.v.0,action_x_surprise,hold|medium,bid_share,5,21.0,0.5022327291830837,0.4676113360323887,0.5509636767976279
ES.v.0,action_x_surprise,hold|medium,bid_share,6,21.0,0.5220588235294117,0.48931623931623935,0.5684553166304991
ES.v.0,action_x_surprise,hold|medium,bid_share,7,21.0,0.5217113912303766,0.4757543103448276,0.5422031704949855
ES.v.0,action_x_surprise,hold|medium,bid_share,8,21.0,0.49,0.47019960079840317,0.5333333333333333
ES.v.0,action_x_surprise,hold|medium,bid_share,9,21.0,0.524559686888454,0.49324324324324326,0.5513722730471499
ES.v.0,action_x_surprise,hold|medium,bid_share,10,21.0,0.5,0.46049896049896055,0.5248171368861023
ES.v.0,action_x_surprise,hold|medium,bid_share,11,21.0,0.5186206896551724,0.5067567567567568,0.5666666666666667
ES.v.0,action_x_surprise,hold|medium,bid_share,12,21.0,0.5266666666666666,0.4834332334332334,0.5368906455862977
ES.v.0,action_x_surprise,hold|medium,bid_share,13,21.0,0.4975247524752475,0.4697819711844957,0.5332648343180066
ES.v.0,action_x_surprise,hold|medium,bid_share,14,21.0,0.49,0.47368421052631576,0.5126760563380282
ES.v.0,action_x_surprise,hold|medium,bid_share,15,21.0,0.4751593044605249,0.4240031897926635,0.5117006386142944
ES.v.0,action_x_surprise,hold|medium,bid_share,16,21.0,0.5,0.4716289999308867,0.5187978166034592
ES.v.0,action_x_surprise,hold|medium,bid_share,17,21.0,0.5034413701026657,0.4768894876201979,0.543933067109158
ES.v.0,action_x_surprise,hold|medium,bid_share,18,21.0,0.4707731348034448,0.44155844155844154,0.5049231057764441
ES.v.0,action_x_surprise,hold|medium,bid_share,19,21.0,0.518924248606011,0.4898903132020616,0.535761202744125
ES.v.0,action_x_surprise,hold|medium,bid_share,20,21.0,0.4939168986493453,0.4636250387044278,0.511422231780819
ES.v.0,action_x_surprise,hold|medium,bid_share,21,21.0,0.5217391304347826,0.4618421052631579,0.5384653270291568
ES.v.0,action_x_surprise,hold|medium,bid_share,22,21.0,0.5014753677728361,0.470542934154794,0.5444748072171894
ES.v.0,action_x_surprise,hold|medium,bid_share,23,21.0,0.5,0.4611741570732107,0.5219551282051282
ES.v.0,action_x_surprise,hold|medium,bid_share,24,21.0,0.5,0.42628205128205127,0.5607543910164123
ES.v.0,action_x_surprise,hold|medium,bid_share,25,21.0,0.47067262017860534,0.43409832613959365,0.5121623774091519
ES.v.0,action_x_surprise,hold|medium,bid_share,26,21.0,0.4891304347826087,0.464323467230444,0.5263217415889172
ES.v.0,action_x_surprise,hold|medium,bid_share,27,21.0,0.5012565599822604,0.45011512899680783,0.5434782608695652
ES.v.0,action_x_surprise,hold|medium,bid_share,28,21.0,0.5190373563218391,0.4478186484174508,0.5386904761904762
ES.v.0,action_x_surprise,hold|medium,bid_share,29,21.0,0.49507138905438763,0.44288793103448276,0.5633986928104575
ES.v.0,action_x_surprise,hold|medium,bid_share,30,21.0,0.5,0.4641025641025641,0.5384057971014493
ES.v.0,action_x_surprise,hold|medium,bid_share,31,21.0,0.5,0.46130357005462796,0.5156695156695157
ES.v.0,action_x_surprise,hold|medium,bid_share,32,21.0,0.5022840457167426,0.4587321403800805,0.543560606060606
ES.v.0,action_x_surprise,hold|medium,bid_share,33,21.0,0.49398902145805923,0.4428055037313433,0.529341111873713
ES.v.0,action_x_surprise,hold|medium,bid_share,34,21.0,0.49,0.45454545454545453,0.5259259259259259
ES.v.0,action_x_surprise,hold|medium,bid_share,35,21.0,0.4807407407407407,0.47213622291021673,0.5358974358974359
ES.v.0,action_x_surprise,hold|medium,bid_share,36,21.0,0.47745694022289764,0.4385775862068966,0.5092592592592593
ES.v.0,action_x_surprise,hold|medium,bid_share,37,21.0,0.5,0.46862745098039216,0.5198879551820728
ES.v.0,action_x_surprise,hold|medium,bid_share,38,21.0,0.5,0.47982123510292524,0.5272233201581027
ES.v.0,action_x_surprise,hold|medium,bid_share,39,21.0,0.4965452847805789,0.4513226592412113,0.5191114713033227
ES.v.0,action_x_surprise,hold|medium,total_rel,-5,21.0,1.261378413524057,1.201509433962264,1.3768545994065282
ES.v.0,action_x_surprise,hold|medium,total_rel,-4,21.0,1.111545988258317,0.9857433808553971,1.1935483870967742
ES.v.0,action_x_surprise,hold|medium,total_rel,-3,21.0,0.8144220572640509,0.7321196358907672,0.8904347826086957
ES.v.0,action_x_surprise,hold|medium,total_rel,-2,21.0,0.7241379310344828,0.6198439241917503,0.8623757195185766
ES.v.0,action_x_surprise,hold|medium,total_rel,-1,21.0,0.47126436781609193,0.37474541751527496,0.6984126984126984
ES.v.0,action_x_surprise,hold|medium,total_rel,0,21.0,0.2903225806451613,0.20382165605095542,0.39929947460595444
ES.v.0,action_x_surprise,hold|medium,total_rel,1,21.0,0.4416135881104034,0.39271781534460337,0.5259809119830329
ES.v.0,action_x_surprise,hold|medium,total_rel,2,21.0,0.5609628466771324,0.38289205702647655,0.6866952789699571
ES.v.0,action_x_surprise,hold|medium,total_rel,3,21.0,0.6362672322375398,0.416135881104034,0.7355516637478109
ES.v.0,action_x_surprise,hold|medium,total_rel,4,21.0,0.6237571951857667,0.41543026706231456,0.8243478260869566
ES.v.0,action_x_surprise,hold|medium,total_rel,5,21.0,0.6441784548422198,0.5396825396825397,1.044378698224852
ES.v.0,action_x_surprise,hold|medium,total_rel,6,21.0,0.673992673992674,0.5539714867617108,1.2360515021459229
ES.v.0,action_x_surprise,hold|medium,total_rel,7,21.0,0.6819006166122598,0.6191446028513238,1.1978984238178634
ES.v.0,action_x_surprise,hold|medium,total_rel,8,21.0,0.8450106157112527,0.6206896551724138,1.1558669001751314
ES.v.0,action_x_surprise,hold|medium,total_rel,9,21.0,0.9078260869565218,0.629080118694362,1.2428419936373276
ES.v.0,action_x_surprise,hold|medium,total_rel,10,21.0,0.828436706565107,0.6436781609195402,1.3001695873374788
ES.v.0,action_x_surprise,hold|medium,total_rel,11,21.0,0.9763313609467456,0.6666666666666666,1.3562231759656653
ES.v.0,action_x_surprise,hold|medium,total_rel,12,21.0,0.8916797488226059,0.7126436781609196,1.407725321888412
ES.v.0,action_x_surprise,hold|medium,total_rel,13,21.0,0.9312169312169312,0.6646884272997032,1.3047210300429184
ES.v.0,action_x_surprise,hold|medium,total_rel,14,21.0,0.945955749002539,0.7195767195767195,1.44206008583691
ES.v.0,action_x_surprise,hold|medium,total_rel,15,21.0,1.0539130434782609,0.7301587301587301,1.391304347826087
ES.v.0,action_x_surprise,hold|medium,total_rel,16,21.0,0.9843478260869565,0.8045977011494253,1.5088757396449703
ES.v.0,action_x_surprise,hold|medium,total_rel,17,21.0,1.0446579988694178,0.8045977011494253,1.446584938704028
ES.v.0,action_x_surprise,hold|medium,total_rel,18,21.0,1.0808366308648953,0.7685774946921444,1.4851138353765323
ES.v.0,action_x_surprise,hold|medium,total_rel,19,21.0,1.0300429184549356,0.7045009784735812,1.5259026687598116
ES.v.0,action_x_surprise,hold|medium,total_rel,20,21.0,1.057391304347826,0.7006369426751592,1.304029304029304
ES.v.0,action_x_surprise,hold|medium,total_rel,21,21.0,1.0029585798816567,0.6878980891719745,1.3770491803278688
ES.v.0,action_x_surprise,hold|medium,total_rel,22,21.0,0.9078260869565218,0.7210736307580704,1.3273035613340871
ES.v.0,action_x_surprise,hold|medium,total_rel,23,21.0,0.8888888888888888,0.7457381211461733,1.3295647258338044
ES.v.0,action_x_surprise,hold|medium,total_rel,24,21.0,0.8964497041420119,0.772823779193206,1.446584938704028
ES.v.0,action_x_surprise,hold|medium,total_rel,25,21.0,1.0158730158730158,0.7741935483870968,1.3562231759656653
ES.v.0,action_x_surprise,hold|medium,total_rel,26,21.0,1.0476190476190477,0.7419354838709677,1.341506129597198
ES.v.0,action_x_surprise,hold|medium,total_rel,27,21.0,0.9206349206349206,0.7592954990215264,1.7757009345794392
ES.v.0,action_x_surprise,hold|medium,total_rel,28,21.0,0.9252173913043479,0.7045009784735812,1.3994082840236686
ES.v.0,action_x_surprise,hold|medium,total_rel,29,21.0,0.9460869565217391,0.6751592356687898,1.4763948497854078
ES.v.0,action_x_surprise,hold|medium,total_rel,30,21.0,1.044378698224852,0.6349206349206349,1.1861761426978819
ES.v.0,action_x_surprise,hold|medium,total_rel,31,21.0,0.7936507936507936,0.6772486772486772,1.1961560203504804
ES.v.0,action_x_surprise,hold|medium,total_rel,32,21.0,0.8888888888888888,0.7301587301587301,1.3951384963256077
ES.v.0,action_x_surprise,hold|medium,total_rel,33,21.0,0.9460869565217391,0.6774193548387096,1.205651491365777
ES.v.0,action_x_surprise,hold|medium,total_rel,34,21.0,0.8735632183908046,0.6772486772486772,1.2789115646258504
ES.v.0,action_x_surprise,hold|medium,total_rel,35,21.0,0.830122591943958,0.6517311608961304,1.521716378859236
ES.v.0,action_x_surprise,hold|medium,total_rel,36,21.0,0.8313609467455622,0.6349206349206349,1.313736574335783
ES.v.0,action_x_surprise,hold|medium,total_rel,37,21.0,0.9252173913043479,0.5321888412017167,1.3408705483323913
ES.v.0,action_x_surprise,hold|medium,total_rel,38,21.0,0.9554140127388535,0.5238095238095238,1.5873374788015828
ES.v.0,action_x_surprise,hold|medium,total_rel,39,21.0,1.0880713489409142,0.5483870967741935,1.435244161358811
ES.v.0,action_x_surprise,hold|small,ask_rel,-5,26.0,1.3630887725881307,1.0702479338842976,1.5580446144727627
ES.v.0,action_x_surprise,hold|small,ask_rel,-4,26.0,1.085738905644119,0.9074346705925653,1.2162734906037584
ES.v.0,action_x_surprise,hold|small,ask_rel,-3,26.0,0.8251845419018671,0.6697578130634165,0.8899213223449209
ES.v.0,action_x_surprise,hold|small,ask_rel,-2,26.0,0.7037336932073774,0.5317704680274373,0.8966098836228706
ES.v.0,action_x_surprise,hold|small,ask_rel,-1,26.0,0.5007206868458983,0.330515800595524,0.6796129829136073
ES.v.0,action_x_surprise,hold|small,ask_rel,0,26.0,0.24009264024704066,0.17496919556416124,0.33718896501983414
ES.v.0,action_x_surprise,hold|small,ask_rel,1,26.0,0.4696721066921264,0.33479421733416337,0.5216761022473837
ES.v.0,action_x_surprise,hold|small,ask_rel,2,26.0,0.5320560058953574,0.41976022715322325,0.8200470254775019
ES.v.0,action_x_surprise,hold|small,ask_rel,3,26.0,0.6485852360274549,0.43131860299358515,1.1414068165337201
ES.v.0,action_x_surprise,hold|small,ask_rel,4,26.0,0.6456987988088467,0.49425832779728573,1.0766830870279145
ES.v.0,action_x_surprise,hold|small,ask_rel,5,26.0,0.7009408211858993,0.53799856270212,0.9802354465925046
ES.v.0,action_x_surprise,hold|small,ask_rel,6,26.0,0.7755676868575411,0.5306389840757911,1.151462653168029
ES.v.0,action_x_surprise,hold|small,ask_rel,7,26.0,0.7625698904616407,0.6029122496666623,1.1814958091553835
ES.v.0,action_x_surprise,hold|small,ask_rel,8,26.0,0.7646724007083228,0.5908978968625327,1.318315196794976
ES.v.0,action_x_surprise,hold|small,ask_rel,9,26.0,0.7905580791693705,0.6019230150818407,1.3316067543768777
ES.v.0,action_x_surprise,hold|small,ask_rel,10,26.0,0.9058236415429759,0.7326244989469393,1.3265306122448979
ES.v.0,action_x_surprise,hold|small,ask_rel,11,26.0,0.9671732430962596,0.7582332117571337,1.3182661494349805
ES.v.0,action_x_surprise,hold|small,ask_rel,12,26.0,1.0471442433164921,0.7613301400147384,1.3420948145795284
ES.v.0,action_x_surprise,hold|small,ask_rel,13,26.0,1.02936031984008,0.814148531520858,1.3840999086201644
ES.v.0,action_x_surprise,hold|small,ask_rel,14,26.0,1.0430702968774035,0.7496693525979439,1.2360583266608776
ES.v.0,action_x_surprise,hold|small,ask_rel,15,26.0,1.0580508576515024,0.8321350598509373,1.3831411126187247
ES.v.0,action_x_surprise,hold|small,ask_rel,16,26.0,1.0259571024247052,0.9554054620967404,1.4318340836182655
ES.v.0,action_x_surprise,hold|small,ask_rel,17,26.0,1.2740044715692793,0.915808329601433,1.6359161022764568
ES.v.0,action_x_surprise,hold|small,ask_rel,18,26.0,1.1854286864349926,0.8884297520661157,1.44903522967758
ES.v.0,action_x_surprise,hold|small,ask_rel,19,26.0,1.244576696423362,0.8851375705875285,1.5269016697588125
ES.v.0,action_x_surprise,hold|small,ask_rel,20,26.0,1.2809441195999058,1.0244910300342673,1.5689518132141083
ES.v.0,action_x_surprise,hold|small,ask_rel,21,26.0,1.253916563985214,0.8490520175012153,1.3972118712540549
ES.v.0,action_x_surprise,hold|small,ask_rel,22,26.0,1.237722232001408,0.8080627671110544,1.5939777522056002
ES.v.0,action_x_surprise,hold|small,ask_rel,23,26.0,1.327823691460055,0.9329443934207231,1.6428203050173138
ES.v.0,action_x_surprise,hold|small,ask_rel,24,26.0,1.3024274063560035,0.9014034695852877,1.6352124945554103
ES.v.0,action_x_surprise,hold|small,ask_rel,25,26.0,1.259876406974178,0.9664332567479874,1.4622303897862463
ES.v.0,action_x_surprise,hold|small,ask_rel,26,26.0,1.135210069471794,0.9503072535946663,1.5158473954512106
ES.v.0,action_x_surprise,hold|small,ask_rel,27,26.0,1.3095882438527573,0.8959764849595357,1.562528841716659
ES.v.0,action_x_surprise,hold|small,ask_rel,28,26.0,1.1670781567876118,0.9060646011865524,1.678588742256935
ES.v.0,action_x_surprise,hold|small,ask_rel,29,26.0,1.16137696730356,0.8296485192580653,1.6114416074405544
ES.v.0,action_x_surprise,hold|small,ask_rel,30,26.0,1.1908227543295256,0.9297520661157025,1.4431453387874298
ES.v.0,action_x_surprise,hold|small,ask_rel,31,26.0,1.1745104560761652,0.7996357369472407,1.499992872416251
ES.v.0,action_x_surprise,hold|small,ask_rel,32,26.0,1.0511163337250293,0.8245495190353611,1.4099935791597873
ES.v.0,action_x_surprise,hold|small,ask_rel,33,26.0,1.0499412455934194,0.8424170166644086,1.3779377203290246
ES.v.0,action_x_surprise,hold|small,ask_rel,34,26.0,0.9827356772657234,0.7948063046877276,1.424239778844755
ES.v.0,action_x_surprise,hold|small,ask_rel,35,26.0,0.9981200208472936,0.7442698367463257,1.409289232934553
ES.v.0,action_x_surprise,hold|small,ask_rel,36,26.0,0.9940664014268076,0.8179859778308722,1.2791698958064237
ES.v.0,action_x_surprise,hold|small,ask_rel,37,26.0,0.9005807838295148,0.7212898776260876,1.3591219972886108
ES.v.0,action_x_surprise,hold|small,ask_rel,38,26.0,1.048972236350562,0.6625349860055978,1.6784268679575538
ES.v.0,action_x_surprise,hold|small,ask_rel,39,26.0,1.053057497323509,0.7623679182301619,1.3554114786708906
ES.v.0,action_x_surprise,hold|small,bid_rel,-5,26.0,1.0903665814151746,0.9211734469730252,1.301905962159409
ES.v.0,action_x_surprise,hold|small,bid_rel,-4,26.0,1.0481940593475312,0.9391984359726295,1.2091452991452991
ES.v.0,action_x_surprise,hold|small,bid_rel,-3,26.0,0.9321266968325792,0.8064516129032259,1.0648053278688525
ES.v.0,action_x_surprise,hold|small,bid_rel,-2,26.0,0.8189520624303233,0.6484397163120568,0.9269294978810838
ES.v.0,action_x_surprise,hold|small,bid_rel,-1,26.0,0.468482905982906,0.3273223162309193,0.5571523081446633
ES.v.0,action_x_surprise,hold|small,bid_rel,0,26.0,0.2327363184079602,0.20646914446002806,0.31916171260433557
ES.v.0,action_x_surprise,hold|small,bid_rel,1,26.0,0.4199310021451401,0.29391304347826086,0.5647412671869194
ES.v.0,action_x_surprise,hold|small,bid_rel,2,26.0,0.5159867135158342,0.43733423227647317,0.7436061381074168
ES.v.0,action_x_surprise,hold|small,bid_rel,3,26.0,0.6666566952271704,0.4441910192444761,0.80843653250774
ES.v.0,action_x_surprise,hold|small,bid_rel,4,26.0,0.6573437905107596,0.5448157976163139,0.8281089707055739
ES.v.0,action_x_surprise,hold|small,bid_rel,5,26.0,0.7123502267826883,0.4918256770662101,0.9758946743554953
ES.v.0,action_x_surprise,hold|small,bid_rel,6,26.0,0.7725582967218655,0.5489398158063825,0.9697343714590955
ES.v.0,action_x_surprise,hold|small,bid_rel,7,26.0,0.7673559415494899,0.5388453314326443,1.080842391304348
ES.v.0,action_x_surprise,hold|small,bid_rel,8,26.0,0.7664860787143288,0.5816130037701369,1.1283662297558334
ES.v.0,action_x_surprise,hold|small,bid_rel,9,26.0,0.9078429866338915,0.6558096828046744,1.103194025107262
ES.v.0,action_x_surprise,hold|small,bid_rel,10,26.0,0.9165627706451704,0.6600052045341668,1.2341628959276019
ES.v.0,action_x_surprise,hold|small,bid_rel,11,26.0,1.0130175542552404,0.8472659350283259,1.2651823281907433
ES.v.0,action_x_surprise,hold|small,bid_rel,12,26.0,1.0764217599113348,0.755764170049406,1.3720117960575302
ES.v.0,action_x_surprise,hold|small,bid_rel,13,26.0,1.0775461803119883,0.8410420091710975,1.2844174814561642
ES.v.0,action_x_surprise,hold|small,bid_rel,14,26.0,1.1467843154384894,0.8701790281329924,1.3963573739693143
ES.v.0,action_x_surprise,hold|small,bid_rel,15,26.0,1.0957961231534668,0.8860869565217391,1.5216793630792143
ES.v.0,action_x_surprise,hold|small,bid_rel,16,26.0,1.2205949845738187,0.8590465743247753,1.4470108695652173
ES.v.0,action_x_surprise,hold|small,bid_rel,17,26.0,1.0191256830601092,0.8804347826086956,1.3505250427703381
ES.v.0,action_x_surprise,hold|small,bid_rel,18,26.0,1.1670362509874088,0.8763482118239246,1.3978494623655915
ES.v.0,action_x_surprise,hold|small,bid_rel,19,26.0,1.2049224423921814,0.8753755957122693,1.4536752993923663
ES.v.0,action_x_surprise,hold|small,bid_rel,20,26.0,1.2004774083546463,1.0508966776377635,1.3822115384615383
ES.v.0,action_x_surprise,hold|small,bid_rel,21,26.0,1.1746025985337882,0.9535239612594859,1.4340615292113439
ES.v.0,action_x_surprise,hold|small,bid_rel,22,26.0,1.2420343137254903,0.9821634408348425,1.6742452949349502
ES.v.0,action_x_surprise,hold|small,bid_rel,23,26.0,1.4456521739130435,0.9517178655760301,1.6916810361719639
ES.v.0,action_x_surprise,hold|small,bid_rel,24,26.0,1.4017403307187957,0.9414257034129386,1.676241064987868
ES.v.0,action_x_surprise,hold|small,bid_rel,25,26.0,1.3633603238866396,0.9592395295499994,1.7597167802653295
ES.v.0,action_x_surprise,hold|small,bid_rel,26,26.0,1.2764801557423762,0.9447849845569019,1.5638706140350878
ES.v.0,action_x_surprise,hold|small,bid_rel,27,26.0,1.243421052631579,0.9988272562633836,1.4589744664793929
ES.v.0,action_x_surprise,hold|small,bid_rel,28,26.0,1.1362886001809347,0.9684339030345308,1.5323627778870748
ES.v.0,action_x_surprise,hold|small,bid_rel,29,26.0,1.3055974508762613,0.921205765139484,1.5422243014460948
ES.v.0,action_x_surprise,hold|small,bid_rel,30,26.0,1.242950819672131,0.8284293120358694,1.475043313257982
ES.v.0,action_x_surprise,hold|small,bid_rel,31,26.0,1.1241990846681924,0.8725157496771515,1.670595215934475
ES.v.0,action_x_surprise,hold|small,bid_rel,32,26.0,1.2364085069318431,0.9963534361851332,1.5479410751206064
ES.v.0,action_x_surprise,hold|small,bid_rel,33,26.0,1.0774433296172428,0.8678938581846938,1.5039275956284153
ES.v.0,action_x_surprise,hold|small,bid_rel,34,26.0,1.1368573397656787,0.783537718320327,1.4954710144927537
ES.v.0,action_x_surprise,hold|small,bid_rel,35,26.0,1.060200668896321,0.8220367278797998,1.2857925293022237
ES.v.0,action_x_surprise,hold|small,bid_rel,36,26.0,0.9892888108312399,0.8264596195895649,1.2708070617906684
ES.v.0,action_x_surprise,hold|small,bid_rel,37,26.0,1.1153846153846154,0.7162202211330218,1.4768613387978142
ES.v.0,action_x_surprise,hold|small,bid_rel,38,26.0,1.111756442221069,0.7648092778834829,1.509307632258452
ES.v.0,action_x_surprise,hold|small,bid_rel,39,26.0,1.1368297725706409,0.7057927359091699,1.4288407670760612
ES.v.0,action_x_surprise,hold|small,bid_share,-5,26.0,0.45779990516832625,0.3824185765039969,0.5320686540198736
ES.v.0,action_x_surprise,hold|small,bid_share,-4,26.0,0.5093685751063586,0.43403819323334497,0.577716613672496
ES.v.0,action_x_surprise,hold|small,bid_share,-3,26.0,0.5033805985239106,0.4546050514800515,0.5800069811768581
ES.v.0,action_x_surprise,hold|small,bid_share,-2,26.0,0.5171949760765551,0.43736508634473936,0.5863504399301287
ES.v.0,action_x_surprise,hold|small,bid_share,-1,26.0,0.48376623376623373,0.39088839899221256,0.549615672040141
ES.v.0,action_x_surprise,hold|small,bid_share,0,26.0,0.5,0.4677655947184438,0.5400994838494838
ES.v.0,action_x_surprise,hold|small,bid_share,1,26.0,0.48735276351555423,0.46775683850886174,0.5043773741690409
ES.v.0,action_x_surprise,hold|small,bid_share,2,26.0,0.49840425531914895,0.46594551282051283,0.5240181330297609
ES.v.0,action_x_surprise,hold|small,bid_share,3,26.0,0.48242487012901375,0.4561178332515954,0.5371303602741909
ES.v.0,action_x_surprise,hold|small,bid_share,4,26.0,0.5,0.4732093364772069,0.5392810218516927
ES.v.0,action_x_surprise,hold|small,bid_share,5,26.0,0.5128700001017532,0.48040693938744916,0.535983706334316
ES.v.0,action_x_surprise,hold|small,bid_share,6,26.0,0.4918407805915096,0.46404866811524226,0.5426596676596677
ES.v.0,action_x_surprise,hold|small,bid_share,7,26.0,0.5012213722265914,0.46133988294314376,0.530123777562546
ES.v.0,action_x_surprise,hold|small,bid_share,8,26.0,0.5090341049827736,0.4637580137121141,0.5592107932102061
ES.v.0,action_x_surprise,hold|small,bid_share,9,26.0,0.5066085846482643,0.4822789654774234,0.5468041877255239
ES.v.0,action_x_surprise,hold|small,bid_share,10,26.0,0.504321907600596,0.4556961162843516,0.5308159722222222
ES.v.0,action_x_surprise,hold|small,bid_share,11,26.0,0.5055614258464183,0.45821518486455476,0.554230486109573
ES.v.0,action_x_surprise,hold|small,bid_share,12,26.0,0.49892784330857726,0.46744784660852295,0.5490582546844203
ES.v.0,action_x_surprise,hold|small,bid_share,13,26.0,0.5028022957122981,0.46090989823348694,0.5504665879201134
ES.v.0,action_x_surprise,hold|small,bid_share,14,26.0,0.5154447115384615,0.47860457052920274,0.5541198573099441
ES.v.0,action_x_surprise,hold|small,bid_share,15,26.0,0.5118912614561986,0.49025659039207814,0.5647214558573853
ES.v.0,action_x_surprise,hold|small,bid_share,16,26.0,0.4998654829163304,0.44565176124427675,0.553843342220173
ES.v.0,action_x_surprise,hold|small,bid_share,17,26.0,0.5041563563869595,0.43408475196455115,0.5422608492461434
ES.v.0,action_x_surprise,hold|small,bid_share,18,26.0,0.5079299173049173,0.4621295707147867,0.5588657542224811
ES.v.0,action_x_surprise,hold|small,bid_share,19,26.0,0.5091584614285085,0.44202454489002185,0.5573190895791515
ES.v.0,action_x_surprise,hold|small,bid_share,20,26.0,0.4962686567164179,0.4546796478592387,0.5215017572015543
ES.v.0,action_x_surprise,hold|small,bid_share,21,26.0,0.4884302079775403,0.4491632079028673,0.5304386281683781
ES.v.0,action_x_surprise,hold|small,bid_share,22,26.0,0.5066948555320648,0.4693047826004454,0.55851467045259
ES.v.0,action_x_surprise,hold|small,bid_share,23,26.0,0.5087513171289268,0.4752524576510656,0.5586640770504242
ES.v.0,action_x_surprise,hold|small,bid_share,24,26.0,0.5227662617368499,0.469916449338356,0.5714109793630093
ES.v.0,action_x_surprise,hold|small,bid_share,25,26.0,0.5091064466378008,0.4760976060257474,0.5466297916252474
ES.v.0,action_x_surprise,hold|small,bid_share,26,26.0,0.5015822784810127,0.46358720497493694,0.5700779152282317
ES.v.0,action_x_surprise,hold|small,bid_share,27,26.0,0.5200996430175231,0.4761471833185703,0.5429679214816944
ES.v.0,action_x_surprise,hold|small,bid_share,28,26.0,0.48928009276724865,0.4414169307906469,0.5818763558768734
ES.v.0,action_x_surprise,hold|small,bid_share,29,26.0,0.5089998257907349,0.4893822132961975,0.5714321819278194
ES.v.0,action_x_surprise,hold|small,bid_share,30,26.0,0.5043458757562344,0.47903911004491384,0.5713370943628401
ES.v.0,action_x_surprise,hold|small,bid_share,31,26.0,0.5254934622193299,0.4455929919137467,0.5719912803826934
ES.v.0,action_x_surprise,hold|small,bid_share,32,26.0,0.5254751385966155,0.49233825540524634,0.5562275316181566
ES.v.0,action_x_surprise,hold|small,bid_share,33,26.0,0.48975285027192583,0.471833431691707,0.5586666819416473
ES.v.0,action_x_surprise,hold|small,bid_share,34,26.0,0.5138705141604463,0.46037214098798274,0.5546145247793104
ES.v.0,action_x_surprise,hold|small,bid_share,35,26.0,0.5030487804878049,0.46954299812030076,0.53437185239041
ES.v.0,action_x_surprise,hold|small,bid_share,36,26.0,0.4959413459020686,0.45023879254508625,0.5418050972806918
ES.v.0,action_x_surprise,hold|small,bid_share,37,26.0,0.5323447731620214,0.48819813829787234,0.5748247453700279
ES.v.0,action_x_surprise,hold|small,bid_share,38,26.0,0.5287155787689026,0.4841664032869785,0.555830103359173
ES.v.0,action_x_surprise,hold|small,bid_share,39,26.0,0.5040113871635611,0.47624921679197996,0.5869708965080633
ES.v.0,action_x_surprise,hold|small,total_rel,-5,26.0,1.1719398473125993,0.9695713612812058,1.4152759948652118
ES.v.0,action_x_surprise,hold|small,total_rel,-4,26.0,1.0478206724782066,0.9432015212381109,1.1830065359477124
ES.v.0,action_x_surprise,hold|small,total_rel,-3,26.0,0.8844967078889185,0.8002479924421351,0.990003409312293
ES.v.0,action_x_surprise,hold|small,total_rel,-2,26.0,0.7633502450769627,0.6348822781513763,0.9343133833536905
ES.v.0,action_x_surprise,hold|small,total_rel,-1,26.0,0.4810014111744107,0.43599278791976565,0.5830745070668295
ES.v.0,action_x_surprise,hold|small,total_rel,0,26.0,0.2647446424588934,0.21767241379310343,0.33458878064679676
ES.v.0,action_x_surprise,hold|small,total_rel,1,26.0,0.4307413165161251,0.3289936664320901,0.5055295220243674
ES.v.0,action_x_surprise,hold|small,total_rel,2,26.0,0.5421573245407443,0.408832828642679,0.7612027870638117
ES.v.0,action_x_surprise,hold|small,total_rel,3,26.0,0.6455221358567083,0.4537372262517527,0.947319434102755
ES.v.0,action_x_surprise,hold|small,total_rel,4,26.0,0.5998677248677249,0.4555886848677041,0.8666561296507496
ES.v.0,action_x_surprise,hold|small,total_rel,5,26.0,0.7048429973416481,0.5037190932243858,0.9082724754469906
ES.v.0,action_x_surprise,hold|small,total_rel,6,26.0,0.752272949457425,0.5627434681270679,1.0222110299672627
ES.v.0,action_x_surprise,hold|small,total_rel,7,26.0,0.6992525258411108,0.6013147995315672,1.0863975576662144
ES.v.0,action_x_surprise,hold|small,total_rel,8,26.0,0.7406565730138845,0.5895003183530536,1.0257475083056478
ES.v.0,action_x_surprise,hold|small,total_rel,9,26.0,0.8874777578465987,0.6274753603424575,1.168041237113402
ES.v.0,action_x_surprise,hold|small,total_rel,10,26.0,0.894350859609899,0.7456702523352635,1.1478176981653365
ES.v.0,action_x_surprise,hold|small,total_rel,11,26.0,0.9400109338641398,0.8039690768121168,1.195713167166906
ES.v.0,action_x_surprise,hold|small,total_rel,12,26.0,1.0334212650637145,0.7939563476951533,1.2351634683724235
ES.v.0,action_x_surprise,hold|small,total_rel,13,26.0,1.0809661160155,0.8711303231398029,1.1924645122319542
ES.v.0,action_x_surprise,hold|small,total_rel,14,26.0,1.0898168730814013,0.9363513833246048,1.1580432578573843
ES.v.0,action_x_surprise,hold|small,total_rel,15,26.0,1.1239925023430177,0.8604363514438156,1.3078575147518223
ES.v.0,action_x_surprise,hold|small,total_rel,16,26.0,1.1513427765671067,0.8191368471953578,1.3342744334804384
ES.v.0,action_x_surprise,hold|small,total_rel,17,26.0,1.1297563654578484,0.8329895788102475,1.2941359379572723
ES.v.0,action_x_surprise,hold|small,total_rel,18,26.0,1.1413855950172707,0.8986734430636989,1.2998225152129819
ES.v.0,action_x_surprise,hold|small,total_rel,19,26.0,1.1852354988183187,0.9652339738888074,1.2975281142762642
ES.v.0,action_x_surprise,hold|small,total_rel,20,26.0,1.1680250783699058,0.9730006945306858,1.3075763470141994
ES.v.0,action_x_surprise,hold|small,total_rel,21,26.0,1.1542002301495973,0.9248488947123716,1.3258104708687386
ES.v.0,action_x_surprise,hold|small,total_rel,22,26.0,1.1695402298850575,0.9218548059525128,1.527027027027027
ES.v.0,action_x_surprise,hold|small,total_rel,23,26.0,1.229089219330855,1.0070806100217866,1.5222742992355298
ES.v.0,action_x_surprise,hold|small,total_rel,24,26.0,1.3082922824302134,0.9387047191758059,1.479659628685839
ES.v.0,action_x_surprise,hold|small,total_rel,25,26.0,1.3137264470496377,1.1071688338677117,1.412756438236578
ES.v.0,action_x_surprise,hold|small,total_rel,26,26.0,1.2187463843572832,0.9730160385667269,1.3414634146341462
ES.v.0,action_x_surprise,hold|small,total_rel,27,26.0,1.220482517257211,1.0250028523462587,1.3902113230811386
ES.v.0,action_x_surprise,hold|small,total_rel,28,26.0,1.1666666666666667,0.9790640761631897,1.4814860514067798
ES.v.0,action_x_surprise,hold|small,total_rel,29,26.0,1.1365326123690436,0.9600418695671961,1.420580977917138
ES.v.0,action_x_surprise,hold|small,total_rel,30,26.0,1.1267936293291263,0.9214325763947294,1.3899802458296753
ES.v.0,action_x_surprise,hold|small,total_rel,31,26.0,1.1080940108001964,0.8779780564263322,1.3213779277296953
ES.v.0,action_x_surprise,hold|small,total_rel,32,26.0,1.1050479914681834,0.9327922077922078,1.4179864947328498
ES.v.0,action_x_surprise,hold|small,total_rel,33,26.0,1.0750229121319739,0.9088977241568412,1.2492616897577749
ES.v.0,action_x_surprise,hold|small,total_rel,34,26.0,1.0991797586200422,0.8110951697752271,1.3117536542237431
ES.v.0,action_x_surprise,hold|small,total_rel,35,26.0,0.9907173836077181,0.8149121920874517,1.3511023600265561
ES.v.0,action_x_surprise,hold|small,total_rel,36,26.0,0.914951573849879,0.821545274744174,1.2441418675337528
ES.v.0,action_x_surprise,hold|small,total_rel,37,26.0,0.9981444555223219,0.7412667946257199,1.2932291298508518
ES.v.0,action_x_surprise,hold|small,total_rel,38,26.0,1.0581918021235754,0.7652480483505415,1.3171946962122827
ES.v.0,action_x_surprise,hold|small,total_rel,39,26.0,1.0779902655884719,0.7497518511901217,1.3071586092335892
ES.v.0,control,control,ask_rel,-5,141.0,1.0163934426229508,0.8998628257887518,1.1170431211498972
ES.v.0,control,control,ask_rel,-4,141.0,0.998468606431853,0.8921340856289413,1.0726817042606516
ES.v.0,control,control,ask_rel,-3,141.0,1.0,0.9082969432314411,1.1020408163265305
ES.v.0,control,control,ask_rel,-2,141.0,0.9622377622377623,0.8912466843501327,1.0838709677419356
ES.v.0,control,control,ask_rel,-1,141.0,0.9568627450980393,0.8213552361396304,1.1049723756906078
ES.v.0,control,control,ask_rel,0,141.0,0.9356584485868912,0.7920792079207921,1.0689655172413792
ES.v.0,control,control,ask_rel,1,141.0,0.9073593073593074,0.7972160708636508,1.0759753593429158
ES.v.0,control,control,ask_rel,2,141.0,0.9636963696369637,0.8286852589641435,1.1053540587219344
ES.v.0,control,control,ask_rel,3,141.0,0.9561752988047809,0.8128983877015373,1.1263736263736264
ES.v.0,control,control,ask_rel,4,141.0,0.9686182669789227,0.8020743301642178,1.1316187594553706
ES.v.0,control,control,ask_rel,5,141.0,0.9542342342342343,0.8233657858136301,1.125
ES.v.0,control,control,ask_rel,6,141.0,0.9813664596273292,0.7972858354537744,1.1729323308270676
ES.v.0,control,control,ask_rel,7,141.0,0.9217391304347826,0.7971171171171171,1.139240506329114
ES.v.0,control,control,ask_rel,8,141.0,0.9556164383561644,0.7844507534396157,1.183794466403162
ES.v.0,control,control,ask_rel,9,141.0,0.9803921568627451,0.836852207293666,1.15527950310559
ES.v.0,control,control,bid_rel,-5,141.0,0.9880643487285937,0.9080047789725209,1.1123809523809525
ES.v.0,control,control,bid_rel,-4,141.0,1.0069444444444444,0.9113924050632911,1.1157270029673592
ES.v.0,control,control,bid_rel,-3,141.0,0.9865470852017937,0.8949771689497716,1.090289608177172
ES.v.0,control,control,bid_rel,-2,141.0,0.9779482262703739,0.8856799037304453,1.1005100510051005
ES.v.0,control,control,bid_rel,-1,141.0,0.9613305613305614,0.8241206030150754,1.101010101010101
ES.v.0,control,control,bid_rel,0,141.0,0.9315068493150684,0.803347280334728,1.0743801652892562
ES.v.0,control,control,bid_rel,1,141.0,0.973384030418251,0.8209934395501406,1.0929122291590159
ES.v.0,control,control,bid_rel,2,141.0,0.9526542324246772,0.7980295566502463,1.1720116618075802
ES.v.0,control,control,bid_rel,3,141.0,0.9704069050554871,0.8061617458279846,1.1189710610932475
ES.v.0,control,control,bid_rel,4,141.0,0.968609865470852,0.8267008985879333,1.1954916439953363
ES.v.0,control,control,bid_rel,5,141.0,0.9644012944983819,0.8073878627968337,1.1632870864461047
ES.v.0,control,control,bid_rel,6,141.0,0.9562982005141388,0.8356164383561644,1.148471615720524
ES.v.0,control,control,bid_rel,7,141.0,0.9959304476507584,0.8290766208251473,1.1736526946107784
ES.v.0,control,control,bid_rel,8,141.0,0.9751243781094527,0.8223399133365431,1.2173913043478262
ES.v.0,control,control,bid_rel,9,141.0,1.0003608805485384,0.8537117903930131,1.212247016087182
ES.v.0,control,control,bid_share,-5,141.0,0.5,0.444121915820029,0.5655172413793104
ES.v.0,control,control,bid_share,-4,141.0,0.5071597889463191,0.44418676561533704,0.5489130434782609
ES.v.0,control,control,bid_share,-3,141.0,0.49242424242424243,0.4345614375282787,0.5628531073446328
ES.v.0,control,control,bid_share,-2,141.0,0.5049485538615973,0.4354688410017472,0.5559292407429943
ES.v.0,control,control,bid_share,-1,141.0,0.49869790783628903,0.441947298325723,0.5553496417099086
ES.v.0,control,control,bid_share,0,141.0,0.5024483191756616,0.4498448911320516,0.5454647676161919
ES.v.0,control,control,bid_share,1,141.0,0.5139302038743379,0.447818055876241,0.5553359683794465
ES.v.0,control,control,bid_share,2,141.0,0.49168735424659593,0.450092176518032,0.5353335499862999
ES.v.0,control,control,bid_share,3,141.0,0.4963235294117647,0.4550274941084054,0.5450720438216965
ES.v.0,control,control,bid_share,4,141.0,0.5128205128205128,0.4514670274889617,0.5558906815153246
ES.v.0,control,control,bid_share,5,141.0,0.5049707350662764,0.44967089015896056,0.5501031339410474
ES.v.0,control,control,bid_share,6,141.0,0.4964126734747316,0.43633265836557056,0.5402777777777779
ES.v.0,control,control,bid_share,7,141.0,0.5095459602332544,0.44352941176470584,0.5658379153717428
ES.v.0,control,control,bid_share,8,141.0,0.5017292490118577,0.43414920456934614,0.5719584342335162
ES.v.0,control,control,bid_share,9,141.0,0.4991496574044883,0.45815358067299394,0.5651797452412254
ES.v.0,control,control,total_rel,-5,141.0,1.0124293785310734,0.9428778018799711,1.0813397129186604
ES.v.0,control,control,total_rel,-4,141.0,0.9970426700464723,0.9447200566973778,1.032258064516129
ES.v.0,control,control,total_rel,-3,141.0,0.9870708872046366,0.9191353082465973,1.0430361358271292
ES.v.0,control,control,total_rel,-2,141.0,0.9787234042553191,0.9139784946236559,1.0566973777462791
ES.v.0,control,control,total_rel,-1,141.0,0.9526184538653366,0.8888888888888888,1.0355731225296443
ES.v.0,control,control,total_rel,0,141.0,0.9450472523626181,0.856140350877193,1.0318021201413428
ES.v.0,control,control,total_rel,1,141.0,0.9459721772889033,0.8621908127208481,1.0467391304347826
ES.v.0,control,control,total_rel,2,141.0,0.9402697495183044,0.8616600790513834,1.0751104565537555
ES.v.0,control,control,total_rel,3,141.0,0.9497253907900296,0.8700787401574803,1.0909090909090908
ES.v.0,control,control,total_rel,4,141.0,0.9642384105960264,0.8580645161290322,1.112281078757924
ES.v.0,control,control,total_rel,5,141.0,0.9675810473815462,0.8501291989664083,1.0918213748118415
ES.v.0,control,control,total_rel,6,141.0,0.9772727272727273,0.8757687576875769,1.111536010197578
ES.v.0,control,control,total_rel,7,141.0,0.988674217188541,0.8451612903225807,1.1176941553242594
ES.v.0,control,control,total_rel,8,141.0,1.007905138339921,0.8440822111977321,1.1377777777777778
ES.v.0,control,control,total_rel,9,141.0,0.9957325746799431,0.8782435129740519,1.172872340425532
ES.v.0,surprise,large,ask_rel,-5,31.0,1.348314606741573,1.087978763746682,1.641014799154334
ES.v.0,surprise,large,ask_rel,-4,31.0,1.1067193675889329,0.9754145225843339,1.2614734299516908
ES.v.0,surprise,large,ask_rel,-3,31.0,0.7777777777777778,0.660377358490566,0.9682539682539683
ES.v.0,surprise,large,ask_rel,-2,31.0,0.6666666666666666,0.49241107635268216,0.8728151244391609
ES.v.0,surprise,large,ask_rel,-1,31.0,0.5,0.29143994691439945,0.5861513687600644
ES.v.0,surprise,large,ask_rel,0,31.0,0.22564102564102564,0.14168749955230187,0.2780193236714976
ES.v.0,surprise,large,ask_rel,1,31.0,0.34782608695652173,0.2847089650009358,0.4777371309119415
ES.v.0,surprise,large,ask_rel,2,31.0,0.4325581395348837,0.30513532104651436,0.5999570999571
ES.v.0,surprise,large,ask_rel,3,31.0,0.47363552266419984,0.35801439319594375,0.706514417152715
ES.v.0,surprise,large,ask_rel,4,31.0,0.549558390578999,0.43304843304843305,0.7073766487542745
ES.v.0,surprise,large,ask_rel,5,31.0,0.6383526383526383,0.5291005291005291,0.8079211286758456
ES.v.0,surprise,large,ask_rel,6,31.0,0.6530612244897959,0.5152762316720206,0.8412532896370227
ES.v.0,surprise,large,ask_rel,7,31.0,0.7058823529411765,0.587962962962963,0.8934240362811792
ES.v.0,surprise,large,ask_rel,8,31.0,0.8,0.5756203481148616,0.9062644039388226
ES.v.0,surprise,large,ask_rel,9,31.0,0.8235294117647058,0.5592592592592592,1.0346723044397463
ES.v.0,surprise,large,ask_rel,10,31.0,0.7509881422924901,0.6093397745571658,1.0129493305781567
ES.v.0,surprise,large,ask_rel,11,31.0,0.797940797940798,0.7079973562458692,1.0217391304347827
ES.v.0,surprise,large,ask_rel,12,31.0,0.8163265306122449,0.6957504821440448,1.1164956847418988
ES.v.0,surprise,large,ask_rel,13,31.0,0.8843663274745606,0.6717948717948719,1.207972177635099
ES.v.0,surprise,large,ask_rel,14,31.0,0.8484848484848485,0.6535746374021306,1.1611054937647456
ES.v.0,surprise,large,ask_rel,15,31.0,0.8979591836734694,0.7735042735042735,1.1461531390752826
ES.v.0,surprise,large,ask_rel,16,31.0,0.9629629629629629,0.7427688949269051,1.2173913043478262
ES.v.0,surprise,large,ask_rel,17,31.0,0.9411764705882353,0.8358362212809652,1.235868426566101
ES.v.0,surprise,large,ask_rel,18,31.0,0.8979591836734694,0.7343101343101344,1.3472222222222223
ES.v.0,surprise,large,ask_rel,19,31.0,0.8979591836734694,0.8244631185807656,1.403985507246377
ES.v.0,surprise,large,ask_rel,20,31.0,0.9795918367346939,0.7991897536549155,1.3094958312349616
ES.v.0,surprise,large,ask_rel,21,31.0,0.9842738205365402,0.6701203558346416,1.2434123847167324
ES.v.0,surprise,large,ask_rel,22,31.0,1.027027027027027,0.7939775109586431,1.1924066924066925
ES.v.0,surprise,large,ask_rel,23,31.0,0.8979591836734694,0.807277628032345,1.3015873015873014
ES.v.0,surprise,large,ask_rel,24,31.0,0.9444444444444444,0.7972525653757034,1.2545893719806762
ES.v.0,surprise,large,ask_rel,25,31.0,0.9887640449438202,0.7809954751131222,1.2944015444015444
ES.v.0,surprise,large,ask_rel,26,31.0,0.990990990990991,0.7424391114283165,1.42487922705314
ES.v.0,surprise,large,ask_rel,27,31.0,0.9078651685393259,0.7028732545649838,1.2765700483091786
ES.v.0,surprise,large,ask_rel,28,31.0,1.0397779833487513,0.7525321239606955,1.272648240619997
ES.v.0,surprise,large,ask_rel,29,31.0,1.009009009009009,0.7673469387755103,1.272912353347136
ES.v.0,surprise,large,ask_rel,30,31.0,0.9411764705882353,0.6904606134243033,1.1263420724094881
ES.v.0,surprise,large,ask_rel,31,31.0,0.8727272727272727,0.6550980122113574,1.0749274191134657
ES.v.0,surprise,large,ask_rel,32,31.0,0.8148148148148148,0.5113378684807256,1.071078431372549
ES.v.0,surprise,large,ask_rel,33,31.0,0.8485735186539868,0.6666666666666666,1.1653192130526497
ES.v.0,surprise,large,ask_rel,34,31.0,0.7351778656126482,0.502396130361435,1.0519264712213183
ES.v.0,surprise,large,ask_rel,35,31.0,0.8397951719092904,0.5277262420119563,1.0207293685554555
ES.v.0,surprise,large,ask_rel,36,31.0,0.75,0.5721364589289117,0.9603681909864442
ES.v.0,surprise,large,ask_rel,37,31.0,0.8369829683698297,0.5449735449735449,1.0880312652662432
ES.v.0,surprise,large,ask_rel,38,31.0,0.7058823529411765,0.502799019880139,1.0922033438222152
ES.v.0,surprise,large,ask_rel,39,31.0,0.8115942028985508,0.5422932330827068,0.9506957550137138
ES.v.0,surprise,large,bid_rel,-5,31.0,1.4178302900107411,1.1574912891986062,1.7546434304058702
ES.v.0,surprise,large,bid_rel,-4,31.0,1.0909090909090908,0.9241368867353119,1.2829774398495628
ES.v.0,surprise,large,bid_rel,-3,31.0,0.7266666666666667,0.5829268292682926,0.9276637341153471
ES.v.0,surprise,large,bid_rel,-2,31.0,0.6486486486486487,0.440547263681592,0.8296017204874715
ES.v.0,surprise,large,bid_rel,-1,31.0,0.4088176352705411,0.26771653543307083,0.5690178525492617
ES.v.0,surprise,large,bid_rel,0,31.0,0.21333333333333335,0.15818767698466946,0.27586206896551724
ES.v.0,surprise,large,bid_rel,1,31.0,0.3826086956521739,0.2532569792412312,0.4545095457537854
ES.v.0,surprise,large,bid_rel,2,31.0,0.46062992125984253,0.34905252228086875,0.6167502038941809
ES.v.0,surprise,large,bid_rel,3,31.0,0.5155746509129968,0.3612251817805071,0.6615608040969196
ES.v.0,surprise,large,bid_rel,4,31.0,0.65,0.3846515454224938,0.7391653290529695
ES.v.0,surprise,large,bid_rel,5,31.0,0.6596194503171248,0.45911568746214415,0.878803666184274
ES.v.0,surprise,large,bid_rel,6,31.0,0.7586206896551724,0.6254585250187463,0.9020095604956606
ES.v.0,surprise,large,bid_rel,7,31.0,0.7652173913043478,0.5842804075177461,0.9222988505747126
ES.v.0,surprise,large,bid_rel,8,31.0,0.7692307692307693,0.5529459679609015,1.027891156462585
ES.v.0,surprise,large,bid_rel,9,31.0,0.7652173913043478,0.5269757946923301,1.0168236877523553
ES.v.0,surprise,large,bid_rel,10,31.0,0.896551724137931,0.6049713710598206,1.0038560411311055
ES.v.0,surprise,large,bid_rel,11,31.0,0.8205128205128205,0.5734347754693523,1.0537629642762165
ES.v.0,surprise,large,bid_rel,12,31.0,0.8602150537634409,0.6069049061175046,1.2148757497857754
ES.v.0,surprise,large,bid_rel,13,31.0,0.8602150537634409,0.5717528552174221,1.1809725158562367
ES.v.0,surprise,large,bid_rel,14,31.0,1.0,0.6118291363440987,1.146511627906977
ES.v.0,surprise,large,bid_rel,15,31.0,0.9133192389006343,0.6930402496680397,1.1285921025428984
ES.v.0,surprise,large,bid_rel,16,31.0,1.0256410256410255,0.7429690560125343,1.2849174424832208
ES.v.0,surprise,large,bid_rel,17,31.0,1.1,0.7365734455606843,1.273781011222857
ES.v.0,surprise,large,bid_rel,18,31.0,1.018181818181818,0.6905427144187621,1.2599999999999998
ES.v.0,surprise,large,bid_rel,19,31.0,0.9379310344827586,0.743705113783854,1.4083561782922125
ES.v.0,surprise,large,bid_rel,20,31.0,0.9285714285714286,0.7144892144892145,1.281644476844569
ES.v.0,surprise,large,bid_rel,21,31.0,1.0,0.7619351635099667,1.3617060367454068
ES.v.0,surprise,large,bid_rel,22,31.0,0.9974293059125964,0.7327888454289362,1.2317910447761193
ES.v.0,surprise,large,bid_rel,23,31.0,0.9460154241645244,0.7142857142857142,1.273749020710713
ES.v.0,surprise,large,bid_rel,24,31.0,1.0,0.7852852852852853,1.364004170362417
ES.v.0,surprise,large,bid_rel,25,31.0,1.0713324360699865,0.7841634738186463,1.26311169629142
ES.v.0,surprise,large,bid_rel,26,31.0,1.0013458950201883,0.7877816997013305,1.4959068622156944
ES.v.0,surprise,large,bid_rel,27,31.0,1.04,0.8213686986791385,1.3246753246753247
ES.v.0,surprise,large,bid_rel,28,31.0,0.9230769230769231,0.7517982944011865,1.1795115332428767
ES.v.0,surprise,large,bid_rel,29,31.0,0.8666666666666667,0.6864283638477187,1.2078756718859547
ES.v.0,surprise,large,bid_rel,30,31.0,0.9251700680272109,0.7266947171575503,1.1798091466002196
ES.v.0,surprise,large,bid_rel,31,31.0,0.8333333333333334,0.6611780234284772,1.0704206241519674
ES.v.0,surprise,large,bid_rel,32,31.0,0.8721804511278195,0.5354330708661418,1.1731292517006802
ES.v.0,surprise,large,bid_rel,33,31.0,0.8901098901098901,0.5241267918433272,1.1363892013498313
ES.v.0,surprise,large,bid_rel,34,31.0,0.8466666666666667,0.5555734104665488,1.007399577167019
ES.v.0,surprise,large,bid_rel,35,31.0,0.8275862068965517,0.5284992361029498,1.1165225519981303
ES.v.0,surprise,large,bid_rel,36,31.0,0.8205128205128205,0.545228497155559,0.9651056219961999
ES.v.0,surprise,large,bid_rel,37,31.0,0.8205128205128205,0.597720061111764,1.1382458609578134
ES.v.0,surprise,large,bid_rel,38,31.0,0.8333333333333334,0.5750746673907141,1.0626959247648902
ES.v.0,surprise,large,bid_rel,39,31.0,0.8133333333333334,0.6696171599239751,1.0737434719804437
ES.v.0,surprise,large,bid_share,-5,31.0,0.5322477253928867,0.42480777928539126,0.5943548387096774
ES.v.0,surprise,large,bid_share,-4,31.0,0.4508064516129032,0.3907366371206017,0.5561209552021416
ES.v.0,surprise,large,bid_share,-3,31.0,0.49712643678160917,0.42297795501123125,0.5346010089241819
ES.v.0,surprise,large,bid_share,-2,31.0,0.46774193548387094,0.3743694119704375,0.5671046720575023
ES.v.0,surprise,large,bid_share,-1,31.0,0.49444444444444446,0.432320646400117,0.5447363309205415
ES.v.0,surprise,large,bid_share,0,31.0,0.5,0.48424369747899154,0.5034722222222222
ES.v.0,surprise,large,bid_share,1,31.0,0.5,0.46290106951871657,0.5545263516583372
ES.v.0,surprise,large,bid_share,2,31.0,0.5,0.4737765997443417,0.5107857857857858
ES.v.0,surprise,large,bid_share,3,31.0,0.5,0.4663920872121509,0.5452732793522268
ES.v.0,surprise,large,bid_share,4,31.0,0.5027472527472527,0.47449222662384044,0.5455452922482718
ES.v.0,surprise,large,bid_share,5,31.0,0.4871456822676335,0.46940222897669703,0.533433679985404
ES.v.0,surprise,large,bid_share,6,31.0,0.5,0.47609727724328743,0.5396982648395586
ES.v.0,surprise,large,bid_share,7,31.0,0.5,0.4615407805131916,0.5415340378575673
ES.v.0,surprise,large,bid_share,8,31.0,0.5,0.46583327833327837,0.5374974120082816
ES.v.0,surprise,large,bid_share,9,31.0,0.49475117337250546,0.4511980579093332,0.5396356502974149
ES.v.0,surprise,large,bid_share,10,31.0,0.5034246575342466,0.48823699829567235,0.5391005811773528
ES.v.0,surprise,large,bid_share,11,31.0,0.5,0.4667211328976035,0.5374690666293132
ES.v.0,surprise,large,bid_share,12,31.0,0.5,0.4734768958511756,0.5294628267973855
ES.v.0,surprise,large,bid_share,13,31.0,0.5,0.4593240093240093,0.5293551367331855
ES.v.0,surprise,large,bid_share,14,31.0,0.5227743271221532,0.4826705792014041,0.5533928571428572
ES.v.0,surprise,large,bid_share,15,31.0,0.5,0.46591210899075347,0.5356096133331487
ES.v.0,surprise,large,bid_share,16,31.0,0.5,0.4753344481605351,0.5367078646333965
ES.v.0,surprise,large,bid_share,17,31.0,0.5,0.4628715861849295,0.5290032679738562
ES.v.0,surprise,large,bid_share,18,31.0,0.4891304347826087,0.45476469586656976,0.5201537346475997
ES.v.0,surprise,large,bid_share,19,31.0,0.49,0.471808837495112,0.5265797288815193
ES.v.0,surprise,large,bid_share,20,31.0,0.4850058944886531,0.4625,0.5138389011784332
ES.v.0,surprise,large,bid_share,21,31.0,0.5,0.4719078161353204,0.5490133232780292
ES.v.0,surprise,large,bid_share,22,31.0,0.5,0.4786152882205513,0.5233555286521389
ES.v.0,surprise,large,bid_share,23,31.0,0.49390243902439024,0.45580164054893296,0.5296965062190312
ES.v.0,surprise,large,bid_share,24,31.0,0.5086206896551724,0.47185518573775787,0.5637801675210434
ES.v.0,surprise,large,bid_share,25,31.0,0.5119047619047619,0.46939515521398434,0.5290388563342103
ES.v.0,surprise,large,bid_share,26,31.0,0.51,0.4771831830187592,0.5288807189542484
ES.v.0,surprise,large,bid_share,27,31.0,0.5,0.4787520107821399,0.5467371643079267
ES.v.0,surprise,large,bid_share,28,31.0,0.4827586206896552,0.44672205752327454,0.5520100281491906
ES.v.0,surprise,large,bid_share,29,31.0,0.5,0.4407167066649825,0.5195454842193973
ES.v.0,surprise,large,bid_share,30,31.0,0.5,0.468752094139091,0.525901869670389
ES.v.0,surprise,large,bid_share,31,31.0,0.5,0.46222527472527475,0.5216772561709271
ES.v.0,surprise,large,bid_share,32,31.0,0.5,0.47785749743382633,0.5295688568081303
ES.v.0,surprise,large,bid_share,33,31.0,0.49685608509137924,0.46381148950808393,0.5293037280701753
ES.v.0,surprise,large,bid_share,34,31.0,0.5,0.48478141256502605,0.5260192892946652
ES.v.0,surprise,large,bid_share,35,31.0,0.5017076671781419,0.47938637823945174,0.5231702374463685
ES.v.0,surprise,large,bid_share,36,31.0,0.49870129870129865,0.4436374535980263,0.5283048381954407
ES.v.0,surprise,large,bid_share,37,31.0,0.5,0.47735358446466825,0.5358116797681018
ES.v.0,surprise,large,bid_share,38,31.0,0.49583333333333335,0.46769297787797526,0.516623906199648
ES.v.0,surprise,large,bid_share,39,31.0,0.5227272727272727,0.48982230958988593,0.5437319730797991
ES.v.0,surprise,large,total_rel,-5,31.0,1.3233082706766917,1.138753526545268,1.5560706948418814
ES.v.0,surprise,large,total_rel,-4,31.0,1.0921501706484642,0.9700442176993125,1.291036956940847
ES.v.0,surprise,large,total_rel,-3,31.0,0.7504553734061931,0.7078899819313391,0.9134255257850763
ES.v.0,surprise,large,total_rel,-2,31.0,0.6947368421052632,0.5200375242431908,0.915640144871888
ES.v.0,surprise,large,total_rel,-1,31.0,0.5052631578947369,0.3303878928620628,0.6352058956622924
ES.v.0,surprise,large,total_rel,0,31.0,0.2483130904183536,0.18277233583333935,0.2841614906832298
ES.v.0,surprise,large,total_rel,1,31.0,0.42105263157894735,0.30227864237531205,0.4820908057902278
ES.v.0,surprise,large,total_rel,2,31.0,0.45161290322580644,0.31028431028431025,0.5812983736651318
ES.v.0,surprise,large,total_rel,3,31.0,0.5096618357487923,0.3559881632903945,0.5912761149369847
ES.v.0,surprise,large,total_rel,4,31.0,0.582089552238806,0.37825332562174663,0.7034813925570229
ES.v.0,surprise,large,total_rel,5,31.0,0.6698679471788715,0.4925775978407557,0.763700351935646
ES.v.0,surprise,large,total_rel,6,31.0,0.6837606837606838,0.5582441272673209,0.7900752162025793
ES.v.0,surprise,large,total_rel,7,31.0,0.717948717948718,0.582995951417004,0.8677397810062438
ES.v.0,surprise,large,total_rel,8,31.0,0.7584541062801933,0.5249723892502147,0.8849368184406547
ES.v.0,surprise,large,total_rel,9,31.0,0.7935222672064778,0.5146956171830732,0.8949563898369359
ES.v.0,surprise,large,total_rel,10,31.0,0.7551546391752577,0.630155510480054,0.9181947300362496
ES.v.0,surprise,large,total_rel,11,31.0,0.7843137254901961,0.616218155877196,1.00537021899251
ES.v.0,surprise,large,total_rel,12,31.0,0.8067632850241546,0.6545264896344909,0.9993997599039616
ES.v.0,surprise,large,total_rel,13,31.0,0.770618556701031,0.6545264896344909,1.0517778102047766
ES.v.0,surprise,large,total_rel,14,31.0,0.7843137254901961,0.6675410636123777,1.0175228442787092
ES.v.0,surprise,large,total_rel,15,31.0,0.8717948717948718,0.7258743999216224,1.0717377860235002
ES.v.0,surprise,large,total_rel,16,31.0,0.8941176470588236,0.7586494057082293,1.1203167542278636
ES.v.0,surprise,large,total_rel,17,31.0,0.968944099378882,0.8048282896973818,1.1564027370478984
ES.v.0,surprise,large,total_rel,18,31.0,0.9019607843137255,0.7366694425517955,1.1721111652852267
ES.v.0,surprise,large,total_rel,19,31.0,0.8554913294797688,0.7325639634375392,1.167675878013872
ES.v.0,surprise,large,total_rel,20,31.0,0.945273631840796,0.7769423558897243,1.1335236797421673
ES.v.0,surprise,large,total_rel,21,31.0,0.8941176470588236,0.7688867719827472,1.2580121703853955
ES.v.0,surprise,large,total_rel,22,31.0,0.8792270531400966,0.761437908496732,1.28141883383298
ES.v.0,surprise,large,total_rel,23,31.0,0.9353233830845771,0.7651853534206475,1.3528012480424905
ES.v.0,surprise,large,total_rel,24,31.0,0.9556313993174061,0.8446392503332005,1.2060024009603842
ES.v.0,surprise,large,total_rel,25,31.0,0.9651741293532339,0.8090770404271548,1.2362081182305902
ES.v.0,surprise,large,total_rel,26,31.0,0.9411764705882353,0.814761483553782,1.283120904482077
ES.v.0,surprise,large,total_rel,27,31.0,0.9014844804318488,0.7814616755793227,1.3348855803898632
ES.v.0,surprise,large,total_rel,28,31.0,0.9178743961352657,0.7228833730023801,1.2736728572906046
ES.v.0,surprise,large,total_rel,29,31.0,0.8559322033898306,0.701547987616099,1.1632520282792629
ES.v.0,surprise,large,total_rel,30,31.0,0.904639175257732,0.6751293966526881,1.0388686164932535
ES.v.0,surprise,large,total_rel,31,31.0,0.8205128205128205,0.6335635468762404,1.0321962013645583
ES.v.0,surprise,large,total_rel,32,31.0,0.8530927835051546,0.5633986928104575,0.994729907773386
ES.v.0,surprise,large,total_rel,33,31.0,0.8164794007490637,0.5163398692810457,1.0984224414121084
ES.v.0,surprise,large,total_rel,34,31.0,0.8387096774193549,0.4889343124637242,0.965675057208238
ES.v.0,surprise,large,total_rel,35,31.0,0.7950310559006211,0.5190411424685482,0.9552169486075632
ES.v.0,surprise,large,total_rel,36,31.0,0.7741935483870968,0.48630626339604666,0.9271339929565654
ES.v.0,surprise,large,total_rel,37,31.0,0.7922705314009661,0.5112866234522835,1.0335576691325064
ES.v.0,surprise,large,total_rel,38,31.0,0.8198757763975155,0.5386488394542337,0.9360614849659183
ES.v.0,surprise,large,total_rel,39,31.0,0.8059701492537313,0.5540775014459225,0.9141154528499296
ES.v.0,surprise,medium,ask_rel,-5,30.0,1.3370577281191807,1.1596856751495925,1.4623222199692958
ES.v.0,surprise,medium,ask_rel,-4,30.0,1.091706844213158,0.9728375527426161,1.3319991958623463
ES.v.0,surprise,medium,ask_rel,-3,30.0,0.8638888888888889,0.7542274428811153,0.9252618074410002
ES.v.0,surprise,medium,ask_rel,-2,30.0,0.627072927072927,0.4521217857706263,0.8511979823455234
ES.v.0,surprise,medium,ask_rel,-1,30.0,0.43370067543547813,0.2992562929061785,0.5755037042165756
ES.v.0,surprise,medium,ask_rel,0,30.0,0.24049966137406878,0.14708458001897395,0.32210812443370584
ES.v.0,surprise,medium,ask_rel,1,30.0,0.4255532139093783,0.2744990892531876,0.5996394909438387
ES.v.0,surprise,medium,ask_rel,2,30.0,0.500981978406651,0.33771929824561403,0.726961394769614
ES.v.0,surprise,medium,ask_rel,3,30.0,0.5190842719446838,0.37272727272727274,0.757873961699784
ES.v.0,surprise,medium,ask_rel,4,30.0,0.6091059430329243,0.46959573273441885,0.8961809383232751
ES.v.0,surprise,medium,ask_rel,5,30.0,0.5769948859485348,0.47471729510986727,1.0336559991732406
ES.v.0,surprise,medium,ask_rel,6,30.0,0.6038495188101487,0.5109526496691119,1.1434886952128331
ES.v.0,surprise,medium,ask_rel,7,30.0,0.6978211627656132,0.5503507283998632,1.0694740042566129
ES.v.0,surprise,medium,ask_rel,8,30.0,0.7713286713286713,0.5913742690058479,1.0951624518151395
ES.v.0,surprise,medium,ask_rel,9,30.0,0.8170399221032132,0.5609122812462016,1.2167475654058675
ES.v.0,surprise,medium,ask_rel,10,30.0,0.7660235480360147,0.6089181286549707,1.3161631668402873
ES.v.0,surprise,medium,ask_rel,11,30.0,0.825296881117056,0.5688470486392903,1.2250754709771103
ES.v.0,surprise,medium,ask_rel,12,30.0,0.8059597359796569,0.6167491749174918,1.4156489541379758
ES.v.0,surprise,medium,ask_rel,13,30.0,0.8220837043633126,0.6595449018586069,1.2545054779301923
ES.v.0,surprise,medium,ask_rel,14,30.0,0.8853893263342082,0.6281542291904986,1.584938300080729
ES.v.0,surprise,medium,ask_rel,15,30.0,0.9453102453102453,0.7277198916931098,1.5857638434757697
ES.v.0,surprise,medium,ask_rel,16,30.0,1.089493015019348,0.6688941299790356,1.6106818842103026
ES.v.0,surprise,medium,ask_rel,17,30.0,1.0234175273545352,0.7011612021857924,1.5954130663005734
ES.v.0,surprise,medium,ask_rel,18,30.0,1.036829836829837,0.77000507743082,1.611221936453136
ES.v.0,surprise,medium,ask_rel,19,30.0,0.9615384615384616,0.7055610724925521,1.4162576553880901
ES.v.0,surprise,medium,ask_rel,20,30.0,1.0417621847901923,0.6859626466079102,1.4490199204727188
ES.v.0,surprise,medium,ask_rel,21,30.0,1.064793861820239,0.670258072718027,1.4923776930854786
ES.v.0,surprise,medium,ask_rel,22,30.0,1.0065320629067376,0.7386646356943387,1.4108796799582555
ES.v.0,surprise,medium,ask_rel,23,30.0,0.997002997002997,0.6762013729977117,1.5382513661202186
ES.v.0,surprise,medium,ask_rel,24,30.0,1.0382570604297527,0.7355900004317603,1.5912056582049454
ES.v.0,surprise,medium,ask_rel,25,30.0,1.0323665971334366,0.7701712844117907,1.4680878543869662
ES.v.0,surprise,medium,ask_rel,26,30.0,1.00438240545366,0.830582017486624,1.4933359491290024
ES.v.0,surprise,medium,ask_rel,27,30.0,1.0589531230875933,0.7442010309278351,1.5469963631047023
ES.v.0,surprise,medium,ask_rel,28,30.0,0.9811492854971116,0.7118827997829625,1.4713377549054683
ES.v.0,surprise,medium,ask_rel,29,30.0,0.9798775153105862,0.6234480431848852,1.6009852216748768
ES.v.0,surprise,medium,ask_rel,30,30.0,0.9026384243775547,0.569374927249447,1.5042332510501928
ES.v.0,surprise,medium,ask_rel,31,30.0,0.8377049180327869,0.5933594707179612,1.3652392718287854
ES.v.0,surprise,medium,ask_rel,32,30.0,0.8058137569714382,0.6678321678321678,1.3879396614988924
ES.v.0,surprise,medium,ask_rel,33,30.0,0.8167224080267559,0.6259483091166259,1.3097817228042619
ES.v.0,surprise,medium,ask_rel,34,30.0,0.8618160041919305,0.6285546951259192,1.180509683510187
ES.v.0,surprise,medium,ask_rel,35,30.0,0.7856499935707857,0.5857674684994272,1.3455911284143387
ES.v.0,surprise,medium,ask_rel,36,30.0,0.8082177385456074,0.5790430042398547,1.2586714209099736
ES.v.0,surprise,medium,ask_rel,37,30.0,0.8319907940161104,0.5008741258741258,1.1408553896877003
ES.v.0,surprise,medium,ask_rel,38,30.0,0.7278688524590164,0.5054001554001555,1.4988811997095564
ES.v.0,surprise,medium,ask_rel,39,30.0,0.8368874452760909,0.4965367965367965,1.5277367762186806
ES.v.0,surprise,medium,bid_rel,-5,30.0,1.236783244418099,1.0539664378337146,1.355362354085603
ES.v.0,surprise,medium,bid_rel,-4,30.0,1.1597331549118388,0.9108116396347281,1.2899717807449393
ES.v.0,surprise,medium,bid_rel,-3,30.0,0.8177127389612586,0.6732472645168761,0.9003392920443611
ES.v.0,surprise,medium,bid_rel,-2,30.0,0.8314236595530193,0.6023530134545678,1.1006451612903227
ES.v.0,surprise,medium,bid_rel,-1,30.0,0.4391089222742257,0.2879757906521131,0.6151579793761233
ES.v.0,surprise,medium,bid_rel,0,30.0,0.24371545010692813,0.16801075268817203,0.35244324740284727
ES.v.0,surprise,medium,bid_rel,1,30.0,0.4104938539721148,0.3037754595131644,0.5781793979111203
ES.v.0,surprise,medium,bid_rel,2,30.0,0.546050138069197,0.34327704815509696,0.7301982940068683
ES.v.0,surprise,medium,bid_rel,3,30.0,0.623215422914375,0.38918028208350786,0.829454990814452
ES.v.0,surprise,medium,bid_rel,4,30.0,0.6796367493039905,0.41588628762541807,0.8937325507265492
ES.v.0,surprise,medium,bid_rel,5,30.0,0.6899313501144164,0.5100981767180925,1.146299105278199
ES.v.0,surprise,medium,bid_rel,6,30.0,0.7162471395881007,0.5594678070800665,1.31394457195853
ES.v.0,surprise,medium,bid_rel,7,30.0,0.7770232031692134,0.5406271777003484,1.2864602682316995
ES.v.0,surprise,medium,bid_rel,8,30.0,0.8223068768275492,0.5807010529121684,1.1115025709388688
ES.v.0,surprise,medium,bid_rel,9,30.0,0.9102298384762346,0.637618636755824,1.39145804177681
ES.v.0,surprise,medium,bid_rel,10,30.0,0.8969142592485382,0.5905054644808744,1.3206318525958625
ES.v.0,surprise,medium,bid_rel,11,30.0,0.9660761773437829,0.6714285714285714,1.540456216756506
ES.v.0,surprise,medium,bid_rel,12,30.0,0.9478260869565218,0.6948412698412698,1.269231836213832
ES.v.0,surprise,medium,bid_rel,13,30.0,0.908695652173913,0.5796564725596984,1.6363872982821448
ES.v.0,surprise,medium,bid_rel,14,30.0,0.9145444255800792,0.7070929070929071,1.4679070973215653
ES.v.0,surprise,medium,bid_rel,15,30.0,0.9623444230108607,0.7036904761904762,1.6602283993684133
ES.v.0,surprise,medium,bid_rel,16,30.0,1.0181092939768648,0.6536111111111111,1.5706382611530312
ES.v.0,surprise,medium,bid_rel,17,30.0,1.0117983624346454,0.7245238095238096,1.58161702968341
ES.v.0,surprise,medium,bid_rel,18,30.0,1.017243625939278,0.695366568914956,1.4031628508349292
ES.v.0,surprise,medium,bid_rel,19,30.0,1.0849621061029118,0.7309534368070953,1.7276036342639352
ES.v.0,surprise,medium,bid_rel,20,30.0,1.0483870967741935,0.7019213819848406,1.5755329574644596
ES.v.0,surprise,medium,bid_rel,21,30.0,1.143819834423667,0.6991072010426849,1.58332270001276
ES.v.0,surprise,medium,bid_rel,22,30.0,1.075880758807588,0.7901639344262295,1.7042690165406311
ES.v.0,surprise,medium,bid_rel,23,30.0,1.072204364743698,0.7482306940371457,1.597457841697473
ES.v.0,surprise,medium,bid_rel,24,30.0,1.0852234981493785,0.8204471317012093,1.4003098232185165
ES.v.0,surprise,medium,bid_rel,25,30.0,1.0461393596986817,0.7460378507443552,1.690370952741637
ES.v.0,surprise,medium,bid_rel,26,30.0,1.0634057971014492,0.8313534291795162,1.589526092568689
ES.v.0,surprise,medium,bid_rel,27,30.0,1.003623693379791,0.7309384588664389,1.622091786823189
ES.v.0,surprise,medium,bid_rel,28,30.0,0.935070547430098,0.6560467055879899,1.6832280934972859
ES.v.0,surprise,medium,bid_rel,29,30.0,1.003085553997195,0.6736214605067063,1.8026793874412073
ES.v.0,surprise,medium,bid_rel,30,30.0,0.9243961352657004,0.6657163221667854,1.7020891100623734
ES.v.0,surprise,medium,bid_rel,31,30.0,0.9248152976966537,0.6475972540045767,1.1227329078470087
ES.v.0,surprise,medium,bid_rel,32,30.0,0.951274007537972,0.6564841968067774,1.1448170194780034
ES.v.0,surprise,medium,bid_rel,33,30.0,0.803032093354674,0.5623167155425219,1.3136625885854385
ES.v.0,surprise,medium,bid_rel,34,30.0,0.831097863884749,0.6487455197132617,1.2337598100639715
ES.v.0,surprise,medium,bid_rel,35,30.0,0.7800579430226944,0.5917099030002256,1.179731561229397
ES.v.0,surprise,medium,bid_rel,36,30.0,0.7637651972850004,0.6095430107526882,1.1358151532374414
ES.v.0,surprise,medium,bid_rel,37,30.0,0.7242921013412817,0.6148550724637681,1.440700480148188
ES.v.0,surprise,medium,bid_rel,38,30.0,0.8285093559464574,0.5566318926974665,1.3066484472957016
ES.v.0,surprise,medium,bid_rel,39,30.0,0.7905308464849354,0.5338672768878718,1.6116381760153893
ES.v.0,surprise,medium,bid_share,-5,30.0,0.4748402395402114,0.44487179487179485,0.5124266144814089
ES.v.0,surprise,medium,bid_share,-4,30.0,0.4754654009608278,0.41921176727571763,0.5579880196571532
ES.v.0,surprise,medium,bid_share,-3,30.0,0.477004738909615,0.41536122580197105,0.5352920227920228
ES.v.0,surprise,medium,bid_share,-2,30.0,0.5347707729745963,0.4150567174760723,0.6211413871951219
ES.v.0,surprise,medium,bid_share,-1,30.0,0.4857142857142857,0.41068135718237136,0.5693771591708784
ES.v.0,surprise,medium,bid_share,0,30.0,0.5,0.4836759027935499,0.5267763845350052
ES.v.0,surprise,medium,bid_share,1,30.0,0.5,0.4772082277887232,0.5389336984793918
ES.v.0,surprise,medium,bid_share,2,30.0,0.5033068783068784,0.4584529505582137,0.5333333333333333
ES.v.0,surprise,medium,bid_share,3,30.0,0.514965834818776,0.4865816237263205,0.5489570789699878
ES.v.0,surprise,medium,bid_share,4,30.0,0.48049052396878483,0.454697731250514,0.5170624878301032
ES.v.0,surprise,medium,bid_share,5,30.0,0.5011163645915419,0.4695320314360562,0.5491253945150566
ES.v.0,surprise,medium,bid_share,6,30.0,0.5259456185220084,0.5014859331660283,0.5554017696492454
ES.v.0,surprise,medium,bid_share,7,30.0,0.5232800689946179,0.47007494122257054,0.5468344155844156
ES.v.0,surprise,medium,bid_share,8,30.0,0.4894029850746269,0.46038078255254195,0.5223407913925155
ES.v.0,surprise,medium,bid_share,9,30.0,0.5066645441809987,0.4840143369175627,0.548881853538228
ES.v.0,surprise,medium,bid_share,10,30.0,0.48731818530575555,0.4577919346105822,0.5220311823024186
ES.v.0,surprise,medium,bid_share,11,30.0,0.521236391373691,0.5046653796653797,0.5753949154634086
ES.v.0,surprise,medium,bid_share,12,30.0,0.5,0.483449108081461,0.5339672207953015
ES.v.0,surprise,medium,bid_share,13,30.0,0.4973887498639974,0.470721658896895,0.5374690324997674
ES.v.0,surprise,medium,bid_share,14,30.0,0.503002510428143,0.474042093079922,0.5169840754253724
ES.v.0,surprise,medium,bid_share,15,30.0,0.48169467787114845,0.4487640299460952,0.5341751596535735
ES.v.0,surprise,medium,bid_share,16,30.0,0.47955862198924176,0.4316642511502399,0.5116606241470593
ES.v.0,surprise,medium,bid_share,17,30.0,0.48550710376853246,0.463566534040672,0.5308696375124708
ES.v.0,surprise,medium,bid_share,18,30.0,0.4714546788568308,0.43955627705627703,0.504052991204033
ES.v.0,surprise,medium,bid_share,19,30.0,0.5112467606090054,0.48131661821705424,0.5373301311945058
ES.v.0,surprise,medium,bid_share,20,30.0,0.4967854207341791,0.46528129699325327,0.5187285738182206
ES.v.0,surprise,medium,bid_share,21,30.0,0.5072154471544715,0.4641567595678529,0.5381042217527039
ES.v.0,surprise,medium,bid_share,22,30.0,0.5035154616641958,0.48005354212937884,0.5431376094779328
ES.v.0,surprise,medium,bid_share,23,30.0,0.5114554593027225,0.46159983448566316,0.5304945858940591
ES.v.0,surprise,medium,bid_share,24,30.0,0.5140201219005567,0.43126137456913977,0.5538573240821187
ES.v.0,surprise,medium,bid_share,25,30.0,0.4741923292273236,0.44613269519519516,0.512152086087167
ES.v.0,surprise,medium,bid_share,26,30.0,0.49095535970300164,0.46119294650873177,0.5253150766834912
ES.v.0,surprise,medium,bid_share,27,30.0,0.5006282799911301,0.45448359436480096,0.5481337161607875
ES.v.0,surprise,medium,bid_share,28,30.0,0.492816091954023,0.4470796031698978,0.5372060691646608
ES.v.0,surprise,medium,bid_share,29,30.0,0.48520812198874447,0.44336285947277326,0.5631626196990424
ES.v.0,surprise,medium,bid_share,30,30.0,0.5019230769230769,0.46791594321091584,0.5431571792596637
ES.v.0,surprise,medium,bid_share,31,30.0,0.4865673584304282,0.4526099284836294,0.5148703131565568
ES.v.0,surprise,medium,bid_share,32,30.0,0.4989490404022309,0.45800983480991675,0.5432864832535884
ES.v.0,surprise,medium,bid_share,33,30.0,0.4929622526645135,0.4431577704762081,0.5232089730268459
ES.v.0,surprise,medium,bid_share,34,30.0,0.49337937086331307,0.46471917377031324,0.5455792258423837
ES.v.0,surprise,medium,bid_share,35,30.0,0.48397156084656084,0.46714119858469705,0.5336847728295097
ES.v.0,surprise,medium,bid_share,36,30.0,0.47995008003472694,0.46440056900922727,0.5085470085470085
ES.v.0,surprise,medium,bid_share,37,30.0,0.4943948033082685,0.46119095365418894,0.5171767514860082
ES.v.0,surprise,medium,bid_share,38,30.0,0.5004940711462451,0.47505479251899474,0.5288646535689374
ES.v.0,surprise,medium,bid_share,39,30.0,0.48703703703703705,0.46444071279597593,0.5040987135835509
ES.v.0,surprise,medium,total_rel,-5,30.0,1.2467754915206686,1.1710140123944055,1.3554483717635328
ES.v.0,surprise,medium,total_rel,-4,30.0,1.1008882566021496,0.9845310833090873,1.220800889877642
ES.v.0,surprise,medium,total_rel,-3,30.0,0.8241458640124432,0.7395659173942659,0.8995898277276456
ES.v.0,surprise,medium,total_rel,-2,30.0,0.7460525384125185,0.630488038685214,0.8775904272526739
ES.v.0,surprise,medium,total_rel,-1,30.0,0.4840793888769901,0.3749721066147171,0.6864803727000572
ES.v.0,surprise,medium,total_rel,0,30.0,0.28801843317972353,0.1824693647648612,0.38186183978712807
ES.v.0,surprise,medium,total_rel,1,30.0,0.4314204314204314,0.3394060562494384,0.5220821231564141
ES.v.0,surprise,medium,total_rel,2,30.0,0.5544213574681475,0.3801045640808252,0.6663708961845608
ES.v.0,surprise,medium,total_rel,3,30.0,0.6078711592370691,0.37576658402782115,0.6817009077878643
ES.v.0,surprise,medium,total_rel,4,30.0,0.6011326889248585,0.40935654843563973,0.7820650991201982
ES.v.0,surprise,medium,total_rel,5,30.0,0.6159672776851992,0.5138557993730408,0.9555151145968171
ES.v.0,surprise,medium,total_rel,6,30.0,0.6685161048599568,0.5432547764523324,1.050211817168339
ES.v.0,surprise,medium,total_rel,7,30.0,0.6728087153857759,0.5455595740405866,1.052152704135737
ES.v.0,surprise,medium,total_rel,8,30.0,0.7992713989074317,0.550531383077208,1.133554154875225
ES.v.0,surprise,medium,total_rel,9,30.0,0.759059000259998,0.583981588032221,1.2342496669113847
ES.v.0,surprise,medium,total_rel,10,30.0,0.7671376242804814,0.566089471509597,1.294741901536384
ES.v.0,surprise,medium,total_rel,11,30.0,0.881450391787715,0.6065945407965792,1.2106708292088633
ES.v.0,surprise,medium,total_rel,12,30.0,0.8541835788843406,0.6133770757690252,1.2622195932550875
ES.v.0,surprise,medium,total_rel,13,30.0,0.9150820194298455,0.6431575262437658,1.297561466787976
ES.v.0,surprise,medium,total_rel,14,30.0,0.8681687085562156,0.6724293639530383,1.4116676563216404
ES.v.0,surprise,medium,total_rel,15,30.0,0.9087172046910893,0.6721539258631246,1.3600463082068432
ES.v.0,surprise,medium,total_rel,16,30.0,0.8810226155358898,0.7150680548376775,1.4826642278514373
ES.v.0,surprise,medium,total_rel,17,30.0,0.9036392213758917,0.7893840051038132,1.390412076809086
ES.v.0,surprise,medium,total_rel,18,30.0,0.9810213940648723,0.7638788490477684,1.4326759562425442
ES.v.0,surprise,medium,total_rel,19,30.0,0.999148443354452,0.7028918399074745,1.4766455077014085
ES.v.0,surprise,medium,total_rel,20,30.0,0.9755983070411696,0.7415534358575044,1.3322185061315497
ES.v.0,surprise,medium,total_rel,21,30.0,0.9824919481686765,0.7170320820147429,1.4222910425152322
ES.v.0,surprise,medium,total_rel,22,30.0,0.9201932439517639,0.762511373976342,1.321657928511295
ES.v.0,surprise,medium,total_rel,23,30.0,0.905982905982906,0.7947394263424215,1.472641442146668
ES.v.0,surprise,medium,total_rel,24,30.0,0.8965007141399715,0.7811041802439251,1.4325927458595642
ES.v.0,surprise,medium,total_rel,25,30.0,1.016297711949886,0.7780364656381487,1.3430726744533577
ES.v.0,surprise,medium,total_rel,26,30.0,1.0143334925943621,0.7653123723968966,1.3408935456957525
ES.v.0,surprise,medium,total_rel,27,30.0,0.9345764560362828,0.7652352953205706,1.5599510207604368
ES.v.0,surprise,medium,total_rel,28,30.0,0.9171541501976285,0.764732713008575,1.35427724306067
ES.v.0,surprise,medium,total_rel,29,30.0,0.8731713214847056,0.6756815960637617,1.4194477538384984
ES.v.0,surprise,medium,total_rel,30,30.0,0.8789848344165893,0.6386108583560812,1.182101459037422
ES.v.0,surprise,medium,total_rel,31,30.0,0.7865238689847277,0.6250083718438149,1.190016423546884
ES.v.0,surprise,medium,total_rel,32,30.0,0.8340876379522651,0.6972265956158411,1.130745647886116
ES.v.0,surprise,medium,total_rel,33,30.0,0.9449369693851299,0.6537842190016103,1.1740268013559938
ES.v.0,surprise,medium,total_rel,34,30.0,0.8215840445880214,0.6455026455026455,1.1377593946389637
ES.v.0,surprise,medium,total_rel,35,30.0,0.8243805883557436,0.6554650373387645,1.0051732959390576
ES.v.0,surprise,medium,total_rel,36,30.0,0.7895487107309768,0.6141917972217061,0.9594998076183148
ES.v.0,surprise,medium,total_rel,37,30.0,0.753815671846396,0.5510849909584087,1.2293830245295436
ES.v.0,surprise,medium,total_rel,38,30.0,0.8377265290911042,0.5180491551459293,1.2985529997952359
ES.v.0,surprise,medium,total_rel,39,30.0,0.7711053419491767,0.48895790200138023,1.184647184604419
ES.v.0,surprise,small,ask_rel,-5,31.0,1.360323886639676,1.0132059898596864,1.5333429602888087
ES.v.0,surprise,small,ask_rel,-4,31.0,1.0909090909090908,0.9079867500920132,1.213034786085566
ES.v.0,surprise,small,ask_rel,-3,31.0,0.8627450980392157,0.6752556983289992,0.9139574583389785
ES.v.0,surprise,small,ask_rel,-2,31.0,0.6963562753036437,0.5356221543289863,0.9314698642102756
ES.v.0,surprise,small,ask_rel,-1,31.0,0.5076142131979695,0.3710440648387422,0.6790640225073766
ES.v.0,surprise,small,ask_rel,0,31.0,0.2639593908629442,0.17602534765006161,0.3885644987423644
ES.v.0,surprise,small,ask_rel,1,31.0,0.47653429602888087,0.32435495367070566,0.6586605761438149
ES.v.0,surprise,small,ask_rel,2,31.0,0.5423728813559322,0.4251060398920321,0.8843078751243203
ES.v.0,surprise,small,ask_rel,3,31.0,0.652542372881356,0.43247327156094084,1.1826285714285714
ES.v.0,surprise,small,ask_rel,4,31.0,0.6963562753036437,0.47216330858960764,1.1845003573457458
ES.v.0,surprise,small,ask_rel,5,31.0,0.7014925373134329,0.5193647707016691,1.0429164743885555
ES.v.0,surprise,small,ask_rel,6,31.0,0.8507462686567164,0.5488812739367063,1.2309682187730968
ES.v.0,surprise,small,ask_rel,7,31.0,0.7763713080168776,0.604153190141124,1.2536187692329261
ES.v.0,surprise,small,ask_rel,8,31.0,0.7835820895522388,0.5910784941470062,1.3275338887817187
ES.v.0,surprise,small,ask_rel,9,31.0,0.8270042194092827,0.6088047078496318,1.3307005809159045
ES.v.0,surprise,small,ask_rel,10,31.0,0.934010152284264,0.7335416808207079,1.2994612244897958
ES.v.0,surprise,small,ask_rel,11,31.0,0.97165991902834,0.7242491933482254,1.4337361702127658
ES.v.0,surprise,small,ask_rel,12,31.0,1.0578512396694215,0.7300598205383848,1.384359874727152
ES.v.0,surprise,small,ask_rel,13,31.0,1.0804597701149425,0.7789774137503103,1.4446829693236265
ES.v.0,surprise,small,ask_rel,14,31.0,1.0558375634517767,0.7325811636129862,1.468345636126791
ES.v.0,surprise,small,ask_rel,15,31.0,1.080568720379147,0.8187769049838015,1.5857577073382545
ES.v.0,surprise,small,ask_rel,16,31.0,1.027237354085603,0.9161817506499939,1.5495086923658352
ES.v.0,surprise,small,ask_rel,17,31.0,1.2793522267206479,0.8691796008869179,1.7914005959982973
ES.v.0,surprise,small,ask_rel,18,31.0,1.198443579766537,0.8610482563051733,1.4590468911838943
ES.v.0,surprise,small,ask_rel,19,31.0,1.2505747126436781,0.8922263606872523,1.6399206369835122
ES.v.0,surprise,small,ask_rel,20,31.0,1.2827004219409284,1.031306144448437,1.6031441154881332
ES.v.0,surprise,small,ask_rel,21,31.0,1.2717391304347827,0.8745746232377248,1.4565329580107904
ES.v.0,surprise,small,ask_rel,22,31.0,1.2608695652173914,0.8292402883204695,1.7023628244392355
ES.v.0,surprise,small,ask_rel,23,31.0,1.3333333333333333,0.9238209285187915,1.7397344859524544
ES.v.0,surprise,small,ask_rel,24,31.0,1.3459715639810426,0.8716628953783104,1.755245781364637
ES.v.0,surprise,small,ask_rel,25,31.0,1.2608695652173914,0.94329980532122,1.587878787878788
ES.v.0,surprise,small,ask_rel,26,31.0,1.1497975708502024,0.9413249536369257,1.68490245971162
ES.v.0,surprise,small,ask_rel,27,31.0,1.350210970464135,0.8905674281503315,1.6766961404685077
ES.v.0,surprise,small,ask_rel,28,31.0,1.1979695431472082,0.8815528620542548,1.8636750638553612
ES.v.0,surprise,small,ask_rel,29,31.0,1.1865671641791045,0.8423655470842777,1.7080561714708056
ES.v.0,surprise,small,ask_rel,30,31.0,1.2065573770491804,0.8549667801004699,1.5644878048780488
ES.v.0,surprise,small,ask_rel,31,31.0,1.1791044776119404,0.7731042654028436,1.5438482886216467
ES.v.0,surprise,small,ask_rel,32,31.0,1.054054054054054,0.78799856270212,1.591881658888791
ES.v.0,surprise,small,ask_rel,33,31.0,1.099882491186839,0.8041474577681618,1.4889011190607229
ES.v.0,surprise,small,ask_rel,34,31.0,1.024793388429752,0.78799856270212,1.5975090814737936
ES.v.0,surprise,small,ask_rel,35,31.0,1.0045045045045045,0.710921542712964,1.613009511671269
ES.v.0,surprise,small,ask_rel,36,31.0,0.9746192893401016,0.7561455417832867,1.4360399478940513
ES.v.0,surprise,small,ask_rel,37,31.0,0.9543147208121827,0.7240428293316028,1.4494953215943418
ES.v.0,surprise,small,ask_rel,38,31.0,1.007462686567164,0.6430862437633642,1.6472259927797834
ES.v.0,surprise,small,ask_rel,39,31.0,1.0597014925373134,0.7782177306107415,1.3688474068856213
ES.v.0,surprise,small,bid_rel,-5,31.0,1.0968921389396709,0.9224209622142638,1.2995102780097365
ES.v.0,surprise,small,bid_rel,-4,31.0,1.0583446404341927,0.9260545905707196,1.2725233442791315
ES.v.0,surprise,small,bid_rel,-3,31.0,0.9063032367972743,0.719218316373728,1.0529891304347827
ES.v.0,surprise,small,bid_rel,-2,31.0,0.8,0.6500709219858156,0.925645306279697
ES.v.0,surprise,small,bid_rel,-1,31.0,0.4583333333333333,0.32287428883173563,0.5556453984122317
ES.v.0,surprise,small,bid_rel,0,31.0,0.23880597014925373,0.2064866760168303,0.33060109289617484
ES.v.0,surprise,small,bid_rel,1,31.0,0.412483039348711,0.2944927536231884,0.5588303604607953
ES.v.0,surprise,small,bid_rel,2,31.0,0.523776705720193,0.40111803092505194,0.7421142369991475
ES.v.0,surprise,small,bid_rel,3,31.0,0.658855961405927,0.4163459253979568,0.849590469099032
ES.v.0,surprise,small,bid_rel,4,31.0,0.6447368421052632,0.4699043031646551,0.8735676456427539
ES.v.0,surprise,small,bid_rel,5,31.0,0.709506107275624,0.4894939727606501,0.9726226820443238
ES.v.0,surprise,small,bid_rel,6,31.0,0.8178438661710037,0.520432406747446,0.9780193236714976
ES.v.0,surprise,small,bid_rel,7,31.0,0.7863247863247863,0.5581299839145761,1.1164913750310252
ES.v.0,surprise,small,bid_rel,8,31.0,0.7838555496548062,0.5710700854939165,1.1590585659551176
ES.v.0,surprise,small,bid_rel,9,31.0,0.8913043478260869,0.663873121869783,1.1626818469323212
ES.v.0,surprise,small,bid_rel,10,31.0,0.8722316865417377,0.6503812406698926,1.2330316742081449
ES.v.0,surprise,small,bid_rel,11,31.0,0.9608177172061328,0.7688776151943315,1.228673835125448
ES.v.0,surprise,small,bid_rel,12,31.0,1.065217391304348,0.7428879633236449,1.3076646534368708
ES.v.0,surprise,small,bid_rel,13,31.0,1.0766609880749574,0.7813278198943258,1.322221773912533
ES.v.0,surprise,small,bid_rel,14,31.0,1.1553930530164533,0.8366507346432998,1.3924433775180045
ES.v.0,surprise,small,bid_rel,15,31.0,1.1150895140664963,0.8400000000000001,1.5048971876968897
ES.v.0,surprise,small,bid_rel,16,31.0,1.2325088339222614,0.8269782262347318,1.4590301003344481
ES.v.0,surprise,small,bid_rel,17,31.0,1.0382513661202186,0.8610121168923734,1.3680200396618307
ES.v.0,surprise,small,bid_rel,18,31.0,1.17206132879046,0.8665613237799232,1.45998933048813
ES.v.0,surprise,small,bid_rel,19,31.0,1.1993185689948893,0.8313068634438807,1.4625871640797015
ES.v.0,surprise,small,bid_rel,20,31.0,1.1733333333333333,1.0459461421209262,1.3882783882783882
ES.v.0,surprise,small,bid_rel,21,31.0,1.173913043478261,0.9095931579125758,1.4867805186590766
ES.v.0,surprise,small,bid_rel,22,31.0,1.2291666666666667,0.9684299703485909,1.6101806239737275
ES.v.0,surprise,small,bid_rel,23,31.0,1.4130434782608696,0.907103825136612,1.6728357565544538
ES.v.0,surprise,small,bid_rel,24,31.0,1.3956594323873122,0.9079785785604066,1.6504945389771715
ES.v.0,surprise,small,bid_rel,25,31.0,1.3333333333333333,0.9478560512989542,1.7460345457523339
ES.v.0,surprise,small,bid_rel,26,31.0,1.2513966480446927,0.8210873254144367,1.640497076023392
ES.v.0,surprise,small,bid_rel,27,31.0,1.236842105263158,0.982546486705671,1.5031901578288611
ES.v.0,surprise,small,bid_rel,28,31.0,1.1552587646076795,0.9469977277278149,1.5521255060728745
ES.v.0,surprise,small,bid_rel,29,31.0,1.2511949017525226,0.8576154376292213,1.5629512124057108
ES.v.0,surprise,small,bid_rel,30,31.0,1.24,0.8071649470428857,1.502358624609264
ES.v.0,surprise,small,bid_rel,31,31.0,1.182608695652174,0.8341926729986432,1.63456347728965
ES.v.0,surprise,small,bid_rel,32,31.0,1.2173913043478262,0.9411422527763088,1.5125488169078796
ES.v.0,surprise,small,bid_rel,33,31.0,1.0940170940170941,0.8083804038772356,1.5285845806604894
ES.v.0,surprise,small,bid_rel,34,31.0,1.0666666666666667,0.7597254004576659,1.4692028985507246
ES.v.0,surprise,small,bid_rel,35,31.0,1.0434782608695652,0.7473541383989145,1.275495673129587
ES.v.0,surprise,small,bid_rel,36,31.0,0.9806451612903225,0.775,1.257461118116856
ES.v.0,surprise,small,bid_rel,37,31.0,1.0,0.6902674386545354,1.474556010928962
ES.v.0,surprise,small,bid_rel,38,31.0,1.0666666666666667,0.7502619244554729,1.4994895814567946
ES.v.0,surprise,small,bid_rel,39,31.0,1.08,0.653939714436806,1.4263089851325146
ES.v.0,surprise,small,bid_share,-5,31.0,0.46153846153846156,0.3903857423496866,0.5656535696838579
ES.v.0,surprise,small,bid_share,-4,31.0,0.5334557649313318,0.44270015549740205,0.5835428044317812
ES.v.0,surprise,small,bid_share,-3,31.0,0.49242424242424243,0.44949471461895063,0.5620636651371285
ES.v.0,surprise,small,bid_share,-2,31.0,0.5098684210526316,0.4299695813726834,0.5861624183217959
ES.v.0,surprise,small,bid_share,-1,31.0,0.445,0.3838156814449918,0.5395955889014783
ES.v.0,surprise,small,bid_share,0,31.0,0.5,0.4635362750172533,0.5422208510443804
ES.v.0,surprise,small,bid_share,1,31.0,0.4880952380952381,0.47035584497484084,0.51343652421392
ES.v.0,surprise,small,bid_share,2,31.0,0.48990990627020037,0.45801159917182016,0.5212015993265993
ES.v.0,surprise,small,bid_share,3,31.0,0.5,0.4631939559092947,0.5364066900472926
ES.v.0,surprise,small,bid_share,4,31.0,0.5,0.47541328525776716,0.5381325385679978
ES.v.0,surprise,small,bid_share,5,31.0,0.5120875179340029,0.4815551425030979,0.5396475747262758
ES.v.0,surprise,small,bid_share,6,31.0,0.4833147942157954,0.45334429899088763,0.5273934648934648
ES.v.0,surprise,small,bid_share,7,31.0,0.5092592592592593,0.46924825174825174,0.5310553010142974
ES.v.0,surprise,small,bid_share,8,31.0,0.5172145193955444,0.46504245448553894,0.5609077352845369
ES.v.0,surprise,small,bid_share,9,31.0,0.5254355400696864,0.48439809819707014,0.5494002525252526
ES.v.0,surprise,small,bid_share,10,31.0,0.5045454545454545,0.46207983193277313,0.5329812480547775
ES.v.0,surprise,small,bid_share,11,31.0,0.4955459770114943,0.4583884116871515,0.5415585941979131
ES.v.0,surprise,small,bid_share,12,31.0,0.5,0.4639965076939867,0.5487861324098258
ES.v.0,surprise,small,bid_share,13,31.0,0.49179445789615284,0.4616383448540707,0.5444437846053423
ES.v.0,surprise,small,bid_share,14,31.0,0.5142227564102564,0.4731612712946728,0.5521915299118405
ES.v.0,surprise,small,bid_share,15,31.0,0.5096303199751475,0.4874061773901196,0.5591968709907889
ES.v.0,surprise,small,bid_share,16,31.0,0.49973096583266075,0.44122160759419465,0.5623262931322794
ES.v.0,surprise,small,bid_share,17,31.0,0.49809160305343514,0.441240873566066,0.5405365368600663
ES.v.0,surprise,small,bid_share,18,31.0,0.5197059884559885,0.463956825820654,0.5583197437390799
ES.v.0,surprise,small,bid_share,19,31.0,0.5090544871794871,0.45695970695970695,0.5552264144524206
ES.v.0,surprise,small,bid_share,20,31.0,0.5,0.45713774976595156,0.5228787035749061
ES.v.0,surprise,small,bid_share,21,31.0,0.48831521739130435,0.44947731094639953,0.5390339756592293
ES.v.0,surprise,small,bid_share,22,31.0,0.5001553036185743,0.4713633307440553,0.5547505062944125
ES.v.0,surprise,small,bid_share,23,31.0,0.5085427345084803,0.4728451600807345,0.552423921041135
ES.v.0,surprise,small,bid_share,24,31.0,0.5206456456456456,0.45918227707749765,0.5713773898570378
ES.v.0,surprise,small,bid_share,25,31.0,0.5058999050589991,0.46979923520217115,0.5439383554078661
ES.v.0,surprise,small,bid_share,26,31.0,0.49350621969217795,0.4624626121635095,0.5635403605015674
ES.v.0,surprise,small,bid_share,27,31.0,0.5092592592592593,0.4324977400029727,0.5419022558381463
ES.v.0,surprise,small,bid_share,28,31.0,0.48758352898681595,0.4502593319601396,0.5647407349096094
ES.v.0,surprise,small,bid_share,29,31.0,0.5161945974298452,0.47835286853347436,0.5713259364112634
ES.v.0,surprise,small,bid_share,30,31.0,0.5049880478087649,0.48187441269901016,0.5737372145524631
ES.v.0,surprise,small,bid_share,31,31.0,0.5206560420857187,0.4819185645272602,0.5669903356735915
ES.v.0,surprise,small,bid_share,32,31.0,0.524198617221873,0.47697843569876597,0.5465439248251749
ES.v.0,surprise,small,bid_share,33,31.0,0.491807287845439,0.46498210155870723,0.5583707243217055
ES.v.0,surprise,small,bid_share,34,31.0,0.5040823099900431,0.45287025884539067,0.5518573953243074
ES.v.0,surprise,small,bid_share,35,31.0,0.5,0.4732556114551083,0.5411390180534502
ES.v.0,surprise,small,bid_share,36,31.0,0.5,0.4576989351686655,0.5477288157704291
ES.v.0,surprise,small,bid_share,37,31.0,0.5275519421860886,0.48379875886524826,0.5715230219029048
ES.v.0,surprise,small,bid_share,38,31.0,0.5295796986518636,0.48611093552465234,0.554812661498708
ES.v.0,surprise,small,bid_share,39,31.0,0.5086206896551724,0.4764220044861601,0.58538542185106
ES.v.0,surprise,small,total_rel,-5,31.0,1.1551724137931034,0.9421094697387278,1.3996576807873342
ES.v.0,surprise,small,total_rel,-4,31.0,1.0545454545454545,0.9221954710153599,1.253245264207378
ES.v.0,surprise,small,total_rel,-3,31.0,0.8860759493670886,0.8134705592050099,0.9927994817620092
ES.v.0,surprise,small,total_rel,-2,31.0,0.7262872628726287,0.6263281841374864,0.9319664979933694
ES.v.0,surprise,small,total_rel,-1,31.0,0.48552754435107376,0.4213706954445833,0.5826557319839469
ES.v.0,surprise,small,total_rel,0,31.0,0.2714570858283433,0.23289567457924457,0.3554550007611331
ES.v.0,surprise,small,total_rel,1,31.0,0.45151033386327505,0.3342716396903589,0.5394808594176028
ES.v.0,surprise,small,total_rel,2,31.0,0.5454545454545454,0.39754305977710236,0.8376139681782969
ES.v.0,surprise,small,total_rel,3,31.0,0.6728624535315985,0.42024924391149787,0.9572706089804144
ES.v.0,surprise,small,total_rel,4,31.0,0.6071428571428571,0.4342090176856709,0.9080190215621132
ES.v.0,surprise,small,total_rel,5,31.0,0.7145969498910676,0.4972579145356947,0.9292289988492519
ES.v.0,surprise,small,total_rel,6,31.0,0.7875647668393783,0.5441769855591347,1.0795752810083288
ES.v.0,surprise,small,total_rel,7,31.0,0.7013372956909361,0.5790906267055794,1.103420757484255
ES.v.0,surprise,small,total_rel,8,31.0,0.7667161961367014,0.5733459058687256,1.062619550991644
ES.v.0,surprise,small,total_rel,9,31.0,0.8893685914732865,0.6126049669465785,1.1433526011560693
ES.v.0,surprise,small,total_rel,10,31.0,0.8958445763626551,0.7127701468086447,1.1409962210729412
ES.v.0,surprise,small,total_rel,11,31.0,0.9271916790490342,0.7927936828547173,1.202421892148972
ES.v.0,surprise,small,total_rel,12,31.0,1.018970189701897,0.758377713907322,1.2322316986496091
ES.v.0,surprise,small,total_rel,13,31.0,1.0980392156862746,0.8039276807980049,1.2435224089635855
ES.v.0,surprise,small,total_rel,14,31.0,1.0945273631840795,0.8599468425593498,1.2406585275619681
ES.v.0,surprise,small,total_rel,15,31.0,1.175257731958763,0.8276150319859095,1.3376703841387856
ES.v.0,surprise,small,total_rel,16,31.0,1.1561338289962826,0.7834887359198999,1.3817722526255733
ES.v.0,surprise,small,total_rel,17,31.0,1.1440443213296398,0.7920404246151436,1.3908045977011494
ES.v.0,surprise,small,total_rel,18,31.0,1.1416122004357299,0.8748369891498388,1.3666712146738487
ES.v.0,surprise,small,total_rel,19,31.0,1.1980572045331894,0.898455934097777,1.3672506738544474
ES.v.0,surprise,small,total_rel,20,31.0,1.1724137931034482,0.9476329666010145,1.3511842615222773
ES.v.0,surprise,small,total_rel,21,31.0,1.1818181818181819,0.9457429871648562,1.4157374857552438
ES.v.0,surprise,small,total_rel,22,31.0,1.1724137931034482,0.8770671351269288,1.5277116626997618
ES.v.0,surprise,small,total_rel,23,31.0,1.25,0.9806094182825484,1.5160933139182138
ES.v.0,surprise,small,total_rel,24,31.0,1.3189655172413792,0.8523710782545979,1.5096333000191777
ES.v.0,surprise,small,total_rel,25,31.0,1.3189422558014032,1.0641651520915225,1.5237784400793615
ES.v.0,surprise,small,total_rel,26,31.0,1.2248062015503876,0.8874234916933839,1.4422067012972222
ES.v.0,surprise,small,total_rel,27,31.0,1.228278467350243,0.9284692219637385,1.4415302223366133
ES.v.0,surprise,small,total_rel,28,31.0,1.1666666666666667,0.957999368502866,1.5015932674971189
ES.v.0,surprise,small,total_rel,29,31.0,1.1821561338289963,0.9009946079860098,1.4607670654468685
ES.v.0,surprise,small,total_rel,30,31.0,1.1328976034858387,0.8916481892091648,1.4226453587215233
ES.v.0,surprise,small,total_rel,31,31.0,1.1130952380952381,0.8265049729541092,1.4518891450618736
ES.v.0,surprise,small,total_rel,32,31.0,1.1379310344827587,0.8673567315601864,1.478667942856561
ES.v.0,surprise,small,total_rel,33,31.0,1.089700996677741,0.8837535014005602,1.4054422510633655
ES.v.0,surprise,small,total_rel,34,31.0,1.1362126245847175,0.8042312519355207,1.3382290674288133
ES.v.0,surprise,small,total_rel,35,31.0,0.9710982658959537,0.7870309745656006,1.3799047241633364
ES.v.0,surprise,small,total_rel,36,31.0,0.9047619047619048,0.8069379437704971,1.2496989160979526
ES.v.0,surprise,small,total_rel,37,31.0,0.9934640522875817,0.6968878901840843,1.295676414981425
ES.v.0,surprise,small,total_rel,38,31.0,1.0457516339869282,0.7422096613806459,1.3148017635585858
ES.v.0,surprise,small,total_rel,39,31.0,1.092783505154639,0.7101283153437132,1.3053471187994043
NQ.v.0,action,cut,ask_rel,-5,8.0,1.0714285714285714,0.8,1.157142857142857
NQ.v.0,action,cut,ask_rel,-4,8.0,1.1168831168831168,0.95,1.1823529411764706
NQ.v.0,action,cut,ask_rel,-3,8.0,0.9,0.8,1.103896103896104
NQ.v.0,action,cut,ask_rel,-2,8.0,0.9761904761904762,0.7764705882352941,1.1181818181818182
NQ.v.0,action,cut,ask_rel,-1,8.0,0.7445887445887446,0.5535714285714286,0.8
NQ.v.0,action,cut,ask_rel,0,8.0,0.780952380952381,0.6631016042780749,1.0357142857142856
NQ.v.0,action,cut,ask_rel,1,8.0,0.6309523809523809,0.39090909090909093,0.8
NQ.v.0,action,cut,ask_rel,2,8.0,0.6666666666666666,0.49264705882352944,0.8
NQ.v.0,action,cut,ask_rel,3,8.0,0.6666666666666666,0.49264705882352944,0.8
NQ.v.0,action,cut,ask_rel,4,8.0,0.780952380952381,0.6722689075630253,0.8500000000000001
NQ.v.0,action,cut,ask_rel,5,8.0,0.7338935574229692,0.5535714285714286,0.8
NQ.v.0,action,cut,ask_rel,6,8.0,0.780952380952381,0.5840336134453782,1.05
NQ.v.0,action,cut,ask_rel,7,8.0,0.7338935574229692,0.5535714285714286,0.8
NQ.v.0,action,cut,ask_rel,8,8.0,0.7529411764705882,0.5535714285714286,1.157142857142857
NQ.v.0,action,cut,ask_rel,9,8.0,0.8705882352941177,0.5535714285714286,1.157142857142857
NQ.v.0,action,cut,ask_rel,10,8.0,0.7529411764705882,0.5535714285714286,0.8857142857142857
NQ.v.0,action,cut,ask_rel,11,8.0,0.7529411764705882,0.5535714285714286,1.2809523809523808
NQ.v.0,action,cut,ask_rel,12,8.0,0.9,0.6722689075630253,1.157142857142857
NQ.v.0,action,cut,ask_rel,13,8.0,0.7529411764705882,0.5535714285714286,1.157142857142857
NQ.v.0,action,cut,ask_rel,14,8.0,0.8705882352941177,0.6883116883116883,1.2571428571428571
NQ.v.0,action,cut,ask_rel,15,8.0,0.8705882352941177,0.6883116883116883,1.157142857142857
NQ.v.0,action,cut,ask_rel,16,8.0,0.8705882352941177,0.7818181818181819,1.0357142857142856
NQ.v.0,action,cut,ask_rel,17,8.0,1.0714285714285714,0.8877005347593583,1.3
NQ.v.0,action,cut,ask_rel,18,8.0,0.8705882352941177,0.7818181818181819,1.0357142857142856
NQ.v.0,action,cut,ask_rel,19,8.0,0.780952380952381,0.6722689075630253,1.125
NQ.v.0,action,cut,ask_rel,20,8.0,0.9,0.7219251336898396,1.157142857142857
NQ.v.0,action,cut,ask_rel,21,8.0,1.1008403361344539,0.9318181818181819,1.3
NQ.v.0,action,cut,ask_rel,22,8.0,0.9705882352941176,0.7818181818181819,1.157142857142857
NQ.v.0,action,cut,ask_rel,23,8.0,0.9572192513368983,0.7428571428571429,1.157142857142857
NQ.v.0,action,cut,ask_rel,24,8.0,0.8705882352941177,0.7904761904761906,1.0227272727272727
NQ.v.0,action,cut,ask_rel,25,8.0,0.8285714285714285,0.7904761904761906,0.9558823529411764
NQ.v.0,action,cut,ask_rel,26,8.0,0.9705882352941176,0.7904761904761906,1.0227272727272727
NQ.v.0,action,cut,ask_rel,27,8.0,0.8,0.7532467532467533,0.9558823529411764
NQ.v.0,action,cut,ask_rel,28,8.0,0.8705882352941177,0.7532467532467533,1.0
NQ.v.0,action,cut,ask_rel,29,8.0,0.8117647058823529,0.7818181818181819,1.0357142857142856
NQ.v.0,action,cut,ask_rel,30,8.0,0.8705882352941177,0.7428571428571429,1.0357142857142856
NQ.v.0,action,cut,ask_rel,31,8.0,0.8705882352941177,0.7428571428571429,1.0357142857142856
NQ.v.0,action,cut,ask_rel,32,8.0,0.8,0.6722689075630253,1.0357142857142856
NQ.v.0,action,cut,ask_rel,33,8.0,0.8705882352941177,0.7428571428571429,1.130952380952381
NQ.v.0,action,cut,ask_rel,34,8.0,0.8705882352941177,0.7428571428571429,1.0357142857142856
NQ.v.0,action,cut,ask_rel,35,8.0,0.8117647058823529,0.5535714285714286,1.157142857142857
NQ.v.0,action,cut,ask_rel,36,8.0,0.8,0.5535714285714286,0.9439775910364145
NQ.v.0,action,cut,ask_rel,37,8.0,0.780952380952381,0.5535714285714286,0.8
NQ.v.0,action,cut,ask_rel,38,8.0,0.7529411764705882,0.5535714285714286,0.8857142857142857
NQ.v.0,action,cut,ask_rel,39,8.0,0.7529411764705882,0.5535714285714286,0.8857142857142857
NQ.v.0,action,cut,bid_rel,-5,8.0,1.1454545454545455,1.0681818181818181,1.3333333333333333
NQ.v.0,action,cut,bid_rel,-4,8.0,1.0909090909090908,0.9722222222222222,1.1904761904761905
NQ.v.0,action,cut,bid_rel,-3,8.0,0.9444444444444444,0.7121212121212122,1.103896103896104
NQ.v.0,action,cut,bid_rel,-2,8.0,0.8444444444444444,0.7121212121212122,1.0227272727272727
NQ.v.0,action,cut,bid_rel,-1,8.0,0.696969696969697,0.5396825396825397,0.7597402597402597
NQ.v.0,action,cut,bid_rel,0,8.0,0.696969696969697,0.5714285714285714,0.8222222222222222
NQ.v.0,action,cut,bid_rel,1,8.0,0.4857142857142857,0.36363636363636365,0.7222222222222222
NQ.v.0,action,cut,bid_rel,2,8.0,0.5584415584415584,0.39090909090909093,0.7222222222222222
NQ.v.0,action,cut,bid_rel,3,8.0,0.6190476190476191,0.5285714285714286,0.7676767676767677
NQ.v.0,action,cut,bid_rel,4,8.0,0.7636363636363637,0.6428571428571428,0.865079365079365
NQ.v.0,action,cut,bid_rel,5,8.0,0.8285714285714285,0.6883116883116883,0.9166666666666666
NQ.v.0,action,cut,bid_rel,6,8.0,0.8285714285714285,0.6883116883116883,0.9166666666666666
NQ.v.0,action,cut,bid_rel,7,8.0,0.7922077922077921,0.5928571428571429,1.0
NQ.v.0,action,cut,bid_rel,8,8.0,0.7142857142857142,0.509090909090909,1.0
NQ.v.0,action,cut,bid_rel,9,8.0,0.7922077922077921,0.5649350649350648,1.0
NQ.v.0,action,cut,bid_rel,10,8.0,0.7922077922077921,0.5285714285714286,1.0833333333333333
NQ.v.0,action,cut,bid_rel,11,8.0,0.6493506493506493,0.5285714285714286,1.0833333333333333
NQ.v.0,action,cut,bid_rel,12,8.0,0.7922077922077921,0.5285714285714286,1.0833333333333333
NQ.v.0,action,cut,bid_rel,13,8.0,0.9285714285714286,0.6883116883116883,1.1515151515151514
NQ.v.0,action,cut,bid_rel,14,8.0,0.7922077922077921,0.6883116883116883,1.3333333333333333
NQ.v.0,action,cut,bid_rel,15,8.0,0.7922077922077921,0.6883116883116883,1.4166666666666665
NQ.v.0,action,cut,bid_rel,16,8.0,0.9714285714285714,0.6883116883116883,1.4166666666666665
NQ.v.0,action,cut,bid_rel,17,8.0,1.0454545454545454,0.7818181818181819,1.1904761904761905
NQ.v.0,action,cut,bid_rel,18,8.0,1.1168831168831168,0.7818181818181819,1.3888888888888888
NQ.v.0,action,cut,bid_rel,19,8.0,0.873015873015873,0.7428571428571429,1.0227272727272727
NQ.v.0,action,cut,bid_rel,20,8.0,0.9,0.6883116883116883,1.1904761904761905
NQ.v.0,action,cut,bid_rel,21,8.0,1.212121212121212,0.7818181818181819,1.4464285714285714
NQ.v.0,action,cut,bid_rel,22,8.0,1.0454545454545454,0.7818181818181819,1.1904761904761905
NQ.v.0,action,cut,bid_rel,23,8.0,0.8831168831168831,0.6883116883116883,1.0277777777777777
NQ.v.0,action,cut,bid_rel,24,8.0,1.1168831168831168,1.018181818181818,1.4166666666666665
NQ.v.0,action,cut,bid_rel,25,8.0,0.9444444444444444,0.6954545454545454,1.103896103896104
NQ.v.0,action,cut,bid_rel,26,8.0,0.9545454545454546,0.7818181818181819,1.1904761904761905
NQ.v.0,action,cut,bid_rel,27,8.0,0.8444444444444444,0.7272727272727273,1.0357142857142856
NQ.v.0,action,cut,bid_rel,28,8.0,0.8444444444444444,0.7272727272727273,1.1904761904761905
NQ.v.0,action,cut,bid_rel,29,8.0,0.9,0.7272727272727273,1.1904761904761905
NQ.v.0,action,cut,bid_rel,30,8.0,0.8444444444444444,0.6883116883116883,1.0357142857142856
NQ.v.0,action,cut,bid_rel,31,8.0,0.9,0.6883116883116883,1.0357142857142856
NQ.v.0,action,cut,bid_rel,32,8.0,0.8285714285714285,0.6883116883116883,0.9166666666666666
NQ.v.0,action,cut,bid_rel,33,8.0,0.8636363636363636,0.5285714285714286,1.0357142857142856
NQ.v.0,action,cut,bid_rel,34,8.0,0.7878787878787878,0.5285714285714286,1.0357142857142856
NQ.v.0,action,cut,bid_rel,35,8.0,1.0,0.5285714285714286,1.103896103896104
NQ.v.0,action,cut,bid_rel,36,8.0,0.7619047619047619,0.5285714285714286,1.0227272727272727
NQ.v.0,action,cut,bid_rel,37,8.0,0.7619047619047619,0.5285714285714286,1.0227272727272727
NQ.v.0,action,cut,bid_rel,38,8.0,0.7619047619047619,0.5285714285714286,1.0227272727272727
NQ.v.0,action,cut,bid_rel,39,8.0,0.696969696969697,0.5285714285714286,0.8928571428571428
NQ.v.0,action,cut,bid_share,-5,8.0,0.5,0.49264705882352944,0.5178571428571428
NQ.v.0,action,cut,bid_share,-4,8.0,0.5,0.4943181818181818,0.5
NQ.v.0,action,cut,bid_share,-3,8.0,0.5,0.5,0.5178571428571428
NQ.v.0,action,cut,bid_share,-2,8.0,0.5,0.5,0.5
NQ.v.0,action,cut,bid_share,-1,8.0,0.5,0.5,0.5
NQ.v.0,action,cut,bid_share,0,8.0,0.5,0.5,0.5
NQ.v.0,action,cut,bid_share,1,8.0,0.5,0.5,0.5
NQ.v.0,action,cut,bid_share,2,8.0,0.5,0.5,0.5
NQ.v.0,action,cut,bid_share,3,8.0,0.5,0.5,0.5
NQ.v.0,action,cut,bid_share,4,8.0,0.5,0.5,0.5
NQ.v.0,action,cut,bid_share,5,8.0,0.5,0.5,0.5
NQ.v.0,action,cut,bid_share,6,8.0,0.5,0.5,0.5
NQ.v.0,action,cut,bid_share,7,8.0,0.5,0.5,0.5
NQ.v.0,action,cut,bid_share,8,8.0,0.5,0.5,0.5
NQ.v.0,action,cut,bid_share,9,8.0,0.5,0.47023809523809523,0.5
NQ.v.0,action,cut,bid_share,10,8.0,0.5,0.5,0.5
NQ.v.0,action,cut,bid_share,11,8.0,0.5,0.5,0.5
NQ.v.0,action,cut,bid_share,12,8.0,0.5,0.4963235294117647,0.5
NQ.v.0,action,cut,bid_share,13,8.0,0.5,0.5,0.5
NQ.v.0,action,cut,bid_share,14,8.0,0.5,0.5,0.5
NQ.v.0,action,cut,bid_share,15,8.0,0.5,0.48214285714285715,0.5
NQ.v.0,action,cut,bid_share,16,8.0,0.5,0.5,0.5
NQ.v.0,action,cut,bid_share,17,8.0,0.5,0.5,0.5
NQ.v.0,action,cut,bid_share,18,8.0,0.5,0.5,0.5
NQ.v.0,action,cut,bid_share,19,8.0,0.5,0.5,0.5
NQ.v.0,action,cut,bid_share,20,8.0,0.5,0.49583333333333335,0.5
NQ.v.0,action,cut,bid_share,21,8.0,0.5,0.5,0.5
NQ.v.0,action,cut,bid_share,22,8.0,0.5,0.5,0.5
NQ.v.0,action,cut,bid_share,23,8.0,0.5,0.5,0.5
NQ.v.0,action,cut,bid_share,24,8.0,0.5,0.5,0.5
NQ.v.0,action,cut,bid_share,25,8.0,0.5,0.5,0.5
NQ.v.0,action,cut,bid_share,26,8.0,0.5,0.5,0.5
NQ.v.0,action,cut,bid_share,27,8.0,0.5,0.5,0.5
NQ.v.0,action,cut,bid_share,28,8.0,0.5,0.5,0.5
NQ.v.0,action,cut,bid_share,29,8.0,0.5,0.5,0.5056818181818181
NQ.v.0,action,cut,bid_share,30,8.0,0.5,0.4951923076923077,0.5
NQ.v.0,action,cut,bid_share,31,8.0,0.5,0.5,0.5
NQ.v.0,action,cut,bid_share,32,8.0,0.5,0.5,0.5
NQ.v.0,action,cut,bid_share,33,8.0,0.5,0.5,0.5
NQ.v.0,action,cut,bid_share,34,8.0,0.5,0.5,0.5
NQ.v.0,action,cut,bid_share,35,8.0,0.5,0.5,0.5
NQ.v.0,action,cut,bid_share,36,8.0,0.5,0.5,0.5
NQ.v.0,action,cut,bid_share,37,8.0,0.5,0.5,0.5
NQ.v.0,action,cut,bid_share,38,8.0,0.5,0.5,0.5
NQ.v.0,action,cut,bid_share,39,8.0,0.5,0.4910714285714286,0.5
NQ.v.0,action,cut,total_rel,-5,8.0,1.0596491228070175,0.9825581395348837,1.2207357859531773
NQ.v.0,action,cut,total_rel,-4,8.0,1.0596491228070175,1.0241935483870968,1.131326949384405
NQ.v.0,action,cut,total_rel,-3,8.0,1.0116279069767442,0.8840579710144927,1.0779352226720647
NQ.v.0,action,cut,total_rel,-2,8.0,0.926654740608229,0.8080495356037152,0.9833333333333333
NQ.v.0,action,cut,total_rel,-1,8.0,0.7033816425120774,0.6085972850678734,0.751687921980495
NQ.v.0,action,cut,total_rel,0,8.0,0.6632478632478633,0.5490394337714863,0.7911714770797962
NQ.v.0,action,cut,total_rel,1,8.0,0.5948592411260709,0.5153846153846153,0.7152875175315567
NQ.v.0,action,cut,total_rel,2,8.0,0.5371342835708928,0.45820433436532504,0.6354515050167224
NQ.v.0,action,cut,total_rel,3,8.0,0.6636155606407322,0.6085972850678734,0.751687921980495
NQ.v.0,action,cut,total_rel,4,8.0,0.660633484162896,0.5476369092273068,0.7700228832951945
NQ.v.0,action,cut,total_rel,5,8.0,0.6234817813765182,0.5702087286527514,0.7664728682170543
NQ.v.0,action,cut,total_rel,6,8.0,0.7669683257918551,0.7160342717258261,0.7980364656381487
NQ.v.0,action,cut,total_rel,7,8.0,0.7988614800759013,0.7160342717258261,0.9423076923076923
NQ.v.0,action,cut,total_rel,8,8.0,0.7591897974493623,0.6873065015479877,1.0192307692307692
NQ.v.0,action,cut,total_rel,9,8.0,0.805701425356339,0.6873065015479877,1.0108695652173914
NQ.v.0,action,cut,total_rel,10,8.0,0.7591897974493623,0.6207430340557275,1.0192307692307692
NQ.v.0,action,cut,total_rel,11,8.0,0.8522130532633159,0.6207430340557275,1.0543478260869565
NQ.v.0,action,cut,total_rel,12,8.0,0.8768809849521204,0.7385398981324278,1.0192307692307692
NQ.v.0,action,cut,total_rel,13,8.0,0.8522130532633159,0.7314241486068112,1.0192307692307692
NQ.v.0,action,cut,total_rel,14,8.0,0.8486352357320099,0.6873065015479877,0.9476744186046512
NQ.v.0,action,cut,total_rel,15,8.0,0.8733031674208145,0.7385398981324278,0.9476744186046512
NQ.v.0,action,cut,total_rel,16,8.0,0.8441295546558705,0.8111954459203036,0.9476744186046512
NQ.v.0,action,cut,total_rel,17,8.0,0.9705882352941176,0.8251273344651953,1.086762075134168
NQ.v.0,action,cut,total_rel,18,8.0,0.9651162790697674,0.8111954459203036,1.0587044534412955
NQ.v.0,action,cut,total_rel,19,8.0,0.8522130532633159,0.753393665158371,1.013157894736842
NQ.v.0,action,cut,total_rel,20,8.0,0.9651162790697674,0.8111954459203036,1.013157894736842
NQ.v.0,action,cut,total_rel,21,8.0,0.9615384615384616,0.7789373814041746,1.0685434516523866
NQ.v.0,action,cut,total_rel,22,8.0,0.9615384615384616,0.8771929824561403,1.073187414500684
NQ.v.0,action,cut,total_rel,23,8.0,0.905982905982906,0.7571157495256167,1.005813953488372
NQ.v.0,action,cut,total_rel,24,8.0,0.8654970760233918,0.8111954459203036,1.0290697674418605
NQ.v.0,action,cut,total_rel,25,8.0,0.9095607235142118,0.7729528535980149,1.0147058823529411
NQ.v.0,action,cut,total_rel,26,8.0,0.9888888888888889,0.8912228057014253,1.0541795665634675
NQ.v.0,action,cut,total_rel,27,8.0,0.9651162790697674,0.7729528535980149,1.0541795665634675
NQ.v.0,action,cut,total_rel,28,8.0,0.8607809847198642,0.762969588550984,1.0147058823529411
NQ.v.0,action,cut,total_rel,29,8.0,0.8081494057724957,0.7595759233926128,0.9423076923076923
NQ.v.0,action,cut,total_rel,30,8.0,0.8081494057724957,0.762969588550984,0.9558823529411764
NQ.v.0,action,cut,total_rel,31,8.0,0.8881932021466905,0.8251273344651953,0.9558823529411764
NQ.v.0,action,cut,total_rel,32,8.0,0.7567084078711985,0.6186274509803922,0.881578947368421
NQ.v.0,action,cut,total_rel,33,8.0,0.926654740608229,0.6070175438596491,1.0147058823529411
NQ.v.0,action,cut,total_rel,34,8.0,0.7988614800759013,0.7160342717258261,0.931438127090301
NQ.v.0,action,cut,total_rel,35,8.0,0.717948717948718,0.6027164685908319,0.8785166240409207
NQ.v.0,action,cut,total_rel,36,8.0,0.7324414715719063,0.4923599320882852,0.8676470588235294
NQ.v.0,action,cut,total_rel,37,8.0,0.7324414715719063,0.5891341256366723,0.8502051983584131
NQ.v.0,action,cut,total_rel,38,8.0,0.7988614800759013,0.708502024291498,0.9021739130434783
NQ.v.0,action,cut,total_rel,39,8.0,0.7717121588089331,0.6207430340557275,0.9021739130434783
NQ.v.0,action,hike,ask_rel,-5,21.0,1.0,0.7619047619047619,1.2
NQ.v.0,action,hike,ask_rel,-4,21.0,1.0909090909090908,0.9523809523809523,1.28
NQ.v.0,action,hike,ask_rel,-3,21.0,0.8888888888888888,0.8,1.1428571428571428
NQ.v.0,action,hike,ask_rel,-2,21.0,0.972972972972973,0.8,1.1428571428571428
NQ.v.0,action,hike,ask_rel,-1,21.0,0.8275862068965517,0.5454545454545454,1.1428571428571428
NQ.v.0,action,hike,ask_rel,0,21.0,0.5714285714285714,0.4444444444444444,0.8
NQ.v.0,action,hike,ask_rel,1,21.0,0.5714285714285714,0.5333333333333333,0.8163265306122449
NQ.v.0,action,hike,ask_rel,2,21.0,0.8,0.5714285714285714,1.0
NQ.v.0,action,hike,ask_rel,3,21.0,0.8888888888888888,0.5714285714285714,1.1428571428571428
NQ.v.0,action,hike,ask_rel,4,21.0,0.8571428571428571,0.5714285714285714,1.0810810810810811
NQ.v.0,action,hike,ask_rel,5,21.0,0.8163265306122449,0.5517241379310345,1.1428571428571428
NQ.v.0,action,hike,ask_rel,6,21.0,0.9142857142857143,0.5714285714285714,1.0
NQ.v.0,action,hike,ask_rel,7,21.0,0.8648648648648649,0.5714285714285714,0.9795918367346939
NQ.v.0,action,hike,ask_rel,8,21.0,0.7619047619047619,0.5714285714285714,1.0
NQ.v.0,action,hike,ask_rel,9,21.0,0.8888888888888888,0.7272727272727273,1.12
NQ.v.0,action,hike,ask_rel,10,21.0,0.8275862068965517,0.5714285714285714,1.0
NQ.v.0,action,hike,ask_rel,11,21.0,0.8888888888888888,0.5714285714285714,1.1428571428571428
NQ.v.0,action,hike,ask_rel,12,21.0,0.8888888888888888,0.6530612244897959,1.0
NQ.v.0,action,hike,ask_rel,13,21.0,0.8571428571428571,0.5714285714285714,1.1428571428571428
NQ.v.0,action,hike,ask_rel,14,21.0,0.9795918367346939,0.7272727272727273,1.2571428571428571
NQ.v.0,action,hike,ask_rel,15,21.0,1.0,0.8,1.3061224489795917
NQ.v.0,action,hike,ask_rel,16,21.0,1.1428571428571428,0.8571428571428571,1.469387755102041
NQ.v.0,action,hike,ask_rel,17,21.0,0.8888888888888888,0.7272727272727273,1.3061224489795917
NQ.v.0,action,hike,ask_rel,18,21.0,1.0285714285714285,0.8,1.44
NQ.v.0,action,hike,ask_rel,19,21.0,1.0666666666666667,0.7272727272727273,1.52
NQ.v.0,action,hike,ask_rel,20,21.0,0.8888888888888888,0.7272727272727273,1.44
NQ.v.0,action,hike,ask_rel,21,21.0,0.8888888888888888,0.5714285714285714,1.6
NQ.v.0,action,hike,ask_rel,22,21.0,1.0666666666666667,0.5714285714285714,1.6
NQ.v.0,action,hike,ask_rel,23,21.0,0.9142857142857143,0.7272727272727273,1.7142857142857142
NQ.v.0,action,hike,ask_rel,24,21.0,1.1428571428571428,0.8275862068965517,1.5135135135135136
NQ.v.0,action,hike,ask_rel,25,21.0,0.8888888888888888,0.7619047619047619,1.469387755102041
NQ.v.0,action,hike,ask_rel,26,21.0,0.9142857142857143,0.8,1.6
NQ.v.0,action,hike,ask_rel,27,21.0,0.9523809523809523,0.8,1.2972972972972974
NQ.v.0,action,hike,ask_rel,28,21.0,0.8888888888888888,0.7619047619047619,1.6
NQ.v.0,action,hike,ask_rel,29,21.0,0.9142857142857143,0.5714285714285714,1.2
NQ.v.0,action,hike,ask_rel,30,21.0,1.0,0.5714285714285714,1.2244897959183674
NQ.v.0,action,hike,ask_rel,31,21.0,1.0,0.7619047619047619,1.5510204081632653
NQ.v.0,action,hike,ask_rel,32,21.0,0.9655172413793104,0.5714285714285714,1.5135135135135136
NQ.v.0,action,hike,ask_rel,33,21.0,0.8571428571428571,0.5714285714285714,1.1428571428571428
NQ.v.0,action,hike,ask_rel,34,21.0,0.8888888888888888,0.5517241379310345,1.2972972972972974
NQ.v.0,action,hike,ask_rel,35,21.0,0.8,0.5714285714285714,1.1428571428571428
NQ.v.0,action,hike,ask_rel,36,21.0,0.8275862068965517,0.5333333333333333,1.0285714285714285
NQ.v.0,action,hike,ask_rel,37,21.0,0.7619047619047619,0.5,1.1428571428571428
NQ.v.0,action,hike,ask_rel,38,21.0,0.8,0.5,1.1428571428571428
NQ.v.0,action,hike,ask_rel,39,21.0,0.8571428571428571,0.5333333333333333,1.0
NQ.v.0,action,hike,bid_rel,-5,21.0,1.0,0.96,1.1764705882352942
NQ.v.0,action,hike,bid_rel,-4,21.0,1.0,1.0,1.2
NQ.v.0,action,hike,bid_rel,-3,21.0,1.0,0.8,1.037037037037037
NQ.v.0,action,hike,bid_rel,-2,21.0,1.0,0.7272727272727273,1.0
NQ.v.0,action,hike,bid_rel,-1,21.0,0.7272727272727273,0.5,1.0
NQ.v.0,action,hike,bid_rel,0,21.0,0.5714285714285714,0.4,0.7058823529411765
NQ.v.0,action,hike,bid_rel,1,21.0,0.5925925925925926,0.5,0.8
NQ.v.0,action,hike,bid_rel,2,21.0,0.8,0.5,1.0
NQ.v.0,action,hike,bid_rel,3,21.0,0.8888888888888888,0.64,1.0
NQ.v.0,action,hike,bid_rel,4,21.0,0.8,0.5,1.0
NQ.v.0,action,hike,bid_rel,5,21.0,0.8,0.5,1.0
NQ.v.0,action,hike,bid_rel,6,21.0,0.8,0.5925925925925926,1.0
NQ.v.0,action,hike,bid_rel,7,21.0,0.8571428571428571,0.7058823529411765,1.0
NQ.v.0,action,hike,bid_rel,8,21.0,0.7058823529411765,0.5714285714285714,1.0
NQ.v.0,action,hike,bid_rel,9,21.0,0.8571428571428571,0.64,1.0
NQ.v.0,action,hike,bid_rel,10,21.0,0.7619047619047619,0.5714285714285714,1.0
NQ.v.0,action,hike,bid_rel,11,21.0,0.8,0.5714285714285714,1.0
NQ.v.0,action,hike,bid_rel,12,21.0,0.8888888888888888,0.5714285714285714,1.0
NQ.v.0,action,hike,bid_rel,13,21.0,0.8888888888888888,0.5714285714285714,1.0
NQ.v.0,action,hike,bid_rel,14,21.0,1.0,0.75,1.0158730158730158
NQ.v.0,action,hike,bid_rel,15,21.0,1.0,0.7058823529411765,1.152542372881356
NQ.v.0,action,hike,bid_rel,16,21.0,1.0,0.5925925925925926,1.152542372881356
NQ.v.0,action,hike,bid_rel,17,21.0,0.9411764705882353,0.75,1.2063492063492063
NQ.v.0,action,hike,bid_rel,18,21.0,1.0,0.64,1.2727272727272727
NQ.v.0,action,hike,bid_rel,19,21.0,1.0,0.8,1.2203389830508475
NQ.v.0,action,hike,bid_rel,20,21.0,1.0,0.75,1.1428571428571428
NQ.v.0,action,hike,bid_rel,21,21.0,1.0,0.8888888888888888,1.3333333333333333
NQ.v.0,action,hike,bid_rel,22,21.0,1.0,0.8888888888888888,1.3333333333333333
NQ.v.0,action,hike,bid_rel,23,21.0,1.0,0.64,1.3333333333333333
NQ.v.0,action,hike,bid_rel,24,21.0,1.0,0.8,1.1428571428571428
NQ.v.0,action,hike,bid_rel,25,21.0,1.0,0.75,1.3333333333333333
NQ.v.0,action,hike,bid_rel,26,21.0,1.0,0.7407407407407407,1.3333333333333333
NQ.v.0,action,hike,bid_rel,27,21.0,1.0,0.8571428571428571,1.3333333333333333
NQ.v.0,action,hike,bid_rel,28,21.0,1.0,0.7272727272727273,1.3333333333333333
NQ.v.0,action,hike,bid_rel,29,21.0,0.96,0.7058823529411765,1.3333333333333333
NQ.v.0,action,hike,bid_rel,30,21.0,0.9411764705882353,0.5333333333333333,1.1428571428571428
NQ.v.0,action,hike,bid_rel,31,21.0,0.8888888888888888,0.64,1.1428571428571428
NQ.v.0,action,hike,bid_rel,32,21.0,1.0,0.7407407407407407,1.1428571428571428
NQ.v.0,action,hike,bid_rel,33,21.0,0.8,0.5,1.0
NQ.v.0,action,hike,bid_rel,34,21.0,0.7058823529411765,0.5,1.0
NQ.v.0,action,hike,bid_rel,35,21.0,0.8571428571428571,0.5333333333333333,1.0
NQ.v.0,action,hike,bid_rel,36,21.0,0.8571428571428571,0.5,1.1428571428571428
NQ.v.0,action,hike,bid_rel,37,21.0,0.7058823529411765,0.5,1.1428571428571428
NQ.v.0,action,hike,bid_rel,38,21.0,0.8,0.5,1.1428571428571428
NQ.v.0,action,hike,bid_rel,39,21.0,0.7619047619047619,0.5,1.0
NQ.v.0,action,hike,bid_share,-5,21.0,0.5,0.5,0.5454545454545454
NQ.v.0,action,hike,bid_share,-4,21.0,0.5,0.48684210526315785,0.5
NQ.v.0,action,hike,bid_share,-3,21.0,0.5,0.5,0.5
NQ.v.0,action,hike,bid_share,-2,21.0,0.5,0.4642857142857143,0.5454545454545454
NQ.v.0,action,hike,bid_share,-1,21.0,0.5,0.5,0.5
NQ.v.0,action,hike,bid_share,0,21.0,0.5,0.5,0.5
NQ.v.0,action,hike,bid_share,1,21.0,0.5,0.5,0.5
NQ.v.0,action,hike,bid_share,2,21.0,0.5,0.5,0.5
NQ.v.0,action,hike,bid_share,3,21.0,0.5,0.5,0.5
NQ.v.0,action,hike,bid_share,4,21.0,0.5,0.5,0.5
NQ.v.0,action,hike,bid_share,5,21.0,0.5,0.5,0.5
NQ.v.0,action,hike,bid_share,6,21.0,0.5,0.5,0.5
NQ.v.0,action,hike,bid_share,7,21.0,0.5,0.5,0.5
NQ.v.0,action,hike,bid_share,8,21.0,0.5,0.5,0.5
NQ.v.0,action,hike,bid_share,9,21.0,0.5,0.5,0.5
NQ.v.0,action,hike,bid_share,10,21.0,0.5,0.5,0.5
NQ.v.0,action,hike,bid_share,11,21.0,0.5,0.5,0.5
NQ.v.0,action,hike,bid_share,12,21.0,0.5,0.5,0.5
NQ.v.0,action,hike,bid_share,13,21.0,0.5,0.5,0.5
NQ.v.0,action,hike,bid_share,14,21.0,0.5,0.5,0.5
NQ.v.0,action,hike,bid_share,15,21.0,0.5,0.5,0.5
NQ.v.0,action,hike,bid_share,16,21.0,0.5,0.5,0.5
NQ.v.0,action,hike,bid_share,17,21.0,0.5,0.5,0.5
NQ.v.0,action,hike,bid_share,18,21.0,0.5,0.5,0.5
NQ.v.0,action,hike,bid_share,19,21.0,0.5,0.5,0.5
NQ.v.0,action,hike,bid_share,20,21.0,0.5,0.5,0.5
NQ.v.0,action,hike,bid_share,21,21.0,0.5,0.5,0.5
NQ.v.0,action,hike,bid_share,22,21.0,0.5,0.4807692307692308,0.5
NQ.v.0,action,hike,bid_share,23,21.0,0.5,0.5,0.5
NQ.v.0,action,hike,bid_share,24,21.0,0.5,0.5,0.5
NQ.v.0,action,hike,bid_share,25,21.0,0.5,0.5,0.5
NQ.v.0,action,hike,bid_share,26,21.0,0.5,0.5,0.5
NQ.v.0,action,hike,bid_share,27,21.0,0.5,0.5,0.5
NQ.v.0,action,hike,bid_share,28,21.0,0.5,0.5,0.5
NQ.v.0,action,hike,bid_share,29,21.0,0.5,0.5,0.5
NQ.v.0,action,hike,bid_share,30,21.0,0.5,0.5,0.5
NQ.v.0,action,hike,bid_share,31,21.0,0.5,0.5,0.5
NQ.v.0,action,hike,bid_share,32,21.0,0.5,0.458041958041958,0.5
NQ.v.0,action,hike,bid_share,33,21.0,0.5,0.5,0.5
NQ.v.0,action,hike,bid_share,34,21.0,0.5,0.5,0.5
NQ.v.0,action,hike,bid_share,35,21.0,0.5,0.5,0.5
NQ.v.0,action,hike,bid_share,36,21.0,0.5,0.5,0.5
NQ.v.0,action,hike,bid_share,37,21.0,0.5,0.5,0.5
NQ.v.0,action,hike,bid_share,38,21.0,0.5,0.5,0.5
NQ.v.0,action,hike,bid_share,39,21.0,0.5,0.5,0.5
NQ.v.0,action,hike,total_rel,-5,21.0,1.0,0.9230769230769231,1.0847457627118644
NQ.v.0,action,hike,total_rel,-4,21.0,1.0,0.9655172413793104,1.2307692307692308
NQ.v.0,action,hike,total_rel,-3,21.0,1.0,0.896551724137931,1.0196078431372548
NQ.v.0,action,hike,total_rel,-2,21.0,0.9523809523809523,0.8813559322033898,1.0526315789473684
NQ.v.0,action,hike,total_rel,-1,21.0,0.8571428571428571,0.6349206349206349,1.0
NQ.v.0,action,hike,total_rel,0,21.0,0.6557377049180327,0.6,0.8
NQ.v.0,action,hike,total_rel,1,21.0,0.6382978723404256,0.5901639344262295,0.7843137254901961
NQ.v.0,action,hike,total_rel,2,21.0,0.7384615384615385,0.5714285714285714,0.9411764705882353
NQ.v.0,action,hike,total_rel,3,21.0,0.8135593220338984,0.6557377049180327,0.9411764705882353
NQ.v.0,action,hike,total_rel,4,21.0,0.7529411764705882,0.6,1.0
NQ.v.0,action,hike,total_rel,5,21.0,0.8,0.6,0.9473684210526315
NQ.v.0,action,hike,total_rel,6,21.0,0.8235294117647058,0.6,0.9787234042553191
NQ.v.0,action,hike,total_rel,7,21.0,0.8,0.7272727272727273,0.9411764705882353
NQ.v.0,action,hike,total_rel,8,21.0,0.8,0.6779661016949152,0.896551724137931
NQ.v.0,action,hike,total_rel,9,21.0,0.8,0.7272727272727273,0.9411764705882353
NQ.v.0,action,hike,total_rel,10,21.0,0.75,0.6274509803921569,0.9655172413793104
NQ.v.0,action,hike,total_rel,11,21.0,0.7868852459016393,0.6274509803921569,1.0
NQ.v.0,action,hike,total_rel,12,21.0,0.7619047619047619,0.6274509803921569,0.9655172413793104
NQ.v.0,action,hike,total_rel,13,21.0,0.7868852459016393,0.7272727272727273,0.9411764705882353
NQ.v.0,action,hike,total_rel,14,21.0,0.8,0.7619047619047619,1.0344827586206897
NQ.v.0,action,hike,total_rel,15,21.0,0.8,0.7272727272727273,1.103448275862069
NQ.v.0,action,hike,total_rel,16,21.0,0.7843137254901961,0.7,1.1724137931034482
NQ.v.0,action,hike,total_rel,17,21.0,0.8,0.7384615384615385,1.0
NQ.v.0,action,hike,total_rel,18,21.0,0.8,0.7058823529411765,1.0980392156862746
NQ.v.0,action,hike,total_rel,19,21.0,0.8,0.75,1.1724137931034482
NQ.v.0,action,hike,total_rel,20,21.0,0.8813559322033898,0.7619047619047619,1.1666666666666667
NQ.v.0,action,hike,total_rel,21,21.0,0.8615384615384616,0.7272727272727273,1.3103448275862069
NQ.v.0,action,hike,total_rel,22,21.0,0.9180327868852459,0.6588235294117647,1.0196078431372548
NQ.v.0,action,hike,total_rel,23,21.0,0.8,0.7529411764705882,1.3333333333333333
NQ.v.0,action,hike,total_rel,24,21.0,0.9333333333333333,0.7272727272727273,1.0769230769230769
NQ.v.0,action,hike,total_rel,25,21.0,0.8,0.7272727272727273,1.0847457627118644
NQ.v.0,action,hike,total_rel,26,21.0,0.8,0.75,1.2156862745098038
NQ.v.0,action,hike,total_rel,27,21.0,0.8,0.75,1.0638297872340425
NQ.v.0,action,hike,total_rel,28,21.0,0.8,0.7843137254901961,1.0980392156862746
NQ.v.0,action,hike,total_rel,29,21.0,0.8,0.7,1.0588235294117647
NQ.v.0,action,hike,total_rel,30,21.0,0.875,0.6274509803921569,1.0
NQ.v.0,action,hike,total_rel,31,21.0,0.8,0.7272727272727273,1.1914893617021276
NQ.v.0,action,hike,total_rel,32,21.0,0.8,0.7058823529411765,1.1063829787234043
NQ.v.0,action,hike,total_rel,33,21.0,0.7868852459016393,0.6588235294117647,1.0
NQ.v.0,action,hike,total_rel,34,21.0,0.8,0.6153846153846154,1.0638297872340425
NQ.v.0,action,hike,total_rel,35,21.0,0.8,0.6153846153846154,0.9491525423728814
NQ.v.0,action,hike,total_rel,36,21.0,0.8,0.6,1.0
NQ.v.0,action,hike,total_rel,37,21.0,0.7843137254901961,0.6,1.1764705882352942
NQ.v.0,action,hike,total_rel,38,21.0,0.75,0.6,1.0491803278688525
NQ.v.0,action,hike,total_rel,39,21.0,0.7529411764705882,0.6,0.9361702127659575
NQ.v.0,action,hold,ask_rel,-5,63.0,1.0,0.9005847953216374,1.2
NQ.v.0,action,hold,ask_rel,-4,63.0,1.0,0.8888888888888888,1.101010101010101
NQ.v.0,action,hold,ask_rel,-3,63.0,0.9411764705882353,0.7902439024390244,1.0909090909090908
NQ.v.0,action,hold,ask_rel,-2,63.0,1.0,0.7870967741935484,1.1428571428571428
NQ.v.0,action,hold,ask_rel,-1,63.0,0.9333333333333333,0.7165775401069518,1.1328320802005012
NQ.v.0,action,hold,ask_rel,0,63.0,0.7058823529411765,0.4444444444444444,0.98
NQ.v.0,action,hold,ask_rel,1,63.0,0.75,0.5,0.9878048780487805
NQ.v.0,action,hold,ask_rel,2,63.0,0.8,0.5714285714285714,1.0
NQ.v.0,action,hold,ask_rel,3,63.0,0.8,0.582010582010582,1.0666666666666667
NQ.v.0,action,hold,ask_rel,4,63.0,0.8888888888888888,0.6533333333333333,1.0787878787878786
NQ.v.0,action,hold,ask_rel,5,63.0,0.96,0.6862745098039216,1.1547619047619047
NQ.v.0,action,hold,ask_rel,6,63.0,0.96,0.681159420289855,1.1946826758147513
NQ.v.0,action,hold,ask_rel,7,63.0,1.0,0.7636363636363637,1.270440251572327
NQ.v.0,action,hold,ask_rel,8,63.0,1.0,0.7357293868921776,1.3066666666666666
NQ.v.0,action,hold,ask_rel,9,63.0,1.0,0.788888888888889,1.3333333333333333
NQ.v.0,action,hold,ask_rel,10,63.0,1.0,0.8888888888888888,1.3118279569892473
NQ.v.0,action,hold,ask_rel,11,63.0,1.0303030303030303,0.8888888888888888,1.3333333333333333
NQ.v.0,action,hold,ask_rel,12,63.0,1.0,0.8888888888888888,1.3333333333333333
NQ.v.0,action,hold,ask_rel,13,63.0,1.0,0.8444444444444444,1.4666666666666666
NQ.v.0,action,hold,ask_rel,14,63.0,1.0909090909090908,0.9015873015873015,1.358974358974359
NQ.v.0,action,hold,ask_rel,15,63.0,1.1428571428571428,1.0,1.5192307692307692
NQ.v.0,action,hold,ask_rel,16,63.0,1.1428571428571428,0.9411764705882353,1.5
NQ.v.0,action,hold,ask_rel,17,63.0,1.1428571428571428,0.9277310924369748,1.55
NQ.v.0,action,hold,ask_rel,18,63.0,1.1428571428571428,1.0,1.541958041958042
NQ.v.0,action,hold,ask_rel,19,63.0,1.1428571428571428,0.9251336898395721,1.55
NQ.v.0,action,hold,ask_rel,20,63.0,1.1818181818181819,1.0,1.5
NQ.v.0,action,hold,ask_rel,21,63.0,1.2,1.0,1.4928571428571429
NQ.v.0,action,hold,ask_rel,22,63.0,1.2,0.9251336898395721,1.577777777777778
NQ.v.0,action,hold,ask_rel,23,63.0,1.1428571428571428,0.9277310924369748,1.5692307692307694
NQ.v.0,action,hold,ask_rel,24,63.0,1.1111111111111112,0.8888888888888888,1.577777777777778
NQ.v.0,action,hold,ask_rel,25,63.0,1.2307692307692308,0.9705882352941176,1.5
NQ.v.0,action,hold,ask_rel,26,63.0,1.1428571428571428,0.898989898989899,1.547008547008547
NQ.v.0,action,hold,ask_rel,27,63.0,1.2,0.9705882352941176,1.6
NQ.v.0,action,hold,ask_rel,28,63.0,1.1428571428571428,0.8888888888888888,1.5656565656565657
NQ.v.0,action,hold,ask_rel,29,63.0,1.1111111111111112,0.9150326797385621,1.3649595687331537
NQ.v.0,action,hold,ask_rel,30,63.0,1.1228070175438596,0.8888888888888888,1.47
NQ.v.0,action,hold,ask_rel,31,63.0,1.12,0.8888888888888888,1.4058823529411764
NQ.v.0,action,hold,ask_rel,32,63.0,1.0,0.8888888888888888,1.4817073170731707
NQ.v.0,action,hold,ask_rel,33,63.0,1.0666666666666667,0.8285714285714285,1.6
NQ.v.0,action,hold,ask_rel,34,63.0,1.1428571428571428,0.8888888888888888,1.5
NQ.v.0,action,hold,ask_rel,35,63.0,1.0,0.8888888888888888,1.3915966386554621
NQ.v.0,action,hold,ask_rel,36,63.0,1.0,0.6666666666666666,1.4772727272727273
NQ.v.0,action,hold,ask_rel,37,63.0,1.0,0.6666666666666666,1.5
NQ.v.0,action,hold,ask_rel,38,63.0,1.0,0.696969696969697,1.4772727272727273
NQ.v.0,action,hold,ask_rel,39,63.0,1.0,0.7478260869565218,1.4772727272727273
NQ.v.0,action,hold,bid_rel,-5,63.0,1.0212765957446808,0.8888888888888888,1.2307692307692308
NQ.v.0,action,hold,bid_rel,-4,63.0,1.0,0.905982905982906,1.1428571428571428
NQ.v.0,action,hold,bid_rel,-3,63.0,0.9142857142857143,0.7902439024390244,1.0
NQ.v.0,action,hold,bid_rel,-2,63.0,1.0,0.849624060150376,1.1314285714285715
NQ.v.0,action,hold,bid_rel,-1,63.0,0.8648648648648649,0.6666666666666666,1.0494623655913977
NQ.v.0,action,hold,bid_rel,0,63.0,0.6956521739130435,0.5,0.8888888888888888
NQ.v.0,action,hold,bid_rel,1,63.0,0.6956521739130435,0.5,0.9761904761904762
NQ.v.0,action,hold,bid_rel,2,63.0,0.8,0.6417846417846418,1.0
NQ.v.0,action,hold,bid_rel,3,63.0,0.8,0.5523809523809524,1.0909090909090908
NQ.v.0,action,hold,bid_rel,4,63.0,0.8888888888888888,0.6666666666666666,1.0748663101604277
NQ.v.0,action,hold,bid_rel,5,63.0,0.8888888888888888,0.6666666666666666,1.207977207977208
NQ.v.0,action,hold,bid_rel,6,63.0,1.0,0.6666666666666666,1.3333333333333333
NQ.v.0,action,hold,bid_rel,7,63.0,1.0,0.681159420289855,1.2403846153846154
NQ.v.0,action,hold,bid_rel,8,63.0,1.0,0.681159420289855,1.3333333333333333
NQ.v.0,action,hold,bid_rel,9,63.0,1.0,0.7478260869565218,1.3333333333333333
NQ.v.0,action,hold,bid_rel,10,63.0,1.0158730158730158,0.8888888888888888,1.3333333333333333
NQ.v.0,action,hold,bid_rel,11,63.0,1.0,0.8,1.3333333333333333
NQ.v.0,action,hold,bid_rel,12,63.0,1.0212765957446808,0.8888888888888888,1.3714285714285714
NQ.v.0,action,hold,bid_rel,13,63.0,1.0909090909090908,0.8654970760233918,1.378021978021978
NQ.v.0,action,hold,bid_rel,14,63.0,1.0526315789473684,0.8444444444444444,1.4201680672268908
NQ.v.0,action,hold,bid_rel,15,63.0,1.1176470588235294,0.8534850640113798,1.5
NQ.v.0,action,hold,bid_rel,16,63.0,1.1428571428571428,0.8888888888888888,1.5
NQ.v.0,action,hold,bid_rel,17,63.0,1.2,0.9230769230769231,1.4796992481203008
NQ.v.0,action,hold,bid_rel,18,63.0,1.2,0.8888888888888888,1.53518821603928
NQ.v.0,action,hold,bid_rel,19,63.0,1.1428571428571428,0.9282051282051282,1.5874125874125875
NQ.v.0,action,hold,bid_rel,20,63.0,1.25,0.9230769230769231,1.4907407407407407
NQ.v.0,action,hold,bid_rel,21,63.0,1.2,0.9377289377289377,1.5119047619047619
NQ.v.0,action,hold,bid_rel,22,63.0,1.1428571428571428,0.8888888888888888,1.4099378881987579
NQ.v.0,action,hold,bid_rel,23,63.0,1.1428571428571428,0.905982905982906,1.5833333333333335
NQ.v.0,action,hold,bid_rel,24,63.0,1.0810810810810811,0.9230769230769231,1.4965034965034967
NQ.v.0,action,hold,bid_rel,25,63.0,1.1111111111111112,0.905982905982906,1.4099378881987579
NQ.v.0,action,hold,bid_rel,26,63.0,1.0,0.8888888888888888,1.531135531135531
NQ.v.0,action,hold,bid_rel,27,63.0,1.1111111111111112,0.8888888888888888,1.4775828460038984
NQ.v.0,action,hold,bid_rel,28,63.0,1.1428571428571428,0.9282051282051282,1.5119047619047619
NQ.v.0,action,hold,bid_rel,29,63.0,1.0434782608695652,0.8888888888888888,1.5119047619047619
NQ.v.0,action,hold,bid_rel,30,63.0,1.1111111111111112,0.905982905982906,1.3774703557312251
NQ.v.0,action,hold,bid_rel,31,63.0,1.0909090909090908,0.8768768768768769,1.3333333333333333
NQ.v.0,action,hold,bid_rel,32,63.0,1.0,0.8,1.370879120879121
NQ.v.0,action,hold,bid_rel,33,63.0,1.0,0.8,1.3953917050691245
NQ.v.0,action,hold,bid_rel,34,63.0,1.0212765957446808,0.8888888888888888,1.4415584415584415
NQ.v.0,action,hold,bid_rel,35,63.0,1.0,0.8377192982456141,1.4126984126984126
NQ.v.0,action,hold,bid_rel,36,63.0,1.0,0.775,1.4229249011857708
NQ.v.0,action,hold,bid_rel,37,63.0,1.0,0.681159420289855,1.464114832535885
NQ.v.0,action,hold,bid_rel,38,63.0,1.1428571428571428,0.7478260869565218,1.4928571428571429
NQ.v.0,action,hold,bid_rel,39,63.0,1.0,0.681159420289855,1.4356060606060606
NQ.v.0,action,hold,bid_share,-5,63.0,0.5,0.4613526570048309,0.5
NQ.v.0,action,hold,bid_share,-4,63.0,0.5,0.5,0.5
NQ.v.0,action,hold,bid_share,-3,63.0,0.5,0.5,0.5
NQ.v.0,action,hold,bid_share,-2,63.0,0.5,0.5,0.5345238095238095
NQ.v.0,action,hold,bid_share,-1,63.0,0.5,0.5,0.5240196078431372
NQ.v.0,action,hold,bid_share,0,63.0,0.5,0.5,0.5
NQ.v.0,action,hold,bid_share,1,63.0,0.5,0.5,0.5
NQ.v.0,action,hold,bid_share,2,63.0,0.5,0.5,0.5
NQ.v.0,action,hold,bid_share,3,63.0,0.5,0.5,0.5
NQ.v.0,action,hold,bid_share,4,63.0,0.5,0.5,0.5
NQ.v.0,action,hold,bid_share,5,63.0,0.5,0.5,0.5
NQ.v.0,action,hold,bid_share,6,63.0,0.5,0.5,0.5
NQ.v.0,action,hold,bid_share,7,63.0,0.5,0.5,0.5
NQ.v.0,action,hold,bid_share,8,63.0,0.5,0.5,0.5
NQ.v.0,action,hold,bid_share,9,63.0,0.5,0.5,0.5
NQ.v.0,action,hold,bid_share,10,63.0,0.5,0.5,0.5
NQ.v.0,action,hold,bid_share,11,63.0,0.5,0.5,0.5
NQ.v.0,action,hold,bid_share,12,63.0,0.5,0.5,0.5
NQ.v.0,action,hold,bid_share,13,63.0,0.5,0.5,0.5
NQ.v.0,action,hold,bid_share,14,63.0,0.5,0.5,0.5
NQ.v.0,action,hold,bid_share,15,63.0,0.5,0.48508771929824557,0.5
NQ.v.0,action,hold,bid_share,16,63.0,0.5,0.5,0.5
NQ.v.0,action,hold,bid_share,17,63.0,0.5,0.5,0.5
NQ.v.0,action,hold,bid_share,18,63.0,0.5,0.5,0.5
NQ.v.0,action,hold,bid_share,19,63.0,0.5,0.5,0.5
NQ.v.0,action,hold,bid_share,20,63.0,0.5,0.5,0.5
NQ.v.0,action,hold,bid_share,21,63.0,0.5,0.5,0.5
NQ.v.0,action,hold,bid_share,22,63.0,0.5,0.5,0.5
NQ.v.0,action,hold,bid_share,23,63.0,0.5,0.5,0.5
NQ.v.0,action,hold,bid_share,24,63.0,0.5,0.5,0.5
NQ.v.0,action,hold,bid_share,25,63.0,0.5,0.5,0.5
NQ.v.0,action,hold,bid_share,26,63.0,0.5,0.5,0.5
NQ.v.0,action,hold,bid_share,27,63.0,0.5,0.4891304347826087,0.5
NQ.v.0,action,hold,bid_share,28,63.0,0.5,0.5,0.5
NQ.v.0,action,hold,bid_share,29,63.0,0.5,0.5,0.5016420361247947
NQ.v.0,action,hold,bid_share,30,63.0,0.5,0.5,0.5
NQ.v.0,action,hold,bid_share,31,63.0,0.5,0.5,0.5
NQ.v.0,action,hold,bid_share,32,63.0,0.5,0.5,0.5
NQ.v.0,action,hold,bid_share,33,63.0,0.5,0.5,0.5
NQ.v.0,action,hold,bid_share,34,63.0,0.5,0.5,0.5
NQ.v.0,action,hold,bid_share,35,63.0,0.5,0.5,0.5
NQ.v.0,action,hold,bid_share,36,63.0,0.5,0.5,0.5
NQ.v.0,action,hold,bid_share,37,63.0,0.5,0.5,0.5
NQ.v.0,action,hold,bid_share,38,63.0,0.5,0.5,0.5
NQ.v.0,action,hold,bid_share,39,63.0,0.5,0.5,0.5
NQ.v.0,action,hold,total_rel,-5,63.0,1.032258064516129,0.8888888888888888,1.1428571428571428
NQ.v.0,action,hold,total_rel,-4,63.0,1.0,0.8951486697965572,1.0833976833976835
NQ.v.0,action,hold,total_rel,-3,63.0,0.9411764705882353,0.8304597701149425,1.0526315789473684
NQ.v.0,action,hold,total_rel,-2,63.0,1.0,0.8672150411280846,1.1087470449172576
NQ.v.0,action,hold,total_rel,-1,63.0,0.9302325581395349,0.7638888888888888,1.055072463768116
NQ.v.0,action,hold,total_rel,0,63.0,0.6990291262135923,0.5544174135723432,0.9166666666666666
NQ.v.0,action,hold,total_rel,1,63.0,0.75,0.582010582010582,0.8819444444444444
NQ.v.0,action,hold,total_rel,2,63.0,0.75,0.6466318234610917,0.9286035024696901
NQ.v.0,action,hold,total_rel,3,63.0,0.8,0.6495275763568447,0.9561904761904761
NQ.v.0,action,hold,total_rel,4,63.0,0.8,0.7142857142857143,1.0045045045045045
NQ.v.0,action,hold,total_rel,5,63.0,0.8571428571428571,0.7386363636363636,1.0267673301304048
NQ.v.0,action,hold,total_rel,6,63.0,0.8648648648648649,0.7386363636363636,1.1087470449172576
NQ.v.0,action,hold,total_rel,7,63.0,0.9411764705882353,0.7928571428571429,1.1411992263056092
NQ.v.0,action,hold,total_rel,8,63.0,0.96,0.7776223776223776,1.2367438386855862
NQ.v.0,action,hold,total_rel,9,63.0,0.9795918367346939,0.8,1.1591008484212368
NQ.v.0,action,hold,total_rel,10,63.0,1.0097087378640777,0.8269230769230769,1.1790780141843973
NQ.v.0,action,hold,total_rel,11,63.0,1.0256410256410255,0.8107142857142857,1.1614716402657128
NQ.v.0,action,hold,total_rel,12,63.0,1.0097087378640777,0.8155844155844156,1.2050420168067226
NQ.v.0,action,hold,total_rel,13,63.0,1.0212765957446808,0.8610038610038611,1.2126126126126127
NQ.v.0,action,hold,total_rel,14,63.0,1.0526315789473684,0.8528138528138528,1.256578947368421
NQ.v.0,action,hold,total_rel,15,63.0,1.1,0.873015873015873,1.2880184331797235
NQ.v.0,action,hold,total_rel,16,63.0,1.1056910569105691,0.8860028860028859,1.3178294573643412
NQ.v.0,action,hold,total_rel,17,63.0,1.0714285714285714,0.873015873015873,1.3333333333333333
NQ.v.0,action,hold,total_rel,18,63.0,1.0909090909090908,0.9045454545454545,1.2728003214142225
NQ.v.0,action,hold,total_rel,19,63.0,1.0756302521008403,0.9188311688311688,1.4028520499108734
NQ.v.0,action,hold,total_rel,20,63.0,1.1111111111111112,0.8938518129269575,1.3475177304964538
NQ.v.0,action,hold,total_rel,21,63.0,1.1262135922330097,0.898989898989899,1.3083056478405317
NQ.v.0,action,hold,total_rel,22,63.0,1.0857142857142856,0.8944444444444444,1.3333333333333333
NQ.v.0,action,hold,total_rel,23,63.0,1.125,0.8672150411280846,1.4165757906215921
NQ.v.0,action,hold,total_rel,24,63.0,1.0909090909090908,0.8722826086956521,1.397212543554007
NQ.v.0,action,hold,total_rel,25,63.0,1.032258064516129,0.9090909090909091,1.4013086150490732
NQ.v.0,action,hold,total_rel,26,63.0,1.0666666666666667,0.8893280632411067,1.3333333333333333
NQ.v.0,action,hold,total_rel,27,63.0,1.0666666666666667,0.8919968919968919,1.4
NQ.v.0,action,hold,total_rel,28,63.0,1.0909090909090908,0.9648484848484848,1.3384223918575064
NQ.v.0,action,hold,total_rel,29,63.0,1.0526315789473684,0.8792270531400965,1.3333333333333333
NQ.v.0,action,hold,total_rel,30,63.0,1.0384615384615385,0.8571428571428571,1.2857142857142858
NQ.v.0,action,hold,total_rel,31,63.0,1.0256410256410255,0.8497743391360413,1.2304987914744012
NQ.v.0,action,hold,total_rel,32,63.0,1.0526315789473684,0.8421052631578947,1.3053554650798622
NQ.v.0,action,hold,total_rel,33,63.0,1.0,0.8090909090909091,1.361038961038961
NQ.v.0,action,hold,total_rel,34,63.0,1.0588235294117647,0.8377192982456141,1.3569074018579563
NQ.v.0,action,hold,total_rel,35,63.0,0.9795918367346939,0.8166666666666667,1.2483766233766234
NQ.v.0,action,hold,total_rel,36,63.0,0.8888888888888888,0.8,1.2956455309396486
NQ.v.0,action,hold,total_rel,37,63.0,1.0,0.7928571428571429,1.353896103896104
NQ.v.0,action,hold,total_rel,38,63.0,1.0,0.7386363636363636,1.3333333333333333
NQ.v.0,action,hold,total_rel,39,63.0,0.96,0.791304347826087,1.3118279569892473
NQ.v.0,action_x_surprise,cut|large,ask_rel,-5,4.0,1.1428571428571428,1.0571428571428572,1.2100840336134453
NQ.v.0,action_x_surprise,cut|large,ask_rel,-4,4.0,0.9714285714285714,0.7904761904761906,1.1512605042016806
NQ.v.0,action_x_surprise,cut|large,ask_rel,-3,4.0,0.9714285714285714,0.7764705882352941,1.1428571428571428
NQ.v.0,action_x_surprise,cut|large,ask_rel,-2,4.0,0.8291316526610644,0.6722689075630253,1.1142857142857143
NQ.v.0,action_x_surprise,cut|large,ask_rel,-1,4.0,0.6666666666666666,0.5462184873949579,0.9714285714285714
NQ.v.0,action_x_surprise,cut|large,ask_rel,0,4.0,0.9523809523809523,0.6890756302521008,1.2571428571428571
NQ.v.0,action_x_surprise,cut|large,ask_rel,1,4.0,0.780952380952381,0.6302521008403361,0.8857142857142857
NQ.v.0,action_x_surprise,cut|large,ask_rel,2,4.0,0.6666666666666666,0.5462184873949579,0.9714285714285714
NQ.v.0,action_x_surprise,cut|large,ask_rel,3,4.0,0.6666666666666666,0.5462184873949579,0.7714285714285714
NQ.v.0,action_x_surprise,cut|large,ask_rel,4,4.0,0.7338935574229692,0.6722689075630253,0.7714285714285714
NQ.v.0,action_x_surprise,cut|large,ask_rel,5,4.0,0.7338935574229692,0.6722689075630253,0.7714285714285714
NQ.v.0,action_x_surprise,cut|large,ask_rel,6,4.0,0.6750700280112045,0.5840336134453782,0.8714285714285714
NQ.v.0,action_x_surprise,cut|large,ask_rel,7,4.0,0.7338935574229692,0.6722689075630253,0.7714285714285714
NQ.v.0,action_x_surprise,cut|large,ask_rel,8,4.0,0.9243697478991597,0.6722689075630253,1.2571428571428571
NQ.v.0,action_x_surprise,cut|large,ask_rel,9,4.0,1.042016806722689,0.8487394957983193,1.2571428571428571
NQ.v.0,action_x_surprise,cut|large,ask_rel,10,4.0,0.7529411764705882,0.6722689075630253,0.8857142857142857
NQ.v.0,action_x_surprise,cut|large,ask_rel,11,4.0,0.7529411764705882,0.6722689075630253,0.980952380952381
NQ.v.0,action_x_surprise,cut|large,ask_rel,12,4.0,0.7529411764705882,0.6722689075630253,0.8857142857142857
NQ.v.0,action_x_surprise,cut|large,ask_rel,13,4.0,0.7529411764705882,0.6722689075630253,0.8857142857142857
NQ.v.0,action_x_surprise,cut|large,ask_rel,14,4.0,1.042016806722689,0.8487394957983193,1.2571428571428571
NQ.v.0,action_x_surprise,cut|large,ask_rel,15,4.0,0.8705882352941177,0.7428571428571429,0.9915966386554622
NQ.v.0,action_x_surprise,cut|large,ask_rel,16,4.0,0.8705882352941177,0.7428571428571429,0.9915966386554622
NQ.v.0,action_x_surprise,cut|large,ask_rel,17,4.0,1.042016806722689,0.8487394957983193,1.2571428571428571
NQ.v.0,action_x_surprise,cut|large,ask_rel,18,4.0,0.8705882352941177,0.7428571428571429,0.9915966386554622
NQ.v.0,action_x_surprise,cut|large,ask_rel,19,4.0,0.7338935574229692,0.6722689075630253,0.7714285714285714
NQ.v.0,action_x_surprise,cut|large,ask_rel,20,4.0,0.7529411764705882,0.6722689075630253,0.8857142857142857
NQ.v.0,action_x_surprise,cut|large,ask_rel,21,4.0,1.1008403361344539,0.9369747899159664,1.2571428571428571
NQ.v.0,action_x_surprise,cut|large,ask_rel,22,4.0,0.8705882352941177,0.7428571428571429,0.9915966386554622
NQ.v.0,action_x_surprise,cut|large,ask_rel,23,4.0,0.8117647058823529,0.7428571428571429,0.903361344537815
NQ.v.0,action_x_surprise,cut|large,ask_rel,24,4.0,0.780952380952381,0.7142857142857142,0.8352941176470589
NQ.v.0,action_x_surprise,cut|large,ask_rel,25,4.0,0.8285714285714285,0.7904761904761906,0.8781512605042017
NQ.v.0,action_x_surprise,cut|large,ask_rel,26,4.0,0.780952380952381,0.7142857142857142,0.8352941176470589
NQ.v.0,action_x_surprise,cut|large,ask_rel,27,4.0,0.780952380952381,0.7142857142857142,0.8352941176470589
NQ.v.0,action_x_surprise,cut|large,ask_rel,28,4.0,0.780952380952381,0.7142857142857142,0.8352941176470589
NQ.v.0,action_x_surprise,cut|large,ask_rel,29,4.0,0.8117647058823529,0.7428571428571429,0.903361344537815
NQ.v.0,action_x_surprise,cut|large,ask_rel,30,4.0,0.8705882352941177,0.7428571428571429,0.9915966386554622
NQ.v.0,action_x_surprise,cut|large,ask_rel,31,4.0,0.8705882352941177,0.7428571428571429,0.9915966386554622
NQ.v.0,action_x_surprise,cut|large,ask_rel,32,4.0,0.7529411764705882,0.6722689075630253,0.8857142857142857
NQ.v.0,action_x_surprise,cut|large,ask_rel,33,4.0,0.8705882352941177,0.7428571428571429,1.0868347338935573
NQ.v.0,action_x_surprise,cut|large,ask_rel,34,4.0,0.8705882352941177,0.7428571428571429,0.9915966386554622
NQ.v.0,action_x_surprise,cut|large,ask_rel,35,4.0,0.8117647058823529,0.7428571428571429,0.903361344537815
NQ.v.0,action_x_surprise,cut|large,ask_rel,36,4.0,0.8705882352941177,0.7428571428571429,0.9439775910364145
NQ.v.0,action_x_surprise,cut|large,ask_rel,37,4.0,0.780952380952381,0.7142857142857142,0.8352941176470589
NQ.v.0,action_x_surprise,cut|large,ask_rel,38,4.0,0.7529411764705882,0.6722689075630253,0.8857142857142857
NQ.v.0,action_x_surprise,cut|large,ask_rel,39,4.0,0.7529411764705882,0.6722689075630253,0.8857142857142857
NQ.v.0,action_x_surprise,cut|large,bid_rel,-5,4.0,1.1666666666666665,0.8928571428571428,1.3571428571428572
NQ.v.0,action_x_surprise,cut|large,bid_rel,-4,4.0,1.0714285714285714,0.9722222222222222,1.2142857142857142
NQ.v.0,action_x_surprise,cut|large,bid_rel,-3,4.0,0.9444444444444444,0.8095238095238095,1.0357142857142856
NQ.v.0,action_x_surprise,cut|large,bid_rel,-2,4.0,0.9444444444444444,0.8095238095238095,1.0357142857142856
NQ.v.0,action_x_surprise,cut|large,bid_rel,-1,4.0,0.7142857142857142,0.5396825396825397,1.1428571428571428
NQ.v.0,action_x_surprise,cut|large,bid_rel,0,4.0,0.7301587301587301,0.5714285714285714,1.1666666666666665
NQ.v.0,action_x_surprise,cut|large,bid_rel,1,4.0,0.7301587301587301,0.5,0.9166666666666666
NQ.v.0,action_x_surprise,cut|large,bid_rel,2,4.0,0.7301587301587301,0.5,1.1666666666666665
NQ.v.0,action_x_surprise,cut|large,bid_rel,3,4.0,0.7301587301587301,0.5714285714285714,0.9166666666666666
NQ.v.0,action_x_surprise,cut|large,bid_rel,4,4.0,0.873015873015873,0.7857142857142857,0.9166666666666666
NQ.v.0,action_x_surprise,cut|large,bid_rel,5,4.0,0.873015873015873,0.7857142857142857,0.9166666666666666
NQ.v.0,action_x_surprise,cut|large,bid_rel,6,4.0,0.873015873015873,0.7857142857142857,0.9166666666666666
NQ.v.0,action_x_surprise,cut|large,bid_rel,7,4.0,0.9285714285714286,0.7857142857142857,1.0833333333333333
NQ.v.0,action_x_surprise,cut|large,bid_rel,8,4.0,0.9285714285714286,0.7857142857142857,1.0833333333333333
NQ.v.0,action_x_surprise,cut|large,bid_rel,9,4.0,0.9285714285714286,0.7857142857142857,1.0833333333333333
NQ.v.0,action_x_surprise,cut|large,bid_rel,10,4.0,0.9285714285714286,0.7857142857142857,1.0833333333333333
NQ.v.0,action_x_surprise,cut|large,bid_rel,11,4.0,0.7857142857142857,0.5714285714285714,1.1944444444444444
NQ.v.0,action_x_surprise,cut|large,bid_rel,12,4.0,0.9285714285714286,0.7857142857142857,1.0833333333333333
NQ.v.0,action_x_surprise,cut|large,bid_rel,13,4.0,0.9285714285714286,0.7857142857142857,1.0833333333333333
NQ.v.0,action_x_surprise,cut|large,bid_rel,14,4.0,1.0952380952380951,0.7857142857142857,1.375
NQ.v.0,action_x_surprise,cut|large,bid_rel,15,4.0,1.0952380952380951,0.7857142857142857,1.5
NQ.v.0,action_x_surprise,cut|large,bid_rel,16,4.0,1.2380952380952381,1.0,1.5
NQ.v.0,action_x_surprise,cut|large,bid_rel,17,4.0,1.0714285714285714,0.8928571428571428,1.1904761904761905
NQ.v.0,action_x_surprise,cut|large,bid_rel,18,4.0,1.3492063492063493,1.0,1.6666666666666667
NQ.v.0,action_x_surprise,cut|large,bid_rel,19,4.0,0.873015873015873,0.7857142857142857,0.9166666666666666
NQ.v.0,action_x_surprise,cut|large,bid_rel,20,4.0,1.0714285714285714,0.8928571428571428,1.1904761904761905
NQ.v.0,action_x_surprise,cut|large,bid_rel,21,4.0,1.380952380952381,1.1428571428571428,1.4464285714285714
NQ.v.0,action_x_surprise,cut|large,bid_rel,22,4.0,1.0714285714285714,0.8928571428571428,1.1904761904761905
NQ.v.0,action_x_surprise,cut|large,bid_rel,23,4.0,0.9285714285714286,0.7857142857142857,1.0277777777777777
NQ.v.0,action_x_surprise,cut|large,bid_rel,24,4.0,1.2380952380952381,1.0,1.5
NQ.v.0,action_x_surprise,cut|large,bid_rel,25,4.0,0.9444444444444444,0.8095238095238095,1.0357142857142856
NQ.v.0,action_x_surprise,cut|large,bid_rel,26,4.0,1.0714285714285714,0.8928571428571428,1.1904761904761905
NQ.v.0,action_x_surprise,cut|large,bid_rel,27,4.0,0.9444444444444444,0.8095238095238095,1.0357142857142856
NQ.v.0,action_x_surprise,cut|large,bid_rel,28,4.0,1.0158730158730158,0.8095238095238095,1.3571428571428572
NQ.v.0,action_x_surprise,cut|large,bid_rel,29,4.0,1.0714285714285714,0.8928571428571428,1.1904761904761905
NQ.v.0,action_x_surprise,cut|large,bid_rel,30,4.0,0.9444444444444444,0.8095238095238095,1.0357142857142856
NQ.v.0,action_x_surprise,cut|large,bid_rel,31,4.0,1.0714285714285714,0.8928571428571428,1.1904761904761905
NQ.v.0,action_x_surprise,cut|large,bid_rel,32,4.0,0.873015873015873,0.7857142857142857,0.9166666666666666
NQ.v.0,action_x_surprise,cut|large,bid_rel,33,4.0,1.0714285714285714,0.8928571428571428,1.1904761904761905
NQ.v.0,action_x_surprise,cut|large,bid_rel,34,4.0,1.0714285714285714,0.8928571428571428,1.1904761904761905
NQ.v.0,action_x_surprise,cut|large,bid_rel,35,4.0,1.0714285714285714,0.8928571428571428,1.1904761904761905
NQ.v.0,action_x_surprise,cut|large,bid_rel,36,4.0,0.9285714285714286,0.7857142857142857,1.0833333333333333
NQ.v.0,action_x_surprise,cut|large,bid_rel,37,4.0,0.9285714285714286,0.7857142857142857,1.0833333333333333
NQ.v.0,action_x_surprise,cut|large,bid_rel,38,4.0,0.9285714285714286,0.7857142857142857,1.0833333333333333
NQ.v.0,action_x_surprise,cut|large,bid_rel,39,4.0,0.9285714285714286,0.7857142857142857,1.0833333333333333
NQ.v.0,action_x_surprise,cut|large,bid_share,-5,4.0,0.4852941176470588,0.4490950226244344,0.5
NQ.v.0,action_x_surprise,cut|large,bid_share,-4,4.0,0.48863636363636365,0.4715909090909091,0.5
NQ.v.0,action_x_surprise,cut|large,bid_share,-3,4.0,0.5,0.5,0.5
NQ.v.0,action_x_surprise,cut|large,bid_share,-2,4.0,0.5,0.4904513888888889,0.525
NQ.v.0,action_x_surprise,cut|large,bid_share,-1,4.0,0.5,0.5,0.5
NQ.v.0,action_x_surprise,cut|large,bid_share,0,4.0,0.5,0.5,0.5
NQ.v.0,action_x_surprise,cut|large,bid_share,1,4.0,0.5,0.5,0.5
NQ.v.0,action_x_surprise,cut|large,bid_share,2,4.0,0.5,0.5,0.5
NQ.v.0,action_x_surprise,cut|large,bid_share,3,4.0,0.5,0.5,0.5
NQ.v.0,action_x_surprise,cut|large,bid_share,4,4.0,0.5,0.5,0.5
NQ.v.0,action_x_surprise,cut|large,bid_share,5,4.0,0.5,0.5,0.5
NQ.v.0,action_x_surprise,cut|large,bid_share,6,4.0,0.5,0.5,0.5
NQ.v.0,action_x_surprise,cut|large,bid_share,7,4.0,0.5,0.5,0.5178571428571428
NQ.v.0,action_x_surprise,cut|large,bid_share,8,4.0,0.5,0.5,0.5056818181818181
NQ.v.0,action_x_surprise,cut|large,bid_share,9,4.0,0.4861111111111111,0.47023809523809523,0.5069444444444444
NQ.v.0,action_x_surprise,cut|large,bid_share,10,4.0,0.5,0.5,0.5
NQ.v.0,action_x_surprise,cut|large,bid_share,11,4.0,0.5,0.475,0.5
NQ.v.0,action_x_surprise,cut|large,bid_share,12,4.0,0.5,0.5,0.5
NQ.v.0,action_x_surprise,cut|large,bid_share,13,4.0,0.5,0.4951923076923077,0.5
NQ.v.0,action_x_surprise,cut|large,bid_share,14,4.0,0.5,0.5,0.5178571428571428
NQ.v.0,action_x_surprise,cut|large,bid_share,15,4.0,0.5,0.48214285714285715,0.5
NQ.v.0,action_x_surprise,cut|large,bid_share,16,4.0,0.5,0.4930555555555556,0.5041666666666667
NQ.v.0,action_x_surprise,cut|large,bid_share,17,4.0,0.5,0.4943181818181818,0.5
NQ.v.0,action_x_surprise,cut|large,bid_share,18,4.0,0.5,0.5,0.5
NQ.v.0,action_x_surprise,cut|large,bid_share,19,4.0,0.5,0.5,0.5178571428571428
NQ.v.0,action_x_surprise,cut|large,bid_share,20,4.0,0.4916666666666667,0.48055555555555557,0.5
NQ.v.0,action_x_surprise,cut|large,bid_share,21,4.0,0.5,0.5,0.5
NQ.v.0,action_x_surprise,cut|large,bid_share,22,4.0,0.5,0.5,0.5
NQ.v.0,action_x_surprise,cut|large,bid_share,23,4.0,0.5,0.5,0.5
NQ.v.0,action_x_surprise,cut|large,bid_share,24,4.0,0.5,0.5,0.5
NQ.v.0,action_x_surprise,cut|large,bid_share,25,4.0,0.5,0.5,0.5
NQ.v.0,action_x_surprise,cut|large,bid_share,26,4.0,0.5,0.5,0.5
NQ.v.0,action_x_surprise,cut|large,bid_share,27,4.0,0.5,0.5,0.5
NQ.v.0,action_x_surprise,cut|large,bid_share,28,4.0,0.5,0.5,0.5
NQ.v.0,action_x_surprise,cut|large,bid_share,29,4.0,0.5113636363636364,0.5,0.5329184704184704
NQ.v.0,action_x_surprise,cut|large,bid_share,30,4.0,0.5,0.48214285714285715,0.5104895104895104
NQ.v.0,action_x_surprise,cut|large,bid_share,31,4.0,0.5,0.5,0.5
NQ.v.0,action_x_surprise,cut|large,bid_share,32,4.0,0.5,0.5,0.525
NQ.v.0,action_x_surprise,cut|large,bid_share,33,4.0,0.5,0.4861111111111111,0.5
NQ.v.0,action_x_surprise,cut|large,bid_share,34,4.0,0.5,0.4943181818181818,0.5
NQ.v.0,action_x_surprise,cut|large,bid_share,35,4.0,0.5,0.5,0.5056818181818181
NQ.v.0,action_x_surprise,cut|large,bid_share,36,4.0,0.5,0.5,0.5
NQ.v.0,action_x_surprise,cut|large,bid_share,37,4.0,0.5,0.5,0.5
NQ.v.0,action_x_surprise,cut|large,bid_share,38,4.0,0.5,0.5,0.5
NQ.v.0,action_x_surprise,cut|large,bid_share,39,4.0,0.5,0.4910714285714286,0.5
NQ.v.0,action_x_surprise,cut|large,total_rel,-5,4.0,1.1153846153846154,0.9435483870967742,1.2760180995475114
NQ.v.0,action_x_surprise,cut|large,total_rel,-4,4.0,1.0161290322580645,0.9230769230769231,1.0683111954459203
NQ.v.0,action_x_surprise,cut|large,total_rel,-3,4.0,1.0769230769230769,0.9264705882352942,1.1557071960297767
NQ.v.0,action_x_surprise,cut|large,total_rel,-2,4.0,0.9615384615384616,0.8687782805429864,1.0080645161290323
NQ.v.0,action_x_surprise,cut|large,total_rel,-1,4.0,0.6947890818858561,0.6085972850678734,0.9139784946236559
NQ.v.0,action_x_surprise,cut|large,total_rel,0,4.0,0.6947890818858561,0.579185520361991,0.9139784946236559
NQ.v.0,action_x_surprise,cut|large,total_rel,1,4.0,0.6178660049627791,0.4343891402714932,0.8306451612903225
NQ.v.0,action_x_surprise,cut|large,total_rel,2,4.0,0.56575682382134,0.5047438330170778,0.7948717948717949
NQ.v.0,action_x_surprise,cut|large,total_rel,3,4.0,0.6947890818858561,0.6085972850678734,0.8306451612903225
NQ.v.0,action_x_surprise,cut|large,total_rel,4,4.0,0.660633484162896,0.5905707196029777,0.7794117647058824
NQ.v.0,action_x_surprise,cut|large,total_rel,5,4.0,0.6018099547511313,0.5702087286527514,0.6698717948717949
NQ.v.0,action_x_surprise,cut|large,total_rel,6,4.0,0.7717121588089331,0.7680995475113123,0.8306451612903225
NQ.v.0,action_x_surprise,cut|large,total_rel,7,4.0,0.8733031674208145,0.8111954459203036,0.9423076923076923
NQ.v.0,action_x_surprise,cut|large,total_rel,8,4.0,0.8870967741935484,0.7571157495256167,1.0192307692307692
NQ.v.0,action_x_surprise,cut|large,total_rel,9,4.0,0.8870967741935484,0.7571157495256167,1.0192307692307692
NQ.v.0,action_x_surprise,cut|large,total_rel,10,4.0,0.8870967741935484,0.7277039848197343,1.0192307692307692
NQ.v.0,action_x_surprise,cut|large,total_rel,11,4.0,0.8870967741935484,0.7277039848197343,1.0576923076923077
NQ.v.0,action_x_surprise,cut|large,total_rel,12,4.0,0.9117647058823529,0.8111954459203036,1.0192307692307692
NQ.v.0,action_x_surprise,cut|large,total_rel,13,4.0,0.8870967741935484,0.7718216318785578,1.0192307692307692
NQ.v.0,action_x_surprise,cut|large,total_rel,14,4.0,0.8486352357320099,0.7571157495256167,0.9423076923076923
NQ.v.0,action_x_surprise,cut|large,total_rel,15,4.0,0.8733031674208145,0.8111954459203036,0.9423076923076923
NQ.v.0,action_x_surprise,cut|large,total_rel,16,4.0,0.8348416289592759,0.8111954459203036,0.8846153846153846
NQ.v.0,action_x_surprise,cut|large,total_rel,17,4.0,0.9705882352941176,0.8994307400379506,1.0192307692307692
NQ.v.0,action_x_surprise,cut|large,total_rel,18,4.0,0.9117647058823529,0.8111954459203036,1.0192307692307692
NQ.v.0,action_x_surprise,cut|large,total_rel,19,4.0,0.7717121588089331,0.753393665158371,0.8306451612903225
NQ.v.0,action_x_surprise,cut|large,total_rel,20,4.0,0.9117647058823529,0.8111954459203036,1.0
NQ.v.0,action_x_surprise,cut|large,total_rel,21,4.0,0.8733031674208145,0.7789373814041746,0.9423076923076923
NQ.v.0,action_x_surprise,cut|large,total_rel,22,4.0,0.9615384615384616,0.8858560794044665,1.0147058823529411
NQ.v.0,action_x_surprise,cut|large,total_rel,23,4.0,0.8486352357320099,0.7571157495256167,0.9423076923076923
NQ.v.0,action_x_surprise,cut|large,total_rel,24,4.0,0.7988614800759013,0.7729528535980149,0.8676470588235294
NQ.v.0,action_x_surprise,cut|large,total_rel,25,4.0,0.8870967741935484,0.7729528535980149,1.0147058823529411
NQ.v.0,action_x_surprise,cut|large,total_rel,26,4.0,0.8870967741935484,0.7729528535980149,1.0147058823529411
NQ.v.0,action_x_surprise,cut|large,total_rel,27,4.0,0.8870967741935484,0.7729528535980149,1.0147058823529411
NQ.v.0,action_x_surprise,cut|large,total_rel,28,4.0,0.8870967741935484,0.7729528535980149,1.0147058823529411
NQ.v.0,action_x_surprise,cut|large,total_rel,29,4.0,0.8486352357320099,0.7718216318785578,0.9423076923076923
NQ.v.0,action_x_surprise,cut|large,total_rel,30,4.0,0.857685009487666,0.7729528535980149,0.9558823529411764
NQ.v.0,action_x_surprise,cut|large,total_rel,31,4.0,0.8936651583710407,0.8281637717121588,0.9558823529411764
NQ.v.0,action_x_surprise,cut|large,total_rel,32,4.0,0.7081447963800905,0.614326375711575,0.826923076923077
NQ.v.0,action_x_surprise,cut|large,total_rel,33,4.0,0.9615384615384616,0.8213399503722085,1.0147058823529411
NQ.v.0,action_x_surprise,cut|large,total_rel,34,4.0,0.8733031674208145,0.8111954459203036,0.9423076923076923
NQ.v.0,action_x_surprise,cut|large,total_rel,35,4.0,0.717948717948718,0.6290322580645161,0.7828054298642534
NQ.v.0,action_x_surprise,cut|large,total_rel,36,4.0,0.7963800904977376,0.7059553349875931,0.8676470588235294
NQ.v.0,action_x_surprise,cut|large,total_rel,37,4.0,0.7963800904977376,0.7382133995037221,0.8676470588235294
NQ.v.0,action_x_surprise,cut|large,total_rel,38,4.0,0.7988614800759013,0.7729528535980149,0.8676470588235294
NQ.v.0,action_x_surprise,cut|large,total_rel,39,4.0,0.7717121588089331,0.7239819004524888,0.8306451612903225
NQ.v.0,action_x_surprise,cut|medium,ask_rel,-5,3.0,0.8,0.7636363636363637,1.0
NQ.v.0,action_x_surprise,cut|medium,ask_rel,-4,3.0,1.2,1.1454545454545455,1.2
NQ.v.0,action_x_surprise,cut|medium,ask_rel,-3,3.0,0.8,0.8,0.9454545454545454
NQ.v.0,action_x_surprise,cut|medium,ask_rel,-2,3.0,1.0909090909090908,0.9454545454545454,1.1454545454545455
NQ.v.0,action_x_surprise,cut|medium,ask_rel,-1,3.0,0.8,0.7636363636363637,0.8
NQ.v.0,action_x_surprise,cut|medium,ask_rel,0,3.0,0.7272727272727273,0.5636363636363637,0.7636363636363637
NQ.v.0,action_x_surprise,cut|medium,ask_rel,1,3.0,0.4,0.38181818181818183,0.6000000000000001
NQ.v.0,action_x_surprise,cut|medium,ask_rel,2,3.0,0.8,0.5818181818181818,0.8
NQ.v.0,action_x_surprise,cut|medium,ask_rel,3,3.0,0.8,0.5818181818181818,0.8
NQ.v.0,action_x_surprise,cut|medium,ask_rel,4,3.0,0.8,0.5818181818181818,1.0
NQ.v.0,action_x_surprise,cut|medium,ask_rel,5,3.0,0.8,0.5818181818181818,1.0
NQ.v.0,action_x_surprise,cut|medium,ask_rel,6,3.0,0.8,0.5818181818181818,1.0
NQ.v.0,action_x_surprise,cut|medium,ask_rel,7,3.0,0.8,0.5818181818181818,1.0
NQ.v.0,action_x_surprise,cut|medium,ask_rel,8,3.0,0.8,0.5818181818181818,1.0
NQ.v.0,action_x_surprise,cut|medium,ask_rel,9,3.0,0.8,0.5818181818181818,1.0
NQ.v.0,action_x_surprise,cut|medium,ask_rel,10,3.0,0.8,0.5818181818181818,1.2000000000000002
NQ.v.0,action_x_surprise,cut|medium,ask_rel,11,3.0,1.2,0.7818181818181817,1.4
NQ.v.0,action_x_surprise,cut|medium,ask_rel,12,3.0,1.2,0.7818181818181817,1.6
NQ.v.0,action_x_surprise,cut|medium,ask_rel,13,3.0,1.2,0.7818181818181817,1.4
NQ.v.0,action_x_surprise,cut|medium,ask_rel,14,3.0,0.8,0.7636363636363637,1.2000000000000002
NQ.v.0,action_x_surprise,cut|medium,ask_rel,15,3.0,1.2,0.9636363636363636,1.4
NQ.v.0,action_x_surprise,cut|medium,ask_rel,16,3.0,0.8,0.7636363636363637,1.6
NQ.v.0,action_x_surprise,cut|medium,ask_rel,17,3.0,1.2,0.9636363636363636,1.4
NQ.v.0,action_x_surprise,cut|medium,ask_rel,18,3.0,0.8,0.7636363636363637,1.6
NQ.v.0,action_x_surprise,cut|medium,ask_rel,19,3.0,1.0,0.7727272727272727,1.5
NQ.v.0,action_x_surprise,cut|medium,ask_rel,20,3.0,1.2,0.9636363636363636,1.7999999999999998
NQ.v.0,action_x_surprise,cut|medium,ask_rel,21,3.0,1.2,0.9636363636363636,1.4
NQ.v.0,action_x_surprise,cut|medium,ask_rel,22,3.0,1.2,0.9636363636363636,1.6
NQ.v.0,action_x_surprise,cut|medium,ask_rel,23,3.0,1.2,1.1454545454545455,1.6
NQ.v.0,action_x_surprise,cut|medium,ask_rel,24,3.0,1.0909090909090908,0.9454545454545454,1.5454545454545454
NQ.v.0,action_x_surprise,cut|medium,ask_rel,25,3.0,0.8,0.7636363636363637,1.2000000000000002
NQ.v.0,action_x_surprise,cut|medium,ask_rel,26,3.0,1.0909090909090908,1.0454545454545454,1.5454545454545454
NQ.v.0,action_x_surprise,cut|medium,ask_rel,27,3.0,0.8,0.7636363636363637,1.2000000000000002
NQ.v.0,action_x_surprise,cut|medium,ask_rel,28,3.0,1.0,0.8636363636363636,1.6
NQ.v.0,action_x_surprise,cut|medium,ask_rel,29,3.0,0.8,0.7636363636363637,1.4
NQ.v.0,action_x_surprise,cut|medium,ask_rel,30,3.0,0.8,0.5818181818181818,1.2000000000000002
NQ.v.0,action_x_surprise,cut|medium,ask_rel,31,3.0,0.8,0.5818181818181818,1.2000000000000002
NQ.v.0,action_x_surprise,cut|medium,ask_rel,32,3.0,0.8,0.5818181818181818,1.0
NQ.v.0,action_x_surprise,cut|medium,ask_rel,33,3.0,0.8,0.5818181818181818,1.2000000000000002
NQ.v.0,action_x_surprise,cut|medium,ask_rel,34,3.0,0.8,0.5818181818181818,1.0
NQ.v.0,action_x_surprise,cut|medium,ask_rel,35,3.0,1.2,0.7818181818181817,1.2
NQ.v.0,action_x_surprise,cut|medium,ask_rel,36,3.0,0.8,0.5818181818181818,1.0
NQ.v.0,action_x_surprise,cut|medium,ask_rel,37,3.0,0.8,0.5818181818181818,0.8
NQ.v.0,action_x_surprise,cut|medium,ask_rel,38,3.0,0.8,0.5818181818181818,1.0
NQ.v.0,action_x_surprise,cut|medium,ask_rel,39,3.0,0.8,0.5818181818181818,1.0
NQ.v.0,action_x_surprise,cut|medium,bid_rel,-5,3.0,1.0909090909090908,1.0909090909090908,1.212121212121212
NQ.v.0,action_x_surprise,cut|medium,bid_rel,-4,3.0,1.0909090909090908,1.0909090909090908,1.212121212121212
NQ.v.0,action_x_surprise,cut|medium,bid_rel,-3,3.0,0.7272727272727273,0.696969696969697,0.9090909090909091
NQ.v.0,action_x_surprise,cut|medium,bid_rel,-2,3.0,0.7272727272727273,0.696969696969697,0.9090909090909091
NQ.v.0,action_x_surprise,cut|medium,bid_rel,-1,3.0,0.7272727272727273,0.696969696969697,0.7272727272727273
NQ.v.0,action_x_surprise,cut|medium,bid_rel,0,3.0,0.6666666666666666,0.606060606060606,0.696969696969697
NQ.v.0,action_x_surprise,cut|medium,bid_rel,1,3.0,0.36363636363636365,0.36363636363636365,0.5151515151515151
NQ.v.0,action_x_surprise,cut|medium,bid_rel,2,3.0,0.5454545454545454,0.45454545454545453,0.606060606060606
NQ.v.0,action_x_surprise,cut|medium,bid_rel,3,3.0,0.6666666666666666,0.5151515151515151,0.696969696969697
NQ.v.0,action_x_surprise,cut|medium,bid_rel,4,3.0,0.6666666666666666,0.5151515151515151,0.696969696969697
NQ.v.0,action_x_surprise,cut|medium,bid_rel,5,3.0,0.7272727272727273,0.5454545454545454,0.8636363636363636
NQ.v.0,action_x_surprise,cut|medium,bid_rel,6,3.0,0.7272727272727273,0.5454545454545454,0.8636363636363636
NQ.v.0,action_x_surprise,cut|medium,bid_rel,7,3.0,0.7272727272727273,0.5454545454545454,0.8636363636363636
NQ.v.0,action_x_surprise,cut|medium,bid_rel,8,3.0,0.5454545454545454,0.45454545454545453,0.7727272727272727
NQ.v.0,action_x_surprise,cut|medium,bid_rel,9,3.0,0.7272727272727273,0.6363636363636364,0.8636363636363636
NQ.v.0,action_x_surprise,cut|medium,bid_rel,10,3.0,0.7272727272727273,0.5454545454545454,1.0303030303030303
NQ.v.0,action_x_surprise,cut|medium,bid_rel,11,3.0,0.7272727272727273,0.5454545454545454,1.0303030303030303
NQ.v.0,action_x_surprise,cut|medium,bid_rel,12,3.0,0.7272727272727273,0.5454545454545454,1.0303030303030303
NQ.v.0,action_x_surprise,cut|medium,bid_rel,13,3.0,1.0909090909090908,0.9090909090909091,1.378787878787879
NQ.v.0,action_x_surprise,cut|medium,bid_rel,14,3.0,0.7272727272727273,0.7272727272727273,1.0303030303030303
NQ.v.0,action_x_surprise,cut|medium,bid_rel,15,3.0,0.7272727272727273,0.7272727272727273,1.196969696969697
NQ.v.0,action_x_surprise,cut|medium,bid_rel,16,3.0,0.7272727272727273,0.5454545454545454,1.196969696969697
NQ.v.0,action_x_surprise,cut|medium,bid_rel,17,3.0,1.0909090909090908,0.9090909090909091,1.7121212121212122
NQ.v.0,action_x_surprise,cut|medium,bid_rel,18,3.0,1.0909090909090908,0.9090909090909091,1.212121212121212
NQ.v.0,action_x_surprise,cut|medium,bid_rel,19,3.0,1.0909090909090908,0.7272727272727273,1.378787878787879
NQ.v.0,action_x_surprise,cut|medium,bid_rel,20,3.0,0.7272727272727273,0.5454545454545454,1.3636363636363638
NQ.v.0,action_x_surprise,cut|medium,bid_rel,21,3.0,1.0909090909090908,0.9090909090909091,1.5454545454545454
NQ.v.0,action_x_surprise,cut|medium,bid_rel,22,3.0,1.0909090909090908,0.9090909090909091,1.5454545454545454
NQ.v.0,action_x_surprise,cut|medium,bid_rel,23,3.0,0.9090909090909091,0.8181818181818181,1.121212121212121
NQ.v.0,action_x_surprise,cut|medium,bid_rel,24,3.0,1.0909090909090908,1.0909090909090908,1.378787878787879
NQ.v.0,action_x_surprise,cut|medium,bid_rel,25,3.0,1.0909090909090908,0.9090909090909091,1.212121212121212
NQ.v.0,action_x_surprise,cut|medium,bid_rel,26,3.0,0.9090909090909091,0.8181818181818181,1.4545454545454546
NQ.v.0,action_x_surprise,cut|medium,bid_rel,27,3.0,0.7272727272727273,0.7272727272727273,1.196969696969697
NQ.v.0,action_x_surprise,cut|medium,bid_rel,28,3.0,0.7272727272727273,0.7272727272727273,1.0303030303030303
NQ.v.0,action_x_surprise,cut|medium,bid_rel,29,3.0,0.7272727272727273,0.7272727272727273,1.196969696969697
NQ.v.0,action_x_surprise,cut|medium,bid_rel,30,3.0,0.7272727272727273,0.5454545454545454,1.0303030303030303
NQ.v.0,action_x_surprise,cut|medium,bid_rel,31,3.0,0.7272727272727273,0.5454545454545454,0.8636363636363636
NQ.v.0,action_x_surprise,cut|medium,bid_rel,32,3.0,0.7272727272727273,0.5454545454545454,0.8636363636363636
NQ.v.0,action_x_surprise,cut|medium,bid_rel,33,3.0,0.7272727272727273,0.5454545454545454,0.8636363636363636
NQ.v.0,action_x_surprise,cut|medium,bid_rel,34,3.0,0.6666666666666666,0.5151515151515151,0.7878787878787878
NQ.v.0,action_x_surprise,cut|medium,bid_rel,35,3.0,1.0,0.6818181818181819,1.0454545454545454
NQ.v.0,action_x_surprise,cut|medium,bid_rel,36,3.0,0.6666666666666666,0.5151515151515151,0.8787878787878787
NQ.v.0,action_x_surprise,cut|medium,bid_rel,37,3.0,0.6666666666666666,0.5151515151515151,0.8787878787878787
NQ.v.0,action_x_surprise,cut|medium,bid_rel,38,3.0,0.6666666666666666,0.5151515151515151,0.8787878787878787
NQ.v.0,action_x_surprise,cut|medium,bid_rel,39,3.0,0.6666666666666666,0.5151515151515151,0.696969696969697
NQ.v.0,action_x_surprise,cut|medium,bid_share,-5,3.0,0.5714285714285714,0.5357142857142857,0.5714285714285714
NQ.v.0,action_x_surprise,cut|medium,bid_share,-4,3.0,0.5,0.5,0.5252525252525253
NQ.v.0,action_x_surprise,cut|medium,bid_share,-3,3.0,0.5,0.5,0.55625
NQ.v.0,action_x_surprise,cut|medium,bid_share,-2,3.0,0.5,0.5,0.5
NQ.v.0,action_x_surprise,cut|medium,bid_share,-1,3.0,0.5,0.5,0.5
NQ.v.0,action_x_surprise,cut|medium,bid_share,0,3.0,0.5,0.5,0.5
NQ.v.0,action_x_surprise,cut|medium,bid_share,1,3.0,0.5,0.5,0.5
NQ.v.0,action_x_surprise,cut|medium,bid_share,2,3.0,0.5,0.5,0.5
NQ.v.0,action_x_surprise,cut|medium,bid_share,3,3.0,0.5,0.5,0.5
NQ.v.0,action_x_surprise,cut|medium,bid_share,4,3.0,0.5,0.4722222222222222,0.5
NQ.v.0,action_x_surprise,cut|medium,bid_share,5,3.0,0.5,0.5,0.5
NQ.v.0,action_x_surprise,cut|medium,bid_share,6,3.0,0.5,0.5,0.5
NQ.v.0,action_x_surprise,cut|medium,bid_share,7,3.0,0.5,0.4642857142857143,0.5
NQ.v.0,action_x_surprise,cut|medium,bid_share,8,3.0,0.5,0.5,0.5
NQ.v.0,action_x_surprise,cut|medium,bid_share,9,3.0,0.5,0.45,0.5
NQ.v.0,action_x_surprise,cut|medium,bid_share,10,3.0,0.5,0.5,0.5
NQ.v.0,action_x_surprise,cut|medium,bid_share,11,3.0,0.5,0.5,0.5
NQ.v.0,action_x_surprise,cut|medium,bid_share,12,3.0,0.4852941176470588,0.4426470588235294,0.49264705882352944
NQ.v.0,action_x_surprise,cut|medium,bid_share,13,3.0,0.5,0.5,0.5252525252525253
NQ.v.0,action_x_surprise,cut|medium,bid_share,14,3.0,0.5,0.4722222222222222,0.5
NQ.v.0,action_x_surprise,cut|medium,bid_share,15,3.0,0.5,0.45,0.5
NQ.v.0,action_x_surprise,cut|medium,bid_share,16,3.0,0.5,0.5,0.5
NQ.v.0,action_x_surprise,cut|medium,bid_share,17,3.0,0.5,0.5,0.5428571428571428
NQ.v.0,action_x_surprise,cut|medium,bid_share,18,3.0,0.5,0.4444444444444444,0.5
NQ.v.0,action_x_surprise,cut|medium,bid_share,19,3.0,0.5,0.5,0.5
NQ.v.0,action_x_surprise,cut|medium,bid_share,20,3.0,0.5,0.5,0.5
NQ.v.0,action_x_surprise,cut|medium,bid_share,21,3.0,0.5,0.5,0.5625
NQ.v.0,action_x_surprise,cut|medium,bid_share,22,3.0,0.5,0.5,0.5
NQ.v.0,action_x_surprise,cut|medium,bid_share,23,3.0,0.5,0.48333333333333334,0.5
NQ.v.0,action_x_surprise,cut|medium,bid_share,24,3.0,0.5,0.5,0.5
NQ.v.0,action_x_surprise,cut|medium,bid_share,25,3.0,0.5,0.479020979020979,0.5
NQ.v.0,action_x_surprise,cut|medium,bid_share,26,3.0,0.5,0.5,0.5
NQ.v.0,action_x_surprise,cut|medium,bid_share,27,3.0,0.5,0.5,0.5277777777777778
NQ.v.0,action_x_surprise,cut|medium,bid_share,28,3.0,0.5,0.4642857142857143,0.5
NQ.v.0,action_x_surprise,cut|medium,bid_share,29,3.0,0.5,0.47777777777777775,0.5
NQ.v.0,action_x_surprise,cut|medium,bid_share,30,3.0,0.5,0.4903846153846154,0.5
NQ.v.0,action_x_surprise,cut|medium,bid_share,31,3.0,0.5,0.45416666666666666,0.5
NQ.v.0,action_x_surprise,cut|medium,bid_share,32,3.0,0.5,0.5,0.5
NQ.v.0,action_x_surprise,cut|medium,bid_share,33,3.0,0.5,0.5,0.5
NQ.v.0,action_x_surprise,cut|medium,bid_share,34,3.0,0.5,0.5,0.55
NQ.v.0,action_x_surprise,cut|medium,bid_share,35,3.0,0.5,0.5,0.5
NQ.v.0,action_x_surprise,cut|medium,bid_share,36,3.0,0.5,0.5,0.5
NQ.v.0,action_x_surprise,cut|medium,bid_share,37,3.0,0.5,0.5,0.5
NQ.v.0,action_x_surprise,cut|medium,bid_share,38,3.0,0.5,0.5,0.5
NQ.v.0,action_x_surprise,cut|medium,bid_share,39,3.0,0.5,0.45714285714285713,0.5
NQ.v.0,action_x_surprise,cut|medium,total_rel,-5,3.0,1.0666666666666667,0.9984496124031008,1.1420289855072463
NQ.v.0,action_x_surprise,cut|medium,total_rel,-4,3.0,1.1162790697674418,1.0914728682170542,1.1668351870576341
NQ.v.0,action_x_surprise,cut|medium,total_rel,-3,3.0,0.8888888888888888,0.8792270531400965,0.9560723514211886
NQ.v.0,action_x_surprise,cut|medium,total_rel,-2,3.0,0.9302325581395349,0.8129423660262891,0.9540051679586563
NQ.v.0,action_x_surprise,cut|medium,total_rel,-1,3.0,0.7111111111111111,0.7033816425120774,0.7276485788113696
NQ.v.0,action_x_surprise,cut|medium,total_rel,0,3.0,0.5581395348837209,0.5399393326592518,0.634625322997416
NQ.v.0,action_x_surprise,cut|medium,total_rel,1,3.0,0.5581395348837209,0.5457364341085271,0.6268958543983822
NQ.v.0,action_x_surprise,cut|medium,total_rel,2,3.0,0.5581395348837209,0.4568475452196382,0.6268958543983822
NQ.v.0,action_x_surprise,cut|medium,total_rel,3,3.0,0.6956521739130435,0.5256038647342995,0.7199191102123357
NQ.v.0,action_x_surprise,cut|medium,total_rel,4,3.0,0.5581395348837209,0.4568475452196382,0.7138523761375126
NQ.v.0,action_x_surprise,cut|medium,total_rel,5,3.0,0.7441860465116279,0.5498708010335918,0.806875631951466
NQ.v.0,action_x_surprise,cut|medium,total_rel,6,3.0,0.7441860465116279,0.6387596899224806,0.806875631951466
NQ.v.0,action_x_surprise,cut|medium,total_rel,7,3.0,0.7441860465116279,0.6387596899224806,0.8938321536905965
NQ.v.0,action_x_surprise,cut|medium,total_rel,8,3.0,0.7441860465116279,0.6387596899224806,0.980788675429727
NQ.v.0,action_x_surprise,cut|medium,total_rel,9,3.0,0.8372093023255814,0.6852713178294574,0.9403437815975733
NQ.v.0,action_x_surprise,cut|medium,total_rel,10,3.0,0.7441860465116279,0.6387596899224806,1.0677451971688574
NQ.v.0,action_x_surprise,cut|medium,total_rel,11,3.0,0.9302325581395349,0.7317829457364341,1.0738119312436805
NQ.v.0,action_x_surprise,cut|medium,total_rel,12,3.0,0.9302325581395349,0.7317829457364341,1.1607684529828108
NQ.v.0,action_x_surprise,cut|medium,total_rel,13,3.0,0.9302325581395349,0.7317829457364341,1.1607684529828108
NQ.v.0,action_x_surprise,cut|medium,total_rel,14,3.0,0.9302325581395349,0.7317829457364341,1.2477249747219414
NQ.v.0,action_x_surprise,cut|medium,total_rel,15,3.0,0.9302325581395349,0.7317829457364341,1.204246713852376
NQ.v.0,action_x_surprise,cut|medium,total_rel,16,3.0,0.9302325581395349,0.7317829457364341,1.3346814964610718
NQ.v.0,action_x_surprise,cut|medium,total_rel,17,3.0,1.1162790697674418,0.9136950904392764,1.4277047522750252
NQ.v.0,action_x_surprise,cut|medium,total_rel,18,3.0,0.9302325581395349,0.7317829457364341,1.3346814964610718
NQ.v.0,action_x_surprise,cut|medium,total_rel,19,3.0,0.9302325581395349,0.7317829457364341,1.2477249747219414
NQ.v.0,action_x_surprise,cut|medium,total_rel,20,3.0,0.9302325581395349,0.7317829457364341,1.4216380182002022
NQ.v.0,action_x_surprise,cut|medium,total_rel,21,3.0,1.1162790697674418,0.869250645994832,1.4277047522750252
NQ.v.0,action_x_surprise,cut|medium,total_rel,22,3.0,1.1162790697674418,1.0025839793281652,1.38422649140546
NQ.v.0,action_x_surprise,cut|medium,total_rel,23,3.0,1.0232558139534884,0.9560723514211886,1.3377148634984835
NQ.v.0,action_x_surprise,cut|medium,total_rel,24,3.0,1.1162790697674418,1.0025839793281652,1.3407482305358949
NQ.v.0,action_x_surprise,cut|medium,total_rel,25,3.0,0.9302325581395349,0.9095607235142118,1.1607684529828108
NQ.v.0,action_x_surprise,cut|medium,total_rel,26,3.0,0.9777777777777777,0.9540051679586563,1.4454106280193237
NQ.v.0,action_x_surprise,cut|medium,total_rel,27,3.0,0.9302325581395349,0.820671834625323,1.2477249747219414
NQ.v.0,action_x_surprise,cut|medium,total_rel,28,3.0,0.7441860465116279,0.7276485788113696,1.198179979777553
NQ.v.0,action_x_surprise,cut|medium,total_rel,29,3.0,0.7441860465116279,0.6832041343669251,1.154701718907988
NQ.v.0,action_x_surprise,cut|medium,total_rel,30,3.0,0.7441860465116279,0.6387596899224806,1.0677451971688574
NQ.v.0,action_x_surprise,cut|medium,total_rel,31,3.0,0.9302325581395349,0.7317829457364341,0.9868554095045501
NQ.v.0,action_x_surprise,cut|medium,total_rel,32,3.0,0.7441860465116279,0.6387596899224806,0.8938321536905965
NQ.v.0,action_x_surprise,cut|medium,total_rel,33,3.0,0.9302325581395349,0.7317829457364341,1.1607684529828108
NQ.v.0,action_x_surprise,cut|medium,total_rel,34,3.0,0.7441860465116279,0.6387596899224806,0.8503538928210314
NQ.v.0,action_x_surprise,cut|medium,total_rel,35,3.0,1.0434782608695652,0.7439613526570048,1.0798786653185035
NQ.v.0,action_x_surprise,cut|medium,total_rel,36,3.0,0.6956521739130435,0.5256038647342995,0.9059656218402427
NQ.v.0,action_x_surprise,cut|medium,total_rel,37,3.0,0.6956521739130435,0.5256038647342995,0.8129423660262891
NQ.v.0,action_x_surprise,cut|medium,total_rel,38,3.0,0.8695652173913043,0.6125603864734299,0.9929221435793731
NQ.v.0,action_x_surprise,cut|medium,total_rel,39,3.0,0.8695652173913043,0.7014492753623188,0.9929221435793731
NQ.v.0,action_x_surprise,cut|small,ask_rel,-5,1.0,1.0,1.0,1.0
NQ.v.0,action_x_surprise,cut|small,ask_rel,-4,1.0,1.0,1.0,1.0
NQ.v.0,action_x_surprise,cut|small,ask_rel,-3,1.0,1.0,1.0,1.0
NQ.v.0,action_x_surprise,cut|small,ask_rel,-2,1.0,1.0,1.0,1.0
NQ.v.0,action_x_surprise,cut|small,ask_rel,-1,1.0,0.5,0.5,0.5
NQ.v.0,action_x_surprise,cut|small,ask_rel,0,1.0,1.0,1.0,1.0
NQ.v.0,action_x_surprise,cut|small,ask_rel,1,1.0,0.5,0.5,0.5
NQ.v.0,action_x_surprise,cut|small,ask_rel,2,1.0,0.5,0.5,0.5
NQ.v.0,action_x_surprise,cut|small,ask_rel,3,1.0,0.5,0.5,0.5
NQ.v.0,action_x_surprise,cut|small,ask_rel,4,1.0,1.0,1.0,1.0
NQ.v.0,action_x_surprise,cut|small,ask_rel,5,1.0,0.5,0.5,0.5
NQ.v.0,action_x_surprise,cut|small,ask_rel,6,1.0,1.0,1.0,1.0
NQ.v.0,action_x_surprise,cut|small,ask_rel,7,1.0,0.5,0.5,0.5
NQ.v.0,action_x_surprise,cut|small,ask_rel,8,1.0,0.5,0.5,0.5
NQ.v.0,action_x_surprise,cut|small,ask_rel,9,1.0,0.5,0.5,0.5
NQ.v.0,action_x_surprise,cut|small,ask_rel,10,1.0,0.5,0.5,0.5
NQ.v.0,action_x_surprise,cut|small,ask_rel,11,1.0,0.5,0.5,0.5
NQ.v.0,action_x_surprise,cut|small,ask_rel,12,1.0,1.0,1.0,1.0
NQ.v.0,action_x_surprise,cut|small,ask_rel,13,1.0,0.5,0.5,0.5
NQ.v.0,action_x_surprise,cut|small,ask_rel,14,1.0,0.5,0.5,0.5
NQ.v.0,action_x_surprise,cut|small,ask_rel,15,1.0,0.5,0.5,0.5
NQ.v.0,action_x_surprise,cut|small,ask_rel,16,1.0,1.0,1.0,1.0
NQ.v.0,action_x_surprise,cut|small,ask_rel,17,1.0,1.0,1.0,1.0
NQ.v.0,action_x_surprise,cut|small,ask_rel,18,1.0,1.0,1.0,1.0
NQ.v.0,action_x_surprise,cut|small,ask_rel,19,1.0,1.5,1.5,1.5
NQ.v.0,action_x_surprise,cut|small,ask_rel,20,1.0,1.0,1.0,1.0
NQ.v.0,action_x_surprise,cut|small,ask_rel,21,1.0,1.0,1.0,1.0
NQ.v.0,action_x_surprise,cut|small,ask_rel,22,1.0,1.0,1.0,1.0
NQ.v.0,action_x_surprise,cut|small,ask_rel,23,1.0,0.5,0.5,0.5
NQ.v.0,action_x_surprise,cut|small,ask_rel,24,1.0,1.0,1.0,1.0
NQ.v.0,action_x_surprise,cut|small,ask_rel,25,1.0,1.0,1.0,1.0
NQ.v.0,action_x_surprise,cut|small,ask_rel,26,1.0,1.0,1.0,1.0
NQ.v.0,action_x_surprise,cut|small,ask_rel,27,1.0,1.0,1.0,1.0
NQ.v.0,action_x_surprise,cut|small,ask_rel,28,1.0,1.0,1.0,1.0
NQ.v.0,action_x_surprise,cut|small,ask_rel,29,1.0,1.0,1.0,1.0
NQ.v.0,action_x_surprise,cut|small,ask_rel,30,1.0,1.0,1.0,1.0
NQ.v.0,action_x_surprise,cut|small,ask_rel,31,1.0,1.0,1.0,1.0
NQ.v.0,action_x_surprise,cut|small,ask_rel,32,1.0,1.0,1.0,1.0
NQ.v.0,action_x_surprise,cut|small,ask_rel,33,1.0,1.0,1.0,1.0
NQ.v.0,action_x_surprise,cut|small,ask_rel,34,1.0,1.0,1.0,1.0
NQ.v.0,action_x_surprise,cut|small,ask_rel,35,1.0,0.5,0.5,0.5
NQ.v.0,action_x_surprise,cut|small,ask_rel,36,1.0,0.5,0.5,0.5
NQ.v.0,action_x_surprise,cut|small,ask_rel,37,1.0,0.5,0.5,0.5
NQ.v.0,action_x_surprise,cut|small,ask_rel,38,1.0,0.5,0.5,0.5
NQ.v.0,action_x_surprise,cut|small,ask_rel,39,1.0,0.5,0.5,0.5
NQ.v.0,action_x_surprise,cut|small,bid_rel,-5,1.0,1.2,1.2,1.2
NQ.v.0,action_x_surprise,cut|small,bid_rel,-4,1.0,0.8,0.8,0.8
NQ.v.0,action_x_surprise,cut|small,bid_rel,-3,1.0,1.2,1.2,1.2
NQ.v.0,action_x_surprise,cut|small,bid_rel,-2,1.0,0.8,0.8,0.8
NQ.v.0,action_x_surprise,cut|small,bid_rel,-1,1.0,0.4,0.4,0.4
NQ.v.0,action_x_surprise,cut|small,bid_rel,0,1.0,0.8,0.8,0.8
NQ.v.0,action_x_surprise,cut|small,bid_rel,1,1.0,0.4,0.4,0.4
NQ.v.0,action_x_surprise,cut|small,bid_rel,2,1.0,0.4,0.4,0.4
NQ.v.0,action_x_surprise,cut|small,bid_rel,3,1.0,0.4,0.4,0.4
NQ.v.0,action_x_surprise,cut|small,bid_rel,4,1.0,0.8,0.8,0.8
NQ.v.0,action_x_surprise,cut|small,bid_rel,5,1.0,0.8,0.8,0.8
NQ.v.0,action_x_surprise,cut|small,bid_rel,6,1.0,0.8,0.8,0.8
NQ.v.0,action_x_surprise,cut|small,bid_rel,7,1.0,0.6,0.6,0.6
NQ.v.0,action_x_surprise,cut|small,bid_rel,8,1.0,0.4,0.4,0.4
NQ.v.0,action_x_surprise,cut|small,bid_rel,9,1.0,0.4,0.4,0.4
NQ.v.0,action_x_surprise,cut|small,bid_rel,10,1.0,0.4,0.4,0.4
NQ.v.0,action_x_surprise,cut|small,bid_rel,11,1.0,0.4,0.4,0.4
NQ.v.0,action_x_surprise,cut|small,bid_rel,12,1.0,0.4,0.4,0.4
NQ.v.0,action_x_surprise,cut|small,bid_rel,13,1.0,0.4,0.4,0.4
NQ.v.0,action_x_surprise,cut|small,bid_rel,14,1.0,0.4,0.4,0.4
NQ.v.0,action_x_surprise,cut|small,bid_rel,15,1.0,0.4,0.4,0.4
NQ.v.0,action_x_surprise,cut|small,bid_rel,16,1.0,0.8,0.8,0.8
NQ.v.0,action_x_surprise,cut|small,bid_rel,17,1.0,0.8,0.8,0.8
NQ.v.0,action_x_surprise,cut|small,bid_rel,18,1.0,0.8,0.8,0.8
NQ.v.0,action_x_surprise,cut|small,bid_rel,19,1.0,0.8,0.8,0.8
NQ.v.0,action_x_surprise,cut|small,bid_rel,20,1.0,0.8,0.8,0.8
NQ.v.0,action_x_surprise,cut|small,bid_rel,21,1.0,0.8,0.8,0.8
NQ.v.0,action_x_surprise,cut|small,bid_rel,22,1.0,0.8,0.8,0.8
NQ.v.0,action_x_surprise,cut|small,bid_rel,23,1.0,0.4,0.4,0.4
NQ.v.0,action_x_surprise,cut|small,bid_rel,24,1.0,0.8,0.8,0.8
NQ.v.0,action_x_surprise,cut|small,bid_rel,25,1.0,0.6,0.6,0.6
NQ.v.0,action_x_surprise,cut|small,bid_rel,26,1.0,0.8,0.8,0.8
NQ.v.0,action_x_surprise,cut|small,bid_rel,27,1.0,0.8,0.8,0.8
NQ.v.0,action_x_surprise,cut|small,bid_rel,28,1.0,0.8,0.8,0.8
NQ.v.0,action_x_surprise,cut|small,bid_rel,29,1.0,0.8,0.8,0.8
NQ.v.0,action_x_surprise,cut|small,bid_rel,30,1.0,0.8,0.8,0.8
NQ.v.0,action_x_surprise,cut|small,bid_rel,31,1.0,0.8,0.8,0.8
NQ.v.0,action_x_surprise,cut|small,bid_rel,32,1.0,0.8,0.8,0.8
NQ.v.0,action_x_surprise,cut|small,bid_rel,33,1.0,0.4,0.4,0.4
NQ.v.0,action_x_surprise,cut|small,bid_rel,34,1.0,0.4,0.4,0.4
NQ.v.0,action_x_surprise,cut|small,bid_rel,35,1.0,0.4,0.4,0.4
NQ.v.0,action_x_surprise,cut|small,bid_rel,36,1.0,0.4,0.4,0.4
NQ.v.0,action_x_surprise,cut|small,bid_rel,37,1.0,0.4,0.4,0.4
NQ.v.0,action_x_surprise,cut|small,bid_rel,38,1.0,0.4,0.4,0.4
NQ.v.0,action_x_surprise,cut|small,bid_rel,39,1.0,0.4,0.4,0.4
NQ.v.0,action_x_surprise,cut|small,bid_share,-5,1.0,0.5,0.5,0.5
NQ.v.0,action_x_surprise,cut|small,bid_share,-4,1.0,0.5,0.5,0.5
NQ.v.0,action_x_surprise,cut|small,bid_share,-3,1.0,0.5714285714285714,0.5714285714285714,0.5714285714285714
NQ.v.0,action_x_surprise,cut|small,bid_share,-2,1.0,0.5,0.5,0.5
NQ.v.0,action_x_surprise,cut|small,bid_share,-1,1.0,0.5,0.5,0.5
NQ.v.0,action_x_surprise,cut|small,bid_share,0,1.0,0.5,0.5,0.5
NQ.v.0,action_x_surprise,cut|small,bid_share,1,1.0,0.5,0.5,0.5
NQ.v.0,action_x_surprise,cut|small,bid_share,2,1.0,0.5,0.5,0.5
NQ.v.0,action_x_surprise,cut|small,bid_share,3,1.0,0.5,0.5,0.5
NQ.v.0,action_x_surprise,cut|small,bid_share,4,1.0,0.5,0.5,0.5
NQ.v.0,action_x_surprise,cut|small,bid_share,5,1.0,0.5,0.5,0.5
NQ.v.0,action_x_surprise,cut|small,bid_share,6,1.0,0.5,0.5,0.5
NQ.v.0,action_x_surprise,cut|small,bid_share,7,1.0,0.5,0.5,0.5
NQ.v.0,action_x_surprise,cut|small,bid_share,8,1.0,0.5,0.5,0.5
NQ.v.0,action_x_surprise,cut|small,bid_share,9,1.0,0.5,0.5,0.5
NQ.v.0,action_x_surprise,cut|small,bid_share,10,1.0,0.5,0.5,0.5
NQ.v.0,action_x_surprise,cut|small,bid_share,11,1.0,0.5,0.5,0.5
NQ.v.0,action_x_surprise,cut|small,bid_share,12,1.0,0.5,0.5,0.5
NQ.v.0,action_x_surprise,cut|small,bid_share,13,1.0,0.5,0.5,0.5
NQ.v.0,action_x_surprise,cut|small,bid_share,14,1.0,0.5,0.5,0.5
NQ.v.0,action_x_surprise,cut|small,bid_share,15,1.0,0.5,0.5,0.5
NQ.v.0,action_x_surprise,cut|small,bid_share,16,1.0,0.5,0.5,0.5
NQ.v.0,action_x_surprise,cut|small,bid_share,17,1.0,0.5,0.5,0.5
NQ.v.0,action_x_surprise,cut|small,bid_share,18,1.0,0.5,0.5,0.5
NQ.v.0,action_x_surprise,cut|small,bid_share,19,1.0,0.4642857142857143,0.4642857142857143,0.4642857142857143
NQ.v.0,action_x_surprise,cut|small,bid_share,20,1.0,0.5,0.5,0.5
NQ.v.0,action_x_surprise,cut|small,bid_share,21,1.0,0.5,0.5,0.5
NQ.v.0,action_x_surprise,cut|small,bid_share,22,1.0,0.5,0.5,0.5
NQ.v.0,action_x_surprise,cut|small,bid_share,23,1.0,0.5,0.5,0.5
NQ.v.0,action_x_surprise,cut|small,bid_share,24,1.0,0.5,0.5,0.5
NQ.v.0,action_x_surprise,cut|small,bid_share,25,1.0,0.5,0.5,0.5
NQ.v.0,action_x_surprise,cut|small,bid_share,26,1.0,0.5,0.5,0.5
NQ.v.0,action_x_surprise,cut|small,bid_share,27,1.0,0.5,0.5,0.5
NQ.v.0,action_x_surprise,cut|small,bid_share,28,1.0,0.5,0.5,0.5
NQ.v.0,action_x_surprise,cut|small,bid_share,29,1.0,0.5,0.5,0.5
NQ.v.0,action_x_surprise,cut|small,bid_share,30,1.0,0.5,0.5,0.5
NQ.v.0,action_x_surprise,cut|small,bid_share,31,1.0,0.5,0.5,0.5
NQ.v.0,action_x_surprise,cut|small,bid_share,32,1.0,0.5,0.5,0.5
NQ.v.0,action_x_surprise,cut|small,bid_share,33,1.0,0.5,0.5,0.5
NQ.v.0,action_x_surprise,cut|small,bid_share,34,1.0,0.5,0.5,0.5
NQ.v.0,action_x_surprise,cut|small,bid_share,35,1.0,0.5,0.5,0.5
NQ.v.0,action_x_surprise,cut|small,bid_share,36,1.0,0.5,0.5,0.5
NQ.v.0,action_x_surprise,cut|small,bid_share,37,1.0,0.5,0.5,0.5
NQ.v.0,action_x_surprise,cut|small,bid_share,38,1.0,0.5,0.5,0.5
NQ.v.0,action_x_surprise,cut|small,bid_share,39,1.0,0.5,0.5,0.5
NQ.v.0,action_x_surprise,cut|small,total_rel,-5,1.0,1.0526315789473684,1.0526315789473684,1.0526315789473684
NQ.v.0,action_x_surprise,cut|small,total_rel,-4,1.0,1.0526315789473684,1.0526315789473684,1.0526315789473684
NQ.v.0,action_x_surprise,cut|small,total_rel,-3,1.0,1.0526315789473684,1.0526315789473684,1.0526315789473684
NQ.v.0,action_x_surprise,cut|small,total_rel,-2,1.0,0.8421052631578947,0.8421052631578947,0.8421052631578947
NQ.v.0,action_x_surprise,cut|small,total_rel,-1,1.0,0.42105263157894735,0.42105263157894735,0.42105263157894735
NQ.v.0,action_x_surprise,cut|small,total_rel,0,1.0,0.8421052631578947,0.8421052631578947,0.8421052631578947
NQ.v.0,action_x_surprise,cut|small,total_rel,1,1.0,0.631578947368421,0.631578947368421,0.631578947368421
NQ.v.0,action_x_surprise,cut|small,total_rel,2,1.0,0.42105263157894735,0.42105263157894735,0.42105263157894735
NQ.v.0,action_x_surprise,cut|small,total_rel,3,1.0,0.631578947368421,0.631578947368421,0.631578947368421
NQ.v.0,action_x_surprise,cut|small,total_rel,4,1.0,0.7368421052631579,0.7368421052631579,0.7368421052631579
NQ.v.0,action_x_surprise,cut|small,total_rel,5,1.0,0.631578947368421,0.631578947368421,0.631578947368421
NQ.v.0,action_x_surprise,cut|small,total_rel,6,1.0,0.631578947368421,0.631578947368421,0.631578947368421
NQ.v.0,action_x_surprise,cut|small,total_rel,7,1.0,0.631578947368421,0.631578947368421,0.631578947368421
NQ.v.0,action_x_surprise,cut|small,total_rel,8,1.0,0.631578947368421,0.631578947368421,0.631578947368421
NQ.v.0,action_x_surprise,cut|small,total_rel,9,1.0,0.631578947368421,0.631578947368421,0.631578947368421
NQ.v.0,action_x_surprise,cut|small,total_rel,10,1.0,0.631578947368421,0.631578947368421,0.631578947368421
NQ.v.0,action_x_surprise,cut|small,total_rel,11,1.0,0.631578947368421,0.631578947368421,0.631578947368421
NQ.v.0,action_x_surprise,cut|small,total_rel,12,1.0,0.631578947368421,0.631578947368421,0.631578947368421
NQ.v.0,action_x_surprise,cut|small,total_rel,13,1.0,0.631578947368421,0.631578947368421,0.631578947368421
NQ.v.0,action_x_surprise,cut|small,total_rel,14,1.0,0.631578947368421,0.631578947368421,0.631578947368421
NQ.v.0,action_x_surprise,cut|small,total_rel,15,1.0,0.631578947368421,0.631578947368421,0.631578947368421
NQ.v.0,action_x_surprise,cut|small,total_rel,16,1.0,0.8421052631578947,0.8421052631578947,0.8421052631578947
NQ.v.0,action_x_surprise,cut|small,total_rel,17,1.0,0.8421052631578947,0.8421052631578947,0.8421052631578947
NQ.v.0,action_x_surprise,cut|small,total_rel,18,1.0,1.0526315789473684,1.0526315789473684,1.0526315789473684
NQ.v.0,action_x_surprise,cut|small,total_rel,19,1.0,1.0526315789473684,1.0526315789473684,1.0526315789473684
NQ.v.0,action_x_surprise,cut|small,total_rel,20,1.0,1.0526315789473684,1.0526315789473684,1.0526315789473684
NQ.v.0,action_x_surprise,cut|small,total_rel,21,1.0,1.0526315789473684,1.0526315789473684,1.0526315789473684
NQ.v.0,action_x_surprise,cut|small,total_rel,22,1.0,0.8421052631578947,0.8421052631578947,0.8421052631578947
NQ.v.0,action_x_surprise,cut|small,total_rel,23,1.0,0.631578947368421,0.631578947368421,0.631578947368421
NQ.v.0,action_x_surprise,cut|small,total_rel,24,1.0,0.8421052631578947,0.8421052631578947,0.8421052631578947
NQ.v.0,action_x_surprise,cut|small,total_rel,25,1.0,0.631578947368421,0.631578947368421,0.631578947368421
NQ.v.0,action_x_surprise,cut|small,total_rel,26,1.0,1.0526315789473684,1.0526315789473684,1.0526315789473684
NQ.v.0,action_x_surprise,cut|small,total_rel,27,1.0,1.0526315789473684,1.0526315789473684,1.0526315789473684
NQ.v.0,action_x_surprise,cut|small,total_rel,28,1.0,0.9473684210526315,0.9473684210526315,0.9473684210526315
NQ.v.0,action_x_surprise,cut|small,total_rel,29,1.0,0.8421052631578947,0.8421052631578947,0.8421052631578947
NQ.v.0,action_x_surprise,cut|small,total_rel,30,1.0,0.8421052631578947,0.8421052631578947,0.8421052631578947
NQ.v.0,action_x_surprise,cut|small,total_rel,31,1.0,0.8421052631578947,0.8421052631578947,0.8421052631578947
NQ.v.0,action_x_surprise,cut|small,total_rel,32,1.0,0.8421052631578947,0.8421052631578947,0.8421052631578947
NQ.v.0,action_x_surprise,cut|small,total_rel,33,1.0,0.631578947368421,0.631578947368421,0.631578947368421
NQ.v.0,action_x_surprise,cut|small,total_rel,34,1.0,0.631578947368421,0.631578947368421,0.631578947368421
NQ.v.0,action_x_surprise,cut|small,total_rel,35,1.0,0.631578947368421,0.631578947368421,0.631578947368421
NQ.v.0,action_x_surprise,cut|small,total_rel,36,1.0,0.42105263157894735,0.42105263157894735,0.42105263157894735
NQ.v.0,action_x_surprise,cut|small,total_rel,37,1.0,0.42105263157894735,0.42105263157894735,0.42105263157894735
NQ.v.0,action_x_surprise,cut|small,total_rel,38,1.0,0.5263157894736842,0.5263157894736842,0.5263157894736842
NQ.v.0,action_x_surprise,cut|small,total_rel,39,1.0,0.631578947368421,0.631578947368421,0.631578947368421
NQ.v.0,action_x_surprise,hike|large,ask_rel,-5,11.0,0.8275862068965517,0.7445887445887446,1.2380952380952381
NQ.v.0,action_x_surprise,hike|large,ask_rel,-4,11.0,1.0909090909090908,0.8888888888888888,1.1428571428571428
NQ.v.0,action_x_surprise,hike|large,ask_rel,-3,11.0,0.9142857142857143,0.8582375478927202,1.1428571428571428
NQ.v.0,action_x_surprise,hike|large,ask_rel,-2,11.0,1.1428571428571428,0.8582375478927202,1.1428571428571428
NQ.v.0,action_x_surprise,hike|large,ask_rel,-1,11.0,1.12,0.7947454844006567,1.2380952380952381
NQ.v.0,action_x_surprise,hike|large,ask_rel,0,11.0,0.5714285714285714,0.5044334975369458,0.8
NQ.v.0,action_x_surprise,hike|large,ask_rel,1,11.0,0.5714285714285714,0.5012987012987012,0.6190476190476191
NQ.v.0,action_x_surprise,hike|large,ask_rel,2,11.0,0.6666666666666666,0.5615763546798029,0.9015873015873015
NQ.v.0,action_x_surprise,hike|large,ask_rel,3,11.0,0.8888888888888888,0.5615763546798029,1.1314285714285715
NQ.v.0,action_x_surprise,hike|large,ask_rel,4,11.0,0.7619047619047619,0.5615763546798029,1.0285714285714285
NQ.v.0,action_x_surprise,hike|large,ask_rel,5,11.0,0.5714285714285714,0.49808429118773945,1.0158730158730158
NQ.v.0,action_x_surprise,hike|large,ask_rel,6,11.0,0.7619047619047619,0.5714285714285714,0.9015873015873015
NQ.v.0,action_x_surprise,hike|large,ask_rel,7,11.0,0.7619047619047619,0.5714285714285714,0.9015873015873015
NQ.v.0,action_x_surprise,hike|large,ask_rel,8,11.0,0.6896551724137931,0.5714285714285714,0.8253968253968254
NQ.v.0,action_x_surprise,hike|large,ask_rel,9,11.0,0.8888888888888888,0.6493506493506493,1.0171428571428571
NQ.v.0,action_x_surprise,hike|large,ask_rel,10,11.0,0.7619047619047619,0.5714285714285714,0.9015873015873015
NQ.v.0,action_x_surprise,hike|large,ask_rel,11,11.0,0.8275862068965517,0.5079365079365079,1.0285714285714285
NQ.v.0,action_x_surprise,hike|large,ask_rel,12,11.0,0.8,0.6493506493506493,0.8888888888888888
NQ.v.0,action_x_surprise,hike|large,ask_rel,13,11.0,0.7272727272727273,0.5714285714285714,0.870935960591133
NQ.v.0,action_x_surprise,hike|large,ask_rel,14,11.0,0.8888888888888888,0.6493506493506493,0.9961904761904762
NQ.v.0,action_x_surprise,hike|large,ask_rel,15,11.0,0.8888888888888888,0.6493506493506493,1.1428571428571428
NQ.v.0,action_x_surprise,hike|large,ask_rel,16,11.0,0.8888888888888888,0.8285714285714285,1.1428571428571428
NQ.v.0,action_x_surprise,hike|large,ask_rel,17,11.0,0.8,0.6190476190476191,1.0285714285714285
NQ.v.0,action_x_surprise,hike|large,ask_rel,18,11.0,0.8888888888888888,0.8137931034482759,1.1428571428571428
NQ.v.0,action_x_surprise,hike|large,ask_rel,19,11.0,0.8275862068965517,0.6493506493506493,1.0285714285714285
NQ.v.0,action_x_surprise,hike|large,ask_rel,20,11.0,0.8275862068965517,0.6493506493506493,1.0158730158730158
NQ.v.0,action_x_surprise,hike|large,ask_rel,21,11.0,0.7272727272727273,0.5714285714285714,0.8582375478927202
NQ.v.0,action_x_surprise,hike|large,ask_rel,22,11.0,0.5714285714285714,0.5079365079365079,1.0088669950738915
NQ.v.0,action_x_surprise,hike|large,ask_rel,23,11.0,0.7619047619047619,0.5714285714285714,0.8582375478927202
NQ.v.0,action_x_surprise,hike|large,ask_rel,24,11.0,0.8888888888888888,0.780952380952381,1.1428571428571428
NQ.v.0,action_x_surprise,hike|large,ask_rel,25,11.0,0.8,0.6493506493506493,0.9015873015873015
NQ.v.0,action_x_surprise,hike|large,ask_rel,26,11.0,0.8275862068965517,0.7445887445887446,0.9015873015873015
NQ.v.0,action_x_surprise,hike|large,ask_rel,27,11.0,0.8275862068965517,0.6493506493506493,1.0476190476190474
NQ.v.0,action_x_surprise,hike|large,ask_rel,28,11.0,0.8275862068965517,0.7445887445887446,0.8888888888888888
NQ.v.0,action_x_surprise,hike|large,ask_rel,29,11.0,0.8275862068965517,0.5584415584415584,1.0285714285714285
NQ.v.0,action_x_surprise,hike|large,ask_rel,30,11.0,0.7619047619047619,0.5079365079365079,1.0158730158730158
NQ.v.0,action_x_surprise,hike|large,ask_rel,31,11.0,0.8888888888888888,0.6666666666666666,1.1428571428571428
NQ.v.0,action_x_surprise,hike|large,ask_rel,32,11.0,0.8888888888888888,0.6493506493506493,1.0541871921182266
NQ.v.0,action_x_surprise,hike|large,ask_rel,33,11.0,0.7272727272727273,0.5714285714285714,0.9015873015873015
NQ.v.0,action_x_surprise,hike|large,ask_rel,34,11.0,0.7619047619047619,0.5615763546798029,1.0285714285714285
NQ.v.0,action_x_surprise,hike|large,ask_rel,35,11.0,0.7272727272727273,0.5714285714285714,0.8582375478927202
NQ.v.0,action_x_surprise,hike|large,ask_rel,36,11.0,0.7619047619047619,0.5079365079365079,0.873015873015873
NQ.v.0,action_x_surprise,hike|large,ask_rel,37,11.0,0.5714285714285714,0.4444444444444444,0.7947454844006567
NQ.v.0,action_x_surprise,hike|large,ask_rel,38,11.0,0.6857142857142857,0.4444444444444444,1.0541871921182266
NQ.v.0,action_x_surprise,hike|large,ask_rel,39,11.0,0.8275862068965517,0.4949494949494949,0.8857142857142857
NQ.v.0,action_x_surprise,hike|large,bid_rel,-5,11.0,1.0,0.9545762711864407,1.0454545454545454
NQ.v.0,action_x_surprise,hike|large,bid_rel,-4,11.0,1.0,0.98,1.1168831168831168
NQ.v.0,action_x_surprise,hike|large,bid_rel,-3,11.0,1.0,0.98,1.063973063973064
NQ.v.0,action_x_surprise,hike|large,bid_rel,-2,11.0,1.0,0.840677966101695,1.06
NQ.v.0,action_x_surprise,hike|large,bid_rel,-1,11.0,1.0,0.7026194144838213,1.0714285714285714
NQ.v.0,action_x_surprise,hike|large,bid_rel,0,11.0,0.5,0.45,0.8389830508474576
NQ.v.0,action_x_surprise,hike|large,bid_rel,1,11.0,0.5925925925925926,0.5,0.775
NQ.v.0,action_x_surprise,hike|large,bid_rel,2,11.0,0.5925925925925926,0.5,1.0
NQ.v.0,action_x_surprise,hike|large,bid_rel,3,11.0,0.7407407407407407,0.5,1.0
NQ.v.0,action_x_surprise,hike|large,bid_rel,4,11.0,0.5714285714285714,0.49,0.9
NQ.v.0,action_x_surprise,hike|large,bid_rel,5,11.0,0.5925925925925926,0.49,0.9745762711864407
NQ.v.0,action_x_surprise,hike|large,bid_rel,6,11.0,0.8,0.5357142857142857,0.9067796610169492
NQ.v.0,action_x_surprise,hike|large,bid_rel,7,11.0,0.8135593220338984,0.6836363636363636,0.9444444444444444
NQ.v.0,action_x_surprise,hike|large,bid_rel,8,11.0,0.5925925925925926,0.5,0.9
NQ.v.0,action_x_surprise,hike|large,bid_rel,9,11.0,0.7272727272727273,0.5357142857142857,0.9444444444444444
NQ.v.0,action_x_surprise,hike|large,bid_rel,10,11.0,0.7272727272727273,0.5357142857142857,1.0
NQ.v.0,action_x_surprise,hike|large,bid_rel,11,11.0,0.64,0.5,0.9190207156308852
NQ.v.0,action_x_surprise,hike|large,bid_rel,12,11.0,0.8888888888888888,0.5700000000000001,1.0
NQ.v.0,action_x_surprise,hike|large,bid_rel,13,11.0,0.8888888888888888,0.5357142857142857,1.0
NQ.v.0,action_x_surprise,hike|large,bid_rel,14,11.0,0.8888888888888888,0.6607142857142857,1.0
NQ.v.0,action_x_surprise,hike|large,bid_rel,15,11.0,0.8,0.582010582010582,1.0
NQ.v.0,action_x_surprise,hike|large,bid_rel,16,11.0,0.64,0.5357142857142857,1.0
NQ.v.0,action_x_surprise,hike|large,bid_rel,17,11.0,0.75,0.6599326599326599,0.98
NQ.v.0,action_x_surprise,hike|large,bid_rel,18,11.0,0.75,0.5357142857142857,0.9444444444444444
NQ.v.0,action_x_surprise,hike|large,bid_rel,19,11.0,0.8,0.6057142857142856,1.0
NQ.v.0,action_x_surprise,hike|large,bid_rel,20,11.0,0.75,0.5357142857142857,1.0
NQ.v.0,action_x_surprise,hike|large,bid_rel,21,11.0,1.0,0.6057142857142856,1.0
NQ.v.0,action_x_surprise,hike|large,bid_rel,22,11.0,0.8888888888888888,0.65,1.0
NQ.v.0,action_x_surprise,hike|large,bid_rel,23,11.0,0.64,0.5,0.8444444444444444
NQ.v.0,action_x_surprise,hike|large,bid_rel,24,11.0,0.8888888888888888,0.6836363636363636,1.0
NQ.v.0,action_x_surprise,hike|large,bid_rel,25,11.0,0.8,0.5700000000000001,1.0
NQ.v.0,action_x_surprise,hike|large,bid_rel,26,11.0,0.8,0.5700000000000001,1.0
NQ.v.0,action_x_surprise,hike|large,bid_rel,27,11.0,1.0,0.7636363636363637,1.0
NQ.v.0,action_x_surprise,hike|large,bid_rel,28,11.0,0.8,0.6836363636363636,1.0
NQ.v.0,action_x_surprise,hike|large,bid_rel,29,11.0,0.75,0.582010582010582,0.98
NQ.v.0,action_x_surprise,hike|large,bid_rel,30,11.0,0.64,0.5,0.9444444444444444
NQ.v.0,action_x_surprise,hike|large,bid_rel,31,11.0,0.8,0.5700000000000001,1.0
NQ.v.0,action_x_surprise,hike|large,bid_rel,32,11.0,0.8,0.734006734006734,1.0
NQ.v.0,action_x_surprise,hike|large,bid_rel,33,11.0,0.5714285714285714,0.5,0.8
NQ.v.0,action_x_surprise,hike|large,bid_rel,34,11.0,0.5714285714285714,0.5,0.7644444444444445
NQ.v.0,action_x_surprise,hike|large,bid_rel,35,11.0,0.8571428571428571,0.5,1.0
NQ.v.0,action_x_surprise,hike|large,bid_rel,36,11.0,0.64,0.5,0.9444444444444444
NQ.v.0,action_x_surprise,hike|large,bid_rel,37,11.0,0.5714285714285714,0.5,0.9444444444444444
NQ.v.0,action_x_surprise,hike|large,bid_rel,38,11.0,0.64,0.5,1.0714285714285714
NQ.v.0,action_x_surprise,hike|large,bid_rel,39,11.0,0.5714285714285714,0.5,0.8444444444444444
NQ.v.0,action_x_surprise,hike|large,bid_share,-5,11.0,0.5,0.5,0.5
NQ.v.0,action_x_surprise,hike|large,bid_share,-4,11.0,0.5,0.5,0.5
NQ.v.0,action_x_surprise,hike|large,bid_share,-3,11.0,0.5,0.5,0.5096153846153846
NQ.v.0,action_x_surprise,hike|large,bid_share,-2,11.0,0.5,0.43214285714285716,0.5227272727272727
NQ.v.0,action_x_surprise,hike|large,bid_share,-1,11.0,0.5,0.45,0.5359477124183006
NQ.v.0,action_x_surprise,hike|large,bid_share,0,11.0,0.5,0.5,0.5
NQ.v.0,action_x_surprise,hike|large,bid_share,1,11.0,0.5,0.5,0.5
NQ.v.0,action_x_surprise,hike|large,bid_share,2,11.0,0.5,0.5,0.5
NQ.v.0,action_x_surprise,hike|large,bid_share,3,11.0,0.5,0.5,0.5
NQ.v.0,action_x_surprise,hike|large,bid_share,4,11.0,0.5,0.5,0.5
NQ.v.0,action_x_surprise,hike|large,bid_share,5,11.0,0.5,0.5,0.5
NQ.v.0,action_x_surprise,hike|large,bid_share,6,11.0,0.5,0.5,0.5
NQ.v.0,action_x_surprise,hike|large,bid_share,7,11.0,0.5,0.5,0.5
NQ.v.0,action_x_surprise,hike|large,bid_share,8,11.0,0.5,0.5,0.5
NQ.v.0,action_x_surprise,hike|large,bid_share,9,11.0,0.5,0.5,0.5
NQ.v.0,action_x_surprise,hike|large,bid_share,10,11.0,0.5,0.5,0.5
NQ.v.0,action_x_surprise,hike|large,bid_share,11,11.0,0.5,0.5,0.5
NQ.v.0,action_x_surprise,hike|large,bid_share,12,11.0,0.5,0.5,0.5
NQ.v.0,action_x_surprise,hike|large,bid_share,13,11.0,0.5,0.5,0.5
NQ.v.0,action_x_surprise,hike|large,bid_share,14,11.0,0.5,0.5,0.5
NQ.v.0,action_x_surprise,hike|large,bid_share,15,11.0,0.5,0.5,0.5
NQ.v.0,action_x_surprise,hike|large,bid_share,16,11.0,0.5,0.5,0.5
NQ.v.0,action_x_surprise,hike|large,bid_share,17,11.0,0.5,0.5,0.5
NQ.v.0,action_x_surprise,hike|large,bid_share,18,11.0,0.5,0.5,0.5
NQ.v.0,action_x_surprise,hike|large,bid_share,19,11.0,0.5,0.5,0.5
NQ.v.0,action_x_surprise,hike|large,bid_share,20,11.0,0.5,0.5,0.5
NQ.v.0,action_x_surprise,hike|large,bid_share,21,11.0,0.5,0.5,0.5
NQ.v.0,action_x_surprise,hike|large,bid_share,22,11.0,0.5,0.48885918003565065,0.5
NQ.v.0,action_x_surprise,hike|large,bid_share,23,11.0,0.5,0.5,0.5
NQ.v.0,action_x_surprise,hike|large,bid_share,24,11.0,0.5,0.5,0.5
NQ.v.0,action_x_surprise,hike|large,bid_share,25,11.0,0.5,0.5,0.5
NQ.v.0,action_x_surprise,hike|large,bid_share,26,11.0,0.5,0.5,0.5
NQ.v.0,action_x_surprise,hike|large,bid_share,27,11.0,0.5,0.5,0.5
NQ.v.0,action_x_surprise,hike|large,bid_share,28,11.0,0.5,0.5,0.5
NQ.v.0,action_x_surprise,hike|large,bid_share,29,11.0,0.5,0.5,0.5
NQ.v.0,action_x_surprise,hike|large,bid_share,30,11.0,0.5,0.5,0.5
NQ.v.0,action_x_surprise,hike|large,bid_share,31,11.0,0.5,0.5,0.5
NQ.v.0,action_x_surprise,hike|large,bid_share,32,11.0,0.5,0.479020979020979,0.5
NQ.v.0,action_x_surprise,hike|large,bid_share,33,11.0,0.5,0.5,0.5
NQ.v.0,action_x_surprise,hike|large,bid_share,34,11.0,0.5,0.5,0.5
NQ.v.0,action_x_surprise,hike|large,bid_share,35,11.0,0.5,0.5,0.5
NQ.v.0,action_x_surprise,hike|large,bid_share,36,11.0,0.5,0.5,0.5
NQ.v.0,action_x_surprise,hike|large,bid_share,37,11.0,0.5,0.5,0.5
NQ.v.0,action_x_surprise,hike|large,bid_share,38,11.0,0.5,0.5,0.5
NQ.v.0,action_x_surprise,hike|large,bid_share,39,11.0,0.5,0.5,0.5
NQ.v.0,action_x_surprise,hike|large,total_rel,-5,11.0,0.9696969696969697,0.8705882352941177,1.0
NQ.v.0,action_x_surprise,hike|large,total_rel,-4,11.0,1.0,0.9589490968801313,1.0333333333333332
NQ.v.0,action_x_surprise,hike|large,total_rel,-3,11.0,1.0,0.9438648782911079,1.0431372549019606
NQ.v.0,action_x_surprise,hike|large,total_rel,-2,11.0,1.0,0.9244663382594417,1.0787878787878786
NQ.v.0,action_x_surprise,hike|large,total_rel,-1,11.0,0.9696969696969697,0.8423645320197044,1.0
NQ.v.0,action_x_surprise,hike|large,total_rel,0,11.0,0.7272727272727273,0.6240703177822853,0.780952380952381
NQ.v.0,action_x_surprise,hike|large,total_rel,1,11.0,0.6,0.5807962529274004,0.7543103448275862
NQ.v.0,action_x_surprise,hike|large,total_rel,2,11.0,0.6274509803921569,0.5523809523809524,0.775
NQ.v.0,action_x_surprise,hike|large,total_rel,3,11.0,0.75,0.6137254901960785,0.8242424242424242
NQ.v.0,action_x_surprise,hike|large,total_rel,4,11.0,0.7272727272727273,0.6,0.9
NQ.v.0,action_x_surprise,hike|large,total_rel,5,11.0,0.7272727272727273,0.5950819672131147,0.8470588235294119
NQ.v.0,action_x_surprise,hike|large,total_rel,6,11.0,0.7272727272727273,0.6,0.8235294117647058
NQ.v.0,action_x_surprise,hike|large,total_rel,7,11.0,0.7619047619047619,0.7386363636363636,0.8
NQ.v.0,action_x_surprise,hike|large,total_rel,8,11.0,0.75,0.6808100289296046,0.8
NQ.v.0,action_x_surprise,hike|large,total_rel,9,11.0,0.7868852459016393,0.7386363636363636,0.8
NQ.v.0,action_x_surprise,hike|large,total_rel,10,11.0,0.7272727272727273,0.6499999999999999,0.7921568627450981
NQ.v.0,action_x_surprise,hike|large,total_rel,11,11.0,0.7272727272727273,0.6137254901960785,0.8
NQ.v.0,action_x_surprise,hike|large,total_rel,12,11.0,0.75,0.660655737704918,0.7921568627450981
NQ.v.0,action_x_surprise,hike|large,total_rel,13,11.0,0.7843137254901961,0.7386363636363636,0.8
NQ.v.0,action_x_surprise,hike|large,total_rel,14,11.0,0.7868852459016393,0.7559523809523809,0.8
NQ.v.0,action_x_surprise,hike|large,total_rel,15,11.0,0.75,0.6778688524590164,0.8
NQ.v.0,action_x_surprise,hike|large,total_rel,16,11.0,0.75,0.6778688524590164,0.7921568627450981
NQ.v.0,action_x_surprise,hike|large,total_rel,17,11.0,0.8,0.7386363636363636,0.8235294117647058
NQ.v.0,action_x_surprise,hike|large,total_rel,18,11.0,0.7843137254901961,0.7136363636363636,0.8
NQ.v.0,action_x_surprise,hike|large,total_rel,19,11.0,0.7619047619047619,0.7386363636363636,0.8
NQ.v.0,action_x_surprise,hike|large,total_rel,20,11.0,0.7868852459016393,0.6773618538324421,0.8235294117647058
NQ.v.0,action_x_surprise,hike|large,total_rel,21,11.0,0.75,0.6137254901960785,0.8
NQ.v.0,action_x_surprise,hike|large,total_rel,22,11.0,0.7272727272727273,0.6,0.7921568627450981
NQ.v.0,action_x_surprise,hike|large,total_rel,23,11.0,0.7843137254901961,0.7386363636363636,0.8
NQ.v.0,action_x_surprise,hike|large,total_rel,24,11.0,0.7619047619047619,0.7029411764705882,0.8610294117647059
NQ.v.0,action_x_surprise,hike|large,total_rel,25,11.0,0.7529411764705882,0.7165775401069518,0.8
NQ.v.0,action_x_surprise,hike|large,total_rel,26,11.0,0.7529411764705882,0.6773618538324421,0.7934426229508197
NQ.v.0,action_x_surprise,hike|large,total_rel,27,11.0,0.7843137254901961,0.7386363636363636,0.8
NQ.v.0,action_x_surprise,hike|large,total_rel,28,11.0,0.8,0.7731092436974789,0.8
NQ.v.0,action_x_surprise,hike|large,total_rel,29,11.0,0.75,0.7,0.8
NQ.v.0,action_x_surprise,hike|large,total_rel,30,11.0,0.7272727272727273,0.6137254901960785,0.896516393442623
NQ.v.0,action_x_surprise,hike|large,total_rel,31,11.0,0.7868852459016393,0.7401069518716578,0.8
NQ.v.0,action_x_surprise,hike|large,total_rel,32,11.0,0.7868852459016393,0.6773618538324421,0.8
NQ.v.0,action_x_surprise,hike|large,total_rel,33,11.0,0.75,0.6294117647058823,0.7934426229508197
NQ.v.0,action_x_surprise,hike|large,total_rel,34,11.0,0.75,0.6137254901960785,0.8
NQ.v.0,action_x_surprise,hike|large,total_rel,35,11.0,0.7843137254901961,0.6636363636363636,0.8235294117647058
NQ.v.0,action_x_surprise,hike|large,total_rel,36,11.0,0.75,0.6137254901960785,0.8
NQ.v.0,action_x_surprise,hike|large,total_rel,37,11.0,0.75,0.6,0.7934426229508197
NQ.v.0,action_x_surprise,hike|large,total_rel,38,11.0,0.6274509803921569,0.6,0.8848484848484849
NQ.v.0,action_x_surprise,hike|large,total_rel,39,11.0,0.75,0.5857142857142856,0.7921568627450981
NQ.v.0,action_x_surprise,hike|medium,ask_rel,-5,6.0,1.1714285714285713,1.0357142857142856,1.279591836734694
NQ.v.0,action_x_surprise,hike|medium,ask_rel,-4,6.0,1.0,0.9846938775510203,1.05
NQ.v.0,action_x_surprise,hike|medium,ask_rel,-3,6.0,0.9285714285714286,0.8142857142857143,1.0
NQ.v.0,action_x_surprise,hike|medium,ask_rel,-2,6.0,0.9285714285714286,0.8142857142857143,1.0
NQ.v.0,action_x_surprise,hike|medium,ask_rel,-1,6.0,0.7857142857142857,0.5102040816326531,1.0
NQ.v.0,action_x_surprise,hike|medium,ask_rel,0,6.0,0.4857142857142857,0.34489795918367344,0.8928571428571428
NQ.v.0,action_x_surprise,hike|medium,ask_rel,1,6.0,0.6938775510204082,0.5428571428571428,0.9540816326530612
NQ.v.0,action_x_surprise,hike|medium,ask_rel,2,6.0,0.8081632653061225,0.6285714285714286,0.9540816326530612
NQ.v.0,action_x_surprise,hike|medium,ask_rel,3,6.0,0.8081632653061225,0.7357142857142858,0.9540816326530612
NQ.v.0,action_x_surprise,hike|medium,ask_rel,4,6.0,0.8285714285714285,0.6897959183673469,0.9642857142857143
NQ.v.0,action_x_surprise,hike|medium,ask_rel,5,6.0,0.8367346938775511,0.8040816326530613,0.9642857142857143
NQ.v.0,action_x_surprise,hike|medium,ask_rel,6,6.0,1.0,0.9846938775510203,1.0
NQ.v.0,action_x_surprise,hike|medium,ask_rel,7,6.0,0.9183673469387754,0.8142857142857143,0.9948979591836735
NQ.v.0,action_x_surprise,hike|medium,ask_rel,8,6.0,0.8489795918367347,0.6285714285714286,0.9744897959183674
NQ.v.0,action_x_surprise,hike|medium,ask_rel,9,6.0,0.9285714285714286,0.826530612244898,1.0
NQ.v.0,action_x_surprise,hike|medium,ask_rel,10,6.0,0.9081632653061225,0.6326530612244898,1.0
NQ.v.0,action_x_surprise,hike|medium,ask_rel,11,6.0,0.8265306122448979,0.5918367346938775,1.0
NQ.v.0,action_x_surprise,hike|medium,ask_rel,12,6.0,1.0,0.7397959183673469,1.0
NQ.v.0,action_x_surprise,hike|medium,ask_rel,13,6.0,0.9897959183673469,0.8877551020408163,1.0
NQ.v.0,action_x_surprise,hike|medium,ask_rel,14,6.0,1.0714285714285714,0.9846938775510203,1.3357142857142856
NQ.v.0,action_x_surprise,hike|medium,ask_rel,15,6.0,1.0,0.8928571428571428,1.2295918367346939
NQ.v.0,action_x_surprise,hike|medium,ask_rel,16,6.0,1.2,0.8928571428571428,1.4520408163265306
NQ.v.0,action_x_surprise,hike|medium,ask_rel,17,6.0,0.9285714285714286,0.8142857142857143,1.2295918367346939
NQ.v.0,action_x_surprise,hike|medium,ask_rel,18,6.0,1.0816326530612244,0.8142857142857143,1.526530612244898
NQ.v.0,action_x_surprise,hike|medium,ask_rel,19,6.0,1.3775510204081634,1.1214285714285714,1.5673469387755103
NQ.v.0,action_x_surprise,hike|medium,ask_rel,20,6.0,1.1863945578231292,0.9095238095238095,1.526530612244898
NQ.v.0,action_x_surprise,hike|medium,ask_rel,21,6.0,1.2244897959183674,1.0357142857142856,1.676530612244898
NQ.v.0,action_x_surprise,hike|medium,ask_rel,22,6.0,1.1428571428571428,1.0857142857142856,1.7857142857142856
NQ.v.0,action_x_surprise,hike|medium,ask_rel,23,6.0,1.510204081632653,1.126530612244898,1.9285714285714286
NQ.v.0,action_x_surprise,hike|medium,ask_rel,24,6.0,1.306122448979592,1.0357142857142856,1.8673469387755102
NQ.v.0,action_x_surprise,hike|medium,ask_rel,25,6.0,1.4489795918367347,1.1071428571428572,1.8673469387755102
NQ.v.0,action_x_surprise,hike|medium,ask_rel,26,6.0,1.1863945578231292,1.0166666666666666,1.526530612244898
NQ.v.0,action_x_surprise,hike|medium,ask_rel,27,6.0,1.0,0.8928571428571428,1.3520408163265307
NQ.v.0,action_x_surprise,hike|medium,ask_rel,28,6.0,1.2346938775510203,0.8928571428571428,1.5673469387755103
NQ.v.0,action_x_surprise,hike|medium,ask_rel,29,6.0,1.0,0.8928571428571428,1.15
NQ.v.0,action_x_surprise,hike|medium,ask_rel,30,6.0,1.0714285714285714,1.0,1.2040816326530612
NQ.v.0,action_x_surprise,hike|medium,ask_rel,31,6.0,1.0714285714285714,1.0,1.4489795918367347
NQ.v.0,action_x_surprise,hike|medium,ask_rel,32,6.0,1.306122448979592,0.6857142857142857,1.5673469387755103
NQ.v.0,action_x_surprise,hike|medium,ask_rel,33,6.0,0.9285714285714286,0.6142857142857143,1.2908163265306123
NQ.v.0,action_x_surprise,hike|medium,ask_rel,34,6.0,0.9285714285714286,0.6142857142857143,1.4500000000000002
NQ.v.0,action_x_surprise,hike|medium,ask_rel,35,6.0,1.0714285714285714,0.65,1.1857142857142857
NQ.v.0,action_x_surprise,hike|medium,ask_rel,36,6.0,0.9285714285714286,0.6142857142857143,1.15
NQ.v.0,action_x_surprise,hike|medium,ask_rel,37,6.0,1.0714285714285714,0.65,1.1857142857142857
NQ.v.0,action_x_surprise,hike|medium,ask_rel,38,6.0,1.0714285714285714,0.65,1.1857142857142857
NQ.v.0,action_x_surprise,hike|medium,ask_rel,39,6.0,0.9,0.6,1.0
NQ.v.0,action_x_surprise,hike|medium,bid_rel,-5,6.0,1.1714285714285713,1.0357142857142856,1.2999999999999998
NQ.v.0,action_x_surprise,hike|medium,bid_rel,-4,6.0,1.0,0.9318181818181818,1.05
NQ.v.0,action_x_surprise,hike|medium,bid_rel,-3,6.0,0.9,0.8,1.0
NQ.v.0,action_x_surprise,hike|medium,bid_rel,-2,6.0,0.9,0.8,1.0
NQ.v.0,action_x_surprise,hike|medium,bid_rel,-1,6.0,0.6857142857142857,0.4155844155844156,0.95
NQ.v.0,action_x_surprise,hike|medium,bid_rel,0,6.0,0.6038961038961039,0.44285714285714284,0.9090909090909091
NQ.v.0,action_x_surprise,hike|medium,bid_rel,1,6.0,0.7402597402597402,0.5428571428571428,0.9772727272727273
NQ.v.0,action_x_surprise,hike|medium,bid_rel,2,6.0,0.8545454545454545,0.6285714285714286,0.9772727272727273
NQ.v.0,action_x_surprise,hike|medium,bid_rel,3,6.0,0.8831168831168831,0.8142857142857143,0.9772727272727273
NQ.v.0,action_x_surprise,hike|medium,bid_rel,4,6.0,0.8831168831168831,0.8142857142857143,0.9772727272727273
NQ.v.0,action_x_surprise,hike|medium,bid_rel,5,6.0,0.8831168831168831,0.8142857142857143,0.9772727272727273
NQ.v.0,action_x_surprise,hike|medium,bid_rel,6,6.0,0.9285714285714286,0.8142857142857143,1.0
NQ.v.0,action_x_surprise,hike|medium,bid_rel,7,6.0,0.8831168831168831,0.8142857142857143,0.9772727272727273
NQ.v.0,action_x_surprise,hike|medium,bid_rel,8,6.0,0.8545454545454545,0.6285714285714286,0.9772727272727273
NQ.v.0,action_x_surprise,hike|medium,bid_rel,9,6.0,0.9285714285714286,0.7597402597402597,1.0
NQ.v.0,action_x_surprise,hike|medium,bid_rel,10,6.0,0.8636363636363636,0.6103896103896104,1.0
NQ.v.0,action_x_surprise,hike|medium,bid_rel,11,6.0,0.8636363636363636,0.6103896103896104,1.0
NQ.v.0,action_x_surprise,hike|medium,bid_rel,12,6.0,0.7857142857142857,0.551948051948052,1.0
NQ.v.0,action_x_surprise,hike|medium,bid_rel,13,6.0,0.8636363636363636,0.6103896103896104,1.0
NQ.v.0,action_x_surprise,hike|medium,bid_rel,14,6.0,1.0,0.8928571428571428,1.2045454545454546
NQ.v.0,action_x_surprise,hike|medium,bid_rel,15,6.0,1.2272727272727273,0.8928571428571428,1.5636363636363637
NQ.v.0,action_x_surprise,hike|medium,bid_rel,16,6.0,1.0,0.8500000000000001,1.4500000000000002
NQ.v.0,action_x_surprise,hike|medium,bid_rel,17,6.0,0.9285714285714286,0.8142857142857143,1.3409090909090908
NQ.v.0,action_x_surprise,hike|medium,bid_rel,18,6.0,1.1696969696969697,0.9095238095238095,1.4431818181818181
NQ.v.0,action_x_surprise,hike|medium,bid_rel,19,6.0,1.344155844155844,1.0857142857142856,1.5863636363636364
NQ.v.0,action_x_surprise,hike|medium,bid_rel,20,6.0,1.215151515151515,1.0166666666666666,1.4659090909090908
NQ.v.0,action_x_surprise,hike|medium,bid_rel,21,6.0,1.0333333333333332,1.0,1.4939393939393941
NQ.v.0,action_x_surprise,hike|medium,bid_rel,22,6.0,1.2987012987012987,1.0857142857142856,1.8636363636363638
NQ.v.0,action_x_surprise,hike|medium,bid_rel,23,6.0,1.2987012987012987,1.0857142857142856,1.5636363636363637
NQ.v.0,action_x_surprise,hike|medium,bid_rel,24,6.0,1.3515151515151516,1.0166666666666666,1.9090909090909092
NQ.v.0,action_x_surprise,hike|medium,bid_rel,25,6.0,1.4090909090909092,1.0,1.9545454545454546
NQ.v.0,action_x_surprise,hike|medium,bid_rel,26,6.0,1.3333333333333335,1.0166666666666666,1.7636363636363637
NQ.v.0,action_x_surprise,hike|medium,bid_rel,27,6.0,1.3,0.8928571428571428,1.7636363636363637
NQ.v.0,action_x_surprise,hike|medium,bid_rel,28,6.0,1.1,0.8928571428571428,1.5272727272727273
NQ.v.0,action_x_surprise,hike|medium,bid_rel,29,6.0,1.1,0.8928571428571428,1.3909090909090909
NQ.v.0,action_x_surprise,hike|medium,bid_rel,30,6.0,1.0,0.8928571428571428,1.15
NQ.v.0,action_x_surprise,hike|medium,bid_rel,31,6.0,1.0714285714285714,0.65,1.3766233766233766
NQ.v.0,action_x_surprise,hike|medium,bid_rel,32,6.0,1.0,0.8928571428571428,1.3409090909090908
NQ.v.0,action_x_surprise,hike|medium,bid_rel,33,6.0,0.9285714285714286,0.7142857142857142,1.0681818181818181
NQ.v.0,action_x_surprise,hike|medium,bid_rel,34,6.0,1.0714285714285714,0.65,1.1857142857142857
NQ.v.0,action_x_surprise,hike|medium,bid_rel,35,6.0,0.9285714285714286,0.6142857142857143,1.15
NQ.v.0,action_x_surprise,hike|medium,bid_rel,36,6.0,1.0714285714285714,0.65,1.1857142857142857
NQ.v.0,action_x_surprise,hike|medium,bid_rel,37,6.0,1.0714285714285714,0.65,1.1857142857142857
NQ.v.0,action_x_surprise,hike|medium,bid_rel,38,6.0,1.0714285714285714,0.65,1.1857142857142857
NQ.v.0,action_x_surprise,hike|medium,bid_rel,39,6.0,0.9,0.6,1.0
NQ.v.0,action_x_surprise,hike|medium,bid_share,-5,6.0,0.5227272727272727,0.5,0.5863636363636363
NQ.v.0,action_x_surprise,hike|medium,bid_share,-4,6.0,0.5,0.4497767857142857,0.5
NQ.v.0,action_x_surprise,hike|medium,bid_share,-3,6.0,0.5,0.42500000000000004,0.5
NQ.v.0,action_x_surprise,hike|medium,bid_share,-2,6.0,0.5,0.5,0.5535714285714286
NQ.v.0,action_x_surprise,hike|medium,bid_share,-1,6.0,0.5,0.42500000000000004,0.5
NQ.v.0,action_x_surprise,hike|medium,bid_share,0,6.0,0.5,0.5,0.5
NQ.v.0,action_x_surprise,hike|medium,bid_share,1,6.0,0.5,0.5,0.5
NQ.v.0,action_x_surprise,hike|medium,bid_share,2,6.0,0.5,0.5,0.5
NQ.v.0,action_x_surprise,hike|medium,bid_share,3,6.0,0.5,0.5,0.5
NQ.v.0,action_x_surprise,hike|medium,bid_share,4,6.0,0.5,0.5,0.5
NQ.v.0,action_x_surprise,hike|medium,bid_share,5,6.0,0.5,0.47307692307692306,0.5125
NQ.v.0,action_x_surprise,hike|medium,bid_share,6,6.0,0.5,0.4464285714285714,0.5
NQ.v.0,action_x_surprise,hike|medium,bid_share,7,6.0,0.5,0.5,0.5
NQ.v.0,action_x_surprise,hike|medium,bid_share,8,6.0,0.5,0.5,0.5
NQ.v.0,action_x_surprise,hike|medium,bid_share,9,6.0,0.5,0.5,0.5
NQ.v.0,action_x_surprise,hike|medium,bid_share,10,6.0,0.5,0.4732142857142857,0.5
NQ.v.0,action_x_surprise,hike|medium,bid_share,11,6.0,0.5,0.5,0.5
NQ.v.0,action_x_surprise,hike|medium,bid_share,12,6.0,0.5,0.48295454545454547,0.5
NQ.v.0,action_x_surprise,hike|medium,bid_share,13,6.0,0.48214285714285715,0.45527597402597403,0.5
NQ.v.0,action_x_surprise,hike|medium,bid_share,14,6.0,0.5,0.5,0.5
NQ.v.0,action_x_surprise,hike|medium,bid_share,15,6.0,0.5,0.5,0.5
NQ.v.0,action_x_surprise,hike|medium,bid_share,16,6.0,0.5,0.4925,0.5
NQ.v.0,action_x_surprise,hike|medium,bid_share,17,6.0,0.5,0.5,0.5
NQ.v.0,action_x_surprise,hike|medium,bid_share,18,6.0,0.5,0.5,0.5
NQ.v.0,action_x_surprise,hike|medium,bid_share,19,6.0,0.5,0.5,0.5
NQ.v.0,action_x_surprise,hike|medium,bid_share,20,6.0,0.5,0.5,0.5
NQ.v.0,action_x_surprise,hike|medium,bid_share,21,6.0,0.5,0.5,0.5208978328173375
NQ.v.0,action_x_surprise,hike|medium,bid_share,22,6.0,0.5,0.4855769230769231,0.5
NQ.v.0,action_x_surprise,hike|medium,bid_share,23,6.0,0.5,0.5,0.5214285714285715
NQ.v.0,action_x_surprise,hike|medium,bid_share,24,6.0,0.5,0.4855769230769231,0.5
NQ.v.0,action_x_surprise,hike|medium,bid_share,25,6.0,0.5,0.5,0.5170807453416149
NQ.v.0,action_x_surprise,hike|medium,bid_share,26,6.0,0.5,0.46853146853146854,0.5
NQ.v.0,action_x_surprise,hike|medium,bid_share,27,6.0,0.5,0.5,0.5150966183574879
NQ.v.0,action_x_surprise,hike|medium,bid_share,28,6.0,0.5,0.5,0.5
NQ.v.0,action_x_surprise,hike|medium,bid_share,29,6.0,0.5,0.5,0.5
NQ.v.0,action_x_surprise,hike|medium,bid_share,30,6.0,0.5,0.5,0.5
NQ.v.0,action_x_surprise,hike|medium,bid_share,31,6.0,0.5,0.5,0.5
NQ.v.0,action_x_surprise,hike|medium,bid_share,32,6.0,0.5,0.5,0.5
NQ.v.0,action_x_surprise,hike|medium,bid_share,33,6.0,0.5,0.47916666666666663,0.5
NQ.v.0,action_x_surprise,hike|medium,bid_share,34,6.0,0.5,0.4868181818181818,0.5
NQ.v.0,action_x_surprise,hike|medium,bid_share,35,6.0,0.5,0.5,0.5
NQ.v.0,action_x_surprise,hike|medium,bid_share,36,6.0,0.5,0.5,0.5
NQ.v.0,action_x_surprise,hike|medium,bid_share,37,6.0,0.5,0.46354166666666663,0.5
NQ.v.0,action_x_surprise,hike|medium,bid_share,38,6.0,0.5,0.5,0.5
NQ.v.0,action_x_surprise,hike|medium,bid_share,39,6.0,0.5,0.5,0.5
NQ.v.0,action_x_surprise,hike|medium,total_rel,-5,6.0,1.0686886708296164,1.013157894736842,1.1942633637548892
NQ.v.0,action_x_surprise,hike|medium,total_rel,-4,6.0,1.026315789473684,0.961864406779661,1.140080971659919
NQ.v.0,action_x_surprise,hike|medium,total_rel,-3,6.0,0.9705882352941176,0.881447963800905,1.0147058823529411
NQ.v.0,action_x_surprise,hike|medium,total_rel,-2,6.0,0.9112662013958126,0.7741851368970013,0.9852941176470589
NQ.v.0,action_x_surprise,hike|medium,total_rel,-1,6.0,0.831400535236396,0.5054835493519442,1.0572755417956656
NQ.v.0,action_x_surprise,hike|medium,total_rel,0,6.0,0.6547725245316681,0.5108359133126935,0.8753738783649052
NQ.v.0,action_x_surprise,hike|medium,total_rel,1,6.0,0.7079463364293086,0.6155218554861731,0.9019607843137255
NQ.v.0,action_x_surprise,hike|medium,total_rel,2,6.0,0.8398190045248869,0.6582995951417003,0.9411764705882353
NQ.v.0,action_x_surprise,hike|medium,total_rel,3,6.0,0.8328173374613003,0.8160518444666003,0.9164086687306501
NQ.v.0,action_x_surprise,hike|medium,total_rel,4,6.0,0.760035682426405,0.6694915254237288,0.9164086687306501
NQ.v.0,action_x_surprise,hike|medium,total_rel,5,6.0,0.8773678963110668,0.732801595214357,0.9458204334365324
NQ.v.0,action_x_surprise,hike|medium,total_rel,6,6.0,0.9451645064805583,0.8529411764705882,0.9872881355932204
NQ.v.0,action_x_surprise,hike|medium,total_rel,7,6.0,0.9451645064805583,0.8529411764705882,0.9872881355932204
NQ.v.0,action_x_surprise,hike|medium,total_rel,8,6.0,0.8823529411764706,0.7143569292123628,0.9852941176470589
NQ.v.0,action_x_surprise,hike|medium,total_rel,9,6.0,0.9112662013958126,0.6909272183449651,0.9852941176470589
NQ.v.0,action_x_surprise,hike|medium,total_rel,10,6.0,0.8095712861415753,0.6400797607178464,0.9852941176470589
NQ.v.0,action_x_surprise,hike|medium,total_rel,11,6.0,0.843469591226321,0.6570289132602194,0.9852941176470589
NQ.v.0,action_x_surprise,hike|medium,total_rel,12,6.0,0.843469591226321,0.6570289132602194,0.9852941176470589
NQ.v.0,action_x_surprise,hike|medium,total_rel,13,6.0,0.8431372549019608,0.5930541708208708,0.9852941176470589
NQ.v.0,action_x_surprise,hike|medium,total_rel,14,6.0,0.9745762711864407,0.9431704885343968,1.1029411764705883
NQ.v.0,action_x_surprise,hike|medium,total_rel,15,6.0,0.9705882352941176,0.8454636091724825,1.1323529411764706
NQ.v.0,action_x_surprise,hike|medium,total_rel,16,6.0,0.9705882352941176,0.7891402714932128,1.1617647058823528
NQ.v.0,action_x_surprise,hike|medium,total_rel,17,6.0,0.8773678963110668,0.7572359843546285,0.9852941176470589
NQ.v.0,action_x_surprise,hike|medium,total_rel,18,6.0,0.9307692307692308,0.7447963800904978,1.073529411764706
NQ.v.0,action_x_surprise,hike|medium,total_rel,19,6.0,1.1101694915254239,0.8961538461538462,1.2756729810568297
NQ.v.0,action_x_surprise,hike|medium,total_rel,20,6.0,1.053921568627451,0.9276018099547512,1.232843137254902
NQ.v.0,action_x_surprise,hike|medium,total_rel,21,6.0,1.1020272515785976,0.9431704885343968,1.3137254901960784
NQ.v.0,action_x_surprise,hike|medium,total_rel,22,6.0,0.9923076923076923,0.9580182529335072,1.0147058823529411
NQ.v.0,action_x_surprise,hike|medium,total_rel,23,6.0,1.2549019607843137,1.032579185520362,1.350282485875706
NQ.v.0,action_x_surprise,hike|medium,total_rel,24,6.0,0.9923076923076923,0.9580182529335072,1.1911764705882353
NQ.v.0,action_x_surprise,hike|medium,total_rel,25,6.0,1.1257062146892656,0.9173402868318123,1.4093137254901962
NQ.v.0,action_x_surprise,hike|medium,total_rel,26,6.0,0.9705882352941176,0.881447963800905,1.1617647058823528
NQ.v.0,action_x_surprise,hike|medium,total_rel,27,6.0,0.9117647058823529,0.8160518444666003,1.3088235294117647
NQ.v.0,action_x_surprise,hike|medium,total_rel,28,6.0,0.9705882352941176,0.8454636091724825,1.073529411764706
NQ.v.0,action_x_surprise,hike|medium,total_rel,29,6.0,0.9745762711864407,0.9431704885343968,1.0441176470588236
NQ.v.0,action_x_surprise,hike|medium,total_rel,30,6.0,0.9745762711864407,0.7666999002991027,1.073529411764706
NQ.v.0,action_x_surprise,hike|medium,total_rel,31,6.0,1.042372881355932,0.7794117647058824,1.271186440677966
NQ.v.0,action_x_surprise,hike|medium,total_rel,32,6.0,0.9745762711864407,0.7666999002991027,1.1911764705882353
NQ.v.0,action_x_surprise,hike|medium,total_rel,33,6.0,0.9067796610169492,0.732801595214357,1.073529411764706
NQ.v.0,action_x_surprise,hike|medium,total_rel,34,6.0,0.9745762711864407,0.6988265971316819,1.3088235294117647
NQ.v.0,action_x_surprise,hike|medium,total_rel,35,6.0,0.807909604519774,0.6282051282051282,1.119641076769691
NQ.v.0,action_x_surprise,hike|medium,total_rel,36,6.0,0.9745762711864407,0.6065189048239896,1.25
NQ.v.0,action_x_surprise,hike|medium,total_rel,37,6.0,0.9215686274509804,0.5358974358974359,1.2093718843469592
NQ.v.0,action_x_surprise,hike|medium,total_rel,38,6.0,0.807909604519774,0.5358974358974359,1.1784646061814557
NQ.v.0,action_x_surprise,hike|medium,total_rel,39,6.0,0.7401129943502824,0.6282051282051282,0.9928635147190008
NQ.v.0,action_x_surprise,hike|small,ask_rel,-5,4.0,0.7243243243243244,0.5517038777908343,0.8857142857142857
NQ.v.0,action_x_surprise,hike|small,ask_rel,-4,4.0,1.664864864864865,1.5571428571428572,1.7320799059929495
NQ.v.0,action_x_surprise,hike|small,ask_rel,-3,4.0,0.8285714285714285,0.7621621621621621,0.9472049689440993
NQ.v.0,action_x_surprise,hike|small,ask_rel,-2,4.0,0.791304347826087,0.7298136645962733,0.8432432432432433
NQ.v.0,action_x_surprise,hike|small,ask_rel,-1,4.0,0.555984555984556,0.427144535840188,0.6285714285714286
NQ.v.0,action_x_surprise,hike|small,ask_rel,0,4.0,0.61003861003861,0.4720496894409938,0.6864864864864866
NQ.v.0,action_x_surprise,hike|small,ask_rel,1,4.0,0.7243243243243244,0.5299647473560517,0.8142857142857143
NQ.v.0,action_x_surprise,hike|small,ask_rel,2,4.0,0.9405405405405406,0.6434782608695653,1.2393822393822393
NQ.v.0,action_x_surprise,hike|small,ask_rel,3,4.0,1.416988416988417,1.0975323149236194,1.4714285714285715
NQ.v.0,action_x_surprise,hike|small,ask_rel,4,4.0,1.3405405405405406,0.854289071680376,1.6285714285714286
NQ.v.0,action_x_surprise,hike|small,ask_rel,5,4.0,1.2548262548262548,0.854289071680376,1.4714285714285715
NQ.v.0,action_x_surprise,hike|small,ask_rel,6,4.0,1.2864864864864867,0.7949471210340776,1.6285714285714286
NQ.v.0,action_x_surprise,hike|small,ask_rel,7,4.0,1.2324324324324325,0.6921269095182139,1.6285714285714286
NQ.v.0,action_x_surprise,hike|small,ask_rel,8,4.0,1.1467181467181469,0.7138660399529966,1.4714285714285715
NQ.v.0,action_x_surprise,hike|small,ask_rel,9,4.0,1.2548262548262548,0.8760282021151586,1.4714285714285715
NQ.v.0,action_x_surprise,hike|small,ask_rel,10,4.0,1.4486486486486487,1.038190364277321,1.6285714285714286
NQ.v.0,action_x_surprise,hike|small,ask_rel,11,4.0,1.6108108108108108,1.2652173913043478,1.6447876447876448
NQ.v.0,action_x_surprise,hike|small,ask_rel,12,4.0,1.3945945945945946,0.9353701527614572,1.6285714285714286
NQ.v.0,action_x_surprise,hike|small,ask_rel,13,4.0,1.4486486486486487,1.038190364277321,1.6285714285714286
NQ.v.0,action_x_surprise,hike|small,ask_rel,14,4.0,1.657142857142857,1.2652173913043478,1.7722007722007722
NQ.v.0,action_x_surprise,hike|small,ask_rel,15,4.0,1.772972972972973,1.2869565217391306,1.9594594594594597
NQ.v.0,action_x_surprise,hike|small,ask_rel,16,4.0,1.9891891891891893,1.2869565217391306,2.390926640926641
NQ.v.0,action_x_surprise,hike|small,ask_rel,17,4.0,1.8,1.2652173913043478,2.0405405405405403
NQ.v.0,action_x_surprise,hike|small,ask_rel,18,4.0,1.772972972972973,1.2978260869565217,2.0666023166023164
NQ.v.0,action_x_surprise,hike|small,ask_rel,19,4.0,1.664864864864865,1.2869565217391306,1.975868725868726
NQ.v.0,action_x_surprise,hike|small,ask_rel,20,4.0,1.772972972972973,1.308695652173913,2.173745173745174
NQ.v.0,action_x_surprise,hike|small,ask_rel,21,4.0,1.9428571428571428,1.2869565217391306,2.795366795366795
NQ.v.0,action_x_surprise,hike|small,ask_rel,22,4.0,2.085714285714286,1.2869565217391306,2.5772200772200775
NQ.v.0,action_x_surprise,hike|small,ask_rel,23,4.0,1.7189189189189191,1.2869565217391306,1.94980694980695
NQ.v.0,action_x_surprise,hike|small,ask_rel,24,4.0,1.5567567567567568,1.200352526439483,1.7000000000000002
NQ.v.0,action_x_surprise,hike|small,ask_rel,25,4.0,1.156756756756757,0.6652173913043479,1.7422779922779923
NQ.v.0,action_x_surprise,hike|small,ask_rel,26,4.0,1.772972972972973,1.2652173913043478,2.138030888030888
NQ.v.0,action_x_surprise,hike|small,ask_rel,27,4.0,1.4486486486486487,1.038190364277321,1.842857142857143
NQ.v.0,action_x_surprise,hike|small,ask_rel,28,4.0,1.8810810810810812,1.2869565217391306,2.193050193050193
NQ.v.0,action_x_surprise,hike|small,ask_rel,29,4.0,1.5142857142857142,1.1366459627329193,1.6324324324324326
NQ.v.0,action_x_surprise,hike|small,ask_rel,30,4.0,1.7189189189189191,1.2652173913043478,1.914092664092664
NQ.v.0,action_x_surprise,hike|small,ask_rel,31,4.0,1.772972972972973,1.2652173913043478,2.030888030888031
NQ.v.0,action_x_surprise,hike|small,ask_rel,32,4.0,1.5567567567567568,1.2220916568742657,1.842857142857143
NQ.v.0,action_x_surprise,hike|small,ask_rel,33,4.0,1.3405405405405406,0.8760282021151586,1.7000000000000002
NQ.v.0,action_x_surprise,hike|small,ask_rel,34,4.0,1.4486486486486487,1.038190364277321,1.7357142857142858
NQ.v.0,action_x_surprise,hike|small,ask_rel,35,4.0,1.2571428571428571,0.6652173913043479,1.8262548262548262
NQ.v.0,action_x_surprise,hike|small,ask_rel,36,4.0,1.3285714285714287,0.6652173913043479,2.095559845559846
NQ.v.0,action_x_surprise,hike|small,ask_rel,37,4.0,1.4714285714285715,0.6652173913043479,2.1476833976833976
NQ.v.0,action_x_surprise,hike|small,ask_rel,38,4.0,1.156756756756757,0.6652173913043479,1.5637065637065637
NQ.v.0,action_x_surprise,hike|small,ask_rel,39,4.0,1.4486486486486487,1.038190364277321,1.6285714285714286
NQ.v.0,action_x_surprise,hike|small,bid_rel,-5,4.0,0.9411764705882353,0.6881419234360411,1.215686274509804
NQ.v.0,action_x_surprise,hike|small,bid_rel,-4,4.0,1.3725490196078431,1.3174603174603174,1.4411764705882353
NQ.v.0,action_x_surprise,hike|small,bid_rel,-3,4.0,0.7338935574229692,0.696078431372549,0.865546218487395
NQ.v.0,action_x_surprise,hike|small,bid_rel,-2,4.0,0.6862745098039216,0.6470588235294117,0.8627450980392157
NQ.v.0,action_x_surprise,hike|small,bid_rel,-1,4.0,0.4117647058823529,0.32819794584500467,0.5196078431372548
NQ.v.0,action_x_surprise,hike|small,bid_rel,0,4.0,0.5238095238095237,0.3445378151260504,0.6764705882352942
NQ.v.0,action_x_surprise,hike|small,bid_rel,1,4.0,0.5555555555555556,0.4215686274509804,0.6764705882352942
NQ.v.0,action_x_surprise,hike|small,bid_rel,2,4.0,1.0326797385620914,0.7843137254901961,1.215686274509804
NQ.v.0,action_x_surprise,hike|small,bid_rel,3,4.0,1.0326797385620914,0.7843137254901961,1.215686274509804
NQ.v.0,action_x_surprise,hike|small,bid_rel,4,4.0,1.172735760971055,0.6414565826330532,1.6519607843137254
NQ.v.0,action_x_surprise,hike|small,bid_rel,5,4.0,0.842203548085901,0.49859943977591037,1.215686274509804
NQ.v.0,action_x_surprise,hike|small,bid_rel,6,4.0,1.0196078431372548,0.704014939309057,1.3529411764705883
NQ.v.0,action_x_surprise,hike|small,bid_rel,7,4.0,0.9411764705882353,0.6563958916900093,1.215686274509804
NQ.v.0,action_x_surprise,hike|small,bid_rel,8,4.0,0.8235294117647058,0.6881419234360411,1.0392156862745097
NQ.v.0,action_x_surprise,hike|small,bid_rel,9,4.0,0.969187675070028,0.7478991596638656,1.215686274509804
NQ.v.0,action_x_surprise,hike|small,bid_rel,10,4.0,0.969187675070028,0.7478991596638656,1.215686274509804
NQ.v.0,action_x_surprise,hike|small,bid_rel,11,4.0,1.096171802054155,0.938375350140056,1.215686274509804
NQ.v.0,action_x_surprise,hike|small,bid_rel,12,4.0,0.8515406162464986,0.7478991596638656,1.0392156862745097
NQ.v.0,action_x_surprise,hike|small,bid_rel,13,4.0,1.0196078431372548,0.6563958916900093,1.3823529411764706
NQ.v.0,action_x_surprise,hike|small,bid_rel,14,4.0,1.096171802054155,0.938375350140056,1.3823529411764706
NQ.v.0,action_x_surprise,hike|small,bid_rel,15,4.0,1.2063492063492063,0.9859943977591036,1.3529411764705883
NQ.v.0,action_x_surprise,hike|small,bid_rel,16,4.0,1.3015873015873014,1.1876750700280112,1.5
NQ.v.0,action_x_surprise,hike|small,bid_rel,17,4.0,1.2698412698412698,1.1400560224089635,1.5
NQ.v.0,action_x_surprise,hike|small,bid_rel,18,4.0,1.2549019607843137,1.1521942110177403,1.5294117647058822
NQ.v.0,action_x_surprise,hike|small,bid_rel,19,4.0,1.2380952380952381,1.0924369747899159,1.5
NQ.v.0,action_x_surprise,hike|small,bid_rel,20,4.0,1.2380952380952381,1.0924369747899159,1.4705882352941175
NQ.v.0,action_x_surprise,hike|small,bid_rel,21,4.0,1.607843137254902,1.2352941176470589,1.9831932773109244
NQ.v.0,action_x_surprise,hike|small,bid_rel,22,4.0,1.2698412698412698,1.1400560224089635,1.5294117647058822
NQ.v.0,action_x_surprise,hike|small,bid_rel,23,4.0,1.3015873015873014,1.246498599439776,1.4117647058823528
NQ.v.0,action_x_surprise,hike|small,bid_rel,24,4.0,0.9150326797385621,0.8333333333333333,1.1764705882352942
NQ.v.0,action_x_surprise,hike|small,bid_rel,25,4.0,1.1111111111111112,0.8431372549019608,1.5294117647058822
NQ.v.0,action_x_surprise,hike|small,bid_rel,26,4.0,1.2380952380952381,1.0336134453781511,1.4117647058823528
NQ.v.0,action_x_surprise,hike|small,bid_rel,27,4.0,1.3015873015873014,1.1876750700280112,1.5294117647058822
NQ.v.0,action_x_surprise,hike|small,bid_rel,28,4.0,1.4285714285714284,1.1764705882352942,1.6134453781512605
NQ.v.0,action_x_surprise,hike|small,bid_rel,29,4.0,1.3650793650793651,1.1764705882352942,1.4005602240896358
NQ.v.0,action_x_surprise,hike|small,bid_rel,30,4.0,1.1746031746031744,0.9971988795518207,1.4117647058823528
NQ.v.0,action_x_surprise,hike|small,bid_rel,31,4.0,0.9444444444444444,0.8431372549019608,1.1617647058823528
NQ.v.0,action_x_surprise,hike|small,bid_rel,32,4.0,1.1111111111111112,0.8431372549019608,1.4117647058823528
NQ.v.0,action_x_surprise,hike|small,bid_rel,33,4.0,1.1111111111111112,0.8431372549019608,1.4411764705882353
NQ.v.0,action_x_surprise,hike|small,bid_rel,34,4.0,0.9126984126984127,0.7955182072829131,1.2205882352941178
NQ.v.0,action_x_surprise,hike|small,bid_rel,35,4.0,1.0513538748832867,0.696078431372549,1.5182072829131652
NQ.v.0,action_x_surprise,hike|small,bid_rel,36,4.0,0.9243697478991597,0.696078431372549,1.26890756302521
NQ.v.0,action_x_surprise,hike|small,bid_rel,37,4.0,0.9243697478991597,0.696078431372549,1.26890756302521
NQ.v.0,action_x_surprise,hike|small,bid_rel,38,4.0,0.7973856209150327,0.696078431372549,1.0196078431372548
NQ.v.0,action_x_surprise,hike|small,bid_rel,39,4.0,0.969187675070028,0.7478991596638656,1.215686274509804
NQ.v.0,action_x_surprise,hike|small,bid_share,-5,4.0,0.5576923076923077,0.5,0.6222527472527473
NQ.v.0,action_x_surprise,hike|small,bid_share,-4,4.0,0.4934210526315789,0.4388281030115395,0.5
NQ.v.0,action_x_surprise,hike|small,bid_share,-3,4.0,0.5,0.4583333333333333,0.525
NQ.v.0,action_x_surprise,hike|small,bid_share,-2,4.0,0.5,0.4583333333333333,0.5398550724637681
NQ.v.0,action_x_surprise,hike|small,bid_share,-1,4.0,0.5,0.5,0.5
NQ.v.0,action_x_surprise,hike|small,bid_share,0,4.0,0.5,0.5,0.5
NQ.v.0,action_x_surprise,hike|small,bid_share,1,4.0,0.5,0.5,0.5
NQ.v.0,action_x_surprise,hike|small,bid_share,2,4.0,0.5,0.5,0.525
NQ.v.0,action_x_surprise,hike|small,bid_share,3,4.0,0.5,0.5,0.5056925996204933
NQ.v.0,action_x_surprise,hike|small,bid_share,4,4.0,0.5,0.5,0.5138888888888888
NQ.v.0,action_x_surprise,hike|small,bid_share,5,4.0,0.4916666666666667,0.4785714285714286,0.5178571428571428
NQ.v.0,action_x_surprise,hike|small,bid_share,6,4.0,0.5,0.5,0.5089285714285714
NQ.v.0,action_x_surprise,hike|small,bid_share,7,4.0,0.5,0.4832589285714286,0.5
NQ.v.0,action_x_surprise,hike|small,bid_share,8,4.0,0.5,0.5,0.5260869565217392
NQ.v.0,action_x_surprise,hike|small,bid_share,9,4.0,0.5,0.5,0.5036764705882353
NQ.v.0,action_x_surprise,hike|small,bid_share,10,4.0,0.5,0.4919028340080972,0.5
NQ.v.0,action_x_surprise,hike|small,bid_share,11,4.0,0.5,0.49102564102564106,0.5
NQ.v.0,action_x_surprise,hike|small,bid_share,12,4.0,0.5,0.46130952380952384,0.5178571428571428
NQ.v.0,action_x_surprise,hike|small,bid_share,13,4.0,0.5,0.48659003831417624,0.5167410714285714
NQ.v.0,action_x_surprise,hike|small,bid_share,14,4.0,0.5,0.49583333333333335,0.5
NQ.v.0,action_x_surprise,hike|small,bid_share,15,4.0,0.5,0.48659003831417624,0.5
NQ.v.0,action_x_surprise,hike|small,bid_share,16,4.0,0.5,0.48214285714285715,0.5
NQ.v.0,action_x_surprise,hike|small,bid_share,17,4.0,0.5046296296296297,0.5,0.5165598290598291
NQ.v.0,action_x_surprise,hike|small,bid_share,18,4.0,0.5059523809523809,0.5,0.5224228896103895
NQ.v.0,action_x_surprise,hike|small,bid_share,19,4.0,0.5,0.4981060606060606,0.5
NQ.v.0,action_x_surprise,hike|small,bid_share,20,4.0,0.5,0.48697916666666663,0.5
NQ.v.0,action_x_surprise,hike|small,bid_share,21,4.0,0.5,0.4875,0.5
NQ.v.0,action_x_surprise,hike|small,bid_share,22,4.0,0.5,0.48357142857142854,0.5048725637181409
NQ.v.0,action_x_surprise,hike|small,bid_share,23,4.0,0.5133333333333333,0.4855978260869565,0.5338888888888889
NQ.v.0,action_x_surprise,hike|small,bid_share,24,4.0,0.5043103448275862,0.5,0.5203544061302682
NQ.v.0,action_x_surprise,hike|small,bid_share,25,4.0,0.5,0.5,0.5077743902439025
NQ.v.0,action_x_surprise,hike|small,bid_share,26,4.0,0.5,0.48434782608695653,0.5108901515151515
NQ.v.0,action_x_surprise,hike|small,bid_share,27,4.0,0.5138888888888888,0.4976851851851852,0.5340277777777778
NQ.v.0,action_x_surprise,hike|small,bid_share,28,4.0,0.5,0.4951851851851852,0.5
NQ.v.0,action_x_surprise,hike|small,bid_share,29,4.0,0.5073529411764706,0.5,0.5227032623394186
NQ.v.0,action_x_surprise,hike|small,bid_share,30,4.0,0.4916666666666667,0.47765151515151516,0.5193452380952381
NQ.v.0,action_x_surprise,hike|small,bid_share,31,4.0,0.47613636363636364,0.4471238001129305,0.5
NQ.v.0,action_x_surprise,hike|small,bid_share,32,4.0,0.4723320158102767,0.44064088085827213,0.5054347826086957
NQ.v.0,action_x_surprise,hike|small,bid_share,33,4.0,0.5,0.5,0.5113636363636364
NQ.v.0,action_x_surprise,hike|small,bid_share,34,4.0,0.5,0.48998397435897434,0.5032894736842105
NQ.v.0,action_x_surprise,hike|small,bid_share,35,4.0,0.518888888888889,0.49702380952380953,0.5461904761904762
NQ.v.0,action_x_surprise,hike|small,bid_share,36,4.0,0.5,0.5,0.5066666666666666
NQ.v.0,action_x_surprise,hike|small,bid_share,37,4.0,0.4913381123058542,0.475643532095145,0.5
NQ.v.0,action_x_surprise,hike|small,bid_share,38,4.0,0.5,0.49798387096774194,0.5032894736842105
NQ.v.0,action_x_surprise,hike|small,bid_share,39,4.0,0.5,0.48680555555555555,0.508399209486166
NQ.v.0,action_x_surprise,hike|small,total_rel,-5,4.0,0.7594108019639935,0.5433602347762289,0.9780219780219781
NQ.v.0,action_x_surprise,hike|small,total_rel,-4,4.0,1.336710570753124,1.265139116202946,1.4338259441707717
NQ.v.0,action_x_surprise,hike|small,total_rel,-3,4.0,0.8445171849427169,0.7649442755825735,0.9819628647214855
NQ.v.0,action_x_surprise,hike|small,total_rel,-2,4.0,0.916710875331565,0.8573617952928299,1.032733224222586
NQ.v.0,action_x_surprise,hike|small,total_rel,-1,4.0,0.5727794663964876,0.4243580337490829,0.6684981684981685
NQ.v.0,action_x_surprise,hike|small,total_rel,0,4.0,0.5727794663964876,0.43815113719735876,0.7069597069597069
NQ.v.0,action_x_surprise,hike|small,total_rel,1,4.0,0.7001013171225937,0.5201027146001468,0.8021978021978022
NQ.v.0,action_x_surprise,hike|small,total_rel,2,4.0,0.9296235679214403,0.7474801061007958,1.0195879770347855
NQ.v.0,action_x_surprise,hike|small,total_rel,3,4.0,1.0928740290442418,0.8646962233169129,1.1759410801963994
NQ.v.0,action_x_surprise,hike|small,total_rel,4,4.0,1.2160392798690671,0.7253851797505502,1.5506715506715507
NQ.v.0,action_x_surprise,hike|small,total_rel,5,4.0,0.9118541033434651,0.5796038151137197,1.1648351648351647
NQ.v.0,action_x_surprise,hike|small,total_rel,6,4.0,1.104746317512275,0.8030080704328686,1.304029304029304
NQ.v.0,action_x_surprise,hike|small,total_rel,7,4.0,0.9558101472995091,0.5796038151137197,1.2405372405372406
NQ.v.0,action_x_surprise,hike|small,total_rel,8,4.0,0.9121918270854441,0.6891415994130594,1.1465201465201464
NQ.v.0,action_x_surprise,hike|small,total_rel,9,4.0,1.082066869300912,0.8487160674981657,1.2417582417582418
NQ.v.0,action_x_surprise,hike|small,total_rel,10,4.0,1.1350894967916245,0.8944240645634629,1.2124542124542124
NQ.v.0,action_x_surprise,hike|small,total_rel,11,4.0,1.1233211233211233,0.844663382594417,1.2635024549918168
NQ.v.0,action_x_surprise,hike|small,total_rel,12,4.0,1.1455589327929752,0.8349229640498899,1.336996336996337
NQ.v.0,action_x_surprise,hike|small,total_rel,13,4.0,1.0409165302782324,0.7210564930300807,1.304029304029304
NQ.v.0,action_x_surprise,hike|small,total_rel,14,4.0,1.404151404151404,1.0420361247947454,1.55810147299509
NQ.v.0,action_x_surprise,hike|small,total_rel,15,4.0,1.3792637622424855,1.1178283198826118,1.4322344322344323
NQ.v.0,action_x_surprise,hike|small,total_rel,16,4.0,1.662847790507365,1.2641909814323609,1.8324890239783855
NQ.v.0,action_x_surprise,hike|small,total_rel,17,4.0,1.4288052373158755,1.0859134262655905,1.5824175824175826
NQ.v.0,action_x_surprise,hike|small,total_rel,18,4.0,1.4157119476268414,1.1557029177718832,1.5612968591691996
NQ.v.0,action_x_surprise,hike|small,total_rel,19,4.0,1.1685761047463177,0.953925165077036,1.4786324786324787
NQ.v.0,action_x_surprise,hike|small,total_rel,20,4.0,1.4500818330605565,1.1592076302274394,1.6935286935286935
NQ.v.0,action_x_surprise,hike|small,total_rel,21,4.0,1.658119658119658,1.2779840848806368,2.3120567375886525
NQ.v.0,action_x_surprise,hike|small,total_rel,22,4.0,1.4238952536824878,1.047214854111406,1.7207024653833163
NQ.v.0,action_x_surprise,hike|small,total_rel,23,4.0,1.3772893772893773,1.047214854111406,1.525835866261398
NQ.v.0,action_x_surprise,hike|small,total_rel,24,4.0,1.0916530278232406,0.9180371352785146,1.242485646740966
NQ.v.0,action_x_surprise,hike|small,total_rel,25,4.0,0.972176759410802,0.7750663129973475,1.2421479229989867
NQ.v.0,action_x_surprise,hike|small,total_rel,26,4.0,1.253682487725041,1.03342175066313,1.4018912529550827
NQ.v.0,action_x_surprise,hike|small,total_rel,27,4.0,1.3011456628477904,0.8944240645634629,1.5982905982905984
NQ.v.0,action_x_surprise,hike|small,total_rel,28,4.0,1.3772893772893773,1.03342175066313,1.5577507598784193
NQ.v.0,action_x_surprise,hike|small,total_rel,29,4.0,1.2503052503052503,1.0196286472148541,1.3566362715298885
NQ.v.0,action_x_surprise,hike|small,total_rel,30,4.0,1.099836333878887,0.7888594164456234,1.3383991894630194
NQ.v.0,action_x_surprise,hike|small,total_rel,31,4.0,1.2111292962356792,0.9901687454145267,1.335775335775336
NQ.v.0,action_x_surprise,hike|small,total_rel,32,4.0,1.1685761047463177,0.9125458547322084,1.431013431013431
NQ.v.0,action_x_surprise,hike|small,total_rel,33,4.0,1.0834697217675942,0.7848862802641232,1.335775335775336
NQ.v.0,action_x_surprise,hike|small,total_rel,34,4.0,1.1472995090016367,0.8944240645634629,1.3675213675213675
NQ.v.0,action_x_surprise,hike|small,total_rel,35,4.0,1.2551892551892552,0.7888594164456234,1.5947315096251264
NQ.v.0,action_x_surprise,hike|small,total_rel,36,4.0,1.2234432234432235,0.7750663129973475,1.5683890577507598
NQ.v.0,action_x_surprise,hike|small,total_rel,37,4.0,1.099836333878887,0.7888594164456234,1.3383991894630194
NQ.v.0,action_x_surprise,hike|small,total_rel,38,4.0,0.9934533551554828,0.7750663129973475,1.1153326578858493
NQ.v.0,action_x_surprise,hike|small,total_rel,39,4.0,1.0395136778115501,0.7848862802641232,1.1648351648351647
NQ.v.0,action_x_surprise,hold|large,ask_rel,-5,16.0,0.9912280701754386,0.8888888888888888,1.0227272727272727
NQ.v.0,action_x_surprise,hold|large,ask_rel,-4,16.0,1.0,0.8787878787878788,1.1339712918660285
NQ.v.0,action_x_surprise,hold|large,ask_rel,-3,16.0,1.0454545454545454,0.9281045751633987,1.2424242424242424
NQ.v.0,action_x_surprise,hold|large,ask_rel,-2,16.0,0.9444444444444444,0.7272727272727273,1.0441176470588236
NQ.v.0,action_x_surprise,hold|large,ask_rel,-1,16.0,0.98,0.6515151515151515,1.2878787878787878
NQ.v.0,action_x_surprise,hold|large,ask_rel,0,16.0,0.5681818181818181,0.40669856459330145,0.9019607843137254
NQ.v.0,action_x_surprise,hold|large,ask_rel,1,16.0,0.623030303030303,0.49780701754385964,0.7676767676767677
NQ.v.0,action_x_surprise,hold|large,ask_rel,2,16.0,0.6363636363636364,0.49780701754385964,0.7676767676767677
NQ.v.0,action_x_surprise,hold|large,ask_rel,3,16.0,0.6666666666666666,0.5847953216374269,0.9868421052631579
NQ.v.0,action_x_surprise,hold|large,ask_rel,4,16.0,0.9150326797385621,0.6599999999999999,1.0
NQ.v.0,action_x_surprise,hold|large,ask_rel,5,16.0,0.8888888888888888,0.6515151515151515,1.0227272727272727
NQ.v.0,action_x_surprise,hold|large,ask_rel,6,16.0,0.7727272727272727,0.5620915032679739,1.0
NQ.v.0,action_x_surprise,hold|large,ask_rel,7,16.0,0.9345454545454546,0.6481481481481481,1.0
NQ.v.0,action_x_surprise,hold|large,ask_rel,8,16.0,0.98,0.6666666666666666,1.0909090909090908
NQ.v.0,action_x_surprise,hold|large,ask_rel,9,16.0,0.8888888888888888,0.6378947368421053,1.0
NQ.v.0,action_x_surprise,hold|large,ask_rel,10,16.0,0.9345454545454546,0.7916666666666667,1.0462962962962963
NQ.v.0,action_x_surprise,hold|large,ask_rel,11,16.0,0.98,0.6666666666666666,1.0454545454545454
NQ.v.0,action_x_surprise,hold|large,ask_rel,12,16.0,0.9345454545454546,0.6666666666666666,1.030701754385965
NQ.v.0,action_x_surprise,hold|large,ask_rel,13,16.0,0.9848484848484849,0.8333333333333333,1.013157894736842
NQ.v.0,action_x_surprise,hold|large,ask_rel,14,16.0,1.0,0.8333333333333333,1.2248803827751196
NQ.v.0,action_x_surprise,hold|large,ask_rel,15,16.0,1.0,0.9281045751633987,1.2655502392344498
NQ.v.0,action_x_surprise,hold|large,ask_rel,16,16.0,0.9712280701754386,0.8541666666666666,1.053030303030303
NQ.v.0,action_x_surprise,hold|large,ask_rel,17,16.0,1.0,0.8888888888888888,1.120701754385965
NQ.v.0,action_x_surprise,hold|large,ask_rel,18,16.0,1.0,0.8888888888888888,1.0454545454545454
NQ.v.0,action_x_surprise,hold|large,ask_rel,19,16.0,0.9760765550239234,0.8333333333333333,1.0454545454545454
NQ.v.0,action_x_surprise,hold|large,ask_rel,20,16.0,1.0,0.8527131782945736,1.1621052631578948
NQ.v.0,action_x_surprise,hold|large,ask_rel,21,16.0,1.0,0.8508771929824561,1.098883572567783
NQ.v.0,action_x_surprise,hold|large,ask_rel,22,16.0,1.0,0.8333333333333333,1.2727272727272727
NQ.v.0,action_x_surprise,hold|large,ask_rel,23,16.0,0.98,0.8771929824561403,1.0227272727272727
NQ.v.0,action_x_surprise,hold|large,ask_rel,24,16.0,0.9106858054226474,0.803030303030303,1.0
NQ.v.0,action_x_surprise,hold|large,ask_rel,25,16.0,0.9705882352941176,0.689922480620155,1.2575
NQ.v.0,action_x_surprise,hold|large,ask_rel,26,16.0,0.9912280701754386,0.6666666666666666,1.3084848484848486
NQ.v.0,action_x_surprise,hold|large,ask_rel,27,16.0,1.0,0.733578131374949,1.4055727554179567
NQ.v.0,action_x_surprise,hold|large,ask_rel,28,16.0,1.0,0.8333333333333333,1.1581818181818182
NQ.v.0,action_x_surprise,hold|large,ask_rel,29,16.0,1.0,0.8333333333333333,1.1602870813397128
NQ.v.0,action_x_surprise,hold|large,ask_rel,30,16.0,1.0,0.8333333333333333,1.2727272727272727
NQ.v.0,action_x_surprise,hold|large,ask_rel,31,16.0,1.0,0.6666666666666666,1.120701754385965
NQ.v.0,action_x_surprise,hold|large,ask_rel,32,16.0,1.0,0.6666666666666666,1.1299840510366825
NQ.v.0,action_x_surprise,hold|large,ask_rel,33,16.0,1.0,0.6666666666666666,1.1893939393939394
NQ.v.0,action_x_surprise,hold|large,ask_rel,34,16.0,1.0,0.6666666666666666,1.2673684210526315
NQ.v.0,action_x_surprise,hold|large,ask_rel,35,16.0,0.9912280701754386,0.6666666666666666,1.1136363636363635
NQ.v.0,action_x_surprise,hold|large,ask_rel,36,16.0,1.0,0.6666666666666666,1.1794258373205742
NQ.v.0,action_x_surprise,hold|large,ask_rel,37,16.0,0.9705882352941176,0.6627906976744186,1.2021531100478469
NQ.v.0,action_x_surprise,hold|large,ask_rel,38,16.0,0.9545454545454546,0.6481481481481481,1.2248803827751196
NQ.v.0,action_x_surprise,hold|large,ask_rel,39,16.0,1.0,0.6511627906976744,1.416267942583732
NQ.v.0,action_x_surprise,hold|large,bid_rel,-5,16.0,0.916083916083916,0.8250000000000001,1.0857142857142856
NQ.v.0,action_x_surprise,hold|large,bid_rel,-4,16.0,1.0909090909090908,0.9807692307692308,1.1550151975683889
NQ.v.0,action_x_surprise,hold|large,bid_rel,-3,16.0,0.916083916083916,0.7562862669245648,1.0885885885885886
NQ.v.0,action_x_surprise,hold|large,bid_rel,-2,16.0,1.0106382978723403,0.8725490196078431,1.157142857142857
NQ.v.0,action_x_surprise,hold|large,bid_rel,-1,16.0,0.8990990990990991,0.7272727272727273,1.3333333333333333
NQ.v.0,action_x_surprise,hold|large,bid_rel,0,16.0,0.536936936936937,0.4,0.7597402597402597
NQ.v.0,action_x_surprise,hold|large,bid_rel,1,16.0,0.6666666666666666,0.4861111111111111,0.8605200945626478
NQ.v.0,action_x_surprise,hold|large,bid_rel,2,16.0,0.696969696969697,0.6403326403326404,0.9166666666666666
NQ.v.0,action_x_surprise,hold|large,bid_rel,3,16.0,0.6862745098039216,0.5948717948717949,0.9166666666666666
NQ.v.0,action_x_surprise,hold|large,bid_rel,4,16.0,0.8,0.6538461538461539,1.0668449197860963
NQ.v.0,action_x_surprise,hold|large,bid_rel,5,16.0,0.8444444444444444,0.6538461538461539,1.1975683890577506
NQ.v.0,action_x_surprise,hold|large,bid_rel,6,16.0,0.8444444444444444,0.6621621621621622,1.1975683890577506
NQ.v.0,action_x_surprise,hold|large,bid_rel,7,16.0,0.8284313725490196,0.6666666666666666,1.115501519756839
NQ.v.0,action_x_surprise,hold|large,bid_rel,8,16.0,0.8,0.6403326403326404,1.1136363636363638
NQ.v.0,action_x_surprise,hold|large,bid_rel,9,16.0,0.8444444444444444,0.6621621621621622,1.0681818181818181
NQ.v.0,action_x_surprise,hold|large,bid_rel,10,16.0,0.9372549019607843,0.6666666666666666,1.1975683890577506
NQ.v.0,action_x_surprise,hold|large,bid_rel,11,16.0,0.8444444444444444,0.6666666666666666,1.1753246753246753
NQ.v.0,action_x_surprise,hold|large,bid_rel,12,16.0,0.905982905982906,0.6666666666666666,1.0516717325227962
NQ.v.0,action_x_surprise,hold|large,bid_rel,13,16.0,0.8611111111111112,0.7923076923076924,1.0947775628626693
NQ.v.0,action_x_surprise,hold|large,bid_rel,14,16.0,0.9282051282051282,0.696078431372549,1.2613981762917932
NQ.v.0,action_x_surprise,hold|large,bid_rel,15,16.0,0.9282051282051282,0.7666666666666667,1.2188449848024316
NQ.v.0,action_x_surprise,hold|large,bid_rel,16,16.0,0.905982905982906,0.7666666666666667,1.180672268907563
NQ.v.0,action_x_surprise,hold|large,bid_rel,17,16.0,0.9615384615384616,0.8486486486486486,1.3116883116883116
NQ.v.0,action_x_surprise,hold|large,bid_rel,18,16.0,0.9615384615384616,0.8,1.303921568627451
NQ.v.0,action_x_surprise,hold|large,bid_rel,19,16.0,0.9282051282051282,0.856981981981982,1.2914438502673797
NQ.v.0,action_x_surprise,hold|large,bid_rel,20,16.0,0.9615384615384616,0.8486486486486486,1.4090909090909092
NQ.v.0,action_x_surprise,hold|large,bid_rel,21,16.0,1.0,0.8828828828828829,1.2780748663101604
NQ.v.0,action_x_surprise,hold|large,bid_rel,22,16.0,0.905982905982906,0.8545310015898251,1.103896103896104
NQ.v.0,action_x_surprise,hold|large,bid_rel,23,16.0,0.9615384615384616,0.8,1.103896103896104
NQ.v.0,action_x_surprise,hold|large,bid_rel,24,16.0,1.0,0.8,1.5194805194805194
NQ.v.0,action_x_surprise,hold|large,bid_rel,25,16.0,1.0294117647058822,0.8662162162162163,1.2878787878787878
NQ.v.0,action_x_surprise,hold|large,bid_rel,26,16.0,0.9321266968325792,0.8,1.2207792207792207
NQ.v.0,action_x_surprise,hold|large,bid_rel,27,16.0,1.0555555555555556,0.8486486486486486,1.5
NQ.v.0,action_x_surprise,hold|large,bid_rel,28,16.0,0.9705882352941176,0.8666666666666667,1.4090909090909092
NQ.v.0,action_x_surprise,hold|large,bid_rel,29,16.0,0.916083916083916,0.8,1.1904761904761905
NQ.v.0,action_x_surprise,hold|large,bid_rel,30,16.0,0.9705882352941176,0.8888888888888888,1.1488095238095237
NQ.v.0,action_x_surprise,hold|large,bid_rel,31,16.0,0.8888888888888888,0.7166666666666666,1.1488095238095237
NQ.v.0,action_x_surprise,hold|large,bid_rel,32,16.0,0.8888888888888888,0.7666666666666667,1.103896103896104
NQ.v.0,action_x_surprise,hold|large,bid_rel,33,16.0,0.9666666666666667,0.8486486486486486,1.1904761904761905
NQ.v.0,action_x_surprise,hold|large,bid_rel,34,16.0,0.9198717948717949,0.8486486486486486,1.0516717325227962
NQ.v.0,action_x_surprise,hold|large,bid_rel,35,16.0,0.8888888888888888,0.7833333333333333,1.1975683890577506
NQ.v.0,action_x_surprise,hold|large,bid_rel,36,16.0,0.905982905982906,0.7666666666666667,1.1696428571428572
NQ.v.0,action_x_surprise,hold|large,bid_rel,37,16.0,0.9864864864864865,0.7666666666666667,1.2367021276595747
NQ.v.0,action_x_surprise,hold|large,bid_rel,38,16.0,0.8888888888888888,0.7666666666666667,1.2207792207792207
NQ.v.0,action_x_surprise,hold|large,bid_rel,39,16.0,0.9666666666666667,0.6617647058823529,1.3271396396396398
NQ.v.0,action_x_surprise,hold|large,bid_share,-5,16.0,0.5,0.5,0.5096153846153846
NQ.v.0,action_x_surprise,hold|large,bid_share,-4,16.0,0.5,0.5,0.5
NQ.v.0,action_x_surprise,hold|large,bid_share,-3,16.0,0.5,0.45307971014492754,0.5069444444444444
NQ.v.0,action_x_surprise,hold|large,bid_share,-2,16.0,0.5,0.5,0.5428571428571428
NQ.v.0,action_x_surprise,hold|large,bid_share,-1,16.0,0.5,0.5,0.5036764705882353
NQ.v.0,action_x_surprise,hold|large,bid_share,0,16.0,0.5,0.5,0.5
NQ.v.0,action_x_surprise,hold|large,bid_share,1,16.0,0.5,0.5,0.5
NQ.v.0,action_x_surprise,hold|large,bid_share,2,16.0,0.5,0.5,0.5
NQ.v.0,action_x_surprise,hold|large,bid_share,3,16.0,0.5,0.5,0.5
NQ.v.0,action_x_surprise,hold|large,bid_share,4,16.0,0.5,0.5,0.5
NQ.v.0,action_x_surprise,hold|large,bid_share,5,16.0,0.5,0.5,0.5
NQ.v.0,action_x_surprise,hold|large,bid_share,6,16.0,0.5,0.5,0.5025
NQ.v.0,action_x_surprise,hold|large,bid_share,7,16.0,0.5,0.5,0.5
NQ.v.0,action_x_surprise,hold|large,bid_share,8,16.0,0.5,0.5,0.5
NQ.v.0,action_x_surprise,hold|large,bid_share,9,16.0,0.5,0.5,0.505
NQ.v.0,action_x_surprise,hold|large,bid_share,10,16.0,0.5,0.5,0.5029761904761905
NQ.v.0,action_x_surprise,hold|large,bid_share,11,16.0,0.5,0.483525641025641,0.5
NQ.v.0,action_x_surprise,hold|large,bid_share,12,16.0,0.5,0.5,0.5
NQ.v.0,action_x_surprise,hold|large,bid_share,13,16.0,0.5,0.4967105263157895,0.5
NQ.v.0,action_x_surprise,hold|large,bid_share,14,16.0,0.5,0.5,0.5
NQ.v.0,action_x_surprise,hold|large,bid_share,15,16.0,0.5,0.4967105263157895,0.5
NQ.v.0,action_x_surprise,hold|large,bid_share,16,16.0,0.5,0.5,0.5
NQ.v.0,action_x_surprise,hold|large,bid_share,17,16.0,0.5,0.5,0.5029761904761905
NQ.v.0,action_x_surprise,hold|large,bid_share,18,16.0,0.5,0.4951923076923077,0.5
NQ.v.0,action_x_surprise,hold|large,bid_share,19,16.0,0.5,0.5,0.5
NQ.v.0,action_x_surprise,hold|large,bid_share,20,16.0,0.5,0.5,0.5111111111111111
NQ.v.0,action_x_surprise,hold|large,bid_share,21,16.0,0.5,0.5,0.5
NQ.v.0,action_x_surprise,hold|large,bid_share,22,16.0,0.5,0.5,0.5
NQ.v.0,action_x_surprise,hold|large,bid_share,23,16.0,0.5,0.5,0.5
NQ.v.0,action_x_surprise,hold|large,bid_share,24,16.0,0.5,0.5,0.5155502392344498
NQ.v.0,action_x_surprise,hold|large,bid_share,25,16.0,0.5,0.5,0.5
NQ.v.0,action_x_surprise,hold|large,bid_share,26,16.0,0.5,0.5,0.5
NQ.v.0,action_x_surprise,hold|large,bid_share,27,16.0,0.5,0.5,0.5
NQ.v.0,action_x_surprise,hold|large,bid_share,28,16.0,0.5,0.5,0.5
NQ.v.0,action_x_surprise,hold|large,bid_share,29,16.0,0.5,0.5,0.5008210180623973
NQ.v.0,action_x_surprise,hold|large,bid_share,30,16.0,0.5,0.5,0.5
NQ.v.0,action_x_surprise,hold|large,bid_share,31,16.0,0.5,0.4943064182194617,0.5
NQ.v.0,action_x_surprise,hold|large,bid_share,32,16.0,0.5,0.5,0.5032894736842105
NQ.v.0,action_x_surprise,hold|large,bid_share,33,16.0,0.5,0.5,0.5
NQ.v.0,action_x_surprise,hold|large,bid_share,34,16.0,0.5,0.5,0.5074561403508772
NQ.v.0,action_x_surprise,hold|large,bid_share,35,16.0,0.5,0.5,0.5
NQ.v.0,action_x_surprise,hold|large,bid_share,36,16.0,0.5,0.5,0.5
NQ.v.0,action_x_surprise,hold|large,bid_share,37,16.0,0.5,0.5,0.5
NQ.v.0,action_x_surprise,hold|large,bid_share,38,16.0,0.5,0.5,0.5
NQ.v.0,action_x_surprise,hold|large,bid_share,39,16.0,0.5,0.4963235294117647,0.5
NQ.v.0,action_x_surprise,hold|large,total_rel,-5,16.0,0.9502326237135204,0.8771929824561403,1.1133004926108374
NQ.v.0,action_x_surprise,hold|large,total_rel,-4,16.0,1.0086705202312138,0.8861788617886178,1.1133004926108374
NQ.v.0,action_x_surprise,hold|large,total_rel,-3,16.0,1.026315789473684,0.8590704647676162,1.1296296296296298
NQ.v.0,action_x_surprise,hold|large,total_rel,-2,16.0,0.9827586206896552,0.82765737874097,1.1534391534391535
NQ.v.0,action_x_surprise,hold|large,total_rel,-1,16.0,0.9827586206896552,0.7096273291925466,1.2532894736842106
NQ.v.0,action_x_surprise,hold|large,total_rel,0,16.0,0.6137254901960785,0.4254748142031379,0.7559808612440191
NQ.v.0,action_x_surprise,hold|large,total_rel,1,16.0,0.6422764227642277,0.5981481481481481,0.7401315789473684
NQ.v.0,action_x_surprise,hold|large,total_rel,2,16.0,0.6585365853658536,0.5981481481481481,0.7625
NQ.v.0,action_x_surprise,hold|large,total_rel,3,16.0,0.6489026739978383,0.5981481481481481,0.7892857142857143
NQ.v.0,action_x_surprise,hold|large,total_rel,4,16.0,0.7699421965317919,0.6045454545454545,0.9329268292682926
NQ.v.0,action_x_surprise,hold|large,total_rel,5,16.0,0.8046242774566474,0.7142857142857143,0.8888888888888888
NQ.v.0,action_x_surprise,hold|large,total_rel,6,16.0,0.7142857142857143,0.5990152001712695,1.0096153846153846
NQ.v.0,action_x_surprise,hold|large,total_rel,7,16.0,0.8210526315789474,0.6926450069762806,1.0
NQ.v.0,action_x_surprise,hold|large,total_rel,8,16.0,0.873015873015873,0.7033492822966507,1.1780487804878048
NQ.v.0,action_x_surprise,hold|large,total_rel,9,16.0,0.775,0.6790910902930039,0.9362101313320825
NQ.v.0,action_x_surprise,hold|large,total_rel,10,16.0,0.849624060150376,0.6687565308254964,1.0357142857142856
NQ.v.0,action_x_surprise,hold|large,total_rel,11,16.0,0.8452950558213717,0.7349137931034483,0.9166666666666666
NQ.v.0,action_x_surprise,hold|large,total_rel,12,16.0,0.793939393939394,0.6672413793103449,0.9512362637362638
NQ.v.0,action_x_surprise,hold|large,total_rel,13,16.0,0.8210526315789474,0.7178683385579938,0.9362101313320825
NQ.v.0,action_x_surprise,hold|large,total_rel,14,16.0,0.8528138528138528,0.7273270879011361,1.096254355400697
NQ.v.0,action_x_surprise,hold|large,total_rel,15,16.0,0.9285714285714286,0.7907514450867053,1.181079083518108
NQ.v.0,action_x_surprise,hold|large,total_rel,16,16.0,0.8686868686868687,0.8160714285714286,1.0264227642276422
NQ.v.0,action_x_surprise,hold|large,total_rel,17,16.0,0.8452950558213717,0.8,1.1504065040650406
NQ.v.0,action_x_surprise,hold|large,total_rel,18,16.0,0.9472762305132247,0.8160714285714286,1.013157894736842
NQ.v.0,action_x_surprise,hold|large,total_rel,19,16.0,1.0,0.8,1.095959595959596
NQ.v.0,action_x_surprise,hold|large,total_rel,20,16.0,0.9463869463869464,0.831578947368421,1.1942307692307692
NQ.v.0,action_x_surprise,hold|large,total_rel,21,16.0,0.9239662072032014,0.7964285714285715,1.1145833333333335
NQ.v.0,action_x_surprise,hold|large,total_rel,22,16.0,0.8944444444444444,0.7839035964035964,1.05
NQ.v.0,action_x_surprise,hold|large,total_rel,23,16.0,0.849624060150376,0.7598263805160357,1.0085227272727273
NQ.v.0,action_x_surprise,hold|large,total_rel,24,16.0,0.9848484848484849,0.6779556650246306,1.1458333333333335
NQ.v.0,action_x_surprise,hold|large,total_rel,25,16.0,0.8831168831168831,0.78508991008991,1.0
NQ.v.0,action_x_surprise,hold|large,total_rel,26,16.0,0.9491341991341992,0.7744708994708994,1.0277777777777777
NQ.v.0,action_x_surprise,hold|large,total_rel,27,16.0,0.9212366580787633,0.7964285714285715,1.2740384615384617
NQ.v.0,action_x_surprise,hold|large,total_rel,28,16.0,0.9285714285714286,0.7367314766158697,1.1314102564102564
NQ.v.0,action_x_surprise,hold|large,total_rel,29,16.0,0.873015873015873,0.7711038961038961,1.0075757575757576
NQ.v.0,action_x_surprise,hold|large,total_rel,30,16.0,0.9444444444444444,0.8278282411230388,1.078846153846154
NQ.v.0,action_x_surprise,hold|large,total_rel,31,16.0,0.905982905982906,0.7678571428571428,1.0
NQ.v.0,action_x_surprise,hold|large,total_rel,32,16.0,0.905982905982906,0.7035464535464535,1.14375
NQ.v.0,action_x_surprise,hold|large,total_rel,33,16.0,0.9087301587301587,0.745004995004995,1.0108695652173914
NQ.v.0,action_x_surprise,hold|large,total_rel,34,16.0,0.9292929292929293,0.6838624338624338,1.104878048780488
NQ.v.0,action_x_surprise,hold|large,total_rel,35,16.0,0.8528138528138528,0.6096866096866097,1.0577663671373556
NQ.v.0,action_x_surprise,hold|large,total_rel,36,16.0,0.8686868686868687,0.765984015984016,1.0326086956521738
NQ.v.0,action_x_surprise,hold|large,total_rel,37,16.0,0.8654970760233918,0.7851851851851852,1.0532084785133566
NQ.v.0,action_x_surprise,hold|large,total_rel,38,16.0,0.8210526315789474,0.5981481481481481,1.2351778656126482
NQ.v.0,action_x_surprise,hold|large,total_rel,39,16.0,0.9199689199689199,0.5981481481481481,1.116635397123202
NQ.v.0,action_x_surprise,hold|medium,ask_rel,-5,21.0,1.1428571428571428,1.0,1.3333333333333333
NQ.v.0,action_x_surprise,hold|medium,ask_rel,-4,21.0,0.9230769230769231,0.8,1.1111111111111112
NQ.v.0,action_x_surprise,hold|medium,ask_rel,-3,21.0,0.8,0.6666666666666666,1.0
NQ.v.0,action_x_surprise,hold|medium,ask_rel,-2,21.0,1.0666666666666667,0.8,1.1428571428571428
NQ.v.0,action_x_surprise,hold|medium,ask_rel,-1,21.0,0.8888888888888888,0.7407407407407407,1.1428571428571428
NQ.v.0,action_x_surprise,hold|medium,ask_rel,0,21.0,0.7272727272727273,0.5925925925925926,1.0
NQ.v.0,action_x_surprise,hold|medium,ask_rel,1,21.0,0.88,0.5,1.1428571428571428
NQ.v.0,action_x_surprise,hold|medium,ask_rel,2,21.0,0.8,0.5714285714285714,1.0666666666666667
NQ.v.0,action_x_surprise,hold|medium,ask_rel,3,21.0,0.8,0.5714285714285714,1.0909090909090908
NQ.v.0,action_x_surprise,hold|medium,ask_rel,4,21.0,0.96,0.5714285714285714,1.1428571428571428
NQ.v.0,action_x_surprise,hold|medium,ask_rel,5,21.0,1.0566037735849056,0.8,1.2307692307692308
NQ.v.0,action_x_surprise,hold|medium,ask_rel,6,21.0,1.0,0.6956521739130435,1.2075471698113207
NQ.v.0,action_x_surprise,hold|medium,ask_rel,7,21.0,1.1428571428571428,0.8888888888888888,1.3333333333333333
NQ.v.0,action_x_surprise,hold|medium,ask_rel,8,21.0,1.1111111111111112,0.8888888888888888,1.3333333333333333
NQ.v.0,action_x_surprise,hold|medium,ask_rel,9,21.0,1.1428571428571428,0.8888888888888888,1.44
NQ.v.0,action_x_surprise,hold|medium,ask_rel,10,21.0,1.1428571428571428,1.0,1.3333333333333333
NQ.v.0,action_x_surprise,hold|medium,ask_rel,11,21.0,1.1428571428571428,1.0,1.4
NQ.v.0,action_x_surprise,hold|medium,ask_rel,12,21.0,1.12,0.8888888888888888,1.3333333333333333
NQ.v.0,action_x_surprise,hold|medium,ask_rel,13,21.0,1.1111111111111112,0.8,1.4666666666666666
NQ.v.0,action_x_surprise,hold|medium,ask_rel,14,21.0,1.1428571428571428,0.9142857142857143,1.3333333333333333
NQ.v.0,action_x_surprise,hold|medium,ask_rel,15,21.0,1.1428571428571428,1.0434782608695652,1.6
NQ.v.0,action_x_surprise,hold|medium,ask_rel,16,21.0,1.2727272727272727,1.0,1.6
NQ.v.0,action_x_surprise,hold|medium,ask_rel,17,21.0,1.28,1.0,1.6
NQ.v.0,action_x_surprise,hold|medium,ask_rel,18,21.0,1.28,1.1111111111111112,1.5454545454545454
NQ.v.0,action_x_surprise,hold|medium,ask_rel,19,21.0,1.3333333333333333,1.0,1.7142857142857142
NQ.v.0,action_x_surprise,hold|medium,ask_rel,20,21.0,1.3333333333333333,1.1111111111111112,1.6
NQ.v.0,action_x_surprise,hold|medium,ask_rel,21,21.0,1.3333333333333333,1.1428571428571428,1.509433962264151
NQ.v.0,action_x_surprise,hold|medium,ask_rel,22,21.0,1.2,1.1111111111111112,1.6
NQ.v.0,action_x_surprise,hold|medium,ask_rel,23,21.0,1.3333333333333333,1.0434782608695652,1.6
NQ.v.0,action_x_surprise,hold|medium,ask_rel,24,21.0,1.2,1.1111111111111112,1.6
NQ.v.0,action_x_surprise,hold|medium,ask_rel,25,21.0,1.28,1.1428571428571428,1.6
NQ.v.0,action_x_surprise,hold|medium,ask_rel,26,21.0,1.3333333333333333,1.0434782608695652,1.6
NQ.v.0,action_x_surprise,hold|medium,ask_rel,27,21.0,1.28,1.1428571428571428,1.6
NQ.v.0,action_x_surprise,hold|medium,ask_rel,28,21.0,1.2830188679245282,1.0,1.6
NQ.v.0,action_x_surprise,hold|medium,ask_rel,29,21.0,1.1428571428571428,1.0,1.3714285714285714
NQ.v.0,action_x_surprise,hold|medium,ask_rel,30,21.0,1.1428571428571428,0.8888888888888888,1.509433962264151
NQ.v.0,action_x_surprise,hold|medium,ask_rel,31,21.0,1.2,1.0,1.6
NQ.v.0,action_x_surprise,hold|medium,ask_rel,32,21.0,1.3333333333333333,0.8888888888888888,1.6
NQ.v.0,action_x_surprise,hold|medium,ask_rel,33,21.0,1.1428571428571428,0.8,1.7333333333333334
NQ.v.0,action_x_surprise,hold|medium,ask_rel,34,21.0,1.3333333333333333,1.0666666666666667,1.6
NQ.v.0,action_x_surprise,hold|medium,ask_rel,35,21.0,1.1428571428571428,0.8888888888888888,1.6
NQ.v.0,action_x_surprise,hold|medium,ask_rel,36,21.0,1.12,0.5714285714285714,1.6
NQ.v.0,action_x_surprise,hold|medium,ask_rel,37,21.0,1.2571428571428571,0.6666666666666666,1.6
NQ.v.0,action_x_surprise,hold|medium,ask_rel,38,21.0,1.1428571428571428,0.8,1.6
NQ.v.0,action_x_surprise,hold|medium,ask_rel,39,21.0,0.96,0.8,1.6
NQ.v.0,action_x_surprise,hold|medium,bid_rel,-5,21.0,1.1851851851851851,1.0,1.263157894736842
NQ.v.0,action_x_surprise,hold|medium,bid_rel,-4,21.0,1.0,0.9230769230769231,1.1428571428571428
NQ.v.0,action_x_surprise,hold|medium,bid_rel,-3,21.0,0.8888888888888888,0.6956521739130435,1.0
NQ.v.0,action_x_surprise,hold|medium,bid_rel,-2,21.0,0.9230769230769231,0.8,1.12
NQ.v.0,action_x_surprise,hold|medium,bid_rel,-1,21.0,0.9230769230769231,0.6666666666666666,1.1428571428571428
NQ.v.0,action_x_surprise,hold|medium,bid_rel,0,21.0,0.6956521739130435,0.5217391304347826,0.9411764705882353
NQ.v.0,action_x_surprise,hold|medium,bid_rel,1,21.0,0.6956521739130435,0.5,1.0769230769230769
NQ.v.0,action_x_surprise,hold|medium,bid_rel,2,21.0,0.8421052631578947,0.6666666666666666,1.1428571428571428
NQ.v.0,action_x_surprise,hold|medium,bid_rel,3,21.0,0.8888888888888888,0.6666666666666666,1.1428571428571428
NQ.v.0,action_x_surprise,hold|medium,bid_rel,4,21.0,0.8888888888888888,0.6666666666666666,1.0434782608695652
NQ.v.0,action_x_surprise,hold|medium,bid_rel,5,21.0,1.0,0.6666666666666666,1.2307692307692308
NQ.v.0,action_x_surprise,hold|medium,bid_rel,6,21.0,1.1428571428571428,0.6956521739130435,1.3333333333333333
NQ.v.0,action_x_surprise,hold|medium,bid_rel,7,21.0,1.0588235294117647,0.6956521739130435,1.3333333333333333
NQ.v.0,action_x_surprise,hold|medium,bid_rel,8,21.0,1.1428571428571428,1.0,1.3333333333333333
NQ.v.0,action_x_surprise,hold|medium,bid_rel,9,21.0,1.2173913043478262,0.6956521739130435,1.3333333333333333
NQ.v.0,action_x_surprise,hold|medium,bid_rel,10,21.0,1.0526315789473684,1.0,1.3333333333333333
NQ.v.0,action_x_surprise,hold|medium,bid_rel,11,21.0,1.1851851851851851,0.9230769230769231,1.391304347826087
NQ.v.0,action_x_surprise,hold|medium,bid_rel,12,21.0,1.2307692307692308,0.8888888888888888,1.391304347826087
NQ.v.0,action_x_surprise,hold|medium,bid_rel,13,21.0,1.25,1.0,1.3846153846153846
NQ.v.0,action_x_surprise,hold|medium,bid_rel,14,21.0,1.2307692307692308,0.8888888888888888,1.411764705882353
NQ.v.0,action_x_surprise,hold|medium,bid_rel,15,21.0,1.263157894736842,1.0,1.5
NQ.v.0,action_x_surprise,hold|medium,bid_rel,16,21.0,1.3333333333333333,1.0,1.5
NQ.v.0,action_x_surprise,hold|medium,bid_rel,17,21.0,1.3333333333333333,0.9230769230769231,1.4736842105263157
NQ.v.0,action_x_surprise,hold|medium,bid_rel,18,21.0,1.3333333333333333,1.0434782608695652,1.5384615384615385
NQ.v.0,action_x_surprise,hold|medium,bid_rel,19,21.0,1.25,1.0,1.5238095238095237
NQ.v.0,action_x_surprise,hold|medium,bid_rel,20,21.0,1.391304347826087,1.0434782608695652,1.5238095238095237
NQ.v.0,action_x_surprise,hold|medium,bid_rel,21,21.0,1.2307692307692308,1.0,1.5384615384615385
NQ.v.0,action_x_surprise,hold|medium,bid_rel,22,21.0,1.3333333333333333,1.0434782608695652,1.3846153846153846
NQ.v.0,action_x_surprise,hold|medium,bid_rel,23,21.0,1.2857142857142858,0.8888888888888888,1.6842105263157894
NQ.v.0,action_x_surprise,hold|medium,bid_rel,24,21.0,1.2307692307692308,1.0,1.5384615384615385
NQ.v.0,action_x_surprise,hold|medium,bid_rel,25,21.0,1.2307692307692308,1.0,1.5
NQ.v.0,action_x_surprise,hold|medium,bid_rel,26,21.0,1.3333333333333333,0.8888888888888888,1.6
NQ.v.0,action_x_surprise,hold|medium,bid_rel,27,21.0,1.25,1.0,1.4814814814814814
NQ.v.0,action_x_surprise,hold|medium,bid_rel,28,21.0,1.3714285714285714,1.1428571428571428,1.5
NQ.v.0,action_x_surprise,hold|medium,bid_rel,29,21.0,1.3333333333333333,1.0,1.5384615384615385
NQ.v.0,action_x_surprise,hold|medium,bid_rel,30,21.0,1.2307692307692308,1.0,1.4736842105263157
NQ.v.0,action_x_surprise,hold|medium,bid_rel,31,21.0,1.1428571428571428,0.8571428571428571,1.5
NQ.v.0,action_x_surprise,hold|medium,bid_rel,32,21.0,1.2307692307692308,0.6956521739130435,1.391304347826087
NQ.v.0,action_x_surprise,hold|medium,bid_rel,33,21.0,1.1428571428571428,0.6956521739130435,1.5
NQ.v.0,action_x_surprise,hold|medium,bid_rel,34,21.0,1.2307692307692308,1.0,1.391304347826087
NQ.v.0,action_x_surprise,hold|medium,bid_rel,35,21.0,1.0714285714285714,0.8888888888888888,1.4857142857142858
NQ.v.0,action_x_surprise,hold|medium,bid_rel,36,21.0,1.1428571428571428,0.6666666666666666,1.4736842105263157
NQ.v.0,action_x_surprise,hold|medium,bid_rel,37,21.0,1.1428571428571428,0.6956521739130435,1.5238095238095237
NQ.v.0,action_x_surprise,hold|medium,bid_rel,38,21.0,1.2173913043478262,0.6956521739130435,1.5384615384615385
NQ.v.0,action_x_surprise,hold|medium,bid_rel,39,21.0,1.1428571428571428,0.6956521739130435,1.4736842105263157
NQ.v.0,action_x_surprise,hold|medium,bid_share,-5,21.0,0.5,0.4782608695652174,0.5
NQ.v.0,action_x_surprise,hold|medium,bid_share,-4,21.0,0.5,0.5,0.5444444444444445
NQ.v.0,action_x_surprise,hold|medium,bid_share,-3,21.0,0.5,0.5,0.5527777777777778
NQ.v.0,action_x_surprise,hold|medium,bid_share,-2,21.0,0.5,0.5,0.5357142857142857
NQ.v.0,action_x_surprise,hold|medium,bid_share,-1,21.0,0.5,0.5,0.5454545454545454
NQ.v.0,action_x_surprise,hold|medium,bid_share,0,21.0,0.5,0.5,0.5
NQ.v.0,action_x_surprise,hold|medium,bid_share,1,21.0,0.5,0.5,0.5
NQ.v.0,action_x_surprise,hold|medium,bid_share,2,21.0,0.5,0.5,0.5
NQ.v.0,action_x_surprise,hold|medium,bid_share,3,21.0,0.5,0.5,0.5
NQ.v.0,action_x_surprise,hold|medium,bid_share,4,21.0,0.5,0.5,0.5
NQ.v.0,action_x_surprise,hold|medium,bid_share,5,21.0,0.5,0.5,0.5
NQ.v.0,action_x_surprise,hold|medium,bid_share,6,21.0,0.5,0.5,0.5
NQ.v.0,action_x_surprise,hold|medium,bid_share,7,21.0,0.5,0.48214285714285715,0.5
NQ.v.0,action_x_surprise,hold|medium,bid_share,8,21.0,0.5,0.5,0.5
NQ.v.0,action_x_surprise,hold|medium,bid_share,9,21.0,0.5,0.5,0.5
NQ.v.0,action_x_surprise,hold|medium,bid_share,10,21.0,0.5,0.5,0.5
NQ.v.0,action_x_surprise,hold|medium,bid_share,11,21.0,0.5,0.5,0.5
NQ.v.0,action_x_surprise,hold|medium,bid_share,12,21.0,0.5,0.5,0.5278637770897833
NQ.v.0,action_x_surprise,hold|medium,bid_share,13,21.0,0.5,0.5,0.5
NQ.v.0,action_x_surprise,hold|medium,bid_share,14,21.0,0.5,0.48316498316498313,0.5
NQ.v.0,action_x_surprise,hold|medium,bid_share,15,21.0,0.5,0.48333333333333334,0.5
NQ.v.0,action_x_surprise,hold|medium,bid_share,16,21.0,0.5,0.5,0.5
NQ.v.0,action_x_surprise,hold|medium,bid_share,17,21.0,0.5,0.5,0.5
NQ.v.0,action_x_surprise,hold|medium,bid_share,18,21.0,0.5,0.5,0.5
NQ.v.0,action_x_surprise,hold|medium,bid_share,19,21.0,0.5,0.4891304347826087,0.5
NQ.v.0,action_x_surprise,hold|medium,bid_share,20,21.0,0.5,0.5,0.5
NQ.v.0,action_x_surprise,hold|medium,bid_share,21,21.0,0.5,0.5,0.5
NQ.v.0,action_x_surprise,hold|medium,bid_share,22,21.0,0.5,0.458041958041958,0.5
NQ.v.0,action_x_surprise,hold|medium,bid_share,23,21.0,0.5,0.5,0.5092592592592593
NQ.v.0,action_x_surprise,hold|medium,bid_share,24,21.0,0.5,0.5,0.5
NQ.v.0,action_x_surprise,hold|medium,bid_share,25,21.0,0.5,0.5,0.5
NQ.v.0,action_x_surprise,hold|medium,bid_share,26,21.0,0.5,0.5,0.5
NQ.v.0,action_x_surprise,hold|medium,bid_share,27,21.0,0.5,0.5,0.5
NQ.v.0,action_x_surprise,hold|medium,bid_share,28,21.0,0.5,0.5,0.5
NQ.v.0,action_x_surprise,hold|medium,bid_share,29,21.0,0.5,0.5,0.5323886639676113
NQ.v.0,action_x_surprise,hold|medium,bid_share,30,21.0,0.5,0.5,0.5
NQ.v.0,action_x_surprise,hold|medium,bid_share,31,21.0,0.5,0.5,0.5419580419580419
NQ.v.0,action_x_surprise,hold|medium,bid_share,32,21.0,0.5,0.48333333333333334,0.5
NQ.v.0,action_x_surprise,hold|medium,bid_share,33,21.0,0.5,0.4875,0.5
NQ.v.0,action_x_surprise,hold|medium,bid_share,34,21.0,0.5,0.5,0.5
NQ.v.0,action_x_surprise,hold|medium,bid_share,35,21.0,0.5,0.5,0.525062656641604
NQ.v.0,action_x_surprise,hold|medium,bid_share,36,21.0,0.5,0.5,0.5
NQ.v.0,action_x_surprise,hold|medium,bid_share,37,21.0,0.5,0.5,0.5
NQ.v.0,action_x_surprise,hold|medium,bid_share,38,21.0,0.5,0.5,0.525987525987526
NQ.v.0,action_x_surprise,hold|medium,bid_share,39,21.0,0.5,0.5,0.5
NQ.v.0,action_x_surprise,hold|medium,total_rel,-5,21.0,1.1428571428571428,1.0666666666666667,1.2972972972972974
NQ.v.0,action_x_surprise,hold|medium,total_rel,-4,21.0,0.96,0.8888888888888888,1.032258064516129
NQ.v.0,action_x_surprise,hold|medium,total_rel,-3,21.0,0.851063829787234,0.7428571428571429,0.96
NQ.v.0,action_x_surprise,hold|medium,total_rel,-2,21.0,1.0,0.8695652173913043,1.0389610389610389
NQ.v.0,action_x_surprise,hold|medium,total_rel,-1,21.0,0.9090909090909091,0.7938931297709924,1.032258064516129
NQ.v.0,action_x_surprise,hold|medium,total_rel,0,21.0,0.7111111111111111,0.5633802816901409,0.9696969696969697
NQ.v.0,action_x_surprise,hold|medium,total_rel,1,21.0,0.8,0.5633802816901409,1.009009009009009
NQ.v.0,action_x_surprise,hold|medium,total_rel,2,21.0,0.8571428571428571,0.676056338028169,0.96
NQ.v.0,action_x_surprise,hold|medium,total_rel,3,21.0,0.8,0.7272727272727273,1.0
NQ.v.0,action_x_surprise,hold|medium,total_rel,4,21.0,0.8543689320388349,0.75,1.009009009009009
NQ.v.0,action_x_surprise,hold|medium,total_rel,5,21.0,0.9320388349514563,0.8571428571428571,1.0212765957446808
NQ.v.0,action_x_surprise,hold|medium,total_rel,6,21.0,0.9696969696969697,0.8,1.1162790697674418
NQ.v.0,action_x_surprise,hold|medium,total_rel,7,21.0,1.009009009009009,0.8571428571428571,1.2121212121212122
NQ.v.0,action_x_surprise,hold|medium,total_rel,8,21.0,1.1162790697674418,0.9032258064516129,1.25
NQ.v.0,action_x_surprise,hold|medium,total_rel,9,21.0,1.1428571428571428,0.9142857142857143,1.25
NQ.v.0,action_x_surprise,hold|medium,total_rel,10,21.0,1.032258064516129,0.9696969696969697,1.1666666666666667
NQ.v.0,action_x_surprise,hold|medium,total_rel,11,21.0,1.0909090909090908,0.9696969696969697,1.2252252252252251
NQ.v.0,action_x_surprise,hold|medium,total_rel,12,21.0,1.0097087378640777,0.9302325581395349,1.1531531531531531
NQ.v.0,action_x_surprise,hold|medium,total_rel,13,21.0,1.0285714285714285,0.9302325581395349,1.1830985915492958
NQ.v.0,action_x_surprise,hold|medium,total_rel,14,21.0,1.0303030303030303,0.9090909090909091,1.25
NQ.v.0,action_x_surprise,hold|medium,total_rel,15,21.0,1.1262135922330097,0.96,1.2571428571428571
NQ.v.0,action_x_surprise,hold|medium,total_rel,16,21.0,1.2121212121212122,0.9090909090909091,1.3333333333333333
NQ.v.0,action_x_surprise,hold|medium,total_rel,17,21.0,1.1428571428571428,0.9090909090909091,1.3333333333333333
NQ.v.0,action_x_surprise,hold|medium,total_rel,18,21.0,1.1428571428571428,0.96,1.2427184466019416
NQ.v.0,action_x_surprise,hold|medium,total_rel,19,21.0,1.1428571428571428,0.96,1.393939393939394
NQ.v.0,action_x_surprise,hold|medium,total_rel,20,21.0,1.25,1.0666666666666667,1.3693693693693694
NQ.v.0,action_x_surprise,hold|medium,total_rel,21,21.0,1.2394366197183098,1.032258064516129,1.3333333333333333
NQ.v.0,action_x_surprise,hold|medium,total_rel,22,21.0,1.1650485436893203,0.9696969696969697,1.3333333333333333
NQ.v.0,action_x_surprise,hold|medium,total_rel,23,21.0,1.2427184466019416,1.0285714285714285,1.4285714285714286
NQ.v.0,action_x_surprise,hold|medium,total_rel,24,21.0,1.1914893617021276,1.0285714285714285,1.4285714285714286
NQ.v.0,action_x_surprise,hold|medium,total_rel,25,21.0,1.1428571428571428,0.9777777777777777,1.4285714285714286
NQ.v.0,action_x_surprise,hold|medium,total_rel,26,21.0,1.0909090909090908,0.96,1.4285714285714286
NQ.v.0,action_x_surprise,hold|medium,total_rel,27,21.0,1.1531531531531531,1.0,1.4647887323943662
NQ.v.0,action_x_surprise,hold|medium,total_rel,28,21.0,1.2,1.0434782608695652,1.4285714285714286
NQ.v.0,action_x_surprise,hold|medium,total_rel,29,21.0,1.1428571428571428,0.96,1.4285714285714286
NQ.v.0,action_x_surprise,hold|medium,total_rel,30,21.0,1.1428571428571428,0.9320388349514563,1.2857142857142858
NQ.v.0,action_x_surprise,hold|medium,total_rel,31,21.0,1.1267605633802817,0.8695652173913043,1.3203883495145632
NQ.v.0,action_x_surprise,hold|medium,total_rel,32,21.0,1.1428571428571428,0.9142857142857143,1.3617021276595744
NQ.v.0,action_x_surprise,hold|medium,total_rel,33,21.0,1.0666666666666667,0.8571428571428571,1.3714285714285714
NQ.v.0,action_x_surprise,hold|medium,total_rel,34,21.0,1.1428571428571428,0.96,1.352112676056338
NQ.v.0,action_x_surprise,hold|medium,total_rel,35,21.0,1.0,0.8,1.2467532467532467
NQ.v.0,action_x_surprise,hold|medium,total_rel,36,21.0,0.9369369369369369,0.8,1.4545454545454546
NQ.v.0,action_x_surprise,hold|medium,total_rel,37,21.0,1.0810810810810811,0.8571428571428571,1.3740458015267176
NQ.v.0,action_x_surprise,hold|medium,total_rel,38,21.0,1.087378640776699,0.8571428571428571,1.3506493506493507
NQ.v.0,action_x_surprise,hold|medium,total_rel,39,21.0,0.9369369369369369,0.8,1.4857142857142858
NQ.v.0,action_x_surprise,hold|small,ask_rel,-5,26.0,1.0,0.8888888888888888,1.2171945701357467
NQ.v.0,action_x_surprise,hold|small,ask_rel,-4,26.0,1.0,0.8888888888888888,1.0909090909090908
NQ.v.0,action_x_surprise,hold|small,ask_rel,-3,26.0,1.0,0.8222222222222222,1.0909090909090908
NQ.v.0,action_x_surprise,hold|small,ask_rel,-2,26.0,1.0,0.8195121951219513,1.1349206349206349
NQ.v.0,action_x_surprise,hold|small,ask_rel,-1,26.0,0.8888888888888888,0.7454545454545455,1.0
NQ.v.0,action_x_surprise,hold|small,ask_rel,0,26.0,0.775,0.4509803921568627,1.0
NQ.v.0,action_x_surprise,hold|small,ask_rel,1,26.0,0.8888888888888888,0.6038461538461538,0.9411764705882353
NQ.v.0,action_x_surprise,hold|small,ask_rel,2,26.0,0.8888888888888888,0.6282051282051282,1.0
NQ.v.0,action_x_surprise,hold|small,ask_rel,3,26.0,0.8888888888888888,0.6666666666666666,1.0441176470588236
NQ.v.0,action_x_surprise,hold|small,ask_rel,4,26.0,0.873015873015873,0.6666666666666666,1.0750000000000002
NQ.v.0,action_x_surprise,hold|small,ask_rel,5,26.0,0.905982905982906,0.7112299465240642,1.1607142857142858
NQ.v.0,action_x_surprise,hold|small,ask_rel,6,26.0,1.0,0.8222222222222222,1.2857142857142856
NQ.v.0,action_x_surprise,hold|small,ask_rel,7,26.0,0.9615384615384616,0.7454545454545455,1.3333333333333333
NQ.v.0,action_x_surprise,hold|small,ask_rel,8,26.0,1.0,0.7454545454545455,1.3333333333333333
NQ.v.0,action_x_surprise,hold|small,ask_rel,9,26.0,1.0,0.8888888888888888,1.3333333333333333
NQ.v.0,action_x_surprise,hold|small,ask_rel,10,26.0,1.0,0.8888888888888888,1.3225806451612903
NQ.v.0,action_x_surprise,hold|small,ask_rel,11,26.0,1.0454545454545454,0.9019607843137254,1.3333333333333333
NQ.v.0,action_x_surprise,hold|small,ask_rel,12,26.0,1.0454545454545454,0.9019607843137254,1.392156862745098
NQ.v.0,action_x_surprise,hold|small,ask_rel,13,26.0,1.0454545454545454,0.9019607843137254,1.5459057071960298
NQ.v.0,action_x_surprise,hold|small,ask_rel,14,26.0,1.2666666666666666,1.0,1.4779411764705883
NQ.v.0,action_x_surprise,hold|small,ask_rel,15,26.0,1.2916666666666665,1.0,1.5459057071960298
NQ.v.0,action_x_surprise,hold|small,ask_rel,16,26.0,1.260545905707196,1.0,1.5416666666666667
NQ.v.0,action_x_surprise,hold|small,ask_rel,17,26.0,1.1547619047619047,1.0,1.4583333333333333
NQ.v.0,action_x_surprise,hold|small,ask_rel,18,26.0,1.3333333333333333,1.0227272727272727,1.588888888888889
NQ.v.0,action_x_surprise,hold|small,ask_rel,19,26.0,1.2495309568480302,0.9171122994652406,1.5
NQ.v.0,action_x_surprise,hold|small,ask_rel,20,26.0,1.3333333333333333,1.0,1.5
NQ.v.0,action_x_surprise,hold|small,ask_rel,21,26.0,1.2916666666666665,1.0,1.5
NQ.v.0,action_x_surprise,hold|small,ask_rel,22,26.0,1.3333333333333333,0.9318181818181818,1.5512820512820513
NQ.v.0,action_x_surprise,hold|small,ask_rel,23,26.0,1.3333333333333333,0.9558823529411764,1.661764705882353
NQ.v.0,action_x_surprise,hold|small,ask_rel,24,26.0,1.1666666666666665,0.8939393939393939,1.6241830065359477
NQ.v.0,action_x_surprise,hold|small,ask_rel,25,26.0,1.3333333333333333,1.0,1.5416666666666667
NQ.v.0,action_x_surprise,hold|small,ask_rel,26,26.0,1.126984126984127,0.9019607843137254,1.5
NQ.v.0,action_x_surprise,hold|small,ask_rel,27,26.0,1.2403846153846154,0.9019607843137254,1.625
NQ.v.0,action_x_surprise,hold|small,ask_rel,28,26.0,1.2153846153846155,0.9558823529411764,1.5416666666666667
NQ.v.0,action_x_surprise,hold|small,ask_rel,29,26.0,1.1547619047619047,0.9558823529411764,1.5
NQ.v.0,action_x_surprise,hold|small,ask_rel,30,26.0,1.188235294117647,0.9019607843137254,1.5
NQ.v.0,action_x_surprise,hold|small,ask_rel,31,26.0,1.0882352941176472,0.8888888888888888,1.4886363636363638
NQ.v.0,action_x_surprise,hold|small,ask_rel,32,26.0,1.0,0.8888888888888888,1.4908536585365852
NQ.v.0,action_x_surprise,hold|small,ask_rel,33,26.0,1.0,0.865079365079365,1.661764705882353
NQ.v.0,action_x_surprise,hold|small,ask_rel,34,26.0,1.1,0.8888888888888888,1.4886363636363638
NQ.v.0,action_x_surprise,hold|small,ask_rel,35,26.0,1.0454545454545454,0.8888888888888888,1.392156862745098
NQ.v.0,action_x_surprise,hold|small,ask_rel,36,26.0,0.8888888888888888,0.6666666666666666,1.6102941176470589
NQ.v.0,action_x_surprise,hold|small,ask_rel,37,26.0,1.0714285714285714,0.7,1.5
NQ.v.0,action_x_surprise,hold|small,ask_rel,38,26.0,1.0,0.8142857142857143,1.5
NQ.v.0,action_x_surprise,hold|small,ask_rel,39,26.0,1.0,0.8142857142857143,1.4583333333333333
NQ.v.0,action_x_surprise,hold|small,bid_rel,-5,26.0,1.0,0.8888888888888888,1.1349206349206349
NQ.v.0,action_x_surprise,hold|small,bid_rel,-4,26.0,1.0,0.8888888888888888,1.0909090909090908
NQ.v.0,action_x_surprise,hold|small,bid_rel,-3,26.0,0.9463869463869464,0.8538011695906432,1.0
NQ.v.0,action_x_surprise,hold|small,bid_rel,-2,26.0,1.0,0.8888888888888888,1.0909090909090908
NQ.v.0,action_x_surprise,hold|small,bid_rel,-1,26.0,0.8210526315789474,0.6428571428571428,1.0
NQ.v.0,action_x_surprise,hold|small,bid_rel,0,26.0,0.7386363636363636,0.5040322580645161,0.8888888888888888
NQ.v.0,action_x_surprise,hold|small,bid_rel,1,26.0,0.784688995215311,0.5,0.9722222222222222
NQ.v.0,action_x_surprise,hold|small,bid_rel,2,26.0,0.8654970760233918,0.6428571428571428,1.0
NQ.v.0,action_x_surprise,hold|small,bid_rel,3,26.0,0.8126984126984127,0.5178571428571428,1.0
NQ.v.0,action_x_surprise,hold|small,bid_rel,4,26.0,0.8888888888888888,0.6666666666666666,1.0681818181818181
NQ.v.0,action_x_surprise,hold|small,bid_rel,5,26.0,0.8888888888888888,0.7217391304347827,1.1298701298701297
NQ.v.0,action_x_surprise,hold|small,bid_rel,6,26.0,0.8888888888888888,0.6282051282051282,1.2727272727272727
NQ.v.0,action_x_surprise,hold|small,bid_rel,7,26.0,0.8888888888888888,0.7217391304347827,1.1349206349206349
NQ.v.0,action_x_surprise,hold|small,bid_rel,8,26.0,0.8888888888888888,0.7035573122529644,1.25
NQ.v.0,action_x_surprise,hold|small,bid_rel,9,26.0,1.0,0.8888888888888888,1.3333333333333333
NQ.v.0,action_x_surprise,hold|small,bid_rel,10,26.0,1.007936507936508,0.8888888888888888,1.3333333333333333
NQ.v.0,action_x_surprise,hold|small,bid_rel,11,26.0,1.0,0.8105263157894738,1.3333333333333333
NQ.v.0,action_x_surprise,hold|small,bid_rel,12,26.0,1.060200668896321,1.0,1.3333333333333333
NQ.v.0,action_x_surprise,hold|small,bid_rel,13,26.0,1.1168831168831168,0.9423076923076923,1.575098814229249
NQ.v.0,action_x_surprise,hold|small,bid_rel,14,26.0,1.0596491228070175,0.8974358974358974,1.6666666666666665
NQ.v.0,action_x_surprise,hold|small,bid_rel,15,26.0,1.1884057971014492,0.8623481781376519,1.5416666666666667
NQ.v.0,action_x_surprise,hold|small,bid_rel,16,26.0,1.1714285714285713,1.0,1.6477272727272727
NQ.v.0,action_x_surprise,hold|small,bid_rel,17,26.0,1.240274599542334,1.0,1.4886363636363638
NQ.v.0,action_x_surprise,hold|small,bid_rel,18,26.0,1.1168831168831168,0.9423076923076923,1.722222222222222
NQ.v.0,action_x_surprise,hold|small,bid_rel,19,26.0,1.1714285714285713,1.0,1.674731182795699
NQ.v.0,action_x_surprise,hold|small,bid_rel,20,26.0,1.1714285714285713,1.0,1.3768115942028984
NQ.v.0,action_x_surprise,hold|small,bid_rel,21,26.0,1.2315789473684209,1.0,1.536290322580645
NQ.v.0,action_x_surprise,hold|small,bid_rel,22,26.0,1.1833333333333333,0.8974358974358974,1.5416666666666667
NQ.v.0,action_x_surprise,hold|small,bid_rel,23,26.0,1.2982456140350878,1.0,1.4728260869565217
NQ.v.0,action_x_surprise,hold|small,bid_rel,24,26.0,1.1333333333333333,1.0,1.4545454545454546
NQ.v.0,action_x_surprise,hold|small,bid_rel,25,26.0,1.0454545454545454,0.8974358974358974,1.3768115942028984
NQ.v.0,action_x_surprise,hold|small,bid_rel,26,26.0,1.0333333333333332,1.0,1.4728260869565217
NQ.v.0,action_x_surprise,hold|small,bid_rel,27,26.0,1.0,0.8888888888888888,1.3768115942028984
NQ.v.0,action_x_surprise,hold|small,bid_rel,28,26.0,1.073015873015873,0.9423076923076923,1.509116409537167
NQ.v.0,action_x_surprise,hold|small,bid_rel,29,26.0,1.0217391304347827,0.8888888888888888,1.4583333333333333
NQ.v.0,action_x_surprise,hold|small,bid_rel,30,26.0,1.0671936758893281,0.9642857142857142,1.4333333333333331
NQ.v.0,action_x_surprise,hold|small,bid_rel,31,26.0,1.101010101010101,0.9423076923076923,1.3333333333333333
NQ.v.0,action_x_surprise,hold|small,bid_rel,32,26.0,1.0,0.8888888888888888,1.3333333333333333
NQ.v.0,action_x_surprise,hold|small,bid_rel,33,26.0,1.0,0.8222222222222222,1.3978494623655915
NQ.v.0,action_x_surprise,hold|small,bid_rel,34,26.0,1.0217391304347827,0.8888888888888888,1.4886363636363638
NQ.v.0,action_x_surprise,hold|small,bid_rel,35,26.0,1.0,0.865079365079365,1.380952380952381
NQ.v.0,action_x_surprise,hold|small,bid_rel,36,26.0,1.0,0.8888888888888888,1.4066985645933014
NQ.v.0,action_x_surprise,hold|small,bid_rel,37,26.0,1.0,0.7,1.4242424242424243
NQ.v.0,action_x_surprise,hold|small,bid_rel,38,26.0,1.0714285714285714,0.8222222222222222,1.4886363636363638
NQ.v.0,action_x_surprise,hold|small,bid_rel,39,26.0,1.0,0.8105263157894738,1.4742063492063493
NQ.v.0,action_x_surprise,hold|small,bid_share,-5,26.0,0.5,0.4444444444444444,0.5
NQ.v.0,action_x_surprise,hold|small,bid_share,-4,26.0,0.5,0.5,0.5
NQ.v.0,action_x_surprise,hold|small,bid_share,-3,26.0,0.5,0.5,0.5
NQ.v.0,action_x_surprise,hold|small,bid_share,-2,26.0,0.5,0.5,0.5208333333333334
NQ.v.0,action_x_surprise,hold|small,bid_share,-1,26.0,0.5,0.47916666666666663,0.5
NQ.v.0,action_x_surprise,hold|small,bid_share,0,26.0,0.5,0.5,0.5
NQ.v.0,action_x_surprise,hold|small,bid_share,1,26.0,0.5,0.5,0.5
NQ.v.0,action_x_surprise,hold|small,bid_share,2,26.0,0.5,0.5,0.5
NQ.v.0,action_x_surprise,hold|small,bid_share,3,26.0,0.5,0.5,0.5
NQ.v.0,action_x_surprise,hold|small,bid_share,4,26.0,0.5,0.5,0.5
NQ.v.0,action_x_surprise,hold|small,bid_share,5,26.0,0.5,0.5,0.5
NQ.v.0,action_x_surprise,hold|small,bid_share,6,26.0,0.5,0.5,0.5
NQ.v.0,action_x_surprise,hold|small,bid_share,7,26.0,0.5,0.5,0.5
NQ.v.0,action_x_surprise,hold|small,bid_share,8,26.0,0.5,0.5,0.5
NQ.v.0,action_x_surprise,hold|small,bid_share,9,26.0,0.5,0.5,0.5
NQ.v.0,action_x_surprise,hold|small,bid_share,10,26.0,0.5,0.5,0.5
NQ.v.0,action_x_surprise,hold|small,bid_share,11,26.0,0.5,0.5,0.5
NQ.v.0,action_x_surprise,hold|small,bid_share,12,26.0,0.5,0.5,0.5
NQ.v.0,action_x_surprise,hold|small,bid_share,13,26.0,0.5,0.5,0.5
NQ.v.0,action_x_surprise,hold|small,bid_share,14,26.0,0.5,0.5,0.5
NQ.v.0,action_x_surprise,hold|small,bid_share,15,26.0,0.5,0.4829192546583851,0.5
NQ.v.0,action_x_surprise,hold|small,bid_share,16,26.0,0.5,0.5,0.5
NQ.v.0,action_x_surprise,hold|small,bid_share,17,26.0,0.5,0.5,0.5
NQ.v.0,action_x_surprise,hold|small,bid_share,18,26.0,0.5,0.5,0.5
NQ.v.0,action_x_surprise,hold|small,bid_share,19,26.0,0.5,0.5,0.5
NQ.v.0,action_x_surprise,hold|small,bid_share,20,26.0,0.5,0.5,0.5
NQ.v.0,action_x_surprise,hold|small,bid_share,21,26.0,0.5,0.4925,0.5
NQ.v.0,action_x_surprise,hold|small,bid_share,22,26.0,0.5,0.5,0.5
NQ.v.0,action_x_surprise,hold|small,bid_share,23,26.0,0.5,0.4601981351981352,0.5
NQ.v.0,action_x_surprise,hold|small,bid_share,24,26.0,0.5,0.5,0.5
NQ.v.0,action_x_surprise,hold|small,bid_share,25,26.0,0.5,0.5,0.5
NQ.v.0,action_x_surprise,hold|small,bid_share,26,26.0,0.5,0.5,0.5
NQ.v.0,action_x_surprise,hold|small,bid_share,27,26.0,0.5,0.48228260869565215,0.5
NQ.v.0,action_x_surprise,hold|small,bid_share,28,26.0,0.5,0.48120300751879697,0.5
NQ.v.0,action_x_surprise,hold|small,bid_share,29,26.0,0.5,0.5,0.5
NQ.v.0,action_x_surprise,hold|small,bid_share,30,26.0,0.5,0.5,0.5
NQ.v.0,action_x_surprise,hold|small,bid_share,31,26.0,0.5,0.5,0.5
NQ.v.0,action_x_surprise,hold|small,bid_share,32,26.0,0.5,0.5,0.5158730158730158
NQ.v.0,action_x_surprise,hold|small,bid_share,33,26.0,0.5,0.5,0.5
NQ.v.0,action_x_surprise,hold|small,bid_share,34,26.0,0.5,0.5,0.5
NQ.v.0,action_x_surprise,hold|small,bid_share,35,26.0,0.5,0.5,0.5
NQ.v.0,action_x_surprise,hold|small,bid_share,36,26.0,0.5,0.5,0.5
NQ.v.0,action_x_surprise,hold|small,bid_share,37,26.0,0.5,0.5,0.5
NQ.v.0,action_x_surprise,hold|small,bid_share,38,26.0,0.5,0.5,0.5
NQ.v.0,action_x_surprise,hold|small,bid_share,39,26.0,0.5,0.5,0.5
NQ.v.0,action_x_surprise,hold|small,total_rel,-5,26.0,0.9848484848484849,0.8660399529964747,1.0666666666666667
NQ.v.0,action_x_surprise,hold|small,total_rel,-4,26.0,1.0,0.9433823529411764,1.0774774774774776
NQ.v.0,action_x_surprise,hold|small,total_rel,-3,26.0,0.9713349713349714,0.8709239130434783,1.063157894736842
NQ.v.0,action_x_surprise,hold|small,total_rel,-2,26.0,1.0513157894736842,0.9439775910364145,1.1337386018237081
NQ.v.0,action_x_surprise,hold|small,total_rel,-1,26.0,0.9473684210526315,0.7833333333333333,1.0390189520624302
NQ.v.0,action_x_surprise,hold|small,total_rel,0,26.0,0.7279411764705883,0.6194331983805668,0.9503968253968254
NQ.v.0,action_x_surprise,hold|small,total_rel,1,26.0,0.7870967741935484,0.5864661654135338,0.8854166666666666
NQ.v.0,action_x_surprise,hold|small,total_rel,2,26.0,0.8102564102564103,0.6845513413506013,1.012288786482335
NQ.v.0,action_x_surprise,hold|small,total_rel,3,26.0,0.8357883251500273,0.7560483870967742,0.9477941176470588
NQ.v.0,action_x_surprise,hold|small,total_rel,4,26.0,0.8,0.7175324675324676,1.0616359447004609
NQ.v.0,action_x_surprise,hold|small,total_rel,5,26.0,0.83729662077597,0.7589285714285714,1.1298701298701297
NQ.v.0,action_x_surprise,hold|small,total_rel,6,26.0,0.8672150411280846,0.8,1.1298701298701297
NQ.v.0,action_x_surprise,hold|small,total_rel,7,26.0,0.9150326797385621,0.8,1.2200956937799043
NQ.v.0,action_x_surprise,hold|small,total_rel,8,26.0,0.9736842105263157,0.8,1.2160737812911726
NQ.v.0,action_x_surprise,hold|small,total_rel,9,26.0,1.0378681626928472,0.8259109311740891,1.1428571428571428
NQ.v.0,action_x_surprise,hold|small,total_rel,10,26.0,1.0480549199084668,0.8237179487179487,1.2835314091680814
NQ.v.0,action_x_surprise,hold|small,total_rel,11,26.0,1.0620300751879699,0.8735919899874843,1.1428571428571428
NQ.v.0,action_x_surprise,hold|small,total_rel,12,26.0,1.081168831168831,0.9507803121248499,1.2772657450076805
NQ.v.0,action_x_surprise,hold|small,total_rel,13,26.0,1.0787878787878786,1.0053191489361701,1.3656015037593985
NQ.v.0,action_x_surprise,hold|small,total_rel,14,26.0,1.1428571428571428,1.0116216699445735,1.3225806451612903
NQ.v.0,action_x_surprise,hold|small,total_rel,15,26.0,1.1622807017543861,0.9867947178871548,1.4047619047619047
NQ.v.0,action_x_surprise,hold|small,total_rel,16,26.0,1.150375939849624,1.026827012025902,1.4047619047619047
NQ.v.0,action_x_surprise,hold|small,total_rel,17,26.0,1.128787878787879,1.0457665903890159,1.3511904761904763
NQ.v.0,action_x_surprise,hold|small,total_rel,18,26.0,1.1904761904761905,0.9900130264871906,1.434065934065934
NQ.v.0,action_x_surprise,hold|small,total_rel,19,26.0,1.2030075187969924,0.9558823529411764,1.4688995215311005
NQ.v.0,action_x_surprise,hold|small,total_rel,20,26.0,1.1168831168831168,0.887468030690537,1.3333333333333333
NQ.v.0,action_x_surprise,hold|small,total_rel,21,26.0,1.1428571428571428,0.9622892635314996,1.2835314091680814
NQ.v.0,action_x_surprise,hold|small,total_rel,22,26.0,1.1428571428571428,0.9846938775510203,1.4102564102564101
NQ.v.0,action_x_surprise,hold|small,total_rel,23,26.0,1.256578947368421,0.900360144057623,1.483974358974359
NQ.v.0,action_x_surprise,hold|small,total_rel,24,26.0,1.1715686274509804,0.90625,1.434065934065934
NQ.v.0,action_x_surprise,hold|small,total_rel,25,26.0,1.1168831168831168,1.0,1.3596491228070176
NQ.v.0,action_x_surprise,hold|small,total_rel,26,26.0,1.1168831168831168,0.9558823529411764,1.3333333333333333
NQ.v.0,action_x_surprise,hold|small,total_rel,27,26.0,1.1047619047619048,0.9558823529411764,1.3289473684210527
NQ.v.0,action_x_surprise,hold|small,total_rel,28,26.0,1.1168831168831168,1.0053191489361701,1.3225806451612903
NQ.v.0,action_x_surprise,hold|small,total_rel,29,26.0,1.0909090909090908,1.0116216699445735,1.3225806451612903
NQ.v.0,action_x_surprise,hold|small,total_rel,30,26.0,1.1428571428571428,0.8735919899874843,1.4583333333333333
NQ.v.0,action_x_surprise,hold|small,total_rel,31,26.0,1.0787878787878786,0.9483065953654188,1.255952380952381
NQ.v.0,action_x_surprise,hold|small,total_rel,32,26.0,1.0787878787878786,0.8843167701863354,1.3333333333333333
NQ.v.0,action_x_surprise,hold|small,total_rel,33,26.0,1.0569280343716434,0.8443449048152295,1.5178571428571428
NQ.v.0,action_x_surprise,hold|small,total_rel,34,26.0,1.0748663101604277,0.8355263157894737,1.46875
NQ.v.0,action_x_surprise,hold|small,total_rel,35,26.0,1.0391363022941968,0.859073359073359,1.3225806451612903
NQ.v.0,action_x_surprise,hold|small,total_rel,36,26.0,1.0,0.8051282051282052,1.3778011204481793
NQ.v.0,action_x_surprise,hold|small,total_rel,37,26.0,1.0391363022941968,0.7892857142857143,1.3069556451612903
NQ.v.0,action_x_surprise,hold|small,total_rel,38,26.0,1.0596491228070175,0.7625,1.3333333333333333
NQ.v.0,action_x_surprise,hold|small,total_rel,39,26.0,1.026315789473684,0.8051282051282052,1.3225806451612903
NQ.v.0,control,control,ask_rel,-5,141.0,1.0,0.9142857142857143,1.0909090909090908
NQ.v.0,control,control,ask_rel,-4,141.0,1.0,0.9411764705882353,1.0714285714285714
NQ.v.0,control,control,ask_rel,-3,141.0,1.0,0.9230769230769231,1.0434782608695652
NQ.v.0,control,control,ask_rel,-2,141.0,1.0,0.9142857142857143,1.103448275862069
NQ.v.0,control,control,ask_rel,-1,141.0,1.0,0.8571428571428571,1.0758620689655172
NQ.v.0,control,control,ask_rel,0,141.0,1.0,0.8571428571428571,1.0909090909090908
NQ.v.0,control,control,ask_rel,1,141.0,1.0,0.8571428571428571,1.103448275862069
NQ.v.0,control,control,ask_rel,2,141.0,0.9655172413793104,0.8,1.1176470588235294
NQ.v.0,control,control,ask_rel,3,141.0,1.0,0.8695652173913043,1.1162790697674418
NQ.v.0,control,control,ask_rel,4,141.0,1.0,0.8571428571428571,1.1428571428571428
NQ.v.0,control,control,ask_rel,5,141.0,1.0,0.8695652173913043,1.1162790697674418
NQ.v.0,control,control,ask_rel,6,141.0,1.0,0.8914285714285715,1.1
NQ.v.0,control,control,ask_rel,7,141.0,1.0,0.8571428571428571,1.1428571428571428
NQ.v.0,control,control,ask_rel,8,141.0,1.0,0.88,1.125
NQ.v.0,control,control,ask_rel,9,141.0,1.0,0.8727272727272727,1.1428571428571428
NQ.v.0,control,control,bid_rel,-5,141.0,1.0,0.920863309352518,1.0588235294117647
NQ.v.0,control,control,bid_rel,-4,141.0,1.0,0.9411764705882353,1.0909090909090908
NQ.v.0,control,control,bid_rel,-3,141.0,1.0,0.9230769230769231,1.0935251798561152
NQ.v.0,control,control,bid_rel,-2,141.0,1.0,0.8888888888888888,1.0588235294117647
NQ.v.0,control,control,bid_rel,-1,141.0,0.9523809523809523,0.8181818181818182,1.0721649484536082
NQ.v.0,control,control,bid_rel,0,141.0,0.9523809523809523,0.8571428571428571,1.0256410256410255
NQ.v.0,control,control,bid_rel,1,141.0,1.0,0.8888888888888888,1.0769230769230769
NQ.v.0,control,control,bid_rel,2,141.0,0.9815950920245399,0.8571428571428571,1.0909090909090908
NQ.v.0,control,control,bid_rel,3,141.0,0.9777777777777777,0.8571428571428571,1.0935251798561152
NQ.v.0,control,control,bid_rel,4,141.0,1.0,0.8888888888888888,1.0909090909090908
NQ.v.0,control,control,bid_rel,5,141.0,1.0,0.8888888888888888,1.125
NQ.v.0,control,control,bid_rel,6,141.0,1.0,0.8888888888888888,1.1111111111111112
NQ.v.0,control,control,bid_rel,7,141.0,0.96,0.8571428571428571,1.0909090909090908
NQ.v.0,control,control,bid_rel,8,141.0,1.0,0.8888888888888888,1.1428571428571428
NQ.v.0,control,control,bid_rel,9,141.0,1.0,0.898876404494382,1.1428571428571428
NQ.v.0,control,control,bid_share,-5,141.0,0.5,0.47368421052631576,0.5
NQ.v.0,control,control,bid_share,-4,141.0,0.5,0.48282241014799154,0.5158730158730158
NQ.v.0,control,control,bid_share,-3,141.0,0.5,0.48684210526315785,0.5
NQ.v.0,control,control,bid_share,-2,141.0,0.5,0.48684210526315785,0.5080645161290323
NQ.v.0,control,control,bid_share,-1,141.0,0.5,0.46862745098039216,0.5
NQ.v.0,control,control,bid_share,0,141.0,0.5,0.47017543859649125,0.5
NQ.v.0,control,control,bid_share,1,141.0,0.5,0.48684210526315785,0.5
NQ.v.0,control,control,bid_share,2,141.0,0.5,0.48148148148148145,0.5
NQ.v.0,control,control,bid_share,3,141.0,0.5,0.47258225324027914,0.5
NQ.v.0,control,control,bid_share,4,141.0,0.5,0.4807692307692308,0.5067567567567568
NQ.v.0,control,control,bid_share,5,141.0,0.5,0.5,0.5092592592592593
NQ.v.0,control,control,bid_share,6,141.0,0.5,0.4752688172043011,0.5
NQ.v.0,control,control,bid_share,7,141.0,0.5,0.48333333333333334,0.5
NQ.v.0,control,control,bid_share,8,141.0,0.5,0.48260481712756464,0.5224171539961013
NQ.v.0,control,control,bid_share,9,141.0,0.5,0.48050974512743627,0.5
NQ.v.0,control,control,total_rel,-5,141.0,1.0,0.9256198347107438,1.0625
NQ.v.0,control,control,total_rel,-4,141.0,1.0,0.9411764705882353,1.0666666666666667
NQ.v.0,control,control,total_rel,-3,141.0,1.0,0.9440993788819876,1.0434782608695652
NQ.v.0,control,control,total_rel,-2,141.0,0.9953917050691244,0.9195402298850575,1.053658536585366
NQ.v.0,control,control,total_rel,-1,141.0,0.96,0.8695652173913043,1.0555555555555556
NQ.v.0,control,control,total_rel,0,141.0,0.96,0.8888888888888888,1.0588235294117647
NQ.v.0,control,control,total_rel,1,141.0,0.975609756097561,0.8831168831168831,1.0784313725490196
NQ.v.0,control,control,total_rel,2,141.0,0.9917355371900827,0.8780487804878049,1.103448275862069
NQ.v.0,control,control,total_rel,3,141.0,1.0,0.875,1.103448275862069
NQ.v.0,control,control,total_rel,4,141.0,1.0,0.8666666666666667,1.0909090909090908
NQ.v.0,control,control,total_rel,5,141.0,1.0,0.8847926267281107,1.1304347826086956
NQ.v.0,control,control,total_rel,6,141.0,0.9917355371900827,0.8780487804878049,1.1014492753623188
NQ.v.0,control,control,total_rel,7,141.0,1.0,0.8695652173913043,1.1428571428571428
NQ.v.0,control,control,total_rel,8,141.0,1.0,0.912751677852349,1.1228070175438596
NQ.v.0,control,control,total_rel,9,141.0,1.0,0.9090909090909091,1.125
NQ.v.0,surprise,large,ask_rel,-5,31.0,0.9824561403508771,0.8137931034482759,1.1428571428571428
NQ.v.0,surprise,large,ask_rel,-4,31.0,1.0,0.8686868686868687,1.1428571428571428
NQ.v.0,surprise,large,ask_rel,-3,31.0,1.0,0.8582375478927202,1.1428571428571428
NQ.v.0,surprise,large,ask_rel,-2,31.0,1.0,0.7272727272727273,1.1428571428571428
NQ.v.0,surprise,large,ask_rel,-1,31.0,0.96,0.6363636363636364,1.303030303030303
NQ.v.0,surprise,large,ask_rel,0,31.0,0.6363636363636364,0.4444444444444444,0.8888888888888888
NQ.v.0,surprise,large,ask_rel,1,31.0,0.5925925925925926,0.4956140350877193,0.780952380952381
NQ.v.0,surprise,large,ask_rel,2,31.0,0.6666666666666666,0.5,0.8888888888888888
NQ.v.0,surprise,large,ask_rel,3,31.0,0.7272727272727273,0.5664160401002506,0.9912280701754386
NQ.v.0,surprise,large,ask_rel,4,31.0,0.7878787878787878,0.6162962962962963,1.0
NQ.v.0,surprise,large,ask_rel,5,31.0,0.7619047619047619,0.5714285714285714,1.0
NQ.v.0,surprise,large,ask_rel,6,31.0,0.7619047619047619,0.5714285714285714,0.98
NQ.v.0,surprise,large,ask_rel,7,31.0,0.8484848484848485,0.582010582010582,0.9712280701754386
NQ.v.0,surprise,large,ask_rel,8,31.0,0.7619047619047619,0.6296296296296295,1.0909090909090908
NQ.v.0,surprise,large,ask_rel,9,31.0,0.8888888888888888,0.6357894736842105,1.0151515151515151
NQ.v.0,surprise,large,ask_rel,10,31.0,0.8484848484848485,0.6190476190476191,1.0
NQ.v.0,surprise,large,ask_rel,11,31.0,0.8888888888888888,0.6190476190476191,1.0606060606060606
NQ.v.0,surprise,large,ask_rel,12,31.0,0.8888888888888888,0.6666666666666666,1.0
NQ.v.0,surprise,large,ask_rel,13,31.0,0.8888888888888888,0.6589147286821706,1.0
NQ.v.0,surprise,large,ask_rel,14,31.0,0.9523809523809523,0.696969696969697,1.1428571428571428
NQ.v.0,surprise,large,ask_rel,15,31.0,1.0,0.7636363636363637,1.1428571428571428
NQ.v.0,surprise,large,ask_rel,16,31.0,0.9411764705882353,0.8,1.1428571428571428
NQ.v.0,surprise,large,ask_rel,17,31.0,0.9411764705882353,0.7145135566188198,1.1328320802005012
NQ.v.0,surprise,large,ask_rel,18,31.0,0.9824561403508771,0.8137931034482759,1.1168831168831168
NQ.v.0,surprise,large,ask_rel,19,31.0,0.8888888888888888,0.6862745098039216,1.0
NQ.v.0,surprise,large,ask_rel,20,31.0,0.8888888888888888,0.7165775401069518,1.1328320802005012
NQ.v.0,surprise,large,ask_rel,21,31.0,0.8888888888888888,0.6821705426356589,1.0909090909090908
NQ.v.0,surprise,large,ask_rel,22,31.0,0.9142857142857143,0.5714285714285714,1.1428571428571428
NQ.v.0,surprise,large,ask_rel,23,31.0,0.8888888888888888,0.7357293868921776,1.0
NQ.v.0,surprise,large,ask_rel,24,31.0,0.8888888888888888,0.7619047619047619,1.0714285714285714
NQ.v.0,surprise,large,ask_rel,25,31.0,0.8888888888888888,0.7124735729386893,1.026315789473684
NQ.v.0,surprise,large,ask_rel,26,31.0,0.8888888888888888,0.696969696969697,1.0
NQ.v.0,surprise,large,ask_rel,27,31.0,0.8888888888888888,0.7145135566188198,1.1428571428571428
NQ.v.0,surprise,large,ask_rel,28,31.0,0.8888888888888888,0.7445887445887446,1.026315789473684
NQ.v.0,surprise,large,ask_rel,29,31.0,0.8888888888888888,0.6589147286821706,1.1328320802005012
NQ.v.0,surprise,large,ask_rel,30,31.0,0.8888888888888888,0.6589147286821706,1.1428571428571428
NQ.v.0,surprise,large,ask_rel,31,31.0,0.9411764705882353,0.6666666666666666,1.1328320802005012
NQ.v.0,surprise,large,ask_rel,32,31.0,0.9090909090909091,0.6666666666666666,1.1328320802005012
NQ.v.0,surprise,large,ask_rel,33,31.0,0.8888888888888888,0.6589147286821706,1.1168831168831168
NQ.v.0,surprise,large,ask_rel,34,31.0,0.9142857142857143,0.6296296296296295,1.1428571428571428
NQ.v.0,surprise,large,ask_rel,35,31.0,0.8275862068965517,0.582010582010582,1.0
NQ.v.0,surprise,large,ask_rel,36,31.0,0.8888888888888888,0.6218776916451335,1.0142857142857142
NQ.v.0,surprise,large,ask_rel,37,31.0,0.8,0.5714285714285714,1.0
NQ.v.0,surprise,large,ask_rel,38,31.0,0.8,0.5714285714285714,1.1428571428571428
NQ.v.0,surprise,large,ask_rel,39,31.0,0.8571428571428571,0.582010582010582,1.0714285714285714
NQ.v.0,surprise,large,bid_rel,-5,31.0,1.0,0.8888888888888888,1.1168831168831168
NQ.v.0,surprise,large,bid_rel,-4,31.0,1.0666666666666667,0.98,1.1428571428571428
NQ.v.0,surprise,large,bid_rel,-3,31.0,1.0,0.8,1.085995085995086
NQ.v.0,surprise,large,bid_rel,-2,31.0,1.0,0.8524426719840479,1.1314285714285715
NQ.v.0,surprise,large,bid_rel,-1,31.0,0.9333333333333333,0.7026194144838213,1.1925925925925926
NQ.v.0,surprise,large,bid_rel,0,31.0,0.5714285714285714,0.45,0.873015873015873
NQ.v.0,surprise,large,bid_rel,1,31.0,0.6153846153846154,0.5,0.8323115759105661
NQ.v.0,surprise,large,bid_rel,2,31.0,0.6666666666666666,0.5714285714285714,1.0
NQ.v.0,surprise,large,bid_rel,3,31.0,0.7058823529411765,0.5523809523809524,1.0
NQ.v.0,surprise,large,bid_rel,4,31.0,0.8,0.5523809523809524,1.0
NQ.v.0,surprise,large,bid_rel,5,31.0,0.8,0.5523809523809524,1.0
NQ.v.0,surprise,large,bid_rel,6,31.0,0.8,0.603988603988604,1.0
NQ.v.0,surprise,large,bid_rel,7,31.0,0.8333333333333334,0.6666666666666666,1.0
NQ.v.0,surprise,large,bid_rel,8,31.0,0.8,0.5714285714285714,1.0
NQ.v.0,surprise,large,bid_rel,9,31.0,0.8571428571428571,0.6057142857142856,1.0
NQ.v.0,surprise,large,bid_rel,10,31.0,0.8888888888888888,0.6533333333333333,1.0384615384615383
NQ.v.0,surprise,large,bid_rel,11,31.0,0.8,0.6057142857142856,1.0
NQ.v.0,surprise,large,bid_rel,12,31.0,0.8888888888888888,0.6576576576576576,1.0106382978723403
NQ.v.0,surprise,large,bid_rel,13,31.0,0.8888888888888888,0.6576576576576576,1.0
NQ.v.0,surprise,large,bid_rel,14,31.0,0.9230769230769231,0.6862745098039216,1.042372881355932
NQ.v.0,surprise,large,bid_rel,15,31.0,0.8888888888888888,0.6666666666666666,1.1302521008403361
NQ.v.0,surprise,large,bid_rel,16,31.0,0.8888888888888888,0.6443243243243244,1.1428571428571428
NQ.v.0,surprise,large,bid_rel,17,31.0,0.9230769230769231,0.775,1.1008403361344539
NQ.v.0,surprise,large,bid_rel,18,31.0,0.8888888888888888,0.6666666666666666,1.2834224598930482
NQ.v.0,surprise,large,bid_rel,19,31.0,0.8888888888888888,0.8,1.0
NQ.v.0,surprise,large,bid_rel,20,31.0,0.9230769230769231,0.7,1.1428571428571428
NQ.v.0,surprise,large,bid_rel,21,31.0,1.0,0.7657657657657657,1.2834224598930482
NQ.v.0,surprise,large,bid_rel,22,31.0,0.9230769230769231,0.8,1.1168831168831168
NQ.v.0,surprise,large,bid_rel,23,31.0,0.8888888888888888,0.6666666666666666,1.0822072072072073
NQ.v.0,surprise,large,bid_rel,24,31.0,1.0,0.7666666666666666,1.3333333333333333
NQ.v.0,surprise,large,bid_rel,25,31.0,0.9230769230769231,0.775,1.1428571428571428
NQ.v.0,surprise,large,bid_rel,26,31.0,0.9230769230769231,0.7037037037037037,1.0714285714285714
NQ.v.0,surprise,large,bid_rel,27,31.0,1.0,0.8,1.1547619047619047
NQ.v.0,surprise,large,bid_rel,28,31.0,0.9333333333333333,0.8,1.1428571428571428
NQ.v.0,surprise,large,bid_rel,29,31.0,0.9090909090909091,0.7386363636363636,1.0714285714285714
NQ.v.0,surprise,large,bid_rel,30,31.0,0.9230769230769231,0.6533333333333333,1.1168831168831168
NQ.v.0,surprise,large,bid_rel,31,31.0,0.8888888888888888,0.6533333333333333,1.1428571428571428
NQ.v.0,surprise,large,bid_rel,32,31.0,0.8888888888888888,0.734006734006734,1.0
NQ.v.0,surprise,large,bid_rel,33,31.0,0.8888888888888888,0.5798319327731092,1.1168831168831168
NQ.v.0,surprise,large,bid_rel,34,31.0,0.8888888888888888,0.5798319327731092,1.0106382978723403
NQ.v.0,surprise,large,bid_rel,35,31.0,0.8888888888888888,0.6533333333333333,1.042372881355932
NQ.v.0,surprise,large,bid_rel,36,31.0,0.8888888888888888,0.5798319327731092,1.0454545454545454
NQ.v.0,surprise,large,bid_rel,37,31.0,0.8888888888888888,0.5714285714285714,1.1047619047619048
NQ.v.0,surprise,large,bid_rel,38,31.0,0.8571428571428571,0.6018099547511313,1.1428571428571428
NQ.v.0,surprise,large,bid_rel,39,31.0,0.8571428571428571,0.5714285714285714,1.1476997578692494
NQ.v.0,surprise,large,bid_share,-5,31.0,0.5,0.5,0.5
NQ.v.0,surprise,large,bid_share,-4,31.0,0.5,0.5,0.5
NQ.v.0,surprise,large,bid_share,-3,31.0,0.5,0.5,0.5
NQ.v.0,surprise,large,bid_share,-2,31.0,0.5,0.5,0.5393939393939393
NQ.v.0,surprise,large,bid_share,-1,31.0,0.5,0.5,0.5
NQ.v.0,surprise,large,bid_share,0,31.0,0.5,0.5,0.5
NQ.v.0,surprise,large,bid_share,1,31.0,0.5,0.5,0.5
NQ.v.0,surprise,large,bid_share,2,31.0,0.5,0.5,0.5
NQ.v.0,surprise,large,bid_share,3,31.0,0.5,0.5,0.5
NQ.v.0,surprise,large,bid_share,4,31.0,0.5,0.5,0.5
NQ.v.0,surprise,large,bid_share,5,31.0,0.5,0.5,0.5
NQ.v.0,surprise,large,bid_share,6,31.0,0.5,0.5,0.5
NQ.v.0,surprise,large,bid_share,7,31.0,0.5,0.5,0.5
NQ.v.0,surprise,large,bid_share,8,31.0,0.5,0.5,0.5
NQ.v.0,surprise,large,bid_share,9,31.0,0.5,0.5,0.5
NQ.v.0,surprise,large,bid_share,10,31.0,0.5,0.5,0.5
NQ.v.0,surprise,large,bid_share,11,31.0,0.5,0.5,0.5
NQ.v.0,surprise,large,bid_share,12,31.0,0.5,0.5,0.5
NQ.v.0,surprise,large,bid_share,13,31.0,0.5,0.5,0.5
NQ.v.0,surprise,large,bid_share,14,31.0,0.5,0.5,0.5
NQ.v.0,surprise,large,bid_share,15,31.0,0.5,0.5,0.5
NQ.v.0,surprise,large,bid_share,16,31.0,0.5,0.5,0.5
NQ.v.0,surprise,large,bid_share,17,31.0,0.5,0.5,0.5
NQ.v.0,surprise,large,bid_share,18,31.0,0.5,0.5,0.5
NQ.v.0,surprise,large,bid_share,19,31.0,0.5,0.5,0.5
NQ.v.0,surprise,large,bid_share,20,31.0,0.5,0.5,0.5
NQ.v.0,surprise,large,bid_share,21,31.0,0.5,0.5,0.5
NQ.v.0,surprise,large,bid_share,22,31.0,0.5,0.5,0.5
NQ.v.0,surprise,large,bid_share,23,31.0,0.5,0.5,0.5
NQ.v.0,surprise,large,bid_share,24,31.0,0.5,0.5,0.5
NQ.v.0,surprise,large,bid_share,25,31.0,0.5,0.5,0.5
NQ.v.0,surprise,large,bid_share,26,31.0,0.5,0.5,0.5
NQ.v.0,surprise,large,bid_share,27,31.0,0.5,0.5,0.5
NQ.v.0,surprise,large,bid_share,28,31.0,0.5,0.5,0.5
NQ.v.0,surprise,large,bid_share,29,31.0,0.5,0.5,0.5016420361247947
NQ.v.0,surprise,large,bid_share,30,31.0,0.5,0.5,0.5
NQ.v.0,surprise,large,bid_share,31,31.0,0.5,0.5,0.5
NQ.v.0,surprise,large,bid_share,32,31.0,0.5,0.5,0.5
NQ.v.0,surprise,large,bid_share,33,31.0,0.5,0.5,0.5
NQ.v.0,surprise,large,bid_share,34,31.0,0.5,0.5,0.5
NQ.v.0,surprise,large,bid_share,35,31.0,0.5,0.5,0.5
NQ.v.0,surprise,large,bid_share,36,31.0,0.5,0.5,0.5
NQ.v.0,surprise,large,bid_share,37,31.0,0.5,0.5,0.5
NQ.v.0,surprise,large,bid_share,38,31.0,0.5,0.5,0.5
NQ.v.0,surprise,large,bid_share,39,31.0,0.5,0.5,0.5
NQ.v.0,surprise,large,total_rel,-5,31.0,0.975609756097561,0.8654970760233918,1.1231527093596059
NQ.v.0,surprise,large,total_rel,-4,31.0,1.0,0.9467787114845938,1.085057471264368
NQ.v.0,surprise,large,total_rel,-3,31.0,1.0,0.9072922555115885,1.126984126984127
NQ.v.0,surprise,large,total_rel,-2,31.0,1.0,0.849624060150376,1.0944741532976827
NQ.v.0,surprise,large,total_rel,-1,31.0,0.9655172413793104,0.7442396313364055,1.1925925925925926
NQ.v.0,surprise,large,total_rel,0,31.0,0.6557377049180327,0.4852941176470588,0.7870967741935484
NQ.v.0,surprise,large,total_rel,1,31.0,0.6178861788617886,0.5807962529274004,0.7543103448275862
NQ.v.0,surprise,large,total_rel,2,31.0,0.6428571428571429,0.5714285714285714,0.775
NQ.v.0,surprise,large,total_rel,3,31.0,0.6557377049180327,0.6,0.8
NQ.v.0,surprise,large,total_rel,4,31.0,0.7272727272727273,0.6,0.9552845528455285
NQ.v.0,surprise,large,total_rel,5,31.0,0.75,0.5950819672131147,0.8672086720867209
NQ.v.0,surprise,large,total_rel,6,31.0,0.7647058823529411,0.6005780346820809,0.903560414914494
NQ.v.0,surprise,large,total_rel,7,31.0,0.8,0.7272727272727273,0.905982905982906
NQ.v.0,surprise,large,total_rel,8,31.0,0.7741935483870968,0.7058823529411765,0.9482758620689655
NQ.v.0,surprise,large,total_rel,9,31.0,0.7868852459016393,0.7100840336134454,0.9098143236074271
NQ.v.0,surprise,large,total_rel,10,31.0,0.7843137254901961,0.6478578892371996,0.9533468559837728
NQ.v.0,surprise,large,total_rel,11,31.0,0.8,0.658553076402975,0.9444444444444444
NQ.v.0,surprise,large,total_rel,12,31.0,0.7843137254901961,0.7019704433497538,0.9168230143839899
NQ.v.0,surprise,large,total_rel,13,31.0,0.7868852459016393,0.7386363636363636,0.905982905982906
NQ.v.0,surprise,large,total_rel,14,31.0,0.8,0.744942196531792,0.9615384615384616
NQ.v.0,surprise,large,total_rel,15,31.0,0.8,0.7386363636363636,1.0
NQ.v.0,surprise,large,total_rel,16,31.0,0.8214285714285714,0.7559523809523809,0.9444444444444444
NQ.v.0,surprise,large,total_rel,17,31.0,0.8323699421965318,0.7844655344655345,1.0
NQ.v.0,surprise,large,total_rel,18,31.0,0.8235294117647058,0.7620967741935484,1.0
NQ.v.0,surprise,large,total_rel,19,31.0,0.8,0.7514705882352941,1.0
NQ.v.0,surprise,large,total_rel,20,31.0,0.8470588235294118,0.7680491551459293,1.0
NQ.v.0,surprise,large,total_rel,21,31.0,0.8,0.7272727272727273,0.9491341991341992
NQ.v.0,surprise,large,total_rel,22,31.0,0.8421052631578947,0.665076100370218,0.9848484848484849
NQ.v.0,surprise,large,total_rel,23,31.0,0.8,0.7386363636363636,0.905982905982906
NQ.v.0,surprise,large,total_rel,24,31.0,0.8235294117647058,0.7029411764705882,1.026315789473684
NQ.v.0,surprise,large,total_rel,25,31.0,0.8,0.7514705882352941,1.0
NQ.v.0,surprise,large,total_rel,26,31.0,0.8,0.7453703703703703,1.0
NQ.v.0,surprise,large,total_rel,27,31.0,0.8,0.7655677655677655,1.0294117647058822
NQ.v.0,surprise,large,total_rel,28,31.0,0.8,0.7655677655677655,1.0
NQ.v.0,surprise,large,total_rel,29,31.0,0.8,0.7272727272727273,1.0
NQ.v.0,surprise,large,total_rel,30,31.0,0.8671328671328671,0.7320574162679425,1.0
NQ.v.0,surprise,large,total_rel,31,31.0,0.8391608391608392,0.7635673624288425,1.0
NQ.v.0,surprise,large,total_rel,32,31.0,0.8,0.6591937474290416,0.9848484848484849
NQ.v.0,surprise,large,total_rel,33,31.0,0.8,0.6865546218487395,1.0
NQ.v.0,surprise,large,total_rel,34,31.0,0.8214285714285714,0.6431372549019607,1.0
NQ.v.0,surprise,large,total_rel,35,31.0,0.8,0.6076923076923078,0.9034608378870674
NQ.v.0,surprise,large,total_rel,36,31.0,0.8,0.6964285714285714,0.8944444444444444
NQ.v.0,surprise,large,total_rel,37,31.0,0.8,0.6256109481915934,0.9848484848484849
NQ.v.0,surprise,large,total_rel,38,31.0,0.7857142857142857,0.6,1.0
NQ.v.0,surprise,large,total_rel,39,31.0,0.7843137254901961,0.5962962962962963,1.0
NQ.v.0,surprise,medium,ask_rel,-5,30.0,1.1428571428571428,1.0,1.2872841444270016
NQ.v.0,surprise,medium,ask_rel,-4,30.0,1.0,0.8173913043478261,1.117777777777778
NQ.v.0,surprise,medium,ask_rel,-3,30.0,0.8,0.7555555555555555,1.0
NQ.v.0,surprise,medium,ask_rel,-2,30.0,1.0217391304347827,0.8,1.1428571428571428
NQ.v.0,surprise,medium,ask_rel,-1,30.0,0.8090909090909091,0.6961038961038961,1.0326086956521738
NQ.v.0,surprise,medium,ask_rel,0,30.0,0.7114624505928854,0.4729559748427673,0.95
NQ.v.0,surprise,medium,ask_rel,1,30.0,0.8,0.5,1.0641509433962264
NQ.v.0,surprise,medium,ask_rel,2,30.0,0.8,0.5714285714285714,1.0
NQ.v.0,surprise,medium,ask_rel,3,30.0,0.8,0.5714285714285714,1.0666666666666667
NQ.v.0,surprise,medium,ask_rel,4,30.0,0.905982905982906,0.5918367346938775,1.0666666666666667
NQ.v.0,surprise,medium,ask_rel,5,30.0,0.98,0.8,1.2
NQ.v.0,surprise,medium,ask_rel,6,30.0,1.0,0.7217391304347827,1.172077922077922
NQ.v.0,surprise,medium,ask_rel,7,30.0,1.0,0.8,1.2
NQ.v.0,surprise,medium,ask_rel,8,30.0,1.0283018867924527,0.8,1.2
NQ.v.0,surprise,medium,ask_rel,9,30.0,1.0,0.8040816326530613,1.2
NQ.v.0,surprise,medium,ask_rel,10,30.0,1.101010101010101,0.8344671201814059,1.2999999999999998
NQ.v.0,surprise,medium,ask_rel,11,30.0,1.0787878787878786,0.8222222222222222,1.3199999999999998
NQ.v.0,surprise,medium,ask_rel,12,30.0,1.0333333333333332,0.8222222222222222,1.3333333333333333
NQ.v.0,surprise,medium,ask_rel,13,30.0,1.0,0.8,1.3499999999999999
NQ.v.0,surprise,medium,ask_rel,14,30.0,1.126984126984127,0.8952380952380952,1.3833333333333333
NQ.v.0,surprise,medium,ask_rel,15,30.0,1.1428571428571428,1.0,1.6
NQ.v.0,surprise,medium,ask_rel,16,30.0,1.2077922077922079,0.865079365079365,1.5673469387755103
NQ.v.0,surprise,medium,ask_rel,17,30.0,1.2363636363636363,0.8952380952380952,1.6
NQ.v.0,surprise,medium,ask_rel,18,30.0,1.24,0.9166666666666666,1.5863636363636364
NQ.v.0,surprise,medium,ask_rel,19,30.0,1.3095238095238095,1.0,1.7008086253369272
NQ.v.0,surprise,medium,ask_rel,20,30.0,1.2530612244897958,1.0492753623188404,1.6
NQ.v.0,surprise,medium,ask_rel,21,30.0,1.2930612244897959,1.0683229813664596,1.5773584905660378
NQ.v.0,surprise,medium,ask_rel,22,30.0,1.1714285714285713,1.0777777777777777,1.6
NQ.v.0,surprise,medium,ask_rel,23,30.0,1.3197278911564625,1.0727272727272728,1.6
NQ.v.0,surprise,medium,ask_rel,24,30.0,1.1925925925925926,1.0227272727272727,1.6
NQ.v.0,surprise,medium,ask_rel,25,30.0,1.3066666666666666,1.0108695652173914,1.6
NQ.v.0,surprise,medium,ask_rel,26,30.0,1.2568348093954562,1.0108695652173914,1.6
NQ.v.0,surprise,medium,ask_rel,27,30.0,1.1714285714285713,1.0,1.6
NQ.v.0,surprise,medium,ask_rel,28,30.0,1.2815094339622641,0.9166666666666666,1.6
NQ.v.0,surprise,medium,ask_rel,29,30.0,1.088888888888889,0.9066666666666666,1.3681940700808626
NQ.v.0,surprise,medium,ask_rel,30,30.0,1.1314285714285715,0.8222222222222222,1.4654088050314467
NQ.v.0,surprise,medium,ask_rel,31,30.0,1.1428571428571428,0.9166666666666666,1.5877551020408163
NQ.v.0,surprise,medium,ask_rel,32,30.0,1.1714285714285713,0.8222222222222222,1.5863636363636364
NQ.v.0,surprise,medium,ask_rel,33,30.0,1.1155555555555556,0.7,1.6
NQ.v.0,surprise,medium,ask_rel,34,30.0,1.1428571428571428,0.8142857142857143,1.6
NQ.v.0,surprise,medium,ask_rel,35,30.0,1.1428571428571428,0.8888888888888888,1.4448979591836735
NQ.v.0,surprise,medium,ask_rel,36,30.0,1.0333333333333332,0.5714285714285714,1.4416634578359646
NQ.v.0,surprise,medium,ask_rel,37,30.0,1.1047619047619048,0.6666666666666666,1.56
NQ.v.0,surprise,medium,ask_rel,38,30.0,1.1047619047619048,0.7,1.3699999999999999
NQ.v.0,surprise,medium,ask_rel,39,30.0,0.9466666666666667,0.7217391304347827,1.3285714285714285
NQ.v.0,surprise,medium,bid_rel,-5,30.0,1.1808278867102397,1.0108695652173914,1.2757894736842106
NQ.v.0,surprise,medium,bid_rel,-4,30.0,1.0,0.9230769230769231,1.1428571428571428
NQ.v.0,surprise,medium,bid_rel,-3,30.0,0.8888888888888888,0.6982097186700768,1.0
NQ.v.0,surprise,medium,bid_rel,-2,30.0,0.905982905982906,0.7454545454545455,1.0681818181818181
NQ.v.0,surprise,medium,bid_rel,-1,30.0,0.7386363636363636,0.6282051282051282,1.0
NQ.v.0,surprise,medium,bid_rel,0,30.0,0.6666666666666666,0.5276679841897233,0.9366515837104072
NQ.v.0,surprise,medium,bid_rel,1,30.0,0.6666666666666666,0.5,1.0
NQ.v.0,surprise,medium,bid_rel,2,30.0,0.7571428571428571,0.551948051948052,1.0326086956521738
NQ.v.0,surprise,medium,bid_rel,3,30.0,0.849624060150376,0.6666666666666666,1.1180124223602483
NQ.v.0,surprise,medium,bid_rel,4,30.0,0.873015873015873,0.6666666666666666,1.0
NQ.v.0,surprise,medium,bid_rel,5,30.0,0.9188311688311688,0.6714285714285714,1.0326086956521738
NQ.v.0,surprise,medium,bid_rel,6,30.0,1.0,0.7035573122529644,1.2193732193732194
NQ.v.0,surprise,medium,bid_rel,7,30.0,1.0,0.7035573122529644,1.2193732193732194
NQ.v.0,surprise,medium,bid_rel,8,30.0,1.0,0.6739130434782609,1.2451923076923077
NQ.v.0,surprise,medium,bid_rel,9,30.0,1.0,0.7035573122529644,1.2800751879699248
NQ.v.0,surprise,medium,bid_rel,10,30.0,1.0217391304347827,0.8472222222222222,1.3142857142857143
NQ.v.0,surprise,medium,bid_rel,11,30.0,1.0714285714285714,0.7272727272727273,1.3214285714285714
NQ.v.0,surprise,medium,bid_rel,12,30.0,1.026315789473684,0.6739130434782609,1.3813186813186813
NQ.v.0,surprise,medium,bid_rel,13,30.0,1.1714285714285713,0.7676767676767677,1.361904761904762
NQ.v.0,surprise,medium,bid_rel,14,30.0,1.0977443609022557,0.7597402597402597,1.3333333333333333
NQ.v.0,surprise,medium,bid_rel,15,30.0,1.2469635627530364,0.865079365079365,1.528846153846154
NQ.v.0,surprise,medium,bid_rel,16,30.0,1.2601503759398496,0.8222222222222222,1.528846153846154
NQ.v.0,surprise,medium,bid_rel,17,30.0,1.1704545454545454,0.865079365079365,1.4688995215311005
NQ.v.0,surprise,medium,bid_rel,18,30.0,1.2649350649350648,1.0108695652173914,1.5
NQ.v.0,surprise,medium,bid_rel,19,30.0,1.2403846153846154,1.0108695652173914,1.5437062937062938
NQ.v.0,surprise,medium,bid_rel,20,30.0,1.3484848484848484,1.0,1.5178571428571428
NQ.v.0,surprise,medium,bid_rel,21,30.0,1.1454545454545455,1.0,1.5631868131868132
NQ.v.0,surprise,medium,bid_rel,22,30.0,1.2982456140350878,1.0492753623188404,1.448051948051948
NQ.v.0,surprise,medium,bid_rel,23,30.0,1.2678571428571428,0.9318181818181818,1.6500000000000001
NQ.v.0,surprise,medium,bid_rel,24,30.0,1.207977207977208,1.0,1.6590909090909092
NQ.v.0,surprise,medium,bid_rel,25,30.0,1.1868131868131868,1.0,1.528846153846154
NQ.v.0,surprise,medium,bid_rel,26,30.0,1.2456140350877192,0.8939393939393939,1.6222222222222222
NQ.v.0,surprise,medium,bid_rel,27,30.0,1.2403846153846154,1.0,1.5750000000000002
NQ.v.0,surprise,medium,bid_rel,28,30.0,1.3333333333333333,0.97,1.5
NQ.v.0,surprise,medium,bid_rel,29,30.0,1.1714285714285713,0.9066666666666666,1.5178571428571428
NQ.v.0,surprise,medium,bid_rel,30,30.0,1.207142857142857,0.865079365079365,1.356060606060606
NQ.v.0,surprise,medium,bid_rel,31,30.0,1.0931677018633539,0.7035573122529644,1.4242424242424243
NQ.v.0,surprise,medium,bid_rel,32,30.0,1.0,0.7035573122529644,1.3896321070234112
NQ.v.0,surprise,medium,bid_rel,33,30.0,1.0,0.6739130434782609,1.2230769230769232
NQ.v.0,surprise,medium,bid_rel,34,30.0,1.1428571428571428,0.7439613526570048,1.3157894736842104
NQ.v.0,surprise,medium,bid_rel,35,30.0,1.0217391304347827,0.7360248447204969,1.379120879120879
NQ.v.0,surprise,medium,bid_rel,36,30.0,1.0454545454545454,0.6666666666666666,1.3768115942028984
NQ.v.0,surprise,medium,bid_rel,37,30.0,1.1168831168831168,0.6666666666666666,1.4530892448512585
NQ.v.0,surprise,medium,bid_rel,38,30.0,1.1428571428571428,0.6666666666666666,1.477922077922078
NQ.v.0,surprise,medium,bid_rel,39,30.0,0.9615384615384616,0.6666666666666666,1.3181818181818181
NQ.v.0,surprise,medium,bid_share,-5,30.0,0.5,0.5,0.553030303030303
NQ.v.0,surprise,medium,bid_share,-4,30.0,0.5,0.5,0.5324675324675324
NQ.v.0,surprise,medium,bid_share,-3,30.0,0.5,0.5,0.5482954545454546
NQ.v.0,surprise,medium,bid_share,-2,30.0,0.5,0.5,0.5267857142857143
NQ.v.0,surprise,medium,bid_share,-1,30.0,0.5,0.5,0.5
NQ.v.0,surprise,medium,bid_share,0,30.0,0.5,0.5,0.5
NQ.v.0,surprise,medium,bid_share,1,30.0,0.5,0.5,0.5
NQ.v.0,surprise,medium,bid_share,2,30.0,0.5,0.5,0.5
NQ.v.0,surprise,medium,bid_share,3,30.0,0.5,0.5,0.5
NQ.v.0,surprise,medium,bid_share,4,30.0,0.5,0.5,0.5
NQ.v.0,surprise,medium,bid_share,5,30.0,0.5,0.5,0.5
NQ.v.0,surprise,medium,bid_share,6,30.0,0.5,0.5,0.5
NQ.v.0,surprise,medium,bid_share,7,30.0,0.5,0.4824404761904762,0.5
NQ.v.0,surprise,medium,bid_share,8,30.0,0.5,0.5,0.5
NQ.v.0,surprise,medium,bid_share,9,30.0,0.5,0.5,0.5
NQ.v.0,surprise,medium,bid_share,10,30.0,0.5,0.5,0.5
NQ.v.0,surprise,medium,bid_share,11,30.0,0.5,0.5,0.5
NQ.v.0,surprise,medium,bid_share,12,30.0,0.5,0.5,0.5190527065527065
NQ.v.0,surprise,medium,bid_share,13,30.0,0.5,0.5,0.5
NQ.v.0,surprise,medium,bid_share,14,30.0,0.5,0.48737373737373735,0.5
NQ.v.0,surprise,medium,bid_share,15,30.0,0.5,0.4935344827586207,0.5
NQ.v.0,surprise,medium,bid_share,16,30.0,0.5,0.5,0.5
NQ.v.0,surprise,medium,bid_share,17,30.0,0.5,0.5,0.5
NQ.v.0,surprise,medium,bid_share,18,30.0,0.5,0.5,0.5
NQ.v.0,surprise,medium,bid_share,19,30.0,0.5,0.5,0.5
NQ.v.0,surprise,medium,bid_share,20,30.0,0.5,0.5,0.5
NQ.v.0,surprise,medium,bid_share,21,30.0,0.5,0.5,0.5
NQ.v.0,surprise,medium,bid_share,22,30.0,0.5,0.4814102564102564,0.5
NQ.v.0,surprise,medium,bid_share,23,30.0,0.5,0.5,0.5069444444444444
NQ.v.0,surprise,medium,bid_share,24,30.0,0.5,0.5,0.5
NQ.v.0,surprise,medium,bid_share,25,30.0,0.5,0.5,0.5
NQ.v.0,surprise,medium,bid_share,26,30.0,0.5,0.5,0.5
NQ.v.0,surprise,medium,bid_share,27,30.0,0.5,0.5,0.5
NQ.v.0,surprise,medium,bid_share,28,30.0,0.5,0.5,0.5
NQ.v.0,surprise,medium,bid_share,29,30.0,0.5,0.5,0.518796992481203
NQ.v.0,surprise,medium,bid_share,30,30.0,0.5,0.5,0.5
NQ.v.0,surprise,medium,bid_share,31,30.0,0.5,0.5,0.5
NQ.v.0,surprise,medium,bid_share,32,30.0,0.5,0.4935344827586207,0.5
NQ.v.0,surprise,medium,bid_share,33,30.0,0.5,0.490625,0.5
NQ.v.0,surprise,medium,bid_share,34,30.0,0.5,0.5,0.5
NQ.v.0,surprise,medium,bid_share,35,30.0,0.5,0.5,0.5
NQ.v.0,surprise,medium,bid_share,36,30.0,0.5,0.5,0.5
NQ.v.0,surprise,medium,bid_share,37,30.0,0.5,0.5,0.5
NQ.v.0,surprise,medium,bid_share,38,30.0,0.5,0.5,0.5161764705882352
NQ.v.0,surprise,medium,bid_share,39,30.0,0.5,0.5,0.5
NQ.v.0,surprise,medium,total_rel,-5,30.0,1.1428571428571428,1.0373514431239388,1.2505494505494505
NQ.v.0,surprise,medium,total_rel,-4,30.0,1.0,0.9033290653008963,1.108637873754153
NQ.v.0,surprise,medium,total_rel,-3,30.0,0.8792270531400965,0.7915492957746478,0.9757575757575757
NQ.v.0,surprise,medium,total_rel,-2,30.0,0.9494614747307373,0.8660399529964747,1.0272425249169435
NQ.v.0,surprise,medium,total_rel,-1,30.0,0.8610038610038611,0.6964964119881807,1.040673211781206
NQ.v.0,surprise,medium,total_rel,0,30.0,0.6899400950216897,0.5486257928118393,0.9180035650623886
NQ.v.0,surprise,medium,total_rel,1,30.0,0.7754462887566551,0.5594497215853259,0.9552941176470588
NQ.v.0,surprise,medium,total_rel,2,30.0,0.775,0.5864661654135338,0.9411764705882353
NQ.v.0,surprise,medium,total_rel,3,30.0,0.8067796610169492,0.73006993006993,0.972824427480916
NQ.v.0,surprise,medium,total_rel,4,30.0,0.8210526315789474,0.6902927580893683,0.99
NQ.v.0,surprise,medium,total_rel,5,30.0,0.9116883116883117,0.758139534883721,1.0
NQ.v.0,surprise,medium,total_rel,6,30.0,0.9451645064805583,0.7625,1.0813397129186602
NQ.v.0,surprise,medium,total_rel,7,30.0,0.98,0.8058823529411765,1.0786918753193664
NQ.v.0,surprise,medium,total_rel,8,30.0,0.9648484848484848,0.758139534883721,1.2363866610384129
NQ.v.0,surprise,medium,total_rel,9,30.0,1.0378681626928472,0.8832391713747646,1.184879157198926
NQ.v.0,surprise,medium,total_rel,10,30.0,1.016482275908783,0.8939393939393939,1.1650763358778626
NQ.v.0,surprise,medium,total_rel,11,30.0,1.0311084264572636,0.8325581395348838,1.2109158186864015
NQ.v.0,surprise,medium,total_rel,12,30.0,0.9857142857142858,0.8455988455988457,1.1505791505791505
NQ.v.0,surprise,medium,total_rel,13,30.0,0.9702853780523684,0.8605200945626478,1.1789906103286385
NQ.v.0,surprise,medium,total_rel,14,30.0,1.0259136212624584,0.9143763213530656,1.2257882882882882
NQ.v.0,surprise,medium,total_rel,15,30.0,1.080338266384778,0.9143763213530656,1.2553571428571428
NQ.v.0,surprise,medium,total_rel,16,30.0,1.1885848779052663,0.8939393939393939,1.3255813953488371
NQ.v.0,surprise,medium,total_rel,17,30.0,1.019140083217753,0.8455988455988457,1.3255813953488371
NQ.v.0,surprise,medium,total_rel,18,30.0,1.0944741532976827,0.8939393939393939,1.2350691379817593
NQ.v.0,surprise,medium,total_rel,19,30.0,1.115117891816921,0.9314406523708849,1.378787878787879
NQ.v.0,surprise,medium,total_rel,20,30.0,1.1893939393939394,0.9458823529411764,1.3674525589419206
NQ.v.0,surprise,medium,total_rel,21,30.0,1.225778915919761,0.951864406779661,1.3333333333333333
NQ.v.0,surprise,medium,total_rel,22,30.0,1.096048632218845,0.9624242424242424,1.3333333333333333
NQ.v.0,surprise,medium,total_rel,23,30.0,1.2410775331601256,0.9942754919499106,1.4225736095965105
NQ.v.0,surprise,medium,total_rel,24,30.0,1.140663806728381,0.9661538461538461,1.4047619047619047
NQ.v.0,surprise,medium,total_rel,25,30.0,1.1246200607902734,0.9624242424242424,1.4285714285714286
NQ.v.0,surprise,medium,total_rel,26,30.0,1.08422986092889,0.9365928189457601,1.411854103343465
NQ.v.0,surprise,medium,total_rel,27,30.0,1.077022653721683,0.9143763213530656,1.4557344064386317
NQ.v.0,surprise,medium,total_rel,28,30.0,1.0944741532976827,0.9458823529411764,1.420265780730897
NQ.v.0,surprise,medium,total_rel,29,30.0,1.0400500625782227,0.9352941176470588,1.3157894736842104
NQ.v.0,surprise,medium,total_rel,30,30.0,1.056061861364264,0.7980364656381487,1.2767857142857144
NQ.v.0,surprise,medium,total_rel,31,30.0,1.0641120117907148,0.8537549407114624,1.311719833564494
NQ.v.0,surprise,medium,total_rel,32,30.0,1.0217391304347827,0.7806451612903226,1.3040167523320008
NQ.v.0,surprise,medium,total_rel,33,30.0,1.0048543689320388,0.8147149460708784,1.3662337662337662
NQ.v.0,surprise,medium,total_rel,34,30.0,1.0333333333333332,0.9103896103896103,1.3441815944208944
NQ.v.0,surprise,medium,total_rel,35,30.0,0.9848484848484849,0.7806451612903226,1.1680672268907564
NQ.v.0,surprise,medium,total_rel,36,30.0,0.9430447396549091,0.7390029325513197,1.3116883116883116
NQ.v.0,surprise,medium,total_rel,37,30.0,1.0333333333333332,0.7035573122529644,1.3589389334070185
NQ.v.0,surprise,medium,total_rel,38,30.0,1.0333333333333332,0.7454545454545455,1.26109391124871
NQ.v.0,surprise,medium,total_rel,39,30.0,0.9205648720211828,0.7390029325513197,1.1362126245847175
NQ.v.0,surprise,small,ask_rel,-5,31.0,1.0,0.8444444444444444,1.1736011477761836
NQ.v.0,surprise,small,ask_rel,-4,31.0,1.0,0.9150326797385621,1.188235294117647
NQ.v.0,surprise,small,ask_rel,-3,31.0,1.0,0.8,1.0909090909090908
NQ.v.0,surprise,small,ask_rel,-2,31.0,1.0,0.791304347826087,1.101010101010101
NQ.v.0,surprise,small,ask_rel,-1,31.0,0.8888888888888888,0.641025641025641,1.0
NQ.v.0,surprise,small,ask_rel,0,31.0,0.75,0.45751633986928103,1.0
NQ.v.0,surprise,small,ask_rel,1,31.0,0.8,0.5857142857142856,0.9150326797385621
NQ.v.0,surprise,small,ask_rel,2,31.0,0.8888888888888888,0.5934065934065934,1.0
NQ.v.0,surprise,small,ask_rel,3,31.0,0.8888888888888888,0.641025641025641,1.2380952380952381
NQ.v.0,surprise,small,ask_rel,4,31.0,0.8888888888888888,0.6666666666666666,1.1353658536585365
NQ.v.0,surprise,small,ask_rel,5,31.0,0.9230769230769231,0.6862745098039216,1.2976190476190477
NQ.v.0,surprise,small,ask_rel,6,31.0,1.0,0.8444444444444444,1.3666666666666667
NQ.v.0,surprise,small,ask_rel,7,31.0,0.9230769230769231,0.7272727272727273,1.3333333333333333
NQ.v.0,surprise,small,ask_rel,8,31.0,1.0,0.7272727272727273,1.3495934959349594
NQ.v.0,surprise,small,ask_rel,9,31.0,1.0,0.8888888888888888,1.3725490196078431
NQ.v.0,surprise,small,ask_rel,10,31.0,1.0,0.873015873015873,1.3333333333333333
NQ.v.0,surprise,small,ask_rel,11,31.0,1.0909090909090908,0.8888888888888888,1.55
NQ.v.0,surprise,small,ask_rel,12,31.0,1.0909090909090908,0.9150326797385621,1.4558823529411766
NQ.v.0,surprise,small,ask_rel,13,31.0,1.0909090909090908,0.8888888888888888,1.5519713261648747
NQ.v.0,surprise,small,ask_rel,14,31.0,1.3333333333333333,0.9705882352941176,1.5519713261648747
NQ.v.0,surprise,small,ask_rel,15,31.0,1.3333333333333333,1.0,1.6333333333333333
NQ.v.0,surprise,small,ask_rel,16,31.0,1.2903225806451613,1.0,1.6
NQ.v.0,surprise,small,ask_rel,17,31.0,1.1666666666666667,1.0,1.55
NQ.v.0,surprise,small,ask_rel,18,31.0,1.3333333333333333,1.0,1.6333333333333333
NQ.v.0,surprise,small,ask_rel,19,31.0,1.3333333333333333,0.9251336898395721,1.55
NQ.v.0,surprise,small,ask_rel,20,31.0,1.3333333333333333,1.0,1.577777777777778
NQ.v.0,surprise,small,ask_rel,21,31.0,1.3333333333333333,1.0,1.5692307692307694
NQ.v.0,surprise,small,ask_rel,22,31.0,1.3333333333333333,0.9545454545454546,1.6
NQ.v.0,surprise,small,ask_rel,23,31.0,1.3333333333333333,0.9150326797385621,1.6666666666666667
NQ.v.0,surprise,small,ask_rel,24,31.0,1.3333333333333333,0.898989898989899,1.6235294117647059
NQ.v.0,surprise,small,ask_rel,25,31.0,1.3333333333333333,0.9705882352941176,1.5345345345345347
NQ.v.0,surprise,small,ask_rel,26,31.0,1.1428571428571428,0.9150326797385621,1.5804878048780489
NQ.v.0,surprise,small,ask_rel,27,31.0,1.25,0.9150326797385621,1.6333333333333333
NQ.v.0,surprise,small,ask_rel,28,31.0,1.2307692307692308,0.9705882352941176,1.7000000000000002
NQ.v.0,surprise,small,ask_rel,29,31.0,1.1666666666666667,0.9705882352941176,1.5192307692307692
NQ.v.0,surprise,small,ask_rel,30,31.0,1.2,0.9150326797385621,1.577777777777778
NQ.v.0,surprise,small,ask_rel,31,31.0,1.1764705882352942,0.8888888888888888,1.5192307692307692
NQ.v.0,surprise,small,ask_rel,32,31.0,1.0,0.8888888888888888,1.5067567567567568
NQ.v.0,surprise,small,ask_rel,33,31.0,1.0,0.873015873015873,1.656862745098039
NQ.v.0,surprise,small,ask_rel,34,31.0,1.2,0.8888888888888888,1.5
NQ.v.0,surprise,small,ask_rel,35,31.0,1.0,0.8285714285714285,1.4558823529411766
NQ.v.0,surprise,small,ask_rel,36,31.0,0.8888888888888888,0.6190476190476191,1.7124183006535947
NQ.v.0,surprise,small,ask_rel,37,31.0,1.0,0.6666666666666666,1.5
NQ.v.0,surprise,small,ask_rel,38,31.0,1.0,0.7636363636363637,1.5067567567567568
NQ.v.0,surprise,small,ask_rel,39,31.0,1.0,0.7333333333333334,1.55
NQ.v.0,surprise,small,bid_rel,-5,31.0,1.0,0.8888888888888888,1.188235294117647
NQ.v.0,surprise,small,bid_rel,-4,31.0,1.0,0.8888888888888888,1.2315789473684209
NQ.v.0,surprise,small,bid_rel,-3,31.0,0.9230769230769231,0.8,1.0161290322580645
NQ.v.0,surprise,small,bid_rel,-2,31.0,1.0,0.8,1.0909090909090908
NQ.v.0,surprise,small,bid_rel,-1,31.0,0.7692307692307693,0.5,1.0
NQ.v.0,surprise,small,bid_rel,0,31.0,0.7272727272727273,0.5,0.8888888888888888
NQ.v.0,surprise,small,bid_rel,1,31.0,0.7058823529411765,0.4722222222222222,0.8888888888888888
NQ.v.0,surprise,small,bid_rel,2,31.0,0.8888888888888888,0.6251526251526252,1.0
NQ.v.0,surprise,small,bid_rel,3,31.0,0.8253968253968254,0.5,1.0454545454545454
NQ.v.0,surprise,small,bid_rel,4,31.0,0.8888888888888888,0.6666666666666666,1.101010101010101
NQ.v.0,surprise,small,bid_rel,5,31.0,0.8888888888888888,0.681159420289855,1.1596638655462184
NQ.v.0,surprise,small,bid_rel,6,31.0,0.8888888888888888,0.6666666666666666,1.3333333333333333
NQ.v.0,surprise,small,bid_rel,7,31.0,0.8888888888888888,0.681159420289855,1.1596638655462184
NQ.v.0,surprise,small,bid_rel,8,31.0,0.8888888888888888,0.681159420289855,1.1666666666666665
NQ.v.0,surprise,small,bid_rel,9,31.0,1.0,0.8210526315789474,1.3333333333333333
NQ.v.0,surprise,small,bid_rel,10,31.0,1.0,0.873015873015873,1.3333333333333333
NQ.v.0,surprise,small,bid_rel,11,31.0,1.0,0.8,1.3333333333333333
NQ.v.0,surprise,small,bid_rel,12,31.0,1.0,0.898989898989899,1.3333333333333333
NQ.v.0,surprise,small,bid_rel,13,31.0,1.0909090909090908,0.8888888888888888,1.4603580562659846
NQ.v.0,surprise,small,bid_rel,14,31.0,1.0526315789473684,0.8888888888888888,1.5555555555555554
NQ.v.0,surprise,small,bid_rel,15,31.0,1.0793650793650793,0.7960526315789473,1.5
NQ.v.0,surprise,small,bid_rel,16,31.0,1.2,0.9705882352941176,1.5984848484848486
NQ.v.0,surprise,small,bid_rel,17,31.0,1.2173913043478262,1.0,1.4772727272727273
NQ.v.0,surprise,small,bid_rel,18,31.0,1.1428571428571428,0.9615384615384616,1.6666666666666665
NQ.v.0,surprise,small,bid_rel,19,31.0,1.1428571428571428,1.0,1.6720430107526882
NQ.v.0,surprise,small,bid_rel,20,31.0,1.1428571428571428,0.9705882352941176,1.36231884057971
NQ.v.0,surprise,small,bid_rel,21,31.0,1.263157894736842,0.9761904761904762,1.5519713261648747
NQ.v.0,surprise,small,bid_rel,22,31.0,1.2,0.905982905982906,1.5277777777777777
NQ.v.0,surprise,small,bid_rel,23,31.0,1.2698412698412698,1.0,1.4456521739130435
NQ.v.0,surprise,small,bid_rel,24,31.0,1.0,0.905982905982906,1.4545454545454546
NQ.v.0,surprise,small,bid_rel,25,31.0,1.0,0.8888888888888888,1.36231884057971
NQ.v.0,surprise,small,bid_rel,26,31.0,1.0666666666666667,0.9615384615384616,1.4456521739130435
NQ.v.0,surprise,small,bid_rel,27,31.0,1.0,0.8888888888888888,1.36231884057971
NQ.v.0,surprise,small,bid_rel,28,31.0,1.0793650793650793,0.905982905982906,1.5360983102918586
NQ.v.0,surprise,small,bid_rel,29,31.0,1.0434782608695652,0.8888888888888888,1.4042950513538748
NQ.v.0,surprise,small,bid_rel,30,31.0,1.0434782608695652,0.9467787114845938,1.4
NQ.v.0,surprise,small,bid_rel,31,31.0,1.0,0.8888888888888888,1.3333333333333333
NQ.v.0,surprise,small,bid_rel,32,31.0,1.0,0.8654970760233918,1.3333333333333333
NQ.v.0,surprise,small,bid_rel,33,31.0,1.0,0.775,1.3763440860215055
NQ.v.0,surprise,small,bid_rel,34,31.0,1.0,0.83375104427736,1.4772727272727273
NQ.v.0,surprise,small,bid_rel,35,31.0,1.0,0.8210526315789474,1.3968253968253967
NQ.v.0,surprise,small,bid_rel,36,31.0,1.0,0.8444444444444444,1.3588516746411483
NQ.v.0,surprise,small,bid_rel,37,31.0,1.0,0.6666666666666666,1.393939393939394
NQ.v.0,surprise,small,bid_rel,38,31.0,1.0,0.6862745098039216,1.4545454545454546
NQ.v.0,surprise,small,bid_rel,39,31.0,1.0,0.7338935574229692,1.3650793650793651
NQ.v.0,surprise,small,bid_share,-5,31.0,0.5,0.4722222222222222,0.5
NQ.v.0,surprise,small,bid_share,-4,31.0,0.5,0.5,0.5
NQ.v.0,surprise,small,bid_share,-3,31.0,0.5,0.5,0.5
NQ.v.0,surprise,small,bid_share,-2,31.0,0.5,0.5,0.5138888888888888
NQ.v.0,surprise,small,bid_share,-1,31.0,0.5,0.5,0.5
NQ.v.0,surprise,small,bid_share,0,31.0,0.5,0.5,0.5
NQ.v.0,surprise,small,bid_share,1,31.0,0.5,0.5,0.5
NQ.v.0,surprise,small,bid_share,2,31.0,0.5,0.5,0.5
NQ.v.0,surprise,small,bid_share,3,31.0,0.5,0.5,0.5
NQ.v.0,surprise,small,bid_share,4,31.0,0.5,0.5,0.5
NQ.v.0,surprise,small,bid_share,5,31.0,0.5,0.5,0.5
NQ.v.0,surprise,small,bid_share,6,31.0,0.5,0.5,0.5
NQ.v.0,surprise,small,bid_share,7,31.0,0.5,0.5,0.5
NQ.v.0,surprise,small,bid_share,8,31.0,0.5,0.5,0.5
NQ.v.0,surprise,small,bid_share,9,31.0,0.5,0.5,0.5
NQ.v.0,surprise,small,bid_share,10,31.0,0.5,0.5,0.5
NQ.v.0,surprise,small,bid_share,11,31.0,0.5,0.5,0.5
NQ.v.0,surprise,small,bid_share,12,31.0,0.5,0.5,0.5
NQ.v.0,surprise,small,bid_share,13,31.0,0.5,0.5,0.5
NQ.v.0,surprise,small,bid_share,14,31.0,0.5,0.5,0.5
NQ.v.0,surprise,small,bid_share,15,31.0,0.5,0.4886128364389234,0.5
NQ.v.0,surprise,small,bid_share,16,31.0,0.5,0.5,0.5
NQ.v.0,surprise,small,bid_share,17,31.0,0.5,0.5,0.5
NQ.v.0,surprise,small,bid_share,18,31.0,0.5,0.5,0.5
NQ.v.0,surprise,small,bid_share,19,31.0,0.5,0.5,0.5
NQ.v.0,surprise,small,bid_share,20,31.0,0.5,0.5,0.5
NQ.v.0,surprise,small,bid_share,21,31.0,0.5,0.495,0.5
NQ.v.0,surprise,small,bid_share,22,31.0,0.5,0.5,0.5
NQ.v.0,surprise,small,bid_share,23,31.0,0.5,0.46235431235431235,0.5
NQ.v.0,surprise,small,bid_share,24,31.0,0.5,0.5,0.5
NQ.v.0,surprise,small,bid_share,25,31.0,0.5,0.5,0.5
NQ.v.0,surprise,small,bid_share,26,31.0,0.5,0.5,0.5
NQ.v.0,surprise,small,bid_share,27,31.0,0.5,0.4891304347826087,0.5
NQ.v.0,surprise,small,bid_share,28,31.0,0.5,0.49037037037037035,0.5
NQ.v.0,surprise,small,bid_share,29,31.0,0.5,0.5,0.5
NQ.v.0,surprise,small,bid_share,30,31.0,0.5,0.4917989417989418,0.5
NQ.v.0,surprise,small,bid_share,31,31.0,0.5,0.5,0.5
NQ.v.0,surprise,small,bid_share,32,31.0,0.5,0.5,0.5105820105820106
NQ.v.0,surprise,small,bid_share,33,31.0,0.5,0.5,0.5
NQ.v.0,surprise,small,bid_share,34,31.0,0.5,0.5,0.5
NQ.v.0,surprise,small,bid_share,35,31.0,0.5,0.5,0.5135233918128654
NQ.v.0,surprise,small,bid_share,36,31.0,0.5,0.5,0.5
NQ.v.0,surprise,small,bid_share,37,31.0,0.5,0.4913381123058542,0.5
NQ.v.0,surprise,small,bid_share,38,31.0,0.5,0.5,0.5
NQ.v.0,surprise,small,bid_share,39,31.0,0.5,0.5,0.5
NQ.v.0,surprise,small,total_rel,-5,31.0,0.9696969696969697,0.8610038610038611,1.0666666666666667
NQ.v.0,surprise,small,total_rel,-4,31.0,1.0526315789473684,0.9511904761904761,1.1362007168458783
NQ.v.0,surprise,small,total_rel,-3,31.0,0.9696969696969697,0.8633540372670807,1.0596491228070175
NQ.v.0,surprise,small,total_rel,-2,31.0,1.032258064516129,0.8996168582375479,1.1246200607902734
NQ.v.0,surprise,small,total_rel,-1,31.0,0.875,0.7207792207792207,1.023458810692853
NQ.v.0,surprise,small,total_rel,0,31.0,0.7058823529411765,0.6076923076923078,0.9337606837606838
NQ.v.0,surprise,small,total_rel,1,31.0,0.7619047619047619,0.6015037593984962,0.8819444444444444
NQ.v.0,surprise,small,total_rel,2,31.0,0.8205128205128205,0.6765599856964062,0.9923195084485407
NQ.v.0,surprise,small,total_rel,3,31.0,0.851063829787234,0.7386363636363636,1.0158730158730158
NQ.v.0,surprise,small,total_rel,4,31.0,0.8,0.7207792207792207,1.081168831168831
NQ.v.0,surprise,small,total_rel,5,31.0,0.8235294117647058,0.6737588652482269,1.1428571428571428
NQ.v.0,surprise,small,total_rel,6,31.0,0.8695652173913043,0.8,1.1868131868131868
NQ.v.0,surprise,small,total_rel,7,31.0,0.8888888888888888,0.775,1.2469635627530364
NQ.v.0,surprise,small,total_rel,8,31.0,0.9473684210526315,0.8,1.214756258234519
NQ.v.0,surprise,small,total_rel,9,31.0,1.032258064516129,0.8102564102564103,1.1428571428571428
NQ.v.0,surprise,small,total_rel,10,31.0,1.0526315789473684,0.8184196755625327,1.2469635627530364
NQ.v.0,surprise,small,total_rel,11,31.0,1.0526315789473684,0.8255319148936171,1.150375939849624
NQ.v.0,surprise,small,total_rel,12,31.0,1.0714285714285714,0.9030206677265501,1.2800819252432154
NQ.v.0,surprise,small,total_rel,13,31.0,1.0666666666666667,0.9603841536614646,1.3627819548872182
NQ.v.0,surprise,small,total_rel,14,31.0,1.1428571428571428,1.004201680672269,1.435897435897436
NQ.v.0,surprise,small,total_rel,15,31.0,1.1666666666666667,0.9603841536614646,1.4126984126984126
NQ.v.0,surprise,small,total_rel,16,31.0,1.1578947368421053,0.9954867827208252,1.4871794871794872
NQ.v.0,surprise,small,total_rel,17,31.0,1.1666666666666667,1.032377428307123,1.3965201465201464
NQ.v.0,surprise,small,total_rel,18,31.0,1.2142857142857142,1.0004342162396873,1.441352973267867
NQ.v.0,surprise,small,total_rel,19,31.0,1.1428571428571428,0.9705882352941176,1.464114832535885
NQ.v.0,surprise,small,total_rel,20,31.0,1.1428571428571428,0.9053708439897699,1.3683510638297873
NQ.v.0,surprise,small,total_rel,21,31.0,1.1428571428571428,0.9680567879325643,1.4166666666666665
NQ.v.0,surprise,small,total_rel,22,31.0,1.1428571428571428,0.9245785270629991,1.4401709401709402
NQ.v.0,surprise,small,total_rel,23,31.0,1.25,0.8717573986116185,1.5119047619047619
NQ.v.0,surprise,small,total_rel,24,31.0,1.1063829787234043,0.8722826086956521,1.4322344322344323
NQ.v.0,surprise,small,total_rel,25,31.0,1.0666666666666667,0.9321266968325792,1.3508771929824561
NQ.v.0,surprise,small,total_rel,26,31.0,1.1428571428571428,0.9705882352941176,1.3333333333333333
NQ.v.0,surprise,small,total_rel,27,31.0,1.0666666666666667,0.9705882352941176,1.393939393939394
NQ.v.0,surprise,small,total_rel,28,31.0,1.1428571428571428,1.0,1.3333333333333333
NQ.v.0,surprise,small,total_rel,29,31.0,1.0909090909090908,0.9747899159663865,1.3118279569892473
NQ.v.0,surprise,small,total_rel,30,31.0,1.1428571428571428,0.8465845464725643,1.4166666666666665
NQ.v.0,surprise,small,total_rel,31,31.0,1.0909090909090908,0.9053708439897699,1.2582417582417582
NQ.v.0,surprise,small,total_rel,32,31.0,1.0909090909090908,0.8603145235892692,1.3333333333333333
NQ.v.0,surprise,small,total_rel,33,31.0,1.0526315789473684,0.8210526315789474,1.5119047619047619
NQ.v.0,surprise,small,total_rel,34,31.0,1.0638297872340425,0.8166666666666667,1.4375
NQ.v.0,surprise,small,total_rel,35,31.0,1.0256410256410255,0.8541033434650456,1.3333333333333333
NQ.v.0,surprise,small,total_rel,36,31.0,1.0,0.8,1.4563492063492063
NQ.v.0,surprise,small,total_rel,37,31.0,1.0256410256410255,0.7678571428571428,1.3014112903225805
NQ.v.0,surprise,small,total_rel,38,31.0,1.0526315789473684,0.7228260869565217,1.3197278911564625
NQ.v.0,surprise,small,total_rel,39,31.0,1.0,0.791304347826087,1.260545905707196
ZN.v.0,action,cut,ask_rel,-5,8.0,1.5408993540919413,1.1509978615058987,1.6288992752180191
ZN.v.0,action,cut,ask_rel,-4,8.0,1.3344511829616588,1.2144824222730521,1.4526651100782293
ZN.v.0,action,cut,ask_rel,-3,8.0,0.6790351466940692,0.6143692005936532,1.1805115939266826
ZN.v.0,action,cut,ask_rel,-2,8.0,0.4202826958801547,0.2658434566707566,0.5000770177916067
ZN.v.0,action,cut,ask_rel,-1,8.0,0.13883678832285606,0.08182049033789363,0.1826621072699656
ZN.v.0,action,cut,ask_rel,0,8.0,0.11353491150013945,0.10103912410385511,0.21308718893689604
ZN.v.0,action,cut,ask_rel,1,8.0,0.3083118777578216,0.2888882297794708,0.48855609898280106
ZN.v.0,action,cut,ask_rel,2,8.0,0.4434015592580275,0.4048835450333573,0.5445958292329107
ZN.v.0,action,cut,ask_rel,3,8.0,0.6282359939782599,0.39129041871425113,0.7833805147184825
ZN.v.0,action,cut,ask_rel,4,8.0,0.6441333337857298,0.48474176078354436,0.8997728577509649
ZN.v.0,action,cut,ask_rel,5,8.0,0.8071356591923786,0.6365893876388072,1.2591799576477953
ZN.v.0,action,cut,ask_rel,6,8.0,0.7834723772516619,0.6240128941179963,1.59005196162538
ZN.v.0,action,cut,ask_rel,7,8.0,0.7411585771031142,0.6382620747165756,1.2996002034936147
ZN.v.0,action,cut,ask_rel,8,8.0,0.7709725312944118,0.6841705463176444,0.9489379937699385
ZN.v.0,action,cut,ask_rel,9,8.0,0.9047619090854038,0.7609552524221687,1.060084640443642
ZN.v.0,action,cut,ask_rel,10,8.0,1.064347199861558,0.781765063590991,1.6054716808891856
ZN.v.0,action,cut,ask_rel,11,8.0,0.9880251016403743,0.9267330866866541,1.2444318146716498
ZN.v.0,action,cut,ask_rel,12,8.0,0.857530703402146,0.6449461987264581,1.3115746856596484
ZN.v.0,action,cut,ask_rel,13,8.0,0.9546130887248939,0.7526367039916333,1.2020311481709731
ZN.v.0,action,cut,ask_rel,14,8.0,1.169383757243554,0.9478909354881442,1.5971503326762053
ZN.v.0,action,cut,ask_rel,15,8.0,1.2779514413567032,0.9838731275293956,1.829704279047931
ZN.v.0,action,cut,ask_rel,16,8.0,1.559609136347376,0.9789958630851894,2.1121877525070554
ZN.v.0,action,cut,ask_rel,17,8.0,1.2824734654584273,1.013255377256832,1.8534123138425365
ZN.v.0,action,cut,ask_rel,18,8.0,1.4353771785384413,1.0504102623465807,1.9499720072336584
ZN.v.0,action,cut,ask_rel,19,8.0,1.2881004500035664,0.9215114795800903,1.8096503728948083
ZN.v.0,action,cut,ask_rel,20,8.0,1.094700002741107,0.9866620439401835,1.3578174785904296
ZN.v.0,action,cut,ask_rel,21,8.0,1.129302564869734,0.7311281463059693,1.7152316984741482
ZN.v.0,action,cut,ask_rel,22,8.0,1.3817674520008163,0.9537216581767216,1.8642201208350966
ZN.v.0,action,cut,ask_rel,23,8.0,1.344936624521146,0.7565034659636036,1.8996672587196899
ZN.v.0,action,cut,ask_rel,24,8.0,1.2062878599717441,0.8309996980837738,1.5898932917367994
ZN.v.0,action,cut,ask_rel,25,8.0,0.9873122564172437,0.8423458535232987,2.207180494452569
ZN.v.0,action,cut,ask_rel,26,8.0,1.3116922477909476,0.9056483386929068,2.0936060278277533
ZN.v.0,action,cut,ask_rel,27,8.0,1.2687249927945818,1.0513819357478165,1.6042935942580714
ZN.v.0,action,cut,ask_rel,28,8.0,1.1226740148572327,0.9396464925458197,1.56658132394192
ZN.v.0,action,cut,ask_rel,29,8.0,1.191008443139262,0.986303324472978,1.2742626849832834
ZN.v.0,action,cut,ask_rel,30,8.0,1.088169283139062,0.8686186587257975,1.301329752171099
ZN.v.0,action,cut,ask_rel,31,8.0,0.8663847454847626,0.7153922573013575,1.4729090335001336
ZN.v.0,action,cut,ask_rel,32,8.0,0.8576019662526874,0.6632717282842059,1.2971506904319103
ZN.v.0,action,cut,ask_rel,33,8.0,0.8932791393842452,0.7474876823888928,1.3948548269979775
ZN.v.0,action,cut,ask_rel,34,8.0,0.8076561287735007,0.7586471040483136,1.0082186348390358
ZN.v.0,action,cut,ask_rel,35,8.0,0.933939086196379,0.6568245424302437,1.1680269018018006
ZN.v.0,action,cut,ask_rel,36,8.0,0.9438663617996813,0.6719700352801429,1.3811961132295754
ZN.v.0,action,cut,ask_rel,37,8.0,0.8401883902662691,0.5719526826451247,1.0717164360109206
ZN.v.0,action,cut,ask_rel,38,8.0,0.9348677024061443,0.7704250799665124,1.273863358679381
ZN.v.0,action,cut,ask_rel,39,8.0,0.9150132305908103,0.7787403079502534,1.1660880470899122
ZN.v.0,action,cut,bid_rel,-5,8.0,1.369890742208852,1.3082730632667485,1.5020757065912034
ZN.v.0,action,cut,bid_rel,-4,8.0,1.3439643883156156,1.2137610343094642,1.4642672590504255
ZN.v.0,action,cut,bid_rel,-3,8.0,0.8256234024960132,0.6919725658533327,1.144515792563971
ZN.v.0,action,cut,bid_rel,-2,8.0,0.3039938430310792,0.24607925859532764,0.35963684026504056
ZN.v.0,action,cut,bid_rel,-1,8.0,0.13392847183429102,0.08939273185877629,0.2497086871310795
ZN.v.0,action,cut,bid_rel,0,8.0,0.10007417047405348,0.06963922931031315,0.11327791117250757
ZN.v.0,action,cut,bid_rel,1,8.0,0.2569234829586465,0.1949629500701273,0.4108131036377346
ZN.v.0,action,cut,bid_rel,2,8.0,0.28182945018862215,0.21823651766103758,0.3178654196869645
ZN.v.0,action,cut,bid_rel,3,8.0,0.39657311278985286,0.2630938779218468,0.5191578292843557
ZN.v.0,action,cut,bid_rel,4,8.0,0.47200559282142923,0.3443342569611322,0.5468934513048855
ZN.v.0,action,cut,bid_rel,5,8.0,0.514298922550845,0.3211073806066656,0.7297146848896439
ZN.v.0,action,cut,bid_rel,6,8.0,0.5865472237556929,0.4779955669693287,0.7789974015189216
ZN.v.0,action,cut,bid_rel,7,8.0,0.689123262047826,0.41461336787751124,0.8361937485446161
ZN.v.0,action,cut,bid_rel,8,8.0,0.7057149144920816,0.32943121932305125,0.8201904504817146
ZN.v.0,action,cut,bid_rel,9,8.0,0.49030377865982067,0.3440437513935157,0.9114175344343536
ZN.v.0,action,cut,bid_rel,10,8.0,0.7505225906097919,0.297098682592551,0.9125267128926093
ZN.v.0,action,cut,bid_rel,11,8.0,0.6379570825872909,0.4599045282203521,0.9995631774687737
ZN.v.0,action,cut,bid_rel,12,8.0,1.037157352249691,0.4317684292822311,1.1384336119267733
ZN.v.0,action,cut,bid_rel,13,8.0,0.8112204492583133,0.5619017371037963,1.3930844575475003
ZN.v.0,action,cut,bid_rel,14,8.0,0.9394337793136547,0.5122969920360458,1.26599092100781
ZN.v.0,action,cut,bid_rel,15,8.0,0.7634982564378359,0.5909519002762242,1.3232926276947303
ZN.v.0,action,cut,bid_rel,16,8.0,1.0482933105143295,0.6100475619780691,1.4196459261269039
ZN.v.0,action,cut,bid_rel,17,8.0,0.8190531169593187,0.6065011886725428,1.073098002440022
ZN.v.0,action,cut,bid_rel,18,8.0,0.6668911518529619,0.514188410534522,0.9665493454894669
ZN.v.0,action,cut,bid_rel,19,8.0,0.8386596290670065,0.5222669585532767,1.2003824576194975
ZN.v.0,action,cut,bid_rel,20,8.0,0.9531794384930862,0.5384804271327032,1.416549705537321
ZN.v.0,action,cut,bid_rel,21,8.0,0.8105663970141803,0.6790788202352027,1.2085040149823165
ZN.v.0,action,cut,bid_rel,22,8.0,0.831531185001245,0.6123330575958478,1.3114105416047839
ZN.v.0,action,cut,bid_rel,23,8.0,0.8450346757498987,0.6407085107550524,1.1087615926518883
ZN.v.0,action,cut,bid_rel,24,8.0,0.89543866181387,0.600049846239794,1.3371613676893883
ZN.v.0,action,cut,bid_rel,25,8.0,1.0750524763115419,0.8298508501478513,1.4938679081849495
ZN.v.0,action,cut,bid_rel,26,8.0,0.8369174873754217,0.6761574615514276,1.1824281843031992
ZN.v.0,action,cut,bid_rel,27,8.0,1.0321029604568286,0.7010721816993242,1.2523547003076387
ZN.v.0,action,cut,bid_rel,28,8.0,1.1662628542185707,0.7189947279879543,1.4287991488280678
ZN.v.0,action,cut,bid_rel,29,8.0,0.9556515143184166,0.6150109005909431,1.1557144669900883
ZN.v.0,action,cut,bid_rel,30,8.0,0.7410190414038011,0.4404029770423227,1.0293416201901628
ZN.v.0,action,cut,bid_rel,31,8.0,0.8089854310706683,0.47978105393451054,0.9073342481614716
ZN.v.0,action,cut,bid_rel,32,8.0,0.8651294675859315,0.30031854415581594,0.9234708245256558
ZN.v.0,action,cut,bid_rel,33,8.0,0.6586546929534607,0.37510600427356916,0.7908586347945972
ZN.v.0,action,cut,bid_rel,34,8.0,0.5103044186120014,0.37284716989379896,0.940997378424265
ZN.v.0,action,cut,bid_rel,35,8.0,0.6217248523399254,0.31031359960173716,0.8198751166415057
ZN.v.0,action,cut,bid_rel,36,8.0,0.5982853932777507,0.44721201771411373,0.7656458097468342
ZN.v.0,action,cut,bid_rel,37,8.0,0.6409862053972756,0.464125508826352,0.8491776169104646
ZN.v.0,action,cut,bid_rel,38,8.0,0.5979861726100801,0.4528633623841685,0.7429051239095252
ZN.v.0,action,cut,bid_rel,39,8.0,0.5930089544638542,0.4862985999655215,0.7102927569026158
ZN.v.0,action,cut,bid_share,-5,8.0,0.6208920007102179,0.49200726118526894,0.6841691455128323
ZN.v.0,action,cut,bid_share,-4,8.0,0.6046671644778692,0.48758260224748345,0.7040784864658804
ZN.v.0,action,cut,bid_share,-3,8.0,0.5589861826391999,0.5409537227030307,0.6336955923822161
ZN.v.0,action,cut,bid_share,-2,8.0,0.6483881983549645,0.48016210891239147,0.6874546686373442
ZN.v.0,action,cut,bid_share,-1,8.0,0.5981007540741567,0.5754823247857395,0.6472883685264885
ZN.v.0,action,cut,bid_share,0,8.0,0.5063184637898703,0.4876784112482757,0.5435235320322583
ZN.v.0,action,cut,bid_share,1,8.0,0.5203470410736374,0.49523240634677723,0.588409586230337
ZN.v.0,action,cut,bid_share,2,8.0,0.4544428772907838,0.4265886957306932,0.48319187605424024
ZN.v.0,action,cut,bid_share,3,8.0,0.4253362629151376,0.39084653347054843,0.50768993555896
ZN.v.0,action,cut,bid_share,4,8.0,0.5169476904304872,0.46315639497727845,0.5389291393567
ZN.v.0,action,cut,bid_share,5,8.0,0.4712130532276713,0.45870621282349905,0.4826223390816024
ZN.v.0,action,cut,bid_share,6,8.0,0.48224794621674416,0.3531570171685637,0.567351203032378
ZN.v.0,action,cut,bid_share,7,8.0,0.47784025594460927,0.46738767752398463,0.5221706228989569
ZN.v.0,action,cut,bid_share,8,8.0,0.5351042113166171,0.4446848810681324,0.5840974309937745
ZN.v.0,action,cut,bid_share,9,8.0,0.5438574691729029,0.3375211314279985,0.63696969879274
ZN.v.0,action,cut,bid_share,10,8.0,0.4466500028436846,0.4021369125358274,0.510984705087665
ZN.v.0,action,cut,bid_share,11,8.0,0.5030877794648237,0.4280676664293529,0.5253144314986655
ZN.v.0,action,cut,bid_share,12,8.0,0.5890872591779576,0.5081301404620797,0.6425937429326203
ZN.v.0,action,cut,bid_share,13,8.0,0.5085645999450914,0.45899771845343995,0.591178588337445
ZN.v.0,action,cut,bid_share,14,8.0,0.4449398339284165,0.4045323501156878,0.5031058854476956
ZN.v.0,action,cut,bid_share,15,8.0,0.4956088891843251,0.36572329314186547,0.5335205940097564
ZN.v.0,action,cut,bid_share,16,8.0,0.4937571939062379,0.3378402089885247,0.5616273893197743
ZN.v.0,action,cut,bid_share,17,8.0,0.47146952378467527,0.43470613382552115,0.5115767534369371
ZN.v.0,action,cut,bid_share,18,8.0,0.4096188781195645,0.3110488215412881,0.4741230870774097
ZN.v.0,action,cut,bid_share,19,8.0,0.49708643053124635,0.4584831360794102,0.5511014582566827
ZN.v.0,action,cut,bid_share,20,8.0,0.5649229039810533,0.493464904579754,0.5939670440804419
ZN.v.0,action,cut,bid_share,21,8.0,0.5371618372152345,0.48708035406108907,0.5946046853982615
ZN.v.0,action,cut,bid_share,22,8.0,0.5286215942420225,0.4083070071258603,0.6028110578081056
ZN.v.0,action,cut,bid_share,23,8.0,0.49723296449351156,0.32877916684600755,0.6496494685836796
ZN.v.0,action,cut,bid_share,24,8.0,0.575099429374722,0.423438291125103,0.5896876579194059
ZN.v.0,action,cut,bid_share,25,8.0,0.5861099950468661,0.5310850131855281,0.627987300192152
ZN.v.0,action,cut,bid_share,26,8.0,0.4775477885966434,0.43432748305702834,0.5884378203094937
ZN.v.0,action,cut,bid_share,27,8.0,0.5119152919019745,0.43686063716350737,0.6231860432304073
ZN.v.0,action,cut,bid_share,28,8.0,0.5840108711748484,0.5157982801834015,0.6110121741971415
ZN.v.0,action,cut,bid_share,29,8.0,0.5179313959663524,0.4754819524472547,0.6119877492041841
ZN.v.0,action,cut,bid_share,30,8.0,0.4868562849991707,0.4447533968679626,0.5824174575574641
ZN.v.0,action,cut,bid_share,31,8.0,0.5240544217214026,0.4985748497457064,0.5793643342390121
ZN.v.0,action,cut,bid_share,32,8.0,0.46565107082958335,0.4180147596341657,0.5452312363896245
ZN.v.0,action,cut,bid_share,33,8.0,0.39992336482336205,0.3378809547015238,0.4860814440534783
ZN.v.0,action,cut,bid_share,34,8.0,0.4644370955287088,0.3761154590002264,0.5602162538977131
ZN.v.0,action,cut,bid_share,35,8.0,0.41541927031145376,0.3839952912136205,0.52914647541066
ZN.v.0,action,cut,bid_share,36,8.0,0.4854191018744409,0.420588467413769,0.5171364188960004
ZN.v.0,action,cut,bid_share,37,8.0,0.49236668924962185,0.47597436764319795,0.5302306183573866
ZN.v.0,action,cut,bid_share,38,8.0,0.44753026865993545,0.3761836735386803,0.5022631616244526
ZN.v.0,action,cut,bid_share,39,8.0,0.46162226905993836,0.4354164409166243,0.4913355649904537
ZN.v.0,action,cut,total_rel,-5,8.0,1.4862058537444072,1.278753761654541,1.546369605017667
ZN.v.0,action,cut,total_rel,-4,8.0,1.3333206234170407,1.2187348582767226,1.465911512104623
ZN.v.0,action,cut,total_rel,-3,8.0,0.8291098479911438,0.6411582544295029,1.075142606399148
ZN.v.0,action,cut,total_rel,-2,8.0,0.2941274478277055,0.2523362205126326,0.4430814772418866
ZN.v.0,action,cut,total_rel,-1,8.0,0.13233356863296403,0.101999836564755,0.20079625509270005
ZN.v.0,action,cut,total_rel,0,8.0,0.12630477761885528,0.08941965094362883,0.1448551096937455
ZN.v.0,action,cut,total_rel,1,8.0,0.2955430878729824,0.21892991737274575,0.3690504930084569
ZN.v.0,action,cut,total_rel,2,8.0,0.36354991538380343,0.2744063143215479,0.44514199245942204
ZN.v.0,action,cut,total_rel,3,8.0,0.3867506981105941,0.3488137797050511,0.5064463603979863
ZN.v.0,action,cut,total_rel,4,8.0,0.5149693781642218,0.3941012005461695,0.7064597826075543
ZN.v.0,action,cut,total_rel,5,8.0,0.6784327613809125,0.4014476691715934,0.8544287565073635
ZN.v.0,action,cut,total_rel,6,8.0,0.7041082715488884,0.5034303953218837,0.9369082396291125
ZN.v.0,action,cut,total_rel,7,8.0,0.6381326837157822,0.48319043922549376,0.906256822809217
ZN.v.0,action,cut,total_rel,8,8.0,0.6540200106741498,0.4336939080909406,0.9676234803305879
ZN.v.0,action,cut,total_rel,9,8.0,0.6985612903669316,0.4493350311320599,0.9778450878304729
ZN.v.0,action,cut,total_rel,10,8.0,0.952935057581752,0.6381143913829534,1.1108460902133164
ZN.v.0,action,cut,total_rel,11,8.0,0.8323049725435501,0.6139015600585546,1.08597411820399
ZN.v.0,action,cut,total_rel,12,8.0,0.8085466659349003,0.63995851368348,1.218308093921145
ZN.v.0,action,cut,total_rel,13,8.0,0.9657522748816867,0.667727234675564,1.2840142033478061
ZN.v.0,action,cut,total_rel,14,8.0,1.185081936278729,0.6295163090605975,1.328512800365606
ZN.v.0,action,cut,total_rel,15,8.0,1.1245275241393125,0.6602516087815431,1.3399908505182796
ZN.v.0,action,cut,total_rel,16,8.0,1.2857030872108797,0.920204638172843,1.5459052429220788
ZN.v.0,action,cut,total_rel,17,8.0,1.1303081022128971,0.9035702349022956,1.3707475156900344
ZN.v.0,action,cut,total_rel,18,8.0,1.121648534246468,0.8669140864440111,1.3244905705525467
ZN.v.0,action,cut,total_rel,19,8.0,1.0064888005924582,0.714995745988573,1.2175641280931637
ZN.v.0,action,cut,total_rel,20,8.0,1.008795660739644,0.6229579137387483,1.249636928200632
ZN.v.0,action,cut,total_rel,21,8.0,1.0939224319249263,0.6517675993997437,1.4454782500349403
ZN.v.0,action,cut,total_rel,22,8.0,1.1154685836968727,0.6720081322070172,1.4285885713731585
ZN.v.0,action,cut,total_rel,23,8.0,1.0763933583418597,0.6638917973278968,1.3168174299631183
ZN.v.0,action,cut,total_rel,24,8.0,1.007869444564429,0.654580158527962,1.3753372198379579
ZN.v.0,action,cut,total_rel,25,8.0,1.1034773109275897,0.7552362031776728,1.5399869969820577
ZN.v.0,action,cut,total_rel,26,8.0,1.1944925495635492,0.7456471344403682,1.4171936235776148
ZN.v.0,action,cut,total_rel,27,8.0,1.2375223476226158,0.7070754155425694,1.3802843815672423
ZN.v.0,action,cut,total_rel,28,8.0,1.1661057299152249,0.675299656782887,1.476794182380369
ZN.v.0,action,cut,total_rel,29,8.0,1.0879804262927193,0.8586659693837119,1.2338906601804605
ZN.v.0,action,cut,total_rel,30,8.0,0.7914008036989852,0.6068634553733947,1.0490040632192983
ZN.v.0,action,cut,total_rel,31,8.0,0.7998933470482092,0.6178269437608181,1.0019759071265273
ZN.v.0,action,cut,total_rel,32,8.0,0.8119759743183373,0.474292982595253,0.9196625413436151
ZN.v.0,action,cut,total_rel,33,8.0,0.6960160613475964,0.4094607034424013,0.9205242095399929
ZN.v.0,action,cut,total_rel,34,8.0,0.7210380381773607,0.49267502283879194,0.9333633808075408
ZN.v.0,action,cut,total_rel,35,8.0,0.6939532107454408,0.4627314094558189,0.8878645017057845
ZN.v.0,action,cut,total_rel,36,8.0,0.6644459820674296,0.5327572141442616,0.9429781766354721
ZN.v.0,action,cut,total_rel,37,8.0,0.6428133683663131,0.5130933747359593,1.029293667311584
ZN.v.0,action,cut,total_rel,38,8.0,0.6287488842110807,0.568983983285834,1.1378782292338316
ZN.v.0,action,cut,total_rel,39,8.0,0.5803917005647821,0.5307391239123808,1.1345638972891923
ZN.v.0,action,hike,ask_rel,-5,21.0,1.5843182473335256,1.184041184041184,1.7273718647764449
ZN.v.0,action,hike,ask_rel,-4,21.0,1.205140409328891,0.8599348534201955,1.3075949367088608
ZN.v.0,action,hike,ask_rel,-3,21.0,0.5893416927899686,0.42658227848101266,1.0775095298602286
ZN.v.0,action,hike,ask_rel,-2,21.0,0.5624703087885986,0.418103947216113,0.9028213166144201
ZN.v.0,action,hike,ask_rel,-1,21.0,0.1865778200856735,0.13697807149294083,0.3180428134556575
ZN.v.0,action,hike,ask_rel,0,21.0,0.16268560361523562,0.12213740458015267,0.20189873417721518
ZN.v.0,action,hike,ask_rel,1,21.0,0.38502269288956126,0.22900763358778625,0.6334125098970704
ZN.v.0,action,hike,ask_rel,2,21.0,0.5609532538955087,0.3560597291353166,0.7949326999208234
ZN.v.0,action,hike,ask_rel,3,21.0,0.6526051124458724,0.5377672209026129,0.9019248395967002
ZN.v.0,action,hike,ask_rel,4,21.0,0.7452452452452453,0.539667458432304,1.2288401253918495
ZN.v.0,action,hike,ask_rel,5,21.0,0.9694444444444444,0.45302445302445304,1.4702108157653528
ZN.v.0,action,hike,ask_rel,6,21.0,0.8305555555555556,0.5168646080760095,1.3029285796967243
ZN.v.0,action,hike,ask_rel,7,21.0,1.068068068068068,0.6137767220902612,1.3190621814475025
ZN.v.0,action,hike,ask_rel,8,21.0,1.0345345345345345,0.803088803088803,1.385884509624198
ZN.v.0,action,hike,ask_rel,9,21.0,0.9062351261304141,0.6225416036308623,1.4678899082568808
ZN.v.0,action,hike,ask_rel,10,21.0,0.9564433763893061,0.6935866983372921,1.4311926605504588
ZN.v.0,action,hike,ask_rel,11,21.0,1.117117117117117,0.7790973871733967,1.4027777777777777
ZN.v.0,action,hike,ask_rel,12,21.0,1.111969111969112,0.6249639665609685,1.8001833180568285
ZN.v.0,action,hike,ask_rel,13,21.0,1.1413612565445026,0.7689996996094923,1.3876221498371335
ZN.v.0,action,hike,ask_rel,14,21.0,1.2584483579247978,0.5755482126764794,1.8441949299687463
ZN.v.0,action,hike,ask_rel,15,21.0,1.4826254826254825,0.8242715530189246,2.0912052117263844
ZN.v.0,action,hike,ask_rel,16,21.0,1.5435380384967918,1.086232980332829,1.771443652678807
ZN.v.0,action,hike,ask_rel,17,21.0,1.1795906601326032,0.9478977510825535,1.9324131366016182
ZN.v.0,action,hike,ask_rel,18,21.0,1.5907335907335907,1.1145299145299146,2.1947743467933494
ZN.v.0,action,hike,ask_rel,19,21.0,1.582082082082082,1.0769674257711157,2.2285345384118784
ZN.v.0,action,hike,ask_rel,20,21.0,1.42865725443076,0.9429429429429429,2.1585831693483044
ZN.v.0,action,hike,ask_rel,21,21.0,1.4178431961550015,1.2146596858638743,2.2484083805996065
ZN.v.0,action,hike,ask_rel,22,21.0,1.368906271825674,0.934916864608076,2.171084616275032
ZN.v.0,action,hike,ask_rel,23,21.0,1.4217353704237532,1.1517550804961731,2.036697247706422
ZN.v.0,action,hike,ask_rel,24,21.0,1.780564263322884,1.035746470411535,1.9548095545513233
ZN.v.0,action,hike,ask_rel,25,21.0,1.5221518987341771,1.1510964253529588,2.915360501567398
ZN.v.0,action,hike,ask_rel,26,21.0,1.8928340865074242,1.2314788123378495,2.228556347321193
ZN.v.0,action,hike,ask_rel,27,21.0,1.5855390574564234,1.0940170940170941,2.264449722882027
ZN.v.0,action,hike,ask_rel,28,21.0,1.650632911392405,1.1382422802850356,2.450560652395515
ZN.v.0,action,hike,ask_rel,29,21.0,1.172230758485822,0.9236091092533871,1.7568826768318508
ZN.v.0,action,hike,ask_rel,30,21.0,1.2146596858638743,0.8861111111111111,1.6975252062328139
ZN.v.0,action,hike,ask_rel,31,21.0,1.0910910910910911,0.7382753403933434,1.599259173515453
ZN.v.0,action,hike,ask_rel,32,21.0,1.182698515171078,0.7358569632630255,1.5873417721518988
ZN.v.0,action,hike,ask_rel,33,21.0,1.4071661237785016,0.780628423176708,1.6939961265332473
ZN.v.0,action,hike,ask_rel,34,21.0,1.2660986171252968,0.7010665897953301,2.1237785016286646
ZN.v.0,action,hike,ask_rel,35,21.0,1.1428571428571428,0.6543116490166414,1.726384364820847
ZN.v.0,action,hike,ask_rel,36,21.0,1.2832263978001832,0.520665083135392,1.5338928340865075
ZN.v.0,action,hike,ask_rel,37,21.0,1.3712190650779101,0.7125567322239031,1.7382465057179162
ZN.v.0,action,hike,ask_rel,38,21.0,1.3501562680865842,0.5443075998798438,1.789541639767592
ZN.v.0,action,hike,ask_rel,39,21.0,1.2291801162040026,0.546142208774584,1.5949367088607596
ZN.v.0,action,hike,bid_rel,-5,21.0,1.4679094540612516,1.3644859813084111,1.8363218390804599
ZN.v.0,action,hike,bid_rel,-4,21.0,1.186246418338109,0.8330226364846871,1.3466113416320886
ZN.v.0,action,hike,bid_rel,-3,21.0,0.640403403718878,0.5367609254498714,1.0096551724137932
ZN.v.0,action,hike,bid_rel,-2,21.0,0.4742990654205608,0.23247863247863249,0.8542805100182149
ZN.v.0,action,hike,bid_rel,-1,21.0,0.24264049955396966,0.12673267326732673,0.2897196261682243
ZN.v.0,action,hike,bid_rel,0,21.0,0.17647058823529413,0.12021857923497267,0.2153846153846154
ZN.v.0,action,hike,bid_rel,1,21.0,0.37433155080213903,0.29622132253711203,0.5797101449275363
ZN.v.0,action,hike,bid_rel,2,21.0,0.6587461158837506,0.4483870967741935,0.8544987146529563
ZN.v.0,action,hike,bid_rel,3,21.0,0.6895682319571383,0.4803980099502488,0.8581196581196581
ZN.v.0,action,hike,bid_rel,4,21.0,0.7977869986168742,0.48942869995501576,0.9822580645161291
ZN.v.0,action,hike,bid_rel,5,21.0,0.857232902615821,0.718118948824343,1.0062444246208742
ZN.v.0,action,hike,bid_rel,6,21.0,0.9069408740359897,0.7158469945355191,1.2183908045977012
ZN.v.0,action,hike,bid_rel,7,21.0,0.8169354838709677,0.6933501418216199,1.0276538804638715
ZN.v.0,action,hike,bid_rel,8,21.0,1.0793972109761583,0.7923497267759563,1.8046181172291296
ZN.v.0,action,hike,bid_rel,9,21.0,1.1635676016388277,0.8925318761384335,1.5985790408525755
ZN.v.0,action,hike,bid_rel,10,21.0,1.0666666666666667,0.7597254004576659,1.4434289316104634
ZN.v.0,action,hike,bid_rel,11,21.0,1.0740410347903657,0.7736389684813754,1.5375124378109453
ZN.v.0,action,hike,bid_rel,12,21.0,1.135833595965963,0.8341121495327103,1.4130240856378233
ZN.v.0,action,hike,bid_rel,13,21.0,1.2820512820512822,0.820747520976354,1.6509452736318408
ZN.v.0,action,hike,bid_rel,14,21.0,1.2503457814661134,1.0983870967741935,1.7572649572649572
ZN.v.0,action,hike,bid_rel,15,21.0,1.3244813278008298,1.0587337909992371,1.9145299145299146
ZN.v.0,action,hike,bid_rel,16,21.0,1.5977869986168742,0.8574766355140186,2.1333333333333333
ZN.v.0,action,hike,bid_rel,17,21.0,1.3952973720608575,1.1617910447761195,2.147536617842876
ZN.v.0,action,hike,bid_rel,18,21.0,1.5557399723374827,0.9455587392550143,2.1464713715046604
ZN.v.0,action,hike,bid_rel,19,21.0,1.5614973262032086,1.2278600693350141,1.861566484517304
ZN.v.0,action,hike,bid_rel,20,21.0,1.4295988934993085,1.0543933054393306,2.099160945842868
ZN.v.0,action,hike,bid_rel,21,21.0,1.4484094052558782,1.0418390804597701,1.6569037656903767
ZN.v.0,action,hike,bid_rel,22,21.0,1.6201791263023213,1.3636363636363635,2.3516873889875667
ZN.v.0,action,hike,bid_rel,23,21.0,1.687778768956289,1.2845887173022377,2.495446265938069
ZN.v.0,action,hike,bid_rel,24,21.0,1.8269402319357717,1.1347280334728034,2.622089552238806
ZN.v.0,action,hike,bid_rel,25,21.0,1.8401106500691562,1.3201320132013201,2.1784897025171626
ZN.v.0,action,hike,bid_rel,26,21.0,1.4495049504950495,0.9809768637532134,2.1556485355648536
ZN.v.0,action,hike,bid_rel,27,21.0,1.418548387096774,1.1213389121338913,2.4845173041894353
ZN.v.0,action,hike,bid_rel,28,21.0,1.604881769641495,1.2645074224021593,2.105982905982906
ZN.v.0,action,hike,bid_rel,29,21.0,1.6444444444444444,1.2552301255230125,2.034961439588689
ZN.v.0,action,hike,bid_rel,30,21.0,1.5081967213114753,1.0455445544554456,2.0680497925311205
ZN.v.0,action,hike,bid_rel,31,21.0,1.3333333333333333,0.8387850467289719,1.684318766066838
ZN.v.0,action,hike,bid_rel,32,21.0,1.1732647814910027,1.0343096234309623,1.6923076923076923
ZN.v.0,action,hike,bid_rel,33,21.0,1.0539303482587066,0.8600989653621233,1.83303730017762
ZN.v.0,action,hike,bid_rel,34,21.0,1.1562189054726368,0.7364016736401674,1.8898756660746003
ZN.v.0,action,hike,bid_rel,35,21.0,1.3821510297482837,0.7289719626168224,1.8323651452282157
ZN.v.0,action,hike,bid_rel,36,21.0,1.1561106155218555,0.8417910447761194,1.7604426002766251
ZN.v.0,action,hike,bid_rel,37,21.0,1.0587337909992371,0.6475644699140402,1.7367521367521368
ZN.v.0,action,hike,bid_rel,38,21.0,1.2843781094527362,0.8235294117647058,1.6217741935483871
ZN.v.0,action,hike,bid_rel,39,21.0,1.1169354838709677,0.8004597701149425,1.733155792276964
ZN.v.0,action,hike,bid_share,-5,21.0,0.45841784989858014,0.3735050597976081,0.5777836272703343
ZN.v.0,action,hike,bid_share,-4,21.0,0.5041322314049587,0.3784605054388266,0.5523762654668167
ZN.v.0,action,hike,bid_share,-3,21.0,0.49206349206349204,0.4461392755669127,0.5708669164732989
ZN.v.0,action,hike,bid_share,-2,21.0,0.39440461608481964,0.2453211193063934,0.5128755364806867
ZN.v.0,action,hike,bid_share,-1,21.0,0.4900991973345449,0.39672131147540984,0.5238696488696488
ZN.v.0,action,hike,bid_share,0,21.0,0.49615384615384617,0.4442118226600985,0.5347160405910629
ZN.v.0,action,hike,bid_share,1,21.0,0.5,0.4694442192463315,0.5523274478330658
ZN.v.0,action,hike,bid_share,2,21.0,0.502210433244916,0.48429588607594937,0.5386378899103814
ZN.v.0,action,hike,bid_share,3,21.0,0.49810376213592233,0.41853299761463025,0.5530913645595239
ZN.v.0,action,hike,bid_share,4,21.0,0.5043372837232033,0.4390637065637066,0.5500397235242711
ZN.v.0,action,hike,bid_share,5,21.0,0.4878886961163753,0.4265075079342523,0.5332261521972133
ZN.v.0,action,hike,bid_share,6,21.0,0.49193028094193825,0.4686076772934288,0.5296694544006372
ZN.v.0,action,hike,bid_share,7,21.0,0.4475562877539813,0.37327689375470946,0.5485953047451559
ZN.v.0,action,hike,bid_share,8,21.0,0.5268599627751311,0.47162836100012295,0.6044086754885005
ZN.v.0,action,hike,bid_share,9,21.0,0.5250631853785901,0.47780683118156564,0.5692612334735803
ZN.v.0,action,hike,bid_share,10,21.0,0.5445273522009801,0.4161184210526316,0.5639613138527668
ZN.v.0,action,hike,bid_share,11,21.0,0.5096767701163305,0.418762215552143,0.572688618229787
ZN.v.0,action,hike,bid_share,12,21.0,0.49611801242236025,0.4178489263803681,0.5465462233021805
ZN.v.0,action,hike,bid_share,13,21.0,0.502673829068083,0.43505584815408493,0.5773312432372444
ZN.v.0,action,hike,bid_share,14,21.0,0.5120331458621972,0.4551308209050183,0.5692071456377871
ZN.v.0,action,hike,bid_share,15,21.0,0.46834818270574274,0.41706743257484674,0.5732993133465911
ZN.v.0,action,hike,bid_share,16,21.0,0.45881895881895884,0.3671121838246578,0.562994126374408
ZN.v.0,action,hike,bid_share,17,21.0,0.5154121863799284,0.45134056770488185,0.5919122094530372
ZN.v.0,action,hike,bid_share,18,21.0,0.4572018013075481,0.39207405914486415,0.4938050860311094
ZN.v.0,action,hike,bid_share,19,21.0,0.4456072755041827,0.3934207727756115,0.5117705570291777
ZN.v.0,action,hike,bid_share,20,21.0,0.4563363971258708,0.4059084938092177,0.5108017010179102
ZN.v.0,action,hike,bid_share,21,21.0,0.4624623007324429,0.3613077122282331,0.5057143946259046
ZN.v.0,action,hike,bid_share,22,21.0,0.5650740515317509,0.39675940107028956,0.6111721104281468
ZN.v.0,action,hike,bid_share,23,21.0,0.5141041904815011,0.3861222115907769,0.5774689481455746
ZN.v.0,action,hike,bid_share,24,21.0,0.47376927159072896,0.4283414819694032,0.5720535864741898
ZN.v.0,action,hike,bid_share,25,21.0,0.47352941176470587,0.43245198631938964,0.5164582739380117
ZN.v.0,action,hike,bid_share,26,21.0,0.43275523810147326,0.3241124088763574,0.5425358747924445
ZN.v.0,action,hike,bid_share,27,21.0,0.5091349865085788,0.43894977022206516,0.5897719662286047
ZN.v.0,action,hike,bid_share,28,21.0,0.4561057797963519,0.41808943089430894,0.5585456337130104
ZN.v.0,action,hike,bid_share,29,21.0,0.5428874568281368,0.47153369921531724,0.5915146953276282
ZN.v.0,action,hike,bid_share,30,21.0,0.5407149654833937,0.4527514754821747,0.5613438719712014
ZN.v.0,action,hike,bid_share,31,21.0,0.48004936240230356,0.4208905534748231,0.5592812717972564
ZN.v.0,action,hike,bid_share,32,21.0,0.5006082725060828,0.46410928284439645,0.5476615513101577
ZN.v.0,action,hike,bid_share,33,21.0,0.4616504381694255,0.4271675980220215,0.548869954637927
ZN.v.0,action,hike,bid_share,34,21.0,0.5043478260869565,0.44368159453760414,0.5502035536773455
ZN.v.0,action,hike,bid_share,35,21.0,0.4893775070569009,0.408777679397754,0.5287731057141376
ZN.v.0,action,hike,bid_share,36,21.0,0.5323952470293933,0.4690211450433832,0.5788745201050718
ZN.v.0,action,hike,bid_share,37,21.0,0.4548473256694259,0.3845486688528117,0.5120699270884026
ZN.v.0,action,hike,bid_share,38,21.0,0.505812324929972,0.4466014441076841,0.5528643451324465
ZN.v.0,action,hike,bid_share,39,21.0,0.4804036100421477,0.43050193050193053,0.5282991064850165
ZN.v.0,action,hike,total_rel,-5,21.0,1.5667417981467568,1.2285916489738147,1.6691930450289791
ZN.v.0,action,hike,total_rel,-4,21.0,1.145442029698102,0.9592476489028213,1.2271475081392438
ZN.v.0,action,hike,total_rel,-3,21.0,0.715114563870587,0.5304812834224599,0.9636978579481398
ZN.v.0,action,hike,total_rel,-2,21.0,0.5999631472268289,0.4065983058403923,0.891716627921204
ZN.v.0,action,hike,total_rel,-1,21.0,0.23378291586384073,0.18173618940248026,0.3120021971985718
ZN.v.0,action,hike,total_rel,0,21.0,0.20555487581059587,0.1480241525677049,0.25233310571326373
ZN.v.0,action,hike,total_rel,1,21.0,0.4183037853378055,0.2726131404316375,0.5959901126064268
ZN.v.0,action,hike,total_rel,2,21.0,0.5520616664627431,0.4249517100329508,0.6990595611285266
ZN.v.0,action,hike,total_rel,3,21.0,0.6520856820744081,0.4966562639322336,0.8067940552016986
ZN.v.0,action,hike,total_rel,4,21.0,0.753052382827885,0.6223321991957934,0.9662553887319756
ZN.v.0,action,hike,total_rel,5,21.0,0.8454459727506259,0.6272811630064955,1.1143344709897611
ZN.v.0,action,hike,total_rel,6,21.0,0.8711892337269981,0.6693473553974637,1.1379310344827587
ZN.v.0,action,hike,total_rel,7,21.0,0.9232081911262798,0.6454352441613588,1.1933997324215846
ZN.v.0,action,hike,total_rel,8,21.0,0.9848437983297247,0.7501769285208776,1.4380961746484413
ZN.v.0,action,hike,total_rel,9,21.0,0.9113560134163872,0.8178162697185277,1.3793103448275863
ZN.v.0,action,hike,total_rel,10,21.0,0.9976042165788213,0.8321889590771766,1.2935153583617747
ZN.v.0,action,hike,total_rel,11,21.0,0.9719402985074627,0.8843291995490418,1.4231487855246336
ZN.v.0,action,hike,total_rel,12,21.0,0.9671641791044776,0.833965496145846,1.4778247615301405
ZN.v.0,action,hike,total_rel,13,21.0,1.1673887357227255,0.8845296477931341,1.3914077597740448
ZN.v.0,action,hike,total_rel,14,21.0,1.1634819532908705,0.86351114450288,1.6394984326018809
ZN.v.0,action,hike,total_rel,15,21.0,1.2676437429537768,0.9324618736383442,1.7856399583766909
ZN.v.0,action,hike,total_rel,16,21.0,1.2310547479121559,1.0919108439769596,1.9413702988296784
ZN.v.0,action,hike,total_rel,17,21.0,1.5183342546526626,1.0340298507462686,1.9614021268215833
ZN.v.0,action,hike,total_rel,18,21.0,1.5450746268656717,1.0014945895856997,2.0448995667585663
ZN.v.0,action,hike,total_rel,19,21.0,1.4718997604569743,1.0806480540443595,1.9567080045095828
ZN.v.0,action,hike,total_rel,20,21.0,1.447576930163995,0.9992922859164898,2.067719577320759
ZN.v.0,action,hike,total_rel,21,21.0,1.4188317670904735,1.0578410145375812,1.9590443686006827
ZN.v.0,action,hike,total_rel,22,21.0,1.422686075254051,1.1457237244585832,2.096888538794801
ZN.v.0,action,hike,total_rel,23,21.0,1.468568880962996,1.2117949345405603,1.9724300905868453
ZN.v.0,action,hike,total_rel,24,21.0,1.5570149253731342,1.140895358418017,2.0433241433635287
ZN.v.0,action,hike,total_rel,25,21.0,1.6245733788395904,1.3737422137038813,2.1731343283582087
ZN.v.0,action,hike,total_rel,26,21.0,1.504633107938893,1.282614666300467,2.0525125381060083
ZN.v.0,action,hike,total_rel,27,21.0,1.595223880597015,1.167728237791932,2.1447896536346067
ZN.v.0,action,hike,total_rel,28,21.0,1.6237331859222406,1.1383604851559197,2.300118156754628
ZN.v.0,action,hike,total_rel,29,21.0,1.2758430071862907,0.9576460098082925,1.7241379310344827
ZN.v.0,action,hike,total_rel,30,21.0,1.2544683987470058,0.9143665958952583,1.9881843245372193
ZN.v.0,action,hike,total_rel,31,21.0,1.151044776119403,0.8563581433672068,1.5793072692136167
ZN.v.0,action,hike,total_rel,32,21.0,1.0810216973358968,0.8047761194029851,1.5218027509511267
ZN.v.0,action,hike,total_rel,33,21.0,1.2315297995056302,0.8199916302983201,1.5761628478709804
ZN.v.0,action,hike,total_rel,34,21.0,1.1479122434536446,0.7403598971722365,1.7519729425028185
ZN.v.0,action,hike,total_rel,35,21.0,1.0584116454763222,0.7262509714832307,1.664576802507837
ZN.v.0,action,hike,total_rel,36,21.0,1.081911262798635,0.7044137316094516,1.5705329153605017
ZN.v.0,action,hike,total_rel,37,21.0,1.0425707223290306,0.6254741221093846,1.5329153605015673
ZN.v.0,action,hike,total_rel,38,21.0,1.0783121429887599,0.702089552238806,1.657202319012933
ZN.v.0,action,hike,total_rel,39,21.0,1.1041090842085868,0.6143557735176104,1.5391849529780564
ZN.v.0,action,hold,ask_rel,-5,63.0,1.5098591549295775,1.224720448890967,1.8172722286781204
ZN.v.0,action,hold,ask_rel,-4,63.0,1.2028719318751044,0.8678319106368148,1.3875297311721915
ZN.v.0,action,hold,ask_rel,-3,63.0,0.7745664739884393,0.6138482420730036,0.9604379641718339
ZN.v.0,action,hold,ask_rel,-2,63.0,0.4537758211987809,0.2939371872184944,0.6797926285300577
ZN.v.0,action,hold,ask_rel,-1,63.0,0.21572378609820533,0.11998413517303805,0.3194456951193567
ZN.v.0,action,hold,ask_rel,0,63.0,0.18554938007695596,0.10039983184398679,0.2842976035654532
ZN.v.0,action,hold,ask_rel,1,63.0,0.5764040052242055,0.28361541793941203,0.7034956064014414
ZN.v.0,action,hold,ask_rel,2,63.0,0.6970744068187054,0.4167800784315636,1.0316829959829423
ZN.v.0,action,hold,ask_rel,3,63.0,0.7994252185367022,0.522841231204044,1.220533113027896
ZN.v.0,action,hold,ask_rel,4,63.0,0.8040744205384056,0.5341132148712927,1.2722678477591773
ZN.v.0,action,hold,ask_rel,5,63.0,1.0051059879313013,0.6342955499260834,1.4983299589564938
ZN.v.0,action,hold,ask_rel,6,63.0,1.0169622205088666,0.6207891605093205,1.5214221768693394
ZN.v.0,action,hold,ask_rel,7,63.0,1.0771725421896583,0.7469277707422357,1.6869255433055268
ZN.v.0,action,hold,ask_rel,8,63.0,1.2542372881355932,0.830096690049914,1.677918940215373
ZN.v.0,action,hold,ask_rel,9,63.0,1.221889696451475,0.8230666007278794,1.6603344513428007
ZN.v.0,action,hold,ask_rel,10,63.0,1.3162149310508797,0.8410052529382975,1.7816830535241195
ZN.v.0,action,hold,ask_rel,11,63.0,1.2472233648704236,0.9482480002841189,1.6412663472498321
ZN.v.0,action,hold,ask_rel,12,63.0,1.2803312629399586,0.9922780272449208,1.9886911765852497
ZN.v.0,action,hold,ask_rel,13,63.0,1.2592592592592593,1.019898109372129,1.7648278461925107
ZN.v.0,action,hold,ask_rel,14,63.0,1.3973418881759854,1.0185791520487124,2.070914371844414
ZN.v.0,action,hold,ask_rel,15,63.0,1.4643041458799244,1.0405864646166183,2.158199598947299
ZN.v.0,action,hold,ask_rel,16,63.0,1.5118414693088449,1.107003669280519,2.096994029886701
ZN.v.0,action,hold,ask_rel,17,63.0,1.6431997524369488,1.0342327767093797,2.250079767411101
ZN.v.0,action,hold,ask_rel,18,63.0,1.618368962787015,1.2211864724211585,2.2743479114856298
ZN.v.0,action,hold,ask_rel,19,63.0,1.4840579710144928,1.0743992190955816,2.2298744027240147
ZN.v.0,action,hold,ask_rel,20,63.0,1.6506838547398208,1.2508802264694854,2.5690407220520735
ZN.v.0,action,hold,ask_rel,21,63.0,1.8790100824931255,1.313244521563417,2.4143558776981138
ZN.v.0,action,hold,ask_rel,22,63.0,1.7422051907333218,1.2455975421658323,2.3883533161851895
ZN.v.0,action,hold,ask_rel,23,63.0,1.7722567287784678,1.2012524855756501,2.2791572771667967
ZN.v.0,action,hold,ask_rel,24,63.0,1.7567461869378178,1.25504756842258,2.6005721108160134
ZN.v.0,action,hold,ask_rel,25,63.0,1.699205217036886,1.1562710850244053,2.6190051298359225
ZN.v.0,action,hold,ask_rel,26,63.0,1.6531145981930575,1.2654322989986961,2.5619933252559894
ZN.v.0,action,hold,ask_rel,27,63.0,1.6294512300017203,1.25653174017986,2.575791520942265
ZN.v.0,action,hold,ask_rel,28,63.0,1.5967665240133142,1.1471508444614682,2.2944772377820293
ZN.v.0,action,hold,ask_rel,29,63.0,1.5117119949693445,1.186786689080491,2.280504279844588
ZN.v.0,action,hold,ask_rel,30,63.0,1.5418181818181818,0.9871980769371869,2.1490210257185973
ZN.v.0,action,hold,ask_rel,31,63.0,1.6170755017521503,0.9904041193871043,2.303416834728634
ZN.v.0,action,hold,ask_rel,32,63.0,1.540840985983567,0.9029571277757793,2.432017242292989
ZN.v.0,action,hold,ask_rel,33,63.0,1.565093803297328,0.9517267117928665,2.2593167408111423
ZN.v.0,action,hold,ask_rel,34,63.0,1.3823897124486515,0.8910936326312151,2.165211830713368
ZN.v.0,action,hold,ask_rel,35,63.0,1.525374577090382,1.0381463598529543,2.447080474823224
ZN.v.0,action,hold,ask_rel,36,63.0,1.3708537899652735,0.884626552902731,2.1672099819362467
ZN.v.0,action,hold,ask_rel,37,63.0,1.5080172076652327,0.8551423414323924,2.269354108389377
ZN.v.0,action,hold,ask_rel,38,63.0,1.512215320910973,0.8562008510489647,2.5180382201915306
ZN.v.0,action,hold,ask_rel,39,63.0,1.2946325731398296,0.9297319094370222,2.2127881429850174
ZN.v.0,action,hold,bid_rel,-5,63.0,1.382559456398641,1.1765192689707937,1.629491211377403
ZN.v.0,action,hold,bid_rel,-4,63.0,1.2625908968489092,0.9532424730194771,1.5003224010749494
ZN.v.0,action,hold,bid_rel,-3,63.0,0.8056968463886063,0.5820476840879879,0.9995138032644449
ZN.v.0,action,hold,bid_rel,-2,63.0,0.5415873015873016,0.3003561958389146,0.7491612794185998
ZN.v.0,action,hold,bid_rel,-1,63.0,0.1839080459770115,0.11025811233054625,0.3281896561805148
ZN.v.0,action,hold,bid_rel,0,63.0,0.18257865066375706,0.10679419518707556,0.2709815243455854
ZN.v.0,action,hold,bid_rel,1,63.0,0.4405797101449275,0.3153395400270691,0.6708990061018354
ZN.v.0,action,hold,bid_rel,2,63.0,0.6045548654244306,0.41857260742716645,0.8662688004335799
ZN.v.0,action,hold,bid_rel,3,63.0,0.6714343109682603,0.44586622484359206,0.9616056674708433
ZN.v.0,action,hold,bid_rel,4,63.0,0.7668737060041407,0.5256356414906562,1.1006264724688184
ZN.v.0,action,hold,bid_rel,5,63.0,0.8737201365187713,0.5611491245438448,1.384808565280852
ZN.v.0,action,hold,bid_rel,6,63.0,0.9321582973062853,0.6306697701468877,1.5611329384230421
ZN.v.0,action,hold,bid_rel,7,63.0,1.0117320550018922,0.7101768852522434,1.406308719243953
ZN.v.0,action,hold,bid_rel,8,63.0,0.984406779661017,0.6679313337611207,1.5529813105754546
ZN.v.0,action,hold,bid_rel,9,63.0,1.1574263379434757,0.795741281906966,1.5258724648178
ZN.v.0,action,hold,bid_rel,10,63.0,1.292535929531757,0.8050599593680967,1.8585302275716342
ZN.v.0,action,hold,bid_rel,11,63.0,1.2520699172033118,0.841449307827665,1.7579465858943886
ZN.v.0,action,hold,bid_rel,12,63.0,1.141732283464567,0.8732752693774879,1.6418998139607224
ZN.v.0,action,hold,bid_rel,13,63.0,1.2743152717713897,0.940331437430219,1.8930594353963224
ZN.v.0,action,hold,bid_rel,14,63.0,1.233644859813084,0.89468457015879,1.8174760986157334
ZN.v.0,action,hold,bid_rel,15,63.0,1.3943472409152087,1.0541626609699146,1.9163437218855561
ZN.v.0,action,hold,bid_rel,16,63.0,1.2830843373493976,1.0613136726886108,1.8618540961099361
ZN.v.0,action,hold,bid_rel,17,63.0,1.4702212138400454,1.045524096725204,1.977515014508032
ZN.v.0,action,hold,bid_rel,18,63.0,1.483178239083751,1.122856272790449,2.2329756770237363
ZN.v.0,action,hold,bid_rel,19,63.0,1.5473986594318545,1.2147678604994145,2.1875954185843716
ZN.v.0,action,hold,bid_rel,20,63.0,1.4814968383953562,1.0657570665303329,2.2107190600073
ZN.v.0,action,hold,bid_rel,21,63.0,1.5745164960182025,1.0784122124098419,2.2345550938771024
ZN.v.0,action,hold,bid_rel,22,63.0,1.5181695827725437,1.1208632056472982,2.5554875929721383
ZN.v.0,action,hold,bid_rel,23,63.0,1.6512840316663449,1.1859740732081159,2.2209135675367397
ZN.v.0,action,hold,bid_rel,24,63.0,1.678095238095238,1.2033539183169348,2.506047662767953
ZN.v.0,action,hold,bid_rel,25,63.0,1.5605080277977474,1.1693473381811654,2.406358912297237
ZN.v.0,action,hold,bid_rel,26,63.0,1.5712971481140754,1.155921354921952,2.5016107664085885
ZN.v.0,action,hold,bid_rel,27,63.0,1.6563161609033168,1.0202715222063516,2.4427341827986933
ZN.v.0,action,hold,bid_rel,28,63.0,1.5036567528035105,1.0461371082702278,2.6741628964978386
ZN.v.0,action,hold,bid_rel,29,63.0,1.4050793650793652,0.947453615651269,2.450565630255115
ZN.v.0,action,hold,bid_rel,30,63.0,1.2763081675999228,0.9716767322996467,2.3641340494096976
ZN.v.0,action,hold,bid_rel,31,63.0,1.2370941368839057,0.8330383275292449,2.5153037454025267
ZN.v.0,action,hold,bid_rel,32,63.0,1.2183388704318936,0.9116608087455729,2.259007469685945
ZN.v.0,action,hold,bid_rel,33,63.0,1.2142963959922237,0.8746941895588342,2.612160829679131
ZN.v.0,action,hold,bid_rel,34,63.0,1.2467802243456585,0.9243212210316039,2.547321764688278
ZN.v.0,action,hold,bid_rel,35,63.0,1.1744927536231884,0.8463332443318499,2.6278473770718587
ZN.v.0,action,hold,bid_rel,36,63.0,1.2390697674418605,0.7732431573263148,2.279975268587765
ZN.v.0,action,hold,bid_rel,37,63.0,1.1523787277115938,0.861668506823447,2.1246730660754567
ZN.v.0,action,hold,bid_rel,38,63.0,1.1578728707935189,0.8973191745217604,2.112059468308005
ZN.v.0,action,hold,bid_rel,39,63.0,1.3542028985507246,0.9087249382038761,2.0750897268968105
ZN.v.0,action,hold,bid_share,-5,63.0,0.5121951219512195,0.37587314953092815,0.6022980392156863
ZN.v.0,action,hold,bid_share,-4,63.0,0.5,0.43177971824314865,0.6279239235873
ZN.v.0,action,hold,bid_share,-3,63.0,0.5106470887363336,0.41535467688242206,0.6305753330324644
ZN.v.0,action,hold,bid_share,-2,63.0,0.500280583613917,0.40218543512338856,0.6372716315035254
ZN.v.0,action,hold,bid_share,-1,63.0,0.4808687998343171,0.38663323523955107,0.6374746384635908
ZN.v.0,action,hold,bid_share,0,63.0,0.49102035795559384,0.43754412621108796,0.5510424544773863
ZN.v.0,action,hold,bid_share,1,63.0,0.4909827140329386,0.43756370841760056,0.5352962083053686
ZN.v.0,action,hold,bid_share,2,63.0,0.4901064830110041,0.4339583791516879,0.5385933476367487
ZN.v.0,action,hold,bid_share,3,63.0,0.4789531063095256,0.4024765222685885,0.5497842917082288
ZN.v.0,action,hold,bid_share,4,63.0,0.47669310521587194,0.4283048059052075,0.5551094120751201
ZN.v.0,action,hold,bid_share,5,63.0,0.49192753623188407,0.45459991759675356,0.5676890553021479
ZN.v.0,action,hold,bid_share,6,63.0,0.5069148105826449,0.4441834716436293,0.5885929356287954
ZN.v.0,action,hold,bid_share,7,63.0,0.5069686798761688,0.4333282747738797,0.5618819587257418
ZN.v.0,action,hold,bid_share,8,63.0,0.4926711175267653,0.40914119743626914,0.5637404935210766
ZN.v.0,action,hold,bid_share,9,63.0,0.5165792259080648,0.43685494925631674,0.5773279947791696
ZN.v.0,action,hold,bid_share,10,63.0,0.5176076360806283,0.44818447535638994,0.6070867587144599
ZN.v.0,action,hold,bid_share,11,63.0,0.48695617362198057,0.4222195403560202,0.5606550001120825
ZN.v.0,action,hold,bid_share,12,63.0,0.47920333318791875,0.4134279507070613,0.5590733122749076
ZN.v.0,action,hold,bid_share,13,63.0,0.5183459290762782,0.43115914783417364,0.5888280382882735
ZN.v.0,action,hold,bid_share,14,63.0,0.5132118067646307,0.37656373933308007,0.5955511652732524
ZN.v.0,action,hold,bid_share,15,63.0,0.5268185349401243,0.4272832675966667,0.5996548673551967
ZN.v.0,action,hold,bid_share,16,63.0,0.46312060696385965,0.4250017040364552,0.5769668927824132
ZN.v.0,action,hold,bid_share,17,63.0,0.5124613865862288,0.4042454110374143,0.5759081258089239
ZN.v.0,action,hold,bid_share,18,63.0,0.48154867750211616,0.4005627571801246,0.5777840483758812
ZN.v.0,action,hold,bid_share,19,63.0,0.5157964204620296,0.45938075421019375,0.599640213213843
ZN.v.0,action,hold,bid_share,20,63.0,0.4888813206715297,0.41162813182945746,0.5679240690886587
ZN.v.0,action,hold,bid_share,21,63.0,0.4685842546244209,0.3995967858156246,0.5476632030491944
ZN.v.0,action,hold,bid_share,22,63.0,0.5182150815253161,0.3662117358148734,0.5914864600481116
ZN.v.0,action,hold,bid_share,23,63.0,0.5193500411312286,0.4099584769221621,0.6042441202237159
ZN.v.0,action,hold,bid_share,24,63.0,0.5210311167512436,0.4132966924046505,0.6112280269296197
ZN.v.0,action,hold,bid_share,25,63.0,0.5272230538922156,0.41220710588977205,0.5853457653660805
ZN.v.0,action,hold,bid_share,26,63.0,0.48930073606729757,0.41654871813272004,0.5924260319145667
ZN.v.0,action,hold,bid_share,27,63.0,0.5253454426859951,0.4136869237737757,0.5763493165858833
ZN.v.0,action,hold,bid_share,28,63.0,0.5000040312719201,0.42796948675054963,0.5767597248681813
ZN.v.0,action,hold,bid_share,29,63.0,0.5052306006745106,0.41646697217116146,0.5624748048568111
ZN.v.0,action,hold,bid_share,30,63.0,0.498055638647921,0.4332505475234304,0.566771894020706
ZN.v.0,action,hold,bid_share,31,63.0,0.46509861254443297,0.4055103158238672,0.5360418350114229
ZN.v.0,action,hold,bid_share,32,63.0,0.505529970148728,0.4295307945027443,0.565011849521885
ZN.v.0,action,hold,bid_share,33,63.0,0.48976903008118516,0.4242433580730906,0.5797435432145466
ZN.v.0,action,hold,bid_share,34,63.0,0.518221659468008,0.43077510626059295,0.5787165426094691
ZN.v.0,action,hold,bid_share,35,63.0,0.49892887312000583,0.41815881905054236,0.5476938835235586
ZN.v.0,action,hold,bid_share,36,63.0,0.4695122071024356,0.4136346012584021,0.5563117878282569
ZN.v.0,action,hold,bid_share,37,63.0,0.48637551891938613,0.410652335922274,0.5504389674513684
ZN.v.0,action,hold,bid_share,38,63.0,0.47931121166415286,0.4061559617583439,0.5403228585360935
ZN.v.0,action,hold,bid_share,39,63.0,0.509210266933092,0.4332324816043649,0.57056895021693
ZN.v.0,action,hold,total_rel,-5,63.0,1.4356023889184204,1.2483410394849879,1.6051934562451313
ZN.v.0,action,hold,total_rel,-4,63.0,1.2288305489260143,1.0972032643854115,1.3718174904942966
ZN.v.0,action,hold,total_rel,-3,63.0,0.7718886047957985,0.6642068431254728,0.9233682887293658
ZN.v.0,action,hold,total_rel,-2,63.0,0.49612403100775193,0.37281817295589165,0.7074890935237028
ZN.v.0,action,hold,total_rel,-1,63.0,0.21364347146207974,0.13414131335083063,0.33583246519845256
ZN.v.0,action,hold,total_rel,0,63.0,0.2043716586587264,0.13756984849018628,0.2966020367868534
ZN.v.0,action,hold,total_rel,1,63.0,0.4480813889196063,0.31526477593138946,0.7189583699312374
ZN.v.0,action,hold,total_rel,2,63.0,0.6395941979424924,0.4408468961381944,0.8962095601320613
ZN.v.0,action,hold,total_rel,3,63.0,0.6892103205629398,0.5107856200141203,1.0007858389122275
ZN.v.0,action,hold,total_rel,4,63.0,0.7544156459362523,0.5509272086753543,1.2076335298287486
ZN.v.0,action,hold,total_rel,5,63.0,0.9201000834028357,0.6241282297965817,1.3734364080464787
ZN.v.0,action,hold,total_rel,6,63.0,0.8894904243080463,0.6881771739912382,1.4343478910642509
ZN.v.0,action,hold,total_rel,7,63.0,0.9985788725722407,0.7234816410655907,1.4118381610280182
ZN.v.0,action,hold,total_rel,8,63.0,1.1097016325764684,0.7602711542182392,1.5268852192466325
ZN.v.0,action,hold,total_rel,9,63.0,1.166872213262499,0.8260519463535079,1.6569056069730546
ZN.v.0,action,hold,total_rel,10,63.0,1.1647224570301493,0.9830888692868083,1.58728033406307
ZN.v.0,action,hold,total_rel,11,63.0,1.245109321058688,0.9457497330619575,1.65084422013466
ZN.v.0,action,hold,total_rel,12,63.0,1.2755255255255256,0.987509219133146,1.6274108118310227
ZN.v.0,action,hold,total_rel,13,63.0,1.3081416887521016,1.0152553237143611,1.8250046988304152
ZN.v.0,action,hold,total_rel,14,63.0,1.2725746729202665,1.0533942940111252,1.8903884415161682
ZN.v.0,action,hold,total_rel,15,63.0,1.3383929418461247,1.1123674419628997,1.8133089358314227
ZN.v.0,action,hold,total_rel,16,63.0,1.361745722774306,1.1425871489448314,1.8262713965789992
ZN.v.0,action,hold,total_rel,17,63.0,1.4193794749403341,1.2110372125072106,1.8612401681870243
ZN.v.0,action,hold,total_rel,18,63.0,1.5479861910241657,1.1745588980681738,2.015472549947443
ZN.v.0,action,hold,total_rel,19,63.0,1.507257375960535,1.2014053085439285,2.0152665572136526
ZN.v.0,action,hold,total_rel,20,63.0,1.5843436754176612,1.2459723687979913,2.1203579239996553
ZN.v.0,action,hold,total_rel,21,63.0,1.6126972867529703,1.2600658353986949,2.334736669171537
ZN.v.0,action,hold,total_rel,22,63.0,1.5867047520124642,1.2397353580417092,2.198388200811523
ZN.v.0,action,hold,total_rel,23,63.0,1.6001720615119905,1.2589860813967673,2.1519242085632824
ZN.v.0,action,hold,total_rel,24,63.0,1.654285254864126,1.1859958513270943,2.2042776974274796
ZN.v.0,action,hold,total_rel,25,63.0,1.6893066146479871,1.1519242524913442,2.2128435113519025
ZN.v.0,action,hold,total_rel,26,63.0,1.5953183188508602,1.1744668126965307,2.1341831882147995
ZN.v.0,action,hold,total_rel,27,63.0,1.6137642707830842,1.1762688723169568,2.3005316260937256
ZN.v.0,action,hold,total_rel,28,63.0,1.491582325351765,1.1652655922896495,2.2557374949167555
ZN.v.0,action,hold,total_rel,29,63.0,1.3553557466770916,1.067900290111852,2.1212670012114523
ZN.v.0,action,hold,total_rel,30,63.0,1.3523695534467528,1.0395578205133793,2.02472726961713
ZN.v.0,action,hold,total_rel,31,63.0,1.1718514671513893,0.9720843434154347,2.2145755770422806
ZN.v.0,action,hold,total_rel,32,63.0,1.2547422024188415,0.8856046967507964,2.157871935720789
ZN.v.0,action,hold,total_rel,33,63.0,1.3136509503826215,0.9247560982320218,2.226589105379446
ZN.v.0,action,hold,total_rel,34,63.0,1.2848693407893321,0.9256905548478678,1.9529081016152228
ZN.v.0,action,hold,total_rel,35,63.0,1.2302869681684763,0.9119637961111644,2.1115083761939886
ZN.v.0,action,hold,total_rel,36,63.0,1.246029919447641,0.873514596381372,2.050822058802792
ZN.v.0,action,hold,total_rel,37,63.0,1.2328207334121948,0.8515837751544372,1.9994529985646028
ZN.v.0,action,hold,total_rel,38,63.0,1.2515015015015014,0.876871454680179,2.205491125880552
ZN.v.0,action,hold,total_rel,39,63.0,1.2972792522116507,0.8466554686222402,2.0751195258887356
ZN.v.0,action_x_surprise,cut|large,ask_rel,-5,4.0,1.5678927353349592,1.4178350062466372,1.6530289854083469
ZN.v.0,action_x_surprise,cut|large,ask_rel,-4,4.0,1.293797881156243,1.1809406604587285,1.429427756915871
ZN.v.0,action_x_surprise,cut|large,ask_rel,-3,4.0,0.6557581519688411,0.5795394083045838,0.9133086618632343
ZN.v.0,action_x_surprise,cut|large,ask_rel,-2,4.0,0.38373239337552845,0.2486592616237882,0.47844142101438186
ZN.v.0,action_x_surprise,cut|large,ask_rel,-1,4.0,0.09214410658405053,0.05890425694642148,0.13918789318701744
ZN.v.0,action_x_surprise,cut|large,ask_rel,0,4.0,0.09744676644128462,0.08536485583141908,0.13116515219636576
ZN.v.0,action_x_surprise,cut|large,ask_rel,1,4.0,0.27700744788135695,0.24163467464255128,0.30362593378245256
ZN.v.0,action_x_surprise,cut|large,ask_rel,2,4.0,0.39404402309809605,0.36011967204616535,0.4365430834790985
ZN.v.0,action_x_surprise,cut|large,ask_rel,3,4.0,0.4688701734721129,0.39129041871425113,0.5846211513205656
ZN.v.0,action_x_surprise,cut|large,ask_rel,4,4.0,0.5372406000278614,0.48474176078354436,0.613593905549002
ZN.v.0,action_x_surprise,cut|large,ask_rel,5,4.0,0.6598934660314706,0.5686596559239709,0.7601613926836288
ZN.v.0,action_x_surprise,cut|large,ask_rel,6,4.0,0.6197648357737999,0.5242623619421528,0.7198478377286507
ZN.v.0,action_x_surprise,cut|large,ask_rel,7,4.0,0.6569348392596324,0.6382620747165756,0.7050988615052938
ZN.v.0,action_x_surprise,cut|large,ask_rel,8,4.0,0.70615072967973,0.6841705463176444,0.7492843892318063
ZN.v.0,action_x_surprise,cut|large,ask_rel,9,4.0,0.980627737329856,0.7946334797514365,1.060084640443642
ZN.v.0,action_x_surprise,cut|large,ask_rel,10,4.0,0.9093171478406249,0.781765063590991,1.2557227279671577
ZN.v.0,action_x_surprise,cut|large,ask_rel,11,4.0,0.9026411976373003,0.7933280623458974,0.954853439337811
ZN.v.0,action_x_surprise,cut|large,ask_rel,12,4.0,0.857530703402146,0.787843578584741,0.9606644564514428
ZN.v.0,action_x_surprise,cut|large,ask_rel,13,4.0,0.8003174603053577,0.677007010067074,0.9387135509132871
ZN.v.0,action_x_surprise,cut|large,ask_rel,14,4.0,1.0620113904019495,0.9278486811436363,1.2262632378032328
ZN.v.0,action_x_surprise,cut|large,ask_rel,15,4.0,1.1217076137564972,0.92074367289773,1.2468696061523081
ZN.v.0,action_x_surprise,cut|large,ask_rel,16,4.0,1.058297714047665,0.9424393183816505,1.3242885539388125
ZN.v.0,action_x_surprise,cut|large,ask_rel,17,4.0,1.0830316997101397,0.9517943780415861,1.2892550902509927
ZN.v.0,action_x_surprise,cut|large,ask_rel,18,4.0,1.3859299417252804,0.978851597953825,1.723524638952378
ZN.v.0,action_x_surprise,cut|large,ask_rel,19,4.0,1.0524308636322632,0.9215114795800903,1.1772316547938653
ZN.v.0,action_x_surprise,cut|large,ask_rel,20,4.0,1.045456065841413,0.9175191556100759,1.0892458279638888
ZN.v.0,action_x_surprise,cut|large,ask_rel,21,4.0,0.7255275651154008,0.701386989045198,0.9344231351017235
ZN.v.0,action_x_surprise,cut|large,ask_rel,22,4.0,0.964867924582778,0.6510445771535782,1.3904169886095967
ZN.v.0,action_x_surprise,cut|large,ask_rel,23,4.0,1.0001510821489148,0.5523093643353058,1.516684268787657
ZN.v.0,action_x_surprise,cut|large,ask_rel,24,4.0,1.055826724437692,0.8177246031628818,1.3091567671065096
ZN.v.0,action_x_surprise,cut|large,ask_rel,25,4.0,0.8114484999792705,0.6983838935148929,0.928468477768952
ZN.v.0,action_x_surprise,cut|large,ask_rel,26,4.0,1.000976757293223,0.8023997187376439,1.3153941354691698
ZN.v.0,action_x_surprise,cut|large,ask_rel,27,4.0,1.245732251026745,0.9584801710615252,1.4217042985708872
ZN.v.0,action_x_surprise,cut|large,ask_rel,28,4.0,0.8964395396047418,0.7632354893325612,1.0883648197596651
ZN.v.0,action_x_surprise,cut|large,ask_rel,29,4.0,1.116734750819189,0.8887610512111735,1.2742626849832834
ZN.v.0,action_x_surprise,cut|large,ask_rel,30,4.0,0.9456503996906873,0.8686186587257975,1.0481286402754515
ZN.v.0,action_x_surprise,cut|large,ask_rel,31,4.0,0.8198443440692591,0.7142849003915288,0.8659002342758656
ZN.v.0,action_x_surprise,cut|large,ask_rel,32,4.0,0.6960109683151114,0.6632717282842059,0.792760866659181
ZN.v.0,action_x_surprise,cut|large,ask_rel,33,4.0,0.7846721230433427,0.6779397167734633,0.8513629601806376
ZN.v.0,action_x_surprise,cut|large,ask_rel,34,4.0,0.717386877178775,0.6179712707260607,0.8329466636308073
ZN.v.0,action_x_surprise,cut|large,ask_rel,35,4.0,0.692582349353799,0.5881772052743123,0.8521199798500497
ZN.v.0,action_x_surprise,cut|large,ask_rel,36,4.0,0.7482570146733918,0.6270453982601183,0.933395346726419
ZN.v.0,action_x_surprise,cut|large,ask_rel,37,4.0,0.7127942785314656,0.5181795819079412,0.9503219414865919
ZN.v.0,action_x_surprise,cut|large,ask_rel,38,4.0,0.9173848498148031,0.7704250799665124,1.0535543863534276
ZN.v.0,action_x_surprise,cut|large,ask_rel,39,4.0,0.9150132305908103,0.7394313320073912,1.0470572702100445
ZN.v.0,action_x_surprise,cut|large,bid_rel,-5,4.0,1.4422998579011077,1.37953990817128,1.5544299814964295
ZN.v.0,action_x_surprise,cut|large,bid_rel,-4,4.0,1.3330312026296416,1.20916975794708,1.4642672590504255
ZN.v.0,action_x_surprise,cut|large,bid_rel,-3,4.0,0.9206750964381714,0.6919725658533327,1.144515792563971
ZN.v.0,action_x_surprise,cut|large,bid_rel,-2,4.0,0.26061590030238224,0.22426327950676686,0.28846351268201753
ZN.v.0,action_x_surprise,cut|large,bid_rel,-1,4.0,0.08648648297010071,0.07525079720555412,0.12975206114865545
ZN.v.0,action_x_surprise,cut|large,bid_rel,0,4.0,0.09485925536999187,0.06963922931031315,0.12018247719887802
ZN.v.0,action_x_surprise,cut|large,bid_rel,1,4.0,0.20895412931458707,0.1949629500701273,0.25941201094629823
ZN.v.0,action_x_surprise,cut|large,bid_rel,2,4.0,0.24638616221205434,0.21823651766103758,0.356593174185173
ZN.v.0,action_x_surprise,cut|large,bid_rel,3,4.0,0.3175232767351768,0.2630938779218468,0.44519802101289657
ZN.v.0,action_x_surprise,cut|large,bid_rel,4,4.0,0.5129847617081035,0.3443342569611322,0.7681915890704581
ZN.v.0,action_x_surprise,cut|large,bid_rel,5,4.0,0.46463335704842273,0.3211073806066656,0.756036216788083
ZN.v.0,action_x_surprise,cut|large,bid_rel,6,4.0,0.6825947585675705,0.5650773402041775,0.942881962219204
ZN.v.0,action_x_surprise,cut|large,bid_rel,7,4.0,0.6129833484208423,0.41461336787751124,0.8836060167582325
ZN.v.0,action_x_surprise,cut|large,bid_rel,8,4.0,0.6045867822484632,0.31777284408152245,1.0775565151301438
ZN.v.0,action_x_surprise,cut|large,bid_rel,9,4.0,0.49030377865982067,0.34200114114432534,0.8904796764650784
ZN.v.0,action_x_surprise,cut|large,bid_rel,10,4.0,0.6621917095704151,0.297098682592551,1.1310032060844861
ZN.v.0,action_x_surprise,cut|large,bid_rel,11,4.0,0.7338285129922679,0.5329670955261117,1.1229432848649055
ZN.v.0,action_x_surprise,cut|large,bid_rel,12,4.0,0.7903859992928002,0.4268226896206547,1.2821124389604077
ZN.v.0,action_x_surprise,cut|large,bid_rel,13,4.0,1.0070632527551449,0.5619017371037963,1.4674583303490047
ZN.v.0,action_x_surprise,cut|large,bid_rel,14,4.0,0.8310580878252043,0.5122969920360458,1.1641997436479936
ZN.v.0,action_x_surprise,cut|large,bid_rel,15,4.0,0.6993040181732444,0.5909519002762242,0.9897406834383744
ZN.v.0,action_x_surprise,cut|large,bid_rel,16,4.0,1.1198533210782862,0.6100475619780691,1.7877546425793776
ZN.v.0,action_x_surprise,cut|large,bid_rel,17,4.0,0.8976846432095656,0.6065011886725428,1.4556915799160755
ZN.v.0,action_x_surprise,cut|large,bid_rel,18,4.0,0.7714757752237755,0.568065925024062,1.1889883103660859
ZN.v.0,action_x_surprise,cut|large,bid_rel,19,4.0,0.876709088298633,0.5829521247215161,1.4064920098351756
ZN.v.0,action_x_surprise,cut|large,bid_rel,20,4.0,0.9622536260104952,0.5384804271327032,1.5853585390835745
ZN.v.0,action_x_surprise,cut|large,bid_rel,21,4.0,0.7738701904485068,0.6790788202352027,1.419501266307434
ZN.v.0,action_x_surprise,cut|large,bid_rel,22,4.0,0.8941331241533632,0.6519563525141026,1.6473222112711396
ZN.v.0,action_x_surprise,cut|large,bid_rel,23,4.0,0.8450346757498987,0.7518213700411546,1.2498294721612297
ZN.v.0,action_x_surprise,cut|large,bid_rel,24,4.0,0.8056694876092826,0.600049846239794,1.1043194990839027
ZN.v.0,action_x_surprise,cut|large,bid_rel,25,4.0,1.1604230593420497,0.8298508501478513,1.7259931077019703
ZN.v.0,action_x_surprise,cut|large,bid_rel,26,4.0,0.7183162290027874,0.6761574615514276,1.2847616787747282
ZN.v.0,action_x_surprise,cut|large,bid_rel,27,4.0,0.976854599878394,0.7010721816993242,1.2613775427029976
ZN.v.0,action_x_surprise,cut|large,bid_rel,28,4.0,1.0147257171819213,0.7189947279879543,1.6974031653072044
ZN.v.0,action_x_surprise,cut|large,bid_rel,29,4.0,0.8536846199177373,0.6010460119855188,1.4180960319632958
ZN.v.0,action_x_surprise,cut|large,bid_rel,30,4.0,0.6667873744184402,0.43352956920750724,1.0519547829159008
ZN.v.0,action_x_surprise,cut|large,bid_rel,31,4.0,0.6427170237364476,0.3831697444009541,1.069461697404154
ZN.v.0,action_x_surprise,cut|large,bid_rel,32,4.0,0.5867423927923257,0.30031854415581594,0.9442242876462266
ZN.v.0,action_x_surprise,cut|large,bid_rel,33,4.0,0.6104099395549378,0.37510600427356916,0.8089619501383484
ZN.v.0,action_x_surprise,cut|large,bid_rel,34,4.0,0.7208082247973717,0.39936571433509427,1.0901735978525138
ZN.v.0,action_x_surprise,cut|large,bid_rel,35,4.0,0.5756059844259899,0.2679210281883201,0.8995351184818782
ZN.v.0,action_x_surprise,cut|large,bid_rel,36,4.0,0.6321855970661172,0.44721201771411373,0.9991354215731618
ZN.v.0,action_x_surprise,cut|large,bid_rel,37,4.0,0.8452903995857236,0.464125508826352,1.2171094751375025
ZN.v.0,action_x_surprise,cut|large,bid_rel,38,4.0,0.781540073744236,0.5151702304266071,1.1448993025239291
ZN.v.0,action_x_surprise,cut|large,bid_rel,39,4.0,0.6844296424472477,0.5105400536753558,0.9616198482247309
ZN.v.0,action_x_surprise,cut|large,bid_share,-5,4.0,0.5668079993302704,0.4858908980389942,0.6142570577893548
ZN.v.0,action_x_surprise,cut|large,bid_share,-4,4.0,0.5518299218198612,0.4696364413443036,0.6191561801983216
ZN.v.0,action_x_surprise,cut|large,bid_share,-3,4.0,0.5370591325259528,0.4902224369355216,0.6042010073260073
ZN.v.0,action_x_surprise,cut|large,bid_share,-2,4.0,0.4682535961568246,0.4009979171276965,0.5666692593060312
ZN.v.0,action_x_surprise,cut|large,bid_share,-1,4.0,0.5819813282545337,0.5452953341253,0.6067856933007647
ZN.v.0,action_x_surprise,cut|large,bid_share,0,4.0,0.49513082245941376,0.4725893938579917,0.5079903145998607
ZN.v.0,action_x_surprise,cut|large,bid_share,1,4.0,0.5178585817748874,0.4275380536304585,0.6116672373511511
ZN.v.0,action_x_surprise,cut|large,bid_share,2,4.0,0.446553584257538,0.4265886957306932,0.47169185887074905
ZN.v.0,action_x_surprise,cut|large,bid_share,3,4.0,0.4044922709327127,0.35299364555268004,0.46074298808242686
ZN.v.0,action_x_surprise,cut|large,bid_share,4,4.0,0.531537660785937,0.5051268170795252,0.5389291393567
ZN.v.0,action_x_surprise,cut|large,bid_share,5,4.0,0.47562252301671193,0.4631244206112607,0.5048095134092575
ZN.v.0,action_x_surprise,cut|large,bid_share,6,4.0,0.54606047386143,0.48771362227286086,0.6156738107965076
ZN.v.0,action_x_surprise,cut|large,bid_share,7,4.0,0.49140497562252117,0.420015573233832,0.5250932087494832
ZN.v.0,action_x_surprise,cut|large,bid_share,8,4.0,0.4909281735619838,0.40526900781133046,0.5670620123099066
ZN.v.0,action_x_surprise,cut|large,bid_share,9,4.0,0.42423336259708105,0.3375211314279985,0.5364591200779621
ZN.v.0,action_x_surprise,cut|large,bid_share,10,4.0,0.4466500028436846,0.36954011905786516,0.4991377599507363
ZN.v.0,action_x_surprise,cut|large,bid_share,11,4.0,0.5053677373549341,0.4954276051929115,0.5253144314986655
ZN.v.0,action_x_surprise,cut|large,bid_share,12,4.0,0.5226587635876733,0.41523202787892677,0.5929185996272789
ZN.v.0,action_x_surprise,cut|large,bid_share,13,4.0,0.5230944900656563,0.45899771845343995,0.6033188761452997
ZN.v.0,action_x_surprise,cut|large,bid_share,14,4.0,0.4248442615150687,0.3458511715690017,0.5031058854476956
ZN.v.0,action_x_surprise,cut|large,bid_share,15,4.0,0.4956088891843251,0.4440153122476297,0.5272543902197014
ZN.v.0,action_x_surprise,cut|large,bid_share,16,4.0,0.5272116940191852,0.4392373974080257,0.6042501205763928
ZN.v.0,action_x_surprise,cut|large,bid_share,17,4.0,0.5176949915900312,0.4891903257960428,0.536124735458559
ZN.v.0,action_x_surprise,cut|large,bid_share,18,4.0,0.41037904131011393,0.33514511909027844,0.4741230870774097
ZN.v.0,action_x_surprise,cut|large,bid_share,19,4.0,0.5178173853915116,0.49301766234721583,0.5511014582566827
ZN.v.0,action_x_surprise,cut|large,bid_share,20,4.0,0.5649229039810533,0.5252844590722101,0.5808541564824418
ZN.v.0,action_x_surprise,cut|large,bid_share,21,4.0,0.602081381837734,0.5315701788943119,0.6457161394495842
ZN.v.0,action_x_surprise,cut|large,bid_share,22,4.0,0.5785865150373108,0.5127202510926068,0.6271993876056595
ZN.v.0,action_x_surprise,cut|large,bid_share,23,4.0,0.5817884662581001,0.4417877080971935,0.7146088723121834
ZN.v.0,action_x_surprise,cut|large,bid_share,24,4.0,0.5066830794652375,0.423438291125103,0.5715507413626306
ZN.v.0,action_x_surprise,cut|large,bid_share,25,4.0,0.6491369935466973,0.5993623700699269,0.7080720205665147
ZN.v.0,action_x_surprise,cut|large,bid_share,26,4.0,0.5589925799018787,0.4376131344520432,0.6411715264609332
ZN.v.0,action_x_surprise,cut|large,bid_share,27,4.0,0.5029381464181463,0.4254560279112761,0.5811314960697662
ZN.v.0,action_x_surprise,cut|large,bid_share,28,4.0,0.6021427533321865,0.5448165945804087,0.6400251437746332
ZN.v.0,action_x_surprise,cut|large,bid_share,29,4.0,0.5179313959663524,0.49202989237343675,0.5466482568923077
ZN.v.0,action_x_surprise,cut|large,bid_share,30,4.0,0.4543548438446112,0.44466243627663227,0.47375650926525814
ZN.v.0,action_x_surprise,cut|large,bid_share,31,4.0,0.5167424821745275,0.49113510723212583,0.5349836297251981
ZN.v.0,action_x_surprise,cut|large,bid_share,32,4.0,0.4410109244892177,0.4180147596341657,0.46195897507454714
ZN.v.0,action_x_surprise,cut|large,bid_share,33,4.0,0.407036545280441,0.3310247596865068,0.5028933478621779
ZN.v.0,action_x_surprise,cut|large,bid_share,34,4.0,0.4644370955287088,0.4001854648797176,0.5637338112659349
ZN.v.0,action_x_surprise,cut|large,bid_share,35,4.0,0.4040765327232323,0.38166467050170716,0.4503804714593833
ZN.v.0,action_x_surprise,cut|large,bid_share,36,4.0,0.5127454254947781,0.43323278713148206,0.580978860504708
ZN.v.0,action_x_surprise,cut|large,bid_share,37,4.0,0.5208356797896989,0.4683502036326835,0.5750681990147297
ZN.v.0,action_x_surprise,cut|large,bid_share,38,4.0,0.4536594554114245,0.41965736145752663,0.5125082440041729
ZN.v.0,action_x_surprise,cut|large,bid_share,39,4.0,0.4692627740104377,0.43816409699821834,0.5259113220520211
ZN.v.0,action_x_surprise,cut|large,total_rel,-5,4.0,1.4870641132479419,1.4229747120989718,1.546369605017667
ZN.v.0,action_x_surprise,cut|large,total_rel,-4,4.0,1.29940207544132,1.197554742254263,1.4321068717118017
ZN.v.0,action_x_surprise,cut|large,total_rel,-3,4.0,0.8346378004181872,0.6411582544295029,1.0862359701865572
ZN.v.0,action_x_surprise,cut|large,total_rel,-2,4.0,0.2620290871487663,0.21902354713257546,0.3377093734248769
ZN.v.0,action_x_surprise,cut|large,total_rel,-1,4.0,0.09051094557887951,0.06421682531226978,0.13034214345736342
ZN.v.0,action_x_surprise,cut|large,total_rel,0,4.0,0.10239398660594784,0.08556836019591564,0.13301613637180007
ZN.v.0,action_x_surprise,cut|large,total_rel,1,4.0,0.23301383244846016,0.21892991737274575,0.2743659864515329
ZN.v.0,action_x_surprise,cut|large,total_rel,2,4.0,0.31482021278224387,0.2744063143215479,0.3743452314710618
ZN.v.0,action_x_surprise,cut|large,total_rel,3,4.0,0.3737371849641008,0.3488137797050511,0.4156154196629903
ZN.v.0,action_x_surprise,cut|large,total_rel,4,4.0,0.5149693781642218,0.4046739209602166,0.6354002013204879
ZN.v.0,action_x_surprise,cut|large,total_rel,5,4.0,0.5633142865393616,0.4014476691715934,0.7662689368997618
ZN.v.0,action_x_surprise,cut|large,total_rel,6,4.0,0.7041082715488884,0.5538517523479664,0.8179223287743065
ZN.v.0,action_x_surprise,cut|large,total_rel,7,4.0,0.6381326837157822,0.5048064100143694,0.7723299958923596
ZN.v.0,action_x_surprise,cut|large,total_rel,8,4.0,0.6169507193285337,0.4336939080909406,0.8711500142125254
ZN.v.0,action_x_surprise,cut|large,total_rel,9,4.0,0.6677965390948422,0.44160360296021706,0.9825982259702094
ZN.v.0,action_x_surprise,cut|large,total_rel,10,4.0,0.952935057581752,0.7817944089577302,1.0507044053813066
ZN.v.0,action_x_surprise,cut|large,total_rel,11,4.0,0.8085659985773146,0.6139015600585546,1.0191256275067422
ZN.v.0,action_x_surprise,cut|large,total_rel,12,4.0,0.7970344695274423,0.63995851368348,0.9757745833441763
ZN.v.0,action_x_surprise,cut|large,total_rel,13,4.0,0.8888743249015868,0.667727234675564,1.1026113855659607
ZN.v.0,action_x_surprise,cut|large,total_rel,14,4.0,0.9069698629401928,0.6295163090605975,1.209513887442866
ZN.v.0,action_x_surprise,cut|large,total_rel,15,4.0,0.8871205449111298,0.6602516087815431,1.1303390809253473
ZN.v.0,action_x_surprise,cut|large,total_rel,16,4.0,1.2857030872108797,1.0247529800256268,1.4245124068672292
ZN.v.0,action_x_surprise,cut|large,total_rel,17,4.0,1.101682067144544,0.9035702349022956,1.2767415018237862
ZN.v.0,action_x_surprise,cut|large,total_rel,18,4.0,1.121648534246468,0.9291314384825107,1.2257397029630148
ZN.v.0,action_x_surprise,cut|large,total_rel,19,4.0,0.9708484670086348,0.7127898327373058,1.2175641280931637
ZN.v.0,action_x_surprise,cut|large,total_rel,20,4.0,0.8544398192975551,0.6229579137387483,1.1639673809061877
ZN.v.0,action_x_surprise,cut|large,total_rel,21,4.0,0.934186483824551,0.6517675993997437,1.2701406005981415
ZN.v.0,action_x_surprise,cut|large,total_rel,22,4.0,1.031281950987407,0.6720081322070172,1.5022518315139517
ZN.v.0,action_x_surprise,cut|large,total_rel,23,4.0,0.9470612402410548,0.6638917973278968,1.3334033924766349
ZN.v.0,action_x_surprise,cut|large,total_rel,24,4.0,0.8886100994686768,0.654580158527962,1.1808164396950056
ZN.v.0,action_x_surprise,cut|large,total_rel,25,4.0,0.9465843259551159,0.7399643394729856,1.2521849035948465
ZN.v.0,action_x_surprise,cut|large,total_rel,26,4.0,1.0229572540833374,0.7456471344403682,1.3217000131209484
ZN.v.0,action_x_surprise,cut|large,total_rel,27,4.0,1.0488162695485475,0.7070754155425694,1.374275892416124
ZN.v.0,action_x_surprise,cut|large,total_rel,28,4.0,1.01425373454911,0.675299656782887,1.3925450102200103
ZN.v.0,action_x_surprise,cut|large,total_rel,29,4.0,0.9300600578444027,0.7200259584719777,1.1985919216916456
ZN.v.0,action_x_surprise,cut|large,total_rel,30,4.0,0.7717182626519745,0.6068634553733947,0.9964641889579103
ZN.v.0,action_x_surprise,cut|large,total_rel,31,4.0,0.7060074779408392,0.5064428617328832,0.9393304975915575
ZN.v.0,action_x_surprise,cut|large,total_rel,32,4.0,0.6849838975773611,0.4389938364030432,0.9196625413436151
ZN.v.0,action_x_surprise,cut|large,total_rel,33,4.0,0.59662503037684,0.4058933672689059,0.8112671577321349
ZN.v.0,action_x_surprise,cut|large,total_rel,34,4.0,0.6659805973943012,0.49267502283879194,0.8489967717522557
ZN.v.0,action_x_surprise,cut|large,total_rel,35,4.0,0.6231968654671844,0.4294114123031887,0.8553407562990196
ZN.v.0,action_x_surprise,cut|large,total_rel,36,4.0,0.7694728114234193,0.5767065035826862,0.9429781766354721
ZN.v.0,action_x_surprise,cut|large,total_rel,37,4.0,0.770617371982472,0.5130933747359593,1.0322690289858152
ZN.v.0,action_x_surprise,cut|large,total_rel,38,4.0,0.880218733908323,0.5958641392876064,1.1486046856484284
ZN.v.0,action_x_surprise,cut|large,total_rel,39,4.0,0.8390660489391758,0.5307391239123808,1.1382390015013037
ZN.v.0,action_x_surprise,cut|medium,ask_rel,-5,3.0,1.5864897466827503,1.171950643185175,1.6057649719585902
ZN.v.0,action_x_surprise,cut|medium,ask_rel,-4,3.0,1.421471652593486,1.320872899933976,1.4929204119972468
ZN.v.0,action_x_surprise,cut|medium,ask_rel,-3,3.0,0.6483009968914138,0.633438797601316,0.9183487770558441
ZN.v.0,action_x_surprise,cut|medium,ask_rel,-2,3.0,0.37346200241254524,0.26787581844284675,0.6036898791151026
ZN.v.0,action_x_surprise,cut|medium,ask_rel,-1,3.0,0.18721351025331726,0.1383060798131202,0.24024366937594138
ZN.v.0,action_x_surprise,cut|medium,ask_rel,0,3.0,0.12159227985524729,0.11353491150013945,0.18193098213355288
ZN.v.0,action_x_surprise,cut|medium,ask_rel,1,3.0,0.4767189384800965,0.3905729969493419,0.5003932594855056
ZN.v.0,action_x_surprise,cut|medium,ask_rel,2,3.0,0.45138667516735737,0.4434015592580275,0.6160431566427861
ZN.v.0,action_x_surprise,cut|medium,ask_rel,3,3.0,0.7816385081287854,0.5596476386715318,1.116995369866564
ZN.v.0,action_x_surprise,cut|medium,ask_rel,4,3.0,0.7943895441504623,0.6010751451055667,1.0051561713514676
ZN.v.0,action_x_surprise,cut|medium,ask_rel,5,3.0,1.122091169907555,0.8843385423983053,1.3962687453880358
ZN.v.0,action_x_surprise,cut|medium,ask_rel,6,3.0,1.5658272234619062,1.1017044789192905,1.6142766997888542
ZN.v.0,action_x_surprise,cut|medium,ask_rel,7,3.0,1.2445011157156518,0.9064182071235565,1.3546992912715774
ZN.v.0,action_x_surprise,cut|medium,ask_rel,8,3.0,0.8262671342046541,0.5941819109762685,1.3019152317585394
ZN.v.0,action_x_surprise,cut|medium,ask_rel,9,3.0,0.8696206566783551,0.7989436759648609,1.0678621980617349
ZN.v.0,action_x_surprise,cut|medium,ask_rel,10,3.0,1.1131654446923813,0.8773030567871811,1.3039892362183259
ZN.v.0,action_x_surprise,cut|medium,ask_rel,11,3.0,1.286579534587185,1.1478454538623566,1.4982957986566805
ZN.v.0,action_x_surprise,cut|medium,ask_rel,12,3.0,0.5125916480714058,0.4740040457100517,1.1397698891744243
ZN.v.0,action_x_surprise,cut|medium,ask_rel,13,3.0,1.0659866114121772,0.9217809571156717,1.8145373346566314
ZN.v.0,action_x_surprise,cut|medium,ask_rel,14,3.0,1.1603442779725852,1.0544995052634927,1.7917523561153639
ZN.v.0,action_x_surprise,cut|medium,ask_rel,15,3.0,1.834874083519286,1.3437421119708124,2.395844761904396
ZN.v.0,action_x_surprise,cut|medium,ask_rel,16,3.0,2.059292317500797,1.4461967000731555,2.9152915146008205
ZN.v.0,action_x_surprise,cut|medium,ask_rel,17,3.0,1.3924131335671024,1.2061218846096846,1.994638412380656
ZN.v.0,action_x_surprise,cut|medium,ask_rel,18,3.0,1.1590691743704176,1.0900930607622268,2.2287505099837612
ZN.v.0,action_x_surprise,cut|medium,ask_rel,19,3.0,1.7698437998087344,1.1426129707586925,2.1997590531009896
ZN.v.0,action_x_surprise,cut|medium,ask_rel,20,3.0,1.3124246079613993,1.1188556741168343,1.462077780550671
ZN.v.0,action_x_surprise,cut|medium,ask_rel,21,3.0,1.3350334714695569,1.129302564869734,1.8067205958071548
ZN.v.0,action_x_surprise,cut|medium,ask_rel,22,3.0,1.5416002550207204,1.2886476995974006,2.1980618886683816
ZN.v.0,action_x_surprise,cut|medium,ask_rel,23,3.0,2.116671979598342,1.4648104243580735,2.3736556520428382
ZN.v.0,action_x_surprise,cut|medium,ask_rel,24,3.0,1.1565189671660823,0.9568638356036221,1.8916491096385295
ZN.v.0,action_x_surprise,cut|medium,ask_rel,25,3.0,2.1676761236850495,1.524078173322855,2.246684865220088
ZN.v.0,action_x_surprise,cut|medium,ask_rel,26,3.0,1.4816703857188396,1.2012275178674592,2.1835372435228697
ZN.v.0,action_x_surprise,cut|medium,ask_rel,27,3.0,1.1647550648515381,1.006987031947605,1.4378660728359018
ZN.v.0,action_x_surprise,cut|medium,ask_rel,28,3.0,1.1603442779725852,1.1226740148572327,1.6059863730031805
ZN.v.0,action_x_surprise,cut|medium,ask_rel,29,3.0,1.1464414957780458,1.0673787498184901,1.191008443139262
ZN.v.0,action_x_surprise,cut|medium,ask_rel,30,3.0,1.2674529805546701,0.8455391175685775,1.5693115324968767
ZN.v.0,action_x_surprise,cut|medium,ask_rel,31,3.0,1.4293911380299649,0.9840706360103731,1.5450936389787944
ZN.v.0,action_x_surprise,cut|medium,ask_rel,32,3.0,1.6482509047044631,1.1146174665016582,1.7441127013162099
ZN.v.0,action_x_surprise,cut|medium,ask_rel,33,3.0,1.3873127191584316,1.0487855266925183,1.781714260664861
ZN.v.0,action_x_surprise,cut|medium,ask_rel,34,3.0,0.8058654765699713,0.8044763120871081,1.5937650663911376
ZN.v.0,action_x_surprise,cut|medium,ask_rel,35,3.0,1.1820210392094357,0.9264162436909007,1.7770177572404235
ZN.v.0,action_x_surprise,cut|medium,ask_rel,36,3.0,1.4867708001275104,1.0363428445915717,1.5568956533810048
ZN.v.0,action_x_surprise,cut|medium,ask_rel,37,3.0,0.7816385081287854,0.6843126617179461,1.310964006778506
ZN.v.0,action_x_surprise,cut|medium,ask_rel,38,3.0,1.921581128466688,1.259429217893972,2.2331669212900387
ZN.v.0,action_x_surprise,cut|medium,ask_rel,39,3.0,1.1616193815747529,0.9026019514798408,1.6915455170841196
ZN.v.0,action_x_surprise,cut|medium,bid_rel,-5,3.0,1.2561897989527442,1.186829332327264,1.4016094796123073
ZN.v.0,action_x_surprise,cut|medium,bid_rel,-4,3.0,1.4247850539789255,1.3439643883156156,1.608029448717154
ZN.v.0,action_x_surprise,cut|medium,bid_rel,-3,3.0,0.9112418385157411,0.6667588276113019,1.0935206163295637
ZN.v.0,action_x_surprise,cut|medium,bid_rel,-2,3.0,0.3435880175025244,0.2915045985342045,0.3756856630275567
ZN.v.0,action_x_surprise,cut|medium,bid_rel,-1,3.0,0.13856610392457794,0.13392847183429102,0.20553347269604866
ZN.v.0,action_x_surprise,cut|medium,bid_rel,0,3.0,0.08989256741942557,0.06877664385781107,0.10092921731886657
ZN.v.0,action_x_surprise,cut|medium,bid_rel,1,3.0,0.3043192282394212,0.19847398638494115,0.3601885752678132
ZN.v.0,action_x_surprise,cut|medium,bid_rel,2,3.0,0.29072571804428854,0.19490846656169325,0.2996068308367412
ZN.v.0,action_x_surprise,cut|medium,bid_rel,3,3.0,0.437261620014222,0.28554430714612145,0.4639717440128115
ZN.v.0,action_x_surprise,cut|medium,bid_rel,4,3.0,0.4874264658348956,0.37296264389018424,0.4987011741584037
ZN.v.0,action_x_surprise,cut|medium,bid_rel,5,3.0,0.4363078272308704,0.31010948413041334,0.554697969469078
ZN.v.0,action_x_surprise,cut|medium,bid_rel,6,3.0,0.49544249789902384,0.31355766766374954,0.6752590696028774
ZN.v.0,action_x_surprise,cut|medium,bid_rel,7,3.0,0.6149072338224837,0.4123341285234936,0.7387186903600469
ZN.v.0,action_x_surprise,cut|medium,bid_rel,8,3.0,0.7029160271870204,0.47330251039593363,0.7057149144920816
ZN.v.0,action_x_surprise,cut|medium,bid_rel,9,3.0,0.3501195940267632,0.33796790876026817,0.5927313602670541
ZN.v.0,action_x_surprise,cut|medium,bid_rel,10,3.0,0.7514383605921521,0.4540766356982975,0.8168505111445742
ZN.v.0,action_x_surprise,cut|medium,bid_rel,11,3.0,0.3720990367832439,0.23788391758381314,0.5502240415225143
ZN.v.0,action_x_surprise,cut|medium,bid_rel,12,3.0,0.9867476889262395,0.6171032285088955,1.0627665215076276
ZN.v.0,action_x_surprise,cut|medium,bid_rel,13,3.0,0.668274501205876,0.4555778429960716,0.8112204492583133
ZN.v.0,action_x_surprise,cut|medium,bid_rel,14,3.0,0.8050866038149529,0.502442325805154,1.1423454869226681
ZN.v.0,action_x_surprise,cut|medium,bid_rel,15,3.0,0.7682525761894321,0.4860448340388426,1.2060281563473505
ZN.v.0,action_x_surprise,cut|medium,bid_rel,16,3.0,0.8384126288094716,0.5305492965656244,1.1028962749710296
ZN.v.0,action_x_surprise,cut|medium,bid_rel,17,3.0,0.6616969962727473,0.501565428462863,0.8511148372662463
ZN.v.0,action_x_surprise,cut|medium,bid_rel,18,3.0,0.7318570488927867,0.5495703958701563,0.887487771973706
ZN.v.0,action_x_surprise,cut|medium,bid_rel,19,3.0,0.36483227362420523,0.34411253533111974,0.8315854431667473
ZN.v.0,action_x_surprise,cut|medium,bid_rel,20,3.0,0.8820221087335962,0.6199407076821801,0.9531794384930862
ZN.v.0,action_x_surprise,cut|medium,bid_rel,21,3.0,1.1962288971716728,0.7703123617463884,1.2207791327929605
ZN.v.0,action_x_surprise,cut|medium,bid_rel,22,3.0,0.5874975757967548,0.4574647084638436,0.7940776631450339
ZN.v.0,action_x_surprise,cut|medium,bid_rel,23,3.0,0.4937513703135277,0.3508137531473394,0.7663662792481725
ZN.v.0,action_x_surprise,cut|medium,bid_rel,24,3.0,0.7936855952641965,0.6181824139229094,1.0506665742175272
ZN.v.0,action_x_surprise,cut|medium,bid_rel,25,3.0,1.2528282371194002,0.866737242087132,1.4137414590552053
ZN.v.0,action_x_surprise,cut|medium,bid_rel,26,3.0,1.0839728129796098,0.6887383418650994,1.2808835556267886
ZN.v.0,action_x_surprise,cut|medium,bid_rel,27,3.0,1.0113129484776004,0.6525430444171914,1.196732992546189
ZN.v.0,action_x_surprise,cut|medium,bid_rel,28,3.0,1.0754412049906263,0.7138229249456666,1.2371286270513315
ZN.v.0,action_x_surprise,cut|medium,bid_rel,29,3.0,1.093800504234275,0.9556515143184166,1.2085972483898848
ZN.v.0,action_x_surprise,cut|medium,bid_rel,30,3.0,0.6038149528612147,0.4996860021795134,0.854755107175969
ZN.v.0,action_x_surprise,cut|medium,bid_rel,31,3.0,0.8484981363736023,0.6777664024176998,0.9077968088293766
ZN.v.0,action_x_surprise,cut|medium,bid_rel,32,3.0,0.8673536505152379,0.5466354250556668,0.8926593063488337
ZN.v.0,action_x_surprise,cut|medium,bid_rel,33,3.0,0.5740513284633784,0.36295969317817184,0.6586546929534607
ZN.v.0,action_x_surprise,cut|medium,bid_rel,34,3.0,0.40468032839873297,0.341014011388865,0.48868087895490253
ZN.v.0,action_x_surprise,cut|medium,bid_rel,35,3.0,0.5799987070916025,0.45129184765552866,0.6217248523399254
ZN.v.0,action_x_surprise,cut|medium,bid_rel,36,3.0,0.596289352899347,0.4039676316836015,0.6792014622422629
ZN.v.0,action_x_surprise,cut|medium,bid_rel,37,3.0,0.6896373391945181,0.4989755191428666,0.7111856943725277
ZN.v.0,action_x_surprise,cut|medium,bid_rel,38,3.0,0.4950668713001535,0.3547027389149707,0.5786472762344713
ZN.v.0,action_x_surprise,cut|medium,bid_rel,39,3.0,0.6193031223737798,0.4152052468146247,0.649489316065206
ZN.v.0,action_x_surprise,cut|medium,bid_share,-5,3.0,0.6846846846846847,0.5373660390248067,0.7795218295218296
ZN.v.0,action_x_surprise,cut|medium,bid_share,-4,3.0,0.7626810366435486,0.5970561662171385,0.801125164537693
ZN.v.0,action_x_surprise,cut|medium,bid_share,-3,3.0,0.596617780074945,0.5728069387752864,0.7173784237597858
ZN.v.0,action_x_surprise,cut|medium,bid_share,-2,3.0,0.6530908296996197,0.6483881983549645,0.6667513882194831
ZN.v.0,action_x_surprise,cut|medium,bid_share,-1,3.0,0.5961486260753361,0.587744233822146,0.6521748596144545
ZN.v.0,action_x_surprise,cut|medium,bid_share,0,3.0,0.5432258603407952,0.5053496409351055,0.5581730170000478
ZN.v.0,action_x_surprise,cut|medium,bid_share,1,3.0,0.5211754276768705,0.5161041500790589,0.5555776528894982
ZN.v.0,action_x_surprise,cut|medium,bid_share,2,3.0,0.4706772035439645,0.41660054666656343,0.5033783330018975
ZN.v.0,action_x_surprise,cut|medium,bid_share,3,3.0,0.4049679894994843,0.4025016828076687,0.4590763508616598
ZN.v.0,action_x_surprise,cut|medium,bid_share,4,3.0,0.5063708221602958,0.48896740902898933,0.5681794710742079
ZN.v.0,action_x_surprise,cut|medium,bid_share,5,3.0,0.45894751860390026,0.40494379375139694,0.47015422140426705
ZN.v.0,action_x_surprise,cut|medium,bid_share,6,3.0,0.36598495035476813,0.34012783622155973,0.461403002299989
ZN.v.0,action_x_surprise,cut|medium,bid_share,7,3.0,0.4732763946025532,0.46149896044541605,0.5210732023935587
ZN.v.0,action_x_surprise,cut|medium,bid_share,8,3.0,0.58251440572998,0.5173711514149986,0.6076517022203832
ZN.v.0,action_x_surprise,cut|medium,bid_share,9,3.0,0.5872591239288356,0.4324728761563784,0.6108645216494215
ZN.v.0,action_x_surprise,cut|medium,bid_share,10,3.0,0.4888142985986373,0.4461864920223233,0.5331551115766927
ZN.v.0,action_x_surprise,cut|medium,bid_share,11,3.0,0.2723417155412017,0.25174047107036557,0.3889696198943841
ZN.v.0,action_x_surprise,cut|medium,bid_share,12,3.0,0.6622924261370862,0.6309589916946144,0.6743166035053647
ZN.v.0,action_x_surprise,cut|medium,bid_share,13,3.0,0.5023426708035412,0.4366417769897931,0.5085645999450914
ZN.v.0,action_x_surprise,cut|medium,bid_share,14,3.0,0.4219014106966311,0.4214394883635266,0.4942041092558946
ZN.v.0,action_x_surprise,cut|medium,bid_share,15,3.0,0.35624151170746154,0.3469083635948269,0.48225030097410804
ZN.v.0,action_x_surprise,cut|medium,bid_share,16,3.0,0.34094616639477976,0.3347342515822696,0.46216757814899534
ZN.v.0,action_x_surprise,cut|medium,bid_share,17,3.0,0.4585099818254059,0.37507493120632746,0.47146952378467527
ZN.v.0,action_x_surprise,cut|medium,bid_share,18,3.0,0.46357994774243594,0.39355467975357095,0.539902605372726
ZN.v.0,action_x_surprise,cut|medium,bid_share,19,3.0,0.459371833839919,0.3532752683732828,0.5706070392068838
ZN.v.0,action_x_surprise,cut|medium,bid_share,20,3.0,0.5090256091048307,0.47717782628860733,0.5600955217216528
ZN.v.0,action_x_surprise,cut|medium,bid_share,21,3.0,0.5350723963430959,0.5314403094287938,0.5371618372152345
ZN.v.0,action_x_surprise,cut|medium,bid_share,22,3.0,0.41657805260778763,0.3630039792869745,0.4590127649308582
ZN.v.0,action_x_surprise,cut|medium,bid_share,23,3.0,0.31743421052631576,0.29477478833343984,0.41685173418396904
ZN.v.0,action_x_surprise,cut|medium,bid_share,24,3.0,0.5881581747330061,0.46443545885678383,0.619248399714222
ZN.v.0,action_x_surprise,cut|medium,bid_share,25,3.0,0.5381979288993275,0.5239720974717288,0.5667406296130862
ZN.v.0,action_x_surprise,cut|medium,bid_share,26,3.0,0.4719314938154139,0.4657687382625368,0.5224541143763886
ZN.v.0,action_x_surprise,cut|medium,bid_share,27,3.0,0.6192715075909145,0.5193407559331229,0.6315776988219579
ZN.v.0,action_x_surprise,cut|medium,bid_share,28,3.0,0.5999246704651563,0.5244158833127808,0.6012723789007004
ZN.v.0,action_x_surprise,cut|medium,bid_share,29,3.0,0.7139562475495911,0.5957784301547739,0.7386762735353736
ZN.v.0,action_x_surprise,cut|medium,bid_share,30,3.0,0.6594714229245672,0.5471630739613934,0.6727423860816596
ZN.v.0,action_x_surprise,cut|medium,bid_share,31,3.0,0.6010414682829981,0.5632758398612724,0.609180322728095
ZN.v.0,action_x_surprise,cut|medium,bid_share,32,3.0,0.5369163952225842,0.4613462874459468,0.5535460775566647
ZN.v.0,action_x_surprise,cut|medium,bid_share,33,3.0,0.38659136902294244,0.36260020765730305,0.39992336482336205
ZN.v.0,action_x_surprise,cut|medium,bid_share,34,3.0,0.3830166270783848,0.33925069978429545,0.5027309844257288
ZN.v.0,action_x_surprise,cut|medium,bid_share,35,3.0,0.405347190615026,0.39489350354349617,0.49417088774820167
ZN.v.0,action_x_surprise,cut|medium,bid_share,36,3.0,0.431654621759617,0.4095223130679209,0.47062079680338553
ZN.v.0,action_x_surprise,cut|medium,bid_share,37,3.0,0.48746287830026014,0.47084571412165804,0.5064850414916521
ZN.v.0,action_x_surprise,cut|medium,bid_share,38,3.0,0.3039518836644044,0.2948650439539893,0.38644479232547085
ZN.v.0,action_x_surprise,cut|medium,bid_share,39,3.0,0.4498110149625213,0.4210218668707273,0.4544643978859901
ZN.v.0,action_x_surprise,cut|medium,total_rel,-5,3.0,1.494653370179022,1.24182403355276,1.596430740418024
ZN.v.0,action_x_surprise,cut|medium,total_rel,-4,3.0,1.446113180343626,1.3603377671119965,1.48570984386562
ZN.v.0,action_x_surprise,cut|medium,total_rel,-3,3.0,0.7986303015739517,0.6416917619155518,1.0490271881936017
ZN.v.0,action_x_surprise,cut|medium,total_rel,-2,3.0,0.2917321596982081,0.27616765380080416,0.3643755170390453
ZN.v.0,action_x_surprise,cut|medium,total_rel,-1,3.0,0.1493241119144923,0.13233356863296403,0.204900979376303
ZN.v.0,action_x_surprise,cut|medium,total_rel,0,3.0,0.13384596900156193,0.11219868730057568,0.13419742650015223
ZN.v.0,action_x_surprise,cut|medium,total_rel,1,3.0,0.34614922503904844,0.2665911774964302,0.36719595800836424
ZN.v.0,action_x_surprise,cut|medium,total_rel,2,3.0,0.37402378949897874,0.2766509436175968,0.43048878880796154
ZN.v.0,action_x_surprise,cut|medium,total_rel,3,3.0,0.3776282590412111,0.299779516987105,0.6270411021707156
ZN.v.0,action_x_surprise,cut|medium,total_rel,4,3.0,0.39973567223356965,0.3691100098066976,0.5728637493516167
ZN.v.0,action_x_surprise,cut|medium,total_rel,5,3.0,0.6322239577075573,0.49219682802980647,0.7372059744526469
ZN.v.0,action_x_surprise,cut|medium,total_rel,6,3.0,0.552565180824222,0.45099890449091584,0.8407277334488918
ZN.v.0,action_x_surprise,cut|medium,total_rel,7,3.0,0.5027033521566743,0.4215062064997319,0.8071517389516474
ZN.v.0,action_x_surprise,cut|medium,total_rel,8,3.0,0.5233689775321398,0.43879573926501503,0.7673430866912507
ZN.v.0,action_x_surprise,cut|medium,total_rel,9,3.0,0.5189234650967199,0.4720408509836682,0.7561608837586712
ZN.v.0,action_x_surprise,cut|medium,total_rel,10,3.0,0.6932596419560255,0.49580014657532134,0.8972428357532407
ZN.v.0,action_x_surprise,cut|medium,total_rel,11,3.0,0.7081581160639192,0.5121448617612178,0.8768706330083821
ZN.v.0,action_x_surprise,cut|medium,total_rel,12,3.0,0.712363330529857,0.5150457811342334,1.0094353590719074
ZN.v.0,action_x_surprise,cut|medium,total_rel,13,3.0,0.887420401297609,0.6388404965945192,1.0944489620445919
ZN.v.0,action_x_surprise,cut|medium,total_rel,14,3.0,1.2226360687252193,0.808044954588418,1.264414544893889
ZN.v.0,action_x_surprise,cut|medium,total_rel,15,3.0,1.1805839240658416,0.8471203819451065,1.2963592364749201
ZN.v.0,action_x_surprise,cut|medium,total_rel,16,3.0,1.0409708037967078,0.7994384725489783,1.369275090675468
ZN.v.0,action_x_surprise,cut|medium,total_rel,17,3.0,1.0476991469422083,0.7663083748624482,1.192978778123729
ZN.v.0,action_x_surprise,cut|medium,total_rel,18,3.0,0.9667187312267211,0.7374507153311002,1.2112751153775858
ZN.v.0,action_x_surprise,cut|medium,total_rel,19,3.0,0.8982338099243061,0.7304649120329177,1.0064888005924582
ZN.v.0,action_x_surprise,cut|medium,total_rel,20,3.0,0.939204613721014,0.7335014914416782,1.0750722848548484
ZN.v.0,action_x_surprise,cut|medium,total_rel,21,3.0,0.9896671873122672,0.7616979376146213,1.2530857156303556
ZN.v.0,action_x_surprise,cut|medium,total_rel,22,3.0,0.8633906043493933,0.6795141993634974,1.1308465124859195
ZN.v.0,action_x_surprise,cut|medium,total_rel,23,3.0,0.9369217830109335,0.725973578966264,1.1214002187610468
ZN.v.0,action_x_surprise,cut|medium,total_rel,24,3.0,0.9076054307341103,0.7463270923984744,1.1375499646597305
ZN.v.0,action_x_surprise,cut|medium,total_rel,25,3.0,1.0540670431334855,0.9071441448204349,1.2953453731857305
ZN.v.0,action_x_surprise,cut|medium,total_rel,26,3.0,1.1337258200168208,0.8065846412053084,1.2581549565346601
ZN.v.0,action_x_surprise,cut|medium,total_rel,27,3.0,1.1206295806800433,0.759322602394535,1.2682682640904146
ZN.v.0,action_x_surprise,cut|medium,total_rel,28,3.0,1.018262645680644,0.7647052522467199,1.2222718446887972
ZN.v.0,action_x_surprise,cut|medium,total_rel,29,3.0,1.0579118106452001,0.9777213726203134,1.1969848270453287
ZN.v.0,action_x_surprise,cut|medium,total_rel,30,3.0,0.6552925627778445,0.5995285873705611,0.8454079915429619
ZN.v.0,action_x_surprise,cut|medium,total_rel,31,3.0,0.7253394208818935,0.6849597258369666,0.8980359474733265
ZN.v.0,action_x_surprise,cut|medium,total_rel,32,3.0,0.7204133125075093,0.6008407441821346,0.9392698439305858
ZN.v.0,action_x_surprise,cut|medium,total_rel,33,3.0,0.6154030998438064,0.5016913999532655,0.886293187771636
ZN.v.0,action_x_surprise,cut|medium,total_rel,34,3.0,0.6126396731947615,0.4935810557340632,0.8537891858586193
ZN.v.0,action_x_surprise,cut|medium,total_rel,35,3.0,0.5739517001081341,0.5233902880993427,0.7986074124558276
ZN.v.0,action_x_surprise,cut|medium,total_rel,36,3.0,0.5573711402138652,0.508143288074658,0.8217537876485862
ZN.v.0,action_x_surprise,cut|medium,total_rel,37,3.0,0.6069926709119308,0.49828449762737437,0.8589820317778767
ZN.v.0,action_x_surprise,cut|medium,total_rel,38,3.0,0.6003844767511715,0.5370628547866024,0.8896295222485816
ZN.v.0,action_x_surprise,cut|medium,total_rel,39,3.0,0.5937762825904122,0.4996594248670827,0.870135547771157
ZN.v.0,action_x_surprise,cut|small,ask_rel,-5,1.0,1.0477520245741414,1.0477520245741414,1.0477520245741414
ZN.v.0,action_x_surprise,cut|small,ask_rel,-4,1.0,1.2784138508796425,1.2784138508796425,1.2784138508796425
ZN.v.0,action_x_surprise,cut|small,ask_rel,-3,1.0,1.1778832728288187,1.1778832728288187,1.1778832728288187
ZN.v.0,action_x_surprise,cut|small,ask_rel,-2,1.0,0.4959508517173974,0.4959508517173974,0.4959508517173974
ZN.v.0,action_x_surprise,cut|small,ask_rel,-1,1.0,0.15247137671041608,0.15247137671041608,0.15247137671041608
ZN.v.0,action_x_surprise,cut|small,ask_rel,0,1.0,0.2200502652890254,0.2200502652890254,0.2200502652890254
ZN.v.0,action_x_surprise,cut|small,ask_rel,1,1.0,0.5964814297682212,0.5964814297682212,0.5964814297682212
ZN.v.0,action_x_surprise,cut|small,ask_rel,2,1.0,0.6813739179000279,0.6813739179000279,0.6813739179000279
ZN.v.0,action_x_surprise,cut|small,ask_rel,3,1.0,0.7886065344875733,0.7886065344875733,0.7886065344875733
ZN.v.0,action_x_surprise,cut|small,ask_rel,4,1.0,1.2979614632784138,1.2979614632784138,1.2979614632784138
ZN.v.0,action_x_surprise,cut|small,ask_rel,5,1.0,1.8352415526389276,1.8352415526389276,1.8352415526389276
ZN.v.0,action_x_surprise,cut|small,ask_rel,6,1.0,1.9095224797542585,1.9095224797542585,1.9095224797542585
ZN.v.0,action_x_surprise,cut|small,ask_rel,7,1.0,1.6096062552359676,1.6096062552359676,1.6096062552359676
ZN.v.0,action_x_surprise,cut|small,ask_rel,8,1.0,1.3169505724657917,1.3169505724657917,1.3169505724657917
ZN.v.0,action_x_surprise,cut|small,ask_rel,9,1.0,0.7718514381457693,0.7718514381457693,0.7718514381457693
ZN.v.0,action_x_surprise,cut|small,ask_rel,10,1.0,1.9374476403239318,1.9374476403239318,1.9374476403239318
ZN.v.0,action_x_surprise,cut|small,ask_rel,11,1.0,1.2303825746998045,1.2303825746998045,1.2303825746998045
ZN.v.0,action_x_surprise,cut|small,ask_rel,12,1.0,1.7933538117844177,1.7933538117844177,1.7933538117844177
ZN.v.0,action_x_surprise,cut|small,ask_rel,13,1.0,1.610164758447361,1.610164758447361,1.610164758447361
ZN.v.0,action_x_surprise,cut|small,ask_rel,14,1.0,2.2792516056967327,2.2792516056967327,2.2792516056967327
ZN.v.0,action_x_surprise,cut|small,ask_rel,15,1.0,1.8279810108908126,1.8279810108908126,1.8279810108908126
ZN.v.0,action_x_surprise,cut|small,ask_rel,16,1.0,2.270874057525831,2.270874057525831,2.270874057525831
ZN.v.0,action_x_surprise,cut|small,ask_rel,17,1.0,2.495392348506004,2.495392348506004,2.495392348506004
ZN.v.0,action_x_surprise,cut|small,ask_rel,18,1.0,2.522759005864284,2.522759005864284,2.522759005864284
ZN.v.0,action_x_surprise,cut|small,ask_rel,19,1.0,1.92907009215303,1.92907009215303,1.92907009215303
ZN.v.0,action_x_surprise,cut|small,ask_rel,20,1.0,1.4939960904775202,1.4939960904775202,1.4939960904775202
ZN.v.0,action_x_surprise,cut|small,ask_rel,21,1.0,2.4998603741971515,2.4998603741971515,2.4998603741971515
ZN.v.0,action_x_surprise,cut|small,ask_rel,22,1.0,1.853672158614912,1.853672158614912,1.853672158614912
ZN.v.0,action_x_surprise,cut|small,ask_rel,23,1.0,1.2767383412454623,1.2767383412454623,1.2767383412454623
ZN.v.0,action_x_surprise,cut|small,ask_rel,24,1.0,1.9542027366657357,1.9542027366657357,1.9542027366657357
ZN.v.0,action_x_surprise,cut|small,ask_rel,25,1.0,2.6573582798101087,2.6573582798101087,2.6573582798101087
ZN.v.0,action_x_surprise,cut|small,ask_rel,26,1.0,2.865121474448478,2.865121474448478,2.865121474448478
ZN.v.0,action_x_surprise,cut|small,ask_rel,27,1.0,2.048031276179838,2.048031276179838,2.048031276179838
ZN.v.0,action_x_surprise,cut|small,ask_rel,28,1.0,2.153588383133203,2.153588383133203,2.153588383133203
ZN.v.0,action_x_surprise,cut|small,ask_rel,29,1.0,2.2306618263055014,2.2306618263055014,2.2306618263055014
ZN.v.0,action_x_surprise,cut|small,ask_rel,30,1.0,1.4029600670203854,1.4029600670203854,1.4029600670203854
ZN.v.0,action_x_surprise,cut|small,ask_rel,31,1.0,1.6034627199106395,1.6034627199106395,1.6034627199106395
ZN.v.0,action_x_surprise,cut|small,ask_rel,32,1.0,1.1801172856743927,1.1801172856743927,1.1801172856743927
ZN.v.0,action_x_surprise,cut|small,ask_rel,33,1.0,1.4174811505166154,1.4174811505166154,1.4174811505166154
ZN.v.0,action_x_surprise,cut|small,ask_rel,34,1.0,1.3225356045797263,1.3225356045797263,1.3225356045797263
ZN.v.0,action_x_surprise,cut|small,ask_rel,35,1.0,1.1633621893325887,1.1633621893325887,1.1633621893325887
ZN.v.0,action_x_surprise,cut|small,ask_rel,36,1.0,1.0918737782742252,1.0918737782742252,1.0918737782742252
ZN.v.0,action_x_surprise,cut|small,ask_rel,37,1.0,1.060597598436191,1.060597598436191,1.060597598436191
ZN.v.0,action_x_surprise,cut|small,ask_rel,38,1.0,0.8176487014800335,0.8176487014800335,0.8176487014800335
ZN.v.0,action_x_surprise,cut|small,ask_rel,39,1.0,0.8237922368053616,0.8237922368053616,0.8237922368053616
ZN.v.0,action_x_surprise,cut|small,bid_rel,-5,1.0,1.3422729906464697,1.3422729906464697,1.3422729906464697
ZN.v.0,action_x_surprise,cut|small,bid_rel,-4,1.0,1.195927489446238,1.195927489446238,1.195927489446238
ZN.v.0,action_x_surprise,cut|small,bid_rel,-3,1.0,0.7400049664762851,0.7400049664762851,0.7400049664762851
ZN.v.0,action_x_surprise,cut|small,bid_rel,-2,1.0,0.7217945534310074,0.7217945534310074,0.7217945534310074
ZN.v.0,action_x_surprise,cut|small,bid_rel,-1,1.0,0.4284413541925337,0.4284413541925337,0.4284413541925337
ZN.v.0,action_x_surprise,cut|small,bid_rel,0,1.0,0.1102557735286814,0.1102557735286814,0.1102557735286814
ZN.v.0,action_x_surprise,cut|small,bid_rel,1,1.0,0.4532737356179124,0.4532737356179124,0.4532737356179124
ZN.v.0,action_x_surprise,cut|small,bid_rel,2,1.0,0.3459978478602765,0.3459978478602765,0.3459978478602765
ZN.v.0,action_x_surprise,cut|small,bid_rel,3,1.0,0.60458571310322,0.60458571310322,0.60458571310322
ZN.v.0,action_x_surprise,cut|small,bid_rel,4,1.0,0.4565847198079629,0.4565847198079629,0.4565847198079629
ZN.v.0,action_x_surprise,cut|small,bid_rel,5,1.0,0.8995944044367188,0.8995944044367188,0.8995944044367188
ZN.v.0,action_x_surprise,cut|small,bid_rel,6,1.0,0.5615429186325636,0.5615429186325636,0.5615429186325636
ZN.v.0,action_x_surprise,cut|small,bid_rel,7,1.0,0.8274149490936181,0.8274149490936181,0.8274149490936181
ZN.v.0,action_x_surprise,cut|small,bid_rel,8,1.0,0.8098667328863505,0.8098667328863505,0.8098667328863505
ZN.v.0,action_x_surprise,cut|small,bid_rel,9,1.0,1.1396407582153796,1.1396407582153796,1.1396407582153796
ZN.v.0,action_x_surprise,cut|small,bid_rel,10,1.0,0.7496068206274316,0.7496068206274316,0.7496068206274316
ZN.v.0,action_x_surprise,cut|small,bid_rel,11,1.0,1.237976988659879,1.237976988659879,1.237976988659879
ZN.v.0,action_x_surprise,cut|small,bid_rel,12,1.0,1.1383163645393592,1.1383163645393592,1.1383163645393592
ZN.v.0,action_x_surprise,cut|small,bid_rel,13,1.0,1.4104792649615099,1.4104792649615099,1.4104792649615099
ZN.v.0,action_x_surprise,cut|small,bid_rel,14,1.0,1.209502524625445,1.209502524625445,1.209502524625445
ZN.v.0,action_x_surprise,cut|small,bid_rel,15,1.0,1.216455591424551,1.216455591424551,1.216455591424551
ZN.v.0,action_x_surprise,cut|small,bid_rel,16,1.0,1.2581739922191872,1.2581739922191872,1.2581739922191872
ZN.v.0,action_x_surprise,cut|small,bid_rel,17,1.0,0.9764092376458903,0.9764092376458903,0.9764092376458903
ZN.v.0,action_x_surprise,cut|small,bid_rel,18,1.0,0.5300885688270839,0.5300885688270839,0.5300885688270839
ZN.v.0,action_x_surprise,cut|small,bid_rel,19,1.0,1.0916314874596473,1.0916314874596473,1.0916314874596473
ZN.v.0,action_x_surprise,cut|small,bid_rel,20,1.0,1.6621140634053473,1.6621140634053473,1.6621140634053473
ZN.v.0,action_x_surprise,cut|small,bid_rel,21,1.0,0.7638440526446486,0.7638440526446486,0.7638440526446486
ZN.v.0,action_x_surprise,cut|small,bid_rel,22,1.0,1.8680572800264879,1.8680572800264879,1.8680572800264879
ZN.v.0,action_x_surprise,cut|small,bid_rel,23,1.0,1.3181028060591011,1.3181028060591011,1.3181028060591011
ZN.v.0,action_x_surprise,cut|small,bid_rel,24,1.0,1.6654250475953978,1.6654250475953978,1.6654250475953978
ZN.v.0,action_x_surprise,cut|small,bid_rel,25,1.0,0.8972767155036835,0.8972767155036835,0.8972767155036835
ZN.v.0,action_x_surprise,cut|small,bid_rel,26,1.0,0.941312805231355,0.941312805231355,0.941312805231355
ZN.v.0,action_x_surprise,cut|small,bid_rel,27,1.0,1.0528929724360567,1.0528929724360567,1.0528929724360567
ZN.v.0,action_x_surprise,cut|small,bid_rel,28,1.0,1.5187484479761608,1.5187484479761608,1.5187484479761608
ZN.v.0,action_x_surprise,cut|small,bid_rel,29,1.0,0.6174985514444169,0.6174985514444169,0.6174985514444169
ZN.v.0,action_x_surprise,cut|small,bid_rel,30,1.0,1.0038904064233094,1.0038904064233094,1.0038904064233094
ZN.v.0,action_x_surprise,cut|small,bid_rel,31,1.0,0.7694727257677345,0.7694727257677345,0.7694727257677345
ZN.v.0,action_x_surprise,cut|small,bid_rel,32,1.0,0.9399884115553349,0.9399884115553349,0.9399884115553349
ZN.v.0,action_x_surprise,cut|small,bid_rel,33,1.0,0.8088734376293353,0.8088734376293353,0.8088734376293353
ZN.v.0,action_x_surprise,cut|small,bid_rel,34,1.0,0.9234334906050824,0.9234334906050824,0.9234334906050824
ZN.v.0,action_x_surprise,cut|small,bid_rel,35,1.0,0.800595977154209,0.800595977154209,0.800595977154209
ZN.v.0,action_x_surprise,cut|small,bid_rel,36,1.0,0.6002814336561543,0.6002814336561543,0.6002814336561543
ZN.v.0,action_x_surprise,cut|small,bid_rel,37,1.0,0.5923350716000331,0.5923350716000331,0.5923350716000331
ZN.v.0,action_x_surprise,cut|small,bid_rel,38,1.0,0.6178296498634219,0.6178296498634219,0.6178296498634219
ZN.v.0,action_x_surprise,cut|small,bid_rel,39,1.0,0.5343928482741495,0.5343928482741495,0.5343928482741495
ZN.v.0,action_x_surprise,cut|small,bid_share,-5,1.0,0.6839972991222147,0.6839972991222147,0.6839972991222147
ZN.v.0,action_x_surprise,cut|small,bid_share,-4,1.0,0.6119741897157508,0.6119741897157508,0.6119741897157508
ZN.v.0,action_x_surprise,cut|small,bid_share,-3,1.0,0.5606806986117331,0.5606806986117331,0.5606806986117331
ZN.v.0,action_x_surprise,cut|small,bid_share,-2,1.0,0.7085828343313373,0.7085828343313373,0.7085828343313373
ZN.v.0,action_x_surprise,cut|small,bid_share,-1,1.0,0.7986987604171704,0.7986987604171704,0.7986987604171704
ZN.v.0,action_x_surprise,cut|small,bid_share,0,1.0,0.5167886904821424,0.5167886904821424,0.5167886904821424
ZN.v.0,action_x_surprise,cut|small,bid_share,1,1.0,0.5195186544704042,0.5195186544704042,0.5195186544704042
ZN.v.0,action_x_surprise,cut|small,bid_share,2,1.0,0.45354190728225807,0.45354190728225807,0.45354190728225807
ZN.v.0,action_x_surprise,cut|small,bid_share,3,1.0,0.5835412211926824,0.5835412211926824,0.5835412211926824
ZN.v.0,action_x_surprise,cut|small,bid_share,4,1.0,0.37147814747334695,0.37147814747334695,0.37147814747334695
ZN.v.0,action_x_surprise,cut|small,bid_share,5,1.0,0.4775876441344269,0.4775876441344269,0.4775876441344269
ZN.v.0,action_x_surprise,cut|small,bid_share,6,1.0,0.31467321760995026,0.31467321760995026,0.31467321760995026
ZN.v.0,action_x_surprise,cut|small,bid_share,7,1.0,0.4794747211145973,0.4794747211145973,0.4794747211145973
ZN.v.0,action_x_surprise,cut|small,bid_share,8,1.0,0.5104079084817448,0.5104079084817448,0.5104079084817448
ZN.v.0,action_x_surprise,cut|small,bid_share,9,1.0,0.7326379864783132,0.7326379864783132,0.7326379864783132
ZN.v.0,action_x_surprise,cut|small,bid_share,10,1.0,0.39787159380528153,0.39787159380528153,0.39787159380528153
ZN.v.0,action_x_surprise,cut|small,bid_share,11,1.0,0.633823739828505,0.633823739828505,0.633823739828505
ZN.v.0,action_x_surprise,cut|small,bid_share,12,1.0,0.5219173319255815,0.5219173319255815,0.5219173319255815
ZN.v.0,action_x_surprise,cut|small,bid_share,13,1.0,0.6262144020596889,0.6262144020596889,0.6262144020596889
ZN.v.0,action_x_surprise,cut|small,bid_share,14,1.0,0.46797825716020186,0.46797825716020186,0.46797825716020186
ZN.v.0,action_x_surprise,cut|small,bid_share,15,1.0,0.5305135960763284,0.5305135960763284,0.5305135960763284
ZN.v.0,action_x_surprise,cut|small,bid_share,16,1.0,0.4874645222327342,0.4874645222327342,0.4874645222327342
ZN.v.0,action_x_surprise,cut|small,bid_share,17,1.0,0.4176672633041568,0.4176672633041568,0.4176672633041568
ZN.v.0,action_x_surprise,cut|small,bid_share,18,1.0,0.2470535718368336,0.2470535718368336,0.2470535718368336
ZN.v.0,action_x_surprise,cut|small,bid_share,19,1.0,0.4887549921988329,0.4887549921988329,0.4887549921988329
ZN.v.0,action_x_surprise,cut|small,bid_share,20,1.0,0.6523264984653441,0.6523264984653441,0.6523264984653441
ZN.v.0,action_x_surprise,cut|small,bid_share,21,1.0,0.32423019257300345,0.32423019257300345,0.32423019257300345
ZN.v.0,action_x_surprise,cut|small,bid_share,22,1.0,0.6071122746989065,0.6071122746989065,0.6071122746989065
ZN.v.0,action_x_surprise,cut|small,bid_share,23,1.0,0.6377392043213062,0.6377392043213062,0.6377392043213062
ZN.v.0,action_x_surprise,cut|small,bid_share,24,1.0,0.5862232394254717,0.5862232394254717,0.5862232394254717
ZN.v.0,action_x_surprise,cut|small,bid_share,25,1.0,0.361151068206111,0.361151068206111,0.361151068206111
ZN.v.0,action_x_surprise,cut|small,bid_share,26,1.0,0.3584919840991343,0.3584919840991343,0.3584919840991343
ZN.v.0,action_x_surprise,cut|small,bid_share,27,1.0,0.4606318057605558,0.4606318057605558,0.4606318057605558
ZN.v.0,action_x_surprise,cut|small,bid_share,28,1.0,0.5294059860218644,0.5294059860218644,0.5294059860218644
ZN.v.0,action_x_surprise,cut|small,bid_share,29,1.0,0.32088367760373326,0.32088367760373326,0.32088367760373326
ZN.v.0,action_x_surprise,cut|small,bid_share,30,1.0,0.5567328024350964,0.5567328024350964,0.5567328024350964
ZN.v.0,action_x_surprise,cut|small,bid_share,31,1.0,0.46164040194543643,0.46164040194543643,0.46164040194543643
ZN.v.0,action_x_surprise,cut|small,bid_share,32,1.0,0.578531233333779,0.578531233333779,0.578531233333779
ZN.v.0,action_x_surprise,cut|small,bid_share,33,1.0,0.5091965443245795,0.5091965443245795,0.5091965443245795
ZN.v.0,action_x_surprise,cut|small,bid_share,34,1.0,0.5394732246059266,0.5394732246059266,0.5394732246059266
ZN.v.0,action_x_surprise,cut|small,bid_share,35,1.0,0.5414423942009734,0.5414423942009734,0.5414423942009734
ZN.v.0,action_x_surprise,cut|small,bid_share,36,1.0,0.48513211280186463,0.48513211280186463,0.48513211280186463
ZN.v.0,action_x_surprise,cut|small,bid_share,37,1.0,0.4832229735432453,0.4832229735432453,0.4832229735432453
ZN.v.0,action_x_surprise,cut|small,bid_share,38,1.0,0.5654644230292645,0.5654644230292645,0.5654644230292645
ZN.v.0,action_x_surprise,cut|small,bid_share,39,1.0,0.5421458878304422,0.5421458878304422,0.5421458878304422
ZN.v.0,action_x_surprise,cut|small,total_rel,-5,1.0,1.2854637367172186,1.2854637367172186,1.2854637367172186
ZN.v.0,action_x_surprise,cut|small,total_rel,-4,1.0,1.2227380583926546,1.2227380583926546,1.2227380583926546
ZN.v.0,action_x_surprise,cut|small,total_rel,-3,1.0,0.8595893944083359,0.8595893944083359,0.8595893944083359
ZN.v.0,action_x_surprise,cut|small,total_rel,-2,1.0,0.632208810481791,0.632208810481791,0.632208810481791
ZN.v.0,action_x_surprise,cut|small,total_rel,-1,1.0,0.33281749716290104,0.33281749716290104,0.33281749716290104
ZN.v.0,action_x_surprise,cut|small,total_rel,0,1.0,0.20612813370473537,0.20612813370473537,0.20612813370473537
ZN.v.0,action_x_surprise,cut|small,total_rel,1,1.0,0.443206437635407,0.443206437635407,0.443206437635407
ZN.v.0,action_x_surprise,cut|small,total_rel,2,1.0,0.4661095636025998,0.4661095636025998,0.4661095636025998
ZN.v.0,action_x_surprise,cut|small,total_rel,3,1.0,0.6012586402558547,0.6012586402558547,0.6012586402558547
ZN.v.0,action_x_surprise,cut|small,total_rel,4,1.0,0.76054884968534,0.76054884968534,0.76054884968534
ZN.v.0,action_x_surprise,cut|small,total_rel,5,1.0,1.345300732487362,1.345300732487362,1.345300732487362
ZN.v.0,action_x_surprise,cut|small,total_rel,6,1.0,1.028370989373775,1.028370989373775,1.028370989373775
ZN.v.0,action_x_surprise,cut|small,total_rel,7,1.0,1.059733828536057,1.059733828536057,1.059733828536057
ZN.v.0,action_x_surprise,cut|small,total_rel,8,1.0,0.9530589084906633,0.9530589084906633,0.9530589084906633
ZN.v.0,action_x_surprise,cut|small,total_rel,9,1.0,0.9726606829670896,0.9726606829670896,0.9726606829670896
ZN.v.0,action_x_surprise,cut|small,total_rel,10,1.0,1.1725987826266377,1.1725987826266377,1.1725987826266377
ZN.v.0,action_x_surprise,cut|small,total_rel,11,1.0,1.437738574228825,1.437738574228825,1.437738574228825
ZN.v.0,action_x_surprise,cut|small,total_rel,12,1.0,1.390487981017229,1.390487981017229,1.390487981017229
ZN.v.0,action_x_surprise,cut|small,total_rel,13,1.0,1.3640771690910967,1.3640771690910967,1.3640771690910967
ZN.v.0,action_x_surprise,cut|small,total_rel,14,1.0,1.5817600330135149,1.5817600330135149,1.5817600330135149
ZN.v.0,action_x_surprise,cut|small,total_rel,15,1.0,1.4709584236046631,1.4709584236046631,1.4709584236046631
ZN.v.0,action_x_surprise,cut|small,total_rel,16,1.0,1.5594759104508409,1.5594759104508409,1.5594759104508409
ZN.v.0,action_x_surprise,cut|small,total_rel,17,1.0,1.5041782729805013,1.5041782729805013,1.5041782729805013
ZN.v.0,action_x_surprise,cut|small,total_rel,18,1.0,1.3316826575879501,1.3316826575879501,1.3316826575879501
ZN.v.0,action_x_surprise,cut|small,total_rel,19,1.0,1.3601568141958114,1.3601568141958114,1.3601568141958114
ZN.v.0,action_x_surprise,cut|small,total_rel,20,1.0,1.36572784483648,1.36572784483648,1.36572784483648
ZN.v.0,action_x_surprise,cut|small,total_rel,21,1.0,1.4319612091199836,1.4319612091199836,1.4319612091199836
ZN.v.0,action_x_surprise,cut|small,total_rel,22,1.0,1.5194470236252966,1.5194470236252966,1.5194470236252966
ZN.v.0,action_x_surprise,cut|small,total_rel,23,1.0,1.349633756318993,1.349633756318993,1.349633756318993
ZN.v.0,action_x_surprise,cut|small,total_rel,24,1.0,1.759414010110389,1.759414010110389,1.759414010110389
ZN.v.0,action_x_surprise,cut|small,total_rel,25,1.0,1.5900134117404312,1.5900134117404312,1.5900134117404312
ZN.v.0,action_x_surprise,cut|small,total_rel,26,1.0,1.6073455070669556,1.6073455070669556,1.6073455070669556
ZN.v.0,action_x_surprise,cut|small,total_rel,27,1.0,1.3684101929227277,1.3684101929227277,1.3684101929227277
ZN.v.0,action_x_surprise,cut|small,total_rel,28,1.0,1.754668317342412,1.754668317342412,1.754668317342412
ZN.v.0,action_x_surprise,cut|small,total_rel,29,1.0,1.1998349324254616,1.1998349324254616,1.1998349324254616
ZN.v.0,action_x_surprise,cut|small,total_rel,30,1.0,1.0894459919529558,1.0894459919529558,1.0894459919529558
ZN.v.0,action_x_surprise,cut|small,total_rel,31,1.0,0.9790570514804499,0.9790570514804499,0.9790570514804499
ZN.v.0,action_x_surprise,cut|small,total_rel,32,1.0,0.9035386361291654,0.9035386361291654,0.9035386361291654
ZN.v.0,action_x_surprise,cut|small,total_rel,33,1.0,0.9365521510368306,0.9365521510368306,0.9365521510368306
ZN.v.0,action_x_surprise,cut|small,total_rel,34,1.0,1.010419890642732,1.010419890642732,1.010419890642732
ZN.v.0,action_x_surprise,cut|small,total_rel,35,1.0,0.8573197152584339,0.8573197152584339,0.8573197152584339
ZN.v.0,action_x_surprise,cut|small,total_rel,36,1.0,0.7056638811513464,0.7056638811513464,0.7056638811513464
ZN.v.0,action_x_surprise,cut|small,total_rel,37,1.0,0.6786340658206953,0.6786340658206953,0.6786340658206953
ZN.v.0,action_x_surprise,cut|small,total_rel,38,1.0,0.6212730836686269,0.6212730836686269,0.6212730836686269
ZN.v.0,action_x_surprise,cut|small,total_rel,39,1.0,0.567007118539152,0.567007118539152,0.567007118539152
ZN.v.0,action_x_surprise,hike|large,ask_rel,-5,11.0,1.7094017094017093,1.2500010480466506,1.7624982839321655
ZN.v.0,action_x_surprise,hike|large,ask_rel,-4,11.0,1.205140409328891,0.84701068042217,1.3514772964314248
ZN.v.0,action_x_surprise,hike|large,ask_rel,-3,11.0,0.5056065239551478,0.41168468271112024,0.9684362119481551
ZN.v.0,action_x_surprise,hike|large,ask_rel,-2,11.0,0.5624703087885986,0.3476860204989841,0.9790811859777377
ZN.v.0,action_x_surprise,hike|large,ask_rel,-1,11.0,0.2471042471042471,0.1506348237173034,0.3408395885460106
ZN.v.0,action_x_surprise,hike|large,ask_rel,0,11.0,0.16268560361523562,0.11047487806204784,0.28386576218509996
ZN.v.0,action_x_surprise,hike|large,ask_rel,1,11.0,0.31917631917631917,0.18865715218921408,0.5417377186443793
ZN.v.0,action_x_surprise,hike|large,ask_rel,2,11.0,0.4131697869593286,0.3015819881197819,0.7477561189793022
ZN.v.0,action_x_surprise,hike|large,ask_rel,3,11.0,0.5778200856734889,0.48509982666752266,1.2612935680204007
ZN.v.0,action_x_surprise,hike|large,ask_rel,4,11.0,0.7207207207207207,0.5792102166031106,1.2515250575990848
ZN.v.0,action_x_surprise,hike|large,ask_rel,5,11.0,0.806282722513089,0.4697426303127016,1.76338166806079
ZN.v.0,action_x_surprise,hike|large,ask_rel,6,11.0,0.7746933505487411,0.5003885459942468,1.4006997638544783
ZN.v.0,action_x_surprise,hike|large,ask_rel,7,11.0,0.8253212755830557,0.6209166750734447,1.750989471652113
ZN.v.0,action_x_surprise,hike|large,ask_rel,8,11.0,1.1621715476328278,0.8586134783681587,1.5290719102690533
ZN.v.0,action_x_surprise,hike|large,ask_rel,9,11.0,0.9425435765009683,0.612555140821174,1.5482772016854436
ZN.v.0,action_x_surprise,hike|large,ask_rel,10,11.0,0.841833440929632,0.7328937352690321,1.4807311838462445
ZN.v.0,action_x_surprise,hike|large,ask_rel,11,11.0,1.2059393156875404,0.8736039053906013,1.4627842904667228
ZN.v.0,action_x_surprise,hike|large,ask_rel,12,11.0,1.2575855390574564,0.8703861185884789,1.9414096446914337
ZN.v.0,action_x_surprise,hike|large,ask_rel,13,11.0,1.1413612565445026,0.8706108212046455,1.7916233217063895
ZN.v.0,action_x_surprise,hike|large,ask_rel,14,11.0,1.6921508664627931,0.7318391294638326,1.9872440447889335
ZN.v.0,action_x_surprise,hike|large,ask_rel,15,11.0,1.8450560652395516,0.9278040883144663,2.3901213370895764
ZN.v.0,action_x_surprise,hike|large,ask_rel,16,11.0,1.734877734877735,1.155853338052291,2.4394382694792625
ZN.v.0,action_x_surprise,hike|large,ask_rel,17,11.0,1.4435119431891543,1.0108120803581588,2.3455328792164245
ZN.v.0,action_x_surprise,hike|large,ask_rel,18,11.0,1.5907335907335907,1.3033464619671515,2.100497235922305
ZN.v.0,action_x_surprise,hike|large,ask_rel,19,11.0,1.7390417940876657,1.1592781787556135,2.775107644249347
ZN.v.0,action_x_surprise,hike|large,ask_rel,20,11.0,1.6758409785932722,1.073364001533033,2.277988653078061
ZN.v.0,action_x_surprise,hike|large,ask_rel,21,11.0,1.3789541639767593,1.0868170224191167,2.521598327107621
ZN.v.0,action_x_surprise,hike|large,ask_rel,22,11.0,1.5083655083655083,0.925811597463486,2.3614043771030335
ZN.v.0,action_x_surprise,hike|large,ask_rel,23,11.0,1.8018018018018018,1.1106432051557937,2.21704569225712
ZN.v.0,action_x_surprise,hike|large,ask_rel,24,11.0,1.8275418275418276,1.3318748529757705,2.0116741728016017
ZN.v.0,action_x_surprise,hike|large,ask_rel,25,11.0,2.34473854099419,1.0847638690570627,3.3621645133762996
ZN.v.0,action_x_surprise,hike|large,ask_rel,26,11.0,2.017094017094017,1.6825817794184483,2.868803751740394
ZN.v.0,action_x_surprise,hike|large,ask_rel,27,11.0,1.6978816992707488,1.3397780757367588,2.4337759165345374
ZN.v.0,action_x_surprise,hike|large,ask_rel,28,11.0,2.1599238457877203,1.322839322839323,2.5542705542107864
ZN.v.0,action_x_surprise,hike|large,ask_rel,29,11.0,1.5570032573289903,0.9813681813681814,2.288680532085621
ZN.v.0,action_x_surprise,hike|large,ask_rel,30,11.0,1.3506192846394258,0.9809549911687678,2.041141929060148
ZN.v.0,action_x_surprise,hike|large,ask_rel,31,11.0,1.2898619704902428,0.7853054183329413,2.022200119673087
ZN.v.0,action_x_surprise,hike|large,ask_rel,32,11.0,1.4431223227034746,0.8896865497470592,1.5359617753605144
ZN.v.0,action_x_surprise,hike|large,ask_rel,33,11.0,1.4219238337770574,0.9888779855525698,1.8308096576505242
ZN.v.0,action_x_surprise,hike|large,ask_rel,34,11.0,1.2664092664092663,0.6851466504326598,1.7601182124997126
ZN.v.0,action_x_surprise,hike|large,ask_rel,35,11.0,1.169786959328599,0.8265270916647064,1.8351103166322227
ZN.v.0,action_x_surprise,hike|large,ask_rel,36,11.0,1.4069490718705377,0.6001008813360358,1.502216702955975
ZN.v.0,action_x_surprise,hike|large,ask_rel,37,11.0,1.5158166559070367,0.7720589269282856,2.1777971081094387
ZN.v.0,action_x_surprise,hike|large,ask_rel,38,11.0,1.4026503567787971,0.5486899112853312,1.7677349892649037
ZN.v.0,action_x_surprise,hike|large,ask_rel,39,11.0,1.3950688737122352,0.5263491408529577,1.7738264816530362
ZN.v.0,action_x_surprise,hike|large,bid_rel,-5,11.0,1.533906050082252,1.366734969263831,1.87363184079602
ZN.v.0,action_x_surprise,hike|large,bid_rel,-4,11.0,1.2295081967213115,1.0798017171619496,1.352803578765835
ZN.v.0,action_x_surprise,hike|large,bid_rel,-3,11.0,0.6096256684491979,0.4961583548360282,0.7129635589886636
ZN.v.0,action_x_surprise,hike|large,bid_rel,-2,11.0,0.4742990654205608,0.22798716724218157,0.6909726999060658
ZN.v.0,action_x_surprise,hike|large,bid_rel,-1,11.0,0.20320855614973263,0.13649433989472926,0.31636742027636666
ZN.v.0,action_x_surprise,hike|large,bid_rel,0,11.0,0.17405857740585773,0.11414495615486012,0.200638365783594
ZN.v.0,action_x_surprise,hike|large,bid_rel,1,11.0,0.37154811715481173,0.30040114613180513,0.5345813403300339
ZN.v.0,action_x_surprise,hike|large,bid_rel,2,11.0,0.6587461158837506,0.4406511853340746,0.9774980119949167
ZN.v.0,action_x_surprise,hike|large,bid_rel,3,11.0,0.6185340888320234,0.3783767218791658,1.1004630262179107
ZN.v.0,action_x_surprise,hike|large,bid_rel,4,11.0,0.7977869986168742,0.48786650467169135,1.34608553081022
ZN.v.0,action_x_surprise,hike|large,bid_rel,5,11.0,0.783681592039801,0.5115553374770423,1.3555919904054896
ZN.v.0,action_x_surprise,hike|large,bid_rel,6,11.0,0.9980636237897649,0.5499187606720999,1.393913204846107
ZN.v.0,action_x_surprise,hike|large,bid_rel,7,11.0,0.9432835820895522,0.5922841407135653,1.3646553609024958
ZN.v.0,action_x_surprise,hike|large,bid_rel,8,11.0,0.9777777777777777,0.5281836069034882,1.8157253794997654
ZN.v.0,action_x_surprise,hike|large,bid_rel,9,11.0,1.2226832641770402,0.7775251136988355,1.605856684605392
ZN.v.0,action_x_surprise,hike|large,bid_rel,10,11.0,1.0666666666666667,0.6611462341946124,1.6747396233751313
ZN.v.0,action_x_surprise,hike|large,bid_rel,11,11.0,1.292050209205021,0.9267586897173918,1.9687905147940672
ZN.v.0,action_x_surprise,hike|large,bid_rel,12,11.0,1.2418410041841004,0.9036870908091359,1.9044033827311049
ZN.v.0,action_x_surprise,hike|large,bid_rel,13,11.0,1.3422459893048129,0.9445425975024473,2.0727661883068143
ZN.v.0,action_x_surprise,hike|large,bid_rel,14,11.0,1.4422735346358793,1.0957881453345995,1.9285827273886975
ZN.v.0,action_x_surprise,hike|large,bid_rel,15,11.0,1.6631016042780749,1.1232796298879435,2.04785110291327
ZN.v.0,action_x_surprise,hike|large,bid_rel,16,11.0,1.700418410041841,0.9367597081313409,2.165811965811966
ZN.v.0,action_x_surprise,hike|large,bid_rel,17,11.0,1.3456066945606695,1.2098151581549526,2.564281702114739
ZN.v.0,action_x_surprise,hike|large,bid_rel,18,11.0,1.5557399723374827,0.954787737828344,2.41294348043904
ZN.v.0,action_x_surprise,hike|large,bid_rel,19,11.0,1.681881051175657,1.3324776131075744,2.5882396189567265
ZN.v.0,action_x_surprise,hike|large,bid_rel,20,11.0,1.4295988934993085,1.118409642213457,2.218017033292344
ZN.v.0,action_x_surprise,hike|large,bid_rel,21,11.0,1.5980099502487561,1.2987967914438503,1.901294955291403
ZN.v.0,action_x_surprise,hike|large,bid_rel,22,11.0,1.9065006915629323,1.422983415820092,2.6320244929200154
ZN.v.0,action_x_surprise,hike|large,bid_rel,23,11.0,1.8823529411764706,1.1830182575451085,2.902102594464939
ZN.v.0,action_x_surprise,hike|large,bid_rel,24,11.0,1.8716577540106951,1.0919481878202986,2.643193976829883
ZN.v.0,action_x_surprise,hike|large,bid_rel,25,11.0,1.8401106500691562,1.17952382865151,2.579895707677549
ZN.v.0,action_x_surprise,hike|large,bid_rel,26,11.0,1.5294117647058822,1.1332690642601468,2.479533669491828
ZN.v.0,action_x_surprise,hike|large,bid_rel,27,11.0,2.044577114427861,1.2454832096486075,3.4728375359080754
ZN.v.0,action_x_surprise,hike|large,bid_rel,28,11.0,1.8224066390041493,1.2820403384046068,2.289225911250778
ZN.v.0,action_x_surprise,hike|large,bid_rel,29,11.0,1.6444444444444444,1.2551222260852883,2.2535154244329307
ZN.v.0,action_x_surprise,hike|large,bid_rel,30,11.0,1.310747663551402,0.9815396050880579,2.165648827889492
ZN.v.0,action_x_surprise,hike|large,bid_rel,31,11.0,1.0657193605683837,0.8378025652054901,1.7093741910192972
ZN.v.0,action_x_surprise,hike|large,bid_rel,32,11.0,1.1570149253731343,0.9178557462949204,1.8017488727968303
ZN.v.0,action_x_surprise,hike|large,bid_rel,33,11.0,1.0539303482587066,0.8886313292909405,2.0382310174841294
ZN.v.0,action_x_surprise,hike|large,bid_rel,34,11.0,1.1562189054726368,0.6953036405584014,1.9175874056868727
ZN.v.0,action_x_surprise,hike|large,bid_rel,35,11.0,0.9954228855721393,0.7388175321105502,1.8469108141771629
ZN.v.0,action_x_surprise,hike|large,bid_rel,36,11.0,1.1122994652406417,0.752827527505954,1.8843345326471437
ZN.v.0,action_x_surprise,hike|large,bid_rel,37,11.0,1.0710926694329184,0.7187613144549281,1.8497117238628054
ZN.v.0,action_x_surprise,hike|large,bid_rel,38,11.0,1.2843781094527362,0.7966739704477779,2.0706077029345233
ZN.v.0,action_x_surprise,hike|large,bid_rel,39,11.0,1.1008955223880597,0.7271573431306493,2.0131286909262043
ZN.v.0,action_x_surprise,hike|large,bid_share,-5,11.0,0.412751677852349,0.3738953870416612,0.5923937591604589
ZN.v.0,action_x_surprise,hike|large,bid_share,-4,11.0,0.5041322314049587,0.46137442841437015,0.5452840324043586
ZN.v.0,action_x_surprise,hike|large,bid_share,-3,11.0,0.4652555290853163,0.4192565757993899,0.5362197275796655
ZN.v.0,action_x_surprise,hike|large,bid_share,-2,11.0,0.39440461608481964,0.30995894674997093,0.45860200130316003
ZN.v.0,action_x_surprise,hike|large,bid_share,-1,11.0,0.5071687330986274,0.35076045901138886,0.5287740003248043
ZN.v.0,action_x_surprise,hike|large,bid_share,0,11.0,0.4792948986497374,0.45876339526026044,0.5179450369155045
ZN.v.0,action_x_surprise,hike|large,bid_share,1,11.0,0.5269893505187623,0.49904580152671757,0.5489245207528789
ZN.v.0,action_x_surprise,hike|large,bid_share,2,11.0,0.521279761904762,0.5034069939655492,0.5768648616258031
ZN.v.0,action_x_surprise,hike|large,bid_share,3,11.0,0.49810376213592233,0.47944013680033415,0.5333961013642236
ZN.v.0,action_x_surprise,hike|large,bid_share,4,11.0,0.5043372837232033,0.47324341873501385,0.5357634790447859
ZN.v.0,action_x_surprise,hike|large,bid_share,5,11.0,0.4909874298363507,0.4223339856766682,0.5240948290565918
ZN.v.0,action_x_surprise,hike|large,bid_share,6,11.0,0.5252896911312752,0.4736634031482067,0.5390754673605125
ZN.v.0,action_x_surprise,hike|large,bid_share,7,11.0,0.4895207884898607,0.4100019728162666,0.5654144578391592
ZN.v.0,action_x_surprise,hike|large,bid_share,8,11.0,0.5109791949344188,0.47565836240535864,0.5737040533094293
ZN.v.0,action_x_surprise,hike|large,bid_share,9,11.0,0.5026489748994061,0.45544326786915756,0.5565241730756916
ZN.v.0,action_x_surprise,hike|large,bid_share,10,11.0,0.5445273522009801,0.44272405901962975,0.5606449874003065
ZN.v.0,action_x_surprise,hike|large,bid_share,11,11.0,0.5268251049302309,0.49619131030193553,0.5669533742529871
ZN.v.0,action_x_surprise,hike|large,bid_share,12,11.0,0.49611801242236025,0.454461505434283,0.5234494176710129
ZN.v.0,action_x_surprise,hike|large,bid_share,13,11.0,0.5043101716031025,0.48083814130324865,0.5605798714079082
ZN.v.0,action_x_surprise,hike|large,bid_share,14,11.0,0.5002235882805778,0.4532044365221386,0.5648703580567771
ZN.v.0,action_x_surprise,hike|large,bid_share,15,11.0,0.46102280229546494,0.4459154525373856,0.5579376543276635
ZN.v.0,action_x_surprise,hike|large,bid_share,16,11.0,0.5023902651021295,0.38262142963418766,0.5595674106054146
ZN.v.0,action_x_surprise,hike|large,bid_share,17,11.0,0.5200301849390669,0.44879740206782864,0.5999022849685269
ZN.v.0,action_x_surprise,hike|large,bid_share,18,11.0,0.4572018013075481,0.4027653642647088,0.5080544533720353
ZN.v.0,action_x_surprise,hike|large,bid_share,19,11.0,0.4524367586241631,0.4246646887118247,0.5407454565539351
ZN.v.0,action_x_surprise,hike|large,bid_share,20,11.0,0.474321377547184,0.4472686602783147,0.5316885824391684
ZN.v.0,action_x_surprise,hike|large,bid_share,21,11.0,0.5057143946259046,0.4322260227801754,0.5174820793124878
ZN.v.0,action_x_surprise,hike|large,bid_share,22,11.0,0.5718109564638938,0.42465330274684465,0.6321479870153964
ZN.v.0,action_x_surprise,hike|large,bid_share,23,11.0,0.5272726756120676,0.4117109512918102,0.6046748720200505
ZN.v.0,action_x_surprise,hike|large,bid_share,24,11.0,0.45568443392899505,0.4151732159561595,0.5714834609257524
ZN.v.0,action_x_surprise,hike|large,bid_share,25,11.0,0.47352941176470587,0.39791079568574866,0.5117088654174452
ZN.v.0,action_x_surprise,hike|large,bid_share,26,11.0,0.43275523810147326,0.3486594579618598,0.5468408659296771
ZN.v.0,action_x_surprise,hike|large,bid_share,27,11.0,0.5211809392265193,0.42317858881473625,0.5982267481111672
ZN.v.0,action_x_surprise,hike|large,bid_share,28,11.0,0.4561057797963519,0.4185393881344579,0.5381186627431496
ZN.v.0,action_x_surprise,hike|large,bid_share,29,11.0,0.49269833741226554,0.4103380086908591,0.5829400613519669
ZN.v.0,action_x_surprise,hike|large,bid_share,30,11.0,0.5048596967873051,0.4188503012794095,0.5573123854238029
ZN.v.0,action_x_surprise,hike|large,bid_share,31,11.0,0.48004936240230356,0.41224924988595163,0.5479430992228902
ZN.v.0,action_x_surprise,hike|large,bid_share,32,11.0,0.5006082725060828,0.4843151725392454,0.5309104522794503
ZN.v.0,action_x_surprise,hike|large,bid_share,33,11.0,0.4616504381694255,0.4430476082558151,0.5129800910496989
ZN.v.0,action_x_surprise,hike|large,bid_share,34,11.0,0.517416648894576,0.48833921520165047,0.5496744263963016
ZN.v.0,action_x_surprise,hike|large,bid_share,35,11.0,0.4199171199171199,0.37616433152864914,0.50453978201353
ZN.v.0,action_x_surprise,hike|large,bid_share,36,11.0,0.5353930712858095,0.4609524949275564,0.5988039687245383
ZN.v.0,action_x_surprise,hike|large,bid_share,37,11.0,0.4834177700200094,0.3874587705704712,0.5291930962176027
ZN.v.0,action_x_surprise,hike|large,bid_share,38,11.0,0.5390947318311647,0.47620688451882803,0.5762185154427887
ZN.v.0,action_x_surprise,hike|large,bid_share,39,11.0,0.47881435842844955,0.42877680111722666,0.5053501611183299
ZN.v.0,action_x_surprise,hike|large,total_rel,-5,11.0,1.6112852664576802,1.4093051089569872,1.7237486685795096
ZN.v.0,action_x_surprise,hike|large,total_rel,-4,11.0,1.2130760141788106,1.0289234674066428,1.2504771676217254
ZN.v.0,action_x_surprise,hike|large,total_rel,-3,11.0,0.6017910447761194,0.4793397244520894,0.7182453687015862
ZN.v.0,action_x_surprise,hike|large,total_rel,-2,11.0,0.6588235294117647,0.3941866404195204,0.8560024923446485
ZN.v.0,action_x_surprise,hike|large,total_rel,-1,11.0,0.23378291586384073,0.17926048318680432,0.3067649353135359
ZN.v.0,action_x_surprise,hike|large,total_rel,0,11.0,0.1755485893416928,0.1354893334133539,0.2895341441578614
ZN.v.0,action_x_surprise,hike|large,total_rel,1,11.0,0.31283582089552237,0.24311300245284204,0.5597505421966302
ZN.v.0,action_x_surprise,hike|large,total_rel,2,11.0,0.5765542839467986,0.3798966694961134,0.7862229967136728
ZN.v.0,action_x_surprise,hike|large,total_rel,3,11.0,0.6421997500284059,0.41723014990005125,0.9475750314900226
ZN.v.0,action_x_surprise,hike|large,total_rel,4,11.0,0.753052382827885,0.6345968614570247,1.1204807518666837
ZN.v.0,action_x_surprise,hike|large,total_rel,5,11.0,0.7860477890689371,0.5202077456823522,1.247526908989752
ZN.v.0,action_x_surprise,hike|large,total_rel,6,11.0,0.8711892337269981,0.5555692000867916,1.2412754820181093
ZN.v.0,action_x_surprise,hike|large,total_rel,7,11.0,0.9405277668373375,0.5960092516077207,1.3962267040757337
ZN.v.0,action_x_surprise,hike|large,total_rel,8,11.0,0.9988184324537219,0.7252039172443194,1.481606713970591
ZN.v.0,action_x_surprise,hike|large,total_rel,9,11.0,0.9113560134163872,0.7456245527697116,1.4438876459963406
ZN.v.0,action_x_surprise,hike|large,total_rel,10,11.0,0.9976042165788213,0.7898258228221704,1.5346334254550014
ZN.v.0,action_x_surprise,hike|large,total_rel,11,11.0,1.0340201245807379,0.9304620293011348,1.6071246066196334
ZN.v.0,action_x_surprise,hike|large,total_rel,12,11.0,0.9777533644603131,0.9439946905941676,1.747732250431787
ZN.v.0,action_x_surprise,hike|large,total_rel,13,11.0,1.2107462686567165,0.9277390660879588,1.6983596549123976
ZN.v.0,action_x_surprise,hike|large,total_rel,14,11.0,1.2248685431487782,0.8795167662812908,1.77600418732696
ZN.v.0,action_x_surprise,hike|large,total_rel,15,11.0,1.528358208955224,0.9714024656894993,2.133605410764488
ZN.v.0,action_x_surprise,hike|large,total_rel,16,11.0,1.3378054623862004,1.1011793025854946,2.1917929824518083
ZN.v.0,action_x_surprise,hike|large,total_rel,17,11.0,1.5577383804504072,1.004367792891291,2.0026446370785034
ZN.v.0,action_x_surprise,hike|large,total_rel,18,11.0,1.5687589841878293,0.991470613319675,2.1145782094439967
ZN.v.0,action_x_surprise,hike|large,total_rel,19,11.0,1.51126018207954,1.0073155395898903,2.4705319892759405
ZN.v.0,action_x_surprise,hike|large,total_rel,20,11.0,1.2394029850746269,1.0426946506835462,2.123831859357657
ZN.v.0,action_x_surprise,hike|large,total_rel,21,11.0,1.3994029850746268,1.037811065746126,2.121386533804402
ZN.v.0,action_x_surprise,hike|large,total_rel,22,11.0,1.422686075254051,1.1938579080555152,2.211638104675338
ZN.v.0,action_x_surprise,hike|large,total_rel,23,11.0,1.604776119402985,1.198572577539395,2.3346775213275492
ZN.v.0,action_x_surprise,hike|large,total_rel,24,11.0,1.5570149253731342,1.187527569016171,2.294389344409037
ZN.v.0,action_x_surprise,hike|large,total_rel,25,11.0,2.0022724690376092,1.282914182233859,2.3601064768915263
ZN.v.0,action_x_surprise,hike|large,total_rel,26,11.0,1.5615716339242933,1.3004118107621738,2.5875637855103024
ZN.v.0,action_x_surprise,hike|large,total_rel,27,11.0,2.04135893648449,1.2852964385788337,2.558649951045817
ZN.v.0,action_x_surprise,hike|large,total_rel,28,11.0,1.8505031145184476,1.1946317996792895,2.322472871480762
ZN.v.0,action_x_surprise,hike|large,total_rel,29,11.0,1.5764254911356013,0.9500651398128441,1.7314228453129252
ZN.v.0,action_x_surprise,hike|large,total_rel,30,11.0,1.2878082036132257,1.02538909503436,1.806004387973939
ZN.v.0,action_x_surprise,hike|large,total_rel,31,11.0,1.4052776683733754,0.7858049169127544,1.5555063214134972
ZN.v.0,action_x_surprise,hike|large,total_rel,32,11.0,1.3200772639472786,0.7747975864568282,1.4683730049472739
ZN.v.0,action_x_surprise,hike|large,total_rel,33,11.0,1.2918986478809227,0.8604493769937815,1.815151485414029
ZN.v.0,action_x_surprise,hike|large,total_rel,34,11.0,1.2157709351210089,0.6898651189430446,1.7150234396240047
ZN.v.0,action_x_surprise,hike|large,total_rel,35,11.0,1.2414498352459948,0.7332656028647146,1.6391882575069132
ZN.v.0,action_x_surprise,hike|large,total_rel,36,11.0,1.180547665038064,0.7245596945676812,1.5903078125443706
ZN.v.0,action_x_surprise,hike|large,total_rel,37,11.0,1.337313432835821,0.8151300874249545,1.5880409807627962
ZN.v.0,action_x_surprise,hike|large,total_rel,38,11.0,1.1935007385524372,0.6467453638088555,1.795483251249165
ZN.v.0,action_x_surprise,hike|large,total_rel,39,11.0,1.2878082036132257,0.5992145694704012,1.5541533272176615
ZN.v.0,action_x_surprise,hike|medium,ask_rel,-5,6.0,1.506083174299674,1.42430637093272,1.7460345032572324
ZN.v.0,action_x_surprise,hike|medium,ask_rel,-4,6.0,0.9971500072000108,0.8250616980562928,1.2336250099813302
ZN.v.0,action_x_surprise,hike|medium,ask_rel,-3,6.0,0.6129720726884413,0.4392794589328264,0.9952754336673253
ZN.v.0,action_x_surprise,hike|medium,ask_rel,-2,6.0,0.6251522378459714,0.46909526541088425,0.8101836810190919
ZN.v.0,action_x_surprise,hike|medium,ask_rel,-1,6.0,0.1514004281515337,0.13208441622139278,0.1730744556579023
ZN.v.0,action_x_surprise,hike|medium,ask_rel,0,6.0,0.16360859237524458,0.10979375305900696,0.20183651626077573
ZN.v.0,action_x_surprise,hike|medium,ask_rel,1,6.0,0.540815654419116,0.319746210921399,0.7586502480151219
ZN.v.0,action_x_surprise,hike|medium,ask_rel,2,6.0,0.47298797339253495,0.29901926589286193,0.8541623641067886
ZN.v.0,action_x_surprise,hike|medium,ask_rel,3,6.0,0.7024320649571996,0.4743301314401612,0.8903676803304366
ZN.v.0,action_x_surprise,hike|medium,ask_rel,4,6.0,0.7816505869345487,0.3264720931676443,1.2228583403914652
ZN.v.0,action_x_surprise,hike|medium,ask_rel,5,6.0,0.9130360772265017,0.4244115216601992,1.451075833343002
ZN.v.0,action_x_surprise,hike|medium,ask_rel,6,6.0,0.7438976025825381,0.5262154340733726,1.1205388738702156
ZN.v.0,action_x_surprise,hike|medium,ask_rel,7,6.0,1.0616982435024012,0.6088029011500469,1.223144832340719
ZN.v.0,action_x_surprise,hike|medium,ask_rel,8,6.0,0.8779950784197322,0.35558788830926497,1.3481159138637182
ZN.v.0,action_x_surprise,hike|medium,ask_rel,9,6.0,0.890384725866064,0.576794236306966,1.794004230132051
ZN.v.0,action_x_surprise,hike|medium,ask_rel,10,6.0,0.862194014513477,0.6979440000063413,1.4509779327049215
ZN.v.0,action_x_surprise,hike|medium,ask_rel,11,6.0,1.1095556501933526,0.6961818885739124,1.4350778521621088
ZN.v.0,action_x_surprise,hike|medium,ask_rel,12,6.0,0.9476574618433904,0.6563175286272317,1.6363716657578113
ZN.v.0,action_x_surprise,hike|medium,ask_rel,13,6.0,1.0554439377974134,0.6661617150436241,1.6721809047558271
ZN.v.0,action_x_surprise,hike|medium,ask_rel,14,6.0,1.54506472015196,0.8258641394104702,1.8693485190851775
ZN.v.0,action_x_surprise,hike|medium,ask_rel,15,6.0,1.1336547638512344,0.7076533595721137,1.6531517943124991
ZN.v.0,action_x_surprise,hike|medium,ask_rel,16,6.0,1.3148855094148104,0.9953979683463955,1.6309794463330587
ZN.v.0,action_x_surprise,hike|medium,ask_rel,17,6.0,1.1764131119178138,0.9214254424427283,1.4236951333875811
ZN.v.0,action_x_surprise,hike|medium,ask_rel,18,6.0,1.4554169154077516,1.1788737423703766,2.1552602420262446
ZN.v.0,action_x_surprise,hike|medium,ask_rel,19,6.0,1.3550968038453437,1.10046384466873,1.7679448653540475
ZN.v.0,action_x_surprise,hike|medium,ask_rel,20,6.0,1.5472400196204434,1.423465841425505,2.1625601874949236
ZN.v.0,action_x_surprise,hike|medium,ask_rel,21,6.0,1.7098709651661084,1.3749277924085974,2.3823044167082172
ZN.v.0,action_x_surprise,hike|medium,ask_rel,22,6.0,1.6450781585681638,1.217462378232088,2.654238069823295
ZN.v.0,action_x_surprise,hike|medium,ask_rel,23,6.0,1.3744790509314,1.2815031109989448,1.8915097919730268
ZN.v.0,action_x_surprise,hike|medium,ask_rel,24,6.0,1.439708678243742,0.9726279943048504,1.9897903154694914
ZN.v.0,action_x_surprise,hike|medium,ask_rel,25,6.0,1.473795267709626,1.226251116939193,1.515582759980972
ZN.v.0,action_x_surprise,hike|medium,ask_rel,26,6.0,1.5317978130565502,1.2641915600854596,1.8606968406641218
ZN.v.0,action_x_surprise,hike|medium,ask_rel,27,6.0,1.3742163229920417,1.0433191860863342,1.8161364849342725
ZN.v.0,action_x_surprise,hike|medium,ask_rel,28,6.0,1.5990264585788776,1.162763682727009,2.032273259928761
ZN.v.0,action_x_surprise,hike|medium,ask_rel,29,6.0,0.9890197445001113,0.7535817606416736,1.581269602560597
ZN.v.0,action_x_surprise,hike|medium,ask_rel,30,6.0,1.399930086541025,0.7306753608171453,1.8218496559885833
ZN.v.0,action_x_surprise,hike|medium,ask_rel,31,6.0,1.2226468876224377,0.7993104257331742,1.9222633607301045
ZN.v.0,action_x_surprise,hike|medium,ask_rel,32,6.0,1.0951803310135417,0.7373863047040425,1.4792322686189654
ZN.v.0,action_x_surprise,hike|medium,ask_rel,33,6.0,1.0502592161713054,0.6133006924568385,1.4507003503927416
ZN.v.0,action_x_surprise,hike|medium,ask_rel,34,6.0,1.0226851936318422,0.6194799606107084,1.980294500828334
ZN.v.0,action_x_surprise,hike|medium,ask_rel,35,6.0,1.0236638435911565,0.680413759823882,1.336817343280465
ZN.v.0,action_x_surprise,hike|medium,ask_rel,36,6.0,1.0659429769341071,0.5877322112560396,1.8027686247665016
ZN.v.0,action_x_surprise,hike|medium,ask_rel,37,6.0,1.1474140871656486,0.7653198264812742,1.4136908422188448
ZN.v.0,action_x_surprise,hike|medium,ask_rel,38,6.0,1.2038676195306715,0.6327910919536995,1.7247611354117114
ZN.v.0,action_x_surprise,hike|medium,ask_rel,39,6.0,1.1273389368028306,0.6295547684287327,1.5399238881991901
ZN.v.0,action_x_surprise,hike|medium,bid_rel,-5,6.0,1.5949695395109282,1.4196089424626812,1.8325639615100742
ZN.v.0,action_x_surprise,hike|medium,bid_rel,-4,6.0,0.8543450329639302,0.7560698667714449,1.1568305037522209
ZN.v.0,action_x_surprise,hike|medium,bid_rel,-3,6.0,0.8593638147920437,0.5626715450171231,1.1579965025382064
ZN.v.0,action_x_surprise,hike|medium,bid_rel,-2,6.0,0.4507647120784012,0.24778360898340618,0.7693388778532084
ZN.v.0,action_x_surprise,hike|medium,bid_rel,-1,6.0,0.2452277047898383,0.15448163518597527,0.27752258978187583
ZN.v.0,action_x_surprise,hike|medium,bid_rel,0,6.0,0.19532176815123758,0.1424840657280637,0.22470199635906107
ZN.v.0,action_x_surprise,hike|medium,bid_rel,1,6.0,0.5917775433115462,0.579117767594352,0.6433787198128276
ZN.v.0,action_x_surprise,hike|medium,bid_rel,2,6.0,0.7591916968916761,0.683861459100958,0.8491942376915766
ZN.v.0,action_x_surprise,hike|medium,bid_rel,3,6.0,0.7078657330647629,0.5791717190062338,0.9380960784659761
ZN.v.0,action_x_surprise,hike|medium,bid_rel,4,6.0,0.863022108941365,0.4899110792700915,0.9977390756244948
ZN.v.0,action_x_surprise,hike|medium,bid_rel,5,6.0,0.8908272482230776,0.8413574059818241,0.9857887169232391
ZN.v.0,action_x_surprise,hike|medium,bid_rel,6,6.0,0.8997358010268193,0.8895019951177039,0.9338290400192949
ZN.v.0,action_x_surprise,hike|medium,bid_rel,7,6.0,0.8375995617177294,0.7289454927411186,0.9846221584198831
ZN.v.0,action_x_surprise,hike|medium,bid_rel,8,6.0,1.2645464220300817,1.1572056600447633,2.6051748952071025
ZN.v.0,action_x_surprise,hike|medium,bid_rel,9,6.0,1.2594187622590025,0.9974039432286186,1.41204402534222
ZN.v.0,action_x_surprise,hike|medium,bid_rel,10,6.0,1.3469072678617868,0.954672903760518,1.6359570997468236
ZN.v.0,action_x_surprise,hike|medium,bid_rel,11,6.0,1.0557865842332292,0.8222245634736679,1.1931872205633338
ZN.v.0,action_x_surprise,hike|medium,bid_rel,12,6.0,1.2354942114620342,0.9695625121020306,1.393556770967894
ZN.v.0,action_x_surprise,hike|medium,bid_rel,13,6.0,1.39204196424279,1.0950262458464142,1.5538274631618394
ZN.v.0,action_x_surprise,hike|medium,bid_rel,14,6.0,1.6145522243338633,1.2409967363169148,1.7408316115110223
ZN.v.0,action_x_surprise,hike|medium,bid_rel,15,6.0,1.562302691672854,1.279321589536392,2.2598199792339977
ZN.v.0,action_x_surprise,hike|medium,bid_rel,16,6.0,1.9468254379362986,1.4487696552210974,2.2598728107514208
ZN.v.0,action_x_surprise,hike|medium,bid_rel,17,6.0,2.022907776653431,1.939076903166601,2.1246770457962763
ZN.v.0,action_x_surprise,hike|medium,bid_rel,18,6.0,1.8970807355519483,1.399949663093917,2.105379513633014
ZN.v.0,action_x_surprise,hike|medium,bid_rel,19,6.0,1.6149970719979665,1.5056185582890336,1.804738645725177
ZN.v.0,action_x_surprise,hike|medium,bid_rel,20,6.0,1.6778856699960514,1.4652976187400866,2.023969282085095
ZN.v.0,action_x_surprise,hike|medium,bid_rel,21,6.0,1.5239790747283677,1.2755650610364253,1.6191507145891284
ZN.v.0,action_x_surprise,hike|medium,bid_rel,22,6.0,1.753691701265661,1.593525223587638,2.2004532248838924
ZN.v.0,action_x_surprise,hike|medium,bid_rel,23,6.0,2.090760223359636,1.4530500906966557,2.4950201188942973
ZN.v.0,action_x_surprise,hike|medium,bid_rel,24,6.0,2.415700398451696,1.9293203532043077,2.7387093130324947
ZN.v.0,action_x_surprise,hike|medium,bid_rel,25,6.0,2.016706018506559,1.9224748102543103,2.1381219254854136
ZN.v.0,action_x_surprise,hike|medium,bid_rel,26,6.0,1.7593865417456764,1.1095060644072383,2.4345483496200573
ZN.v.0,action_x_surprise,hike|medium,bid_rel,27,6.0,1.5480938212780506,1.3386339836326262,2.2850709280317707
ZN.v.0,action_x_surprise,hike|medium,bid_rel,28,6.0,1.7669217591376873,1.4100448987608307,2.304605475718881
ZN.v.0,action_x_surprise,hike|medium,bid_rel,29,6.0,1.7221826245347271,1.5094959210849526,1.9670225368864167
ZN.v.0,action_x_surprise,hike|medium,bid_rel,30,6.0,1.566536089671489,1.5093812608765593,1.7253428082332802
ZN.v.0,action_x_surprise,hike|medium,bid_rel,31,6.0,1.4539624780649651,1.37434226686835,1.6462081091585072
ZN.v.0,action_x_surprise,hike|medium,bid_rel,32,6.0,1.2895761909239134,1.1689992554820403,1.4407167513477872
ZN.v.0,action_x_surprise,hike|medium,bid_rel,33,6.0,1.2846034622426379,0.9733790974278076,1.6011580736076172
ZN.v.0,action_x_surprise,hike|medium,bid_rel,34,6.0,1.4590602652783669,0.9585165084638929,1.9455097138522484
ZN.v.0,action_x_surprise,hike|medium,bid_rel,35,6.0,1.470367248701776,1.3970245833651973,1.8359676745814708
ZN.v.0,action_x_surprise,hike|medium,bid_rel,36,6.0,1.3535531630215951,1.1922195736632495,1.4444420260442097
ZN.v.0,action_x_surprise,hike|medium,bid_rel,37,6.0,1.0753080194960503,1.0515686936514488,1.4189859861627403
ZN.v.0,action_x_surprise,hike|medium,bid_rel,38,6.0,1.4061021249142005,1.2733813924214195,1.5855972670543816
ZN.v.0,action_x_surprise,hike|medium,bid_rel,39,6.0,1.4528524005206123,1.3149923097122707,1.6861291100417997
ZN.v.0,action_x_surprise,hike|medium,bid_share,-5,6.0,0.40490512748093566,0.3450910919200284,0.5476137608685588
ZN.v.0,action_x_surprise,hike|medium,bid_share,-4,6.0,0.41046011075538635,0.265292965755175,0.5548360840020803
ZN.v.0,action_x_surprise,hike|medium,bid_share,-3,6.0,0.49650713778345634,0.3794618071576995,0.5755912129042884
ZN.v.0,action_x_surprise,hike|medium,bid_share,-2,6.0,0.24813577160039177,0.23171600228946448,0.44763674954483246
ZN.v.0,action_x_surprise,hike|medium,bid_share,-1,6.0,0.49104246142660224,0.46280257711141404,0.5189481359251193
ZN.v.0,action_x_surprise,hike|medium,bid_share,0,6.0,0.5078457509237079,0.44475062263926757,0.5337997152893154
ZN.v.0,action_x_surprise,hike|medium,bid_share,1,6.0,0.47352315643013315,0.4699784635800478,0.5331118649445667
ZN.v.0,action_x_surprise,hike|medium,bid_share,2,6.0,0.4935799258217366,0.4858694578870643,0.5281208370135521
ZN.v.0,action_x_surprise,hike|medium,bid_share,3,6.0,0.4159331654739818,0.3828035644339992,0.42687332631687913
ZN.v.0,action_x_surprise,hike|medium,bid_share,4,6.0,0.47373604383921053,0.38163949497942423,0.5832830663750155
ZN.v.0,action_x_surprise,hike|medium,bid_share,5,6.0,0.4832483341305893,0.43378341683634425,0.5569375258871508
ZN.v.0,action_x_surprise,hike|medium,bid_share,6,6.0,0.4709438397585815,0.4295445861095998,0.506902595639255
ZN.v.0,action_x_surprise,hike|medium,bid_share,7,6.0,0.3913254511288935,0.3705848641395172,0.49278115377990916
ZN.v.0,action_x_surprise,hike|medium,bid_share,8,6.0,0.6187145712952297,0.5618983728065049,0.6439445588323803
ZN.v.0,action_x_surprise,hike|medium,bid_share,9,6.0,0.5256697953387759,0.45764414849708224,0.5279971234738254
ZN.v.0,action_x_surprise,hike|medium,bid_share,10,6.0,0.4804695788862977,0.3864599634369821,0.6774937561895482
ZN.v.0,action_x_surprise,hike|medium,bid_share,11,6.0,0.42715000522496127,0.4031893879338966,0.4619500518607094
ZN.v.0,action_x_surprise,hike|medium,bid_share,12,6.0,0.4392739345828588,0.390617529667139,0.5250844031729728
ZN.v.0,action_x_surprise,hike|medium,bid_share,13,6.0,0.47106900056429457,0.3622386041704373,0.6038293241042818
ZN.v.0,action_x_surprise,hike|medium,bid_share,14,6.0,0.5082475884709065,0.41297210307742127,0.52931783179593
ZN.v.0,action_x_surprise,hike|medium,bid_share,15,6.0,0.5054325663665036,0.4372569059814025,0.5786124780724673
ZN.v.0,action_x_surprise,hike|medium,bid_share,16,6.0,0.4614104552172724,0.437440996868814,0.5730204811239855
ZN.v.0,action_x_surprise,hike|medium,bid_share,17,6.0,0.5221251167320445,0.4715258349007191,0.6009787292684844
ZN.v.0,action_x_surprise,hike|medium,bid_share,18,6.0,0.4576253968118123,0.4044668028427345,0.4755021880109399
ZN.v.0,action_x_surprise,hike|medium,bid_share,19,6.0,0.4519616087808427,0.3913380847831107,0.47993779110058177
ZN.v.0,action_x_surprise,hike|medium,bid_share,20,6.0,0.44966358152603136,0.3779288231908062,0.506273012137685
ZN.v.0,action_x_surprise,hike|medium,bid_share,21,6.0,0.41184400659291276,0.3189028522328782,0.46436239651152145
ZN.v.0,action_x_surprise,hike|medium,bid_share,22,6.0,0.39255359542068224,0.337266897066689,0.5578904043741442
ZN.v.0,action_x_surprise,hike|medium,bid_share,23,6.0,0.46019256768369343,0.39830223092615336,0.5482490856108851
ZN.v.0,action_x_surprise,hike|medium,bid_share,24,6.0,0.4787347617071591,0.44697055936988916,0.5696908087046415
ZN.v.0,action_x_surprise,hike|medium,bid_share,25,6.0,0.49316721818943043,0.44487016589271977,0.5560309919979635
ZN.v.0,action_x_surprise,hike|medium,bid_share,26,6.0,0.44212101463197634,0.301225071893531,0.4878361034971463
ZN.v.0,action_x_surprise,hike|medium,bid_share,27,6.0,0.4915091705596276,0.34397341174682894,0.5619707042090429
ZN.v.0,action_x_surprise,hike|medium,bid_share,28,6.0,0.4472931185867876,0.40964742130692405,0.5096431805971146
ZN.v.0,action_x_surprise,hike|medium,bid_share,29,6.0,0.5575774321421241,0.5019474470677777,0.6277160784372963
ZN.v.0,action_x_surprise,hike|medium,bid_share,30,6.0,0.5097581407682499,0.466990501772674,0.5441374993135412
ZN.v.0,action_x_surprise,hike|medium,bid_share,31,6.0,0.4846119062821269,0.4293777165601682,0.52557105788106
ZN.v.0,action_x_surprise,hike|medium,bid_share,32,6.0,0.461371748878938,0.43167797495819277,0.5312447953327915
ZN.v.0,action_x_surprise,hike|medium,bid_share,33,6.0,0.462392245466516,0.4168654699876028,0.5360566892061979
ZN.v.0,action_x_surprise,hike|medium,bid_share,34,6.0,0.5328946603909646,0.3992356585439341,0.5618953940414134
ZN.v.0,action_x_surprise,hike|medium,bid_share,35,6.0,0.5392754858356101,0.5276448859789293,0.5943510550128557
ZN.v.0,action_x_surprise,hike|medium,bid_share,36,6.0,0.4942859628852156,0.4707264287813592,0.5368489838589898
ZN.v.0,action_x_surprise,hike|medium,bid_share,37,6.0,0.4445037818443607,0.39216229074396725,0.5018191346788127
ZN.v.0,action_x_surprise,hike|medium,bid_share,38,6.0,0.4580527164442846,0.4308676121322125,0.523881838599473
ZN.v.0,action_x_surprise,hike|medium,bid_share,39,6.0,0.510994860354496,0.4559163647927143,0.548079672728252
ZN.v.0,action_x_surprise,hike|medium,total_rel,-5,6.0,1.6110740522617606,1.5347285382290805,1.79265131611082
ZN.v.0,action_x_surprise,hike|medium,total_rel,-4,6.0,1.1019229765075442,0.8985175353379948,1.1675103139474663
ZN.v.0,action_x_surprise,hike|medium,total_rel,-3,6.0,0.7455459841799791,0.7011667006691393,0.8433478954825746
ZN.v.0,action_x_surprise,hike|medium,total_rel,-2,6.0,0.5932257470817988,0.5254616771778782,0.7301899840714612
ZN.v.0,action_x_surprise,hike|medium,total_rel,-1,6.0,0.21649824623678407,0.1906817974106516,0.30154844163852357
ZN.v.0,action_x_surprise,hike|medium,total_rel,0,6.0,0.2205248781783355,0.18446941444975107,0.2368133663383918
ZN.v.0,action_x_surprise,hike|medium,total_rel,1,6.0,0.5449912285060816,0.3640884955568772,0.6484102574770004
ZN.v.0,action_x_surprise,hike|medium,total_rel,2,6.0,0.5516281028559449,0.4213474533588761,0.8096372391220036
ZN.v.0,action_x_surprise,hike|medium,total_rel,3,6.0,0.632306742128101,0.5248230434159561,0.9366781819076605
ZN.v.0,action_x_surprise,hike|medium,total_rel,4,6.0,0.7472329392250935,0.4829414229371866,0.9644526336991524
ZN.v.0,action_x_surprise,hike|medium,total_rel,5,6.0,0.8712473288655851,0.6293349553153964,1.0941126787217321
ZN.v.0,action_x_surprise,hike|medium,total_rel,6,6.0,0.8060094651121712,0.6949006313156288,1.0962433801333948
ZN.v.0,action_x_surprise,hike|medium,total_rel,7,6.0,0.9453921782745066,0.6828751641435851,1.1369438406718717
ZN.v.0,action_x_surprise,hike|medium,total_rel,8,6.0,0.9621333918517185,0.6391057754131987,1.3605687180170478
ZN.v.0,action_x_surprise,hike|medium,total_rel,9,6.0,1.1330731255707942,0.8682402704903693,1.4491865469041014
ZN.v.0,action_x_surprise,hike|medium,total_rel,10,6.0,1.1489423746745984,0.9350392240511418,1.2784463151144259
ZN.v.0,action_x_surprise,hike|medium,total_rel,11,6.0,1.0457681006818331,0.9134938017533129,1.2998229715612952
ZN.v.0,action_x_surprise,hike|medium,total_rel,12,6.0,1.2246745667440826,0.8871288116247705,1.4590511650042606
ZN.v.0,action_x_surprise,hike|medium,total_rel,13,6.0,1.2115055175393417,0.9845556534253025,1.3485899495233664
ZN.v.0,action_x_surprise,hike|medium,total_rel,14,6.0,1.3196984361469104,1.0027757943428581,1.5968995099469256
ZN.v.0,action_x_surprise,hike|medium,total_rel,15,6.0,1.536327495376109,1.0947252229794047,1.7449466923320063
ZN.v.0,action_x_surprise,hike|medium,total_rel,16,6.0,1.5655978403738045,1.2169153735951934,1.837751264810959
ZN.v.0,action_x_surprise,hike|medium,total_rel,17,6.0,1.5446917610169597,1.3438561685818002,1.8862958384745694
ZN.v.0,action_x_surprise,hike|medium,total_rel,18,6.0,1.7532268636853932,1.4972991336969483,1.97848188126972
ZN.v.0,action_x_surprise,hike|medium,total_rel,19,6.0,1.5631698625276318,1.4540204149247653,1.6601970218662958
ZN.v.0,action_x_surprise,hike|medium,total_rel,20,6.0,1.5695762533202913,1.4508186762230855,1.7123142641010123
ZN.v.0,action_x_surprise,hike|medium,total_rel,21,6.0,1.5960399667008227,1.4239098262095182,1.9075172589092604
ZN.v.0,action_x_surprise,hike|medium,total_rel,22,6.0,1.7529144957134326,1.421069221682739,1.9790899414233918
ZN.v.0,action_x_surprise,hike|medium,total_rel,23,6.0,1.5750752833535064,1.4447872714352883,1.7852378758306973
ZN.v.0,action_x_surprise,hike|medium,total_rel,24,6.0,1.6198707197170512,1.3909426596814662,1.9542005629098926
ZN.v.0,action_x_surprise,hike|medium,total_rel,25,6.0,1.6414740857713706,1.4848326001713332,1.8265319418575656
ZN.v.0,action_x_surprise,hike|medium,total_rel,26,6.0,1.7232037574735348,1.5348389528894597,1.9816176816336797
ZN.v.0,action_x_surprise,hike|medium,total_rel,27,6.0,1.5551768084114883,1.3283992723063411,1.7730656493431272
ZN.v.0,action_x_surprise,hike|medium,total_rel,28,6.0,1.650603794326308,1.217123666520685,2.1902917462155207
ZN.v.0,action_x_surprise,hike|medium,total_rel,29,6.0,1.4322901042757392,1.037195259152792,1.6766550896976222
ZN.v.0,action_x_surprise,hike|medium,total_rel,30,6.0,1.3687017761653117,0.9322082722235325,1.902174252198491
ZN.v.0,action_x_surprise,hike|medium,total_rel,31,6.0,1.1665687175297825,0.8620897510433335,1.480128916074035
ZN.v.0,action_x_surprise,hike|medium,total_rel,32,6.0,1.0509616938691702,0.8851590037790111,1.4597394896555382
ZN.v.0,action_x_surprise,hike|medium,total_rel,33,6.0,1.2009490217978493,0.7172797098203713,1.5417637741284913
ZN.v.0,action_x_surprise,hike|medium,total_rel,34,6.0,1.3087614596169765,0.7502563305071052,1.7131866087691394
ZN.v.0,action_x_surprise,hike|medium,total_rel,35,6.0,1.313210579687767,0.8631316674992634,1.656507497928728
ZN.v.0,action_x_surprise,hike|medium,total_rel,36,6.0,1.0487868456981935,0.7822259058565267,1.4950950299110457
ZN.v.0,action_x_surprise,hike|medium,total_rel,37,6.0,0.9927179611989352,0.7073587701337245,1.431437153318779
ZN.v.0,action_x_surprise,hike|medium,total_rel,38,6.0,1.2963593363188464,0.8099257842982377,1.621503371671933
ZN.v.0,action_x_surprise,hike|medium,total_rel,39,6.0,1.2175835523432013,0.7451328626341851,1.6668189844192867
ZN.v.0,action_x_surprise,hike|small,ask_rel,-5,4.0,1.2493493493493495,1.1235018857382315,1.4246574365339213
ZN.v.0,action_x_surprise,hike|small,ask_rel,-4,4.0,1.2772748996026906,1.206208442396036,1.3316816816816817
ZN.v.0,action_x_surprise,hike|small,ask_rel,-3,4.0,0.8306770033058621,0.5866132880150084,1.0627877877877878
ZN.v.0,action_x_surprise,hike|small,ask_rel,-2,4.0,0.5021245711269464,0.30938438438438437,0.8145909168477973
ZN.v.0,action_x_surprise,hike|small,ask_rel,-1,4.0,0.2909518782440398,0.2329555951438374,0.3931162794307088
ZN.v.0,action_x_surprise,hike|small,ask_rel,0,4.0,0.16928939034045923,0.14936811811811812,0.20598016969376842
ZN.v.0,action_x_surprise,hike|small,ask_rel,1,4.0,0.49440680728220887,0.37043293293293295,0.5874633383975809
ZN.v.0,action_x_surprise,hike|small,ask_rel,2,4.0,0.7318705963635406,0.6566363996347234,0.8059217471628397
ZN.v.0,action_x_surprise,hike|small,ask_rel,3,4.0,0.7054692228896029,0.6437331136136836,0.7677470968593296
ZN.v.0,action_x_surprise,hike|small,ask_rel,4,4.0,0.8402857040585774,0.7422672672672672,0.9714867044975584
ZN.v.0,action_x_surprise,hike|small,ask_rel,5,4.0,0.9758522683180457,0.9441754254254254,0.9948106669267913
ZN.v.0,action_x_surprise,hike|small,ask_rel,6,4.0,0.9857137422458088,0.8390202702702703,1.1881586411226859
ZN.v.0,action_x_surprise,hike|small,ask_rel,7,4.0,1.091933181959722,0.9420232732732733,1.1569859612656763
ZN.v.0,action_x_surprise,hike|small,ask_rel,8,4.0,0.9617117117117117,0.8693486054849373,1.0667428116953057
ZN.v.0,action_x_surprise,hike|small,ask_rel,9,4.0,0.8005854017168446,0.768993993993994,0.8568577163933606
ZN.v.0,action_x_surprise,hike|small,ask_rel,10,4.0,1.1874804053949184,1.034423811295581,1.2443058854579043
ZN.v.0,action_x_surprise,hike|small,ask_rel,11,4.0,0.9901296783719586,0.8456102946080597,1.1590871602005806
ZN.v.0,action_x_surprise,hike|small,ask_rel,12,4.0,0.6670244067226886,0.5698309043783272,0.9729925887883133
ZN.v.0,action_x_surprise,hike|small,ask_rel,13,4.0,1.0946867294848293,0.8495718969423397,1.27425607020322
ZN.v.0,action_x_surprise,hike|small,ask_rel,14,4.0,0.8456829751366568,0.5518460561413487,1.1510507389812614
ZN.v.0,action_x_surprise,hike|small,ask_rel,15,4.0,1.5550462184020462,1.2466321433879752,1.7124637107416205
ZN.v.0,action_x_surprise,hike|small,ask_rel,16,4.0,1.486632405208673,1.1866615707759722,1.6574442465030352
ZN.v.0,action_x_surprise,hike|small,ask_rel,17,4.0,1.200789730648165,0.9217591491477509,1.5930390604381102
ZN.v.0,action_x_surprise,hike|small,ask_rel,18,4.0,1.4516016016016016,0.978099659933715,1.9070269200316707
ZN.v.0,action_x_surprise,hike|small,ask_rel,19,4.0,1.727152152152152,1.3152108142504846,2.0726807864872
ZN.v.0,action_x_surprise,hike|small,ask_rel,20,4.0,0.971261945001294,0.8898460960960961,1.2785851560587878
ZN.v.0,action_x_surprise,hike|small,ask_rel,21,4.0,1.4283627058403563,1.3006459106123864,1.5878513460015835
ZN.v.0,action_x_surprise,hike|small,ask_rel,22,4.0,1.3366052880649892,1.167117117117117,1.4764025858961753
ZN.v.0,action_x_surprise,hike|small,ask_rel,23,4.0,1.3741364636042663,1.2091099412952144,1.625450190901895
ZN.v.0,action_x_surprise,hike|small,ask_rel,24,4.0,1.402995513328055,1.0367117117117117,1.7418483475168762
ZN.v.0,action_x_surprise,hike|small,ask_rel,25,4.0,1.665544543006479,1.21234984984985,2.0882597859847563
ZN.v.0,action_x_surprise,hike|small,ask_rel,26,4.0,1.318410392512921,0.8907657657657657,1.7847546755996795
ZN.v.0,action_x_surprise,hike|small,ask_rel,27,4.0,1.1913030994397107,1.0765515515515516,1.4947337465467396
ZN.v.0,action_x_surprise,hike|small,ask_rel,28,4.0,1.056156156156156,0.8735135260976858,1.6382986311727405
ZN.v.0,action_x_surprise,hike|small,ask_rel,29,4.0,1.1111153792429111,0.9368993993993995,1.2763754969456544
ZN.v.0,action_x_surprise,hike|small,ask_rel,30,4.0,0.9190315315315315,0.8754368044885226,1.0977063762099393
ZN.v.0,action_x_surprise,hike|small,ask_rel,31,4.0,1.02748998998999,0.8739852516645714,1.202852496201665
ZN.v.0,action_x_surprise,hike|small,ask_rel,32,4.0,0.793405905905906,0.7511564330079485,1.1826949722882028
ZN.v.0,action_x_surprise,hike|small,ask_rel,33,4.0,1.2836256426841706,1.0324887387387387,1.4752323196395887
ZN.v.0,action_x_surprise,hike|small,ask_rel,34,4.0,1.224715975229315,1.1196071071071072,1.6128096450820302
ZN.v.0,action_x_surprise,hike|small,ask_rel,35,4.0,0.9783837126692274,0.7585585585585586,1.5701083274154595
ZN.v.0,action_x_surprise,hike|small,ask_rel,36,4.0,0.9341050087662743,0.5781156156156156,1.5240612957919115
ZN.v.0,action_x_surprise,hike|small,ask_rel,37,4.0,0.9728136433681901,0.7494369369369369,1.22002699604884
ZN.v.0,action_x_surprise,hike|small,ask_rel,38,4.0,0.8091032085305028,0.6635422001831417,1.1254788042198969
ZN.v.0,action_x_surprise,hike|small,ask_rel,39,4.0,0.7216219921555862,0.5885140693144605,1.0837711226666096
ZN.v.0,action_x_surprise,hike|small,bid_rel,-5,4.0,1.2849048872498585,1.056365634931,1.5244269944235804
ZN.v.0,action_x_surprise,hike|small,bid_rel,-4,4.0,0.9371696922206261,0.7899508713385243,1.1513004235646238
ZN.v.0,action_x_surprise,hike|small,bid_rel,-3,4.0,0.9483919426425402,0.8812709611042076,1.1003865406006674
ZN.v.0,action_x_surprise,hike|small,bid_rel,-2,4.0,0.6630947616610049,0.380479116877205,0.9493807409342214
ZN.v.0,action_x_surprise,hike|small,bid_rel,-1,4.0,0.21407675194660736,0.141763813478122,0.3787132951742752
ZN.v.0,action_x_surprise,hike|small,bid_rel,0,4.0,0.16895413679298965,0.1262960119130718,0.2088330405621207
ZN.v.0,action_x_surprise,hike|small,bid_rel,1,4.0,0.31063939690073994,0.28224663706412434,0.3414828724251735
ZN.v.0,action_x_surprise,hike|small,bid_rel,2,4.0,0.4604733504563725,0.43445124212087505,0.4824725083844417
ZN.v.0,action_x_surprise,hike|small,bid_rel,3,4.0,0.7604236188357434,0.7015293739932958,0.8109650620234437
ZN.v.0,action_x_surprise,hike|small,bid_rel,4,4.0,0.7590258336178446,0.5975295887818575,0.9089308527626957
ZN.v.0,action_x_surprise,hike|small,bid_rel,5,4.0,0.8633822692614088,0.7823593796626627,0.9297288654060066
ZN.v.0,action_x_surprise,hike|small,bid_rel,6,4.0,0.7598753802505757,0.729858671351006,0.8899553259807343
ZN.v.0,action_x_surprise,hike|small,bid_rel,7,4.0,0.7171505814549066,0.6755028153939224,0.7428477323538806
ZN.v.0,action_x_surprise,hike|small,bid_rel,8,4.0,0.8220680385613646,0.7275600318652555,0.9067444640343622
ZN.v.0,action_x_surprise,hike|small,bid_rel,9,4.0,0.9898182156925369,0.8731864108268446,1.2101152220485205
ZN.v.0,action_x_surprise,hike|small,bid_rel,10,4.0,0.8999221357063404,0.8592705132582223,0.9720230580587117
ZN.v.0,action_x_surprise,hike|small,bid_rel,11,4.0,0.6987953526610513,0.56686127233413,0.824922728657873
ZN.v.0,action_x_surprise,hike|small,bid_rel,12,4.0,0.8324721175174896,0.7127530589543938,0.9343608449913817
ZN.v.0,action_x_surprise,hike|small,bid_rel,13,4.0,0.7961920652576937,0.6953021509047457,0.9166721083104784
ZN.v.0,action_x_surprise,hike|small,bid_rel,14,4.0,1.0244522078562825,0.946221322537112,1.1221401575641434
ZN.v.0,action_x_surprise,hike|small,bid_rel,15,4.0,0.7691693424542789,0.5646837963148541,0.9945230812013348
ZN.v.0,action_x_surprise,hike|small,bid_rel,16,4.0,0.7955365697860108,0.6779941738133588,0.8692067827472403
ZN.v.0,action_x_surprise,hike|small,bid_rel,17,4.0,0.9976374189143051,0.9117029213042762,1.0213862625139043
ZN.v.0,action_x_surprise,hike|small,bid_rel,18,4.0,0.862968030154963,0.7535575419890168,1.0888264738598443
ZN.v.0,action_x_surprise,hike|small,bid_rel,19,4.0,0.7937039105278669,0.5800432457038807,1.060649024857429
ZN.v.0,action_x_surprise,hike|small,bid_rel,20,4.0,0.8617799021281438,0.6352015760001241,1.1495608431810924
ZN.v.0,action_x_surprise,hike|small,bid_rel,21,4.0,0.8509525435302151,0.6285965134975036,1.0946857619577308
ZN.v.0,action_x_surprise,hike|small,bid_rel,22,4.0,1.3211334926596108,1.0214508090485162,1.5915114015572858
ZN.v.0,action_x_surprise,hike|small,bid_rel,23,4.0,1.1446817751717933,0.6177282505578493,1.6758620689655173
ZN.v.0,action_x_surprise,hike|small,bid_rel,24,4.0,1.1051573673352257,0.9919392284055991,1.3365569631274214
ZN.v.0,action_x_surprise,hike|small,bid_rel,25,4.0,1.2083418686696255,1.0611677292258055,1.361066751836474
ZN.v.0,action_x_surprise,hike|small,bid_rel,26,4.0,1.1635610467370903,0.8833129271690392,1.4044452031410037
ZN.v.0,action_x_surprise,hike|small,bid_rel,27,4.0,1.2360646409468532,1.0880934247270881,1.3770508898776417
ZN.v.0,action_x_surprise,hike|small,bid_rel,28,4.0,1.198590344864446,1.0902307569466623,1.2936679231234587
ZN.v.0,action_x_surprise,hike|small,bid_rel,29,4.0,1.2672493456242175,1.0911189499516754,1.5716740823136819
ZN.v.0,action_x_surprise,hike|small,bid_rel,30,4.0,1.0637079497423427,0.8830089905542279,1.7235002829654782
ZN.v.0,action_x_surprise,hike|small,bid_rel,31,4.0,1.0496441344539313,0.852561738932514,1.3812611553698142
ZN.v.0,action_x_surprise,hike|small,bid_rel,32,4.0,1.0892584352984798,0.9046398088084671,1.4881375792666116
ZN.v.0,action_x_surprise,hike|small,bid_rel,33,4.0,0.9066171394467382,0.7954190516077994,1.1162627754710956
ZN.v.0,action_x_surprise,hike|small,bid_rel,34,4.0,0.9587668078548746,0.798045511657127,1.1345336953050145
ZN.v.0,action_x_surprise,hike|small,bid_rel,35,4.0,0.7457179642297609,0.5923580289063389,1.07335308650037
ZN.v.0,action_x_surprise,hike|small,bid_rel,36,4.0,0.9856275491286615,0.8164064995209198,1.1697190035211813
ZN.v.0,action_x_surprise,hike|small,bid_rel,37,4.0,0.6689306156638279,0.546893137589621,0.8816564907927387
ZN.v.0,action_x_surprise,hike|small,bid_rel,38,4.0,0.7913065599453983,0.6446955730055764,1.027575802098298
ZN.v.0,action_x_surprise,hike|small,bid_rel,39,4.0,0.8977557510043899,0.6505098440878571,1.0255226698881197
ZN.v.0,action_x_surprise,hike|small,bid_share,-5,4.0,0.5683823426532659,0.5232255527962858,0.5790648823196511
ZN.v.0,action_x_surprise,hike|small,bid_share,-4,4.0,0.5004951288880823,0.4364879178791413,0.5466155665525732
ZN.v.0,action_x_surprise,hike|small,bid_share,-3,4.0,0.5614062532590784,0.49008225594473986,0.6709910467208234
ZN.v.0,action_x_surprise,hike|small,bid_share,-2,4.0,0.5441545754113034,0.4500918019537564,0.6381498243220372
ZN.v.0,action_x_surprise,hike|small,bid_share,-1,4.0,0.4866883172671276,0.47598242358652126,0.4980284421460892
ZN.v.0,action_x_surprise,hike|small,bid_share,0,4.0,0.5134674000695425,0.45283186336877057,0.5472419899299622
ZN.v.0,action_x_surprise,hike|small,bid_share,1,4.0,0.45395201068059343,0.3964856272593956,0.5178703691195188
ZN.v.0,action_x_surprise,hike|small,bid_share,2,4.0,0.428211862096282,0.40327815363737246,0.45314489280261
ZN.v.0,action_x_surprise,hike|small,bid_share,3,4.0,0.5632817821331648,0.5446843107101356,0.5775480813718362
ZN.v.0,action_x_surprise,hike|small,bid_share,4,4.0,0.5045352228509057,0.4696236252108726,0.5431483232314022
ZN.v.0,action_x_surprise,hike|small,bid_share,5,4.0,0.5037693432549781,0.46859255751865286,0.542574409375512
ZN.v.0,action_x_surprise,hike|small,bid_share,6,4.0,0.4960366835112622,0.4744031714724403,0.5281398890169299
ZN.v.0,action_x_surprise,hike|small,bid_share,7,4.0,0.4715830219257712,0.4286879315624992,0.518407858120824
ZN.v.0,action_x_surprise,hike|small,bid_share,8,4.0,0.4815161246863814,0.4486317382419802,0.5297100369758918
ZN.v.0,action_x_surprise,hike|small,bid_share,9,4.0,0.5755348360487074,0.5365978364399073,0.6357256201322491
ZN.v.0,action_x_surprise,hike|small,bid_share,10,4.0,0.5270010067968145,0.44445621580897493,0.5822085074301973
ZN.v.0,action_x_surprise,hike|small,bid_share,11,4.0,0.48519161899698354,0.3617475273231351,0.5761949129549562
ZN.v.0,action_x_surprise,hike|small,bid_share,12,4.0,0.5808014099299812,0.4753809055391871,0.6535991953883536
ZN.v.0,action_x_surprise,hike|small,bid_share,13,4.0,0.462024916165924,0.41451607914143307,0.5375477839171625
ZN.v.0,action_x_surprise,hike|small,bid_share,14,4.0,0.603741620637825,0.5454235932731423,0.6604268054860913
ZN.v.0,action_x_surprise,hike|small,bid_share,15,4.0,0.4094048139895325,0.32213554777201453,0.49971635998656994
ZN.v.0,action_x_surprise,hike|small,bid_share,16,4.0,0.33053294642833725,0.2904132315882506,0.41828045244463813
ZN.v.0,action_x_surprise,hike|small,bid_share,17,4.0,0.47839369403244386,0.44399385179021184,0.4956862882828146
ZN.v.0,action_x_surprise,hike|small,bid_share,18,4.0,0.46849091724522357,0.41110894361251465,0.5136802188245607
ZN.v.0,action_x_surprise,hike|small,bid_share,19,4.0,0.33818835622737464,0.2658751039603698,0.4704386526886367
ZN.v.0,action_x_surprise,hike|small,bid_share,20,4.0,0.4465253753788614,0.4359372340245464,0.4877890023790265
ZN.v.0,action_x_surprise,hike|small,bid_share,21,4.0,0.40355327268834373,0.3399769257869269,0.47312911855719697
ZN.v.0,action_x_surprise,hike|small,bid_share,22,4.0,0.5741478494825324,0.49728916127292355,0.5975441548644418
ZN.v.0,action_x_surprise,hike|small,bid_share,23,4.0,0.47829555382882344,0.3167922076406377,0.61337498784813
ZN.v.0,action_x_surprise,hike|small,bid_share,24,4.0,0.4957850762540764,0.46492629123272233,0.5313640573066154
ZN.v.0,action_x_surprise,hike|small,bid_share,25,4.0,0.4618945550169287,0.4376000092690975,0.4905185599370702
ZN.v.0,action_x_surprise,hike|small,bid_share,26,4.0,0.5030428605183912,0.38051924870741516,0.6285960074415695
ZN.v.0,action_x_surprise,hike|small,bid_share,27,4.0,0.5011857028463915,0.4848902409865774,0.5394849182414866
ZN.v.0,action_x_surprise,hike|small,bid_share,28,4.0,0.5589977045714627,0.4915476741158995,0.5909660710622667
ZN.v.0,action_x_surprise,hike|small,bid_share,29,4.0,0.606101215513654,0.5540550461520937,0.6612511326859645
ZN.v.0,action_x_surprise,hike|small,bid_share,30,4.0,0.5807967991004259,0.49120221345848775,0.6485549859361306
ZN.v.0,action_x_surprise,hike|small,bid_share,31,4.0,0.5427896945420406,0.46217243064574814,0.6375431804154619
ZN.v.0,action_x_surprise,hike|small,bid_share,32,4.0,0.5589070632005096,0.5144107544700293,0.6211634312319528
ZN.v.0,action_x_surprise,hike|small,bid_share,33,4.0,0.4948671362688444,0.4127034080170221,0.5751769100992238
ZN.v.0,action_x_surprise,hike|small,bid_share,34,4.0,0.42481703020392386,0.3995954560242403,0.4540041128778274
ZN.v.0,action_x_surprise,hike|small,bid_share,35,4.0,0.4640845187981364,0.43489654529667643,0.49042362743623796
ZN.v.0,action_x_surprise,hike|small,bid_share,36,4.0,0.551864716868016,0.48408831331741725,0.5888023090400916
ZN.v.0,action_x_surprise,hike|small,bid_share,37,4.0,0.43006411061004385,0.39647586923138545,0.47781648108866015
ZN.v.0,action_x_surprise,hike|small,bid_share,38,4.0,0.48458878403721173,0.46968284684461886,0.5046253526923781
ZN.v.0,action_x_surprise,hike|small,bid_share,39,4.0,0.4893007951922032,0.4346185317006527,0.5614258057730507
ZN.v.0,action_x_surprise,hike|small,total_rel,-5,4.0,1.201425535409419,1.166602119935064,1.325102492036154
ZN.v.0,action_x_surprise,hike|small,total_rel,-4,4.0,0.9912500288976454,0.970920628782754,1.125588998399044
ZN.v.0,action_x_surprise,hike|small,total_rel,-3,4.0,0.9772487874312532,0.9205101996263569,1.0107508906928893
ZN.v.0,action_x_surprise,hike|small,total_rel,-2,4.0,0.6124662183998772,0.305633585190189,0.9572816554757437
ZN.v.0,action_x_surprise,hike|small,total_rel,-1,4.0,0.2435553667763283,0.17274941735263868,0.41089934371241116
ZN.v.0,action_x_surprise,hike|small,total_rel,0,4.0,0.2094083685794096,0.18031814005275426,0.2338837273866023
ZN.v.0,action_x_surprise,hike|small,total_rel,1,4.0,0.3887375909263474,0.33460763754952294,0.4362687194045028
ZN.v.0,action_x_surprise,hike|small,total_rel,2,4.0,0.5618360731509096,0.5307298787053436,0.60416530030774
ZN.v.0,action_x_surprise,hike|small,total_rel,3,4.0,0.6637005202384954,0.6511947854071376,0.7081850326023615
ZN.v.0,action_x_surprise,hike|small,total_rel,4,4.0,0.804183569890442,0.6960008923389458,0.9242387685296223
ZN.v.0,action_x_surprise,hike|small,total_rel,5,4.0,0.8836023550337121,0.8349573198810181,0.9315879843393327
ZN.v.0,action_x_surprise,hike|small,total_rel,6,4.0,0.9454464489056942,0.8459211493212886,1.0310985849603131
ZN.v.0,action_x_surprise,hike|small,total_rel,7,4.0,0.8534316956383394,0.7623631752419299,0.9169086005156334
ZN.v.0,action_x_surprise,hike|small,total_rel,8,4.0,0.8997291810410688,0.8201143283817887,0.970462364218433
ZN.v.0,action_x_surprise,hike|small,total_rel,9,4.0,0.8608666026771858,0.7967178071300719,0.9967118323705564
ZN.v.0,action_x_surprise,hike|small,total_rel,10,4.0,0.9557239408838896,0.8897326241487524,0.9943166649512378
ZN.v.0,action_x_surprise,hike|small,total_rel,11,4.0,0.8455723973877618,0.7893049169615007,0.9084698295980871
ZN.v.0,action_x_surprise,hike|small,total_rel,12,4.0,0.8125390283501936,0.7733252684107061,0.8717231920378575
ZN.v.0,action_x_surprise,hike|small,total_rel,13,4.0,0.8934665634769465,0.8493091648559985,0.9478283071271675
ZN.v.0,action_x_surprise,hike|small,total_rel,14,4.0,0.9445814160769129,0.8255210023239432,1.073170375583146
ZN.v.0,action_x_surprise,hike|small,total_rel,15,4.0,1.0331099177108918,0.9084095964764416,1.1672294070760239
ZN.v.0,action_x_surprise,hike|small,total_rel,16,4.0,0.9707934672856731,0.8360899828835594,1.099956196726962
ZN.v.0,action_x_surprise,hike|small,total_rel,17,4.0,1.042039384907444,0.8608481429504969,1.299862446552427
ZN.v.0,action_x_surprise,hike|small,total_rel,18,4.0,1.0952271249414698,0.9586779284995535,1.3794311319196604
ZN.v.0,action_x_surprise,hike|small,total_rel,19,4.0,1.1291421445027177,1.013458108299016,1.3724041773482025
ZN.v.0,action_x_surprise,hike|small,total_rel,20,4.0,0.9213285804440186,0.8047601600847017,1.1548807138736694
ZN.v.0,action_x_surprise,hike|small,total_rel,21,4.0,1.0587974716240585,1.024783513609521,1.192344480428554
ZN.v.0,action_x_surprise,hike|small,total_rel,22,4.0,1.178513060851353,1.0105606184969578,1.4447199738974226
ZN.v.0,action_x_surprise,hike|small,total_rel,23,4.0,1.2237721533698194,1.1074914549271875,1.381130198197744
ZN.v.0,action_x_surprise,hike|small,total_rel,24,4.0,1.316093443112898,1.0798081645081745,1.5617672958900704
ZN.v.0,action_x_surprise,hike|small,total_rel,25,4.0,1.3308293054522566,1.107433130284929,1.5647060803153146
ZN.v.0,action_x_surprise,hike|small,total_rel,26,4.0,1.2554425325601293,1.1386583116887568,1.337949485941207
ZN.v.0,action_x_surprise,hike|small,total_rel,27,4.0,1.1630596445357408,1.1495967798209346,1.2889867082199356
ZN.v.0,action_x_surprise,hike|small,total_rel,28,4.0,1.2256039886172974,1.1234094296843495,1.401433815225861
ZN.v.0,action_x_surprise,hike|small,total_rel,29,4.0,1.0625750146896755,1.023307410613071,1.2347467736807265
ZN.v.0,action_x_surprise,hike|small,total_rel,30,4.0,0.9625648867357148,0.8580114507774849,1.4245887304200089
ZN.v.0,action_x_surprise,hike|small,total_rel,31,4.0,0.964840880315959,0.925020914734521,1.1725264738931072
ZN.v.0,action_x_surprise,hike|small,total_rel,32,4.0,1.1681471457870358,0.8015976009732243,1.541352063213345
ZN.v.0,action_x_surprise,hike|small,total_rel,33,4.0,1.0195125699507126,0.8398174404832849,1.2627695024006789
ZN.v.0,action_x_surprise,hike|small,total_rel,34,4.0,1.095726355525151,0.9677453249905521,1.298927418215938
ZN.v.0,action_x_surprise,hike|small,total_rel,35,4.0,0.8747503678669364,0.6756153340618215,1.2619130841800899
ZN.v.0,action_x_surprise,hike|small,total_rel,36,4.0,1.1253420456208207,0.6984361621545716,1.4510964091055212
ZN.v.0,action_x_surprise,hike|small,total_rel,37,4.0,0.8509297406698647,0.6551738756656318,1.0694493357647512
ZN.v.0,action_x_surprise,hike|small,total_rel,38,4.0,0.8607279575942113,0.6894103853604093,1.0771280212769958
ZN.v.0,action_x_surprise,hike|small,total_rel,39,4.0,0.8376676995076282,0.662342955443968,1.0102571344264595
ZN.v.0,action_x_surprise,hold|large,ask_rel,-5,16.0,1.5394972691018936,1.2095302085403437,1.9796270039228918
ZN.v.0,action_x_surprise,hold|large,ask_rel,-4,16.0,1.2217495078684042,1.0153602858545063,1.3502228357217736
ZN.v.0,action_x_surprise,hold|large,ask_rel,-3,16.0,0.7539301687440069,0.62988722934291,0.8725987719049496
ZN.v.0,action_x_surprise,hold|large,ask_rel,-2,16.0,0.3287360204822751,0.25836477786931045,0.7738156664411515
ZN.v.0,action_x_surprise,hold|large,ask_rel,-1,16.0,0.28038871667786636,0.11323336479237389,0.41737120249592646
ZN.v.0,action_x_surprise,hold|large,ask_rel,0,16.0,0.16811649894631536,0.09149689133154934,0.28392859062133896
ZN.v.0,action_x_surprise,hold|large,ask_rel,1,16.0,0.4344427554612107,0.25529401514482175,0.6445875469962687
ZN.v.0,action_x_surprise,hold|large,ask_rel,2,16.0,0.6143225955260307,0.4124027663765818,0.8106529023401162
ZN.v.0,action_x_surprise,hold|large,ask_rel,3,16.0,0.8184166867960667,0.5880550123510624,1.057694898414543
ZN.v.0,action_x_surprise,hold|large,ask_rel,4,16.0,1.0654580551112145,0.7005067263661855,1.2115359826011656
ZN.v.0,action_x_surprise,hold|large,ask_rel,5,16.0,0.9460159053100743,0.7263512625673463,1.682024875765618
ZN.v.0,action_x_surprise,hold|large,ask_rel,6,16.0,1.1728962403617857,0.811438572724063,1.4668541335722562
ZN.v.0,action_x_surprise,hold|large,ask_rel,7,16.0,1.0998171912943038,0.743223156700357,1.6093880363571291
ZN.v.0,action_x_surprise,hold|large,ask_rel,8,16.0,1.242875048127729,0.934372135281565,1.597491679029296
ZN.v.0,action_x_surprise,hold|large,ask_rel,9,16.0,1.0705048171028788,0.7119223883763555,1.3778663810629834
ZN.v.0,action_x_surprise,hold|large,ask_rel,10,16.0,1.4594560829100454,1.034359153406375,1.9922335233812454
ZN.v.0,action_x_surprise,hold|large,ask_rel,11,16.0,1.3366746273968695,1.1099431356466216,1.764676925003076
ZN.v.0,action_x_surprise,hold|large,ask_rel,12,16.0,1.4740211914901737,1.1553392796363013,1.8865139946272182
ZN.v.0,action_x_surprise,hold|large,ask_rel,13,16.0,1.3701777827519774,1.141132766742499,1.744429887437465
ZN.v.0,action_x_surprise,hold|large,ask_rel,14,16.0,1.6022476799158027,1.2931131460567238,1.8784871980697788
ZN.v.0,action_x_surprise,hold|large,ask_rel,15,16.0,1.6048722607020194,1.2309894105076087,2.367598532151848
ZN.v.0,action_x_surprise,hold|large,ask_rel,16,16.0,1.5412910154284938,1.4069443654363565,2.553778182580607
ZN.v.0,action_x_surprise,hold|large,ask_rel,17,16.0,1.695975375633373,1.4437392383108536,2.8176955741273106
ZN.v.0,action_x_surprise,hold|large,ask_rel,18,16.0,1.6256519448729232,1.5022570297333842,2.2315950320134474
ZN.v.0,action_x_surprise,hold|large,ask_rel,19,16.0,1.7893116518866348,1.1492385434912984,2.360121800886023
ZN.v.0,action_x_surprise,hold|large,ask_rel,20,16.0,1.6826197009598993,1.5327322615616028,3.0287948849635735
ZN.v.0,action_x_surprise,hold|large,ask_rel,21,16.0,2.2501605648447134,1.9645729626122317,2.6511923021916446
ZN.v.0,action_x_surprise,hold|large,ask_rel,22,16.0,1.7927493417146025,1.4918116694617303,2.683191108072504
ZN.v.0,action_x_surprise,hold|large,ask_rel,23,16.0,2.042800874891273,1.5291365456134007,2.3840759179446405
ZN.v.0,action_x_surprise,hold|large,ask_rel,24,16.0,1.8145775955198848,1.391412251546301,2.523971521610335
ZN.v.0,action_x_surprise,hold|large,ask_rel,25,16.0,2.0546510841885635,1.3826897067663864,2.6945369274335276
ZN.v.0,action_x_surprise,hold|large,ask_rel,26,16.0,2.16321239771763,1.598092780747691,2.59741507436261
ZN.v.0,action_x_surprise,hold|large,ask_rel,27,16.0,1.9626681531190115,1.6060947566263892,2.6435718208669505
ZN.v.0,action_x_surprise,hold|large,ask_rel,28,16.0,2.0255647682216606,1.2579402005238713,2.753793590327351
ZN.v.0,action_x_surprise,hold|large,ask_rel,29,16.0,1.6773021931314802,1.2642605911528837,2.6751684598510046
ZN.v.0,action_x_surprise,hold|large,ask_rel,30,16.0,1.6460636202450543,1.076494189560215,2.1256955064588556
ZN.v.0,action_x_surprise,hold|large,ask_rel,31,16.0,1.4680847524017175,0.9862844357987084,2.254023169989017
ZN.v.0,action_x_surprise,hold|large,ask_rel,32,16.0,1.465608995502684,0.8557728402588839,2.4264553772112176
ZN.v.0,action_x_surprise,hold|large,ask_rel,33,16.0,1.9033846724308336,1.086366504516006,2.253583187226215
ZN.v.0,action_x_surprise,hold|large,ask_rel,34,16.0,1.256286106660287,1.0199920256801633,2.3172873328801797
ZN.v.0,action_x_surprise,hold|large,ask_rel,35,16.0,1.4853375196699985,1.0094439795750447,2.4447409468915535
ZN.v.0,action_x_surprise,hold|large,ask_rel,36,16.0,1.4198478089392363,0.8073941975089493,2.7592930670537035
ZN.v.0,action_x_surprise,hold|large,ask_rel,37,16.0,1.447383026020598,0.8396754958805781,2.132795987053239
ZN.v.0,action_x_surprise,hold|large,ask_rel,38,16.0,1.8319398317282805,0.8313113683569154,2.924954069204137
ZN.v.0,action_x_surprise,hold|large,ask_rel,39,16.0,1.4573669731215029,0.9310372492042366,2.499958096502034
ZN.v.0,action_x_surprise,hold|large,bid_rel,-5,16.0,1.4230873145766765,1.3193074116627361,1.7346840359178932
ZN.v.0,action_x_surprise,hold|large,bid_rel,-4,16.0,1.2542448600348401,0.9730008289396537,1.468950306424362
ZN.v.0,action_x_surprise,hold|large,bid_rel,-3,16.0,0.7562882303813259,0.5485946318493564,0.9334436266840888
ZN.v.0,action_x_surprise,hold|large,bid_rel,-2,16.0,0.4343179385061595,0.257822530845327,0.6237840442309288
ZN.v.0,action_x_surprise,hold|large,bid_rel,-1,16.0,0.17911211292823687,0.14545622407508504,0.22108512542554348
ZN.v.0,action_x_surprise,hold|large,bid_rel,0,16.0,0.11168229108420683,0.08797620246056713,0.25399569131840577
ZN.v.0,action_x_surprise,hold|large,bid_rel,1,16.0,0.3268363516564522,0.2602314055236533,0.4717565755830592
ZN.v.0,action_x_surprise,hold|large,bid_rel,2,16.0,0.4914847048156451,0.34263370974971447,0.6346718179383228
ZN.v.0,action_x_surprise,hold|large,bid_rel,3,16.0,0.5731311223788769,0.4858114211160177,0.6606698437609544
ZN.v.0,action_x_surprise,hold|large,bid_rel,4,16.0,0.7418888617904205,0.4969261430134018,0.8603279735549604
ZN.v.0,action_x_surprise,hold|large,bid_rel,5,16.0,0.9107754028808506,0.5905181191973645,1.2259183030225431
ZN.v.0,action_x_surprise,hold|large,bid_rel,6,16.0,0.8424555982830617,0.6235351153039832,1.240433417343039
ZN.v.0,action_x_surprise,hold|large,bid_rel,7,16.0,1.0698317957942824,0.6483643892339545,1.2236982266716225
ZN.v.0,action_x_surprise,hold|large,bid_rel,8,16.0,1.060882848264902,0.6790374348054192,1.4902243503410761
ZN.v.0,action_x_surprise,hold|large,bid_rel,9,16.0,1.120402693979427,0.8122112193677861,1.6954821591261624
ZN.v.0,action_x_surprise,hold|large,bid_rel,10,16.0,1.2320611098029066,0.765802211206561,1.389490426272007
ZN.v.0,action_x_surprise,hold|large,bid_rel,11,16.0,1.1161314067292107,0.834259428062663,1.5760986231254188
ZN.v.0,action_x_surprise,hold|large,bid_rel,12,16.0,1.218967699705977,0.9177280392141407,1.5980572759324283
ZN.v.0,action_x_surprise,hold|large,bid_rel,13,16.0,1.1270111538684868,0.9616547601382146,1.5889131055111059
ZN.v.0,action_x_surprise,hold|large,bid_rel,14,16.0,1.1728104645063255,0.9471981554533033,2.0113894412144457
ZN.v.0,action_x_surprise,hold|large,bid_rel,15,16.0,1.3862343897685545,1.063995173224111,2.0947611756543365
ZN.v.0,action_x_surprise,hold|large,bid_rel,16,16.0,1.3130429644983623,1.0991220966795978,1.778300523935882
ZN.v.0,action_x_surprise,hold|large,bid_rel,17,16.0,1.5250695719414329,1.3274169058420517,1.7521642298300815
ZN.v.0,action_x_surprise,hold|large,bid_rel,18,16.0,1.6330141054323626,1.2942074290423795,2.08234364306687
ZN.v.0,action_x_surprise,hold|large,bid_rel,19,16.0,1.4762175410821117,1.280589761213223,1.9486433957716978
ZN.v.0,action_x_surprise,hold|large,bid_rel,20,16.0,1.4396139637433207,1.1896481291469394,2.1948789828139628
ZN.v.0,action_x_surprise,hold|large,bid_rel,21,16.0,1.6110202762022277,1.1309330239275825,2.1032135196534156
ZN.v.0,action_x_surprise,hold|large,bid_rel,22,16.0,1.3846846816988898,1.0838417537828624,2.23466000099288
ZN.v.0,action_x_surprise,hold|large,bid_rel,23,16.0,1.6697317681486696,1.1913997350167562,2.044816404924175
ZN.v.0,action_x_surprise,hold|large,bid_rel,24,16.0,1.705770147395939,1.3025157744487805,2.4266566778957652
ZN.v.0,action_x_surprise,hold|large,bid_rel,25,16.0,1.4048466238575887,1.144984829423518,2.110431105520358
ZN.v.0,action_x_surprise,hold|large,bid_rel,26,16.0,1.684657384118578,1.1453980144449747,2.652649137598388
ZN.v.0,action_x_surprise,hold|large,bid_rel,27,16.0,1.6585580734898993,1.0706567992599445,2.5259131755902664
ZN.v.0,action_x_surprise,hold|large,bid_rel,28,16.0,1.3715239310582545,1.1645134575569358,2.4711118216919905
ZN.v.0,action_x_surprise,hold|large,bid_rel,29,16.0,1.4621691315889267,1.0444485796120628,2.5047805628228144
ZN.v.0,action_x_surprise,hold|large,bid_rel,30,16.0,1.3604875989597507,1.1263882686430076,2.2842141588071243
ZN.v.0,action_x_surprise,hold|large,bid_rel,31,16.0,1.24848149953952,0.9977851731703593,2.507009680930462
ZN.v.0,action_x_surprise,hold|large,bid_rel,32,16.0,1.192428625602687,0.9087881852941156,1.8128946877885073
ZN.v.0,action_x_surprise,hold|large,bid_rel,33,16.0,1.0467978575777575,0.8466431144673353,2.093633276304722
ZN.v.0,action_x_surprise,hold|large,bid_rel,34,16.0,1.1572904280199499,0.8412611606225164,1.9328010053307603
ZN.v.0,action_x_surprise,hold|large,bid_rel,35,16.0,1.1491871355715666,0.9332042968494139,2.3865982844510265
ZN.v.0,action_x_surprise,hold|large,bid_rel,36,16.0,1.2028688242026448,0.8636749796492267,2.1219847884048253
ZN.v.0,action_x_surprise,hold|large,bid_rel,37,16.0,1.1309349957308479,0.7689477765372476,2.1570053570696217
ZN.v.0,action_x_surprise,hold|large,bid_rel,38,16.0,1.0140037272504043,0.8603440809011612,1.9265511122430248
ZN.v.0,action_x_surprise,hold|large,bid_rel,39,16.0,1.1133582639243016,0.8671275153985449,1.616957471438973
ZN.v.0,action_x_surprise,hold|large,bid_share,-5,16.0,0.5246748867153259,0.46327357222653837,0.6562910280707537
ZN.v.0,action_x_surprise,hold|large,bid_share,-4,16.0,0.4950568672257051,0.453389876139766,0.6249261156811359
ZN.v.0,action_x_surprise,hold|large,bid_share,-3,16.0,0.5488542869119029,0.4264869781517357,0.6317140555716424
ZN.v.0,action_x_surprise,hold|large,bid_share,-2,16.0,0.4916495234533012,0.4097687449911935,0.6544607375866701
ZN.v.0,action_x_surprise,hold|large,bid_share,-1,16.0,0.4986559139784946,0.3984374705571843,0.647995182408443
ZN.v.0,action_x_surprise,hold|large,bid_share,0,16.0,0.5158123857928845,0.4563960473468869,0.5349572094327669
ZN.v.0,action_x_surprise,hold|large,bid_share,1,16.0,0.45224804769212773,0.40470939449544013,0.5399957877037094
ZN.v.0,action_x_surprise,hold|large,bid_share,2,16.0,0.48492894318954377,0.4478311955188342,0.5283995485443749
ZN.v.0,action_x_surprise,hold|large,bid_share,3,16.0,0.48114065485072144,0.4465329901165902,0.5070121895390245
ZN.v.0,action_x_surprise,hold|large,bid_share,4,16.0,0.4517613175280528,0.4241586607057305,0.5107713612215294
ZN.v.0,action_x_surprise,hold|large,bid_share,5,16.0,0.5011823742960867,0.43931987242741544,0.5642769392769392
ZN.v.0,action_x_surprise,hold|large,bid_share,6,16.0,0.4887269918409996,0.4679590417418188,0.5390990655303315
ZN.v.0,action_x_surprise,hold|large,bid_share,7,16.0,0.5057749157540495,0.4660146408066077,0.5352385732483675
ZN.v.0,action_x_surprise,hold|large,bid_share,8,16.0,0.4867814107297389,0.36849628249703625,0.5349974269725617
ZN.v.0,action_x_surprise,hold|large,bid_share,9,16.0,0.5135507907951758,0.46997773635146506,0.6235553646752394
ZN.v.0,action_x_surprise,hold|large,bid_share,10,16.0,0.513344403154954,0.43994163056504687,0.5529392601853231
ZN.v.0,action_x_surprise,hold|large,bid_share,11,16.0,0.4566947556726043,0.4202696377094386,0.5367994155553886
ZN.v.0,action_x_surprise,hold|large,bid_share,12,16.0,0.4782834674681389,0.4348108409142182,0.5492096016855503
ZN.v.0,action_x_surprise,hold|large,bid_share,13,16.0,0.4716989464341119,0.43426542813932684,0.5545379590309065
ZN.v.0,action_x_surprise,hold|large,bid_share,14,16.0,0.5277369441457135,0.4109595917435955,0.5924053516588251
ZN.v.0,action_x_surprise,hold|large,bid_share,15,16.0,0.4998442413798857,0.42006745038556514,0.6113088814110754
ZN.v.0,action_x_surprise,hold|large,bid_share,16,16.0,0.4833093295755079,0.43254438431024883,0.6000515160903679
ZN.v.0,action_x_surprise,hold|large,bid_share,17,16.0,0.5044838475959813,0.4546355926730775,0.5666427455703662
ZN.v.0,action_x_surprise,hold|large,bid_share,18,16.0,0.5146964208738185,0.45049026587957053,0.5635495240915512
ZN.v.0,action_x_surprise,hold|large,bid_share,19,16.0,0.5326301407521531,0.472356357694246,0.5719313195099467
ZN.v.0,action_x_surprise,hold|large,bid_share,20,16.0,0.4361055156885912,0.40622906399856346,0.5416457256578155
ZN.v.0,action_x_surprise,hold|large,bid_share,21,16.0,0.44870149676559234,0.3919318571342648,0.5006689555601345
ZN.v.0,action_x_surprise,hold|large,bid_share,22,16.0,0.5218424721350503,0.35009942105961867,0.5733713734281942
ZN.v.0,action_x_surprise,hold|large,bid_share,23,16.0,0.5076349443708368,0.4202995086327262,0.5676318206345803
ZN.v.0,action_x_surprise,hold|large,bid_share,24,16.0,0.5407710770823622,0.46964292177586875,0.6212414613317934
ZN.v.0,action_x_surprise,hold|large,bid_share,25,16.0,0.5235735614136607,0.3493192104827794,0.5746915845673616
ZN.v.0,action_x_surprise,hold|large,bid_share,26,16.0,0.47283515860882386,0.4422900918483833,0.5709860104173219
ZN.v.0,action_x_surprise,hold|large,bid_share,27,16.0,0.5124266202751344,0.41365531279038154,0.539031215786386
ZN.v.0,action_x_surprise,hold|large,bid_share,28,16.0,0.49493429472926964,0.4469080134610685,0.5444965712817953
ZN.v.0,action_x_surprise,hold|large,bid_share,29,16.0,0.5367376846073668,0.4506827625513457,0.5623334732718761
ZN.v.0,action_x_surprise,hold|large,bid_share,30,16.0,0.539933967657511,0.501920849979616,0.5702655623508268
ZN.v.0,action_x_surprise,hold|large,bid_share,31,16.0,0.5157502734753217,0.4724164775757442,0.5879735204615107
ZN.v.0,action_x_surprise,hold|large,bid_share,32,16.0,0.5313286828422217,0.46848413967438307,0.5689552857072925
ZN.v.0,action_x_surprise,hold|large,bid_share,33,16.0,0.47830115605227463,0.4222319266196673,0.5314328330509414
ZN.v.0,action_x_surprise,hold|large,bid_share,34,16.0,0.5161075091157868,0.4255439184195804,0.5718662240231009
ZN.v.0,action_x_surprise,hold|large,bid_share,35,16.0,0.5191030477814508,0.44609006125226114,0.5524118625588701
ZN.v.0,action_x_surprise,hold|large,bid_share,36,16.0,0.4839699491994836,0.4254008750960652,0.5580097455335282
ZN.v.0,action_x_surprise,hold|large,bid_share,37,16.0,0.5218040013855096,0.420195804874889,0.5930724876325129
ZN.v.0,action_x_surprise,hold|large,bid_share,38,16.0,0.45573548409384934,0.3667712686650037,0.5374320234703733
ZN.v.0,action_x_surprise,hold|large,bid_share,39,16.0,0.4798569674154598,0.4261658280417194,0.5368058908357498
ZN.v.0,action_x_surprise,hold|large,total_rel,-5,16.0,1.5004469982974666,1.328228795737923,1.7143927532990382
ZN.v.0,action_x_surprise,hold|large,total_rel,-4,16.0,1.1908679535334659,1.14761116053283,1.3922895664685755
ZN.v.0,action_x_surprise,hold|large,total_rel,-3,16.0,0.7495862187611761,0.6326782914340007,0.7985861686043312
ZN.v.0,action_x_surprise,hold|large,total_rel,-2,16.0,0.43895155676048925,0.36315003115189426,0.6470293298975338
ZN.v.0,action_x_surprise,hold|large,total_rel,-1,16.0,0.19730129592591578,0.16526883840676226,0.33878783684242286
ZN.v.0,action_x_surprise,hold|large,total_rel,0,16.0,0.15054265018593638,0.12578759688301655,0.28833341318074024
ZN.v.0,action_x_surprise,hold|large,total_rel,1,16.0,0.3860850002655316,0.2860312577836681,0.7268609128694123
ZN.v.0,action_x_surprise,hold|large,total_rel,2,16.0,0.5856140304793427,0.44854934379786304,0.8055586828032649
ZN.v.0,action_x_surprise,hold|large,total_rel,3,16.0,0.6472796547367863,0.532805918466607,0.9272601950625662
ZN.v.0,action_x_surprise,hold|large,total_rel,4,16.0,0.7576870973607778,0.6339921402505934,1.0331371220399648
ZN.v.0,action_x_surprise,hold|large,total_rel,5,16.0,0.9603973673102983,0.646735613268087,1.2696043893157258
ZN.v.0,action_x_surprise,hold|large,total_rel,6,16.0,0.8793081731391776,0.7122434926874023,1.3212074301384071
ZN.v.0,action_x_surprise,hold|large,total_rel,7,16.0,1.1302305894873905,0.7306522764707766,1.279737421575368
ZN.v.0,action_x_surprise,hold|large,total_rel,8,16.0,1.1394292713235448,0.7387908150848139,1.6652182884427154
ZN.v.0,action_x_surprise,hold|large,total_rel,9,16.0,1.1577705966816993,0.7163105560197571,1.6390143747677801
ZN.v.0,action_x_surprise,hold|large,total_rel,10,16.0,1.248391455648498,1.002533445632415,1.5738168875351184
ZN.v.0,action_x_surprise,hold|large,total_rel,11,16.0,1.2651747690064685,1.061687387559093,1.6131162309018718
ZN.v.0,action_x_surprise,hold|large,total_rel,12,16.0,1.2562919650422595,1.0457954907013431,1.559026351086187
ZN.v.0,action_x_surprise,hold|large,total_rel,13,16.0,1.3030857304615926,1.1040721943960579,1.6146701067794336
ZN.v.0,action_x_surprise,hold|large,total_rel,14,16.0,1.321681444776333,1.167235649894484,1.6695158904136274
ZN.v.0,action_x_surprise,hold|large,total_rel,15,16.0,1.5284660119103624,1.1996737801323976,1.8414288844743252
ZN.v.0,action_x_surprise,hold|large,total_rel,16,16.0,1.405022170515832,1.251187950059483,1.9227556315055832
ZN.v.0,action_x_surprise,hold|large,total_rel,17,16.0,1.58956536957426,1.3297927710769664,1.795257372629702
ZN.v.0,action_x_surprise,hold|large,total_rel,18,16.0,1.633095155118664,1.3525580315641994,2.1654613176317135
ZN.v.0,action_x_surprise,hold|large,total_rel,19,16.0,1.499422844894728,1.2531819651074763,2.1029241465869397
ZN.v.0,action_x_surprise,hold|large,total_rel,20,16.0,1.6346931444546655,1.2789259857284234,2.1753835544712414
ZN.v.0,action_x_surprise,hold|large,total_rel,21,16.0,1.7076327665875786,1.2974428774912006,2.331075797653199
ZN.v.0,action_x_surprise,hold|large,total_rel,22,16.0,1.6521923407811894,1.319283180646643,2.0573724533448368
ZN.v.0,action_x_surprise,hold|large,total_rel,23,16.0,1.6481661015937854,1.3740633161915574,2.1171815402093106
ZN.v.0,action_x_surprise,hold|large,total_rel,24,16.0,1.6731603265471073,1.3839770300536487,2.101376563960896
ZN.v.0,action_x_surprise,hold|large,total_rel,25,16.0,1.7317714241904265,1.2510750807953785,2.299704500454114
ZN.v.0,action_x_surprise,hold|large,total_rel,26,16.0,1.7477783877800923,1.4264169264768254,2.5189958687384073
ZN.v.0,action_x_surprise,hold|large,total_rel,27,16.0,1.7352202090478464,1.2568003913894326,2.9829370823657926
ZN.v.0,action_x_surprise,hold|large,total_rel,28,16.0,1.5442652999334605,1.219333906279841,2.253989755486266
ZN.v.0,action_x_surprise,hold|large,total_rel,29,16.0,1.3683857926091123,1.136162105104019,2.3605018649206198
ZN.v.0,action_x_surprise,hold|large,total_rel,30,16.0,1.2868183639873605,1.0381505118404712,2.0302053109129803
ZN.v.0,action_x_surprise,hold|large,total_rel,31,16.0,1.1278173857691183,1.0885553935100787,2.0411989708352074
ZN.v.0,action_x_surprise,hold|large,total_rel,32,16.0,1.2837542739813586,0.9150542737605902,2.07806856385197
ZN.v.0,action_x_surprise,hold|large,total_rel,33,16.0,1.1848816672553868,0.9327202544392048,2.135307811877201
ZN.v.0,action_x_surprise,hold|large,total_rel,34,16.0,1.1824794131239726,0.938778826333266,1.769630929045625
ZN.v.0,action_x_surprise,hold|large,total_rel,35,16.0,1.1644863891068102,0.9560686411847108,2.243355256444065
ZN.v.0,action_x_surprise,hold|large,total_rel,36,16.0,1.1403806716932423,0.884668342787486,1.8962112592233216
ZN.v.0,action_x_surprise,hold|large,total_rel,37,16.0,1.0626503809887329,0.9477826405015268,1.937112539026597
ZN.v.0,action_x_surprise,hold|large,total_rel,38,16.0,1.1330307413094014,0.8916848746251999,2.2262168045925352
ZN.v.0,action_x_surprise,hold|large,total_rel,39,16.0,1.116597041102306,0.9287741382702889,2.2169506304055497
ZN.v.0,action_x_surprise,hold|medium,ask_rel,-5,21.0,1.535708475679193,1.2233359033667437,1.75660705807881
ZN.v.0,action_x_surprise,hold|medium,ask_rel,-4,21.0,1.0540518305224187,0.7595987547561397,1.315546879236484
ZN.v.0,action_x_surprise,hold|medium,ask_rel,-3,21.0,0.807668367982074,0.5322930212397052,1.0235947891044912
ZN.v.0,action_x_surprise,hold|medium,ask_rel,-2,21.0,0.5201560468140443,0.32833067829294876,0.676946800308404
ZN.v.0,action_x_surprise,hold|medium,ask_rel,-1,21.0,0.21572378609820533,0.11727078891257996,0.2686638135996196
ZN.v.0,action_x_surprise,hold|medium,ask_rel,0,21.0,0.19875776397515527,0.08893812312074695,0.2910278964563961
ZN.v.0,action_x_surprise,hold|medium,ask_rel,1,21.0,0.5119795936959096,0.3082766260484254,0.6690008079719904
ZN.v.0,action_x_surprise,hold|medium,ask_rel,2,21.0,0.686969930609098,0.4561185111415411,1.0420769919427038
ZN.v.0,action_x_surprise,hold|medium,ask_rel,3,21.0,0.7699194270367055,0.5708511650023775,0.8866255695523988
ZN.v.0,action_x_surprise,hold|medium,ask_rel,4,21.0,0.7366839205209551,0.6108561481247032,1.2009685230024214
ZN.v.0,action_x_surprise,hold|medium,ask_rel,5,21.0,0.8666047663262147,0.7200298767583717,1.4709193245778611
ZN.v.0,action_x_surprise,hold|medium,ask_rel,6,21.0,1.0038681726752283,0.6737209012822108,1.2593604810057393
ZN.v.0,action_x_surprise,hold|medium,ask_rel,7,21.0,0.986430972239512,0.695965047545618,1.8139908871616188
ZN.v.0,action_x_surprise,hold|medium,ask_rel,8,21.0,1.3024508483705899,0.7769643728648121,1.8740284106137766
ZN.v.0,action_x_surprise,hold|medium,ask_rel,9,21.0,1.2344080667247603,0.9136750709634329,1.6248447204968943
ZN.v.0,action_x_surprise,hold|medium,ask_rel,10,21.0,1.18817832693271,0.8552024817640648,1.7477243172951886
ZN.v.0,action_x_surprise,hold|medium,ask_rel,11,21.0,1.2472233648704236,0.9793152639087018,1.6322828235841378
ZN.v.0,action_x_surprise,hold|medium,ask_rel,12,21.0,1.1187347365972788,0.9891674404209223,1.5475037568876273
ZN.v.0,action_x_surprise,hold|medium,ask_rel,13,21.0,1.0996195910603899,0.959650475456181,1.615652640042884
ZN.v.0,action_x_surprise,hold|medium,ask_rel,14,21.0,1.3650359843308737,0.9976869699306091,1.8598174222497292
ZN.v.0,action_x_surprise,hold|medium,ask_rel,15,21.0,1.5387163561076604,1.1565533322487935,1.76892001077296
ZN.v.0,action_x_surprise,hold|medium,ask_rel,16,21.0,1.4135850224354014,1.072753209700428,1.8624396465336612
ZN.v.0,action_x_surprise,hold|medium,ask_rel,17,21.0,1.5955343644609838,0.8951119309130544,2.0662488809310653
ZN.v.0,action_x_surprise,hold|medium,ask_rel,18,21.0,1.4308131241084165,0.9657705793955585,2.108488612836439
ZN.v.0,action_x_surprise,hold|medium,ask_rel,19,21.0,1.410666244658965,0.9549979432332374,1.88272921108742
ZN.v.0,action_x_surprise,hold|medium,ask_rel,20,21.0,1.5815793638233897,1.0347123157394198,2.3864915572232643
ZN.v.0,action_x_surprise,hold|medium,ask_rel,21,21.0,1.4835948644793153,1.27274990663513,1.977953903616653
ZN.v.0,action_x_surprise,hold|medium,ask_rel,22,21.0,1.5467707824955264,1.04282251548613,2.125704377980061
ZN.v.0,action_x_surprise,hold|medium,ask_rel,23,21.0,1.7722567287784678,1.0357276235528445,2.17065021845284
ZN.v.0,action_x_surprise,hold|medium,ask_rel,24,21.0,1.7247508753029894,1.2546362339514978,2.6528195317482006
ZN.v.0,action_x_surprise,hold|medium,ask_rel,25,21.0,1.354104035711032,0.822819803970847,2.3908401671050594
ZN.v.0,action_x_surprise,hold|medium,ask_rel,26,21.0,1.556503198294243,1.2364915807991959,2.105640107430618
ZN.v.0,action_x_surprise,hold|medium,ask_rel,27,21.0,1.575130765572991,1.167440420922315,2.5800634496577057
ZN.v.0,action_x_surprise,hold|medium,ask_rel,28,21.0,1.5799259563965447,1.1541158791117048,2.0863039399624768
ZN.v.0,action_x_surprise,hold|medium,ask_rel,29,21.0,1.6550342294206044,1.1834499213708585,2.106832298136646
ZN.v.0,action_x_surprise,hold|medium,ask_rel,30,21.0,1.421602787456446,1.0359234056021522,2.161055750067331
ZN.v.0,action_x_surprise,hold|medium,ask_rel,31,21.0,1.6617669812780442,0.9855989871815161,2.2985794693111767
ZN.v.0,action_x_surprise,hold|medium,ask_rel,32,21.0,1.6103976481510134,0.9321548611975601,3.1369740376007162
ZN.v.0,action_x_surprise,hold|medium,ask_rel,33,21.0,1.475776397515528,0.9557774607703281,2.190245589761328
ZN.v.0,action_x_surprise,hold|medium,ask_rel,34,21.0,1.1800904977375566,0.7973020118618444,2.036089415566927
ZN.v.0,action_x_surprise,hold|medium,ask_rel,35,21.0,1.75722157288362,0.8183113943154188,2.4977225672877847
ZN.v.0,action_x_surprise,hold|medium,ask_rel,36,21.0,1.2753940056481734,0.8928171293414664,2.08564503097226
ZN.v.0,action_x_surprise,hold|medium,ask_rel,37,21.0,1.6310467340803498,0.8350553964894809,2.5424725359740057
ZN.v.0,action_x_surprise,hold|medium,ask_rel,38,21.0,1.3952245783937218,0.8357508174729605,2.3455684870188005
ZN.v.0,action_x_surprise,hold|medium,ask_rel,39,21.0,1.3617021276595744,0.976717400246812,1.9507413923096255
ZN.v.0,action_x_surprise,hold|medium,bid_rel,-5,21.0,1.3311221669430624,0.9370764762826719,1.594746716697936
ZN.v.0,action_x_surprise,hold|medium,bid_rel,-4,21.0,1.42242355605889,1.0322851153039831,1.5783086841107319
ZN.v.0,action_x_surprise,hold|medium,bid_rel,-3,21.0,0.8184931506849316,0.5885763989562192,1.0108842127086142
ZN.v.0,action_x_surprise,hold|medium,bid_rel,-2,21.0,0.4828992072480181,0.315948809687629,0.7315985130111524
ZN.v.0,action_x_surprise,hold|medium,bid_rel,-1,21.0,0.11153039832285115,0.08626887131560029,0.3215775502464922
ZN.v.0,action_x_surprise,hold|medium,bid_rel,0,21.0,0.20592520641087908,0.14671623296158612,0.2631778536215396
ZN.v.0,action_x_surprise,hold|medium,bid_rel,1,21.0,0.5072152287381025,0.3179795550210463,0.6182232818492795
ZN.v.0,action_x_surprise,hold|medium,bid_rel,2,21.0,0.7123287671232876,0.4491537085454796,0.8684110731892302
ZN.v.0,action_x_surprise,hold|medium,bid_rel,3,21.0,0.7551133222775014,0.4555622369212267,0.821917808219178
ZN.v.0,action_x_surprise,hold|medium,bid_rel,4,21.0,0.7638931532084741,0.5341759521037751,1.1405204460966543
ZN.v.0,action_x_surprise,hold|medium,bid_rel,5,21.0,0.9952912019826518,0.6140620202640467,1.3454683352294274
ZN.v.0,action_x_surprise,hold|medium,bid_rel,6,21.0,0.9355379822669543,0.6562577447335811,1.2036405005688282
ZN.v.0,action_x_surprise,hold|medium,bid_rel,7,21.0,0.9526641883519207,0.7995087503837888,1.1943450250536864
ZN.v.0,action_x_surprise,hold|medium,bid_rel,8,21.0,0.9399813413496424,0.6811907533677033,1.3410016774502755
ZN.v.0,action_x_surprise,hold|medium,bid_rel,9,21.0,1.0370063232092879,0.6602230483271375,1.4222222222222223
ZN.v.0,action_x_surprise,hold|medium,bid_rel,10,21.0,1.29789536981359,0.9017106407654393,1.7917448405253282
ZN.v.0,action_x_surprise,hold|medium,bid_rel,11,21.0,1.1122166943062466,0.8078040062551195,1.5275080906148868
ZN.v.0,action_x_surprise,hold|medium,bid_rel,12,21.0,1.2316196793808734,0.9402187738488934,1.7095614665708123
ZN.v.0,action_x_surprise,hold|medium,bid_rel,13,21.0,1.2743152717713897,0.9279568777858401,2.0530359355638166
ZN.v.0,action_x_surprise,hold|medium,bid_rel,14,21.0,0.9500551174425507,0.6630040427075775,1.8179749715585893
ZN.v.0,action_x_surprise,hold|medium,bid_rel,15,21.0,1.4681190591826823,1.0216154721274175,1.8109452736318408
ZN.v.0,action_x_surprise,hold|medium,bid_rel,16,21.0,1.2143580160398662,1.0698737221888155,1.599304146129313
ZN.v.0,action_x_surprise,hold|medium,bid_rel,17,21.0,1.5244570873516965,1.0324690492875497,2.057427179434021
ZN.v.0,action_x_surprise,hold|medium,bid_rel,18,21.0,1.4146341463414633,1.1503462655447168,1.9417808219178083
ZN.v.0,action_x_surprise,hold|medium,bid_rel,19,21.0,1.4872291309851813,1.2040889957907397,2.2225526641883517
ZN.v.0,action_x_surprise,hold|medium,bid_rel,20,21.0,1.4356770033773412,1.103705588060714,2.0385050962627407
ZN.v.0,action_x_surprise,hold|medium,bid_rel,21,21.0,1.5339269266195885,1.065716950733486,2.110079275198188
ZN.v.0,action_x_surprise,hold|medium,bid_rel,22,21.0,1.659985683607731,1.1597567716970703,2.885254027261462
ZN.v.0,action_x_surprise,hold|medium,bid_rel,23,21.0,1.4813886900501074,1.2502705953096813,2.1734820322180917
ZN.v.0,action_x_surprise,hold|medium,bid_rel,24,21.0,1.49020775932683,1.278724667175443,2.276592816843264
ZN.v.0,action_x_surprise,hold|medium,bid_rel,25,21.0,1.7279705250230273,1.4401668031871324,2.429062887023531
ZN.v.0,action_x_surprise,hold|medium,bid_rel,26,21.0,1.3090633295411453,1.159682899207248,2.171037628278221
ZN.v.0,action_x_surprise,hold|medium,bid_rel,27,21.0,1.4883720930232558,1.077064783543138,1.7542662116040955
ZN.v.0,action_x_surprise,hold|medium,bid_rel,28,21.0,1.5169614380979994,1.064065855404438,1.8986797666564323
ZN.v.0,action_x_surprise,hold|medium,bid_rel,29,21.0,1.3683775973579193,0.9960289651950479,2.3432879095389967
ZN.v.0,action_x_surprise,hold|medium,bid_rel,30,21.0,1.2824765063571033,0.9086987778576564,2.3548854740504495
ZN.v.0,action_x_surprise,hold|medium,bid_rel,31,21.0,1.2370941368839057,0.8225538971807629,1.817623579981578
ZN.v.0,action_x_surprise,hold|medium,bid_rel,32,21.0,1.243495387166995,0.8832827221054271,2.103905953735305
ZN.v.0,action_x_surprise,hold|medium,bid_rel,33,21.0,1.2943271432205545,0.9007241298761971,1.9960346964064437
ZN.v.0,action_x_surprise,hold|medium,bid_rel,34,21.0,1.4163522012578615,0.9423420943993395,2.591166477916195
ZN.v.0,action_x_surprise,hold|medium,bid_rel,35,21.0,1.2725998598458304,0.7078574377322141,2.318711276332094
ZN.v.0,action_x_surprise,hold|medium,bid_rel,36,21.0,1.3423395762972061,0.9712290038250457,2.5684931506849313
ZN.v.0,action_x_surprise,hold|medium,bid_rel,37,21.0,1.17191818684356,0.8707155742633794,2.122108456579446
ZN.v.0,action_x_surprise,hold|medium,bid_rel,38,21.0,1.1895809739524348,0.922222993131201,2.109541511771995
ZN.v.0,action_x_surprise,hold|medium,bid_rel,39,21.0,1.5113322277501382,1.0285159231249565,2.064476002902457
ZN.v.0,action_x_surprise,hold|medium,bid_share,-5,21.0,0.5121951219512195,0.3602015113350126,0.5739837398373984
ZN.v.0,action_x_surprise,hold|medium,bid_share,-4,21.0,0.5671029067817601,0.42735453079320257,0.7348267939201132
ZN.v.0,action_x_surprise,hold|medium,bid_share,-3,21.0,0.49083665338645416,0.4063285135620161,0.6709183673469388
ZN.v.0,action_x_surprise,hold|medium,bid_share,-2,21.0,0.5130789527095596,0.3880315865650675,0.6060983091796645
ZN.v.0,action_x_surprise,hold|medium,bid_share,-1,21.0,0.45994599459945995,0.34473170731707314,0.5866310160427808
ZN.v.0,action_x_surprise,hold|medium,bid_share,0,21.0,0.49102035795559384,0.4468650017774618,0.5498021481062747
ZN.v.0,action_x_surprise,hold|medium,bid_share,1,21.0,0.49176526438796375,0.46304010910668897,0.5449652714644169
ZN.v.0,action_x_surprise,hold|medium,bid_share,2,21.0,0.48714071624900035,0.4339096698548613,0.5352267791772662
ZN.v.0,action_x_surprise,hold|medium,bid_share,3,21.0,0.46224588947216877,0.41123639747995416,0.5471778450170008
ZN.v.0,action_x_surprise,hold|medium,bid_share,4,21.0,0.4930146353015094,0.4036660998059223,0.5495514354066986
ZN.v.0,action_x_surprise,hold|medium,bid_share,5,21.0,0.49859053694459365,0.4640776812134486,0.5884428095896679
ZN.v.0,action_x_surprise,hold|medium,bid_share,6,21.0,0.5133369930886927,0.39504062976366194,0.6137449262449262
ZN.v.0,action_x_surprise,hold|medium,bid_share,7,21.0,0.5077488994753663,0.48347974269660654,0.5859119496855345
ZN.v.0,action_x_surprise,hold|medium,bid_share,8,21.0,0.4771420103906756,0.41348990772961913,0.5643427449930862
ZN.v.0,action_x_surprise,hold|medium,bid_share,9,21.0,0.49245682995265816,0.3836607767799967,0.5591766062423231
ZN.v.0,action_x_surprise,hold|medium,bid_share,10,21.0,0.5189749010679243,0.4228703668377177,0.6341683904083353
ZN.v.0,action_x_surprise,hold|medium,bid_share,11,21.0,0.48059813851628796,0.40721015473174094,0.506297633140673
ZN.v.0,action_x_surprise,hold|medium,bid_share,12,21.0,0.5074617526846826,0.420691252482677,0.6047315325682944
ZN.v.0,action_x_surprise,hold|medium,bid_share,13,21.0,0.5304954699194449,0.4558295275017389,0.5948533087751611
ZN.v.0,action_x_surprise,hold|medium,bid_share,14,21.0,0.4563243072793054,0.3486475131460236,0.5346008377453537
ZN.v.0,action_x_surprise,hold|medium,bid_share,15,21.0,0.4717003859086383,0.42958626308959774,0.5974195716565041
ZN.v.0,action_x_surprise,hold|medium,bid_share,16,21.0,0.4602716124455255,0.42256360877684407,0.6068357655963947
ZN.v.0,action_x_surprise,hold|medium,bid_share,17,21.0,0.5263085929235889,0.42234418911103755,0.6616736941797188
ZN.v.0,action_x_surprise,hold|medium,bid_share,18,21.0,0.4822695874831697,0.4322786725224721,0.5761259656783988
ZN.v.0,action_x_surprise,hold|medium,bid_share,19,21.0,0.5961016990738939,0.4895322228726518,0.6502362511854957
ZN.v.0,action_x_surprise,hold|medium,bid_share,20,21.0,0.5190840741296349,0.43945591142744167,0.5673582546855627
ZN.v.0,action_x_surprise,hold|medium,bid_share,21,21.0,0.5145331172191979,0.4343382286047218,0.556912571759413
ZN.v.0,action_x_surprise,hold|medium,bid_share,22,21.0,0.5603330689928627,0.3544447115317164,0.6000780214162744
ZN.v.0,action_x_surprise,hold|medium,bid_share,23,21.0,0.478426701389194,0.3528632149732971,0.6183311853256105
ZN.v.0,action_x_surprise,hold|medium,bid_share,24,21.0,0.45126510044510093,0.36460292247739834,0.6339063998114047
ZN.v.0,action_x_surprise,hold|medium,bid_share,25,21.0,0.5277895093470957,0.4398989323171286,0.6672180616909504
ZN.v.0,action_x_surprise,hold|medium,bid_share,26,21.0,0.5097924778439277,0.35185829103867455,0.5703787696910981
ZN.v.0,action_x_surprise,hold|medium,bid_share,27,21.0,0.5121389981991595,0.3934084624889552,0.570242948206462
ZN.v.0,action_x_surprise,hold|medium,bid_share,28,21.0,0.516203327879353,0.3877349552981303,0.5731798374461418
ZN.v.0,action_x_surprise,hold|medium,bid_share,29,21.0,0.44098872866933936,0.37298844533735015,0.5592864364680783
ZN.v.0,action_x_surprise,hold|medium,bid_share,30,21.0,0.47806696135780335,0.42406587088700665,0.5308091795143647
ZN.v.0,action_x_surprise,hold|medium,bid_share,31,21.0,0.4618605919933991,0.4075561796120876,0.5197664784020054
ZN.v.0,action_x_surprise,hold|medium,bid_share,32,21.0,0.43627429404227436,0.40847464961121976,0.515757214272121
ZN.v.0,action_x_surprise,hold|medium,bid_share,33,21.0,0.49921837066909813,0.3816820410685683,0.5310776378896882
ZN.v.0,action_x_surprise,hold|medium,bid_share,34,21.0,0.5075511695906432,0.4322743211101632,0.578333593570427
ZN.v.0,action_x_surprise,hold|medium,bid_share,35,21.0,0.510989992940442,0.41379984494556243,0.546865671641791
ZN.v.0,action_x_surprise,hold|medium,bid_share,36,21.0,0.5000020111724653,0.42525499383146104,0.5790697674418605
ZN.v.0,action_x_surprise,hold|medium,bid_share,37,21.0,0.4430922176038916,0.3858991428068378,0.560610871654935
ZN.v.0,action_x_surprise,hold|medium,bid_share,38,21.0,0.5145003556851346,0.44679599051148333,0.5972255556337183
ZN.v.0,action_x_surprise,hold|medium,bid_share,39,21.0,0.509210266933092,0.45440099786796384,0.5759498930800924
ZN.v.0,action_x_surprise,hold|medium,total_rel,-5,21.0,1.3215502345099974,1.2307692307692308,1.4772030829232055
ZN.v.0,action_x_surprise,hold|medium,total_rel,-4,21.0,1.264417568427753,1.09103659314038,1.4254716329210144
ZN.v.0,action_x_surprise,hold|medium,total_rel,-3,21.0,0.797228080747213,0.7406292337799187,0.9319707529824262
ZN.v.0,action_x_surprise,hold|medium,total_rel,-2,21.0,0.528284244974287,0.36990701606086224,0.7526271893244371
ZN.v.0,action_x_surprise,hold|medium,total_rel,-1,21.0,0.22533894343151006,0.1278816051608007,0.30091743119266057
ZN.v.0,action_x_surprise,hold|medium,total_rel,0,21.0,0.20795613923243655,0.1724429416737109,0.32312894087544547
ZN.v.0,action_x_surprise,hold|medium,total_rel,1,21.0,0.5142959899298687,0.3282165305511609,0.6778982485404503
ZN.v.0,action_x_surprise,hold|medium,total_rel,2,21.0,0.7190323376943965,0.4829784521229121,0.8578680203045685
ZN.v.0,action_x_surprise,hold|medium,total_rel,3,21.0,0.6768026494053891,0.49533549858337367,0.9040157259196855
ZN.v.0,action_x_surprise,hold|medium,total_rel,4,21.0,0.7544156459362523,0.5880402907050873,1.172564272839389
ZN.v.0,action_x_surprise,hold|medium,total_rel,5,21.0,0.9998717236071322,0.7382365282023616,1.210511336685324
ZN.v.0,action_x_surprise,hold|medium,total_rel,6,21.0,0.8894904243080463,0.7548132092311616,1.402540436808919
ZN.v.0,action_x_surprise,hold|medium,total_rel,7,21.0,0.9985788725722407,0.8575772234123419,1.4113131682354016
ZN.v.0,action_x_surprise,hold|medium,total_rel,8,21.0,1.112927439532944,0.9103878199364622,1.315544183496299
ZN.v.0,action_x_surprise,hold|medium,total_rel,9,21.0,1.1380893606516909,1.087441741138239,1.3447866215845745
ZN.v.0,action_x_surprise,hold|medium,total_rel,10,21.0,1.1592765211442255,1.0499310675537972,1.5728776386731245
ZN.v.0,action_x_surprise,hold|medium,total_rel,11,21.0,1.175993237531699,0.9756484313059237,1.6342271768605001
ZN.v.0,action_x_surprise,hold|medium,total_rel,12,21.0,1.2279986408426775,1.0901803607214429,1.4833091436865022
ZN.v.0,action_x_surprise,hold|medium,total_rel,13,21.0,1.2142260191289813,1.0840992329486558,1.8532024310425432
ZN.v.0,action_x_surprise,hold|medium,total_rel,14,21.0,1.2441266598569969,1.1213047910295617,2.007256894049347
ZN.v.0,action_x_surprise,hold|medium,total_rel,15,21.0,1.3379412490743026,1.1555390472652984,1.6900750625521268
ZN.v.0,action_x_surprise,hold|medium,total_rel,16,21.0,1.338863471159191,1.1797387879206689,1.7644481887110361
ZN.v.0,action_x_surprise,hold|medium,total_rel,17,21.0,1.417601087325858,1.1267372179013133,1.9493400730131984
ZN.v.0,action_x_surprise,hold|medium,total_rel,18,21.0,1.551490389079766,1.1338250790305584,1.981857764876633
ZN.v.0,action_x_surprise,hold|medium,total_rel,19,21.0,1.507257375960535,1.1377024097921713,2.0290275761973877
ZN.v.0,action_x_surprise,hold|medium,total_rel,20,21.0,1.411630775068779,1.2442810108179758,1.8706467661691542
ZN.v.0,action_x_surprise,hold|medium,total_rel,21,21.0,1.5645574423678967,1.2303586321934945,2.356241234221599
ZN.v.0,action_x_surprise,hold|medium,total_rel,22,21.0,1.534199791291149,1.2398012945958152,2.238758636312153
ZN.v.0,action_x_surprise,hold|medium,total_rel,23,21.0,1.5744236789678399,1.2582406191693731,2.222072451558551
ZN.v.0,action_x_surprise,hold|medium,total_rel,24,21.0,1.6196111580726966,1.1908708402397041,2.2963218958281906
ZN.v.0,action_x_surprise,hold|medium,total_rel,25,21.0,1.5546288573811509,1.1514532454266877,2.1386340468909277
ZN.v.0,action_x_surprise,hold|medium,total_rel,26,21.0,1.5179316096747288,1.3222941442119525,2.116751269035533
ZN.v.0,action_x_surprise,hold|medium,total_rel,27,21.0,1.395411788590377,1.2109736714808927,2.269035532994924
ZN.v.0,action_x_surprise,hold|medium,total_rel,28,21.0,1.491582325351765,1.1640592219624768,2.234454638124363
ZN.v.0,action_x_surprise,hold|medium,total_rel,29,21.0,1.40116763969975,1.036791852323361,2.2748758091223844
ZN.v.0,action_x_surprise,hold|medium,total_rel,30,21.0,1.3368110488733056,1.0498620835985573,2.0156135916877282
ZN.v.0,action_x_surprise,hold|medium,total_rel,31,21.0,1.1550382350950803,0.9555663050238408,2.1012075259758496
ZN.v.0,action_x_surprise,hold|medium,total_rel,32,21.0,1.2547422024188415,0.9370138977432105,2.1675957232934295
ZN.v.0,action_x_surprise,hold|medium,total_rel,33,21.0,1.3136509503826215,0.9451404626501902,2.1252689998867367
ZN.v.0,action_x_surprise,hold|medium,total_rel,34,21.0,1.2643973742978953,0.8686877325009621,2.1776649746192893
ZN.v.0,action_x_surprise,hold|medium,total_rel,35,21.0,1.2463719766472061,0.8259905292813043,2.196012356079753
ZN.v.0,action_x_surprise,hold|medium,total_rel,36,21.0,1.3372132367868985,0.8606400612010711,2.0491561898289725
ZN.v.0,action_x_surprise,hold|medium,total_rel,37,21.0,1.419220187837966,0.9232336091661362,1.9979612640163098
ZN.v.0,action_x_surprise,hold|medium,total_rel,38,21.0,1.3991082439996205,0.8506863273991488,2.2321240403432183
ZN.v.0,action_x_surprise,hold|medium,total_rel,39,21.0,1.3505360022768238,0.8078541374474053,2.0532891765768477
ZN.v.0,action_x_surprise,hold|small,ask_rel,-5,26.0,1.4067008839087545,1.2331625608402947,1.725539265857992
ZN.v.0,action_x_surprise,hold|small,ask_rel,-4,26.0,1.280237181975572,1.0601730220437573,1.4231549865472473
ZN.v.0,action_x_surprise,hold|small,ask_rel,-3,26.0,0.7673799888947034,0.6227456755947595,0.8979987530269398
ZN.v.0,action_x_surprise,hold|small,ask_rel,-2,26.0,0.4942289510618182,0.36969162942840983,0.6407248753740803
ZN.v.0,action_x_surprise,hold|small,ask_rel,-1,26.0,0.20508758426355778,0.1393262084435276,0.2633185307209534
ZN.v.0,action_x_surprise,hold|small,ask_rel,0,26.0,0.19068551011955065,0.12602859137216002,0.2782142629132436
ZN.v.0,action_x_surprise,hold|small,ask_rel,1,26.0,0.5901075410159167,0.2958149192509933,0.7367059510817392
ZN.v.0,action_x_surprise,hold|small,ask_rel,2,26.0,0.7684971098265896,0.398143890389994,1.0491719765677086
ZN.v.0,action_x_surprise,hold|small,ask_rel,3,26.0,0.8203530147048865,0.4637604905426219,1.4698298811530977
ZN.v.0,action_x_surprise,hold|small,ask_rel,4,26.0,0.7903622357931954,0.4045575717791764,1.283843193843194
ZN.v.0,action_x_surprise,hold|small,ask_rel,5,26.0,1.0266517022072579,0.6209478494291676,1.4868141193130573
ZN.v.0,action_x_surprise,hold|small,ask_rel,6,26.0,0.9960017761518746,0.5701336180460428,1.5563567912486949
ZN.v.0,action_x_surprise,hold|small,ask_rel,7,26.0,1.1445941074030572,0.7974589039651407,1.6408061618960088
ZN.v.0,action_x_surprise,hold|small,ask_rel,8,26.0,1.2189554014529125,0.9054081864824406,1.607705939873772
ZN.v.0,action_x_surprise,hold|small,ask_rel,9,26.0,1.2572655729195883,0.7776969416067758,1.6782360643471754
ZN.v.0,action_x_surprise,hold|small,ask_rel,10,26.0,1.2248404951439067,0.7740735445847163,1.5393083528796014
ZN.v.0,action_x_surprise,hold|small,ask_rel,11,26.0,1.2319355035729553,0.8404377568438123,1.6308647897550799
ZN.v.0,action_x_surprise,hold|small,ask_rel,12,26.0,1.5243671731610386,0.9854044280948294,2.0337324309581564
ZN.v.0,action_x_surprise,hold|small,ask_rel,13,26.0,1.3871167841636927,1.0630064595064779,2.0263734440727466
ZN.v.0,action_x_surprise,hold|small,ask_rel,14,26.0,1.2487377751382365,0.8470929479519242,2.2635599036820215
ZN.v.0,action_x_surprise,hold|small,ask_rel,15,26.0,1.2997942198646424,0.9964060697575201,2.1958973281837393
ZN.v.0,action_x_surprise,hold|small,ask_rel,16,26.0,1.5224150279575297,1.0465578608670096,2.1575541765636963
ZN.v.0,action_x_surprise,hold|small,ask_rel,17,26.0,1.6655970547572858,1.0854717672427912,2.5257055773337997
ZN.v.0,action_x_surprise,hold|small,ask_rel,18,26.0,1.9032413614025996,1.2921822033585095,2.730086517588661
ZN.v.0,action_x_surprise,hold|small,ask_rel,19,26.0,1.6112037320352126,1.11696112754899,2.7102842447386615
ZN.v.0,action_x_surprise,hold|small,ask_rel,20,26.0,1.4380641712892492,1.2122944780466511,2.409274004683841
ZN.v.0,action_x_surprise,hold|small,ask_rel,21,26.0,1.818499703795815,1.2725228940686224,2.4865359322331497
ZN.v.0,action_x_surprise,hold|small,ask_rel,22,26.0,1.8193704565286317,1.252687320486203,2.5218124314101864
ZN.v.0,action_x_surprise,hold|small,ask_rel,23,26.0,1.5145798162944384,1.2002741301117688,2.166300340160327
ZN.v.0,action_x_surprise,hold|small,ask_rel,24,26.0,1.6691912919553613,1.1537641389673383,2.4428155601706187
ZN.v.0,action_x_surprise,hold|small,ask_rel,25,26.0,1.682558404332374,1.1736356120407379,2.4238279753033853
ZN.v.0,action_x_surprise,hold|small,ask_rel,26,26.0,1.609870204297092,1.1944012592794124,2.7738606424251215
ZN.v.0,action_x_surprise,hold|small,ask_rel,27,26.0,1.4118618941068077,1.1937840529734107,2.022932004094983
ZN.v.0,action_x_surprise,hold|small,ask_rel,28,26.0,1.5059277268759867,1.1485655654559421,2.1282994383387406
ZN.v.0,action_x_surprise,hold|small,ask_rel,29,26.0,1.4802403794115433,1.169537906451052,2.1290377732221035
ZN.v.0,action_x_surprise,hold|small,ask_rel,30,26.0,1.687942616137672,0.876312148982353,2.1634911186946715
ZN.v.0,action_x_surprise,hold|small,ask_rel,31,26.0,1.5999087187702907,1.1262575792928184,2.426334070551676
ZN.v.0,action_x_surprise,hold|small,ask_rel,32,26.0,1.553960694266428,0.8711850829058927,2.129695917163766
ZN.v.0,action_x_surprise,hold|small,ask_rel,33,26.0,1.5294065993280337,0.9817602467626243,2.2591075738457147
ZN.v.0,action_x_surprise,hold|small,ask_rel,34,26.0,1.6508711064719432,0.8174791715042958,2.0695843251080963
ZN.v.0,action_x_surprise,hold|small,ask_rel,35,26.0,1.4724683442388242,1.089741508565222,2.4105107921708497
ZN.v.0,action_x_surprise,hold|small,ask_rel,36,26.0,1.6032883329760883,1.0081153764329318,2.1694044374233075
ZN.v.0,action_x_surprise,hold|small,ask_rel,37,26.0,1.5097780579951097,0.9346832704376651,2.107104615761574
ZN.v.0,action_x_surprise,hold|small,ask_rel,38,26.0,1.5364076635446455,0.9863375573373955,2.532854547622975
ZN.v.0,action_x_surprise,hold|small,ask_rel,39,26.0,1.2936863099891185,0.8713565111783734,2.291855478388115
ZN.v.0,action_x_surprise,hold|small,bid_rel,-5,26.0,1.4517219246261264,1.189517610189852,1.7774390214274596
ZN.v.0,action_x_surprise,hold|small,bid_rel,-4,26.0,1.1666637107580968,0.9519207605537234,1.3028985886250064
ZN.v.0,action_x_surprise,hold|small,bid_rel,-3,26.0,0.8496023299861584,0.7171094919529819,1.0172708901107077
ZN.v.0,action_x_surprise,hold|small,bid_rel,-2,26.0,0.6126954267126657,0.3379192105043071,0.750564076562302
ZN.v.0,action_x_surprise,hold|small,bid_rel,-1,26.0,0.22847638485843214,0.1325088240520929,0.35132776757696155
ZN.v.0,action_x_surprise,hold|small,bid_rel,0,26.0,0.18097971792683543,0.11715684053068812,0.2897917909372036
ZN.v.0,action_x_surprise,hold|small,bid_rel,1,26.0,0.4761205168197311,0.353096515498478,0.7286766624839435
ZN.v.0,action_x_surprise,hold|small,bid_rel,2,26.0,0.6052150482095708,0.43862158891172554,0.9206636368337001
ZN.v.0,action_x_surprise,hold|small,bid_rel,3,26.0,0.7609354232275214,0.4511762587317303,1.181527717221093
ZN.v.0,action_x_surprise,hold|small,bid_rel,4,26.0,0.868212673486416,0.5370946951091075,1.432042679659462
ZN.v.0,action_x_surprise,hold|small,bid_rel,5,26.0,0.860801316431224,0.5498666033093276,1.386619158673484
ZN.v.0,action_x_surprise,hold|small,bid_rel,6,26.0,1.0593698139917926,0.6368580248192421,1.6199722593268757
ZN.v.0,action_x_surprise,hold|small,bid_rel,7,26.0,0.9598812809778416,0.6625520158944578,1.8726873659029817
ZN.v.0,action_x_surprise,hold|small,bid_rel,8,26.0,0.9183325629331618,0.6399307773001975,1.6250347882417269
ZN.v.0,action_x_surprise,hold|small,bid_rel,9,26.0,1.192253825264071,0.8213950909342418,1.6656665291458048
ZN.v.0,action_x_surprise,hold|small,bid_rel,10,26.0,1.3355289259887675,0.809930881675404,2.106324044443018
ZN.v.0,action_x_surprise,hold|small,bid_rel,11,26.0,1.335350319551853,0.858909201605801,1.7914491784284512
ZN.v.0,action_x_surprise,hold|small,bid_rel,12,26.0,1.0141949311725722,0.8196582511168514,1.5529075216452741
ZN.v.0,action_x_surprise,hold|small,bid_rel,13,26.0,1.422047860408732,0.9356917765675562,1.8492673313016141
ZN.v.0,action_x_surprise,hold|small,bid_rel,14,26.0,1.4400177259913067,0.9839990994568245,1.783472871702246
ZN.v.0,action_x_surprise,hold|small,bid_rel,15,26.0,1.3330273803246588,1.062735212691148,2.036505895454702
ZN.v.0,action_x_surprise,hold|small,bid_rel,16,26.0,1.3202866611151491,0.9592671678838075,1.9065131075982147
ZN.v.0,action_x_surprise,hold|small,bid_rel,17,26.0,1.3200826851581011,0.921705493003109,1.8253264147762396
ZN.v.0,action_x_surprise,hold|small,bid_rel,18,26.0,1.4016474844191222,1.026487783423178,2.266996242637293
ZN.v.0,action_x_surprise,hold|small,bid_rel,19,26.0,1.5844166400107502,1.1019455613900795,2.174639885793384
ZN.v.0,action_x_surprise,hold|small,bid_rel,20,26.0,1.6215431220764538,1.0150031306887273,2.420218096179709
ZN.v.0,action_x_surprise,hold|small,bid_rel,21,26.0,1.5464901801995046,1.1282309377905617,2.571211383987431
ZN.v.0,action_x_surprise,hold|small,bid_rel,22,26.0,1.6049643094585608,1.2089268050050228,2.5230065736638227
ZN.v.0,action_x_surprise,hold|small,bid_rel,23,26.0,1.6719116785547201,1.1429901187056475,2.8900311662756115
ZN.v.0,action_x_surprise,hold|small,bid_rel,24,26.0,1.6928816933958575,0.9926761388307113,2.5396201052179137
ZN.v.0,action_x_surprise,hold|small,bid_rel,25,26.0,1.543048138049019,1.1500429420148164,2.430017246407523
ZN.v.0,action_x_surprise,hold|small,bid_rel,26,26.0,1.6360848687452294,1.1770808355373412,2.543169922677926
ZN.v.0,action_x_surprise,hold|small,bid_rel,27,26.0,1.8628028923913347,0.9657119949068279,2.5623280858660573
ZN.v.0,action_x_surprise,hold|small,bid_rel,28,26.0,1.7588283768373958,1.0406241521724555,2.7984208118273957
ZN.v.0,action_x_surprise,hold|small,bid_rel,29,26.0,1.3381879482454546,0.9442049745543829,2.421836586467207
ZN.v.0,action_x_surprise,hold|small,bid_rel,30,26.0,1.2193782620699989,0.9228721920484586,2.171341316402797
ZN.v.0,action_x_surprise,hold|small,bid_rel,31,26.0,1.2279212978581346,0.8231747834830918,2.965973820212003
ZN.v.0,action_x_surprise,hold|small,bid_rel,32,26.0,1.271998170821708,0.9732962428944433,3.132467282172497
ZN.v.0,action_x_surprise,hold|small,bid_rel,33,26.0,1.223942091125883,1.0462315576862515,3.7520598127233167
ZN.v.0,action_x_surprise,hold|small,bid_rel,34,26.0,1.352915140226684,1.0472734979307072,3.4411884564299955
ZN.v.0,action_x_surprise,hold|small,bid_rel,35,26.0,1.1734937372126275,0.8386255752789747,2.64347175501238
ZN.v.0,action_x_surprise,hold|small,bid_rel,36,26.0,1.109205357299584,0.7529618014765215,2.72557201166303
ZN.v.0,action_x_surprise,hold|small,bid_rel,37,26.0,1.0656443710390975,0.9623031136693284,2.122823420437401
ZN.v.0,action_x_surprise,hold|small,bid_rel,38,26.0,1.1674806664816109,0.9218416617560541,2.0483227800133017
ZN.v.0,action_x_surprise,hold|small,bid_rel,39,26.0,1.3326502923120258,0.9009534965326491,2.3251742933198125
ZN.v.0,action_x_surprise,hold|small,bid_share,-5,26.0,0.4950061082459539,0.37963661487977707,0.5636350750480783
ZN.v.0,action_x_surprise,hold|small,bid_share,-4,26.0,0.49359672948211764,0.4000241012632657,0.6034709641078535
ZN.v.0,action_x_surprise,hold|small,bid_share,-3,26.0,0.5067830718488869,0.4158551511402312,0.6257602807602085
ZN.v.0,action_x_surprise,hold|small,bid_share,-2,26.0,0.4890457374348422,0.41641855387920046,0.634400827031175
ZN.v.0,action_x_surprise,hold|small,bid_share,-1,26.0,0.4836628464875464,0.441572134083404,0.6604116963706005
ZN.v.0,action_x_surprise,hold|small,bid_share,0,26.0,0.4666414325981079,0.4038898161552714,0.5532409539256627
ZN.v.0,action_x_surprise,hold|small,bid_share,1,26.0,0.49134761521762493,0.44285727148441717,0.5082266574114568
ZN.v.0,action_x_surprise,hold|small,bid_share,2,26.0,0.5041181176209175,0.43434116516720295,0.5420469243801237
ZN.v.0,action_x_surprise,hold|small,bid_share,3,26.0,0.46840257359425286,0.37963858946131634,0.5686959105238917
ZN.v.0,action_x_surprise,hold|small,bid_share,4,26.0,0.4924422580588395,0.4524425621507496,0.5645634000913042
ZN.v.0,action_x_surprise,hold|small,bid_share,5,26.0,0.4840561468380894,0.46397984716023954,0.5247010621870406
ZN.v.0,action_x_surprise,hold|small,bid_share,6,26.0,0.5144529372975972,0.45171435228092405,0.5913104560747722
ZN.v.0,action_x_surprise,hold|small,bid_share,7,26.0,0.48896963641888147,0.41589140642540895,0.562251619725096
ZN.v.0,action_x_surprise,hold|small,bid_share,8,26.0,0.5033219018341268,0.41608092842477495,0.5655937683837031
ZN.v.0,action_x_surprise,hold|small,bid_share,9,26.0,0.5296224754735188,0.4376329273125662,0.5823918838703366
ZN.v.0,action_x_surprise,hold|small,bid_share,10,26.0,0.535261226397391,0.46248710162994466,0.6089852907692639
ZN.v.0,action_x_surprise,hold|small,bid_share,11,26.0,0.5226236045589708,0.4517020089512677,0.5934310669280111
ZN.v.0,action_x_surprise,hold|small,bid_share,12,26.0,0.43530626291858165,0.3710018313498852,0.5106218898788408
ZN.v.0,action_x_surprise,hold|small,bid_share,13,26.0,0.5122960936259955,0.4265705381410058,0.5825346316662654
ZN.v.0,action_x_surprise,hold|small,bid_share,14,26.0,0.5533534797464599,0.4398571236037647,0.5984111193873118
ZN.v.0,action_x_surprise,hold|small,bid_share,15,26.0,0.5340082866503238,0.4437504321414016,0.5646373814429382
ZN.v.0,action_x_surprise,hold|small,bid_share,16,26.0,0.4610398611700801,0.4287057555427727,0.5667202798769666
ZN.v.0,action_x_surprise,hold|small,bid_share,17,26.0,0.4718205390592176,0.38318830909708745,0.537094543457383
ZN.v.0,action_x_surprise,hold|small,bid_share,18,26.0,0.4415359435227867,0.37809690182966643,0.5803902545759332
ZN.v.0,action_x_surprise,hold|small,bid_share,19,26.0,0.5042459674157574,0.40992553716623387,0.5717794685714419
ZN.v.0,action_x_surprise,hold|small,bid_share,20,26.0,0.5060292879687938,0.42195847832414773,0.5749650247941469
ZN.v.0,action_x_surprise,hold|small,bid_share,21,26.0,0.46719461823735725,0.4020840202807334,0.5370680173643807
ZN.v.0,action_x_surprise,hold|small,bid_share,22,26.0,0.49057013052443954,0.41932027114845943,0.5698039354286989
ZN.v.0,action_x_surprise,hold|small,bid_share,23,26.0,0.545805472581606,0.4750731789113282,0.6051537558989661
ZN.v.0,action_x_surprise,hold|small,bid_share,24,26.0,0.5347708735978276,0.41699816550651797,0.5816112271496741
ZN.v.0,action_x_surprise,hold|small,bid_share,25,26.0,0.5168705147777675,0.41473575971118465,0.5668289463296218
ZN.v.0,action_x_surprise,hold|small,bid_share,26,26.0,0.5074581003113432,0.43979665594333517,0.5959714637347617
ZN.v.0,action_x_surprise,hold|small,bid_share,27,26.0,0.5312702823186073,0.4432473404939641,0.622898161642642
ZN.v.0,action_x_surprise,hold|small,bid_share,28,26.0,0.4991332954418052,0.42031302273141874,0.6486963397426498
ZN.v.0,action_x_surprise,hold|small,bid_share,29,26.0,0.5201899322652109,0.41673133614997654,0.5647825455564301
ZN.v.0,action_x_surprise,hold|small,bid_share,30,26.0,0.4752708212230329,0.396266564094595,0.5587903936070376
ZN.v.0,action_x_surprise,hold|small,bid_share,31,26.0,0.4366809036063066,0.4023836743316216,0.5282847258839023
ZN.v.0,action_x_surprise,hold|small,bid_share,32,26.0,0.5459963641949375,0.4519799621866875,0.6248666011839974
ZN.v.0,action_x_surprise,hold|small,bid_share,33,26.0,0.5039881156754811,0.4342859475270835,0.6140110825633551
ZN.v.0,action_x_surprise,hold|small,bid_share,34,26.0,0.5227843382008611,0.44630042696164157,0.6178793739710106
ZN.v.0,action_x_surprise,hold|small,bid_share,35,26.0,0.4518703410246079,0.40229930802935965,0.5369789503596935
ZN.v.0,action_x_surprise,hold|small,bid_share,36,26.0,0.4586746701249116,0.4025875492730616,0.5179114425975834
ZN.v.0,action_x_surprise,hold|small,bid_share,37,26.0,0.48740480546939413,0.42230061335705127,0.5227318216388246
ZN.v.0,action_x_surprise,hold|small,bid_share,38,26.0,0.4732272551897581,0.43767375755614907,0.516640077939965
ZN.v.0,action_x_surprise,hold|small,bid_share,39,26.0,0.5296310532944648,0.4113118165925241,0.5706237856796317
ZN.v.0,action_x_surprise,hold|small,total_rel,-5,26.0,1.4647608601398225,1.2480006416457576,1.6031235177010301
ZN.v.0,action_x_surprise,hold|small,total_rel,-4,26.0,1.1780959337533305,1.087523056017265,1.3446846130244925
ZN.v.0,action_x_surprise,hold|small,total_rel,-3,26.0,0.7699876827201813,0.653685216004072,0.9323952051224779
ZN.v.0,action_x_surprise,hold|small,total_rel,-2,26.0,0.5261051899738082,0.4012143607237699,0.7006495454267256
ZN.v.0,action_x_surprise,hold|small,total_rel,-1,26.0,0.25064823790071317,0.14905022331907902,0.33911573898775715
ZN.v.0,action_x_surprise,hold|small,total_rel,0,26.0,0.2201973397930626,0.1469967304859313,0.28675080659100494
ZN.v.0,action_x_surprise,hold|small,total_rel,1,26.0,0.48591809953290027,0.3520556782064561,0.7834996199648996
ZN.v.0,action_x_surprise,hold|small,total_rel,2,26.0,0.6560983688588539,0.39827379574319566,0.9151749418863281
ZN.v.0,action_x_surprise,hold|small,total_rel,3,26.0,0.7830241406397512,0.48414188884921505,1.1972337168751241
ZN.v.0,action_x_surprise,hold|small,total_rel,4,26.0,0.7672860408497751,0.5081022801238684,1.3601244429775867
ZN.v.0,action_x_surprise,hold|small,total_rel,5,26.0,0.8446461336946076,0.551684416356879,1.4228557664861525
ZN.v.0,action_x_surprise,hold|small,total_rel,6,26.0,1.029652215807389,0.6813414787102139,1.4771188489659741
ZN.v.0,action_x_surprise,hold|small,total_rel,7,26.0,0.9251124414481755,0.6819771378977342,1.5036374958233347
ZN.v.0,action_x_surprise,hold|small,total_rel,8,26.0,1.0627909773929523,0.7541444705922946,1.5414517452741698
ZN.v.0,action_x_surprise,hold|small,total_rel,9,26.0,1.2186989224699647,0.8259722362357185,1.700182547692921
ZN.v.0,action_x_surprise,hold|small,total_rel,10,26.0,1.1903699687108977,0.8661182805288388,1.6255222748553129
ZN.v.0,action_x_surprise,hold|small,total_rel,11,26.0,1.2548711106826063,0.843275928270933,1.6549029986160106
ZN.v.0,action_x_surprise,hold|small,total_rel,12,26.0,1.287886832241671,0.8442317449156658,1.6481977783444655
ZN.v.0,action_x_surprise,hold|small,total_rel,13,26.0,1.4060377925566452,0.8721228595470327,1.7639230672941497
ZN.v.0,action_x_surprise,hold|small,total_rel,14,26.0,1.2921481737823006,0.9756247912387059,1.8323215538753839
ZN.v.0,action_x_surprise,hold|small,total_rel,15,26.0,1.3497878379106072,1.0899882350552685,1.8976255475805424
ZN.v.0,action_x_surprise,hold|small,total_rel,16,26.0,1.2921016988981848,1.096845849881568,1.779944775045694
ZN.v.0,action_x_surprise,hold|small,total_rel,17,26.0,1.3831585844183432,1.1978298317496485,1.7462476109952232
ZN.v.0,action_x_surprise,hold|small,total_rel,18,26.0,1.5044402211330907,1.1623603521206596,1.9253776562924694
ZN.v.0,action_x_surprise,hold|small,total_rel,19,26.0,1.5281217374892793,1.2229210607697174,1.8081538220553888
ZN.v.0,action_x_surprise,hold|small,total_rel,20,26.0,1.5112709687604355,1.259066105883038,2.0884201086856944
ZN.v.0,action_x_surprise,hold|small,total_rel,21,26.0,1.5511941380531926,1.2491209813785749,2.137125843979532
ZN.v.0,action_x_surprise,hold|small,total_rel,22,26.0,1.6076811577051149,1.2285622502823306,2.055016522841131
ZN.v.0,action_x_surprise,hold|small,total_rel,23,26.0,1.620814343007663,1.1548860730676505,2.0615267924865033
ZN.v.0,action_x_surprise,hold|small,total_rel,24,26.0,1.6622681383778954,1.1671784928181408,2.1344830344802235
ZN.v.0,action_x_surprise,hold|small,total_rel,25,26.0,1.594712001036723,1.1487480924269997,2.177809146626969
ZN.v.0,action_x_surprise,hold|small,total_rel,26,26.0,1.5594209211871919,1.1646983715448562,2.162808184068446
ZN.v.0,action_x_surprise,hold|small,total_rel,27,26.0,1.6067022698891966,1.1289332632617965,2.1783678360281415
ZN.v.0,action_x_surprise,hold|small,total_rel,28,26.0,1.5145766171899824,1.133030570709436,2.241466710849645
ZN.v.0,action_x_surprise,hold|small,total_rel,29,26.0,1.3217023777647536,1.0578546704402398,1.901956225443346
ZN.v.0,action_x_surprise,hold|small,total_rel,30,26.0,1.3733018312562004,0.9520079167121954,2.010532052355825
ZN.v.0,action_x_surprise,hold|small,total_rel,31,26.0,1.3321556204497687,0.9525329681076906,2.3410821680054337
ZN.v.0,action_x_surprise,hold|small,total_rel,32,26.0,1.3241896470543622,0.8492214161443579,2.07878603053411
ZN.v.0,action_x_surprise,hold|small,total_rel,33,26.0,1.3917153538965086,0.880251822082575,2.261243073204518
ZN.v.0,action_x_surprise,hold|small,total_rel,34,26.0,1.3105939495362977,0.9997560746904421,1.9153195278954147
ZN.v.0,action_x_surprise,hold|small,total_rel,35,26.0,1.2427890832668393,0.9795738978542592,2.067523825904163
ZN.v.0,action_x_surprise,hold|small,total_rel,36,26.0,1.245697779750094,0.8701543873956683,2.025616816498795
ZN.v.0,action_x_surprise,hold|small,total_rel,37,26.0,1.221899148857898,0.829545064947105,1.955863588170691
ZN.v.0,action_x_surprise,hold|small,total_rel,38,26.0,1.1776274509235432,0.9378704591392004,2.078815306223658
ZN.v.0,action_x_surprise,hold|small,total_rel,39,26.0,1.25830590918983,0.875947029156894,1.8466232827325542
ZN.v.0,control,control,ask_rel,-5,141.0,1.0059235325794291,0.8402291534054742,1.2348180801368511
ZN.v.0,control,control,ask_rel,-4,141.0,1.0070996331062085,0.8695574509891484,1.1881018617590413
ZN.v.0,control,control,ask_rel,-3,141.0,0.9934450109249818,0.8236002408187839,1.1218732270875238
ZN.v.0,control,control,ask_rel,-2,141.0,0.9755322988090942,0.805276899821355,1.0973230960780245
ZN.v.0,control,control,ask_rel,-1,141.0,0.9231968810916179,0.7303110010830883,1.119065010956903
ZN.v.0,control,control,ask_rel,0,141.0,0.9627605056371712,0.7017543859649122,1.1078462019381057
ZN.v.0,control,control,ask_rel,1,141.0,0.9862118271882341,0.7686070527040465,1.2929794095757876
ZN.v.0,control,control,ask_rel,2,141.0,1.0085284540238797,0.7237093197173655,1.2509153564505708
ZN.v.0,control,control,ask_rel,3,141.0,0.9439384220654266,0.7241515911791893,1.2614248737641618
ZN.v.0,control,control,ask_rel,4,141.0,0.9271523178807947,0.7025703794369645,1.2213422259274698
ZN.v.0,control,control,ask_rel,5,141.0,0.9697838779063812,0.7127250346207109,1.1932310114128295
ZN.v.0,control,control,ask_rel,6,141.0,0.9030025445292621,0.6347965167940288,1.2112217930473674
ZN.v.0,control,control,ask_rel,7,141.0,0.9315662248895558,0.6881108406665418,1.2528655783258076
ZN.v.0,control,control,ask_rel,8,141.0,1.0301150575287643,0.7013970492231362,1.315730222085764
ZN.v.0,control,control,ask_rel,9,141.0,0.9875157806143919,0.7473454210909648,1.276839627469041
ZN.v.0,control,control,bid_rel,-5,141.0,0.9808520112809856,0.8301250095866247,1.1495661051556916
ZN.v.0,control,control,bid_rel,-4,141.0,0.9985974754558204,0.832388803022497,1.1327519379844961
ZN.v.0,control,control,bid_rel,-3,141.0,1.006192312186003,0.8525590859289404,1.1577574967405475
ZN.v.0,control,control,bid_rel,-2,141.0,1.0174517374517376,0.8434017595307918,1.1578224283015628
ZN.v.0,control,control,bid_rel,-1,141.0,0.9603925692253767,0.7653743315508021,1.2170203210957673
ZN.v.0,control,control,bid_rel,0,141.0,0.9091602083598018,0.6793352945853542,1.2242233228275552
ZN.v.0,control,control,bid_rel,1,141.0,0.9184883917980003,0.6848036425725669,1.2112978190918842
ZN.v.0,control,control,bid_rel,2,141.0,0.9296543359611886,0.6671687414167368,1.2550930026572187
ZN.v.0,control,control,bid_rel,3,141.0,0.9371822803195352,0.7112352823787668,1.2490332559938129
ZN.v.0,control,control,bid_rel,4,141.0,0.9517430877554525,0.7587366185968327,1.3277337066417794
ZN.v.0,control,control,bid_rel,5,141.0,0.9515570934256056,0.7265778438345984,1.238938053097345
ZN.v.0,control,control,bid_rel,6,141.0,1.0350955395084842,0.7280547409579667,1.3333333333333333
ZN.v.0,control,control,bid_rel,7,141.0,0.9970674486803519,0.7007495999326202,1.322569794820047
ZN.v.0,control,control,bid_rel,8,141.0,0.9074376787903555,0.6434108527131783,1.2806826434277414
ZN.v.0,control,control,bid_rel,9,141.0,0.9774586076201875,0.7028073572120038,1.3553440579466016
ZN.v.0,control,control,bid_share,-5,141.0,0.5044004400440044,0.37282972890648797,0.6250964258164052
ZN.v.0,control,control,bid_share,-4,141.0,0.507824300902757,0.39021922428330524,0.6104039845047039
ZN.v.0,control,control,bid_share,-3,141.0,0.5168011463608206,0.37624656526792105,0.6193193397187691
ZN.v.0,control,control,bid_share,-2,141.0,0.5190301663377502,0.4234301039984386,0.6391408114558472
ZN.v.0,control,control,bid_share,-1,141.0,0.516025641025641,0.4082514267596703,0.65469388698953
ZN.v.0,control,control,bid_share,0,141.0,0.5122931463798943,0.38678000339125496,0.5935486341513565
ZN.v.0,control,control,bid_share,1,141.0,0.4842931592976417,0.35456369107321967,0.5941076211346482
ZN.v.0,control,control,bid_share,2,141.0,0.5087446850979374,0.36163454679072027,0.603502974905879
ZN.v.0,control,control,bid_share,3,141.0,0.512442292773746,0.36964980544747084,0.6227358604744554
ZN.v.0,control,control,bid_share,4,141.0,0.541095890410959,0.3598893096417128,0.6520779698418536
ZN.v.0,control,control,bid_share,5,141.0,0.5170030754985284,0.37963891675025074,0.6330155390433319
ZN.v.0,control,control,bid_share,6,141.0,0.5378877044203638,0.41058992140469464,0.6506771088268886
ZN.v.0,control,control,bid_share,7,141.0,0.5283381364073007,0.3761377443404388,0.6385321470629679
ZN.v.0,control,control,bid_share,8,141.0,0.4853415828097494,0.3592814371257485,0.6262954701893009
ZN.v.0,control,control,bid_share,9,141.0,0.5076066505624517,0.4014250410921548,0.6315032979361674
ZN.v.0,control,control,total_rel,-5,141.0,0.9988685000245978,0.9532864064356888,1.0566702554565919
ZN.v.0,control,control,total_rel,-4,141.0,1.002673510854454,0.9678911816415287,1.0516187895711797
ZN.v.0,control,control,total_rel,-3,141.0,0.988618488017026,0.9521627040962475,1.0303848750844025
ZN.v.0,control,control,total_rel,-2,141.0,0.9900630883034689,0.9125545952978348,1.036977706581231
ZN.v.0,control,control,total_rel,-1,141.0,0.9379750976656467,0.8629202332216847,1.017473503294185
ZN.v.0,control,control,total_rel,0,141.0,0.9270724891786751,0.846873052150426,1.017556471011087
ZN.v.0,control,control,total_rel,1,141.0,0.9468966131378195,0.8332433890987587,1.063888285941683
ZN.v.0,control,control,total_rel,2,141.0,0.9516004556980633,0.8406915714726767,1.0813654046353625
ZN.v.0,control,control,total_rel,3,141.0,0.9532648326151807,0.8769316629139965,1.0765689424025497
ZN.v.0,control,control,total_rel,4,141.0,0.9662038829581282,0.8633784956283789,1.097966728280961
ZN.v.0,control,control,total_rel,5,141.0,0.9537436596260126,0.8655954027881239,1.0731431798926856
ZN.v.0,control,control,total_rel,6,141.0,0.9591974534580882,0.8748825013605106,1.068840858395508
ZN.v.0,control,control,total_rel,7,141.0,0.9758309487123047,0.8562895711384542,1.0998863753744448
ZN.v.0,control,control,total_rel,8,141.0,0.9732775751104784,0.8684604715672677,1.1004716561359793
ZN.v.0,control,control,total_rel,9,141.0,0.9910497699707236,0.8696967309964553,1.124687712923007
ZN.v.0,surprise,large,ask_rel,-5,31.0,1.6714897557587685,1.207116704841734,1.8019723923186626
ZN.v.0,surprise,large,ask_rel,-4,31.0,1.2125337401713414,0.9556175203347751,1.3891031026180796
ZN.v.0,surprise,large,ask_rel,-3,31.0,0.7076923076923077,0.4998341408374314,0.9004576142048935
ZN.v.0,surprise,large,ask_rel,-2,31.0,0.4671033893477642,0.2633212491001672,0.7999612979035016
ZN.v.0,surprise,large,ask_rel,-1,31.0,0.1865778200856735,0.11214821731658796,0.371841934787303
ZN.v.0,surprise,large,ask_rel,0,31.0,0.15958815958815958,0.09397167259795096,0.2525582319523848
ZN.v.0,surprise,large,ask_rel,1,31.0,0.31917631917631917,0.2419509507751505,0.6118857477883847
ZN.v.0,surprise,large,ask_rel,2,31.0,0.49785816277962874,0.35855242988832337,0.7477561189793022
ZN.v.0,surprise,large,ask_rel,3,31.0,0.7154656792936486,0.49851068227451084,1.1159865089363241
ZN.v.0,surprise,large,ask_rel,4,31.0,0.794983452360216,0.5613609678722891,1.1958663738719657
ZN.v.0,surprise,large,ask_rel,5,31.0,0.8564523924601256,0.597153494104252,1.632912558419859
ZN.v.0,surprise,large,ask_rel,6,31.0,0.9245209229565897,0.5996642363947372,1.4082592999453287
ZN.v.0,surprise,large,ask_rel,7,31.0,0.9685838569357177,0.6364435803342098,1.5998649653959336
ZN.v.0,surprise,large,ask_rel,8,31.0,1.1351970669110907,0.765342525129002,1.5200515729311337
ZN.v.0,surprise,large,ask_rel,9,31.0,1.0213523131672597,0.6595556532864806,1.383405662911183
ZN.v.0,surprise,large,ask_rel,10,31.0,1.3851711680715637,0.7876530564256438,1.865584982130412
ZN.v.0,surprise,large,ask_rel,11,31.0,1.2360051637131793,0.9309715831212693,1.5977016708830316
ZN.v.0,surprise,large,ask_rel,12,31.0,1.2431126147897535,0.9209026208026905,1.8394897946184314
ZN.v.0,surprise,large,ask_rel,13,31.0,1.160246533127889,0.9441418131806745,1.5617546030743554
ZN.v.0,surprise,large,ask_rel,14,31.0,1.560262965668371,1.0620113904019495,1.8426817943336427
ZN.v.0,surprise,large,ask_rel,15,31.0,1.4826254826254825,1.031828045850901,2.3147526537438656
ZN.v.0,surprise,large,ask_rel,16,31.0,1.5328582739509105,1.0971962060274203,2.2715762496583904
ZN.v.0,surprise,large,ask_rel,17,31.0,1.613251155624037,1.0599990989012227,2.3368652509355394
ZN.v.0,surprise,large,ask_rel,18,31.0,1.618368962787015,1.3311693816270451,2.202505171298034
ZN.v.0,surprise,large,ask_rel,19,31.0,1.517915309446254,1.0524308636322632,2.2452484195201006
ZN.v.0,surprise,large,ask_rel,20,31.0,1.6550645287446226,1.1606099829064576,2.294500710525841
ZN.v.0,surprise,large,ask_rel,21,31.0,2.0077220077220077,1.1392410763742218,2.4588513390176674
ZN.v.0,surprise,large,ask_rel,22,31.0,1.6690419635787808,1.0857946098122158,2.4144608249800696
ZN.v.0,surprise,large,ask_rel,23,31.0,1.8018018018018018,1.2491886240577341,2.32856603744906
ZN.v.0,surprise,large,ask_rel,24,31.0,1.7577197149643706,1.2539203233815674,2.4237557012797115
ZN.v.0,surprise,large,ask_rel,25,31.0,2.016070124178232,1.0438896230033166,2.86068896020571
ZN.v.0,surprise,large,ask_rel,26,31.0,1.9733460257020465,1.3996475448648424,2.626532120967733
ZN.v.0,surprise,large,ask_rel,27,31.0,1.7873651771956858,1.3824757356914565,2.42996042307266
ZN.v.0,surprise,large,ask_rel,28,31.0,1.8812351543942993,1.1364518174333544,2.648201331007916
ZN.v.0,surprise,large,ask_rel,29,31.0,1.4659104062970252,1.0650302145163668,2.3551667613428746
ZN.v.0,surprise,large,ask_rel,30,31.0,1.3506192846394258,0.9809549911687678,2.0372830154599035
ZN.v.0,surprise,large,ask_rel,31,31.0,1.2126348228043142,0.8771019604038777,2.120710663073531
ZN.v.0,surprise,large,ask_rel,32,31.0,1.2097812097812097,0.7398525851527641,1.7359154941012074
ZN.v.0,surprise,large,ask_rel,33,31.0,1.4071661237785016,0.8549933782955172,2.157905458867438
ZN.v.0,surprise,large,ask_rel,34,31.0,1.214175654853621,0.8475897558855454,2.162202730438157
ZN.v.0,surprise,large,ask_rel,35,31.0,1.169786959328599,0.8707948444021856,1.8734791409118279
ZN.v.0,surprise,large,ask_rel,36,31.0,1.3460045509302636,0.7291814002236781,1.7652005351243618
ZN.v.0,surprise,large,ask_rel,37,31.0,1.386748844375963,0.7337260385060902,2.042481273005915
ZN.v.0,surprise,large,ask_rel,38,31.0,1.3501562680865842,0.7808442605796149,2.178815266444463
ZN.v.0,surprise,large,ask_rel,39,31.0,1.2291801162040026,0.8600352916091651,2.075204698202677
ZN.v.0,surprise,large,bid_rel,-5,31.0,1.4730158730158731,1.3274769511795825,1.7518549707424074
ZN.v.0,surprise,large,bid_rel,-4,31.0,1.2368253968253968,1.0452709263986932,1.4516762480531946
ZN.v.0,surprise,large,bid_rel,-3,31.0,0.7004405286343612,0.54839909985104,0.8684605277335053
ZN.v.0,surprise,large,bid_rel,-2,31.0,0.3410301953818828,0.24384808043990747,0.5781127881763879
ZN.v.0,surprise,large,bid_rel,-1,31.0,0.1839080459770115,0.10530081944238348,0.26907871191418153
ZN.v.0,surprise,large,bid_rel,0,31.0,0.11721404303510759,0.09024443563130556,0.21432188581006384
ZN.v.0,surprise,large,bid_rel,1,31.0,0.3297661514070551,0.2247342995169082,0.47962708809389065
ZN.v.0,surprise,large,bid_rel,2,31.0,0.5644074514466905,0.316869372533607,0.6768172876977159
ZN.v.0,surprise,large,bid_rel,3,31.0,0.5698216532228225,0.36716514362858793,0.718836275968491
ZN.v.0,surprise,large,bid_rel,4,31.0,0.7257971014492753,0.4110156333902819,0.9505682031279301
ZN.v.0,surprise,large,bid_rel,5,31.0,0.783681592039801,0.49266220446626224,1.2509878341203642
ZN.v.0,surprise,large,bid_rel,6,31.0,0.8649439297903462,0.5993679806657324,1.393913204846107
ZN.v.0,surprise,large,bid_rel,7,31.0,0.9432835820895522,0.56559967253377,1.248242339875918
ZN.v.0,surprise,large,bid_rel,8,31.0,1.0248659190638714,0.5281836069034882,1.5997122692424428
ZN.v.0,surprise,large,bid_rel,9,31.0,1.0098199672667758,0.6372439072895801,1.605856684605392
ZN.v.0,surprise,large,bid_rel,10,31.0,1.0666666666666667,0.6641254462009178,1.4690679134448241
ZN.v.0,surprise,large,bid_rel,11,31.0,1.205691199718953,0.7823690128980474,1.8007914441649382
ZN.v.0,surprise,large,bid_rel,12,31.0,1.2016597510373443,0.7666262753394211,1.7765796567821686
ZN.v.0,surprise,large,bid_rel,13,31.0,1.2820512820512822,0.917701021868472,1.7431853382135736
ZN.v.0,surprise,large,bid_rel,14,31.0,1.2406417112299466,0.9272342429192442,1.8318660230175494
ZN.v.0,surprise,large,bid_rel,15,31.0,1.3244813278008298,1.0393350255045488,1.969569579812347
ZN.v.0,surprise,large,bid_rel,16,31.0,1.532450233108858,0.9367597081313409,2.1217288336293665
ZN.v.0,surprise,large,bid_rel,17,31.0,1.400163666121113,1.1995831811045305,2.1458378552718176
ZN.v.0,surprise,large,bid_rel,18,31.0,1.5283392786365437,0.954787737828344,2.2268277659322435
ZN.v.0,surprise,large,bid_rel,19,31.0,1.5260848366650415,1.2147678604994145,2.075915773970081
ZN.v.0,surprise,large,bid_rel,20,31.0,1.3903743315508021,1.0749958274101743,2.218017033292344
ZN.v.0,surprise,large,bid_rel,21,31.0,1.5902893249085468,1.0233566499347815,1.984221051674129
ZN.v.0,surprise,large,bid_rel,22,31.0,1.4823304680038205,1.1055395100509484,2.506222987980819
ZN.v.0,surprise,large,bid_rel,23,31.0,1.6514023457419684,1.0343599765019003,2.2007728908880106
ZN.v.0,surprise,large,bid_rel,24,31.0,1.678095238095238,1.0919481878202986,2.489007518885951
ZN.v.0,surprise,large,bid_rel,25,31.0,1.4893617021276595,1.084773861330322,2.332157607945211
ZN.v.0,surprise,large,bid_rel,26,31.0,1.5554115359688918,1.0504618718678045,2.656264704494843
ZN.v.0,surprise,large,bid_rel,27,31.0,1.518241693184341,1.0349306197964847,2.5262615473755385
ZN.v.0,surprise,large,bid_rel,28,31.0,1.4059216809933142,1.1548426125122269,2.4536660762472713
ZN.v.0,surprise,large,bid_rel,29,31.0,1.4050793650793652,1.0126002599419532,2.4353588046332595
ZN.v.0,surprise,large,bid_rel,30,31.0,1.3060556464811783,0.9815396050880579,2.1049721812437605
ZN.v.0,surprise,large,bid_rel,31,31.0,1.0810810810810811,0.8378025652054901,1.7093741910192972
ZN.v.0,surprise,large,bid_rel,32,31.0,1.1570149253731343,0.8130622292395392,1.6166684497699797
ZN.v.0,surprise,large,bid_rel,33,31.0,0.997545008183306,0.7890795699234476,1.9371980062981282
ZN.v.0,surprise,large,bid_rel,34,31.0,1.135450421257291,0.7409656236151319,1.8839857866645617
ZN.v.0,surprise,large,bid_rel,35,31.0,1.0097213220998056,0.7577192476047712,1.8469108141771629
ZN.v.0,surprise,large,bid_rel,36,31.0,1.1691993880673126,0.6992819644163477,1.9513609153243257
ZN.v.0,surprise,large,bid_rel,37,31.0,1.0710926694329184,0.706240747739886,1.8497117238628054
ZN.v.0,surprise,large,bid_rel,38,31.0,0.9849374521317334,0.78733655680253,1.8718761750866388
ZN.v.0,surprise,large,bid_rel,39,31.0,1.0578276389597143,0.8031948906797173,1.7201101626239177
ZN.v.0,surprise,large,bid_share,-5,31.0,0.5126903553299492,0.40183376893362055,0.6308769652818966
ZN.v.0,surprise,large,bid_share,-4,31.0,0.5041322314049587,0.4506451378623078,0.6042781331680149
ZN.v.0,surprise,large,bid_share,-3,31.0,0.5168265983852391,0.4235794455136118,0.6056716630514605
ZN.v.0,surprise,large,bid_share,-2,31.0,0.4397163120567376,0.3837116158669977,0.6221424187949193
ZN.v.0,surprise,large,bid_share,-1,31.0,0.5071687330986274,0.39039095601893503,0.6135185045285521
ZN.v.0,surprise,large,bid_share,0,31.0,0.5,0.45363530945003194,0.5325360497292662
ZN.v.0,surprise,large,bid_share,1,31.0,0.5,0.4269809660906477,0.5537736138406446
ZN.v.0,surprise,large,bid_share,2,31.0,0.502210433244916,0.4605966846733982,0.5418291441860754
ZN.v.0,surprise,large,bid_share,3,31.0,0.4833282033919173,0.43463090726961595,0.5124864695603454
ZN.v.0,surprise,large,bid_share,4,31.0,0.48866043613707166,0.4366864900540457,0.5345020998391454
ZN.v.0,surprise,large,bid_share,5,31.0,0.4909874298363507,0.4382481272040275,0.5440940401143162
ZN.v.0,surprise,large,bid_share,6,31.0,0.49317929832897756,0.4709122460820696,0.5442160080188359
ZN.v.0,surprise,large,bid_share,7,31.0,0.5043460038602057,0.41119623511001885,0.5425989525421653
ZN.v.0,surprise,large,bid_share,8,31.0,0.5065067082456318,0.41302769642792364,0.5657147453766836
ZN.v.0,surprise,large,bid_share,9,31.0,0.5019615720936828,0.46004429084530496,0.598896424671236
ZN.v.0,surprise,large,bid_share,10,31.0,0.5166549687079605,0.4312150545007568,0.5584460031036569
ZN.v.0,surprise,large,bid_share,11,31.0,0.5096767701163305,0.4370978871631211,0.5528919191704478
ZN.v.0,surprise,large,bid_share,12,31.0,0.4885313098916572,0.44088313907984966,0.5514806861490928
ZN.v.0,surprise,large,bid_share,13,31.0,0.502673829068083,0.4466869593659994,0.5707980688009929
ZN.v.0,surprise,large,bid_share,14,31.0,0.5002235882805778,0.4113747697864353,0.5666181126438296
ZN.v.0,surprise,large,bid_share,15,31.0,0.4690591206790618,0.4299034780713574,0.5601747066391336
ZN.v.0,surprise,large,bid_share,16,31.0,0.5000498655797416,0.41627891234406184,0.5732291374584003
ZN.v.0,surprise,large,bid_share,17,31.0,0.513262121028009,0.44879740206782864,0.5862269386876187
ZN.v.0,surprise,large,bid_share,18,31.0,0.4946715922586655,0.41049998323634396,0.5355573930939435
ZN.v.0,surprise,large,bid_share,19,31.0,0.5141943222710915,0.4490220170641729,0.5683960565624255
ZN.v.0,surprise,large,bid_share,20,31.0,0.474321377547184,0.415987946037068,0.5520135728109328
ZN.v.0,surprise,large,bid_share,21,31.0,0.48294223081444204,0.4042994751135721,0.5485377608009568
ZN.v.0,surprise,large,bid_share,22,31.0,0.5557957112301163,0.40088073100183996,0.6014951438004268
ZN.v.0,surprise,large,bid_share,23,31.0,0.5272726756120676,0.4138351332826703,0.5963140336707122
ZN.v.0,surprise,large,bid_share,24,31.0,0.5020862054559887,0.4222147835718751,0.6042519721600059
ZN.v.0,surprise,large,bid_share,25,31.0,0.5164582739380117,0.39791079568574866,0.5735195529104722
ZN.v.0,surprise,large,bid_share,26,31.0,0.47814447332674925,0.39115094127536465,0.5629731019935541
ZN.v.0,surprise,large,bid_share,27,31.0,0.5211809392265193,0.41192657395157917,0.5739951772457796
ZN.v.0,surprise,large,bid_share,28,31.0,0.4944578252803127,0.4358790979542544,0.5565991180233544
ZN.v.0,surprise,large,bid_share,29,31.0,0.5270071872667548,0.4559235761911815,0.5702962134392668
ZN.v.0,surprise,large,bid_share,30,31.0,0.5222454788204411,0.4543548438446112,0.5633710711674442
ZN.v.0,surprise,large,bid_share,31,31.0,0.5126504693418716,0.4494768630563649,0.5657099473441366
ZN.v.0,surprise,large,bid_share,32,31.0,0.5006082725060828,0.4611880810819537,0.5524933602266671
ZN.v.0,surprise,large,bid_share,33,31.0,0.4719804852744978,0.42521839893401214,0.5312145033712133
ZN.v.0,surprise,large,bid_share,34,31.0,0.5137642228063779,0.4492910122822601,0.5649421526496214
ZN.v.0,surprise,large,bid_share,35,31.0,0.47550271695606505,0.4115352084901025,0.5305496676691057
ZN.v.0,surprise,large,bid_share,36,31.0,0.5193796407923599,0.4305377631488068,0.5831277285141528
ZN.v.0,surprise,large,bid_share,37,31.0,0.49727050019898356,0.40415238168083556,0.5687360113642693
ZN.v.0,surprise,large,bid_share,38,31.0,0.4811960744895154,0.4131918865817196,0.5475713502650925
ZN.v.0,surprise,large,bid_share,39,31.0,0.4767207375520081,0.42877680111722666,0.5336612519927528
ZN.v.0,surprise,large,total_rel,-5,31.0,1.5185840707964602,1.3537047948975296,1.7048383686516346
ZN.v.0,surprise,large,total_rel,-4,31.0,1.2067252579289263,1.1446800217164195,1.3713592861599313
ZN.v.0,surprise,large,total_rel,-3,31.0,0.7123644251626898,0.5669736737332309,0.812480264528167
ZN.v.0,surprise,large,total_rel,-2,31.0,0.4564112587959343,0.2898403979581965,0.6595507201443107
ZN.v.0,surprise,large,total_rel,-1,31.0,0.19646017699115045,0.13283084016786684,0.3067649353135359
ZN.v.0,surprise,large,total_rel,0,31.0,0.1486194750596523,0.12501646804067496,0.2696098356824874
ZN.v.0,surprise,large,total_rel,1,31.0,0.3626530936853825,0.24742496682578674,0.5597505421966302
ZN.v.0,surprise,large,total_rel,2,31.0,0.5198897203623474,0.3713976829635968,0.757094603731946
ZN.v.0,surprise,large,total_rel,3,31.0,0.5749880210828942,0.4246276106375205,0.8804591693136585
ZN.v.0,surprise,large,total_rel,4,31.0,0.6932824346535178,0.6183192214672231,0.9705354918009957
ZN.v.0,surprise,large,total_rel,5,31.0,0.8515641402477431,0.5473506448577738,1.17043922686464
ZN.v.0,surprise,large,total_rel,6,31.0,0.8711892337269981,0.6445705061282313,1.2609353873461162
ZN.v.0,surprise,large,total_rel,7,31.0,0.8550978209002704,0.661232391517446,1.3091494635411918
ZN.v.0,surprise,large,total_rel,8,31.0,0.9988184324537219,0.7051021069667396,1.492651260853885
ZN.v.0,surprise,large,total_rel,9,31.0,0.9113560134163872,0.6776072363700072,1.4438876459963406
ZN.v.0,surprise,large,total_rel,10,31.0,1.0760141788105553,0.8661715256525675,1.4468996566670829
ZN.v.0,surprise,large,total_rel,11,31.0,1.1539149888143176,0.9459029946229423,1.576469733750451
ZN.v.0,surprise,large,total_rel,12,31.0,1.1149888143176734,0.9439946905941676,1.574391910729707
ZN.v.0,surprise,large,total_rel,13,31.0,1.2781860172160404,1.0393284408343173,1.5022637172835394
ZN.v.0,surprise,large,total_rel,14,31.0,1.299887441710886,0.953958193377535,1.6366062466278408
ZN.v.0,surprise,large,total_rel,15,31.0,1.331420960967114,1.049783660540396,1.8757817392680396
ZN.v.0,surprise,large,total_rel,16,31.0,1.3855559801299198,1.1118234331697219,1.9515543299965046
ZN.v.0,surprise,large,total_rel,17,31.0,1.5306880375293197,1.0815006247743981,1.9247228736824726
ZN.v.0,surprise,large,total_rel,18,31.0,1.5378678244090689,1.1234363209376785,2.0975566265792196
ZN.v.0,surprise,large,total_rel,19,31.0,1.4157683024939662,1.063590258738493,2.014859352187059
ZN.v.0,surprise,large,total_rel,20,31.0,1.464604036471673,1.113967211752239,2.092309209228949
ZN.v.0,surprise,large,total_rel,21,31.0,1.555168527814773,1.1891335809980992,2.121386533804402
ZN.v.0,surprise,large,total_rel,22,31.0,1.4822590804115054,1.150170382529557,2.1503645057341805
ZN.v.0,surprise,large,total_rel,23,31.0,1.604776119402985,1.2377982386484736,2.0510070217321488
ZN.v.0,surprise,large,total_rel,24,31.0,1.5848318999218138,1.1252684240750024,2.051685166369986
ZN.v.0,surprise,large,total_rel,25,31.0,1.7219629927594529,1.172486864742765,2.2712017420423196
ZN.v.0,surprise,large,total_rel,26,31.0,1.5615716339242933,1.2470034164631623,2.434827832555472
ZN.v.0,surprise,large,total_rel,27,31.0,1.6137642707830842,1.1296385186279214,2.558649951045817
ZN.v.0,surprise,large,total_rel,28,31.0,1.5594616863499038,1.1936992430510864,2.243334566446728
ZN.v.0,surprise,large,total_rel,29,31.0,1.3553557466770916,1.0585676970155875,1.8727830918444734
ZN.v.0,surprise,large,total_rel,30,31.0,1.1850738792887554,1.0086859139918065,1.9526052607333473
ZN.v.0,surprise,large,total_rel,31,31.0,1.1339801707226551,0.865402708290866,1.6434006385427904
ZN.v.0,surprise,large,total_rel,32,31.0,1.0810216973358968,0.7747975864568282,1.469433926748572
ZN.v.0,surprise,large,total_rel,33,31.0,1.168421052631579,0.8012670456171656,1.815151485414029
ZN.v.0,surprise,large,total_rel,34,31.0,0.9956584659913169,0.8067867672257694,1.6527987792850158
ZN.v.0,surprise,large,total_rel,35,31.0,1.049440715883669,0.838620744775505,1.7333729999524001
ZN.v.0,surprise,large,total_rel,36,31.0,1.0247600869519113,0.8103022792176302,1.6688157583348358
ZN.v.0,surprise,large,total_rel,37,31.0,1.1141552511415524,0.7725724909605649,1.7067397145367869
ZN.v.0,surprise,large,total_rel,38,31.0,1.1242127830631115,0.7576226713221876,1.973586914237098
ZN.v.0,surprise,large,total_rel,39,31.0,1.1193737769080234,0.734919400118591,1.8223048854357917
ZN.v.0,surprise,medium,ask_rel,-5,30.0,1.5600133615063592,1.2648253756275962,1.7437150403520982
ZN.v.0,surprise,medium,ask_rel,-4,30.0,1.0570169627097323,0.7716464456932286,1.389999432406411
ZN.v.0,surprise,medium,ask_rel,-3,30.0,0.7709630667817775,0.49829064661427414,1.044199532930719
ZN.v.0,surprise,medium,ask_rel,-2,30.0,0.5218249245312654,0.3429005122010339,0.7712980440834074
ZN.v.0,surprise,medium,ask_rel,-1,30.0,0.18636791680849651,0.12056639113382082,0.2686026682246196
ZN.v.0,surprise,medium,ask_rel,0,30.0,0.19212941503661815,0.10477130828550693,0.24630892104122612
ZN.v.0,surprise,medium,ask_rel,1,30.0,0.508469024936939,0.30538944807604673,0.6897066639545009
ZN.v.0,surprise,medium,ask_rel,2,30.0,0.6568104757117379,0.4394090013033626,1.0079473672967831
ZN.v.0,surprise,medium,ask_rel,3,30.0,0.7718368413425558,0.510562712121533,0.8981000220856249
ZN.v.0,surprise,medium,ask_rel,4,30.0,0.7482271747999691,0.5420018881487916,1.2121842296649599
ZN.v.0,surprise,medium,ask_rel,5,30.0,0.9358553771287581,0.6171675653324761,1.470742197374734
ZN.v.0,surprise,medium,ask_rel,6,30.0,0.953435526074348,0.6457354687098888,1.4892105378478644
ZN.v.0,surprise,medium,ask_rel,7,30.0,1.0654545178898014,0.6845974495278903,1.6189260505470366
ZN.v.0,surprise,medium,ask_rel,8,30.0,1.2121752938342305,0.6050633208891896,1.7153671139615443
ZN.v.0,surprise,medium,ask_rel,9,30.0,1.1958658766496093,0.8636708531514364,1.6246908976495402
ZN.v.0,surprise,medium,ask_rel,10,30.0,1.0987458045061782,0.8374905473121197,1.613786065153437
ZN.v.0,surprise,medium,ask_rel,11,30.0,1.2609534545871104,0.9531496330393563,1.6156295429156717
ZN.v.0,surprise,medium,ask_rel,12,30.0,1.0871847720076264,0.7792362437923773,1.712087036929989
ZN.v.0,surprise,medium,ask_rel,13,30.0,1.0828031012362835,0.8033614934973505,1.6747098425942846
ZN.v.0,surprise,medium,ask_rel,14,30.0,1.446954289140689,0.9609127918984525,1.9439886630592558
ZN.v.0,surprise,medium,ask_rel,15,30.0,1.4908771653956023,0.8697238915744813,1.8183855653327046
ZN.v.0,surprise,medium,ask_rel,16,30.0,1.4424568468820365,1.02237733772688,1.966011948620818
ZN.v.0,surprise,medium,ask_rel,17,30.0,1.364650063585257,0.902015581501856,2.035400946412585
ZN.v.0,surprise,medium,ask_rel,18,30.0,1.4153590861877738,1.0299454283278915,2.1476594249848975
ZN.v.0,surprise,medium,ask_rel,19,30.0,1.447362107836729,0.9854903138677069,1.873091821239488
ZN.v.0,surprise,medium,ask_rel,20,30.0,1.5344438663801543,1.0638539160416693,2.302958724052452
ZN.v.0,surprise,medium,ask_rel,21,30.0,1.4507190303171584,1.2883207978437368,2.090447825889872
ZN.v.0,surprise,medium,ask_rel,22,30.0,1.5441855187581233,1.079897226770262,2.246537890948369
ZN.v.0,surprise,medium,ask_rel,23,30.0,1.7541856652185879,1.0445143880187358,2.1669312627653237
ZN.v.0,surprise,medium,ask_rel,24,30.0,1.6963298889972505,1.0875417858190413,2.6095912737120184
ZN.v.0,surprise,medium,ask_rel,25,30.0,1.4462570252355385,0.9144678620309719,2.2861892359876075
ZN.v.0,surprise,medium,ask_rel,26,30.0,1.5190867920065414,1.2327320044531862,2.057690208895603
ZN.v.0,surprise,medium,ask_rel,27,30.0,1.5214314570428225,1.103836593923578,2.2288167629576963
ZN.v.0,surprise,medium,ask_rel,28,30.0,1.5636729810809475,1.1022817835843364,2.0776350719803016
ZN.v.0,surprise,medium,ask_rel,29,30.0,1.256154432459252,1.0541632889312267,1.8538592437631893
ZN.v.0,surprise,medium,ask_rel,30,30.0,1.413422866428173,1.035619862300164,1.869200348139439
ZN.v.0,surprise,medium,ask_rel,31,30.0,1.4461346157610868,0.9098290553649206,2.2045252089392062
ZN.v.0,surprise,medium,ask_rel,32,30.0,1.492285011973428,0.9234678349644674,2.4110252938482093
ZN.v.0,surprise,medium,ask_rel,33,30.0,1.400413757901735,0.797356420301475,2.152858762644281
ZN.v.0,surprise,medium,ask_rel,34,30.0,1.1743629166244958,0.7852779489889647,2.107780117866887
ZN.v.0,surprise,medium,ask_rel,35,30.0,1.3207474271658797,0.751373243203278,2.1498721008126904
ZN.v.0,surprise,medium,ask_rel,36,30.0,1.2793102017241784,0.8408426422441272,1.901271943311195
ZN.v.0,surprise,medium,ask_rel,37,30.0,1.3691142631025093,0.7918966936227901,2.052930153416705
ZN.v.0,surprise,medium,ask_rel,38,30.0,1.4523591246398988,0.7692087457377124,2.213647019404223
ZN.v.0,surprise,medium,ask_rel,39,30.0,1.2868513128027737,0.872644722300291,1.9287840343296971
ZN.v.0,surprise,medium,bid_rel,-5,30.0,1.3870673167689693,1.118036924357244,1.6049616206909283
ZN.v.0,surprise,medium,bid_rel,-4,30.0,1.3621707629367872,0.8539329245319346,1.5010559750542964
ZN.v.0,surprise,medium,bid_rel,-3,30.0,0.8250124160209956,0.5787833266538722,1.1574797431454769
ZN.v.0,surprise,medium,bid_rel,-2,30.0,0.4586640692602534,0.3055441100811771,0.7266977791751692
ZN.v.0,surprise,medium,bid_rel,-1,30.0,0.13392847183429102,0.0954170884598024,0.28620083253567213
ZN.v.0,surprise,medium,bid_rel,0,30.0,0.19780278975672674,0.1213860575306006,0.24562414631563337
ZN.v.0,surprise,medium,bid_rel,1,30.0,0.5227525957816908,0.3140195325300805,0.6151323591205141
ZN.v.0,surprise,medium,bid_rel,2,30.0,0.68427516839261,0.43455184151809867,0.8617195744216862
ZN.v.0,surprise,medium,bid_rel,3,30.0,0.6888050324502907,0.4418367742409732,0.8159164657613682
ZN.v.0,surprise,medium,bid_rel,4,30.0,0.738147523523474,0.5073593699127835,0.9977390756244948
ZN.v.0,surprise,medium,bid_rel,5,30.0,0.8571184980712492,0.6288185431248564,1.2622302850163734
ZN.v.0,surprise,medium,bid_rel,6,30.0,0.9053763128952481,0.6711550571840657,1.1664422576020284
ZN.v.0,surprise,medium,bid_rel,7,30.0,0.8995790408638926,0.746672872549722,1.1838711428289104
ZN.v.0,surprise,medium,bid_rel,8,30.0,1.0203271724440572,0.7043154708395509,1.3291684968367532
ZN.v.0,surprise,medium,bid_rel,9,30.0,1.0264764872062675,0.6985524520634349,1.4077881619937695
ZN.v.0,surprise,medium,bid_rel,10,30.0,1.2005011880832992,0.8221124768583229,1.6775913730729732
ZN.v.0,surprise,medium,bid_rel,11,30.0,1.0557865842332292,0.7324026951051527,1.461856790624696
ZN.v.0,surprise,medium,bid_rel,12,30.0,1.141613524338275,0.9206588065727632,1.631315058176532
ZN.v.0,surprise,medium,bid_rel,13,30.0,1.2139608949319447,0.9147062110512613,1.746986675415304
ZN.v.0,surprise,medium,bid_rel,14,30.0,1.1878606812726622,0.7902122379258213,1.7539207588407852
ZN.v.0,surprise,medium,bid_rel,15,30.0,1.4078698037798063,1.0308950518453726,1.802455163966075
ZN.v.0,surprise,medium,bid_rel,16,30.0,1.3001551905172726,0.9904490903879319,2.023212985279734
ZN.v.0,surprise,medium,bid_rel,17,30.0,1.6697032803556975,1.0344849565305987,2.057094966989635
ZN.v.0,surprise,medium,bid_rel,18,30.0,1.3561602608314,1.0764209508757845,2.0510116639986316
ZN.v.0,surprise,medium,bid_rel,19,30.0,1.4814037685774235,1.2100317641768084,2.0697203814330924
ZN.v.0,surprise,medium,bid_rel,20,30.0,1.4351407393186737,1.027231522109344,1.9784773948999992
ZN.v.0,surprise,medium,bid_rel,21,30.0,1.4968543964656573,1.0983449373430327,1.6820481489482813
ZN.v.0,surprise,medium,bid_rel,22,30.0,1.5952766682549675,1.0644570274614633,2.207728000269034
ZN.v.0,surprise,medium,bid_rel,23,30.0,1.4636841524995723,1.0918035399645332,2.244629335196064
ZN.v.0,surprise,medium,bid_rel,24,30.0,1.5460070954229725,1.2197757145404728,2.4575159340419606
ZN.v.0,surprise,medium,bid_rel,25,30.0,1.8566382843082172,1.4416200061276085,2.3268206822839548
ZN.v.0,surprise,medium,bid_rel,26,30.0,1.3123219006967581,1.1024467720643232,2.134198075489176
ZN.v.0,surprise,medium,bid_rel,27,30.0,1.4653127967811628,1.0277509072439848,1.7487724187752303
ZN.v.0,surprise,medium,bid_rel,28,30.0,1.457888743605018,1.0971672153524068,1.900264505650518
ZN.v.0,surprise,medium,bid_rel,29,30.0,1.3917476586541766,1.0082247261670674,2.02703014118019
ZN.v.0,surprise,medium,bid_rel,30,30.0,1.4322476584478419,0.9349758283457158,2.0145366565584766
ZN.v.0,surprise,medium,bid_rel,31,30.0,1.2674057376988737,0.8290399569789727,1.7841600992177287
ZN.v.0,surprise,medium,bid_rel,32,30.0,1.1704210974850278,0.8919532821246777,1.8132274687034389
ZN.v.0,surprise,medium,bid_rel,33,30.0,1.2057430507475686,0.7677268939034296,1.7142091815144873
ZN.v.0,surprise,medium,bid_rel,34,30.0,1.1784302607980286,0.7465976661497639,2.43971233114674
ZN.v.0,surprise,medium,bid_rel,35,30.0,1.327375444797057,0.6914174979716303,2.1904004967172916
ZN.v.0,surprise,medium,bid_rel,36,30.0,1.3083610171886346,0.8499486340700312,2.210062893081761
ZN.v.0,surprise,medium,bid_rel,37,30.0,1.141609528360164,0.8183441175375467,1.9270697076253758
ZN.v.0,surprise,medium,bid_rel,38,30.0,1.217869640354008,0.8887570221385894,1.670975464892024
ZN.v.0,surprise,medium,bid_rel,39,30.0,1.3711276283232947,0.8231946734504272,2.0104850521237188
ZN.v.0,surprise,medium,bid_share,-5,30.0,0.512001175433441,0.3535946816312215,0.5869834916215007
ZN.v.0,surprise,medium,bid_share,-4,30.0,0.5540161444903258,0.37841668723621746,0.7187013398516411
ZN.v.0,surprise,medium,bid_share,-3,30.0,0.5171349235835903,0.40876087349615065,0.6197928875060941
ZN.v.0,surprise,medium,bid_share,-2,30.0,0.5129772445951232,0.3443843606797483,0.6507395140272921
ZN.v.0,surprise,medium,bid_share,-1,30.0,0.4874120955054726,0.3863902914593239,0.5937692235671973
ZN.v.0,surprise,medium,bid_share,0,30.0,0.5006970894198283,0.45038321347560295,0.5481580761649049
ZN.v.0,surprise,medium,bid_share,1,30.0,0.49693993302413414,0.4676482382451914,0.5504869037409035
ZN.v.0,surprise,medium,bid_share,2,30.0,0.4888654447847048,0.43508884971709494,0.5357297717173934
ZN.v.0,surprise,medium,bid_share,3,30.0,0.44178466223144497,0.40126852946176084,0.540893775963311
ZN.v.0,surprise,medium,bid_share,4,30.0,0.49969272873090265,0.4013666374796126,0.5551130461667876
ZN.v.0,surprise,medium,bid_share,5,30.0,0.48343074444139444,0.4527651754246089,0.5779567378132409
ZN.v.0,surprise,medium,bid_share,6,30.0,0.48236201395848355,0.3990177795175762,0.5714714194055753
ZN.v.0,surprise,medium,bid_share,7,30.0,0.4992529221253461,0.42341912649138574,0.5656612862683169
ZN.v.0,surprise,medium,bid_share,8,30.0,0.5193991900553985,0.4393106674962318,0.6028876527074696
ZN.v.0,surprise,medium,bid_share,9,30.0,0.5208212056433275,0.38486690910219923,0.5656134132428554
ZN.v.0,surprise,medium,bid_share,10,30.0,0.5128113172536901,0.41324838777152734,0.6258040418864396
ZN.v.0,surprise,medium,bid_share,11,30.0,0.4642640481491369,0.3998039702483428,0.5048987784517145
ZN.v.0,surprise,medium,bid_share,12,30.0,0.5117370752634757,0.4185595079059453,0.604373282882573
ZN.v.0,surprise,medium,bid_share,13,30.0,0.5165662290814599,0.4266457078576875,0.5939199416750434
ZN.v.0,surprise,medium,bid_share,14,30.0,0.47447393611699407,0.36879394876459803,0.5347758305731704
ZN.v.0,surprise,medium,bid_share,15,30.0,0.48476285605485403,0.4180178088536746,0.5997074193536089
ZN.v.0,surprise,medium,bid_share,16,30.0,0.45746992104630824,0.3956073104072142,0.6009740716730988
ZN.v.0,surprise,medium,bid_share,17,30.0,0.5157305150657623,0.42866310162155846,0.6200406282492243
ZN.v.0,surprise,medium,bid_share,18,30.0,0.47487004523638626,0.42844903424284264,0.5439743452652701
ZN.v.0,surprise,medium,bid_share,19,30.0,0.5144591846676836,0.4572162209944106,0.6351696352501185
ZN.v.0,surprise,medium,bid_share,20,30.0,0.5012221391738378,0.41791604598427917,0.5644017075461252
ZN.v.0,surprise,medium,bid_share,21,30.0,0.4901974724352838,0.3859412847259313,0.5434938989348181
ZN.v.0,surprise,medium,bid_share,22,30.0,0.5191974508525682,0.32911259879231114,0.5981480509623642
ZN.v.0,surprise,medium,bid_share,23,30.0,0.4775750387193429,0.3591965852472624,0.591932493350001
ZN.v.0,surprise,medium,bid_share,24,30.0,0.45983203748169466,0.37990921101818487,0.6232088058888612
ZN.v.0,surprise,medium,bid_share,25,30.0,0.5275062816196556,0.4440031758606519,0.621733716784899
ZN.v.0,surprise,medium,bid_share,26,30.0,0.469801219208122,0.35606769488416856,0.5400647307687068
ZN.v.0,surprise,medium,bid_share,27,30.0,0.5208740056579351,0.39497160109048324,0.5745607370516155
ZN.v.0,surprise,medium,bid_share,28,30.0,0.5086064199780244,0.4053162245934817,0.5742791107757192
ZN.v.0,surprise,medium,bid_share,29,30.0,0.4845063389755452,0.41511095069046117,0.5908567869763879
ZN.v.0,surprise,medium,bid_share,30,30.0,0.48842847735051353,0.4393289126192084,0.5660028451723272
ZN.v.0,surprise,medium,bid_share,31,30.0,0.474904430973885,0.4165319301121154,0.5340346591003373
ZN.v.0,surprise,medium,bid_share,32,30.0,0.4409134181707604,0.41295004746693276,0.5208022850161285
ZN.v.0,surprise,medium,bid_share,33,30.0,0.48809223157534143,0.38290937305716183,0.5309058141064738
ZN.v.0,surprise,medium,bid_share,34,30.0,0.5115684683476134,0.40627709271396206,0.5751983637185126
ZN.v.0,surprise,medium,bid_share,35,30.0,0.5143878327939765,0.40746035419766014,0.566842934292319
ZN.v.0,surprise,medium,bid_share,36,30.0,0.4881037325356593,0.4292265431831749,0.5521539420831436
ZN.v.0,surprise,medium,bid_share,37,30.0,0.4501442117738198,0.39199897052536053,0.5452616997545623
ZN.v.0,surprise,medium,bid_share,38,30.0,0.4766463066497906,0.4178207506967893,0.5833085344831425
ZN.v.0,surprise,medium,bid_share,39,30.0,0.4948851310756132,0.4449464649773507,0.5664877739022058
ZN.v.0,surprise,medium,total_rel,-5,30.0,1.4355770421951446,1.2388309247618432,1.5882387648736356
ZN.v.0,surprise,medium,total_rel,-4,30.0,1.2563670622227963,1.0665620907728346,1.3993760236606563
ZN.v.0,surprise,medium,total_rel,-3,30.0,0.7885158636555138,0.7179983050794613,0.9317600938654298
ZN.v.0,surprise,medium,total_rel,-2,30.0,0.5167018494496008,0.3704928677986078,0.7400952164808313
ZN.v.0,surprise,medium,total_rel,-1,30.0,0.2108082196006958,0.12980695560305006,0.29627752816610764
ZN.v.0,surprise,medium,total_rel,0,30.0,0.20496326723466113,0.1348621483114099,0.2919627551951177
ZN.v.0,surprise,medium,total_rel,1,30.0,0.44841588461657156,0.3293099681318281,0.6510771369151304
ZN.v.0,surprise,medium,total_rel,2,30.0,0.5516281028559449,0.4316123765571068,0.8433670362953649
ZN.v.0,surprise,medium,total_rel,3,30.0,0.632406955956444,0.4830077746757746,0.8971252807648191
ZN.v.0,surprise,medium,total_rel,4,30.0,0.7219346457352082,0.5092850400976403,1.0680311382332859
ZN.v.0,surprise,medium,total_rel,5,30.0,0.8811440373002861,0.6514298072340492,1.19637185947275
ZN.v.0,surprise,medium,total_rel,6,30.0,0.8334097358871717,0.6751810672711228,1.1824833712076774
ZN.v.0,surprise,medium,total_rel,7,30.0,0.9671335310373598,0.7500678153332383,1.2847838577804744
ZN.v.0,surprise,medium,total_rel,8,30.0,1.0592933935061113,0.7662837172046413,1.3032315177569365
ZN.v.0,surprise,medium,total_rel,9,30.0,1.1204015210164742,0.8682402704903693,1.3375148808641988
ZN.v.0,surprise,medium,total_rel,10,30.0,1.1264474021148323,0.9876693653519337,1.3211968834193024
ZN.v.0,surprise,medium,total_rel,11,30.0,1.0891515827370613,0.9134938017533129,1.3686049037578958
ZN.v.0,surprise,medium,total_rel,12,30.0,1.2049002375225797,0.9874476869172379,1.4687258831865848
ZN.v.0,surprise,medium,total_rel,13,30.0,1.2085502677181668,0.982919197414043,1.5706012962518237
ZN.v.0,surprise,medium,total_rel,14,30.0,1.2489290015702896,1.045408085671149,1.5968995099469256
ZN.v.0,surprise,medium,total_rel,15,30.0,1.3381670954602136,1.1500608092898006,1.674015156784918
ZN.v.0,surprise,medium,total_rel,16,30.0,1.3448205284702397,1.14170345311627,1.7477309859218342
ZN.v.0,surprise,medium,total_rel,17,30.0,1.4055174036974885,1.135289204108107,1.9239123855756994
ZN.v.0,surprise,medium,total_rel,18,30.0,1.5273574077305345,1.1395438698364786,1.978477107707037
ZN.v.0,surprise,medium,total_rel,19,30.0,1.4599801967688348,1.1289235702336817,1.8077419149426202
ZN.v.0,surprise,medium,total_rel,20,30.0,1.429603852616387,1.1752327577081232,1.773414008472927
ZN.v.0,surprise,medium,total_rel,21,30.0,1.5094187635518224,1.2320256361367057,2.1401401991425884
ZN.v.0,surprise,medium,total_rel,22,30.0,1.4707140204469011,1.2397023897646564,2.1146737335394836
ZN.v.0,surprise,medium,total_rel,23,30.0,1.4527144746111909,1.2234063556977635,2.0162794589742417
ZN.v.0,surprise,medium,total_rel,24,30.0,1.5611908195596071,1.1835583568707893,2.18093214465161
ZN.v.0,surprise,medium,total_rel,25,30.0,1.545626280309563,1.2189062193997602,2.1229607107516637
ZN.v.0,surprise,medium,total_rel,26,30.0,1.5026127063086083,1.2566716640353692,1.9998973629081926
ZN.v.0,surprise,medium,total_rel,27,30.0,1.4056593680455816,1.213624814466666,1.8386860427781702
ZN.v.0,surprise,medium,total_rel,28,30.0,1.4589316845243578,1.1538858748687701,2.1197669156698944
ZN.v.0,surprise,medium,total_rel,29,30.0,1.3334448684025608,1.0292033577940214,1.9827823374051754
ZN.v.0,surprise,medium,total_rel,30,30.0,1.230333664011429,0.8774720276138008,1.9717433113331604
ZN.v.0,surprise,medium,total_rel,31,30.0,1.1377160921938625,0.850804878183552,1.934214925438586
ZN.v.0,surprise,medium,total_rel,32,30.0,1.1903903862348426,0.8450738427923337,2.0101781739620375
ZN.v.0,surprise,medium,total_rel,33,30.0,1.2063280447712055,0.6809412637881027,1.8003359376358392
ZN.v.0,surprise,medium,total_rel,34,30.0,1.2228918705496188,0.8272147358876316,1.8468629170511985
ZN.v.0,surprise,medium,total_rel,35,30.0,1.1927187614416237,0.7890554294212864,1.9344335731407911
ZN.v.0,surprise,medium,total_rel,36,30.0,1.084023848940971,0.7479448895723072,1.8288059933742038
ZN.v.0,surprise,medium,total_rel,37,30.0,1.1207153384746305,0.7566571478839783,1.8041458424161747
ZN.v.0,surprise,medium,total_rel,38,30.0,1.2358949486471258,0.750686017248547,1.906285527802617
ZN.v.0,surprise,medium,total_rel,39,30.0,1.249596623977444,0.784820795592888,1.9485217749534223
ZN.v.0,surprise,small,ask_rel,-5,31.0,1.3653653653653655,1.2207997557574637,1.677197452261241
ZN.v.0,surprise,small,ask_rel,-4,31.0,1.2784138508796425,1.0610240101892092,1.4112172484154644
ZN.v.0,surprise,small,ask_rel,-3,31.0,0.7745664739884393,0.6236217231736589,0.9469616682053384
ZN.v.0,surprise,small,ask_rel,-2,31.0,0.4959508517173974,0.3533280123833019,0.6593899281584401
ZN.v.0,surprise,small,ask_rel,-1,31.0,0.2107532032091965,0.1404824556072509,0.27549362337900524
ZN.v.0,surprise,small,ask_rel,0,31.0,0.18580100290314067,0.14595845845845845,0.2690902167658469
ZN.v.0,surprise,small,ask_rel,1,31.0,0.5885867002043704,0.3156371762142772,0.7034956064014414
ZN.v.0,surprise,small,ask_rel,2,31.0,0.7369942196531792,0.4428156790262108,1.017852474460882
ZN.v.0,surprise,small,ask_rel,3,31.0,0.7886065344875733,0.5363952363724962,1.3521774382026792
ZN.v.0,surprise,small,ask_rel,4,31.0,0.8040744205384056,0.4427069499568058,1.2763283629950297
ZN.v.0,surprise,small,ask_rel,5,31.0,1.0205761316872428,0.6342955499260834,1.483364283628278
ZN.v.0,surprise,small,ask_rel,6,31.0,1.0728073145953267,0.6481559207594646,1.5288985535956556
ZN.v.0,surprise,small,ask_rel,7,31.0,1.115798295851376,0.8065375262401406,1.565428865516449
ZN.v.0,surprise,small,ask_rel,8,31.0,1.1633676431776194,0.896187151113478,1.5767482648722795
ZN.v.0,surprise,small,ask_rel,9,31.0,1.1928074004781208,0.7690398144623496,1.6603344513428007
ZN.v.0,surprise,small,ask_rel,10,31.0,1.2237069643137872,0.7856499686902804,1.525783627658131
ZN.v.0,surprise,small,ask_rel,11,31.0,1.2295852928601967,0.8491529440457826,1.5276714582725512
ZN.v.0,surprise,small,ask_rel,12,31.0,1.4930041152263374,0.861468605018541,1.8459812398119273
ZN.v.0,surprise,small,ask_rel,13,31.0,1.3029397893412986,1.0008589906343794,1.742565122738533
ZN.v.0,surprise,small,ask_rel,14,31.0,1.2339676955061571,0.7526318112689081,2.2286877737254405
ZN.v.0,surprise,small,ask_rel,15,31.0,1.4231037854448945,0.9993056460085468,2.073240027706534
ZN.v.0,surprise,small,ask_rel,16,31.0,1.5466482377332411,1.0711951163649727,2.0973289886147186
ZN.v.0,surprise,small,ask_rel,17,31.0,1.5997958141909137,1.024046434910279,2.4916417100600903
ZN.v.0,surprise,small,ask_rel,18,31.0,1.8866587957497047,1.2701434363426656,2.536956342287823
ZN.v.0,surprise,small,ask_rel,19,31.0,1.7485549132947977,1.1537630737449383,2.625951159498136
ZN.v.0,surprise,small,ask_rel,20,31.0,1.4008559201141226,1.111457528884685,2.240069733907649
ZN.v.0,surprise,small,ask_rel,21,31.0,1.785604900459418,1.284358445304051,2.4453397139025377
ZN.v.0,surprise,small,ask_rel,22,31.0,1.79889152810768,1.260223041865959,2.3883533161851895
ZN.v.0,surprise,small,ask_rel,23,31.0,1.4746434700278124,1.2012524855756501,2.0627389696306713
ZN.v.0,surprise,small,ask_rel,24,31.0,1.6928155950322277,1.1099329421626152,2.339018037696146
ZN.v.0,surprise,small,ask_rel,25,31.0,1.6893966440556945,1.1737590698484497,2.369478390461997
ZN.v.0,surprise,small,ask_rel,26,31.0,1.6368207850258416,1.152070113714896,2.7089311382958314
ZN.v.0,surprise,small,ask_rel,27,31.0,1.3872491145218417,1.1616162526107874,2.0500271987835603
ZN.v.0,surprise,small,ask_rel,28,31.0,1.4514084507042253,1.0771236772716235,2.1417210898530348
ZN.v.0,surprise,small,ask_rel,29,31.0,1.465213746856664,1.106338028169014,2.0650854988457645
ZN.v.0,surprise,small,ask_rel,30,31.0,1.5274817387139266,0.8754444060508331,2.0546850517201447
ZN.v.0,surprise,small,ask_rel,31,31.0,1.5227226411249235,1.0425727511187843,2.1634396703613463
ZN.v.0,surprise,small,ask_rel,32,31.0,1.4290551981036235,0.793405905905906,2.1115874787402427
ZN.v.0,surprise,small,ask_rel,33,31.0,1.4711551892722448,1.0181927393054355,1.9576292047345238
ZN.v.0,surprise,small,ask_rel,34,31.0,1.492561646627267,0.9556866417298481,2.0119509955212553
ZN.v.0,surprise,small,ask_rel,35,31.0,1.4320987654320987,1.071495086219798,2.392237253918025
ZN.v.0,surprise,small,ask_rel,36,31.0,1.3708537899652735,0.953349882842363,2.1672099819362467
ZN.v.0,surprise,small,ask_rel,37,31.0,1.2343971073730546,0.877953840972225,2.0320116609591174
ZN.v.0,surprise,small,ask_rel,38,31.0,1.368044920877999,0.8357512776669437,2.363802925470462
ZN.v.0,surprise,small,ask_rel,39,31.0,1.1603249251817016,0.8047093426570402,1.9569100423816739
ZN.v.0,surprise,small,bid_rel,-5,31.0,1.4204620462046205,1.1694260507364698,1.7217742147084028
ZN.v.0,surprise,small,bid_rel,-4,31.0,1.1622142660424126,0.8777188788826946,1.3027324780445642
ZN.v.0,surprise,small,bid_rel,-3,31.0,0.8696345514950166,0.735588455232592,1.0165667816607624
ZN.v.0,surprise,small,bid_rel,-2,31.0,0.6174801362088536,0.34649159488165926,0.8022427567293432
ZN.v.0,surprise,small,bid_rel,-1,31.0,0.23288637967537051,0.13254294709222628,0.3581109016964603
ZN.v.0,surprise,small,bid_rel,0,31.0,0.17938078518991382,0.11353752531855757,0.26813171550679016
ZN.v.0,surprise,small,bid_rel,1,31.0,0.4405797101449275,0.3256587936198217,0.6692178813428225
ZN.v.0,surprise,small,bid_rel,2,31.0,0.5473035439137134,0.4259513707528143,0.8578711277738462
ZN.v.0,surprise,small,bid_rel,3,31.0,0.7185483870967742,0.5805318988377657,1.0643975083674886
ZN.v.0,surprise,small,bid_rel,4,31.0,0.8380864765409384,0.519115613190487,1.1337540945743696
ZN.v.0,surprise,small,bid_rel,5,31.0,0.8610855565777369,0.6027279079899306,1.2809172639781485
ZN.v.0,surprise,small,bid_rel,6,31.0,0.8739650413983441,0.6452381445648345,1.5177167971656291
ZN.v.0,surprise,small,bid_rel,7,31.0,0.8229275808936826,0.6719903315076781,1.406308719243953
ZN.v.0,surprise,small,bid_rel,8,31.0,0.8491935483870968,0.6465346575160159,1.520128665734095
ZN.v.0,surprise,small,bid_rel,9,31.0,1.1396407582153796,0.8225908463203108,1.6295754512012683
ZN.v.0,surprise,small,bid_rel,10,31.0,1.0913180386864598,0.8168303582413298,1.943654777840504
ZN.v.0,surprise,small,bid_rel,11,31.0,1.237976988659879,0.8422020619595414,1.7579465858943886
ZN.v.0,surprise,small,bid_rel,12,31.0,1.0033003300330032,0.7824825182767158,1.440196764975814
ZN.v.0,surprise,small,bid_rel,13,31.0,1.2447102115915363,0.8955113618813257,1.7216436817910656
ZN.v.0,surprise,small,bid_rel,14,31.0,1.209502524625445,0.9630449289159947,1.7636449481779737
ZN.v.0,surprise,small,bid_rel,15,31.0,1.2519238047180523,0.9153107461544732,1.6808093990870314
ZN.v.0,surprise,small,bid_rel,16,31.0,1.2581739922191872,0.8416189329420387,1.8124790801442061
ZN.v.0,surprise,small,bid_rel,17,31.0,1.206571505521142,0.9375540164133066,1.588952766141846
ZN.v.0,surprise,small,bid_rel,18,31.0,1.310457928598461,0.8983887419233407,1.9797457028635295
ZN.v.0,surprise,small,bid_rel,19,31.0,1.531329445192164,0.9962123854878266,2.085260263136637
ZN.v.0,surprise,small,bid_rel,20,31.0,1.5582158717899208,1.012158712401104,2.1625249169435214
ZN.v.0,surprise,small,bid_rel,21,31.0,1.391490664217937,0.9406068051041448,1.989264979412241
ZN.v.0,surprise,small,bid_rel,22,31.0,1.5181695827725437,1.183261618706339,2.369573844365018
ZN.v.0,surprise,small,bid_rel,23,31.0,1.6512840316663449,1.083039108107101,2.2479718281489953
ZN.v.0,surprise,small,bid_rel,24,31.0,1.6159439806086722,0.9934698085547865,2.291739048132503
ZN.v.0,surprise,small,bid_rel,25,31.0,1.4838709677419355,1.0792521577700502,2.2214675534714274
ZN.v.0,surprise,small,bid_rel,26,31.0,1.5589273112208892,0.9395048056746069,2.5016107664085885
ZN.v.0,surprise,small,bid_rel,27,31.0,1.5564119601328903,1.0392669990385413,2.3861372875248916
ZN.v.0,surprise,small,bid_rel,28,31.0,1.3811494252873564,1.0461371082702278,2.7913813635301987
ZN.v.0,surprise,small,bid_rel,29,31.0,1.2585613877673096,0.9391891293409571,2.2422187108699543
ZN.v.0,surprise,small,bid_rel,30,31.0,1.1733163102457709,0.9330787446516169,1.969300008036647
ZN.v.0,surprise,small,bid_rel,31,31.0,1.210724191063174,0.7929324255596406,2.59252156937165
ZN.v.0,surprise,small,bid_rel,32,31.0,1.2409830833067348,0.9318332862374376,2.6092444268417894
ZN.v.0,surprise,small,bid_rel,33,31.0,1.1859136212624584,0.8539243629874772,2.7427318395454194
ZN.v.0,surprise,small,bid_rel,34,31.0,1.2467802243456585,0.8818696917712772,2.4487124143236016
ZN.v.0,surprise,small,bid_rel,35,31.0,1.1049614791987674,0.8063609350918757,2.286414704877511
ZN.v.0,surprise,small,bid_rel,36,31.0,1.025287356321839,0.7403479915967888,2.021616667240713
ZN.v.0,surprise,small,bid_rel,37,31.0,1.0606916019760055,0.7230249184056795,1.766483875904697
ZN.v.0,surprise,small,bid_rel,38,31.0,1.0965961361545538,0.8269965813181837,1.7356665195347738
ZN.v.0,surprise,small,bid_rel,39,31.0,1.18023302531137,0.8294435209349164,1.9616648956072738
ZN.v.0,surprise,small,bid_share,-5,31.0,0.5203923593185338,0.3900164790920694,0.5791262578160586
ZN.v.0,surprise,small,bid_share,-4,31.0,0.4989164967376626,0.40621986585732983,0.6002974774467877
ZN.v.0,surprise,small,bid_share,-3,31.0,0.5106470887363336,0.426925348853079,0.6289069087521101
ZN.v.0,surprise,small,bid_share,-2,31.0,0.4937427353738861,0.4183472755416463,0.6616689215052616
ZN.v.0,surprise,small,bid_share,-1,31.0,0.48949579831932777,0.4447543293131608,0.6261071500797528
ZN.v.0,surprise,small,bid_share,0,31.0,0.4670995670995671,0.4089844515876513,0.5474837861516408
ZN.v.0,surprise,small,bid_share,1,31.0,0.4909827140329386,0.43915800023510176,0.5096454776225479
ZN.v.0,surprise,small,bid_share,2,31.0,0.4749006947411733,0.42574867968641056,0.5385933476367487
ZN.v.0,surprise,small,bid_share,3,31.0,0.5166919421696492,0.3982451134515673,0.5711049920459962
ZN.v.0,surprise,small,bid_share,4,31.0,0.49071925754060325,0.44671358357147145,0.5635012864558288
ZN.v.0,surprise,small,bid_share,5,31.0,0.48376652073496773,0.4641815707770707,0.5302398298944936
ZN.v.0,surprise,small,bid_share,6,31.0,0.5001430860805861,0.44568838918450926,0.5885929356287954
ZN.v.0,surprise,small,bid_share,7,31.0,0.4794747211145973,0.42124152608636767,0.5618819587257418
ZN.v.0,surprise,small,bid_share,8,31.0,0.4994106646315367,0.416135170557295,0.564775259605491
ZN.v.0,surprise,small,bid_share,9,31.0,0.5341867376151357,0.44704485910436625,0.6027895506789236
ZN.v.0,surprise,small,bid_share,10,31.0,0.5308824487498839,0.4542782286948999,0.5962311610271552
ZN.v.0,surprise,small,bid_share,11,31.0,0.5335862759162151,0.4389720214525794,0.5915047278624017
ZN.v.0,surprise,small,bid_share,12,31.0,0.4579597007561109,0.3713824264692066,0.5205692673455798
ZN.v.0,surprise,small,bid_share,13,31.0,0.4945561139028476,0.4276169375804666,0.5910098833265209
ZN.v.0,surprise,small,bid_share,14,31.0,0.5563125686077314,0.45846870369068293,0.6064971014135723
ZN.v.0,surprise,small,bid_share,15,31.0,0.5305135960763284,0.42365534528532445,0.5633403933649084
ZN.v.0,surprise,small,bid_share,16,31.0,0.4589591153763005,0.374549165712709,0.5665470997311819
ZN.v.0,surprise,small,bid_share,17,31.0,0.4719385221665982,0.3860491552509346,0.5360312810210668
ZN.v.0,surprise,small,bid_share,18,31.0,0.4433891822983063,0.3679300632547598,0.5625917579602553
ZN.v.0,surprise,small,bid_share,19,31.0,0.49966777408637875,0.387652012427256,0.5638473691320555
ZN.v.0,surprise,small,bid_share,20,31.0,0.5021290435865305,0.42344301127559975,0.5817340486405411
ZN.v.0,surprise,small,bid_share,21,31.0,0.4624623007324429,0.3864392830295585,0.5077794828381761
ZN.v.0,surprise,small,bid_share,22,31.0,0.496508043796757,0.4229018637520042,0.5926427893697841
ZN.v.0,surprise,small,bid_share,23,31.0,0.5566199797218949,0.4518414208954781,0.6208443597919512
ZN.v.0,surprise,small,bid_share,24,31.0,0.5210311167512436,0.4321510128894273,0.5786179265295678
ZN.v.0,surprise,small,bid_share,25,31.0,0.5087681795567376,0.41220710588977205,0.5653832635060767
ZN.v.0,surprise,small,bid_share,26,31.0,0.5056634953629862,0.428827073311416,0.5961344569525837
ZN.v.0,surprise,small,bid_share,27,31.0,0.5091349865085788,0.4529884606403434,0.6052207267921694
ZN.v.0,surprise,small,bid_share,28,31.0,0.5294059860218644,0.4326095168940147,0.6473971854433389
ZN.v.0,surprise,small,bid_share,29,31.0,0.5269320258194252,0.42530821013249404,0.5682237819452716
ZN.v.0,surprise,small,bid_share,30,31.0,0.48845154099303745,0.4018046880226822,0.577536160456763
ZN.v.0,surprise,small,bid_share,31,31.0,0.44734801267114954,0.4087015490346458,0.5402357507368589
ZN.v.0,surprise,small,bid_share,32,31.0,0.5464717046238785,0.4531083559141835,0.619037758722911
ZN.v.0,surprise,small,bid_share,33,31.0,0.5091965443245795,0.42910539722197466,0.609107524928951
ZN.v.0,surprise,small,bid_share,34,31.0,0.516686168915578,0.4339057197929011,0.5820897208623799
ZN.v.0,surprise,small,bid_share,35,31.0,0.45438918623276164,0.41294985856008687,0.5313789047006403
ZN.v.0,surprise,small,bid_share,36,31.0,0.4678848693548586,0.4044681820639843,0.5452215771575697
ZN.v.0,surprise,small,bid_share,37,31.0,0.48637551891938613,0.41192037652349683,0.518031704680296
ZN.v.0,surprise,small,bid_share,38,31.0,0.480631879528735,0.437902972077693,0.5218836382472747
ZN.v.0,surprise,small,bid_share,39,31.0,0.527277605074703,0.416599163951511,0.57056895021693
ZN.v.0,surprise,small,total_rel,-5,31.0,1.4303577631121918,1.2357834277926925,1.5958601229117977
ZN.v.0,surprise,small,total_rel,-4,31.0,1.1676761985256139,1.0572797492916575,1.3406485070979466
ZN.v.0,surprise,small,total_rel,-3,31.0,0.7909472246610086,0.6895462897342566,0.9643582025806812
ZN.v.0,surprise,small,total_rel,-2,31.0,0.5445339470655927,0.38587775740341446,0.7329139076573499
ZN.v.0,surprise,small,total_rel,-1,31.0,0.25681818181818183,0.14984721024872732,0.33896604821406034
ZN.v.0,surprise,small,total_rel,0,31.0,0.20723917672107878,0.14994665572310478,0.2722113706293537
ZN.v.0,surprise,small,total_rel,1,31.0,0.4464960958601385,0.3522518522806809,0.6836449965866012
ZN.v.0,surprise,small,total_rel,2,31.0,0.5880496054114994,0.4408468961381944,0.9087955958908145
ZN.v.0,surprise,small,total_rel,3,31.0,0.6838055920435354,0.5328302568708518,1.1693034651279126
ZN.v.0,surprise,small,total_rel,4,31.0,0.76054884968534,0.5443094285468064,1.3081988404213116
ZN.v.0,surprise,small,total_rel,5,31.0,0.8488488488488488,0.6241282297965817,1.3734364080464787
ZN.v.0,surprise,small,total_rel,6,31.0,1.022001419446416,0.6844828357640653,1.4343478910642509
ZN.v.0,surprise,small,total_rel,7,31.0,0.9119909926815538,0.693293118770675,1.3287713321183419
ZN.v.0,surprise,small,total_rel,8,31.0,0.9560315670800451,0.7575154795139121,1.4307573218398284
ZN.v.0,surprise,small,total_rel,9,31.0,1.147065592635213,0.8237831423610642,1.604100415926884
ZN.v.0,surprise,small,total_rel,10,31.0,1.0924059616749469,0.8685987761228726,1.4889671396330677
ZN.v.0,surprise,small,total_rel,11,31.0,1.1830071599045346,0.8239165699778361,1.592315549186575
ZN.v.0,surprise,small,total_rel,12,31.0,1.1775727466288148,0.8290033029720132,1.5912704561511206
ZN.v.0,surprise,small,total_rel,13,31.0,1.3081416887521016,0.8600057225345086,1.669828983772675
ZN.v.0,surprise,small,total_rel,14,31.0,1.1673187571921748,0.9424700157106887,1.723889453596525
ZN.v.0,surprise,small,total_rel,15,31.0,1.2676437429537768,1.0222391775980497,1.7996477079291644
ZN.v.0,surprise,small,total_rel,16,31.0,1.2253936460245924,1.090009707847273,1.683703983278369
ZN.v.0,surprise,small,total_rel,17,31.0,1.3741241241241242,1.1549050889196149,1.7111157862293804
ZN.v.0,surprise,small,total_rel,18,31.0,1.441941941941942,1.1399382601714758,1.8809750357921966
ZN.v.0,surprise,small,total_rel,19,31.0,1.4702053079619428,1.154107373678885,1.8028655444477166
ZN.v.0,surprise,small,total_rel,20,31.0,1.4106173810460088,1.178706608440955,1.9096306496125954
ZN.v.0,surprise,small,total_rel,21,31.0,1.4383246466638493,1.1249406152641033,1.8355639181320658
ZN.v.0,surprise,small,total_rel,22,31.0,1.52552969781174,1.1994926632028062,1.8527998364938867
ZN.v.0,surprise,small,total_rel,23,31.0,1.563021420518602,1.1350366134048642,2.035789682411135
ZN.v.0,surprise,small,total_rel,24,31.0,1.6122689736531655,1.146757424165692,2.037996051286438
ZN.v.0,surprise,small,total_rel,25,31.0,1.5264852209540534,1.1419852939487205,2.0118117115493144
ZN.v.0,surprise,small,total_rel,26,31.0,1.4766810853322847,1.1658736807183776,2.0806552969838803
ZN.v.0,surprise,small,total_rel,27,31.0,1.5321865579003369,1.1305157755454283,1.9726495478770931
ZN.v.0,surprise,small,total_rel,28,31.0,1.4306806806806807,1.1314238156758565,2.1242723254412543
ZN.v.0,surprise,small,total_rel,29,31.0,1.3113924050632912,1.0512063211590208,1.8354445777705208
ZN.v.0,surprise,small,total_rel,30,31.0,1.3310870721759178,0.9152732512186572,1.946375308031152
ZN.v.0,surprise,small,total_rel,31,31.0,1.1718514671513893,0.9487325987972242,1.9997948862416224
ZN.v.0,surprise,small,total_rel,32,31.0,1.2430302145672165,0.843968716360823,1.909593953652394
ZN.v.0,surprise,small,total_rel,33,31.0,1.2240070093457944,0.8534700079819925,1.9185058091952063
ZN.v.0,surprise,small,total_rel,34,31.0,1.2996495327102804,0.9953292770636094,1.8204370267458543
ZN.v.0,surprise,small,total_rel,35,31.0,1.1558787018974996,0.8811179503183281,2.0211811996874394
ZN.v.0,surprise,small,total_rel,36,31.0,1.245365640052547,0.8487745067923,1.8685578564953729
ZN.v.0,surprise,small,total_rel,37,31.0,1.185831124789832,0.8003097427294498,1.6963173435162406
ZN.v.0,surprise,small,total_rel,38,31.0,1.1429382540809085,0.8412065433283512,1.7247027951468161
ZN.v.0,surprise,small,total_rel,39,31.0,1.1858122901766166,0.7989018719178722,1.7364996096088632
