events,instrument,horizon,horizon_s,model,y,term,coef,se,t_stat,p_value,ci_low,ci_high,r2,N,N_events
fomc_statement,ES,1s,1,M_surprise,abs_ret,const,1.4174265382082936,0.7110833514687162,1.9933338831244634,0.04622489849892321,0.02372877932357298,2.811124297093014,0.06710829593064338,92,92
fomc_statement,ES,1s,1,M_surprise,abs_ret,abs_surprise_bp,0.7986290850623159,0.4610813133943953,1.7320786201092306,0.0832595652575745,-0.10507368313512444,1.7023318532597562,0.06710829593064338,92,92
fomc_statement,ES,1s,1,M_book,abs_ret,const,2.2665074395556637,1.7037461204386246,1.3303082028278708,0.18341674561949328,-1.072773595303882,5.60578847441521,0.010897708536039663,92,92
fomc_statement,ES,1s,1,M_book,abs_ret,pre60_depth_ratio,1.4833632035961906,2.8097375582482056,0.5279365680405492,0.5975433628632247,-4.023621216579805,6.990347623772186,0.010897708536039663,92,92
fomc_statement,ES,1s,1,M_book,abs_ret,pre60_spread_change,-1.3486174363153793,1.0092658442581788,-1.3362360808976228,0.18147212130673573,-3.326742141887821,0.6295072692570625,0.010897708536039663,92,92
fomc_statement,ES,1s,1,M_sides,abs_ret,const,2.235202484174332,1.7283257660616167,1.2932761450798416,0.19591556810090804,-1.1522537708590357,5.622658739207699,0.0016354749252960321,92,92
fomc_statement,ES,1s,1,M_sides,abs_ret,pre60_bid_ratio,0.4963252746803426,1.3835315693656625,0.3587379469106755,0.7197911378155204,-2.2153467727505354,3.2079973221112206,0.0016354749252960321,92,92
fomc_statement,ES,1s,1,M_sides,abs_ret,pre60_ask_ratio,0.4268377751865827,1.989912807471725,0.21450074273801956,0.8301565878216163,-3.4733196598329847,4.32699521020615,0.0016354749252960321,92,92
fomc_statement,ES,1s,1,M_both,abs_ret,const,1.3979555852422867,1.5457354663183926,0.9043951023339811,0.36578593425604256,-1.6316302583679887,4.427541428852562,0.09562991162171153,92,92
fomc_statement,ES,1s,1,M_both,abs_ret,abs_surprise_bp,0.9433363089681208,0.5017594105329455,1.8800570336411886,0.06010030538771278,-0.0400940645804998,1.9267666825167415,0.09562991162171153,92,92
fomc_statement,ES,1s,1,M_both,abs_ret,pre60_depth_ratio,0.8372916680606156,2.8347404338147664,0.29536801961576975,0.7677127607026786,-4.718697487735776,6.3932808238570065,0.09562991162171153,92,92
fomc_statement,ES,1s,1,M_both,abs_ret,pre60_spread_change,-2.769957718842434,1.3719492552426926,-2.0189942946194748,0.04348781250899675,-5.458928847734661,-0.08098658995020624,0.09562991162171153,92,92
fomc_statement,ES,1s,1,D_book,ret,const,-0.05054961241111511,0.6354706174217736,-0.07954673438121278,0.9365977606930382,-1.2960491357912227,1.1949499109689925,0.0055198393983900695,92,92
fomc_statement,ES,1s,1,D_book,ret,imbalance_pre10,-1.4411558098463078,2.3099083479295848,-0.6239017280222583,0.5326921253935515,-5.96849297937671,3.086181359684095,0.0055198393983900695,92,92
fomc_statement,ES,1s,1,D_book,ret,side_asymmetry_pre60,0.4792822565606275,1.2033057456683294,0.3983046356139759,0.690405643838915,-1.8791536673394122,2.837718180460667,0.0055198393983900695,92,92
fomc_statement,ES,1s,1,D_surprise,ret,const,0.4178655160552231,0.5663267004780058,0.7378524016305877,0.4606041460089709,-0.6921144203650709,1.5278454524755172,0.12080927714137646,92,92
fomc_statement,ES,1s,1,D_surprise,ret,surprise_bp,-0.8602147131679547,0.35166434944019365,-2.4461243072757037,0.014440120422317125,-1.5494641727174425,-0.17096525361846682,0.12080927714137646,92,92
fomc_statement,ES,5s,5,M_surprise,abs_ret,const,0.5597098657526727,1.187585603382921,0.47130064911388264,0.6374260521912056,-1.7679151454361215,2.887334876941467,0.3981047140483477,92,92
fomc_statement,ES,5s,5,M_surprise,abs_ret,abs_surprise_bp,4.2998598010894575,0.8370352227492359,5.137011781853815,2.7914146170135535e-07,2.6593009107094936,5.9404186914694215,0.3981047140483477,92,92
fomc_statement,ES,5s,5,M_book,abs_ret,const,3.4471222026453936,3.4247605934158116,1.0065293934041908,0.3141609796169751,-3.26528521612162,10.159529621412407,0.16027000839919225,92,92
fomc_statement,ES,5s,5,M_book,abs_ret,pre60_depth_ratio,1.3532643230438746,5.754379111856906,0.23517121425932322,0.8140758471997736,-9.925111489585245,12.631640135672992,0.16027000839919225,92,92
fomc_statement,ES,5s,5,M_book,abs_ret,pre60_spread_change,14.102845798159386,5.110206799369736,2.7597407212363207,0.005784725189702755,4.087024517843,24.118667078475774,0.16027000839919225,92,92
fomc_statement,ES,5s,5,M_sides,abs_ret,const,6.13242610903434,3.3093237285297135,1.8530753145020635,0.06387156447482414,-0.35372921206770513,12.618581430136386,0.006655297844863295,92,92
fomc_statement,ES,5s,5,M_sides,abs_ret,pre60_bid_ratio,-0.0662254158980502,3.3227664158124854,-0.019930806927292453,0.9840985696482596,-6.578727919929763,6.446277088133662,0.006655297844863295,92,92
fomc_statement,ES,5s,5,M_sides,abs_ret,pre60_ask_ratio,2.9681042695550977,4.820231895677163,0.6157596426464308,0.5380531667706605,-6.479376643103373,12.415585182213569,0.006655297844863295,92,92
fomc_statement,ES,5s,5,M_both,abs_ret,const,-0.09623594009575953,3.0202828087886964,-0.03186322148896897,0.9745811287371662,-6.015881468447079,5.82340958825556,0.44886571079892423,92,92
fomc_statement,ES,5s,5,M_both,abs_ret,abs_surprise_bp,3.8484500092029723,0.736329232456992,5.226534326718796,1.7271676591518206e-07,2.405271232823247,5.291628785582698,0.44886571079892423,92,92
fomc_statement,ES,5s,5,M_both,abs_ret,pre60_depth_ratio,-1.2824595256410225,4.207104284930459,-0.3048318840668388,0.760494196530345,-9.52823240330886,6.963313352026815,0.44886571079892423,92,92
fomc_statement,ES,5s,5,M_both,abs_ret,pre60_spread_change,8.3043230747468,4.638138127819782,1.790443243795837,0.07338268369048519,-0.786260611102005,17.394906760595607,0.44886571079892423,92,92
fomc_statement,ES,5s,5,D_book,ret,const,-1.964061519705913,1.4270783448492135,-1.376281496243598,0.16873449936250118,-4.7610836787274025,0.8329606393155768,0.004655042601789727,92,92
fomc_statement,ES,5s,5,D_book,ret,imbalance_pre10,-1.697786909411683,4.552498882394446,-0.3729351622638312,0.7091967011108284,-10.620520758563645,7.2249469397402795,0.004655042601789727,92,92
fomc_statement,ES,5s,5,D_book,ret,side_asymmetry_pre60,1.6951736839554319,2.7911692553700242,0.6073346074208973,0.5436288759155432,-3.7754175313252962,7.1657648992361604,0.004655042601789727,92,92
fomc_statement,ES,5s,5,D_surprise,ret,const,0.5384810936613442,0.8738285309473378,0.616231988989378,0.5377414186011242,-1.174191355658982,2.2511535429816707,0.5405942804844013,92,92
fomc_statement,ES,5s,5,D_surprise,ret,surprise_bp,-4.298205252970171,0.5882676144190482,-7.306547475361063,2.7409368770946805e-13,-5.451188590502801,-3.1452219154375416,0.5405942804844013,92,92
fomc_statement,ES,30s,30,M_surprise,abs_ret,const,6.7287786307714565,1.8865676086533394,3.566677706066713,0.00036153567302045514,3.031174063411056,10.426383198131857,0.19656536606652342,92,92
fomc_statement,ES,30s,30,M_surprise,abs_ret,abs_surprise_bp,4.189952978706254,1.1868621010552094,3.530277843551556,0.00041512347529388616,1.863746006022505,6.516159951390002,0.19656536606652342,92,92
fomc_statement,ES,30s,30,M_book,abs_ret,const,7.39895834127593,5.224572774467422,1.4161843773015792,0.15672152874238646,-2.8410161312887245,17.638932813840583,0.09296148850254238,92,92
fomc_statement,ES,30s,30,M_book,abs_ret,pre60_depth_ratio,4.521134674139388,9.153450290265804,0.4939268287661286,0.6213578563961668,-13.419298229059292,22.461567577338066,0.09296148850254238,92,92
fomc_statement,ES,30s,30,M_book,abs_ret,pre60_spread_change,14.492546841043568,4.696241386797413,3.085988484703235,0.002028766789435284,5.288082860214201,23.697010821872937,0.09296148850254238,92,92
fomc_statement,ES,30s,30,M_sides,abs_ret,const,10.23206570275082,5.1667489619936156,1.9803682698767557,0.04766216264982102,0.10542382008362416,20.358707585418017,0.02408496595602605,92,92
fomc_statement,ES,30s,30,M_sides,abs_ret,pre60_bid_ratio,8.717239878842866,9.800939243267752,0.889429029450491,0.373772549347941,-10.49224805262718,27.92672781031291,0.02408496595602605,92,92
fomc_statement,ES,30s,30,M_sides,abs_ret,pre60_ask_ratio,-2.042995138419637,7.000344433699091,-0.2918420883099443,0.770407363508862,-15.763418107845297,11.677427831006021,0.02408496595602605,92,92
fomc_statement,ES,30s,30,M_both,abs_ret,const,4.035996506576701,5.2656994094021465,0.7664692176257242,0.4433971610296258,-6.284584689265339,14.356577702418742,0.2281387386414896,92,92
fomc_statement,ES,30s,30,M_both,abs_ret,abs_surprise_bp,3.6525211345656894,1.1498069609350787,3.1766385651338225,0.0014899259450801437,1.3989409019594823,5.906101367171896,0.2281387386414896,92,92
fomc_statement,ES,30s,30,M_both,abs_ret,pre60_depth_ratio,2.019598461072094,7.694407922601833,0.26247613609614484,0.792954381218626,-13.061163949587154,17.100360871731343,0.2281387386414896,92,92
fomc_statement,ES,30s,30,M_both,abs_ret,pre60_spread_change,8.989233365260585,4.122948260719331,2.18029254718133,0.02923578316589909,0.9084032641286406,17.07006346639253,0.2281387386414896,92,92
fomc_statement,ES,30s,30,D_book,ret,const,-0.3579911236015194,2.235676440436831,-0.16012653581104572,0.8727813983212567,-4.739836427942415,4.023854180739376,0.007049924958003273,92,92
fomc_statement,ES,30s,30,D_book,ret,imbalance_pre10,-1.6458298572024308,7.206801218768106,-0.2283717570725172,0.8193572439418535,-15.770900689727286,12.479240975322424,0.007049924958003273,92,92
fomc_statement,ES,30s,30,D_book,ret,side_asymmetry_pre60,-2.2781563923639307,4.167284232027211,-0.5466765081333802,0.5846009962812159,-10.445883400478923,5.889570615751062,0.007049924958003273,92,92
fomc_statement,ES,30s,30,D_post5,ret_after5,const,1.8330107078219728,1.5940871874945282,1.149881086932872,0.2501928516498355,-1.2913427678840508,4.9573641835279965,0.011354716639002227,92,92
fomc_statement,ES,30s,30,D_post5,ret_after5,imbalance_post5,5.253231155644612,5.342745021902246,0.9832457162206548,0.32548651968465125,-5.2183566658644525,15.724818977153678,0.011354716639002227,92,92
fomc_statement,ES,30s,30,D_surprise,ret,const,3.380618020610779,1.5320314903340224,2.2066243689767218,0.02734031301784419,0.3778914763748711,6.383344564846687,0.3920799436492759,92,92
fomc_statement,ES,30s,30,D_surprise,ret,surprise_bp,-5.660102790922065,0.954751098988187,-5.928354308175661,3.0598572259624033e-09,-7.531380559138947,-3.7888250227051823,0.3920799436492759,92,92
fomc_statement,ES,1m,60,M_surprise,abs_ret,const,9.929009879034425,2.3093866120012185,4.299414323888523,1.7125006113805073e-05,5.4026952931330605,14.455324464935789,0.15658072991410366,92,92
fomc_statement,ES,1m,60,M_surprise,abs_ret,abs_surprise_bp,4.770356504433496,1.537427512501848,3.1028171836672285,0.001916880132860794,1.7570539510888707,7.783659057778122,0.15658072991410366,92,92
fomc_statement,ES,1m,60,M_book,abs_ret,const,8.81861269253989,6.94227405528744,1.2702772351407499,0.20398589424803049,-4.78799442663032,22.4252198117101,0.0770856385040447,92,92
fomc_statement,ES,1m,60,M_book,abs_ret,pre60_depth_ratio,8.413549433644837,12.306015009919378,0.6836940656144997,0.4941683715904728,-15.70579677900646,32.53289564629613,0.0770856385040447,92,92
fomc_statement,ES,1m,60,M_book,abs_ret,pre60_spread_change,16.09517454835597,5.573344850921055,2.8878842021943196,0.00387842626011713,5.171619367128946,27.018729729582994,0.0770856385040447,92,92
fomc_statement,ES,1m,60,M_sides,abs_ret,const,11.44691732962722,6.865467810733975,1.6673178937246305,0.09545121043369403,-2.0091523164304217,24.90298697568486,0.02033375536419124,92,92
fomc_statement,ES,1m,60,M_sides,abs_ret,pre60_bid_ratio,9.721705688483027,13.949860397874147,0.6969034392605492,0.48586322528137593,-17.61951828071189,37.06292965767794,0.02033375536419124,92,92
fomc_statement,ES,1m,60,M_sides,abs_ret,pre60_ask_ratio,1.6303451565982208,9.799427646326661,0.16637146733864192,0.8678646267687652,-17.576180099308147,20.836870412504588,0.02033375536419124,92,92
fomc_statement,ES,1m,60,M_both,abs_ret,const,5.014076571556796,6.877279056130938,0.729078539729584,0.4659536210348795,-8.46514269009146,18.493295833205053,0.18340468981012004,92,92
fomc_statement,ES,1m,60,M_both,abs_ret,abs_surprise_bp,4.132116054879992,1.5526772438921397,2.661284610909799,0.007784312699629337,1.0889245772364848,7.175307532523499,0.18340468981012004,92,92
fomc_statement,ES,1m,60,M_both,abs_ret,pre60_depth_ratio,5.583548574770088,10.471255915017867,0.5332262548145889,0.593876969200329,-14.93973589156694,26.106833041107116,0.18340468981012004,92,92
fomc_statement,ES,1m,60,M_both,abs_ret,pre60_spread_change,9.869247543275343,5.583889764680524,1.7674502827224061,0.07715284830271035,-1.0749752891403226,20.813470375691008,0.18340468981012004,92,92
fomc_statement,ES,1m,60,D_book,ret,const,0.829811861486682,2.9086931093213066,0.2852868385555822,0.7754243953846665,-4.871121874862905,6.53074559783627,0.0018618647412698142,92,92
fomc_statement,ES,1m,60,D_book,ret,imbalance_pre10,-1.5043412152000215,9.086584294352145,-0.1655562933736343,0.8685061453571659,-19.313719174617525,16.30503674421748,0.0018618647412698142,92,92
fomc_statement,ES,1m,60,D_book,ret,side_asymmetry_pre60,-1.3296857172262389,5.96165370185378,-0.2230397442932273,0.823504574047583,-13.014312261159537,10.35494082670706,0.0018618647412698142,92,92
fomc_statement,ES,1m,60,D_post5,ret_after5,const,2.8300484937946133,2.1864705855398743,1.294345559693788,0.19554608607066637,-1.4553551071197437,7.115452094708971,0.01665037996512997,92,92
fomc_statement,ES,1m,60,D_post5,ret_after5,imbalance_post5,8.707673093979004,7.366113175166996,1.1821258901281535,0.23715575289274304,-5.729643435394291,23.1449896233523,0.01665037996512997,92,92
fomc_statement,ES,1m,60,D_surprise,ret,const,5.711511041727414,1.8826982718684082,3.0336836906209377,0.0024158758486902457,2.021490235109535,9.401531848345293,0.42980757901382627,92,92
fomc_statement,ES,1m,60,D_surprise,ret,surprise_bp,-7.624851769483053,1.1755229690773454,-6.486348604032563,8.79415604982037e-11,-9.928834451874241,-5.3208690870918645,0.42980757901382627,92,92
fomc_statement,ES,5m,300,M_surprise,abs_ret,const,7.82853306623508,3.2021897122592096,2.4447436815702877,0.01449551199239205,1.5523565585423507,14.10470957392781,0.3039501480354153,92,92
fomc_statement,ES,5m,300,M_surprise,abs_ret,abs_surprise_bp,10.169074412158608,2.1788856758138397,4.667098657372346,3.0548267082578854e-06,5.898536961133266,14.439611863183949,0.3039501480354153,92,92
fomc_statement,ES,5m,300,M_book,abs_ret,const,8.66563742588815,10.772929076624457,0.8043900933768519,0.421171720718608,-12.448915572300127,29.780190424076427,0.05958195946169054,92,92
fomc_statement,ES,5m,300,M_book,abs_ret,pre60_depth_ratio,19.7487088875414,18.989698888686092,1.0399695647258274,0.29835404093180595,-17.470417011543628,56.967834786626426,0.05958195946169054,92,92
fomc_statement,ES,5m,300,M_book,abs_ret,pre60_spread_change,18.201710727833365,9.375337402602133,1.9414459390849725,0.052204210711792126,-0.17361292417811214,36.57703437984485,0.05958195946169054,92,92
fomc_statement,ES,5m,300,M_sides,abs_ret,const,10.065970944811003,10.432718687170373,0.9648463882371928,0.3346217573813981,-10.381781942880924,30.51372383250293,0.038165775430028304,92,92
fomc_statement,ES,5m,300,M_sides,abs_ret,pre60_bid_ratio,18.86275675178983,19.317760444724684,0.9764463539012823,0.3288433201421159,-18.999357981843005,56.72487148542267,0.038165775430028304,92,92
fomc_statement,ES,5m,300,M_sides,abs_ret,pre60_ask_ratio,6.670316402456477,15.245825008059278,0.4375175760531425,0.6617360323562154,-23.210951527939784,36.55158433285274,0.038165775430028304,92,92
fomc_statement,ES,5m,300,M_both,abs_ret,const,-0.34529712573408666,9.449802533739078,-0.036540141923733956,0.9708516714409319,-18.86656975287803,18.17597550140985,0.3143530865273889,92,92
fomc_statement,ES,5m,300,M_both,abs_ret,abs_surprise_bp,9.786798218283094,2.1510454716579717,4.549786765195473,5.37003054717015e-06,5.570826564725496,14.002769871840691,0.3143530865273889,92,92
fomc_statement,ES,5m,300,M_both,abs_ret,pre60_depth_ratio,13.045933119502267,14.584661865060855,0.8944967830042889,0.3710561502315811,-15.539478862711784,41.63134510171632,0.3143530865273889,92,92
fomc_statement,ES,5m,300,M_both,abs_ret,pre60_spread_change,3.4557813998021083,6.801511570446302,0.5080902037744157,0.6113900849977194,-9.874936318705107,16.786499118309322,0.3143530865273889,92,92
fomc_statement,ES,5m,300,D_book,ret,const,0.2810114300832556,4.282776138037936,0.0656143167482938,0.9476848905604758,-8.113075554318641,8.675098414485152,0.0033192678277826904,92,92
fomc_statement,ES,5m,300,D_book,ret,imbalance_pre10,-1.6876639936838007,13.368280413078024,-0.12624391032617627,0.8995388539777696,-27.889012138548964,24.513684151181366,0.0033192678277826904,92,92
fomc_statement,ES,5m,300,D_book,ret,side_asymmetry_pre60,-3.1257015482566852,9.16723749035405,-0.34096439102244386,0.7331303889779599,-21.093156867075976,14.841753770562605,0.0033192678277826904,92,92
fomc_statement,ES,5m,300,D_post5,ret_after5,const,2.6759962381161775,3.6068238411432088,0.7419259592306569,0.45813219664477034,-4.393248589104928,9.745241065337284,9.485364369432592e-05,92,92
fomc_statement,ES,5m,300,D_post5,ret_after5,imbalance_post5,1.0823493772734543,12.379622947922597,0.08742991461263216,0.9303297919921348,-23.181265742840406,25.345964497387317,9.485364369432592e-05,92,92
fomc_statement,ES,5m,300,D_surprise,ret,const,7.682606936164121,3.0598821949428032,2.5107525214080106,0.012047412235086817,1.6853480371408578,13.679865835187385,0.4430373532856079,92,92
fomc_statement,ES,5m,300,D_surprise,ret,surprise_bp,-11.37452178884039,1.8480857628193603,-6.1547586252100706,7.519192640602207e-10,-14.99670332430757,-7.752340253373211,0.4430373532856079,92,92
fomc_statement,ES,10m,600,M_surprise,abs_ret,const,7.6547308048572855,3.0006627673273734,2.5510133588504487,0.010741020868785225,1.7735398511453413,13.53592175856923,0.3450810460428023,92,92
fomc_statement,ES,10m,600,M_surprise,abs_ret,abs_surprise_bp,10.77253980161995,1.8083305706907002,5.957173968200586,2.566370114773133e-09,7.2282770109234145,14.316802592316485,0.3450810460428023,92,92
fomc_statement,ES,10m,600,M_book,abs_ret,const,6.291021071560112,9.338501311748994,0.6736649556010906,0.5005243465772277,-12.012105169047967,24.594147312168193,0.09532871898417783,92,92
fomc_statement,ES,10m,600,M_book,abs_ret,pre60_depth_ratio,22.512150886266838,15.1736887179491,1.4836307311113481,0.13790691198997385,-7.227732513535145,52.25203428606882,0.09532871898417783,92,92
fomc_statement,ES,10m,600,M_book,abs_ret,pre60_spread_change,24.090546901689667,12.03464797004097,2.0017658149752804,0.04530992418351267,0.5030703137912944,47.67802348958804,0.09532871898417783,92,92
fomc_statement,ES,10m,600,M_sides,abs_ret,const,8.227807547883955,9.213213601441671,0.8930442627094285,0.37183346954046903,-9.829759292816284,26.285374388584195,0.053228526009626576,92,92
fomc_statement,ES,10m,600,M_sides,abs_ret,pre60_bid_ratio,22.10315846917526,17.782644126210975,1.24296242517703,0.21388168009420727,-12.750183568090993,56.956500506441515,0.053228526009626576,92,92
fomc_statement,ES,10m,600,M_sides,abs_ret,pre60_ask_ratio,7.908484417990364,13.447925049161194,0.5880821308179176,0.556477166585227,-18.44896434515961,34.26593318114034,0.053228526009626576,92,92
fomc_statement,ES,10m,600,M_both,abs_ret,const,-2.9547047492768854,8.14370244147013,-0.36282081406003486,0.7167387424845792,-18.916068235369245,13.006658736815476,0.36668378938296653,92,92
fomc_statement,ES,10m,600,M_both,abs_ret,abs_surprise_bp,10.041805594272283,1.6560392271816307,6.063748629531057,1.3298494507368783e-09,6.796028352010742,13.287582836533824,0.36668378938296653,92,92
fomc_statement,ES,10m,600,M_both,abs_ret,pre60_depth_ratio,15.634725838419486,12.750745948805546,1.226181268232711,0.2201304686988702,-9.356276997259384,40.625728674098355,0.36668378938296653,92,92
fomc_statement,ES,10m,600,M_both,abs_ret,pre60_spread_change,8.960393779462013,7.942647773128406,1.1281368676295642,0.2592621211678575,-6.6069097977569236,24.52769735668095,0.36668378938296653,92,92
fomc_statement,ES,10m,600,D_book,ret,const,-2.179086421502996,4.3976754384299666,-0.4955086959034342,0.6202410852480829,-10.798371896522122,6.44019905351613,0.008236281928389766,92,92
fomc_statement,ES,10m,600,D_book,ret,imbalance_pre10,-0.6688382953751795,14.357628474556071,-0.046584176248916316,0.9628446438621578,-28.809273008911838,27.471596418161475,0.008236281928389766,92,92
fomc_statement,ES,10m,600,D_book,ret,side_asymmetry_pre60,-5.638894488642275,10.079795002902172,-0.559425512822307,0.5758713535804483,-25.394929665877342,14.11714068859279,0.008236281928389766,92,92
fomc_statement,ES,10m,600,D_post5,ret_after5,const,0.5386304379682139,3.6302349221870447,0.14837343850014933,0.8820480610417922,-6.576499264937959,7.653760140874387,8.952004319118245e-05,92,92
fomc_statement,ES,10m,600,D_post5,ret_after5,imbalance_post5,-1.079240536672371,10.521839377946032,-0.1025714704345781,0.9183030866766586,-21.70166676856192,19.543185695217176,8.952004319118245e-05,92,92
fomc_statement,ES,10m,600,D_surprise,ret,const,5.457647987406458,3.189473352355726,1.711143936466963,0.08705454510537843,-0.793604912860995,11.70890088767391,0.4303909173756719,92,92
fomc_statement,ES,10m,600,D_surprise,ret,surprise_bp,-11.336768901343287,1.64238695216503,-6.902617489988527,5.105296593360003e-12,-14.555788176265255,-8.11774962642132,0.4303909173756719,92,92
fomc_statement,ES,20m,1200,M_surprise,abs_ret,const,12.936084323156772,4.121348956063897,3.1387985975134236,0.0016964200010486149,4.8583888015497845,21.01377984476376,0.24142903606380184,76,76
fomc_statement,ES,20m,1200,M_surprise,abs_ret,abs_surprise_bp,9.313803962399225,2.38630152257351,3.9030289652393724,9.499632902052377e-05,4.636738921902051,13.9908690028964,0.24142903606380184,76,76
fomc_statement,ES,20m,1200,M_book,abs_ret,const,24.42657492911595,14.053637640756437,1.73809625333425,0.08219385497976722,-3.11804869854312,51.97119855677502,0.007414441286719531,76,76
fomc_statement,ES,20m,1200,M_book,abs_ret,pre60_depth_ratio,6.934839832770932,21.728724621081287,0.3191554016034022,0.7496086741559452,-35.652677854537124,49.52235752007899,0.007414441286719531,76,76
fomc_statement,ES,20m,1200,M_book,abs_ret,pre60_spread_change,7.17144407302597,11.903078310597415,0.6024865069266301,0.5468503421648874,-16.158160720904835,30.501048866956776,0.007414441286719531,76,76
fomc_statement,ES,20m,1200,M_sides,abs_ret,const,24.352131479925063,13.083590038761848,1.861272892820601,0.06270564915264251,-1.2912337845351693,49.99549674438529,0.006960513912774857,76,76
fomc_statement,ES,20m,1200,M_sides,abs_ret,pre60_bid_ratio,9.361809197800875,19.205902143478394,0.48744438703598186,0.6259434445930974,-28.281067294017404,47.00468568961915,0.006960513912774857,76,76
fomc_statement,ES,20m,1200,M_sides,abs_ret,pre60_ask_ratio,1.5875284038396504,18.66364000499165,0.08505995633301226,0.9322137251036383,-34.99253382636494,38.16759063404424,0.006960513912774857,76,76
fomc_statement,ES,20m,1200,M_both,abs_ret,const,11.84557711349688,13.224405344618216,0.8957360883011302,0.3703937313052199,-14.073781078913825,37.764935305907585,0.24377426090021093,76,76
fomc_statement,ES,20m,1200,M_both,abs_ret,abs_surprise_bp,9.485191240370435,2.421157847050924,3.9176261274843407,8.942525877334252e-05,4.739809059264087,14.230573421476784,0.24377426090021093,76,76
fomc_statement,ES,20m,1200,M_both,abs_ret,pre60_depth_ratio,3.3594292928678193,18.677603760127415,0.1798640412342114,0.8572593056958917,-33.24800139449181,39.96685998022744,0.24377426090021093,76,76
fomc_statement,ES,20m,1200,M_both,abs_ret,pre60_spread_change,-4.287402268017154,9.109207748702223,-0.4706668665700346,0.6378786490030495,-22.1411213831667,13.566316847132391,0.24377426090021093,76,76
fomc_statement,ES,20m,1200,D_book,ret,const,-0.7559710092258949,5.639786525464622,-0.13404248650415287,0.8933689781910391,-11.809749479630844,10.297807461179053,0.0037094638270909197,76,76
fomc_statement,ES,20m,1200,D_book,ret,imbalance_pre10,-8.913028588884757,19.94490562878735,-0.44688246486462163,0.6549599254006288,-48.00432529635816,30.178268118588647,0.0037094638270909197,76,76
fomc_statement,ES,20m,1200,D_book,ret,side_asymmetry_pre60,0.3745525265002776,14.846864006873938,0.02522771989605777,0.9798733267094346,-28.72476621033668,29.473871263337234,0.0037094638270909197,76,76
fomc_statement,ES,20m,1200,D_post5,ret_after5,const,1.6518053446645113,4.444380691505358,0.37166153381541844,0.7101448681714431,-7.05902074427121,10.362631433600233,0.004034249083827435,76,76
fomc_statement,ES,20m,1200,D_post5,ret_after5,imbalance_post5,8.484189858045557,14.747622748918205,0.5752920319763336,0.5650938094572362,-20.420619587417715,37.388999303508825,0.004034249083827435,76,76
fomc_statement,ES,20m,1200,D_surprise,ret,const,6.909487030892577,3.9228665145961545,1.761336258876982,0.0781815065239431,-0.7791900538740562,14.598164115659209,0.4314262969087812,76,76
fomc_statement,ES,20m,1200,D_surprise,ret,surprise_bp,-11.7389819242084,1.8498273983569085,-6.345987703844931,2.210028871109649e-10,-15.364577002603367,-8.113386845813432,0.4314262969087812,76,76
fomc_statement,ES,30m,1800,M_surprise,abs_ret,const,7.841486867841596,3.8707701204829474,2.025820863488331,0.04278314511901471,0.2549168392612531,15.42805689642194,0.38285437497402075,76,76
fomc_statement,ES,30m,1800,M_surprise,abs_ret,abs_surprise_bp,12.671263346779153,2.133083700353577,5.940349806563512,2.844145288609274e-09,8.490496118076713,16.852030575481592,0.38285437497402075,76,76
fomc_statement,ES,30m,1800,M_book,abs_ret,const,22.551533236608208,15.215199552311008,1.4821713746884706,0.138294701153391,-7.269709903511323,52.37277637672774,0.018353547758002797,76,76
fomc_statement,ES,30m,1800,M_book,abs_ret,pre60_depth_ratio,9.250497844190045,22.322259216505856,0.41440688213807253,0.6785761496030758,-34.50032627372872,53.001321962108804,0.018353547758002797,76,76
fomc_statement,ES,30m,1800,M_book,abs_ret,pre60_spread_change,13.112499639317416,14.533345945872812,0.9022354307227588,0.36693181729692503,-15.372334989454501,41.597334268089334,0.018353547758002797,76,76
fomc_statement,ES,30m,1800,M_sides,abs_ret,const,23.97027473797862,14.065158224884216,1.7042307206733143,0.08833799203101328,-3.5969288196517617,51.537478295609006,0.007430971207656789,76,76
fomc_statement,ES,30m,1800,M_sides,abs_ret,pre60_bid_ratio,3.9089156041043003,18.051359796114486,0.2165441079372694,0.8285636474801847,-31.471099468254387,39.28893067646299,0.007430971207656789,76,76
fomc_statement,ES,30m,1800,M_sides,abs_ret,pre60_ask_ratio,8.981035089147712,19.736005365283972,0.4550584033051355,0.6490672226323226,-29.70082462549815,47.66289480379357,0.007430971207656789,76,76
fomc_statement,ES,30m,1800,M_both,abs_ret,const,5.643967275215425,12.02089921342638,0.4695129020723812,0.6387030648213278,-17.916562244886148,29.204496795316995,0.3840865255298035,76,76
fomc_statement,ES,30m,1800,M_both,abs_ret,abs_surprise_bp,12.747120610250002,2.130972963285775,5.981831224453947,2.2064283338766676e-09,8.570490350181288,16.923750870318717,0.3840865255298035,76,76
fomc_statement,ES,30m,1800,M_both,abs_ret,pre60_depth_ratio,4.445514135551189,16.75474150343447,0.26532872110500333,0.7907562409073178,-28.393175781458854,37.284204052561236,0.3840865255298035,76,76
fomc_statement,ES,30m,1800,M_both,abs_ret,pre60_spread_change,-2.287010255845647,9.078132788985373,-0.25192518208375503,0.8010988947138915,-20.079823569129132,15.505803057437838,0.3840865255298035,76,76
fomc_statement,ES,30m,1800,D_book,ret,const,-1.2556613938748726,5.811225899940393,-0.21607513035894066,0.8289291849069851,-12.645454863784407,10.134132076034662,0.0013425239124515986,76,76
fomc_statement,ES,30m,1800,D_book,ret,imbalance_pre10,6.105713940172394,19.627597915265586,0.3110780018284156,0.7557413240636746,-32.3636710767816,44.575098957126386,0.0013425239124515986,76,76
fomc_statement,ES,30m,1800,D_book,ret,side_asymmetry_pre60,-2.213769395708055,15.018319744850455,-0.14740459873795944,0.8828126759065585,-31.649135203921723,27.221596412505612,0.0013425239124515986,76,76
fomc_statement,ES,30m,1800,D_post5,ret_after5,const,1.2426371985814426,4.58033219582692,0.2712984878506395,0.786161469393001,-7.734648942468583,10.21992333963147,0.0002453702477724917,76,76
fomc_statement,ES,30m,1800,D_post5,ret_after5,imbalance_post5,2.157904017191626,15.357235701037423,0.1405138306919294,0.8882540255893467,-27.941724858934453,32.2575328933177,0.0002453702477724917,76,76
fomc_statement,ES,30m,1800,D_surprise,ret,const,8.066380871200753,3.8758120128210356,2.081210555237839,0.03741463783772685,0.4699289152238286,15.662832827177677,0.5648098145739897,76,76
fomc_statement,ES,30m,1800,D_surprise,ret,surprise_bp,-14.273368940941253,1.8113753829775536,-7.879851451596175,3.277705137779073e-15,-17.823599454059707,-10.7231384278228,0.5648098145739897,76,76
fomc_statement,NQ,1s,1,M_surprise,abs_ret,const,1.5259203443427112,0.8035709857928233,1.8989241415146416,0.057574450667322766,-0.049049846832569965,3.1008905355179923,0.0863853064757113,92,92
fomc_statement,NQ,1s,1,M_surprise,abs_ret,abs_surprise_bp,1.0148890664399672,0.5769936888057745,1.7589257666587674,0.07859011801696793,-0.11599778292626262,2.145775915806197,0.0863853064757113,92,92
fomc_statement,NQ,1s,1,M_book,abs_ret,const,0.5783642662790549,1.5847312939144802,0.3649604626980164,0.7151409197506973,-2.5276519949668854,3.6843805275249952,0.02692516773912701,92,92
fomc_statement,NQ,1s,1,M_book,abs_ret,pre60_depth_ratio,2.8767867693963187,1.6211810051634399,1.7745006635494687,0.07598037243146019,-0.30066961314446683,6.054243151937104,0.02692516773912701,92,92
fomc_statement,NQ,1s,1,M_book,abs_ret,pre60_spread_change,-0.05777463826611906,0.15078872827188639,-0.3831495823875237,0.7016088580958175,-0.353315114953613,0.2377658384213749,0.02692516773912701,92,92
fomc_statement,NQ,1s,1,M_sides,abs_ret,const,0.5017115481560228,1.6917477509891201,0.2965640402729576,0.7667993680527425,-2.8140531147092886,3.817476211021334,0.026193113119706735,92,92
fomc_statement,NQ,1s,1,M_sides,abs_ret,pre60_bid_ratio,1.345468545645643,1.7318171057619918,0.7769114539688317,0.4372110130786768,-2.0488306094582542,4.739767700749541,0.026193113119706735,92,92
fomc_statement,NQ,1s,1,M_sides,abs_ret,pre60_ask_ratio,1.453225074253063,1.2316507853046372,1.1799002538642651,0.2380398889005111,-0.9607661064745003,3.8672162549806264,0.026193113119706735,92,92
fomc_statement,NQ,1s,1,M_both,abs_ret,const,-0.992641756993009,1.6822471552554268,-0.590068916979259,0.5551444466840669,-4.289785594388606,2.304502080402588,0.12183521063439684,92,92
fomc_statement,NQ,1s,1,M_both,abs_ret,abs_surprise_bp,1.116924908123409,0.6180289989909903,1.8072370551332197,0.07072532561425635,-0.09438967130027343,2.3282394875470915,0.12183521063439684,92,92
fomc_statement,NQ,1s,1,M_both,abs_ret,pre60_depth_ratio,2.991202847324333,1.8066369481711069,1.6556745672407422,0.09778774040841741,-0.5497405042303929,6.532146198879058,0.12183521063439684,92,92
fomc_statement,NQ,1s,1,M_both,abs_ret,pre60_spread_change,-0.2769742841864302,0.1742911616831763,-1.5891470428656025,0.11202719916291254,-0.6185786839091032,0.06463011553624276,0.12183521063439684,92,92
fomc_statement,NQ,1s,1,D_book,ret,const,-0.6605318673541963,0.6864429954289564,-0.9622530519689136,0.3359225057630113,-2.0059354158347436,0.684871681126351,0.04367824062070236,92,92
fomc_statement,NQ,1s,1,D_book,ret,imbalance_pre10,-4.008103016952912,2.3740143220045344,-1.68832301465166,0.09134923964659147,-8.661085586864075,0.6448795529582503,0.04367824062070236,92,92
fomc_statement,NQ,1s,1,D_book,ret,side_asymmetry_pre60,-1.7844188168169155,1.7727326785435191,-1.0065921604621164,0.314130803320567,-5.2589110209794345,1.690073387345603,0.04367824062070236,92,92
fomc_statement,NQ,1s,1,D_surprise,ret,const,0.20516281374326212,0.5765627058778813,0.35583781547382387,0.7219620275201056,-0.9248793246063454,1.3352049520928697,0.11819506477364017,92,92
fomc_statement,NQ,1s,1,D_surprise,ret,surprise_bp,-0.9628560461218161,0.43069640953084604,-2.2355794587901188,0.025379331374578814,-1.8070054970729879,-0.11870659517064419,0.11819506477364017,92,92
fomc_statement,NQ,5s,5,M_surprise,abs_ret,const,0.5474990757028249,1.5414190848712033,0.35519157708402993,0.72244607439098,-2.473626815727423,3.568624967133072,0.33447028661318423,92,92
fomc_statement,NQ,5s,5,M_surprise,abs_ret,abs_surprise_bp,4.729947317466469,1.2010967369357273,3.93802361792577,8.215550962814048e-05,2.375840971123864,7.084053663809074,0.33447028661318423,92,92
fomc_statement,NQ,5s,5,M_book,abs_ret,const,3.2684665634130803,2.4337440019461987,1.3429787852787214,0.179278843362348,-1.5015840279918486,8.03851715481801,0.07873791274578201,92,92
fomc_statement,NQ,5s,5,M_book,abs_ret,pre60_depth_ratio,2.5619304208628937,2.652071654372783,0.9660110112932798,0.33403867113378993,-2.6360345061273187,7.7598953478531065,0.07873791274578201,92,92
fomc_statement,NQ,5s,5,M_book,abs_ret,pre60_spread_change,1.3468799123747874,0.4880632611725158,2.7596420782401516,0.00578647195831251,0.39029349829949034,2.3034663264500845,0.07873791274578201,92,92
fomc_statement,NQ,5s,5,M_sides,abs_ret,const,2.4101791729860556,2.9038384583309895,0.8299976763760235,0.40654009740875663,-3.2812396222649984,8.10159796823711,0.026879911821880542,92,92
fomc_statement,NQ,5s,5,M_sides,abs_ret,pre60_bid_ratio,6.213905328819005,4.024264907809215,1.5441094140598755,0.122561828623426,-1.673508954735457,14.101319612373468,0.026879911821880542,92,92
fomc_statement,NQ,5s,5,M_sides,abs_ret,pre60_ask_ratio,0.3693803074612323,2.0984920209129485,0.1760217831567134,0.8602768291495202,-3.743588475372821,4.482349090295285,0.026879911821880542,92,92
fomc_statement,NQ,5s,5,M_both,abs_ret,const,-3.0255287988746558,3.1384771426065794,-0.9640117360746119,0.3350400419569598,-9.176830964685731,3.1257733669364187,0.3502889781291988,92,92
fomc_statement,NQ,5s,5,M_both,abs_ret,abs_surprise_bp,4.474788821694378,1.274176305047414,3.5119071073354045,0.00044490347631748927,1.9774491538471248,6.97212848954163,0.3502889781291988,92,92
fomc_statement,NQ,5s,5,M_both,abs_ret,pre60_depth_ratio,3.020320938265376,2.7330002839410414,1.105130122383307,0.26910320996406967,-2.3362611879968065,8.376903064527559,0.3502889781291988,92,92
fomc_statement,NQ,5s,5,M_both,abs_ret,pre60_spread_change,0.46869005542945447,0.5505009461637712,0.8513882831547788,0.3945536982479688,-0.6102719725067605,1.5476520833656693,0.3502889781291988,92,92
fomc_statement,NQ,5s,5,D_book,ret,const,-2.3875027859694704,1.7882127284420521,-1.3351335375235467,0.18183264464037663,-5.8923353304119965,1.1173297584730557,0.01758150279848847,92,92
fomc_statement,NQ,5s,5,D_book,ret,imbalance_pre10,-4.515247422816001,5.055183479185634,-0.8931916005437228,0.3717545753992174,-14.423224977261729,5.392730131629726,0.01758150279848847,92,92
fomc_statement,NQ,5s,5,D_book,ret,side_asymmetry_pre60,-3.753384832405211,3.6778005562630476,-1.0205514885828837,0.30746698318023435,-10.961741465002161,3.454971800191739,0.01758150279848847,92,92
fomc_statement,NQ,5s,5,D_surprise,ret,const,0.9603230291274575,1.0163907483827253,0.9448364525705469,0.3447423785161571,-1.0317662319223961,2.9524122901773113,0.4825502477779674,92,92
fomc_statement,NQ,5s,5,D_surprise,ret,surprise_bp,-4.740753979631357,0.8163873676606128,-5.806990856823467,6.360560851163525e-09,-6.340843817679618,-3.1406641415830965,0.4825502477779674,92,92
fomc_statement,NQ,30s,30,M_surprise,abs_ret,const,7.240275575951991,2.3719445837712385,3.0524640522758,0.002269709148679105,2.5913496184355136,11.889201533468468,0.23598777912547642,92,92
fomc_statement,NQ,30s,30,M_surprise,abs_ret,abs_surprise_bp,5.535485029464805,1.5930050156612199,3.4748698058349503,0.0005111013450584666,2.4132525715771496,8.65771748735246,0.23598777912547642,92,92
fomc_statement,NQ,30s,30,M_book,abs_ret,const,6.7083299074211435,4.000597646292081,1.6768319387576254,0.0935753503060994,-1.1326973959470452,14.549357210789331,0.04422067644732108,92,92
fomc_statement,NQ,30s,30,M_book,abs_ret,pre60_depth_ratio,8.362327490285358,3.7222714197765137,2.2465657517224886,0.024667793005613007,1.0668095668406181,15.657845413730097,0.04422067644732108,92,92
fomc_statement,NQ,30s,30,M_book,abs_ret,pre60_spread_change,0.861314095098589,0.6225955323314509,1.3834247924542633,0.166534652954609,-0.35895072520659765,2.081578915403776,0.04422067644732108,92,92
fomc_statement,NQ,30s,30,M_sides,abs_ret,const,4.864318342660019,4.615711071712005,1.0538610989911472,0.2919465153459724,-4.182309120938286,13.910945806258326,0.044971250349590375,92,92
fomc_statement,NQ,30s,30,M_sides,abs_ret,pre60_bid_ratio,10.61183077192079,7.218367840487147,1.4701149908709317,0.1415306129338216,-3.5359102225961845,24.759571766437766,0.044971250349590375,92,92
fomc_statement,NQ,30s,30,M_sides,abs_ret,pre60_ask_ratio,1.7366783766855498,4.300831292929302,0.40380062792528093,0.686359334705843,-6.692796061038717,10.166152814409816,0.044971250349590375,92,92
fomc_statement,NQ,30s,30,M_both,abs_ret,const,-1.103269533580539,5.042099365687726,-0.21881154129735333,0.8267968560698177,-10.985602696800733,8.779063629639655,0.2597030853893738,92,92
fomc_statement,NQ,30s,30,M_both,abs_ret,abs_surprise_bp,5.553746999496193,1.6964365333972176,3.273772339938044,0.0010612207290654273,2.228792491979666,8.87870150701272,0.2597030853893738,92,92
fomc_statement,NQ,30s,30,M_both,abs_ret,pre60_depth_ratio,8.931244831876814,4.52225332677357,1.9749545605948764,0.04827330483249808,0.06779118243417237,17.794698481319458,0.2597030853893738,92,92
fomc_statement,NQ,30s,30,M_both,abs_ret,pre60_spread_change,-0.22862433045405273,0.6984986825283727,-0.3273081770555324,0.7434348083656501,-1.5976565914583403,1.1404079305502348,0.2597030853893738,92,92
fomc_statement,NQ,30s,30,D_book,ret,const,-1.8380996716738183,2.6666842113039015,-0.6892828419211517,0.4906452933193467,-7.0647046839710645,3.3885053406234276,0.11520107864666729,92,92
fomc_statement,NQ,30s,30,D_book,ret,imbalance_pre10,-15.370399819799635,11.247778505442874,-1.3665276047498445,0.1717734225896922,-37.41564059655143,6.6748409569521545,0.11520107864666729,92,92
fomc_statement,NQ,30s,30,D_book,ret,side_asymmetry_pre60,-16.702410369533705,7.960588061661961,-2.0981377556731258,0.03589297817229608,-32.30487626615067,-1.099944472916743,0.11520107864666729,92,92
fomc_statement,NQ,30s,30,D_post5,ret_after5,const,1.4213483044706545,1.9639171261695285,0.7237313049165607,0.46923071026629926,-2.4278585314430265,5.270555140384335,0.00833861703975003,92,92
fomc_statement,NQ,30s,30,D_post5,ret_after5,imbalance_post5,-7.707575249912233,8.44840963791001,-0.9123107875033096,0.36160513720682885,-24.266153866856932,8.851003367032467,0.00833861703975003,92,92
fomc_statement,NQ,30s,30,D_surprise,ret,const,3.936060252247521,1.790743922555146,2.1980028538258574,0.02794890256981435,0.4262666585054511,7.445853845989591,0.3992718367660173,92,92
fomc_statement,NQ,30s,30,D_surprise,ret,surprise_bp,-6.880145862934215,1.2475782412098333,-5.5148011047886065,3.491746163280827e-08,-9.325354283601314,-4.434937442267118,0.3992718367660173,92,92
fomc_statement,NQ,1m,60,M_surprise,abs_ret,const,10.460156673457321,2.903410433799329,3.602713743702239,0.0003149122642997885,4.769576790872822,16.15073655604182,0.18590795755221368,92,92
fomc_statement,NQ,1m,60,M_surprise,abs_ret,abs_surprise_bp,6.380601933877174,1.966907316157983,3.2439769182111684,0.001178732976918394,2.52553443327919,10.23566943447516,0.18590795755221368,92,92
fomc_statement,NQ,1m,60,M_book,abs_ret,const,8.197510043128382,5.631582226018042,1.4556317770263023,0.14549443867491405,-2.8401882958428875,19.23520838209965,0.03669159741742889,92,92
fomc_statement,NQ,1m,60,M_book,abs_ret,pre60_depth_ratio,12.170118834720522,5.9341246018186125,2.050870120083219,0.04027959667536132,0.5394483353829536,23.80078933405809,0.03669159741742889,92,92
fomc_statement,NQ,1m,60,M_book,abs_ret,pre60_spread_change,0.6083290822163799,0.6516186223854791,0.9335661402514518,0.350527738153103,-0.6688199493147645,1.8854781137475243,0.03669159741742889,92,92
fomc_statement,NQ,1m,60,M_sides,abs_ret,const,6.043236906219109,5.5096603143533045,1.0968438272820151,0.27270966769429994,-4.755498876963001,16.841972689401217,0.042383580408821064,92,92
fomc_statement,NQ,1m,60,M_sides,abs_ret,pre60_bid_ratio,12.648015034717915,9.390785531614554,1.3468537847167026,0.17802732842881852,-5.757586393786436,31.053616463222266,0.042383580408821064,92,92
fomc_statement,NQ,1m,60,M_sides,abs_ret,pre60_ask_ratio,3.2449410088595902,7.4897954557268935,0.4332482813503837,0.6648344065588637,-11.434788335936883,17.92467035365606,0.042383580408821064,92,92
fomc_statement,NQ,1m,60,M_both,abs_ret,const,-1.0519914340590368,6.472985525064007,-0.1625202821766907,0.8708961577262744,-13.738809935633581,11.634827067515507,0.2158202536925281,92,92
fomc_statement,NQ,1m,60,M_both,abs_ret,abs_surprise_bp,6.5760400880434915,2.1051494013194625,3.123787833738437,0.001785391449735588,2.450023079381288,10.702057096705694,0.2158202536925281,92,92
fomc_statement,NQ,1m,60,M_both,abs_ret,pre60_depth_ratio,12.84375831549412,7.091978539591072,1.8110261112316761,0.07013680986917842,-1.0562642012353507,26.743780832223592,0.2158202536925281,92,92
fomc_statement,NQ,1m,60,M_both,abs_ret,pre60_spread_change,-0.6822372292456604,0.6935753026409874,-0.9836527146336468,0.325286296683005,-2.0416198429884638,0.6771453844971431,0.2158202536925281,92,92
fomc_statement,NQ,1m,60,D_book,ret,const,-0.5987369904072335,3.6046293488429364,-0.16610223478300878,0.8680764954859512,-7.663680691755455,6.466206710940988,0.06779850476962901,92,92
fomc_statement,NQ,1m,60,D_book,ret,imbalance_pre10,-18.55182244797715,14.352940253527048,-1.2925450897364585,0.19616844148265133,-46.68306841714536,9.57942352119106,0.06779850476962901,92,92
fomc_statement,NQ,1m,60,D_book,ret,side_asymmetry_pre60,-14.994791305488958,11.992113930735206,-1.2503876624335628,0.2111579692649792,-38.49890270823102,8.509320097253108,0.06779850476962901,92,92
fomc_statement,NQ,1m,60,D_post5,ret_after5,const,2.737486055878208,2.74598248770763,0.9969058681665101,0.3188102030456932,-2.644540722206448,8.119512833962863,0.003958769468153878,92,92
fomc_statement,NQ,1m,60,D_post5,ret_after5,imbalance_post5,-7.229551743491666,11.925418998074266,-0.606230417955051,0.544361756617955,-30.602943480266962,16.14383999328363,0.003958769468153878,92,92
fomc_statement,NQ,1m,60,D_surprise,ret,const,6.80721081731547,2.2461180035101416,3.030655916865204,0.002440231595061356,2.4049004254085817,11.209521209222359,0.4471240569366184,92,92
fomc_statement,NQ,1m,60,D_surprise,ret,surprise_bp,-9.381731423368318,1.4650117777713763,-6.403860750962777,1.5149629348537053e-10,-12.253101744727214,-6.510361102009424,0.4471240569366184,92,92
fomc_statement,NQ,5m,300,M_surprise,abs_ret,const,8.751686315786426,3.995493766267463,2.1903891803495754,0.028496024033074375,0.9206624334479017,16.58271019812495,0.31178619957637754,92,92
fomc_statement,NQ,5m,300,M_surprise,abs_ret,abs_surprise_bp,12.614682768184135,2.7563213559532267,4.576637169297541,4.7250992974210476e-06,7.212392180697204,18.016973355671066,0.31178619957637754,92,92
fomc_statement,NQ,5m,300,M_book,abs_ret,const,18.698506093804344,7.612663056867042,2.4562371871873747,0.014040045598098305,3.777960675906348,33.61905151170234,0.011736911891032209,92,92
fomc_statement,NQ,5m,300,M_book,abs_ret,pre60_depth_ratio,11.861642068139705,7.298129765046784,1.6252988710818939,0.1040988918781413,-2.442429425851758,26.165713562131167,0.011736911891032209,92,92
fomc_statement,NQ,5m,300,M_book,abs_ret,pre60_spread_change,0.12620309208402436,0.7490514876036527,0.16848386816208086,0.8662026335997277,-1.3419108461852858,1.5943170303533343,0.011736911891032209,92,92
fomc_statement,NQ,5m,300,M_sides,abs_ret,const,11.812307741868477,8.478903551389767,1.3931409492129836,0.16357717230115398,-4.806037847244227,28.43065333098118,0.04097002308559483,92,92
fomc_statement,NQ,5m,300,M_sides,abs_ret,pre60_bid_ratio,22.442998322741076,13.79186396071138,1.6272636089417658,0.10368112327975552,-4.58855831992917,49.47455496541132,0.04097002308559483,92,92
fomc_statement,NQ,5m,300,M_sides,abs_ret,pre60_ask_ratio,-2.6583500001802602,8.742463411409322,-0.3040733343774696,0.7610720216355072,-19.793263422701706,14.476563422341187,0.04097002308559483,92,92
fomc_statement,NQ,5m,300,M_both,abs_ret,const,-0.5800890327203732,7.1705888089357455,-0.08089838201257417,0.9355227667165893,-14.634184846180396,13.47400678073965,0.3456309969537479,92,92
fomc_statement,NQ,5m,300,M_both,abs_ret,abs_surprise_bp,13.706340250430072,2.837583448982746,4.830286226593159,1.3633692070506589e-06,8.14477888729694,19.267901613563204,0.3456309969537479,92,92
fomc_statement,NQ,5m,300,M_both,abs_ret,pre60_depth_ratio,13.265698583305047,7.356262165851761,1.8033205293967456,0.07133789032090844,-1.1523103225990177,27.683707489209112,0.3456309969537479,92,92
fomc_statement,NQ,5m,300,M_both,abs_ret,pre60_spread_change,-2.5637046249937923,0.9582495079073965,-2.6754040610908865,0.007463923243288083,-4.441839148695519,-0.6855701012920654,0.3456309969537479,92,92
fomc_statement,NQ,5m,300,D_book,ret,const,-0.6618116752819283,5.4837858909991555,-0.12068517780174401,0.9039403995766926,-11.409834520569163,10.086211170005306,0.019449616707550188,92,92
fomc_statement,NQ,5m,300,D_book,ret,imbalance_pre10,-7.270071603805393,21.364880710150942,-0.3402814039748519,0.7336446199602602,-49.14446832969577,34.60432512208499,0.019449616707550188,92,92
fomc_statement,NQ,5m,300,D_book,ret,side_asymmetry_pre60,-14.755324307696569,17.705631074766874,-0.8333690138119434,0.40463664472509064,-49.45772353779285,19.947074922399715,0.019449616707550188,92,92
fomc_statement,NQ,5m,300,D_post5,ret_after5,const,2.569986491948797,4.364432634601666,0.588847785522838,0.5559633869649779,-5.984144284821731,11.124117268719324,0.00167416551187205,92,92
fomc_statement,NQ,5m,300,D_post5,ret_after5,imbalance_post5,7.666437683232015,19.044903179227934,0.4025453745332617,0.6872827020042281,-29.660886637107108,44.993762003571135,0.00167416551187205,92,92
fomc_statement,NQ,5m,300,D_surprise,ret,const,9.09189323480287,3.583675394440467,2.5370303484817778,0.01117972619853715,2.0680185294171824,16.115767940188555,0.4512153130698884,92,92
fomc_statement,NQ,5m,300,D_surprise,ret,surprise_bp,-13.950652665246032,2.2632821163876287,-6.163903547080706,7.097318380348079e-10,-18.386604100219376,-9.514701230272689,0.4512153130698884,92,92
fomc_statement,NQ,10m,600,M_surprise,abs_ret,const,10.49097954043456,3.7218675815350326,2.818740675375587,0.004821245179455321,3.1962531253987034,17.78570595547042,0.3556083253246485,92,92
fomc_statement,NQ,10m,600,M_surprise,abs_ret,abs_surprise_bp,12.995570297746701,2.332178098863965,5.57228897058806,2.514139432680953e-08,8.424585218440235,17.566555377053167,0.3556083253246485,92,92
fomc_statement,NQ,10m,600,M_book,abs_ret,const,13.187935070521968,7.789153782226173,1.69311525221329,0.0904335316389595,-2.0785258126852746,28.45439595372921,0.045203425961887755,92,92
fomc_statement,NQ,10m,600,M_book,abs_ret,pre60_depth_ratio,16.565673765065327,8.097815718443114,2.045696560781979,0.04078623433518382,0.6942466034744808,32.43710092665617,0.045203425961887755,92,92
fomc_statement,NQ,10m,600,M_book,abs_ret,pre60_spread_change,1.6061226138704066,1.2263529390586674,1.3096740446540989,0.1903061277162168,-0.7974849790194254,4.0097302067602385,0.045203425961887755,92,92
fomc_statement,NQ,10m,600,M_sides,abs_ret,const,7.707192439209948,9.030962075248315,0.853418758155734,0.3934271227758148,-9.993167974023855,25.40755285244375,0.058186376107644766,92,92
fomc_statement,NQ,10m,600,M_sides,abs_ret,pre60_bid_ratio,23.965083468694147,12.201613995731238,1.9640912650636535,0.049519509013408826,0.05035948380105992,47.87980745358723,0.058186376107644766,92,92
fomc_statement,NQ,10m,600,M_sides,abs_ret,pre60_ask_ratio,2.2466565256937914,7.658905762803524,0.2933391002935396,0.7692629697317253,-12.764522930387386,17.257835981774967,0.058186376107644766,92,92
fomc_statement,NQ,10m,600,M_both,abs_ret,const,-5.508479068494172,7.801749638210368,-0.7060568877416263,0.4801527608564602,-20.79962737578489,9.782669238796547,0.3826862011439358,92,92
fomc_statement,NQ,10m,600,M_both,abs_ret,abs_surprise_bp,13.292431941771984,2.5123291933778416,5.29087986431437,1.2172930968026423e-07,8.368357205442848,18.21650667810112,0.3826862011439358,92,92
fomc_statement,NQ,10m,600,M_both,abs_ret,pre60_depth_ratio,17.92733014665494,8.1113701498778,2.210148201278303,0.027094878530040754,2.0293367876211903,33.82532350568869,0.3826862011439358,92,92
fomc_statement,NQ,10m,600,M_both,abs_ret,pre60_spread_change,-1.0025544367217207,0.969792732653068,-1.033782171143958,0.30123800832505365,-2.903313265190415,0.8982043917469738,0.3826862011439358,92,92
fomc_statement,NQ,10m,600,D_book,ret,const,-2.8372149130245763,5.442686883548073,-0.5212893877104691,0.6021651926247376,-13.504685183907347,7.830255357858194,0.025973722251592668,92,92
fomc_statement,NQ,10m,600,D_book,ret,imbalance_pre10,-3.402176797027261,22.434116412854035,-0.1516519186411069,0.8794614817886612,-47.372236991200076,40.56788339714556,0.025973722251592668,92,92
fomc_statement,NQ,10m,600,D_book,ret,side_asymmetry_pre60,-18.53067017093015,15.192059218301264,-1.2197602645339216,0.222555768621019,-48.30655908980036,11.245218747940054,0.025973722251592668,92,92
fomc_statement,NQ,10m,600,D_post5,ret_after5,const,0.6550770075770438,4.323555429750535,0.15151349814308754,0.8795706637791152,-7.818935919896601,9.129089935050688,0.008249848930034553,92,92
fomc_statement,NQ,10m,600,D_post5,ret_after5,imbalance_post5,17.035511965225417,19.046787941043753,0.8944034037632007,0.37110609197651667,-20.29550642039215,54.366530350842986,0.008249848930034553,92,92
fomc_statement,NQ,10m,600,D_surprise,ret,const,6.798015232323927,3.8314964926632635,1.7742454535299974,0.07602255873424102,-0.7115799001876049,14.307610364835458,0.42659353060732474,92,92
fomc_statement,NQ,10m,600,D_surprise,ret,surprise_bp,-13.759558341137968,2.031286341908941,-6.773815221052073,1.2542985311471007e-11,-17.740806413567604,-9.77831026870833,0.42659353060732474,92,92
fomc_statement,NQ,20m,1200,M_surprise,abs_ret,const,18.723996076918926,5.192413610374361,3.606029388627415,0.00031091794020157503,8.547052407749586,28.900939746088266,0.22006240176855207,76,76
fomc_statement,NQ,20m,1200,M_surprise,abs_ret,abs_surprise_bp,10.609455630720499,2.8865049409138894,3.675536972183898,0.00023734966306686816,4.952009905332359,16.26690135610864,0.22006240176855207,76,76
fomc_statement,NQ,20m,1200,M_book,abs_ret,const,22.646293518594053,10.509416449999872,2.1548573725608073,0.031172997006548346,2.0482157780615147,43.244371259126595,0.022792911749155098,76,76
fomc_statement,NQ,20m,1200,M_book,abs_ret,pre60_depth_ratio,15.024489790660361,10.777347965463902,1.3940804211580122,0.16329332078588366,-6.098724070504911,36.14770365182564,0.022792911749155098,76,76
fomc_statement,NQ,20m,1200,M_book,abs_ret,pre60_spread_change,0.6347251312530742,1.3136475131426968,0.48317765983859196,0.6289695962794337,-1.939976682887219,3.2094269453933673,0.022792911749155098,76,76
fomc_statement,NQ,20m,1200,M_sides,abs_ret,const,19.067864200416434,10.836095516322995,1.7596618792897756,0.078465152922361,-2.1704927446125986,40.30622114544546,0.03193661352266963,76,76
fomc_statement,NQ,20m,1200,M_sides,abs_ret,pre60_bid_ratio,18.004917134949373,14.076747384503948,1.2790537929784587,0.20087811360718055,-9.58500075814677,45.594835028045516,0.03193661352266963,76,76
fomc_statement,NQ,20m,1200,M_sides,abs_ret,pre60_ask_ratio,2.488875457858457,11.462186108501708,0.21713793811220825,0.8281008488680693,-19.976596498900207,24.954347414617118,0.03193661352266963,76,76
fomc_statement,NQ,20m,1200,M_both,abs_ret,const,3.332072449955742,11.101195725184928,0.3001543736767361,0.7640594058705328,-18.425871356736724,25.09001625664821,0.24533355075824426,76,76
fomc_statement,NQ,20m,1200,M_both,abs_ret,abs_surprise_bp,11.041443197992074,3.02093777925776,3.6549720665564123,0.00025720998136748803,5.120513951110452,16.962372444873694,0.24533355075824426,76,76
fomc_statement,NQ,20m,1200,M_both,abs_ret,pre60_depth_ratio,17.641607991773007,12.192505025702008,1.4469223473424204,0.14791867340264078,-6.255262739926536,41.53847872347255,0.24533355075824426,76,76
fomc_statement,NQ,20m,1200,M_both,abs_ret,pre60_spread_change,-1.2069094499206932,1.106005419774832,-1.0912328532408133,0.27517043518908846,-3.3746402393854678,0.9608213395440814,0.24533355075824426,76,76
fomc_statement,NQ,20m,1200,D_book,ret,const,-1.597509137847672,6.529814335669679,-0.2446484778473929,0.8067286245079389,-14.395710061493581,11.200691785798238,0.06003893609015298,76,76
fomc_statement,NQ,20m,1200,D_book,ret,imbalance_pre10,-7.369825458424416,26.227322211031886,-0.2809980141748698,0.7787119229548374,-58.774432402974334,44.0347814861255,0.06003893609015298,76,76
fomc_statement,NQ,20m,1200,D_book,ret,side_asymmetry_pre60,-30.979100815409723,18.35472349045227,-1.687799918725247,0.0914496432175291,-66.95369780288749,4.995496172068037,0.06003893609015298,76,76
fomc_statement,NQ,20m,1200,D_post5,ret_after5,const,1.759319882917659,5.546725686660301,0.3171817000340881,0.7511057348329229,-9.112062695059732,12.63070246089505,0.0003992765894719197,76,76
fomc_statement,NQ,20m,1200,D_post5,ret_after5,imbalance_post5,-4.477576754862463,26.559989830343465,-0.16858352670553567,0.8661242388763707,-56.53420025208575,47.57904674236083,0.0003992765894719197,76,76
fomc_statement,NQ,20m,1200,D_surprise,ret,const,8.472805049010988,4.900748855260022,1.7288796670159996,0.08383063385700704,-1.132486204574553,18.078096302596528,0.38257951232932963,76,76
fomc_statement,NQ,20m,1200,D_surprise,ret,surprise_bp,-13.61184913467337,2.2366130494856256,-6.08592046702214,1.1582393106439853e-09,-17.9955301590175,-9.228168110329243,0.38257951232932963,76,76
fomc_statement,NQ,30m,1800,M_surprise,abs_ret,const,13.437876912609436,5.054946962351671,2.6583616035326,0.007852159322937135,3.530362922640011,23.345390902578863,0.31413922723093257,76,76
fomc_statement,NQ,30m,1800,M_surprise,abs_ret,abs_surprise_bp,13.446830421649793,2.8007589237502772,4.801138115680515,1.5776640571583034e-06,7.9574438017200855,18.9362170415795,0.31413922723093257,76,76
fomc_statement,NQ,30m,1800,M_book,abs_ret,const,34.30687452865309,11.73510775526283,2.9234392426663085,0.0034618777943396083,11.306485973641266,57.307263083664914,0.002692850980478667,76,76
fomc_statement,NQ,30m,1800,M_book,abs_ret,pre60_depth_ratio,3.8613729133343124,10.74697559035041,0.35929856552399697,0.7193717473341104,-17.202312186483574,24.925058013152203,0.002692850980478667,76,76
fomc_statement,NQ,30m,1800,M_book,abs_ret,pre60_spread_change,0.5064231222216828,1.8337428167159806,0.2761691103055703,0.7824181813552838,-3.0876467554506726,4.100492999894039,0.002692850980478667,76,76
fomc_statement,NQ,30m,1800,M_sides,abs_ret,const,28.03797217257059,12.509640731920728,2.2413091449562073,0.025006057004808308,3.519526878470682,52.556417466670496,0.02857109724912188,76,76
fomc_statement,NQ,30m,1800,M_sides,abs_ret,pre60_bid_ratio,19.444411179262474,14.531606758160072,1.3380771653722097,0.1808712835716202,-9.037014704230117,47.925837062755065,0.02857109724912188,76,76
fomc_statement,NQ,30m,1800,M_sides,abs_ret,pre60_ask_ratio,-7.385469419698404,11.183247339825265,-0.6604047281863838,0.5089941387849028,-29.304231435959288,14.533292596562482,0.02857109724912188,76,76
fomc_statement,NQ,30m,1800,M_both,abs_ret,const,9.51732655416183,11.559264293974456,0.8233505448199644,0.4103086780338927,-13.13841514980792,32.17306825813158,0.32846564935955547,76,76
fomc_statement,NQ,30m,1800,M_both,abs_ret,abs_surprise_bp,14.171546700823875,2.931642015492601,4.833996315352522,1.3381906381347406e-06,8.425633934893963,19.917459466753787,0.32846564935955547,76,76
fomc_statement,NQ,30m,1800,M_both,abs_ret,pre60_depth_ratio,7.2204096029755025,11.562040290582999,0.6244926865422145,0.532304071826142,-15.440772954368198,29.8815921603192,0.32846564935955547,76,76
fomc_statement,NQ,30m,1800,M_both,abs_ret,pre60_spread_change,-1.857290570359957,1.3316875223366742,-1.3946894742251712,0.16310950035299598,-4.467350152801217,0.7527690120813033,0.32846564935955547,76,76
fomc_statement,NQ,30m,1800,D_book,ret,const,-0.745409388668616,6.847866518433262,-0.10885279183846587,0.9133192507176969,-14.1669811357355,12.676162358398269,0.029782117610647307,76,76
fomc_statement,NQ,30m,1800,D_book,ret,imbalance_pre10,6.6070103726139475,25.431340829825203,0.2597979562629046,0.7950196275074868,-43.23750173240642,56.45152247763432,0.029782117610647307,76,76
fomc_statement,NQ,30m,1800,D_book,ret,side_asymmetry_pre60,-23.951123343410547,18.80333284817926,-1.2737701096287168,0.2027449012267878,-60.804978515160855,12.902731828339757,0.029782117610647307,76,76
fomc_statement,NQ,30m,1800,D_post5,ret_after5,const,2.313021668575267,5.5905914897289986,0.4137346956622992,0.6790684145681298,-8.644336303569698,13.270379640720233,0.0016593048395071586,76,76
fomc_statement,NQ,30m,1800,D_post5,ret_after5,imbalance_post5,9.02790364046567,27.917133292204632,0.3233821877759402,0.7464058175698254,-45.68867216385952,63.744479444790855,0.0016593048395071586,76,76
fomc_statement,NQ,30m,1800,D_surprise,ret,const,10.289818448577929,4.765151958517279,2.1593893622187235,0.03081997249131898,0.9502922290235603,19.629344668132298,0.5154682925873639,76,76
fomc_statement,NQ,30m,1800,D_surprise,ret,surprise_bp,-16.298748880384487,2.225033069108547,-7.325171525165032,2.3859334580263406e-13,-20.65973356024786,-11.937764200521112,0.5154682925873639,76,76
fomc_statement,ZN,1s,1,M_surprise,abs_ret,const,0.9247897401085963,0.5416353166166215,1.707402954972336,0.08774718151458585,-0.13679597321493087,1.9863754534321234,0.07732617230742578,92,92
fomc_statement,ZN,1s,1,M_surprise,abs_ret,abs_surprise_bp,0.9891356846841498,0.4209080002195525,2.350004476437132,0.018773185295312605,0.1641711634490498,1.81410020591925,0.07732617230742578,92,92
fomc_statement,ZN,1s,1,M_book,abs_ret,const,0.01679290510122411,1.3545511543494408,0.012397394551916607,0.9901085636715233,-2.6380785726408353,2.671664382843284,0.07256133688104649,92,92
fomc_statement,ZN,1s,1,M_book,abs_ret,pre60_depth_ratio,5.203679681978921,4.376290172242465,1.1890618485456808,0.23441532987855784,-3.3736914415129,13.781050805470741,0.07256133688104649,92,92
fomc_statement,ZN,1s,1,M_book,abs_ret,pre60_spread_change,5.5826364655356,3.477567529377587,1.6053279823827826,0.10842164416992663,-1.233270645850407,12.398543576921607,0.07256133688104649,92,92
fomc_statement,ZN,1s,1,M_sides,abs_ret,const,1.0811451165997146,1.1952231412270156,0.904555040232748,0.36570116298698907,-1.2614491936940664,3.4237394268934955,0.03464764769389728,92,92
fomc_statement,ZN,1s,1,M_sides,abs_ret,pre60_bid_ratio,0.29016557274777477,2.703024516586828,0.10734847981111677,0.9145125253854521,-5.007665129091198,5.5879962745867475,0.03464764769389728,92,92
fomc_statement,ZN,1s,1,M_sides,abs_ret,pre60_ask_ratio,4.426639483552828,3.8185609483533596,1.159242851803029,0.24635720890644364,-3.0576024479908703,11.910881415096526,0.03464764769389728,92,92
fomc_statement,ZN,1s,1,M_both,abs_ret,const,-1.0782010489966818,1.4836961691582273,-0.726699354901211,0.46741014870741737,-3.986192104546855,1.8297900065534916,0.11760837168212601,92,92
fomc_statement,ZN,1s,1,M_both,abs_ret,abs_surprise_bp,0.82160232984938,0.4873295026147206,1.6859277458909219,0.09180971705024829,-0.13354594387929042,1.7767506035780505,0.11760837168212601,92,92
fomc_statement,ZN,1s,1,M_both,abs_ret,pre60_depth_ratio,5.244589915210962,4.096643078260287,1.2802164638268096,0.20046901723981259,-2.784682975694504,13.273862806116426,0.11760837168212601,92,92
fomc_statement,ZN,1s,1,M_both,abs_ret,pre60_spread_change,3.555548175745863,3.8977122957630117,0.9122141158573719,0.3616560145347103,-4.083827546048571,11.194923897540297,0.11760837168212601,92,92
fomc_statement,ZN,1s,1,D_book,ret,const,0.1412976846532492,0.6327233215162709,0.22331670075735569,0.8232890301242305,-1.0988172376971987,1.3814126070036972,0.05317248153529508,92,92
fomc_statement,ZN,1s,1,D_book,ret,imbalance_pre10,-3.0245941664255787,1.2780841829752214,-2.3665062182247643,0.017956872608995054,-5.529593134267313,-0.5195951985838443,0.05317248153529508,92,92
fomc_statement,ZN,1s,1,D_book,ret,side_asymmetry_pre60,-0.5683956105050383,1.1745643142038285,-0.483920381056632,0.6284423754113768,-2.87049936387053,1.7337081428604533,0.05317248153529508,92,92
fomc_statement,ZN,1s,1,D_surprise,ret,const,0.5252210950561552,0.7608355562434793,0.6903214377221827,0.48999206937577156,-0.9659891933385628,2.016431383450873,0.09624102179687166,92,92
fomc_statement,ZN,1s,1,D_surprise,ret,surprise_bp,-0.8479207537046369,0.41512348815876615,-2.042574746771123,0.04109455309371959,-1.6615478396324583,-0.03429366777681564,0.09624102179687166,92,92
fomc_statement,ZN,5s,5,M_surprise,abs_ret,const,1.7865061430355007,0.9300080198526279,1.9209577819754675,0.05473703016360172,-0.03627608120906167,3.609288367280063,0.35818702309376915,92,92
fomc_statement,ZN,5s,5,M_surprise,abs_ret,abs_surprise_bp,3.2895747092129595,0.5302049311610394,6.204345746105132,5.492491573521038e-10,2.2503921397117836,4.328757278714136,0.35818702309376915,92,92
fomc_statement,ZN,5s,5,M_book,abs_ret,const,5.583131873619852,1.9792544078715153,2.8208257874357527,0.004790020804161754,1.7038645179495315,9.462399229290172,0.07156683084855842,92,92
fomc_statement,ZN,5s,5,M_book,abs_ret,pre60_depth_ratio,1.0023827505656295,4.846448815605504,0.2068282960789702,0.8361439568530613,-8.496482380937959,10.501247882069219,0.07156683084855842,92,92
fomc_statement,ZN,5s,5,M_book,abs_ret,pre60_spread_change,9.359232690209303,3.5513814724759007,2.6353780247899894,0.008404362579681635,2.3986529087937125,16.319812471624893,0.07156683084855842,92,92
fomc_statement,ZN,5s,5,M_sides,abs_ret,const,8.07315010218289,1.8643120252272987,4.330364227092621,1.4886290933182704e-05,4.419165676792456,11.727134527573323,0.0028111972285260745,92,92
fomc_statement,ZN,5s,5,M_sides,abs_ret,pre60_bid_ratio,-1.8814296790975804,2.6829743828370374,-0.7012477238445022,0.48314843147782494,-7.139962840901752,3.377103482706591,0.0028111972285260745,92,92
fomc_statement,ZN,5s,5,M_sides,abs_ret,pre60_ask_ratio,0.1732667528152403,3.8154124918770327,0.04541232519003466,0.9637786570425698,-7.3048043174279655,7.651337823058446,0.0028111972285260745,92,92
fomc_statement,ZN,5s,5,M_both,abs_ret,const,1.30263530615789,1.8005949180012235,0.723447174672635,0.46940519734479846,-2.22646588387036,4.8317364961861395,0.35986815651731086,92,92
fomc_statement,ZN,5s,5,M_both,abs_ret,abs_surprise_bp,3.2117674618909957,0.517800400482471,6.2027133600096995,5.549786787117111e-10,2.196897325764936,4.226637598017056,0.35986815651731086,92,92
fomc_statement,ZN,5s,5,M_both,abs_ret,pre60_depth_ratio,1.1623070243650382,3.671728292253676,0.3165558374287069,0.7515806501893516,-6.034148189468924,8.358762238199,0.35986815651731086,92,92
fomc_statement,ZN,5s,5,M_both,abs_ret,pre60_spread_change,1.4350387401745093,3.437476035743405,0.4174687256733591,0.6763355950736172,-5.302290487602084,8.172367967951102,0.35986815651731086,92,92
fomc_statement,ZN,5s,5,D_book,ret,const,-1.2125977733267552,1.1594607114637228,-1.0458291180871073,0.2956399348784551,-3.485099009284839,1.0599034626313286,0.011001647296332906,92,92
fomc_statement,ZN,5s,5,D_book,ret,imbalance_pre10,-3.211060089584379,2.730773953765579,-1.175879125826769,0.23964318138433693,-8.56327868888496,2.1411585097162025,0.011001647296332906,92,92
fomc_statement,ZN,5s,5,D_book,ret,side_asymmetry_pre60,0.6282122364288384,1.6606621945950066,0.3782902016276967,0.7052150235332455,-2.6266258554646216,3.883050328322298,0.011001647296332906,92,92
fomc_statement,ZN,5s,5,D_surprise,ret,const,0.9283319052685122,0.8407836281951445,1.1041270002620078,0.2695380503626391,-0.7195737247848866,2.576237535321911,0.5357719751673296,92,92
fomc_statement,ZN,5s,5,D_surprise,ret,surprise_bp,-3.680126413790427,0.41421079950822526,-8.884670361467357,6.411057564325397e-19,-4.491964662834089,-2.8682881647467644,0.5357719751673296,92,92
fomc_statement,ZN,30s,30,M_surprise,abs_ret,const,5.137815873138646,1.0324604415246639,4.976283513149895,6.481669229496744e-07,3.114230592287982,7.16140115398931,0.37156202933356863,92,92
fomc_statement,ZN,30s,30,M_surprise,abs_ret,abs_surprise_bp,3.7674469725889654,0.7025163350830521,5.36278914018928,8.194664646986723e-08,2.390540257275111,5.14435368790282,0.37156202933356863,92,92
fomc_statement,ZN,30s,30,M_book,abs_ret,const,8.093702720572137,2.3027700140467218,3.514768158001523,0.0004401380544975954,3.5803564283617684,12.607049012782507,0.08045090120482945,92,92
fomc_statement,ZN,30s,30,M_book,abs_ret,pre60_depth_ratio,5.22606200979188,6.741818213749063,0.7751710064110012,0.43823861812699694,-7.987658879472443,18.439782899056205,0.08045090120482945,92,92
fomc_statement,ZN,30s,30,M_book,abs_ret,pre60_spread_change,11.193875268824872,4.025985782787424,2.7804060602207845,0.005429096484992243,3.303088132291224,19.08466240535852,0.08045090120482945,92,92
fomc_statement,ZN,30s,30,M_sides,abs_ret,const,10.887821956178744,2.0890764086551292,5.211787329113503,1.8702988586541664e-07,6.7933074342624105,14.982336478095078,0.01298911502956901,92,92
fomc_statement,ZN,30s,30,M_sides,abs_ret,pre60_bid_ratio,-2.294045979920644,3.6394344541351704,-0.630330346330079,0.5284784723676603,-9.42720643411977,4.839114474278482,0.01298911502956901,92,92
fomc_statement,ZN,30s,30,M_sides,abs_ret,pre60_ask_ratio,4.7117205602137116,6.588111231856629,0.7151853383152242,0.47449452748369114,-8.20074018036909,17.624181300796515,0.01298911502956901,92,92
fomc_statement,ZN,30s,30,M_both,abs_ret,const,3.169800003794691,1.8422947511718577,1.720571587026683,0.08532859300878624,-0.4410313574093303,6.780631364998713,0.38215690395904645,92,92
fomc_statement,ZN,30s,30,M_both,abs_ret,abs_surprise_bp,3.6945317633181376,0.745163754843178,4.958013241123977,7.121771063270826e-07,2.2340376412408744,5.155025885395401,0.38215690395904645,92,92
fomc_statement,ZN,30s,30,M_both,abs_ret,pre60_depth_ratio,5.410024677166812,4.53620492730628,1.192632335589704,0.23301339619736627,-3.4807736068466317,14.300822961180256,0.38215690395904645,92,92
fomc_statement,ZN,30s,30,M_both,abs_ret,pre60_spread_change,2.078587006373895,3.875369277855131,0.5363584364079785,0.5917108510701639,-5.5169972050151594,9.67417121776295,0.38215690395904645,92,92
fomc_statement,ZN,30s,30,D_book,ret,const,-0.8268828766880705,1.5432956090186976,-0.5357903384522962,0.5921034602345521,-3.8516866878635265,2.1979209344873856,0.014998203627121787,92,92
fomc_statement,ZN,30s,30,D_book,ret,imbalance_pre10,-3.713430395260202,3.7465498424279793,-0.9911600142635995,0.32160745200938834,-11.056533152703256,3.629672362182852,0.014998203627121787,92,92
fomc_statement,ZN,30s,30,D_book,ret,side_asymmetry_pre60,-0.9370520416451198,2.288792005556526,-0.40940899800865616,0.6822395374348222,-5.42300194063911,3.5488978573488703,0.014998203627121787,92,92
fomc_statement,ZN,30s,30,D_post5,ret_after5,const,0.38984370749689656,0.9981955371413048,0.3905484376471523,0.6961310451541136,-1.5665835948286748,2.346271009822468,0.014968279042258836,92,92
fomc_statement,ZN,30s,30,D_post5,ret_after5,imbalance_post5,-2.861483308732394,1.9994253426689312,-1.4311528656092483,0.15238640882111804,-6.780284970140155,1.0573183526753671,0.014968279042258836,92,92
fomc_statement,ZN,30s,30,D_surprise,ret,const,1.9338264032493846,1.263696339126649,1.5302935866585388,0.1259440750401805,-0.5429729088339614,4.41062571533273,0.48745518087679296,92,92
fomc_statement,ZN,30s,30,D_surprise,ret,surprise_bp,-4.6899958890730975,0.7205609364189169,-6.508812304455047,7.574729530767047e-11,-6.102269373120631,-3.2777224050255644,0.48745518087679296,92,92
fomc_statement,ZN,1m,60,M_surprise,abs_ret,const,5.4653824831354285,1.2590376451582366,4.340920626284003,1.4188697505527439e-05,2.9977140434451646,7.933050922825693,0.26456947681757415,92,92
fomc_statement,ZN,1m,60,M_surprise,abs_ret,abs_surprise_bp,3.628597547527005,0.8797533762167667,4.1245622303050276,3.714405573288351e-05,1.9043126148646257,5.352882480189384,0.26456947681757415,92,92
fomc_statement,ZN,1m,60,M_book,abs_ret,const,10.044384425253561,2.6787626836738863,3.749635787623346,0.00017709158529392906,4.794106042122883,15.294662808384238,0.007731247643025796,92,92
fomc_statement,ZN,1m,60,M_book,abs_ret,pre60_depth_ratio,3.485033840570664,8.007855234535018,0.43520190344362847,0.663415881081078,-12.21007401252852,19.180141693669846,0.007731247643025796,92,92
fomc_statement,ZN,1m,60,M_book,abs_ret,pre60_spread_change,3.566909357944456,4.689500030657986,0.7606161285052772,0.4468863834945057,-5.624341807644677,12.75816052353359,0.007731247643025796,92,92
fomc_statement,ZN,1m,60,M_sides,abs_ret,const,11.14562139035572,2.482822737215284,4.489092686035479,7.152717278309644e-06,6.279378245416608,16.01186453529483,0.0031693526520034654,92,92
fomc_statement,ZN,1m,60,M_sides,abs_ret,pre60_bid_ratio,-0.8600040497575205,4.772113460306188,-0.18021450179483808,0.8569841740350678,-10.213174562096462,8.49316646258142,0.0031693526520034654,92,92
fomc_statement,ZN,1m,60,M_sides,abs_ret,pre60_ask_ratio,2.759048907344963,6.516861880150523,0.42337078153346347,0.6720247592627759,-10.013765669972043,15.53186348466197,0.0031693526520034654,92,92
fomc_statement,ZN,1m,60,M_both,abs_ret,const,4.612158190239009,2.3719486534706222,1.9444595410994774,0.051840059809962244,-0.03677574374168735,9.261092124219706,0.28959928016880787,92,92
fomc_statement,ZN,1m,60,M_both,abs_ret,abs_surprise_bp,4.07594006729814,0.8641186890047646,4.716875261652471,2.3949442178551254e-06,2.3822985584808336,5.769581576115446,0.28959928016880787,92,92
fomc_statement,ZN,1m,60,M_both,abs_ret,pre60_depth_ratio,3.687988059095807,5.609227825506439,0.6574858739603486,0.5108685510328781,-7.3058964599767355,14.681872578168349,0.28959928016880787,92,92
fomc_statement,ZN,1m,60,M_both,abs_ret,pre60_spread_change,-6.489403873080022,4.9484342406419275,-1.311405498689257,0.18972080209628295,-16.18815676460301,3.2093490184429676,0.28959928016880787,92,92
fomc_statement,ZN,1m,60,D_book,ret,const,-0.5148735084904037,1.6472052649532405,-0.3125739817890999,0.7546043478176075,-3.7433365029435124,2.713589485962705,0.011536949153812204,92,92
fomc_statement,ZN,1m,60,D_book,ret,imbalance_pre10,-4.6285876740647725,4.501923615003639,-1.0281355415802698,0.3038860741043473,-13.452195820622268,4.1950204724927245,0.011536949153812204,92,92
fomc_statement,ZN,1m,60,D_book,ret,side_asymmetry_pre60,0.6381496228653201,2.215292430908861,0.28806563592306794,0.7732964967164219,-3.703743756940233,4.9800430026708735,0.011536949153812204,92,92
fomc_statement,ZN,1m,60,D_post5,ret_after5,const,0.6379386463719231,1.137189207545048,0.5609784564778787,0.5748122236941093,-1.5909112440240158,2.8667885367678623,0.005071603380716105,92,92
fomc_statement,ZN,1m,60,D_post5,ret_after5,imbalance_post5,-1.8898357758969735,2.600432109898579,-0.7267391325861916,0.46738577623553434,-6.986589055539692,3.206917503745746,0.005071603380716105,92,92
fomc_statement,ZN,1m,60,D_surprise,ret,const,2.680809363896158,1.1513149644135325,2.328476087568039,0.019886837549218547,0.42427349878362053,4.937345229008695,0.5859868315041493,92,92
fomc_statement,ZN,1m,60,D_surprise,ret,surprise_bp,-5.476358708041307,0.6709197079257221,-8.16246511072469,3.2825541176714395e-16,-6.791337172093854,-4.161380243988759,0.5859868315041493,92,92
fomc_statement,ZN,5m,300,M_surprise,abs_ret,const,4.067124341235374,1.133093901653293,3.5893974323761237,0.000331443206075601,1.8463011028929497,6.287947579577798,0.5176327267580756,92,92
fomc_statement,ZN,5m,300,M_surprise,abs_ret,abs_surprise_bp,5.815096177148253,0.7259702532058097,8.010102550992123,1.1461283150163906e-15,4.392220627017442,7.237971727279064,0.5176327267580756,92,92
fomc_statement,ZN,5m,300,M_book,abs_ret,const,11.24144160298227,3.068066417848105,3.6640150739848867,0.00024829216287644817,5.228141921823168,17.254741284141375,0.04707002940069793,92,92
fomc_statement,ZN,5m,300,M_book,abs_ret,pre60_depth_ratio,3.135079082002476,8.804315508466333,0.3560843632861348,0.7217773870672438,-14.12106222311899,20.391220387123944,0.04707002940069793,92,92
fomc_statement,ZN,5m,300,M_book,abs_ret,pre60_spread_change,11.277638724477873,6.130571055415982,1.8395739356963776,0.06583081388690822,-0.7380597488011595,23.293337197756905,0.04707002940069793,92,92
fomc_statement,ZN,5m,300,M_sides,abs_ret,const,14.276944198444337,2.8484879950874427,5.012113171291798,5.383552421500138e-07,8.694010317678242,19.859878079210432,0.014090866827540571,92,92
fomc_statement,ZN,5m,300,M_sides,abs_ret,pre60_bid_ratio,-5.195782165851295,4.40127959484405,-1.1805162689364197,0.23779494374891486,-13.822131657636675,3.430567325934085,0.014090866827540571,92,92
fomc_statement,ZN,5m,300,M_sides,abs_ret,pre60_ask_ratio,4.902175335666312,7.676531111940245,0.6385925184412216,0.5230880496193274,-10.143549169937783,19.947899841270406,0.014090866827540571,92,92
fomc_statement,ZN,5m,300,M_both,abs_ret,const,3.129041492456367,2.1967719034266855,1.4243816062903296,0.15433603582761757,-1.1765523205094377,7.434635305422172,0.5259587857892525,92,92
fomc_statement,ZN,5m,300,M_both,abs_ret,abs_surprise_bp,6.086943956662697,0.7144832298553169,8.519365748997783,1.6042945459223593e-17,4.686582558588423,7.4873053547369715,0.5259587857892525,92,92
fomc_statement,ZN,5m,300,M_both,abs_ret,pre60_depth_ratio,3.4381676783835644,5.423993855412209,0.6338811897717891,0.5261583622585146,-7.192664930590919,14.069000287358048,0.5259587857892525,92,92
fomc_statement,ZN,5m,300,M_both,abs_ret,pre60_spread_change,-3.740299232708024,4.353691731510655,-0.8591097999973014,0.39027994105262886,-12.273378226258735,4.792779760842688,0.5259587857892525,92,92
fomc_statement,ZN,5m,300,D_book,ret,const,0.12137510171023669,1.9279915172951596,0.06295416791071658,0.9498030005931025,-3.6574188346870087,3.900169038107482,0.008660106119717126,92,92
fomc_statement,ZN,5m,300,D_book,ret,imbalance_pre10,-4.629634273998261,4.911506695121754,-0.9426097858314116,0.345880532563557,-14.256010506264246,4.996741958267724,0.008660106119717126,92,92
fomc_statement,ZN,5m,300,D_book,ret,side_asymmetry_pre60,0.38801338168414334,2.7191108630661986,0.14269862511107803,0.8865282026080139,-4.941345979897228,5.717372743265516,0.008660106119717126,92,92
fomc_statement,ZN,5m,300,D_post5,ret_after5,const,1.2913620491484574,1.3385508628703464,0.9647463424582172,0.3346718774001928,-1.3321494335524344,3.9148735318493495,0.01937724512261918,92,92
fomc_statement,ZN,5m,300,D_post5,ret_after5,imbalance_post5,-4.404419731535956,3.829808396329865,-1.150036575134345,0.25012880729772224,-11.910706256031592,3.1018667929596804,0.01937724512261918,92,92
fomc_statement,ZN,5m,300,D_surprise,ret,const,4.489581825627471,1.000536744851573,4.487173358429218,7.217434545754954e-06,2.5285658405094464,6.450597810745495,0.7587600428941526,92,92
fomc_statement,ZN,5m,300,D_surprise,ret,surprise_bp,-7.343761312179205,0.5414826881041696,-13.562319670627076,6.698376075472744e-42,-8.405047879115312,-6.282474745243097,0.7587600428941526,92,92
fomc_statement,ZN,10m,600,M_surprise,abs_ret,const,3.2369068109333683,1.1187639839218009,2.8932883588068927,0.003812311187059269,1.0441696952460906,5.4296439266206455,0.5215511209389925,92,92
fomc_statement,ZN,10m,600,M_surprise,abs_ret,abs_surprise_bp,6.535453744702471,0.7719863152617095,8.465763725988976,2.544795880652503e-17,5.022388370231736,8.048519119173205,0.5215511209389925,92,92
fomc_statement,ZN,10m,600,M_book,abs_ret,const,10.564855273039964,3.2038162138131594,3.297584682757363,0.0009752026276932264,4.285490880880694,16.844219665199233,0.04866942813899655,92,92
fomc_statement,ZN,10m,600,M_book,abs_ret,pre60_depth_ratio,5.762195534303328,9.06414783167206,0.6357128812671161,0.524963579018209,-12.003207766320735,23.52759883492739,0.04866942813899655,92,92
fomc_statement,ZN,10m,600,M_book,abs_ret,pre60_spread_change,12.76468784710933,5.5049003697866565,2.318786352095965,0.02040662357615132,1.9752813838462586,23.554094310372403,0.04866942813899655,92,92
fomc_statement,ZN,10m,600,M_sides,abs_ret,const,13.616806330285932,3.029258912003924,4.495094914577012,6.953892194311396e-06,7.6795679629112525,19.55404469766061,0.04486989107315531,92,92
fomc_statement,ZN,10m,600,M_sides,abs_ret,pre60_bid_ratio,-8.592466382388418,4.613734641585433,-1.862366835088669,0.06255140058487593,-17.63522011412068,0.45028734934384573,0.04486989107315531,92,92
fomc_statement,ZN,10m,600,M_sides,abs_ret,pre60_ask_ratio,11.566269183339136,8.389173681284788,1.3787137592754881,0.16798302551879352,-4.8762090920303525,28.008747458708626,0.04486989107315531,92,92
fomc_statement,ZN,10m,600,M_both,abs_ret,const,1.4187188848708374,2.2477591730540243,0.631170323706533,0.5279291636582072,-2.9868081402345847,5.824245909976259,0.5342359466816495,92,92
fomc_statement,ZN,10m,600,M_both,abs_ret,abs_surprise_bp,6.8625830649728385,0.8590137468386244,7.98890947930552,1.361376062091977e-15,5.178947058944327,8.54621907100135,0.5342359466816495,92,92
fomc_statement,ZN,10m,600,M_both,abs_ret,pre60_depth_ratio,6.1039057066854046,5.863038329327828,1.0410823473816846,0.29783733155972947,-5.387438258775026,17.595249672145833,0.5342359466816495,92,92
fomc_statement,ZN,10m,600,M_both,abs_ret,pre60_spread_change,-4.166936204231977,4.472013944858013,-0.93178068217412,0.35144988001165955,-12.931922474514574,4.59805006605062,0.5342359466816495,92,92
fomc_statement,ZN,10m,600,D_book,ret,const,-0.3437309180807089,2.062639487829157,-0.16664614447116569,0.8676484832993518,-4.386430027316,3.6989681911545818,0.004716256010239839,92,92
fomc_statement,ZN,10m,600,D_book,ret,imbalance_pre10,-3.233427890101037,4.6460022541897805,-0.6959591737574214,0.48645439770618115,-12.339424980404912,5.872569200202838,0.004716256010239839,92,92
fomc_statement,ZN,10m,600,D_book,ret,side_asymmetry_pre60,-0.3068854801046599,3.341491132541926,-0.09184087819835307,0.9268244651836649,-6.85608775454679,6.242316794337471,0.004716256010239839,92,92
fomc_statement,ZN,10m,600,D_post5,ret_after5,const,0.887114737152797,1.5603675200925218,0.5685293533283721,0.5696755800060889,-2.1711494048746247,3.9453788791802187,0.0030465242877163456,92,92
fomc_statement,ZN,10m,600,D_post5,ret_after5,imbalance_post5,-2.0091453960326775,4.185892984534961,-0.47998011498516296,0.6312415326391329,-10.213344888860078,6.195054096794724,0.0030465242877163456,92,92
fomc_statement,ZN,10m,600,D_surprise,ret,const,4.396287482804141,1.177263304292138,3.734328137788623,0.00018821696611860358,2.0888938060709314,6.70368115953735,0.7505601457734394,92,92
fomc_statement,ZN,10m,600,D_surprise,ret,surprise_bp,-7.81650266348457,0.6216436908962564,-12.573927440999373,2.9376002046895708e-36,-9.034901908857783,-6.598103418111358,0.7505601457734394,92,92
fomc_statement,ZN,20m,1200,M_surprise,abs_ret,const,5.741585390624108,1.5421619101633381,3.7230756075514715,0.0001968105527591862,2.7190035883744708,8.764167192873746,0.39831649508052525,76,76
fomc_statement,ZN,20m,1200,M_surprise,abs_ret,abs_surprise_bp,5.84686800314554,0.9296317585209593,6.289445201880673,3.186025455241642e-10,4.024823237559823,7.668912768731256,0.39831649508052525,76,76
fomc_statement,ZN,20m,1200,M_book,abs_ret,const,9.627352207136122,4.047545979002959,2.3785652484441075,0.017380160702953847,1.6943078625204082,17.560396551751836,0.057410831533060036,76,76
fomc_statement,ZN,20m,1200,M_book,abs_ret,pre60_depth_ratio,18.621658615231674,11.364111656631437,1.638637420846279,0.10128879408588036,-3.651590948057752,40.8949081785211,0.057410831533060036,76,76
fomc_statement,ZN,20m,1200,M_book,abs_ret,pre60_spread_change,9.50363157388378,5.479535062861474,1.7343864880610653,0.08284953089735665,-1.2360598013491302,20.24332294911669,0.057410831533060036,76,76
fomc_statement,ZN,20m,1200,M_sides,abs_ret,const,12.573888945404121,3.5196098759735803,3.5725234865486284,0.0003535577623789746,5.675580348864417,19.472197541943824,0.03767044716525858,76,76
fomc_statement,ZN,20m,1200,M_sides,abs_ret,pre60_bid_ratio,2.3749953548131453,9.205078465345352,0.2580092460650243,0.7963997714306976,-15.666626912128976,20.416617621755265,0.03767044716525858,76,76
fomc_statement,ZN,20m,1200,M_sides,abs_ret,pre60_ask_ratio,11.839666858082179,11.501895923115688,1.0293665441962192,0.30330746417802235,-10.703634905152647,34.382968621317005,0.03767044716525858,76,76
fomc_statement,ZN,20m,1200,M_both,abs_ret,const,1.6470246927973635,2.297324193681213,0.7169317666733771,0.47341619977381677,-2.8556479876303333,6.14969737322506,0.4369485172825702,76,76
fomc_statement,ZN,20m,1200,M_both,abs_ret,abs_surprise_bp,6.150616397448037,1.015937654676456,6.0541277992169835,1.411804968534892e-09,4.159415183744092,8.14181761115198,0.4369485172825702,76,76
fomc_statement,ZN,20m,1200,M_both,abs_ret,pre60_depth_ratio,14.86211733969222,6.3705776381234385,2.332930886950168,0.019651772978290002,2.3760146082540388,27.348220071130402,0.4369485172825702,76,76
fomc_statement,ZN,20m,1200,M_both,abs_ret,pre60_spread_change,-4.848011128344263,4.774087618194129,-1.015484322044784,0.3098750162283136,-14.205050919043366,4.50902866235484,0.4369485172825702,76,76
fomc_statement,ZN,20m,1200,D_book,ret,const,0.8139910061652819,2.495854977471097,0.3261371407845383,0.74432059764257,-4.077794860313096,5.705776872643661,0.026102311003954992,76,76
fomc_statement,ZN,20m,1200,D_book,ret,imbalance_pre10,-8.605780410435738,6.26513737832851,-1.3735980379622088,0.1695665063823476,-20.885224030155314,3.673663209283836,0.026102311003954992,76,76
fomc_statement,ZN,20m,1200,D_book,ret,side_asymmetry_pre60,-0.8952274726770495,3.766796029973798,-0.23766284809514274,0.8121426010148904,-8.278012028534151,6.487557083180052,0.026102311003954992,76,76
fomc_statement,ZN,20m,1200,D_post5,ret_after5,const,1.6870059378691582,1.955204144283977,0.862828540334832,0.3882317447893183,-2.145123767350892,5.519135643089208,0.01389482382371987,76,76
fomc_statement,ZN,20m,1200,D_post5,ret_after5,imbalance_post5,-4.9616813720490995,5.586835318294547,-0.8881023136303428,0.3744857182500967,-15.91167738346278,5.988314639364582,0.01389482382371987,76,76
fomc_statement,ZN,20m,1200,D_surprise,ret,const,5.2605177351538,1.5397957050377638,3.416373820204145,0.0006346106591021773,2.242573609730323,8.278461860577277,0.6892926750849442,76,76
fomc_statement,ZN,20m,1200,D_surprise,ret,surprise_bp,-7.728008655779628,0.7102719729541122,-10.880351400658327,1.4301058521857589e-27,-9.120116141997896,-6.33590116956136,0.6892926750849442,76,76
fomc_statement,ZN,30m,1800,M_surprise,abs_ret,const,6.453005179006563,1.7184322719579654,3.7551699210432483,0.00017322391622412187,3.0849398160976107,9.821070541915514,0.35204268935672,76,76
fomc_statement,ZN,30m,1800,M_surprise,abs_ret,abs_surprise_bp,5.64709907385747,1.0664089502441985,5.295434807223189,1.1873354874580993e-07,3.5569759385876747,7.737222209127266,0.35204268935672,76,76
fomc_statement,ZN,30m,1800,M_book,abs_ret,const,10.9625922663622,4.339402538054754,2.526290697907103,0.011527405314396489,2.4575195773531817,19.46766495537122,0.03908231718177113,76,76
fomc_statement,ZN,30m,1800,M_book,abs_ret,pre60_depth_ratio,17.875016462328798,12.191148995867035,1.4662290214309308,0.1425859047602282,-6.019196499732235,41.769229424389835,0.03908231718177113,76,76
fomc_statement,ZN,30m,1800,M_book,abs_ret,pre60_spread_change,5.452037978696115,5.759809542088682,0.9465656700723198,0.3438601442227148,-5.836981281607843,16.74105723900007,0.03908231718177113,76,76
fomc_statement,ZN,30m,1800,M_sides,abs_ret,const,12.651422686075968,3.673524244277897,3.4439469688494877,0.0005732881362405989,5.45144747095657,19.851397901195366,0.03262533261947309,76,76
fomc_statement,ZN,30m,1800,M_sides,abs_ret,pre60_bid_ratio,4.93158994939531,9.992911440466091,0.49350882160577714,0.6216531081982969,-14.6541565746165,24.51733647340712,0.03262533261947309,76,76
fomc_statement,ZN,30m,1800,M_sides,abs_ret,pre60_ask_ratio,10.195923138547661,12.590222106295917,0.8098286950354153,0.4180386380111738,-14.480458747152356,34.87230502424768,0.03262533261947309,76,76
fomc_statement,ZN,30m,1800,M_both,abs_ret,const,2.9193266657152526,2.5290408712398995,1.1543216635656859,0.2483683180965225,-2.037502357344751,7.876155688775256,0.4043751047567822,76,76
fomc_statement,ZN,30m,1800,M_both,abs_ret,abs_surprise_bp,6.199124184249466,1.1479069134621667,5.4003718520628805,6.650290279994916e-08,3.9492679762590828,8.448980392239848,0.4043751047567822,76,76
fomc_statement,ZN,30m,1800,M_both,abs_ret,pre60_depth_ratio,14.085824983479515,7.210164788103505,1.9536065259868383,0.05074776826352679,-0.04583832380222397,28.217488290761253,0.4043751047567822,76,76
fomc_statement,ZN,30m,1800,M_both,abs_ret,pre60_spread_change,-9.012791171761542,4.922334928021998,-1.8309991708311613,0.06710066683923656,-18.660390350528218,0.6348080070051338,0.4043751047567822,76,76
fomc_statement,ZN,30m,1800,D_book,ret,const,0.6900638803490134,2.551896094671108,0.2704122169354822,0.7868431423333752,-4.311560557494774,5.691688318192801,0.028631884634365723,76,76
fomc_statement,ZN,30m,1800,D_book,ret,imbalance_pre10,-8.40466220831917,6.653992070504848,-1.263100724988014,0.20655298350498275,-21.446247019923774,4.636922603285436,0.028631884634365723,76,76
fomc_statement,ZN,30m,1800,D_book,ret,side_asymmetry_pre60,-1.7849643422159331,3.694355074896873,-0.48315993076701214,0.62898218357931,-9.025767235116579,5.455838550684712,0.028631884634365723,76,76
fomc_statement,ZN,30m,1800,D_post5,ret_after5,const,1.6075795511865953,2.036651674797284,0.7893247387757675,0.429922231161592,-2.3841843804692635,5.599343482842454,0.02318148689877586,76,76
fomc_statement,ZN,30m,1800,D_post5,ret_after5,imbalance_post5,-6.698984215644064,5.9144531432733825,-1.1326464261979898,0.257362763963657,-18.29109936470961,4.893130933421482,0.02318148689877586,76,76
fomc_statement,ZN,30m,1800,D_surprise,ret,const,5.158408526885269,1.698528724424743,3.036986335707874,0.0023895628772852896,1.8293534003060148,8.487463653464523,0.654852675605738,76,76
fomc_statement,ZN,30m,1800,D_surprise,ret,surprise_bp,-7.703952762453171,0.8007935432590135,-9.620398200390282,6.557680340219585e-22,-9.273479266293055,-6.134426258613287,0.654852675605738,76,76
macro_release,ES,1s,1,M_book,abs_ret,const,1.7406406022846135,0.35391739675068856,4.9182114760828775,8.733852927591956e-07,1.0469752511510908,2.434305953418136,0.052597414397552056,430,430
macro_release,ES,1s,1,M_book,abs_ret,pre60_depth_ratio,-0.5358674599900617,0.3701996110324586,-1.4475095165431646,0.14775427303627553,-1.2614453647044175,0.189710444724294,0.052597414397552056,430,430
macro_release,ES,1s,1,M_book,abs_ret,pre60_spread_change,1.4291296070998454,0.7001999885150282,2.041030606313945,0.04124778501106041,0.05676284763503059,2.80149636656466,0.052597414397552056,430,430
macro_release,ES,1s,1,M_sides,abs_ret,const,2.3946293202418314,0.34471511247822045,6.9466908573471,3.739539107466536e-12,1.7190001148578455,3.0702585256258175,0.005343536611738031,430,430
macro_release,ES,1s,1,M_sides,abs_ret,pre60_bid_ratio,-0.20040523196674126,0.27608709227612654,-0.725876861227208,0.4679142625987993,-0.7415259894243358,0.3407155254908533,0.005343536611738031,430,430
macro_release,ES,1s,1,M_sides,abs_ret,pre60_ask_ratio,-0.48378131420450526,0.29259603152399133,-1.6534103749962779,0.09824737277804002,-1.0572589980108746,0.08969636960186406,0.005343536611738031,430,430
macro_release,ES,1s,1,D_book,ret,const,0.10973469141422265,0.21166444906185844,0.5184370445797108,0.6041533739736664,-0.3051200055545327,0.524589388382978,0.0020939399461223918,430,430
macro_release,ES,1s,1,D_book,ret,imbalance_pre10,-0.32087367411166356,0.5446411721890372,-0.5891469292011088,0.5557627145727888,-1.3883507560998545,0.7466034078765273,0.0020939399461223918,430,430
macro_release,ES,1s,1,D_book,ret,side_asymmetry_pre60,-0.23078745615328078,0.30413358902083676,-0.7588358027020459,0.44795078556270784,-0.8268783371230273,0.3653034248164657,0.0020939399461223918,430,430
macro_release,ES,5s,5,M_book,abs_ret,const,6.698033850933966,1.2737123317325991,5.258670803495164,1.4510037494755871e-07,4.201603554073538,9.194464147794394,0.20981470857072426,430,430
macro_release,ES,5s,5,M_book,abs_ret,pre60_depth_ratio,-0.8501290040748684,0.8988341103389629,-0.9458130196619629,0.34424396371282795,-2.611811488415337,0.9115534802656,0.20981470857072426,430,430
macro_release,ES,5s,5,M_book,abs_ret,pre60_spread_change,9.55452935050991,2.840169470676425,3.364070154670865,0.0007680201784664304,3.9878994779939276,15.121159223025892,0.20981470857072426,430,430
macro_release,ES,5s,5,M_sides,abs_ret,const,11.153405915653313,1.007863374532963,11.06638677174049,1.8261603698292991e-28,9.1780300002317,13.128781831074924,0.004838317477822263,430,430
macro_release,ES,5s,5,M_sides,abs_ret,pre60_bid_ratio,-1.9319229323034737,0.8107859256611792,-2.382778081314165,0.01718254902111421,-3.5210341457713543,-0.3428117188355928,0.004838317477822263,430,430
macro_release,ES,5s,5,M_sides,abs_ret,pre60_ask_ratio,-0.043413329322832726,0.7626079303447142,-0.05692745589887719,0.9546029831277782,-1.5380974071231028,1.4512707484774374,0.004838317477822263,430,430
macro_release,ES,5s,5,D_book,ret,const,0.16039495933346748,0.7791427713317491,0.2058608065622075,0.8368996415053398,-1.3666968112914877,1.6874867299584226,0.0013011096204448291,430,430
macro_release,ES,5s,5,D_book,ret,imbalance_pre10,-1.5218215271099356,1.9119121480487653,-0.7959683339336782,0.426050441076569,-5.2691004788901274,2.225457424670256,0.0013011096204448291,430,430
macro_release,ES,5s,5,D_book,ret,side_asymmetry_pre60,0.9064242777368565,1.1348888383434785,0.7986899219661932,0.42447023192732125,-1.3179169718728607,3.1307655273465738,0.0013011096204448291,430,430
macro_release,ES,30s,30,M_book,abs_ret,const,8.894521547510644,2.258875744257946,3.937587789023139,8.230482443922838e-05,4.46720644321396,13.321836651807327,0.18093540475409853,430,430
macro_release,ES,30s,30,M_book,abs_ret,pre60_depth_ratio,1.039668578045485,2.116705436997951,0.49117300871112723,0.623304087539643,-3.1089978443506157,5.188335000441586,0.18093540475409853,430,430
macro_release,ES,30s,30,M_book,abs_ret,pre60_spread_change,18.015577918215044,5.400803678870253,3.335721679478556,0.0008507829283781639,7.43019722005792,28.600958616372168,0.18093540475409853,430,430
macro_release,ES,30s,30,M_sides,abs_ret,const,17.292925285622836,1.9136636658286994,9.036554120984603,1.6168832078440884e-19,13.542213422075692,21.04363714916998,0.0022845297946567644,430,430
macro_release,ES,30s,30,M_sides,abs_ret,pre60_bid_ratio,-2.5518517542664823,1.6887951638380225,-1.5110487102929897,0.13077604088353625,-5.861829452654426,0.7581259441214616,0.0022845297946567644,430,430
macro_release,ES,30s,30,M_sides,abs_ret,pre60_ask_ratio,1.439867013300658,1.5983494741161055,0.9008461770207739,0.36767011172470343,-1.6928403906754443,4.57257441727676,0.0022845297946567644,430,430
macro_release,ES,30s,30,D_book,ret,const,1.04902021706426,1.483914374840755,0.7069277276708332,0.4796113918530456,-1.8593985137648898,3.9574389478934098,2.2482934807666055e-05,430,430
macro_release,ES,30s,30,D_book,ret,imbalance_pre10,-0.3420017011148871,3.3932107060322814,-0.10078999824764594,0.9197171666504108,-6.992572476893887,6.308569074664113,2.2482934807666055e-05,430,430
macro_release,ES,30s,30,D_book,ret,side_asymmetry_pre60,0.24679437427689527,2.0046216247544852,0.12311269679489827,0.9020178571794697,-3.6821918128720625,4.175780561425853,2.2482934807666055e-05,430,430
macro_release,ES,30s,30,D_post5,ret_after5,const,0.9518452471508272,1.1590460358288852,0.8212316143854635,0.4115143520093576,-1.319843239497709,3.2235337337993633,0.003340693993772015,430,430
macro_release,ES,30s,30,D_post5,ret_after5,imbalance_post5,-4.214790131021436,2.748786925307953,-1.5333273351295658,0.12519522273652156,-9.602313505799614,1.1727332437567428,0.003340693993772015,430,430
macro_release,ES,1m,60,M_book,abs_ret,const,12.191890895667228,2.213509546711795,5.507945928572336,3.6304487404072645e-08,7.853491904676529,16.530289886657926,0.13030796370997366,430,430
macro_release,ES,1m,60,M_book,abs_ret,pre60_depth_ratio,-0.3551541867598045,2.1565802547228023,-0.16468396480123318,0.8691927388778371,-4.581973815786713,3.871665442267104,0.13030796370997366,430,430
macro_release,ES,1m,60,M_book,abs_ret,pre60_spread_change,16.934897711181108,5.336105335548287,3.173643818153946,0.0015053830115227755,6.476323435794447,27.393471986567768,0.13030796370997366,430,430
macro_release,ES,1m,60,M_sides,abs_ret,const,19.97709119724117,2.200876022593267,9.076881656288114,1.1172998738430603e-19,15.663453458520603,24.290728935961734,0.0012291888022472053,430,430
macro_release,ES,1m,60,M_sides,abs_ret,pre60_bid_ratio,-2.190273655478422,1.8807686147349336,-1.1645630612498863,0.24419590328761864,-5.87651240361218,1.4959650926553363,0.0012291888022472053,430,430
macro_release,ES,1m,60,M_sides,abs_ret,pre60_ask_ratio,-0.023399484436402343,1.5003303080075057,-0.015596221919610307,0.9875565197886549,-2.9639928530449997,2.9171938841721947,0.0012291888022472053,430,430
macro_release,ES,1m,60,D_book,ret,const,0.1996449240242913,1.6495040070072147,0.12103330648254562,0.9036646543499157,-3.033323522064354,3.432613370112937,0.00013721441041958382,430,430
macro_release,ES,1m,60,D_book,ret,imbalance_pre10,-1.2137034192016638,3.9928304496183533,-0.3039706880911192,0.7611502226734451,-9.039507296828507,6.61210045842518,0.00013721441041958382,430,430
macro_release,ES,1m,60,D_book,ret,side_asymmetry_pre60,0.10206356949225169,2.1487619205479516,0.047498779886337834,0.962115702749479,-4.10943240613285,4.313559545117354,0.00013721441041958382,430,430
macro_release,ES,1m,60,D_post5,ret_after5,const,0.12215305146853633,1.3386012719180929,0.09125424727372491,0.9272905716276423,-2.5014572311504333,2.7457633340875063,0.004004471568264556,430,430
macro_release,ES,1m,60,D_post5,ret_after5,imbalance_post5,-5.374241188311608,3.462844117240299,-1.5519731776417907,0.12066864165128216,-12.16129094217899,1.4128085655557747,0.004004471568264556,430,430
macro_release,ES,5m,300,M_book,abs_ret,const,15.350053360416004,2.4740745548796235,6.204361679457499,5.491935182330781e-10,10.500956337784977,20.19915038304703,0.07386634139940196,430,430
macro_release,ES,5m,300,M_book,abs_ret,pre60_depth_ratio,1.2466516547065578,2.659154368746871,0.4688150749570976,0.6392018236121287,-3.9651951373696517,6.458498446782768,0.07386634139940196,430,430
macro_release,ES,5m,300,M_book,abs_ret,pre60_spread_change,14.446064871943575,5.4310901979051165,2.659883070532638,0.00781677836686704,3.801323687261032,25.090806056626118,0.07386634139940196,430,430
macro_release,ES,5m,300,M_sides,abs_ret,const,22.12859079293448,2.498065612774147,8.8582904627394,8.125078550673665e-19,17.232472160879173,27.02470942498979,0.0004532565692699775,430,430
macro_release,ES,5m,300,M_sides,abs_ret,pre60_bid_ratio,-1.4007614200528682,2.389734048456443,-0.5861578701435987,0.557769430208661,-6.084554087656593,3.2830312475508565,0.0004532565692699775,430,430
macro_release,ES,5m,300,M_sides,abs_ret,pre60_ask_ratio,0.8487299223680058,1.7694171176405646,0.479666390647191,0.6314646299756839,-2.619263901836173,4.316723746572184,0.0004532565692699775,430,430
macro_release,ES,5m,300,D_book,ret,const,0.7236845634924959,1.8901182855351817,0.38287792305421064,0.701810281203227,-2.9808792026770545,4.428248329662046,8.07247614528217e-05,430,430
macro_release,ES,5m,300,D_book,ret,imbalance_pre10,-0.729242884131764,4.857733089430623,-0.1501199985068012,0.8806699422504455,-10.250224785924276,8.791739017660747,8.07247614528217e-05,430,430
macro_release,ES,5m,300,D_book,ret,side_asymmetry_pre60,-0.29592951428584385,2.6691304684721926,-0.11087113117225536,0.9117185384208937,-5.527329102529864,4.935470073958175,8.07247614528217e-05,430,430
macro_release,ES,5m,300,D_post5,ret_after5,const,0.6472345587863229,1.6234397395847098,0.3986809876613536,0.6901282785462515,-2.5346488618707923,3.8291179794434385,0.0034025145460975237,430,430
macro_release,ES,5m,300,D_post5,ret_after5,imbalance_post5,-5.9932119205618966,4.1223034646658245,-1.4538502494861179,0.1459878284749452,-14.072778244651595,2.0863544035278023,0.0034025145460975237,430,430
macro_release,NQ,1s,1,M_book,abs_ret,const,1.1643261213606175,0.40470337121390415,2.8769864650947476,0.004014928159092197,0.37112208935942137,1.9575301533618137,0.05584227532674857,432,432
macro_release,NQ,1s,1,M_book,abs_ret,pre60_depth_ratio,0.3476630753415449,0.34946456588508806,0.9948449979786061,0.31981165712355986,-0.3372748876661526,1.0326010383492423,0.05584227532674857,432,432
macro_release,NQ,1s,1,M_book,abs_ret,pre60_spread_change,0.3464478622064098,0.13025959218675692,2.659672553785502,0.007821665299642205,0.09114375287949117,0.6017519715333284,0.05584227532674857,432,432
macro_release,NQ,1s,1,M_sides,abs_ret,const,1.0332850189216163,0.5729049478833224,1.8035889247234338,0.07129577358576525,-0.08958804549449217,2.1561580833377247,0.012270904396120885,432,432
macro_release,NQ,1s,1,M_sides,abs_ret,pre60_bid_ratio,0.08999930642373692,0.15415236484229394,0.5838334463166426,0.5593323734411029,-0.21213377679883766,0.39213238964631153,0.012270904396120885,432,432
macro_release,NQ,1s,1,M_sides,abs_ret,pre60_ask_ratio,1.2295331051177496,0.5937368181097684,2.070838572942325,0.038373884191337915,0.06583032532719457,2.3932358849083046,0.012270904396120885,432,432
macro_release,NQ,1s,1,D_book,ret,const,0.24496163972614737,0.27812035975470384,0.8807756467099289,0.3784392634699705,-0.30014424876039525,0.79006752821269,0.0020284823158859266,432,432
macro_release,NQ,1s,1,D_book,ret,imbalance_pre10,0.1544665471129536,0.9758588469625201,0.15828779704539198,0.8742300234684376,-1.7581816469283702,2.0671147411542776,0.0020284823158859266,432,432
macro_release,NQ,1s,1,D_book,ret,side_asymmetry_pre60,-0.5593545240110146,0.45744741851669873,-1.2227733754072891,0.22141530419772615,-1.4559349891245652,0.337225941102536,0.0020284823158859266,432,432
macro_release,NQ,5s,5,M_book,abs_ret,const,3.597861087193177,0.8503445118951013,4.231062865537739,2.325896494948847e-05,1.931216469427487,5.264505704958867,0.338940480243342,432,432
macro_release,NQ,5s,5,M_book,abs_ret,pre60_depth_ratio,1.49909849334925,0.6729856488948376,2.2275341172743235,0.025911598266967435,0.18007085940305023,2.8181261272954496,0.338940480243342,432,432
macro_release,NQ,5s,5,M_book,abs_ret,pre60_spread_change,2.779641115338058,0.29354923312005243,9.46907980577579,2.8231970915533646e-21,2.204295190733403,3.354987039942713,0.338940480243342,432,432
macro_release,NQ,5s,5,M_sides,abs_ret,const,5.9121647946634,1.582446836839738,3.736090626886667,0.00018690333111303162,2.8106259870081822,9.013703602318618,0.026208372510941436,432,432
macro_release,NQ,5s,5,M_sides,abs_ret,pre60_bid_ratio,0.9380684106772343,0.7408104440776286,1.2662731987333258,0.2054152888438766,-0.5138933790860416,2.3900302004405103,0.026208372510941436,432,432
macro_release,NQ,5s,5,M_sides,abs_ret,pre60_ask_ratio,5.107950598241533,1.446856238721791,3.53037880443056,0.0004149650809139044,2.2721644795397364,7.943736716943331,0.026208372510941436,432,432
macro_release,NQ,5s,5,D_book,ret,const,0.14823396640895337,0.9990350140490977,0.14837714827247125,0.8820451334752699,-1.809838680421745,2.106306613239652,0.006502481071047561,432,432
macro_release,NQ,5s,5,D_book,ret,imbalance_pre10,6.126387879238593,3.2805027423202144,1.8675149391600747,0.06182971258529272,-0.3032793468939081,12.556055105371094,0.006502481071047561,432,432
macro_release,NQ,5s,5,D_book,ret,side_asymmetry_pre60,-0.928589987370956,1.7119713291896208,-0.5424097772773528,0.5875362456783331,-4.283992135147778,2.4268121604058654,0.006502481071047561,432,432
macro_release,NQ,30s,30,M_book,abs_ret,const,3.8341687175607975,2.5999458285333295,1.4747110018533396,0.14029025696634162,-1.2616314681196794,8.929968903241274,0.2377874168811619,432,432
macro_release,NQ,30s,30,M_book,abs_ret,pre60_depth_ratio,5.197377453053392,2.5312016010119303,2.0533241804902347,0.04004114722570776,0.23631347745988496,10.1584414286469,0.2377874168811619,432,432
macro_release,NQ,30s,30,M_book,abs_ret,pre60_spread_change,4.571040711671927,0.5986456696274017,7.635636476777576,2.2470752961101844e-14,3.3977167597013556,5.744364663642498,0.2377874168811619,432,432
macro_release,NQ,30s,30,M_sides,abs_ret,const,5.257516395802096,5.463175990672042,0.962355304822489,0.33587115690566804,-5.450111787119036,15.965144578723228,0.03899920149040903,432,432
macro_release,NQ,30s,30,M_sides,abs_ret,pre60_bid_ratio,2.290503548855738,1.4320762552736495,1.5994284804464236,0.10972542823065126,-0.5163143345956036,5.09732143230708,0.03899920149040903,432,432
macro_release,NQ,30s,30,M_sides,abs_ret,pre60_ask_ratio,12.660256428675407,5.601345953534995,2.2602168360419785,0.023807796451413097,1.681820094797649,23.638692762553163,0.03899920149040903,432,432
macro_release,NQ,30s,30,D_book,ret,const,0.35151219769295405,1.9259452042771739,0.18251412185160273,0.8551792728520495,-3.423271038887944,4.126295434273852,0.006465654749510774,432,432
macro_release,NQ,30s,30,D_book,ret,imbalance_pre10,10.14567268349056,6.400596232557444,1.5851136854850036,0.11294050671763263,-2.3992654119047856,22.690610778885905,0.006465654749510774,432,432
macro_release,NQ,30s,30,D_book,ret,side_asymmetry_pre60,1.2406391457113117,3.7598239507334825,0.32997266945684584,0.7414206132072043,-6.128480385937413,8.609758677360036,0.006465654749510774,432,432
macro_release,NQ,30s,30,D_post5,ret_after5,const,0.22326370256542383,1.5396714140705303,0.14500737009539388,0.8847050528027395,-2.7944368170386724,3.24096422216952,0.00010903142155094248,432,432
macro_release,NQ,30s,30,D_post5,ret_after5,imbalance_post5,1.2845170665147578,5.588399861206619,0.2298541798040578,0.8182050822446302,-9.668545392658853,12.237579525688368,0.00010903142155094248,432,432
macro_release,NQ,1m,60,M_book,abs_ret,const,5.398777263406695,2.8494010282494395,1.8947060136085836,0.058131360606933614,-0.18594612947360378,10.983500656286992,0.21087861615734826,432,432
macro_release,NQ,1m,60,M_book,abs_ret,pre60_depth_ratio,5.408248733266165,2.8093991140046763,1.9250553281327625,0.054222436799405443,-0.09807234838173873,10.914569814914067,0.21087861615734826,432,432
macro_release,NQ,1m,60,M_book,abs_ret,pre60_spread_change,4.744431636641099,0.6992481148619454,6.7850474471108235,1.1604836610717005e-11,3.373930515254159,6.114932758028038,0.21087861615734826,432,432
macro_release,NQ,1m,60,M_sides,abs_ret,const,6.922485751989187,5.509982123738932,1.2563535772946877,0.20898780480215973,-3.8768807659986386,17.721852269977013,0.034454216029775164,432,432
macro_release,NQ,1m,60,M_sides,abs_ret,pre60_bid_ratio,2.380254073281733,1.6344933534199404,1.4562641495613282,0.14531961199113907,-0.8232940323914484,5.583802178954914,0.034454216029775164,432,432
macro_release,NQ,1m,60,M_sides,abs_ret,pre60_ask_ratio,13.107017266968128,5.5546435934022345,2.359650452197608,0.01829216177737177,2.2201158769436002,23.993918656992655,0.034454216029775164,432,432
macro_release,NQ,1m,60,D_book,ret,const,-0.5255934027076836,2.1188792157578002,-0.24805255476523674,0.8040937443182267,-4.678520353183447,3.627333547768079,0.00708525645495639,432,432
macro_release,NQ,1m,60,D_book,ret,imbalance_pre10,13.215271734621862,6.773561967190271,1.9510077266043917,0.0510561266571675,-0.06066576812134805,26.49120923736507,0.00708525645495639,432,432
macro_release,NQ,1m,60,D_book,ret,side_asymmetry_pre60,-0.9075341411469449,4.341869727125088,-0.20901920098552948,0.834433249449566,-9.41744243187687,7.60237414958298,0.00708525645495639,432,432
macro_release,NQ,1m,60,D_post5,ret_after5,const,-0.7355570115812419,1.731021916802591,-0.4249264578578563,0.6708902866038962,-4.12829762496381,2.657183601801327,0.00010181704010692183,432,432
macro_release,NQ,1m,60,D_post5,ret_after5,imbalance_post5,-1.3882616990126164,5.766074359340845,-0.2407637523376159,0.809738224731712,-12.689559775500538,9.913036377475304,0.00010181704010692183,432,432
macro_release,NQ,5m,300,M_book,abs_ret,const,9.46396905612982,3.4897255331655552,2.711952262774369,0.00668882248939764,2.6242326951954933,16.303705417064144,0.12775846620164477,432,432
macro_release,NQ,5m,300,M_book,abs_ret,pre60_depth_ratio,7.725583079177133,3.0755127569826337,2.511965870288457,0.012006069944837392,1.6976888414976834,13.753477316856582,0.12775846620164477,432,432
macro_release,NQ,5m,300,M_book,abs_ret,pre60_spread_change,3.906299685214712,1.285100583577977,3.0396840022738085,0.0023682648748216215,1.3875488248904713,6.425050545538952,0.12775846620164477,432,432
macro_release,NQ,5m,300,M_sides,abs_ret,const,10.464270373694998,6.788167516500569,1.5415456893570492,0.12318403201805624,-2.8402934796708212,23.768834227060815,0.03245574712218546,432,432
macro_release,NQ,5m,300,M_sides,abs_ret,pre60_bid_ratio,3.387409376031588,1.418331632910947,2.3883055961174304,0.016926260645502404,0.6075304573922469,6.167288294670929,0.03245574712218546,432,432
macro_release,NQ,5m,300,M_sides,abs_ret,pre60_ask_ratio,12.845967072678153,6.932717186869566,1.8529483788850019,0.06388975793507512,-0.7419089285880371,26.433843073944345,0.03245574712218546,432,432
macro_release,NQ,5m,300,D_book,ret,const,0.330315562961752,2.419587143268596,0.13651732440416758,0.8914123298696504,-4.411988095300853,5.072619221224356,0.005870360111374984,432,432
macro_release,NQ,5m,300,D_book,ret,imbalance_pre10,12.563740689582852,7.812115515104394,1.6082379561965503,0.1077830732055237,-2.7477243630883326,27.87520574225404,0.005870360111374984,432,432
macro_release,NQ,5m,300,D_book,ret,side_asymmetry_pre60,1.0033820597023955,5.0553618569319765,0.19847878116312193,0.842670484688293,-8.904945108701806,10.911709228106599,0.005870360111374984,432,432
macro_release,NQ,5m,300,D_post5,ret_after5,const,0.06520069922508531,2.1201015485746506,0.030753573699769193,0.975466065709834,-4.090121979548826,4.220523377998996,0.0006532198550057711,432,432
macro_release,NQ,5m,300,D_post5,ret_after5,imbalance_post5,-4.27282717349395,6.787968611749155,-0.6294706734645475,0.5290409622970211,-17.577001180710642,9.031346833722743,0.0006532198550057711,432,432
macro_release,ZN,1s,1,M_book,abs_ret,const,3.142378381204403,0.5975463841510097,5.25880243701763,1.4499656253756243e-07,1.9712089891762883,4.313547773232518,0.05088722004521562,432,432
macro_release,ZN,1s,1,M_book,abs_ret,pre60_depth_ratio,-4.3013161913011135,1.1635830180021165,-3.696613069075652,0.00021849496911390307,-6.581896999607683,-2.020735382994544,0.05088722004521562,432,432
macro_release,ZN,1s,1,M_book,abs_ret,pre60_spread_change,2.4061558945216523,1.6342526379224334,1.4723279857026952,0.1409323295331659,-0.7969204174458944,5.6092322064891995,0.05088722004521562,432,432
macro_release,ZN,1s,1,M_sides,abs_ret,const,3.658970628509356,0.6386802028281131,5.72895576269191,1.0105073985729266e-08,2.4071804333275177,4.910760823691195,0.042601824089983364,432,432
macro_release,ZN,1s,1,M_sides,abs_ret,pre60_bid_ratio,-2.5603328089892683,0.7362429976793023,-3.4775649032447777,0.0005059905341544161,-4.003342568310508,-1.117323049668029,0.042601824089983364,432,432
macro_release,ZN,1s,1,M_sides,abs_ret,pre60_ask_ratio,-2.2011785839525198,0.8733661863647205,-2.52033868303816,0.011724196487367286,-3.9129448545424688,-0.48941231336257074,0.042601824089983364,432,432
macro_release,ZN,1s,1,D_book,ret,const,0.011754479345747706,0.22980169865572128,0.05115053289209035,0.9592055692389047,-0.43864857360559256,0.46215753229708795,0.0018537147678820975,432,432
macro_release,ZN,1s,1,D_book,ret,imbalance_pre10,0.11564388147767249,0.6180582206828493,0.18710839465884888,0.8515756464108227,-1.0957279714096209,1.327015734364966,0.0018537147678820975,432,432
macro_release,ZN,1s,1,D_book,ret,side_asymmetry_pre60,0.2791875123626024,0.31196384058186555,0.8949354894524644,0.37082157398743887,-0.33225037965664894,0.8906254043818538,0.0018537147678820975,432,432
macro_release,ZN,5s,5,M_book,abs_ret,const,14.680652249348745,1.969096944817264,7.45552538080401,8.951042077314941e-14,10.821293155439053,18.540011343258435,0.1970091115450353,432,432
macro_release,ZN,5s,5,M_book,abs_ret,pre60_depth_ratio,-13.694056235238257,3.586344982345243,-3.818387885898029,0.0001343266058362656,-20.72316323677087,-6.664949233705645,0.1970091115450353,432,432
macro_release,ZN,5s,5,M_book,abs_ret,pre60_spread_change,27.18600547707337,8.360605576025137,3.2516789878273804,0.0011472551498561056,10.799519659119348,43.57249129502739,0.1970091115450353,432,432
macro_release,ZN,5s,5,M_sides,abs_ret,const,19.890212707209663,1.688763110016073,11.777976786229276,5.069531522161906e-32,16.58029783315831,23.200127581261018,0.06984503531282982,432,432
macro_release,ZN,5s,5,M_sides,abs_ret,pre60_bid_ratio,-5.408146538984841,4.198483902844702,-1.2881189172407037,0.19770457117255613,-13.637023778231619,2.8207307002619366,0.06984503531282982,432,432
macro_release,ZN,5s,5,M_sides,abs_ret,pre60_ask_ratio,-12.95339572074379,2.591033311634862,-4.999316551654289,5.75338811789713e-07,-18.031727694291668,-7.875063747195915,0.06984503531282982,432,432
macro_release,ZN,5s,5,D_book,ret,const,-0.47818915641138826,0.908129431678335,-0.526564980420947,0.5984957161786612,-2.2580901358017527,1.3017118229789761,0.0031982926673854717,432,432
macro_release,ZN,5s,5,D_book,ret,imbalance_pre10,-0.5612470803949166,2.808302318247827,-0.19985279958928825,0.8415957061063324,-6.065418481860998,4.942924321071166,0.0031982926673854717,432,432
macro_release,ZN,5s,5,D_book,ret,side_asymmetry_pre60,-1.4643512418559352,1.5408005766121309,-0.9503833682848885,0.34191749172035635,-4.48426487937426,1.5555623956623894,0.0031982926673854717,432,432
macro_release,ZN,30s,30,M_book,abs_ret,const,16.06526793513157,2.36217297208548,6.801054844407989,1.0385587188813285e-11,11.43549398459009,20.69504188567305,0.18778629614401354,432,432
macro_release,ZN,30s,30,M_book,abs_ret,pre60_depth_ratio,-13.419032365972281,4.261451233408805,-3.148934865374061,0.0016386671443643127,-21.771323305327332,-5.066741426617231,0.18778629614401354,432,432
macro_release,ZN,30s,30,M_book,abs_ret,pre60_spread_change,34.245097565324016,10.035743471097977,3.4123129655462763,0.0006441411316850515,14.575401803888994,53.91479332675904,0.18778629614401354,432,432
macro_release,ZN,30s,30,M_sides,abs_ret,const,22.980053722696645,2.0456739197864198,11.23348814316208,2.7923283564500014e-29,18.970606515802384,26.989500929590907,0.05668362010813788,432,432
macro_release,ZN,30s,30,M_sides,abs_ret,pre60_bid_ratio,-5.965936031033888,4.579972391010777,-1.3026139726831922,0.19270658504672322,-14.94251696760281,3.0106449055350346,0.05668362010813788,432,432
macro_release,ZN,30s,30,M_sides,abs_ret,pre60_ask_ratio,-14.318061845480177,2.9620700690127184,-4.833802547504388,1.339494503079458e-06,-20.123612500429175,-8.512511190531177,0.05668362010813788,432,432
macro_release,ZN,30s,30,D_book,ret,const,-0.9642100119575876,1.1013642257387373,-0.8754687953577266,0.38131888178225537,-3.122844228266355,1.1944242043511795,0.0017122043921012908,432,432
macro_release,ZN,30s,30,D_book,ret,imbalance_pre10,-0.4801431684418451,3.3916948459420335,-0.1415643771774777,0.8874241063798889,-7.127742913038358,6.167456576154668,0.0017122043921012908,432,432
macro_release,ZN,30s,30,D_book,ret,side_asymmetry_pre60,-1.2970419214524451,1.728597589358845,-0.7503434746391909,0.45304786525878027,-4.685030940358539,2.090947097453649,0.0017122043921012908,432,432
macro_release,ZN,30s,30,D_post5,ret_after5,const,-0.4656014060533863,0.4783765468605301,-0.9732948011540616,0.330406805561682,-1.4032022089486627,0.4719993968418902,0.015032538510590276,432,432
macro_release,ZN,30s,30,D_post5,ret_after5,imbalance_post5,-3.462174594293174,1.4163103576494234,-2.4445027712987746,0.014505196639377407,-6.238091886217086,-0.6862573023692611,0.015032538510590276,432,432
macro_release,ZN,1m,60,M_book,abs_ret,const,17.475792068521347,2.423447936051999,7.211127504967524,5.549046330488904e-13,12.7259213954515,22.225662741591194,0.1805011787141262,432,432
macro_release,ZN,1m,60,M_book,abs_ret,pre60_depth_ratio,-15.808001358381661,4.350029353708705,-3.6339987786299033,0.0002790621824136414,-24.33390222334277,-7.282100493420552,0.1805011787141262,432,432
macro_release,ZN,1m,60,M_book,abs_ret,pre60_spread_change,32.84824691235106,10.018353738455954,3.278806854888884,0.001042469587586863,13.212634400595181,52.48385942410694,0.1805011787141262,432,432
macro_release,ZN,1m,60,M_sides,abs_ret,const,24.077358552430596,2.0783955210505978,11.584589318331409,4.9332526231799e-31,20.003778185542064,28.150938919319128,0.06382640009310592,432,432
macro_release,ZN,1m,60,M_sides,abs_ret,pre60_bid_ratio,-7.353602774525701,4.4745157867426215,-1.6434410168611808,0.10029171957490585,-16.123492564797147,1.416287015745743,0.06382640009310592,432,432
macro_release,ZN,1m,60,M_sides,abs_ret,pre60_ask_ratio,-14.876235593615649,2.8980110434843596,-5.133257040915046,2.8477056798763144e-07,-20.556232865644333,-9.196238321586964,0.06382640009310592,432,432
macro_release,ZN,1m,60,D_book,ret,const,-1.3139215120134384,1.1237966541745175,-1.1691808363485268,0.24233078046997192,-3.5165224801421067,0.8886794561152298,0.00304040844386555,432,432
macro_release,ZN,1m,60,D_book,ret,imbalance_pre10,-0.044096925508928186,3.4553021945480107,-0.01276210386996166,0.9898175907632422,-6.81636478252524,6.7281709315073845,0.00304040844386555,432,432
macro_release,ZN,1m,60,D_book,ret,side_asymmetry_pre60,-1.9125513556602232,1.7379920772138993,-1.1004373269216234,0.2711416224793981,-5.3189532324154225,1.4938505210949762,0.00304040844386555,432,432
macro_release,ZN,1m,60,D_post5,ret_after5,const,-0.8292120290350209,0.5574161859554585,-1.4875994811913855,0.13685655035246722,-1.921727677907401,0.2633036198373593,0.00980906975030782,432,432
macro_release,ZN,1m,60,D_post5,ret_after5,imbalance_post5,-3.24837299839461,1.6696927576623977,-1.945491458525816,0.05171585674423393,-6.520910668660274,0.024164671871053756,0.00980906975030782,432,432
macro_release,ZN,5m,300,M_book,abs_ret,const,19.486861961544122,2.58195114745358,7.547339530712197,4.442393771060628e-14,14.426330702693239,24.547393220395005,0.14398669804197672,432,432
macro_release,ZN,5m,300,M_book,abs_ret,pre60_depth_ratio,-16.381738704367965,4.703856919409747,-3.4826184097503528,0.0004965355772853767,-25.601128854840596,-7.162348553895335,0.14398669804197672,432,432
macro_release,ZN,5m,300,M_book,abs_ret,pre60_spread_change,31.241507807399373,10.594170459359633,2.9489338431210945,0.0031887222792257807,10.477315260976333,52.00570035382241,0.14398669804197672,432,432
macro_release,ZN,5m,300,M_sides,abs_ret,const,25.59794950130663,2.2778163636559103,11.237933799115286,2.655242640650194e-29,21.133511465145055,30.062387537468204,0.05067611929490645,432,432
macro_release,ZN,5m,300,M_sides,abs_ret,pre60_bid_ratio,-8.85588539902945,4.724867479398858,-1.8743140284129576,0.060887155100480234,-18.116455490375756,0.40468469231685766,0.05067611929490645,432,432
macro_release,ZN,5m,300,M_sides,abs_ret,pre60_ask_ratio,-13.119922045325506,3.1855825765815533,-4.118531455368671,3.812945288461531e-05,-19.363549165203658,-6.876294925447353,0.05067611929490645,432,432
macro_release,ZN,5m,300,D_book,ret,const,-1.548191682159152,1.2388447578699509,-1.2497059638215582,0.2114069779518859,-3.976282790020499,0.8798994257021953,0.001541142080905722,432,432
macro_release,ZN,5m,300,D_book,ret,imbalance_pre10,-0.8227460207552846,3.860957490615084,-0.21309377861713105,0.8312538171519186,-8.390083648200994,6.744591606690424,0.001541142080905722,432,432
macro_release,ZN,5m,300,D_book,ret,side_asymmetry_pre60,-1.2679409826696755,1.886118645642078,-0.6722487928313965,0.5014253232278865,-4.9646655986976125,2.428783633358262,0.001541142080905722,432,432
macro_release,ZN,5m,300,D_post5,ret_after5,const,-1.0627918644259944,0.7068274606356142,-1.5036086224922267,0.13268216967954902,-2.448148230555701,0.3225645017037122,0.005466318128904302,432,432
macro_release,ZN,5m,300,D_post5,ret_after5,imbalance_post5,-3.0672539734432664,2.2158586138160565,-1.384228196834713,0.1662885920801127,-7.410257051355585,1.2757491044690523,0.005466318128904302,432,432
