event_id,instrument,k_ticks,v_contracts,year,kind
fomc_20150917_statement,ES.v.0,1.0,103.72000000000116,2015,event
placebo_20150924_1400,ES.v.0,1.0,96.0,2015,control
placebo_20151021_1400,ES.v.0,1.0,96.0,2015,control
fomc_20151028_statement_pseudo120,ES.v.0,1.0,109.0,2015,pseudo
fomc_20151028_statement,ES.v.0,1.0,144.0,2015,event
placebo_20151104_1400,ES.v.0,1.0,165.17999999999847,2015,control
placebo_20151209_1400,ES.v.0,1.0,144.0,2015,control
fomc_20151216_statement_pseudo120,ES.v.0,1.0,124.44000000000233,2015,pseudo
fomc_20151216_statement,ES.v.0,1.0,125.0,2015,event
placebo_20151223_1400,ES.v.0,1.0,125.0,2015,control
placebo_20160120_1400,ES.v.0,1.0,125.0,2016,control
fomc_20160127_statement_pseudo120,ES.v.0,1.0,131.0,2016,pseudo
fomc_20160127_statement,ES.v.0,1.0,149.86000000000058,2016,event
placebo_20160203_1400,ES.v.0,1.0,149.86000000000058,2016,control
placebo_20160309_1400,ES.v.0,1.0,149.86000000000058,2016,control
fomc_20160316_statement_pseudo120,ES.v.0,1.0,143.72000000000116,2016,pseudo
fomc_20160316_statement,ES.v.0,1.0,133.0,2016,event
placebo_20160323_1400,ES.v.0,1.0,133.0,2016,control
placebo_20160420_1400,ES.v.0,1.0,131.0,2016,control
fomc_20160427_statement_pseudo120,ES.v.0,1.0,148.88000000000466,2016,pseudo
fomc_20160427_statement,ES.v.0,1.0,148.88000000000466,2016,event
placebo_20160504_1400,ES.v.0,1.0,148.88000000000466,2016,control
placebo_20160608_1400,ES.v.0,1.0,148.88000000000466,2016,control
fomc_20160615_statement_pseudo120,ES.v.0,1.0,131.0,2016,pseudo
fomc_20160615_statement,ES.v.0,1.0,114.44000000000233,2016,event
placebo_20160622_1400,ES.v.0,1.0,114.44000000000233,2016,control
placebo_20160720_1400,ES.v.0,1.0,125.0,2016,control
fomc_20160727_statement_pseudo120,ES.v.0,1.0,107.0,2016,pseudo
fomc_20160727_statement,ES.v.0,1.0,96.44000000000233,2016,event
placebo_20160803_1400,ES.v.0,1.0,96.44000000000233,2016,control
placebo_20160914_1400,ES.v.0,1.0,92.0,2016,control
fomc_20160921_statement_pseudo120,ES.v.0,1.0,92.0,2016,pseudo
fomc_20160921_statement,ES.v.0,1.0,97.0,2016,event
placebo_20160928_1400,ES.v.0,1.0,97.0,2016,control
placebo_20161026_1400,ES.v.0,1.0,97.0,2016,control
fomc_20161102_statement_pseudo120,ES.v.0,1.0,102.0,2016,pseudo
fomc_20161102_statement,ES.v.0,1.0,107.0,2016,event
placebo_20161109_1400,ES.v.0,1.0,107.0,2016,control
placebo_20161207_1400,ES.v.0,1.0,108.0,2016,control
fomc_20161214_statement_pseudo120,ES.v.0,1.0,106.86000000000058,2016,pseudo
fomc_20161214_statement,ES.v.0,1.0,106.86000000000058,2016,event
placebo_20161221_1400,ES.v.0,1.0,106.86000000000058,2016,control
placebo_20170125_1400,ES.v.0,1.0,102.0,2017,control
fomc_20170201_statement_pseudo120,ES.v.0,1.0,102.0,2017,pseudo
fomc_20170201_statement,ES.v.0,1.0,102.0,2017,event
placebo_20170208_1400,ES.v.0,1.0,102.0,2017,control
placebo_20170308_1400,ES.v.0,1.0,98.0,2017,control
fomc_20170315_statement_pseudo120,ES.v.0,1.0,98.0,2017,pseudo
fomc_20170315_statement,ES.v.0,1.0,98.0,2017,event
placebo_20170322_1400,ES.v.0,1.0,98.0,2017,control
placebo_20170426_1400,ES.v.0,1.0,102.0,2017,control
fomc_20170503_statement_pseudo120,ES.v.0,1.0,87.0,2017,pseudo
fomc_20170503_statement,ES.v.0,1.0,84.0,2017,event
placebo_20170517_1400,ES.v.0,1.0,84.0,2017,control
placebo_20170607_1400,ES.v.0,1.0,102.0,2017,control
fomc_20170614_statement_pseudo120,ES.v.0,1.0,84.0,2017,pseudo
fomc_20170614_statement,ES.v.0,1.0,78.0,2017,event
placebo_20170621_1400,ES.v.0,1.0,78.0,2017,control
placebo_20170719_1400,ES.v.0,1.0,83.58000000000175,2017,control
fomc_20170726_statement_pseudo120,ES.v.0,1.0,83.58000000000175,2017,pseudo
fomc_20170726_statement,ES.v.0,1.0,83.58000000000175,2017,event
placebo_20170802_1400,ES.v.0,1.0,83.58000000000175,2017,control
fomc_20170920_statement_pseudo120,ES.v.0,1.0,83.58000000000175,2017,pseudo
fomc_20170920_statement,ES.v.0,1.0,83.58000000000175,2017,event
placebo_20170927_1400,ES.v.0,1.0,85.0,2017,control
placebo_20171025_1400,ES.v.0,1.0,85.0,2017,control
fomc_20171101_statement_pseudo120,ES.v.0,1.0,95.72000000000116,2017,pseudo
fomc_20171101_statement,ES.v.0,1.0,99.58000000000175,2017,event
placebo_20171108_1400,ES.v.0,1.0,104.0,2017,control
placebo_20171206_1400,ES.v.0,1.0,105.0,2017,control
fomc_20171213_statement_pseudo120,ES.v.0,1.0,89.0,2017,pseudo
fomc_20171213_statement,ES.v.0,1.0,89.0,2017,event
placebo_20171220_1400,ES.v.0,1.0,89.0,2017,control
placebo_20180124_1400,ES.v.0,1.0,86.0,2018,control
fomc_20180131_statement_pseudo120,ES.v.0,1.0,74.0,2018,pseudo
fomc_20180131_statement,ES.v.0,1.0,66.0,2018,event
placebo_20180207_1400,ES.v.0,1.0,71.0,2018,control
placebo_20180314_1400,ES.v.0,1.0,72.72000000000116,2018,control
fomc_20180321_statement_pseudo120,ES.v.0,1.0,76.0,2018,pseudo
fomc_20180321_statement,ES.v.0,1.0,86.0,2018,event
placebo_20180328_1400,ES.v.0,1.0,89.0,2018,control
placebo_20180425_1400,ES.v.0,1.0,94.86000000000058,2018,control
fomc_20180502_statement_pseudo120,ES.v.0,1.0,103.86000000000058,2018,pseudo
fomc_20180502_statement,ES.v.0,1.0,103.86000000000058,2018,event
placebo_20180509_1400,ES.v.0,1.0,103.86000000000058,2018,control
placebo_20180606_1400,ES.v.0,1.0,110.0,2018,control
fomc_20180613_statement_pseudo120,ES.v.0,1.0,109.86000000000058,2018,pseudo
fomc_20180613_statement,ES.v.0,1.0,106.16000000000349,2018,event
placebo_20180620_1400,ES.v.0,1.0,106.16000000000349,2018,control
placebo_20180725_1400,ES.v.0,1.0,109.0,2018,control
fomc_20180801_statement_pseudo120,ES.v.0,1.0,109.0,2018,pseudo
fomc_20180801_statement,ES.v.0,1.0,110.0,2018,event
placebo_20180808_1400,ES.v.0,1.0,110.0,2018,control
placebo_20180919_1400,ES.v.0,1.0,110.0,2018,control
fomc_20180926_statement_pseudo120,ES.v.0,1.0,110.0,2018,pseudo
fomc_20180926_statement,ES.v.0,1.0,110.0,2018,event
placebo_20181003_1400,ES.v.0,1.0,110.0,2018,control
placebo_20181101_1400,ES.v.0,1.0,109.0,2018,control
fomc_20181108_statement_pseudo120,ES.v.0,1.0,95.0,2018,pseudo
fomc_20181108_statement,ES.v.0,1.0,89.0,2018,event
placebo_20181115_1400,ES.v.0,1.0,89.0,2018,control
fomc_20181219_statement_pseudo120,ES.v.0,1.0,89.0,2018,pseudo
fomc_20181219_statement,ES.v.0,1.0,86.86000000000058,2018,event
placebo_20190123_1400,ES.v.0,1.0,88.86999999999989,2019,control
fomc_20190130_statement_pseudo120,ES.v.0,1.0,93.0,2019,pseudo
fomc_20190130_statement,ES.v.0,1.0,82.0,2019,event
placebo_20190206_1400,ES.v.0,1.0,82.0,2019,control
placebo_20190313_1400,ES.v.0,1.0,99.47999999999956,2019,control
fomc_20190320_statement_pseudo120,ES.v.0,1.0,101.72000000000116,2019,pseudo
fomc_20190320_statement,ES.v.0,1.0,93.0,2019,event
placebo_20190327_1400,ES.v.0,1.0,99.47999999999956,2019,control
placebo_20190424_1400,ES.v.0,1.0,92.60999999999967,2019,control
fomc_20190501_statement_pseudo120,ES.v.0,1.0,92.58000000000175,2019,pseudo
fomc_20190501_statement,ES.v.0,1.0,92.58000000000175,2019,event
placebo_20190508_1400,ES.v.0,1.0,82.0,2019,control
fomc_20190619_statement_pseudo120,ES.v.0,1.0,82.0,2019,pseudo
fomc_20190619_statement,ES.v.0,1.0,79.86000000000058,2019,event
placebo_20190626_1400,ES.v.0,1.0,82.0,2019,control
placebo_20190724_1400,ES.v.0,1.0,95.0,2019,control
fomc_20190731_statement_pseudo120,ES.v.0,1.0,100.0,2019,pseudo
fomc_20190731_statement,ES.v.0,1.0,95.0,2019,event
placebo_20190807_1400,ES.v.0,1.0,79.86999999999989,2019,control
placebo_20190911_1400,ES.v.0,1.0,94.34999999999945,2019,control
fomc_20190918_statement_pseudo120,ES.v.0,1.0,82.0,2019,pseudo
fomc_20190918_statement,ES.v.0,1.0,65.0,2019,event
placebo_20190925_1400,ES.v.0,1.0,68.60999999999967,2019,control
placebo_20191023_1400,ES.v.0,1.0,79.0,2019,control
fomc_20191030_statement_pseudo120,ES.v.0,1.0,75.02000000000407,2019,pseudo
fomc_20191030_statement,ES.v.0,1.0,63.0,2019,event
placebo_20191106_1400,ES.v.0,1.0,65.0,2019,control
placebo_20191204_1400,ES.v.0,1.0,74.60000000000582,2019,control
fomc_20191211_statement_pseudo120,ES.v.0,1.0,76.0,2019,pseudo
fomc_20191211_statement,ES.v.0,1.0,72.88000000000466,2019,event
placebo_20191218_1400,ES.v.0,1.0,76.0,2019,control
placebo_20200122_1400,ES.v.0,1.0,76.0,2020,control
fomc_20200129_statement_pseudo120,ES.v.0,1.0,78.58000000000175,2020,pseudo
fomc_20200129_statement,ES.v.0,1.0,89.58000000000175,2020,event
placebo_20200205_1400,ES.v.0,1.0,89.58000000000175,2020,control
placebo_20200422_1400,ES.v.0,1.0,95.0,2020,control
fomc_20200429_statement_pseudo120,ES.v.0,1.0,95.0,2020,pseudo
fomc_20200429_statement,ES.v.0,1.0,95.0,2020,event
placebo_20200506_1400,ES.v.0,1.0,95.0,2020,control
placebo_20200603_1400,ES.v.0,1.0,97.0,2020,control
fomc_20200610_statement_pseudo120,ES.v.0,1.0,96.0,2020,pseudo
fomc_20200610_statement,ES.v.0,1.0,96.0,2020,event
placebo_20200617_1400,ES.v.0,1.0,96.0,2020,control
placebo_20200722_1400,ES.v.0,1.0,97.0,2020,control
fomc_20200729_statement_pseudo120,ES.v.0,1.0,106.0,2020,pseudo
fomc_20200729_statement,ES.v.0,1.0,106.0,2020,event
placebo_20200805_1400,ES.v.0,1.0,106.0,2020,control
placebo_20200909_1400,ES.v.0,1.0,105.86000000000058,2020,control
fomc_20200916_statement_pseudo120,ES.v.0,1.0,114.0,2020,pseudo
fomc_20200916_statement,ES.v.0,1.0,114.0,2020,event
placebo_20200923_1400,ES.v.0,1.0,114.0,2020,control
placebo_20201029_1400,ES.v.0,1.0,114.0,2020,control
fomc_20201105_statement_pseudo120,ES.v.0,1.0,114.0,2020,pseudo
fomc_20201105_statement,ES.v.0,1.0,114.0,2020,event
placebo_20201119_1400,ES.v.0,1.0,114.0,2020,control
placebo_20201209_1400,ES.v.0,1.0,111.86000000000058,2020,control
fomc_20201216_statement_pseudo120,ES.v.0,1.0,129.0,2020,pseudo
fomc_20201216_statement,ES.v.0,1.0,129.0,2020,event
placebo_20201223_1400,ES.v.0,1.0,129.0,2020,control
placebo_20210120_1400,ES.v.0,1.0,112.0,2021,control
fomc_20210127_statement_pseudo120,ES.v.0,1.0,112.0,2021,pseudo
fomc_20210127_statement,ES.v.0,1.0,112.0,2021,event
placebo_20210203_1400,ES.v.0,1.0,112.0,2021,control
fomc_20210317_statement_pseudo120,ES.v.0,1.0,106.0,2021,pseudo
fomc_20210317_statement,ES.v.0,1.0,68.0,2021,event
placebo_20210324_1400,ES.v.0,1.0,74.0,2021,control
placebo_20210421_1400,ES.v.0,1.0,85.0,2021,control
fomc_20210428_statement_pseudo120,ES.v.0,1.0,112.72000000000116,2021,pseudo
fomc_20210428_statement,ES.v.0,1.0,107.72000000000116,2021,event
placebo_20210505_1400,ES.v.0,1.0,109.86999999999989,2021,control
placebo_20210609_1400,ES.v.0,1.0,109.86000000000058,2021,control
fomc_20210616_statement_pseudo120,ES.v.0,1.0,109.0,2021,pseudo
fomc_20210616_statement,ES.v.0,1.0,109.0,2021,event
placebo_20210623_1400,ES.v.0,1.0,113.0,2021,control
placebo_20210721_1400,ES.v.0,1.0,113.0,2021,control
fomc_20210728_statement_pseudo120,ES.v.0,1.0,112.86000000000058,2021,pseudo
fomc_20210728_statement,ES.v.0,1.0,100.86000000000058,2021,event
placebo_20210804_1400,ES.v.0,1.0,101.86999999999989,2021,control
placebo_20210915_1400,ES.v.0,1.0,101.86000000000058,2021,control
fomc_20210922_statement_pseudo120,ES.v.0,1.0,105.0,2021,pseudo
fomc_20210922_statement,ES.v.0,1.0,105.0,2021,event
placebo_20210929_1400,ES.v.0,1.0,106.86999999999989,2021,control
placebo_20211027_1400,ES.v.0,1.0,120.86000000000058,2021,control
fomc_20211103_statement_pseudo120,ES.v.0,1.0,120.86000000000058,2021,pseudo
fomc_20211103_statement,ES.v.0,1.0,120.86000000000058,2021,event
placebo_20211117_1400,ES.v.0,1.0,120.86000000000058,2021,control
placebo_20211208_1400,ES.v.0,1.0,119.0,2021,control
fomc_20211215_statement_pseudo120,ES.v.0,1.0,105.0,2021,pseudo
fomc_20211215_statement,ES.v.0,1.0,105.0,2021,event
placebo_20211222_1400,ES.v.0,1.0,105.0,2021,control
placebo_20220119_1400,ES.v.0,1.0,96.30000000000291,2022,control
fomc_20220126_statement_pseudo120,ES.v.0,1.0,92.0,2022,pseudo
fomc_20220126_statement,ES.v.0,1.0,92.0,2022,event
placebo_20220202_1400,ES.v.0,1.0,92.0,2022,control
placebo_20220309_1400,ES.v.0,1.0,90.0,2022,control
fomc_20220316_statement_pseudo120,ES.v.0,1.0,88.0,2022,pseudo
fomc_20220316_statement,ES.v.0,1.0,88.0,2022,event
placebo_20220323_1400,ES.v.0,1.0,88.0,2022,control
placebo_20220427_1400,ES.v.0,1.0,85.0,2022,control
fomc_20220504_statement_pseudo120,ES.v.0,1.0,78.0,2022,pseudo
fomc_20220504_statement,ES.v.0,1.5,78.0,2022,event
placebo_20220518_1400,ES.v.0,1.5,78.0,2022,control
placebo_20220608_1400,ES.v.0,1.5,57.86000000000058,2022,control
fomc_20220615_statement_pseudo120,ES.v.0,1.5,61.0,2022,pseudo
fomc_20220615_statement,ES.v.0,1.5,61.0,2022,event
placebo_20220622_1400,ES.v.0,1.5,61.0,2022,control
placebo_20220720_1400,ES.v.0,1.5,58.0,2022,control
fomc_20220727_statement_pseudo120,ES.v.0,2.0,67.86000000000058,2022,pseudo
fomc_20220727_statement,ES.v.0,2.0,67.86000000000058,2022,event
placebo_20220803_1400,ES.v.0,2.0,67.86000000000058,2022,control
placebo_20220914_1400,ES.v.0,2.0,71.0,2022,control
fomc_20220921_statement_pseudo120,ES.v.0,2.0,75.30000000000291,2022,pseudo
fomc_20220921_statement,ES.v.0,2.0,77.0,2022,event
placebo_20220928_1400,ES.v.0,2.0,77.0,2022,control
placebo_20221026_1400,ES.v.0,2.0,77.0,2022,control
fomc_20221102_statement_pseudo120,ES.v.0,2.0,79.86000000000058,2022,pseudo
fomc_20221102_statement,ES.v.0,2.0,79.86000000000058,2022,event
placebo_20221109_1400,ES.v.0,2.0,79.86000000000058,2022,control
placebo_20221207_1400,ES.v.0,2.0,79.86000000000058,2022,control
fomc_20221214_statement_pseudo120,ES.v.0,2.0,78.0,2022,pseudo
fomc_20221214_statement,ES.v.0,1.5,78.0,2022,event
placebo_20221221_1400,ES.v.0,1.5,78.0,2022,control
placebo_20230125_1400,ES.v.0,1.5,74.86000000000058,2023,control
fomc_20230201_statement_pseudo120,ES.v.0,1.5,75.0,2023,pseudo
fomc_20230201_statement,ES.v.0,1.5,76.0,2023,event
placebo_20230208_1400,ES.v.0,1.5,76.0,2023,control
placebo_20230315_1400,ES.v.0,1.430000000000291,75.0,2023,control
fomc_20230322_statement_pseudo120,ES.v.0,1.0,63.0,2023,pseudo
fomc_20230322_statement,ES.v.0,1.0,63.0,2023,event
placebo_20230329_1400,ES.v.0,1.0,63.0,2023,control
placebo_20230426_1400,ES.v.0,1.0,64.0,2023,control
fomc_20230503_statement_pseudo120,ES.v.0,1.0,68.86000000000058,2023,pseudo
fomc_20230503_statement,ES.v.0,1.0,65.0,2023,event
placebo_20230517_1400,ES.v.0,1.0,65.0,2023,control
placebo_20230607_1400,ES.v.0,1.0,71.0,2023,control
fomc_20230614_statement_pseudo120,ES.v.0,1.0,65.0,2023,pseudo
fomc_20230614_statement,ES.v.0,1.0,70.86000000000058,2023,event
placebo_20230621_1400,ES.v.0,1.0,70.86000000000058,2023,control
placebo_20230719_1400,ES.v.0,1.0,72.0,2023,control
fomc_20230726_statement_pseudo120,ES.v.0,1.0,71.86000000000058,2023,pseudo
fomc_20230726_statement,ES.v.0,1.0,72.0,2023,event
placebo_20230802_1400,ES.v.0,1.0,72.0,2023,control
fomc_20230920_statement_pseudo120,ES.v.0,1.0,74.0,2023,pseudo
fomc_20230920_statement,ES.v.0,1.0,72.0,2023,event
placebo_20230927_1400,ES.v.0,1.0,72.0,2023,control
placebo_20231025_1400,ES.v.0,1.0,73.0,2023,control
fomc_20231101_statement_pseudo120,ES.v.0,1.0,73.0,2023,pseudo
fomc_20231101_statement,ES.v.0,1.0,74.0,2023,event
placebo_20231108_1400,ES.v.0,1.0,75.0,2023,control
placebo_20231206_1400,ES.v.0,1.0,75.0,2023,control
fomc_20231213_statement_pseudo120,ES.v.0,1.0,73.0,2023,pseudo
fomc_20231213_statement,ES.v.0,1.0,71.0,2023,event
placebo_20231220_1400,ES.v.0,1.0,73.0,2023,control
placebo_20240124_1400,ES.v.0,1.0,76.0,2024,control
fomc_20240131_statement_pseudo120,ES.v.0,1.0,74.86000000000058,2024,pseudo
fomc_20240131_statement,ES.v.0,1.0,73.0,2024,event
placebo_20240207_1400,ES.v.0,1.0,73.0,2024,control
placebo_20240313_1400,ES.v.0,1.0,73.0,2024,control
fomc_20240320_statement_pseudo120,ES.v.0,1.0,75.86000000000058,2024,pseudo
fomc_20240320_statement,ES.v.0,1.0,78.0,2024,event
placebo_20240327_1400,ES.v.0,1.0,78.0,2024,control
placebo_20240424_1400,ES.v.0,1.0,75.86000000000058,2024,control
fomc_20240501_statement_pseudo120,ES.v.0,1.0,73.0,2024,pseudo
fomc_20240501_statement,ES.v.0,1.0,73.0,2024,event
placebo_20240508_1400,ES.v.0,1.0,73.0,2024,control
placebo_20240605_1400,ES.v.0,1.0,72.86000000000058,2024,control
fomc_20240612_statement_pseudo120,ES.v.0,1.0,73.0,2024,pseudo
fomc_20240612_statement,ES.v.0,1.0,72.86000000000058,2024,event
placebo_20240626_1400,ES.v.0,1.0,72.86000000000058,2024,control
placebo_20240724_1400,ES.v.0,1.0,73.0,2024,control
fomc_20240731_statement_pseudo120,ES.v.0,1.0,73.0,2024,pseudo
fomc_20240731_statement,ES.v.0,1.0,73.0,2024,event
placebo_20240807_1400,ES.v.0,1.0,73.0,2024,control
placebo_20240911_1400,ES.v.0,1.0,66.0,2024,control
fomc_20240918_statement_pseudo120,ES.v.0,1.0,66.0,2024,pseudo
fomc_20240918_statement,ES.v.0,1.0,66.0,2024,event
placebo_20240925_1400,ES.v.0,1.0,66.0,2024,control
placebo_20241031_1400,ES.v.0,1.0,65.0,2024,control
fomc_20241107_statement_pseudo120,ES.v.0,1.0,55.0,2024,pseudo
fomc_20241107_statement,ES.v.0,1.0,53.86000000000058,2024,event
placebo_20241120_1400,ES.v.0,1.0,53.86000000000058,2024,control
placebo_20241121_1400,ES.v.0,1.0,53.0,2024,control
placebo_20241127_1400,ES.v.0,1.0,54.0,2024,control
fomc_20241218_statement_pseudo120,ES.v.0,1.0,55.86000000000058,2024,pseudo
fomc_20241218_statement,ES.v.0,1.0,55.850000000000364,2024,event
placebo_20250122_1400,ES.v.0,1.0,54.0,2025,control
fomc_20250129_statement_pseudo120,ES.v.0,1.0,55.0,2025,pseudo
fomc_20250129_statement,ES.v.0,1.0,55.0,2025,event
placebo_20250205_1400,ES.v.0,1.0,55.0,2025,control
placebo_20250226_1400,ES.v.0,1.0,53.0,2025,control
fomc_20250319_statement_pseudo120,ES.v.0,1.0,57.0,2025,pseudo
fomc_20250319_statement,ES.v.0,2.0,57.0,2025,event
placebo_20250326_1400,ES.v.0,2.0,57.0,2025,control
placebo_20250430_1400,ES.v.0,1.5,57.0,2025,control
fomc_20250507_statement_pseudo120,ES.v.0,1.5,57.0,2025,pseudo
fomc_20250507_statement,ES.v.0,2.0,63.86000000000058,2025,event
placebo_20250514_1400,ES.v.0,2.0,63.86000000000058,2025,control
placebo_20250521_1400,ES.v.0,2.0,64.0,2025,control
fomc_20250618_statement_pseudo120,ES.v.0,2.0,69.86000000000058,2025,pseudo
fomc_20250618_statement,ES.v.0,2.0,69.86000000000058,2025,event
placebo_20250625_1400,ES.v.0,2.0,69.86000000000058,2025,control
placebo_20250723_1400,ES.v.0,2.0,71.0,2025,control
fomc_20250730_statement_pseudo120,ES.v.0,2.0,70.0,2025,pseudo
fomc_20250730_statement,ES.v.0,2.0,65.0,2025,event
placebo_20250806_1400,ES.v.0,2.0,65.0,2025,control
placebo_20250910_1400,ES.v.0,2.0,62.0,2025,control
fomc_20250917_statement_pseudo120,ES.v.0,2.0,62.0,2025,pseudo
fomc_20250917_statement,ES.v.0,2.0,62.0,2025,event
placebo_20250924_1400,ES.v.0,2.0,62.0,2025,control
placebo_20251022_1400,ES.v.0,2.0,70.86000000000058,2025,control
fomc_20251029_statement_pseudo120,ES.v.0,2.0,71.0,2025,pseudo
fomc_20251029_statement,ES.v.0,2.0,71.0,2025,event
placebo_20251105_1400,ES.v.0,2.0,71.0,2025,control
placebo_20251203_1400,ES.v.0,2.0,71.0,2025,control
fomc_20251210_statement_pseudo120,ES.v.0,2.0,75.58000000000175,2025,pseudo
fomc_20251210_statement,ES.v.0,2.0,69.0,2025,event
placebo_20251217_1400,ES.v.0,2.0,69.0,2025,control
placebo_20260121_1400,ES.v.0,2.0,70.0,2026,control
fomc_20260128_statement_pseudo120,ES.v.0,2.0,72.0,2026,pseudo
fomc_20260128_statement,ES.v.0,2.0,72.86000000000058,2026,event
placebo_20260204_1400,ES.v.0,2.0,72.86000000000058,2026,control
fomc_20260318_statement_pseudo120,ES.v.0,2.0,77.0,2026,pseudo
fomc_20260318_statement,ES.v.0,2.0,77.0,2026,event
placebo_20260325_1400,ES.v.0,2.0,79.0,2026,control
placebo_20260422_1400,ES.v.0,2.0,79.0,2026,control
fomc_20260429_statement_pseudo120,ES.v.0,2.0,79.0,2026,pseudo
fomc_20260429_statement,ES.v.0,2.0,72.0,2026,event
placebo_20260506_1400,ES.v.0,2.0,78.86999999999989,2026,control
fomc_20260617_statement_pseudo120,ES.v.0,2.0,80.72000000000116,2026,pseudo
fomc_20260617_statement,ES.v.0,2.0,69.0,2026,event
placebo_20260624_1400,ES.v.0,2.0,68.0,2026,control
placebo_20260722_1400,ES.v.0,2.0,69.0,2026,control
fomc_20260729_statement_pseudo120,ES.v.0,2.0,68.0,2026,pseudo
fomc_20260729_statement,ES.v.0,2.0,71.86000000000058,2026,event
placebo_20260805_1400,ES.v.0,2.0,67.86999999999989,2026,control
placebo_20260909_1400,ES.v.0,2.0,69.0,2026,control
fomc_20260916_statement_pseudo120,ES.v.0,2.0,81.0,2026,pseudo
fomc_20260916_statement,ES.v.0,2.0,77.86000000000058,2026,event
placebo_20260923_1400,ES.v.0,2.0,67.0,2026,control
macro_20150403_0830_pseudo120,ES.v.0,1.0,17.899999999999636,2015,pseudo
macro_20150403_0830,ES.v.0,1.0,18.799999999999272,2015,event
macro_20150414_0830_pseudo120,ES.v.0,1.0,18.799999999999272,2015,pseudo
macro_20150414_0830,ES.v.0,1.0,18.799999999999272,2015,event
macro_20150417_0830_pseudo120,ES.v.0,1.0,18.799999999999272,2015,pseudo
macro_20150417_0830,ES.v.0,1.0,20.0,2015,event
macro_placebo_20150424_0830,ES.v.0,1.0,20.0,2015,control
macro_20150508_0830_pseudo120,ES.v.0,1.0,22.0,2015,pseudo
macro_20150508_0830,ES.v.0,1.0,20.0,2015,event
macro_20150514_0830_pseudo120,ES.v.0,1.0,20.0,2015,pseudo
macro_20150514_0830,ES.v.0,1.0,20.0,2015,event
macro_20150522_0830_pseudo120,ES.v.0,1.0,20.0,2015,pseudo
macro_20150522_0830,ES.v.0,1.0,18.0,2015,event
macro_placebo_20150529_0830,ES.v.0,1.0,18.0,2015,control
macro_20150605_0830_pseudo120,ES.v.0,1.0,16.0,2015,pseudo
macro_20150605_0830,ES.v.0,1.0,17.0,2015,event
macro_20150612_0830_pseudo120,ES.v.0,1.0,17.0,2015,pseudo
macro_20150612_0830,ES.v.0,1.0,17.0,2015,event
macro_20150618_0830_pseudo120,ES.v.0,1.0,18.0,2015,pseudo
macro_20150618_0830,ES.v.0,1.0,19.890000000000327,2015,event
macro_20150702_0830_pseudo120,ES.v.0,1.0,18.0,2015,pseudo
macro_20150702_0830,ES.v.0,1.0,18.0,2015,event
macro_20150715_0830_pseudo120,ES.v.0,1.0,18.0,2015,pseudo
macro_20150715_0830,ES.v.0,1.0,20.0,2015,event
macro_20150717_0830_pseudo120,ES.v.0,1.0,20.0,2015,pseudo
macro_20150717_0830,ES.v.0,1.0,18.0,2015,event
macro_placebo_20150724_0830,ES.v.0,1.0,18.0,2015,control
macro_20150807_0830_pseudo120,ES.v.0,1.0,16.0,2015,pseudo
macro_20150807_0830,ES.v.0,1.0,15.0,2015,event
macro_20150814_0830_pseudo120,ES.v.0,1.0,15.0,2015,pseudo
macro_20150814_0830,ES.v.0,1.0,15.0,2015,event
macro_20150819_0830_pseudo120,ES.v.0,1.0,15.0,2015,pseudo
macro_20150819_0830,ES.v.0,1.0,15.0,2015,event
macro_placebo_20150826_0830,ES.v.0,1.0,15.0,2015,control
macro_20150904_0830_pseudo120,ES.v.0,1.0,19.0,2015,pseudo
macro_20150904_0830,ES.v.0,1.0,35.0,2015,event
macro_20150911_0830_pseudo120,ES.v.0,1.0,35.0,2015,pseudo
macro_20150911_0830,ES.v.0,1.0,35.0,2015,event
macro_20150916_0830_pseudo120,ES.v.0,1.0,35.0,2015,pseudo
macro_20150916_0830,ES.v.0,1.0,27.0,2015,event
macro_placebo_20150923_0830,ES.v.0,1.0,27.0,2015,control
macro_20151002_0830_pseudo120,ES.v.0,1.0,27.899999999999636,2015,pseudo
macro_20151002_0830,ES.v.0,1.0,27.0,2015,event
macro_20151014_0830_pseudo120,ES.v.0,1.0,26.899999999999636,2015,pseudo
macro_20151014_0830,ES.v.0,1.0,24.780000000000655,2015,event
macro_20151015_0830_pseudo120,ES.v.0,1.0,26.899999999999636,2015,pseudo
macro_20151015_0830,ES.v.0,1.0,26.890000000000327,2015,event
macro_20151106_0830_pseudo120,ES.v.0,1.0,26.899999999999636,2015,pseudo
macro_20151106_0830,ES.v.0,1.0,27.0,2015,event
macro_20151113_0830_pseudo120,ES.v.0,1.0,27.0,2015,pseudo
macro_20151113_0830,ES.v.0,1.0,27.0,2015,event
macro_20151117_0830_pseudo120,ES.v.0,1.0,27.0,2015,pseudo
macro_20151117_0830,ES.v.0,1.0,27.899999999999636,2015,event
macro_placebo_20151124_0830,ES.v.0,1.0,27.899999999999636,2015,control
macro_20151204_0830_pseudo120,ES.v.0,1.0,30.0,2015,pseudo
macro_20151204_0830,ES.v.0,1.0,12.0,2015,event
macro_20151211_0830_pseudo120,ES.v.0,1.0,14.0,2015,pseudo
macro_20151211_0830,ES.v.0,1.0,24.0,2015,event
macro_20151215_0830_pseudo120,ES.v.0,1.0,24.0,2015,pseudo
macro_20151215_0830,ES.v.0,1.0,29.0,2015,event
macro_placebo_20151222_0830,ES.v.0,1.0,29.0,2015,control
macro_20160108_0830_pseudo120,ES.v.0,1.0,27.0,2016,pseudo
macro_20160108_0830,ES.v.0,1.0,31.0,2016,event
macro_20160115_0830_pseudo120,ES.v.0,1.0,31.0,2016,pseudo
macro_20160115_0830,ES.v.0,1.0,31.0,2016,event
macro_20160120_0830_pseudo120,ES.v.0,1.0,31.0,2016,pseudo
macro_20160120_0830,ES.v.0,1.0,31.0,2016,event
macro_placebo_20160127_0830,ES.v.0,1.0,31.0,2016,control
macro_20160205_0830_pseudo120,ES.v.0,1.0,29.0,2016,pseudo
macro_20160205_0830,ES.v.0,1.0,30.0,2016,event
macro_20160217_0830_pseudo120,ES.v.0,1.0,31.0,2016,pseudo
macro_20160217_0830,ES.v.0,1.0,30.0,2016,event
macro_20160219_0830_pseudo120,ES.v.0,1.0,29.0,2016,pseudo
macro_20160219_0830,ES.v.0,1.0,29.0,2016,event
macro_placebo_20160226_0830,ES.v.0,1.0,24.0,2016,control
macro_20160304_0830_pseudo120,ES.v.0,1.0,55.0,2016,pseudo
macro_20160304_0830,ES.v.0,1.0,55.0,2016,event
macro_20160315_0830_pseudo120,ES.v.0,1.0,55.0,2016,pseudo
macro_20160315_0830,ES.v.0,1.0,57.0,2016,event
macro_20160316_0830_pseudo120,ES.v.0,1.0,55.899999999999636,2016,pseudo
macro_20160316_0830,ES.v.0,1.0,52.0,2016,event
macro_placebo_20160323_0830,ES.v.0,1.0,55.899999999999636,2016,control
macro_20160401_0830_pseudo120,ES.v.0,1.0,51.0,2016,pseudo
macro_20160401_0830,ES.v.0,1.0,51.0,2016,event
macro_20160413_0830_pseudo120,ES.v.0,1.0,51.899999999999636,2016,pseudo
macro_20160413_0830,ES.v.0,1.0,51.0,2016,event
macro_20160414_0830_pseudo120,ES.v.0,1.0,51.899999999999636,2016,pseudo
macro_20160414_0830,ES.v.0,1.0,51.0,2016,event
macro_20160506_0830_pseudo120,ES.v.0,1.0,51.899999999999636,2016,pseudo
macro_20160506_0830,ES.v.0,1.0,54.69999999999891,2016,event
macro_20160513_0830_pseudo120,ES.v.0,1.0,54.69999999999891,2016,pseudo
macro_20160513_0830,ES.v.0,1.0,54.69999999999891,2016,event
macro_20160517_0830_pseudo120,ES.v.0,1.0,54.69999999999891,2016,pseudo
macro_20160517_0830,ES.v.0,1.0,56.0,2016,event
macro_placebo_20160524_0830,ES.v.0,1.0,56.0,2016,control
macro_20160603_0830_pseudo120,ES.v.0,1.0,31.0,2016,pseudo
macro_20160603_0830,ES.v.0,1.0,28.0,2016,event
macro_20160615_0830_pseudo120,ES.v.0,1.0,28.0,2016,pseudo
macro_20160615_0830,ES.v.0,1.0,27.0,2016,event
macro_20160616_0830_pseudo120,ES.v.0,1.0,27.0,2016,pseudo
macro_20160616_0830,ES.v.0,1.0,28.0,2016,event
macro_20160708_0830_pseudo120,ES.v.0,1.0,28.0,2016,pseudo
macro_20160708_0830,ES.v.0,1.0,28.0,2016,event
macro_20160714_0830_pseudo120,ES.v.0,1.0,28.0,2016,pseudo
macro_20160714_0830,ES.v.0,1.0,28.0,2016,event
macro_20160715_0830_pseudo120,ES.v.0,1.0,28.0,2016,pseudo
macro_20160715_0830,ES.v.0,1.0,40.0,2016,event
macro_placebo_20160722_0830,ES.v.0,1.0,40.0,2016,control
macro_20160805_0830_pseudo120,ES.v.0,1.0,40.0,2016,pseudo
macro_20160805_0830,ES.v.0,1.0,40.0,2016,event
macro_20160812_0830_pseudo120,ES.v.0,1.0,40.0,2016,pseudo
macro_20160812_0830,ES.v.0,1.0,41.0,2016,event
macro_20160816_0830_pseudo120,ES.v.0,1.0,41.0,2016,pseudo
macro_20160816_0830,ES.v.0,1.0,40.0,2016,event
macro_placebo_20160823_0830,ES.v.0,1.0,40.0,2016,control
macro_20160902_0830_pseudo120,ES.v.0,1.0,41.0,2016,pseudo
macro_20160902_0830,ES.v.0,1.0,41.0,2016,event
macro_20160915_0830_pseudo120,ES.v.0,1.0,41.0,2016,pseudo
macro_20160915_0830,ES.v.0,1.0,40.899999999999636,2016,event
macro_20160916_0830_pseudo120,ES.v.0,1.0,40.899999999999636,2016,pseudo
macro_20160916_0830,ES.v.0,1.0,34.79999999999927,2016,event
macro_placebo_20160923_0830,ES.v.0,1.0,34.79999999999927,2016,control
macro_20161007_0830_pseudo120,ES.v.0,1.0,58.0,2016,pseudo
macro_20161007_0830,ES.v.0,1.0,58.0,2016,event
macro_20161014_0830_pseudo120,ES.v.0,1.0,58.0,2016,pseudo
macro_20161014_0830,ES.v.0,1.0,56.0,2016,event
macro_20161018_0830_pseudo120,ES.v.0,1.0,44.599999999998545,2016,pseudo
macro_20161018_0830,ES.v.0,1.0,34.67000000000098,2016,event
macro_placebo_20161025_0830,ES.v.0,1.0,34.599999999998545,2016,control
macro_20161104_0830_pseudo120,ES.v.0,1.0,27.899999999999636,2016,pseudo
macro_20161104_0830,ES.v.0,1.0,27.890000000000327,2016,event
macro_20161116_0830_pseudo120,ES.v.0,1.0,27.899999999999636,2016,pseudo
macro_20161116_0830,ES.v.0,1.0,27.890000000000327,2016,event
macro_20161117_0830_pseudo120,ES.v.0,1.0,30.0,2016,pseudo
macro_20161117_0830,ES.v.0,1.0,27.890000000000327,2016,event
macro_20161202_0830_pseudo120,ES.v.0,1.0,26.0,2016,pseudo
macro_20161202_0830,ES.v.0,1.0,21.899999999999636,2016,event
macro_20161214_0830_pseudo120,ES.v.0,1.0,21.899999999999636,2016,pseudo
macro_20161214_0830,ES.v.0,1.0,20.0,2016,event
macro_20161215_0830_pseudo120,ES.v.0,1.0,20.0,2016,pseudo
macro_20161215_0830,ES.v.0,1.0,14.0,2016,event
macro_20170106_0830_pseudo120,ES.v.0,1.0,14.0,2017,pseudo
macro_20170106_0830,ES.v.0,1.0,9.799999999999272,2017,event
macro_20170113_0830_pseudo120,ES.v.0,1.0,7.729999999999563,2017,pseudo
macro_20170113_0830,ES.v.0,1.0,5.0,2017,event
macro_20170118_0830_pseudo120,ES.v.0,1.0,4.0,2017,pseudo
macro_20170118_0830,ES.v.0,1.0,5.0,2017,event
macro_placebo_20170125_0830,ES.v.0,1.0,5.0,2017,control
macro_20170203_0830_pseudo120,ES.v.0,1.0,6.799999999999272,2017,pseudo
macro_20170203_0830,ES.v.0,1.0,8.0,2017,event
macro_20170214_0830_pseudo120,ES.v.0,1.0,8.0,2017,pseudo
macro_20170214_0830,ES.v.0,1.0,8.0,2017,event
macro_20170215_0830_pseudo120,ES.v.0,1.0,7.0,2017,pseudo
macro_20170215_0830,ES.v.0,1.0,7.899999999999636,2017,event
macro_placebo_20170222_0830,ES.v.0,1.0,8.0,2017,control
macro_20170310_0830_pseudo120,ES.v.0,1.0,8.0,2017,pseudo
macro_20170310_0830,ES.v.0,1.0,7.899999999999636,2017,event
macro_20170314_0830_pseudo120,ES.v.0,1.0,7.899999999999636,2017,pseudo
macro_20170314_0830,ES.v.0,1.0,8.0,2017,event
macro_20170315_0830_pseudo120,ES.v.0,1.0,8.0,2017,pseudo
macro_20170315_0830,ES.v.0,1.0,8.0,2017,event
macro_placebo_20170322_0830,ES.v.0,1.0,8.0,2017,control
macro_20170407_0830_pseudo120,ES.v.0,1.0,8.0,2017,pseudo
macro_20170407_0830,ES.v.0,1.0,8.0,2017,event
macro_20170413_0830_pseudo120,ES.v.0,1.0,10.0,2017,pseudo
macro_20170413_0830,ES.v.0,1.0,10.0,2017,event
macro_placebo_20170421_0830,ES.v.0,1.0,10.0,2017,control
macro_20170505_0830_pseudo120,ES.v.0,1.0,10.0,2017,pseudo
macro_20170505_0830,ES.v.0,1.0,8.0,2017,event
macro_20170511_0830_pseudo120,ES.v.0,1.0,6.0,2017,pseudo
macro_20170511_0830,ES.v.0,1.0,7.0,2017,event
macro_20170512_0830_pseudo120,ES.v.0,1.0,7.0,2017,pseudo
macro_20170512_0830,ES.v.0,1.0,7.0,2017,event
macro_placebo_20170519_0830,ES.v.0,1.0,7.0,2017,control
macro_20170602_0830_pseudo120,ES.v.0,1.0,10.0,2017,pseudo
macro_20170602_0830,ES.v.0,1.0,15.0,2017,event
macro_20170613_0830_pseudo120,ES.v.0,1.0,20.0,2017,pseudo
macro_20170613_0830,ES.v.0,1.0,15.0,2017,event
macro_20170614_0830_pseudo120,ES.v.0,1.0,15.0,2017,pseudo
macro_20170614_0830,ES.v.0,1.0,21.0,2017,event
macro_placebo_20170621_0830,ES.v.0,1.0,23.0,2017,control
macro_20170707_0830_pseudo120,ES.v.0,1.0,29.0,2017,pseudo
macro_20170707_0830,ES.v.0,1.0,29.0,2017,event
macro_20170713_0830_pseudo120,ES.v.0,1.0,29.0,2017,pseudo
macro_20170713_0830,ES.v.0,1.0,29.0,2017,event
macro_20170714_0830_pseudo120,ES.v.0,1.0,29.0,2017,pseudo
macro_20170714_0830,ES.v.0,1.0,29.0,2017,event
macro_placebo_20170721_0830,ES.v.0,1.0,31.0,2017,control
macro_20170804_0830_pseudo120,ES.v.0,1.0,38.0,2017,pseudo
macro_20170804_0830,ES.v.0,1.0,31.0,2017,event
macro_20170810_0830_pseudo120,ES.v.0,1.0,38.0,2017,pseudo
macro_20170810_0830,ES.v.0,1.0,30.0,2017,event
macro_20170811_0830_pseudo120,ES.v.0,1.0,30.0,2017,pseudo
macro_20170811_0830,ES.v.0,1.0,38.0,2017,event
macro_placebo_20170818_0830,ES.v.0,1.0,30.0,2017,control
macro_20170901_0830_pseudo120,ES.v.0,1.0,30.0,2017,pseudo
macro_20170901_0830,ES.v.0,1.0,30.0,2017,event
macro_20170913_0830_pseudo120,ES.v.0,1.0,32.899999999999636,2017,pseudo
macro_20170913_0830,ES.v.0,1.0,30.0,2017,event
macro_20170914_0830_pseudo120,ES.v.0,1.0,30.0,2017,pseudo
macro_20170914_0830,ES.v.0,1.0,30.0,2017,event
macro_20171006_0830_pseudo120,ES.v.0,1.0,27.0,2017,pseudo
macro_20171006_0830,ES.v.0,1.0,27.0,2017,event
macro_20171012_0830_pseudo120,ES.v.0,1.0,27.0,2017,pseudo
macro_20171012_0830,ES.v.0,1.0,27.0,2017,event
macro_20171013_0830_pseudo120,ES.v.0,1.0,27.0,2017,pseudo
macro_20171013_0830,ES.v.0,1.0,27.0,2017,event
macro_placebo_20171020_0830,ES.v.0,1.0,27.0,2017,control
macro_20171103_0830_pseudo120,ES.v.0,1.0,27.0,2017,pseudo
macro_20171103_0830,ES.v.0,1.0,27.0,2017,event
macro_placebo_20171108_0830,ES.v.0,1.0,27.0,2017,control
macro_20171114_0830_pseudo120,ES.v.0,1.0,37.0,2017,pseudo
macro_20171114_0830,ES.v.0,1.0,33.89000000000033,2017,event
macro_20171115_0830_pseudo120,ES.v.0,1.0,31.0,2017,pseudo
macro_20171115_0830,ES.v.0,1.0,31.0,2017,event
macro_20171208_0830_pseudo120,ES.v.0,1.0,31.0,2017,pseudo
macro_20171208_0830,ES.v.0,1.0,32.79999999999927,2017,event
macro_20171212_0830_pseudo120,ES.v.0,1.0,32.79999999999927,2017,pseudo
macro_20171212_0830,ES.v.0,1.0,32.79999999999927,2017,event
macro_20171213_0830_pseudo120,ES.v.0,1.0,32.79999999999927,2017,pseudo
macro_20171213_0830,ES.v.0,1.0,32.79999999999927,2017,event
macro_placebo_20171220_0830,ES.v.0,1.0,32.79999999999927,2017,control
macro_20180105_0830_pseudo120,ES.v.0,1.0,28.0,2018,pseudo
macro_20180105_0830,ES.v.0,1.0,28.0,2018,event
macro_20180111_0830_pseudo120,ES.v.0,1.0,28.0,2018,pseudo
macro_20180111_0830,ES.v.0,1.0,26.0,2018,event
macro_20180112_0830_pseudo120,ES.v.0,1.0,28.0,2018,pseudo
macro_20180112_0830,ES.v.0,1.0,39.780000000000655,2018,event
macro_placebo_20180119_0830,ES.v.0,1.0,35.39999999999782,2018,control
macro_20180202_0830_pseudo120,ES.v.0,1.0,41.0,2018,pseudo
macro_20180202_0830,ES.v.0,1.0,36.0,2018,event
macro_20180214_0830_pseudo120,ES.v.0,1.0,15.899999999999636,2018,pseudo
macro_20180214_0830,ES.v.0,1.0,29.0,2018,event
macro_20180215_0830_pseudo120,ES.v.0,1.0,29.0,2018,pseudo
macro_20180215_0830,ES.v.0,1.0,17.899999999999636,2018,event
macro_placebo_20180221_0830,ES.v.0,1.0,17.899999999999636,2018,control
macro_20180309_0830_pseudo120,ES.v.0,1.0,12.0,2018,pseudo
macro_20180309_0830,ES.v.0,1.0,13.0,2018,event
macro_20180313_0830_pseudo120,ES.v.0,1.0,14.899999999999636,2018,pseudo
macro_20180313_0830,ES.v.0,1.0,13.0,2018,event
macro_20180314_0830_pseudo120,ES.v.0,1.0,14.899999999999636,2018,pseudo
macro_20180314_0830,ES.v.0,1.0,14.890000000000327,2018,event
macro_placebo_20180320_0830,ES.v.0,1.0,23.899999999999636,2018,control
macro_20180406_0830_pseudo120,ES.v.0,1.0,23.899999999999636,2018,pseudo
macro_20180406_0830,ES.v.0,1.0,28.450000000001637,2018,event
macro_20180410_0830_pseudo120,ES.v.0,1.0,36.0,2018,pseudo
macro_20180410_0830,ES.v.0,1.0,30.0,2018,event
macro_20180411_0830_pseudo120,ES.v.0,1.0,23.899999999999636,2018,pseudo
macro_20180411_0830,ES.v.0,1.0,23.890000000000327,2018,event
macro_placebo_20180418_0830,ES.v.0,1.0,23.899999999999636,2018,control
macro_20180504_0830_pseudo120,ES.v.0,1.0,24.0,2018,pseudo
macro_20180504_0830,ES.v.0,1.0,23.890000000000327,2018,event
macro_20180509_0830_pseudo120,ES.v.0,1.0,23.0,2018,pseudo
macro_20180509_0830,ES.v.0,1.0,20.0,2018,event
macro_20180510_0830_pseudo120,ES.v.0,1.0,23.0,2018,pseudo
macro_20180510_0830,ES.v.0,1.0,24.0,2018,event
macro_20180601_0830_pseudo120,ES.v.0,1.0,28.69999999999891,2018,pseudo
macro_20180601_0830,ES.v.0,1.0,28.69999999999891,2018,event
macro_20180612_0830_pseudo120,ES.v.0,1.0,28.69999999999891,2018,pseudo
macro_20180612_0830,ES.v.0,1.0,28.69999999999891,2018,event
macro_20180613_0830_pseudo120,ES.v.0,1.0,25.799999999999272,2018,pseudo
macro_20180613_0830,ES.v.0,1.0,25.799999999999272,2018,event
macro_placebo_20180619_0830,ES.v.0,1.0,25.799999999999272,2018,control
macro_20180706_0830_pseudo120,ES.v.0,1.0,33.79999999999927,2018,pseudo
macro_20180706_0830,ES.v.0,1.0,30.0,2018,event
macro_20180711_0830_pseudo120,ES.v.0,1.0,30.0,2018,pseudo
macro_20180711_0830,ES.v.0,1.0,30.0,2018,event
macro_20180712_0830_pseudo120,ES.v.0,1.0,30.0,2018,pseudo
macro_20180712_0830,ES.v.0,1.0,30.0,2018,event
macro_20180803_0830_pseudo120,ES.v.0,1.0,30.0,2018,pseudo
macro_20180803_0830,ES.v.0,1.0,25.0,2018,event
macro_20180809_0830_pseudo120,ES.v.0,1.0,27.0,2018,pseudo
macro_20180809_0830,ES.v.0,1.0,27.0,2018,event
macro_20180810_0830_pseudo120,ES.v.0,1.0,30.0,2018,pseudo
macro_20180810_0830,ES.v.0,1.0,32.0,2018,event
macro_placebo_20180817_0830,ES.v.0,1.0,26.81999999999971,2018,control
macro_20180907_0830_pseudo120,ES.v.0,1.0,27.0,2018,pseudo
macro_20180907_0830,ES.v.0,1.0,30.0,2018,event
macro_20180912_0830_pseudo120,ES.v.0,1.0,30.0,2018,pseudo
macro_20180912_0830,ES.v.0,1.0,30.0,2018,event
macro_20180913_0830_pseudo120,ES.v.0,1.0,30.0,2018,pseudo
macro_20180913_0830,ES.v.0,1.0,27.0,2018,event
macro_20181005_0830_pseudo120,ES.v.0,1.0,27.0,2018,pseudo
macro_20181005_0830,ES.v.0,1.0,22.0,2018,event
macro_20181010_0830_pseudo120,ES.v.0,1.0,22.0,2018,pseudo
macro_20181010_0830,ES.v.0,1.0,21.0,2018,event
macro_20181011_0830_pseudo120,ES.v.0,1.0,21.0,2018,pseudo
macro_20181011_0830,ES.v.0,1.0,29.0,2018,event
macro_20181102_0830_pseudo120,ES.v.0,1.0,30.0,2018,pseudo
macro_20181102_0830,ES.v.0,1.0,29.0,2018,event
macro_placebo_20181107_0830,ES.v.0,1.0,30.0,2018,control
macro_20181109_0830_pseudo120,ES.v.0,1.0,31.0,2018,pseudo
macro_20181109_0830,ES.v.0,1.0,30.0,2018,event
macro_20181114_0830_pseudo120,ES.v.0,1.0,30.0,2018,pseudo
macro_20181114_0830,ES.v.0,1.0,32.79999999999927,2018,event
macro_20181207_0830_pseudo120,ES.v.0,1.0,32.79999999999927,2018,pseudo
macro_20181207_0830,ES.v.0,1.0,40.899999999999636,2018,event
macro_20181211_0830_pseudo120,ES.v.0,1.0,40.909999999999854,2018,pseudo
macro_20181211_0830,ES.v.0,1.0,38.899999999999636,2018,event
macro_20181212_0830_pseudo120,ES.v.0,1.0,40.909999999999854,2018,pseudo
macro_20181212_0830,ES.v.0,1.0,38.899999999999636,2018,event
macro_placebo_20181219_0830,ES.v.0,1.0,40.909999999999854,2018,control
macro_20190104_0830_pseudo120,ES.v.0,1.0,38.899999999999636,2019,pseudo
macro_20190104_0830,ES.v.0,1.0,38.899999999999636,2019,event
macro_20190111_0830_pseudo120,ES.v.0,1.0,38.899999999999636,2019,pseudo
macro_20190111_0830,ES.v.0,1.0,38.899999999999636,2019,event
macro_20190115_0830_pseudo120,ES.v.0,1.0,37.899999999999636,2019,pseudo
macro_20190115_0830,ES.v.0,1.0,30.0,2019,event
macro_placebo_20190118_0830,ES.v.0,1.0,30.0,2019,control
macro_20190201_0830_pseudo120,ES.v.0,1.0,33.0,2019,pseudo
macro_20190201_0830,ES.v.0,1.0,32.67000000000098,2019,event
macro_20190213_0830_pseudo120,ES.v.0,1.0,32.0,2019,pseudo
macro_20190213_0830,ES.v.0,1.0,32.0,2019,event
macro_20190214_0830_pseudo120,ES.v.0,1.0,32.0,2019,pseudo
macro_20190214_0830,ES.v.0,1.0,25.0,2019,event
macro_placebo_20190220_0830,ES.v.0,1.0,25.0,2019,control
macro_20190308_0830_pseudo120,ES.v.0,1.0,18.0,2019,pseudo
macro_20190308_0830,ES.v.0,1.0,16.0,2019,event
macro_20190312_0830_pseudo120,ES.v.0,1.0,16.0,2019,pseudo
macro_20190312_0830,ES.v.0,1.0,16.0,2019,event
macro_20190313_0830_pseudo120,ES.v.0,1.0,17.899999999999636,2019,pseudo
macro_20190313_0830,ES.v.0,1.0,16.0,2019,event
macro_placebo_20190319_0830,ES.v.0,1.0,15.0,2019,control
macro_20190405_0830_pseudo120,ES.v.0,1.0,19.0,2019,pseudo
macro_20190405_0830,ES.v.0,1.0,19.0,2019,event
macro_20190410_0830_pseudo120,ES.v.0,1.0,19.0,2019,pseudo
macro_20190410_0830,ES.v.0,1.0,20.890000000000327,2019,event
macro_20190411_0830_pseudo120,ES.v.0,1.0,20.899999999999636,2019,pseudo
macro_20190411_0830,ES.v.0,1.0,19.0,2019,event
macro_placebo_20190417_0830,ES.v.0,1.0,19.0,2019,control
macro_20190503_0830_pseudo120,ES.v.0,1.0,16.899999999999636,2019,pseudo
macro_20190503_0830,ES.v.0,1.0,13.0,2019,event
macro_20190509_0830_pseudo120,ES.v.0,1.0,16.899999999999636,2019,pseudo
macro_20190509_0830,ES.v.0,1.0,22.780000000000655,2019,event
macro_20190510_0830_pseudo120,ES.v.0,1.0,26.799999999999272,2019,pseudo
macro_20190510_0830,ES.v.0,1.0,33.23000000000229,2019,event
macro_placebo_20190517_0830,ES.v.0,1.0,36.0,2019,control
macro_20190607_0830_pseudo120,ES.v.0,1.0,43.0,2019,pseudo
macro_20190607_0830,ES.v.0,1.0,37.89000000000033,2019,event
macro_20190611_0830_pseudo120,ES.v.0,1.0,50.0,2019,pseudo
macro_20190611_0830,ES.v.0,1.0,49.0,2019,event
macro_20190612_0830_pseudo120,ES.v.0,1.0,50.0,2019,pseudo
macro_20190612_0830,ES.v.0,1.0,49.0,2019,event
macro_placebo_20190619_0830,ES.v.0,1.0,36.0,2019,control
macro_20190705_0830_pseudo120,ES.v.0,1.0,34.0,2019,pseudo
macro_20190705_0830,ES.v.0,1.0,34.0,2019,event
macro_20190711_0830_pseudo120,ES.v.0,1.0,35.79999999999927,2019,pseudo
macro_20190711_0830,ES.v.0,1.0,36.0,2019,event
macro_20190712_0830_pseudo120,ES.v.0,1.0,37.899999999999636,2019,pseudo
macro_20190712_0830,ES.v.0,1.0,36.0,2019,event
macro_20190802_0830_pseudo120,ES.v.0,1.0,37.899999999999636,2019,pseudo
macro_20190802_0830,ES.v.0,1.0,36.0,2019,event
macro_20190809_0830_pseudo120,ES.v.0,1.0,36.0,2019,pseudo
macro_20190809_0830,ES.v.0,1.0,25.899999999999636,2019,event
macro_20190813_0830_pseudo120,ES.v.0,1.0,25.899999999999636,2019,pseudo
macro_20190813_0830,ES.v.0,1.0,24.899999999999636,2019,event
macro_placebo_20190820_0830,ES.v.0,1.0,24.899999999999636,2019,control
macro_20190906_0830_pseudo120,ES.v.0,1.0,19.899999999999636,2019,pseudo
macro_20190906_0830,ES.v.0,1.0,25.0,2019,event
macro_20190911_0830_pseudo120,ES.v.0,1.0,20.0,2019,pseudo
macro_20190911_0830,ES.v.0,1.0,24.0,2019,event
macro_20190912_0830_pseudo120,ES.v.0,1.0,24.0,2019,pseudo
macro_20190912_0830,ES.v.0,1.0,25.0,2019,event
macro_20191004_0830_pseudo120,ES.v.0,1.0,25.0,2019,pseudo
macro_20191004_0830,ES.v.0,1.0,24.0,2019,event
macro_20191008_0830_pseudo120,ES.v.0,1.0,23.639999999999418,2019,pseudo
macro_20191008_0830,ES.v.0,1.0,23.599999999998545,2019,event
macro_20191010_0830_pseudo120,ES.v.0,1.0,20.0,2019,pseudo
macro_20191010_0830,ES.v.0,1.0,20.0,2019,event
macro_20191101_0830_pseudo120,ES.v.0,1.0,20.0,2019,pseudo
macro_20191101_0830,ES.v.0,1.0,24.0,2019,event
macro_20191113_0830_pseudo120,ES.v.0,1.0,25.0,2019,pseudo
macro_20191113_0830,ES.v.0,1.0,24.0,2019,event
macro_20191114_0830_pseudo120,ES.v.0,1.0,24.0,2019,pseudo
macro_20191114_0830,ES.v.0,1.0,25.0,2019,event
macro_placebo_20191120_0830,ES.v.0,1.0,25.0,2019,control
macro_20191206_0830_pseudo120,ES.v.0,1.0,26.0,2019,pseudo
macro_20191206_0830,ES.v.0,1.0,26.0,2019,event
macro_20191211_0830_pseudo120,ES.v.0,1.0,22.909999999999854,2019,pseudo
macro_20191211_0830,ES.v.0,1.0,20.899999999999636,2019,event
macro_20191212_0830_pseudo120,ES.v.0,1.0,20.0,2019,pseudo
macro_20191212_0830,ES.v.0,1.0,22.0,2019,event
macro_placebo_20191218_0830,ES.v.0,1.0,22.0,2019,control
macro_20200110_0830_pseudo120,ES.v.0,1.0,22.0,2020,pseudo
macro_20200110_0830,ES.v.0,1.0,26.0,2020,event
macro_20200114_0830_pseudo120,ES.v.0,1.0,26.0,2020,pseudo
macro_20200114_0830,ES.v.0,1.0,27.0,2020,event
macro_20200115_0830_pseudo120,ES.v.0,1.0,27.0,2020,pseudo
macro_20200115_0830,ES.v.0,1.0,30.0,2020,event
macro_placebo_20200121_0830,ES.v.0,1.0,30.0,2020,control
macro_20200207_0830_pseudo120,ES.v.0,1.0,31.0,2020,pseudo
macro_20200207_0830,ES.v.0,1.0,36.0,2020,event
macro_20200213_0830_pseudo120,ES.v.0,1.0,36.899999999999636,2020,pseudo
macro_20200213_0830,ES.v.0,1.0,41.0,2020,event
macro_20200219_0830_pseudo120,ES.v.0,1.0,37.0,2020,pseudo
macro_20200219_0830,ES.v.0,1.0,37.0,2020,event
macro_20200306_0830_pseudo120,ES.v.0,1.0,41.0,2020,pseudo
macro_20200306_0830,ES.v.0,1.0,36.0,2020,event
macro_20200311_0830_pseudo120,ES.v.0,1.0,35.899999999999636,2020,pseudo
macro_20200311_0830,ES.v.0,1.0,35.899999999999636,2020,event
macro_20200312_0830_pseudo120,ES.v.0,1.0,35.899999999999636,2020,pseudo
macro_20200312_0830,ES.v.0,1.0,34.599999999998545,2020,event
macro_placebo_20200318_0830,ES.v.0,1.0,34.599999999998545,2020,control
macro_20200403_0830_pseudo120,ES.v.0,1.0,34.599999999998545,2020,pseudo
macro_20200403_0830,ES.v.0,1.0,31.0,2020,event
macro_20200409_0830_pseudo120,ES.v.0,1.0,31.0,2020,pseudo
macro_20200409_0830,ES.v.0,1.5,28.0,2020,event
macro_placebo_20200417_0830,ES.v.0,1.5,28.0,2020,control
macro_20200508_0830_pseudo120,ES.v.0,1.5,28.0,2020,pseudo
macro_20200508_0830,ES.v.0,1.5,29.890000000000327,2020,event
macro_20200512_0830_pseudo120,ES.v.0,1.5,28.0,2020,pseudo
macro_20200512_0830,ES.v.0,1.5,17.0,2020,event
macro_20200513_0830_pseudo120,ES.v.0,1.5,17.0,2020,pseudo
macro_20200513_0830,ES.v.0,1.5,15.899999999999636,2020,event
macro_placebo_20200519_0830,ES.v.0,1.5,15.899999999999636,2020,control
macro_20200605_0830_pseudo120,ES.v.0,1.5,13.0,2020,pseudo
macro_20200605_0830,ES.v.0,1.5,13.0,2020,event
macro_20200610_0830_pseudo120,ES.v.0,1.0,12.0,2020,pseudo
macro_20200610_0830,ES.v.0,1.0,12.0,2020,event
macro_20200611_0830_pseudo120,ES.v.0,1.0,12.0,2020,pseudo
macro_20200611_0830,ES.v.0,1.0,21.450000000001637,2020,event
macro_placebo_20200617_0830,ES.v.0,1.0,22.0,2020,control
macro_20200702_0830_pseudo120,ES.v.0,1.0,24.0,2020,pseudo
macro_20200702_0830,ES.v.0,1.0,26.0,2020,event
macro_20200710_0830_pseudo120,ES.v.0,1.0,26.0,2020,pseudo
macro_20200710_0830,ES.v.0,1.0,26.0,2020,event
macro_20200714_0830_pseudo120,ES.v.0,1.0,27.0,2020,pseudo
macro_20200714_0830,ES.v.0,1.0,24.0,2020,event
macro_placebo_20200721_0830,ES.v.0,1.0,24.0,2020,control
macro_20200807_0830_pseudo120,ES.v.0,1.0,24.0,2020,pseudo
macro_20200807_0830,ES.v.0,1.0,22.890000000000327,2020,event
macro_20200811_0830_pseudo120,ES.v.0,1.0,24.0,2020,pseudo
macro_20200811_0830,ES.v.0,1.0,24.0,2020,event
macro_20200812_0830_pseudo120,ES.v.0,1.0,24.0,2020,pseudo
macro_20200812_0830,ES.v.0,1.0,24.0,2020,event
macro_placebo_20200819_0830,ES.v.0,1.0,24.0,2020,control
macro_20200904_0830_pseudo120,ES.v.0,1.0,27.0,2020,pseudo
macro_20200904_0830,ES.v.0,1.0,25.0,2020,event
macro_20200910_0830_pseudo120,ES.v.0,1.0,25.0,2020,pseudo
macro_20200910_0830,ES.v.0,1.0,28.890000000000327,2020,event
macro_20200911_0830_pseudo120,ES.v.0,1.0,27.0,2020,pseudo
macro_20200911_0830,ES.v.0,1.0,25.0,2020,event
macro_placebo_20200918_0830,ES.v.0,1.0,21.799999999999272,2020,control
macro_20201002_0830_pseudo120,ES.v.0,1.0,21.0,2020,pseudo
macro_20201002_0830,ES.v.0,1.0,21.0,2020,event
macro_20201013_0830_pseudo120,ES.v.0,1.0,21.0,2020,pseudo
macro_20201013_0830,ES.v.0,1.0,24.890000000000327,2020,event
macro_20201014_0830_pseudo120,ES.v.0,1.0,30.0,2020,pseudo
macro_20201014_0830,ES.v.0,1.0,31.0,2020,event
macro_placebo_20201020_0830,ES.v.0,1.0,30.0,2020,control
macro_20201106_0830_pseudo120,ES.v.0,1.0,30.0,2020,pseudo
macro_20201106_0830,ES.v.0,1.0,30.0,2020,event
macro_20201112_0830_pseudo120,ES.v.0,1.0,30.0,2020,pseudo
macro_20201112_0830,ES.v.0,1.0,28.0,2020,event
macro_20201113_0830_pseudo120,ES.v.0,1.0,28.0,2020,pseudo
macro_20201113_0830,ES.v.0,1.0,27.0,2020,event
macro_20201204_0830_pseudo120,ES.v.0,1.0,25.0,2020,pseudo
macro_20201204_0830,ES.v.0,1.0,25.0,2020,event
macro_20201210_0830_pseudo120,ES.v.0,1.0,25.0,2020,pseudo
macro_20201210_0830,ES.v.0,1.0,21.0,2020,event
macro_20201211_0830_pseudo120,ES.v.0,1.0,21.0,2020,pseudo
macro_20201211_0830,ES.v.0,1.0,21.0,2020,event
macro_20210108_0830_pseudo120,ES.v.0,1.0,21.0,2021,pseudo
macro_20210108_0830,ES.v.0,1.0,20.0,2021,event
macro_20210113_0830_pseudo120,ES.v.0,1.0,20.0,2021,pseudo
macro_20210113_0830,ES.v.0,1.0,25.0,2021,event
macro_20210115_0830_pseudo120,ES.v.0,1.0,23.0,2021,pseudo
macro_20210115_0830,ES.v.0,1.0,30.0,2021,event
macro_placebo_20210120_0830,ES.v.0,1.0,27.0,2021,control
macro_placebo_20210203_0830,ES.v.0,1.0,30.0,2021,control
macro_20210205_0830_pseudo120,ES.v.0,1.0,30.0,2021,pseudo
macro_20210205_0830,ES.v.0,1.0,27.899999999999636,2021,event
macro_20210210_0830_pseudo120,ES.v.0,1.0,27.899999999999636,2021,pseudo
macro_20210210_0830,ES.v.0,1.0,30.0,2021,event
macro_20210217_0830_pseudo120,ES.v.0,1.0,30.0,2021,pseudo
macro_20210217_0830,ES.v.0,1.0,36.899999999999636,2021,event
macro_20210305_0830_pseudo120,ES.v.0,1.0,36.899999999999636,2021,pseudo
macro_20210305_0830,ES.v.0,1.0,37.0,2021,event
macro_20210310_0830_pseudo120,ES.v.0,1.0,37.0,2021,pseudo
macro_20210310_0830,ES.v.0,1.0,37.0,2021,event
macro_20210312_0830_pseudo120,ES.v.0,1.0,37.0,2021,pseudo
macro_20210312_0830,ES.v.0,1.0,39.0,2021,event
macro_placebo_20210317_0830,ES.v.0,1.0,39.0,2021,control
macro_20210402_0830_pseudo120,ES.v.0,1.0,36.899999999999636,2021,pseudo
macro_20210402_0830,ES.v.0,1.0,35.89000000000033,2021,event
macro_20210409_0830_pseudo120,ES.v.0,1.0,34.899999999999636,2021,pseudo
macro_20210409_0830,ES.v.0,1.0,33.0,2021,event
macro_20210413_0830_pseudo120,ES.v.0,1.0,23.0,2021,pseudo
macro_20210413_0830,ES.v.0,1.0,23.0,2021,event
macro_placebo_20210420_0830,ES.v.0,1.0,22.0,2021,control
macro_20210507_0830_pseudo120,ES.v.0,1.0,23.0,2021,pseudo
macro_20210507_0830,ES.v.0,1.0,23.0,2021,event
macro_20210512_0830_pseudo120,ES.v.0,1.0,23.0,2021,pseudo
macro_20210512_0830,ES.v.0,1.0,23.0,2021,event
macro_20210513_0830_pseudo120,ES.v.0,1.0,23.0,2021,pseudo
macro_20210513_0830,ES.v.0,1.0,20.0,2021,event
macro_placebo_20210519_0830,ES.v.0,1.0,20.0,2021,control
macro_20210604_0830_pseudo120,ES.v.0,1.0,20.0,2021,pseudo
macro_20210604_0830,ES.v.0,1.0,19.0,2021,event
macro_20210610_0830_pseudo120,ES.v.0,1.0,19.0,2021,pseudo
macro_20210610_0830,ES.v.0,1.0,19.0,2021,event
macro_20210615_0830_pseudo120,ES.v.0,1.0,19.0,2021,pseudo
macro_20210615_0830,ES.v.0,1.0,27.0,2021,event
macro_20210702_0830_pseudo120,ES.v.0,1.0,27.0,2021,pseudo
macro_20210702_0830,ES.v.0,1.0,27.0,2021,event
macro_20210713_0830_pseudo120,ES.v.0,1.0,27.0,2021,pseudo
macro_20210713_0830,ES.v.0,1.0,27.0,2021,event
macro_20210714_0830_pseudo120,ES.v.0,1.0,27.0,2021,pseudo
macro_20210714_0830,ES.v.0,1.0,28.0,2021,event
macro_placebo_20210720_0830,ES.v.0,1.0,28.0,2021,control
macro_20210806_0830_pseudo120,ES.v.0,1.0,28.0,2021,pseudo
macro_20210806_0830,ES.v.0,1.0,28.0,2021,event
macro_20210811_0830_pseudo120,ES.v.0,1.0,28.0,2021,pseudo
macro_20210811_0830,ES.v.0,1.0,27.0,2021,event
macro_20210812_0830_pseudo120,ES.v.0,1.0,27.0,2021,pseudo
macro_20210812_0830,ES.v.0,1.0,28.0,2021,event
macro_placebo_20210818_0830,ES.v.0,1.0,28.0,2021,control
macro_20210903_0830_pseudo120,ES.v.0,1.0,25.0,2021,pseudo
macro_20210903_0830,ES.v.0,1.0,27.0,2021,event
macro_20210910_0830_pseudo120,ES.v.0,1.0,27.0,2021,pseudo
macro_20210910_0830,ES.v.0,1.0,25.0,2021,event
macro_20210914_0830_pseudo120,ES.v.0,1.0,25.0,2021,pseudo
macro_20210914_0830,ES.v.0,1.0,20.899999999999636,2021,event
macro_placebo_20210921_0830,ES.v.0,1.0,20.899999999999636,2021,control
macro_20211008_0830_pseudo120,ES.v.0,1.0,18.0,2021,pseudo
macro_20211008_0830,ES.v.0,1.0,27.0,2021,event
macro_20211013_0830_pseudo120,ES.v.0,1.0,31.69999999999891,2021,pseudo
macro_20211013_0830,ES.v.0,1.0,31.670000000000982,2021,event
macro_20211014_0830_pseudo120,ES.v.0,1.0,33.0,2021,pseudo
macro_20211014_0830,ES.v.0,1.0,33.0,2021,event
macro_placebo_20211020_0830,ES.v.0,1.0,33.0,2021,control
macro_20211105_0830_pseudo120,ES.v.0,1.0,33.0,2021,pseudo
macro_20211105_0830,ES.v.0,1.0,30.0,2021,event
macro_20211109_0830_pseudo120,ES.v.0,1.0,30.0,2021,pseudo
macro_20211109_0830,ES.v.0,1.0,30.0,2021,event
macro_20211110_0830_pseudo120,ES.v.0,1.0,30.0,2021,pseudo
macro_20211110_0830,ES.v.0,1.0,29.0,2021,event
macro_placebo_20211117_0830,ES.v.0,1.0,30.0,2021,control
macro_20211203_0830_pseudo120,ES.v.0,1.0,30.0,2021,pseudo
macro_20211203_0830,ES.v.0,1.0,29.0,2021,event
macro_20211210_0830_pseudo120,ES.v.0,1.0,30.0,2021,pseudo
macro_20211210_0830,ES.v.0,1.0,29.0,2021,event
macro_20211214_0830_pseudo120,ES.v.0,1.0,29.0,2021,pseudo
macro_20211214_0830,ES.v.0,1.0,29.0,2021,event
macro_placebo_20211217_0830,ES.v.0,1.0,29.0,2021,control
macro_20220107_0830_pseudo120,ES.v.0,1.0,29.0,2022,pseudo
macro_20220107_0830,ES.v.0,1.0,26.0,2022,event
macro_20220112_0830_pseudo120,ES.v.0,1.0,26.0,2022,pseudo
macro_20220112_0830,ES.v.0,1.0,27.0,2022,event
macro_20220113_0830_pseudo120,ES.v.0,1.0,27.0,2022,pseudo
macro_20220113_0830,ES.v.0,1.0,29.0,2022,event
macro_placebo_20220119_0830,ES.v.0,1.0,29.0,2022,control
macro_20220204_0830_pseudo120,ES.v.0,1.0,37.0,2022,pseudo
macro_20220204_0830,ES.v.0,1.0,34.0,2022,event
macro_20220210_0830_pseudo120,ES.v.0,1.0,34.0,2022,pseudo
macro_20220210_0830,ES.v.0,1.0,29.0,2022,event
macro_20220215_0830_pseudo120,ES.v.0,1.0,34.0,2022,pseudo
macro_20220215_0830,ES.v.0,1.0,29.0,2022,event
macro_20220304_0830_pseudo120,ES.v.0,1.0,34.0,2022,pseudo
macro_20220304_0830,ES.v.0,1.0,34.0,2022,event
macro_20220310_0830_pseudo120,ES.v.0,1.0,34.0,2022,pseudo
macro_20220310_0830,ES.v.0,1.0,34.0,2022,event
macro_20220315_0830_pseudo120,ES.v.0,1.0,34.0,2022,pseudo
macro_20220315_0830,ES.v.0,1.0,35.0,2022,event
macro_20220401_0830_pseudo120,ES.v.0,1.0,35.0,2022,pseudo
macro_20220401_0830,ES.v.0,1.0,22.0,2022,event
macro_20220412_0830_pseudo120,ES.v.0,1.0,22.0,2022,pseudo
macro_20220412_0830,ES.v.0,1.0,22.0,2022,event
macro_20220413_0830_pseudo120,ES.v.0,1.0,22.0,2022,pseudo
macro_20220413_0830,ES.v.0,1.0,21.0,2022,event
macro_placebo_20220419_0830,ES.v.0,1.0,20.81999999999971,2022,control
macro_20220506_0830_pseudo120,ES.v.0,1.0,19.0,2022,pseudo
macro_20220506_0830,ES.v.0,1.0,19.0,2022,event
macro_20220511_0830_pseudo120,ES.v.0,1.0,19.0,2022,pseudo
macro_20220511_0830,ES.v.0,1.0,19.899999999999636,2022,event
macro_20220512_0830_pseudo120,ES.v.0,1.0,22.0,2022,pseudo
macro_20220512_0830,ES.v.0,1.0,22.0,2022,event
macro_placebo_20220518_0830,ES.v.0,1.0,22.0,2022,control
macro_20220603_0830_pseudo120,ES.v.0,1.0,21.0,2022,pseudo
macro_20220603_0830,ES.v.0,1.0,21.0,2022,event
macro_20220610_0830_pseudo120,ES.v.0,1.0,21.0,2022,pseudo
macro_20220610_0830,ES.v.0,1.0,22.0,2022,event
macro_20220614_0830_pseudo120,ES.v.0,1.0,22.0,2022,pseudo
macro_20220614_0830,ES.v.0,1.0,22.0,2022,event
macro_placebo_20220617_0830,ES.v.0,1.0,22.0,2022,control
macro_20220708_0830_pseudo120,ES.v.0,1.0,22.899999999999636,2022,pseudo
macro_20220708_0830,ES.v.0,1.0,22.0,2022,event
macro_20220713_0830_pseudo120,ES.v.0,1.0,22.0,2022,pseudo
macro_20220713_0830,ES.v.0,1.0,26.890000000000327,2022,event
macro_20220714_0830_pseudo120,ES.v.0,1.5,27.0,2022,pseudo
macro_20220714_0830,ES.v.0,1.5,27.0,2022,event
macro_placebo_20220720_0830,ES.v.0,1.5,28.899999999999636,2022,control
macro_20220805_0830_pseudo120,ES.v.0,1.5,29.0,2022,pseudo
macro_20220805_0830,ES.v.0,1.5,31.0,2022,event
macro_20220810_0830_pseudo120,ES.v.0,2.0,31.0,2022,pseudo
macro_20220810_0830,ES.v.0,3.0,47.0,2022,event
macro_20220811_0830_pseudo120,ES.v.0,3.0,52.0,2022,pseudo
macro_20220811_0830,ES.v.0,3.0,47.0,2022,event
macro_placebo_20220817_0830,ES.v.0,3.0,47.0,2022,control
macro_20220902_0830_pseudo120,ES.v.0,3.5,58.899999999999636,2022,pseudo
macro_20220902_0830,ES.v.0,3.0,55.67000000000098,2022,event
macro_20220913_0830_pseudo120,ES.v.0,3.5,58.899999999999636,2022,pseudo
macro_20220913_0830,ES.v.0,3.0,52.0,2022,event
macro_20220914_0830_pseudo120,ES.v.0,3.449999999999818,55.69999999999891,2022,pseudo
macro_20220914_0830,ES.v.0,3.0,55.67000000000098,2022,event
macro_placebo_20220920_0830,ES.v.0,3.449999999999818,55.69999999999891,2022,control
macro_20221007_0830_pseudo120,ES.v.0,3.449999999999818,59.79999999999927,2022,pseudo
macro_20221007_0830,ES.v.0,3.0,55.67000000000098,2022,event
macro_20230112_0830,ES.v.0,1.5,23.0,2023,event
macro_20230413_0830_pseudo120,ES.v.0,1.5,48.0,2023,pseudo
macro_20230413_0830,ES.v.0,1.5,48.0,2023,event
macro_placebo_20230419_0830,ES.v.0,1.5,48.0,2023,control
macro_20230505_0830_pseudo120,ES.v.0,1.5,48.0,2023,pseudo
macro_20230505_0830,ES.v.0,1.5,47.0,2023,event
macro_20230510_0830_pseudo120,ES.v.0,1.0,44.0,2023,pseudo
macro_20230510_0830,ES.v.0,1.0,43.0,2023,event
macro_20230511_0830_pseudo120,ES.v.0,1.0,41.0,2023,pseudo
macro_20230511_0830,ES.v.0,1.0,40.0,2023,event
macro_placebo_20230517_0830,ES.v.0,1.0,31.0,2023,control
macro_20230602_0830_pseudo120,ES.v.0,1.0,28.0,2023,pseudo
macro_20230602_0830,ES.v.0,1.0,31.0,2023,event
macro_20230613_0830_pseudo120,ES.v.0,1.0,32.0,2023,pseudo
macro_20230613_0830,ES.v.0,1.0,32.0,2023,event
macro_20230614_0830_pseudo120,ES.v.0,1.0,34.899999999999636,2023,pseudo
macro_20230614_0830,ES.v.0,1.0,34.89000000000033,2023,event
macro_placebo_20230620_0830,ES.v.0,1.0,31.0,2023,control
macro_20230707_0830_pseudo120,ES.v.0,1.0,33.899999999999636,2023,pseudo
macro_20230707_0830,ES.v.0,1.0,32.780000000000655,2023,event
macro_20230712_0830_pseudo120,ES.v.0,1.0,34.899999999999636,2023,pseudo
macro_20230712_0830,ES.v.0,1.0,34.89000000000033,2023,event
macro_20230713_0830_pseudo120,ES.v.0,1.0,35.0,2023,pseudo
macro_20230713_0830,ES.v.0,1.0,33.89000000000033,2023,event
macro_placebo_20230719_0830,ES.v.0,1.0,33.899999999999636,2023,control
macro_20230804_0830_pseudo120,ES.v.0,1.0,33.899999999999636,2023,pseudo
macro_20230804_0830,ES.v.0,1.0,34.0,2023,event
macro_20230810_0830_pseudo120,ES.v.0,1.0,34.0,2023,pseudo
macro_20230810_0830,ES.v.0,1.0,33.0,2023,event
macro_20230811_0830_pseudo120,ES.v.0,1.0,35.899999999999636,2023,pseudo
macro_20230811_0830,ES.v.0,1.0,35.0,2023,event
macro_20230901_0830_pseudo120,ES.v.0,1.0,37.0,2023,pseudo
macro_20230901_0830,ES.v.0,1.0,33.899999999999636,2023,event
macro_20230913_0830_pseudo120,ES.v.0,1.0,33.899999999999636,2023,pseudo
macro_20230913_0830,ES.v.0,1.0,33.0,2023,event
macro_20230914_0830_pseudo120,ES.v.0,1.0,30.899999999999636,2023,pseudo
macro_20230914_0830,ES.v.0,1.0,27.0,2023,event
macro_placebo_20230920_0830,ES.v.0,1.0,27.0,2023,control
macro_20231006_0830_pseudo120,ES.v.0,1.0,27.0,2023,pseudo
macro_20231006_0830,ES.v.0,1.0,30.0,2023,event
macro_20231011_0830_pseudo120,ES.v.0,1.0,29.0,2023,pseudo
macro_20231011_0830,ES.v.0,1.0,29.0,2023,event
macro_20231012_0830_pseudo120,ES.v.0,1.0,28.0,2023,pseudo
macro_20231012_0830,ES.v.0,1.0,32.0,2023,event
macro_20231103_0830_pseudo120,ES.v.0,1.0,32.0,2023,pseudo
macro_20231103_0830,ES.v.0,1.0,36.0,2023,event
macro_20231114_0830_pseudo120,ES.v.0,1.0,36.0,2023,pseudo
macro_20231114_0830,ES.v.0,1.0,32.0,2023,event
macro_20231115_0830_pseudo120,ES.v.0,1.0,36.0,2023,pseudo
macro_20231115_0830,ES.v.0,1.0,32.0,2023,event
macro_placebo_20231121_0830,ES.v.0,1.0,32.0,2023,control
macro_20231208_0830_pseudo120,ES.v.0,1.0,33.0,2023,pseudo
macro_20231208_0830,ES.v.0,1.0,37.0,2023,event
macro_20231212_0830_pseudo120,ES.v.0,1.0,37.0,2023,pseudo
macro_20231212_0830,ES.v.0,1.0,38.0,2023,event
macro_20231213_0830_pseudo120,ES.v.0,1.0,38.0,2023,pseudo
macro_20231213_0830,ES.v.0,1.0,39.79999999999927,2023,event
macro_placebo_20231219_0830,ES.v.0,1.0,39.79999999999927,2023,control
macro_20240105_0830_pseudo120,ES.v.0,1.0,45.0,2024,pseudo
macro_20240105_0830,ES.v.0,1.0,45.0,2024,event
macro_placebo_20240110_0830,ES.v.0,1.0,45.0,2024,control
macro_20240111_0830_pseudo120,ES.v.0,1.0,45.0,2024,pseudo
macro_20240111_0830,ES.v.0,1.0,47.89000000000033,2024,event
macro_20240112_0830_pseudo120,ES.v.0,1.0,48.0,2024,pseudo
macro_20240112_0830,ES.v.0,1.0,48.0,2024,event
macro_20240117_0830_pseudo120,ES.v.0,1.0,48.0,2024,pseudo
macro_20240117_0830,ES.v.0,1.0,48.0,2024,event
macro_20240202_0830_pseudo120,ES.v.0,1.0,48.0,2024,pseudo
macro_20240202_0830,ES.v.0,1.0,49.0,2024,event
macro_20240213_0830_pseudo120,ES.v.0,1.0,49.0,2024,pseudo
macro_20240213_0830,ES.v.0,1.0,49.0,2024,event
macro_placebo_20240214_0830,ES.v.0,1.0,49.0,2024,control
macro_20240215_0830_pseudo120,ES.v.0,1.0,49.0,2024,pseudo
macro_20240215_0830,ES.v.0,1.0,48.0,2024,event
macro_20240216_0830_pseudo120,ES.v.0,1.0,48.0,2024,pseudo
macro_20240216_0830,ES.v.0,1.0,48.0,2024,event
macro_20240308_0830_pseudo120,ES.v.0,1.0,48.0,2024,pseudo
macro_20240308_0830,ES.v.0,1.0,48.0,2024,event
macro_20240312_0830_pseudo120,ES.v.0,1.0,43.0,2024,pseudo
macro_20240312_0830,ES.v.0,1.0,38.0,2024,event
macro_placebo_20240313_0830,ES.v.0,1.0,38.0,2024,control
macro_20240314_0830_pseudo120,ES.v.0,1.0,43.0,2024,pseudo
macro_20240314_0830,ES.v.0,1.0,35.899999999999636,2024,event
macro_20240405_0830_pseudo120,ES.v.0,1.0,35.899999999999636,2024,pseudo
macro_20240405_0830,ES.v.0,1.0,34.0,2024,event
macro_20240410_0830_pseudo120,ES.v.0,1.0,34.0,2024,pseudo
macro_20240410_0830,ES.v.0,1.0,36.0,2024,event
macro_20240411_0830_pseudo120,ES.v.0,1.0,36.0,2024,pseudo
macro_20240411_0830,ES.v.0,1.0,32.899999999999636,2024,event
macro_20240415_0830_pseudo120,ES.v.0,1.0,32.899999999999636,2024,pseudo
macro_20240415_0830,ES.v.0,1.0,33.0,2024,event
macro_placebo_20240417_0830,ES.v.0,1.0,33.0,2024,control
macro_20240503_0830_pseudo120,ES.v.0,1.0,33.0,2024,pseudo
macro_20240503_0830,ES.v.0,1.0,33.0,2024,event
macro_placebo_20240508_0830,ES.v.0,1.0,30.899999999999636,2024,control
macro_20240514_0830_pseudo120,ES.v.0,1.0,28.0,2024,pseudo
macro_20240514_0830,ES.v.0,1.0,27.0,2024,event
macro_20240515_0830_pseudo120,ES.v.0,1.0,27.0,2024,pseudo
macro_20240515_0830,ES.v.0,1.0,28.0,2024,event
macro_20240607_0830_pseudo120,ES.v.0,1.0,29.0,2024,pseudo
macro_20240607_0830,ES.v.0,1.0,29.0,2024,event
macro_placebo_20240611_0830,ES.v.0,1.0,28.0,2024,control
macro_20240612_0830_pseudo120,ES.v.0,1.0,28.0,2024,pseudo
macro_20240612_0830,ES.v.0,1.0,29.0,2024,event
macro_20240613_0830_pseudo120,ES.v.0,1.0,30.0,2024,pseudo
macro_20240613_0830,ES.v.0,1.0,30.0,2024,event
macro_20240618_0830_pseudo120,ES.v.0,1.0,29.0,2024,pseudo
macro_20240618_0830,ES.v.0,1.0,29.0,2024,event
macro_20240705_0830_pseudo120,ES.v.0,1.0,29.0,2024,pseudo
macro_20240705_0830,ES.v.0,1.0,28.0,2024,event
macro_placebo_20240710_0830,ES.v.0,1.0,28.0,2024,control
macro_20240711_0830_pseudo120,ES.v.0,1.0,28.0,2024,pseudo
macro_20240711_0830,ES.v.0,1.0,29.0,2024,event
macro_20240712_0830_pseudo120,ES.v.0,1.0,29.0,2024,pseudo
macro_20240712_0830,ES.v.0,1.0,29.0,2024,event
macro_20240716_0830_pseudo120,ES.v.0,1.0,30.0,2024,pseudo
macro_20240716_0830,ES.v.0,1.0,30.0,2024,event
macro_20240802_0830_pseudo120,ES.v.0,1.0,30.0,2024,pseudo
macro_20240802_0830,ES.v.0,1.0,36.0,2024,event
macro_placebo_20240807_0830,ES.v.0,1.0,36.0,2024,control
macro_20240813_0830_pseudo120,ES.v.0,1.0,41.0,2024,pseudo
macro_20240813_0830,ES.v.0,1.0,39.89000000000033,2024,event
macro_20240814_0830_pseudo120,ES.v.0,1.0,41.899999999999636,2024,pseudo
macro_20240814_0830,ES.v.0,1.0,32.899999999999636,2024,event
macro_20240815_0830_pseudo120,ES.v.0,1.0,31.0,2024,pseudo
macro_20240815_0830,ES.v.0,1.0,30.0,2024,event
macro_20240906_0830_pseudo120,ES.v.0,1.0,30.0,2024,pseudo
macro_20240906_0830,ES.v.0,1.5,31.0,2024,event
macro_20240911_0830_pseudo120,ES.v.0,1.5,33.899999999999636,2024,pseudo
macro_20240911_0830,ES.v.0,1.5,34.0,2024,event
macro_20240912_0830_pseudo120,ES.v.0,1.5,34.0,2024,pseudo
macro_20240912_0830,ES.v.0,1.5,33.899999999999636,2024,event
macro_20240917_0830_pseudo120,ES.v.0,1.5,31.909999999999854,2024,pseudo
macro_20240917_0830,ES.v.0,1.5,30.0,2024,event
macro_placebo_20240924_0830,ES.v.0,1.5,30.0,2024,control
macro_20241004_0830_pseudo120,ES.v.0,1.5,30.0,2024,pseudo
macro_20241004_0830,ES.v.0,1.5,30.0,2024,event
macro_20241010_0830_pseudo120,ES.v.0,1.5,30.0,2024,pseudo
macro_20241010_0830,ES.v.0,1.5,28.0,2024,event
macro_20241011_0830_pseudo120,ES.v.0,1.5,28.0,2024,pseudo
macro_20241011_0830,ES.v.0,1.0,21.899999999999636,2024,event
macro_20241017_0830_pseudo120,ES.v.0,1.0,20.909999999999854,2024,pseudo
macro_20241017_0830,ES.v.0,1.0,20.0,2024,event
macro_placebo_20241023_0830,ES.v.0,1.0,20.0,2024,control
macro_20241101_0830_pseudo120,ES.v.0,1.0,19.0,2024,pseudo
macro_20241101_0830,ES.v.0,1.0,21.899999999999636,2024,event
macro_20241113_0830_pseudo120,ES.v.0,1.0,21.899999999999636,2024,pseudo
macro_20241113_0830,ES.v.0,1.0,21.0,2024,event
macro_20241114_0830_pseudo120,ES.v.0,1.0,20.0,2024,pseudo
macro_20241114_0830,ES.v.0,1.0,20.0,2024,event
macro_20241115_0830_pseudo120,ES.v.0,1.0,20.0,2024,pseudo
macro_20241115_0830,ES.v.0,1.0,21.0,2024,event
macro_placebo_20241120_0830,ES.v.0,1.0,21.0,2024,control
macro_placebo_20241203_0830,ES.v.0,1.0,21.0,2024,control
macro_20241206_0830_pseudo120,ES.v.0,1.0,21.0,2024,pseudo
macro_20241206_0830,ES.v.0,1.0,21.0,2024,event
macro_20241211_0830_pseudo120,ES.v.0,1.0,21.0,2024,pseudo
macro_20241211_0830,ES.v.0,1.0,21.890000000000327,2024,event
macro_20241212_0830_pseudo120,ES.v.0,1.0,24.0,2024,pseudo
macro_20241212_0830,ES.v.0,1.0,22.0,2024,event
macro_20241217_0830_pseudo120,ES.v.0,1.0,24.0,2024,pseudo
macro_20241217_0830,ES.v.0,1.0,22.0,2024,event
macro_placebo_20250108_0830,ES.v.0,1.0,24.0,2025,control
macro_20250110_0830_pseudo120,ES.v.0,1.5,28.890000000000327,2025,pseudo
macro_20250110_0830,ES.v.0,1.5,28.890000000000327,2025,event
macro_20250114_0830_pseudo120,ES.v.0,1.5,27.0,2025,pseudo
macro_20250114_0830,ES.v.0,1.5,28.0,2025,event
macro_20250115_0830_pseudo120,ES.v.0,1.5,27.0,2025,pseudo
macro_20250115_0830,ES.v.0,1.5,27.0,2025,event
macro_20250116_0830_pseudo120,ES.v.0,1.5,25.0,2025,pseudo
macro_20250116_0830,ES.v.0,1.5,22.0,2025,event
macro_20250207_0830_pseudo120,ES.v.0,1.5,22.0,2025,pseudo
macro_20250207_0830,ES.v.0,1.5,22.0,2025,event
macro_placebo_20250211_0830,ES.v.0,1.5,22.0,2025,control
macro_20250212_0830_pseudo120,ES.v.0,1.5,25.0,2025,pseudo
macro_20250212_0830,ES.v.0,1.5,25.899999999999636,2025,event
macro_20250213_0830_pseudo120,ES.v.0,1.5,25.899999999999636,2025,pseudo
macro_20250213_0830,ES.v.0,1.5,24.0,2025,event
macro_20250214_0830_pseudo120,ES.v.0,1.5,24.0,2025,pseudo
macro_20250214_0830,ES.v.0,1.5,22.0,2025,event
macro_placebo_20250304_0830,ES.v.0,1.5,22.0,2025,control
macro_20250307_0830_pseudo120,ES.v.0,1.5,27.0,2025,pseudo
macro_20250307_0830,ES.v.0,1.5,27.0,2025,event
macro_20250312_0830_pseudo120,ES.v.0,1.0,24.0,2025,pseudo
macro_20250312_0830,ES.v.0,1.0,25.0,2025,event
macro_20250313_0830_pseudo120,ES.v.0,1.0,24.0,2025,pseudo
macro_20250313_0830,ES.v.0,1.0,21.0,2025,event
macro_20250317_0830_pseudo120,ES.v.0,1.0,22.0,2025,pseudo
macro_20250317_0830,ES.v.0,1.0,22.0,2025,event
macro_20250404_0830_pseudo120,ES.v.0,1.0,22.0,2025,pseudo
macro_20250404_0830,ES.v.0,1.5,24.0,2025,event
macro_placebo_20250408_0830,ES.v.0,2.0,24.0,2025,control
macro_20250410_0830_pseudo120,ES.v.0,2.0,27.0,2025,pseudo
macro_20250410_0830,ES.v.0,2.0,27.0,2025,event
macro_20250411_0830_pseudo120,ES.v.0,2.0,27.0,2025,pseudo
macro_20250411_0830,ES.v.0,2.0,25.0,2025,event
macro_20250416_0830_pseudo120,ES.v.0,2.5,25.0,2025,pseudo
macro_20250416_0830,ES.v.0,2.5,27.0,2025,event
macro_20250502_0830_pseudo120,ES.v.0,2.5,27.0,2025,pseudo
macro_20250502_0830,ES.v.0,2.5,29.0,2025,event
macro_placebo_20250505_0830,ES.v.0,2.5,29.0,2025,control
macro_20250513_0830_pseudo120,ES.v.0,2.5,20.0,2025,pseudo
macro_20250513_0830,ES.v.0,2.5,20.899999999999636,2025,event
macro_20250515_0830_pseudo120,ES.v.0,2.5,22.0,2025,pseudo
macro_20250515_0830,ES.v.0,2.5,22.0,2025,event
macro_20250606_0830_pseudo120,ES.v.0,2.5,22.0,2025,pseudo
macro_20250606_0830,ES.v.0,2.5,22.899999999999636,2025,event
macro_placebo_20250610_0830,ES.v.0,2.5,21.899999999999636,2025,control
macro_20250611_0830_pseudo120,ES.v.0,2.5,22.899999999999636,2025,pseudo
macro_20250611_0830,ES.v.0,2.0,21.890000000000327,2025,event
macro_20250612_0830_pseudo120,ES.v.0,2.0,20.899999999999636,2025,pseudo
macro_20250612_0830,ES.v.0,2.0,20.0,2025,event
macro_20250617_0830_pseudo120,ES.v.0,2.0,19.0,2025,pseudo
macro_20250617_0830,ES.v.0,1.5,17.899999999999636,2025,event
macro_20250703_0830_pseudo120,ES.v.0,1.5,18.0,2025,pseudo
macro_20250703_0830,ES.v.0,1.5,18.0,2025,event
macro_placebo_20250708_0830,ES.v.0,1.5,18.0,2025,control
macro_20250715_0830_pseudo120,ES.v.0,1.0,18.0,2025,pseudo
macro_20250715_0830,ES.v.0,1.0,18.0,2025,event
macro_20250716_0830_pseudo120,ES.v.0,1.0,17.0,2025,pseudo
macro_20250716_0830,ES.v.0,1.0,17.0,2025,event
macro_20250717_0830_pseudo120,ES.v.0,1.0,17.0,2025,pseudo
macro_20250717_0830,ES.v.0,1.0,17.0,2025,event
macro_20250801_0830_pseudo120,ES.v.0,1.0,17.0,2025,pseudo
macro_20250801_0830,ES.v.0,1.0,18.0,2025,event
macro_placebo_20250806_0830,ES.v.0,1.0,18.0,2025,control
macro_20250812_0830_pseudo120,ES.v.0,1.0,17.0,2025,pseudo
macro_20250812_0830,ES.v.0,1.0,18.0,2025,event
macro_20250814_0830_pseudo120,ES.v.0,1.0,18.0,2025,pseudo
macro_20250814_0830,ES.v.0,1.0,18.0,2025,event
macro_20250815_0830_pseudo120,ES.v.0,1.0,18.0,2025,pseudo
macro_20250815_0830,ES.v.0,1.0,18.0,2025,event
macro_20250905_0830_pseudo120,ES.v.0,1.0,18.0,2025,pseudo
macro_20250905_0830,ES.v.0,1.0,19.0,2025,event
macro_20250910_0830_pseudo120,ES.v.0,1.0,19.0,2025,pseudo
macro_20250910_0830,ES.v.0,1.0,20.0,2025,event
macro_20250911_0830_pseudo120,ES.v.0,1.0,20.0,2025,pseudo
macro_20250911_0830,ES.v.0,1.0,21.0,2025,event
macro_20251024_0830_pseudo120,ES.v.0,1.0,21.0,2025,pseudo
macro_20251024_0830,ES.v.0,1.0,20.0,2025,event
macro_placebo_20251031_0830,ES.v.0,1.0,20.0,2025,control
macro_20251120_0830_pseudo120,ES.v.0,1.0,20.0,2025,pseudo
macro_20251120_0830,ES.v.0,1.0,20.0,2025,event
macro_20251125_0830_pseudo120,ES.v.0,1.0,19.0,2025,pseudo
macro_20251125_0830,ES.v.0,1.0,17.0,2025,event
macro_20251216_0830_pseudo120,ES.v.0,1.0,17.0,2025,pseudo
macro_20251216_0830,ES.v.0,1.0,16.899999999999636,2025,event
macro_20251218_0830_pseudo120,ES.v.0,1.0,16.0,2025,pseudo
macro_20251218_0830,ES.v.0,1.0,15.0,2025,event
macro_20260109_0830_pseudo120,ES.v.0,1.0,16.0,2026,pseudo
macro_20260109_0830,ES.v.0,1.0,17.0,2026,event
macro_20260113_0830_pseudo120,ES.v.0,1.0,17.0,2026,pseudo
macro_20260113_0830,ES.v.0,1.0,16.0,2026,event
macro_20260114_0830_pseudo120,ES.v.0,1.0,15.909999999999854,2026,pseudo
macro_20260114_0830,ES.v.0,1.0,16.0,2026,event
macro_placebo_20260120_0830,ES.v.0,1.0,16.0,2026,control
macro_20260130_0830_pseudo120,ES.v.0,1.0,16.0,2026,pseudo
macro_20260130_0830,ES.v.0,1.0,15.0,2026,event
macro_20260211_0830_pseudo120,ES.v.0,1.0,16.0,2026,pseudo
macro_20260211_0830,ES.v.0,1.0,17.0,2026,event
macro_20260213_0830_pseudo120,ES.v.0,1.0,17.0,2026,pseudo
macro_20260213_0830,ES.v.0,1.0,18.0,2026,event
macro_placebo_20260220_0830,ES.v.0,1.0,17.0,2026,control
macro_20260227_0830_pseudo120,ES.v.0,1.0,15.0,2026,pseudo
macro_20260227_0830,ES.v.0,1.0,17.899999999999636,2026,event
macro_placebo_20260304_0830,ES.v.0,1.0,18.0,2026,control
macro_20260306_0830_pseudo120,ES.v.0,1.0,18.0,2026,pseudo
macro_20260306_0830,ES.v.0,1.0,18.0,2026,event
macro_20260311_0830_pseudo120,ES.v.0,1.5,20.0,2026,pseudo
macro_20260311_0830,ES.v.0,1.5,20.0,2026,event
macro_20260318_0830_pseudo120,ES.v.0,1.5,19.0,2026,pseudo
macro_20260318_0830,ES.v.0,1.0,20.0,2026,event
macro_20260403_0830_pseudo120,ES.v.0,1.5,20.0,2026,pseudo
macro_20260403_0830,ES.v.0,1.5,20.0,2026,event
macro_20260410_0830_pseudo120,ES.v.0,1.5,20.0,2026,pseudo
macro_20260410_0830,ES.v.0,1.5,20.0,2026,event
macro_20260414_0830_pseudo120,ES.v.0,2.0,21.0,2026,pseudo
macro_20260414_0830,ES.v.0,2.0,21.0,2026,event
macro_placebo_20260417_0830,ES.v.0,2.0,21.0,2026,control
macro_20260508_0830_pseudo120,ES.v.0,2.0,22.0,2026,pseudo
macro_20260508_0830,ES.v.0,1.5,23.0,2026,event
macro_20260512_0830_pseudo120,ES.v.0,1.5,23.0,2026,pseudo
macro_20260512_0830,ES.v.0,1.5,23.0,2026,event
macro_20260513_0830_pseudo120,ES.v.0,1.5,25.899999999999636,2026,pseudo
macro_20260513_0830,ES.v.0,2.0,27.0,2026,event
macro_placebo_20260519_0830,ES.v.0,2.0,27.0,2026,control
macro_20260605_0830_pseudo120,ES.v.0,2.0,27.0,2026,pseudo
macro_20260605_0830,ES.v.0,1.949999999999818,26.0,2026,event
macro_20260610_0830_pseudo120,ES.v.0,1.5,26.0,2026,pseudo
macro_20260610_0830,ES.v.0,2.0,26.0,2026,event
macro_20260611_0830_pseudo120,ES.v.0,2.0,26.0,2026,pseudo
macro_20260611_0830,ES.v.0,2.0,26.0,2026,event
macro_placebo_20260617_0830,ES.v.0,2.0,26.0,2026,control
macro_20260702_0830_pseudo120,ES.v.0,2.0,26.0,2026,pseudo
macro_20260702_0830,ES.v.0,2.0,25.0,2026,event
macro_20260714_0830_pseudo120,ES.v.0,2.0,26.0,2026,pseudo
macro_20260714_0830,ES.v.0,1.5,25.0,2026,event
macro_20260715_0830_pseudo120,ES.v.0,2.0,25.0,2026,pseudo
macro_20260715_0830,ES.v.0,1.5,23.0,2026,event
macro_placebo_20260721_0830,ES.v.0,1.5,18.0,2026,control
macro_20260807_0830_pseudo120,ES.v.0,1.5,18.0,2026,pseudo
macro_20260807_0830,ES.v.0,1.5,17.0,2026,event
macro_20260812_0830_pseudo120,ES.v.0,2.0,17.0,2026,pseudo
macro_20260812_0830,ES.v.0,1.5,17.0,2026,event
macro_20260813_0830_pseudo120,ES.v.0,1.5,16.899999999999636,2026,pseudo
macro_20260813_0830,ES.v.0,1.5,15.0,2026,event
macro_placebo_20260819_0830,ES.v.0,1.5,15.0,2026,control
macro_20260904_0830_pseudo120,ES.v.0,1.5,15.0,2026,pseudo
macro_20260904_0830,ES.v.0,1.5,16.0,2026,event
macro_20260910_0830_pseudo120,ES.v.0,1.5,15.899999999999636,2026,pseudo
macro_20260910_0830,ES.v.0,1.5,17.0,2026,event
macro_20260911_0830_pseudo120,ES.v.0,1.0,17.0,2026,pseudo
macro_20260911_0830,ES.v.0,1.0,23.0,2026,event
macro_placebo_20260918_0830,ES.v.0,1.5,24.0,2026,control
fomc_20150917_statement,NQ.v.0,1.0,16.0,2015,event
placebo_20150924_1400,NQ.v.0,1.0,15.0,2015,control
placebo_20151021_1400,NQ.v.0,1.0,15.0,2015,control
fomc_20151028_statement_pseudo120,NQ.v.0,1.0,16.0,2015,pseudo
fomc_20151028_statement,NQ.v.0,1.5,19.860000000000582,2015,event
placebo_20151104_1400,NQ.v.0,1.5,20.0,2015,control
placebo_20151209_1400,NQ.v.0,1.5,19.860000000000582,2015,control
fomc_20151216_statement_pseudo120,NQ.v.0,1.0,13.0,2015,pseudo
fomc_20151216_statement,NQ.v.0,1.5,12.0,2015,event
placebo_20151223_1400,NQ.v.0,1.5,13.0,2015,control
placebo_20160120_1400,NQ.v.0,1.5,12.860000000000582,2016,control
fomc_20160127_statement_pseudo120,NQ.v.0,1.5,13.0,2016,pseudo
fomc_20160127_statement,NQ.v.0,1.5,14.0,2016,event
placebo_20160203_1400,NQ.v.0,1.5,14.0,2016,control
placebo_20160309_1400,NQ.v.0,2.0,16.0,2016,control
fomc_20160316_statement_pseudo120,NQ.v.0,2.0,16.0,2016,pseudo
fomc_20160316_statement,NQ.v.0,2.0,16.0,2016,event
placebo_20160323_1400,NQ.v.0,2.0,16.0,2016,control
placebo_20160420_1400,NQ.v.0,2.0,16.0,2016,control
fomc_20160427_statement_pseudo120,NQ.v.0,1.5,15.0,2016,pseudo
fomc_20160427_statement,NQ.v.0,1.5,14.860000000000582,2016,event
placebo_20160504_1400,NQ.v.0,1.5,14.860000000000582,2016,control
placebo_20160608_1400,NQ.v.0,1.5,15.0,2016,control
fomc_20160615_statement_pseudo120,NQ.v.0,1.5,15.0,2016,pseudo
fomc_20160615_statement,NQ.v.0,1.5,14.0,2016,event
placebo_20160622_1400,NQ.v.0,1.5,14.0,2016,control
placebo_20160720_1400,NQ.v.0,1.5,16.0,2016,control
fomc_20160727_statement_pseudo120,NQ.v.0,1.5,15.0,2016,pseudo
fomc_20160727_statement,NQ.v.0,1.5,15.0,2016,event
placebo_20160803_1400,NQ.v.0,1.5,14.0,2016,control
placebo_20160914_1400,NQ.v.0,1.5,15.860000000000582,2016,control
fomc_20160921_statement_pseudo120,NQ.v.0,1.5,15.860000000000582,2016,pseudo
fomc_20160921_statement,NQ.v.0,1.5,14.0,2016,event
placebo_20160928_1400,NQ.v.0,1.5,14.0,2016,control
placebo_20161026_1400,NQ.v.0,1.0,13.0,2016,control
fomc_20161102_statement_pseudo120,NQ.v.0,1.0,12.0,2016,pseudo
fomc_20161102_statement,NQ.v.0,1.0,14.0,2016,event
placebo_20161109_1400,NQ.v.0,1.0,14.0,2016,control
placebo_20161207_1400,NQ.v.0,1.0,18.720000000001164,2016,control
fomc_20161214_statement_pseudo120,NQ.v.0,1.5,14.0,2016,pseudo
fomc_20161214_statement,NQ.v.0,1.5,14.0,2016,event
placebo_20161221_1400,NQ.v.0,1.5,14.0,2016,control
placebo_20170125_1400,NQ.v.0,1.5,14.0,2017,control
fomc_20170201_statement_pseudo120,NQ.v.0,1.5,12.0,2017,pseudo
fomc_20170201_statement,NQ.v.0,1.5,11.860000000000582,2017,event
placebo_20170208_1400,NQ.v.0,1.5,11.860000000000582,2017,control
placebo_20170308_1400,NQ.v.0,1.5,10.0,2017,control
fomc_20170315_statement_pseudo120,NQ.v.0,1.5,10.0,2017,pseudo
fomc_20170315_statement,NQ.v.0,1.5,10.0,2017,event
placebo_20170322_1400,NQ.v.0,1.5,10.0,2017,control
placebo_20170426_1400,NQ.v.0,1.0,11.0,2017,control
fomc_20170503_statement_pseudo120,NQ.v.0,1.0,11.0,2017,pseudo
fomc_20170503_statement,NQ.v.0,1.0,11.0,2017,event
placebo_20170517_1400,NQ.v.0,1.0,11.0,2017,control
placebo_20170607_1400,NQ.v.0,1.0,12.860000000000582,2017,control
fomc_20170614_statement_pseudo120,NQ.v.0,1.0,12.860000000000582,2017,pseudo
fomc_20170614_statement,NQ.v.0,1.0,12.0,2017,event
placebo_20170621_1400,NQ.v.0,1.0,12.0,2017,control
placebo_20170719_1400,NQ.v.0,1.0,9.860000000000582,2017,control
fomc_20170726_statement_pseudo120,NQ.v.0,1.0,11.0,2017,pseudo
fomc_20170726_statement,NQ.v.0,1.0,11.0,2017,event
placebo_20170802_1400,NQ.v.0,1.0,11.0,2017,control
fomc_20170920_statement_pseudo120,NQ.v.0,1.0,11.0,2017,pseudo
fomc_20170920_statement,NQ.v.0,1.0,11.0,2017,event
placebo_20170927_1400,NQ.v.0,1.0,13.0,2017,control
placebo_20171025_1400,NQ.v.0,1.0,13.0,2017,control
fomc_20171101_statement_pseudo120,NQ.v.0,1.0,14.0,2017,pseudo
fomc_20171101_statement,NQ.v.0,1.0,15.0,2017,event
placebo_20171108_1400,NQ.v.0,1.0,15.0,2017,control
placebo_20171206_1400,NQ.v.0,1.0,15.0,2017,control
fomc_20171213_statement_pseudo120,NQ.v.0,1.0,13.0,2017,pseudo
fomc_20171213_statement,NQ.v.0,1.0,12.860000000000582,2017,event
placebo_20171220_1400,NQ.v.0,1.0,12.86999999999989,2017,control
placebo_20180124_1400,NQ.v.0,1.0,11.860000000000582,2018,control
fomc_20180131_statement_pseudo120,NQ.v.0,1.0,12.0,2018,pseudo
fomc_20180131_statement,NQ.v.0,1.0,12.0,2018,event
placebo_20180207_1400,NQ.v.0,1.0,12.0,2018,control
placebo_20180314_1400,NQ.v.0,1.5,14.0,2018,control
fomc_20180321_statement_pseudo120,NQ.v.0,1.5,16.0,2018,pseudo
fomc_20180321_statement,NQ.v.0,1.5,16.0,2018,event
placebo_20180328_1400,NQ.v.0,1.5,16.0,2018,control
placebo_20180425_1400,NQ.v.0,2.430000000000291,18.0,2018,control
fomc_20180502_statement_pseudo120,NQ.v.0,2.5,19.0,2018,pseudo
fomc_20180502_statement,NQ.v.0,2.5,19.0,2018,event
placebo_20180509_1400,NQ.v.0,2.5,19.0,2018,control
placebo_20180606_1400,NQ.v.0,2.5,18.0,2018,control
fomc_20180613_statement_pseudo120,NQ.v.0,2.5,17.0,2018,pseudo
fomc_20180613_statement,NQ.v.0,2.5,17.0,2018,event
placebo_20180620_1400,NQ.v.0,2.5,17.0,2018,control
placebo_20180725_1400,NQ.v.0,2.5,17.0,2018,control
fomc_20180801_statement_pseudo120,NQ.v.0,2.5,16.0,2018,pseudo
fomc_20180801_statement,NQ.v.0,3.0,17.0,2018,event
placebo_20180808_1400,NQ.v.0,3.0,17.0,2018,control
placebo_20180919_1400,NQ.v.0,3.0,18.0,2018,control
fomc_20180926_statement_pseudo120,NQ.v.0,3.0,18.0,2018,pseudo
fomc_20180926_statement,NQ.v.0,3.0,17.0,2018,event
placebo_20181003_1400,NQ.v.0,3.0,18.0,2018,control
placebo_20181101_1400,NQ.v.0,2.5,16.0,2018,control
fomc_20181108_statement_pseudo120,NQ.v.0,2.5,14.0,2018,pseudo
fomc_20181108_statement,NQ.v.0,2.5,15.0,2018,event
placebo_20181115_1400,NQ.v.0,2.5,15.0,2018,control
fomc_20181219_statement_pseudo120,NQ.v.0,2.0,15.0,2018,pseudo
fomc_20181219_statement,NQ.v.0,2.0,13.860000000000582,2018,event
placebo_20190123_1400,NQ.v.0,3.0,18.86999999999989,2019,control
fomc_20190130_statement_pseudo120,NQ.v.0,3.0,20.0,2019,pseudo
fomc_20190130_statement,NQ.v.0,3.0,20.0,2019,event
placebo_20190206_1400,NQ.v.0,3.0,21.0,2019,control
placebo_20190313_1400,NQ.v.0,3.0,21.0,2019,control
fomc_20190320_statement_pseudo120,NQ.v.0,3.0,22.0,2019,pseudo
fomc_20190320_statement,NQ.v.0,3.0,22.0,2019,event
placebo_20190327_1400,NQ.v.0,3.0,22.0,2019,control
placebo_20190424_1400,NQ.v.0,3.0,22.0,2019,control
fomc_20190501_statement_pseudo120,NQ.v.0,2.5,22.0,2019,pseudo
fomc_20190501_statement,NQ.v.0,2.5,21.0,2019,event
placebo_20190508_1400,NQ.v.0,2.5,21.0,2019,control
fomc_20190619_statement_pseudo120,NQ.v.0,2.5,22.0,2019,pseudo
fomc_20190619_statement,NQ.v.0,2.0,21.0,2019,event
placebo_20190626_1400,NQ.v.0,2.5,22.0,2019,control
placebo_20190724_1400,NQ.v.0,2.0,21.0,2019,control
fomc_20190731_statement_pseudo120,NQ.v.0,2.0,21.0,2019,pseudo
fomc_20190731_statement,NQ.v.0,2.0,20.0,2019,event
placebo_20190807_1400,NQ.v.0,2.0,20.0,2019,control
placebo_20190911_1400,NQ.v.0,2.0,20.0,2019,control
fomc_20190918_statement_pseudo120,NQ.v.0,1.5,18.0,2019,pseudo
fomc_20190918_statement,NQ.v.0,1.5,17.0,2019,event
placebo_20190925_1400,NQ.v.0,1.5,17.86999999999989,2019,control
placebo_20191023_1400,NQ.v.0,1.5,18.0,2019,control
fomc_20191030_statement_pseudo120,NQ.v.0,1.5,20.0,2019,pseudo
fomc_20191030_statement,NQ.v.0,1.5,16.0,2019,event
placebo_20191106_1400,NQ.v.0,1.5,17.0,2019,control
placebo_20191204_1400,NQ.v.0,1.5,17.0,2019,control
fomc_20191211_statement_pseudo120,NQ.v.0,1.5,14.0,2019,pseudo
fomc_20191211_statement,NQ.v.0,1.5,14.0,2019,event
placebo_20191218_1400,NQ.v.0,1.5,16.0,2019,control
placebo_20200122_1400,NQ.v.0,1.5,16.860000000000582,2020,control
fomc_20200129_statement_pseudo120,NQ.v.0,1.5,16.0,2020,pseudo
fomc_20200129_statement,NQ.v.0,1.5,14.0,2020,event
placebo_20200205_1400,NQ.v.0,1.5,14.0,2020,control
placebo_20200422_1400,NQ.v.0,1.5,18.0,2020,control
fomc_20200429_statement_pseudo120,NQ.v.0,2.0,19.0,2020,pseudo
fomc_20200429_statement,NQ.v.0,2.0,20.0,2020,event
placebo_20200506_1400,NQ.v.0,2.0,20.0,2020,control
placebo_20200603_1400,NQ.v.0,2.0,20.0,2020,control
fomc_20200610_statement_pseudo120,NQ.v.0,2.0,20.0,2020,pseudo
fomc_20200610_statement,NQ.v.0,2.0,20.860000000000582,2020,event
placebo_20200617_1400,NQ.v.0,2.0,20.860000000000582,2020,control
placebo_20200722_1400,NQ.v.0,2.5,20.0,2020,control
fomc_20200729_statement_pseudo120,NQ.v.0,3.0,21.860000000000582,2020,pseudo
fomc_20200729_statement,NQ.v.0,3.0,21.860000000000582,2020,event
placebo_20200805_1400,NQ.v.0,3.0,21.860000000000582,2020,control
placebo_20200909_1400,NQ.v.0,3.0,21.0,2020,control
fomc_20200916_statement_pseudo120,NQ.v.0,3.5,24.0,2020,pseudo
fomc_20200916_statement,NQ.v.0,3.5,24.0,2020,event
placebo_20200923_1400,NQ.v.0,3.5,24.0,2020,control
placebo_20201029_1400,NQ.v.0,4.0,26.0,2020,control
fomc_20201105_statement_pseudo120,NQ.v.0,4.0,27.720000000001164,2020,pseudo
fomc_20201105_statement,NQ.v.0,4.0,27.720000000001164,2020,event
placebo_20201119_1400,NQ.v.0,4.0,27.720000000001164,2020,control
placebo_20201209_1400,NQ.v.0,4.0,24.860000000000582,2020,control
fomc_20201216_statement_pseudo120,NQ.v.0,5.5,25.0,2020,pseudo
fomc_20201216_statement,NQ.v.0,5.5,23.860000000000582,2020,event
placebo_20201223_1400,NQ.v.0,5.5,23.860000000000582,2020,control
placebo_20210120_1400,NQ.v.0,5.0,25.0,2021,control
fomc_20210127_statement_pseudo120,NQ.v.0,5.0,26.0,2021,pseudo
fomc_20210127_statement,NQ.v.0,5.0,25.0,2021,event
placebo_20210203_1400,NQ.v.0,5.0,25.0,2021,control
fomc_20210317_statement_pseudo120,NQ.v.0,5.0,24.0,2021,pseudo
fomc_20210317_statement,NQ.v.0,5.0,21.0,2021,event
placebo_20210324_1400,NQ.v.0,5.0,21.0,2021,control
placebo_20210421_1400,NQ.v.0,5.0,21.0,2021,control
fomc_20210428_statement_pseudo120,NQ.v.0,5.0,24.860000000000582,2021,pseudo
fomc_20210428_statement,NQ.v.0,4.5,21.0,2021,event
placebo_20210505_1400,NQ.v.0,5.0,21.0,2021,control
placebo_20210609_1400,NQ.v.0,4.5,21.0,2021,control
fomc_20210616_statement_pseudo120,NQ.v.0,4.5,20.0,2021,pseudo
fomc_20210616_statement,NQ.v.0,4.5,20.0,2021,event
placebo_20210623_1400,NQ.v.0,4.5,20.0,2021,control
placebo_20210721_1400,NQ.v.0,4.5,20.0,2021,control
fomc_20210728_statement_pseudo120,NQ.v.0,4.5,20.0,2021,pseudo
fomc_20210728_statement,NQ.v.0,3.0,16.0,2021,event
placebo_20210804_1400,NQ.v.0,3.0,17.0,2021,control
placebo_20210915_1400,NQ.v.0,3.0,16.0,2021,control
fomc_20210922_statement_pseudo120,NQ.v.0,3.0,15.0,2021,pseudo
fomc_20210922_statement,NQ.v.0,3.0,15.0,2021,event
placebo_20210929_1400,NQ.v.0,3.0,15.0,2021,control
placebo_20211027_1400,NQ.v.0,3.5,21.0,2021,control
fomc_20211103_statement_pseudo120,NQ.v.0,3.5,20.0,2021,pseudo
fomc_20211103_statement,NQ.v.0,3.5,20.0,2021,event
placebo_20211117_1400,NQ.v.0,3.5,20.0,2021,control
placebo_20211208_1400,NQ.v.0,3.5,20.860000000000582,2021,control
fomc_20211215_statement_pseudo120,NQ.v.0,3.5,17.0,2021,pseudo
fomc_20211215_statement,NQ.v.0,3.5,18.0,2021,event
placebo_20211222_1400,NQ.v.0,3.5,18.0,2021,control
placebo_20220119_1400,NQ.v.0,4.0,18.0,2022,control
fomc_20220126_statement_pseudo120,NQ.v.0,4.5,22.0,2022,pseudo
fomc_20220126_statement,NQ.v.0,4.5,22.0,2022,event
placebo_20220202_1400,NQ.v.0,4.5,22.0,2022,control
placebo_20220309_1400,NQ.v.0,5.0,22.0,2022,control
fomc_20220316_statement_pseudo120,NQ.v.0,5.5,22.860000000000582,2022,pseudo
fomc_20220316_statement,NQ.v.0,5.5,22.860000000000582,2022,event
placebo_20220323_1400,NQ.v.0,5.5,22.860000000000582,2022,control
placebo_20220427_1400,NQ.v.0,5.5,22.860000000000582,2022,control
fomc_20220504_statement_pseudo120,NQ.v.0,6.0,21.0,2022,pseudo
fomc_20220504_statement,NQ.v.0,6.0,21.0,2022,event
placebo_20220518_1400,NQ.v.0,6.0,22.0,2022,control
placebo_20220608_1400,NQ.v.0,6.0,17.0,2022,control
fomc_20220615_statement_pseudo120,NQ.v.0,6.0,17.0,2022,pseudo
fomc_20220615_statement,NQ.v.0,6.5,17.0,2022,event
placebo_20220622_1400,NQ.v.0,6.5,17.0,2022,control
placebo_20220720_1400,NQ.v.0,6.5,18.0,2022,control
fomc_20220727_statement_pseudo120,NQ.v.0,7.0,23.0,2022,pseudo
fomc_20220727_statement,NQ.v.0,7.0,22.0,2022,event
placebo_20220803_1400,NQ.v.0,7.0,22.0,2022,control
placebo_20220914_1400,NQ.v.0,7.0,22.0,2022,control
fomc_20220921_statement_pseudo120,NQ.v.0,7.0,20.0,2022,pseudo
fomc_20220921_statement,NQ.v.0,7.0,20.0,2022,event
placebo_20220928_1400,NQ.v.0,7.0,20.0,2022,control
placebo_20221026_1400,NQ.v.0,7.0,21.0,2022,control
fomc_20221102_statement_pseudo120,NQ.v.0,7.0,21.0,2022,pseudo
fomc_20221102_statement,NQ.v.0,6.930000000000291,22.0,2022,event
placebo_20221109_1400,NQ.v.0,6.930000000000291,22.0,2022,control
placebo_20221207_1400,NQ.v.0,6.930000000000291,22.0,2022,control
fomc_20221214_statement_pseudo120,NQ.v.0,6.5,22.0,2022,pseudo
fomc_20221214_statement,NQ.v.0,6.5,22.0,2022,event
placebo_20221221_1400,NQ.v.0,6.0,22.0,2022,control
placebo_20230125_1400,NQ.v.0,6.0,21.0,2023,control
fomc_20230201_statement_pseudo120,NQ.v.0,5.5,22.0,2023,pseudo
fomc_20230201_statement,NQ.v.0,5.5,22.0,2023,event
placebo_20230208_1400,NQ.v.0,5.0,22.0,2023,control
placebo_20230315_1400,NQ.v.0,5.5,22.0,2023,control
fomc_20230322_statement_pseudo120,NQ.v.0,4.5,16.0,2023,pseudo
fomc_20230322_statement,NQ.v.0,4.0,15.0,2023,event
placebo_20230329_1400,NQ.v.0,4.0,15.0,2023,control
placebo_20230426_1400,NQ.v.0,4.0,16.0,2023,control
fomc_20230503_statement_pseudo120,NQ.v.0,4.0,18.860000000000582,2023,pseudo
fomc_20230503_statement,NQ.v.0,4.0,19.0,2023,event
placebo_20230517_1400,NQ.v.0,4.0,19.0,2023,control
placebo_20230607_1400,NQ.v.0,4.0,20.0,2023,control
fomc_20230614_statement_pseudo120,NQ.v.0,4.0,18.0,2023,pseudo
fomc_20230614_statement,NQ.v.0,4.0,17.860000000000582,2023,event
placebo_20230621_1400,NQ.v.0,4.0,17.860000000000582,2023,control
placebo_20230719_1400,NQ.v.0,4.0,17.0,2023,control
fomc_20230726_statement_pseudo120,NQ.v.0,4.0,17.0,2023,pseudo
fomc_20230726_statement,NQ.v.0,4.0,17.860000000000582,2023,event
placebo_20230802_1400,NQ.v.0,4.0,17.860000000000582,2023,control
fomc_20230920_statement_pseudo120,NQ.v.0,4.0,19.860000000000582,2023,pseudo
fomc_20230920_statement,NQ.v.0,4.0,18.0,2023,event
placebo_20230927_1400,NQ.v.0,4.0,18.0,2023,control
placebo_20231025_1400,NQ.v.0,4.0,18.0,2023,control
fomc_20231101_statement_pseudo120,NQ.v.0,3.5,21.0,2023,pseudo
fomc_20231101_statement,NQ.v.0,3.5,24.0,2023,event
placebo_20231108_1400,NQ.v.0,3.5,24.0,2023,control
placebo_20231206_1400,NQ.v.0,3.5,24.0,2023,control
fomc_20231213_statement_pseudo120,NQ.v.0,3.5,24.0,2023,pseudo
fomc_20231213_statement,NQ.v.0,3.5,20.0,2023,event
placebo_20231220_1400,NQ.v.0,3.5,20.0,2023,control
placebo_20240124_1400,NQ.v.0,3.0,21.0,2024,control
fomc_20240131_statement_pseudo120,NQ.v.0,3.0,21.0,2024,pseudo
fomc_20240131_statement,NQ.v.0,3.0,21.0,2024,event
placebo_20240207_1400,NQ.v.0,3.5,21.0,2024,control
placebo_20240313_1400,NQ.v.0,3.5,23.0,2024,control
fomc_20240320_statement_pseudo120,NQ.v.0,3.5,25.860000000000582,2024,pseudo
fomc_20240320_statement,NQ.v.0,3.5,24.0,2024,event
placebo_20240327_1400,NQ.v.0,3.5,25.86999999999989,2024,control
placebo_20240424_1400,NQ.v.0,3.5,25.860000000000582,2024,control
fomc_20240501_statement_pseudo120,NQ.v.0,3.5,24.0,2024,pseudo
fomc_20240501_statement,NQ.v.0,3.5,24.0,2024,event
placebo_20240508_1400,NQ.v.0,3.5,24.0,2024,control
placebo_20240605_1400,NQ.v.0,3.5,23.0,2024,control
fomc_20240612_statement_pseudo120,NQ.v.0,3.5,23.0,2024,pseudo
fomc_20240612_statement,NQ.v.0,3.5,21.860000000000582,2024,event
placebo_20240626_1400,NQ.v.0,3.5,22.0,2024,control
placebo_20240724_1400,NQ.v.0,3.5,23.0,2024,control
fomc_20240731_statement_pseudo120,NQ.v.0,3.930000000000291,23.0,2024,pseudo
fomc_20240731_statement,NQ.v.0,4.0,23.0,2024,event
placebo_20240807_1400,NQ.v.0,4.0,23.0,2024,control
placebo_20240911_1400,NQ.v.0,5.0,23.0,2024,control
fomc_20240918_statement_pseudo120,NQ.v.0,5.0,23.0,2024,pseudo
fomc_20240918_statement,NQ.v.0,5.5,23.0,2024,event
placebo_20240925_1400,NQ.v.0,5.5,23.0,2024,control
placebo_20241031_1400,NQ.v.0,5.5,23.0,2024,control
fomc_20241107_statement_pseudo120,NQ.v.0,5.5,19.0,2024,pseudo
fomc_20241107_statement,NQ.v.0,5.5,20.0,2024,event
placebo_20241120_1400,NQ.v.0,5.5,20.0,2024,control
placebo_20241121_1400,NQ.v.0,6.0,20.0,2024,control
placebo_20241127_1400,NQ.v.0,6.0,20.0,2024,control
fomc_20241218_statement_pseudo120,NQ.v.0,6.0,23.0,2024,pseudo
fomc_20241218_statement,NQ.v.0,6.0,22.0,2024,event
placebo_20250122_1400,NQ.v.0,6.0,22.0,2025,control
fomc_20250129_statement_pseudo120,NQ.v.0,6.0,23.0,2025,pseudo
fomc_20250129_statement,NQ.v.0,6.0,23.0,2025,event
placebo_20250205_1400,NQ.v.0,6.0,23.0,2025,control
placebo_20250226_1400,NQ.v.0,6.0,22.860000000000582,2025,control
fomc_20250319_statement_pseudo120,NQ.v.0,7.0,27.0,2025,pseudo
fomc_20250319_statement,NQ.v.0,7.5,27.0,2025,event
placebo_20250326_1400,NQ.v.0,7.5,27.0,2025,control
placebo_20250430_1400,NQ.v.0,7.0,27.0,2025,control
fomc_20250507_statement_pseudo120,NQ.v.0,7.0,27.0,2025,pseudo
fomc_20250507_statement,NQ.v.0,7.5,28.0,2025,event
placebo_20250514_1400,NQ.v.0,7.5,28.0,2025,control
placebo_20250521_1400,NQ.v.0,7.5,28.0,2025,control
fomc_20250618_statement_pseudo120,NQ.v.0,9.0,30.0,2025,pseudo
fomc_20250618_statement,NQ.v.0,9.0,30.0,2025,event
placebo_20250625_1400,NQ.v.0,9.430000000000291,30.0,2025,control
placebo_20250723_1400,NQ.v.0,9.430000000000291,31.0,2025,control
fomc_20250730_statement_pseudo120,NQ.v.0,9.430000000000291,31.0,2025,pseudo
fomc_20250730_statement,NQ.v.0,9.430000000000291,30.0,2025,event
placebo_20250806_1400,NQ.v.0,9.5,31.0,2025,control
placebo_20250910_1400,NQ.v.0,9.430000000000291,30.0,2025,control
fomc_20250917_statement_pseudo120,NQ.v.0,9.430000000000291,28.860000000000582,2025,pseudo
fomc_20250917_statement,NQ.v.0,9.430000000000291,28.860000000000582,2025,event
placebo_20250924_1400,NQ.v.0,9.430000000000291,28.860000000000582,2025,control
placebo_20251022_1400,NQ.v.0,9.430000000000291,29.0,2025,control
fomc_20251029_statement_pseudo120,NQ.v.0,9.5,27.0,2025,pseudo
fomc_20251029_statement,NQ.v.0,8.5,27.0,2025,event
placebo_20251105_1400,NQ.v.0,8.5,27.0,2025,control
placebo_20251203_1400,NQ.v.0,8.5,26.0,2025,control
fomc_20251210_statement_pseudo120,NQ.v.0,8.5,26.0,2025,pseudo
fomc_20251210_statement,NQ.v.0,8.0,26.0,2025,event
placebo_20251217_1400,NQ.v.0,8.0,26.0,2025,control
placebo_20260121_1400,NQ.v.0,8.5,27.0,2026,control
fomc_20260128_statement_pseudo120,NQ.v.0,7.5,26.0,2026,pseudo
fomc_20260128_statement,NQ.v.0,7.5,26.0,2026,event
placebo_20260204_1400,NQ.v.0,7.0,26.0,2026,control
fomc_20260318_statement_pseudo120,NQ.v.0,9.5,26.0,2026,pseudo
fomc_20260318_statement,NQ.v.0,9.5,25.0,2026,event
placebo_20260325_1400,NQ.v.0,9.5,26.0,2026,control
placebo_20260422_1400,NQ.v.0,9.5,25.0,2026,control
fomc_20260429_statement_pseudo120,NQ.v.0,9.5,25.0,2026,pseudo
fomc_20260429_statement,NQ.v.0,9.5,24.0,2026,event
placebo_20260506_1400,NQ.v.0,9.5,25.0,2026,control
fomc_20260617_statement_pseudo120,NQ.v.0,9.5,24.0,2026,pseudo
fomc_20260617_statement,NQ.v.0,9.5,23.0,2026,event
placebo_20260624_1400,NQ.v.0,9.0,21.0,2026,control
placebo_20260722_1400,NQ.v.0,10.5,23.0,2026,control
fomc_20260729_statement_pseudo120,NQ.v.0,10.5,24.0,2026,pseudo
fomc_20260729_statement,NQ.v.0,11.0,24.0,2026,event
placebo_20260805_1400,NQ.v.0,11.0,23.0,2026,control
placebo_20260909_1400,NQ.v.0,11.5,23.0,2026,control
fomc_20260916_statement_pseudo120,NQ.v.0,11.0,23.0,2026,pseudo
fomc_20260916_statement,NQ.v.0,10.5,22.0,2026,event
placebo_20260923_1400,NQ.v.0,11.0,19.0,2026,control
macro_20150403_0830_pseudo120,NQ.v.0,1.0,2.0,2015,pseudo
macro_20150403_0830,NQ.v.0,1.0,1.0,2015,event
macro_20150414_0830_pseudo120,NQ.v.0,1.0,1.0,2015,pseudo
macro_20150414_0830,NQ.v.0,1.0,1.0,2015,event
macro_20150417_0830_pseudo120,NQ.v.0,1.0,1.0,2015,pseudo
macro_20150417_0830,NQ.v.0,1.0,1.0,2015,event
macro_placebo_20150424_0830,NQ.v.0,1.0,1.0,2015,control
macro_20150508_0830_pseudo120,NQ.v.0,1.0,1.0,2015,pseudo
macro_20150508_0830,NQ.v.0,1.0,1.0,2015,event
macro_20150514_0830_pseudo120,NQ.v.0,1.0,2.0,2015,pseudo
macro_20150514_0830,NQ.v.0,1.0,1.0,2015,event
macro_20150522_0830_pseudo120,NQ.v.0,1.0,1.0,2015,pseudo
macro_20150522_0830,NQ.v.0,1.0,1.0,2015,event
macro_placebo_20150529_0830,NQ.v.0,1.0,1.0,2015,control
macro_20150605_0830_pseudo120,NQ.v.0,1.0,1.0,2015,pseudo
macro_20150605_0830,NQ.v.0,1.0,1.0,2015,event
macro_20150612_0830_pseudo120,NQ.v.0,1.0,2.0,2015,pseudo
macro_20150612_0830,NQ.v.0,1.0,2.0,2015,event
macro_20150618_0830_pseudo120,NQ.v.0,1.0,2.0,2015,pseudo
macro_20150618_0830,NQ.v.0,1.0,2.0,2015,event
macro_20150702_0830_pseudo120,NQ.v.0,1.0,2.0,2015,pseudo
macro_20150702_0830,NQ.v.0,1.0,3.0,2015,event
macro_20150715_0830_pseudo120,NQ.v.0,1.0,3.0,2015,pseudo
macro_20150715_0830,NQ.v.0,1.0,3.0,2015,event
macro_20150717_0830_pseudo120,NQ.v.0,1.0,3.0,2015,pseudo
macro_20150717_0830,NQ.v.0,1.0,3.0,2015,event
macro_placebo_20150724_0830,NQ.v.0,1.0,3.0,2015,control
macro_20150807_0830_pseudo120,NQ.v.0,1.0,3.0,2015,pseudo
macro_20150807_0830,NQ.v.0,1.0,2.0,2015,event
macro_20150814_0830_pseudo120,NQ.v.0,1.0,2.0,2015,pseudo
macro_20150814_0830,NQ.v.0,1.0,2.0,2015,event
macro_20150819_0830_pseudo120,NQ.v.0,1.0,2.0,2015,pseudo
macro_20150819_0830,NQ.v.0,1.0,2.0,2015,event
macro_placebo_20150826_0830,NQ.v.0,1.0,2.0,2015,control
macro_20150904_0830_pseudo120,NQ.v.0,1.0,4.0,2015,pseudo
macro_20150904_0830,NQ.v.0,1.0,5.0,2015,event
macro_20150911_0830_pseudo120,NQ.v.0,1.0,5.0,2015,pseudo
macro_20150911_0830,NQ.v.0,1.5,5.0,2015,event
macro_20150916_0830_pseudo120,NQ.v.0,1.5,5.0,2015,pseudo
macro_20150916_0830,NQ.v.0,1.0,4.0,2015,event
macro_placebo_20150923_0830,NQ.v.0,1.0,4.0,2015,control
macro_20151002_0830_pseudo120,NQ.v.0,1.5,5.0,2015,pseudo
macro_20151002_0830,NQ.v.0,1.0,4.0,2015,event
macro_20151014_0830_pseudo120,NQ.v.0,1.0,4.0,2015,pseudo
macro_20151014_0830,NQ.v.0,1.0,4.0,2015,event
macro_20151015_0830_pseudo120,NQ.v.0,1.0,4.0,2015,pseudo
macro_20151015_0830,NQ.v.0,1.0,4.0,2015,event
macro_20151106_0830_pseudo120,NQ.v.0,1.0,4.0,2015,pseudo
macro_20151106_0830,NQ.v.0,1.0,4.0,2015,event
macro_20151113_0830_pseudo120,NQ.v.0,1.0,4.0,2015,pseudo
macro_20151113_0830,NQ.v.0,1.0,4.0,2015,event
macro_20151117_0830_pseudo120,NQ.v.0,1.0,4.0,2015,pseudo
macro_20151117_0830,NQ.v.0,1.0,4.0,2015,event
macro_placebo_20151124_0830,NQ.v.0,1.0,4.0,2015,control
macro_20151204_0830_pseudo120,NQ.v.0,1.0,4.0,2015,pseudo
macro_20151204_0830,NQ.v.0,1.0,2.0,2015,event
macro_20151211_0830_pseudo120,NQ.v.0,1.0,2.0,2015,pseudo
macro_20151211_0830,NQ.v.0,1.0,3.0,2015,event
macro_20151215_0830_pseudo120,NQ.v.0,1.0,3.0,2015,pseudo
macro_20151215_0830,NQ.v.0,1.0,3.0,2015,event
macro_placebo_20151222_0830,NQ.v.0,1.0,3.0,2015,control
macro_20160108_0830_pseudo120,NQ.v.0,1.0,3.0,2016,pseudo
macro_20160108_0830,NQ.v.0,1.0,3.0,2016,event
macro_20160115_0830_pseudo120,NQ.v.0,1.0,3.0,2016,pseudo
macro_20160115_0830,NQ.v.0,1.0,3.0,2016,event
macro_20160120_0830_pseudo120,NQ.v.0,1.0,3.0,2016,pseudo
macro_20160120_0830,NQ.v.0,1.0,3.0,2016,event
macro_placebo_20160127_0830,NQ.v.0,1.0,3.0,2016,control
macro_20160205_0830_pseudo120,NQ.v.0,1.0,3.0,2016,pseudo
macro_20160205_0830,NQ.v.0,1.0,3.0,2016,event
macro_20160217_0830_pseudo120,NQ.v.0,1.0,3.0,2016,pseudo
macro_20160217_0830,NQ.v.0,1.0,3.0,2016,event
macro_20160219_0830_pseudo120,NQ.v.0,1.0,3.0,2016,pseudo
macro_20160219_0830,NQ.v.0,1.0,3.0,2016,event
macro_placebo_20160226_0830,NQ.v.0,1.0,3.0,2016,control
macro_20160304_0830_pseudo120,NQ.v.0,2.0,6.899999999999636,2016,pseudo
macro_20160304_0830,NQ.v.0,2.0,6.0,2016,event
macro_20160315_0830_pseudo120,NQ.v.0,2.0,6.899999999999636,2016,pseudo
macro_20160315_0830,NQ.v.0,1.5,6.0,2016,event
macro_20160316_0830_pseudo120,NQ.v.0,1.5,6.0,2016,pseudo
macro_20160316_0830,NQ.v.0,1.5,5.0,2016,event
macro_placebo_20160323_0830,NQ.v.0,1.5,4.0,2016,control
macro_20160401_0830_pseudo120,NQ.v.0,1.5,4.0,2016,pseudo
macro_20160401_0830,NQ.v.0,1.5,4.0,2016,event
macro_20160413_0830_pseudo120,NQ.v.0,1.5,4.0,2016,pseudo
macro_20160413_0830,NQ.v.0,1.5,4.0,2016,event
macro_20160414_0830_pseudo120,NQ.v.0,1.5,4.0,2016,pseudo
macro_20160414_0830,NQ.v.0,1.5,4.0,2016,event
macro_20160506_0830_pseudo120,NQ.v.0,1.5,4.0,2016,pseudo
macro_20160506_0830,NQ.v.0,1.5,5.0,2016,event
macro_20160513_0830_pseudo120,NQ.v.0,1.5,5.0,2016,pseudo
macro_20160513_0830,NQ.v.0,1.5,5.0,2016,event
macro_20160517_0830_pseudo120,NQ.v.0,1.5,5.0,2016,pseudo
macro_20160517_0830,NQ.v.0,1.5,6.0,2016,event
macro_placebo_20160524_0830,NQ.v.0,1.5,6.0,2016,control
macro_20160603_0830_pseudo120,NQ.v.0,1.0,2.899999999999636,2016,pseudo
macro_20160603_0830,NQ.v.0,1.0,3.0,2016,event
macro_20160615_0830_pseudo120,NQ.v.0,1.0,3.0,2016,pseudo
macro_20160615_0830,NQ.v.0,1.0,2.899999999999636,2016,event
macro_20160616_0830_pseudo120,NQ.v.0,1.0,2.899999999999636,2016,pseudo
macro_20160616_0830,NQ.v.0,1.0,3.0,2016,event
macro_20160708_0830_pseudo120,NQ.v.0,1.0,3.0,2016,pseudo
macro_20160708_0830,NQ.v.0,1.0,3.0,2016,event
macro_20160714_0830_pseudo120,NQ.v.0,1.0,3.9099999999998545,2016,pseudo
macro_20160714_0830,NQ.v.0,1.0,4.899999999999636,2016,event
macro_20160715_0830_pseudo120,NQ.v.0,1.0,5.0,2016,pseudo
macro_20160715_0830,NQ.v.0,1.0,5.0,2016,event
macro_placebo_20160722_0830,NQ.v.0,1.0,5.0,2016,control
macro_20160805_0830_pseudo120,NQ.v.0,1.0,5.0,2016,pseudo
macro_20160805_0830,NQ.v.0,1.0,5.0,2016,event
macro_20160812_0830_pseudo120,NQ.v.0,1.0,5.0,2016,pseudo
macro_20160812_0830,NQ.v.0,1.0,5.0,2016,event
macro_20160816_0830_pseudo120,NQ.v.0,1.0,5.0,2016,pseudo
macro_20160816_0830,NQ.v.0,1.0,4.0,2016,event
macro_placebo_20160823_0830,NQ.v.0,1.0,4.0,2016,control
macro_20160902_0830_pseudo120,NQ.v.0,1.0,4.899999999999636,2016,pseudo
macro_20160902_0830,NQ.v.0,1.0,4.899999999999636,2016,event
macro_20160915_0830_pseudo120,NQ.v.0,1.0,5.0,2016,pseudo
macro_20160915_0830,NQ.v.0,1.0,5.0,2016,event
macro_20160916_0830_pseudo120,NQ.v.0,1.0,5.0,2016,pseudo
macro_20160916_0830,NQ.v.0,1.0,5.0,2016,event
macro_placebo_20160923_0830,NQ.v.0,1.0,5.0,2016,control
macro_20161007_0830_pseudo120,NQ.v.0,1.0,5.0,2016,pseudo
macro_20161007_0830,NQ.v.0,1.0,5.0,2016,event
macro_20161014_0830_pseudo120,NQ.v.0,1.0,5.0,2016,pseudo
macro_20161014_0830,NQ.v.0,1.0,4.890000000000327,2016,event
macro_20161018_0830_pseudo120,NQ.v.0,1.0,4.0,2016,pseudo
macro_20161018_0830,NQ.v.0,1.0,4.0,2016,event
macro_placebo_20161025_0830,NQ.v.0,1.0,4.0,2016,control
macro_20161104_0830_pseudo120,NQ.v.0,1.0,4.0,2016,pseudo
macro_20161104_0830,NQ.v.0,1.0,4.0,2016,event
macro_20161116_0830_pseudo120,NQ.v.0,1.0,4.0,2016,pseudo
macro_20161116_0830,NQ.v.0,1.0,4.0,2016,event
macro_20161117_0830_pseudo120,NQ.v.0,1.0,4.0,2016,pseudo
macro_20161117_0830,NQ.v.0,1.0,5.0,2016,event
macro_20161202_0830_pseudo120,NQ.v.0,1.0,4.0,2016,pseudo
macro_20161202_0830,NQ.v.0,1.0,4.0,2016,event
macro_20161214_0830_pseudo120,NQ.v.0,1.0,3.899999999999636,2016,pseudo
macro_20161214_0830,NQ.v.0,1.0,3.0,2016,event
macro_20161215_0830_pseudo120,NQ.v.0,1.0,3.0,2016,pseudo
macro_20161215_0830,NQ.v.0,1.0,3.0,2016,event
macro_20170106_0830_pseudo120,NQ.v.0,1.0,3.0,2017,pseudo
macro_20170106_0830,NQ.v.0,1.0,2.0,2017,event
macro_20170113_0830_pseudo120,NQ.v.0,1.0,2.0,2017,pseudo
macro_20170113_0830,NQ.v.0,1.0,2.0,2017,event
macro_20170118_0830_pseudo120,NQ.v.0,1.0,2.0,2017,pseudo
macro_20170118_0830,NQ.v.0,1.0,2.0,2017,event
macro_placebo_20170125_0830,NQ.v.0,1.0,2.0,2017,control
macro_20170203_0830_pseudo120,NQ.v.0,1.0,2.0,2017,pseudo
macro_20170203_0830,NQ.v.0,1.0,2.0,2017,event
macro_20170214_0830_pseudo120,NQ.v.0,1.0,2.0,2017,pseudo
macro_20170214_0830,NQ.v.0,1.0,2.0,2017,event
macro_20170215_0830_pseudo120,NQ.v.0,1.0,2.0,2017,pseudo
macro_20170215_0830,NQ.v.0,1.0,2.0,2017,event
macro_placebo_20170222_0830,NQ.v.0,1.0,2.0,2017,control
macro_20170310_0830_pseudo120,NQ.v.0,1.0,2.0,2017,pseudo
macro_20170310_0830,NQ.v.0,1.0,2.0,2017,event
macro_20170314_0830_pseudo120,NQ.v.0,1.0,2.0,2017,pseudo
macro_20170314_0830,NQ.v.0,1.0,3.0,2017,event
macro_20170315_0830_pseudo120,NQ.v.0,1.0,3.0,2017,pseudo
macro_20170315_0830,NQ.v.0,1.0,3.0,2017,event
macro_placebo_20170322_0830,NQ.v.0,1.0,3.0,2017,control
macro_20170407_0830_pseudo120,NQ.v.0,1.0,3.0,2017,pseudo
macro_20170407_0830,NQ.v.0,1.0,3.0,2017,event
macro_20170413_0830_pseudo120,NQ.v.0,1.0,3.0,2017,pseudo
macro_20170413_0830,NQ.v.0,1.0,3.0,2017,event
macro_placebo_20170421_0830,NQ.v.0,1.0,3.0,2017,control
macro_20170505_0830_pseudo120,NQ.v.0,1.0,3.0,2017,pseudo
macro_20170505_0830,NQ.v.0,1.0,3.0,2017,event
macro_20170511_0830_pseudo120,NQ.v.0,1.0,3.0,2017,pseudo
macro_20170511_0830,NQ.v.0,1.0,3.0,2017,event
macro_20170512_0830_pseudo120,NQ.v.0,1.0,3.0,2017,pseudo
macro_20170512_0830,NQ.v.0,1.0,3.0,2017,event
macro_placebo_20170519_0830,NQ.v.0,1.0,3.0,2017,control
macro_20170602_0830_pseudo120,NQ.v.0,1.0,5.0,2017,pseudo
macro_20170602_0830,NQ.v.0,1.0,5.0,2017,event
macro_20170613_0830_pseudo120,NQ.v.0,1.0,5.0,2017,pseudo
macro_20170613_0830,NQ.v.0,1.0,5.0,2017,event
macro_20170614_0830_pseudo120,NQ.v.0,1.0,5.0,2017,pseudo
macro_20170614_0830,NQ.v.0,1.0,5.0,2017,event
macro_placebo_20170621_0830,NQ.v.0,1.0,5.0,2017,control
macro_20170707_0830_pseudo120,NQ.v.0,1.0,6.890000000000327,2017,pseudo
macro_20170707_0830,NQ.v.0,1.0,6.890000000000327,2017,event
macro_20170713_0830_pseudo120,NQ.v.0,1.0,6.899999999999636,2017,pseudo
macro_20170713_0830,NQ.v.0,1.0,5.0,2017,event
macro_20170714_0830_pseudo120,NQ.v.0,1.0,6.899999999999636,2017,pseudo
macro_20170714_0830,NQ.v.0,1.0,5.0,2017,event
macro_placebo_20170721_0830,NQ.v.0,1.0,6.899999999999636,2017,control
macro_20170804_0830_pseudo120,NQ.v.0,1.0,7.0,2017,pseudo
macro_20170804_0830,NQ.v.0,1.0,6.890000000000327,2017,event
macro_20170810_0830_pseudo120,NQ.v.0,1.0,6.899999999999636,2017,pseudo
macro_20170810_0830,NQ.v.0,1.0,5.0,2017,event
macro_20170811_0830_pseudo120,NQ.v.0,1.0,5.0,2017,pseudo
macro_20170811_0830,NQ.v.0,1.0,5.0,2017,event
macro_placebo_20170818_0830,NQ.v.0,1.0,3.0,2017,control
macro_20170901_0830_pseudo120,NQ.v.0,1.0,4.0,2017,pseudo
macro_20170901_0830,NQ.v.0,1.0,4.0,2017,event
macro_20170913_0830_pseudo120,NQ.v.0,1.0,4.0,2017,pseudo
macro_20170913_0830,NQ.v.0,1.0,4.0,2017,event
macro_20170914_0830_pseudo120,NQ.v.0,1.0,4.0,2017,pseudo
macro_20170914_0830,NQ.v.0,1.0,6.0,2017,event
macro_20171006_0830_pseudo120,NQ.v.0,1.0,4.0,2017,pseudo
macro_20171006_0830,NQ.v.0,1.0,4.0,2017,event
macro_20171012_0830_pseudo120,NQ.v.0,1.0,4.0,2017,pseudo
macro_20171012_0830,NQ.v.0,1.0,4.0,2017,event
macro_20171013_0830_pseudo120,NQ.v.0,1.0,4.0,2017,pseudo
macro_20171013_0830,NQ.v.0,1.0,4.0,2017,event
macro_placebo_20171020_0830,NQ.v.0,1.0,4.0,2017,control
macro_20171103_0830_pseudo120,NQ.v.0,1.0,5.0,2017,pseudo
macro_20171103_0830,NQ.v.0,1.0,5.0,2017,event
macro_placebo_20171108_0830,NQ.v.0,1.0,5.0,2017,control
macro_20171114_0830_pseudo120,NQ.v.0,1.0,9.899999999999636,2017,pseudo
macro_20171114_0830,NQ.v.0,1.0,8.890000000000327,2017,event
macro_20171115_0830_pseudo120,NQ.v.0,1.0,9.899999999999636,2017,pseudo
macro_20171115_0830,NQ.v.0,1.0,9.890000000000327,2017,event
macro_20171208_0830_pseudo120,NQ.v.0,1.0,7.0,2017,pseudo
macro_20171208_0830,NQ.v.0,1.0,8.899999999999636,2017,event
macro_20171212_0830_pseudo120,NQ.v.0,1.0,8.899999999999636,2017,pseudo
macro_20171212_0830,NQ.v.0,1.0,8.899999999999636,2017,event
macro_20171213_0830_pseudo120,NQ.v.0,1.0,7.0,2017,pseudo
macro_20171213_0830,NQ.v.0,1.0,6.0,2017,event
macro_placebo_20171220_0830,NQ.v.0,1.0,6.0,2017,control
macro_20180105_0830_pseudo120,NQ.v.0,1.0,6.0,2018,pseudo
macro_20180105_0830,NQ.v.0,1.0,6.0,2018,event
macro_20180111_0830_pseudo120,NQ.v.0,1.0,6.0,2018,pseudo
macro_20180111_0830,NQ.v.0,1.0,6.0,2018,event
macro_20180112_0830_pseudo120,NQ.v.0,1.0,6.0,2018,pseudo
macro_20180112_0830,NQ.v.0,1.0,7.0,2018,event
macro_placebo_20180119_0830,NQ.v.0,1.0,7.0,2018,control
macro_20180202_0830_pseudo120,NQ.v.0,1.0,7.0,2018,pseudo
macro_20180202_0830,NQ.v.0,1.0,7.0,2018,event
macro_20180214_0830_pseudo120,NQ.v.0,1.0,5.0,2018,pseudo
macro_20180214_0830,NQ.v.0,1.0,6.0,2018,event
macro_20180215_0830_pseudo120,NQ.v.0,1.0,6.0,2018,pseudo
macro_20180215_0830,NQ.v.0,1.0,5.0,2018,event
macro_placebo_20180221_0830,NQ.v.0,1.0,5.0,2018,control
macro_20180309_0830_pseudo120,NQ.v.0,1.0,5.0,2018,pseudo
macro_20180309_0830,NQ.v.0,1.0,5.0,2018,event
macro_20180313_0830_pseudo120,NQ.v.0,1.0,5.0,2018,pseudo
macro_20180313_0830,NQ.v.0,1.0,5.0,2018,event
macro_20180314_0830_pseudo120,NQ.v.0,1.0,5.0,2018,pseudo
macro_20180314_0830,NQ.v.0,1.0,5.0,2018,event
macro_placebo_20180320_0830,NQ.v.0,1.0,5.0,2018,control
macro_20180406_0830_pseudo120,NQ.v.0,1.0,5.0,2018,pseudo
macro_20180406_0830,NQ.v.0,1.0,5.0,2018,event
macro_20180410_0830_pseudo120,NQ.v.0,1.0,6.0,2018,pseudo
macro_20180410_0830,NQ.v.0,1.0,6.0,2018,event
macro_20180411_0830_pseudo120,NQ.v.0,1.0,5.0,2018,pseudo
macro_20180411_0830,NQ.v.0,1.5,5.0,2018,event
macro_placebo_20180418_0830,NQ.v.0,1.5,5.0,2018,control
macro_20180504_0830_pseudo120,NQ.v.0,1.5,6.0,2018,pseudo
macro_20180504_0830,NQ.v.0,1.5,5.0,2018,event
macro_20180509_0830_pseudo120,NQ.v.0,1.0,5.0,2018,pseudo
macro_20180509_0830,NQ.v.0,1.0,5.0,2018,event
macro_20180510_0830_pseudo120,NQ.v.0,1.0,5.0,2018,pseudo
macro_20180510_0830,NQ.v.0,1.0,5.0,2018,event
macro_20180601_0830_pseudo120,NQ.v.0,1.0,5.0,2018,pseudo
macro_20180601_0830,NQ.v.0,1.0,5.899999999999636,2018,event
macro_20180612_0830_pseudo120,NQ.v.0,1.0,5.899999999999636,2018,pseudo
macro_20180612_0830,NQ.v.0,1.0,5.0,2018,event
macro_20180613_0830_pseudo120,NQ.v.0,1.0,5.0,2018,pseudo
macro_20180613_0830,NQ.v.0,1.0,5.0,2018,event
macro_placebo_20180619_0830,NQ.v.0,1.0,5.0,2018,control
macro_20180706_0830_pseudo120,NQ.v.0,1.0,7.0,2018,pseudo
macro_20180706_0830,NQ.v.0,1.0,7.0,2018,event
macro_20180711_0830_pseudo120,NQ.v.0,1.0,7.0,2018,pseudo
macro_20180711_0830,NQ.v.0,1.0,6.0,2018,event
macro_20180712_0830_pseudo120,NQ.v.0,1.0,6.0,2018,pseudo
macro_20180712_0830,NQ.v.0,1.0,6.0,2018,event
macro_20180803_0830_pseudo120,NQ.v.0,1.0,6.0,2018,pseudo
macro_20180803_0830,NQ.v.0,1.0,5.0,2018,event
macro_20180809_0830_pseudo120,NQ.v.0,1.0,6.0,2018,pseudo
macro_20180809_0830,NQ.v.0,1.0,5.0,2018,event
macro_20180810_0830_pseudo120,NQ.v.0,1.0,6.0,2018,pseudo
macro_20180810_0830,NQ.v.0,1.0,5.0,2018,event
macro_placebo_20180817_0830,NQ.v.0,1.0,5.0,2018,control
macro_20180907_0830_pseudo120,NQ.v.0,1.0,6.0,2018,pseudo
macro_20180907_0830,NQ.v.0,1.5,6.0,2018,event
macro_20180912_0830_pseudo120,NQ.v.0,1.5,6.0,2018,pseudo
macro_20180912_0830,NQ.v.0,1.5,6.0,2018,event
macro_20180913_0830_pseudo120,NQ.v.0,1.5,6.0,2018,pseudo
macro_20180913_0830,NQ.v.0,1.5,6.0,2018,event
macro_20181005_0830_pseudo120,NQ.v.0,1.5,6.0,2018,pseudo
macro_20181005_0830,NQ.v.0,1.0,4.899999999999636,2018,event
macro_20181010_0830_pseudo120,NQ.v.0,1.0,4.0,2018,pseudo
macro_20181010_0830,NQ.v.0,1.0,4.899999999999636,2018,event
macro_20181011_0830_pseudo120,NQ.v.0,1.0,5.0,2018,pseudo
macro_20181011_0830,NQ.v.0,2.0,5.0,2018,event
macro_20181102_0830_pseudo120,NQ.v.0,2.0,5.0,2018,pseudo
macro_20181102_0830,NQ.v.0,2.0,6.0,2018,event
macro_placebo_20181107_0830,NQ.v.0,2.0,6.0,2018,control
macro_20181109_0830_pseudo120,NQ.v.0,2.0,7.0,2018,pseudo
macro_20181109_0830,NQ.v.0,2.0,7.0,2018,event
macro_20181114_0830_pseudo120,NQ.v.0,2.0,7.0,2018,pseudo
macro_20181114_0830,NQ.v.0,2.0,7.0,2018,event
macro_20181207_0830_pseudo120,NQ.v.0,2.0,7.0,2018,pseudo
macro_20181207_0830,NQ.v.0,2.0,8.0,2018,event
macro_20181211_0830_pseudo120,NQ.v.0,2.0,7.0,2018,pseudo
macro_20181211_0830,NQ.v.0,2.0,7.0,2018,event
macro_20181212_0830_pseudo120,NQ.v.0,2.0,7.0,2018,pseudo
macro_20181212_0830,NQ.v.0,2.0,7.0,2018,event
macro_placebo_20181219_0830,NQ.v.0,2.0,7.0,2018,control
macro_20190104_0830_pseudo120,NQ.v.0,2.0,7.0,2019,pseudo
macro_20190104_0830,NQ.v.0,2.0,7.0,2019,event
macro_20190111_0830_pseudo120,NQ.v.0,2.0,7.0,2019,pseudo
macro_20190111_0830,NQ.v.0,2.0,7.0,2019,event
macro_20190115_0830_pseudo120,NQ.v.0,2.0,7.0,2019,pseudo
macro_20190115_0830,NQ.v.0,2.0,6.0,2019,event
macro_placebo_20190118_0830,NQ.v.0,2.0,6.0,2019,control
macro_20190201_0830_pseudo120,NQ.v.0,1.5,7.0,2019,pseudo
macro_20190201_0830,NQ.v.0,1.5,7.0,2019,event
macro_20190213_0830_pseudo120,NQ.v.0,1.5,7.0,2019,pseudo
macro_20190213_0830,NQ.v.0,1.5,7.0,2019,event
macro_20190214_0830_pseudo120,NQ.v.0,1.5,7.0,2019,pseudo
macro_20190214_0830,NQ.v.0,1.5,6.0,2019,event
macro_placebo_20190220_0830,NQ.v.0,1.5,6.0,2019,control
macro_20190308_0830_pseudo120,NQ.v.0,1.5,5.0,2019,pseudo
macro_20190308_0830,NQ.v.0,1.5,5.0,2019,event
macro_20190312_0830_pseudo120,NQ.v.0,1.5,5.0,2019,pseudo
macro_20190312_0830,NQ.v.0,1.0,5.0,2019,event
macro_20190313_0830_pseudo120,NQ.v.0,1.0,4.0,2019,pseudo
macro_20190313_0830,NQ.v.0,1.0,4.0,2019,event
macro_placebo_20190319_0830,NQ.v.0,1.0,4.0,2019,control
macro_20190405_0830_pseudo120,NQ.v.0,1.0,4.0,2019,pseudo
macro_20190405_0830,NQ.v.0,1.0,4.0,2019,event
macro_20190410_0830_pseudo120,NQ.v.0,1.0,5.0,2019,pseudo
macro_20190410_0830,NQ.v.0,1.0,5.0,2019,event
macro_20190411_0830_pseudo120,NQ.v.0,1.0,5.0,2019,pseudo
macro_20190411_0830,NQ.v.0,1.0,5.0,2019,event
macro_placebo_20190417_0830,NQ.v.0,1.0,4.0,2019,control
macro_20190503_0830_pseudo120,NQ.v.0,1.0,4.0,2019,pseudo
macro_20190503_0830,NQ.v.0,1.0,4.0,2019,event
macro_20190509_0830_pseudo120,NQ.v.0,1.0,4.0,2019,pseudo
macro_20190509_0830,NQ.v.0,1.0,5.0,2019,event
macro_20190510_0830_pseudo120,NQ.v.0,1.0,5.0,2019,pseudo
macro_20190510_0830,NQ.v.0,1.0,5.0,2019,event
macro_placebo_20190517_0830,NQ.v.0,1.0,5.0,2019,control
macro_20190607_0830_pseudo120,NQ.v.0,1.5,6.0,2019,pseudo
macro_20190607_0830,NQ.v.0,1.5,6.0,2019,event
macro_20190611_0830_pseudo120,NQ.v.0,1.5,6.899999999999636,2019,pseudo
macro_20190611_0830,NQ.v.0,1.5,6.0,2019,event
macro_20190612_0830_pseudo120,NQ.v.0,1.5,6.899999999999636,2019,pseudo
macro_20190612_0830,NQ.v.0,1.5,6.0,2019,event
macro_placebo_20190619_0830,NQ.v.0,1.5,6.0,2019,control
macro_20190705_0830_pseudo120,NQ.v.0,1.5,6.0,2019,pseudo
macro_20190705_0830,NQ.v.0,1.5,6.0,2019,event
macro_20190711_0830_pseudo120,NQ.v.0,1.5,6.0,2019,pseudo
macro_20190711_0830,NQ.v.0,1.5,6.0,2019,event
macro_20190712_0830_pseudo120,NQ.v.0,1.5,7.0,2019,pseudo
macro_20190712_0830,NQ.v.0,1.5,7.0,2019,event
macro_20190802_0830_pseudo120,NQ.v.0,1.5,7.0,2019,pseudo
macro_20190802_0830,NQ.v.0,1.5,7.0,2019,event
macro_20190809_0830_pseudo120,NQ.v.0,1.5,7.0,2019,pseudo
macro_20190809_0830,NQ.v.0,1.5,7.0,2019,event
macro_20190813_0830_pseudo120,NQ.v.0,1.5,7.0,2019,pseudo
macro_20190813_0830,NQ.v.0,1.5,7.0,2019,event
macro_placebo_20190820_0830,NQ.v.0,1.5,7.0,2019,control
macro_20190906_0830_pseudo120,NQ.v.0,1.5,6.0,2019,pseudo
macro_20190906_0830,NQ.v.0,1.5,7.0,2019,event
macro_20190911_0830_pseudo120,NQ.v.0,1.5,6.0,2019,pseudo
macro_20190911_0830,NQ.v.0,1.5,7.0,2019,event
macro_20190912_0830_pseudo120,NQ.v.0,1.5,7.0,2019,pseudo
macro_20190912_0830,NQ.v.0,1.5,7.0,2019,event
macro_20191004_0830_pseudo120,NQ.v.0,1.5,7.0,2019,pseudo
macro_20191004_0830,NQ.v.0,1.5,7.0,2019,event
macro_20191008_0830_pseudo120,NQ.v.0,1.5,7.0,2019,pseudo
macro_20191008_0830,NQ.v.0,1.5,5.0,2019,event
macro_20191010_0830_pseudo120,NQ.v.0,1.5,5.9099999999998545,2019,pseudo
macro_20191010_0830,NQ.v.0,1.5,5.0,2019,event
macro_20191101_0830_pseudo120,NQ.v.0,1.5,5.0,2019,pseudo
macro_20191101_0830,NQ.v.0,1.5,5.899999999999636,2019,event
macro_20191113_0830_pseudo120,NQ.v.0,1.5,5.9099999999998545,2019,pseudo
macro_20191113_0830,NQ.v.0,1.5,5.0,2019,event
macro_20191114_0830_pseudo120,NQ.v.0,1.5,5.0,2019,pseudo
macro_20191114_0830,NQ.v.0,1.5,5.0,2019,event
macro_placebo_20191120_0830,NQ.v.0,1.5,4.0,2019,control
macro_20191206_0830_pseudo120,NQ.v.0,1.5,5.0,2019,pseudo
macro_20191206_0830,NQ.v.0,1.5,6.0,2019,event
macro_20191211_0830_pseudo120,NQ.v.0,1.0,5.9099999999998545,2019,pseudo
macro_20191211_0830,NQ.v.0,1.0,5.0,2019,event
macro_20191212_0830_pseudo120,NQ.v.0,1.0,5.0,2019,pseudo
macro_20191212_0830,NQ.v.0,1.0,5.0,2019,event
macro_placebo_20191218_0830,NQ.v.0,1.0,5.0,2019,control
macro_20200110_0830_pseudo120,NQ.v.0,1.0,6.0,2020,pseudo
macro_20200110_0830,NQ.v.0,1.0,6.0,2020,event
macro_20200114_0830_pseudo120,NQ.v.0,1.0,6.0,2020,pseudo
macro_20200114_0830,NQ.v.0,1.0,6.0,2020,event
macro_20200115_0830_pseudo120,NQ.v.0,1.0,6.0,2020,pseudo
macro_20200115_0830,NQ.v.0,1.0,7.0,2020,event
macro_placebo_20200121_0830,NQ.v.0,1.0,7.0,2020,control
macro_20200207_0830_pseudo120,NQ.v.0,1.0,7.0,2020,pseudo
macro_20200207_0830,NQ.v.0,1.0,7.0,2020,event
macro_20200213_0830_pseudo120,NQ.v.0,1.0,7.0,2020,pseudo
macro_20200213_0830,NQ.v.0,1.0,7.0,2020,event
macro_20200219_0830_pseudo120,NQ.v.0,1.0,7.0,2020,pseudo
macro_20200219_0830,NQ.v.0,1.0,7.0,2020,event
macro_20200306_0830_pseudo120,NQ.v.0,1.0,7.0,2020,pseudo
macro_20200306_0830,NQ.v.0,3.0,6.899999999999636,2020,event
macro_20200311_0830_pseudo120,NQ.v.0,3.0,6.0,2020,pseudo
macro_20200311_0830,NQ.v.0,3.0,6.0,2020,event
macro_20200312_0830_pseudo120,NQ.v.0,3.0,6.0,2020,pseudo
macro_20200312_0830,NQ.v.0,3.0,6.0,2020,event
macro_placebo_20200318_0830,NQ.v.0,3.0,6.0,2020,control
macro_20200403_0830_pseudo120,NQ.v.0,3.0,6.0,2020,pseudo
macro_20200403_0830,NQ.v.0,3.0,5.0,2020,event
macro_20200409_0830_pseudo120,NQ.v.0,3.0,5.0,2020,pseudo
macro_20200409_0830,NQ.v.0,3.5,5.0,2020,event
macro_placebo_20200417_0830,NQ.v.0,3.5,5.0,2020,control
macro_20200508_0830_pseudo120,NQ.v.0,3.5,5.0,2020,pseudo
macro_20200508_0830,NQ.v.0,3.5,5.0,2020,event
macro_20200512_0830_pseudo120,NQ.v.0,3.5,5.0,2020,pseudo
macro_20200512_0830,NQ.v.0,3.5,4.0,2020,event
macro_20200513_0830_pseudo120,NQ.v.0,3.5,4.0,2020,pseudo
macro_20200513_0830,NQ.v.0,3.5,4.0,2020,event
macro_placebo_20200519_0830,NQ.v.0,3.5,4.0,2020,control
macro_20200605_0830_pseudo120,NQ.v.0,3.5,4.0,2020,pseudo
macro_20200605_0830,NQ.v.0,3.5,4.0,2020,event
macro_20200610_0830_pseudo120,NQ.v.0,2.5,3.0,2020,pseudo
macro_20200610_0830,NQ.v.0,2.5,4.0,2020,event
macro_20200611_0830_pseudo120,NQ.v.0,2.5,4.0,2020,pseudo
macro_20200611_0830,NQ.v.0,2.5,4.0,2020,event
macro_placebo_20200617_0830,NQ.v.0,2.5,4.0,2020,control
macro_20200702_0830_pseudo120,NQ.v.0,2.5,4.0,2020,pseudo
macro_20200702_0830,NQ.v.0,2.5,4.0,2020,event
macro_20200710_0830_pseudo120,NQ.v.0,2.5,5.0,2020,pseudo
macro_20200710_0830,NQ.v.0,2.0,5.0,2020,event
macro_20200714_0830_pseudo120,NQ.v.0,2.0,5.0,2020,pseudo
macro_20200714_0830,NQ.v.0,2.0,6.0,2020,event
macro_placebo_20200721_0830,NQ.v.0,2.0,5.0,2020,control
macro_20200807_0830_pseudo120,NQ.v.0,2.0,5.0,2020,pseudo
macro_20200807_0830,NQ.v.0,2.0,5.0,2020,event
macro_20200811_0830_pseudo120,NQ.v.0,2.0,5.0,2020,pseudo
macro_20200811_0830,NQ.v.0,2.0,6.0,2020,event
macro_20200812_0830_pseudo120,NQ.v.0,2.449999999999818,5.0,2020,pseudo
macro_20200812_0830,NQ.v.0,2.0,5.0,2020,event
macro_placebo_20200819_0830,NQ.v.0,2.0,5.0,2020,control
macro_20200904_0830_pseudo120,NQ.v.0,2.0,5.0,2020,pseudo
macro_20200904_0830,NQ.v.0,2.5,5.0,2020,event
macro_20200910_0830_pseudo120,NQ.v.0,2.5,6.0,2020,pseudo
macro_20200910_0830,NQ.v.0,3.0,7.0,2020,event
macro_20200911_0830_pseudo120,NQ.v.0,3.0,7.0,2020,pseudo
macro_20200911_0830,NQ.v.0,3.0,6.890000000000327,2020,event
macro_placebo_20200918_0830,NQ.v.0,3.0,6.899999999999636,2020,control
macro_20201002_0830_pseudo120,NQ.v.0,3.0,6.0,2020,pseudo
macro_20201002_0830,NQ.v.0,3.0,7.0,2020,event
macro_20201013_0830_pseudo120,NQ.v.0,3.449999999999818,7.0,2020,pseudo
macro_20201013_0830,NQ.v.0,3.5,8.0,2020,event
macro_20201014_0830_pseudo120,NQ.v.0,3.5,7.0,2020,pseudo
macro_20201014_0830,NQ.v.0,3.4450000000001637,7.0,2020,event
macro_placebo_20201020_0830,NQ.v.0,3.5,7.0,2020,control
macro_20201106_0830_pseudo120,NQ.v.0,3.5,7.0,2020,pseudo
macro_20201106_0830,NQ.v.0,3.5,8.0,2020,event
macro_20201112_0830_pseudo120,NQ.v.0,3.5,8.0,2020,pseudo
macro_20201112_0830,NQ.v.0,3.5,8.0,2020,event
macro_20201113_0830_pseudo120,NQ.v.0,3.5,8.0,2020,pseudo
macro_20201113_0830,NQ.v.0,3.5,13.0,2020,event
macro_20201204_0830_pseudo120,NQ.v.0,3.5,15.0,2020,pseudo
macro_20201204_0830,NQ.v.0,3.5,13.0,2020,event
macro_20201210_0830_pseudo120,NQ.v.0,3.5,11.0,2020,pseudo
macro_20201210_0830,NQ.v.0,3.0,10.0,2020,event
macro_20201211_0830_pseudo120,NQ.v.0,3.0,10.0,2020,pseudo
macro_20201211_0830,NQ.v.0,3.449999999999818,10.0,2020,event
macro_20210108_0830_pseudo120,NQ.v.0,3.449999999999818,10.0,2021,pseudo
macro_20210108_0830,NQ.v.0,3.5,10.0,2021,event
macro_20210113_0830_pseudo120,NQ.v.0,3.0,11.0,2021,pseudo
macro_20210113_0830,NQ.v.0,2.949999999999818,11.0,2021,event
macro_20210115_0830_pseudo120,NQ.v.0,2.5,10.0,2021,pseudo
macro_20210115_0830,NQ.v.0,2.5,10.0,2021,event
macro_placebo_20210120_0830,NQ.v.0,2.5,10.0,2021,control
macro_placebo_20210203_0830,NQ.v.0,2.5,10.0,2021,control
macro_20210205_0830_pseudo120,NQ.v.0,2.5,10.0,2021,pseudo
macro_20210205_0830,NQ.v.0,2.5,10.0,2021,event
macro_20210210_0830_pseudo120,NQ.v.0,2.5,10.0,2021,pseudo
macro_20210210_0830,NQ.v.0,2.5,10.0,2021,event
macro_20210217_0830_pseudo120,NQ.v.0,2.0,10.0,2021,pseudo
macro_20210217_0830,NQ.v.0,2.5,7.0,2021,event
macro_20210305_0830_pseudo120,NQ.v.0,2.5,7.0,2021,pseudo
macro_20210305_0830,NQ.v.0,2.5,8.0,2021,event
macro_20210310_0830_pseudo120,NQ.v.0,2.5,8.0,2021,pseudo
macro_20210310_0830,NQ.v.0,2.5,8.0,2021,event
macro_20210312_0830_pseudo120,NQ.v.0,2.5,8.0,2021,pseudo
macro_20210312_0830,NQ.v.0,2.5,8.0,2021,event
macro_placebo_20210317_0830,NQ.v.0,2.5,8.0,2021,control
macro_20210402_0830_pseudo120,NQ.v.0,2.5,8.0,2021,pseudo
macro_20210402_0830,NQ.v.0,2.5,8.0,2021,event
macro_20210409_0830_pseudo120,NQ.v.0,2.5,8.0,2021,pseudo
macro_20210409_0830,NQ.v.0,2.5,8.0,2021,event
macro_20210413_0830_pseudo120,NQ.v.0,2.5,8.0,2021,pseudo
macro_20210413_0830,NQ.v.0,2.5,8.0,2021,event
macro_placebo_20210420_0830,NQ.v.0,2.5,8.0,2021,control
macro_20210507_0830_pseudo120,NQ.v.0,2.5,8.0,2021,pseudo
macro_20210507_0830,NQ.v.0,2.5,7.0,2021,event
macro_20210512_0830_pseudo120,NQ.v.0,2.5,7.0,2021,pseudo
macro_20210512_0830,NQ.v.0,3.0,8.0,2021,event
macro_20210513_0830_pseudo120,NQ.v.0,3.0,8.0,2021,pseudo
macro_20210513_0830,NQ.v.0,3.0,7.0,2021,event
macro_placebo_20210519_0830,NQ.v.0,3.0,7.0,2021,control
macro_20210604_0830_pseudo120,NQ.v.0,2.5,7.0,2021,pseudo
macro_20210604_0830,NQ.v.0,2.5,7.0,2021,event
macro_20210610_0830_pseudo120,NQ.v.0,2.5,7.0,2021,pseudo
macro_20210610_0830,NQ.v.0,2.5,7.0,2021,event
macro_20210615_0830_pseudo120,NQ.v.0,2.5,6.0,2021,pseudo
macro_20210615_0830,NQ.v.0,2.5,6.0,2021,event
macro_20210702_0830_pseudo120,NQ.v.0,2.5,6.0,2021,pseudo
macro_20210702_0830,NQ.v.0,2.5,6.0,2021,event
macro_20210713_0830_pseudo120,NQ.v.0,2.5,6.0,2021,pseudo
macro_20210713_0830,NQ.v.0,2.5,6.0,2021,event
macro_20210714_0830_pseudo120,NQ.v.0,2.5,6.0,2021,pseudo
macro_20210714_0830,NQ.v.0,2.5,6.0,2021,event
macro_placebo_20210720_0830,NQ.v.0,2.5,6.0,2021,control
macro_20210806_0830_pseudo120,NQ.v.0,2.5,6.0,2021,pseudo
macro_20210806_0830,NQ.v.0,2.5,6.0,2021,event
macro_20210811_0830_pseudo120,NQ.v.0,2.5,6.0,2021,pseudo
macro_20210811_0830,NQ.v.0,2.5,6.0,2021,event
macro_20210812_0830_pseudo120,NQ.v.0,2.5,6.0,2021,pseudo
macro_20210812_0830,NQ.v.0,2.5,6.0,2021,event
macro_placebo_20210818_0830,NQ.v.0,2.5,6.0,2021,control
macro_20210903_0830_pseudo120,NQ.v.0,2.5,6.0,2021,pseudo
macro_20210903_0830,NQ.v.0,2.000000000007276,5.0,2021,event
macro_20210910_0830_pseudo120,NQ.v.0,2.5,5.0,2021,pseudo
macro_20210910_0830,NQ.v.0,2.000000000007276,5.0,2021,event
macro_20210914_0830_pseudo120,NQ.v.0,2.000000000007276,5.0,2021,pseudo
macro_20210914_0830,NQ.v.0,2.0,5.0,2021,event
macro_placebo_20210921_0830,NQ.v.0,2.0,5.0,2021,control
macro_20211008_0830_pseudo120,NQ.v.0,2.4500000000005455,6.0,2021,pseudo
macro_20211008_0830,NQ.v.0,5.945000000000164,10.0,2021,event
macro_20211013_0830_pseudo120,NQ.v.0,6.0,10.0,2021,pseudo
macro_20211013_0830,NQ.v.0,5.945000000000164,10.0,2021,event
macro_20211014_0830_pseudo120,NQ.v.0,6.0,10.0,2021,pseudo
macro_20211014_0830,NQ.v.0,5.945000000000164,10.0,2021,event
macro_placebo_20211020_0830,NQ.v.0,6.0,10.0,2021,control
macro_20211105_0830_pseudo120,NQ.v.0,6.0,11.0,2021,pseudo
macro_20211105_0830,NQ.v.0,6.0,11.0,2021,event
macro_20211109_0830_pseudo120,NQ.v.0,6.5,12.0,2021,pseudo
macro_20211109_0830,NQ.v.0,6.0,11.0,2021,event
macro_20211110_0830_pseudo120,NQ.v.0,6.5,12.0,2021,pseudo
macro_20211110_0830,NQ.v.0,6.0,11.0,2021,event
macro_placebo_20211117_0830,NQ.v.0,6.5,12.0,2021,control
macro_20211203_0830_pseudo120,NQ.v.0,6.5,12.0,2021,pseudo
macro_20211203_0830,NQ.v.0,6.0,11.0,2021,event
macro_20211210_0830_pseudo120,NQ.v.0,6.5,12.0,2021,pseudo
macro_20211210_0830,NQ.v.0,6.0,11.0,2021,event
macro_20211214_0830_pseudo120,NQ.v.0,6.5,12.0,2021,pseudo
macro_20211214_0830,NQ.v.0,6.0,11.0,2021,event
macro_placebo_20211217_0830,NQ.v.0,6.5,12.0,2021,control
macro_20220107_0830_pseudo120,NQ.v.0,3.5,8.0,2022,pseudo
macro_20220107_0830,NQ.v.0,4.0,8.0,2022,event
macro_20220112_0830_pseudo120,NQ.v.0,4.0,8.0,2022,pseudo
macro_20220112_0830,NQ.v.0,4.0,8.0,2022,event
macro_20220113_0830_pseudo120,NQ.v.0,4.0,8.0,2022,pseudo
macro_20220113_0830,NQ.v.0,4.0,8.0,2022,event
macro_placebo_20220119_0830,NQ.v.0,4.5,8.0,2022,control
macro_20220204_0830_pseudo120,NQ.v.0,4.0,8.0,2022,pseudo
macro_20220204_0830,NQ.v.0,4.445000000000164,8.0,2022,event
macro_20220210_0830_pseudo120,NQ.v.0,4.5,8.0,2022,pseudo
macro_20220210_0830,NQ.v.0,4.445000000000164,8.0,2022,event
macro_20220215_0830_pseudo120,NQ.v.0,4.5,8.0,2022,pseudo
macro_20220215_0830,NQ.v.0,4.445000000000164,8.0,2022,event
macro_20220304_0830_pseudo120,NQ.v.0,4.5,8.0,2022,pseudo
macro_20220304_0830,NQ.v.0,4.5,8.0,2022,event
macro_20220310_0830_pseudo120,NQ.v.0,4.5,8.0,2022,pseudo
macro_20220310_0830,NQ.v.0,4.5,8.0,2022,event
macro_20220315_0830_pseudo120,NQ.v.0,4.5,8.0,2022,pseudo
macro_20220315_0830,NQ.v.0,5.0,8.0,2022,event
macro_20220401_0830_pseudo120,NQ.v.0,5.0,8.0,2022,pseudo
macro_20220401_0830,NQ.v.0,4.5,7.0,2022,event
macro_20220412_0830_pseudo120,NQ.v.0,4.5,6.0,2022,pseudo
macro_20220412_0830,NQ.v.0,4.5,7.0,2022,event
macro_20220413_0830_pseudo120,NQ.v.0,4.5,7.0,2022,pseudo
macro_20220413_0830,NQ.v.0,4.5,6.0,2022,event
macro_placebo_20220419_0830,NQ.v.0,4.5,6.0,2022,control
macro_20220506_0830_pseudo120,NQ.v.0,4.5,6.0,2022,pseudo
macro_20220506_0830,NQ.v.0,4.5,7.0,2022,event
macro_20220511_0830_pseudo120,NQ.v.0,4.0,7.0,2022,pseudo
macro_20220511_0830,NQ.v.0,4.0,7.899999999999636,2022,event
macro_20220512_0830_pseudo120,NQ.v.0,4.5,9.0,2022,pseudo
macro_20220512_0830,NQ.v.0,4.5,9.0,2022,event
macro_placebo_20220518_0830,NQ.v.0,4.5,9.0,2022,control
macro_20220603_0830_pseudo120,NQ.v.0,4.5,10.0,2022,pseudo
macro_20220603_0830,NQ.v.0,4.5,10.0,2022,event
macro_20220610_0830_pseudo120,NQ.v.0,4.5,10.0,2022,pseudo
macro_20220610_0830,NQ.v.0,4.5,10.0,2022,event
macro_20220614_0830_pseudo120,NQ.v.0,4.5,10.0,2022,pseudo
macro_20220614_0830,NQ.v.0,4.5,10.0,2022,event
macro_placebo_20220617_0830,NQ.v.0,4.5,10.0,2022,control
macro_20220708_0830_pseudo120,NQ.v.0,4.5,10.0,2022,pseudo
macro_20220708_0830,NQ.v.0,4.5,10.0,2022,event
macro_20220713_0830_pseudo120,NQ.v.0,4.5,9.0,2022,pseudo
macro_20220713_0830,NQ.v.0,4.5,10.0,2022,event
macro_20220714_0830_pseudo120,NQ.v.0,4.5,10.0,2022,pseudo
macro_20220714_0830,NQ.v.0,4.5,10.0,2022,event
macro_placebo_20220720_0830,NQ.v.0,4.5,10.0,2022,control
macro_20220805_0830_pseudo120,NQ.v.0,5.0,11.0,2022,pseudo
macro_20220805_0830,NQ.v.0,5.5,13.0,2022,event
macro_20220810_0830_pseudo120,NQ.v.0,6.0,12.0,2022,pseudo
macro_20220810_0830,NQ.v.0,14.945000000000164,28.890000000000327,2022,event
macro_20220811_0830_pseudo120,NQ.v.0,15.5,28.899999999999636,2022,pseudo
macro_20220811_0830,NQ.v.0,14.945000000000164,27.0,2022,event
macro_placebo_20220817_0830,NQ.v.0,15.5,28.899999999999636,2022,control
macro_20220902_0830_pseudo120,NQ.v.0,18.0,30.0,2022,pseudo
macro_20220902_0830,NQ.v.0,17.0,28.0,2022,event
macro_20220913_0830_pseudo120,NQ.v.0,18.0,30.0,2022,pseudo
macro_20220913_0830,NQ.v.0,17.0,28.0,2022,event
macro_20220914_0830_pseudo120,NQ.v.0,18.0,30.0,2022,pseudo
macro_20220914_0830,NQ.v.0,17.0,28.0,2022,event
macro_placebo_20220920_0830,NQ.v.0,18.0,30.0,2022,control
macro_20221007_0830_pseudo120,NQ.v.0,18.0,33.0,2022,pseudo
macro_20221007_0830,NQ.v.0,17.0,30.0,2022,event
macro_20221012_0830_pseudo120,NQ.v.0,18.0,33.0,2022,pseudo
macro_20221012_0830,NQ.v.0,15.5,28.0,2022,event
macro_20221013_0830_pseudo120,NQ.v.0,16.449999999999818,30.0,2022,pseudo
macro_20221013_0830,NQ.v.0,15.5,30.0,2022,event
macro_20221104_0830_pseudo120,NQ.v.0,17.0,33.0,2022,pseudo
macro_20221104_0830,NQ.v.0,17.0,31.0,2022,event
macro_20221110_0830_pseudo120,NQ.v.0,17.0,31.0,2022,pseudo
macro_20221110_0830,NQ.v.0,7.0,20.0,2022,event
macro_20221115_0830_pseudo120,NQ.v.0,7.0,21.0,2022,pseudo
macro_20221115_0830,NQ.v.0,7.0,21.0,2022,event
macro_20221202_0830_pseudo120,NQ.v.0,7.0,21.0,2022,pseudo
macro_20221202_0830,NQ.v.0,4.5,16.899999999999636,2022,event
macro_20221209_0830_pseudo120,NQ.v.0,4.5,16.909999999999854,2022,pseudo
macro_20221209_0830,NQ.v.0,4.0,14.0,2022,event
macro_20221213_0830_pseudo120,NQ.v.0,4.0,13.0,2022,pseudo
macro_20221213_0830,NQ.v.0,4.5,12.899999999999636,2022,event
macro_placebo_20221220_0830,NQ.v.0,5.0,14.0,2022,control
macro_20230106_0830_pseudo120,NQ.v.0,5.0,16.0,2023,pseudo
macro_20230106_0830,NQ.v.0,5.0,13.0,2023,event
macro_20230112_0830_pseudo120,NQ.v.0,5.0,13.0,2023,pseudo
macro_20230112_0830,NQ.v.0,5.0,15.899999999999636,2023,event
macro_20230118_0830_pseudo120,NQ.v.0,6.0,21.0,2023,pseudo
macro_20230118_0830,NQ.v.0,5.5,21.0,2023,event
macro_20230203_0830_pseudo120,NQ.v.0,6.0,19.0,2023,pseudo
macro_20230203_0830,NQ.v.0,5.5,13.899999999999636,2023,event
macro_20230214_0830_pseudo120,NQ.v.0,5.954999999999927,15.909999999999854,2023,pseudo
macro_20230214_0830,NQ.v.0,6.5,15.899999999999636,2023,event
macro_20230216_0830_pseudo120,NQ.v.0,6.5,16.0,2023,pseudo
macro_20230216_0830,NQ.v.0,6.5,14.899999999999636,2023,event
macro_placebo_20230221_0830,NQ.v.0,6.5,15.0,2023,control
macro_20230310_0830_pseudo120,NQ.v.0,6.5,17.899999999999636,2023,pseudo
macro_20230310_0830,NQ.v.0,6.949999999999818,19.0,2023,event
macro_20230314_0830_pseudo120,NQ.v.0,6.949999999999818,19.0,2023,pseudo
macro_20230314_0830,NQ.v.0,6.949999999999818,19.0,2023,event
macro_20230315_0830_pseudo120,NQ.v.0,6.949999999999818,19.0,2023,pseudo
macro_20230315_0830,NQ.v.0,7.0,20.0,2023,event
macro_placebo_20230321_0830,NQ.v.0,6.5,18.0,2023,control
macro_20230407_0830_pseudo120,NQ.v.0,6.5,17.0,2023,pseudo
macro_20230407_0830,NQ.v.0,6.5,17.0,2023,event
macro_20230412_0830_pseudo120,NQ.v.0,6.5,17.0,2023,pseudo
macro_20230412_0830,NQ.v.0,6.5,17.0,2023,event
macro_20230413_0830_pseudo120,NQ.v.0,5.0,15.0,2023,pseudo
macro_20230413_0830,NQ.v.0,5.5,15.0,2023,event
macro_placebo_20230419_0830,NQ.v.0,5.5,15.0,2023,control
macro_20230505_0830_pseudo120,NQ.v.0,5.0,14.0,2023,pseudo
macro_20230505_0830,NQ.v.0,5.0,13.0,2023,event
macro_20230510_0830_pseudo120,NQ.v.0,4.0,13.0,2023,pseudo
macro_20230510_0830,NQ.v.0,4.0,13.0,2023,event
macro_20230511_0830_pseudo120,NQ.v.0,4.0,13.0,2023,pseudo
macro_20230511_0830,NQ.v.0,4.0,12.0,2023,event
macro_placebo_20230517_0830,NQ.v.0,4.0,11.0,2023,control
macro_20230602_0830_pseudo120,NQ.v.0,3.5,10.0,2023,pseudo
macro_20230602_0830,NQ.v.0,3.5,10.890000000000327,2023,event
macro_20230613_0830_pseudo120,NQ.v.0,3.5,10.899999999999636,2023,pseudo
macro_20230613_0830,NQ.v.0,3.5,10.0,2023,event
macro_20230614_0830_pseudo120,NQ.v.0,3.5,9.0,2023,pseudo
macro_20230614_0830,NQ.v.0,3.5,9.0,2023,event
macro_placebo_20230620_0830,NQ.v.0,3.0,9.0,2023,control
macro_20230707_0830_pseudo120,NQ.v.0,3.5,9.0,2023,pseudo
macro_20230707_0830,NQ.v.0,3.5,9.0,2023,event
macro_20230712_0830_pseudo120,NQ.v.0,3.5,9.0,2023,pseudo
macro_20230712_0830,NQ.v.0,3.5,9.0,2023,event
macro_20230713_0830_pseudo120,NQ.v.0,3.5,9.0,2023,pseudo
macro_20230713_0830,NQ.v.0,3.5,9.0,2023,event
macro_placebo_20230719_0830,NQ.v.0,3.5,9.899999999999636,2023,control
macro_20230804_0830_pseudo120,NQ.v.0,3.5,10.0,2023,pseudo
macro_20230804_0830,NQ.v.0,3.5,13.0,2023,event
macro_20230810_0830_pseudo120,NQ.v.0,3.5,13.0,2023,pseudo
macro_20230810_0830,NQ.v.0,3.5,12.0,2023,event
macro_20230811_0830_pseudo120,NQ.v.0,4.5,15.0,2023,pseudo
macro_20230811_0830,NQ.v.0,4.5,14.0,2023,event
macro_20230901_0830_pseudo120,NQ.v.0,5.0,14.899999999999636,2023,pseudo
macro_20230901_0830,NQ.v.0,4.5,14.0,2023,event
macro_20230913_0830_pseudo120,NQ.v.0,4.5,14.0,2023,pseudo
macro_20230913_0830,NQ.v.0,4.5,14.0,2023,event
macro_20230914_0830_pseudo120,NQ.v.0,4.5,14.0,2023,pseudo
macro_20230914_0830,NQ.v.0,4.5,14.0,2023,event
macro_placebo_20230920_0830,NQ.v.0,4.5,14.0,2023,control
macro_20231006_0830_pseudo120,NQ.v.0,4.0,14.0,2023,pseudo
macro_20231006_0830,NQ.v.0,4.5,14.0,2023,event
macro_20231011_0830_pseudo120,NQ.v.0,4.0,14.0,2023,pseudo
macro_20231011_0830,NQ.v.0,4.0,14.0,2023,event
macro_20231012_0830_pseudo120,NQ.v.0,4.0,14.0,2023,pseudo
macro_20231012_0830,NQ.v.0,4.0,14.0,2023,event
macro_20231103_0830_pseudo120,NQ.v.0,4.0,14.0,2023,pseudo
macro_20231103_0830,NQ.v.0,4.0,14.0,2023,event
macro_20231114_0830_pseudo120,NQ.v.0,4.0,11.909999999999854,2023,pseudo
macro_20231114_0830,NQ.v.0,3.5,10.0,2023,event
macro_20231115_0830_pseudo120,NQ.v.0,4.0,11.909999999999854,2023,pseudo
macro_20231115_0830,NQ.v.0,3.0,9.0,2023,event
macro_placebo_20231121_0830,NQ.v.0,3.0,10.0,2023,control
macro_20231208_0830_pseudo120,NQ.v.0,3.0,12.0,2023,pseudo
macro_20231208_0830,NQ.v.0,3.5,13.0,2023,event
macro_20231212_0830_pseudo120,NQ.v.0,3.5,13.0,2023,pseudo
macro_20231212_0830,NQ.v.0,3.5,13.0,2023,event
macro_20231213_0830_pseudo120,NQ.v.0,4.0,13.899999999999636,2023,pseudo
macro_20231213_0830,NQ.v.0,4.0,14.0,2023,event
macro_placebo_20231219_0830,NQ.v.0,4.0,14.0,2023,control
macro_20240105_0830_pseudo120,NQ.v.0,5.0,15.0,2024,pseudo
macro_20240105_0830,NQ.v.0,4.5,15.0,2024,event
macro_placebo_20240110_0830,NQ.v.0,4.5,15.0,2024,control
macro_20240111_0830_pseudo120,NQ.v.0,5.0,15.0,2024,pseudo
macro_20240111_0830,NQ.v.0,4.5,15.0,2024,event
macro_20240112_0830_pseudo120,NQ.v.0,5.0,15.0,2024,pseudo
macro_20240112_0830,NQ.v.0,5.0,15.0,2024,event
macro_20240117_0830_pseudo120,NQ.v.0,5.0,15.0,2024,pseudo
macro_20240117_0830,NQ.v.0,5.0,14.0,2024,event
macro_20240202_0830_pseudo120,NQ.v.0,5.0,15.0,2024,pseudo
macro_20240202_0830,NQ.v.0,5.0,15.0,2024,event
macro_20240213_0830_pseudo120,NQ.v.0,5.5,16.0,2024,pseudo
macro_20240213_0830,NQ.v.0,5.0,15.0,2024,event
macro_placebo_20240214_0830,NQ.v.0,5.0,14.0,2024,control
macro_20240215_0830_pseudo120,NQ.v.0,5.5,15.0,2024,pseudo
macro_20240215_0830,NQ.v.0,5.0,14.0,2024,event
macro_20240216_0830_pseudo120,NQ.v.0,5.449999999999818,14.0,2024,pseudo
macro_20240216_0830,NQ.v.0,4.5,13.0,2024,event
macro_20240308_0830_pseudo120,NQ.v.0,4.5,13.0,2024,pseudo
macro_20240308_0830,NQ.v.0,4.5,13.0,2024,event
macro_20240312_0830_pseudo120,NQ.v.0,3.0,11.0,2024,pseudo
macro_20240312_0830,NQ.v.0,3.449999999999818,11.0,2024,event
macro_placebo_20240313_0830,NQ.v.0,3.5,11.0,2024,control
macro_20240314_0830_pseudo120,NQ.v.0,3.449999999999818,10.0,2024,pseudo
macro_20240314_0830,NQ.v.0,3.0,10.0,2024,event
macro_20240405_0830_pseudo120,NQ.v.0,3.0,10.0,2024,pseudo
macro_20240405_0830,NQ.v.0,3.5,10.0,2024,event
macro_20240410_0830_pseudo120,NQ.v.0,3.0,10.0,2024,pseudo
macro_20240410_0830,NQ.v.0,3.5,11.0,2024,event
macro_20240411_0830_pseudo120,NQ.v.0,4.0,12.0,2024,pseudo
macro_20240411_0830,NQ.v.0,4.0,11.0,2024,event
macro_20240415_0830_pseudo120,NQ.v.0,3.949999999999818,10.0,2024,pseudo
macro_20240415_0830,NQ.v.0,3.949999999999818,10.0,2024,event
macro_placebo_20240417_0830,NQ.v.0,3.949999999999818,10.0,2024,control
macro_20240503_0830_pseudo120,NQ.v.0,3.5,10.0,2024,pseudo
macro_20240503_0830,NQ.v.0,3.5,10.0,2024,event
macro_placebo_20240508_0830,NQ.v.0,4.0,11.0,2024,control
macro_20240514_0830_pseudo120,NQ.v.0,4.0,12.0,2024,pseudo
macro_20240514_0830,NQ.v.0,4.0,11.0,2024,event
macro_20240515_0830_pseudo120,NQ.v.0,4.0,12.0,2024,pseudo
macro_20240515_0830,NQ.v.0,4.0,12.890000000000327,2024,event
macro_20240607_0830_pseudo120,NQ.v.0,4.0,12.899999999999636,2024,pseudo
macro_20240607_0830,NQ.v.0,4.0,12.0,2024,event
macro_placebo_20240611_0830,NQ.v.0,4.0,11.899999999999636,2024,control
macro_20240612_0830_pseudo120,NQ.v.0,4.0,11.899999999999636,2024,pseudo
macro_20240612_0830,NQ.v.0,3.5,12.0,2024,event
macro_20240613_0830_pseudo120,NQ.v.0,4.5,13.0,2024,pseudo
macro_20240613_0830,NQ.v.0,4.5,12.890000000000327,2024,event
macro_20240618_0830_pseudo120,NQ.v.0,4.0,12.0,2024,pseudo
macro_20240618_0830,NQ.v.0,4.0,11.0,2024,event
macro_20240705_0830_pseudo120,NQ.v.0,4.0,12.0,2024,pseudo
macro_20240705_0830,NQ.v.0,3.9450000000001637,11.0,2024,event
macro_placebo_20240710_0830,NQ.v.0,4.5,12.0,2024,control
macro_20240711_0830_pseudo120,NQ.v.0,4.5,11.0,2024,pseudo
macro_20240711_0830,NQ.v.0,4.5,10.0,2024,event
macro_20240712_0830_pseudo120,NQ.v.0,4.5,11.0,2024,pseudo
macro_20240712_0830,NQ.v.0,3.0,10.0,2024,event
macro_20240716_0830_pseudo120,NQ.v.0,3.0,9.0,2024,pseudo
macro_20240716_0830,NQ.v.0,3.0,9.0,2024,event
macro_20240802_0830_pseudo120,NQ.v.0,3.0,9.0,2024,pseudo
macro_20240802_0830,NQ.v.0,4.5,8.0,2024,event
macro_placebo_20240807_0830,NQ.v.0,5.0,8.0,2024,control
macro_20240813_0830_pseudo120,NQ.v.0,7.5,10.0,2024,pseudo
macro_20240813_0830,NQ.v.0,7.5,10.0,2024,event
macro_20240814_0830_pseudo120,NQ.v.0,7.5,10.0,2024,pseudo
macro_20240814_0830,NQ.v.0,7.5,9.0,2024,event
macro_20240815_0830_pseudo120,NQ.v.0,6.5,9.0,2024,pseudo
macro_20240815_0830,NQ.v.0,6.5,9.0,2024,event
macro_20240906_0830_pseudo120,NQ.v.0,6.5,8.0,2024,pseudo
macro_20240906_0830,NQ.v.0,7.0,9.0,2024,event
macro_20240911_0830_pseudo120,NQ.v.0,7.5,9.0,2024,pseudo
macro_20240911_0830,NQ.v.0,7.5,9.899999999999636,2024,event
macro_20240912_0830_pseudo120,NQ.v.0,7.5,9.899999999999636,2024,pseudo
macro_20240912_0830,NQ.v.0,7.5,9.0,2024,event
macro_20240917_0830_pseudo120,NQ.v.0,7.5,10.0,2024,pseudo
macro_20240917_0830,NQ.v.0,7.5,9.0,2024,event
macro_placebo_20240924_0830,NQ.v.0,7.5,9.0,2024,control
macro_20241004_0830_pseudo120,NQ.v.0,7.5,8.0,2024,pseudo
macro_20241004_0830,NQ.v.0,7.5,8.0,2024,event
macro_20241010_0830_pseudo120,NQ.v.0,7.5,8.0,2024,pseudo
macro_20241010_0830,NQ.v.0,7.0,8.0,2024,event
macro_20241011_0830_pseudo120,NQ.v.0,7.5,8.0,2024,pseudo
macro_20241011_0830,NQ.v.0,4.5,6.0,2024,event
macro_20241017_0830_pseudo120,NQ.v.0,4.5,6.0,2024,pseudo
macro_20241017_0830,NQ.v.0,4.5,6.0,2024,event
macro_placebo_20241023_0830,NQ.v.0,5.0,6.0,2024,control
macro_20241101_0830_pseudo120,NQ.v.0,4.5,6.0,2024,pseudo
macro_20241101_0830,NQ.v.0,6.949999999999818,7.0,2024,event
macro_20241113_0830_pseudo120,NQ.v.0,6.949999999999818,7.0,2024,pseudo
macro_20241113_0830,NQ.v.0,6.5,7.0,2024,event
macro_20241114_0830_pseudo120,NQ.v.0,5.0,6.0,2024,pseudo
macro_20241114_0830,NQ.v.0,5.0,6.0,2024,event
macro_20241115_0830_pseudo120,NQ.v.0,5.0,6.0,2024,pseudo
macro_20241115_0830,NQ.v.0,5.0,6.0,2024,event
macro_placebo_20241120_0830,NQ.v.0,5.0,6.0,2024,control
macro_placebo_20241203_0830,NQ.v.0,5.0,6.0,2024,control
macro_20241206_0830_pseudo120,NQ.v.0,5.0,6.0,2024,pseudo
macro_20241206_0830,NQ.v.0,5.0,7.0,2024,event
macro_20241211_0830_pseudo120,NQ.v.0,5.0,7.0,2024,pseudo
macro_20241211_0830,NQ.v.0,5.0,7.0,2024,event
macro_20241212_0830_pseudo120,NQ.v.0,5.0,7.0,2024,pseudo
macro_20241212_0830,NQ.v.0,4.0,7.0,2024,event
macro_20241217_0830_pseudo120,NQ.v.0,4.0,7.0,2024,pseudo
macro_20241217_0830,NQ.v.0,4.0,7.0,2024,event
macro_placebo_20250108_0830,NQ.v.0,4.0,7.0,2025,control
macro_20250110_0830_pseudo120,NQ.v.0,8.0,9.0,2025,pseudo
macro_20250110_0830,NQ.v.0,8.0,9.0,2025,event
macro_20250114_0830_pseudo120,NQ.v.0,8.0,8.0,2025,pseudo
macro_20250114_0830,NQ.v.0,8.0,8.0,2025,event
macro_20250115_0830_pseudo120,NQ.v.0,8.0,8.0,2025,pseudo
macro_20250115_0830,NQ.v.0,8.0,8.0,2025,event
macro_20250116_0830_pseudo120,NQ.v.0,8.0,8.0,2025,pseudo
macro_20250116_0830,NQ.v.0,8.0,7.0,2025,event
macro_20250207_0830_pseudo120,NQ.v.0,8.5,8.0,2025,pseudo
macro_20250207_0830,NQ.v.0,8.0,8.0,2025,event
macro_placebo_20250211_0830,NQ.v.0,8.5,8.0,2025,control
macro_20250212_0830_pseudo120,NQ.v.0,8.5,9.0,2025,pseudo
macro_20250212_0830,NQ.v.0,8.5,9.0,2025,event
macro_20250213_0830_pseudo120,NQ.v.0,8.5,9.0,2025,pseudo
macro_20250213_0830,NQ.v.0,8.5,9.0,2025,event
macro_20250214_0830_pseudo120,NQ.v.0,9.0,9.0,2025,pseudo
macro_20250214_0830,NQ.v.0,9.0,9.0,2025,event
macro_placebo_20250304_0830,NQ.v.0,9.0,9.0,2025,control
macro_20250307_0830_pseudo120,NQ.v.0,9.0,10.0,2025,pseudo
macro_20250307_0830,NQ.v.0,9.0,9.0,2025,event
macro_20250312_0830_pseudo120,NQ.v.0,6.0,7.0,2025,pseudo
macro_20250312_0830,NQ.v.0,6.0,7.0,2025,event
macro_20250313_0830_pseudo120,NQ.v.0,5.0,7.0,2025,pseudo
macro_20250313_0830,NQ.v.0,5.5,7.0,2025,event
macro_20250317_0830_pseudo120,NQ.v.0,5.5,7.0,2025,pseudo
macro_20250317_0830,NQ.v.0,5.5,7.0,2025,event
macro_20250404_0830_pseudo120,NQ.v.0,5.5,7.0,2025,pseudo
macro_20250404_0830,NQ.v.0,7.5,7.0,2025,event
macro_placebo_20250408_0830,NQ.v.0,8.0,7.0,2025,control
macro_20250410_0830_pseudo120,NQ.v.0,9.0,8.0,2025,pseudo
macro_20250410_0830,NQ.v.0,9.0,8.0,2025,event
macro_20250411_0830_pseudo120,NQ.v.0,9.0,8.0,2025,pseudo
macro_20250411_0830,NQ.v.0,10.449999999999818,8.0,2025,event
macro_20250416_0830_pseudo120,NQ.v.0,10.5,8.0,2025,pseudo
macro_20250416_0830,NQ.v.0,10.5,9.0,2025,event
macro_20250502_0830_pseudo120,NQ.v.0,10.0,9.0,2025,pseudo
macro_20250502_0830,NQ.v.0,10.0,9.0,2025,event
macro_placebo_20250505_0830,NQ.v.0,10.0,9.0,2025,control
macro_20250513_0830_pseudo120,NQ.v.0,9.949999999999818,9.0,2025,pseudo
macro_20250513_0830,NQ.v.0,9.949999999999818,9.0,2025,event
macro_20250515_0830_pseudo120,NQ.v.0,10.5,10.0,2025,pseudo
macro_20250515_0830,NQ.v.0,10.5,10.0,2025,event
macro_20250606_0830_pseudo120,NQ.v.0,10.5,10.0,2025,pseudo
macro_20250606_0830,NQ.v.0,10.5,11.0,2025,event
macro_placebo_20250610_0830,NQ.v.0,10.5,11.0,2025,control
macro_20250611_0830_pseudo120,NQ.v.0,10.5,11.0,2025,pseudo
macro_20250611_0830,NQ.v.0,10.5,10.0,2025,event
macro_20250612_0830_pseudo120,NQ.v.0,10.0,11.0,2025,pseudo
macro_20250612_0830,NQ.v.0,8.5,11.0,2025,event
macro_20250617_0830_pseudo120,NQ.v.0,8.0,10.0,2025,pseudo
macro_20250617_0830,NQ.v.0,7.5,10.0,2025,event
macro_20250703_0830_pseudo120,NQ.v.0,7.0,10.0,2025,pseudo
macro_20250703_0830,NQ.v.0,6.5,10.0,2025,event
macro_placebo_20250708_0830,NQ.v.0,5.5,10.0,2025,control
macro_20250715_0830_pseudo120,NQ.v.0,5.0,8.0,2025,pseudo
macro_20250715_0830,NQ.v.0,4.5,9.0,2025,event
macro_20250716_0830_pseudo120,NQ.v.0,5.0,8.0,2025,pseudo
macro_20250716_0830,NQ.v.0,5.0,8.0,2025,event
macro_20250717_0830_pseudo120,NQ.v.0,5.449999999999818,10.0,2025,pseudo
macro_20250717_0830,NQ.v.0,5.449999999999818,8.0,2025,event
macro_20250801_0830_pseudo120,NQ.v.0,4.5,8.0,2025,pseudo
macro_20250801_0830,NQ.v.0,4.5,8.0,2025,event
macro_placebo_20250806_0830,NQ.v.0,4.0,8.0,2025,control
macro_20250812_0830_pseudo120,NQ.v.0,4.0,8.0,2025,pseudo
macro_20250812_0830,NQ.v.0,4.0,8.0,2025,event
macro_20250814_0830_pseudo120,NQ.v.0,4.5,8.0,2025,pseudo
macro_20250814_0830,NQ.v.0,4.0,8.0,2025,event
macro_20250815_0830_pseudo120,NQ.v.0,4.0,8.0,2025,pseudo
macro_20250815_0830,NQ.v.0,4.0,8.0,2025,event
macro_20250905_0830_pseudo120,NQ.v.0,4.0,8.0,2025,pseudo
macro_20250905_0830,NQ.v.0,4.0,8.0,2025,event
macro_20250910_0830_pseudo120,NQ.v.0,4.0,8.0,2025,pseudo
macro_20250910_0830,NQ.v.0,4.0,8.899999999999636,2025,event
macro_20250911_0830_pseudo120,NQ.v.0,4.0,8.899999999999636,2025,pseudo
macro_20250911_0830,NQ.v.0,4.0,10.0,2025,event
macro_20251024_0830_pseudo120,NQ.v.0,4.5,9.0,2025,pseudo
macro_20251024_0830,NQ.v.0,4.0,9.0,2025,event
macro_placebo_20251031_0830,NQ.v.0,4.0,9.0,2025,control
macro_20251120_0830_pseudo120,NQ.v.0,4.0,8.899999999999636,2025,pseudo
macro_20251120_0830,NQ.v.0,4.5,9.0,2025,event
macro_20251125_0830_pseudo120,NQ.v.0,5.0,9.0,2025,pseudo
macro_20251125_0830,NQ.v.0,5.0,8.0,2025,event
macro_20251216_0830_pseudo120,NQ.v.0,5.0,8.0,2025,pseudo
macro_20251216_0830,NQ.v.0,4.949999999999818,7.899999999999636,2025,event
macro_20251218_0830_pseudo120,NQ.v.0,5.0,7.0,2025,pseudo
macro_20251218_0830,NQ.v.0,5.0,7.0,2025,event
macro_20260109_0830_pseudo120,NQ.v.0,5.5,7.0,2026,pseudo
macro_20260109_0830,NQ.v.0,5.5,7.899999999999636,2026,event
macro_20260113_0830_pseudo120,NQ.v.0,5.5,8.909999999999854,2026,pseudo
macro_20260113_0830,NQ.v.0,5.5,7.899999999999636,2026,event
macro_20260114_0830_pseudo120,NQ.v.0,5.5,7.0,2026,pseudo
macro_20260114_0830,NQ.v.0,5.0,6.0,2026,event
macro_placebo_20260120_0830,NQ.v.0,5.5,6.0,2026,control
macro_20260130_0830_pseudo120,NQ.v.0,5.5,6.0,2026,pseudo
macro_20260130_0830,NQ.v.0,5.0,5.0,2026,event
macro_20260211_0830_pseudo120,NQ.v.0,6.0,5.899999999999636,2026,pseudo
macro_20260211_0830,NQ.v.0,6.5,5.0,2026,event
macro_20260213_0830_pseudo120,NQ.v.0,6.5,5.0,2026,pseudo
macro_20260213_0830,NQ.v.0,7.0,5.0,2026,event
macro_placebo_20260220_0830,NQ.v.0,8.0,5.0,2026,control
macro_20260227_0830_pseudo120,NQ.v.0,6.949999999999818,5.0,2026,pseudo
macro_20260227_0830,NQ.v.0,6.5,6.0,2026,event
macro_placebo_20260304_0830,NQ.v.0,6.5,6.899999999999636,2026,control
macro_20260306_0830_pseudo120,NQ.v.0,6.5,6.899999999999636,2026,pseudo
macro_20260306_0830,NQ.v.0,7.0,8.0,2026,event
macro_20260311_0830_pseudo120,NQ.v.0,7.0,8.0,2026,pseudo
macro_20260311_0830,NQ.v.0,7.0,8.0,2026,event
macro_20260318_0830_pseudo120,NQ.v.0,7.0,8.0,2026,pseudo
macro_20260318_0830,NQ.v.0,7.0,8.0,2026,event
macro_20260403_0830_pseudo120,NQ.v.0,7.5,9.0,2026,pseudo
macro_20260403_0830,NQ.v.0,8.0,9.0,2026,event
macro_20260410_0830_pseudo120,NQ.v.0,8.0,9.0,2026,pseudo
macro_20260410_0830,NQ.v.0,8.0,9.0,2026,event
macro_20260414_0830_pseudo120,NQ.v.0,9.949999999999818,11.0,2026,pseudo
macro_20260414_0830,NQ.v.0,9.949999999999818,11.0,2026,event
macro_placebo_20260417_0830,NQ.v.0,9.449999999999818,11.0,2026,control
macro_20260508_0830_pseudo120,NQ.v.0,9.0,12.0,2026,pseudo
macro_20260508_0830,NQ.v.0,8.5,11.0,2026,event
macro_20260512_0830_pseudo120,NQ.v.0,8.5,11.0,2026,pseudo
macro_20260512_0830,NQ.v.0,7.945000000000164,11.0,2026,event
macro_20260513_0830_pseudo120,NQ.v.0,8.449999999999818,11.0,2026,pseudo
macro_20260513_0830,NQ.v.0,8.5,11.0,2026,event
macro_placebo_20260519_0830,NQ.v.0,8.5,11.0,2026,control
macro_20260605_0830_pseudo120,NQ.v.0,8.949999999999818,11.0,2026,pseudo
macro_20260605_0830,NQ.v.0,9.0,10.0,2026,event
macro_20260610_0830_pseudo120,NQ.v.0,9.0,10.0,2026,pseudo
macro_20260610_0830,NQ.v.0,10.0,10.0,2026,event
macro_20260611_0830_pseudo120,NQ.v.0,10.449999999999818,10.0,2026,pseudo
macro_20260611_0830,NQ.v.0,10.5,10.0,2026,event
macro_placebo_20260617_0830,NQ.v.0,10.0,9.0,2026,control
macro_20260702_0830_pseudo120,NQ.v.0,10.0,10.0,2026,pseudo
macro_20260702_0830,NQ.v.0,10.5,10.0,2026,event
macro_20260714_0830_pseudo120,NQ.v.0,10.5,10.0,2026,pseudo
macro_20260714_0830,NQ.v.0,9.5,9.0,2026,event
macro_20260715_0830_pseudo120,NQ.v.0,10.0,9.0,2026,pseudo
macro_20260715_0830,NQ.v.0,9.445000000000164,9.0,2026,event
macro_placebo_20260721_0830,NQ.v.0,9.5,8.0,2026,control
macro_20260807_0830_pseudo120,NQ.v.0,9.5,8.0,2026,pseudo
macro_20260807_0830,NQ.v.0,9.0,8.0,2026,event
macro_20260812_0830_pseudo120,NQ.v.0,9.5,8.0,2026,pseudo
macro_20260812_0830,NQ.v.0,9.0,8.0,2026,event
macro_20260813_0830_pseudo120,NQ.v.0,9.449999999999818,8.0,2026,pseudo
macro_20260813_0830,NQ.v.0,9.0,8.0,2026,event
macro_placebo_20260819_0830,NQ.v.0,9.5,8.899999999999636,2026,control
macro_20260904_0830_pseudo120,NQ.v.0,9.5,8.0,2026,pseudo
macro_20260904_0830,NQ.v.0,9.0,8.0,2026,event
macro_20260910_0830_pseudo120,NQ.v.0,9.0,8.0,2026,pseudo
macro_20260910_0830,NQ.v.0,8.5,8.0,2026,event
macro_20260911_0830_pseudo120,NQ.v.0,8.5,8.0,2026,pseudo
macro_20260911_0830,NQ.v.0,8.0,9.890000000000327,2026,event
macro_placebo_20260918_0830,NQ.v.0,8.0,9.899999999999636,2026,control
fomc_20150917_statement,ZN.v.0,1.0,22.0,2015,event
placebo_20150924_1400,ZN.v.0,1.0,22.0,2015,control
placebo_20151021_1400,ZN.v.0,1.0,20.0,2015,control
fomc_20151028_statement_pseudo120,ZN.v.0,1.0,19.0,2015,pseudo
fomc_20151028_statement,ZN.v.0,1.0,20.0,2015,event
placebo_20151104_1400,ZN.v.0,1.0,20.0,2015,control
placebo_20151209_1400,ZN.v.0,1.0,20.0,2015,control
fomc_20151216_statement_pseudo120,ZN.v.0,1.0,18.580000000001746,2015,pseudo
fomc_20151216_statement,ZN.v.0,1.0,15.580000000001746,2015,event
placebo_20151223_1400,ZN.v.0,1.0,15.609999999999673,2015,control
placebo_20160120_1400,ZN.v.0,1.0,13.0,2016,control
fomc_20160127_statement_pseudo120,ZN.v.0,1.0,20.0,2016,pseudo
fomc_20160127_statement,ZN.v.0,1.0,16.0,2016,event
placebo_20160203_1400,ZN.v.0,1.0,16.0,2016,control
placebo_20160309_1400,ZN.v.0,1.0,24.860000000000582,2016,control
fomc_20160316_statement_pseudo120,ZN.v.0,1.0,35.86000000000058,2016,pseudo
fomc_20160316_statement,ZN.v.0,1.0,29.0,2016,event
placebo_20160323_1400,ZN.v.0,1.0,29.0,2016,control
placebo_20160420_1400,ZN.v.0,1.0,28.44000000000233,2016,control
fomc_20160427_statement_pseudo120,ZN.v.0,1.0,28.44000000000233,2016,pseudo
fomc_20160427_statement,ZN.v.0,1.0,35.86000000000058,2016,event
placebo_20160504_1400,ZN.v.0,1.0,35.86000000000058,2016,control
placebo_20160608_1400,ZN.v.0,1.0,35.86000000000058,2016,control
fomc_20160615_statement_pseudo120,ZN.v.0,1.0,35.86000000000058,2016,pseudo
fomc_20160615_statement,ZN.v.0,1.0,29.0,2016,event
placebo_20160622_1400,ZN.v.0,1.0,29.0,2016,control
placebo_20160720_1400,ZN.v.0,1.0,28.44000000000233,2016,control
fomc_20160727_statement_pseudo120,ZN.v.0,1.0,28.44000000000233,2016,pseudo
fomc_20160727_statement,ZN.v.0,1.0,33.86000000000058,2016,event
placebo_20160803_1400,ZN.v.0,1.0,33.86000000000058,2016,control
placebo_20160914_1400,ZN.v.0,1.0,33.86000000000058,2016,control
fomc_20160921_statement_pseudo120,ZN.v.0,1.0,25.0,2016,pseudo
fomc_20160921_statement,ZN.v.0,1.0,29.0,2016,event
placebo_20160928_1400,ZN.v.0,1.0,29.0,2016,control
placebo_20161026_1400,ZN.v.0,1.0,21.0,2016,control
fomc_20161102_statement_pseudo120,ZN.v.0,1.0,15.0,2016,pseudo
fomc_20161102_statement,ZN.v.0,1.0,21.0,2016,event
placebo_20161109_1400,ZN.v.0,1.0,21.0,2016,control
placebo_20161207_1400,ZN.v.0,1.0,21.0,2016,control
fomc_20161214_statement_pseudo120,ZN.v.0,1.0,22.0,2016,pseudo
fomc_20161214_statement,ZN.v.0,1.0,16.0,2016,event
placebo_20161221_1400,ZN.v.0,1.0,21.0,2016,control
placebo_20170125_1400,ZN.v.0,1.0,21.0,2017,control
fomc_20170201_statement_pseudo120,ZN.v.0,1.0,22.0,2017,pseudo
fomc_20170201_statement,ZN.v.0,1.0,27.0,2017,event
placebo_20170208_1400,ZN.v.0,1.0,27.0,2017,control
placebo_20170308_1400,ZN.v.0,1.0,27.0,2017,control
fomc_20170315_statement_pseudo120,ZN.v.0,1.0,27.0,2017,pseudo
fomc_20170315_statement,ZN.v.0,1.0,23.0,2017,event
placebo_20170322_1400,ZN.v.0,1.0,23.0,2017,control
placebo_20170426_1400,ZN.v.0,1.0,22.0,2017,control
fomc_20170503_statement_pseudo120,ZN.v.0,1.0,34.0,2017,pseudo
fomc_20170503_statement,ZN.v.0,1.0,27.0,2017,event
placebo_20170517_1400,ZN.v.0,1.0,27.0,2017,control
placebo_20170607_1400,ZN.v.0,1.0,27.0,2017,control
fomc_20170614_statement_pseudo120,ZN.v.0,1.0,20.0,2017,pseudo
fomc_20170614_statement,ZN.v.0,1.0,24.30000000000291,2017,event
placebo_20170621_1400,ZN.v.0,1.0,24.30000000000291,2017,control
placebo_20170719_1400,ZN.v.0,1.0,19.720000000001164,2017,control
fomc_20170726_statement_pseudo120,ZN.v.0,1.0,11.0,2017,pseudo
fomc_20170726_statement,ZN.v.0,1.0,19.720000000001164,2017,event
placebo_20170802_1400,ZN.v.0,1.0,16.860000000000582,2017,control
fomc_20170920_statement_pseudo120,ZN.v.0,1.0,16.860000000000582,2017,pseudo
fomc_20170920_statement,ZN.v.0,1.0,12.0,2017,event
placebo_20170927_1400,ZN.v.0,1.0,11.0,2017,control
placebo_20171025_1400,ZN.v.0,1.0,11.0,2017,control
fomc_20171101_statement_pseudo120,ZN.v.0,1.0,10.0,2017,pseudo
fomc_20171101_statement,ZN.v.0,1.0,20.0,2017,event
placebo_20171108_1400,ZN.v.0,1.0,19.73999999999978,2017,control
placebo_20171206_1400,ZN.v.0,1.0,16.0,2017,control
fomc_20171213_statement_pseudo120,ZN.v.0,1.0,19.720000000001164,2017,pseudo
fomc_20171213_statement,ZN.v.0,1.0,19.720000000001164,2017,event
placebo_20171220_1400,ZN.v.0,1.0,20.0,2017,control
placebo_20180124_1400,ZN.v.0,1.0,19.580000000001746,2018,control
fomc_20180131_statement_pseudo120,ZN.v.0,1.0,12.0,2018,pseudo
fomc_20180131_statement,ZN.v.0,1.0,25.0,2018,event
placebo_20180207_1400,ZN.v.0,1.0,25.0,2018,control
placebo_20180314_1400,ZN.v.0,1.0,30.0,2018,control
fomc_20180321_statement_pseudo120,ZN.v.0,1.0,30.0,2018,pseudo
fomc_20180321_statement,ZN.v.0,1.0,30.0,2018,event
placebo_20180328_1400,ZN.v.0,1.0,36.0,2018,control
placebo_20180425_1400,ZN.v.0,1.0,40.0,2018,control
fomc_20180502_statement_pseudo120,ZN.v.0,1.0,43.0,2018,pseudo
fomc_20180502_statement,ZN.v.0,1.0,43.0,2018,event
placebo_20180509_1400,ZN.v.0,1.0,43.0,2018,control
placebo_20180606_1400,ZN.v.0,1.0,40.0,2018,control
fomc_20180613_statement_pseudo120,ZN.v.0,1.0,40.0,2018,pseudo
fomc_20180613_statement,ZN.v.0,1.0,58.0,2018,event
placebo_20180620_1400,ZN.v.0,1.0,58.0,2018,control
placebo_20180725_1400,ZN.v.0,1.0,58.0,2018,control
fomc_20180801_statement_pseudo120,ZN.v.0,1.0,43.0,2018,pseudo
fomc_20180801_statement,ZN.v.0,1.0,43.0,2018,event
placebo_20180808_1400,ZN.v.0,1.0,43.0,2018,control
placebo_20180919_1400,ZN.v.0,1.0,43.0,2018,control
fomc_20180926_statement_pseudo120,ZN.v.0,1.0,43.0,2018,pseudo
fomc_20180926_statement,ZN.v.0,1.0,42.86000000000058,2018,event
placebo_20181003_1400,ZN.v.0,1.0,42.86000000000058,2018,control
placebo_20181101_1400,ZN.v.0,1.0,36.0,2018,control
fomc_20181108_statement_pseudo120,ZN.v.0,1.0,36.0,2018,pseudo
fomc_20181108_statement,ZN.v.0,1.0,58.0,2018,event
placebo_20181115_1400,ZN.v.0,1.0,43.0,2018,control
fomc_20181219_statement_pseudo120,ZN.v.0,1.0,43.0,2018,pseudo
fomc_20181219_statement,ZN.v.0,1.0,50.0,2018,event
placebo_20190123_1400,ZN.v.0,1.0,50.0,2019,control
fomc_20190130_statement_pseudo120,ZN.v.0,1.0,46.0,2019,pseudo
fomc_20190130_statement,ZN.v.0,1.0,46.0,2019,event
placebo_20190206_1400,ZN.v.0,1.0,50.0,2019,control
placebo_20190313_1400,ZN.v.0,1.0,40.0,2019,control
fomc_20190320_statement_pseudo120,ZN.v.0,1.0,40.0,2019,pseudo
fomc_20190320_statement,ZN.v.0,1.0,40.0,2019,event
placebo_20190327_1400,ZN.v.0,1.0,45.0,2019,control
placebo_20190424_1400,ZN.v.0,1.0,45.0,2019,control
fomc_20190501_statement_pseudo120,ZN.v.0,1.0,40.0,2019,pseudo
fomc_20190501_statement,ZN.v.0,1.0,50.0,2019,event
placebo_20190508_1400,ZN.v.0,1.0,57.349999999999454,2019,control
fomc_20190619_statement_pseudo120,ZN.v.0,1.0,46.0,2019,pseudo
fomc_20190619_statement,ZN.v.0,1.0,46.0,2019,event
placebo_20190626_1400,ZN.v.0,1.0,46.0,2019,control
placebo_20190724_1400,ZN.v.0,1.0,46.0,2019,control
fomc_20190731_statement_pseudo120,ZN.v.0,1.0,26.0,2019,pseudo
fomc_20190731_statement,ZN.v.0,1.0,46.0,2019,event
placebo_20190807_1400,ZN.v.0,1.0,44.219999999999345,2019,control
placebo_20190911_1400,ZN.v.0,1.0,59.0,2019,control
fomc_20190918_statement_pseudo120,ZN.v.0,1.0,47.86000000000058,2019,pseudo
fomc_20190918_statement,ZN.v.0,1.0,47.86000000000058,2019,event
placebo_20190925_1400,ZN.v.0,1.0,59.0,2019,control
placebo_20191023_1400,ZN.v.0,1.0,47.86000000000058,2019,control
fomc_20191030_statement_pseudo120,ZN.v.0,1.0,47.86000000000058,2019,pseudo
fomc_20191030_statement,ZN.v.0,1.0,60.0,2019,event
placebo_20191106_1400,ZN.v.0,1.0,60.0,2019,control
placebo_20191204_1400,ZN.v.0,1.0,59.0,2019,control
fomc_20191211_statement_pseudo120,ZN.v.0,1.0,46.44000000000233,2019,pseudo
fomc_20191211_statement,ZN.v.0,1.0,46.44000000000233,2019,event
placebo_20191218_1400,ZN.v.0,1.0,34.86999999999989,2019,control
placebo_20200122_1400,ZN.v.0,1.0,29.720000000001164,2020,control
fomc_20200129_statement_pseudo120,ZN.v.0,1.0,29.720000000001164,2020,pseudo
fomc_20200129_statement,ZN.v.0,1.0,28.860000000000582,2020,event
placebo_20200205_1400,ZN.v.0,1.0,28.860000000000582,2020,control
placebo_20200422_1400,ZN.v.0,1.0,34.86000000000058,2020,control
fomc_20200429_statement_pseudo120,ZN.v.0,1.0,36.0,2020,pseudo
fomc_20200429_statement,ZN.v.0,1.0,25.0,2020,event
placebo_20200506_1400,ZN.v.0,1.0,25.0,2020,control
placebo_20200603_1400,ZN.v.0,1.0,19.0,2020,control
fomc_20200610_statement_pseudo120,ZN.v.0,1.0,15.0,2020,pseudo
fomc_20200610_statement,ZN.v.0,1.0,17.0,2020,event
placebo_20200617_1400,ZN.v.0,1.0,17.0,2020,control
placebo_20200722_1400,ZN.v.0,1.0,21.860000000000582,2020,control
fomc_20200729_statement_pseudo120,ZN.v.0,1.0,21.860000000000582,2020,pseudo
fomc_20200729_statement,ZN.v.0,1.0,21.0,2020,event
placebo_20200805_1400,ZN.v.0,1.0,21.0,2020,control
placebo_20200909_1400,ZN.v.0,1.0,23.0,2020,control
fomc_20200916_statement_pseudo120,ZN.v.0,1.0,28.0,2020,pseudo
fomc_20200916_statement,ZN.v.0,1.0,28.0,2020,event
placebo_20200923_1400,ZN.v.0,1.0,27.720000000001164,2020,control
placebo_20201029_1400,ZN.v.0,1.0,29.0,2020,control
fomc_20201105_statement_pseudo120,ZN.v.0,1.0,40.0,2020,pseudo
fomc_20201105_statement,ZN.v.0,1.0,43.720000000001164,2020,event
placebo_20201119_1400,ZN.v.0,1.0,43.720000000001164,2020,control
placebo_20201209_1400,ZN.v.0,1.0,28.0,2020,control
fomc_20201216_statement_pseudo120,ZN.v.0,1.0,21.860000000000582,2020,pseudo
fomc_20201216_statement,ZN.v.0,1.0,28.0,2020,event
placebo_20201223_1400,ZN.v.0,1.0,28.0,2020,control
placebo_20210120_1400,ZN.v.0,1.0,21.0,2021,control
fomc_20210127_statement_pseudo120,ZN.v.0,1.0,21.0,2021,pseudo
fomc_20210127_statement,ZN.v.0,1.0,21.0,2021,event
placebo_20210203_1400,ZN.v.0,1.0,16.0,2021,control
fomc_20210317_statement_pseudo120,ZN.v.0,1.0,12.0,2021,pseudo
fomc_20210317_statement,ZN.v.0,1.0,17.0,2021,event
placebo_20210324_1400,ZN.v.0,1.0,16.0,2021,control
placebo_20210421_1400,ZN.v.0,1.0,16.0,2021,control
fomc_20210428_statement_pseudo120,ZN.v.0,1.0,15.0,2021,pseudo
fomc_20210428_statement,ZN.v.0,1.0,16.0,2021,event
placebo_20210505_1400,ZN.v.0,1.0,17.0,2021,control
placebo_20210609_1400,ZN.v.0,1.0,16.0,2021,control
fomc_20210616_statement_pseudo120,ZN.v.0,1.0,13.0,2021,pseudo
fomc_20210616_statement,ZN.v.0,1.0,12.0,2021,event
placebo_20210623_1400,ZN.v.0,1.0,11.86999999999989,2021,control
placebo_20210721_1400,ZN.v.0,1.0,12.0,2021,control
fomc_20210728_statement_pseudo120,ZN.v.0,1.0,17.0,2021,pseudo
fomc_20210728_statement,ZN.v.0,1.0,17.0,2021,event
placebo_20210804_1400,ZN.v.0,1.0,17.0,2021,control
placebo_20210915_1400,ZN.v.0,1.0,17.0,2021,control
fomc_20210922_statement_pseudo120,ZN.v.0,1.0,23.0,2021,pseudo
fomc_20210922_statement,ZN.v.0,1.0,61.0,2021,event
placebo_20210929_1400,ZN.v.0,1.0,86.82999999999902,2021,control
placebo_20211027_1400,ZN.v.0,1.0,61.0,2021,control
fomc_20211103_statement_pseudo120,ZN.v.0,1.0,86.74000000000524,2021,pseudo
fomc_20211103_statement,ZN.v.0,1.0,100.0,2021,event
placebo_20211117_1400,ZN.v.0,1.0,100.0,2021,control
placebo_20211208_1400,ZN.v.0,1.0,99.72000000000116,2021,control
fomc_20211215_statement_pseudo120,ZN.v.0,1.0,99.72000000000116,2021,pseudo
fomc_20211215_statement,ZN.v.0,1.0,98.0,2021,event
placebo_20211222_1400,ZN.v.0,1.0,98.0,2021,control
placebo_20220119_1400,ZN.v.0,1.0,98.0,2022,control
fomc_20220126_statement_pseudo120,ZN.v.0,1.0,98.0,2022,pseudo
fomc_20220126_statement,ZN.v.0,1.0,99.72000000000116,2022,event
placebo_20220202_1400,ZN.v.0,1.0,99.72000000000116,2022,control
placebo_20220309_1400,ZN.v.0,1.0,99.72000000000116,2022,control
fomc_20220316_statement_pseudo120,ZN.v.0,1.0,99.72000000000116,2022,pseudo
fomc_20220316_statement,ZN.v.0,1.0,119.0,2022,event
placebo_20220323_1400,ZN.v.0,1.0,119.0,2022,control
placebo_20220427_1400,ZN.v.0,1.0,132.86000000000058,2022,control
fomc_20220504_statement_pseudo120,ZN.v.0,1.0,127.0,2022,pseudo
fomc_20220504_statement,ZN.v.0,1.0,98.0,2022,event
placebo_20220518_1400,ZN.v.0,1.0,108.0,2022,control
placebo_20220608_1400,ZN.v.0,1.0,127.0,2022,control
fomc_20220615_statement_pseudo120,ZN.v.0,1.0,108.0,2022,pseudo
fomc_20220615_statement,ZN.v.0,1.0,70.0,2022,event
placebo_20220622_1400,ZN.v.0,1.0,70.0,2022,control
placebo_20220720_1400,ZN.v.0,1.0,76.0,2022,control
fomc_20220727_statement_pseudo120,ZN.v.0,1.0,76.0,2022,pseudo
fomc_20220727_statement,ZN.v.0,1.0,127.0,2022,event
placebo_20220803_1400,ZN.v.0,1.0,127.0,2022,control
placebo_20220914_1400,ZN.v.0,1.0,127.0,2022,control
fomc_20220921_statement_pseudo120,ZN.v.0,1.0,127.0,2022,pseudo
fomc_20220921_statement,ZN.v.0,1.0,109.0,2022,event
placebo_20220928_1400,ZN.v.0,1.0,109.0,2022,control
placebo_20221026_1400,ZN.v.0,1.0,109.0,2022,control
fomc_20221102_statement_pseudo120,ZN.v.0,1.0,82.02000000000407,2022,pseudo
fomc_20221102_statement,ZN.v.0,1.0,76.0,2022,event
placebo_20221109_1400,ZN.v.0,1.0,76.0,2022,control
placebo_20221207_1400,ZN.v.0,1.0,76.0,2022,control
fomc_20221214_statement_pseudo120,ZN.v.0,1.0,65.0,2022,pseudo
fomc_20221214_statement,ZN.v.0,1.0,65.0,2022,event
placebo_20221221_1400,ZN.v.0,1.0,59.0,2022,control
placebo_20230125_1400,ZN.v.0,1.0,65.0,2023,control
fomc_20230201_statement_pseudo120,ZN.v.0,1.0,76.0,2023,pseudo
fomc_20230201_statement,ZN.v.0,1.0,79.0,2023,event
placebo_20230208_1400,ZN.v.0,1.0,79.0,2023,control
placebo_20230315_1400,ZN.v.0,1.0,65.86000000000058,2023,control
fomc_20230322_statement_pseudo120,ZN.v.0,1.0,70.0,2023,pseudo
fomc_20230322_statement,ZN.v.0,1.0,65.86000000000058,2023,event
placebo_20230329_1400,ZN.v.0,1.0,65.86000000000058,2023,control
placebo_20230426_1400,ZN.v.0,1.0,65.0,2023,control
fomc_20230503_statement_pseudo120,ZN.v.0,1.0,56.0,2023,pseudo
fomc_20230503_statement,ZN.v.0,1.0,51.0,2023,event
placebo_20230517_1400,ZN.v.0,1.0,51.0,2023,control
placebo_20230607_1400,ZN.v.0,1.0,50.0,2023,control
fomc_20230614_statement_pseudo120,ZN.v.0,1.0,51.0,2023,pseudo
fomc_20230614_statement,ZN.v.0,1.0,62.0,2023,event
placebo_20230621_1400,ZN.v.0,1.0,62.0,2023,control
placebo_20230719_1400,ZN.v.0,1.0,51.0,2023,control
fomc_20230726_statement_pseudo120,ZN.v.0,1.0,51.0,2023,pseudo
fomc_20230726_statement,ZN.v.0,1.0,51.0,2023,event
placebo_20230802_1400,ZN.v.0,1.0,51.0,2023,control
fomc_20230920_statement_pseudo120,ZN.v.0,1.0,50.0,2023,pseudo
fomc_20230920_statement,ZN.v.0,1.0,51.0,2023,event
placebo_20230927_1400,ZN.v.0,1.0,50.86999999999989,2023,control
placebo_20231025_1400,ZN.v.0,1.0,51.86000000000058,2023,control
fomc_20231101_statement_pseudo120,ZN.v.0,1.0,70.0,2023,pseudo
fomc_20231101_statement,ZN.v.0,1.0,71.0,2023,event
placebo_20231108_1400,ZN.v.0,1.0,62.0,2023,control
placebo_20231206_1400,ZN.v.0,1.0,59.0,2023,control
fomc_20231213_statement_pseudo120,ZN.v.0,1.0,59.0,2023,pseudo
fomc_20231213_statement,ZN.v.0,1.0,59.0,2023,event
placebo_20231220_1400,ZN.v.0,1.0,62.0,2023,control
placebo_20240124_1400,ZN.v.0,1.0,59.0,2024,control
fomc_20240131_statement_pseudo120,ZN.v.0,1.0,59.0,2024,pseudo
fomc_20240131_statement,ZN.v.0,1.0,59.0,2024,event
placebo_20240207_1400,ZN.v.0,1.0,50.0,2024,control
placebo_20240313_1400,ZN.v.0,1.0,50.0,2024,control
fomc_20240320_statement_pseudo120,ZN.v.0,1.0,44.0,2024,pseudo
fomc_20240320_statement,ZN.v.0,1.0,44.0,2024,event
placebo_20240327_1400,ZN.v.0,1.0,43.0,2024,control
placebo_20240424_1400,ZN.v.0,1.0,43.0,2024,control
fomc_20240501_statement_pseudo120,ZN.v.0,1.0,44.0,2024,pseudo
fomc_20240501_statement,ZN.v.0,1.0,55.0,2024,event
placebo_20240508_1400,ZN.v.0,1.0,55.0,2024,control
placebo_20240605_1400,ZN.v.0,1.0,42.0,2024,control
fomc_20240612_statement_pseudo120,ZN.v.0,1.0,30.0,2024,pseudo
fomc_20240612_statement,ZN.v.0,1.0,29.860000000000582,2024,event
placebo_20240626_1400,ZN.v.0,1.0,30.0,2024,control
placebo_20240724_1400,ZN.v.0,1.0,30.0,2024,control
fomc_20240731_statement_pseudo120,ZN.v.0,1.0,30.0,2024,pseudo
fomc_20240731_statement,ZN.v.0,1.0,31.0,2024,event
placebo_20240807_1400,ZN.v.0,1.0,30.0,2024,control
placebo_20240911_1400,ZN.v.0,1.0,31.0,2024,control
fomc_20240918_statement_pseudo120,ZN.v.0,1.0,40.0,2024,pseudo
fomc_20240918_statement,ZN.v.0,1.0,23.0,2024,event
placebo_20240925_1400,ZN.v.0,1.0,23.0,2024,control
placebo_20241031_1400,ZN.v.0,1.0,23.0,2024,control
fomc_20241107_statement_pseudo120,ZN.v.0,1.0,35.16000000000349,2024,pseudo
fomc_20241107_statement,ZN.v.0,1.0,35.16000000000349,2024,event
placebo_20241120_1400,ZN.v.0,1.0,35.16000000000349,2024,control
placebo_20241121_1400,ZN.v.0,1.0,30.0,2024,control
placebo_20241127_1400,ZN.v.0,1.0,29.860000000000582,2024,control
fomc_20241218_statement_pseudo120,ZN.v.0,1.0,16.0,2024,pseudo
fomc_20241218_statement,ZN.v.0,1.0,23.0,2024,event
placebo_20250122_1400,ZN.v.0,1.0,26.860000000000582,2025,control
fomc_20250129_statement_pseudo120,ZN.v.0,1.0,17.0,2025,pseudo
fomc_20250129_statement,ZN.v.0,1.0,23.0,2025,event
placebo_20250205_1400,ZN.v.0,1.0,16.860000000000582,2025,control
placebo_20250226_1400,ZN.v.0,1.0,29.0,2025,control
fomc_20250319_statement_pseudo120,ZN.v.0,1.0,29.0,2025,pseudo
fomc_20250319_statement,ZN.v.0,1.0,42.86000000000058,2025,event
placebo_20250326_1400,ZN.v.0,1.0,42.86000000000058,2025,control
placebo_20250430_1400,ZN.v.0,1.0,40.86000000000058,2025,control
fomc_20250507_statement_pseudo120,ZN.v.0,1.0,41.86000000000058,2025,pseudo
fomc_20250507_statement,ZN.v.0,1.0,45.0,2025,event
placebo_20250514_1400,ZN.v.0,1.0,45.0,2025,control
placebo_20250521_1400,ZN.v.0,1.0,45.0,2025,control
fomc_20250618_statement_pseudo120,ZN.v.0,1.0,45.0,2025,pseudo
fomc_20250618_statement,ZN.v.0,1.0,48.0,2025,event
placebo_20250625_1400,ZN.v.0,1.0,48.0,2025,control
placebo_20250723_1400,ZN.v.0,1.0,79.86000000000058,2025,control
fomc_20250730_statement_pseudo120,ZN.v.0,1.0,79.86000000000058,2025,pseudo
fomc_20250730_statement,ZN.v.0,1.0,79.86000000000058,2025,event
placebo_20250806_1400,ZN.v.0,1.0,79.86999999999989,2025,control
placebo_20250910_1400,ZN.v.0,1.0,69.0,2025,control
fomc_20250917_statement_pseudo120,ZN.v.0,1.0,83.58000000000175,2025,pseudo
fomc_20250917_statement,ZN.v.0,1.0,97.88000000000466,2025,event
placebo_20250924_1400,ZN.v.0,1.0,97.88000000000466,2025,control
placebo_20251022_1400,ZN.v.0,1.0,69.0,2025,control
fomc_20251029_statement_pseudo120,ZN.v.0,1.0,103.0,2025,pseudo
fomc_20251029_statement,ZN.v.0,1.0,100.0,2025,event
placebo_20251105_1400,ZN.v.0,1.0,100.0,2025,control
placebo_20251203_1400,ZN.v.0,1.0,100.0,2025,control
fomc_20251210_statement_pseudo120,ZN.v.0,1.0,98.74000000000524,2025,pseudo
fomc_20251210_statement,ZN.v.0,1.0,81.0,2025,event
placebo_20251217_1400,ZN.v.0,1.0,81.0,2025,control
placebo_20260121_1400,ZN.v.0,1.0,90.72000000000116,2026,control
fomc_20260128_statement_pseudo120,ZN.v.0,1.0,150.1600000000035,2026,pseudo
fomc_20260128_statement,ZN.v.0,1.0,150.1600000000035,2026,event
placebo_20260204_1400,ZN.v.0,1.0,150.1600000000035,2026,control
fomc_20260318_statement_pseudo120,ZN.v.0,1.0,124.88000000000466,2026,pseudo
fomc_20260318_statement,ZN.v.0,1.0,117.0,2026,event
placebo_20260325_1400,ZN.v.0,1.0,124.95999999999913,2026,control
placebo_20260422_1400,ZN.v.0,1.0,117.0,2026,control
fomc_20260429_statement_pseudo120,ZN.v.0,1.0,141.32000000000698,2026,pseudo
fomc_20260429_statement,ZN.v.0,1.0,126.0,2026,event
placebo_20260506_1400,ZN.v.0,1.0,141.4399999999987,2026,control
fomc_20260617_statement_pseudo120,ZN.v.0,1.0,126.0,2026,pseudo
fomc_20260617_statement,ZN.v.0,1.0,232.1600000000035,2026,event
placebo_20260624_1400,ZN.v.0,1.0,199.48999999999705,2026,control
placebo_20260722_1400,ZN.v.0,1.0,142.60999999999967,2026,control
fomc_20260729_statement_pseudo120,ZN.v.0,1.0,126.0,2026,pseudo
fomc_20260729_statement,ZN.v.0,1.0,126.0,2026,event
placebo_20260805_1400,ZN.v.0,1.0,142.60999999999967,2026,control
placebo_20260909_1400,ZN.v.0,1.0,221.0,2026,control
fomc_20260916_statement_pseudo120,ZN.v.0,1.0,275.58000000000175,2026,pseudo
fomc_20260916_statement,ZN.v.0,1.0,221.0,2026,event
placebo_20260923_1400,ZN.v.0,1.0,138.95999999999913,2026,control
macro_20150403_0830_pseudo120,ZN.v.0,1.0,100.0,2015,pseudo
macro_20150403_0830,ZN.v.0,1.0,100.0,2015,event
macro_20150414_0830_pseudo120,ZN.v.0,1.0,100.0,2015,pseudo
macro_20150414_0830,ZN.v.0,1.0,59.79999999999927,2015,event
macro_20150417_0830_pseudo120,ZN.v.0,1.0,58.0,2015,pseudo
macro_20150417_0830,ZN.v.0,1.0,50.0,2015,event
macro_placebo_20150424_0830,ZN.v.0,1.0,50.0,2015,control
macro_20150508_0830_pseudo120,ZN.v.0,1.0,192.0,2015,pseudo
macro_20150508_0830,ZN.v.0,1.0,212.0,2015,event
macro_20150514_0830_pseudo120,ZN.v.0,1.0,212.0,2015,pseudo
macro_20150514_0830,ZN.v.0,1.0,218.6999999999989,2015,event
macro_20150522_0830_pseudo120,ZN.v.0,1.0,218.6999999999989,2015,pseudo
macro_20150522_0830,ZN.v.0,1.0,218.6999999999989,2015,event
macro_placebo_20150529_0830,ZN.v.0,1.0,218.6999999999989,2015,control
macro_20150605_0830_pseudo120,ZN.v.0,1.0,218.6999999999989,2015,pseudo
macro_20150605_0830,ZN.v.0,1.0,212.89000000000033,2015,event
macro_20150612_0830_pseudo120,ZN.v.0,1.0,218.6999999999989,2015,pseudo
macro_20150612_0830,ZN.v.0,1.0,212.89000000000033,2015,event
macro_20150618_0830_pseudo120,ZN.v.0,1.0,212.89999999999964,2015,pseudo
macro_20150618_0830,ZN.v.0,1.0,207.78000000000065,2015,event
macro_20150702_0830_pseudo120,ZN.v.0,1.0,212.89999999999964,2015,pseudo
macro_20150702_0830,ZN.v.0,1.0,212.89999999999964,2015,event
macro_20150715_0830_pseudo120,ZN.v.0,1.0,212.89999999999964,2015,pseudo
macro_20150715_0830,ZN.v.0,1.0,212.89999999999964,2015,event
macro_20150717_0830_pseudo120,ZN.v.0,1.0,212.89999999999964,2015,pseudo
macro_20150717_0830,ZN.v.0,1.0,200.0,2015,event
macro_placebo_20150724_0830,ZN.v.0,1.0,200.0,2015,control
macro_20150807_0830_pseudo120,ZN.v.0,1.0,41.0,2015,pseudo
macro_20150807_0830,ZN.v.0,1.0,35.0,2015,event
macro_20150814_0830_pseudo120,ZN.v.0,1.0,35.0,2015,pseudo
macro_20150814_0830,ZN.v.0,1.0,35.0,2015,event
macro_20150819_0830_pseudo120,ZN.v.0,1.0,35.0,2015,pseudo
macro_20150819_0830,ZN.v.0,1.0,35.0,2015,event
macro_placebo_20150826_0830,ZN.v.0,1.0,39.79999999999927,2015,control
macro_20150904_0830_pseudo120,ZN.v.0,1.0,117.0,2015,pseudo
macro_20150904_0830,ZN.v.0,1.0,114.79999999999927,2015,event
macro_20150911_0830_pseudo120,ZN.v.0,1.0,114.79999999999927,2015,pseudo
macro_20150911_0830,ZN.v.0,1.0,128.59999999999854,2015,event
macro_20150916_0830_pseudo120,ZN.v.0,1.0,128.59999999999854,2015,pseudo
macro_20150916_0830,ZN.v.0,1.0,128.59999999999854,2015,event
macro_placebo_20150923_0830,ZN.v.0,1.0,128.59999999999854,2015,control
macro_20151002_0830_pseudo120,ZN.v.0,1.0,128.59999999999854,2015,pseudo
macro_20151002_0830,ZN.v.0,1.0,114.78000000000065,2015,event
macro_20151014_0830_pseudo120,ZN.v.0,1.0,128.59999999999854,2015,pseudo
macro_20151014_0830,ZN.v.0,1.0,128.5600000000013,2015,event
macro_20151015_0830_pseudo120,ZN.v.0,1.0,128.59999999999854,2015,pseudo
macro_20151015_0830,ZN.v.0,1.0,114.78000000000065,2015,event
macro_20151106_0830_pseudo120,ZN.v.0,1.0,114.79999999999927,2015,pseudo
macro_20151106_0830,ZN.v.0,1.0,114.79999999999927,2015,event
macro_20151113_0830_pseudo120,ZN.v.0,1.0,114.79999999999927,2015,pseudo
macro_20151113_0830,ZN.v.0,1.0,128.59999999999854,2015,event
macro_20151117_0830_pseudo120,ZN.v.0,1.0,128.59999999999854,2015,pseudo
macro_20151117_0830,ZN.v.0,1.0,128.59999999999854,2015,event
macro_placebo_20151124_0830,ZN.v.0,1.0,128.59999999999854,2015,control
macro_20151204_0830_pseudo120,ZN.v.0,1.0,94.39999999999782,2015,pseudo
macro_20151204_0830,ZN.v.0,1.0,89.0,2015,event
macro_20151211_0830_pseudo120,ZN.v.0,1.0,89.0,2015,pseudo
macro_20151211_0830,ZN.v.0,1.0,86.0,2015,event
macro_20151215_0830_pseudo120,ZN.v.0,1.0,86.0,2015,pseudo
macro_20151215_0830,ZN.v.0,1.0,76.89999999999964,2015,event
macro_placebo_20151222_0830,ZN.v.0,1.0,76.89999999999964,2015,control
macro_20160108_0830_pseudo120,ZN.v.0,1.0,51.0,2016,pseudo
macro_20160108_0830,ZN.v.0,1.0,75.19999999999709,2016,event
macro_20160115_0830_pseudo120,ZN.v.0,1.0,75.19999999999709,2016,pseudo
macro_20160115_0830,ZN.v.0,1.0,76.89999999999964,2016,event
macro_20160120_0830_pseudo120,ZN.v.0,1.0,76.89999999999964,2016,pseudo
macro_20160120_0830,ZN.v.0,1.0,69.79999999999927,2016,event
macro_placebo_20160127_0830,ZN.v.0,1.0,69.79999999999927,2016,control
macro_20160205_0830_pseudo120,ZN.v.0,1.0,58.0,2016,pseudo
macro_20160205_0830,ZN.v.0,1.0,58.0,2016,event
macro_20160217_0830_pseudo120,ZN.v.0,1.0,53.69999999999891,2016,pseudo
macro_20160217_0830,ZN.v.0,1.0,53.67000000000098,2016,event
macro_20160219_0830_pseudo120,ZN.v.0,1.0,58.0,2016,pseudo
macro_20160219_0830,ZN.v.0,1.0,53.67000000000098,2016,event
macro_placebo_20160226_0830,ZN.v.0,1.0,48.0,2016,control
macro_20160304_0830_pseudo120,ZN.v.0,1.0,95.0,2016,pseudo
macro_20160304_0830,ZN.v.0,1.0,95.0,2016,event
macro_20160315_0830_pseudo120,ZN.v.0,1.0,100.0,2016,pseudo
macro_20160315_0830,ZN.v.0,1.0,100.0,2016,event
macro_20160316_0830_pseudo120,ZN.v.0,1.0,107.89999999999964,2016,pseudo
macro_20160316_0830,ZN.v.0,1.0,100.0,2016,event
macro_placebo_20160323_0830,ZN.v.0,1.0,100.0,2016,control
macro_20160401_0830_pseudo120,ZN.v.0,1.0,95.0,2016,pseudo
macro_20160401_0830,ZN.v.0,1.0,100.0,2016,event
macro_20160413_0830_pseudo120,ZN.v.0,1.0,99.79999999999927,2016,pseudo
macro_20160413_0830,ZN.v.0,1.0,94.78000000000065,2016,event
macro_20160414_0830_pseudo120,ZN.v.0,1.0,99.79999999999927,2016,pseudo
macro_20160414_0830,ZN.v.0,1.0,99.78000000000065,2016,event
macro_20160506_0830_pseudo120,ZN.v.0,1.0,100.0,2016,pseudo
macro_20160506_0830,ZN.v.0,1.0,109.0,2016,event
macro_20160513_0830_pseudo120,ZN.v.0,1.0,109.0,2016,pseudo
macro_20160513_0830,ZN.v.0,1.0,120.0,2016,event
macro_20160517_0830_pseudo120,ZN.v.0,1.0,120.0,2016,pseudo
macro_20160517_0830,ZN.v.0,1.0,127.49999999999818,2016,event
macro_placebo_20160524_0830,ZN.v.0,1.0,127.49999999999818,2016,control
macro_20160603_0830_pseudo120,ZN.v.0,1.0,75.0,2016,pseudo
macro_20160603_0830,ZN.v.0,1.0,82.0,2016,event
macro_20160615_0830_pseudo120,ZN.v.0,1.0,82.0,2016,pseudo
macro_20160615_0830,ZN.v.0,1.0,75.0,2016,event
macro_20160616_0830_pseudo120,ZN.v.0,1.0,75.0,2016,pseudo
macro_20160616_0830,ZN.v.0,1.0,75.0,2016,event
macro_20160708_0830_pseudo120,ZN.v.0,1.0,75.0,2016,pseudo
macro_20160708_0830,ZN.v.0,1.0,82.0,2016,event
macro_20160714_0830_pseudo120,ZN.v.0,1.0,75.0,2016,pseudo
macro_20160714_0830,ZN.v.0,1.0,66.0,2016,event
macro_20160715_0830_pseudo120,ZN.v.0,1.0,66.0,2016,pseudo
macro_20160715_0830,ZN.v.0,1.0,82.0,2016,event
macro_placebo_20160722_0830,ZN.v.0,1.0,82.0,2016,control
macro_20160805_0830_pseudo120,ZN.v.0,1.0,87.0,2016,pseudo
macro_20160805_0830,ZN.v.0,1.0,82.0,2016,event
macro_20160812_0830_pseudo120,ZN.v.0,1.0,82.0,2016,pseudo
macro_20160812_0830,ZN.v.0,1.0,66.0,2016,event
macro_20160816_0830_pseudo120,ZN.v.0,1.0,66.0,2016,pseudo
macro_20160816_0830,ZN.v.0,1.0,56.79999999999927,2016,event
macro_placebo_20160823_0830,ZN.v.0,1.0,56.79999999999927,2016,control
macro_20160902_0830_pseudo120,ZN.v.0,1.0,66.0,2016,pseudo
macro_20160902_0830,ZN.v.0,1.0,64.79999999999927,2016,event
macro_20160915_0830_pseudo120,ZN.v.0,1.0,82.0,2016,pseudo
macro_20160915_0830,ZN.v.0,1.0,82.0,2016,event
macro_20160916_0830_pseudo120,ZN.v.0,1.0,82.0,2016,pseudo
macro_20160916_0830,ZN.v.0,1.0,87.0,2016,event
macro_placebo_20160923_0830,ZN.v.0,1.0,87.0,2016,control
macro_20161007_0830_pseudo120,ZN.v.0,1.0,87.0,2016,pseudo
macro_20161007_0830,ZN.v.0,1.0,100.0,2016,event
macro_20161014_0830_pseudo120,ZN.v.0,1.0,108.0,2016,pseudo
macro_20161014_0830,ZN.v.0,1.0,100.0,2016,event
macro_20161018_0830_pseudo120,ZN.v.0,1.0,100.0,2016,pseudo
macro_20161018_0830,ZN.v.0,1.0,99.78000000000065,2016,event
macro_placebo_20161025_0830,ZN.v.0,1.0,87.0,2016,control
macro_20161104_0830_pseudo120,ZN.v.0,1.0,76.89999999999964,2016,pseudo
macro_20161104_0830,ZN.v.0,1.0,82.0,2016,event
macro_20161116_0830_pseudo120,ZN.v.0,1.0,87.0,2016,pseudo
macro_20161116_0830,ZN.v.0,1.0,82.0,2016,event
macro_20161117_0830_pseudo120,ZN.v.0,1.0,95.79999999999927,2016,pseudo
macro_20161117_0830,ZN.v.0,1.0,95.78000000000065,2016,event
macro_20161202_0830_pseudo120,ZN.v.0,1.0,93.29999999999745,2016,pseudo
macro_20161202_0830,ZN.v.0,1.0,82.0,2016,event
macro_20161214_0830_pseudo120,ZN.v.0,1.0,67.0,2016,pseudo
macro_20161214_0830,ZN.v.0,1.0,49.0,2016,event
macro_20161215_0830_pseudo120,ZN.v.0,1.0,49.0,2016,pseudo
macro_20161215_0830,ZN.v.0,1.0,50.0,2016,event
macro_20170106_0830_pseudo120,ZN.v.0,1.0,50.0,2017,pseudo
macro_20170106_0830,ZN.v.0,1.0,67.89999999999964,2017,event
macro_20170113_0830_pseudo120,ZN.v.0,1.0,48.0,2017,pseudo
macro_20170113_0830,ZN.v.0,1.0,48.0,2017,event
macro_20170118_0830_pseudo120,ZN.v.0,1.0,49.909999999999854,2017,pseudo
macro_20170118_0830,ZN.v.0,1.0,46.49999999999818,2017,event
macro_placebo_20170125_0830,ZN.v.0,1.0,49.909999999999854,2017,control
macro_20170203_0830_pseudo120,ZN.v.0,1.0,48.0,2017,pseudo
macro_20170203_0830,ZN.v.0,1.0,60.0,2017,event
macro_20170214_0830_pseudo120,ZN.v.0,1.0,54.0,2017,pseudo
macro_20170214_0830,ZN.v.0,1.0,54.0,2017,event
macro_20170215_0830_pseudo120,ZN.v.0,1.0,60.0,2017,pseudo
macro_20170215_0830,ZN.v.0,1.0,54.0,2017,event
macro_placebo_20170222_0830,ZN.v.0,1.0,54.0,2017,control
macro_20170310_0830_pseudo120,ZN.v.0,1.0,57.69999999999891,2017,pseudo
macro_20170310_0830,ZN.v.0,1.0,64.0,2017,event
macro_20170314_0830_pseudo120,ZN.v.0,1.0,64.0,2017,pseudo
macro_20170314_0830,ZN.v.0,1.0,64.0,2017,event
macro_20170315_0830_pseudo120,ZN.v.0,1.0,65.0,2017,pseudo
macro_20170315_0830,ZN.v.0,1.0,60.0,2017,event
macro_placebo_20170322_0830,ZN.v.0,1.0,60.0,2017,control
macro_20170407_0830_pseudo120,ZN.v.0,1.0,59.79999999999927,2017,pseudo
macro_20170407_0830,ZN.v.0,1.0,59.780000000000655,2017,event
macro_20170413_0830_pseudo120,ZN.v.0,1.0,59.79999999999927,2017,pseudo
macro_20170413_0830,ZN.v.0,1.0,54.0,2017,event
macro_placebo_20170421_0830,ZN.v.0,1.0,59.79999999999927,2017,control
macro_20170505_0830_pseudo120,ZN.v.0,1.0,52.0,2017,pseudo
macro_20170505_0830,ZN.v.0,1.0,52.0,2017,event
macro_20170511_0830_pseudo120,ZN.v.0,1.0,44.0,2017,pseudo
macro_20170511_0830,ZN.v.0,1.0,40.0,2017,event
macro_20170512_0830_pseudo120,ZN.v.0,1.0,40.0,2017,pseudo
macro_20170512_0830,ZN.v.0,1.0,31.0,2017,event
macro_placebo_20170519_0830,ZN.v.0,1.0,31.0,2017,control
macro_20170602_0830_pseudo120,ZN.v.0,1.0,60.0,2017,pseudo
macro_20170602_0830,ZN.v.0,1.0,86.0,2017,event
macro_20170613_0830_pseudo120,ZN.v.0,1.0,86.0,2017,pseudo
macro_20170613_0830,ZN.v.0,1.0,81.12000000000262,2017,event
macro_20170614_0830_pseudo120,ZN.v.0,1.0,86.0,2017,pseudo
macro_20170614_0830,ZN.v.0,1.0,86.0,2017,event
macro_placebo_20170621_0830,ZN.v.0,1.0,86.0,2017,control
macro_20170707_0830_pseudo120,ZN.v.0,1.0,82.89000000000033,2017,pseudo
macro_20170707_0830,ZN.v.0,1.0,69.0,2017,event
macro_20170713_0830_pseudo120,ZN.v.0,1.0,69.0,2017,pseudo
macro_20170713_0830,ZN.v.0,1.0,69.0,2017,event
macro_20170714_0830_pseudo120,ZN.v.0,1.0,83.0,2017,pseudo
macro_20170714_0830,ZN.v.0,1.0,83.0,2017,event
macro_placebo_20170721_0830,ZN.v.0,1.0,92.79999999999927,2017,control
macro_20170804_0830_pseudo120,ZN.v.0,1.0,92.79999999999927,2017,pseudo
macro_20170804_0830,ZN.v.0,1.0,92.78000000000065,2017,event
macro_20170810_0830_pseudo120,ZN.v.0,1.0,109.69999999999891,2017,pseudo
macro_20170810_0830,ZN.v.0,1.0,105.0,2017,event
macro_20170811_0830_pseudo120,ZN.v.0,1.0,109.69999999999891,2017,pseudo
macro_20170811_0830,ZN.v.0,1.0,122.23000000000229,2017,event
macro_placebo_20170818_0830,ZN.v.0,1.0,105.0,2017,control
macro_20170901_0830_pseudo120,ZN.v.0,1.0,50.0,2017,pseudo
macro_20170901_0830,ZN.v.0,1.0,87.34000000000196,2017,event
macro_20170913_0830_pseudo120,ZN.v.0,1.0,100.0,2017,pseudo
macro_20170913_0830,ZN.v.0,1.0,168.46000000000458,2017,event
macro_20170914_0830_pseudo120,ZN.v.0,1.0,180.0,2017,pseudo
macro_20170914_0830,ZN.v.0,1.0,181.89000000000033,2017,event
macro_20171006_0830_pseudo120,ZN.v.0,1.0,192.99999999999636,2017,pseudo
macro_20171006_0830,ZN.v.0,1.0,200.0,2017,event
macro_20171012_0830_pseudo120,ZN.v.0,1.0,200.0,2017,pseudo
macro_20171012_0830,ZN.v.0,1.0,200.0,2017,event
macro_20171013_0830_pseudo120,ZN.v.0,1.0,200.0,2017,pseudo
macro_20171013_0830,ZN.v.0,1.0,201.79999999999927,2017,event
macro_placebo_20171020_0830,ZN.v.0,1.0,201.79999999999927,2017,control
macro_20171103_0830_pseudo120,ZN.v.0,1.0,201.79999999999927,2017,pseudo
macro_20171103_0830,ZN.v.0,1.0,201.79999999999927,2017,event
macro_placebo_20171108_0830,ZN.v.0,1.0,201.79999999999927,2017,control
macro_20171114_0830_pseudo120,ZN.v.0,1.0,201.79999999999927,2017,pseudo
macro_20171114_0830,ZN.v.0,1.0,199.78000000000065,2017,event
macro_20171115_0830_pseudo120,ZN.v.0,1.0,199.79999999999927,2017,pseudo
macro_20171115_0830,ZN.v.0,1.0,180.0,2017,event
macro_20171208_0830_pseudo120,ZN.v.0,1.0,199.79999999999927,2017,pseudo
macro_20171208_0830,ZN.v.0,1.0,205.6999999999989,2017,event
macro_20171212_0830_pseudo120,ZN.v.0,1.0,205.6999999999989,2017,pseudo
macro_20171212_0830,ZN.v.0,1.0,127.0,2017,event
macro_20171213_0830_pseudo120,ZN.v.0,1.0,125.0,2017,pseudo
macro_20171213_0830,ZN.v.0,1.0,84.99999999999636,2017,event
macro_placebo_20171220_0830,ZN.v.0,1.0,84.99999999999636,2017,control
macro_20180105_0830_pseudo120,ZN.v.0,1.0,50.0,2018,pseudo
macro_20180105_0830,ZN.v.0,1.0,89.89000000000033,2018,event
macro_20180111_0830_pseudo120,ZN.v.0,1.0,87.79999999999927,2018,pseudo
macro_20180111_0830,ZN.v.0,1.0,87.78000000000065,2018,event
macro_20180112_0830_pseudo120,ZN.v.0,1.0,87.79999999999927,2018,pseudo
macro_20180112_0830,ZN.v.0,1.0,87.78000000000065,2018,event
macro_placebo_20180119_0830,ZN.v.0,1.0,89.89999999999964,2018,control
macro_20180202_0830_pseudo120,ZN.v.0,1.0,89.89999999999964,2018,pseudo
macro_20180202_0830,ZN.v.0,1.0,100.0,2018,event
macro_20180214_0830_pseudo120,ZN.v.0,1.0,101.0,2018,pseudo
macro_20180214_0830,ZN.v.0,1.0,121.0,2018,event
macro_20180215_0830_pseudo120,ZN.v.0,1.0,123.0,2018,pseudo
macro_20180215_0830,ZN.v.0,1.0,149.29999999999745,2018,event
macro_placebo_20180221_0830,ZN.v.0,1.0,149.29999999999745,2018,control
macro_20180309_0830_pseudo120,ZN.v.0,1.0,111.0,2018,pseudo
macro_20180309_0830,ZN.v.0,1.0,111.0,2018,event
macro_20180313_0830_pseudo120,ZN.v.0,1.0,111.0,2018,pseudo
macro_20180313_0830,ZN.v.0,1.0,123.0,2018,event
macro_20180314_0830_pseudo120,ZN.v.0,1.0,143.0,2018,pseudo
macro_20180314_0830,ZN.v.0,1.0,143.0,2018,event
macro_placebo_20180320_0830,ZN.v.0,1.0,150.0,2018,control
macro_20180406_0830_pseudo120,ZN.v.0,1.0,110.79999999999927,2018,pseudo
macro_20180406_0830,ZN.v.0,1.0,110.78000000000065,2018,event
macro_20180410_0830_pseudo120,ZN.v.0,1.0,110.79999999999927,2018,pseudo
macro_20180410_0830,ZN.v.0,1.0,102.67000000000098,2018,event
macro_20180411_0830_pseudo120,ZN.v.0,1.0,102.69999999999891,2018,pseudo
macro_20180411_0830,ZN.v.0,1.0,100.0,2018,event
macro_placebo_20180418_0830,ZN.v.0,1.0,100.0,2018,control
macro_20180504_0830_pseudo120,ZN.v.0,1.0,100.0,2018,pseudo
macro_20180504_0830,ZN.v.0,1.0,100.0,2018,event
macro_20180509_0830_pseudo120,ZN.v.0,1.0,89.0,2018,pseudo
macro_20180509_0830,ZN.v.0,1.0,50.0,2018,event
macro_20180510_0830_pseudo120,ZN.v.0,1.0,50.0,2018,pseudo
macro_20180510_0830,ZN.v.0,1.0,30.780000000000655,2018,event
macro_20180601_0830_pseudo120,ZN.v.0,1.0,39.099999999996726,2018,pseudo
macro_20180601_0830,ZN.v.0,1.0,20.0,2018,event
macro_20180612_0830_pseudo120,ZN.v.0,1.0,20.0,2018,pseudo
macro_20180612_0830,ZN.v.0,1.0,10.0,2018,event
macro_20180613_0830_pseudo120,ZN.v.0,1.0,10.0,2018,pseudo
macro_20180613_0830,ZN.v.0,1.0,10.0,2018,event
macro_placebo_20180619_0830,ZN.v.0,1.0,10.0,2018,control
macro_20180706_0830_pseudo120,ZN.v.0,1.0,18.0,2018,pseudo
macro_20180706_0830,ZN.v.0,1.0,25.0,2018,event
macro_20180711_0830_pseudo120,ZN.v.0,1.0,25.0,2018,pseudo
macro_20180711_0830,ZN.v.0,1.0,23.0,2018,event
macro_20180712_0830_pseudo120,ZN.v.0,1.0,25.0,2018,pseudo
macro_20180712_0830,ZN.v.0,1.0,30.899999999999636,2018,event
macro_20180803_0830_pseudo120,ZN.v.0,1.0,30.899999999999636,2018,pseudo
macro_20180803_0830,ZN.v.0,1.0,44.0,2018,event
macro_20180809_0830_pseudo120,ZN.v.0,1.0,50.0,2018,pseudo
macro_20180809_0830,ZN.v.0,1.0,47.0,2018,event
macro_20180810_0830_pseudo120,ZN.v.0,1.0,50.0,2018,pseudo
macro_20180810_0830,ZN.v.0,1.0,44.0,2018,event
macro_placebo_20180817_0830,ZN.v.0,1.0,50.0,2018,control
macro_20180907_0830_pseudo120,ZN.v.0,1.0,51.79999999999927,2018,pseudo
macro_20180907_0830,ZN.v.0,1.0,63.69999999999891,2018,event
macro_20180912_0830_pseudo120,ZN.v.0,1.0,63.69999999999891,2018,pseudo
macro_20180912_0830,ZN.v.0,1.0,51.79999999999927,2018,event
macro_20180913_0830_pseudo120,ZN.v.0,1.0,51.79999999999927,2018,pseudo
macro_20180913_0830,ZN.v.0,1.0,51.79999999999927,2018,event
macro_20181005_0830_pseudo120,ZN.v.0,1.0,51.79999999999927,2018,pseudo
macro_20181005_0830,ZN.v.0,1.0,100.0,2018,event
macro_20181010_0830_pseudo120,ZN.v.0,1.0,49.72999999999956,2018,pseudo
macro_20181010_0830,ZN.v.0,1.0,49.69999999999891,2018,event
macro_20181011_0830_pseudo120,ZN.v.0,1.0,50.0,2018,pseudo
macro_20181011_0830,ZN.v.0,1.0,62.0,2018,event
macro_20181102_0830_pseudo120,ZN.v.0,1.0,83.0,2018,pseudo
macro_20181102_0830,ZN.v.0,1.0,69.0,2018,event
macro_placebo_20181107_0830,ZN.v.0,1.0,62.0,2018,control
macro_20181109_0830_pseudo120,ZN.v.0,1.0,50.0,2018,pseudo
macro_20181109_0830,ZN.v.0,1.0,62.0,2018,event
macro_20181114_0830_pseudo120,ZN.v.0,1.0,62.0,2018,pseudo
macro_20181114_0830,ZN.v.0,1.0,62.0,2018,event
macro_20181207_0830_pseudo120,ZN.v.0,1.0,60.099999999996726,2018,pseudo
macro_20181207_0830,ZN.v.0,1.0,46.599999999998545,2018,event
macro_20181211_0830_pseudo120,ZN.v.0,1.0,46.63999999999942,2018,pseudo
macro_20181211_0830,ZN.v.0,1.0,28.599999999998545,2018,event
macro_20181212_0830_pseudo120,ZN.v.0,1.0,45.0199999999968,2018,pseudo
macro_20181212_0830,ZN.v.0,1.0,72.0,2018,event
macro_placebo_20181219_0830,ZN.v.0,1.0,83.0,2018,control
macro_20190104_0830_pseudo120,ZN.v.0,1.0,72.0,2019,pseudo
macro_20190104_0830,ZN.v.0,1.0,69.0,2019,event
macro_20190111_0830_pseudo120,ZN.v.0,1.0,69.0,2019,pseudo
macro_20190111_0830,ZN.v.0,1.0,62.0,2019,event
macro_20190115_0830_pseudo120,ZN.v.0,1.0,69.0,2019,pseudo
macro_20190115_0830,ZN.v.0,1.0,40.0,2019,event
macro_placebo_20190118_0830,ZN.v.0,1.0,30.0,2019,control
macro_20190201_0830_pseudo120,ZN.v.0,1.0,40.0,2019,pseudo
macro_20190201_0830,ZN.v.0,1.0,45.0,2019,event
macro_20190213_0830_pseudo120,ZN.v.0,1.0,72.0,2019,pseudo
macro_20190213_0830,ZN.v.0,1.0,52.0,2019,event
macro_20190214_0830_pseudo120,ZN.v.0,1.0,91.89999999999964,2019,pseudo
macro_20190214_0830,ZN.v.0,1.0,100.0,2019,event
macro_placebo_20190220_0830,ZN.v.0,1.0,100.0,2019,control
macro_20190308_0830_pseudo120,ZN.v.0,1.0,100.0,2019,pseudo
macro_20190308_0830,ZN.v.0,1.0,100.0,2019,event
macro_20190312_0830_pseudo120,ZN.v.0,1.0,100.0,2019,pseudo
macro_20190312_0830,ZN.v.0,1.0,100.0,2019,event
macro_20190313_0830_pseudo120,ZN.v.0,1.0,75.0,2019,pseudo
macro_20190313_0830,ZN.v.0,1.0,64.0,2019,event
macro_placebo_20190319_0830,ZN.v.0,1.0,75.0,2019,control
macro_20190405_0830_pseudo120,ZN.v.0,1.0,75.0,2019,pseudo
macro_20190405_0830,ZN.v.0,1.0,77.0,2019,event
macro_20190410_0830_pseudo120,ZN.v.0,1.0,91.89999999999964,2019,pseudo
macro_20190410_0830,ZN.v.0,1.0,100.0,2019,event
macro_20190411_0830_pseudo120,ZN.v.0,1.0,100.0,2019,pseudo
macro_20190411_0830,ZN.v.0,1.0,100.0,2019,event
macro_placebo_20190417_0830,ZN.v.0,1.0,100.0,2019,control
macro_20190503_0830_pseudo120,ZN.v.0,1.0,91.0,2019,pseudo
macro_20190503_0830,ZN.v.0,1.0,107.45000000000164,2019,event
macro_20190509_0830_pseudo120,ZN.v.0,1.0,107.49999999999818,2019,pseudo
macro_20190509_0830,ZN.v.0,1.0,101.78000000000065,2019,event
macro_20190510_0830_pseudo120,ZN.v.0,1.0,116.49999999999454,2019,pseudo
macro_20190510_0830,ZN.v.0,1.0,116.35000000000491,2019,event
macro_placebo_20190517_0830,ZN.v.0,1.0,134.89999999999964,2019,control
macro_20190607_0830_pseudo120,ZN.v.0,1.0,159.0,2019,pseudo
macro_20190607_0830,ZN.v.0,1.0,159.0,2019,event
macro_20190611_0830_pseudo120,ZN.v.0,1.0,160.0,2019,pseudo
macro_20190611_0830,ZN.v.0,1.0,159.0,2019,event
macro_20190612_0830_pseudo120,ZN.v.0,1.0,160.0,2019,pseudo
macro_20190612_0830,ZN.v.0,1.0,159.0,2019,event
macro_placebo_20190619_0830,ZN.v.0,1.0,159.0,2019,control
macro_20190705_0830_pseudo120,ZN.v.0,1.0,158.39999999999782,2019,pseudo
macro_20190705_0830,ZN.v.0,1.0,158.34000000000196,2019,event
macro_20190711_0830_pseudo120,ZN.v.0,1.0,152.0,2019,pseudo
macro_20190711_0830,ZN.v.0,1.0,152.0,2019,event
macro_20190712_0830_pseudo120,ZN.v.0,1.0,152.0,2019,pseudo
macro_20190712_0830,ZN.v.0,1.0,152.0,2019,event
macro_20190802_0830_pseudo120,ZN.v.0,1.0,158.39999999999782,2019,pseudo
macro_20190802_0830,ZN.v.0,1.0,152.0,2019,event
macro_20190809_0830_pseudo120,ZN.v.0,1.0,152.0,2019,pseudo
macro_20190809_0830,ZN.v.0,1.0,140.39999999999054,2019,event
macro_20190813_0830_pseudo120,ZN.v.0,1.0,140.39999999999054,2019,pseudo
macro_20190813_0830,ZN.v.0,1.0,106.49999999999818,2019,event
macro_placebo_20190820_0830,ZN.v.0,1.0,105.59999999999854,2019,control
macro_20190906_0830_pseudo120,ZN.v.0,1.0,89.79999999999927,2019,pseudo
macro_20190906_0830,ZN.v.0,1.0,100.0,2019,event
macro_20190911_0830_pseudo120,ZN.v.0,1.0,100.0,2019,pseudo
macro_20190911_0830,ZN.v.0,1.0,100.0,2019,event
macro_20190912_0830_pseudo120,ZN.v.0,1.0,100.0,2019,pseudo
macro_20190912_0830,ZN.v.0,1.0,102.0,2019,event
macro_20191004_0830_pseudo120,ZN.v.0,1.0,102.0,2019,pseudo
macro_20191004_0830,ZN.v.0,1.0,105.79999999999927,2019,event
macro_20191008_0830_pseudo120,ZN.v.0,1.0,105.81999999999971,2019,pseudo
macro_20191008_0830,ZN.v.0,1.0,102.0,2019,event
macro_20191010_0830_pseudo120,ZN.v.0,1.0,102.0,2019,pseudo
macro_20191010_0830,ZN.v.0,1.0,101.0,2019,event
macro_20191101_0830_pseudo120,ZN.v.0,1.0,101.0,2019,pseudo
macro_20191101_0830,ZN.v.0,1.0,100.0,2019,event
macro_20191113_0830_pseudo120,ZN.v.0,1.0,98.73999999999796,2019,pseudo
macro_20191113_0830,ZN.v.0,1.0,84.0,2019,event
macro_20191114_0830_pseudo120,ZN.v.0,1.0,98.55999999999767,2019,pseudo
macro_20191114_0830,ZN.v.0,1.0,63.0,2019,event
macro_placebo_20191120_0830,ZN.v.0,1.0,98.55999999999767,2019,control
macro_20191206_0830_pseudo120,ZN.v.0,1.0,51.79999999999927,2019,pseudo
macro_20191206_0830,ZN.v.0,1.0,50.0,2019,event
macro_20191211_0830_pseudo120,ZN.v.0,1.0,44.63999999999942,2019,pseudo
macro_20191211_0830,ZN.v.0,1.0,40.0,2019,event
macro_20191212_0830_pseudo120,ZN.v.0,1.0,40.0,2019,pseudo
macro_20191212_0830,ZN.v.0,1.0,38.49999999999818,2019,event
macro_placebo_20191218_0830,ZN.v.0,1.0,31.0,2019,control
macro_20200110_0830_pseudo120,ZN.v.0,1.0,45.0,2020,pseudo
macro_20200110_0830,ZN.v.0,1.0,25.899999999999636,2020,event
macro_20200114_0830_pseudo120,ZN.v.0,1.0,25.899999999999636,2020,pseudo
macro_20200114_0830,ZN.v.0,1.0,25.899999999999636,2020,event
macro_20200115_0830_pseudo120,ZN.v.0,1.0,25.899999999999636,2020,pseudo
macro_20200115_0830,ZN.v.0,1.0,23.0,2020,event
macro_placebo_20200121_0830,ZN.v.0,1.0,21.599999999998545,2020,control
macro_20200207_0830_pseudo120,ZN.v.0,1.0,21.599999999998545,2020,pseudo
macro_20200207_0830,ZN.v.0,1.0,24.780000000000655,2020,event
macro_20200213_0830_pseudo120,ZN.v.0,1.0,25.0,2020,pseudo
macro_20200213_0830,ZN.v.0,1.0,24.230000000002292,2020,event
macro_20200219_0830_pseudo120,ZN.v.0,1.0,25.0,2020,pseudo
macro_20200219_0830,ZN.v.0,1.0,28.56000000000131,2020,event
macro_20200306_0830_pseudo120,ZN.v.0,1.0,32.0,2020,pseudo
macro_20200306_0830,ZN.v.0,1.0,60.899999999999636,2020,event
macro_20200311_0830_pseudo120,ZN.v.0,1.0,60.0,2020,pseudo
macro_20200311_0830,ZN.v.0,1.0,60.0,2020,event
macro_20200312_0830_pseudo120,ZN.v.0,1.0,60.0,2020,pseudo
macro_20200312_0830,ZN.v.0,1.0,81.0,2020,event
macro_placebo_20200318_0830,ZN.v.0,1.0,81.0,2020,control
macro_20200403_0830_pseudo120,ZN.v.0,1.0,93.89999999999964,2020,pseudo
macro_20200403_0830,ZN.v.0,1.0,73.89999999999964,2020,event
macro_20200409_0830_pseudo120,ZN.v.0,1.0,73.89999999999964,2020,pseudo
macro_20200409_0830,ZN.v.0,1.0,73.89999999999964,2020,event
macro_placebo_20200417_0830,ZN.v.0,1.0,73.89999999999964,2020,control
macro_20200508_0830_pseudo120,ZN.v.0,1.0,93.89999999999964,2020,pseudo
macro_20200508_0830,ZN.v.0,1.0,93.89000000000033,2020,event
macro_20200512_0830_pseudo120,ZN.v.0,1.0,93.89999999999964,2020,pseudo
macro_20200512_0830,ZN.v.0,1.0,93.0,2020,event
macro_20200513_0830_pseudo120,ZN.v.0,1.0,93.0,2020,pseudo
macro_20200513_0830,ZN.v.0,1.0,94.0,2020,event
macro_placebo_20200519_0830,ZN.v.0,1.0,95.0,2020,control
macro_20200605_0830_pseudo120,ZN.v.0,1.0,94.0,2020,pseudo
macro_20200605_0830,ZN.v.0,1.0,93.0,2020,event
macro_20200610_0830_pseudo120,ZN.v.0,1.0,56.0,2020,pseudo
macro_20200610_0830,ZN.v.0,1.0,48.0,2020,event
macro_20200611_0830_pseudo120,ZN.v.0,1.0,56.0,2020,pseudo
macro_20200611_0830,ZN.v.0,1.0,48.0,2020,event
macro_placebo_20200617_0830,ZN.v.0,1.0,33.599999999998545,2020,control
macro_20200702_0830_pseudo120,ZN.v.0,1.0,48.0,2020,pseudo
macro_20200702_0830,ZN.v.0,1.0,25.890000000000327,2020,event
macro_20200710_0830_pseudo120,ZN.v.0,1.0,25.899999999999636,2020,pseudo
macro_20200710_0830,ZN.v.0,1.0,25.0,2020,event
macro_20200714_0830_pseudo120,ZN.v.0,1.0,25.899999999999636,2020,pseudo
macro_20200714_0830,ZN.v.0,1.0,24.890000000000327,2020,event
macro_placebo_20200721_0830,ZN.v.0,1.0,21.0,2020,control
macro_20200807_0830_pseudo120,ZN.v.0,1.0,20.599999999998545,2020,pseudo
macro_20200807_0830,ZN.v.0,1.0,20.450000000001637,2020,event
macro_20200811_0830_pseudo120,ZN.v.0,1.0,16.0,2020,pseudo
macro_20200811_0830,ZN.v.0,1.0,16.0,2020,event
macro_20200812_0830_pseudo120,ZN.v.0,1.0,16.0,2020,pseudo
macro_20200812_0830,ZN.v.0,1.0,16.0,2020,event
macro_placebo_20200819_0830,ZN.v.0,1.0,16.0,2020,control
macro_20200904_0830_pseudo120,ZN.v.0,1.0,16.0,2020,pseudo
macro_20200904_0830,ZN.v.0,1.0,14.0,2020,event
macro_20200910_0830_pseudo120,ZN.v.0,1.0,15.0,2020,pseudo
macro_20200910_0830,ZN.v.0,1.0,14.0,2020,event
macro_20200911_0830_pseudo120,ZN.v.0,1.0,16.0,2020,pseudo
macro_20200911_0830,ZN.v.0,1.0,15.0,2020,event
macro_placebo_20200918_0830,ZN.v.0,1.0,8.0,2020,control
macro_20201002_0830_pseudo120,ZN.v.0,1.0,8.0,2020,pseudo
macro_20201002_0830,ZN.v.0,1.0,8.0,2020,event
macro_20201013_0830_pseudo120,ZN.v.0,1.0,8.0,2020,pseudo
macro_20201013_0830,ZN.v.0,1.0,15.0,2020,event
macro_20201014_0830_pseudo120,ZN.v.0,1.0,17.799999999999272,2020,pseudo
macro_20201014_0830,ZN.v.0,1.0,17.780000000000655,2020,event
macro_placebo_20201020_0830,ZN.v.0,1.0,20.899999999999636,2020,control
macro_20201106_0830_pseudo120,ZN.v.0,1.0,21.899999999999636,2020,pseudo
macro_20201106_0830,ZN.v.0,1.0,20.0,2020,event
macro_20201112_0830_pseudo120,ZN.v.0,1.0,20.0,2020,pseudo
macro_20201112_0830,ZN.v.0,1.0,26.0,2020,event
macro_20201113_0830_pseudo120,ZN.v.0,1.0,28.0,2020,pseudo
macro_20201113_0830,ZN.v.0,1.0,47.0,2020,event
macro_20201204_0830_pseudo120,ZN.v.0,1.0,50.0,2020,pseudo
macro_20201204_0830,ZN.v.0,1.0,65.29999999999745,2020,event
macro_20201210_0830_pseudo120,ZN.v.0,1.0,65.29999999999745,2020,pseudo
macro_20201210_0830,ZN.v.0,1.0,65.29999999999745,2020,event
macro_20201211_0830_pseudo120,ZN.v.0,1.0,65.29999999999745,2020,pseudo
macro_20201211_0830,ZN.v.0,1.0,65.29999999999745,2020,event
macro_20210108_0830_pseudo120,ZN.v.0,1.0,65.29999999999745,2021,pseudo
macro_20210108_0830,ZN.v.0,1.0,65.29999999999745,2021,event
macro_20210113_0830_pseudo120,ZN.v.0,1.0,89.0,2021,pseudo
macro_20210113_0830,ZN.v.0,1.0,100.0,2021,event
macro_20210115_0830_pseudo120,ZN.v.0,1.0,100.0,2021,pseudo
macro_20210115_0830,ZN.v.0,1.0,79.0,2021,event
macro_placebo_20210120_0830,ZN.v.0,1.0,100.0,2021,control
macro_placebo_20210203_0830,ZN.v.0,1.0,77.69999999999527,2021,control
macro_20210205_0830_pseudo120,ZN.v.0,1.0,100.0,2021,pseudo
macro_20210205_0830,ZN.v.0,1.0,152.0,2021,event
macro_20210210_0830_pseudo120,ZN.v.0,1.0,152.0,2021,pseudo
macro_20210210_0830,ZN.v.0,1.0,115.0,2021,event
macro_20210217_0830_pseudo120,ZN.v.0,1.0,115.0,2021,pseudo
macro_20210217_0830,ZN.v.0,1.0,118.0,2021,event
macro_20210305_0830_pseudo120,ZN.v.0,1.0,118.0,2021,pseudo
macro_20210305_0830,ZN.v.0,1.0,118.0,2021,event
macro_20210310_0830_pseudo120,ZN.v.0,1.0,118.0,2021,pseudo
macro_20210310_0830,ZN.v.0,1.0,118.0,2021,event
macro_20210312_0830_pseudo120,ZN.v.0,1.0,118.0,2021,pseudo
macro_20210312_0830,ZN.v.0,1.0,150.0,2021,event
macro_placebo_20210317_0830,ZN.v.0,1.0,150.0,2021,control
macro_20210402_0830_pseudo120,ZN.v.0,1.0,152.0,2021,pseudo
macro_20210402_0830,ZN.v.0,1.0,150.0,2021,event
macro_20210409_0830_pseudo120,ZN.v.0,1.0,100.0,2021,pseudo
macro_20210409_0830,ZN.v.0,1.0,100.0,2021,event
macro_20210413_0830_pseudo120,ZN.v.0,1.0,114.69999999999527,2021,pseudo
macro_20210413_0830,ZN.v.0,1.0,100.0,2021,event
macro_placebo_20210420_0830,ZN.v.0,1.0,114.69999999999527,2021,control
macro_20210507_0830_pseudo120,ZN.v.0,1.0,89.0,2021,pseudo
macro_20210507_0830,ZN.v.0,1.0,86.59999999999854,2021,event
macro_20210512_0830_pseudo120,ZN.v.0,1.0,86.59999999999854,2021,pseudo
macro_20210512_0830,ZN.v.0,1.0,86.59999999999854,2021,event
macro_20210513_0830_pseudo120,ZN.v.0,1.0,86.59999999999854,2021,pseudo
macro_20210513_0830,ZN.v.0,1.0,81.89999999999964,2021,event
macro_placebo_20210519_0830,ZN.v.0,1.0,64.0,2021,control
macro_20210604_0830_pseudo120,ZN.v.0,1.0,60.899999999999636,2021,pseudo
macro_20210604_0830,ZN.v.0,1.0,51.0,2021,event
macro_20210610_0830_pseudo120,ZN.v.0,1.0,51.0,2021,pseudo
macro_20210610_0830,ZN.v.0,1.0,81.89000000000033,2021,event
macro_20210615_0830_pseudo120,ZN.v.0,1.0,81.89999999999964,2021,pseudo
macro_20210615_0830,ZN.v.0,1.0,60.0,2021,event
macro_20210702_0830_pseudo120,ZN.v.0,1.0,60.0,2021,pseudo
macro_20210702_0830,ZN.v.0,1.0,52.0,2021,event
macro_20210713_0830_pseudo120,ZN.v.0,1.0,52.0,2021,pseudo
macro_20210713_0830,ZN.v.0,1.0,87.0,2021,event
macro_20210714_0830_pseudo120,ZN.v.0,1.0,83.69999999999891,2021,pseudo
macro_20210714_0830,ZN.v.0,1.0,83.69999999999891,2021,event
macro_placebo_20210720_0830,ZN.v.0,1.0,83.69999999999891,2021,control
macro_20210806_0830_pseudo120,ZN.v.0,1.0,83.69999999999891,2021,pseudo
macro_20210806_0830,ZN.v.0,1.0,98.39999999999418,2021,event
macro_20210811_0830_pseudo120,ZN.v.0,1.0,98.39999999999418,2021,pseudo
macro_20210811_0830,ZN.v.0,1.0,99.49999999999818,2021,event
macro_20210812_0830_pseudo120,ZN.v.0,1.0,99.49999999999818,2021,pseudo
macro_20210812_0830,ZN.v.0,1.0,73.59999999999854,2021,event
macro_placebo_20210818_0830,ZN.v.0,1.0,73.59999999999854,2021,control
macro_20210903_0830_pseudo120,ZN.v.0,1.0,99.49999999999818,2021,pseudo
macro_20210903_0830,ZN.v.0,1.0,99.49999999999818,2021,event
macro_20210910_0830_pseudo120,ZN.v.0,1.0,99.49999999999818,2021,pseudo
macro_20210910_0830,ZN.v.0,1.0,62.39999999999782,2021,event
macro_20210914_0830_pseudo120,ZN.v.0,1.0,62.39999999999782,2021,pseudo
macro_20210914_0830,ZN.v.0,1.0,91.09999999999309,2021,event
macro_placebo_20210921_0830,ZN.v.0,1.0,91.09999999999309,2021,control
macro_20211008_0830_pseudo120,ZN.v.0,1.0,91.09999999999309,2021,pseudo
macro_20211008_0830,ZN.v.0,1.0,94.78000000000065,2021,event
macro_20211013_0830_pseudo120,ZN.v.0,1.0,69.49999999999818,2021,pseudo
macro_20211013_0830,ZN.v.0,1.0,63.0,2021,event
macro_20211014_0830_pseudo120,ZN.v.0,1.0,69.49999999999818,2021,pseudo
macro_20211014_0830,ZN.v.0,1.0,63.0,2021,event
macro_placebo_20211020_0830,ZN.v.0,1.0,69.49999999999818,2021,control
macro_20211105_0830_pseudo120,ZN.v.0,1.0,50.0,2021,pseudo
macro_20211105_0830,ZN.v.0,1.0,60.0,2021,event
macro_20211109_0830_pseudo120,ZN.v.0,1.0,50.899999999999636,2021,pseudo
macro_20211109_0830,ZN.v.0,1.0,60.0,2021,event
macro_20211110_0830_pseudo120,ZN.v.0,1.0,66.0,2021,pseudo
macro_20211110_0830,ZN.v.0,1.0,65.0,2021,event
macro_placebo_20211117_0830,ZN.v.0,1.0,60.0,2021,control
macro_20211203_0830_pseudo120,ZN.v.0,1.0,60.0,2021,pseudo
macro_20211203_0830,ZN.v.0,1.0,50.780000000000655,2021,event
macro_20211210_0830_pseudo120,ZN.v.0,1.0,60.0,2021,pseudo
macro_20211210_0830,ZN.v.0,1.0,50.89000000000033,2021,event
macro_20211214_0830_pseudo120,ZN.v.0,1.0,50.0,2021,pseudo
macro_20211214_0830,ZN.v.0,1.0,50.0,2021,event
macro_placebo_20211217_0830,ZN.v.0,1.0,50.0,2021,control
macro_20220107_0830_pseudo120,ZN.v.0,1.0,50.0,2022,pseudo
macro_20220107_0830,ZN.v.0,1.0,50.0,2022,event
macro_20220112_0830_pseudo120,ZN.v.0,1.0,50.0,2022,pseudo
macro_20220112_0830,ZN.v.0,1.0,50.0,2022,event
macro_20220113_0830_pseudo120,ZN.v.0,1.0,51.0,2022,pseudo
macro_20220113_0830,ZN.v.0,1.0,58.0,2022,event
macro_placebo_20220119_0830,ZN.v.0,1.0,58.0,2022,control
macro_20220204_0830_pseudo120,ZN.v.0,1.0,50.0,2022,pseudo
macro_20220204_0830,ZN.v.0,1.0,50.0,2022,event
macro_20220210_0830_pseudo120,ZN.v.0,1.0,50.0,2022,pseudo
macro_20220210_0830,ZN.v.0,1.0,50.0,2022,event
macro_20220215_0830_pseudo120,ZN.v.0,1.0,50.0,2022,pseudo
macro_20220215_0830,ZN.v.0,1.0,50.0,2022,event
macro_20220304_0830_pseudo120,ZN.v.0,1.0,50.0,2022,pseudo
macro_20220304_0830,ZN.v.0,1.0,75.0,2022,event
macro_20220310_0830_pseudo120,ZN.v.0,1.0,75.0,2022,pseudo
macro_20220310_0830,ZN.v.0,1.0,114.0,2022,event
macro_20220315_0830_pseudo120,ZN.v.0,1.0,114.0,2022,pseudo
macro_20220315_0830,ZN.v.0,1.0,75.0,2022,event
macro_20220401_0830_pseudo120,ZN.v.0,1.0,75.0,2022,pseudo
macro_20220401_0830,ZN.v.0,1.0,75.0,2022,event
macro_20220412_0830_pseudo120,ZN.v.0,1.0,112.64999999999782,2022,pseudo
macro_20220412_0830,ZN.v.0,1.0,75.0,2022,event
macro_20220413_0830_pseudo120,ZN.v.0,1.0,75.0,2022,pseudo
macro_20220413_0830,ZN.v.0,1.0,138.0,2022,event
macro_placebo_20220419_0830,ZN.v.0,1.0,138.0,2022,control
macro_20220506_0830_pseudo120,ZN.v.0,1.0,138.0,2022,pseudo
macro_20220506_0830,ZN.v.0,1.0,138.0,2022,event
macro_20220511_0830_pseudo120,ZN.v.0,1.0,146.0,2022,pseudo
macro_20220511_0830,ZN.v.0,1.0,146.0,2022,event
macro_20220512_0830_pseudo120,ZN.v.0,1.0,138.0,2022,pseudo
macro_20220512_0830,ZN.v.0,1.0,138.0,2022,event
macro_placebo_20220518_0830,ZN.v.0,1.0,146.0,2022,control
macro_20220603_0830_pseudo120,ZN.v.0,1.0,210.49999999999818,2022,pseudo
macro_20220603_0830,ZN.v.0,1.0,151.0,2022,event
macro_20220610_0830_pseudo120,ZN.v.0,1.0,151.0,2022,pseudo
macro_20220610_0830,ZN.v.0,1.0,128.99999999999636,2022,event
macro_20220614_0830_pseudo120,ZN.v.0,1.0,128.99999999999636,2022,pseudo
macro_20220614_0830,ZN.v.0,1.0,128.99999999999636,2022,event
macro_placebo_20220617_0830,ZN.v.0,1.0,128.99999999999636,2022,control
macro_20220708_0830_pseudo120,ZN.v.0,1.0,148.89999999999236,2022,pseudo
macro_20220708_0830,ZN.v.0,1.0,128.0,2022,event
macro_20220713_0830_pseudo120,ZN.v.0,1.0,151.0,2022,pseudo
macro_20220713_0830,ZN.v.0,1.0,128.0,2022,event
macro_20220714_0830_pseudo120,ZN.v.0,1.0,115.39999999999782,2022,pseudo
macro_20220714_0830,ZN.v.0,1.0,109.89000000000033,2022,event
macro_placebo_20220720_0830,ZN.v.0,1.0,109.89999999999964,2022,control
macro_20220805_0830_pseudo120,ZN.v.0,1.0,128.0,2022,pseudo
macro_20220805_0830,ZN.v.0,1.0,120.0,2022,event
macro_20220810_0830_pseudo120,ZN.v.0,1.0,120.0,2022,pseudo
macro_20220810_0830,ZN.v.0,1.0,118.0,2022,event
macro_20220811_0830_pseudo120,ZN.v.0,1.0,118.0,2022,pseudo
macro_20220811_0830,ZN.v.0,1.0,109.0,2022,event
macro_placebo_20220817_0830,ZN.v.0,1.0,97.0,2022,control
macro_20220902_0830_pseudo120,ZN.v.0,1.0,127.39999999999782,2022,pseudo
macro_20220902_0830,ZN.v.0,1.0,127.34000000000196,2022,event
macro_20220913_0830_pseudo120,ZN.v.0,1.0,145.0,2022,pseudo
macro_20220913_0830,ZN.v.0,1.0,151.0,2022,event
macro_20220914_0830_pseudo120,ZN.v.0,1.0,157.0,2022,pseudo
macro_20220914_0830,ZN.v.0,1.0,151.0,2022,event
macro_placebo_20220920_0830,ZN.v.0,1.0,150.39999999999782,2022,control
macro_20221007_0830_pseudo120,ZN.v.0,1.0,199.39999999999782,2022,pseudo
macro_20221007_0830,ZN.v.0,1.0,185.78000000000065,2022,event
macro_20221012_0830_pseudo120,ZN.v.0,1.0,199.39999999999782,2022,pseudo
macro_20221012_0830,ZN.v.0,1.0,199.34000000000196,2022,event
macro_20221013_0830_pseudo120,ZN.v.0,1.0,202.6999999999989,2022,pseudo
macro_20221013_0830,ZN.v.0,1.0,202.67000000000098,2022,event
macro_20221104_0830_pseudo120,ZN.v.0,1.0,199.39999999999782,2022,pseudo
macro_20221104_0830,ZN.v.0,1.0,202.6999999999989,2022,event
macro_20221110_0830_pseudo120,ZN.v.0,1.0,202.6999999999989,2022,pseudo
macro_20221110_0830,ZN.v.0,1.0,202.6999999999989,2022,event
macro_20221115_0830_pseudo120,ZN.v.0,1.0,202.6999999999989,2022,pseudo
macro_20221115_0830,ZN.v.0,1.0,202.6999999999989,2022,event
macro_20221202_0830_pseudo120,ZN.v.0,1.0,202.6999999999989,2022,pseudo
macro_20221202_0830,ZN.v.0,1.0,140.0,2022,event
macro_20221209_0830_pseudo120,ZN.v.0,1.0,140.0,2022,pseudo
macro_20221209_0830,ZN.v.0,1.0,140.0,2022,event
macro_20221213_0830_pseudo120,ZN.v.0,1.0,128.27999999999884,2022,pseudo
macro_20221213_0830,ZN.v.0,1.0,163.0,2022,event
macro_placebo_20221220_0830,ZN.v.0,1.0,178.73999999999796,2022,control
macro_20230106_0830_pseudo120,ZN.v.0,1.0,170.49999999999818,2023,pseudo
macro_20230106_0830,ZN.v.0,1.0,140.0,2023,event
macro_20230112_0830_pseudo120,ZN.v.0,1.0,140.0,2023,pseudo
macro_20230112_0830,ZN.v.0,1.0,160.69999999999527,2023,event
macro_20230118_0830_pseudo120,ZN.v.0,1.0,160.8299999999981,2023,pseudo
macro_20230118_0830,ZN.v.0,1.0,145.0,2023,event
macro_20230203_0830_pseudo120,ZN.v.0,1.0,145.0,2023,pseudo
macro_20230203_0830,ZN.v.0,1.0,133.0,2023,event
macro_20230214_0830_pseudo120,ZN.v.0,1.0,133.0,2023,pseudo
macro_20230214_0830,ZN.v.0,1.0,149.0,2023,event
macro_20230216_0830_pseudo120,ZN.v.0,1.0,162.0,2023,pseudo
macro_20230216_0830,ZN.v.0,1.0,144.39999999999782,2023,event
macro_placebo_20230221_0830,ZN.v.0,1.0,162.0,2023,control
macro_20230310_0830_pseudo120,ZN.v.0,1.0,167.79999999999927,2023,pseudo
macro_20230310_0830,ZN.v.0,1.0,167.79999999999927,2023,event
macro_20230314_0830_pseudo120,ZN.v.0,1.0,167.79999999999927,2023,pseudo
macro_20230314_0830,ZN.v.0,1.0,167.79999999999927,2023,event
macro_20230315_0830_pseudo120,ZN.v.0,1.0,167.79999999999927,2023,pseudo
macro_20230315_0830,ZN.v.0,1.0,126.89999999999964,2023,event
macro_placebo_20230321_0830,ZN.v.0,1.0,126.89999999999964,2023,control
macro_20230407_0830_pseudo120,ZN.v.0,1.0,126.89999999999964,2023,pseudo
macro_20230407_0830,ZN.v.0,1.0,126.89999999999964,2023,event
macro_20230412_0830_pseudo120,ZN.v.0,1.0,126.89999999999964,2023,pseudo
macro_20230412_0830,ZN.v.0,1.0,119.0,2023,event
macro_20230413_0830_pseudo120,ZN.v.0,1.0,119.0,2023,pseudo
macro_20230413_0830,ZN.v.0,1.0,119.0,2023,event
macro_placebo_20230419_0830,ZN.v.0,1.0,119.0,2023,control
macro_20230505_0830_pseudo120,ZN.v.0,1.0,114.19999999999709,2023,pseudo
macro_20230505_0830,ZN.v.0,1.0,114.12000000000262,2023,event
macro_20230510_0830_pseudo120,ZN.v.0,1.0,96.79999999999927,2023,pseudo
macro_20230510_0830,ZN.v.0,1.0,107.0,2023,event
macro_20230511_0830_pseudo120,ZN.v.0,1.0,117.69999999999891,2023,pseudo
macro_20230511_0830,ZN.v.0,1.0,120.0,2023,event
macro_placebo_20230517_0830,ZN.v.0,1.0,96.0,2023,control
macro_20230602_0830_pseudo120,ZN.v.0,1.0,100.0,2023,pseudo
macro_20230602_0830,ZN.v.0,1.0,100.0,2023,event
macro_20230613_0830_pseudo120,ZN.v.0,1.0,100.0,2023,pseudo
macro_20230613_0830,ZN.v.0,1.0,100.0,2023,event
macro_20230614_0830_pseudo120,ZN.v.0,1.0,100.0,2023,pseudo
macro_20230614_0830,ZN.v.0,1.0,96.0,2023,event
macro_placebo_20230620_0830,ZN.v.0,1.0,96.0,2023,control
macro_20230707_0830_pseudo120,ZN.v.0,1.0,131.0,2023,pseudo
macro_20230707_0830,ZN.v.0,1.0,131.0,2023,event
macro_20230712_0830_pseudo120,ZN.v.0,1.0,152.0,2023,pseudo
macro_20230712_0830,ZN.v.0,1.0,131.0,2023,event
macro_20230713_0830_pseudo120,ZN.v.0,1.0,152.0,2023,pseudo
macro_20230713_0830,ZN.v.0,1.0,152.0,2023,event
macro_placebo_20230719_0830,ZN.v.0,1.0,160.0,2023,control
macro_20230804_0830_pseudo120,ZN.v.0,1.0,243.0,2023,pseudo
macro_20230804_0830,ZN.v.0,1.0,243.0,2023,event
macro_20230810_0830_pseudo120,ZN.v.0,1.0,242.6999999999989,2023,pseudo
macro_20230810_0830,ZN.v.0,1.0,243.89000000000033,2023,event
macro_20230811_0830_pseudo120,ZN.v.0,1.0,267.0,2023,pseudo
macro_20230811_0830,ZN.v.0,1.0,243.89000000000033,2023,event
macro_20230901_0830_pseudo120,ZN.v.0,1.0,267.0,2023,pseudo
macro_20230901_0830,ZN.v.0,1.0,274.0,2023,event
macro_20230913_0830_pseudo120,ZN.v.0,1.0,274.0,2023,pseudo
macro_20230913_0830,ZN.v.0,1.0,293.89999999999964,2023,event
macro_20230914_0830_pseudo120,ZN.v.0,1.0,293.89999999999964,2023,pseudo
macro_20230914_0830,ZN.v.0,1.0,293.89999999999964,2023,event
macro_placebo_20230920_0830,ZN.v.0,1.0,293.89999999999964,2023,control
macro_20231006_0830_pseudo120,ZN.v.0,1.0,218.0,2023,pseudo
macro_20231006_0830,ZN.v.0,1.0,201.0,2023,event
macro_20231011_0830_pseudo120,ZN.v.0,1.0,198.89999999999964,2023,pseudo
macro_20231011_0830,ZN.v.0,1.0,201.0,2023,event
macro_20231012_0830_pseudo120,ZN.v.0,1.0,201.0,2023,pseudo
macro_20231012_0830,ZN.v.0,1.0,201.0,2023,event
macro_20231103_0830_pseudo120,ZN.v.0,1.0,201.0,2023,pseudo
macro_20231103_0830,ZN.v.0,1.0,175.79999999999927,2023,event
macro_20231114_0830_pseudo120,ZN.v.0,1.0,175.8199999999997,2023,pseudo
macro_20231114_0830,ZN.v.0,1.0,152.0,2023,event
macro_20231115_0830_pseudo120,ZN.v.0,1.0,132.0,2023,pseudo
macro_20231115_0830,ZN.v.0,1.0,142.89999999999964,2023,event
macro_placebo_20231121_0830,ZN.v.0,1.0,132.0,2023,control
macro_20231208_0830_pseudo120,ZN.v.0,1.0,185.0,2023,pseudo
macro_20231208_0830,ZN.v.0,1.0,158.0,2023,event
macro_20231212_0830_pseudo120,ZN.v.0,1.0,158.0,2023,pseudo
macro_20231212_0830,ZN.v.0,1.0,199.59999999999854,2023,event
macro_20231213_0830_pseudo120,ZN.v.0,1.0,199.59999999999854,2023,pseudo
macro_20231213_0830,ZN.v.0,1.0,202.0,2023,event
macro_placebo_20231219_0830,ZN.v.0,1.0,202.0,2023,control
macro_20240105_0830_pseudo120,ZN.v.0,1.0,352.0,2024,pseudo
macro_20240105_0830,ZN.v.0,1.0,354.0,2024,event
macro_placebo_20240110_0830,ZN.v.0,1.0,354.0,2024,control
macro_20240111_0830_pseudo120,ZN.v.0,1.0,352.0,2024,pseudo
macro_20240111_0830,ZN.v.0,1.0,341.0,2024,event
macro_20240112_0830_pseudo120,ZN.v.0,1.0,352.0,2024,pseudo
macro_20240112_0830,ZN.v.0,1.0,352.0,2024,event
macro_20240117_0830_pseudo120,ZN.v.0,1.0,354.0,2024,pseudo
macro_20240117_0830,ZN.v.0,1.0,354.0,2024,event
macro_20240202_0830_pseudo120,ZN.v.0,1.0,356.0,2024,pseudo
macro_20240202_0830,ZN.v.0,1.0,354.0,2024,event
macro_20240213_0830_pseudo120,ZN.v.0,1.0,354.89999999999964,2024,pseudo
macro_20240213_0830,ZN.v.0,1.0,352.0,2024,event
macro_placebo_20240214_0830,ZN.v.0,1.0,319.89999999999964,2024,control
macro_20240215_0830_pseudo120,ZN.v.0,1.0,319.89999999999964,2024,pseudo
macro_20240215_0830,ZN.v.0,1.0,300.0,2024,event
macro_20240216_0830_pseudo120,ZN.v.0,1.0,271.69999999999527,2024,pseudo
macro_20240216_0830,ZN.v.0,1.0,259.2300000000023,2024,event
macro_20240308_0830_pseudo120,ZN.v.0,1.0,259.29999999999745,2024,pseudo
macro_20240308_0830,ZN.v.0,1.0,252.0,2024,event
macro_20240312_0830_pseudo120,ZN.v.0,1.0,120.0,2024,pseudo
macro_20240312_0830,ZN.v.0,1.0,118.0,2024,event
macro_placebo_20240313_0830,ZN.v.0,1.0,118.0,2024,control
macro_20240314_0830_pseudo120,ZN.v.0,1.0,122.0,2024,pseudo
macro_20240314_0830,ZN.v.0,1.0,137.0,2024,event
macro_20240405_0830_pseudo120,ZN.v.0,1.0,137.0,2024,pseudo
macro_20240405_0830,ZN.v.0,1.0,124.0,2024,event
macro_20240410_0830_pseudo120,ZN.v.0,1.0,124.0,2024,pseudo
macro_20240410_0830,ZN.v.0,1.0,94.79999999999927,2024,event
macro_20240411_0830_pseudo120,ZN.v.0,1.0,94.79999999999927,2024,pseudo
macro_20240411_0830,ZN.v.0,1.0,126.0,2024,event
macro_20240415_0830_pseudo120,ZN.v.0,1.0,126.0,2024,pseudo
macro_20240415_0830,ZN.v.0,1.0,126.0,2024,event
macro_placebo_20240417_0830,ZN.v.0,1.0,126.0,2024,control
macro_20240503_0830_pseudo120,ZN.v.0,1.0,126.0,2024,pseudo
macro_20240503_0830,ZN.v.0,1.0,160.0,2024,event
macro_placebo_20240508_0830,ZN.v.0,1.0,160.0,2024,control
macro_20240514_0830_pseudo120,ZN.v.0,1.0,179.0,2024,pseudo
macro_20240514_0830,ZN.v.0,1.0,179.0,2024,event
macro_20240515_0830_pseudo120,ZN.v.0,1.0,160.0,2024,pseudo
macro_20240515_0830,ZN.v.0,1.0,218.92000000000917,2024,event
macro_20240607_0830_pseudo120,ZN.v.0,1.0,227.49999999999818,2024,pseudo
macro_20240607_0830,ZN.v.0,1.0,227.45000000000164,2024,event
macro_placebo_20240611_0830,ZN.v.0,1.0,222.89999999999964,2024,control
macro_20240612_0830_pseudo120,ZN.v.0,1.0,240.0,2024,pseudo
macro_20240612_0830,ZN.v.0,1.0,248.90000000000327,2024,event
macro_20240613_0830_pseudo120,ZN.v.0,1.0,240.0,2024,pseudo
macro_20240613_0830,ZN.v.0,1.0,240.0,2024,event
macro_20240618_0830_pseudo120,ZN.v.0,1.0,253.0,2024,pseudo
macro_20240618_0830,ZN.v.0,1.0,264.0,2024,event
macro_20240705_0830_pseudo120,ZN.v.0,1.0,248.99999999999636,2024,pseudo
macro_20240705_0830,ZN.v.0,1.0,253.0,2024,event
macro_placebo_20240710_0830,ZN.v.0,1.0,264.0,2024,control
macro_20240711_0830_pseudo120,ZN.v.0,1.0,264.0,2024,pseudo
macro_20240711_0830,ZN.v.0,1.0,264.0,2024,event
macro_20240712_0830_pseudo120,ZN.v.0,1.0,264.0,2024,pseudo
macro_20240712_0830,ZN.v.0,1.0,264.0,2024,event
macro_20240716_0830_pseudo120,ZN.v.0,1.0,264.0,2024,pseudo
macro_20240716_0830,ZN.v.0,1.0,248.99999999999636,2024,event
macro_20240802_0830_pseudo120,ZN.v.0,1.0,248.99999999999636,2024,pseudo
macro_20240802_0830,ZN.v.0,1.0,187.29999999999745,2024,event
macro_placebo_20240807_0830,ZN.v.0,1.0,187.29999999999745,2024,control
macro_20240813_0830_pseudo120,ZN.v.0,1.0,121.0,2024,pseudo
macro_20240813_0830,ZN.v.0,1.0,121.0,2024,event
macro_20240814_0830_pseudo120,ZN.v.0,1.0,121.0,2024,pseudo
macro_20240814_0830,ZN.v.0,1.0,102.0,2024,event
macro_20240815_0830_pseudo120,ZN.v.0,1.0,102.0,2024,pseudo
macro_20240815_0830,ZN.v.0,1.0,102.0,2024,event
macro_20240906_0830_pseudo120,ZN.v.0,1.0,102.0,2024,pseudo
macro_20240906_0830,ZN.v.0,1.0,95.89999999999964,2024,event
macro_20240911_0830_pseudo120,ZN.v.0,1.0,95.89999999999964,2024,pseudo
macro_20240911_0830,ZN.v.0,1.0,95.0,2024,event
macro_20240912_0830_pseudo120,ZN.v.0,1.0,95.0,2024,pseudo
macro_20240912_0830,ZN.v.0,1.0,100.0,2024,event
macro_20240917_0830_pseudo120,ZN.v.0,1.0,105.81999999999971,2024,pseudo
macro_20240917_0830,ZN.v.0,1.0,107.0,2024,event
macro_placebo_20240924_0830,ZN.v.0,1.0,107.0,2024,control
macro_20241004_0830_pseudo120,ZN.v.0,1.0,107.0,2024,pseudo
macro_20241004_0830,ZN.v.0,1.0,111.0,2024,event
macro_20241010_0830_pseudo120,ZN.v.0,1.0,111.0,2024,pseudo
macro_20241010_0830,ZN.v.0,1.0,115.89999999999964,2024,event
macro_20241011_0830_pseudo120,ZN.v.0,1.0,115.89999999999964,2024,pseudo
macro_20241011_0830,ZN.v.0,1.0,129.49999999999454,2024,event
macro_20241017_0830_pseudo120,ZN.v.0,1.0,130.36999999999898,2024,pseudo
macro_20241017_0830,ZN.v.0,1.0,116.0,2024,event
macro_placebo_20241023_0830,ZN.v.0,1.0,130.36999999999898,2024,control
macro_20241101_0830_pseudo120,ZN.v.0,1.0,297.1999999999898,2024,pseudo
macro_20241101_0830,ZN.v.0,1.0,300.0,2024,event
macro_20241113_0830_pseudo120,ZN.v.0,1.0,335.3999999999869,2024,pseudo
macro_20241113_0830,ZN.v.0,1.0,348.0,2024,event
macro_20241114_0830_pseudo120,ZN.v.0,1.0,348.0,2024,pseudo
macro_20241114_0830,ZN.v.0,1.0,335.3999999999869,2024,event
macro_20241115_0830_pseudo120,ZN.v.0,1.0,335.3999999999869,2024,pseudo
macro_20241115_0830,ZN.v.0,1.0,300.0,2024,event
macro_placebo_20241120_0830,ZN.v.0,1.0,300.0,2024,control
macro_placebo_20241203_0830,ZN.v.0,1.0,294.4999999999909,2024,control
macro_20241206_0830_pseudo120,ZN.v.0,1.0,267.0,2024,pseudo
macro_20241206_0830,ZN.v.0,1.0,267.0,2024,event
macro_20241211_0830_pseudo120,ZN.v.0,1.0,272.0,2024,pseudo
macro_20241211_0830,ZN.v.0,1.0,272.0,2024,event
macro_20241212_0830_pseudo120,ZN.v.0,1.0,294.9999999999927,2024,pseudo
macro_20241212_0830,ZN.v.0,1.0,294.80000000000655,2024,event
macro_20241217_0830_pseudo120,ZN.v.0,1.0,294.9999999999927,2024,pseudo
macro_20241217_0830,ZN.v.0,1.0,294.80000000000655,2024,event
macro_placebo_20250108_0830,ZN.v.0,1.0,335.3999999999869,2025,control
macro_20250110_0830_pseudo120,ZN.v.0,1.0,399.0,2025,pseudo
macro_20250110_0830,ZN.v.0,1.0,258.0,2025,event
macro_20250114_0830_pseudo120,ZN.v.0,1.0,251.0,2025,pseudo
macro_20250114_0830,ZN.v.0,1.0,242.0,2025,event
macro_20250115_0830_pseudo120,ZN.v.0,1.0,242.0,2025,pseudo
macro_20250115_0830,ZN.v.0,1.0,234.0,2025,event
macro_20250116_0830_pseudo120,ZN.v.0,1.0,213.49999999999454,2025,pseudo
macro_20250116_0830,ZN.v.0,1.0,213.3500000000049,2025,event
macro_20250207_0830_pseudo120,ZN.v.0,1.0,213.49999999999454,2025,pseudo
macro_20250207_0830,ZN.v.0,1.0,199.89000000000033,2025,event
macro_placebo_20250211_0830,ZN.v.0,1.0,213.49999999999454,2025,control
macro_20250212_0830_pseudo120,ZN.v.0,1.0,213.49999999999454,2025,pseudo
macro_20250212_0830,ZN.v.0,1.0,234.0,2025,event
macro_20250213_0830_pseudo120,ZN.v.0,1.0,234.0,2025,pseudo
macro_20250213_0830,ZN.v.0,1.0,200.89999999999964,2025,event
macro_20250214_0830_pseudo120,ZN.v.0,1.0,200.89999999999964,2025,pseudo
macro_20250214_0830,ZN.v.0,1.0,201.0,2025,event
macro_placebo_20250304_0830,ZN.v.0,1.0,201.0,2025,control
macro_20250307_0830_pseudo120,ZN.v.0,1.0,200.0,2025,pseudo
macro_20250307_0830,ZN.v.0,1.0,200.0,2025,event
macro_20250312_0830_pseudo120,ZN.v.0,1.0,165.79999999999927,2025,pseudo
macro_20250312_0830,ZN.v.0,1.0,165.79999999999927,2025,event
macro_20250313_0830_pseudo120,ZN.v.0,1.0,166.0,2025,pseudo
macro_20250313_0830,ZN.v.0,1.0,166.0,2025,event
macro_20250317_0830_pseudo120,ZN.v.0,1.0,166.0,2025,pseudo
macro_20250317_0830,ZN.v.0,1.0,152.0,2025,event
macro_20250404_0830_pseudo120,ZN.v.0,1.0,152.0,2025,pseudo
macro_20250404_0830,ZN.v.0,1.0,142.39999999999418,2025,event
macro_placebo_20250408_0830,ZN.v.0,1.0,142.39999999999418,2025,control
macro_20250410_0830_pseudo120,ZN.v.0,1.0,151.29999999999745,2025,pseudo
macro_20250410_0830,ZN.v.0,1.0,142.24000000000524,2025,event
macro_20250411_0830_pseudo120,ZN.v.0,1.0,151.29999999999745,2025,pseudo
macro_20250411_0830,ZN.v.0,1.0,118.0,2025,event
macro_20250416_0830_pseudo120,ZN.v.0,1.0,100.0,2025,pseudo
macro_20250416_0830,ZN.v.0,1.0,125.0,2025,event
macro_20250502_0830_pseudo120,ZN.v.0,1.0,125.0,2025,pseudo
macro_20250502_0830,ZN.v.0,1.0,103.0,2025,event
macro_placebo_20250505_0830,ZN.v.0,1.0,103.0,2025,control
macro_20250513_0830_pseudo120,ZN.v.0,1.0,103.0,2025,pseudo
macro_20250513_0830,ZN.v.0,1.0,91.0,2025,event
macro_20250515_0830_pseudo120,ZN.v.0,1.0,91.0,2025,pseudo
macro_20250515_0830,ZN.v.0,1.0,114.0,2025,event
macro_20250606_0830_pseudo120,ZN.v.0,1.0,113.89999999999964,2025,pseudo
macro_20250606_0830,ZN.v.0,1.0,113.0,2025,event
macro_placebo_20250610_0830,ZN.v.0,1.0,113.0,2025,control
macro_20250611_0830_pseudo120,ZN.v.0,1.0,126.0,2025,pseudo
macro_20250611_0830,ZN.v.0,1.0,156.5600000000013,2025,event
macro_20250612_0830_pseudo120,ZN.v.0,1.0,169.6999999999989,2025,pseudo
macro_20250612_0830,ZN.v.0,1.0,156.5600000000013,2025,event
macro_20250617_0830_pseudo120,ZN.v.0,1.0,156.59999999999854,2025,pseudo
macro_20250617_0830,ZN.v.0,1.0,190.0,2025,event
macro_20250703_0830_pseudo120,ZN.v.0,1.0,190.0,2025,pseudo
macro_20250703_0830,ZN.v.0,1.0,190.0,2025,event
macro_placebo_20250708_0830,ZN.v.0,1.0,190.0,2025,control
macro_20250715_0830_pseudo120,ZN.v.0,1.0,218.59999999999854,2025,pseudo
macro_20250715_0830,ZN.v.0,1.0,190.0,2025,event
macro_20250716_0830_pseudo120,ZN.v.0,1.0,190.0,2025,pseudo
macro_20250716_0830,ZN.v.0,1.0,168.57000000000426,2025,event
macro_20250717_0830_pseudo120,ZN.v.0,1.0,190.0,2025,pseudo
macro_20250717_0830,ZN.v.0,1.0,200.0,2025,event
macro_20250801_0830_pseudo120,ZN.v.0,1.0,227.0,2025,pseudo
macro_20250801_0830,ZN.v.0,1.0,188.0,2025,event
macro_placebo_20250806_0830,ZN.v.0,1.0,188.0,2025,control
macro_20250812_0830_pseudo120,ZN.v.0,1.0,167.799999999992,2025,pseudo
macro_20250812_0830,ZN.v.0,1.0,110.0,2025,event
macro_20250814_0830_pseudo120,ZN.v.0,1.0,109.09999999999673,2025,pseudo
macro_20250814_0830,ZN.v.0,1.0,100.0,2025,event
macro_20250815_0830_pseudo120,ZN.v.0,1.0,100.0,2025,pseudo
macro_20250815_0830,ZN.v.0,1.0,103.69999999999891,2025,event
macro_20250905_0830_pseudo120,ZN.v.0,1.0,103.69999999999891,2025,pseudo
macro_20250905_0830,ZN.v.0,1.0,97.799999999992,2025,event
macro_20250910_0830_pseudo120,ZN.v.0,1.0,97.799999999992,2025,pseudo
macro_20250910_0830,ZN.v.0,1.0,100.0,2025,event
macro_20250911_0830_pseudo120,ZN.v.0,1.0,100.0,2025,pseudo
macro_20250911_0830,ZN.v.0,1.0,97.799999999992,2025,event
macro_20251024_0830_pseudo120,ZN.v.0,1.0,73.55999999999767,2025,pseudo
macro_20251024_0830,ZN.v.0,1.0,73.19999999999345,2025,event
macro_placebo_20251031_0830,ZN.v.0,1.0,98.0199999999968,2025,control
macro_20251120_0830_pseudo120,ZN.v.0,1.0,119.0,2025,pseudo
macro_20251120_0830,ZN.v.0,1.0,112.29999999999745,2025,event
macro_20251125_0830_pseudo120,ZN.v.0,1.0,104.89999999999964,2025,pseudo
macro_20251125_0830,ZN.v.0,1.0,101.69999999999163,2025,event
macro_20251216_0830_pseudo120,ZN.v.0,1.0,101.69999999999163,2025,pseudo
macro_20251216_0830,ZN.v.0,1.0,126.0,2025,event
macro_20251218_0830_pseudo120,ZN.v.0,1.0,148.0,2025,pseudo
macro_20251218_0830,ZN.v.0,1.0,126.0,2025,event
macro_20260109_0830_pseudo120,ZN.v.0,1.0,126.0,2026,pseudo
macro_20260109_0830,ZN.v.0,1.0,136.79999999999563,2026,event
macro_20260113_0830_pseudo120,ZN.v.0,1.0,125.0,2026,pseudo
macro_20260113_0830,ZN.v.0,1.0,125.89999999999964,2026,event
macro_20260114_0830_pseudo120,ZN.v.0,1.0,137.72999999999956,2026,pseudo
macro_20260114_0830,ZN.v.0,1.0,200.0,2026,event
macro_placebo_20260120_0830,ZN.v.0,1.0,200.0,2026,control
macro_20260130_0830_pseudo120,ZN.v.0,1.0,200.0,2026,pseudo
macro_20260130_0830,ZN.v.0,1.0,200.0,2026,event
macro_20260211_0830_pseudo120,ZN.v.0,1.0,200.0,2026,pseudo
macro_20260211_0830,ZN.v.0,1.0,331.0,2026,event
macro_20260213_0830_pseudo120,ZN.v.0,1.0,331.0,2026,pseudo
macro_20260213_0830,ZN.v.0,1.0,286.0,2026,event
macro_placebo_20260220_0830,ZN.v.0,1.0,316.0,2026,control
macro_20260227_0830_pseudo120,ZN.v.0,1.0,356.89999999999236,2026,pseudo
macro_20260227_0830,ZN.v.0,1.0,356.89999999999236,2026,event
macro_placebo_20260304_0830,ZN.v.0,1.0,356.89999999999236,2026,control
macro_20260306_0830_pseudo120,ZN.v.0,1.0,385.0,2026,pseudo
macro_20260306_0830,ZN.v.0,1.0,356.6900000000069,2026,event
macro_20260311_0830_pseudo120,ZN.v.0,1.0,385.0,2026,pseudo
macro_20260311_0830,ZN.v.0,1.0,356.6900000000069,2026,event
macro_20260318_0830_pseudo120,ZN.v.0,1.0,356.89999999999236,2026,pseudo
macro_20260318_0830,ZN.v.0,1.0,356.6900000000069,2026,event
macro_20260403_0830_pseudo120,ZN.v.0,1.0,356.89999999999236,2026,pseudo
macro_20260403_0830,ZN.v.0,1.0,351.3500000000049,2026,event
macro_20260410_0830_pseudo120,ZN.v.0,1.0,332.7999999999993,2026,pseudo
macro_20260410_0830,ZN.v.0,1.0,321.3500000000049,2026,event
macro_20260414_0830_pseudo120,ZN.v.0,1.0,321.49999999999454,2026,pseudo
macro_20260414_0830,ZN.v.0,1.0,338.0,2026,event
macro_placebo_20260417_0830,ZN.v.0,1.0,338.0,2026,control
macro_20260508_0830_pseudo120,ZN.v.0,1.0,154.0,2026,pseudo
macro_20260508_0830,ZN.v.0,1.0,150.0,2026,event
macro_20260512_0830_pseudo120,ZN.v.0,1.0,141.79999999999927,2026,pseudo
macro_20260512_0830,ZN.v.0,1.0,135.45000000000164,2026,event
macro_20260513_0830_pseudo120,ZN.v.0,1.0,80.89999999999964,2026,pseudo
macro_20260513_0830,ZN.v.0,1.0,60.0,2026,event
macro_placebo_20260519_0830,ZN.v.0,1.0,60.0,2026,control
macro_20260605_0830_pseudo120,ZN.v.0,1.0,89.59999999999854,2026,pseudo
macro_20260605_0830,ZN.v.0,1.0,89.59999999999854,2026,event
macro_20260610_0830_pseudo120,ZN.v.0,1.0,89.59999999999854,2026,pseudo
macro_20260610_0830,ZN.v.0,1.0,99.79999999999927,2026,event
macro_20260611_0830_pseudo120,ZN.v.0,1.0,100.0,2026,pseudo
macro_20260611_0830,ZN.v.0,1.0,85.0,2026,event
macro_placebo_20260617_0830,ZN.v.0,1.0,85.0,2026,control
macro_20260702_0830_pseudo120,ZN.v.0,1.0,154.0,2026,pseudo
macro_20260702_0830,ZN.v.0,1.0,169.0,2026,event
macro_20260714_0830_pseudo120,ZN.v.0,1.0,174.79999999999927,2026,pseudo
macro_20260714_0830,ZN.v.0,1.0,174.78000000000065,2026,event
macro_20260715_0830_pseudo120,ZN.v.0,1.0,169.0,2026,pseudo
macro_20260715_0830,ZN.v.0,1.0,124.78000000000065,2026,event
macro_placebo_20260721_0830,ZN.v.0,1.0,169.0,2026,control
macro_20260807_0830_pseudo120,ZN.v.0,1.0,169.0,2026,pseudo
macro_20260807_0830,ZN.v.0,1.0,169.0,2026,event
macro_20260812_0830_pseudo120,ZN.v.0,1.0,174.79999999999927,2026,pseudo
macro_20260812_0830,ZN.v.0,1.0,200.0,2026,event
macro_20260813_0830_pseudo120,ZN.v.0,1.0,216.19999999999345,2026,pseudo
macro_20260813_0830,ZN.v.0,1.0,200.0,2026,event
macro_placebo_20260819_0830,ZN.v.0,1.0,167.0999999999931,2026,control
macro_20260904_0830_pseudo120,ZN.v.0,1.0,234.0,2026,pseudo
macro_20260904_0830,ZN.v.0,1.0,200.0,2026,event
macro_20260910_0830_pseudo120,ZN.v.0,1.0,200.0,2026,pseudo
macro_20260910_0830,ZN.v.0,1.0,200.0,2026,event
macro_20260911_0830_pseudo120,ZN.v.0,1.0,234.0,2026,pseudo
macro_20260911_0830,ZN.v.0,1.0,251.5600000000013,2026,event
macro_placebo_20260918_0830,ZN.v.0,1.0,154.0,2026,control
